file_name,image_id,video_id,is_NR,n_rip_ann,has_rip
RipVIS-NR-026_00600.jpg,1,RipVIS-NR-026,1,0,0
RipVIS-NR-020_00420.jpg,2,RipVIS-NR-020,1,0,0
RipVIS-026_00158.jpg,3,RipVIS-026,0,2,1
RipVIS-143_00036.jpg,4,RipVIS-143,0,1,1
RipVIS-NR-022_00636.jpg,5,RipVIS-NR-022,1,0,0
RipVIS-102_00276.jpg,6,RipVIS-102,0,2,1
RipVIS-102_00066.jpg,7,RipVIS-102,0,2,1
RipVIS-128_00510.jpg,8,RipVIS-128,0,1,1
RipVIS-NR-022_01788.jpg,9,RipVIS-NR-022,1,0,0
RipVIS-024_00077.jpg,10,RipVIS-024,0,1,1
RipVIS-NR-026_00324.jpg,11,RipVIS-NR-026,1,0,0
RipVIS-NR-022_00498.jpg,12,RipVIS-NR-022,1,0,0
RipVIS-NR-020_01500.jpg,13,RipVIS-NR-020,1,0,0
RipVIS-026_00154.jpg,14,RipVIS-026,0,2,1
RipVIS-NR-022_01632.jpg,15,RipVIS-NR-022,1,0,0
RipVIS-026_00203.jpg,16,RipVIS-026,0,2,1
RipVIS-NR-024_01146.jpg,17,RipVIS-NR-024,1,0,0
RipVIS-121_00450.jpg,18,RipVIS-121,0,1,1
RipVIS-NR-020_02028.jpg,19,RipVIS-NR-020,1,0,0
RipVIS-014_00118.jpg,20,RipVIS-014,0,1,1
RipVIS-079_00162.jpg,21,RipVIS-079,0,2,1
RipVIS-143_00396.jpg,22,RipVIS-143,0,1,1
RipVIS-133_00330.jpg,23,RipVIS-133,0,2,1
RipVIS-NR-026_00624.jpg,24,RipVIS-NR-026,1,0,0
RipVIS-109_00528.jpg,25,RipVIS-109,0,2,1
RipVIS-108_00528.jpg,26,RipVIS-108,0,2,1
RipVIS-079_01662.jpg,27,RipVIS-079,0,2,1
RipVIS-014_00115.jpg,28,RipVIS-014,0,1,1
RipVIS-079_01104.jpg,29,RipVIS-079,0,2,1
RipVIS-102_00462.jpg,30,RipVIS-102,0,2,1
RipVIS-NR-024_00138.jpg,31,RipVIS-NR-024,1,0,0
RipVIS-NR-020_00888.jpg,32,RipVIS-NR-020,1,0,0
RipVIS-128_00330.jpg,33,RipVIS-128,0,1,1
RipVIS-NR-019_00768.jpg,34,RipVIS-NR-019,1,0,0
RipVIS-143_01356.jpg,35,RipVIS-143,0,2,1
RipVIS-NR-026_00216.jpg,36,RipVIS-NR-026,1,0,0
RipVIS-090_00348.jpg,37,RipVIS-090,0,3,1
RipVIS-NR-020_00522.jpg,38,RipVIS-NR-020,1,0,0
RipVIS-001_00082.jpg,39,RipVIS-001,0,1,1
RipVIS-129_01590.jpg,40,RipVIS-129,0,1,1
RipVIS-046_01050.jpg,41,RipVIS-046,0,2,1
RipVIS-109_00444.jpg,42,RipVIS-109,0,2,1
RipVIS-001_00168.jpg,43,RipVIS-001,0,1,1
RipVIS-001_00073.jpg,44,RipVIS-001,0,1,1
RipVIS-NR-020_01410.jpg,45,RipVIS-NR-020,1,0,0
RipVIS-NR-024_01050.jpg,46,RipVIS-NR-024,1,0,0
RipVIS-NR-024_01356.jpg,47,RipVIS-NR-024,1,0,0
RipVIS-108_01086.jpg,48,RipVIS-108,0,2,1
RipVIS-102_00180.jpg,49,RipVIS-102,0,2,1
RipVIS-NR-020_02112.jpg,50,RipVIS-NR-020,1,0,0
RipVIS-NR-020_01044.jpg,51,RipVIS-NR-020,1,0,0
RipVIS-NR-022_01200.jpg,52,RipVIS-NR-022,1,0,0
RipVIS-026_00133.jpg,53,RipVIS-026,0,2,1
RipVIS-108_01860.jpg,54,RipVIS-108,0,2,1
RipVIS-066_00135.jpg,55,RipVIS-066,0,1,1
RipVIS-NR-024_00888.jpg,56,RipVIS-NR-024,1,0,0
RipVIS-026_00061.jpg,57,RipVIS-026,0,2,1
RipVIS-026_00144.jpg,58,RipVIS-026,0,2,1
RipVIS-NR-026_00264.jpg,59,RipVIS-NR-026,1,0,0
RipVIS-NR-004_00414.jpg,60,RipVIS-NR-004,1,0,0
RipVIS-012_00007.jpg,61,RipVIS-012,0,1,1
RipVIS-NR-022_00912.jpg,62,RipVIS-NR-022,1,0,0
RipVIS-026_00030.jpg,63,RipVIS-026,0,2,1
RipVIS-059_00084.jpg,64,RipVIS-059,0,1,1
RipVIS-NR-004_00348.jpg,65,RipVIS-NR-004,1,0,0
RipVIS-NR-020_01638.jpg,66,RipVIS-NR-020,1,0,0
RipVIS-NR-024_00984.jpg,67,RipVIS-NR-024,1,0,0
RipVIS-NR-020_00096.jpg,68,RipVIS-NR-020,1,0,0
RipVIS-079_00990.jpg,69,RipVIS-079,0,2,1
RipVIS-053_00132.jpg,70,RipVIS-053,0,1,1
RipVIS-001_00046.jpg,71,RipVIS-001,0,1,1
RipVIS-108_01002.jpg,72,RipVIS-108,0,2,1
RipVIS-108_01884.jpg,73,RipVIS-108,0,2,1
RipVIS-133_00240.jpg,74,RipVIS-133,0,2,1
RipVIS-001_00016.jpg,75,RipVIS-001,0,1,1
RipVIS-066_00105.jpg,76,RipVIS-066,0,1,1
RipVIS-007_00059.jpg,77,RipVIS-007,0,2,1
RipVIS-090_00444.jpg,78,RipVIS-090,0,1,1
RipVIS-NR-022_01254.jpg,79,RipVIS-NR-022,1,0,0
RipVIS-001_00171.jpg,80,RipVIS-001,0,1,1
RipVIS-143_00504.jpg,81,RipVIS-143,0,1,1
RipVIS-NR-026_00156.jpg,82,RipVIS-NR-026,1,0,0
RipVIS-001_00172.jpg,83,RipVIS-001,0,1,1
RipVIS-NR-024_00348.jpg,84,RipVIS-NR-024,1,0,0
RipVIS-067_00102.jpg,85,RipVIS-067,0,2,1
RipVIS-NR-026_00168.jpg,86,RipVIS-NR-026,1,0,0
RipVIS-079_01098.jpg,87,RipVIS-079,0,2,1
RipVIS-NR-024_01770.jpg,88,RipVIS-NR-024,1,0,0
RipVIS-NR-024_00168.jpg,89,RipVIS-NR-024,1,0,0
RipVIS-007_00009.jpg,90,RipVIS-007,0,2,1
RipVIS-012_00090.jpg,91,RipVIS-012,0,1,1
RipVIS-026_00085.jpg,92,RipVIS-026,0,2,1
RipVIS-NR-004_00192.jpg,93,RipVIS-NR-004,1,0,0
RipVIS-014_00076.jpg,94,RipVIS-014,0,1,1
RipVIS-NR-026_00090.jpg,95,RipVIS-NR-026,1,0,0
RipVIS-044_00054.jpg,96,RipVIS-044,0,1,1
RipVIS-090_00024.jpg,97,RipVIS-090,0,3,1
RipVIS-044_00486.jpg,98,RipVIS-044,0,1,1
RipVIS-147_00275.jpg,99,RipVIS-147,0,1,1
RipVIS-NR-020_01662.jpg,100,RipVIS-NR-020,1,0,0
RipVIS-109_00042.jpg,101,RipVIS-109,0,2,1
RipVIS-079_02076.jpg,102,RipVIS-079,0,2,1
RipVIS-109_00354.jpg,103,RipVIS-109,0,2,1
RipVIS-NR-019_00846.jpg,104,RipVIS-NR-019,1,0,0
RipVIS-NR-022_00744.jpg,105,RipVIS-NR-022,1,0,0
RipVIS-044_00606.jpg,106,RipVIS-044,0,1,1
RipVIS-007_00014.jpg,107,RipVIS-007,0,2,1
RipVIS-NR-022_01566.jpg,108,RipVIS-NR-022,1,0,0
RipVIS-NR-024_01092.jpg,109,RipVIS-NR-024,1,0,0
RipVIS-129_01770.jpg,110,RipVIS-129,0,1,1
RipVIS-044_00618.jpg,111,RipVIS-044,0,1,1
RipVIS-046_00624.jpg,112,RipVIS-046,0,2,1
RipVIS-014_00094.jpg,113,RipVIS-014,0,1,1
RipVIS-001_00181.jpg,114,RipVIS-001,0,1,1
RipVIS-147_00125.jpg,115,RipVIS-147,0,1,1
RipVIS-NR-026_00270.jpg,116,RipVIS-NR-026,1,0,0
RipVIS-090_00336.jpg,117,RipVIS-090,0,3,1
RipVIS-NR-024_00582.jpg,118,RipVIS-NR-024,1,0,0
RipVIS-NR-020_00798.jpg,119,RipVIS-NR-020,1,0,0
RipVIS-NR-024_00450.jpg,120,RipVIS-NR-024,1,0,0
RipVIS-143_00912.jpg,121,RipVIS-143,0,2,1
RipVIS-012_00001.jpg,122,RipVIS-012,0,1,1
RipVIS-014_00018.jpg,123,RipVIS-014,0,1,1
RipVIS-026_00195.jpg,124,RipVIS-026,0,2,1
RipVIS-NR-024_01176.jpg,125,RipVIS-NR-024,1,0,0
RipVIS-024_00017.jpg,126,RipVIS-024,0,1,1
RipVIS-079_01356.jpg,127,RipVIS-079,0,2,1
RipVIS-001_00095.jpg,128,RipVIS-001,0,1,1
RipVIS-108_00594.jpg,129,RipVIS-108,0,2,1
RipVIS-109_00300.jpg,130,RipVIS-109,0,2,1
RipVIS-146_00360.jpg,131,RipVIS-146,0,1,1
RipVIS-NR-024_01116.jpg,132,RipVIS-NR-024,1,0,0
RipVIS-014_00086.jpg,133,RipVIS-014,0,1,1
RipVIS-079_01854.jpg,134,RipVIS-079,0,2,1
RipVIS-143_00276.jpg,135,RipVIS-143,0,1,1
RipVIS-102_00390.jpg,136,RipVIS-102,0,2,1
RipVIS-090_00552.jpg,137,RipVIS-090,0,2,1
RipVIS-108_01926.jpg,138,RipVIS-108,0,2,1
RipVIS-079_01272.jpg,139,RipVIS-079,0,2,1
RipVIS-NR-004_00258.jpg,140,RipVIS-NR-004,1,0,0
RipVIS-NR-020_02388.jpg,141,RipVIS-NR-020,1,0,0
RipVIS-108_00414.jpg,142,RipVIS-108,0,2,1
RipVIS-NR-019_00630.jpg,143,RipVIS-NR-019,1,0,0
RipVIS-108_00840.jpg,144,RipVIS-108,0,2,1
RipVIS-NR-022_00438.jpg,145,RipVIS-NR-022,1,0,0
RipVIS-014_00083.jpg,146,RipVIS-014,0,1,1
RipVIS-108_01674.jpg,147,RipVIS-108,0,2,1
RipVIS-108_00696.jpg,148,RipVIS-108,0,2,1
RipVIS-012_00104.jpg,149,RipVIS-012,0,1,1
RipVIS-NR-022_00588.jpg,150,RipVIS-NR-022,1,0,0
RipVIS-NR-020_00672.jpg,151,RipVIS-NR-020,1,0,0
RipVIS-NR-026_00582.jpg,152,RipVIS-NR-026,1,0,0
RipVIS-014_00143.jpg,153,RipVIS-014,0,1,1
RipVIS-144_00000.jpg,154,RipVIS-144,0,2,1
RipVIS-079_01554.jpg,155,RipVIS-079,0,2,1
RipVIS-079_01218.jpg,156,RipVIS-079,0,2,1
RipVIS-014_00109.jpg,157,RipVIS-014,0,1,1
RipVIS-014_00146.jpg,158,RipVIS-014,0,1,1
RipVIS-026_00223.jpg,159,RipVIS-026,0,2,1
RipVIS-026_00256.jpg,160,RipVIS-026,0,2,1
RipVIS-NR-020_02094.jpg,161,RipVIS-NR-020,1,0,0
RipVIS-053_00294.jpg,162,RipVIS-053,0,1,1
RipVIS-044_00174.jpg,163,RipVIS-044,0,1,1
RipVIS-NR-022_01572.jpg,164,RipVIS-NR-022,1,0,0
RipVIS-090_00624.jpg,165,RipVIS-090,0,2,1
RipVIS-046_00762.jpg,166,RipVIS-046,0,2,1
RipVIS-NR-024_00372.jpg,167,RipVIS-NR-024,1,0,0
RipVIS-079_02136.jpg,168,RipVIS-079,0,2,1
RipVIS-026_00119.jpg,169,RipVIS-026,0,2,1
RipVIS-026_00048.jpg,170,RipVIS-026,0,2,1
RipVIS-046_00966.jpg,171,RipVIS-046,0,2,1
RipVIS-026_00031.jpg,172,RipVIS-026,0,2,1
RipVIS-146_00210.jpg,173,RipVIS-146,0,1,1
RipVIS-143_00432.jpg,174,RipVIS-143,0,1,1
RipVIS-046_00732.jpg,175,RipVIS-046,0,2,1
RipVIS-044_00534.jpg,176,RipVIS-044,0,1,1
RipVIS-007_00052.jpg,177,RipVIS-007,0,2,1
RipVIS-014_00000.jpg,178,RipVIS-014,0,1,1
RipVIS-108_00912.jpg,179,RipVIS-108,0,2,1
RipVIS-079_01884.jpg,180,RipVIS-079,0,2,1
RipVIS-012_00071.jpg,181,RipVIS-012,0,1,1
RipVIS-079_01632.jpg,182,RipVIS-079,0,2,1
RipVIS-053_00108.jpg,183,RipVIS-053,0,1,1
RipVIS-079_01242.jpg,184,RipVIS-079,0,2,1
RipVIS-090_00000.jpg,185,RipVIS-090,0,3,1
RipVIS-108_01650.jpg,186,RipVIS-108,0,2,1
RipVIS-NR-019_00708.jpg,187,RipVIS-NR-019,1,0,0
RipVIS-024_00065.jpg,188,RipVIS-024,0,1,1
RipVIS-026_00254.jpg,189,RipVIS-026,0,2,1
RipVIS-026_00255.jpg,190,RipVIS-026,0,2,1
RipVIS-001_00007.jpg,191,RipVIS-001,0,1,1
RipVIS-108_01590.jpg,192,RipVIS-108,0,2,1
RipVIS-NR-024_00900.jpg,193,RipVIS-NR-024,1,0,0
RipVIS-012_00059.jpg,194,RipVIS-012,0,1,1
RipVIS-NR-026_00672.jpg,195,RipVIS-NR-026,1,0,0
RipVIS-001_00118.jpg,196,RipVIS-001,0,1,1
RipVIS-066_00235.jpg,197,RipVIS-066,0,1,1
RipVIS-NR-024_00354.jpg,198,RipVIS-NR-024,1,0,0
RipVIS-143_00072.jpg,199,RipVIS-143,0,1,1
RipVIS-NR-026_00018.jpg,200,RipVIS-NR-026,1,0,0
RipVIS-108_01824.jpg,201,RipVIS-108,0,2,1
RipVIS-NR-024_00546.jpg,202,RipVIS-NR-024,1,0,0
RipVIS-NR-004_00108.jpg,203,RipVIS-NR-004,1,0,0
RipVIS-NR-004_00564.jpg,204,RipVIS-NR-004,1,0,0
RipVIS-NR-026_00330.jpg,205,RipVIS-NR-026,1,0,0
RipVIS-NR-019_00570.jpg,206,RipVIS-NR-019,1,0,0
RipVIS-046_00258.jpg,207,RipVIS-046,0,2,1
RipVIS-053_00546.jpg,208,RipVIS-053,0,1,1
RipVIS-079_00504.jpg,209,RipVIS-079,0,2,1
RipVIS-NR-026_00054.jpg,210,RipVIS-NR-026,1,0,0
RipVIS-046_00078.jpg,211,RipVIS-046,0,1,1
RipVIS-079_00600.jpg,212,RipVIS-079,0,2,1
RipVIS-102_00522.jpg,213,RipVIS-102,0,2,1
RipVIS-014_00163.jpg,214,RipVIS-014,0,1,1
RipVIS-NR-026_01134.jpg,215,RipVIS-NR-026,1,0,0
RipVIS-026_00245.jpg,216,RipVIS-026,0,2,1
RipVIS-012_00042.jpg,217,RipVIS-012,0,1,1
RipVIS-NR-020_00132.jpg,218,RipVIS-NR-020,1,0,0
RipVIS-079_01344.jpg,219,RipVIS-079,0,2,1
RipVIS-133_00060.jpg,220,RipVIS-133,0,2,1
RipVIS-059_00102.jpg,221,RipVIS-059,0,1,1
RipVIS-014_00149.jpg,222,RipVIS-014,0,1,1
RipVIS-NR-019_00456.jpg,223,RipVIS-NR-019,1,0,0
RipVIS-NR-022_00234.jpg,224,RipVIS-NR-022,1,0,0
RipVIS-044_00408.jpg,225,RipVIS-044,0,1,1
RipVIS-NR-024_00108.jpg,226,RipVIS-NR-024,1,0,0
RipVIS-044_00156.jpg,227,RipVIS-044,0,1,1
RipVIS-067_00120.jpg,228,RipVIS-067,0,2,1
RipVIS-102_00162.jpg,229,RipVIS-102,0,2,1
RipVIS-026_00237.jpg,230,RipVIS-026,0,2,1
RipVIS-046_00420.jpg,231,RipVIS-046,0,2,1
RipVIS-001_00123.jpg,232,RipVIS-001,0,1,1
RipVIS-026_00017.jpg,233,RipVIS-026,0,2,1
RipVIS-024_00073.jpg,234,RipVIS-024,0,1,1
RipVIS-NR-022_00306.jpg,235,RipVIS-NR-022,1,0,0
RipVIS-NR-022_01746.jpg,236,RipVIS-NR-022,1,0,0
RipVIS-079_00372.jpg,237,RipVIS-079,0,2,1
RipVIS-014_00011.jpg,238,RipVIS-014,0,1,1
RipVIS-079_01134.jpg,239,RipVIS-079,0,2,1
RipVIS-046_00990.jpg,240,RipVIS-046,0,2,1
RipVIS-046_00882.jpg,241,RipVIS-046,0,2,1
RipVIS-109_00000.jpg,242,RipVIS-109,0,2,1
RipVIS-NR-022_00210.jpg,243,RipVIS-NR-022,1,0,0
RipVIS-NR-019_00642.jpg,244,RipVIS-NR-019,1,0,0
RipVIS-007_00041.jpg,245,RipVIS-007,0,2,1
RipVIS-026_00272.jpg,246,RipVIS-026,0,2,1
RipVIS-108_01236.jpg,247,RipVIS-108,0,2,1
RipVIS-014_00126.jpg,248,RipVIS-014,0,1,1
RipVIS-026_00176.jpg,249,RipVIS-026,0,2,1
RipVIS-026_00252.jpg,250,RipVIS-026,0,2,1
RipVIS-NR-024_01800.jpg,251,RipVIS-NR-024,1,0,0
RipVIS-012_00011.jpg,252,RipVIS-012,0,1,1
RipVIS-NR-026_01152.jpg,253,RipVIS-NR-026,1,0,0
RipVIS-128_00000.jpg,254,RipVIS-128,0,1,1
RipVIS-079_01746.jpg,255,RipVIS-079,0,2,1
RipVIS-026_00123.jpg,256,RipVIS-026,0,2,1
RipVIS-024_00067.jpg,257,RipVIS-024,0,1,1
RipVIS-039_00013.jpg,258,RipVIS-039,0,2,1
RipVIS-001_00056.jpg,259,RipVIS-001,0,1,1
RipVIS-NR-026_00114.jpg,260,RipVIS-NR-026,1,0,0
RipVIS-079_00096.jpg,261,RipVIS-079,0,2,1
RipVIS-079_00414.jpg,262,RipVIS-079,0,2,1
RipVIS-026_00172.jpg,263,RipVIS-026,0,2,1
RipVIS-026_00265.jpg,264,RipVIS-026,0,2,1
RipVIS-NR-020_00894.jpg,265,RipVIS-NR-020,1,0,0
RipVIS-079_01440.jpg,266,RipVIS-079,0,2,1
RipVIS-079_01020.jpg,267,RipVIS-079,0,2,1
RipVIS-059_00264.jpg,268,RipVIS-059,0,1,1
RipVIS-109_00306.jpg,269,RipVIS-109,0,2,1
RipVIS-NR-020_01260.jpg,270,RipVIS-NR-020,1,0,0
RipVIS-053_00198.jpg,271,RipVIS-053,0,1,1
RipVIS-NR-020_00108.jpg,272,RipVIS-NR-020,1,0,0
RipVIS-NR-026_00864.jpg,273,RipVIS-NR-026,1,0,0
RipVIS-001_00067.jpg,274,RipVIS-001,0,1,1
RipVIS-NR-022_01206.jpg,275,RipVIS-NR-022,1,0,0
RipVIS-109_00072.jpg,276,RipVIS-109,0,2,1
RipVIS-109_00066.jpg,277,RipVIS-109,0,2,1
RipVIS-108_00054.jpg,278,RipVIS-108,0,2,1
RipVIS-NR-026_00576.jpg,279,RipVIS-NR-026,1,0,0
RipVIS-NR-024_00492.jpg,280,RipVIS-NR-024,1,0,0
RipVIS-026_00250.jpg,281,RipVIS-026,0,2,1
RipVIS-079_02022.jpg,282,RipVIS-079,0,2,1
RipVIS-044_00504.jpg,283,RipVIS-044,0,1,1
RipVIS-046_00516.jpg,284,RipVIS-046,0,2,1
RipVIS-024_00076.jpg,285,RipVIS-024,0,1,1
RipVIS-079_00144.jpg,286,RipVIS-079,0,2,1
RipVIS-079_01620.jpg,287,RipVIS-079,0,2,1
RipVIS-NR-024_00342.jpg,288,RipVIS-NR-024,1,0,0
RipVIS-NR-022_01134.jpg,289,RipVIS-NR-022,1,0,0
RipVIS-NR-004_00156.jpg,290,RipVIS-NR-004,1,0,0
RipVIS-046_00846.jpg,291,RipVIS-046,0,2,1
RipVIS-059_00246.jpg,292,RipVIS-059,0,1,1
RipVIS-129_01980.jpg,293,RipVIS-129,0,1,1
RipVIS-001_00088.jpg,294,RipVIS-001,0,1,1
RipVIS-079_00486.jpg,295,RipVIS-079,0,2,1
RipVIS-129_01080.jpg,296,RipVIS-129,0,1,1
RipVIS-NR-024_00300.jpg,297,RipVIS-NR-024,1,0,0
RipVIS-NR-019_00102.jpg,298,RipVIS-NR-019,1,0,0
RipVIS-109_00648.jpg,299,RipVIS-109,0,2,1
RipVIS-NR-004_00570.jpg,300,RipVIS-NR-004,1,0,0
RipVIS-026_00181.jpg,301,RipVIS-026,0,2,1
RipVIS-066_00585.jpg,302,RipVIS-066,0,1,1
RipVIS-NR-024_00840.jpg,303,RipVIS-NR-024,1,0,0
RipVIS-001_00053.jpg,304,RipVIS-001,0,1,1
RipVIS-024_00024.jpg,305,RipVIS-024,0,1,1
RipVIS-108_00798.jpg,306,RipVIS-108,0,2,1
RipVIS-NR-026_00996.jpg,307,RipVIS-NR-026,1,0,0
RipVIS-NR-020_02040.jpg,308,RipVIS-NR-020,1,0,0
RipVIS-128_00060.jpg,309,RipVIS-128,0,1,1
RipVIS-079_01968.jpg,310,RipVIS-079,0,2,1
RipVIS-079_01998.jpg,311,RipVIS-079,0,2,1
RipVIS-129_00510.jpg,312,RipVIS-129,0,1,1
RipVIS-046_00636.jpg,313,RipVIS-046,0,2,1
RipVIS-079_00960.jpg,314,RipVIS-079,0,2,1
RipVIS-108_00270.jpg,315,RipVIS-108,0,2,1
RipVIS-102_00444.jpg,316,RipVIS-102,0,2,1
RipVIS-121_00120.jpg,317,RipVIS-121,0,1,1
RipVIS-NR-024_00816.jpg,318,RipVIS-NR-024,1,0,0
RipVIS-026_00068.jpg,319,RipVIS-026,0,2,1
RipVIS-024_00079.jpg,320,RipVIS-024,0,1,1
RipVIS-046_00462.jpg,321,RipVIS-046,0,2,1
RipVIS-102_00726.jpg,322,RipVIS-102,0,2,1
RipVIS-079_02232.jpg,323,RipVIS-079,0,2,1
RipVIS-014_00042.jpg,324,RipVIS-014,0,1,1
RipVIS-108_00564.jpg,325,RipVIS-108,0,2,1
RipVIS-066_00070.jpg,326,RipVIS-066,0,1,1
RipVIS-NR-024_00204.jpg,327,RipVIS-NR-024,1,0,0
RipVIS-NR-020_00600.jpg,328,RipVIS-NR-020,1,0,0
RipVIS-NR-004_00054.jpg,329,RipVIS-NR-004,1,0,0
RipVIS-NR-026_00228.jpg,330,RipVIS-NR-026,1,0,0
RipVIS-026_00200.jpg,331,RipVIS-026,0,2,1
RipVIS-001_00179.jpg,332,RipVIS-001,0,1,1
RipVIS-NR-026_00852.jpg,333,RipVIS-NR-026,1,0,0
RipVIS-007_00000.jpg,334,RipVIS-007,0,2,1
RipVIS-143_00732.jpg,335,RipVIS-143,0,2,1
RipVIS-NR-019_00486.jpg,336,RipVIS-NR-019,1,0,0
RipVIS-046_00024.jpg,337,RipVIS-046,0,1,1
RipVIS-001_00186.jpg,338,RipVIS-001,0,1,1
RipVIS-NR-026_00126.jpg,339,RipVIS-NR-026,1,0,0
RipVIS-108_01902.jpg,340,RipVIS-108,0,2,1
RipVIS-NR-022_01158.jpg,341,RipVIS-NR-022,1,0,0
RipVIS-024_00018.jpg,342,RipVIS-024,0,1,1
RipVIS-NR-020_00834.jpg,343,RipVIS-NR-020,1,0,0
RipVIS-108_01194.jpg,344,RipVIS-108,0,2,1
RipVIS-NR-020_00030.jpg,345,RipVIS-NR-020,1,0,0
RipVIS-NR-020_01812.jpg,346,RipVIS-NR-020,1,0,0
RipVIS-133_00270.jpg,347,RipVIS-133,0,2,1
RipVIS-NR-024_01530.jpg,348,RipVIS-NR-024,1,0,0
RipVIS-NR-024_00408.jpg,349,RipVIS-NR-024,1,0,0
RipVIS-090_00264.jpg,350,RipVIS-090,0,3,1
RipVIS-024_00003.jpg,351,RipVIS-024,0,1,1
RipVIS-102_00474.jpg,352,RipVIS-102,0,2,1
RipVIS-NR-022_00252.jpg,353,RipVIS-NR-022,1,0,0
RipVIS-090_00144.jpg,354,RipVIS-090,0,3,1
RipVIS-129_00360.jpg,355,RipVIS-129,0,1,1
RipVIS-NR-019_00696.jpg,356,RipVIS-NR-019,1,0,0
RipVIS-026_00201.jpg,357,RipVIS-026,0,2,1
RipVIS-NR-020_00342.jpg,358,RipVIS-NR-020,1,0,0
RipVIS-079_01584.jpg,359,RipVIS-079,0,2,1
RipVIS-NR-022_00720.jpg,360,RipVIS-NR-022,1,0,0
RipVIS-001_00065.jpg,361,RipVIS-001,0,1,1
RipVIS-039_00046.jpg,362,RipVIS-039,0,2,1
RipVIS-NR-024_01302.jpg,363,RipVIS-NR-024,1,0,0
RipVIS-NR-026_01206.jpg,364,RipVIS-NR-026,1,0,0
RipVIS-053_00036.jpg,365,RipVIS-053,0,1,1
RipVIS-024_00012.jpg,366,RipVIS-024,0,1,1
RipVIS-066_00425.jpg,367,RipVIS-066,0,1,1
RipVIS-053_00054.jpg,368,RipVIS-053,0,1,1
RipVIS-039_00040.jpg,369,RipVIS-039,0,2,1
RipVIS-NR-004_00300.jpg,370,RipVIS-NR-004,1,0,0
RipVIS-079_01140.jpg,371,RipVIS-079,0,2,1
RipVIS-NR-026_00384.jpg,372,RipVIS-NR-026,1,0,0
RipVIS-066_00165.jpg,373,RipVIS-066,0,1,1
RipVIS-108_00996.jpg,374,RipVIS-108,0,2,1
RipVIS-NR-020_02286.jpg,375,RipVIS-NR-020,1,0,0
RipVIS-059_00174.jpg,376,RipVIS-059,0,1,1
RipVIS-NR-020_02538.jpg,377,RipVIS-NR-020,1,0,0
RipVIS-039_00026.jpg,378,RipVIS-039,0,2,1
RipVIS-NR-020_00048.jpg,379,RipVIS-NR-020,1,0,0
RipVIS-079_01740.jpg,380,RipVIS-079,0,2,1
RipVIS-NR-022_01188.jpg,381,RipVIS-NR-022,1,0,0
RipVIS-024_00020.jpg,382,RipVIS-024,0,1,1
RipVIS-NR-022_00852.jpg,383,RipVIS-NR-022,1,0,0
RipVIS-NR-024_01650.jpg,384,RipVIS-NR-024,1,0,0
RipVIS-026_00151.jpg,385,RipVIS-026,0,2,1
RipVIS-NR-019_00018.jpg,386,RipVIS-NR-019,1,0,0
RipVIS-007_00037.jpg,387,RipVIS-007,0,2,1
RipVIS-102_00318.jpg,388,RipVIS-102,0,2,1
RipVIS-NR-024_00402.jpg,389,RipVIS-NR-024,1,0,0
RipVIS-090_00588.jpg,390,RipVIS-090,0,2,1
RipVIS-079_01572.jpg,391,RipVIS-079,0,2,1
RipVIS-NR-020_01848.jpg,392,RipVIS-NR-020,1,0,0
RipVIS-079_00936.jpg,393,RipVIS-079,0,2,1
RipVIS-014_00178.jpg,394,RipVIS-014,0,1,1
RipVIS-108_01404.jpg,395,RipVIS-108,0,2,1
RipVIS-001_00184.jpg,396,RipVIS-001,0,1,1
RipVIS-143_01416.jpg,397,RipVIS-143,0,3,1
RipVIS-012_00062.jpg,398,RipVIS-012,0,1,1
RipVIS-014_00041.jpg,399,RipVIS-014,0,1,1
RipVIS-NR-020_00438.jpg,400,RipVIS-NR-020,1,0,0
RipVIS-046_00138.jpg,401,RipVIS-046,0,1,1
RipVIS-108_01062.jpg,402,RipVIS-108,0,2,1
RipVIS-044_00420.jpg,403,RipVIS-044,0,1,1
RipVIS-102_00642.jpg,404,RipVIS-102,0,2,1
RipVIS-067_00072.jpg,405,RipVIS-067,0,2,1
RipVIS-NR-024_00036.jpg,406,RipVIS-NR-024,1,0,0
RipVIS-046_00042.jpg,407,RipVIS-046,0,1,1
RipVIS-024_00044.jpg,408,RipVIS-024,0,1,1
RipVIS-NR-020_00594.jpg,409,RipVIS-NR-020,1,0,0
RipVIS-001_00045.jpg,410,RipVIS-001,0,1,1
RipVIS-NR-026_01068.jpg,411,RipVIS-NR-026,1,0,0
RipVIS-001_00022.jpg,412,RipVIS-001,0,1,1
RipVIS-108_01008.jpg,413,RipVIS-108,0,2,1
RipVIS-014_00110.jpg,414,RipVIS-014,0,1,1
RipVIS-NR-020_01818.jpg,415,RipVIS-NR-020,1,0,0
RipVIS-133_00450.jpg,416,RipVIS-133,0,2,1
RipVIS-067_00000.jpg,417,RipVIS-067,0,2,1
RipVIS-108_00234.jpg,418,RipVIS-108,0,2,1
RipVIS-014_00093.jpg,419,RipVIS-014,0,1,1
RipVIS-NR-020_02256.jpg,420,RipVIS-NR-020,1,0,0
RipVIS-026_00132.jpg,421,RipVIS-026,0,2,1
RipVIS-NR-026_00234.jpg,422,RipVIS-NR-026,1,0,0
RipVIS-044_00000.jpg,423,RipVIS-044,0,1,1
RipVIS-108_01422.jpg,424,RipVIS-108,0,2,1
RipVIS-026_00153.jpg,425,RipVIS-026,0,2,1
RipVIS-NR-024_00570.jpg,426,RipVIS-NR-024,1,0,0
RipVIS-NR-020_02502.jpg,427,RipVIS-NR-020,1,0,0
RipVIS-079_00660.jpg,428,RipVIS-079,0,2,1
RipVIS-046_00708.jpg,429,RipVIS-046,0,2,1
RipVIS-NR-020_01176.jpg,430,RipVIS-NR-020,1,0,0
RipVIS-108_01290.jpg,431,RipVIS-108,0,2,1
RipVIS-NR-020_00510.jpg,432,RipVIS-NR-020,1,0,0
RipVIS-129_01530.jpg,433,RipVIS-129,0,1,1
RipVIS-129_00060.jpg,434,RipVIS-129,0,1,1
RipVIS-046_00180.jpg,435,RipVIS-046,0,2,1
RipVIS-NR-024_00804.jpg,436,RipVIS-NR-024,1,0,0
RipVIS-108_01398.jpg,437,RipVIS-108,0,2,1
RipVIS-026_00229.jpg,438,RipVIS-026,0,2,1
RipVIS-NR-022_01440.jpg,439,RipVIS-NR-022,1,0,0
RipVIS-NR-024_00480.jpg,440,RipVIS-NR-024,1,0,0
RipVIS-NR-020_00660.jpg,441,RipVIS-NR-020,1,0,0
RipVIS-NR-024_01164.jpg,442,RipVIS-NR-024,1,0,0
RipVIS-NR-022_00012.jpg,443,RipVIS-NR-022,1,0,0
RipVIS-102_00420.jpg,444,RipVIS-102,0,2,1
RipVIS-108_00894.jpg,445,RipVIS-108,0,2,1
RipVIS-079_01962.jpg,446,RipVIS-079,0,2,1
RipVIS-NR-022_01122.jpg,447,RipVIS-NR-022,1,0,0
RipVIS-108_00240.jpg,448,RipVIS-108,0,2,1
RipVIS-007_00060.jpg,449,RipVIS-007,0,2,1
RipVIS-NR-024_01134.jpg,450,RipVIS-NR-024,1,0,0
RipVIS-024_00057.jpg,451,RipVIS-024,0,1,1
RipVIS-NR-024_00924.jpg,452,RipVIS-NR-024,1,0,0
RipVIS-079_02166.jpg,453,RipVIS-079,0,2,1
RipVIS-NR-020_00804.jpg,454,RipVIS-NR-020,1,0,0
RipVIS-129_01320.jpg,455,RipVIS-129,0,1,1
RipVIS-079_00474.jpg,456,RipVIS-079,0,2,1
RipVIS-079_02016.jpg,457,RipVIS-079,0,2,1
RipVIS-NR-024_01644.jpg,458,RipVIS-NR-024,1,0,0
RipVIS-001_00086.jpg,459,RipVIS-001,0,1,1
RipVIS-NR-024_01602.jpg,460,RipVIS-NR-024,1,0,0
RipVIS-059_00162.jpg,461,RipVIS-059,0,1,1
RipVIS-053_00276.jpg,462,RipVIS-053,0,1,1
RipVIS-079_02178.jpg,463,RipVIS-079,0,2,1
RipVIS-079_00420.jpg,464,RipVIS-079,0,2,1
RipVIS-026_00149.jpg,465,RipVIS-026,0,2,1
RipVIS-024_00060.jpg,466,RipVIS-024,0,1,1
RipVIS-108_00636.jpg,467,RipVIS-108,0,2,1
RipVIS-NR-026_00060.jpg,468,RipVIS-NR-026,1,0,0
RipVIS-102_00264.jpg,469,RipVIS-102,0,2,1
RipVIS-108_00036.jpg,470,RipVIS-108,0,2,1
RipVIS-053_00336.jpg,471,RipVIS-053,0,1,1
RipVIS-NR-024_00558.jpg,472,RipVIS-NR-024,1,0,0
RipVIS-039_00021.jpg,473,RipVIS-039,0,2,1
RipVIS-001_00060.jpg,474,RipVIS-001,0,1,1
RipVIS-NR-022_00294.jpg,475,RipVIS-NR-022,1,0,0
RipVIS-121_00090.jpg,476,RipVIS-121,0,1,1
RipVIS-NR-022_00102.jpg,477,RipVIS-NR-022,1,0,0
RipVIS-NR-024_00024.jpg,478,RipVIS-NR-024,1,0,0
RipVIS-NR-024_01560.jpg,479,RipVIS-NR-024,1,0,0
RipVIS-012_00086.jpg,480,RipVIS-012,0,1,1
RipVIS-NR-020_00726.jpg,481,RipVIS-NR-020,1,0,0
RipVIS-128_00240.jpg,482,RipVIS-128,0,1,1
RipVIS-102_00150.jpg,483,RipVIS-102,0,2,1
RipVIS-012_00085.jpg,484,RipVIS-012,0,1,1
RipVIS-026_00038.jpg,485,RipVIS-026,0,2,1
RipVIS-NR-020_01356.jpg,486,RipVIS-NR-020,1,0,0
RipVIS-079_02094.jpg,487,RipVIS-079,0,2,1
RipVIS-143_01032.jpg,488,RipVIS-143,0,2,1
RipVIS-001_00032.jpg,489,RipVIS-001,0,1,1
RipVIS-044_00246.jpg,490,RipVIS-044,0,1,1
RipVIS-026_00138.jpg,491,RipVIS-026,0,2,1
RipVIS-NR-022_00942.jpg,492,RipVIS-NR-022,1,0,0
RipVIS-NR-022_01452.jpg,493,RipVIS-NR-022,1,0,0
RipVIS-001_00185.jpg,494,RipVIS-001,0,1,1
RipVIS-NR-022_01752.jpg,495,RipVIS-NR-022,1,0,0
RipVIS-007_00003.jpg,496,RipVIS-007,0,2,1
RipVIS-079_01320.jpg,497,RipVIS-079,0,2,1
RipVIS-012_00074.jpg,498,RipVIS-012,0,1,1
RipVIS-NR-019_00534.jpg,499,RipVIS-NR-019,1,0,0
RipVIS-NR-024_00258.jpg,500,RipVIS-NR-024,1,0,0
RipVIS-NR-024_01662.jpg,501,RipVIS-NR-024,1,0,0
RipVIS-NR-020_02418.jpg,502,RipVIS-NR-020,1,0,0
RipVIS-NR-022_00204.jpg,503,RipVIS-NR-022,1,0,0
RipVIS-NR-024_00468.jpg,504,RipVIS-NR-024,1,0,0
RipVIS-NR-020_02052.jpg,505,RipVIS-NR-020,1,0,0
RipVIS-079_01800.jpg,506,RipVIS-079,0,2,1
RipVIS-NR-026_01104.jpg,507,RipVIS-NR-026,1,0,0
RipVIS-014_00160.jpg,508,RipVIS-014,0,1,1
RipVIS-079_00024.jpg,509,RipVIS-079,0,2,1
RipVIS-026_00109.jpg,510,RipVIS-026,0,2,1
RipVIS-NR-024_00162.jpg,511,RipVIS-NR-024,1,0,0
RipVIS-079_00516.jpg,512,RipVIS-079,0,2,1
RipVIS-109_00318.jpg,513,RipVIS-109,0,2,1
RipVIS-044_00198.jpg,514,RipVIS-044,0,1,1
RipVIS-NR-004_00438.jpg,515,RipVIS-NR-004,1,0,0
RipVIS-134_00060.jpg,516,RipVIS-134,0,1,1
RipVIS-090_00288.jpg,517,RipVIS-090,0,3,1
RipVIS-NR-019_00480.jpg,518,RipVIS-NR-019,1,0,0
RipVIS-044_00234.jpg,519,RipVIS-044,0,1,1
RipVIS-NR-026_00426.jpg,520,RipVIS-NR-026,1,0,0
RipVIS-001_00042.jpg,521,RipVIS-001,0,1,1
RipVIS-NR-022_01656.jpg,522,RipVIS-NR-022,1,0,0
RipVIS-NR-020_00282.jpg,523,RipVIS-NR-020,1,0,0
RipVIS-108_00624.jpg,524,RipVIS-108,0,2,1
RipVIS-053_00060.jpg,525,RipVIS-053,0,1,1
RipVIS-014_00005.jpg,526,RipVIS-014,0,1,1
RipVIS-NR-022_00606.jpg,527,RipVIS-NR-022,1,0,0
RipVIS-014_00022.jpg,528,RipVIS-014,0,1,1
RipVIS-108_01296.jpg,529,RipVIS-108,0,2,1
RipVIS-012_00031.jpg,530,RipVIS-012,0,1,1
RipVIS-001_00183.jpg,531,RipVIS-001,0,1,1
RipVIS-079_01506.jpg,532,RipVIS-079,0,2,1
RipVIS-046_00426.jpg,533,RipVIS-046,0,2,1
RipVIS-NR-026_00444.jpg,534,RipVIS-NR-026,1,0,0
RipVIS-046_00540.jpg,535,RipVIS-046,0,2,1
RipVIS-012_00041.jpg,536,RipVIS-012,0,1,1
RipVIS-NR-020_01914.jpg,537,RipVIS-NR-020,1,0,0
RipVIS-129_01290.jpg,538,RipVIS-129,0,1,1
RipVIS-NR-026_00606.jpg,539,RipVIS-NR-026,1,0,0
RipVIS-079_01362.jpg,540,RipVIS-079,0,2,1
RipVIS-079_01404.jpg,541,RipVIS-079,0,2,1
RipVIS-NR-024_00246.jpg,542,RipVIS-NR-024,1,0,0
RipVIS-026_00169.jpg,543,RipVIS-026,0,2,1
RipVIS-NR-020_02526.jpg,544,RipVIS-NR-020,1,0,0
RipVIS-014_00151.jpg,545,RipVIS-014,0,1,1
RipVIS-046_00312.jpg,546,RipVIS-046,0,2,1
RipVIS-026_00264.jpg,547,RipVIS-026,0,2,1
RipVIS-001_00192.jpg,548,RipVIS-001,0,1,1
RipVIS-059_00186.jpg,549,RipVIS-059,0,1,1
RipVIS-108_01530.jpg,550,RipVIS-108,0,2,1
RipVIS-079_00756.jpg,551,RipVIS-079,0,2,1
RipVIS-079_00564.jpg,552,RipVIS-079,0,2,1
RipVIS-039_00002.jpg,553,RipVIS-039,0,2,1
RipVIS-102_00738.jpg,554,RipVIS-102,0,2,1
RipVIS-039_00027.jpg,555,RipVIS-039,0,2,1
RipVIS-026_00165.jpg,556,RipVIS-026,0,2,1
RipVIS-NR-020_01746.jpg,557,RipVIS-NR-020,1,0,0
RipVIS-046_00690.jpg,558,RipVIS-046,0,2,1
RipVIS-NR-026_00654.jpg,559,RipVIS-NR-026,1,0,0
RipVIS-NR-022_00318.jpg,560,RipVIS-NR-022,1,0,0
RipVIS-NR-026_00360.jpg,561,RipVIS-NR-026,1,0,0
RipVIS-NR-022_01362.jpg,562,RipVIS-NR-022,1,0,0
RipVIS-026_00248.jpg,563,RipVIS-026,0,2,1
RipVIS-NR-024_00078.jpg,564,RipVIS-NR-024,1,0,0
RipVIS-108_00804.jpg,565,RipVIS-108,0,2,1
RipVIS-NR-024_00174.jpg,566,RipVIS-NR-024,1,0,0
RipVIS-NR-026_00936.jpg,567,RipVIS-NR-026,1,0,0
RipVIS-014_00123.jpg,568,RipVIS-014,0,1,1
RipVIS-109_00468.jpg,569,RipVIS-109,0,2,1
RipVIS-NR-022_01194.jpg,570,RipVIS-NR-022,1,0,0
RipVIS-079_00762.jpg,571,RipVIS-079,0,2,1
RipVIS-102_00366.jpg,572,RipVIS-102,0,2,1
RipVIS-026_00168.jpg,573,RipVIS-026,0,2,1
RipVIS-NR-022_00612.jpg,574,RipVIS-NR-022,1,0,0
RipVIS-026_00064.jpg,575,RipVIS-026,0,2,1
RipVIS-014_00028.jpg,576,RipVIS-014,0,1,1
RipVIS-079_00696.jpg,577,RipVIS-079,0,2,1
RipVIS-NR-019_00396.jpg,578,RipVIS-NR-019,1,0,0
RipVIS-014_00091.jpg,579,RipVIS-014,0,1,1
RipVIS-NR-026_00174.jpg,580,RipVIS-NR-026,1,0,0
RipVIS-143_00684.jpg,581,RipVIS-143,0,2,1
RipVIS-NR-022_00156.jpg,582,RipVIS-NR-022,1,0,0
RipVIS-001_00084.jpg,583,RipVIS-001,0,1,1
RipVIS-046_01044.jpg,584,RipVIS-046,0,2,1
RipVIS-026_00257.jpg,585,RipVIS-026,0,2,1
RipVIS-046_00780.jpg,586,RipVIS-046,0,2,1
RipVIS-NR-026_00534.jpg,587,RipVIS-NR-026,1,0,0
RipVIS-NR-022_00630.jpg,588,RipVIS-NR-022,1,0,0
RipVIS-108_01728.jpg,589,RipVIS-108,0,2,1
RipVIS-108_00060.jpg,590,RipVIS-108,0,2,1
RipVIS-NR-024_01806.jpg,591,RipVIS-NR-024,1,0,0
RipVIS-014_00029.jpg,592,RipVIS-014,0,1,1
RipVIS-001_00129.jpg,593,RipVIS-001,0,1,1
RipVIS-024_00054.jpg,594,RipVIS-024,0,1,1
RipVIS-NR-022_00672.jpg,595,RipVIS-NR-022,1,0,0
RipVIS-NR-026_00894.jpg,596,RipVIS-NR-026,1,0,0
RipVIS-102_00096.jpg,597,RipVIS-102,0,2,1
RipVIS-046_00870.jpg,598,RipVIS-046,0,2,1
RipVIS-108_00396.jpg,599,RipVIS-108,0,2,1
RipVIS-129_01350.jpg,600,RipVIS-129,0,1,1
RipVIS-102_00378.jpg,601,RipVIS-102,0,2,1
RipVIS-NR-022_00594.jpg,602,RipVIS-NR-022,1,0,0
RipVIS-001_00079.jpg,603,RipVIS-001,0,1,1
RipVIS-NR-022_00810.jpg,604,RipVIS-NR-022,1,0,0
RipVIS-046_00750.jpg,605,RipVIS-046,0,2,1
RipVIS-001_00034.jpg,606,RipVIS-001,0,1,1
RipVIS-044_00324.jpg,607,RipVIS-044,0,1,1
RipVIS-079_00606.jpg,608,RipVIS-079,0,2,1
RipVIS-079_01446.jpg,609,RipVIS-079,0,2,1
RipVIS-079_02100.jpg,610,RipVIS-079,0,2,1
RipVIS-NR-004_00330.jpg,611,RipVIS-NR-004,1,0,0
RipVIS-134_00000.jpg,612,RipVIS-134,0,1,1
RipVIS-NR-020_00876.jpg,613,RipVIS-NR-020,1,0,0
RipVIS-128_00090.jpg,614,RipVIS-128,0,1,1
RipVIS-NR-022_00762.jpg,615,RipVIS-NR-022,1,0,0
RipVIS-NR-020_02460.jpg,616,RipVIS-NR-020,1,0,0
RipVIS-026_00259.jpg,617,RipVIS-026,0,2,1
RipVIS-NR-004_00162.jpg,618,RipVIS-NR-004,1,0,0
RipVIS-108_00870.jpg,619,RipVIS-108,0,2,1
RipVIS-046_00342.jpg,620,RipVIS-046,0,2,1
RipVIS-NR-019_00606.jpg,621,RipVIS-NR-019,1,0,0
RipVIS-026_00106.jpg,622,RipVIS-026,0,2,1
RipVIS-NR-024_00996.jpg,623,RipVIS-NR-024,1,0,0
RipVIS-NR-022_00060.jpg,624,RipVIS-NR-022,1,0,0
RipVIS-053_00006.jpg,625,RipVIS-053,0,1,1
RipVIS-026_00183.jpg,626,RipVIS-026,0,2,1
RipVIS-108_00168.jpg,627,RipVIS-108,0,2,1
RipVIS-079_02256.jpg,628,RipVIS-079,0,2,1
RipVIS-NR-019_00066.jpg,629,RipVIS-NR-019,1,0,0
RipVIS-108_01188.jpg,630,RipVIS-108,0,2,1
RipVIS-NR-019_00174.jpg,631,RipVIS-NR-019,1,0,0
RipVIS-108_00852.jpg,632,RipVIS-108,0,2,1
RipVIS-NR-020_02262.jpg,633,RipVIS-NR-020,1,0,0
RipVIS-NR-020_01710.jpg,634,RipVIS-NR-020,1,0,0
RipVIS-NR-024_00870.jpg,635,RipVIS-NR-024,1,0,0
RipVIS-108_00330.jpg,636,RipVIS-108,0,2,1
RipVIS-079_00768.jpg,637,RipVIS-079,0,2,1
RipVIS-NR-020_00714.jpg,638,RipVIS-NR-020,1,0,0
RipVIS-059_00222.jpg,639,RipVIS-059,0,1,1
RipVIS-012_00096.jpg,640,RipVIS-012,0,1,1
RipVIS-026_00208.jpg,641,RipVIS-026,0,2,1
RipVIS-109_00204.jpg,642,RipVIS-109,0,2,1
RipVIS-024_00014.jpg,643,RipVIS-024,0,1,1
RipVIS-044_00006.jpg,644,RipVIS-044,0,1,1
RipVIS-059_00048.jpg,645,RipVIS-059,0,1,1
RipVIS-108_01722.jpg,646,RipVIS-108,0,2,1
RipVIS-NR-022_01302.jpg,647,RipVIS-NR-022,1,0,0
RipVIS-NR-020_01470.jpg,648,RipVIS-NR-020,1,0,0
RipVIS-NR-022_00330.jpg,649,RipVIS-NR-022,1,0,0
RipVIS-108_01080.jpg,650,RipVIS-108,0,2,1
RipVIS-108_00960.jpg,651,RipVIS-108,0,2,1
RipVIS-108_00612.jpg,652,RipVIS-108,0,2,1
RipVIS-066_00575.jpg,653,RipVIS-066,0,1,1
RipVIS-NR-020_00024.jpg,654,RipVIS-NR-020,1,0,0
RipVIS-108_01848.jpg,655,RipVIS-108,0,2,1
RipVIS-026_00009.jpg,656,RipVIS-026,0,2,1
RipVIS-NR-022_00276.jpg,657,RipVIS-NR-022,1,0,0
RipVIS-079_01014.jpg,658,RipVIS-079,0,2,1
RipVIS-NR-026_00840.jpg,659,RipVIS-NR-026,1,0,0
RipVIS-090_00564.jpg,660,RipVIS-090,0,2,1
RipVIS-053_00240.jpg,661,RipVIS-053,0,1,1
RipVIS-NR-004_00252.jpg,662,RipVIS-NR-004,1,0,0
RipVIS-014_00150.jpg,663,RipVIS-014,0,1,1
RipVIS-014_00087.jpg,664,RipVIS-014,0,1,1
RipVIS-026_00134.jpg,665,RipVIS-026,0,2,1
RipVIS-079_01974.jpg,666,RipVIS-079,0,2,1
RipVIS-NR-026_00438.jpg,667,RipVIS-NR-026,1,0,0
RipVIS-NR-019_00678.jpg,668,RipVIS-NR-019,1,0,0
RipVIS-046_00954.jpg,669,RipVIS-046,0,2,1
RipVIS-NR-022_00570.jpg,670,RipVIS-NR-022,1,0,0
RipVIS-NR-026_00150.jpg,671,RipVIS-NR-026,1,0,0
RipVIS-026_00101.jpg,672,RipVIS-026,0,2,1
RipVIS-NR-020_00144.jpg,673,RipVIS-NR-020,1,0,0
RipVIS-NR-024_00540.jpg,674,RipVIS-NR-024,1,0,0
RipVIS-NR-019_00318.jpg,675,RipVIS-NR-019,1,0,0
RipVIS-039_00024.jpg,676,RipVIS-039,0,2,1
RipVIS-079_01638.jpg,677,RipVIS-079,0,2,1
RipVIS-066_00310.jpg,678,RipVIS-066,0,1,1
RipVIS-053_00396.jpg,679,RipVIS-053,0,1,1
RipVIS-NR-024_00282.jpg,680,RipVIS-NR-024,1,0,0
RipVIS-007_00066.jpg,681,RipVIS-007,0,2,1
RipVIS-079_02184.jpg,682,RipVIS-079,0,2,1
RipVIS-NR-020_00162.jpg,683,RipVIS-NR-020,1,0,0
RipVIS-012_00073.jpg,684,RipVIS-012,0,1,1
RipVIS-079_01386.jpg,685,RipVIS-079,0,2,1
RipVIS-046_00360.jpg,686,RipVIS-046,0,2,1
RipVIS-102_00222.jpg,687,RipVIS-102,0,2,1
RipVIS-143_00372.jpg,688,RipVIS-143,0,1,1
RipVIS-NR-026_00180.jpg,689,RipVIS-NR-026,1,0,0
RipVIS-108_01734.jpg,690,RipVIS-108,0,2,1
RipVIS-NR-020_00978.jpg,691,RipVIS-NR-020,1,0,0
RipVIS-046_00840.jpg,692,RipVIS-046,0,2,1
RipVIS-066_00250.jpg,693,RipVIS-066,0,1,1
RipVIS-108_01218.jpg,694,RipVIS-108,0,2,1
RipVIS-NR-024_00186.jpg,695,RipVIS-NR-024,1,0,0
RipVIS-NR-026_00522.jpg,696,RipVIS-NR-026,1,0,0
RipVIS-024_00027.jpg,697,RipVIS-024,0,1,1
RipVIS-NR-020_02166.jpg,698,RipVIS-NR-020,1,0,0
RipVIS-039_00005.jpg,699,RipVIS-039,0,2,1
RipVIS-NR-022_00054.jpg,700,RipVIS-NR-022,1,0,0
RipVIS-026_00046.jpg,701,RipVIS-026,0,2,1
RipVIS-NR-024_00678.jpg,702,RipVIS-NR-024,1,0,0
RipVIS-NR-022_01518.jpg,703,RipVIS-NR-022,1,0,0
RipVIS-044_00396.jpg,704,RipVIS-044,0,1,1
RipVIS-108_00966.jpg,705,RipVIS-108,0,2,1
RipVIS-NR-024_01518.jpg,706,RipVIS-NR-024,1,0,0
RipVIS-108_00924.jpg,707,RipVIS-108,0,2,1
RipVIS-NR-004_00168.jpg,708,RipVIS-NR-004,1,0,0
RipVIS-014_00157.jpg,709,RipVIS-014,0,1,1
RipVIS-NR-020_00900.jpg,710,RipVIS-NR-020,1,0,0
RipVIS-108_02022.jpg,711,RipVIS-108,0,2,1
RipVIS-NR-020_02454.jpg,712,RipVIS-NR-020,1,0,0
RipVIS-NR-026_00450.jpg,713,RipVIS-NR-026,1,0,0
RipVIS-024_00055.jpg,714,RipVIS-024,0,1,1
RipVIS-NR-020_01110.jpg,715,RipVIS-NR-020,1,0,0
RipVIS-024_00021.jpg,716,RipVIS-024,0,1,1
RipVIS-090_00516.jpg,717,RipVIS-090,0,1,1
RipVIS-NR-022_00906.jpg,718,RipVIS-NR-022,1,0,0
RipVIS-046_00942.jpg,719,RipVIS-046,0,2,1
RipVIS-026_00238.jpg,720,RipVIS-026,0,2,1
RipVIS-014_00168.jpg,721,RipVIS-014,0,1,1
RipVIS-NR-024_01188.jpg,722,RipVIS-NR-024,1,0,0
RipVIS-NR-020_02160.jpg,723,RipVIS-NR-020,1,0,0
RipVIS-NR-020_00960.jpg,724,RipVIS-NR-020,1,0,0
RipVIS-109_00312.jpg,725,RipVIS-109,0,2,1
RipVIS-NR-022_00690.jpg,726,RipVIS-NR-022,1,0,0
RipVIS-NR-022_00990.jpg,727,RipVIS-NR-022,1,0,0
RipVIS-128_00300.jpg,728,RipVIS-128,0,1,1
RipVIS-NR-004_00402.jpg,729,RipVIS-NR-004,1,0,0
RipVIS-067_00126.jpg,730,RipVIS-067,0,2,1
RipVIS-109_00630.jpg,731,RipVIS-109,0,2,1
RipVIS-144_00060.jpg,732,RipVIS-144,0,2,1
RipVIS-079_02130.jpg,733,RipVIS-079,0,2,1
RipVIS-014_00038.jpg,734,RipVIS-014,0,1,1
RipVIS-NR-022_00036.jpg,735,RipVIS-NR-022,1,0,0
RipVIS-079_00690.jpg,736,RipVIS-079,0,2,1
RipVIS-079_00576.jpg,737,RipVIS-079,0,2,1
RipVIS-044_00024.jpg,738,RipVIS-044,0,1,1
RipVIS-NR-026_00648.jpg,739,RipVIS-NR-026,1,0,0
RipVIS-NR-024_01008.jpg,740,RipVIS-NR-024,1,0,0
RipVIS-014_00030.jpg,741,RipVIS-014,0,1,1
RipVIS-NR-022_00876.jpg,742,RipVIS-NR-022,1,0,0
RipVIS-079_01398.jpg,743,RipVIS-079,0,2,1
RipVIS-102_00270.jpg,744,RipVIS-102,0,2,1
RipVIS-001_00091.jpg,745,RipVIS-001,0,1,1
RipVIS-079_01866.jpg,746,RipVIS-079,0,2,1
RipVIS-NR-004_00384.jpg,747,RipVIS-NR-004,1,0,0
RipVIS-046_00510.jpg,748,RipVIS-046,0,2,1
RipVIS-014_00120.jpg,749,RipVIS-014,0,1,1
RipVIS-NR-024_01812.jpg,750,RipVIS-NR-024,1,0,0
RipVIS-108_01740.jpg,751,RipVIS-108,0,2,1
RipVIS-NR-022_01812.jpg,752,RipVIS-NR-022,1,0,0
RipVIS-NR-020_00468.jpg,753,RipVIS-NR-020,1,0,0
RipVIS-014_00016.jpg,754,RipVIS-014,0,1,1
RipVIS-024_00058.jpg,755,RipVIS-024,0,1,1
RipVIS-039_00001.jpg,756,RipVIS-039,0,2,1
RipVIS-066_00230.jpg,757,RipVIS-066,0,1,1
RipVIS-NR-026_00348.jpg,758,RipVIS-NR-026,1,0,0
RipVIS-143_00480.jpg,759,RipVIS-143,0,1,1
RipVIS-143_00588.jpg,760,RipVIS-143,0,1,1
RipVIS-079_00984.jpg,761,RipVIS-079,0,2,1
RipVIS-053_00444.jpg,762,RipVIS-053,0,1,1
RipVIS-NR-024_00588.jpg,763,RipVIS-NR-024,1,0,0
RipVIS-108_01014.jpg,764,RipVIS-108,0,2,1
RipVIS-NR-024_01032.jpg,765,RipVIS-NR-024,1,0,0
RipVIS-NR-022_00828.jpg,766,RipVIS-NR-022,1,0,0
RipVIS-143_01092.jpg,767,RipVIS-143,0,2,1
RipVIS-108_01098.jpg,768,RipVIS-108,0,2,1
RipVIS-024_00029.jpg,769,RipVIS-024,0,1,1
RipVIS-109_00588.jpg,770,RipVIS-109,0,2,1
RipVIS-NR-020_01416.jpg,771,RipVIS-NR-020,1,0,0
RipVIS-109_00576.jpg,772,RipVIS-109,0,2,1
RipVIS-108_00606.jpg,773,RipVIS-108,0,2,1
RipVIS-108_01572.jpg,774,RipVIS-108,0,2,1
RipVIS-001_00058.jpg,775,RipVIS-001,0,1,1
RipVIS-102_00348.jpg,776,RipVIS-102,0,2,1
RipVIS-108_00744.jpg,777,RipVIS-108,0,2,1
RipVIS-109_00378.jpg,778,RipVIS-109,0,2,1
RipVIS-NR-020_00456.jpg,779,RipVIS-NR-020,1,0,0
RipVIS-NR-020_01608.jpg,780,RipVIS-NR-020,1,0,0
RipVIS-NR-019_00702.jpg,781,RipVIS-NR-019,1,0,0
RipVIS-NR-020_01626.jpg,782,RipVIS-NR-020,1,0,0
RipVIS-014_00004.jpg,783,RipVIS-014,0,1,1
RipVIS-143_00528.jpg,784,RipVIS-143,0,1,1
RipVIS-012_00028.jpg,785,RipVIS-012,0,1,1
RipVIS-102_00186.jpg,786,RipVIS-102,0,2,1
RipVIS-026_00152.jpg,787,RipVIS-026,0,2,1
RipVIS-001_00125.jpg,788,RipVIS-001,0,1,1
RipVIS-067_00030.jpg,789,RipVIS-067,0,2,1
RipVIS-102_00660.jpg,790,RipVIS-102,0,2,1
RipVIS-NR-020_00516.jpg,791,RipVIS-NR-020,1,0,0
RipVIS-024_00062.jpg,792,RipVIS-024,0,1,1
RipVIS-109_00090.jpg,793,RipVIS-109,0,2,1
RipVIS-NR-020_01854.jpg,794,RipVIS-NR-020,1,0,0
RipVIS-024_00084.jpg,795,RipVIS-024,0,1,1
RipVIS-NR-024_00702.jpg,796,RipVIS-NR-024,1,0,0
RipVIS-102_00312.jpg,797,RipVIS-102,0,2,1
RipVIS-079_02052.jpg,798,RipVIS-079,0,2,1
RipVIS-NR-024_01476.jpg,799,RipVIS-NR-024,1,0,0
RipVIS-NR-020_01188.jpg,800,RipVIS-NR-020,1,0,0
RipVIS-046_00678.jpg,801,RipVIS-046,0,2,1
RipVIS-NR-022_01056.jpg,802,RipVIS-NR-022,1,0,0
RipVIS-012_00056.jpg,803,RipVIS-012,0,1,1
RipVIS-NR-024_01200.jpg,804,RipVIS-NR-024,1,0,0
RipVIS-059_00018.jpg,805,RipVIS-059,0,1,1
RipVIS-108_00384.jpg,806,RipVIS-108,0,2,1
RipVIS-NR-024_01512.jpg,807,RipVIS-NR-024,1,0,0
RipVIS-NR-020_02316.jpg,808,RipVIS-NR-020,1,0,0
RipVIS-133_00180.jpg,809,RipVIS-133,0,2,1
RipVIS-143_00840.jpg,810,RipVIS-143,0,2,1
RipVIS-046_00018.jpg,811,RipVIS-046,0,1,1
RipVIS-NR-020_01290.jpg,812,RipVIS-NR-020,1,0,0
RipVIS-144_00420.jpg,813,RipVIS-144,0,2,1
RipVIS-NR-004_00132.jpg,814,RipVIS-NR-004,1,0,0
RipVIS-046_00672.jpg,815,RipVIS-046,0,2,1
RipVIS-039_00022.jpg,816,RipVIS-039,0,2,1
RipVIS-014_00075.jpg,817,RipVIS-014,0,1,1
RipVIS-NR-026_00186.jpg,818,RipVIS-NR-026,1,0,0
RipVIS-090_00372.jpg,819,RipVIS-090,0,1,1
RipVIS-079_00138.jpg,820,RipVIS-079,0,2,1
RipVIS-024_00046.jpg,821,RipVIS-024,0,1,1
RipVIS-108_01800.jpg,822,RipVIS-108,0,2,1
RipVIS-134_00720.jpg,823,RipVIS-134,0,2,1
RipVIS-NR-019_00870.jpg,824,RipVIS-NR-019,1,0,0
RipVIS-026_00143.jpg,825,RipVIS-026,0,2,1
RipVIS-NR-024_01278.jpg,826,RipVIS-NR-024,1,0,0
RipVIS-108_00576.jpg,827,RipVIS-108,0,2,1
RipVIS-NR-019_00390.jpg,828,RipVIS-NR-019,1,0,0
RipVIS-NR-022_01002.jpg,829,RipVIS-NR-022,1,0,0
RipVIS-137_00030.jpg,830,RipVIS-137,0,1,1
RipVIS-NR-020_01872.jpg,831,RipVIS-NR-020,1,0,0
RipVIS-079_00744.jpg,832,RipVIS-079,0,2,1
RipVIS-026_00083.jpg,833,RipVIS-026,0,2,1
RipVIS-066_00555.jpg,834,RipVIS-066,0,1,1
RipVIS-066_00475.jpg,835,RipVIS-066,0,1,1
RipVIS-NR-024_00306.jpg,836,RipVIS-NR-024,1,0,0
RipVIS-079_00006.jpg,837,RipVIS-079,0,2,1
RipVIS-012_00027.jpg,838,RipVIS-012,0,1,1
RipVIS-014_00081.jpg,839,RipVIS-014,0,1,1
RipVIS-079_02148.jpg,840,RipVIS-079,0,2,1
RipVIS-026_00262.jpg,841,RipVIS-026,0,2,1
RipVIS-129_01380.jpg,842,RipVIS-129,0,1,1
RipVIS-108_00750.jpg,843,RipVIS-108,0,2,1
RipVIS-NR-020_01404.jpg,844,RipVIS-NR-020,1,0,0
RipVIS-024_00023.jpg,845,RipVIS-024,0,1,1
RipVIS-108_00312.jpg,846,RipVIS-108,0,2,1
RipVIS-108_01500.jpg,847,RipVIS-108,0,2,1
RipVIS-NR-022_00996.jpg,848,RipVIS-NR-022,1,0,0
RipVIS-146_00420.jpg,849,RipVIS-146,0,1,1
RipVIS-044_00120.jpg,850,RipVIS-044,0,1,1
RipVIS-001_00169.jpg,851,RipVIS-001,0,1,1
RipVIS-143_01236.jpg,852,RipVIS-143,0,2,1
RipVIS-012_00079.jpg,853,RipVIS-012,0,1,1
RipVIS-NR-022_01662.jpg,854,RipVIS-NR-022,1,0,0
RipVIS-NR-019_00264.jpg,855,RipVIS-NR-019,1,0,0
RipVIS-044_00342.jpg,856,RipVIS-044,0,1,1
RipVIS-079_01158.jpg,857,RipVIS-079,0,2,1
RipVIS-NR-024_00222.jpg,858,RipVIS-NR-024,1,0,0
RipVIS-NR-022_01164.jpg,859,RipVIS-NR-022,1,0,0
RipVIS-046_00162.jpg,860,RipVIS-046,0,1,1
RipVIS-012_00081.jpg,861,RipVIS-012,0,1,1
RipVIS-NR-020_00750.jpg,862,RipVIS-NR-020,1,0,0
RipVIS-NR-024_00414.jpg,863,RipVIS-NR-024,1,0,0
RipVIS-NR-020_01740.jpg,864,RipVIS-NR-020,1,0,0
RipVIS-NR-020_01380.jpg,865,RipVIS-NR-020,1,0,0
RipVIS-134_00540.jpg,866,RipVIS-134,0,2,1
RipVIS-NR-020_00684.jpg,867,RipVIS-NR-020,1,0,0
RipVIS-NR-026_00012.jpg,868,RipVIS-NR-026,1,0,0
RipVIS-014_00166.jpg,869,RipVIS-014,0,1,1
RipVIS-102_00582.jpg,870,RipVIS-102,0,2,1
RipVIS-001_00026.jpg,871,RipVIS-001,0,1,1
RipVIS-024_00074.jpg,872,RipVIS-024,0,1,1
RipVIS-079_01296.jpg,873,RipVIS-079,0,2,1
RipVIS-079_01698.jpg,874,RipVIS-079,0,2,1
RipVIS-NR-019_00810.jpg,875,RipVIS-NR-019,1,0,0
RipVIS-001_00126.jpg,876,RipVIS-001,0,1,1
RipVIS-NR-019_00444.jpg,877,RipVIS-NR-019,1,0,0
RipVIS-NR-004_00474.jpg,878,RipVIS-NR-004,1,0,0
RipVIS-NR-004_00492.jpg,879,RipVIS-NR-004,1,0,0
RipVIS-121_00300.jpg,880,RipVIS-121,0,1,1
RipVIS-001_00180.jpg,881,RipVIS-001,0,1,1
RipVIS-NR-024_00954.jpg,882,RipVIS-NR-024,1,0,0
RipVIS-NR-024_00618.jpg,883,RipVIS-NR-024,1,0,0
RipVIS-108_00246.jpg,884,RipVIS-108,0,2,1
RipVIS-128_00030.jpg,885,RipVIS-128,0,1,1
RipVIS-108_00450.jpg,886,RipVIS-108,0,2,1
RipVIS-044_00102.jpg,887,RipVIS-044,0,1,1
RipVIS-053_00234.jpg,888,RipVIS-053,0,1,1
RipVIS-NR-022_01554.jpg,889,RipVIS-NR-022,1,0,0
RipVIS-046_00174.jpg,890,RipVIS-046,0,1,1
RipVIS-108_01428.jpg,891,RipVIS-108,0,2,1
RipVIS-129_01620.jpg,892,RipVIS-129,0,1,1
RipVIS-039_00009.jpg,893,RipVIS-039,0,2,1
RipVIS-NR-020_00168.jpg,894,RipVIS-NR-020,1,0,0
RipVIS-NR-024_00768.jpg,895,RipVIS-NR-024,1,0,0
RipVIS-014_00045.jpg,896,RipVIS-014,0,1,1
RipVIS-NR-024_00156.jpg,897,RipVIS-NR-024,1,0,0
RipVIS-108_00834.jpg,898,RipVIS-108,0,2,1
RipVIS-109_00624.jpg,899,RipVIS-109,0,2,1
RipVIS-143_00744.jpg,900,RipVIS-143,0,2,1
RipVIS-026_00187.jpg,901,RipVIS-026,0,2,1
RipVIS-001_00197.jpg,902,RipVIS-001,0,1,1
RipVIS-109_00258.jpg,903,RipVIS-109,0,2,1
RipVIS-079_01410.jpg,904,RipVIS-079,0,2,1
RipVIS-046_00324.jpg,905,RipVIS-046,0,2,1
RipVIS-143_00288.jpg,906,RipVIS-143,0,1,1
RipVIS-143_01104.jpg,907,RipVIS-143,0,2,1
RipVIS-026_00015.jpg,908,RipVIS-026,0,2,1
RipVIS-090_00084.jpg,909,RipVIS-090,0,3,1
RipVIS-026_00213.jpg,910,RipVIS-026,0,2,1
RipVIS-134_00300.jpg,911,RipVIS-134,0,1,1
RipVIS-NR-022_01140.jpg,912,RipVIS-NR-022,1,0,0
RipVIS-143_01380.jpg,913,RipVIS-143,0,3,1
RipVIS-109_00456.jpg,914,RipVIS-109,0,2,1
RipVIS-109_00216.jpg,915,RipVIS-109,0,2,1
RipVIS-108_00318.jpg,916,RipVIS-108,0,2,1
RipVIS-079_00732.jpg,917,RipVIS-079,0,2,1
RipVIS-079_01314.jpg,918,RipVIS-079,0,2,1
RipVIS-102_00240.jpg,919,RipVIS-102,0,2,1
RipVIS-001_00048.jpg,920,RipVIS-001,0,1,1
RipVIS-NR-024_01122.jpg,921,RipVIS-NR-024,1,0,0
RipVIS-007_00005.jpg,922,RipVIS-007,0,2,1
RipVIS-001_00121.jpg,923,RipVIS-001,0,1,1
RipVIS-NR-024_00516.jpg,924,RipVIS-NR-024,1,0,0
RipVIS-079_02142.jpg,925,RipVIS-079,0,2,1
RipVIS-143_00024.jpg,926,RipVIS-143,0,1,1
RipVIS-NR-024_00378.jpg,927,RipVIS-NR-024,1,0,0
RipVIS-NR-020_01704.jpg,928,RipVIS-NR-020,1,0,0
RipVIS-001_00189.jpg,929,RipVIS-001,0,1,1
RipVIS-026_00094.jpg,930,RipVIS-026,0,2,1
RipVIS-026_00224.jpg,931,RipVIS-026,0,2,1
RipVIS-108_01434.jpg,932,RipVIS-108,0,2,1
RipVIS-053_00252.jpg,933,RipVIS-053,0,1,1
RipVIS-143_01260.jpg,934,RipVIS-143,0,2,1
RipVIS-129_00810.jpg,935,RipVIS-129,0,1,1
RipVIS-NR-020_00336.jpg,936,RipVIS-NR-020,1,0,0
RipVIS-001_00047.jpg,937,RipVIS-001,0,1,1
RipVIS-108_00294.jpg,938,RipVIS-108,0,2,1
RipVIS-NR-020_01632.jpg,939,RipVIS-NR-020,1,0,0
RipVIS-108_01032.jpg,940,RipVIS-108,0,2,1
RipVIS-026_00070.jpg,941,RipVIS-026,0,2,1
RipVIS-NR-004_00102.jpg,942,RipVIS-NR-004,1,0,0
RipVIS-NR-022_01182.jpg,943,RipVIS-NR-022,1,0,0
RipVIS-039_00037.jpg,944,RipVIS-039,0,2,1
RipVIS-108_00276.jpg,945,RipVIS-108,0,2,1
RipVIS-NR-022_00960.jpg,946,RipVIS-NR-022,1,0,0
RipVIS-143_00240.jpg,947,RipVIS-143,0,1,1
RipVIS-143_00216.jpg,948,RipVIS-143,0,1,1
RipVIS-066_00265.jpg,949,RipVIS-066,0,1,1
RipVIS-079_00234.jpg,950,RipVIS-079,0,2,1
RipVIS-NR-020_00252.jpg,951,RipVIS-NR-020,1,0,0
RipVIS-067_00042.jpg,952,RipVIS-067,0,2,1
RipVIS-129_00660.jpg,953,RipVIS-129,0,1,1
RipVIS-044_00066.jpg,954,RipVIS-044,0,1,1
RipVIS-NR-026_00738.jpg,955,RipVIS-NR-026,1,0,0
RipVIS-026_00215.jpg,956,RipVIS-026,0,2,1
RipVIS-079_00792.jpg,957,RipVIS-079,0,2,1
RipVIS-079_01122.jpg,958,RipVIS-079,0,2,1
RipVIS-NR-022_01602.jpg,959,RipVIS-NR-022,1,0,0
RipVIS-NR-026_00984.jpg,960,RipVIS-NR-026,1,0,0
RipVIS-NR-019_00600.jpg,961,RipVIS-NR-019,1,0,0
RipVIS-108_01278.jpg,962,RipVIS-108,0,2,1
RipVIS-014_00127.jpg,963,RipVIS-014,0,1,1
RipVIS-NR-024_01464.jpg,964,RipVIS-NR-024,1,0,0
RipVIS-NR-004_00144.jpg,965,RipVIS-NR-004,1,0,0
RipVIS-001_00021.jpg,966,RipVIS-001,0,1,1
RipVIS-066_00400.jpg,967,RipVIS-066,0,1,1
RipVIS-059_00042.jpg,968,RipVIS-059,0,1,1
RipVIS-NR-024_00102.jpg,969,RipVIS-NR-024,1,0,0
RipVIS-079_00774.jpg,970,RipVIS-079,0,2,1
RipVIS-014_00121.jpg,971,RipVIS-014,0,1,1
RipVIS-NR-022_01236.jpg,972,RipVIS-NR-022,1,0,0
RipVIS-NR-004_00048.jpg,973,RipVIS-NR-004,1,0,0
RipVIS-014_00082.jpg,974,RipVIS-014,0,1,1
RipVIS-NR-024_00846.jpg,975,RipVIS-NR-024,1,0,0
RipVIS-NR-024_01428.jpg,976,RipVIS-NR-024,1,0,0
RipVIS-079_00312.jpg,977,RipVIS-079,0,2,1
RipVIS-NR-024_00324.jpg,978,RipVIS-NR-024,1,0,0
RipVIS-059_00114.jpg,979,RipVIS-059,0,1,1
RipVIS-072_00030.jpg,980,RipVIS-072,0,1,1
RipVIS-NR-022_00030.jpg,981,RipVIS-NR-022,1,0,0
RipVIS-012_00064.jpg,982,RipVIS-012,0,1,1
RipVIS-066_00520.jpg,983,RipVIS-066,0,1,1
RipVIS-NR-026_00084.jpg,984,RipVIS-NR-026,1,0,0
RipVIS-079_00786.jpg,985,RipVIS-079,0,2,1
RipVIS-079_02112.jpg,986,RipVIS-079,0,2,1
RipVIS-NR-020_01182.jpg,987,RipVIS-NR-020,1,0,0
RipVIS-108_01452.jpg,988,RipVIS-108,0,2,1
RipVIS-NR-024_00030.jpg,989,RipVIS-NR-024,1,0,0
RipVIS-053_00516.jpg,990,RipVIS-053,0,1,1
RipVIS-108_00150.jpg,991,RipVIS-108,0,2,1
RipVIS-NR-026_00258.jpg,992,RipVIS-NR-026,1,0,0
RipVIS-NR-024_01056.jpg,993,RipVIS-NR-024,1,0,0
RipVIS-102_00018.jpg,994,RipVIS-102,0,2,1
RipVIS-NR-020_00666.jpg,995,RipVIS-NR-020,1,0,0
RipVIS-053_00042.jpg,996,RipVIS-053,0,1,1
RipVIS-001_00143.jpg,997,RipVIS-001,0,1,1
RipVIS-NR-026_00378.jpg,998,RipVIS-NR-026,1,0,0
RipVIS-102_00504.jpg,999,RipVIS-102,0,2,1
RipVIS-001_00170.jpg,1000,RipVIS-001,0,1,1
RipVIS-066_00015.jpg,1001,RipVIS-066,0,1,1
RipVIS-NR-020_01236.jpg,1002,RipVIS-NR-020,1,0,0
RipVIS-143_00408.jpg,1003,RipVIS-143,0,1,1
RipVIS-108_00078.jpg,1004,RipVIS-108,0,2,1
RipVIS-NR-019_00234.jpg,1005,RipVIS-NR-019,1,0,0
RipVIS-066_00540.jpg,1006,RipVIS-066,0,1,1
RipVIS-001_00127.jpg,1007,RipVIS-001,0,1,1
RipVIS-NR-020_01836.jpg,1008,RipVIS-NR-020,1,0,0
RipVIS-026_00274.jpg,1009,RipVIS-026,0,2,1
RipVIS-NR-022_00846.jpg,1010,RipVIS-NR-022,1,0,0
RipVIS-053_00414.jpg,1011,RipVIS-053,0,1,1
RipVIS-NR-022_01296.jpg,1012,RipVIS-NR-022,1,0,0
RipVIS-026_00146.jpg,1013,RipVIS-026,0,2,1
RipVIS-143_00492.jpg,1014,RipVIS-143,0,1,1
RipVIS-137_00000.jpg,1015,RipVIS-137,0,1,1
RipVIS-079_00678.jpg,1016,RipVIS-079,0,2,1
RipVIS-NR-022_00504.jpg,1017,RipVIS-NR-022,1,0,0
RipVIS-NR-022_01716.jpg,1018,RipVIS-NR-022,1,0,0
RipVIS-001_00144.jpg,1019,RipVIS-001,0,1,1
RipVIS-044_00600.jpg,1020,RipVIS-044,0,1,1
RipVIS-NR-004_00204.jpg,1021,RipVIS-NR-004,1,0,0
RipVIS-014_00106.jpg,1022,RipVIS-014,0,1,1
RipVIS-NR-019_00240.jpg,1023,RipVIS-NR-019,1,0,0
RipVIS-026_00006.jpg,1024,RipVIS-026,0,2,1
RipVIS-066_00270.jpg,1025,RipVIS-066,0,1,1
RipVIS-NR-022_00192.jpg,1026,RipVIS-NR-022,1,0,0
RipVIS-079_01248.jpg,1027,RipVIS-079,0,2,1
RipVIS-108_01656.jpg,1028,RipVIS-108,0,2,1
RipVIS-066_00030.jpg,1029,RipVIS-066,0,1,1
RipVIS-007_00057.jpg,1030,RipVIS-007,0,2,1
RipVIS-053_00426.jpg,1031,RipVIS-053,0,1,1
RipVIS-NR-020_01458.jpg,1032,RipVIS-NR-020,1,0,0
RipVIS-NR-022_00396.jpg,1033,RipVIS-NR-022,1,0,0
RipVIS-024_00075.jpg,1034,RipVIS-024,0,1,1
RipVIS-NR-020_01224.jpg,1035,RipVIS-NR-020,1,0,0
RipVIS-108_00000.jpg,1036,RipVIS-108,0,2,1
RipVIS-001_00019.jpg,1037,RipVIS-001,0,1,1
RipVIS-001_00130.jpg,1038,RipVIS-001,0,1,1
RipVIS-079_01194.jpg,1039,RipVIS-079,0,2,1
RipVIS-024_00059.jpg,1040,RipVIS-024,0,1,1
RipVIS-014_00099.jpg,1041,RipVIS-014,0,1,1
RipVIS-143_00600.jpg,1042,RipVIS-143,0,1,1
RipVIS-NR-026_00966.jpg,1043,RipVIS-NR-026,1,0,0
RipVIS-NR-020_00222.jpg,1044,RipVIS-NR-020,1,0,0
RipVIS-109_00168.jpg,1045,RipVIS-109,0,2,1
RipVIS-143_01200.jpg,1046,RipVIS-143,0,2,1
RipVIS-NR-004_00234.jpg,1047,RipVIS-NR-004,1,0,0
RipVIS-044_00306.jpg,1048,RipVIS-044,0,1,1
RipVIS-NR-019_00720.jpg,1049,RipVIS-NR-019,1,0,0
RipVIS-079_00246.jpg,1050,RipVIS-079,0,2,1
RipVIS-108_01854.jpg,1051,RipVIS-108,0,2,1
RipVIS-001_00140.jpg,1052,RipVIS-001,0,1,1
RipVIS-079_01200.jpg,1053,RipVIS-079,0,2,1
RipVIS-108_00774.jpg,1054,RipVIS-108,0,2,1
RipVIS-108_01662.jpg,1055,RipVIS-108,0,2,1
RipVIS-NR-020_02274.jpg,1056,RipVIS-NR-020,1,0,0
RipVIS-NR-020_00816.jpg,1057,RipVIS-NR-020,1,0,0
RipVIS-NR-022_01398.jpg,1058,RipVIS-NR-022,1,0,0
RipVIS-108_01092.jpg,1059,RipVIS-108,0,2,1
RipVIS-NR-022_01392.jpg,1060,RipVIS-NR-022,1,0,0
RipVIS-046_00582.jpg,1061,RipVIS-046,0,2,1
RipVIS-066_00370.jpg,1062,RipVIS-066,0,1,1
RipVIS-079_01086.jpg,1063,RipVIS-079,0,2,1
RipVIS-014_00105.jpg,1064,RipVIS-014,0,1,1
RipVIS-NR-019_00156.jpg,1065,RipVIS-NR-019,1,0,0
RipVIS-NR-024_00606.jpg,1066,RipVIS-NR-024,1,0,0
RipVIS-NR-020_02346.jpg,1067,RipVIS-NR-020,1,0,0
RipVIS-NR-020_01488.jpg,1068,RipVIS-NR-020,1,0,0
RipVIS-079_01524.jpg,1069,RipVIS-079,0,2,1
RipVIS-026_00174.jpg,1070,RipVIS-026,0,2,1
RipVIS-108_00006.jpg,1071,RipVIS-108,0,2,1
RipVIS-NR-004_00264.jpg,1072,RipVIS-NR-004,1,0,0
RipVIS-NR-020_00036.jpg,1073,RipVIS-NR-020,1,0,0
RipVIS-012_00012.jpg,1074,RipVIS-012,0,1,1
RipVIS-NR-020_01170.jpg,1075,RipVIS-NR-020,1,0,0
RipVIS-108_01332.jpg,1076,RipVIS-108,0,2,1
RipVIS-108_00726.jpg,1077,RipVIS-108,0,2,1
RipVIS-079_02028.jpg,1078,RipVIS-079,0,2,1
RipVIS-102_00228.jpg,1079,RipVIS-102,0,2,1
RipVIS-102_00144.jpg,1080,RipVIS-102,0,2,1
RipVIS-059_00216.jpg,1081,RipVIS-059,0,1,1
RipVIS-109_00240.jpg,1082,RipVIS-109,0,2,1
RipVIS-026_00225.jpg,1083,RipVIS-026,0,2,1
RipVIS-129_00420.jpg,1084,RipVIS-129,0,1,1
RipVIS-059_00132.jpg,1085,RipVIS-059,0,1,1
RipVIS-NR-020_00120.jpg,1086,RipVIS-NR-020,1,0,0
RipVIS-044_00240.jpg,1087,RipVIS-044,0,1,1
RipVIS-046_00618.jpg,1088,RipVIS-046,0,2,1
RipVIS-NR-026_00858.jpg,1089,RipVIS-NR-026,1,0,0
RipVIS-012_00035.jpg,1090,RipVIS-012,0,1,1
RipVIS-NR-024_01026.jpg,1091,RipVIS-NR-024,1,0,0
RipVIS-012_00013.jpg,1092,RipVIS-012,0,1,1
RipVIS-001_00066.jpg,1093,RipVIS-001,0,1,1
RipVIS-NR-024_00714.jpg,1094,RipVIS-NR-024,1,0,0
RipVIS-044_00288.jpg,1095,RipVIS-044,0,1,1
RipVIS-079_00156.jpg,1096,RipVIS-079,0,2,1
RipVIS-026_00050.jpg,1097,RipVIS-026,0,2,1
RipVIS-NR-020_01446.jpg,1098,RipVIS-NR-020,1,0,0
RipVIS-066_00315.jpg,1099,RipVIS-066,0,1,1
RipVIS-059_00180.jpg,1100,RipVIS-059,0,1,1
RipVIS-147_00150.jpg,1101,RipVIS-147,0,1,1
RipVIS-044_00498.jpg,1102,RipVIS-044,0,1,1
RipVIS-066_00275.jpg,1103,RipVIS-066,0,1,1
RipVIS-079_00642.jpg,1104,RipVIS-079,0,2,1
RipVIS-046_00150.jpg,1105,RipVIS-046,0,1,1
RipVIS-NR-020_00186.jpg,1106,RipVIS-NR-020,1,0,0
RipVIS-014_00066.jpg,1107,RipVIS-014,0,1,1
RipVIS-066_00060.jpg,1108,RipVIS-066,0,1,1
RipVIS-014_00061.jpg,1109,RipVIS-014,0,1,1
RipVIS-046_00984.jpg,1110,RipVIS-046,0,2,1
RipVIS-129_02010.jpg,1111,RipVIS-129,0,1,1
RipVIS-NR-019_00792.jpg,1112,RipVIS-NR-019,1,0,0
RipVIS-NR-024_00018.jpg,1113,RipVIS-NR-024,1,0,0
RipVIS-128_00450.jpg,1114,RipVIS-128,0,1,1
RipVIS-NR-024_01626.jpg,1115,RipVIS-NR-024,1,0,0
RipVIS-108_00672.jpg,1116,RipVIS-108,0,2,1
RipVIS-NR-024_01212.jpg,1117,RipVIS-NR-024,1,0,0
RipVIS-026_00261.jpg,1118,RipVIS-026,0,2,1
RipVIS-129_02040.jpg,1119,RipVIS-129,0,1,1
RipVIS-NR-020_01422.jpg,1120,RipVIS-NR-020,1,0,0
RipVIS-001_00138.jpg,1121,RipVIS-001,0,1,1
RipVIS-NR-020_01296.jpg,1122,RipVIS-NR-020,1,0,0
RipVIS-NR-026_00906.jpg,1123,RipVIS-NR-026,1,0,0
RipVIS-108_00378.jpg,1124,RipVIS-108,0,2,1
RipVIS-066_00190.jpg,1125,RipVIS-066,0,1,1
RipVIS-079_00948.jpg,1126,RipVIS-079,0,2,1
RipVIS-026_00148.jpg,1127,RipVIS-026,0,2,1
RipVIS-001_00089.jpg,1128,RipVIS-001,0,1,1
RipVIS-108_00702.jpg,1129,RipVIS-108,0,2,1
RipVIS-108_01830.jpg,1130,RipVIS-108,0,2,1
RipVIS-NR-019_00126.jpg,1131,RipVIS-NR-019,1,0,0
RipVIS-NR-004_00342.jpg,1132,RipVIS-NR-004,1,0,0
RipVIS-129_00720.jpg,1133,RipVIS-129,0,1,1
RipVIS-143_00204.jpg,1134,RipVIS-143,0,1,1
RipVIS-079_02082.jpg,1135,RipVIS-079,0,2,1
RipVIS-NR-004_00576.jpg,1136,RipVIS-NR-004,1,0,0
RipVIS-090_00408.jpg,1137,RipVIS-090,0,1,1
RipVIS-079_00462.jpg,1138,RipVIS-079,0,2,1
RipVIS-133_00090.jpg,1139,RipVIS-133,0,2,1
RipVIS-NR-019_00420.jpg,1140,RipVIS-NR-019,1,0,0
RipVIS-014_00057.jpg,1141,RipVIS-014,0,1,1
RipVIS-129_00270.jpg,1142,RipVIS-129,0,1,1
RipVIS-NR-022_00894.jpg,1143,RipVIS-NR-022,1,0,0
RipVIS-012_00048.jpg,1144,RipVIS-012,0,1,1
RipVIS-108_00858.jpg,1145,RipVIS-108,0,2,1
RipVIS-079_01644.jpg,1146,RipVIS-079,0,2,1
RipVIS-146_00510.jpg,1147,RipVIS-146,0,1,1
RipVIS-090_00636.jpg,1148,RipVIS-090,0,2,1
RipVIS-NR-024_00978.jpg,1149,RipVIS-NR-024,1,0,0
RipVIS-NR-019_00348.jpg,1150,RipVIS-NR-019,1,0,0
RipVIS-012_00069.jpg,1151,RipVIS-012,0,1,1
RipVIS-137_00120.jpg,1152,RipVIS-137,0,1,1
RipVIS-NR-020_00738.jpg,1153,RipVIS-NR-020,1,0,0
RipVIS-001_00004.jpg,1154,RipVIS-001,0,1,1
RipVIS-NR-022_01644.jpg,1155,RipVIS-NR-022,1,0,0
RipVIS-NR-019_00492.jpg,1156,RipVIS-NR-019,1,0,0
RipVIS-143_01140.jpg,1157,RipVIS-143,0,2,1
RipVIS-079_00726.jpg,1158,RipVIS-079,0,2,1
RipVIS-NR-020_00294.jpg,1159,RipVIS-NR-020,1,0,0
RipVIS-001_00061.jpg,1160,RipVIS-001,0,1,1
RipVIS-053_00228.jpg,1161,RipVIS-053,0,1,1
RipVIS-053_00408.jpg,1162,RipVIS-053,0,1,1
RipVIS-NR-024_01596.jpg,1163,RipVIS-NR-024,1,0,0
RipVIS-044_00372.jpg,1164,RipVIS-044,0,1,1
RipVIS-NR-020_00558.jpg,1165,RipVIS-NR-020,1,0,0
RipVIS-102_00552.jpg,1166,RipVIS-102,0,2,1
RipVIS-108_00822.jpg,1167,RipVIS-108,0,2,1
RipVIS-012_00045.jpg,1168,RipVIS-012,0,1,1
RipVIS-NR-024_01368.jpg,1169,RipVIS-NR-024,1,0,0
RipVIS-079_00954.jpg,1170,RipVIS-079,0,2,1
RipVIS-NR-024_01698.jpg,1171,RipVIS-NR-024,1,0,0
RipVIS-NR-020_00912.jpg,1172,RipVIS-NR-020,1,0,0
RipVIS-102_00570.jpg,1173,RipVIS-102,0,2,1
RipVIS-NR-020_01560.jpg,1174,RipVIS-NR-020,1,0,0
RipVIS-NR-024_00762.jpg,1175,RipVIS-NR-024,1,0,0
RipVIS-026_00156.jpg,1176,RipVIS-026,0,2,1
RipVIS-NR-020_00564.jpg,1177,RipVIS-NR-020,1,0,0
RipVIS-014_00144.jpg,1178,RipVIS-014,0,1,1
RipVIS-NR-004_00378.jpg,1179,RipVIS-NR-004,1,0,0
RipVIS-026_00214.jpg,1180,RipVIS-026,0,2,1
RipVIS-014_00142.jpg,1181,RipVIS-014,0,1,1
RipVIS-102_00516.jpg,1182,RipVIS-102,0,2,1
RipVIS-NR-020_00984.jpg,1183,RipVIS-NR-020,1,0,0
RipVIS-108_01788.jpg,1184,RipVIS-108,0,2,1
RipVIS-066_00505.jpg,1185,RipVIS-066,0,1,1
RipVIS-014_00046.jpg,1186,RipVIS-014,0,1,1
RipVIS-026_00277.jpg,1187,RipVIS-026,0,2,1
RipVIS-NR-020_01476.jpg,1188,RipVIS-NR-020,1,0,0
RipVIS-NR-019_00516.jpg,1189,RipVIS-NR-019,1,0,0
RipVIS-NR-024_01722.jpg,1190,RipVIS-NR-024,1,0,0
RipVIS-129_01440.jpg,1191,RipVIS-129,0,1,1
RipVIS-NR-022_00090.jpg,1192,RipVIS-NR-022,1,0,0
RipVIS-NR-026_00036.jpg,1193,RipVIS-NR-026,1,0,0
RipVIS-NR-024_01392.jpg,1194,RipVIS-NR-024,1,0,0
RipVIS-053_00534.jpg,1195,RipVIS-053,0,1,1
RipVIS-001_00161.jpg,1196,RipVIS-001,0,1,1
RipVIS-109_00360.jpg,1197,RipVIS-109,0,2,1
RipVIS-053_00522.jpg,1198,RipVIS-053,0,1,1
RipVIS-NR-024_01710.jpg,1199,RipVIS-NR-024,1,0,0
RipVIS-NR-019_00144.jpg,1200,RipVIS-NR-019,1,0,0
RipVIS-NR-004_00174.jpg,1201,RipVIS-NR-004,1,0,0
RipVIS-014_00020.jpg,1202,RipVIS-014,0,1,1
RipVIS-NR-026_01074.jpg,1203,RipVIS-NR-026,1,0,0
RipVIS-053_00378.jpg,1204,RipVIS-053,0,1,1
RipVIS-026_00054.jpg,1205,RipVIS-026,0,2,1
RipVIS-109_00426.jpg,1206,RipVIS-109,0,2,1
RipVIS-012_00078.jpg,1207,RipVIS-012,0,1,1
RipVIS-NR-022_00816.jpg,1208,RipVIS-NR-022,1,0,0
RipVIS-NR-024_00504.jpg,1209,RipVIS-NR-024,1,0,0
RipVIS-NR-026_00354.jpg,1210,RipVIS-NR-026,1,0,0
RipVIS-NR-024_01458.jpg,1211,RipVIS-NR-024,1,0,0
RipVIS-026_00175.jpg,1212,RipVIS-026,0,2,1
RipVIS-015_00030.jpg,1213,RipVIS-015,0,1,1
RipVIS-NR-022_01224.jpg,1214,RipVIS-NR-022,1,0,0
RipVIS-046_00852.jpg,1215,RipVIS-046,0,2,1
RipVIS-109_00384.jpg,1216,RipVIS-109,0,2,1
RipVIS-109_00414.jpg,1217,RipVIS-109,0,2,1
RipVIS-121_00150.jpg,1218,RipVIS-121,0,1,1
RipVIS-NR-019_00828.jpg,1219,RipVIS-NR-019,1,0,0
RipVIS-024_00006.jpg,1220,RipVIS-024,0,1,1
RipVIS-143_00828.jpg,1221,RipVIS-143,0,2,1
RipVIS-108_01944.jpg,1222,RipVIS-108,0,2,1
RipVIS-079_01794.jpg,1223,RipVIS-079,0,2,1
RipVIS-108_00780.jpg,1224,RipVIS-108,0,2,1
RipVIS-046_00330.jpg,1225,RipVIS-046,0,2,1
RipVIS-108_01476.jpg,1226,RipVIS-108,0,2,1
RipVIS-026_00142.jpg,1227,RipVIS-026,0,2,1
RipVIS-079_01044.jpg,1228,RipVIS-079,0,2,1
RipVIS-NR-024_00936.jpg,1229,RipVIS-NR-024,1,0,0
RipVIS-014_00017.jpg,1230,RipVIS-014,0,1,1
RipVIS-024_00051.jpg,1231,RipVIS-024,0,1,1
RipVIS-108_01542.jpg,1232,RipVIS-108,0,2,1
RipVIS-129_00570.jpg,1233,RipVIS-129,0,1,1
RipVIS-044_00228.jpg,1234,RipVIS-044,0,1,1
RipVIS-079_00174.jpg,1235,RipVIS-079,0,2,1
RipVIS-001_00006.jpg,1236,RipVIS-001,0,1,1
RipVIS-079_00018.jpg,1237,RipVIS-079,0,2,1
RipVIS-108_01020.jpg,1238,RipVIS-108,0,2,1
RipVIS-NR-004_00096.jpg,1239,RipVIS-NR-004,1,0,0
RipVIS-026_00199.jpg,1240,RipVIS-026,0,2,1
RipVIS-090_00540.jpg,1241,RipVIS-090,0,2,1
RipVIS-NR-020_00384.jpg,1242,RipVIS-NR-020,1,0,0
RipVIS-NR-022_00978.jpg,1243,RipVIS-NR-022,1,0,0
RipVIS-066_00295.jpg,1244,RipVIS-066,0,1,1
RipVIS-NR-022_01692.jpg,1245,RipVIS-NR-022,1,0,0
RipVIS-026_00027.jpg,1246,RipVIS-026,0,2,1
RipVIS-079_00222.jpg,1247,RipVIS-079,0,2,1
RipVIS-079_00258.jpg,1248,RipVIS-079,0,2,1
RipVIS-026_00162.jpg,1249,RipVIS-026,0,2,1
RipVIS-108_00474.jpg,1250,RipVIS-108,0,2,1
RipVIS-044_00096.jpg,1251,RipVIS-044,0,1,1
RipVIS-NR-024_00474.jpg,1252,RipVIS-NR-024,1,0,0
RipVIS-NR-004_00354.jpg,1253,RipVIS-NR-004,1,0,0
RipVIS-012_00065.jpg,1254,RipVIS-012,0,1,1
RipVIS-NR-024_01488.jpg,1255,RipVIS-NR-024,1,0,0
RipVIS-090_00600.jpg,1256,RipVIS-090,0,2,1
RipVIS-108_01638.jpg,1257,RipVIS-108,0,2,1
RipVIS-046_00186.jpg,1258,RipVIS-046,0,2,1
RipVIS-046_00474.jpg,1259,RipVIS-046,0,2,1
RipVIS-066_00605.jpg,1260,RipVIS-066,0,1,1
RipVIS-NR-024_00366.jpg,1261,RipVIS-NR-024,1,0,0
RipVIS-NR-022_00222.jpg,1262,RipVIS-NR-022,1,0,0
RipVIS-014_00050.jpg,1263,RipVIS-014,0,1,1
RipVIS-024_00050.jpg,1264,RipVIS-024,0,1,1
RipVIS-109_00504.jpg,1265,RipVIS-109,0,2,1
RipVIS-NR-024_00912.jpg,1266,RipVIS-NR-024,1,0,0
RipVIS-026_00194.jpg,1267,RipVIS-026,0,2,1
RipVIS-NR-024_01446.jpg,1268,RipVIS-NR-024,1,0,0
RipVIS-133_00300.jpg,1269,RipVIS-133,0,2,1
RipVIS-NR-024_01422.jpg,1270,RipVIS-NR-024,1,0,0
RipVIS-NR-024_00822.jpg,1271,RipVIS-NR-024,1,0,0
RipVIS-NR-024_01788.jpg,1272,RipVIS-NR-024,1,0,0
RipVIS-079_00438.jpg,1273,RipVIS-079,0,2,1
RipVIS-NR-020_01218.jpg,1274,RipVIS-NR-020,1,0,0
RipVIS-NR-022_01308.jpg,1275,RipVIS-NR-022,1,0,0
RipVIS-079_01722.jpg,1276,RipVIS-079,0,2,1
RipVIS-066_00320.jpg,1277,RipVIS-066,0,1,1
RipVIS-026_00043.jpg,1278,RipVIS-026,0,2,1
RipVIS-NR-020_00450.jpg,1279,RipVIS-NR-020,1,0,0
RipVIS-044_00300.jpg,1280,RipVIS-044,0,1,1
RipVIS-079_02250.jpg,1281,RipVIS-079,0,2,1
RipVIS-046_00228.jpg,1282,RipVIS-046,0,2,1
RipVIS-072_00024.jpg,1283,RipVIS-072,0,1,1
RipVIS-079_00870.jpg,1284,RipVIS-079,0,2,1
RipVIS-133_00120.jpg,1285,RipVIS-133,0,2,1
RipVIS-NR-024_00636.jpg,1286,RipVIS-NR-024,1,0,0
RipVIS-NR-022_01008.jpg,1287,RipVIS-NR-022,1,0,0
RipVIS-NR-022_01146.jpg,1288,RipVIS-NR-022,1,0,0
RipVIS-NR-022_01422.jpg,1289,RipVIS-NR-022,1,0,0
RipVIS-026_00111.jpg,1290,RipVIS-026,0,2,1
RipVIS-NR-019_00060.jpg,1291,RipVIS-NR-019,1,0,0
RipVIS-102_00750.jpg,1292,RipVIS-102,0,2,1
RipVIS-109_00570.jpg,1293,RipVIS-109,0,2,1
RipVIS-079_02064.jpg,1294,RipVIS-079,0,2,1
RipVIS-108_01668.jpg,1295,RipVIS-108,0,2,1
RipVIS-079_02244.jpg,1296,RipVIS-079,0,2,1
RipVIS-NR-020_01434.jpg,1297,RipVIS-NR-020,1,0,0
RipVIS-079_02058.jpg,1298,RipVIS-079,0,2,1
RipVIS-NR-020_01584.jpg,1299,RipVIS-NR-020,1,0,0
RipVIS-044_00384.jpg,1300,RipVIS-044,0,1,1
RipVIS-102_00756.jpg,1301,RipVIS-102,0,2,1
RipVIS-079_01164.jpg,1302,RipVIS-079,0,2,1
RipVIS-014_00175.jpg,1303,RipVIS-014,0,1,1
RipVIS-014_00137.jpg,1304,RipVIS-014,0,1,1
RipVIS-044_00540.jpg,1305,RipVIS-044,0,1,1
RipVIS-079_02196.jpg,1306,RipVIS-079,0,2,1
RipVIS-NR-022_01674.jpg,1307,RipVIS-NR-022,1,0,0
RipVIS-066_00430.jpg,1308,RipVIS-066,0,1,1
RipVIS-NR-026_00696.jpg,1309,RipVIS-NR-026,1,0,0
RipVIS-NR-024_00942.jpg,1310,RipVIS-NR-024,1,0,0
RipVIS-026_00155.jpg,1311,RipVIS-026,0,2,1
RipVIS-012_00046.jpg,1312,RipVIS-012,0,1,1
RipVIS-079_00240.jpg,1313,RipVIS-079,0,2,1
RipVIS-014_00132.jpg,1314,RipVIS-014,0,1,1
RipVIS-046_00378.jpg,1315,RipVIS-046,0,2,1
RipVIS-001_00013.jpg,1316,RipVIS-001,0,1,1
RipVIS-024_00030.jpg,1317,RipVIS-024,0,1,1
RipVIS-026_00112.jpg,1318,RipVIS-026,0,2,1
RipVIS-044_00258.jpg,1319,RipVIS-044,0,1,1
RipVIS-NR-024_00894.jpg,1320,RipVIS-NR-024,1,0,0
RipVIS-001_00124.jpg,1321,RipVIS-001,0,1,1
RipVIS-066_00390.jpg,1322,RipVIS-066,0,1,1
RipVIS-108_01770.jpg,1323,RipVIS-108,0,2,1
RipVIS-NR-020_01050.jpg,1324,RipVIS-NR-020,1,0,0
RipVIS-046_00276.jpg,1325,RipVIS-046,0,2,1
RipVIS-108_01200.jpg,1326,RipVIS-108,0,2,1
RipVIS-066_00325.jpg,1327,RipVIS-066,0,1,1
RipVIS-015_00000.jpg,1328,RipVIS-015,0,1,1
RipVIS-NR-019_00816.jpg,1329,RipVIS-NR-019,1,0,0
RipVIS-001_00115.jpg,1330,RipVIS-001,0,1,1
RipVIS-NR-026_01026.jpg,1331,RipVIS-NR-026,1,0,0
RipVIS-001_00150.jpg,1332,RipVIS-001,0,1,1
RipVIS-012_00067.jpg,1333,RipVIS-012,0,1,1
RipVIS-044_00354.jpg,1334,RipVIS-044,0,1,1
RipVIS-NR-022_01446.jpg,1335,RipVIS-NR-022,1,0,0
RipVIS-014_00072.jpg,1336,RipVIS-014,0,1,1
RipVIS-044_00222.jpg,1337,RipVIS-044,0,1,1
RipVIS-102_00606.jpg,1338,RipVIS-102,0,2,1
RipVIS-129_01680.jpg,1339,RipVIS-129,0,1,1
RipVIS-NR-019_00840.jpg,1340,RipVIS-NR-019,1,0,0
RipVIS-090_00468.jpg,1341,RipVIS-090,0,1,1
RipVIS-079_00852.jpg,1342,RipVIS-079,0,2,1
RipVIS-NR-020_01974.jpg,1343,RipVIS-NR-020,1,0,0
RipVIS-079_00048.jpg,1344,RipVIS-079,0,2,1
RipVIS-NR-020_01668.jpg,1345,RipVIS-NR-020,1,0,0
RipVIS-001_00136.jpg,1346,RipVIS-001,0,1,1
RipVIS-108_01356.jpg,1347,RipVIS-108,0,2,1
RipVIS-NR-024_00774.jpg,1348,RipVIS-NR-024,1,0,0
RipVIS-001_00139.jpg,1349,RipVIS-001,0,1,1
RipVIS-024_00036.jpg,1350,RipVIS-024,0,1,1
RipVIS-053_00282.jpg,1351,RipVIS-053,0,1,1
RipVIS-053_00402.jpg,1352,RipVIS-053,0,1,1
RipVIS-026_00098.jpg,1353,RipVIS-026,0,2,1
RipVIS-024_00063.jpg,1354,RipVIS-024,0,1,1
RipVIS-026_00192.jpg,1355,RipVIS-026,0,2,1
RipVIS-102_00564.jpg,1356,RipVIS-102,0,2,1
RipVIS-137_00150.jpg,1357,RipVIS-137,0,1,1
RipVIS-NR-020_01080.jpg,1358,RipVIS-NR-020,1,0,0
RipVIS-109_00054.jpg,1359,RipVIS-109,0,2,1
RipVIS-NR-024_00828.jpg,1360,RipVIS-NR-024,1,0,0
RipVIS-NR-024_01074.jpg,1361,RipVIS-NR-024,1,0,0
RipVIS-108_01248.jpg,1362,RipVIS-108,0,2,1
RipVIS-NR-022_00066.jpg,1363,RipVIS-NR-022,1,0,0
RipVIS-079_02154.jpg,1364,RipVIS-079,0,2,1
RipVIS-053_00390.jpg,1365,RipVIS-053,0,1,1
RipVIS-026_00079.jpg,1366,RipVIS-026,0,2,1
RipVIS-046_00210.jpg,1367,RipVIS-046,0,2,1
RipVIS-079_01080.jpg,1368,RipVIS-079,0,2,1
RipVIS-NR-022_01086.jpg,1369,RipVIS-NR-022,1,0,0
RipVIS-026_00267.jpg,1370,RipVIS-026,0,2,1
RipVIS-NR-022_01506.jpg,1371,RipVIS-NR-022,1,0,0
RipVIS-079_00816.jpg,1372,RipVIS-079,0,2,1
RipVIS-079_02004.jpg,1373,RipVIS-079,0,2,1
RipVIS-026_00196.jpg,1374,RipVIS-026,0,2,1
RipVIS-059_00078.jpg,1375,RipVIS-059,0,1,1
RipVIS-NR-004_00216.jpg,1376,RipVIS-NR-004,1,0,0
RipVIS-066_00560.jpg,1377,RipVIS-066,0,1,1
RipVIS-NR-026_01110.jpg,1378,RipVIS-NR-026,1,0,0
RipVIS-066_00010.jpg,1379,RipVIS-066,0,1,1
RipVIS-NR-019_00150.jpg,1380,RipVIS-NR-019,1,0,0
RipVIS-001_00030.jpg,1381,RipVIS-001,0,1,1
RipVIS-079_00630.jpg,1382,RipVIS-079,0,2,1
RipVIS-053_00432.jpg,1383,RipVIS-053,0,1,1
RipVIS-146_00270.jpg,1384,RipVIS-146,0,1,1
RipVIS-109_00060.jpg,1385,RipVIS-109,0,2,1
RipVIS-129_00120.jpg,1386,RipVIS-129,0,1,1
RipVIS-044_00366.jpg,1387,RipVIS-044,0,1,1
RipVIS-NR-022_01536.jpg,1388,RipVIS-NR-022,1,0,0
RipVIS-102_00396.jpg,1389,RipVIS-102,0,2,1
RipVIS-NR-020_00216.jpg,1390,RipVIS-NR-020,1,0,0
RipVIS-144_00240.jpg,1391,RipVIS-144,0,2,1
RipVIS-026_00207.jpg,1392,RipVIS-026,0,2,1
RipVIS-NR-022_01704.jpg,1393,RipVIS-NR-022,1,0,0
RipVIS-102_00672.jpg,1394,RipVIS-102,0,2,1
RipVIS-046_00558.jpg,1395,RipVIS-046,0,2,1
RipVIS-026_00118.jpg,1396,RipVIS-026,0,2,1
RipVIS-059_00210.jpg,1397,RipVIS-059,0,1,1
RipVIS-NR-022_00444.jpg,1398,RipVIS-NR-022,1,0,0
RipVIS-NR-020_01620.jpg,1399,RipVIS-NR-020,1,0,0
RipVIS-129_01800.jpg,1400,RipVIS-129,0,1,1
RipVIS-026_00116.jpg,1401,RipVIS-026,0,2,1
RipVIS-066_00445.jpg,1402,RipVIS-066,0,1,1
RipVIS-001_00051.jpg,1403,RipVIS-001,0,1,1
RipVIS-109_00342.jpg,1404,RipVIS-109,0,2,1
RipVIS-NR-024_00750.jpg,1405,RipVIS-NR-024,1,0,0
RipVIS-108_01314.jpg,1406,RipVIS-108,0,2,1
RipVIS-102_00000.jpg,1407,RipVIS-102,0,2,1
RipVIS-NR-020_00354.jpg,1408,RipVIS-NR-020,1,0,0
RipVIS-NR-020_01692.jpg,1409,RipVIS-NR-020,1,0,0
RipVIS-001_00064.jpg,1410,RipVIS-001,0,1,1
RipVIS-NR-020_00234.jpg,1411,RipVIS-NR-020,1,0,0
RipVIS-NR-024_01548.jpg,1412,RipVIS-NR-024,1,0,0
RipVIS-079_00750.jpg,1413,RipVIS-079,0,2,1
RipVIS-108_01980.jpg,1414,RipVIS-108,0,2,1
RipVIS-079_00432.jpg,1415,RipVIS-079,0,2,1
RipVIS-001_00120.jpg,1416,RipVIS-001,0,1,1
RipVIS-NR-024_00690.jpg,1417,RipVIS-NR-024,1,0,0
RipVIS-NR-026_01044.jpg,1418,RipVIS-NR-026,1,0,0
RipVIS-014_00033.jpg,1419,RipVIS-014,0,1,1
RipVIS-143_01344.jpg,1420,RipVIS-143,0,2,1
RipVIS-NR-024_00756.jpg,1421,RipVIS-NR-024,1,0,0
RipVIS-NR-022_00924.jpg,1422,RipVIS-NR-022,1,0,0
RipVIS-102_00720.jpg,1423,RipVIS-102,0,2,1
RipVIS-053_00030.jpg,1424,RipVIS-053,0,1,1
RipVIS-NR-026_00678.jpg,1425,RipVIS-NR-026,1,0,0
RipVIS-012_00088.jpg,1426,RipVIS-012,0,1,1
RipVIS-090_00036.jpg,1427,RipVIS-090,0,3,1
RipVIS-NR-020_02268.jpg,1428,RipVIS-NR-020,1,0,0
RipVIS-NR-024_00594.jpg,1429,RipVIS-NR-024,1,0,0
RipVIS-108_00132.jpg,1430,RipVIS-108,0,2,1
RipVIS-046_00306.jpg,1431,RipVIS-046,0,2,1
RipVIS-026_00121.jpg,1432,RipVIS-026,0,2,1
RipVIS-NR-026_00960.jpg,1433,RipVIS-NR-026,1,0,0
RipVIS-NR-026_00570.jpg,1434,RipVIS-NR-026,1,0,0
RipVIS-NR-022_00468.jpg,1435,RipVIS-NR-022,1,0,0
RipVIS-079_01056.jpg,1436,RipVIS-079,0,2,1
RipVIS-NR-020_01038.jpg,1437,RipVIS-NR-020,1,0,0
RipVIS-108_00600.jpg,1438,RipVIS-108,0,2,1
RipVIS-NR-024_01542.jpg,1439,RipVIS-NR-024,1,0,0
RipVIS-121_00510.jpg,1440,RipVIS-121,0,1,1
RipVIS-001_00106.jpg,1441,RipVIS-001,0,1,1
RipVIS-NR-022_00840.jpg,1442,RipVIS-NR-022,1,0,0
RipVIS-014_00107.jpg,1443,RipVIS-014,0,1,1
RipVIS-NR-020_01734.jpg,1444,RipVIS-NR-020,1,0,0
RipVIS-066_00130.jpg,1445,RipVIS-066,0,1,1
RipVIS-026_00129.jpg,1446,RipVIS-026,0,2,1
RipVIS-001_00010.jpg,1447,RipVIS-001,0,1,1
RipVIS-066_00240.jpg,1448,RipVIS-066,0,1,1
RipVIS-129_00840.jpg,1449,RipVIS-129,0,1,1
RipVIS-NR-020_00486.jpg,1450,RipVIS-NR-020,1,0,0
RipVIS-001_00029.jpg,1451,RipVIS-001,0,1,1
RipVIS-053_00420.jpg,1452,RipVIS-053,0,1,1
RipVIS-026_00047.jpg,1453,RipVIS-026,0,2,1
RipVIS-046_00054.jpg,1454,RipVIS-046,0,1,1
RipVIS-007_00036.jpg,1455,RipVIS-007,0,2,1
RipVIS-044_00294.jpg,1456,RipVIS-044,0,1,1
RipVIS-NR-020_02100.jpg,1457,RipVIS-NR-020,1,0,0
RipVIS-NR-019_00306.jpg,1458,RipVIS-NR-019,1,0,0
RipVIS-NR-024_01674.jpg,1459,RipVIS-NR-024,1,0,0
RipVIS-147_00350.jpg,1460,RipVIS-147,0,1,1
RipVIS-053_00072.jpg,1461,RipVIS-053,0,1,1
RipVIS-NR-024_00966.jpg,1462,RipVIS-NR-024,1,0,0
RipVIS-NR-020_00696.jpg,1463,RipVIS-NR-020,1,0,0
RipVIS-044_00276.jpg,1464,RipVIS-044,0,1,1
RipVIS-NR-020_02490.jpg,1465,RipVIS-NR-020,1,0,0
RipVIS-NR-020_01350.jpg,1466,RipVIS-NR-020,1,0,0
RipVIS-NR-020_00408.jpg,1467,RipVIS-NR-020,1,0,0
RipVIS-026_00231.jpg,1468,RipVIS-026,0,2,1
RipVIS-NR-020_01644.jpg,1469,RipVIS-NR-020,1,0,0
RipVIS-001_00023.jpg,1470,RipVIS-001,0,1,1
RipVIS-108_01518.jpg,1471,RipVIS-108,0,2,1
RipVIS-079_00090.jpg,1472,RipVIS-079,0,2,1
RipVIS-001_00052.jpg,1473,RipVIS-001,0,1,1
RipVIS-NR-004_00306.jpg,1474,RipVIS-NR-004,1,0,0
RipVIS-066_00360.jpg,1475,RipVIS-066,0,1,1
RipVIS-079_00396.jpg,1476,RipVIS-079,0,2,1
RipVIS-NR-020_00630.jpg,1477,RipVIS-NR-020,1,0,0
RipVIS-NR-022_01248.jpg,1478,RipVIS-NR-022,1,0,0
RipVIS-NR-004_00522.jpg,1479,RipVIS-NR-004,1,0,0
RipVIS-NR-026_01080.jpg,1480,RipVIS-NR-026,1,0,0
RipVIS-026_00227.jpg,1481,RipVIS-026,0,2,1
RipVIS-024_00038.jpg,1482,RipVIS-024,0,1,1
RipVIS-079_00972.jpg,1483,RipVIS-079,0,2,1
RipVIS-026_00075.jpg,1484,RipVIS-026,0,2,1
RipVIS-066_00150.jpg,1485,RipVIS-066,0,1,1
RipVIS-NR-024_00666.jpg,1486,RipVIS-NR-024,1,0,0
RipVIS-NR-004_00294.jpg,1487,RipVIS-NR-004,1,0,0
RipVIS-053_00018.jpg,1488,RipVIS-053,0,1,1
RipVIS-026_00040.jpg,1489,RipVIS-026,0,2,1
RipVIS-NR-024_01482.jpg,1490,RipVIS-NR-024,1,0,0
RipVIS-109_00552.jpg,1491,RipVIS-109,0,2,1
RipVIS-NR-026_01128.jpg,1492,RipVIS-NR-026,1,0,0
RipVIS-066_00100.jpg,1493,RipVIS-066,0,1,1
RipVIS-NR-022_00162.jpg,1494,RipVIS-NR-022,1,0,0
RipVIS-NR-026_00948.jpg,1495,RipVIS-NR-026,1,0,0
RipVIS-108_00498.jpg,1496,RipVIS-108,0,2,1
RipVIS-NR-020_01830.jpg,1497,RipVIS-NR-020,1,0,0
RipVIS-NR-020_02352.jpg,1498,RipVIS-NR-020,1,0,0
RipVIS-001_00128.jpg,1499,RipVIS-001,0,1,1
RipVIS-NR-020_01062.jpg,1500,RipVIS-NR-020,1,0,0
RipVIS-014_00068.jpg,1501,RipVIS-014,0,1,1
RipVIS-143_01056.jpg,1502,RipVIS-143,0,2,1
RipVIS-079_01812.jpg,1503,RipVIS-079,0,2,1
RipVIS-046_00876.jpg,1504,RipVIS-046,0,2,1
RipVIS-137_00060.jpg,1505,RipVIS-137,0,1,1
RipVIS-001_00008.jpg,1506,RipVIS-001,0,1,1
RipVIS-090_00168.jpg,1507,RipVIS-090,0,3,1
RipVIS-NR-019_00504.jpg,1508,RipVIS-NR-019,1,0,0
RipVIS-102_00744.jpg,1509,RipVIS-102,0,2,1
RipVIS-NR-019_00162.jpg,1510,RipVIS-NR-019,1,0,0
RipVIS-066_00525.jpg,1511,RipVIS-066,0,1,1
RipVIS-079_01542.jpg,1512,RipVIS-079,0,2,1
RipVIS-108_01350.jpg,1513,RipVIS-108,0,2,1
RipVIS-143_00048.jpg,1514,RipVIS-143,0,1,1
RipVIS-108_00978.jpg,1515,RipVIS-108,0,2,1
RipVIS-046_00270.jpg,1516,RipVIS-046,0,2,1
RipVIS-NR-022_01542.jpg,1517,RipVIS-NR-022,1,0,0
RipVIS-NR-020_02532.jpg,1518,RipVIS-NR-020,1,0,0
RipVIS-NR-020_01758.jpg,1519,RipVIS-NR-020,1,0,0
RipVIS-026_00114.jpg,1520,RipVIS-026,0,2,1
RipVIS-NR-022_01476.jpg,1521,RipVIS-NR-022,1,0,0
RipVIS-053_00330.jpg,1522,RipVIS-053,0,1,1
RipVIS-NR-004_00270.jpg,1523,RipVIS-NR-004,1,0,0
RipVIS-066_00530.jpg,1524,RipVIS-066,0,1,1
RipVIS-079_01860.jpg,1525,RipVIS-079,0,2,1
RipVIS-012_00032.jpg,1526,RipVIS-012,0,1,1
RipVIS-NR-022_00804.jpg,1527,RipVIS-NR-022,1,0,0
RipVIS-026_00228.jpg,1528,RipVIS-026,0,2,1
RipVIS-024_00082.jpg,1529,RipVIS-024,0,1,1
RipVIS-NR-004_00090.jpg,1530,RipVIS-NR-004,1,0,0
RipVIS-014_00170.jpg,1531,RipVIS-014,0,1,1
RipVIS-NR-022_01614.jpg,1532,RipVIS-NR-022,1,0,0
RipVIS-024_00069.jpg,1533,RipVIS-024,0,1,1
RipVIS-079_00798.jpg,1534,RipVIS-079,0,2,1
RipVIS-NR-020_00936.jpg,1535,RipVIS-NR-020,1,0,0
RipVIS-079_01758.jpg,1536,RipVIS-079,0,2,1
RipVIS-039_00011.jpg,1537,RipVIS-039,0,2,1
RipVIS-NR-026_00276.jpg,1538,RipVIS-NR-026,1,0,0
RipVIS-NR-004_00282.jpg,1539,RipVIS-NR-004,1,0,0
RipVIS-102_00498.jpg,1540,RipVIS-102,0,2,1
RipVIS-NR-020_00540.jpg,1541,RipVIS-NR-020,1,0,0
RipVIS-NR-026_00726.jpg,1542,RipVIS-NR-026,1,0,0
RipVIS-079_01488.jpg,1543,RipVIS-079,0,2,1
RipVIS-NR-024_01752.jpg,1544,RipVIS-NR-024,1,0,0
RipVIS-NR-026_00930.jpg,1545,RipVIS-NR-026,1,0,0
RipVIS-143_00096.jpg,1546,RipVIS-143,0,1,1
RipVIS-014_00064.jpg,1547,RipVIS-014,0,1,1
RipVIS-NR-020_00972.jpg,1548,RipVIS-NR-020,1,0,0
RipVIS-012_00070.jpg,1549,RipVIS-012,0,1,1
RipVIS-102_00042.jpg,1550,RipVIS-102,0,2,1
RipVIS-NR-026_00072.jpg,1551,RipVIS-NR-026,1,0,0
RipVIS-066_00405.jpg,1552,RipVIS-066,0,1,1
RipVIS-NR-024_01272.jpg,1553,RipVIS-NR-024,1,0,0
RipVIS-NR-026_00048.jpg,1554,RipVIS-NR-026,1,0,0
RipVIS-079_00840.jpg,1555,RipVIS-079,0,2,1
RipVIS-108_00846.jpg,1556,RipVIS-108,0,2,1
RipVIS-NR-022_00624.jpg,1557,RipVIS-NR-022,1,0,0
RipVIS-143_00984.jpg,1558,RipVIS-143,0,2,1
RipVIS-044_00216.jpg,1559,RipVIS-044,0,1,1
RipVIS-067_00060.jpg,1560,RipVIS-067,0,2,1
RipVIS-NR-020_02412.jpg,1561,RipVIS-NR-020,1,0,0
RipVIS-108_00300.jpg,1562,RipVIS-108,0,2,1
RipVIS-NR-026_00432.jpg,1563,RipVIS-NR-026,1,0,0
RipVIS-079_01026.jpg,1564,RipVIS-079,0,2,1
RipVIS-102_00342.jpg,1565,RipVIS-102,0,2,1
RipVIS-102_00330.jpg,1566,RipVIS-102,0,2,1
RipVIS-NR-026_00000.jpg,1567,RipVIS-NR-026,1,0,0
RipVIS-NR-019_00786.jpg,1568,RipVIS-NR-019,1,0,0
RipVIS-046_00240.jpg,1569,RipVIS-046,0,2,1
RipVIS-143_00720.jpg,1570,RipVIS-143,0,2,1
RipVIS-079_00132.jpg,1571,RipVIS-079,0,2,1
RipVIS-079_01116.jpg,1572,RipVIS-079,0,2,1
RipVIS-046_00552.jpg,1573,RipVIS-046,0,2,1
RipVIS-NR-019_00744.jpg,1574,RipVIS-NR-019,1,0,0
RipVIS-NR-024_00432.jpg,1575,RipVIS-NR-024,1,0,0
RipVIS-NR-020_02334.jpg,1576,RipVIS-NR-020,1,0,0
RipVIS-044_00624.jpg,1577,RipVIS-044,0,1,1
RipVIS-NR-024_00600.jpg,1578,RipVIS-NR-024,1,0,0
RipVIS-102_00090.jpg,1579,RipVIS-102,0,2,1
RipVIS-102_00486.jpg,1580,RipVIS-102,0,2,1
RipVIS-NR-026_00474.jpg,1581,RipVIS-NR-026,1,0,0
RipVIS-053_00306.jpg,1582,RipVIS-053,0,1,1
RipVIS-014_00037.jpg,1583,RipVIS-014,0,1,1
RipVIS-NR-020_02184.jpg,1584,RipVIS-NR-020,1,0,0
RipVIS-001_00116.jpg,1585,RipVIS-001,0,1,1
RipVIS-NR-019_00402.jpg,1586,RipVIS-NR-019,1,0,0
RipVIS-026_00222.jpg,1587,RipVIS-026,0,2,1
RipVIS-079_00894.jpg,1588,RipVIS-079,0,2,1
RipVIS-NR-020_02232.jpg,1589,RipVIS-NR-020,1,0,0
RipVIS-143_00360.jpg,1590,RipVIS-143,0,1,1
RipVIS-014_00104.jpg,1591,RipVIS-014,0,1,1
RipVIS-NR-026_00822.jpg,1592,RipVIS-NR-026,1,0,0
RipVIS-NR-020_01548.jpg,1593,RipVIS-NR-020,1,0,0
RipVIS-NR-022_00168.jpg,1594,RipVIS-NR-022,1,0,0
RipVIS-001_00024.jpg,1595,RipVIS-001,0,1,1
RipVIS-NR-026_00390.jpg,1596,RipVIS-NR-026,1,0,0
RipVIS-128_00420.jpg,1597,RipVIS-128,0,1,1
RipVIS-NR-020_00306.jpg,1598,RipVIS-NR-020,1,0,0
RipVIS-108_01704.jpg,1599,RipVIS-108,0,2,1
RipVIS-NR-026_00252.jpg,1600,RipVIS-NR-026,1,0,0
RipVIS-NR-020_01020.jpg,1601,RipVIS-NR-020,1,0,0
RipVIS-NR-019_00042.jpg,1602,RipVIS-NR-019,1,0,0
RipVIS-102_00120.jpg,1603,RipVIS-102,0,2,1
RipVIS-NR-020_00990.jpg,1604,RipVIS-NR-020,1,0,0
RipVIS-NR-026_00762.jpg,1605,RipVIS-NR-026,1,0,0
RipVIS-066_00065.jpg,1606,RipVIS-066,0,1,1
RipVIS-109_00390.jpg,1607,RipVIS-109,0,2,1
RipVIS-026_00209.jpg,1608,RipVIS-026,0,2,1
RipVIS-143_00756.jpg,1609,RipVIS-143,0,2,1
RipVIS-NR-022_01320.jpg,1610,RipVIS-NR-022,1,0,0
RipVIS-143_00576.jpg,1611,RipVIS-143,0,1,1
RipVIS-001_00131.jpg,1612,RipVIS-001,0,1,1
RipVIS-NR-020_01572.jpg,1613,RipVIS-NR-020,1,0,0
RipVIS-NR-020_01002.jpg,1614,RipVIS-NR-020,1,0,0
RipVIS-NR-020_01464.jpg,1615,RipVIS-NR-020,1,0,0
RipVIS-NR-024_00918.jpg,1616,RipVIS-NR-024,1,0,0
RipVIS-NR-024_00396.jpg,1617,RipVIS-NR-024,1,0,0
RipVIS-NR-022_00582.jpg,1618,RipVIS-NR-022,1,0,0
RipVIS-108_01308.jpg,1619,RipVIS-108,0,2,1
RipVIS-044_00150.jpg,1620,RipVIS-044,0,1,1
RipVIS-108_01818.jpg,1621,RipVIS-108,0,2,1
RipVIS-024_00047.jpg,1622,RipVIS-024,0,1,1
RipVIS-014_00053.jpg,1623,RipVIS-014,0,1,1
RipVIS-001_00109.jpg,1624,RipVIS-001,0,1,1
RipVIS-001_00122.jpg,1625,RipVIS-001,0,1,1
RipVIS-046_00564.jpg,1626,RipVIS-046,0,2,1
RipVIS-NR-024_01584.jpg,1627,RipVIS-NR-024,1,0,0
RipVIS-NR-020_01962.jpg,1628,RipVIS-NR-020,1,0,0
RipVIS-026_00100.jpg,1629,RipVIS-026,0,2,1
RipVIS-NR-026_00492.jpg,1630,RipVIS-NR-026,1,0,0
RipVIS-001_00145.jpg,1631,RipVIS-001,0,1,1
RipVIS-066_00140.jpg,1632,RipVIS-066,0,1,1
RipVIS-NR-022_01482.jpg,1633,RipVIS-NR-022,1,0,0
RipVIS-NR-019_00774.jpg,1634,RipVIS-NR-019,1,0,0
RipVIS-046_00948.jpg,1635,RipVIS-046,0,2,1
RipVIS-053_00180.jpg,1636,RipVIS-053,0,1,1
RipVIS-039_00034.jpg,1637,RipVIS-039,0,2,1
RipVIS-066_00155.jpg,1638,RipVIS-066,0,1,1
RipVIS-012_00097.jpg,1639,RipVIS-012,0,1,1
RipVIS-046_00660.jpg,1640,RipVIS-046,0,2,1
RipVIS-143_01248.jpg,1641,RipVIS-143,0,2,1
RipVIS-026_00107.jpg,1642,RipVIS-026,0,2,1
RipVIS-108_00120.jpg,1643,RipVIS-108,0,2,1
RipVIS-046_00714.jpg,1644,RipVIS-046,0,2,1
RipVIS-128_00600.jpg,1645,RipVIS-128,0,1,1
RipVIS-NR-020_00642.jpg,1646,RipVIS-NR-020,1,0,0
RipVIS-044_00558.jpg,1647,RipVIS-044,0,1,1
RipVIS-109_00096.jpg,1648,RipVIS-109,0,2,1
RipVIS-026_00045.jpg,1649,RipVIS-026,0,2,1
RipVIS-NR-026_00684.jpg,1650,RipVIS-NR-026,1,0,0
RipVIS-014_00159.jpg,1651,RipVIS-014,0,1,1
RipVIS-NR-020_01518.jpg,1652,RipVIS-NR-020,1,0,0
RipVIS-026_00091.jpg,1653,RipVIS-026,0,2,1
RipVIS-026_00012.jpg,1654,RipVIS-026,0,2,1
RipVIS-NR-020_00066.jpg,1655,RipVIS-NR-020,1,0,0
RipVIS-108_01482.jpg,1656,RipVIS-108,0,2,1
RipVIS-144_00180.jpg,1657,RipVIS-144,0,2,1
RipVIS-146_00030.jpg,1658,RipVIS-146,0,1,1
RipVIS-046_00282.jpg,1659,RipVIS-046,0,2,1
RipVIS-053_00066.jpg,1660,RipVIS-053,0,1,1
RipVIS-NR-004_00486.jpg,1661,RipVIS-NR-004,1,0,0
RipVIS-NR-020_00078.jpg,1662,RipVIS-NR-020,1,0,0
RipVIS-046_00828.jpg,1663,RipVIS-046,0,2,1
RipVIS-109_00126.jpg,1664,RipVIS-109,0,2,1
RipVIS-NR-022_01512.jpg,1665,RipVIS-NR-022,1,0,0
RipVIS-NR-026_00810.jpg,1666,RipVIS-NR-026,1,0,0
RipVIS-079_00780.jpg,1667,RipVIS-079,0,2,1
RipVIS-NR-004_00228.jpg,1668,RipVIS-NR-004,1,0,0
RipVIS-024_00078.jpg,1669,RipVIS-024,0,1,1
RipVIS-053_00564.jpg,1670,RipVIS-053,0,1,1
RipVIS-NR-020_01536.jpg,1671,RipVIS-NR-020,1,0,0
RipVIS-014_00134.jpg,1672,RipVIS-014,0,1,1
RipVIS-NR-022_00126.jpg,1673,RipVIS-NR-022,1,0,0
RipVIS-NR-020_00480.jpg,1674,RipVIS-NR-020,1,0,0
RipVIS-108_01584.jpg,1675,RipVIS-108,0,2,1
RipVIS-NR-022_00384.jpg,1676,RipVIS-NR-022,1,0,0
RipVIS-079_00924.jpg,1677,RipVIS-079,0,2,1
RipVIS-108_01512.jpg,1678,RipVIS-108,0,2,1
RipVIS-001_00062.jpg,1679,RipVIS-001,0,1,1
RipVIS-024_00039.jpg,1680,RipVIS-024,0,1,1
RipVIS-046_00300.jpg,1681,RipVIS-046,0,2,1
RipVIS-059_00144.jpg,1682,RipVIS-059,0,1,1
RipVIS-079_01152.jpg,1683,RipVIS-079,0,2,1
RipVIS-109_00270.jpg,1684,RipVIS-109,0,2,1
RipVIS-NR-020_02088.jpg,1685,RipVIS-NR-020,1,0,0
RipVIS-NR-022_00228.jpg,1686,RipVIS-NR-022,1,0,0
RipVIS-026_00189.jpg,1687,RipVIS-026,0,2,1
RipVIS-044_00456.jpg,1688,RipVIS-044,0,1,1
RipVIS-001_00054.jpg,1689,RipVIS-001,0,1,1
RipVIS-NR-020_00492.jpg,1690,RipVIS-NR-020,1,0,0
RipVIS-001_00075.jpg,1691,RipVIS-001,0,1,1
RipVIS-NR-024_01104.jpg,1692,RipVIS-NR-024,1,0,0
RipVIS-001_00077.jpg,1693,RipVIS-001,0,1,1
RipVIS-024_00056.jpg,1694,RipVIS-024,0,1,1
RipVIS-109_00462.jpg,1695,RipVIS-109,0,2,1
RipVIS-NR-026_00510.jpg,1696,RipVIS-NR-026,1,0,0
RipVIS-NR-020_00084.jpg,1697,RipVIS-NR-020,1,0,0
RipVIS-109_00024.jpg,1698,RipVIS-109,0,2,1
RipVIS-014_00054.jpg,1699,RipVIS-014,0,1,1
RipVIS-147_00075.jpg,1700,RipVIS-147,0,1,1
RipVIS-046_00396.jpg,1701,RipVIS-046,0,2,1
RipVIS-079_00042.jpg,1702,RipVIS-079,0,2,1
RipVIS-046_00906.jpg,1703,RipVIS-046,0,3,1
RipVIS-026_00003.jpg,1704,RipVIS-026,0,2,1
RipVIS-NR-024_00810.jpg,1705,RipVIS-NR-024,1,0,0
RipVIS-NR-022_00456.jpg,1706,RipVIS-NR-022,1,0,0
RipVIS-046_00534.jpg,1707,RipVIS-046,0,2,1
RipVIS-044_00180.jpg,1708,RipVIS-044,0,1,1
RipVIS-079_01512.jpg,1709,RipVIS-079,0,2,1
RipVIS-NR-024_00360.jpg,1710,RipVIS-NR-024,1,0,0
RipVIS-NR-022_00480.jpg,1711,RipVIS-NR-022,1,0,0
RipVIS-001_00005.jpg,1712,RipVIS-001,0,1,1
RipVIS-026_00005.jpg,1713,RipVIS-026,0,2,1
RipVIS-024_00040.jpg,1714,RipVIS-024,0,1,1
RipVIS-090_00528.jpg,1715,RipVIS-090,0,2,1
RipVIS-046_00000.jpg,1716,RipVIS-046,0,1,1
RipVIS-026_00226.jpg,1717,RipVIS-026,0,2,1
RipVIS-012_00054.jpg,1718,RipVIS-012,0,1,1
RipVIS-109_00288.jpg,1719,RipVIS-109,0,2,1
RipVIS-NR-020_01200.jpg,1720,RipVIS-NR-020,1,0,0
RipVIS-014_00073.jpg,1721,RipVIS-014,0,1,1
RipVIS-026_00260.jpg,1722,RipVIS-026,0,2,1
RipVIS-066_00460.jpg,1723,RipVIS-066,0,1,1
RipVIS-001_00113.jpg,1724,RipVIS-001,0,1,1
RipVIS-108_00018.jpg,1725,RipVIS-108,0,2,1
RipVIS-NR-026_01038.jpg,1726,RipVIS-NR-026,1,0,0
RipVIS-066_00395.jpg,1727,RipVIS-066,0,1,1
RipVIS-079_01770.jpg,1728,RipVIS-079,0,2,1
RipVIS-102_00288.jpg,1729,RipVIS-102,0,2,1
RipVIS-NR-020_02196.jpg,1730,RipVIS-NR-020,1,0,0
RipVIS-001_00098.jpg,1731,RipVIS-001,0,1,1
RipVIS-066_00075.jpg,1732,RipVIS-066,0,1,1
RipVIS-072_00000.jpg,1733,RipVIS-072,0,1,1
RipVIS-046_00372.jpg,1734,RipVIS-046,0,2,1
RipVIS-146_00240.jpg,1735,RipVIS-146,0,1,1
RipVIS-026_00120.jpg,1736,RipVIS-026,0,2,1
RipVIS-NR-022_01242.jpg,1737,RipVIS-NR-022,1,0,0
RipVIS-NR-026_00312.jpg,1738,RipVIS-NR-026,1,0,0
RipVIS-108_02028.jpg,1739,RipVIS-108,0,2,1
RipVIS-109_00600.jpg,1740,RipVIS-109,0,2,1
RipVIS-046_00048.jpg,1741,RipVIS-046,0,1,1
RipVIS-079_00120.jpg,1742,RipVIS-079,0,2,1
RipVIS-046_00930.jpg,1743,RipVIS-046,0,2,1
RipVIS-001_00043.jpg,1744,RipVIS-001,0,1,1
RipVIS-108_00678.jpg,1745,RipVIS-108,0,2,1
RipVIS-NR-020_01680.jpg,1746,RipVIS-NR-020,1,0,0
RipVIS-NR-026_00162.jpg,1747,RipVIS-NR-026,1,0,0
RipVIS-024_00068.jpg,1748,RipVIS-024,0,1,1
RipVIS-026_00044.jpg,1749,RipVIS-026,0,2,1
RipVIS-109_00246.jpg,1750,RipVIS-109,0,2,1
RipVIS-026_00130.jpg,1751,RipVIS-026,0,2,1
RipVIS-001_00147.jpg,1752,RipVIS-001,0,1,1
RipVIS-079_01902.jpg,1753,RipVIS-079,0,2,1
RipVIS-001_00044.jpg,1754,RipVIS-001,0,1,1
RipVIS-026_00163.jpg,1755,RipVIS-026,0,2,1
RipVIS-NR-019_00342.jpg,1756,RipVIS-NR-019,1,0,0
RipVIS-NR-020_00648.jpg,1757,RipVIS-NR-020,1,0,0
RipVIS-NR-022_00006.jpg,1758,RipVIS-NR-022,1,0,0
RipVIS-NR-020_00792.jpg,1759,RipVIS-NR-020,1,0,0
RipVIS-NR-022_00546.jpg,1760,RipVIS-NR-022,1,0,0
RipVIS-NR-024_00498.jpg,1761,RipVIS-NR-024,1,0,0
RipVIS-NR-026_00096.jpg,1762,RipVIS-NR-026,1,0,0
RipVIS-108_01908.jpg,1763,RipVIS-108,0,2,1
RipVIS-079_00528.jpg,1764,RipVIS-079,0,2,1
RipVIS-067_00012.jpg,1765,RipVIS-067,0,3,1
RipVIS-059_00138.jpg,1766,RipVIS-059,0,1,1
RipVIS-067_00036.jpg,1767,RipVIS-067,0,2,1
RipVIS-NR-020_01206.jpg,1768,RipVIS-NR-020,1,0,0
RipVIS-108_00102.jpg,1769,RipVIS-108,0,2,1
RipVIS-079_01956.jpg,1770,RipVIS-079,0,2,1
RipVIS-053_00216.jpg,1771,RipVIS-053,0,1,1
RipVIS-NR-019_00426.jpg,1772,RipVIS-NR-019,1,0,0
RipVIS-090_00204.jpg,1773,RipVIS-090,0,3,1
RipVIS-108_00516.jpg,1774,RipVIS-108,0,2,1
RipVIS-NR-024_01776.jpg,1775,RipVIS-NR-024,1,0,0
RipVIS-067_00138.jpg,1776,RipVIS-067,0,2,1
RipVIS-102_00108.jpg,1777,RipVIS-102,0,2,1
RipVIS-NR-022_01074.jpg,1778,RipVIS-NR-022,1,0,0
RipVIS-108_01206.jpg,1779,RipVIS-108,0,2,1
RipVIS-NR-020_00870.jpg,1780,RipVIS-NR-020,1,0,0
RipVIS-NR-026_00042.jpg,1781,RipVIS-NR-026,1,0,0
RipVIS-NR-024_00852.jpg,1782,RipVIS-NR-024,1,0,0
RipVIS-NR-020_00846.jpg,1783,RipVIS-NR-020,1,0,0
RipVIS-NR-026_01164.jpg,1784,RipVIS-NR-026,1,0,0
RipVIS-079_01050.jpg,1785,RipVIS-079,0,2,1
RipVIS-053_00450.jpg,1786,RipVIS-053,0,1,1
RipVIS-044_00468.jpg,1787,RipVIS-044,0,1,1
RipVIS-044_00168.jpg,1788,RipVIS-044,0,1,1
RipVIS-012_00003.jpg,1789,RipVIS-012,0,1,1
RipVIS-024_00072.jpg,1790,RipVIS-024,0,1,1
RipVIS-144_00720.jpg,1791,RipVIS-144,0,2,1
RipVIS-143_00108.jpg,1792,RipVIS-143,0,1,1
RipVIS-053_00048.jpg,1793,RipVIS-053,0,1,1
RipVIS-108_00138.jpg,1794,RipVIS-108,0,2,1
RipVIS-001_00188.jpg,1795,RipVIS-001,0,1,1
RipVIS-NR-020_01698.jpg,1796,RipVIS-NR-020,1,0,0
RipVIS-044_00528.jpg,1797,RipVIS-044,0,1,1
RipVIS-NR-024_01566.jpg,1798,RipVIS-NR-024,1,0,0
RipVIS-137_00090.jpg,1799,RipVIS-137,0,1,1
RipVIS-108_00552.jpg,1800,RipVIS-108,0,2,1
RipVIS-001_00164.jpg,1801,RipVIS-001,0,1,1
RipVIS-046_00222.jpg,1802,RipVIS-046,0,2,1
RipVIS-NR-026_00306.jpg,1803,RipVIS-NR-026,1,0,0
RipVIS-NR-022_00378.jpg,1804,RipVIS-NR-022,1,0,0
RipVIS-NR-020_00606.jpg,1805,RipVIS-NR-020,1,0,0
RipVIS-143_00156.jpg,1806,RipVIS-143,0,1,1
RipVIS-012_00093.jpg,1807,RipVIS-012,0,1,1
RipVIS-046_00504.jpg,1808,RipVIS-046,0,2,1
RipVIS-NR-026_00780.jpg,1809,RipVIS-NR-026,1,0,0
RipVIS-NR-020_01140.jpg,1810,RipVIS-NR-020,1,0,0
RipVIS-012_00060.jpg,1811,RipVIS-012,0,1,1
RipVIS-026_00104.jpg,1812,RipVIS-026,0,2,1
RipVIS-143_01044.jpg,1813,RipVIS-143,0,2,1
RipVIS-014_00085.jpg,1814,RipVIS-014,0,1,1
RipVIS-079_00552.jpg,1815,RipVIS-079,0,2,1
RipVIS-053_00510.jpg,1816,RipVIS-053,0,1,1
RipVIS-NR-026_00480.jpg,1817,RipVIS-NR-026,1,0,0
RipVIS-012_00016.jpg,1818,RipVIS-012,0,1,1
RipVIS-012_00043.jpg,1819,RipVIS-012,0,1,1
RipVIS-NR-020_00246.jpg,1820,RipVIS-NR-020,1,0,0
RipVIS-NR-022_00516.jpg,1821,RipVIS-NR-022,1,0,0
RipVIS-NR-022_00870.jpg,1822,RipVIS-NR-022,1,0,0
RipVIS-NR-004_00498.jpg,1823,RipVIS-NR-004,1,0,0
RipVIS-143_01284.jpg,1824,RipVIS-143,0,2,1
RipVIS-108_00084.jpg,1825,RipVIS-108,0,2,1
RipVIS-012_00094.jpg,1826,RipVIS-012,0,1,1
RipVIS-NR-026_01176.jpg,1827,RipVIS-NR-026,1,0,0
RipVIS-024_00002.jpg,1828,RipVIS-024,0,1,1
RipVIS-014_00092.jpg,1829,RipVIS-014,0,1,1
RipVIS-108_01614.jpg,1830,RipVIS-108,0,2,1
RipVIS-108_00720.jpg,1831,RipVIS-108,0,2,1
RipVIS-039_00039.jpg,1832,RipVIS-039,0,2,1
RipVIS-066_00580.jpg,1833,RipVIS-066,0,1,1
RipVIS-NR-022_01266.jpg,1834,RipVIS-NR-022,1,0,0
RipVIS-079_01560.jpg,1835,RipVIS-079,0,2,1
RipVIS-108_01284.jpg,1836,RipVIS-108,0,2,1
RipVIS-NR-020_01788.jpg,1837,RipVIS-NR-020,1,0,0
RipVIS-079_00294.jpg,1838,RipVIS-079,0,2,1
RipVIS-NR-020_02550.jpg,1839,RipVIS-NR-020,1,0,0
RipVIS-NR-020_01266.jpg,1840,RipVIS-NR-020,1,0,0
RipVIS-014_00116.jpg,1841,RipVIS-014,0,1,1
RipVIS-121_00000.jpg,1842,RipVIS-121,0,1,1
RipVIS-NR-024_01782.jpg,1843,RipVIS-NR-024,1,0,0
RipVIS-024_00037.jpg,1844,RipVIS-024,0,1,1
RipVIS-079_01890.jpg,1845,RipVIS-079,0,2,1
RipVIS-090_00012.jpg,1846,RipVIS-090,0,3,1
RipVIS-133_00150.jpg,1847,RipVIS-133,0,2,1
RipVIS-108_00216.jpg,1848,RipVIS-108,0,2,1
RipVIS-044_00570.jpg,1849,RipVIS-044,0,1,1
RipVIS-NR-020_01014.jpg,1850,RipVIS-NR-020,1,0,0
RipVIS-079_00804.jpg,1851,RipVIS-079,0,2,1
RipVIS-NR-026_00246.jpg,1852,RipVIS-NR-026,1,0,0
RipVIS-012_00015.jpg,1853,RipVIS-012,0,1,1
RipVIS-046_00894.jpg,1854,RipVIS-046,0,2,1
RipVIS-129_00390.jpg,1855,RipVIS-129,0,1,1
RipVIS-NR-004_00114.jpg,1856,RipVIS-NR-004,1,0,0
RipVIS-NR-020_00810.jpg,1857,RipVIS-NR-020,1,0,0
RipVIS-109_00336.jpg,1858,RipVIS-109,0,2,1
RipVIS-090_00324.jpg,1859,RipVIS-090,0,3,1
RipVIS-NR-024_01554.jpg,1860,RipVIS-NR-024,1,0,0
RipVIS-134_00120.jpg,1861,RipVIS-134,0,1,1
RipVIS-066_00335.jpg,1862,RipVIS-066,0,1,1
RipVIS-102_00036.jpg,1863,RipVIS-102,0,2,1
RipVIS-NR-020_00678.jpg,1864,RipVIS-NR-020,1,0,0
RipVIS-108_00048.jpg,1865,RipVIS-108,0,2,1
RipVIS-129_01140.jpg,1866,RipVIS-129,0,1,1
RipVIS-NR-022_00918.jpg,1867,RipVIS-NR-022,1,0,0
RipVIS-108_00348.jpg,1868,RipVIS-108,0,2,1
RipVIS-NR-022_01356.jpg,1869,RipVIS-NR-022,1,0,0
RipVIS-046_00354.jpg,1870,RipVIS-046,0,2,1
RipVIS-012_00030.jpg,1871,RipVIS-012,0,1,1
RipVIS-NR-020_00300.jpg,1872,RipVIS-NR-020,1,0,0
RipVIS-026_00076.jpg,1873,RipVIS-026,0,2,1
RipVIS-026_00137.jpg,1874,RipVIS-026,0,2,1
RipVIS-NR-022_00354.jpg,1875,RipVIS-NR-022,1,0,0
RipVIS-NR-020_00756.jpg,1876,RipVIS-NR-020,1,0,0
RipVIS-NR-022_01230.jpg,1877,RipVIS-NR-022,1,0,0
RipVIS-102_00528.jpg,1878,RipVIS-102,0,2,1
RipVIS-108_00942.jpg,1879,RipVIS-108,0,2,1
RipVIS-079_00900.jpg,1880,RipVIS-079,0,2,1
RipVIS-NR-020_00372.jpg,1881,RipVIS-NR-020,1,0,0
RipVIS-NR-022_00114.jpg,1882,RipVIS-NR-022,1,0,0
RipVIS-NR-020_01770.jpg,1883,RipVIS-NR-020,1,0,0
RipVIS-NR-019_00384.jpg,1884,RipVIS-NR-019,1,0,0
RipVIS-108_00906.jpg,1885,RipVIS-108,0,2,1
RipVIS-026_00220.jpg,1886,RipVIS-026,0,2,1
RipVIS-067_00096.jpg,1887,RipVIS-067,0,2,1
RipVIS-NR-020_00432.jpg,1888,RipVIS-NR-020,1,0,0
RipVIS-007_00001.jpg,1889,RipVIS-007,0,2,1
RipVIS-026_00052.jpg,1890,RipVIS-026,0,2,1
RipVIS-NR-026_00336.jpg,1891,RipVIS-NR-026,1,0,0
RipVIS-NR-024_01128.jpg,1892,RipVIS-NR-024,1,0,0
RipVIS-NR-022_01260.jpg,1893,RipVIS-NR-022,1,0,0
RipVIS-NR-026_00714.jpg,1894,RipVIS-NR-026,1,0,0
RipVIS-NR-020_01656.jpg,1895,RipVIS-NR-020,1,0,0
RipVIS-NR-020_00000.jpg,1896,RipVIS-NR-020,1,0,0
RipVIS-066_00595.jpg,1897,RipVIS-066,0,1,1
RipVIS-102_00666.jpg,1898,RipVIS-102,0,2,1
RipVIS-079_01908.jpg,1899,RipVIS-079,0,2,1
RipVIS-066_00590.jpg,1900,RipVIS-066,0,1,1
RipVIS-NR-024_01152.jpg,1901,RipVIS-NR-024,1,0,0
RipVIS-044_00594.jpg,1902,RipVIS-044,0,1,1
RipVIS-026_00059.jpg,1903,RipVIS-026,0,2,1
RipVIS-NR-020_01782.jpg,1904,RipVIS-NR-020,1,0,0
RipVIS-NR-022_00300.jpg,1905,RipVIS-NR-022,1,0,0
RipVIS-NR-019_00804.jpg,1906,RipVIS-NR-019,1,0,0
RipVIS-079_01062.jpg,1907,RipVIS-079,0,2,1
RipVIS-014_00154.jpg,1908,RipVIS-014,0,1,1
RipVIS-012_00103.jpg,1909,RipVIS-012,0,1,1
RipVIS-026_00033.jpg,1910,RipVIS-026,0,2,1
RipVIS-026_00236.jpg,1911,RipVIS-026,0,2,1
RipVIS-NR-019_00834.jpg,1912,RipVIS-NR-019,1,0,0
RipVIS-079_00126.jpg,1913,RipVIS-079,0,2,1
RipVIS-044_00108.jpg,1914,RipVIS-044,0,1,1
RipVIS-NR-026_01062.jpg,1915,RipVIS-NR-026,1,0,0
RipVIS-059_00240.jpg,1916,RipVIS-059,0,1,1
RipVIS-001_00156.jpg,1917,RipVIS-001,0,1,1
RipVIS-NR-019_00498.jpg,1918,RipVIS-NR-019,1,0,0
RipVIS-108_01440.jpg,1919,RipVIS-108,0,2,1
RipVIS-007_00048.jpg,1920,RipVIS-007,0,2,1
RipVIS-026_00273.jpg,1921,RipVIS-026,0,2,1
RipVIS-026_00197.jpg,1922,RipVIS-026,0,2,1
RipVIS-108_00582.jpg,1923,RipVIS-108,0,2,1
RipVIS-129_00630.jpg,1924,RipVIS-129,0,1,1
RipVIS-079_01338.jpg,1925,RipVIS-079,0,2,1
RipVIS-NR-019_00120.jpg,1926,RipVIS-NR-019,1,0,0
RipVIS-067_00084.jpg,1927,RipVIS-067,0,2,1
RipVIS-129_00300.jpg,1928,RipVIS-129,0,1,1
RipVIS-NR-022_01710.jpg,1929,RipVIS-NR-022,1,0,0
RipVIS-079_01782.jpg,1930,RipVIS-079,0,2,1
RipVIS-NR-022_00726.jpg,1931,RipVIS-NR-022,1,0,0
RipVIS-NR-020_00270.jpg,1932,RipVIS-NR-020,1,0,0
RipVIS-134_00480.jpg,1933,RipVIS-134,0,2,1
RipVIS-108_00900.jpg,1934,RipVIS-108,0,2,1
RipVIS-NR-022_01338.jpg,1935,RipVIS-NR-022,1,0,0
RipVIS-NR-022_00684.jpg,1936,RipVIS-NR-022,1,0,0
RipVIS-108_01710.jpg,1937,RipVIS-108,0,2,1
RipVIS-059_00090.jpg,1938,RipVIS-059,0,1,1
RipVIS-090_00504.jpg,1939,RipVIS-090,0,1,1
RipVIS-026_00037.jpg,1940,RipVIS-026,0,2,1
RipVIS-109_00222.jpg,1941,RipVIS-109,0,2,1
RipVIS-NR-022_01524.jpg,1942,RipVIS-NR-022,1,0,0
RipVIS-NR-020_00708.jpg,1943,RipVIS-NR-020,1,0,0
RipVIS-NR-020_00462.jpg,1944,RipVIS-NR-020,1,0,0
RipVIS-007_00038.jpg,1945,RipVIS-007,0,2,1
RipVIS-046_00348.jpg,1946,RipVIS-046,0,2,1
RipVIS-108_01152.jpg,1947,RipVIS-108,0,2,1
RipVIS-079_01254.jpg,1948,RipVIS-079,0,2,1
RipVIS-NR-019_00624.jpg,1949,RipVIS-NR-019,1,0,0
RipVIS-NR-019_00210.jpg,1950,RipVIS-NR-019,1,0,0
RipVIS-NR-022_01044.jpg,1951,RipVIS-NR-022,1,0,0
RipVIS-108_00144.jpg,1952,RipVIS-108,0,2,1
RipVIS-079_02208.jpg,1953,RipVIS-079,0,2,1
RipVIS-NR-024_00684.jpg,1954,RipVIS-NR-024,1,0,0
RipVIS-144_00660.jpg,1955,RipVIS-144,0,2,1
RipVIS-NR-024_00132.jpg,1956,RipVIS-NR-024,1,0,0
RipVIS-147_00200.jpg,1957,RipVIS-147,0,1,1
RipVIS-NR-019_00528.jpg,1958,RipVIS-NR-019,1,0,0
RipVIS-NR-022_01650.jpg,1959,RipVIS-NR-022,1,0,0
RipVIS-133_00360.jpg,1960,RipVIS-133,0,2,1
RipVIS-108_01596.jpg,1961,RipVIS-108,0,2,1
RipVIS-NR-020_00498.jpg,1962,RipVIS-NR-020,1,0,0
RipVIS-039_00018.jpg,1963,RipVIS-039,0,2,1
RipVIS-039_00031.jpg,1964,RipVIS-039,0,2,1
RipVIS-090_00228.jpg,1965,RipVIS-090,0,3,1
RipVIS-102_00084.jpg,1966,RipVIS-102,0,2,1
RipVIS-079_01692.jpg,1967,RipVIS-079,0,2,1
RipVIS-108_01110.jpg,1968,RipVIS-108,0,2,1
RipVIS-108_01764.jpg,1969,RipVIS-108,0,2,1
RipVIS-NR-022_00654.jpg,1970,RipVIS-NR-022,1,0,0
RipVIS-NR-024_00990.jpg,1971,RipVIS-NR-024,1,0,0
RipVIS-001_00039.jpg,1972,RipVIS-001,0,1,1
RipVIS-NR-020_00192.jpg,1973,RipVIS-NR-020,1,0,0
RipVIS-046_00114.jpg,1974,RipVIS-046,0,1,1
RipVIS-012_00010.jpg,1975,RipVIS-012,0,1,1
RipVIS-NR-004_00534.jpg,1976,RipVIS-NR-004,1,0,0
RipVIS-001_00196.jpg,1977,RipVIS-001,0,1,1
RipVIS-NR-020_02136.jpg,1978,RipVIS-NR-020,1,0,0
RipVIS-NR-024_01386.jpg,1979,RipVIS-NR-024,1,0,0
RipVIS-NR-022_00750.jpg,1980,RipVIS-NR-022,1,0,0
RipVIS-NR-019_00324.jpg,1981,RipVIS-NR-019,1,0,0
RipVIS-014_00040.jpg,1982,RipVIS-014,0,1,1
RipVIS-079_01602.jpg,1983,RipVIS-079,0,2,1
RipVIS-014_00135.jpg,1984,RipVIS-014,0,1,1
RipVIS-108_01776.jpg,1985,RipVIS-108,0,2,1
RipVIS-026_00069.jpg,1986,RipVIS-026,0,2,1
RipVIS-NR-019_00462.jpg,1987,RipVIS-NR-019,1,0,0
RipVIS-NR-020_01794.jpg,1988,RipVIS-NR-020,1,0,0
RipVIS-NR-022_00462.jpg,1989,RipVIS-NR-022,1,0,0
RipVIS-044_00576.jpg,1990,RipVIS-044,0,1,1
RipVIS-108_01104.jpg,1991,RipVIS-108,0,2,1
RipVIS-102_00024.jpg,1992,RipVIS-102,0,2,1
RipVIS-NR-019_00666.jpg,1993,RipVIS-NR-019,1,0,0
RipVIS-046_00960.jpg,1994,RipVIS-046,0,3,1
RipVIS-108_01266.jpg,1995,RipVIS-108,0,2,1
RipVIS-090_00120.jpg,1996,RipVIS-090,0,3,1
RipVIS-079_02214.jpg,1997,RipVIS-079,0,2,1
RipVIS-046_00480.jpg,1998,RipVIS-046,0,2,1
RipVIS-059_00252.jpg,1999,RipVIS-059,0,1,1
RipVIS-108_01416.jpg,2000,RipVIS-108,0,2,1
RipVIS-NR-019_00198.jpg,2001,RipVIS-NR-019,1,0,0
RipVIS-102_00102.jpg,2002,RipVIS-102,0,2,1
RipVIS-026_00249.jpg,2003,RipVIS-026,0,2,1
RipVIS-108_00336.jpg,2004,RipVIS-108,0,2,1
RipVIS-NR-022_00180.jpg,2005,RipVIS-NR-022,1,0,0
RipVIS-014_00090.jpg,2006,RipVIS-014,0,1,1
RipVIS-014_00131.jpg,2007,RipVIS-014,0,1,1
RipVIS-102_00030.jpg,2008,RipVIS-102,0,2,1
RipVIS-026_00190.jpg,2009,RipVIS-026,0,2,1
RipVIS-079_02160.jpg,2010,RipVIS-079,0,2,1
RipVIS-108_00792.jpg,2011,RipVIS-108,0,2,1
RipVIS-NR-022_00600.jpg,2012,RipVIS-NR-022,1,0,0
RipVIS-108_00372.jpg,2013,RipVIS-108,0,2,1
RipVIS-059_00054.jpg,2014,RipVIS-059,0,1,1
RipVIS-108_01812.jpg,2015,RipVIS-108,0,2,1
RipVIS-066_00210.jpg,2016,RipVIS-066,0,1,1
RipVIS-NR-020_00624.jpg,2017,RipVIS-NR-020,1,0,0
RipVIS-079_00012.jpg,2018,RipVIS-079,0,2,1
RipVIS-053_00114.jpg,2019,RipVIS-053,0,1,1
RipVIS-NR-026_00240.jpg,2020,RipVIS-NR-026,1,0,0
RipVIS-NR-020_00150.jpg,2021,RipVIS-NR-020,1,0,0
RipVIS-NR-020_02370.jpg,2022,RipVIS-NR-020,1,0,0
RipVIS-079_00180.jpg,2023,RipVIS-079,0,2,1
RipVIS-NR-020_01092.jpg,2024,RipVIS-NR-020,1,0,0
RipVIS-079_00978.jpg,2025,RipVIS-079,0,2,1
RipVIS-059_00120.jpg,2026,RipVIS-059,0,1,1
RipVIS-NR-024_00642.jpg,2027,RipVIS-NR-024,1,0,0
RipVIS-007_00064.jpg,2028,RipVIS-007,0,2,1
RipVIS-NR-019_00072.jpg,2029,RipVIS-NR-019,1,0,0
RipVIS-NR-026_00516.jpg,2030,RipVIS-NR-026,1,0,0
RipVIS-108_00876.jpg,2031,RipVIS-108,0,2,1
RipVIS-079_00000.jpg,2032,RipVIS-079,0,2,1
RipVIS-128_00150.jpg,2033,RipVIS-128,0,1,1
RipVIS-NR-020_02340.jpg,2034,RipVIS-NR-020,1,0,0
RipVIS-046_01026.jpg,2035,RipVIS-046,0,2,1
RipVIS-NR-026_00372.jpg,2036,RipVIS-NR-026,1,0,0
RipVIS-026_00210.jpg,2037,RipVIS-026,0,2,1
RipVIS-NR-024_00126.jpg,2038,RipVIS-NR-024,1,0,0
RipVIS-079_01290.jpg,2039,RipVIS-079,0,2,1
RipVIS-NR-020_02034.jpg,2040,RipVIS-NR-020,1,0,0
RipVIS-109_00540.jpg,2041,RipVIS-109,0,2,1
RipVIS-053_00474.jpg,2042,RipVIS-053,0,1,1
RipVIS-NR-022_01128.jpg,2043,RipVIS-NR-022,1,0,0
RipVIS-001_00177.jpg,2044,RipVIS-001,0,1,1
RipVIS-026_00235.jpg,2045,RipVIS-026,0,2,1
RipVIS-NR-024_00180.jpg,2046,RipVIS-NR-024,1,0,0
RipVIS-NR-026_00120.jpg,2047,RipVIS-NR-026,1,0,0
RipVIS-026_00270.jpg,2048,RipVIS-026,0,2,1
RipVIS-NR-019_00552.jpg,2049,RipVIS-NR-019,1,0,0
RipVIS-NR-026_00318.jpg,2050,RipVIS-NR-026,1,0,0
RipVIS-NR-019_00000.jpg,2051,RipVIS-NR-019,1,0,0
RipVIS-108_00354.jpg,2052,RipVIS-108,0,2,1
RipVIS-108_01578.jpg,2053,RipVIS-108,0,2,1
RipVIS-NR-024_00012.jpg,2054,RipVIS-NR-024,1,0,0
RipVIS-014_00129.jpg,2055,RipVIS-014,0,1,1
RipVIS-NR-019_00684.jpg,2056,RipVIS-NR-019,1,0,0
RipVIS-NR-020_00390.jpg,2057,RipVIS-NR-020,1,0,0
RipVIS-039_00004.jpg,2058,RipVIS-039,0,2,1
RipVIS-NR-024_00624.jpg,2059,RipVIS-NR-024,1,0,0
RipVIS-044_00582.jpg,2060,RipVIS-044,0,1,1
RipVIS-066_00450.jpg,2061,RipVIS-066,0,1,1
RipVIS-102_00384.jpg,2062,RipVIS-102,0,2,1
RipVIS-NR-020_02466.jpg,2063,RipVIS-NR-020,1,0,0
RipVIS-026_00246.jpg,2064,RipVIS-026,0,2,1
RipVIS-NR-024_01002.jpg,2065,RipVIS-NR-024,1,0,0
RipVIS-NR-024_00906.jpg,2066,RipVIS-NR-024,1,0,0
RipVIS-044_00048.jpg,2067,RipVIS-044,0,1,1
RipVIS-026_00128.jpg,2068,RipVIS-026,0,2,1
RipVIS-026_00221.jpg,2069,RipVIS-026,0,2,1
RipVIS-NR-024_01062.jpg,2070,RipVIS-NR-024,1,0,0
RipVIS-NR-026_00462.jpg,2071,RipVIS-NR-026,1,0,0
RipVIS-NR-024_01296.jpg,2072,RipVIS-NR-024,1,0,0
RipVIS-026_00247.jpg,2073,RipVIS-026,0,2,1
RipVIS-001_00096.jpg,2074,RipVIS-001,0,1,1
RipVIS-079_00402.jpg,2075,RipVIS-079,0,2,1
RipVIS-046_00978.jpg,2076,RipVIS-046,0,3,1
RipVIS-NR-024_00270.jpg,2077,RipVIS-NR-024,1,0,0
RipVIS-079_01986.jpg,2078,RipVIS-079,0,2,1
RipVIS-108_01986.jpg,2079,RipVIS-108,0,2,1
RipVIS-014_00023.jpg,2080,RipVIS-014,0,1,1
RipVIS-NR-004_00540.jpg,2081,RipVIS-NR-004,1,0,0
RipVIS-NR-019_00726.jpg,2082,RipVIS-NR-019,1,0,0
RipVIS-090_00060.jpg,2083,RipVIS-090,0,3,1
RipVIS-NR-022_00864.jpg,2084,RipVIS-NR-022,1,0,0
RipVIS-079_00114.jpg,2085,RipVIS-079,0,2,1
RipVIS-001_00132.jpg,2086,RipVIS-001,0,1,1
RipVIS-108_01938.jpg,2087,RipVIS-108,0,1,1
RipVIS-014_00014.jpg,2088,RipVIS-014,0,1,1
RipVIS-079_00906.jpg,2089,RipVIS-079,0,2,1
RipVIS-NR-020_02544.jpg,2090,RipVIS-NR-020,1,0,0
RipVIS-NR-022_00270.jpg,2091,RipVIS-NR-022,1,0,0
RipVIS-NR-020_01926.jpg,2092,RipVIS-NR-020,1,0,0
RipVIS-NR-004_00480.jpg,2093,RipVIS-NR-004,1,0,0
RipVIS-024_00022.jpg,2094,RipVIS-024,0,1,1
RipVIS-079_01278.jpg,2095,RipVIS-079,0,2,1
RipVIS-NR-020_02520.jpg,2096,RipVIS-NR-020,1,0,0
RipVIS-046_00030.jpg,2097,RipVIS-046,0,1,1
RipVIS-NR-024_01620.jpg,2098,RipVIS-NR-024,1,0,0
RipVIS-079_01350.jpg,2099,RipVIS-079,0,2,1
RipVIS-066_00205.jpg,2100,RipVIS-066,0,1,1
RipVIS-NR-020_01146.jpg,2101,RipVIS-NR-020,1,0,0
RipVIS-012_00004.jpg,2102,RipVIS-012,0,1,1
RipVIS-079_01818.jpg,2103,RipVIS-079,0,2,1
RipVIS-024_00010.jpg,2104,RipVIS-024,0,1,1
RipVIS-129_00780.jpg,2105,RipVIS-129,0,1,1
RipVIS-014_00140.jpg,2106,RipVIS-014,0,1,1
RipVIS-090_00480.jpg,2107,RipVIS-090,0,1,1
RipVIS-012_00029.jpg,2108,RipVIS-012,0,1,1
RipVIS-026_00110.jpg,2109,RipVIS-026,0,2,1
RipVIS-079_01206.jpg,2110,RipVIS-079,0,2,1
RipVIS-079_02070.jpg,2111,RipVIS-079,0,2,1
RipVIS-108_01140.jpg,2112,RipVIS-108,0,2,1
RipVIS-079_01590.jpg,2113,RipVIS-079,0,2,1
RipVIS-NR-020_00852.jpg,2114,RipVIS-NR-020,1,0,0
RipVIS-046_00126.jpg,2115,RipVIS-046,0,1,1
RipVIS-012_00091.jpg,2116,RipVIS-012,0,1,1
RipVIS-001_00178.jpg,2117,RipVIS-001,0,1,1
RipVIS-NR-019_00408.jpg,2118,RipVIS-NR-019,1,0,0
RipVIS-026_00234.jpg,2119,RipVIS-026,0,2,1
RipVIS-001_00068.jpg,2120,RipVIS-001,0,1,1
RipVIS-079_01326.jpg,2121,RipVIS-079,0,2,1
RipVIS-026_00161.jpg,2122,RipVIS-026,0,2,1
RipVIS-108_01896.jpg,2123,RipVIS-108,0,2,1
RipVIS-143_00636.jpg,2124,RipVIS-143,0,1,1
RipVIS-NR-019_00468.jpg,2125,RipVIS-NR-019,1,0,0
RipVIS-102_00192.jpg,2126,RipVIS-102,0,2,1
RipVIS-079_00084.jpg,2127,RipVIS-079,0,2,1
RipVIS-001_00108.jpg,2128,RipVIS-001,0,1,1
RipVIS-079_00594.jpg,2129,RipVIS-079,0,2,1
RipVIS-NR-004_00408.jpg,2130,RipVIS-NR-004,1,0,0
RipVIS-NR-020_02010.jpg,2131,RipVIS-NR-020,1,0,0
RipVIS-133_00420.jpg,2132,RipVIS-133,0,2,1
RipVIS-102_00624.jpg,2133,RipVIS-102,0,2,1
RipVIS-026_00240.jpg,2134,RipVIS-026,0,2,1
RipVIS-108_00438.jpg,2135,RipVIS-108,0,2,1
RipVIS-NR-022_00000.jpg,2136,RipVIS-NR-022,1,0,0
RipVIS-066_00435.jpg,2137,RipVIS-066,0,1,1
RipVIS-046_00336.jpg,2138,RipVIS-046,0,2,1
RipVIS-001_00163.jpg,2139,RipVIS-001,0,1,1
RipVIS-143_00252.jpg,2140,RipVIS-143,0,1,1
RipVIS-014_00032.jpg,2141,RipVIS-014,0,1,1
RipVIS-079_01680.jpg,2142,RipVIS-079,0,2,1
RipVIS-146_00300.jpg,2143,RipVIS-146,0,1,1
RipVIS-079_01470.jpg,2144,RipVIS-079,0,2,1
RipVIS-007_00012.jpg,2145,RipVIS-007,0,2,1
RipVIS-001_00133.jpg,2146,RipVIS-001,0,1,1
RipVIS-108_00462.jpg,2147,RipVIS-108,0,2,1
RipVIS-NR-020_01806.jpg,2148,RipVIS-NR-020,1,0,0
RipVIS-NR-024_00786.jpg,2149,RipVIS-NR-024,1,0,0
RipVIS-108_01698.jpg,2150,RipVIS-108,0,2,1
RipVIS-NR-022_00702.jpg,2151,RipVIS-NR-022,1,0,0
RipVIS-NR-004_00240.jpg,2152,RipVIS-NR-004,1,0,0
RipVIS-NR-024_01266.jpg,2153,RipVIS-NR-024,1,0,0
RipVIS-026_00126.jpg,2154,RipVIS-026,0,2,1
RipVIS-NR-026_00294.jpg,2155,RipVIS-NR-026,1,0,0
RipVIS-NR-026_00612.jpg,2156,RipVIS-NR-026,1,0,0
RipVIS-014_00071.jpg,2157,RipVIS-014,0,1,1
RipVIS-NR-019_00732.jpg,2158,RipVIS-NR-019,1,0,0
RipVIS-NR-020_02142.jpg,2159,RipVIS-NR-020,1,0,0
RipVIS-079_00288.jpg,2160,RipVIS-079,0,2,1
RipVIS-067_00018.jpg,2161,RipVIS-067,0,2,1
RipVIS-039_00008.jpg,2162,RipVIS-039,0,2,1
RipVIS-NR-019_00294.jpg,2163,RipVIS-NR-019,1,0,0
RipVIS-108_00888.jpg,2164,RipVIS-108,0,2,1
RipVIS-NR-024_00654.jpg,2165,RipVIS-NR-024,1,0,0
RipVIS-024_00081.jpg,2166,RipVIS-024,0,1,1
RipVIS-079_00456.jpg,2167,RipVIS-079,0,2,1
RipVIS-014_00056.jpg,2168,RipVIS-014,0,1,1
RipVIS-102_00132.jpg,2169,RipVIS-102,0,2,1
RipVIS-026_00023.jpg,2170,RipVIS-026,0,2,1
RipVIS-079_01548.jpg,2171,RipVIS-079,0,2,1
RipVIS-NR-026_00210.jpg,2172,RipVIS-NR-026,1,0,0
RipVIS-NR-022_00888.jpg,2173,RipVIS-NR-022,1,0,0
RipVIS-066_00340.jpg,2174,RipVIS-066,0,1,1
RipVIS-NR-020_01716.jpg,2175,RipVIS-NR-020,1,0,0
RipVIS-044_00462.jpg,2176,RipVIS-044,0,1,1
RipVIS-108_00360.jpg,2177,RipVIS-108,0,2,1
RipVIS-012_00033.jpg,2178,RipVIS-012,0,1,1
RipVIS-044_00072.jpg,2179,RipVIS-044,0,1,1
RipVIS-102_00360.jpg,2180,RipVIS-102,0,2,1
RipVIS-NR-026_01182.jpg,2181,RipVIS-NR-026,1,0,0
RipVIS-NR-020_01074.jpg,2182,RipVIS-NR-020,1,0,0
RipVIS-012_00026.jpg,2183,RipVIS-012,0,1,1
RipVIS-NR-024_01590.jpg,2184,RipVIS-NR-024,1,0,0
RipVIS-012_00068.jpg,2185,RipVIS-012,0,1,1
RipVIS-NR-024_00882.jpg,2186,RipVIS-NR-024,1,0,0
RipVIS-NR-020_00570.jpg,2187,RipVIS-NR-020,1,0,0
RipVIS-129_00330.jpg,2188,RipVIS-129,0,1,1
RipVIS-143_00552.jpg,2189,RipVIS-143,0,1,1
RipVIS-012_00000.jpg,2190,RipVIS-012,0,1,1
RipVIS-012_00002.jpg,2191,RipVIS-012,0,1,1
RipVIS-102_00336.jpg,2192,RipVIS-102,0,2,1
RipVIS-066_00175.jpg,2193,RipVIS-066,0,1,1
RipVIS-108_00918.jpg,2194,RipVIS-108,0,2,1
RipVIS-001_00074.jpg,2195,RipVIS-001,0,1,1
RipVIS-NR-022_00198.jpg,2196,RipVIS-NR-022,1,0,0
RipVIS-109_00036.jpg,2197,RipVIS-109,0,2,1
RipVIS-NR-020_01878.jpg,2198,RipVIS-NR-020,1,0,0
RipVIS-102_00438.jpg,2199,RipVIS-102,0,2,1
RipVIS-NR-020_00702.jpg,2200,RipVIS-NR-020,1,0,0
RipVIS-059_00072.jpg,2201,RipVIS-059,0,1,1
RipVIS-039_00032.jpg,2202,RipVIS-039,0,2,1
RipVIS-NR-020_00786.jpg,2203,RipVIS-NR-020,1,0,0
RipVIS-090_00384.jpg,2204,RipVIS-090,0,1,1
RipVIS-143_00996.jpg,2205,RipVIS-143,0,2,1
RipVIS-014_00145.jpg,2206,RipVIS-014,0,1,1
RipVIS-039_00007.jpg,2207,RipVIS-039,0,2,1
RipVIS-108_00486.jpg,2208,RipVIS-108,0,2,1
RipVIS-NR-020_01086.jpg,2209,RipVIS-NR-020,1,0,0
RipVIS-NR-022_00984.jpg,2210,RipVIS-NR-022,1,0,0
RipVIS-108_00156.jpg,2211,RipVIS-108,0,2,1
RipVIS-026_00020.jpg,2212,RipVIS-026,0,2,1
RipVIS-NR-022_01698.jpg,2213,RipVIS-NR-022,1,0,0
RipVIS-NR-024_00294.jpg,2214,RipVIS-NR-024,1,0,0
RipVIS-046_00654.jpg,2215,RipVIS-046,0,2,1
RipVIS-129_01890.jpg,2216,RipVIS-129,0,1,1
RipVIS-143_01272.jpg,2217,RipVIS-143,0,2,1
RipVIS-NR-024_00438.jpg,2218,RipVIS-NR-024,1,0,0
RipVIS-066_00050.jpg,2219,RipVIS-066,0,1,1
RipVIS-066_00490.jpg,2220,RipVIS-066,0,1,1
RipVIS-059_00012.jpg,2221,RipVIS-059,0,1,1
RipVIS-NR-020_01386.jpg,2222,RipVIS-NR-020,1,0,0
RipVIS-NR-022_00528.jpg,2223,RipVIS-NR-022,1,0,0
RipVIS-026_00233.jpg,2224,RipVIS-026,0,2,1
RipVIS-026_00088.jpg,2225,RipVIS-026,0,2,1
RipVIS-108_00456.jpg,2226,RipVIS-108,0,2,1
RipVIS-NR-020_00546.jpg,2227,RipVIS-NR-020,1,0,0
RipVIS-NR-024_01314.jpg,2228,RipVIS-NR-024,1,0,0
RipVIS-NR-026_00414.jpg,2229,RipVIS-NR-026,1,0,0
RipVIS-079_00534.jpg,2230,RipVIS-079,0,2,1
RipVIS-108_02016.jpg,2231,RipVIS-108,0,2,1
RipVIS-143_01188.jpg,2232,RipVIS-143,0,2,1
RipVIS-014_00102.jpg,2233,RipVIS-014,0,1,1
RipVIS-053_00024.jpg,2234,RipVIS-053,0,1,1
RipVIS-014_00079.jpg,2235,RipVIS-014,0,1,1
RipVIS-143_00972.jpg,2236,RipVIS-143,0,2,1
RipVIS-001_00014.jpg,2237,RipVIS-001,0,1,1
RipVIS-NR-026_01086.jpg,2238,RipVIS-NR-026,1,0,0
RipVIS-079_00192.jpg,2239,RipVIS-079,0,2,1
RipVIS-108_01212.jpg,2240,RipVIS-108,0,2,1
RipVIS-NR-024_00780.jpg,2241,RipVIS-NR-024,1,0,0
RipVIS-109_00264.jpg,2242,RipVIS-109,0,2,1
RipVIS-NR-020_01068.jpg,2243,RipVIS-NR-020,1,0,0
RipVIS-109_00186.jpg,2244,RipVIS-109,0,2,1
RipVIS-NR-026_00690.jpg,2245,RipVIS-NR-026,1,0,0
RipVIS-026_00212.jpg,2246,RipVIS-026,0,2,1
RipVIS-NR-026_00282.jpg,2247,RipVIS-NR-026,1,0,0
RipVIS-108_01950.jpg,2248,RipVIS-108,0,2,1
RipVIS-NR-020_01530.jpg,2249,RipVIS-NR-020,1,0,0
RipVIS-NR-024_00696.jpg,2250,RipVIS-NR-024,1,0,0
RipVIS-046_00108.jpg,2251,RipVIS-046,0,1,1
RipVIS-146_00060.jpg,2252,RipVIS-146,0,1,1
RipVIS-NR-024_01194.jpg,2253,RipVIS-NR-024,1,0,0
RipVIS-NR-022_00534.jpg,2254,RipVIS-NR-022,1,0,0
RipVIS-NR-020_01128.jpg,2255,RipVIS-NR-020,1,0,0
RipVIS-143_00084.jpg,2256,RipVIS-143,0,1,1
RipVIS-NR-024_00000.jpg,2257,RipVIS-NR-024,1,0,0
RipVIS-109_00492.jpg,2258,RipVIS-109,0,2,1
RipVIS-072_00060.jpg,2259,RipVIS-072,0,1,1
RipVIS-079_01578.jpg,2260,RipVIS-079,0,2,1
RipVIS-NR-022_00522.jpg,2261,RipVIS-NR-022,1,0,0
RipVIS-129_01470.jpg,2262,RipVIS-129,0,1,1
RipVIS-053_00222.jpg,2263,RipVIS-053,0,1,1
RipVIS-NR-022_00822.jpg,2264,RipVIS-NR-022,1,0,0
RipVIS-014_00171.jpg,2265,RipVIS-014,0,1,1
RipVIS-007_00033.jpg,2266,RipVIS-007,0,2,1
RipVIS-079_01332.jpg,2267,RipVIS-079,0,2,1
RipVIS-059_00150.jpg,2268,RipVIS-059,0,1,1
RipVIS-NR-024_00486.jpg,2269,RipVIS-NR-024,1,0,0
RipVIS-079_01188.jpg,2270,RipVIS-079,0,2,1
RipVIS-NR-024_01110.jpg,2271,RipVIS-NR-024,1,0,0
RipVIS-067_00108.jpg,2272,RipVIS-067,0,2,1
RipVIS-NR-020_01602.jpg,2273,RipVIS-NR-020,1,0,0
RipVIS-001_00069.jpg,2274,RipVIS-001,0,1,1
RipVIS-NR-024_00066.jpg,2275,RipVIS-NR-024,1,0,0
RipVIS-039_00045.jpg,2276,RipVIS-039,0,2,1
RipVIS-NR-019_00660.jpg,2277,RipVIS-NR-019,1,0,0
RipVIS-079_00228.jpg,2278,RipVIS-079,0,2,1
RipVIS-046_00204.jpg,2279,RipVIS-046,0,2,1
RipVIS-NR-019_00108.jpg,2280,RipVIS-NR-019,1,0,0
RipVIS-079_00864.jpg,2281,RipVIS-079,0,2,1
RipVIS-059_00036.jpg,2282,RipVIS-059,0,1,1
RipVIS-024_00035.jpg,2283,RipVIS-024,0,1,1
RipVIS-NR-020_00588.jpg,2284,RipVIS-NR-020,1,0,0
RipVIS-079_01824.jpg,2285,RipVIS-079,0,2,1
RipVIS-NR-022_01026.jpg,2286,RipVIS-NR-022,1,0,0
RipVIS-143_00312.jpg,2287,RipVIS-143,0,1,1
RipVIS-NR-019_00756.jpg,2288,RipVIS-NR-019,1,0,0
RipVIS-072_00006.jpg,2289,RipVIS-072,0,1,1
RipVIS-NR-019_00558.jpg,2290,RipVIS-NR-019,1,0,0
RipVIS-012_00095.jpg,2291,RipVIS-012,0,1,1
RipVIS-NR-020_00126.jpg,2292,RipVIS-NR-020,1,0,0
RipVIS-143_01128.jpg,2293,RipVIS-143,0,2,1
RipVIS-NR-020_02130.jpg,2294,RipVIS-NR-020,1,0,0
RipVIS-NR-020_01884.jpg,2295,RipVIS-NR-020,1,0,0
RipVIS-NR-019_00576.jpg,2296,RipVIS-NR-019,1,0,0
RipVIS-129_01020.jpg,2297,RipVIS-129,0,1,1
RipVIS-NR-020_01302.jpg,2298,RipVIS-NR-020,1,0,0
RipVIS-NR-024_01374.jpg,2299,RipVIS-NR-024,1,0,0
RipVIS-NR-022_01386.jpg,2300,RipVIS-NR-022,1,0,0
RipVIS-NR-026_00024.jpg,2301,RipVIS-NR-026,1,0,0
RipVIS-079_00708.jpg,2302,RipVIS-079,0,2,1
RipVIS-079_00054.jpg,2303,RipVIS-079,0,2,1
RipVIS-NR-022_01116.jpg,2304,RipVIS-NR-022,1,0,0
RipVIS-NR-026_01116.jpg,2305,RipVIS-NR-026,1,0,0
RipVIS-044_00522.jpg,2306,RipVIS-044,0,1,1
RipVIS-121_00360.jpg,2307,RipVIS-121,0,1,1
RipVIS-102_00072.jpg,2308,RipVIS-102,0,2,1
RipVIS-026_00016.jpg,2309,RipVIS-026,0,2,1
RipVIS-026_00135.jpg,2310,RipVIS-026,0,2,1
RipVIS-NR-020_01344.jpg,2311,RipVIS-NR-020,1,0,0
RipVIS-108_00030.jpg,2312,RipVIS-108,0,2,1
RipVIS-143_00348.jpg,2313,RipVIS-143,0,1,1
RipVIS-108_02004.jpg,2314,RipVIS-108,0,2,1
RipVIS-NR-024_01404.jpg,2315,RipVIS-NR-024,1,0,0
RipVIS-024_00026.jpg,2316,RipVIS-024,0,1,1
RipVIS-NR-022_01032.jpg,2317,RipVIS-NR-022,1,0,0
RipVIS-108_01146.jpg,2318,RipVIS-108,0,2,1
RipVIS-014_00078.jpg,2319,RipVIS-014,0,1,1
RipVIS-NR-020_00858.jpg,2320,RipVIS-NR-020,1,0,0
RipVIS-014_00088.jpg,2321,RipVIS-014,0,1,1
RipVIS-026_00077.jpg,2322,RipVIS-026,0,2,1
RipVIS-NR-026_01146.jpg,2323,RipVIS-NR-026,1,0,0
RipVIS-NR-022_00108.jpg,2324,RipVIS-NR-022,1,0,0
RipVIS-079_00648.jpg,2325,RipVIS-079,0,2,1
RipVIS-NR-022_01734.jpg,2326,RipVIS-NR-022,1,0,0
RipVIS-NR-020_01158.jpg,2327,RipVIS-NR-020,1,0,0
RipVIS-143_00000.jpg,2328,RipVIS-143,0,1,1
RipVIS-108_00264.jpg,2329,RipVIS-108,0,2,1
RipVIS-053_00246.jpg,2330,RipVIS-053,0,1,1
RipVIS-NR-024_00834.jpg,2331,RipVIS-NR-024,1,0,0
RipVIS-079_00318.jpg,2332,RipVIS-079,0,2,1
RipVIS-147_00025.jpg,2333,RipVIS-147,0,1,1
RipVIS-143_00864.jpg,2334,RipVIS-143,0,2,1
RipVIS-079_00570.jpg,2335,RipVIS-079,0,2,1
RipVIS-046_00402.jpg,2336,RipVIS-046,0,2,1
RipVIS-143_00804.jpg,2337,RipVIS-143,0,2,1
RipVIS-079_01464.jpg,2338,RipVIS-079,0,2,1
RipVIS-102_00594.jpg,2339,RipVIS-102,0,2,1
RipVIS-012_00009.jpg,2340,RipVIS-012,0,1,1
RipVIS-NR-004_00504.jpg,2341,RipVIS-NR-004,1,0,0
RipVIS-024_00011.jpg,2342,RipVIS-024,0,1,1
RipVIS-024_00007.jpg,2343,RipVIS-024,0,1,1
RipVIS-059_00156.jpg,2344,RipVIS-059,0,1,1
RipVIS-026_00034.jpg,2345,RipVIS-026,0,2,1
RipVIS-102_00636.jpg,2346,RipVIS-102,0,2,1
RipVIS-079_00930.jpg,2347,RipVIS-079,0,2,1
RipVIS-044_00282.jpg,2348,RipVIS-044,0,1,1
RipVIS-NR-004_00024.jpg,2349,RipVIS-NR-004,1,0,0
RipVIS-026_00093.jpg,2350,RipVIS-026,0,2,1
RipVIS-NR-022_01326.jpg,2351,RipVIS-NR-022,1,0,0
RipVIS-024_00064.jpg,2352,RipVIS-024,0,1,1
RipVIS-026_00057.jpg,2353,RipVIS-026,0,2,1
RipVIS-NR-020_01752.jpg,2354,RipVIS-NR-020,1,0,0
RipVIS-026_00019.jpg,2355,RipVIS-026,0,2,1
RipVIS-NR-020_02046.jpg,2356,RipVIS-NR-020,1,0,0
RipVIS-NR-019_00882.jpg,2357,RipVIS-NR-019,1,0,0
RipVIS-NR-026_00942.jpg,2358,RipVIS-NR-026,1,0,0
RipVIS-109_00132.jpg,2359,RipVIS-109,0,2,1
RipVIS-014_00047.jpg,2360,RipVIS-014,0,1,1
RipVIS-066_00080.jpg,2361,RipVIS-066,0,1,1
RipVIS-007_00062.jpg,2362,RipVIS-007,0,2,1
RipVIS-NR-024_00462.jpg,2363,RipVIS-NR-024,1,0,0
RipVIS-108_01122.jpg,2364,RipVIS-108,0,2,1
RipVIS-NR-024_00234.jpg,2365,RipVIS-NR-024,1,0,0
RipVIS-012_00089.jpg,2366,RipVIS-012,0,1,1
RipVIS-039_00036.jpg,2367,RipVIS-039,0,2,1
RipVIS-NR-004_00198.jpg,2368,RipVIS-NR-004,1,0,0
RipVIS-039_00000.jpg,2369,RipVIS-039,0,2,1
RipVIS-046_00744.jpg,2370,RipVIS-046,0,2,1
RipVIS-NR-020_02484.jpg,2371,RipVIS-NR-020,1,0,0
RipVIS-108_01548.jpg,2372,RipVIS-108,0,2,1
RipVIS-026_00113.jpg,2373,RipVIS-026,0,2,1
RipVIS-NR-024_01728.jpg,2374,RipVIS-NR-024,1,0,0
RipVIS-012_00018.jpg,2375,RipVIS-012,0,1,1
RipVIS-046_00414.jpg,2376,RipVIS-046,0,2,1
RipVIS-079_01236.jpg,2377,RipVIS-079,0,2,1
RipVIS-012_00024.jpg,2378,RipVIS-012,0,1,1
RipVIS-NR-026_00744.jpg,2379,RipVIS-NR-026,1,0,0
RipVIS-NR-020_00966.jpg,2380,RipVIS-NR-020,1,0,0
RipVIS-102_00126.jpg,2381,RipVIS-102,0,2,1
RipVIS-143_00264.jpg,2382,RipVIS-143,0,1,1
RipVIS-066_00040.jpg,2383,RipVIS-066,0,1,1
RipVIS-NR-020_02058.jpg,2384,RipVIS-NR-020,1,0,0
RipVIS-NR-022_01284.jpg,2385,RipVIS-NR-022,1,0,0
RipVIS-NR-024_00738.jpg,2386,RipVIS-NR-024,1,0,0
RipVIS-007_00053.jpg,2387,RipVIS-007,0,2,1
RipVIS-NR-019_00864.jpg,2388,RipVIS-NR-019,1,0,0
RipVIS-109_00522.jpg,2389,RipVIS-109,0,2,1
RipVIS-001_00191.jpg,2390,RipVIS-001,0,1,1
RipVIS-NR-022_01098.jpg,2391,RipVIS-NR-022,1,0,0
RipVIS-108_00090.jpg,2392,RipVIS-108,0,2,1
RipVIS-134_00840.jpg,2393,RipVIS-134,0,2,1
RipVIS-NR-004_00318.jpg,2394,RipVIS-NR-004,1,0,0
RipVIS-046_00684.jpg,2395,RipVIS-046,0,2,1
RipVIS-108_00222.jpg,2396,RipVIS-108,0,2,1
RipVIS-143_00924.jpg,2397,RipVIS-143,0,2,1
RipVIS-108_00204.jpg,2398,RipVIS-108,0,2,1
RipVIS-108_00768.jpg,2399,RipVIS-108,0,2,1
RipVIS-026_00122.jpg,2400,RipVIS-026,0,2,1
RipVIS-NR-024_01020.jpg,2401,RipVIS-NR-024,1,0,0
RipVIS-066_00500.jpg,2402,RipVIS-066,0,1,1
RipVIS-102_00204.jpg,2403,RipVIS-102,0,2,1
RipVIS-007_00026.jpg,2404,RipVIS-007,0,2,1
RipVIS-NR-022_00288.jpg,2405,RipVIS-NR-022,1,0,0
RipVIS-109_00420.jpg,2406,RipVIS-109,0,2,1
RipVIS-NR-020_00840.jpg,2407,RipVIS-NR-020,1,0,0
RipVIS-012_00092.jpg,2408,RipVIS-012,0,1,1
RipVIS-108_00444.jpg,2409,RipVIS-108,0,2,1
RipVIS-NR-026_00834.jpg,2410,RipVIS-NR-026,1,0,0
RipVIS-NR-004_00066.jpg,2411,RipVIS-NR-004,1,0,0
RipVIS-046_00900.jpg,2412,RipVIS-046,0,2,1
RipVIS-053_00264.jpg,2413,RipVIS-053,0,1,1
RipVIS-NR-024_00384.jpg,2414,RipVIS-NR-024,1,0,0
RipVIS-143_00336.jpg,2415,RipVIS-143,0,1,1
RipVIS-NR-026_00846.jpg,2416,RipVIS-NR-026,1,0,0
RipVIS-079_01914.jpg,2417,RipVIS-079,0,2,1
RipVIS-079_01482.jpg,2418,RipVIS-079,0,2,1
RipVIS-046_00696.jpg,2419,RipVIS-046,0,2,1
RipVIS-014_00043.jpg,2420,RipVIS-014,0,1,1
RipVIS-NR-020_00948.jpg,2421,RipVIS-NR-020,1,0,0
RipVIS-079_00846.jpg,2422,RipVIS-079,0,2,1
RipVIS-079_01752.jpg,2423,RipVIS-079,0,2,1
RipVIS-108_00072.jpg,2424,RipVIS-108,0,2,1
RipVIS-NR-026_00222.jpg,2425,RipVIS-NR-026,1,0,0
RipVIS-NR-019_00876.jpg,2426,RipVIS-NR-019,1,0,0
RipVIS-108_00096.jpg,2427,RipVIS-108,0,2,1
RipVIS-NR-019_00006.jpg,2428,RipVIS-NR-019,1,0,0
RipVIS-044_00312.jpg,2429,RipVIS-044,0,1,1
RipVIS-026_00140.jpg,2430,RipVIS-026,0,2,1
RipVIS-090_00108.jpg,2431,RipVIS-090,0,3,1
RipVIS-026_00078.jpg,2432,RipVIS-026,0,2,1
RipVIS-NR-020_02082.jpg,2433,RipVIS-NR-020,1,0,0
RipVIS-001_00078.jpg,2434,RipVIS-001,0,1,1
RipVIS-NR-022_01170.jpg,2435,RipVIS-NR-022,1,0,0
RipVIS-102_00012.jpg,2436,RipVIS-102,0,2,1
RipVIS-NR-026_01158.jpg,2437,RipVIS-NR-026,1,0,0
RipVIS-079_00582.jpg,2438,RipVIS-079,0,2,1
RipVIS-108_00714.jpg,2439,RipVIS-108,0,2,1
RipVIS-NR-022_01368.jpg,2440,RipVIS-NR-022,1,0,0
RipVIS-066_00380.jpg,2441,RipVIS-066,0,1,1
RipVIS-026_00049.jpg,2442,RipVIS-026,0,2,1
RipVIS-066_00125.jpg,2443,RipVIS-066,0,1,1
RipVIS-007_00011.jpg,2444,RipVIS-007,0,2,1
RipVIS-079_01980.jpg,2445,RipVIS-079,0,2,1
RipVIS-NR-022_01290.jpg,2446,RipVIS-NR-022,1,0,0
RipVIS-102_00354.jpg,2447,RipVIS-102,0,2,1
RipVIS-NR-020_01938.jpg,2448,RipVIS-NR-020,1,0,0
RipVIS-NR-020_02118.jpg,2449,RipVIS-NR-020,1,0,0
RipVIS-039_00025.jpg,2450,RipVIS-039,0,2,1
RipVIS-026_00024.jpg,2451,RipVIS-026,0,2,1
RipVIS-143_00384.jpg,2452,RipVIS-143,0,1,1
RipVIS-109_00408.jpg,2453,RipVIS-109,0,2,1
RipVIS-053_00300.jpg,2454,RipVIS-053,0,1,1
RipVIS-143_00012.jpg,2455,RipVIS-143,0,1,1
RipVIS-NR-004_00312.jpg,2456,RipVIS-NR-004,1,0,0
RipVIS-015_00090.jpg,2457,RipVIS-015,0,1,1
RipVIS-053_00558.jpg,2458,RipVIS-053,0,1,1
RipVIS-007_00043.jpg,2459,RipVIS-007,0,2,1
RipVIS-NR-020_01596.jpg,2460,RipVIS-NR-020,1,0,0
RipVIS-143_00192.jpg,2461,RipVIS-143,0,1,1
RipVIS-NR-022_00780.jpg,2462,RipVIS-NR-022,1,0,0
RipVIS-NR-004_00516.jpg,2463,RipVIS-NR-004,1,0,0
RipVIS-001_00199.jpg,2464,RipVIS-001,0,1,1
RipVIS-NR-020_02214.jpg,2465,RipVIS-NR-020,1,0,0
RipVIS-108_01644.jpg,2466,RipVIS-108,0,2,1
RipVIS-NR-024_00330.jpg,2467,RipVIS-NR-024,1,0,0
RipVIS-067_00054.jpg,2468,RipVIS-067,0,2,1
RipVIS-026_00062.jpg,2469,RipVIS-026,0,2,1
RipVIS-001_00025.jpg,2470,RipVIS-001,0,1,1
RipVIS-NR-022_00432.jpg,2471,RipVIS-NR-022,1,0,0
RipVIS-NR-022_01068.jpg,2472,RipVIS-NR-022,1,0,0
RipVIS-NR-026_00540.jpg,2473,RipVIS-NR-026,1,0,0
RipVIS-NR-024_01746.jpg,2474,RipVIS-NR-024,1,0,0
RipVIS-090_00192.jpg,2475,RipVIS-090,0,3,1
RipVIS-NR-004_00558.jpg,2476,RipVIS-NR-004,1,0,0
RipVIS-001_00112.jpg,2477,RipVIS-001,0,1,1
RipVIS-NR-024_01014.jpg,2478,RipVIS-NR-024,1,0,0
RipVIS-NR-024_01320.jpg,2479,RipVIS-NR-024,1,0,0
RipVIS-001_00190.jpg,2480,RipVIS-001,0,1,1
RipVIS-001_00012.jpg,2481,RipVIS-001,0,1,1
RipVIS-090_00312.jpg,2482,RipVIS-090,0,3,1
RipVIS-014_00119.jpg,2483,RipVIS-014,0,1,1
RipVIS-NR-020_00240.jpg,2484,RipVIS-NR-020,1,0,0
RipVIS-012_00055.jpg,2485,RipVIS-012,0,1,1
RipVIS-NR-022_00666.jpg,2486,RipVIS-NR-022,1,0,0
RipVIS-NR-024_01326.jpg,2487,RipVIS-NR-024,1,0,0
RipVIS-143_00876.jpg,2488,RipVIS-143,0,2,1
RipVIS-001_00036.jpg,2489,RipVIS-001,0,1,1
RipVIS-108_00228.jpg,2490,RipVIS-108,0,2,1
RipVIS-NR-024_01410.jpg,2491,RipVIS-NR-024,1,0,0
RipVIS-079_00330.jpg,2492,RipVIS-079,0,2,1
RipVIS-NR-019_00114.jpg,2493,RipVIS-NR-019,1,0,0
RipVIS-NR-022_00024.jpg,2494,RipVIS-NR-022,1,0,0
RipVIS-001_00195.jpg,2495,RipVIS-001,0,1,1
RipVIS-NR-026_00288.jpg,2496,RipVIS-NR-026,1,0,0
RipVIS-001_00041.jpg,2497,RipVIS-001,0,1,1
RipVIS-053_00486.jpg,2498,RipVIS-053,0,1,1
RipVIS-NR-019_00168.jpg,2499,RipVIS-NR-019,1,0,0
RipVIS-066_00170.jpg,2500,RipVIS-066,0,1,1
RipVIS-026_00198.jpg,2501,RipVIS-026,0,2,1
RipVIS-NR-020_00636.jpg,2502,RipVIS-NR-020,1,0,0
RipVIS-NR-024_00288.jpg,2503,RipVIS-NR-024,1,0,0
RipVIS-NR-020_02568.jpg,2504,RipVIS-NR-020,1,0,0
RipVIS-046_01032.jpg,2505,RipVIS-046,0,2,1
RipVIS-090_00492.jpg,2506,RipVIS-090,0,1,1
RipVIS-046_00912.jpg,2507,RipVIS-046,0,2,1
RipVIS-079_01650.jpg,2508,RipVIS-079,0,2,1
RipVIS-NR-022_01596.jpg,2509,RipVIS-NR-022,1,0,0
RipVIS-108_00882.jpg,2510,RipVIS-108,0,2,1
RipVIS-NR-004_00444.jpg,2511,RipVIS-NR-004,1,0,0
RipVIS-NR-020_00018.jpg,2512,RipVIS-NR-020,1,0,0
RipVIS-066_00535.jpg,2513,RipVIS-066,0,1,1
RipVIS-NR-026_00990.jpg,2514,RipVIS-NR-026,1,0,0
RipVIS-014_00124.jpg,2515,RipVIS-014,0,1,1
RipVIS-046_00120.jpg,2516,RipVIS-046,0,1,1
RipVIS-039_00006.jpg,2517,RipVIS-039,0,2,1
RipVIS-NR-022_00144.jpg,2518,RipVIS-NR-022,1,0,0
RipVIS-079_01224.jpg,2519,RipVIS-079,0,2,1
RipVIS-044_00480.jpg,2520,RipVIS-044,0,1,1
RipVIS-026_00099.jpg,2521,RipVIS-026,0,2,1
RipVIS-NR-020_02220.jpg,2522,RipVIS-NR-020,1,0,0
RipVIS-024_00061.jpg,2523,RipVIS-024,0,1,1
RipVIS-014_00165.jpg,2524,RipVIS-014,0,1,1
RipVIS-007_00058.jpg,2525,RipVIS-007,0,2,1
RipVIS-066_00280.jpg,2526,RipVIS-066,0,1,1
RipVIS-NR-024_01338.jpg,2527,RipVIS-NR-024,1,0,0
RipVIS-014_00010.jpg,2528,RipVIS-014,0,1,1
RipVIS-NR-024_00510.jpg,2529,RipVIS-NR-024,1,0,0
RipVIS-014_00021.jpg,2530,RipVIS-014,0,1,1
RipVIS-044_00090.jpg,2531,RipVIS-044,0,1,1
RipVIS-NR-020_02202.jpg,2532,RipVIS-NR-020,1,0,0
RipVIS-129_01560.jpg,2533,RipVIS-129,0,1,1
RipVIS-044_00204.jpg,2534,RipVIS-044,0,1,1
RipVIS-NR-019_00312.jpg,2535,RipVIS-NR-019,1,0,0
RipVIS-NR-022_01770.jpg,2536,RipVIS-NR-022,1,0,0
RipVIS-NR-022_01014.jpg,2537,RipVIS-NR-022,1,0,0
RipVIS-NR-019_00180.jpg,2538,RipVIS-NR-019,1,0,0
RipVIS-NR-020_00138.jpg,2539,RipVIS-NR-020,1,0,0
RipVIS-NR-026_00732.jpg,2540,RipVIS-NR-026,1,0,0
RipVIS-053_00456.jpg,2541,RipVIS-053,0,1,1
RipVIS-026_00253.jpg,2542,RipVIS-026,0,2,1
RipVIS-NR-024_00312.jpg,2543,RipVIS-NR-024,1,0,0
RipVIS-053_00360.jpg,2544,RipVIS-053,0,1,1
RipVIS-109_00162.jpg,2545,RipVIS-109,0,2,1
RipVIS-046_00528.jpg,2546,RipVIS-046,0,2,1
RipVIS-026_00131.jpg,2547,RipVIS-026,0,2,1
RipVIS-066_00410.jpg,2548,RipVIS-066,0,1,1
RipVIS-079_01950.jpg,2549,RipVIS-079,0,2,1
RipVIS-079_01308.jpg,2550,RipVIS-079,0,2,1
RipVIS-NR-022_00072.jpg,2551,RipVIS-NR-022,1,0,0
RipVIS-090_00096.jpg,2552,RipVIS-090,0,3,1
RipVIS-066_00375.jpg,2553,RipVIS-066,0,1,1
RipVIS-109_00294.jpg,2554,RipVIS-109,0,2,1
RipVIS-079_01764.jpg,2555,RipVIS-079,0,2,1
RipVIS-NR-020_02178.jpg,2556,RipVIS-NR-020,1,0,0
RipVIS-079_01230.jpg,2557,RipVIS-079,0,2,1
RipVIS-079_00450.jpg,2558,RipVIS-079,0,2,1
RipVIS-143_00444.jpg,2559,RipVIS-143,0,1,1
RipVIS-039_00042.jpg,2560,RipVIS-039,0,2,1
RipVIS-108_01380.jpg,2561,RipVIS-108,0,2,1
RipVIS-079_01668.jpg,2562,RipVIS-079,0,2,1
RipVIS-109_00402.jpg,2563,RipVIS-109,0,2,1
RipVIS-014_00060.jpg,2564,RipVIS-014,0,1,1
RipVIS-NR-020_02508.jpg,2565,RipVIS-NR-020,1,0,0
RipVIS-NR-024_01362.jpg,2566,RipVIS-NR-024,1,0,0
RipVIS-053_00258.jpg,2567,RipVIS-053,0,1,1
RipVIS-NR-020_00426.jpg,2568,RipVIS-NR-020,1,0,0
RipVIS-059_00108.jpg,2569,RipVIS-059,0,1,1
RipVIS-108_00042.jpg,2570,RipVIS-108,0,2,1
RipVIS-108_01746.jpg,2571,RipVIS-108,0,2,1
RipVIS-079_01494.jpg,2572,RipVIS-079,0,2,1
RipVIS-001_00059.jpg,2573,RipVIS-001,0,1,1
RipVIS-059_00006.jpg,2574,RipVIS-059,0,1,1
RipVIS-079_00876.jpg,2575,RipVIS-079,0,2,1
RipVIS-079_00060.jpg,2576,RipVIS-079,0,2,1
RipVIS-143_00648.jpg,2577,RipVIS-143,0,1,1
RipVIS-NR-022_00714.jpg,2578,RipVIS-NR-022,1,0,0
RipVIS-NR-024_00864.jpg,2579,RipVIS-NR-024,1,0,0
RipVIS-109_00516.jpg,2580,RipVIS-109,0,2,1
RipVIS-NR-022_01374.jpg,2581,RipVIS-NR-022,1,0,0
RipVIS-024_00009.jpg,2582,RipVIS-024,0,1,1
RipVIS-143_00516.jpg,2583,RipVIS-143,0,1,1
RipVIS-128_00270.jpg,2584,RipVIS-128,0,1,1
RipVIS-012_00072.jpg,2585,RipVIS-012,0,1,1
RipVIS-014_00006.jpg,2586,RipVIS-014,0,1,1
RipVIS-NR-022_00966.jpg,2587,RipVIS-NR-022,1,0,0
RipVIS-014_00117.jpg,2588,RipVIS-014,0,1,1
RipVIS-NR-019_00438.jpg,2589,RipVIS-NR-019,1,0,0
RipVIS-109_00048.jpg,2590,RipVIS-109,0,2,1
RipVIS-079_01686.jpg,2591,RipVIS-079,0,2,1
RipVIS-NR-024_00150.jpg,2592,RipVIS-NR-024,1,0,0
RipVIS-026_00160.jpg,2593,RipVIS-026,0,2,1
RipVIS-NR-020_02364.jpg,2594,RipVIS-NR-020,1,0,0
RipVIS-NR-024_01656.jpg,2595,RipVIS-NR-024,1,0,0
RipVIS-079_01896.jpg,2596,RipVIS-079,0,2,1
RipVIS-134_00420.jpg,2597,RipVIS-134,0,2,1
RipVIS-079_01170.jpg,2598,RipVIS-079,0,2,1
RipVIS-108_00510.jpg,2599,RipVIS-108,0,2,1
RipVIS-NR-004_00426.jpg,2600,RipVIS-NR-004,1,0,0
RipVIS-NR-024_00612.jpg,2601,RipVIS-NR-024,1,0,0
RipVIS-NR-020_01008.jpg,2602,RipVIS-NR-020,1,0,0
RipVIS-044_00510.jpg,2603,RipVIS-044,0,1,1
RipVIS-NR-020_01482.jpg,2604,RipVIS-NR-020,1,0,0
RipVIS-079_00558.jpg,2605,RipVIS-079,0,2,1
RipVIS-NR-019_00414.jpg,2606,RipVIS-NR-019,1,0,0
RipVIS-090_00252.jpg,2607,RipVIS-090,0,3,1
RipVIS-102_00060.jpg,2608,RipVIS-102,0,2,1
RipVIS-053_00078.jpg,2609,RipVIS-053,0,1,1
RipVIS-NR-024_01284.jpg,2610,RipVIS-NR-024,1,0,0
RipVIS-079_00276.jpg,2611,RipVIS-079,0,2,1
RipVIS-NR-004_00246.jpg,2612,RipVIS-NR-004,1,0,0
RipVIS-NR-020_00918.jpg,2613,RipVIS-NR-020,1,0,0
RipVIS-109_00108.jpg,2614,RipVIS-109,0,2,1
RipVIS-NR-020_01908.jpg,2615,RipVIS-NR-020,1,0,0
RipVIS-046_00096.jpg,2616,RipVIS-046,0,1,1
RipVIS-079_00918.jpg,2617,RipVIS-079,0,2,1
RipVIS-NR-026_00750.jpg,2618,RipVIS-NR-026,1,0,0
RipVIS-026_00269.jpg,2619,RipVIS-026,0,2,1
RipVIS-NR-020_00828.jpg,2620,RipVIS-NR-020,1,0,0
RipVIS-109_00102.jpg,2621,RipVIS-109,0,2,1
RipVIS-044_00564.jpg,2622,RipVIS-044,0,1,1
RipVIS-NR-020_02514.jpg,2623,RipVIS-NR-020,1,0,0
RipVIS-143_01212.jpg,2624,RipVIS-143,0,2,1
RipVIS-012_00020.jpg,2625,RipVIS-012,0,1,1
RipVIS-NR-026_00138.jpg,2626,RipVIS-NR-026,1,0,0
RipVIS-NR-022_00834.jpg,2627,RipVIS-NR-022,1,0,0
RipVIS-108_00492.jpg,2628,RipVIS-108,0,2,1
RipVIS-046_00600.jpg,2629,RipVIS-046,0,2,1
RipVIS-NR-019_00546.jpg,2630,RipVIS-NR-019,1,0,0
RipVIS-NR-024_01692.jpg,2631,RipVIS-NR-024,1,0,0
RipVIS-NR-020_00054.jpg,2632,RipVIS-NR-020,1,0,0
RipVIS-143_00168.jpg,2633,RipVIS-143,0,1,1
RipVIS-001_00111.jpg,2634,RipVIS-001,0,1,1
RipVIS-044_00162.jpg,2635,RipVIS-044,0,1,1
RipVIS-NR-026_01014.jpg,2636,RipVIS-NR-026,1,0,0
RipVIS-044_00654.jpg,2637,RipVIS-044,0,1,1
RipVIS-001_00155.jpg,2638,RipVIS-001,0,1,1
RipVIS-066_00225.jpg,2639,RipVIS-066,0,1,1
RipVIS-001_00081.jpg,2640,RipVIS-001,0,1,1
RipVIS-143_00792.jpg,2641,RipVIS-143,0,2,1
RipVIS-108_00828.jpg,2642,RipVIS-108,0,2,1
RipVIS-NR-019_00228.jpg,2643,RipVIS-NR-019,1,0,0
RipVIS-NR-020_02190.jpg,2644,RipVIS-NR-020,1,0,0
RipVIS-109_00192.jpg,2645,RipVIS-109,0,2,1
RipVIS-NR-020_01686.jpg,2646,RipVIS-NR-020,1,0,0
RipVIS-NR-022_00216.jpg,2647,RipVIS-NR-022,1,0,0
RipVIS-NR-020_02472.jpg,2648,RipVIS-NR-020,1,0,0
RipVIS-143_00180.jpg,2649,RipVIS-143,0,1,1
RipVIS-NR-020_00930.jpg,2650,RipVIS-NR-020,1,0,0
RipVIS-026_00173.jpg,2651,RipVIS-026,0,2,1
RipVIS-046_00144.jpg,2652,RipVIS-046,0,1,1
RipVIS-046_01020.jpg,2653,RipVIS-046,0,2,1
RipVIS-046_00720.jpg,2654,RipVIS-046,0,2,1
RipVIS-NR-020_02208.jpg,2655,RipVIS-NR-020,1,0,0
RipVIS-044_00438.jpg,2656,RipVIS-044,0,1,1
RipVIS-079_02190.jpg,2657,RipVIS-079,0,2,1
RipVIS-059_00192.jpg,2658,RipVIS-059,0,1,1
RipVIS-007_00010.jpg,2659,RipVIS-007,0,2,1
RipVIS-NR-020_01032.jpg,2660,RipVIS-NR-020,1,0,0
RipVIS-NR-004_00336.jpg,2661,RipVIS-NR-004,1,0,0
RipVIS-NR-022_01494.jpg,2662,RipVIS-NR-022,1,0,0
RipVIS-046_00864.jpg,2663,RipVIS-046,0,2,1
RipVIS-NR-019_00750.jpg,2664,RipVIS-NR-019,1,0,0
RipVIS-090_00072.jpg,2665,RipVIS-090,0,3,1
RipVIS-109_00480.jpg,2666,RipVIS-109,0,2,1
RipVIS-NR-004_00072.jpg,2667,RipVIS-NR-004,1,0,0
RipVIS-NR-024_01794.jpg,2668,RipVIS-NR-024,1,0,0
RipVIS-108_01488.jpg,2669,RipVIS-108,0,2,1
RipVIS-108_01806.jpg,2670,RipVIS-108,0,2,1
RipVIS-079_02238.jpg,2671,RipVIS-079,0,2,1
RipVIS-109_00210.jpg,2672,RipVIS-109,0,2,1
RipVIS-053_00468.jpg,2673,RipVIS-053,0,1,1
RipVIS-108_00930.jpg,2674,RipVIS-108,0,2,1
RipVIS-001_00194.jpg,2675,RipVIS-001,0,1,1
RipVIS-NR-019_00372.jpg,2676,RipVIS-NR-019,1,0,0
RipVIS-143_00816.jpg,2677,RipVIS-143,0,2,1
RipVIS-066_00020.jpg,2678,RipVIS-066,0,1,1
RipVIS-079_01728.jpg,2679,RipVIS-079,0,2,1
RipVIS-046_00774.jpg,2680,RipVIS-046,0,2,1
RipVIS-026_00013.jpg,2681,RipVIS-026,0,2,1
RipVIS-046_00444.jpg,2682,RipVIS-046,0,2,1
RipVIS-NR-024_00318.jpg,2683,RipVIS-NR-024,1,0,0
RipVIS-014_00112.jpg,2684,RipVIS-014,0,1,1
RipVIS-NR-024_00192.jpg,2685,RipVIS-NR-024,1,0,0
RipVIS-NR-022_01080.jpg,2686,RipVIS-NR-022,1,0,0
RipVIS-NR-020_02238.jpg,2687,RipVIS-NR-020,1,0,0
RipVIS-NR-019_00612.jpg,2688,RipVIS-NR-019,1,0,0
RipVIS-079_01266.jpg,2689,RipVIS-079,0,2,1
RipVIS-001_00151.jpg,2690,RipVIS-001,0,1,1
RipVIS-NR-022_00426.jpg,2691,RipVIS-NR-022,1,0,0
RipVIS-079_00684.jpg,2692,RipVIS-079,0,2,1
RipVIS-001_00003.jpg,2693,RipVIS-001,0,1,1
RipVIS-026_00010.jpg,2694,RipVIS-026,0,2,1
RipVIS-059_00198.jpg,2695,RipVIS-059,0,1,1
RipVIS-NR-022_00696.jpg,2696,RipVIS-NR-022,1,0,0
RipVIS-109_00012.jpg,2697,RipVIS-109,0,2,1
RipVIS-129_01950.jpg,2698,RipVIS-129,0,1,1
RipVIS-108_01362.jpg,2699,RipVIS-108,0,2,1
RipVIS-079_00492.jpg,2700,RipVIS-079,0,2,1
RipVIS-129_01860.jpg,2701,RipVIS-129,0,1,1
RipVIS-NR-020_02244.jpg,2702,RipVIS-NR-020,1,0,0
RipVIS-108_01524.jpg,2703,RipVIS-108,0,2,1
RipVIS-015_00120.jpg,2704,RipVIS-015,0,1,1
RipVIS-143_00120.jpg,2705,RipVIS-143,0,1,1
RipVIS-044_00360.jpg,2706,RipVIS-044,0,1,1
RipVIS-129_00150.jpg,2707,RipVIS-129,0,1,1
RipVIS-NR-022_01530.jpg,2708,RipVIS-NR-022,1,0,0
RipVIS-NR-024_00096.jpg,2709,RipVIS-NR-024,1,0,0
RipVIS-NR-004_00180.jpg,2710,RipVIS-NR-004,1,0,0
RipVIS-121_00270.jpg,2711,RipVIS-121,0,1,1
RipVIS-NR-020_00504.jpg,2712,RipVIS-NR-020,1,0,0
RipVIS-NR-020_00276.jpg,2713,RipVIS-NR-020,1,0,0
RipVIS-NR-024_01158.jpg,2714,RipVIS-NR-024,1,0,0
RipVIS-NR-024_01686.jpg,2715,RipVIS-NR-024,1,0,0
RipVIS-NR-004_00552.jpg,2716,RipVIS-NR-004,1,0,0
RipVIS-NR-024_01260.jpg,2717,RipVIS-NR-024,1,0,0
RipVIS-072_00042.jpg,2718,RipVIS-072,0,1,1
RipVIS-079_00216.jpg,2719,RipVIS-079,0,2,1
RipVIS-NR-022_01626.jpg,2720,RipVIS-NR-022,1,0,0
RipVIS-102_00618.jpg,2721,RipVIS-102,0,2,1
RipVIS-046_00594.jpg,2722,RipVIS-046,0,2,1
RipVIS-NR-022_00390.jpg,2723,RipVIS-NR-022,1,0,0
RipVIS-129_00930.jpg,2724,RipVIS-129,0,1,1
RipVIS-053_00120.jpg,2725,RipVIS-053,0,1,1
RipVIS-134_00360.jpg,2726,RipVIS-134,0,2,1
RipVIS-067_00114.jpg,2727,RipVIS-067,0,2,1
RipVIS-109_00534.jpg,2728,RipVIS-109,0,2,1
RipVIS-067_00006.jpg,2729,RipVIS-067,0,2,1
RipVIS-NR-026_00798.jpg,2730,RipVIS-NR-026,1,0,0
RipVIS-108_00108.jpg,2731,RipVIS-108,0,2,1
RipVIS-NR-022_00768.jpg,2732,RipVIS-NR-022,1,0,0
RipVIS-046_00468.jpg,2733,RipVIS-046,0,2,1
RipVIS-079_00510.jpg,2734,RipVIS-079,0,2,1
RipVIS-024_00080.jpg,2735,RipVIS-024,0,1,1
RipVIS-109_00330.jpg,2736,RipVIS-109,0,2,1
RipVIS-079_00384.jpg,2737,RipVIS-079,0,2,1
RipVIS-079_01674.jpg,2738,RipVIS-079,0,2,1
RipVIS-102_00732.jpg,2739,RipVIS-102,0,2,1
RipVIS-NR-019_00618.jpg,2740,RipVIS-NR-019,1,0,0
RipVIS-014_00051.jpg,2741,RipVIS-014,0,1,1
RipVIS-044_00078.jpg,2742,RipVIS-044,0,1,1
RipVIS-066_00485.jpg,2743,RipVIS-066,0,1,1
RipVIS-001_00087.jpg,2744,RipVIS-001,0,1,1
RipVIS-007_00024.jpg,2745,RipVIS-007,0,2,1
RipVIS-079_01530.jpg,2746,RipVIS-079,0,2,1
RipVIS-102_00558.jpg,2747,RipVIS-102,0,2,1
RipVIS-079_00348.jpg,2748,RipVIS-079,0,2,1
RipVIS-012_00058.jpg,2749,RipVIS-012,0,1,1
RipVIS-NR-024_01098.jpg,2750,RipVIS-NR-024,1,0,0
RipVIS-NR-026_00594.jpg,2751,RipVIS-NR-026,1,0,0
RipVIS-001_00159.jpg,2752,RipVIS-001,0,2,1
RipVIS-NR-020_00744.jpg,2753,RipVIS-NR-020,1,0,0
RipVIS-012_00051.jpg,2754,RipVIS-012,0,1,1
RipVIS-NR-024_00426.jpg,2755,RipVIS-NR-024,1,0,0
RipVIS-014_00059.jpg,2756,RipVIS-014,0,1,1
RipVIS-108_01560.jpg,2757,RipVIS-108,0,2,1
RipVIS-NR-024_00042.jpg,2758,RipVIS-NR-024,1,0,0
RipVIS-079_01788.jpg,2759,RipVIS-079,0,2,1
RipVIS-NR-024_01740.jpg,2760,RipVIS-NR-024,1,0,0
RipVIS-079_00282.jpg,2761,RipVIS-079,0,2,1
RipVIS-NR-026_00756.jpg,2762,RipVIS-NR-026,1,0,0
RipVIS-079_00066.jpg,2763,RipVIS-079,0,2,1
RipVIS-108_01116.jpg,2764,RipVIS-108,0,2,1
RipVIS-039_00023.jpg,2765,RipVIS-039,0,2,1
RipVIS-NR-019_00258.jpg,2766,RipVIS-NR-019,1,0,0
RipVIS-001_00071.jpg,2767,RipVIS-001,0,1,1
RipVIS-NR-020_01254.jpg,2768,RipVIS-NR-020,1,0,0
RipVIS-NR-020_02076.jpg,2769,RipVIS-NR-020,1,0,0
RipVIS-NR-024_00072.jpg,2770,RipVIS-NR-024,1,0,0
RipVIS-NR-026_00558.jpg,2771,RipVIS-NR-026,1,0,0
RipVIS-102_00414.jpg,2772,RipVIS-102,0,2,1
RipVIS-NR-020_00012.jpg,2773,RipVIS-NR-020,1,0,0
RipVIS-108_01554.jpg,2774,RipVIS-108,0,2,1
RipVIS-109_00018.jpg,2775,RipVIS-109,0,2,1
RipVIS-108_00984.jpg,2776,RipVIS-108,0,2,1
RipVIS-079_00270.jpg,2777,RipVIS-079,0,2,1
RipVIS-108_00738.jpg,2778,RipVIS-108,0,2,1
RipVIS-NR-020_01308.jpg,2779,RipVIS-NR-020,1,0,0
RipVIS-NR-024_01764.jpg,2780,RipVIS-NR-024,1,0,0
RipVIS-NR-022_00186.jpg,2781,RipVIS-NR-022,1,0,0
RipVIS-NR-020_01242.jpg,2782,RipVIS-NR-020,1,0,0
RipVIS-072_00048.jpg,2783,RipVIS-072,0,1,1
RipVIS-129_01500.jpg,2784,RipVIS-129,0,1,1
RipVIS-NR-004_00420.jpg,2785,RipVIS-NR-004,1,0,0
RipVIS-NR-020_02562.jpg,2786,RipVIS-NR-020,1,0,0
RipVIS-NR-026_01020.jpg,2787,RipVIS-NR-026,1,0,0
RipVIS-NR-024_01506.jpg,2788,RipVIS-NR-024,1,0,0
RipVIS-026_00232.jpg,2789,RipVIS-026,0,2,1
RipVIS-NR-019_00204.jpg,2790,RipVIS-NR-019,1,0,0
RipVIS-090_00576.jpg,2791,RipVIS-090,0,2,1
RipVIS-NR-024_01578.jpg,2792,RipVIS-NR-024,1,0,0
RipVIS-026_00188.jpg,2793,RipVIS-026,0,2,1
RipVIS-026_00089.jpg,2794,RipVIS-026,0,2,1
RipVIS-NR-024_00048.jpg,2795,RipVIS-NR-024,1,0,0
RipVIS-102_00714.jpg,2796,RipVIS-102,0,2,1
RipVIS-109_00030.jpg,2797,RipVIS-109,0,2,1
RipVIS-001_00049.jpg,2798,RipVIS-001,0,1,1
RipVIS-026_00000.jpg,2799,RipVIS-026,0,2,1
RipVIS-024_00083.jpg,2800,RipVIS-024,0,1,1
RipVIS-NR-022_01410.jpg,2801,RipVIS-NR-022,1,0,0
RipVIS-079_00036.jpg,2802,RipVIS-079,0,2,1
RipVIS-001_00200.jpg,2803,RipVIS-001,0,1,1
RipVIS-NR-022_01584.jpg,2804,RipVIS-NR-022,1,0,0
RipVIS-012_00038.jpg,2805,RipVIS-012,0,1,1
RipVIS-079_00714.jpg,2806,RipVIS-079,0,2,1
RipVIS-014_00052.jpg,2807,RipVIS-014,0,1,1
RipVIS-108_00408.jpg,2808,RipVIS-108,0,2,1
RipVIS-014_00069.jpg,2809,RipVIS-014,0,1,1
RipVIS-NR-024_01182.jpg,2810,RipVIS-NR-024,1,0,0
RipVIS-046_00522.jpg,2811,RipVIS-046,0,2,1
RipVIS-066_00110.jpg,2812,RipVIS-066,0,1,1
RipVIS-NR-020_02064.jpg,2813,RipVIS-NR-020,1,0,0
RipVIS-102_00174.jpg,2814,RipVIS-102,0,2,1
RipVIS-NR-026_01008.jpg,2815,RipVIS-NR-026,1,0,0
RipVIS-109_00174.jpg,2816,RipVIS-109,0,2,1
RipVIS-014_00096.jpg,2817,RipVIS-014,0,1,1
RipVIS-014_00044.jpg,2818,RipVIS-014,0,1,1
RipVIS-014_00125.jpg,2819,RipVIS-014,0,1,1
RipVIS-NR-026_01140.jpg,2820,RipVIS-NR-026,1,0,0
RipVIS-NR-004_00510.jpg,2821,RipVIS-NR-004,1,0,0
RipVIS-079_00366.jpg,2822,RipVIS-079,0,2,1
RipVIS-NR-019_00012.jpg,2823,RipVIS-NR-019,1,0,0
RipVIS-059_00204.jpg,2824,RipVIS-059,0,1,1
RipVIS-007_00027.jpg,2825,RipVIS-007,0,2,1
RipVIS-090_00612.jpg,2826,RipVIS-090,0,2,1
RipVIS-026_00145.jpg,2827,RipVIS-026,0,2,1
RipVIS-NR-026_00972.jpg,2828,RipVIS-NR-026,1,0,0
RipVIS-053_00312.jpg,2829,RipVIS-053,0,1,1
RipVIS-053_00204.jpg,2830,RipVIS-053,0,1,1
RipVIS-108_01992.jpg,2831,RipVIS-108,0,2,1
RipVIS-012_00021.jpg,2832,RipVIS-012,0,1,1
RipVIS-143_00660.jpg,2833,RipVIS-143,0,1,1
RipVIS-NR-024_00972.jpg,2834,RipVIS-NR-024,1,0,0
RipVIS-046_00036.jpg,2835,RipVIS-046,0,1,1
RipVIS-NR-020_01860.jpg,2836,RipVIS-NR-020,1,0,0
RipVIS-001_00031.jpg,2837,RipVIS-001,0,1,1
RipVIS-014_00162.jpg,2838,RipVIS-014,0,1,1
RipVIS-024_00019.jpg,2839,RipVIS-024,0,1,1
RipVIS-024_00071.jpg,2840,RipVIS-024,0,1,1
RipVIS-079_01938.jpg,2841,RipVIS-079,0,2,1
RipVIS-NR-026_00456.jpg,2842,RipVIS-NR-026,1,0,0
RipVIS-059_00066.jpg,2843,RipVIS-059,0,1,1
RipVIS-NR-020_02106.jpg,2844,RipVIS-NR-020,1,0,0
RipVIS-014_00169.jpg,2845,RipVIS-014,0,1,1
RipVIS-102_00612.jpg,2846,RipVIS-102,0,2,1
RipVIS-026_00073.jpg,2847,RipVIS-026,0,2,1
RipVIS-NR-022_00564.jpg,2848,RipVIS-NR-022,1,0,0
RipVIS-102_00648.jpg,2849,RipVIS-102,0,2,1
RipVIS-NR-026_00768.jpg,2850,RipVIS-NR-026,1,0,0
RipVIS-NR-024_00672.jpg,2851,RipVIS-NR-024,1,0,0
RipVIS-012_00083.jpg,2852,RipVIS-012,0,1,1
RipVIS-NR-020_01506.jpg,2853,RipVIS-NR-020,1,0,0
RipVIS-053_00528.jpg,2854,RipVIS-053,0,1,1
RipVIS-102_00138.jpg,2855,RipVIS-102,0,2,1
RipVIS-026_00147.jpg,2856,RipVIS-026,0,2,1
RipVIS-108_00180.jpg,2857,RipVIS-108,0,2,1
RipVIS-026_00157.jpg,2858,RipVIS-026,0,2,1
RipVIS-090_00240.jpg,2859,RipVIS-090,0,3,1
RipVIS-007_00032.jpg,2860,RipVIS-007,0,2,1
RipVIS-NR-026_01188.jpg,2861,RipVIS-NR-026,1,0,0
RipVIS-014_00065.jpg,2862,RipVIS-014,0,1,1
RipVIS-NR-022_01152.jpg,2863,RipVIS-NR-022,1,0,0
RipVIS-NR-019_00246.jpg,2864,RipVIS-NR-019,1,0,0
RipVIS-026_00271.jpg,2865,RipVIS-026,0,2,1
RipVIS-108_00540.jpg,2866,RipVIS-108,0,2,1
RipVIS-NR-026_00402.jpg,2867,RipVIS-NR-026,1,0,0
RipVIS-001_00103.jpg,2868,RipVIS-001,0,1,1
RipVIS-108_01680.jpg,2869,RipVIS-108,0,2,1
RipVIS-012_00076.jpg,2870,RipVIS-012,0,1,1
RipVIS-026_00035.jpg,2871,RipVIS-026,0,2,1
RipVIS-046_00132.jpg,2872,RipVIS-046,0,1,1
RipVIS-079_00210.jpg,2873,RipVIS-079,0,2,1
RipVIS-NR-026_01002.jpg,2874,RipVIS-NR-026,1,0,0
RipVIS-144_00300.jpg,2875,RipVIS-144,0,2,1
RipVIS-108_01056.jpg,2876,RipVIS-108,0,2,1
RipVIS-001_00018.jpg,2877,RipVIS-001,0,1,1
RipVIS-109_00156.jpg,2878,RipVIS-109,0,2,1
RipVIS-046_00384.jpg,2879,RipVIS-046,0,2,1
RipVIS-079_01500.jpg,2880,RipVIS-079,0,2,1
RipVIS-NR-022_01092.jpg,2881,RipVIS-NR-022,1,0,0
RipVIS-079_00150.jpg,2882,RipVIS-079,0,2,1
RipVIS-001_00090.jpg,2883,RipVIS-001,0,1,1
RipVIS-012_00077.jpg,2884,RipVIS-012,0,1,1
RipVIS-012_00082.jpg,2885,RipVIS-012,0,1,1
RipVIS-129_00600.jpg,2886,RipVIS-129,0,1,1
RipVIS-NR-024_01632.jpg,2887,RipVIS-NR-024,1,0,0
RipVIS-108_00468.jpg,2888,RipVIS-108,0,2,1
RipVIS-046_00252.jpg,2889,RipVIS-046,0,2,1
RipVIS-108_01842.jpg,2890,RipVIS-108,0,2,1
RipVIS-NR-026_00642.jpg,2891,RipVIS-NR-026,1,0,0
RipVIS-014_00009.jpg,2892,RipVIS-014,0,1,1
RipVIS-109_00510.jpg,2893,RipVIS-109,0,2,1
RipVIS-102_00480.jpg,2894,RipVIS-102,0,2,1
RipVIS-014_00026.jpg,2895,RipVIS-014,0,1,1
RipVIS-066_00305.jpg,2896,RipVIS-066,0,1,1
RipVIS-007_00047.jpg,2897,RipVIS-007,0,2,1
RipVIS-044_00012.jpg,2898,RipVIS-044,0,1,1
RipVIS-007_00051.jpg,2899,RipVIS-007,0,2,1
RipVIS-NR-020_00780.jpg,2900,RipVIS-NR-020,1,0,0
RipVIS-NR-022_01272.jpg,2901,RipVIS-NR-022,1,0,0
RipVIS-053_00384.jpg,2902,RipVIS-053,0,1,1
RipVIS-066_00415.jpg,2903,RipVIS-066,0,1,1
RipVIS-053_00084.jpg,2904,RipVIS-053,0,1,1
RipVIS-044_00084.jpg,2905,RipVIS-044,0,1,1
RipVIS-NR-024_00120.jpg,2906,RipVIS-NR-024,1,0,0
RipVIS-014_00167.jpg,2907,RipVIS-014,0,1,1
RipVIS-066_00180.jpg,2908,RipVIS-066,0,1,1
RipVIS-143_01080.jpg,2909,RipVIS-143,0,2,1
RipVIS-024_00048.jpg,2910,RipVIS-024,0,1,1
RipVIS-001_00104.jpg,2911,RipVIS-001,0,1,1
RipVIS-NR-024_00144.jpg,2912,RipVIS-NR-024,1,0,0
RipVIS-147_00250.jpg,2913,RipVIS-147,0,1,1
RipVIS-012_00057.jpg,2914,RipVIS-012,0,1,1
RipVIS-046_00072.jpg,2915,RipVIS-046,0,1,1
RipVIS-NR-022_01590.jpg,2916,RipVIS-NR-022,1,0,0
RipVIS-044_00348.jpg,2917,RipVIS-044,0,1,1
RipVIS-NR-024_01536.jpg,2918,RipVIS-NR-024,1,0,0
RipVIS-NR-022_00618.jpg,2919,RipVIS-NR-022,1,0,0
RipVIS-NR-004_00138.jpg,2920,RipVIS-NR-004,1,0,0
RipVIS-066_00420.jpg,2921,RipVIS-066,0,1,1
RipVIS-046_00366.jpg,2922,RipVIS-046,0,2,1
RipVIS-NR-019_00276.jpg,2923,RipVIS-NR-019,1,0,0
RipVIS-108_01026.jpg,2924,RipVIS-108,0,2,1
RipVIS-108_01608.jpg,2925,RipVIS-108,0,2,1
RipVIS-NR-024_00084.jpg,2926,RipVIS-NR-024,1,0,0
RipVIS-NR-020_01332.jpg,2927,RipVIS-NR-020,1,0,0
RipVIS-109_00582.jpg,2928,RipVIS-109,0,2,1
RipVIS-108_01716.jpg,2929,RipVIS-108,0,2,1
RipVIS-046_00792.jpg,2930,RipVIS-046,0,2,1
RipVIS-NR-022_00678.jpg,2931,RipVIS-NR-022,1,0,0
RipVIS-NR-020_00366.jpg,2932,RipVIS-NR-020,1,0,0
RipVIS-108_00324.jpg,2933,RipVIS-108,0,2,1
RipVIS-053_00096.jpg,2934,RipVIS-053,0,1,1
RipVIS-102_00282.jpg,2935,RipVIS-102,0,2,1
RipVIS-121_00180.jpg,2936,RipVIS-121,0,1,1
RipVIS-134_00180.jpg,2937,RipVIS-134,0,1,1
RipVIS-NR-024_01254.jpg,2938,RipVIS-NR-024,1,0,0
RipVIS-012_00075.jpg,2939,RipVIS-012,0,1,1
RipVIS-NR-024_01218.jpg,2940,RipVIS-NR-024,1,0,0
RipVIS-NR-026_00720.jpg,2941,RipVIS-NR-026,1,0,0
RipVIS-001_00015.jpg,2942,RipVIS-001,0,1,1
RipVIS-014_00164.jpg,2943,RipVIS-014,0,1,1
RipVIS-108_02034.jpg,2944,RipVIS-108,0,2,1
RipVIS-046_00198.jpg,2945,RipVIS-046,0,2,1
RipVIS-143_01008.jpg,2946,RipVIS-143,0,2,1
RipVIS-NR-020_01950.jpg,2947,RipVIS-NR-020,1,0,0
RipVIS-108_01956.jpg,2948,RipVIS-108,0,2,1
RipVIS-108_00210.jpg,2949,RipVIS-108,0,2,1
RipVIS-102_00300.jpg,2950,RipVIS-102,0,2,1
RipVIS-102_00252.jpg,2951,RipVIS-102,0,2,1
RipVIS-144_00780.jpg,2952,RipVIS-144,0,2,1
RipVIS-108_01038.jpg,2953,RipVIS-108,0,2,1
RipVIS-079_02088.jpg,2954,RipVIS-079,0,2,1
RipVIS-026_00108.jpg,2955,RipVIS-026,0,2,1
RipVIS-109_00558.jpg,2956,RipVIS-109,0,2,1
RipVIS-039_00044.jpg,2957,RipVIS-039,0,2,1
RipVIS-001_00114.jpg,2958,RipVIS-001,0,1,1
RipVIS-014_00036.jpg,2959,RipVIS-014,0,1,1
RipVIS-109_00474.jpg,2960,RipVIS-109,0,2,1
RipVIS-NR-020_00924.jpg,2961,RipVIS-NR-020,1,0,0
RipVIS-NR-019_00048.jpg,2962,RipVIS-NR-019,1,0,0
RipVIS-NR-020_02154.jpg,2963,RipVIS-NR-020,1,0,0
RipVIS-NR-019_00330.jpg,2964,RipVIS-NR-019,1,0,0
RipVIS-NR-024_00948.jpg,2965,RipVIS-NR-024,1,0,0
RipVIS-NR-019_00582.jpg,2966,RipVIS-NR-019,1,0,0
RipVIS-007_00049.jpg,2967,RipVIS-007,0,2,1
RipVIS-109_00120.jpg,2968,RipVIS-109,0,1,1
RipVIS-046_00192.jpg,2969,RipVIS-046,0,2,1
RipVIS-026_00117.jpg,2970,RipVIS-026,0,2,1
RipVIS-NR-020_00258.jpg,2971,RipVIS-NR-020,1,0,0
RipVIS-039_00030.jpg,2972,RipVIS-039,0,2,1
RipVIS-090_00156.jpg,2973,RipVIS-090,0,3,1
RipVIS-NR-019_00594.jpg,2974,RipVIS-NR-019,1,0,0
RipVIS-024_00043.jpg,2975,RipVIS-024,0,1,1
RipVIS-024_00025.jpg,2976,RipVIS-024,0,1,1
RipVIS-108_01566.jpg,2977,RipVIS-108,0,2,1
RipVIS-NR-024_01734.jpg,2978,RipVIS-NR-024,1,0,0
RipVIS-026_00028.jpg,2979,RipVIS-026,0,2,1
RipVIS-NR-022_00576.jpg,2980,RipVIS-NR-022,1,0,0
RipVIS-014_00002.jpg,2981,RipVIS-014,0,1,1
RipVIS-NR-022_01344.jpg,2982,RipVIS-NR-022,1,0,0
RipVIS-109_00642.jpg,2983,RipVIS-109,0,2,1
RipVIS-108_01326.jpg,2984,RipVIS-108,0,2,1
RipVIS-NR-020_00072.jpg,2985,RipVIS-NR-020,1,0,0
RipVIS-NR-020_00906.jpg,2986,RipVIS-NR-020,1,0,0
RipVIS-NR-022_00552.jpg,2987,RipVIS-NR-022,1,0,0
RipVIS-079_01476.jpg,2988,RipVIS-079,0,2,1
RipVIS-108_01374.jpg,2989,RipVIS-108,0,2,1
RipVIS-046_00246.jpg,2990,RipVIS-046,0,2,1
RipVIS-108_01536.jpg,2991,RipVIS-108,0,2,1
RipVIS-039_00003.jpg,2992,RipVIS-039,0,2,1
RipVIS-NR-019_00090.jpg,2993,RipVIS-NR-019,1,0,0
RipVIS-NR-020_02292.jpg,2994,RipVIS-NR-020,1,0,0
RipVIS-143_00948.jpg,2995,RipVIS-143,0,2,1
RipVIS-090_00216.jpg,2996,RipVIS-090,0,3,1
RipVIS-026_00080.jpg,2997,RipVIS-026,0,2,1
RipVIS-044_00030.jpg,2998,RipVIS-044,0,1,1
RipVIS-109_00396.jpg,2999,RipVIS-109,0,1,1
RipVIS-NR-026_00978.jpg,3000,RipVIS-NR-026,1,0,0
RipVIS-046_00918.jpg,3001,RipVIS-046,0,2,1
RipVIS-NR-020_01272.jpg,3002,RipVIS-NR-020,1,0,0
RipVIS-012_00098.jpg,3003,RipVIS-012,0,1,1
RipVIS-NR-004_00000.jpg,3004,RipVIS-NR-004,1,0,0
RipVIS-NR-020_01890.jpg,3005,RipVIS-NR-020,1,0,0
RipVIS-NR-020_02328.jpg,3006,RipVIS-NR-020,1,0,0
RipVIS-044_00186.jpg,3007,RipVIS-044,0,1,1
RipVIS-039_00020.jpg,3008,RipVIS-039,0,2,1
RipVIS-NR-020_00396.jpg,3009,RipVIS-NR-020,1,0,0
RipVIS-026_00268.jpg,3010,RipVIS-026,0,2,1
RipVIS-NR-022_00492.jpg,3011,RipVIS-NR-022,1,0,0
RipVIS-NR-019_00132.jpg,3012,RipVIS-NR-019,1,0,0
RipVIS-012_00036.jpg,3013,RipVIS-012,0,1,1
RipVIS-143_00708.jpg,3014,RipVIS-143,0,2,1
RipVIS-014_00025.jpg,3015,RipVIS-014,0,1,1
RipVIS-014_00103.jpg,3016,RipVIS-014,0,1,1
RipVIS-143_00624.jpg,3017,RipVIS-143,0,1,1
RipVIS-001_00035.jpg,3018,RipVIS-001,0,1,1
RipVIS-044_00642.jpg,3019,RipVIS-044,0,1,1
RipVIS-NR-020_02556.jpg,3020,RipVIS-NR-020,1,0,0
RipVIS-012_00099.jpg,3021,RipVIS-012,0,1,1
RipVIS-108_01074.jpg,3022,RipVIS-108,0,2,1
RipVIS-024_00033.jpg,3023,RipVIS-024,0,1,1
RipVIS-NR-024_00090.jpg,3024,RipVIS-NR-024,1,0,0
RipVIS-NR-024_01608.jpg,3025,RipVIS-NR-024,1,0,0
RipVIS-102_00684.jpg,3026,RipVIS-102,0,2,1
RipVIS-108_00252.jpg,3027,RipVIS-108,0,2,1
RipVIS-NR-020_00360.jpg,3028,RipVIS-NR-020,1,0,0
RipVIS-053_00342.jpg,3029,RipVIS-053,0,1,1
RipVIS-NR-020_00618.jpg,3030,RipVIS-NR-020,1,0,0
RipVIS-108_00420.jpg,3031,RipVIS-108,0,2,1
RipVIS-079_00030.jpg,3032,RipVIS-079,0,2,1
RipVIS-NR-004_00042.jpg,3033,RipVIS-NR-004,1,0,0
RipVIS-079_01836.jpg,3034,RipVIS-079,0,2,1
RipVIS-079_00108.jpg,3035,RipVIS-079,0,2,1
RipVIS-NR-024_01044.jpg,3036,RipVIS-NR-024,1,0,0
RipVIS-046_00666.jpg,3037,RipVIS-046,0,2,1
RipVIS-044_00450.jpg,3038,RipVIS-044,0,1,1
RipVIS-079_00360.jpg,3039,RipVIS-079,0,2,1
RipVIS-026_00276.jpg,3040,RipVIS-026,0,2,1
RipVIS-NR-004_00372.jpg,3041,RipVIS-NR-004,1,0,0
RipVIS-143_00300.jpg,3042,RipVIS-143,0,1,1
RipVIS-001_00154.jpg,3043,RipVIS-001,0,1,1
RipVIS-NR-019_00192.jpg,3044,RipVIS-NR-019,1,0,0
RipVIS-108_01128.jpg,3045,RipVIS-108,0,2,1
RipVIS-046_00318.jpg,3046,RipVIS-046,0,2,1
RipVIS-NR-022_01776.jpg,3047,RipVIS-NR-022,1,0,0
RipVIS-026_00150.jpg,3048,RipVIS-026,0,2,1
RipVIS-NR-024_00930.jpg,3049,RipVIS-NR-024,1,0,0
RipVIS-143_01320.jpg,3050,RipVIS-143,0,2,1
RipVIS-007_00017.jpg,3051,RipVIS-007,0,2,1
RipVIS-053_00348.jpg,3052,RipVIS-053,0,1,1
RipVIS-014_00114.jpg,3053,RipVIS-014,0,1,1
RipVIS-024_00045.jpg,3054,RipVIS-024,0,1,1
RipVIS-NR-019_00078.jpg,3055,RipVIS-NR-019,1,0,0
RipVIS-024_00004.jpg,3056,RipVIS-024,0,1,1
RipVIS-012_00023.jpg,3057,RipVIS-012,0,1,1
RipVIS-090_00360.jpg,3058,RipVIS-090,0,2,1
RipVIS-026_00039.jpg,3059,RipVIS-026,0,2,1
RipVIS-024_00049.jpg,3060,RipVIS-024,0,1,1
RipVIS-046_00996.jpg,3061,RipVIS-046,0,2,1
RipVIS-024_00066.jpg,3062,RipVIS-024,0,1,1
RipVIS-001_00157.jpg,3063,RipVIS-001,0,1,1
RipVIS-NR-026_00528.jpg,3064,RipVIS-NR-026,1,0,0
RipVIS-143_01152.jpg,3065,RipVIS-143,0,2,1
RipVIS-NR-019_00216.jpg,3066,RipVIS-NR-019,1,0,0
RipVIS-001_00117.jpg,3067,RipVIS-001,0,1,1
RipVIS-024_00013.jpg,3068,RipVIS-024,0,1,1
RipVIS-NR-026_00876.jpg,3069,RipVIS-NR-026,1,0,0
RipVIS-NR-022_00930.jpg,3070,RipVIS-NR-022,1,0,0
RipVIS-001_00173.jpg,3071,RipVIS-001,0,1,1
RipVIS-066_00455.jpg,3072,RipVIS-066,0,1,1
RipVIS-012_00006.jpg,3073,RipVIS-012,0,1,1
RipVIS-NR-024_01038.jpg,3074,RipVIS-NR-024,1,0,0
RipVIS-NR-022_00798.jpg,3075,RipVIS-NR-022,1,0,0
RipVIS-079_00942.jpg,3076,RipVIS-079,0,2,1
RipVIS-102_00492.jpg,3077,RipVIS-102,0,2,1
RipVIS-143_00780.jpg,3078,RipVIS-143,0,2,1
RipVIS-109_00450.jpg,3079,RipVIS-109,0,2,1
RipVIS-079_01734.jpg,3080,RipVIS-079,0,2,1
RipVIS-014_00147.jpg,3081,RipVIS-014,0,1,1
RipVIS-014_00084.jpg,3082,RipVIS-014,0,1,1
RipVIS-001_00037.jpg,3083,RipVIS-001,0,1,1
RipVIS-NR-020_02448.jpg,3084,RipVIS-NR-020,1,0,0
RipVIS-046_00858.jpg,3085,RipVIS-046,0,2,1
RipVIS-001_00083.jpg,3086,RipVIS-001,0,1,1
RipVIS-NR-022_01020.jpg,3087,RipVIS-NR-022,1,0,0
RipVIS-066_00365.jpg,3088,RipVIS-066,0,1,1
RipVIS-NR-026_00804.jpg,3089,RipVIS-NR-026,1,0,0
RipVIS-079_01536.jpg,3090,RipVIS-079,0,2,1
RipVIS-143_01368.jpg,3091,RipVIS-143,0,3,1
RipVIS-079_01008.jpg,3092,RipVIS-079,0,2,1
RipVIS-NR-022_01470.jpg,3093,RipVIS-NR-022,1,0,0
RipVIS-079_00264.jpg,3094,RipVIS-079,0,2,1
RipVIS-001_00160.jpg,3095,RipVIS-001,0,2,1
RipVIS-046_00090.jpg,3096,RipVIS-046,0,1,1
RipVIS-053_00090.jpg,3097,RipVIS-053,0,1,1
RipVIS-046_00408.jpg,3098,RipVIS-046,0,2,1
RipVIS-066_00220.jpg,3099,RipVIS-066,0,1,1
RipVIS-NR-022_01548.jpg,3100,RipVIS-NR-022,1,0,0
RipVIS-014_00003.jpg,3101,RipVIS-014,0,1,1
RipVIS-079_00102.jpg,3102,RipVIS-079,0,2,1
RipVIS-026_00067.jpg,3103,RipVIS-026,0,2,1
RipVIS-NR-022_00048.jpg,3104,RipVIS-NR-022,1,0,0
RipVIS-NR-019_00354.jpg,3105,RipVIS-NR-019,1,0,0
RipVIS-053_00156.jpg,3106,RipVIS-053,0,1,1
RipVIS-NR-024_01224.jpg,3107,RipVIS-NR-024,1,0,0
RipVIS-026_00021.jpg,3108,RipVIS-026,0,2,1
RipVIS-NR-019_00096.jpg,3109,RipVIS-NR-019,1,0,0
RipVIS-079_01110.jpg,3110,RipVIS-079,0,2,1
RipVIS-NR-024_00660.jpg,3111,RipVIS-NR-024,1,0,0
RipVIS-NR-024_00630.jpg,3112,RipVIS-NR-024,1,0,0
RipVIS-108_01920.jpg,3113,RipVIS-108,0,2,1
RipVIS-108_01464.jpg,3114,RipVIS-108,0,2,1
RipVIS-109_00078.jpg,3115,RipVIS-109,0,2,1
RipVIS-026_00001.jpg,3116,RipVIS-026,0,2,1
RipVIS-079_01806.jpg,3117,RipVIS-079,0,2,1
RipVIS-129_01230.jpg,3118,RipVIS-129,0,1,1
RipVIS-026_00058.jpg,3119,RipVIS-026,0,2,1
RipVIS-NR-004_00186.jpg,3120,RipVIS-NR-004,1,0,0
RipVIS-NR-020_00474.jpg,3121,RipVIS-NR-020,1,0,0
RipVIS-053_00138.jpg,3122,RipVIS-053,0,1,1
RipVIS-129_00540.jpg,3123,RipVIS-129,0,1,1
RipVIS-NR-020_02436.jpg,3124,RipVIS-NR-020,1,0,0
RipVIS-143_00228.jpg,3125,RipVIS-143,0,1,1
RipVIS-079_01842.jpg,3126,RipVIS-079,0,2,1
RipVIS-NR-019_00564.jpg,3127,RipVIS-NR-019,1,0,0
RipVIS-046_00648.jpg,3128,RipVIS-046,0,2,1
RipVIS-NR-020_01968.jpg,3129,RipVIS-NR-020,1,0,0
RipVIS-NR-019_00300.jpg,3130,RipVIS-NR-019,1,0,0
RipVIS-NR-026_00342.jpg,3131,RipVIS-NR-026,1,0,0
RipVIS-046_01008.jpg,3132,RipVIS-046,0,2,1
RipVIS-108_00570.jpg,3133,RipVIS-108,0,2,1
RipVIS-147_00375.jpg,3134,RipVIS-147,0,1,1
RipVIS-039_00043.jpg,3135,RipVIS-039,0,2,1
RipVIS-014_00015.jpg,3136,RipVIS-014,0,1,1
RipVIS-108_00588.jpg,3137,RipVIS-108,0,2,1
RipVIS-053_00126.jpg,3138,RipVIS-053,0,1,1
RipVIS-NR-004_00150.jpg,3139,RipVIS-NR-004,1,0,0
RipVIS-026_00211.jpg,3140,RipVIS-026,0,2,1
RipVIS-007_00015.jpg,3141,RipVIS-007,0,2,1
RipVIS-NR-020_02394.jpg,3142,RipVIS-NR-020,1,0,0
RipVIS-NR-022_00786.jpg,3143,RipVIS-NR-022,1,0,0
RipVIS-014_00155.jpg,3144,RipVIS-014,0,1,1
RipVIS-133_00210.jpg,3145,RipVIS-133,0,2,1
RipVIS-066_00440.jpg,3146,RipVIS-066,0,1,1
RipVIS-NR-019_00432.jpg,3147,RipVIS-NR-019,1,0,0
RipVIS-NR-020_00102.jpg,3148,RipVIS-NR-020,1,0,0
RipVIS-NR-022_00774.jpg,3149,RipVIS-NR-022,1,0,0
RipVIS-108_01758.jpg,3150,RipVIS-108,0,2,1
RipVIS-024_00016.jpg,3151,RipVIS-024,0,1,1
RipVIS-102_00654.jpg,3152,RipVIS-102,0,2,1
RipVIS-026_00141.jpg,3153,RipVIS-026,0,2,1
RipVIS-NR-020_00762.jpg,3154,RipVIS-NR-020,1,0,0
RipVIS-014_00007.jpg,3155,RipVIS-014,0,1,1
RipVIS-134_00780.jpg,3156,RipVIS-134,0,2,1
RipVIS-NR-022_00078.jpg,3157,RipVIS-NR-022,1,0,0
RipVIS-NR-020_00612.jpg,3158,RipVIS-NR-020,1,0,0
RipVIS-039_00012.jpg,3159,RipVIS-039,0,2,1
RipVIS-NR-024_01068.jpg,3160,RipVIS-NR-024,1,0,0
RipVIS-108_00684.jpg,3161,RipVIS-108,0,2,1
RipVIS-NR-020_02478.jpg,3162,RipVIS-NR-020,1,0,0
RipVIS-079_02202.jpg,3163,RipVIS-079,0,2,1
RipVIS-066_00145.jpg,3164,RipVIS-066,0,1,1
RipVIS-001_00110.jpg,3165,RipVIS-001,0,1,1
RipVIS-044_00252.jpg,3166,RipVIS-044,0,1,1
RipVIS-108_01320.jpg,3167,RipVIS-108,0,2,1
RipVIS-NR-022_01782.jpg,3168,RipVIS-NR-022,1,0,0
RipVIS-NR-020_02382.jpg,3169,RipVIS-NR-020,1,0,0
RipVIS-079_01302.jpg,3170,RipVIS-079,0,2,1
RipVIS-NR-020_00864.jpg,3171,RipVIS-NR-020,1,0,0
RipVIS-121_00420.jpg,3172,RipVIS-121,0,1,1
RipVIS-066_00465.jpg,3173,RipVIS-066,0,1,1
RipVIS-143_01116.jpg,3174,RipVIS-143,0,2,1
RipVIS-079_00378.jpg,3175,RipVIS-079,0,2,1
RipVIS-NR-020_01866.jpg,3176,RipVIS-NR-020,1,0,0
RipVIS-143_00540.jpg,3177,RipVIS-143,0,1,1
RipVIS-079_01608.jpg,3178,RipVIS-079,0,2,1
RipVIS-NR-020_00042.jpg,3179,RipVIS-NR-020,1,0,0
RipVIS-NR-020_02376.jpg,3180,RipVIS-NR-020,1,0,0
RipVIS-NR-024_00114.jpg,3181,RipVIS-NR-024,1,0,0
RipVIS-044_00630.jpg,3182,RipVIS-044,0,1,1
RipVIS-079_00342.jpg,3183,RipVIS-079,0,2,1
RipVIS-108_01914.jpg,3184,RipVIS-108,0,2,1
RipVIS-102_00006.jpg,3185,RipVIS-102,0,2,1
RipVIS-014_00174.jpg,3186,RipVIS-014,0,1,1
RipVIS-102_00600.jpg,3187,RipVIS-102,0,2,1
RipVIS-129_00000.jpg,3188,RipVIS-129,0,1,1
RipVIS-108_01782.jpg,3189,RipVIS-108,0,2,1
RipVIS-079_00966.jpg,3190,RipVIS-079,0,2,1
RipVIS-108_00954.jpg,3191,RipVIS-108,0,2,1
RipVIS-044_00378.jpg,3192,RipVIS-044,0,1,1
RipVIS-NR-022_00642.jpg,3193,RipVIS-NR-022,1,0,0
RipVIS-NR-026_00078.jpg,3194,RipVIS-NR-026,1,0,0
RipVIS-NR-026_00792.jpg,3195,RipVIS-NR-026,1,0,0
RipVIS-046_00738.jpg,3196,RipVIS-046,0,2,1
RipVIS-NR-024_01638.jpg,3197,RipVIS-NR-024,1,0,0
RipVIS-014_00034.jpg,3198,RipVIS-014,0,1,1
RipVIS-NR-026_00924.jpg,3199,RipVIS-NR-026,1,0,0
RipVIS-109_00612.jpg,3200,RipVIS-109,0,2,1
RipVIS-NR-024_00336.jpg,3201,RipVIS-NR-024,1,0,0
RipVIS-001_00134.jpg,3202,RipVIS-001,0,1,1
RipVIS-108_00288.jpg,3203,RipVIS-108,0,2,1
RipVIS-039_00041.jpg,3204,RipVIS-039,0,2,1
RipVIS-NR-022_01740.jpg,3205,RipVIS-NR-022,1,0,0
RipVIS-066_00515.jpg,3206,RipVIS-066,0,1,1
RipVIS-044_00552.jpg,3207,RipVIS-044,0,1,1
RipVIS-053_00270.jpg,3208,RipVIS-053,0,1,1
RipVIS-NR-019_00894.jpg,3209,RipVIS-NR-019,1,0,0
RipVIS-NR-026_00006.jpg,3210,RipVIS-NR-026,1,0,0
RipVIS-NR-026_00636.jpg,3211,RipVIS-NR-026,1,0,0
RipVIS-NR-004_00456.jpg,3212,RipVIS-NR-004,1,0,0
RipVIS-108_01254.jpg,3213,RipVIS-108,0,2,1
RipVIS-001_00182.jpg,3214,RipVIS-001,0,1,1
RipVIS-102_00450.jpg,3215,RipVIS-102,0,2,1
RipVIS-NR-022_00948.jpg,3216,RipVIS-NR-022,1,0,0
RipVIS-NR-004_00222.jpg,3217,RipVIS-NR-004,1,0,0
RipVIS-053_00498.jpg,3218,RipVIS-053,0,1,1
RipVIS-108_01836.jpg,3219,RipVIS-108,0,2,1
RipVIS-108_00426.jpg,3220,RipVIS-108,0,2,1
RipVIS-102_00198.jpg,3221,RipVIS-102,0,2,1
RipVIS-001_00097.jpg,3222,RipVIS-001,0,1,1
RipVIS-079_01260.jpg,3223,RipVIS-079,0,2,1
RipVIS-046_00726.jpg,3224,RipVIS-046,0,2,1
RipVIS-143_01404.jpg,3225,RipVIS-143,0,3,1
RipVIS-NR-004_00366.jpg,3226,RipVIS-NR-004,1,0,0
RipVIS-NR-022_00792.jpg,3227,RipVIS-NR-022,1,0,0
RipVIS-NR-026_00870.jpg,3228,RipVIS-NR-026,1,0,0
RipVIS-NR-022_00042.jpg,3229,RipVIS-NR-022,1,0,0
RipVIS-012_00061.jpg,3230,RipVIS-012,0,1,1
RipVIS-NR-020_01314.jpg,3231,RipVIS-NR-020,1,0,0
RipVIS-NR-022_01728.jpg,3232,RipVIS-NR-022,1,0,0
RipVIS-NR-004_00210.jpg,3233,RipVIS-NR-004,1,0,0
RipVIS-108_01878.jpg,3234,RipVIS-108,0,2,1
RipVIS-NR-004_00012.jpg,3235,RipVIS-NR-004,1,0,0
RipVIS-NR-019_00030.jpg,3236,RipVIS-NR-019,1,0,0
RipVIS-102_00114.jpg,3237,RipVIS-102,0,2,1
RipVIS-108_00546.jpg,3238,RipVIS-108,0,2,1
RipVIS-109_00654.jpg,3239,RipVIS-109,0,2,1
RipVIS-NR-022_00282.jpg,3240,RipVIS-NR-022,1,0,0
RipVIS-026_00191.jpg,3241,RipVIS-026,0,2,1
RipVIS-NR-020_01374.jpg,3242,RipVIS-NR-020,1,0,0
RipVIS-026_00206.jpg,3243,RipVIS-026,0,2,1
RipVIS-121_00240.jpg,3244,RipVIS-121,0,1,1
RipVIS-012_00025.jpg,3245,RipVIS-012,0,1,1
RipVIS-102_00546.jpg,3246,RipVIS-102,0,2,1
RipVIS-NR-026_00888.jpg,3247,RipVIS-NR-026,1,0,0
RipVIS-108_01794.jpg,3248,RipVIS-108,0,2,1
RipVIS-143_01440.jpg,3249,RipVIS-143,0,3,1
RipVIS-026_00125.jpg,3250,RipVIS-026,0,2,1
RipVIS-NR-020_02250.jpg,3251,RipVIS-NR-020,1,0,0
RipVIS-059_00126.jpg,3252,RipVIS-059,0,1,1
RipVIS-NR-022_01488.jpg,3253,RipVIS-NR-022,1,0,0
RipVIS-026_00185.jpg,3254,RipVIS-026,0,2,1
RipVIS-026_00177.jpg,3255,RipVIS-026,0,2,1
RipVIS-044_00144.jpg,3256,RipVIS-044,0,1,1
RipVIS-026_00244.jpg,3257,RipVIS-026,0,2,1
RipVIS-143_00852.jpg,3258,RipVIS-143,0,2,1
RipVIS-046_00816.jpg,3259,RipVIS-046,0,2,1
RipVIS-108_00480.jpg,3260,RipVIS-108,0,2,1
RipVIS-090_00132.jpg,3261,RipVIS-090,0,3,1
RipVIS-NR-019_00588.jpg,3262,RipVIS-NR-019,1,0,0
RipVIS-NR-024_01614.jpg,3263,RipVIS-NR-024,1,0,0
RipVIS-024_00041.jpg,3264,RipVIS-024,0,1,1
RipVIS-026_00074.jpg,3265,RipVIS-026,0,2,1
RipVIS-143_01296.jpg,3266,RipVIS-143,0,2,1
RipVIS-NR-020_02148.jpg,3267,RipVIS-NR-020,1,0,0
RipVIS-NR-022_00420.jpg,3268,RipVIS-NR-022,1,0,0
RipVIS-NR-024_00444.jpg,3269,RipVIS-NR-024,1,0,0
RipVIS-144_00540.jpg,3270,RipVIS-144,0,2,1
RipVIS-001_00063.jpg,3271,RipVIS-001,0,1,1
RipVIS-NR-020_01452.jpg,3272,RipVIS-NR-020,1,0,0
RipVIS-NR-020_01278.jpg,3273,RipVIS-NR-020,1,0,0
RipVIS-NR-026_00144.jpg,3274,RipVIS-NR-026,1,0,0
RipVIS-NR-024_00390.jpg,3275,RipVIS-NR-024,1,0,0
RipVIS-046_00570.jpg,3276,RipVIS-046,0,2,1
RipVIS-024_00015.jpg,3277,RipVIS-024,0,1,1
RipVIS-143_00672.jpg,3278,RipVIS-143,0,2,1
RipVIS-007_00054.jpg,3279,RipVIS-007,0,2,1
RipVIS-NR-020_01494.jpg,3280,RipVIS-NR-020,1,0,0
RipVIS-NR-004_00450.jpg,3281,RipVIS-NR-004,1,0,0
RipVIS-NR-004_00126.jpg,3282,RipVIS-NR-004,1,0,0
RipVIS-108_01272.jpg,3283,RipVIS-108,0,2,1
RipVIS-NR-020_01764.jpg,3284,RipVIS-NR-020,1,0,0
RipVIS-001_00017.jpg,3285,RipVIS-001,0,1,1
RipVIS-NR-022_00258.jpg,3286,RipVIS-NR-022,1,0,0
RipVIS-046_00924.jpg,3287,RipVIS-046,0,2,1
RipVIS-072_00036.jpg,3288,RipVIS-072,0,1,1
RipVIS-NR-019_00762.jpg,3289,RipVIS-NR-019,1,0,0
RipVIS-046_00498.jpg,3290,RipVIS-046,0,2,1
RipVIS-007_00063.jpg,3291,RipVIS-007,0,2,1
RipVIS-053_00354.jpg,3292,RipVIS-053,0,1,1
RipVIS-NR-026_00546.jpg,3293,RipVIS-NR-026,1,0,0
RipVIS-001_00141.jpg,3294,RipVIS-001,0,1,1
RipVIS-NR-022_00372.jpg,3295,RipVIS-NR-022,1,0,0
RipVIS-090_00432.jpg,3296,RipVIS-090,0,1,1
RipVIS-102_00156.jpg,3297,RipVIS-102,0,2,1
RipVIS-NR-020_01674.jpg,3298,RipVIS-NR-020,1,0,0
RipVIS-039_00010.jpg,3299,RipVIS-039,0,2,1
RipVIS-144_00600.jpg,3300,RipVIS-144,0,2,1
RipVIS-007_00045.jpg,3301,RipVIS-007,0,2,1
RipVIS-026_00095.jpg,3302,RipVIS-026,0,2,1
RipVIS-014_00138.jpg,3303,RipVIS-014,0,1,1
RipVIS-108_01458.jpg,3304,RipVIS-108,0,2,1
RipVIS-007_00016.jpg,3305,RipVIS-007,0,2,1
RipVIS-108_01230.jpg,3306,RipVIS-108,0,2,1
RipVIS-129_01260.jpg,3307,RipVIS-129,0,1,1
RipVIS-014_00055.jpg,3308,RipVIS-014,0,1,1
RipVIS-143_01452.jpg,3309,RipVIS-143,0,3,1
RipVIS-012_00053.jpg,3310,RipVIS-012,0,1,1
RipVIS-066_00035.jpg,3311,RipVIS-066,0,1,1
RipVIS-079_00252.jpg,3312,RipVIS-079,0,2,1
RipVIS-NR-004_00018.jpg,3313,RipVIS-NR-004,1,0,0
RipVIS-NR-026_01212.jpg,3314,RipVIS-NR-026,1,0,0
RipVIS-129_00870.jpg,3315,RipVIS-129,0,1,1
RipVIS-143_00888.jpg,3316,RipVIS-143,0,2,1
RipVIS-079_02106.jpg,3317,RipVIS-079,0,2,1
RipVIS-NR-020_01524.jpg,3318,RipVIS-NR-020,1,0,0
RipVIS-090_00396.jpg,3319,RipVIS-090,0,1,1
RipVIS-NR-020_01776.jpg,3320,RipVIS-NR-020,1,0,0
RipVIS-024_00042.jpg,3321,RipVIS-024,0,1,1
RipVIS-NR-020_00330.jpg,3322,RipVIS-NR-020,1,0,0
RipVIS-NR-022_00402.jpg,3323,RipVIS-NR-022,1,0,0
RipVIS-026_00072.jpg,3324,RipVIS-026,0,2,1
RipVIS-108_00816.jpg,3325,RipVIS-108,0,2,1
RipVIS-NR-020_00228.jpg,3326,RipVIS-NR-020,1,0,0
RipVIS-108_00864.jpg,3327,RipVIS-108,0,2,1
RipVIS-108_00522.jpg,3328,RipVIS-108,0,2,1
RipVIS-046_00888.jpg,3329,RipVIS-046,0,2,1
RipVIS-NR-019_00138.jpg,3330,RipVIS-NR-019,1,0,0
RipVIS-NR-004_00546.jpg,3331,RipVIS-NR-004,1,0,0
RipVIS-NR-020_00528.jpg,3332,RipVIS-NR-020,1,0,0
RipVIS-079_01032.jpg,3333,RipVIS-079,0,2,1
RipVIS-NR-019_00672.jpg,3334,RipVIS-NR-019,1,0,0
RipVIS-079_01068.jpg,3335,RipVIS-079,0,2,1
RipVIS-026_00087.jpg,3336,RipVIS-026,0,2,1
RipVIS-108_00342.jpg,3337,RipVIS-108,0,2,1
RipVIS-NR-004_00468.jpg,3338,RipVIS-NR-004,1,0,0
RipVIS-NR-004_00324.jpg,3339,RipVIS-NR-004,1,0,0
RipVIS-108_01692.jpg,3340,RipVIS-108,0,2,1
RipVIS-NR-020_01956.jpg,3341,RipVIS-NR-020,1,0,0
RipVIS-079_00480.jpg,3342,RipVIS-079,0,2,1
RipVIS-001_00009.jpg,3343,RipVIS-001,0,1,1
RipVIS-026_00055.jpg,3344,RipVIS-026,0,2,1
RipVIS-066_00600.jpg,3345,RipVIS-066,0,1,1
RipVIS-053_00462.jpg,3346,RipVIS-053,0,1,1
RipVIS-NR-024_00708.jpg,3347,RipVIS-NR-024,1,0,0
RipVIS-102_00168.jpg,3348,RipVIS-102,0,2,1
RipVIS-NR-022_00858.jpg,3349,RipVIS-NR-022,1,0,0
RipVIS-090_00420.jpg,3350,RipVIS-090,0,1,1
RipVIS-108_00390.jpg,3351,RipVIS-108,0,2,1
RipVIS-NR-019_00186.jpg,3352,RipVIS-NR-019,1,0,0
RipVIS-026_00202.jpg,3353,RipVIS-026,0,2,1
RipVIS-NR-024_00528.jpg,3354,RipVIS-NR-024,1,0,0
RipVIS-026_00178.jpg,3355,RipVIS-026,0,2,1
RipVIS-143_00060.jpg,3356,RipVIS-143,0,1,1
RipVIS-026_00022.jpg,3357,RipVIS-026,0,2,1
RipVIS-129_01830.jpg,3358,RipVIS-129,0,1,1
RipVIS-NR-024_01350.jpg,3359,RipVIS-NR-024,1,0,0
RipVIS-053_00012.jpg,3360,RipVIS-053,0,1,1
RipVIS-001_00055.jpg,3361,RipVIS-001,0,1,1
RipVIS-NR-004_00030.jpg,3362,RipVIS-NR-004,1,0,0
RipVIS-079_00540.jpg,3363,RipVIS-079,0,2,1
RipVIS-026_00242.jpg,3364,RipVIS-026,0,2,1
RipVIS-NR-024_01716.jpg,3365,RipVIS-NR-024,1,0,0
RipVIS-026_00136.jpg,3366,RipVIS-026,0,2,1
RipVIS-NR-024_00252.jpg,3367,RipVIS-NR-024,1,0,0
RipVIS-079_00672.jpg,3368,RipVIS-079,0,2,1
RipVIS-014_00012.jpg,3369,RipVIS-014,0,1,1
RipVIS-079_01926.jpg,3370,RipVIS-079,0,2,1
RipVIS-012_00102.jpg,3371,RipVIS-012,0,1,1
RipVIS-108_00660.jpg,3372,RipVIS-108,0,2,1
RipVIS-026_00025.jpg,3373,RipVIS-026,0,2,1
RipVIS-NR-026_01122.jpg,3374,RipVIS-NR-026,1,0,0
RipVIS-014_00100.jpg,3375,RipVIS-014,0,1,1
RipVIS-121_00480.jpg,3376,RipVIS-121,0,1,1
RipVIS-146_00390.jpg,3377,RipVIS-146,0,1,1
RipVIS-NR-004_00060.jpg,3378,RipVIS-NR-004,1,0,0
RipVIS-109_00006.jpg,3379,RipVIS-109,0,2,1
RipVIS-NR-022_00558.jpg,3380,RipVIS-NR-022,1,0,0
RipVIS-079_01614.jpg,3381,RipVIS-079,0,2,1
RipVIS-102_00054.jpg,3382,RipVIS-102,0,2,1
RipVIS-NR-022_01464.jpg,3383,RipVIS-NR-022,1,0,0
RipVIS-NR-020_00576.jpg,3384,RipVIS-NR-020,1,0,0
RipVIS-NR-022_00708.jpg,3385,RipVIS-NR-022,1,0,0
RipVIS-053_00492.jpg,3386,RipVIS-053,0,1,1
RipVIS-079_00624.jpg,3387,RipVIS-079,0,2,1
RipVIS-NR-020_01944.jpg,3388,RipVIS-NR-020,1,0,0
RipVIS-NR-019_00036.jpg,3389,RipVIS-NR-019,1,0,0
RipVIS-001_00011.jpg,3390,RipVIS-001,0,1,1
RipVIS-014_00013.jpg,3391,RipVIS-014,0,1,1
RipVIS-143_00468.jpg,3392,RipVIS-143,0,1,1
RipVIS-109_00228.jpg,3393,RipVIS-109,0,2,1
RipVIS-NR-020_01902.jpg,3394,RipVIS-NR-020,1,0,0
RipVIS-026_00092.jpg,3395,RipVIS-026,0,2,1
RipVIS-026_00007.jpg,3396,RipVIS-026,0,2,1
RipVIS-001_00057.jpg,3397,RipVIS-001,0,1,1
RipVIS-026_00086.jpg,3398,RipVIS-026,0,2,1
RipVIS-108_00432.jpg,3399,RipVIS-108,0,2,1
RipVIS-109_00282.jpg,3400,RipVIS-109,0,2,1
RipVIS-014_00113.jpg,3401,RipVIS-014,0,1,1
RipVIS-NR-024_00732.jpg,3402,RipVIS-NR-024,1,0,0
RipVIS-NR-020_01986.jpg,3403,RipVIS-NR-020,1,0,0
RipVIS-NR-026_00066.jpg,3404,RipVIS-NR-026,1,0,0
RipVIS-044_00426.jpg,3405,RipVIS-044,0,1,1
RipVIS-015_00060.jpg,3406,RipVIS-015,0,1,1
RipVIS-109_00438.jpg,3407,RipVIS-109,0,2,1
RipVIS-059_00228.jpg,3408,RipVIS-059,0,1,1
RipVIS-NR-026_00828.jpg,3409,RipVIS-NR-026,1,0,0
RipVIS-024_00052.jpg,3410,RipVIS-024,0,1,1
RipVIS-026_00230.jpg,3411,RipVIS-026,0,2,1
RipVIS-NR-024_01434.jpg,3412,RipVIS-NR-024,1,0,0
RipVIS-046_00588.jpg,3413,RipVIS-046,0,2,1
RipVIS-NR-024_01236.jpg,3414,RipVIS-NR-024,1,0,0
RipVIS-026_00180.jpg,3415,RipVIS-026,0,2,1
RipVIS-NR-024_01140.jpg,3416,RipVIS-NR-024,1,0,0
RipVIS-026_00029.jpg,3417,RipVIS-026,0,2,1
RipVIS-102_00678.jpg,3418,RipVIS-102,0,2,1
RipVIS-079_01416.jpg,3419,RipVIS-079,0,2,1
RipVIS-NR-020_00444.jpg,3420,RipVIS-NR-020,1,0,0
RipVIS-026_00216.jpg,3421,RipVIS-026,0,2,1
RipVIS-102_00576.jpg,3422,RipVIS-102,0,2,1
RipVIS-066_00350.jpg,3423,RipVIS-066,0,1,1
RipVIS-NR-022_00264.jpg,3424,RipVIS-NR-022,1,0,0
RipVIS-121_00390.jpg,3425,RipVIS-121,0,1,1
RipVIS-090_00180.jpg,3426,RipVIS-090,0,3,1
RipVIS-108_00690.jpg,3427,RipVIS-108,0,2,1
RipVIS-012_00100.jpg,3428,RipVIS-012,0,1,1
RipVIS-001_00152.jpg,3429,RipVIS-001,0,1,1
RipVIS-079_00186.jpg,3430,RipVIS-079,0,2,1
RipVIS-NR-020_01824.jpg,3431,RipVIS-NR-020,1,0,0
RipVIS-NR-026_00420.jpg,3432,RipVIS-NR-026,1,0,0
RipVIS-012_00008.jpg,3433,RipVIS-012,0,1,1
RipVIS-NR-020_01440.jpg,3434,RipVIS-NR-020,1,0,0
RipVIS-NR-022_01104.jpg,3435,RipVIS-NR-022,1,0,0
RipVIS-109_00348.jpg,3436,RipVIS-109,0,2,1
RipVIS-109_00234.jpg,3437,RipVIS-109,0,2,1
RipVIS-NR-022_01608.jpg,3438,RipVIS-NR-022,1,0,0
RipVIS-NR-022_00132.jpg,3439,RipVIS-NR-022,1,0,0
RipVIS-044_00672.jpg,3440,RipVIS-044,0,1,1
RipVIS-053_00438.jpg,3441,RipVIS-053,0,1,1
RipVIS-066_00200.jpg,3442,RipVIS-066,0,1,1
RipVIS-109_00252.jpg,3443,RipVIS-109,0,2,1
RipVIS-109_00138.jpg,3444,RipVIS-109,0,2,1
RipVIS-143_00144.jpg,3445,RipVIS-143,0,1,1
RipVIS-014_00161.jpg,3446,RipVIS-014,0,1,1
RipVIS-NR-020_01056.jpg,3447,RipVIS-NR-020,1,0,0
RipVIS-014_00058.jpg,3448,RipVIS-014,0,1,1
RipVIS-072_00054.jpg,3449,RipVIS-072,0,1,1
RipVIS-121_00060.jpg,3450,RipVIS-121,0,1,1
RipVIS-014_00173.jpg,3451,RipVIS-014,0,1,1
RipVIS-143_01176.jpg,3452,RipVIS-143,0,2,1
RipVIS-079_01656.jpg,3453,RipVIS-079,0,2,1
RipVIS-143_00612.jpg,3454,RipVIS-143,0,1,1
RipVIS-NR-026_01050.jpg,3455,RipVIS-NR-026,1,0,0
RipVIS-NR-024_00564.jpg,3456,RipVIS-NR-024,1,0,0
RipVIS-007_00019.jpg,3457,RipVIS-007,0,2,1
RipVIS-066_00565.jpg,3458,RipVIS-066,0,1,1
RipVIS-NR-024_00240.jpg,3459,RipVIS-NR-024,1,0,0
RipVIS-090_00300.jpg,3460,RipVIS-090,0,3,1
RipVIS-001_00092.jpg,3461,RipVIS-001,0,1,1
RipVIS-046_00936.jpg,3462,RipVIS-046,0,2,1
RipVIS-026_00218.jpg,3463,RipVIS-026,0,2,1
RipVIS-NR-020_01800.jpg,3464,RipVIS-NR-020,1,0,0
RipVIS-NR-022_00660.jpg,3465,RipVIS-NR-022,1,0,0
RipVIS-NR-020_01722.jpg,3466,RipVIS-NR-020,1,0,0
RipVIS-NR-022_00510.jpg,3467,RipVIS-NR-022,1,0,0
RipVIS-NR-022_00018.jpg,3468,RipVIS-NR-022,1,0,0
RipVIS-026_00266.jpg,3469,RipVIS-026,0,2,1
RipVIS-108_00282.jpg,3470,RipVIS-108,0,2,1
RipVIS-039_00029.jpg,3471,RipVIS-039,0,2,1
RipVIS-102_00372.jpg,3472,RipVIS-102,0,2,1
RipVIS-014_00101.jpg,3473,RipVIS-014,0,1,1
RipVIS-129_00480.jpg,3474,RipVIS-129,0,1,1
RipVIS-NR-020_01728.jpg,3475,RipVIS-NR-020,1,0,0
RipVIS-129_01740.jpg,3476,RipVIS-129,0,1,1
RipVIS-108_00810.jpg,3477,RipVIS-108,0,2,1
RipVIS-129_01110.jpg,3478,RipVIS-129,0,1,1
RipVIS-046_00156.jpg,3479,RipVIS-046,0,1,1
RipVIS-NR-026_00786.jpg,3480,RipVIS-NR-026,1,0,0
RipVIS-012_00019.jpg,3481,RipVIS-012,0,1,1
RipVIS-053_00210.jpg,3482,RipVIS-053,0,1,1
RipVIS-143_00420.jpg,3483,RipVIS-143,0,1,1
RipVIS-NR-020_01026.jpg,3484,RipVIS-NR-020,1,0,0
RipVIS-066_00005.jpg,3485,RipVIS-066,0,1,1
RipVIS-NR-020_01320.jpg,3486,RipVIS-NR-020,1,0,0
RipVIS-007_00031.jpg,3487,RipVIS-007,0,2,1
RipVIS-102_00402.jpg,3488,RipVIS-102,0,2,1
RipVIS-NR-020_02280.jpg,3489,RipVIS-NR-020,1,0,0
RipVIS-108_01068.jpg,3490,RipVIS-108,0,2,1
RipVIS-NR-020_02442.jpg,3491,RipVIS-NR-020,1,0,0
RipVIS-066_00480.jpg,3492,RipVIS-066,0,1,1
RipVIS-NR-022_01830.jpg,3493,RipVIS-NR-022,1,0,0
RipVIS-024_00032.jpg,3494,RipVIS-024,0,1,1
RipVIS-014_00177.jpg,3495,RipVIS-014,0,1,1
RipVIS-053_00162.jpg,3496,RipVIS-053,0,1,1
RipVIS-014_00141.jpg,3497,RipVIS-014,0,1,1
RipVIS-044_00042.jpg,3498,RipVIS-044,0,1,1
RipVIS-NR-022_01314.jpg,3499,RipVIS-NR-022,1,0,0
RipVIS-102_00078.jpg,3500,RipVIS-102,0,2,1
RipVIS-001_00040.jpg,3501,RipVIS-001,0,1,1
RipVIS-NR-020_00378.jpg,3502,RipVIS-NR-020,1,0,0
RipVIS-012_00066.jpg,3503,RipVIS-012,0,1,1
RipVIS-144_00120.jpg,3504,RipVIS-144,0,2,1
RipVIS-NR-022_01050.jpg,3505,RipVIS-NR-022,1,0,0
RipVIS-014_00001.jpg,3506,RipVIS-014,0,1,1
RipVIS-046_00972.jpg,3507,RipVIS-046,0,2,1
RipVIS-102_00702.jpg,3508,RipVIS-102,0,2,1
RipVIS-NR-022_01824.jpg,3509,RipVIS-NR-022,1,0,0
RipVIS-026_00182.jpg,3510,RipVIS-026,0,2,1
RipVIS-046_00450.jpg,3511,RipVIS-046,0,2,1
RipVIS-059_00024.jpg,3512,RipVIS-059,0,1,1
RipVIS-014_00133.jpg,3513,RipVIS-014,0,1,1
RipVIS-NR-019_00888.jpg,3514,RipVIS-NR-019,1,0,0
RipVIS-NR-024_00552.jpg,3515,RipVIS-NR-024,1,0,0
RipVIS-128_00360.jpg,3516,RipVIS-128,0,1,1
RipVIS-NR-020_01428.jpg,3517,RipVIS-NR-020,1,0,0
RipVIS-NR-020_00882.jpg,3518,RipVIS-NR-020,1,0,0
RipVIS-014_00148.jpg,3519,RipVIS-014,0,1,1
RipVIS-026_00115.jpg,3520,RipVIS-026,0,2,1
RipVIS-067_00066.jpg,3521,RipVIS-067,0,2,1
RipVIS-NR-004_00036.jpg,3522,RipVIS-NR-004,1,0,0
RipVIS-046_00606.jpg,3523,RipVIS-046,0,2,1
RipVIS-001_00038.jpg,3524,RipVIS-001,0,1,1
RipVIS-066_00345.jpg,3525,RipVIS-066,0,1,1
RipVIS-108_01410.jpg,3526,RipVIS-108,0,2,1
RipVIS-NR-026_01032.jpg,3527,RipVIS-NR-026,1,0,0
RipVIS-NR-020_00312.jpg,3528,RipVIS-NR-020,1,0,0
RipVIS-147_00325.jpg,3529,RipVIS-147,0,1,1
RipVIS-NR-026_00774.jpg,3530,RipVIS-NR-026,1,0,0
RipVIS-044_00636.jpg,3531,RipVIS-044,0,1,1
RipVIS-079_01848.jpg,3532,RipVIS-079,0,2,1
RipVIS-014_00136.jpg,3533,RipVIS-014,0,1,1
RipVIS-046_00486.jpg,3534,RipVIS-046,0,2,1
RipVIS-108_00066.jpg,3535,RipVIS-108,0,2,1
RipVIS-NR-026_00816.jpg,3536,RipVIS-NR-026,1,0,0
RipVIS-079_01002.jpg,3537,RipVIS-079,0,2,1
RipVIS-NR-022_00486.jpg,3538,RipVIS-NR-022,1,0,0
RipVIS-014_00179.jpg,3539,RipVIS-014,0,1,1
RipVIS-007_00055.jpg,3540,RipVIS-007,0,2,1
RipVIS-014_00176.jpg,3541,RipVIS-014,0,1,1
RipVIS-NR-024_01704.jpg,3542,RipVIS-NR-024,1,0,0
RipVIS-NR-022_01350.jpg,3543,RipVIS-NR-022,1,0,0
RipVIS-079_00996.jpg,3544,RipVIS-079,0,2,1
RipVIS-079_01872.jpg,3545,RipVIS-079,0,2,1
RipVIS-NR-020_00582.jpg,3546,RipVIS-NR-020,1,0,0
RipVIS-108_01446.jpg,3547,RipVIS-108,0,2,1
RipVIS-108_00936.jpg,3548,RipVIS-108,0,2,1
RipVIS-NR-022_01332.jpg,3549,RipVIS-NR-022,1,0,0
RipVIS-147_00175.jpg,3550,RipVIS-147,0,1,1
RipVIS-NR-026_00468.jpg,3551,RipVIS-NR-026,1,0,0
RipVIS-044_00126.jpg,3552,RipVIS-044,0,1,1
RipVIS-026_00105.jpg,3553,RipVIS-026,0,2,1
RipVIS-079_00822.jpg,3554,RipVIS-079,0,2,1
RipVIS-046_00294.jpg,3555,RipVIS-046,0,2,1
RipVIS-129_01200.jpg,3556,RipVIS-129,0,1,1
RipVIS-026_00139.jpg,3557,RipVIS-026,0,2,1
RipVIS-079_01920.jpg,3558,RipVIS-079,0,2,1
RipVIS-129_00240.jpg,3559,RipVIS-129,0,1,1
RipVIS-NR-020_01248.jpg,3560,RipVIS-NR-020,1,0,0
RipVIS-044_00444.jpg,3561,RipVIS-044,0,1,1
RipVIS-053_00480.jpg,3562,RipVIS-053,0,1,1
RipVIS-014_00019.jpg,3563,RipVIS-014,0,1,1
RipVIS-109_00198.jpg,3564,RipVIS-109,0,2,1
RipVIS-NR-020_00156.jpg,3565,RipVIS-NR-020,1,0,0
RipVIS-NR-022_00120.jpg,3566,RipVIS-NR-022,1,0,0
RipVIS-NR-024_01242.jpg,3567,RipVIS-NR-024,1,0,0
RipVIS-044_00270.jpg,3568,RipVIS-044,0,1,1
RipVIS-079_00306.jpg,3569,RipVIS-079,0,2,1
RipVIS-108_00126.jpg,3570,RipVIS-108,0,2,1
RipVIS-046_00786.jpg,3571,RipVIS-046,0,2,1
RipVIS-NR-026_00102.jpg,3572,RipVIS-NR-026,1,0,0
RipVIS-014_00039.jpg,3573,RipVIS-014,0,1,1
RipVIS-079_00666.jpg,3574,RipVIS-079,0,2,1
RipVIS-053_00144.jpg,3575,RipVIS-053,0,1,1
RipVIS-079_01176.jpg,3576,RipVIS-079,0,2,1
RipVIS-044_00660.jpg,3577,RipVIS-044,0,1,1
RipVIS-NR-022_01212.jpg,3578,RipVIS-NR-022,1,0,0
RipVIS-012_00014.jpg,3579,RipVIS-012,0,1,1
RipVIS-046_00102.jpg,3580,RipVIS-046,0,1,1
RipVIS-NR-020_01122.jpg,3581,RipVIS-NR-020,1,0,0
RipVIS-046_00834.jpg,3582,RipVIS-046,0,2,1
RipVIS-102_00588.jpg,3583,RipVIS-102,0,2,1
RipVIS-046_00492.jpg,3584,RipVIS-046,0,2,1
RipVIS-001_00142.jpg,3585,RipVIS-001,0,1,1
RipVIS-044_00390.jpg,3586,RipVIS-044,0,1,1
RipVIS-044_00210.jpg,3587,RipVIS-044,0,1,1
RipVIS-NR-020_00210.jpg,3588,RipVIS-NR-020,1,0,0
RipVIS-NR-024_01086.jpg,3589,RipVIS-NR-024,1,0,0
RipVIS-129_00030.jpg,3590,RipVIS-129,0,1,1
RipVIS-007_00021.jpg,3591,RipVIS-007,0,2,1
RipVIS-147_00000.jpg,3592,RipVIS-147,0,1,1
RipVIS-146_00480.jpg,3593,RipVIS-146,0,1,1
RipVIS-090_00456.jpg,3594,RipVIS-090,0,1,1
RipVIS-108_01050.jpg,3595,RipVIS-108,0,2,1
RipVIS-007_00025.jpg,3596,RipVIS-007,0,2,1
RipVIS-066_00045.jpg,3597,RipVIS-066,0,1,1
RipVIS-079_01458.jpg,3598,RipVIS-079,0,2,1
RipVIS-NR-024_01440.jpg,3599,RipVIS-NR-024,1,0,0
RipVIS-NR-020_01614.jpg,3600,RipVIS-NR-020,1,0,0
RipVIS-108_00618.jpg,3601,RipVIS-108,0,2,1
RipVIS-102_00534.jpg,3602,RipVIS-102,0,2,1
RipVIS-015_00150.jpg,3603,RipVIS-015,0,1,1
RipVIS-102_00510.jpg,3604,RipVIS-102,0,2,1
RipVIS-NR-026_00630.jpg,3605,RipVIS-NR-026,1,0,0
RipVIS-053_00186.jpg,3606,RipVIS-053,0,1,1
RipVIS-012_00005.jpg,3607,RipVIS-012,0,1,1
RipVIS-053_00168.jpg,3608,RipVIS-053,0,1,1
RipVIS-NR-019_00450.jpg,3609,RipVIS-NR-019,1,0,0
RipVIS-NR-022_01620.jpg,3610,RipVIS-NR-022,1,0,0
RipVIS-026_00041.jpg,3611,RipVIS-026,0,2,1
RipVIS-001_00020.jpg,3612,RipVIS-001,0,1,1
RipVIS-143_00900.jpg,3613,RipVIS-143,0,2,1
RipVIS-001_00080.jpg,3614,RipVIS-001,0,1,1
RipVIS-014_00024.jpg,3615,RipVIS-014,0,1,1
RipVIS-079_01626.jpg,3616,RipVIS-079,0,2,1
RipVIS-NR-022_01668.jpg,3617,RipVIS-NR-022,1,0,0
RipVIS-108_01164.jpg,3618,RipVIS-108,0,2,1
RipVIS-053_00174.jpg,3619,RipVIS-053,0,1,1
RipVIS-109_00606.jpg,3620,RipVIS-109,0,2,1
RipVIS-NR-020_01512.jpg,3621,RipVIS-NR-020,1,0,0
RipVIS-NR-022_00882.jpg,3622,RipVIS-NR-022,1,0,0
RipVIS-NR-024_01524.jpg,3623,RipVIS-NR-024,1,0,0
RipVIS-NR-019_00858.jpg,3624,RipVIS-NR-019,1,0,0
RipVIS-129_00900.jpg,3625,RipVIS-129,0,1,1
RipVIS-079_00426.jpg,3626,RipVIS-079,0,2,1
RipVIS-066_00330.jpg,3627,RipVIS-066,0,1,1
RipVIS-NR-022_01578.jpg,3628,RipVIS-NR-022,1,0,0
RipVIS-NR-026_00618.jpg,3629,RipVIS-NR-026,1,0,0
RipVIS-NR-019_00288.jpg,3630,RipVIS-NR-019,1,0,0
RipVIS-108_00558.jpg,3631,RipVIS-108,0,2,1
RipVIS-046_01038.jpg,3632,RipVIS-046,0,2,1
RipVIS-NR-024_00534.jpg,3633,RipVIS-NR-024,1,0,0
RipVIS-026_00263.jpg,3634,RipVIS-026,0,2,1
RipVIS-007_00056.jpg,3635,RipVIS-007,0,2,1
RipVIS-079_01566.jpg,3636,RipVIS-079,0,2,1
RipVIS-066_00245.jpg,3637,RipVIS-066,0,1,1
RipVIS-026_00243.jpg,3638,RipVIS-026,0,2,1
RipVIS-NR-024_00216.jpg,3639,RipVIS-NR-024,1,0,0
RipVIS-NR-019_00222.jpg,3640,RipVIS-NR-019,1,0,0
RipVIS-NR-020_01932.jpg,3641,RipVIS-NR-020,1,0,0
RipVIS-079_01182.jpg,3642,RipVIS-079,0,2,1
RipVIS-108_00708.jpg,3643,RipVIS-108,0,2,1
RipVIS-066_00185.jpg,3644,RipVIS-066,0,1,1
RipVIS-079_01128.jpg,3645,RipVIS-079,0,2,1
RipVIS-NR-020_00954.jpg,3646,RipVIS-NR-020,1,0,0
RipVIS-066_00025.jpg,3647,RipVIS-066,0,1,1
RipVIS-NR-026_00366.jpg,3648,RipVIS-NR-026,1,0,0
RipVIS-NR-026_00702.jpg,3649,RipVIS-NR-026,1,0,0
RipVIS-NR-004_00006.jpg,3650,RipVIS-NR-004,1,0,0
RipVIS-001_00165.jpg,3651,RipVIS-001,0,1,1
RipVIS-066_00000.jpg,3652,RipVIS-066,0,1,1
RipVIS-134_00600.jpg,3653,RipVIS-134,0,2,1
RipVIS-NR-024_00054.jpg,3654,RipVIS-NR-024,1,0,0
RipVIS-044_00138.jpg,3655,RipVIS-044,0,1,1
RipVIS-001_00148.jpg,3656,RipVIS-001,0,1,1
RipVIS-NR-026_00198.jpg,3657,RipVIS-NR-026,1,0,0
RipVIS-108_00654.jpg,3658,RipVIS-108,0,2,1
RipVIS-039_00017.jpg,3659,RipVIS-039,0,2,1
RipVIS-NR-026_01098.jpg,3660,RipVIS-NR-026,1,0,0
RipVIS-026_00053.jpg,3661,RipVIS-026,0,2,1
RipVIS-066_00510.jpg,3662,RipVIS-066,0,1,1
RipVIS-001_00072.jpg,3663,RipVIS-001,0,1,1
RipVIS-NR-020_01284.jpg,3664,RipVIS-NR-020,1,0,0
RipVIS-079_00888.jpg,3665,RipVIS-079,0,2,1
RipVIS-NR-024_01230.jpg,3666,RipVIS-NR-024,1,0,0
RipVIS-NR-022_00414.jpg,3667,RipVIS-NR-022,1,0,0
RipVIS-108_00786.jpg,3668,RipVIS-108,0,2,1
RipVIS-024_00034.jpg,3669,RipVIS-024,0,1,1
RipVIS-067_00132.jpg,3670,RipVIS-067,0,2,1
RipVIS-079_00618.jpg,3671,RipVIS-079,0,2,1
RipVIS-108_01626.jpg,3672,RipVIS-108,0,2,1
RipVIS-NR-022_01638.jpg,3673,RipVIS-NR-022,1,0,0
RipVIS-079_01716.jpg,3674,RipVIS-079,0,2,1
RipVIS-109_00150.jpg,3675,RipVIS-109,0,2,1
RipVIS-NR-026_00192.jpg,3676,RipVIS-NR-026,1,0,0
RipVIS-046_00390.jpg,3677,RipVIS-046,0,2,1
RipVIS-NR-024_01500.jpg,3678,RipVIS-NR-024,1,0,0
RipVIS-129_01650.jpg,3679,RipVIS-129,0,1,1
RipVIS-NR-022_00312.jpg,3680,RipVIS-NR-022,1,0,0
RipVIS-NR-024_01380.jpg,3681,RipVIS-NR-024,1,0,0
RipVIS-NR-026_00486.jpg,3682,RipVIS-NR-026,1,0,0
RipVIS-026_00082.jpg,3683,RipVIS-026,0,2,1
RipVIS-NR-022_01722.jpg,3684,RipVIS-NR-022,1,0,0
RipVIS-147_00300.jpg,3685,RipVIS-147,0,1,1
RipVIS-NR-020_00552.jpg,3686,RipVIS-NR-020,1,0,0
RipVIS-026_00066.jpg,3687,RipVIS-026,0,2,1
RipVIS-079_01374.jpg,3688,RipVIS-079,0,2,1
RipVIS-NR-019_00780.jpg,3689,RipVIS-NR-019,1,0,0
RipVIS-046_00612.jpg,3690,RipVIS-046,0,2,1
RipVIS-143_01392.jpg,3691,RipVIS-143,0,3,1
RipVIS-NR-019_00270.jpg,3692,RipVIS-NR-019,1,0,0
RipVIS-044_00546.jpg,3693,RipVIS-044,0,1,1
RipVIS-026_00204.jpg,3694,RipVIS-026,0,2,1
RipVIS-NR-020_02430.jpg,3695,RipVIS-NR-020,1,0,0
RipVIS-079_01596.jpg,3696,RipVIS-079,0,2,1
RipVIS-121_00330.jpg,3697,RipVIS-121,0,1,1
RipVIS-109_00084.jpg,3698,RipVIS-109,0,2,1
RipVIS-144_00360.jpg,3699,RipVIS-144,0,2,1
RipVIS-NR-022_00900.jpg,3700,RipVIS-NR-022,1,0,0
RipVIS-NR-020_00174.jpg,3701,RipVIS-NR-020,1,0,0
RipVIS-001_00153.jpg,3702,RipVIS-001,0,1,1
RipVIS-NR-022_01764.jpg,3703,RipVIS-NR-022,1,0,0
RipVIS-NR-024_01452.jpg,3704,RipVIS-NR-024,1,0,0
RipVIS-044_00318.jpg,3705,RipVIS-044,0,1,1
RipVIS-NR-022_00342.jpg,3706,RipVIS-NR-022,1,0,0
RipVIS-NR-004_00288.jpg,3707,RipVIS-NR-004,1,0,0
RipVIS-NR-024_01398.jpg,3708,RipVIS-NR-024,1,0,0
RipVIS-079_01776.jpg,3709,RipVIS-079,0,2,1
RipVIS-001_00187.jpg,3710,RipVIS-001,0,1,1
RipVIS-079_00828.jpg,3711,RipVIS-079,0,2,1
RipVIS-046_00756.jpg,3712,RipVIS-046,0,2,1
RipVIS-108_00366.jpg,3713,RipVIS-108,0,2,1
RipVIS-046_00642.jpg,3714,RipVIS-046,0,2,1
RipVIS-NR-022_01038.jpg,3715,RipVIS-NR-022,1,0,0
RipVIS-NR-022_01686.jpg,3716,RipVIS-NR-022,1,0,0
RipVIS-NR-020_00348.jpg,3717,RipVIS-NR-020,1,0,0
RipVIS-001_00033.jpg,3718,RipVIS-001,0,1,1
RipVIS-102_00294.jpg,3719,RipVIS-102,0,2,1
RipVIS-079_02262.jpg,3720,RipVIS-079,0,2,1
RipVIS-NR-020_02070.jpg,3721,RipVIS-NR-020,1,0,0
RipVIS-067_00024.jpg,3722,RipVIS-067,0,2,1
RipVIS-066_00290.jpg,3723,RipVIS-066,0,1,1
RipVIS-NR-020_00822.jpg,3724,RipVIS-NR-020,1,0,0
RipVIS-026_00097.jpg,3725,RipVIS-026,0,2,1
RipVIS-024_00028.jpg,3726,RipVIS-024,0,1,1
RipVIS-046_00804.jpg,3727,RipVIS-046,0,2,1
RipVIS-108_00258.jpg,3728,RipVIS-108,0,2,1
RipVIS-079_02010.jpg,3729,RipVIS-079,0,2,1
RipVIS-079_00882.jpg,3730,RipVIS-079,0,2,1
RipVIS-059_00258.jpg,3731,RipVIS-059,0,1,1
RipVIS-024_00005.jpg,3732,RipVIS-024,0,1,1
RipVIS-079_00636.jpg,3733,RipVIS-079,0,2,1
RipVIS-NR-020_01578.jpg,3734,RipVIS-NR-020,1,0,0
RipVIS-108_01176.jpg,3735,RipVIS-108,0,2,1
RipVIS-108_00198.jpg,3736,RipVIS-108,0,2,1
RipVIS-NR-019_00054.jpg,3737,RipVIS-NR-019,1,0,0
RipVIS-NR-022_01458.jpg,3738,RipVIS-NR-022,1,0,0
RipVIS-079_01878.jpg,3739,RipVIS-079,0,2,1
RipVIS-NR-019_00024.jpg,3740,RipVIS-NR-019,1,0,0
RipVIS-007_00061.jpg,3741,RipVIS-007,0,2,1
RipVIS-NR-022_01794.jpg,3742,RipVIS-NR-022,1,0,0
RipVIS-079_00078.jpg,3743,RipVIS-079,0,2,1
RipVIS-046_00288.jpg,3744,RipVIS-046,0,2,1
RipVIS-143_00132.jpg,3745,RipVIS-143,0,1,1
RipVIS-NR-020_02496.jpg,3746,RipVIS-NR-020,1,0,0
RipVIS-059_00168.jpg,3747,RipVIS-059,0,1,1
RipVIS-NR-022_01380.jpg,3748,RipVIS-NR-022,1,0,0
RipVIS-NR-020_01230.jpg,3749,RipVIS-NR-020,1,0,0
RipVIS-001_00198.jpg,3750,RipVIS-001,0,1,1
RipVIS-NR-024_00792.jpg,3751,RipVIS-NR-024,1,0,0
RipVIS-079_00408.jpg,3752,RipVIS-079,0,2,1
RipVIS-046_00084.jpg,3753,RipVIS-046,0,1,1
RipVIS-102_00690.jpg,3754,RipVIS-102,0,2,1
RipVIS-NR-020_02022.jpg,3755,RipVIS-NR-020,1,0,0
RipVIS-026_00275.jpg,3756,RipVIS-026,0,2,1
RipVIS-079_00810.jpg,3757,RipVIS-079,0,2,1
RipVIS-079_02268.jpg,3758,RipVIS-079,0,2,1
RipVIS-NR-024_00726.jpg,3759,RipVIS-NR-024,1,0,0
RipVIS-014_00080.jpg,3760,RipVIS-014,0,1,1
RipVIS-NR-026_00882.jpg,3761,RipVIS-NR-026,1,0,0
RipVIS-NR-004_00528.jpg,3762,RipVIS-NR-004,1,0,0
RipVIS-066_00385.jpg,3763,RipVIS-066,0,1,1
RipVIS-108_00192.jpg,3764,RipVIS-108,0,2,1
RipVIS-046_00822.jpg,3765,RipVIS-046,0,2,1
RipVIS-039_00038.jpg,3766,RipVIS-039,0,2,1
RipVIS-NR-020_01992.jpg,3767,RipVIS-NR-020,1,0,0
RipVIS-079_00612.jpg,3768,RipVIS-079,0,2,1
RipVIS-026_00166.jpg,3769,RipVIS-026,0,2,1
RipVIS-NR-020_02124.jpg,3770,RipVIS-NR-020,1,0,0
RipVIS-NR-020_02172.jpg,3771,RipVIS-NR-020,1,0,0
RipVIS-NR-020_02400.jpg,3772,RipVIS-NR-020,1,0,0
RipVIS-NR-020_01338.jpg,3773,RipVIS-NR-020,1,0,0
RipVIS-014_00108.jpg,3774,RipVIS-014,0,1,1
RipVIS-NR-022_01500.jpg,3775,RipVIS-NR-022,1,0,0
RipVIS-NR-026_00408.jpg,3776,RipVIS-NR-026,1,0,0
RipVIS-026_00026.jpg,3777,RipVIS-026,0,2,1
RipVIS-044_00492.jpg,3778,RipVIS-044,0,1,1
RipVIS-001_00158.jpg,3779,RipVIS-001,0,1,1
RipVIS-NR-024_01308.jpg,3780,RipVIS-NR-024,1,0,0
RipVIS-108_00114.jpg,3781,RipVIS-108,0,2,1
RipVIS-059_00234.jpg,3782,RipVIS-059,0,1,1
RipVIS-001_00166.jpg,3783,RipVIS-001,0,1,1
RipVIS-046_00012.jpg,3784,RipVIS-046,0,1,1
RipVIS-046_00234.jpg,3785,RipVIS-046,0,2,1
RipVIS-NR-024_00876.jpg,3786,RipVIS-NR-024,1,0,0
RipVIS-079_01284.jpg,3787,RipVIS-079,0,2,1
RipVIS-NR-020_00690.jpg,3788,RipVIS-NR-020,1,0,0
RipVIS-NR-020_00996.jpg,3789,RipVIS-NR-020,1,0,0
RipVIS-007_00040.jpg,3790,RipVIS-007,0,2,1
RipVIS-044_00060.jpg,3791,RipVIS-044,0,1,1
RipVIS-NR-020_00942.jpg,3792,RipVIS-NR-020,1,0,0
RipVIS-039_00033.jpg,3793,RipVIS-039,0,2,1
RipVIS-128_00570.jpg,3794,RipVIS-128,0,1,1
RipVIS-046_00546.jpg,3795,RipVIS-046,0,2,1
RipVIS-NR-026_01200.jpg,3796,RipVIS-NR-026,1,0,0
RipVIS-001_00100.jpg,3797,RipVIS-001,0,1,1
RipVIS-079_02040.jpg,3798,RipVIS-079,0,2,1
RipVIS-108_01974.jpg,3799,RipVIS-108,0,2,1
RipVIS-001_00107.jpg,3800,RipVIS-001,0,1,1
RipVIS-NR-022_00648.jpg,3801,RipVIS-NR-022,1,0,0
RipVIS-129_00990.jpg,3802,RipVIS-129,0,1,1
RipVIS-NR-004_00390.jpg,3803,RipVIS-NR-004,1,0,0
RipVIS-NR-020_01152.jpg,3804,RipVIS-NR-020,1,0,0
RipVIS-046_00630.jpg,3805,RipVIS-046,0,2,1
RipVIS-109_00432.jpg,3806,RipVIS-109,0,2,1
RipVIS-NR-004_00396.jpg,3807,RipVIS-NR-004,1,0,0
RipVIS-079_00546.jpg,3808,RipVIS-079,0,2,1
RipVIS-072_00012.jpg,3809,RipVIS-072,0,1,1
RipVIS-NR-020_01590.jpg,3810,RipVIS-NR-020,1,0,0
RipVIS-NR-019_00336.jpg,3811,RipVIS-NR-019,1,0,0
RipVIS-NR-020_02004.jpg,3812,RipVIS-NR-020,1,0,0
RipVIS-NR-019_00366.jpg,3813,RipVIS-NR-019,1,0,0
RipVIS-NR-026_00552.jpg,3814,RipVIS-NR-026,1,0,0
RipVIS-NR-020_00180.jpg,3815,RipVIS-NR-020,1,0,0
RipVIS-053_00288.jpg,3816,RipVIS-053,0,1,1
RipVIS-NR-024_00456.jpg,3817,RipVIS-NR-024,1,0,0
RipVIS-NR-026_00498.jpg,3818,RipVIS-NR-026,1,0,0
RipVIS-014_00122.jpg,3819,RipVIS-014,0,1,1
RipVIS-007_00007.jpg,3820,RipVIS-007,0,2,1
RipVIS-079_00834.jpg,3821,RipVIS-079,0,2,1
RipVIS-046_00456.jpg,3822,RipVIS-046,0,2,1
RipVIS-NR-024_01332.jpg,3823,RipVIS-NR-024,1,0,0
RipVIS-NR-019_00474.jpg,3824,RipVIS-NR-019,1,0,0
RipVIS-102_00456.jpg,3825,RipVIS-102,0,2,1
RipVIS-NR-019_00822.jpg,3826,RipVIS-NR-019,1,0,0
RipVIS-109_00276.jpg,3827,RipVIS-109,0,2,1
RipVIS-NR-020_01194.jpg,3828,RipVIS-NR-020,1,0,0
RipVIS-NR-022_00540.jpg,3829,RipVIS-NR-022,1,0,0
RipVIS-026_00251.jpg,3830,RipVIS-026,0,2,1
RipVIS-109_00144.jpg,3831,RipVIS-109,0,2,1
RipVIS-NR-022_01176.jpg,3832,RipVIS-NR-022,1,0,0
RipVIS-059_00060.jpg,3833,RipVIS-059,0,1,1
RipVIS-059_00030.jpg,3834,RipVIS-059,0,1,1
RipVIS-NR-019_00654.jpg,3835,RipVIS-NR-019,1,0,0
RipVIS-039_00019.jpg,3836,RipVIS-039,0,2,1
RipVIS-143_00456.jpg,3837,RipVIS-143,0,1,1
RipVIS-NR-019_00540.jpg,3838,RipVIS-NR-019,1,0,0
RipVIS-108_01224.jpg,3839,RipVIS-108,0,2,1
RipVIS-NR-020_01398.jpg,3840,RipVIS-NR-020,1,0,0
RipVIS-108_00504.jpg,3841,RipVIS-108,0,2,1
RipVIS-NR-022_01758.jpg,3842,RipVIS-NR-022,1,0,0
RipVIS-143_00696.jpg,3843,RipVIS-143,0,2,1
RipVIS-102_00324.jpg,3844,RipVIS-102,0,2,1
RipVIS-012_00044.jpg,3845,RipVIS-012,0,1,1
RipVIS-007_00050.jpg,3846,RipVIS-007,0,2,1
RipVIS-079_01434.jpg,3847,RipVIS-079,0,2,1
RipVIS-026_00011.jpg,3848,RipVIS-026,0,2,1
RipVIS-102_00630.jpg,3849,RipVIS-102,0,2,1
RipVIS-014_00111.jpg,3850,RipVIS-014,0,1,1
RipVIS-109_00366.jpg,3851,RipVIS-109,0,2,1
RipVIS-109_00324.jpg,3852,RipVIS-109,0,2,1
RipVIS-NR-022_01404.jpg,3853,RipVIS-NR-022,1,0,0
RipVIS-014_00130.jpg,3854,RipVIS-014,0,1,1
RipVIS-NR-026_00954.jpg,3855,RipVIS-NR-026,1,0,0
RipVIS-024_00000.jpg,3856,RipVIS-024,0,1,1
RipVIS-NR-024_01248.jpg,3857,RipVIS-NR-024,1,0,0
RipVIS-102_00432.jpg,3858,RipVIS-102,0,2,1
RipVIS-001_00167.jpg,3859,RipVIS-001,0,1,1
RipVIS-014_00128.jpg,3860,RipVIS-014,0,1,1
RipVIS-079_00390.jpg,3861,RipVIS-079,0,2,1
RipVIS-026_00065.jpg,3862,RipVIS-026,0,2,1
RipVIS-001_00175.jpg,3863,RipVIS-001,0,1,1
RipVIS-014_00152.jpg,3864,RipVIS-014,0,1,1
RipVIS-007_00008.jpg,3865,RipVIS-007,0,2,1
RipVIS-NR-024_01290.jpg,3866,RipVIS-NR-024,1,0,0
RipVIS-NR-019_00798.jpg,3867,RipVIS-NR-019,1,0,0
RipVIS-NR-022_00084.jpg,3868,RipVIS-NR-022,1,0,0
RipVIS-046_00264.jpg,3869,RipVIS-046,0,2,1
RipVIS-067_00048.jpg,3870,RipVIS-067,0,2,1
RipVIS-026_00008.jpg,3871,RipVIS-026,0,2,1
RipVIS-007_00065.jpg,3872,RipVIS-007,0,2,1
RipVIS-NR-026_00588.jpg,3873,RipVIS-NR-026,1,0,0
RipVIS-108_01506.jpg,3874,RipVIS-108,0,2,1
RipVIS-NR-020_00732.jpg,3875,RipVIS-NR-020,1,0,0
RipVIS-109_00180.jpg,3876,RipVIS-109,0,2,1
RipVIS-012_00084.jpg,3877,RipVIS-012,0,1,1
RipVIS-108_00306.jpg,3878,RipVIS-108,0,2,1
RipVIS-079_02046.jpg,3879,RipVIS-079,0,2,1
RipVIS-147_00225.jpg,3880,RipVIS-147,0,1,1
RipVIS-079_01944.jpg,3881,RipVIS-079,0,2,1
RipVIS-NR-020_00720.jpg,3882,RipVIS-NR-020,1,0,0
RipVIS-NR-026_01170.jpg,3883,RipVIS-NR-026,1,0,0
RipVIS-NR-024_00576.jpg,3884,RipVIS-NR-024,1,0,0
RipVIS-108_00972.jpg,3885,RipVIS-108,0,2,1
RipVIS-109_00114.jpg,3886,RipVIS-109,0,2,1
RipVIS-108_00162.jpg,3887,RipVIS-108,0,2,1
RipVIS-102_00246.jpg,3888,RipVIS-102,0,2,1
RipVIS-NR-019_00522.jpg,3889,RipVIS-NR-019,1,0,0
RipVIS-108_01632.jpg,3890,RipVIS-108,0,2,1
RipVIS-012_00022.jpg,3891,RipVIS-012,0,1,1
RipVIS-001_00135.jpg,3892,RipVIS-001,0,1,1
RipVIS-NR-020_01542.jpg,3893,RipVIS-NR-020,1,0,0
RipVIS-NR-024_01416.jpg,3894,RipVIS-NR-024,1,0,0
RipVIS-102_00708.jpg,3895,RipVIS-102,0,2,1
RipVIS-108_01866.jpg,3896,RipVIS-108,0,2,1
RipVIS-044_00474.jpg,3897,RipVIS-044,0,1,1
RipVIS-046_01014.jpg,3898,RipVIS-046,0,2,1
RipVIS-143_01068.jpg,3899,RipVIS-143,0,2,1
RipVIS-108_00630.jpg,3900,RipVIS-108,0,2,1
RipVIS-NR-020_01116.jpg,3901,RipVIS-NR-020,1,0,0
RipVIS-NR-024_00210.jpg,3902,RipVIS-NR-024,1,0,0
RipVIS-001_00193.jpg,3903,RipVIS-001,0,1,1
RipVIS-108_00666.jpg,3904,RipVIS-108,0,2,1
RipVIS-066_00470.jpg,3905,RipVIS-066,0,1,1
RipVIS-044_00414.jpg,3906,RipVIS-044,0,1,1
RipVIS-NR-020_00534.jpg,3907,RipVIS-NR-020,1,0,0
RipVIS-NR-024_00264.jpg,3908,RipVIS-NR-024,1,0,0
RipVIS-NR-022_00408.jpg,3909,RipVIS-NR-022,1,0,0
RipVIS-012_00052.jpg,3910,RipVIS-012,0,1,1
RipVIS-NR-020_00414.jpg,3911,RipVIS-NR-020,1,0,0
RipVIS-079_01518.jpg,3912,RipVIS-079,0,2,1
RipVIS-NR-022_01428.jpg,3913,RipVIS-NR-022,1,0,0
RipVIS-079_02118.jpg,3914,RipVIS-079,0,2,1
RipVIS-NR-022_00096.jpg,3915,RipVIS-NR-022,1,0,0
RipVIS-001_00119.jpg,3916,RipVIS-001,0,1,1
RipVIS-NR-022_00738.jpg,3917,RipVIS-NR-022,1,0,0
RipVIS-NR-020_00318.jpg,3918,RipVIS-NR-020,1,0,0
RipVIS-012_00063.jpg,3919,RipVIS-012,0,1,1
RipVIS-NR-026_00900.jpg,3920,RipVIS-NR-026,1,0,0
RipVIS-NR-024_01206.jpg,3921,RipVIS-NR-024,1,0,0
RipVIS-146_00090.jpg,3922,RipVIS-146,0,1,1
RipVIS-066_00355.jpg,3923,RipVIS-066,0,1,1
RipVIS-143_00768.jpg,3924,RipVIS-143,0,2,1
RipVIS-108_01386.jpg,3925,RipVIS-108,0,2,1
RipVIS-079_01452.jpg,3926,RipVIS-079,0,2,1
RipVIS-NR-022_00936.jpg,3927,RipVIS-NR-022,1,0,0
RipVIS-NR-019_00636.jpg,3928,RipVIS-NR-019,1,0,0
RipVIS-079_00720.jpg,3929,RipVIS-079,0,2,1
RipVIS-026_00102.jpg,3930,RipVIS-026,0,2,1
RipVIS-012_00037.jpg,3931,RipVIS-012,0,1,1
RipVIS-NR-026_00300.jpg,3932,RipVIS-NR-026,1,0,0
RipVIS-039_00028.jpg,3933,RipVIS-039,0,2,1
RipVIS-108_00756.jpg,3934,RipVIS-108,0,2,1
RipVIS-014_00158.jpg,3935,RipVIS-014,0,1,1
RipVIS-NR-020_01104.jpg,3936,RipVIS-NR-020,1,0,0
RipVIS-NR-026_01092.jpg,3937,RipVIS-NR-026,1,0,0
RipVIS-046_00768.jpg,3938,RipVIS-046,0,2,1
RipVIS-108_02010.jpg,3939,RipVIS-108,0,2,1
RipVIS-066_00545.jpg,3940,RipVIS-066,0,1,1
RipVIS-108_01392.jpg,3941,RipVIS-108,0,2,1
RipVIS-079_01710.jpg,3942,RipVIS-079,0,2,1
RipVIS-NR-022_00360.jpg,3943,RipVIS-NR-022,1,0,0
RipVIS-NR-020_00204.jpg,3944,RipVIS-NR-020,1,0,0
RipVIS-044_00192.jpg,3945,RipVIS-044,0,1,1
RipVIS-NR-022_00138.jpg,3946,RipVIS-NR-022,1,0,0
RipVIS-079_02220.jpg,3947,RipVIS-079,0,2,1
RipVIS-108_01962.jpg,3948,RipVIS-108,0,2,1
RipVIS-053_00504.jpg,3949,RipVIS-053,0,1,1
RipVIS-046_00216.jpg,3950,RipVIS-046,0,2,1
RipVIS-NR-026_01056.jpg,3951,RipVIS-NR-026,1,0,0
RipVIS-108_01182.jpg,3952,RipVIS-108,0,2,1
RipVIS-053_00102.jpg,3953,RipVIS-053,0,1,1
RipVIS-144_00480.jpg,3954,RipVIS-144,0,2,1
RipVIS-NR-020_01842.jpg,3955,RipVIS-NR-020,1,0,0
RipVIS-NR-020_01998.jpg,3956,RipVIS-NR-020,1,0,0
RipVIS-NR-019_00084.jpg,3957,RipVIS-NR-019,1,0,0
RipVIS-079_01704.jpg,3958,RipVIS-079,0,2,1
RipVIS-102_00234.jpg,3959,RipVIS-102,0,2,1
RipVIS-109_00498.jpg,3960,RipVIS-109,0,2,1
RipVIS-079_01212.jpg,3961,RipVIS-079,0,2,1
RipVIS-NR-020_00060.jpg,3962,RipVIS-NR-020,1,0,0
RipVIS-079_01368.jpg,3963,RipVIS-079,0,2,1
RipVIS-026_00071.jpg,3964,RipVIS-026,0,2,1
RipVIS-012_00040.jpg,3965,RipVIS-012,0,1,1
RipVIS-NR-026_00660.jpg,3966,RipVIS-NR-026,1,0,0
RipVIS-143_01224.jpg,3967,RipVIS-143,0,2,1
RipVIS-026_00042.jpg,3968,RipVIS-026,0,2,1
RipVIS-012_00080.jpg,3969,RipVIS-012,0,1,1
RipVIS-026_00084.jpg,3970,RipVIS-026,0,2,1
RipVIS-026_00036.jpg,3971,RipVIS-026,0,2,1
RipVIS-NR-020_00324.jpg,3972,RipVIS-NR-020,1,0,0
RipVIS-012_00017.jpg,3973,RipVIS-012,0,1,1
RipVIS-026_00167.jpg,3974,RipVIS-026,0,2,1
RipVIS-109_00594.jpg,3975,RipVIS-109,0,2,1
RipVIS-026_00205.jpg,3976,RipVIS-026,0,2,1
RipVIS-079_00354.jpg,3977,RipVIS-079,0,2,1
RipVIS-143_00324.jpg,3978,RipVIS-143,0,1,1
RipVIS-143_01308.jpg,3979,RipVIS-143,0,2,1
RipVIS-001_00027.jpg,3980,RipVIS-001,0,1,1
RipVIS-026_00186.jpg,3981,RipVIS-026,0,2,1
RipVIS-066_00285.jpg,3982,RipVIS-066,0,1,1
RipVIS-128_00180.jpg,3983,RipVIS-128,0,1,1
RipVIS-108_01170.jpg,3984,RipVIS-108,0,2,1
RipVIS-146_00450.jpg,3985,RipVIS-146,0,1,1
RipVIS-NR-020_02310.jpg,3986,RipVIS-NR-020,1,0,0
RipVIS-014_00156.jpg,3987,RipVIS-014,0,1,1
RipVIS-109_00486.jpg,3988,RipVIS-109,0,2,1
RipVIS-014_00027.jpg,3989,RipVIS-014,0,1,1
RipVIS-NR-026_00564.jpg,3990,RipVIS-NR-026,1,0,0
RipVIS-059_00000.jpg,3991,RipVIS-059,0,1,1
RipVIS-044_00132.jpg,3992,RipVIS-044,0,1,1
RipVIS-NR-019_00360.jpg,3993,RipVIS-NR-019,1,0,0
RipVIS-NR-004_00462.jpg,3994,RipVIS-NR-004,1,0,0
RipVIS-044_00612.jpg,3995,RipVIS-044,0,1,1
RipVIS-146_00180.jpg,3996,RipVIS-146,0,1,1
RipVIS-039_00015.jpg,3997,RipVIS-039,0,2,1
RipVIS-108_01752.jpg,3998,RipVIS-108,0,2,1
RipVIS-007_00029.jpg,3999,RipVIS-007,0,2,1
RipVIS-090_00048.jpg,4000,RipVIS-090,0,3,1
RipVIS-NR-026_00204.jpg,4001,RipVIS-NR-026,1,0,0
RipVIS-066_00160.jpg,4002,RipVIS-066,0,1,1
RipVIS-066_00300.jpg,4003,RipVIS-066,0,1,1
RipVIS-079_01428.jpg,4004,RipVIS-079,0,2,1
RipVIS-044_00018.jpg,4005,RipVIS-044,0,1,1
RipVIS-NR-020_00090.jpg,4006,RipVIS-NR-020,1,0,0
RipVIS-133_00390.jpg,4007,RipVIS-133,0,2,1
RipVIS-NR-022_00474.jpg,4008,RipVIS-NR-022,1,0,0
RipVIS-NR-022_01806.jpg,4009,RipVIS-NR-022,1,0,0
RipVIS-108_01242.jpg,4010,RipVIS-108,0,2,1
RipVIS-001_00085.jpg,4011,RipVIS-001,0,1,1
RipVIS-102_00258.jpg,4012,RipVIS-102,0,2,1
RipVIS-NR-022_00450.jpg,4013,RipVIS-NR-022,1,0,0
RipVIS-014_00077.jpg,4014,RipVIS-014,0,1,1
RipVIS-NR-019_00282.jpg,4015,RipVIS-NR-019,1,0,0
RipVIS-026_00258.jpg,4016,RipVIS-026,0,2,1
RipVIS-108_00762.jpg,4017,RipVIS-108,0,2,1
RipVIS-079_01038.jpg,4018,RipVIS-079,0,2,1
RipVIS-044_00432.jpg,4019,RipVIS-044,0,1,1
RipVIS-024_00070.jpg,4020,RipVIS-024,0,1,1
RipVIS-044_00666.jpg,4021,RipVIS-044,0,1,1
RipVIS-NR-024_01170.jpg,4022,RipVIS-NR-024,1,0,0
RipVIS-046_00702.jpg,4023,RipVIS-046,0,2,1
RipVIS-026_00159.jpg,4024,RipVIS-026,0,2,1
RipVIS-129_00180.jpg,4025,RipVIS-129,0,1,1
RipVIS-134_00240.jpg,4026,RipVIS-134,0,1,1
RipVIS-053_00192.jpg,4027,RipVIS-053,0,1,1
RipVIS-NR-020_01326.jpg,4028,RipVIS-NR-020,1,0,0
RipVIS-079_02034.jpg,4029,RipVIS-079,0,2,1
RipVIS-046_00438.jpg,4030,RipVIS-046,0,2,1
RipVIS-NR-024_00420.jpg,4031,RipVIS-NR-024,1,0,0
RipVIS-NR-022_01680.jpg,4032,RipVIS-NR-022,1,0,0
RipVIS-079_00072.jpg,4033,RipVIS-079,0,2,1
RipVIS-012_00039.jpg,4034,RipVIS-012,0,1,1
RipVIS-066_00115.jpg,4035,RipVIS-066,0,1,1
RipVIS-079_01392.jpg,4036,RipVIS-079,0,2,1
RipVIS-012_00047.jpg,4037,RipVIS-012,0,1,1
RipVIS-108_01344.jpg,4038,RipVIS-108,0,2,1
RipVIS-NR-024_01470.jpg,4039,RipVIS-NR-024,1,0,0
RipVIS-046_00066.jpg,4040,RipVIS-046,0,1,1
RipVIS-026_00171.jpg,4041,RipVIS-026,0,2,1
RipVIS-121_00030.jpg,4042,RipVIS-121,0,1,1
RipVIS-001_00076.jpg,4043,RipVIS-001,0,1,1
RipVIS-NR-024_00798.jpg,4044,RipVIS-NR-024,1,0,0
RipVIS-NR-026_00912.jpg,4045,RipVIS-NR-026,1,0,0
RipVIS-133_00030.jpg,4046,RipVIS-133,0,2,1
RipVIS-NR-020_01554.jpg,4047,RipVIS-NR-020,1,0,0
RipVIS-NR-024_00198.jpg,4048,RipVIS-NR-024,1,0,0
RipVIS-059_00096.jpg,4049,RipVIS-059,0,1,1
RipVIS-066_00095.jpg,4050,RipVIS-066,0,1,1
RipVIS-024_00031.jpg,4051,RipVIS-024,0,1,1
RipVIS-NR-024_01680.jpg,4052,RipVIS-NR-024,1,0,0
RipVIS-143_01332.jpg,4053,RipVIS-143,0,2,1
RipVIS-079_01146.jpg,4054,RipVIS-079,0,2,1
RipVIS-NR-004_00432.jpg,4055,RipVIS-NR-004,1,0,0
RipVIS-147_00100.jpg,4056,RipVIS-147,0,1,1
RipVIS-NR-022_00954.jpg,4057,RipVIS-NR-022,1,0,0
RipVIS-044_00402.jpg,4058,RipVIS-044,0,1,1
RipVIS-014_00031.jpg,4059,RipVIS-014,0,1,1
RipVIS-012_00087.jpg,4060,RipVIS-012,0,1,1
RipVIS-044_00264.jpg,4061,RipVIS-044,0,1,1
RipVIS-NR-026_00666.jpg,4062,RipVIS-NR-026,1,0,0
RipVIS-NR-022_00348.jpg,4063,RipVIS-NR-022,1,0,0
RipVIS-066_00495.jpg,4064,RipVIS-066,0,1,1
RipVIS-NR-019_00852.jpg,4065,RipVIS-NR-019,1,0,0
RipVIS-026_00193.jpg,4066,RipVIS-026,0,2,1
RipVIS-014_00049.jpg,4067,RipVIS-014,0,1,1
RipVIS-NR-024_00720.jpg,4068,RipVIS-NR-024,1,0,0
RipVIS-146_00120.jpg,4069,RipVIS-146,0,1,1
RipVIS-129_01710.jpg,4070,RipVIS-129,0,1,1
RipVIS-026_00127.jpg,4071,RipVIS-026,0,2,1
RipVIS-129_00960.jpg,4072,RipVIS-129,0,1,1
RipVIS-066_00215.jpg,4073,RipVIS-066,0,1,1
RipVIS-143_00564.jpg,4074,RipVIS-143,0,1,1
RipVIS-108_00948.jpg,4075,RipVIS-108,0,2,1
RipVIS-108_01338.jpg,4076,RipVIS-108,0,2,1
RipVIS-072_00018.jpg,4077,RipVIS-072,0,1,1
RipVIS-026_00184.jpg,4078,RipVIS-026,0,2,1
RipVIS-128_00120.jpg,4079,RipVIS-128,0,1,1
RipVIS-NR-024_00858.jpg,4080,RipVIS-NR-024,1,0,0
RipVIS-NR-019_00690.jpg,4081,RipVIS-NR-019,1,0,0
RipVIS-108_01368.jpg,4082,RipVIS-108,0,2,1
RipVIS-026_00060.jpg,4083,RipVIS-026,0,2,1
RipVIS-NR-004_00120.jpg,4084,RipVIS-NR-004,1,0,0
RipVIS-108_01602.jpg,4085,RipVIS-108,0,2,1
RipVIS-NR-022_00240.jpg,4086,RipVIS-NR-022,1,0,0
RipVIS-014_00062.jpg,4087,RipVIS-014,0,1,1
RipVIS-053_00324.jpg,4088,RipVIS-053,0,1,1
RipVIS-079_00300.jpg,4089,RipVIS-079,0,2,1
RipVIS-024_00008.jpg,4090,RipVIS-024,0,1,1
RipVIS-079_00588.jpg,4091,RipVIS-079,0,2,1
RipVIS-NR-020_00402.jpg,4092,RipVIS-NR-020,1,0,0
RipVIS-014_00095.jpg,4093,RipVIS-014,0,1,1
RipVIS-108_00402.jpg,4094,RipVIS-108,0,2,1
RipVIS-044_00516.jpg,4095,RipVIS-044,0,1,1
RipVIS-079_00198.jpg,4096,RipVIS-079,0,2,1
RipVIS-NR-022_00150.jpg,4097,RipVIS-NR-022,1,0,0
RipVIS-108_01968.jpg,4098,RipVIS-108,0,2,1
RipVIS-026_00051.jpg,4099,RipVIS-026,0,2,1
RipVIS-146_00150.jpg,4100,RipVIS-146,0,1,1
RipVIS-026_00018.jpg,4101,RipVIS-026,0,2,1
RipVIS-079_01074.jpg,4102,RipVIS-079,0,2,1
RipVIS-NR-019_00648.jpg,4103,RipVIS-NR-019,1,0,0
RipVIS-026_00096.jpg,4104,RipVIS-026,0,2,1
RipVIS-066_00260.jpg,4105,RipVIS-066,0,1,1
RipVIS-066_00195.jpg,4106,RipVIS-066,0,1,1
RipVIS-108_01134.jpg,4107,RipVIS-108,0,2,1
RipVIS-129_00090.jpg,4108,RipVIS-129,0,1,1
RipVIS-007_00002.jpg,4109,RipVIS-007,0,2,1
RipVIS-108_01998.jpg,4110,RipVIS-108,0,2,1
RipVIS-146_00000.jpg,4111,RipVIS-146,0,1,1
RipVIS-079_01932.jpg,4112,RipVIS-079,0,2,1
RipVIS-NR-024_00522.jpg,4113,RipVIS-NR-024,1,0,0
RipVIS-079_00204.jpg,4114,RipVIS-079,0,2,1
RipVIS-108_00990.jpg,4115,RipVIS-108,0,2,1
RipVIS-NR-020_00654.jpg,4116,RipVIS-NR-020,1,0,0
RipVIS-079_01830.jpg,4117,RipVIS-079,0,2,1
RipVIS-128_00480.jpg,4118,RipVIS-128,0,1,1
RipVIS-NR-020_01164.jpg,4119,RipVIS-NR-020,1,0,0
RipVIS-001_00101.jpg,4120,RipVIS-001,0,1,1
RipVIS-079_01992.jpg,4121,RipVIS-079,0,2,1
RipVIS-NR-020_00768.jpg,4122,RipVIS-NR-020,1,0,0
RipVIS-NR-019_00510.jpg,4123,RipVIS-NR-019,1,0,0
RipVIS-066_00120.jpg,4124,RipVIS-066,0,1,1
RipVIS-NR-020_02322.jpg,4125,RipVIS-NR-020,1,0,0
RipVIS-102_00306.jpg,4126,RipVIS-102,0,2,1
RipVIS-079_00738.jpg,4127,RipVIS-079,0,2,1
RipVIS-053_00318.jpg,4128,RipVIS-053,0,1,1
RipVIS-NR-020_01098.jpg,4129,RipVIS-NR-020,1,0,0
RipVIS-079_02124.jpg,4130,RipVIS-079,0,2,1
RipVIS-026_00239.jpg,4131,RipVIS-026,0,2,1
RipVIS-046_00432.jpg,4132,RipVIS-046,0,2,1
RipVIS-007_00023.jpg,4133,RipVIS-007,0,2,1
RipVIS-079_00444.jpg,4134,RipVIS-079,0,2,1
RipVIS-NR-022_01560.jpg,4135,RipVIS-NR-022,1,0,0
RipVIS-129_01170.jpg,4136,RipVIS-129,0,1,1
RipVIS-079_00702.jpg,4137,RipVIS-079,0,2,1
RipVIS-014_00067.jpg,4138,RipVIS-014,0,1,1
RipVIS-026_00164.jpg,4139,RipVIS-026,0,2,1
RipVIS-NR-019_00714.jpg,4140,RipVIS-NR-019,1,0,0
RipVIS-001_00149.jpg,4141,RipVIS-001,0,1,1
RipVIS-NR-020_02358.jpg,4142,RipVIS-NR-020,1,0,0
RipVIS-053_00000.jpg,4143,RipVIS-053,0,1,1
RipVIS-079_00498.jpg,4144,RipVIS-079,0,2,1
RipVIS-026_00002.jpg,4145,RipVIS-026,0,2,1
RipVIS-NR-020_00006.jpg,4146,RipVIS-NR-020,1,0,0
RipVIS-NR-022_00366.jpg,4147,RipVIS-NR-022,1,0,0
RipVIS-014_00008.jpg,4148,RipVIS-014,0,1,1
RipVIS-NR-024_01572.jpg,4149,RipVIS-NR-024,1,0,0
RipVIS-102_00210.jpg,4150,RipVIS-102,0,2,1
RipVIS-NR-024_01344.jpg,4151,RipVIS-NR-024,1,0,0
RipVIS-108_00024.jpg,4152,RipVIS-108,0,2,1
RipVIS-001_00028.jpg,4153,RipVIS-001,0,1,1
RipVIS-014_00153.jpg,4154,RipVIS-014,0,1,1
RipVIS-001_00137.jpg,4155,RipVIS-001,0,1,1
RipVIS-001_00162.jpg,4156,RipVIS-001,0,1,1
RipVIS-128_00390.jpg,4157,RipVIS-128,0,1,1
RipVIS-053_00150.jpg,4158,RipVIS-053,0,1,1
RipVIS-026_00090.jpg,4159,RipVIS-026,0,2,1
RipVIS-NR-020_02016.jpg,4160,RipVIS-NR-020,1,0,0
RipVIS-026_00014.jpg,4161,RipVIS-026,0,2,1
RipVIS-121_00210.jpg,4162,RipVIS-121,0,1,1
RipVIS-044_00114.jpg,4163,RipVIS-044,0,1,1
RipVIS-046_00168.jpg,4164,RipVIS-046,0,1,1
RipVIS-108_01260.jpg,4165,RipVIS-108,0,2,1
RipVIS-046_00798.jpg,4166,RipVIS-046,0,2,1
RipVIS-143_00960.jpg,4167,RipVIS-143,0,2,1
RipVIS-014_00098.jpg,4168,RipVIS-014,0,1,1
RipVIS-014_00089.jpg,4169,RipVIS-014,0,1,1
RipVIS-108_01494.jpg,4170,RipVIS-108,0,2,1
RipVIS-102_00468.jpg,4171,RipVIS-102,0,2,1
RipVIS-NR-020_00114.jpg,4172,RipVIS-NR-020,1,0,0
RipVIS-026_00179.jpg,4173,RipVIS-026,0,2,1
RipVIS-108_00648.jpg,4174,RipVIS-108,0,2,1
RipVIS-133_00000.jpg,4175,RipVIS-133,0,2,1
RipVIS-012_00049.jpg,4176,RipVIS-012,0,1,1
RipVIS-044_00036.jpg,4177,RipVIS-044,0,1,1
RipVIS-NR-022_01218.jpg,4178,RipVIS-NR-022,1,0,0
RipVIS-066_00570.jpg,4179,RipVIS-066,0,1,1
RipVIS-NR-024_01080.jpg,4180,RipVIS-NR-024,1,0,0
RipVIS-026_00004.jpg,4181,RipVIS-026,0,2,1
RipVIS-079_00168.jpg,4182,RipVIS-079,0,2,1
RipVIS-053_00540.jpg,4183,RipVIS-053,0,1,1
RipVIS-026_00170.jpg,4184,RipVIS-026,0,2,1
RipVIS-134_00660.jpg,4185,RipVIS-134,0,2,1
RipVIS-108_01872.jpg,4186,RipVIS-108,0,2,1
RipVIS-014_00074.jpg,4187,RipVIS-014,0,1,1
RipVIS-026_00124.jpg,4188,RipVIS-026,0,2,1
RipVIS-039_00035.jpg,4189,RipVIS-039,0,2,1
RipVIS-NR-024_01494.jpg,4190,RipVIS-NR-024,1,0,0
RipVIS-NR-022_01110.jpg,4191,RipVIS-NR-022,1,0,0
RipVIS-046_00006.jpg,4192,RipVIS-046,0,1,1
RipVIS-NR-022_01062.jpg,4193,RipVIS-NR-022,1,0,0
RipVIS-026_00056.jpg,4194,RipVIS-026,0,2,1
RipVIS-109_00372.jpg,4195,RipVIS-109,0,2,1
RipVIS-NR-019_00738.jpg,4196,RipVIS-NR-019,1,0,0
RipVIS-NR-020_01212.jpg,4197,RipVIS-NR-020,1,0,0
RipVIS-001_00174.jpg,4198,RipVIS-001,0,1,1
RipVIS-NR-020_01650.jpg,4199,RipVIS-NR-020,1,0,0
RipVIS-NR-024_00960.jpg,4200,RipVIS-NR-024,1,0,0
RipVIS-NR-020_01980.jpg,4201,RipVIS-NR-020,1,0,0
RipVIS-NR-022_01818.jpg,4202,RipVIS-NR-022,1,0,0
RipVIS-012_00050.jpg,4203,RipVIS-012,0,1,1
RipVIS-102_00696.jpg,4204,RipVIS-102,0,2,1
RipVIS-108_00534.jpg,4205,RipVIS-108,0,2,1
RipVIS-102_00048.jpg,4206,RipVIS-102,0,2,1
RipVIS-NR-022_01800.jpg,4207,RipVIS-NR-022,1,0,0
RipVIS-053_00366.jpg,4208,RipVIS-053,0,1,1
RipVIS-NR-024_00060.jpg,4209,RipVIS-NR-024,1,0,0
RipVIS-066_00085.jpg,4210,RipVIS-066,0,1,1
RipVIS-026_00219.jpg,4211,RipVIS-026,0,2,1
RipVIS-108_00174.jpg,4212,RipVIS-108,0,2,1
RipVIS-039_00016.jpg,4213,RipVIS-039,0,2,1
RipVIS-007_00039.jpg,4214,RipVIS-007,0,2,1
RipVIS-026_00217.jpg,4215,RipVIS-026,0,2,1
RipVIS-146_00330.jpg,4216,RipVIS-146,0,1,1
RipVIS-109_00636.jpg,4217,RipVIS-109,0,2,1
RipVIS-129_01050.jpg,4218,RipVIS-129,0,1,1
RipVIS-NR-020_02304.jpg,4219,RipVIS-NR-020,1,0,0
RipVIS-108_00732.jpg,4220,RipVIS-108,0,2,1
RipVIS-NR-022_01278.jpg,4221,RipVIS-NR-022,1,0,0
RipVIS-026_00103.jpg,4222,RipVIS-026,0,2,1
RipVIS-024_00053.jpg,4223,RipVIS-024,0,1,1
RipVIS-046_01002.jpg,4224,RipVIS-046,0,3,1
RipVIS-001_00070.jpg,4225,RipVIS-001,0,1,1
RipVIS-NR-004_00078.jpg,4226,RipVIS-NR-004,1,0,0
RipVIS-NR-024_00276.jpg,4227,RipVIS-NR-024,1,0,0
RipVIS-NR-022_00732.jpg,4228,RipVIS-NR-022,1,0,0
RipVIS-108_01686.jpg,4229,RipVIS-108,0,2,1
RipVIS-014_00097.jpg,4230,RipVIS-014,0,1,1
RipVIS-NR-026_00708.jpg,4231,RipVIS-NR-026,1,0,0
RipVIS-001_00102.jpg,4232,RipVIS-001,0,1,1
RipVIS-NR-026_00918.jpg,4233,RipVIS-NR-026,1,0,0
RipVIS-102_00426.jpg,4234,RipVIS-102,0,2,1
RipVIS-001_00176.jpg,4235,RipVIS-001,0,1,1
RipVIS-NR-020_01134.jpg,4236,RipVIS-NR-020,1,0,0
RipVIS-143_01428.jpg,4237,RipVIS-143,0,3,1
RipVIS-NR-020_00774.jpg,4238,RipVIS-NR-020,1,0,0
RipVIS-129_01410.jpg,4239,RipVIS-129,0,1,1
RipVIS-NR-004_00360.jpg,4240,RipVIS-NR-004,1,0,0
RipVIS-053_00552.jpg,4241,RipVIS-053,0,1,1
RipVIS-NR-020_01920.jpg,4242,RipVIS-NR-020,1,0,0
RipVIS-129_01920.jpg,4243,RipVIS-129,0,1,1
RipVIS-001_00093.jpg,4244,RipVIS-001,0,1,1
RipVIS-026_00081.jpg,4245,RipVIS-026,0,2,1
RipVIS-128_00210.jpg,4246,RipVIS-128,0,1,1
RipVIS-NR-019_00378.jpg,4247,RipVIS-NR-019,1,0,0
RipVIS-079_00468.jpg,4248,RipVIS-079,0,2,1
RipVIS-NR-026_00396.jpg,4249,RipVIS-NR-026,1,0,0
RipVIS-NR-024_00648.jpg,4250,RipVIS-NR-024,1,0,0
RipVIS-NR-026_00030.jpg,4251,RipVIS-NR-026,1,0,0
RipVIS-079_00912.jpg,4252,RipVIS-079,0,2,1
RipVIS-090_00276.jpg,4253,RipVIS-090,0,3,1
RipVIS-147_00050.jpg,4254,RipVIS-147,0,1,1
RipVIS-129_00690.jpg,4255,RipVIS-129,0,1,1
RipVIS-046_00576.jpg,4256,RipVIS-046,0,2,1
RipVIS-NR-022_00324.jpg,4257,RipVIS-NR-022,1,0,0
RipVIS-044_00648.jpg,4258,RipVIS-044,0,1,1
RipVIS-NR-020_01368.jpg,4259,RipVIS-NR-020,1,0,0
RipVIS-044_00588.jpg,4260,RipVIS-044,0,1,1
RipVIS-046_00060.jpg,4261,RipVIS-046,0,1,1
RipVIS-NR-026_01194.jpg,4262,RipVIS-NR-026,1,0,0
RipVIS-001_00050.jpg,4263,RipVIS-001,0,1,1
RipVIS-NR-022_00336.jpg,4264,RipVIS-NR-022,1,0,0
RipVIS-001_00099.jpg,4265,RipVIS-001,0,1,1
RipVIS-NR-022_01416.jpg,4266,RipVIS-NR-022,1,0,0
RipVIS-NR-026_00132.jpg,4267,RipVIS-NR-026,1,0,0
RipVIS-007_00013.jpg,4268,RipVIS-007,0,2,1
RipVIS-079_02226.jpg,4269,RipVIS-079,0,2,1
RipVIS-NR-022_01434.jpg,4270,RipVIS-NR-022,1,0,0
RipVIS-NR-024_01668.jpg,4271,RipVIS-NR-024,1,0,0
RipVIS-026_00241.jpg,4272,RipVIS-026,0,2,1
RipVIS-143_01164.jpg,4273,RipVIS-143,0,2,1
RipVIS-NR-020_01392.jpg,4274,RipVIS-NR-020,1,0,0
RipVIS-NR-020_01896.jpg,4275,RipVIS-NR-020,1,0,0
RipVIS-NR-020_02406.jpg,4276,RipVIS-NR-020,1,0,0
RipVIS-143_01020.jpg,4277,RipVIS-143,0,2,1
RipVIS-109_00546.jpg,4278,RipVIS-109,0,2,1
RipVIS-066_00255.jpg,4279,RipVIS-066,0,1,1
RipVIS-001_00146.jpg,4280,RipVIS-001,0,1,1
RipVIS-014_00139.jpg,4281,RipVIS-014,0,1,1
RipVIS-NR-026_00108.jpg,4282,RipVIS-NR-026,1,0,0
RipVIS-108_01890.jpg,4283,RipVIS-108,0,2,1
RipVIS-NR-004_00084.jpg,4284,RipVIS-NR-004,1,0,0
RipVIS-NR-020_00198.jpg,4285,RipVIS-NR-020,1,0,0
RipVIS-079_02172.jpg,4286,RipVIS-079,0,2,1
RipVIS-001_00094.jpg,4287,RipVIS-001,0,1,1
RipVIS-109_00618.jpg,4288,RipVIS-109,0,2,1
RipVIS-129_00750.jpg,4289,RipVIS-129,0,1,1
RipVIS-129_00210.jpg,4290,RipVIS-129,0,1,1
RipVIS-046_00810.jpg,4291,RipVIS-046,0,2,1
RipVIS-044_00336.jpg,4292,RipVIS-044,0,1,1
RipVIS-NR-024_01758.jpg,4293,RipVIS-NR-024,1,0,0
RipVIS-014_00172.jpg,4294,RipVIS-014,0,1,1
RipVIS-NR-020_02226.jpg,4295,RipVIS-NR-020,1,0,0
RipVIS-067_00078.jpg,4296,RipVIS-067,0,2,1
RipVIS-109_00564.jpg,4297,RipVIS-109,0,2,1
RipVIS-026_00032.jpg,4298,RipVIS-026,0,2,1
RipVIS-NR-022_00174.jpg,4299,RipVIS-NR-022,1,0,0
RipVIS-NR-019_00252.jpg,4300,RipVIS-NR-019,1,0,0
RipVIS-066_00055.jpg,4301,RipVIS-066,0,1,1
RipVIS-NR-020_00264.jpg,4302,RipVIS-NR-020,1,0,0
RipVIS-108_01158.jpg,4303,RipVIS-108,0,2,1
RipVIS-079_00858.jpg,4304,RipVIS-079,0,2,1
RipVIS-108_01044.jpg,4305,RipVIS-108,0,2,1
RipVIS-NR-026_00504.jpg,4306,RipVIS-NR-026,1,0,0
RipVIS-079_00654.jpg,4307,RipVIS-079,0,2,1
RipVIS-108_00012.jpg,4308,RipVIS-108,0,2,1
RipVIS-NR-024_00006.jpg,4309,RipVIS-NR-024,1,0,0
RipVIS-012_00101.jpg,4310,RipVIS-012,0,1,1
RipVIS-NR-020_01362.jpg,4311,RipVIS-NR-020,1,0,0
RipVIS-108_00642.jpg,4312,RipVIS-108,0,2,1
RipVIS-NR-022_00756.jpg,4313,RipVIS-NR-022,1,0,0
RipVIS-NR-024_00744.jpg,4314,RipVIS-NR-024,1,0,0
RipVIS-102_00540.jpg,4315,RipVIS-102,0,2,1
RipVIS-NR-004_00276.jpg,4316,RipVIS-NR-004,1,0,0
RipVIS-108_01302.jpg,4317,RipVIS-108,0,2,1
RipVIS-067_00090.jpg,4318,RipVIS-067,0,2,1
RipVIS-026_00063.jpg,4319,RipVIS-026,0,2,1
RipVIS-012_00034.jpg,4320,RipVIS-012,0,1,1
RipVIS-066_00550.jpg,4321,RipVIS-066,0,1,1
RipVIS-108_00186.jpg,4322,RipVIS-108,0,2,1
RipVIS-129_00450.jpg,4323,RipVIS-129,0,1,1
RipVIS-NR-020_02424.jpg,4324,RipVIS-NR-020,1,0,0
RipVIS-NR-024_00228.jpg,4325,RipVIS-NR-024,1,0,0
RipVIS-108_01932.jpg,4326,RipVIS-108,0,2,1
RipVIS-NR-020_00288.jpg,4327,RipVIS-NR-020,1,0,0
RipVIS-001_00105.jpg,4328,RipVIS-001,0,1,1
RipVIS-053_00372.jpg,4329,RipVIS-053,0,1,1
RipVIS-079_01380.jpg,4330,RipVIS-079,0,2,1
RipVIS-079_00336.jpg,4331,RipVIS-079,0,2,1
RipVIS-143_00936.jpg,4332,RipVIS-143,0,2,1
RipVIS-NR-022_00972.jpg,4333,RipVIS-NR-022,1,0,0
RipVIS-079_00522.jpg,4334,RipVIS-079,0,2,1
RipVIS-NR-020_02298.jpg,4335,RipVIS-NR-020,1,0,0
RipVIS-108_01620.jpg,4336,RipVIS-108,0,2,1
RipVIS-079_00324.jpg,4337,RipVIS-079,0,2,1
RipVIS-079_01092.jpg,4338,RipVIS-079,0,2,1
RipVIS-066_00090.jpg,4339,RipVIS-066,0,1,1
RipVIS-108_01470.jpg,4340,RipVIS-108,0,2,1
RipVIS-NR-022_00246.jpg,4341,RipVIS-NR-022,1,0,0
RipVIS-NR-020_01566.jpg,4342,RipVIS-NR-020,1,0,0
RipVIS-102_00408.jpg,4343,RipVIS-102,0,2,1
RipVIS-014_00048.jpg,4344,RipVIS-014,0,1,1
RipVIS-079_01422.jpg,4345,RipVIS-079,0,2,1
RipVIS-007_00035.jpg,4346,RipVIS-007,0,2,1
RipVIS-044_00330.jpg,4347,RipVIS-044,0,1,1
RipVIS-039_00014.jpg,4348,RipVIS-039,0,2,1
RipVIS-102_00216.jpg,4349,RipVIS-102,0,2,1
