image,miou,iou,dice,recall,precision,f2,biou,aacc,macc
RipVIS-001_00003.jpg,0.8834981952090049,0.7946676887898928,0.8855875589154009,0.8291233421920248,0.9503043353023601,0.8508223913387886,0.01727447216559031,0.9750054253461643,0.9116983091079754
RipVIS-001_00004.jpg,0.8960952910896948,0.8158017765234614,0.8985581874310063,0.8651977311405221,0.9345944556221926,0.8782401778021146,0.011249030253830675,0.9786241319433826,0.9288791242579877
RipVIS-001_00005.jpg,0.8983274054457078,0.819595982429574,0.9008549044334854,0.8839872768016831,0.9183787664338524,0.8906579567096021,0.02055857253286296,0.9792241753461597,0.9372979215791144
RipVIS-001_00006.jpg,0.8874688741175514,0.79980021322627,0.8887655500302127,0.8619518860413447,0.9173010189929244,0.8724808305269798,0.019385796541384684,0.977383897568384,0.926426223991131
RipVIS-001_00007.jpg,0.8625407784309613,0.7546951464615543,0.8602008707705624,0.8083997772860568,0.9190951652861756,0.8283530678148547,0.01972775695014248,0.9728591579850555,0.9001014238423963
RipVIS-001_00008.jpg,0.8535172099729014,0.7376448129855703,0.8490167926990448,0.7790827919397161,0.9327441313835253,0.8056267677413946,0.021490259083854133,0.9718153211795011,0.8863609026726942
RipVIS-001_00009.jpg,0.8581569622847793,0.745629102501425,0.8542812461512754,0.7881273505296749,0.9325584071695687,0.8133201287447388,0.02244978337486219,0.9730045572906109,0.8908829952717647
RipVIS-001_00010.jpg,0.868791646769975,0.7641312882713278,0.8662975293863757,0.8042091344740874,0.9387749851961674,0.8279449866822759,0.03191072826313415,0.9755544704850525,0.8992400136795244
RipVIS-001_00011.jpg,0.8745757406082073,0.7746140508390126,0.8729943848610755,0.8282609423944486,0.9228357038747299,0.8455926788275725,0.019629425789831328,0.9765863715267181,0.9104041908548749
RipVIS-001_00012.jpg,0.887625601699609,0.7975863138776511,0.8873969585996048,0.8505191100872731,0.9276177440312622,0.8648962212708688,0.025227230564788122,0.9794715711794928,0.9217719358812209
RipVIS-001_00013.jpg,0.8845704853442595,0.7920064377597424,0.8839325809006141,0.8604350258677155,0.9087495537086345,0.8696825243473405,0.021844225600385993,0.9789659288183822,0.9257835014569998
RipVIS-001_00014.jpg,0.9003777318871052,0.8204553294150951,0.9013737565081633,0.9000094598323243,0.9027421956435295,0.9005546826193136,0.040400296508450645,0.9819270833322679,0.9451064703508227
RipVIS-001_00015.jpg,0.8931918386980411,0.8080072315159083,0.8938097341993941,0.9068420431649542,0.8811466953889051,0.901583779396794,0.03674585540305147,0.9801801215267142,0.9472256174974254
RipVIS-001_00016.jpg,0.8973949802191814,0.8151135776887034,0.8981405766647815,0.9088467027125471,0.8876837481594415,0.9045337687355433,0.028985507241315607,0.9813476562489352,0.9487034448402755
RipVIS-001_00017.jpg,0.8997064405488229,0.8192542635737683,0.9006484469789438,0.9119407101717062,0.8896324200274969,0.9073899948929184,0.03383856185515711,0.9817957899294902,0.9503429071692802
RipVIS-001_00018.jpg,0.9115505449603954,0.840018323194047,0.9130543023461611,0.9327353703656912,0.8941866273293431,0.9247619984748223,0.033928893695374676,0.9844628906239318,0.9610781048884856
RipVIS-001_00019.jpg,0.908308496584552,0.8340629981271855,0.9095249170599605,0.9217561750105853,0.8976140138822397,0.9168244065320346,0.026554856738896775,0.9839605034711546,0.9558394010947102
RipVIS-001_00020.jpg,0.9166491769991232,0.8488653156513253,0.9182554385821055,0.9470011629717817,0.8912034252893561,0.9352895737301015,0.0241581259106592,0.9856846788183748,0.968137465447299
RipVIS-001_00021.jpg,0.903840980278307,0.825700615164893,0.9045301385192529,0.9419592961175116,0.8699618311343837,0.9266219719865609,0.022443035802219798,0.983398437498933,0.9645663711424166
RipVIS-001_00022.jpg,0.8418344464564249,0.7164640030809287,0.8348138985669697,0.9370997315918114,0.7526599434314855,0.8933181001790993,0.015182995043122424,0.9697146267350589,0.954857345785595
RipVIS-001_00023.jpg,0.8859603577701041,0.7931998083720009,0.8846753213654714,0.947658890208388,0.8295420657637262,0.9214190884783858,0.018165784829247657,0.980326605901714,0.965405883180708
RipVIS-001_00024.jpg,0.8721102708794812,0.7684731269360859,0.869080920972184,0.9430800505337197,0.805849627933548,0.9120180225175204,0.015892002731392345,0.9775542534711615,0.9617956343879086
RipVIS-001_00025.jpg,0.8350030979895515,0.7037635127418023,0.8261281656504806,0.9521569718765356,0.7295622967347704,0.8973965505934816,0.018784530383775134,0.9687489149295044,0.9611545091918687
RipVIS-001_00026.jpg,0.8021963779218108,0.6467346241950277,0.7854752243533721,0.9431009957191594,0.6729939603037812,0.8730231884439645,0.019987208183564566,0.960704210068402,0.9526294359536933
RipVIS-001_00027.jpg,0.8772261981538931,0.7764931649556198,0.8741864931127028,0.9573815504913628,0.8042944785177388,0.9222729984354423,0.0244525547400634,0.9795269097211594,0.9693428665979098
RipVIS-001_00028.jpg,0.8992872503895555,0.8157495897789778,0.8985265307186713,0.973759755973599,0.8340846801973044,0.9422036399409739,0.0450804339608903,0.9840386284711544,0.9793013550113943
RipVIS-001_00029.jpg,0.954494564259728,0.9155375022346134,0.9559066331685728,0.9798042989897369,0.9331469514195098,0.9701032663420336,0.07768361580092192,0.9938856336794771,0.9873557723790973
RipVIS-001_00030.jpg,0.9215581500092569,0.8548689809187114,0.9217567275240078,0.9931756520415923,0.8599201602435557,0.9633199334850906,0.06476010397902147,0.9890082465267046,0.9909466402569037
RipVIS-001_00031.jpg,0.9001427483127156,0.8152326213031479,0.8982128370058663,0.9854138222873786,0.8251903094036703,0.9485776077191815,0.04427141267090736,0.9859776475683746,0.985714620665809
RipVIS-001_00032.jpg,0.8835908276766478,0.7839421906878367,0.8788874379226057,0.9922808203554901,0.7887523699925542,0.9435845963158891,0.047565374200278315,0.9842003038183765,0.9879928301523961
RipVIS-001_00033.jpg,0.8808102498525591,0.7781893636523488,0.8752603964000445,0.9591368923396518,0.8048741713303837,0.9237284115498436,0.04980919862426005,0.9843413628461541,0.972504793880046
RipVIS-001_00034.jpg,0.9138453201283421,0.838776974801162,0.9123205111831075,0.9683616254461866,0.8624109823961834,0.9451388079181257,0.07652091252934388,0.989518229165593,0.9795711825162804
RipVIS-001_00035.jpg,0.9019629533135427,0.8170762887785312,0.8993307477781062,0.9877141808297233,0.8254657582766868,0.9503550053901342,0.03287981858664857,0.9875792100683728,0.9876426791422452
RipVIS-001_00036.jpg,0.8669334118499479,0.7528310071840593,0.8589886921198294,0.9873844885913519,0.7601425852526941,0.9316800082937774,0.015883520843617136,0.9820713975683788,0.9845724220053016
RipVIS-001_00037.jpg,0.8406743713945356,0.705380882032702,0.8272414561044384,0.9673386707636281,0.7225905003354481,0.9059667837474524,0.008828596035997288,0.9772753906239395,0.972603127842434
RipVIS-001_00038.jpg,0.7237821141717626,0.5084950778745697,0.674175322588425,0.9997987596092315,0.5085471278439226,0.8379151628146589,0.008965259617301968,0.9426822916656438,0.9694399126443316
RipVIS-001_00039.jpg,0.74895698122394,0.5503554385007193,0.7099732420495055,0.9999999999820102,0.5503554385007193,0.8595484768826349,0.0027942717424390023,0.9507215711795239,0.9737792619645854
RipVIS-001_00040.jpg,0.8087792008143351,0.6528295010574006,0.7899538344877699,0.9411870946401578,0.6805936479586752,0.8742393509127789,0.01638760241959608,0.9669227430545063,0.9549654793047142
RipVIS-001_00041.jpg,0.8400395551576517,0.7093557397023459,0.8299685351931103,0.8993663754496194,0.7705133830530871,0.8702596619212547,0.014037057830051084,0.9726757812489446,0.938956717690964
RipVIS-001_00042.jpg,0.803037949870203,0.6447243422037175,0.7839907584025544,0.8887466525280489,0.7013259950687227,0.843655369693719,0.00974251913539622,0.9638845486100652,0.9293066352304893
RipVIS-001_00043.jpg,0.771372420842196,0.5888655158841298,0.7412402245465733,0.8583130429425812,0.6522712476082253,0.8073098530621707,0.010592858361422713,0.9567371961795175,0.9113543868986584
RipVIS-001_00044.jpg,0.7926626191343414,0.6253789519204702,0.7695177191528809,0.8761205575731322,0.6860427826459915,0.8301212126438269,0.009956125546750568,0.9624565972211779,0.9226145419215668
RipVIS-001_00045.jpg,0.7840415383732083,0.6090647814673112,0.7570419643538566,0.9000829929390883,0.6532306638402652,0.8368358463675233,0.019424460428161067,0.96147786458229,0.9329735233619978
RipVIS-001_00046.jpg,0.7952568892085838,0.6276542867308476,0.77123783821624,0.9015873542838377,0.6738186240361137,0.8444949733738117,0.025921658981197835,0.9650477430545084,0.9355360770744863
RipVIS-001_00047.jpg,0.750227514306416,0.5509298177213733,0.7104509971067543,0.8757455268246953,0.597646823316048,0.8011837142388598,0.02509953262504768,0.9524685329850776,0.9168436015790802
RipVIS-001_00048.jpg,0.710987399365501,0.4874826398238959,0.655446492984428,0.8321146533946197,0.5406581316209177,0.7511311085419539,0.016252390054771765,0.9383344184017596,0.8892519862908221
RipVIS-001_00049.jpg,0.711921424608529,0.49054523645295955,0.658209123019046,0.8746088405819098,0.5276544474752614,0.772958474623381,0.015689512796748222,0.9373231336795385,0.908290088239502
RipVIS-001_00050.jpg,0.7872514291184964,0.6156158429050138,0.7620819585404466,0.8848239956347063,0.6692448749216048,0.8312697837945172,0.02336011959944681,0.9614268663184012,0.9260003116790587
RipVIS-001_00051.jpg,0.7790585531453342,0.603455447446931,0.7526937507465774,0.9121607115333207,0.6406867655384939,0.8408990022082046,0.014215998299551029,0.957587890623961,0.9366038322195842
RipVIS-001_00052.jpg,0.7805530120820906,0.6078375844634211,0.7560932650623077,0.919614100391224,0.6419458968818834,0.8463940039216006,0.01809764309383467,0.9564246961795178,0.939478305145783
RipVIS-001_00053.jpg,0.7656137751867682,0.583522690379578,0.7369931532079338,0.9221298861052907,0.6137667303955422,0.8379325775656324,0.024506988316196247,0.95127495659619,0.9378675295004192
RipVIS-001_00054.jpg,0.7782038734495695,0.6052487698138681,0.7540871934560621,0.9130546074955482,0.6422655249615651,0.8420503189524928,0.01473759884709964,0.9545616319434087,0.9355224639765132
RipVIS-001_00055.jpg,0.7878449314274366,0.6171200564754644,0.7632334457844596,0.853602237236382,0.6901671312442107,0.81500286788785,0.02604166666198964,0.9611631944434015,0.9116386569804427
RipVIS-001_00056.jpg,0.7335214565396005,0.5272494180923839,0.690456204266814,0.8842347631038833,0.5663430736721,0.7949884293532502,0.006111810173267695,0.9435818142350872,0.9161816254525161
RipVIS-001_00057.jpg,0.7457178547621539,0.5503061106570023,0.7099321958084636,0.9733756640214162,0.5587160680888187,0.8475685026180303,0.010325345799663871,0.9450857204850857,0.9581817234334418
RipVIS-001_00058.jpg,0.7698562598358225,0.5897068789375702,0.7419064316205034,0.93371518383331,0.6154727394019359,0.8462056818212946,0.018833755882138037,0.9533572048600767,0.9442958657219327
RipVIS-001_00059.jpg,0.7401613256907584,0.5357464050466039,0.6977016560626049,0.889804375045938,0.5738182044105128,0.8015283741709973,0.01682607155210307,0.9479079861100825,0.9209610840218134
RipVIS-001_00060.jpg,0.7331298815252734,0.520234813675138,0.684413761604999,0.893214604973037,0.5547366587498669,0.7960687883919588,0.011739385636521348,0.9490093315961925,0.9229528275041561
RipVIS-001_00061.jpg,0.7566390012514232,0.555242233161615,0.7140266915628651,0.8349196527537367,0.6237152645518556,0.7819616024434809,0.029953405806533523,0.9601247829850693,0.9014914607943166
RipVIS-001_00062.jpg,0.7418552535653904,0.5300593894287957,0.6928611962267404,0.8279416285270078,0.5956754787599439,0.768046217641612,0.010338536385497964,0.9559537760406294,0.8960335893556117
RipVIS-001_00063.jpg,0.7602952502853115,0.5631404531286649,0.720524444238552,0.8823442764654978,0.6088608238176396,0.8096131103226897,0.014009471189027333,0.9596625434017365,0.9234243056181507
RipVIS-001_00064.jpg,0.7726995018395194,0.5815585066322706,0.7354245880800528,0.8267684058413775,0.662256528846172,0.7876368572398149,0.03341533414649132,0.96557074652673,0.9004330281005747
RipVIS-001_00065.jpg,0.7590187439156326,0.556700627463158,0.7152314550940634,0.8201998846661503,0.6340821966563538,0.7747202474747842,0.018388625588931066,0.9631271701378438,0.8959394952149756
RipVIS-001_00066.jpg,0.8166110066877961,0.6604061710505301,0.7954754475920728,0.8261591472955998,0.7669893257182425,0.8136059301769488,0.01318228630006544,0.9741807725683874,0.9049590915246538
RipVIS-001_00067.jpg,0.6724883630772744,0.4079397016979343,0.5794846202660112,0.7249422982192867,0.4826435246935204,0.6587959811021022,0.02396780965290976,0.9396549479156471,0.8388306436425699
RipVIS-001_00068.jpg,0.5961386144015904,0.27397518985056285,0.43011071492326336,0.662428801445302,0.3184338824797427,0.5447362388040823,0.012260665097033814,0.9207454427073343,0.7976941715379589
RipVIS-001_00069.jpg,0.6620574117381726,0.3805876413026059,0.5513415156223122,0.720520352480055,0.44650235487233814,0.641751870893793,0.007440733689662444,0.9454210069434186,0.8384599381621286
RipVIS-001_00070.jpg,0.7197964771327803,0.4844188950098271,0.652671421306073,0.8268253157629404,0.5391173447893365,0.7470865509978939,0.019075144504995156,0.956985677082295,0.8952500367958292
RipVIS-001_00071.jpg,0.7604977312824825,0.5560732256181306,0.7147134420968363,0.821787212388844,0.6323253728807184,0.7753255007935144,0.020420301344087965,0.9663986545128402,0.8979961613232226
RipVIS-001_00072.jpg,0.7811965287156759,0.6006962721849943,0.7505437260312069,0.9927046263148931,0.6033598096516017,0.8792319087760341,0.015845410624957406,0.963783637151732,0.977404412993867
RipVIS-001_00073.jpg,0.8180481145806351,0.666263649544808,0.7997097574886408,0.9288679914668405,0.7020854288110765,0.8725021249645839,0.018262900824323018,0.9715462239572791,0.951597094988555
RipVIS-001_00074.jpg,0.8195229616614065,0.670904207691186,0.8030432918931059,0.9008655233066057,0.7243845856331437,0.859009628610729,0.01849927249667444,0.9700846354156141,0.9379881904768879
RipVIS-001_00075.jpg,0.7360959074312362,0.5270925699950696,0.6903217006638587,0.8688444182710606,0.5726570329359945,0.787393874738854,0.005138557532549356,0.9482649739573044,0.9113774969193086
RipVIS-001_00076.jpg,0.7572651181748804,0.554808237287552,0.713667735971666,0.7994664052996576,0.6445000438848726,0.7627849469068845,0.00892857142641685,0.9616471354156232,0.88571303881814
RipVIS-001_00077.jpg,0.7743064400739359,0.5849852273094847,0.7381585862506721,0.7726358494649802,0.7066268375016646,0.7584655522142233,0.02082834569767097,0.965401475693397,0.87551217231916
RipVIS-001_00078.jpg,0.7409550270489932,0.5260313501023888,0.689410935190938,0.7351046561172985,0.6490653712015289,0.7161190879643655,0.00729411764534256,0.9579383680545162,0.8540766741462007
RipVIS-001_00079.jpg,0.7010620795807002,0.4597785741663491,0.6299291992676623,0.7737610166614536,0.5311883872174292,0.709006039553152,0.0059209135111184365,0.9450423177073078,0.8649117571392022
RipVIS-001_00080.jpg,0.7091659052447955,0.4721549906814621,0.6414473933385247,0.7764632513293263,0.5464308764612569,0.7161660113823229,0.0052643123480446774,0.9486490885406373,0.8679693894947094
RipVIS-001_00081.jpg,0.6969776845319078,0.4529084994882889,0.623450822467901,0.8057606673655043,0.5084173088262192,0.7213819043069284,0.0037984806069975047,0.9437901475684204,0.8790053346898308
RipVIS-001_00082.jpg,0.6983699092845267,0.45398959236281455,0.6244743356450798,0.7835491355290856,0.5190896469590554,0.7110933000054339,0.015849218244624284,0.9453515624989742,0.8694306572225692
RipVIS-001_00083.jpg,0.6921286420568642,0.4426540387026435,0.6136662385123399,0.7741978280087524,0.5082744375807751,0.7008612998421522,0.0057010135123097515,0.9441916232628643,0.8643564433217541
RipVIS-001_00084.jpg,0.7177262385827692,0.4876229040538751,0.6555732675600369,0.8028916106307599,0.5539347116083977,0.7366743613055425,0.01283129995523111,0.9502973090267466,0.8812084032475033
RipVIS-001_00085.jpg,0.7669923029401811,0.5762356867417431,0.7311542196242076,0.822294845042578,0.6582012251142546,0.7832414608660832,0.013632162658587762,0.9600444878461805,0.8960423983952102
RipVIS-001_00086.jpg,0.7774473533649933,0.5950707079997328,0.7461370897418955,0.8313081465766312,0.6767964170364645,0.7950082782737865,0.01236546828203218,0.9620638020822894,0.9013855557923012
RipVIS-001_00087.jpg,0.7689138931985577,0.5808741211703364,0.7348771333422924,0.8273959495961187,0.6609681528578221,0.7877269690896945,0.014072119609922575,0.9593771701378478,0.8982047218780294
RipVIS-001_00088.jpg,0.7709497984675941,0.5858613276521046,0.7388556835791973,0.8387452784599079,0.6602266053169021,0.7957146227806288,0.01908893708913472,0.9586121961795154,0.9031764016511321
RipVIS-001_00089.jpg,0.7876048291922073,0.6167428644610244,0.7629449036308302,0.8469685634108325,0.6940878053388382,0.811231945146968,0.026578779496793794,0.9610687934017349,0.908575636483383
RipVIS-001_00090.jpg,0.7660844355964973,0.5805015774714095,0.7345789282920351,0.8239329159478056,0.6627093369962984,0.785703794769137,0.02012578615930277,0.9546972656239641,0.8946994437545471
RipVIS-001_00091.jpg,0.7489286484640443,0.5541412989446343,0.7131157241892139,0.8621015280595477,0.6080366513218693,0.7956129972746286,0.0022873778327537164,0.9473958333323054,0.9082483481777714
RipVIS-001_00092.jpg,0.7453839266731246,0.5481592485261364,0.7081432340348573,0.8795929738001879,0.5926284489257547,0.8019303006403145,0.005941014214737743,0.9463444010406398,0.9156360131229397
RipVIS-001_00093.jpg,0.7533258639632505,0.5641068727894993,0.7213149978472321,0.9267821336065971,0.590419327958989,0.8319854533311767,0.014078759433976991,0.946521267360084,0.9374482071135856
RipVIS-001_00094.jpg,0.7771265616997387,0.6054818473464553,0.7542680701712041,0.8729954515805979,0.663968371626746,0.8212849196161135,0.01996706463154239,0.9525054253461886,0.9163722300222532
RipVIS-001_00095.jpg,0.8091681645440223,0.6619021942711006,0.7965597452759926,0.894656224511517,0.717849603037695,0.8526544057225065,0.018067556948533472,0.9598578559017362,0.9303964906213451
RipVIS-001_00096.jpg,0.7998965616297715,0.6460574525296755,0.7849755809395459,0.8658711677802944,0.7179040873825311,0.8315913399366857,0.016808346210044754,0.957338324651739,0.9161241922044139
RipVIS-001_00097.jpg,0.8243166004491955,0.6896165260444029,0.8162994566096944,0.843107379304127,0.7911437975643784,0.8321756554404369,0.022512296628355598,0.962437065971178,0.9093272417461999
RipVIS-001_00098.jpg,0.8146837097594375,0.6734883394891324,0.8048915831642173,0.860555449824135,0.7559913068202462,0.8373908818986495,0.03412969282629319,0.9595594618045143,0.9153708500744432
RipVIS-001_00099.jpg,0.7979360716238013,0.6442126473163375,0.783612324558886,0.8310626092319382,0.7412878144257874,0.8114092183018319,0.021448212645014075,0.9555501302072965,0.8999807176013016
RipVIS-001_00100.jpg,0.8156363977435281,0.6750028588710955,0.805972187206926,0.8223310542810047,0.7902514881177499,0.8157084603642332,0.01621621621319362,0.959911024304514,0.8988708608048553
RipVIS-001_00101.jpg,0.8521242121133374,0.738371032463167,0.8494976258514153,0.8527054213668492,0.8463138747088912,0.8514194004358325,0.020255653879989052,0.9688747829850598,0.9174609158600434
RipVIS-001_00102.jpg,0.8851358438665203,0.7964334909274,0.8866829692829263,0.8954136888162713,0.8781208632117506,0.8919008498760728,0.007450980390695886,0.9762673611100517,0.9405176643142498
RipVIS-001_00103.jpg,0.8891767123992325,0.8041740998215662,0.8914595325374634,0.939785563842196,0.847860508403007,0.9198397544678645,0.01726875744000223,0.9766547309017181,0.9603143211925569
RipVIS-001_00104.jpg,0.8861006563529548,0.7996609335675792,0.8886795491885927,0.9549459771220503,0.831013172420687,0.9272878396795874,0.03165048543074748,0.9752528211794973,0.9662708391419625
RipVIS-001_00105.jpg,0.8698742454387068,0.770366315480281,0.8702902995206266,0.920510840883136,0.8252660520392492,0.8997427958738338,0.024700460824940006,0.9722341579850562,0.9492841066599548
RipVIS-001_00106.jpg,0.8505797746448105,0.7373124218360314,0.8487965809359986,0.9191322139486742,0.7884604669230841,0.8896440292220448,0.01760939167242807,0.9671777343739505,0.9458310259886886
RipVIS-001_00107.jpg,0.8306227922808078,0.7046258703003097,0.8267220186869196,0.9703270424608422,0.7201433154129055,0.9072872292404561,0.019561149852090294,0.9606879340267354,0.9649918515342546
RipVIS-001_00108.jpg,0.853599205923167,0.7427025808568545,0.8523572398586583,0.9548063527338557,0.7697629701442148,0.9110069460690694,0.020725388597333323,0.9677962239572832,0.9620018239997037
RipVIS-001_00109.jpg,0.920198046113071,0.8567156375714257,0.9228291292812131,0.9493528614190776,0.8977471949410749,0.9385624868263089,0.021370207412241733,0.9851312934017088,0.9690903936466804
RipVIS-001_00110.jpg,0.8759871394330778,0.779720345870658,0.8762279396083551,0.8947682687095486,0.8584403545411531,0.8872587753766258,0.029273084473620217,0.9747352430544979,0.9391917412061107
RipVIS-001_00111.jpg,0.8653353977886834,0.7632443549655918,0.8657272632873233,0.9767358865012744,0.7773763769114657,0.9290829045775209,0.015659140565247788,0.9705219184017246,0.9732940311368338
RipVIS-001_00112.jpg,0.885369518960789,0.7974683544231331,0.887323943657486,0.98005472107901,0.8106243245415189,0.9407299101065301,0.021722560971470548,0.9758159722211633,0.9777072615070039
RipVIS-001_00113.jpg,0.8702843747710546,0.7707277187174459,0.8705208718093496,0.9771701068814831,0.7848604840427721,0.9315211089442893,0.021248339969408395,0.9726171874989447,0.9746568995704157
RipVIS-001_00114.jpg,0.8400314856190403,0.7197010685723007,0.8370071772645904,0.9850504489379681,0.7276488085000543,0.9199640365513128,0.009949348768098887,0.9640234374989539,0.9734490058031209
RipVIS-001_00115.jpg,0.8261821780106093,0.6970650490183278,0.821494791164955,0.9916585906018777,0.7011763362208675,0.915780927703244,0.013518258424593001,0.9594683159711811,0.9738925681251982
RipVIS-001_00116.jpg,0.8152476325371734,0.6779752942454873,0.8080873378416973,0.9910542072324717,0.6821498965557172,0.9087506021952458,0.014664310951472736,0.9568348524295173,0.9722172125763409
RipVIS-001_00117.jpg,0.8041213137590681,0.6562881355876586,0.792480633636616,0.9474881933962919,0.6810602596063509,0.8787365764653553,0.022946225254344678,0.9559917534711849,0.9521537477609603
RipVIS-001_00118.jpg,0.81005873277693,0.6641410278270435,0.7981787801893777,0.9455626305081732,0.6905443589822925,0.8805268558066286,0.014867256634536767,0.9595019531239589,0.9531771912390876
RipVIS-001_00119.jpg,0.867636140823854,0.7626029096572317,0.8653144794882164,0.9875858039886403,0.7699840582930998,0.9347525573679846,0.009172558759951736,0.9748752170128311,0.9806649058033452
RipVIS-001_00120.jpg,0.8602715365602548,0.7482128164223395,0.8559745236893213,0.9875881523132922,0.7553153619542484,0.930367283811184,0.022113022108842747,0.9744325086794983,0.980462114242356
RipVIS-001_00121.jpg,0.8545780661232447,0.7363718615614525,0.8481729955002398,0.9981756580508949,0.7373642427522071,0.9322283852160691,0.021776835609601686,0.9747070312489423,0.9855475526726909
RipVIS-001_00122.jpg,0.8510015543335567,0.728629997384546,0.8430144085049763,0.96830170851164,0.7464342506069794,0.9139687456339309,0.038908246217787795,0.9751497395822752,0.9719791250178127
RipVIS-001_00123.jpg,0.8123470018921461,0.6590640388358561,0.7945010239608505,0.9781930933271173,0.6688917624777911,0.8953862276102761,0.015420860994769572,0.967771267360061,0.9726277199234923
RipVIS-001_00124.jpg,0.8163893185668232,0.6653324940239518,0.7990386261140023,0.9338523346569448,0.6982387914507443,0.8748129940626591,0.006101409634735659,0.9694249131933925,0.9528769364086906
RipVIS-001_00125.jpg,0.796069969313937,0.6262142030219663,0.7701497156503528,0.9491923025394466,0.6479326146871852,0.868435563124686,0.007758439922885627,0.9677658420128388,0.9590393020100477
RipVIS-001_00126.jpg,0.7931626097895548,0.6194986291584854,0.7650498963131396,0.9357043788203744,0.6470418984374121,0.8590549576884736,0.020054887055086575,0.9685264756933936,0.9530662217584185
RipVIS-001_00127.jpg,0.7699895538610761,0.5782390855458704,0.7327648780740633,0.9514074442107043,0.59583603579458,0.8499626211113003,0.02612353331279089,0.9636469184017321,0.9578654930916423
RipVIS-001_00128.jpg,0.7176328551566094,0.4899428960997833,0.6576666761958523,0.9615288115547058,0.49973919846453385,0.8115453031030296,0.020576131683210635,0.9480512152767491,0.9544211491835577
RipVIS-001_00129.jpg,0.7176814392591595,0.49000106597921333,0.657719081103059,0.9558536077987969,0.5013469739384935,0.8091442613370322,0.031700288178347684,0.9480870225684157,0.9517565253674138
RipVIS-001_00130.jpg,0.7456344759872808,0.5351934281410489,0.6972325680016875,0.9815056522580027,0.5406456015434405,0.8438801711840228,0.03740593181996327,0.958190104165627,0.9692465909405211
RipVIS-001_00131.jpg,0.7255378801644365,0.4991228693964498,0.6658865388364034,0.9160901535718555,0.5230346917670939,0.796393731583785,0.0345481356573524,0.9541482204850757,0.9361181072981303
RipVIS-001_00132.jpg,0.6975138534400689,0.45161290322083614,0.6222222222175047,0.9633525061400786,0.45950727883024073,0.7900878003696857,0.03561439492157106,0.9459342447906403,0.9542213466696519
RipVIS-001_00133.jpg,0.7126293685021943,0.4715918609235501,0.6409275199817778,0.8737882622397739,0.5060637488694454,0.7629157407137169,0.01695906432417952,0.9555067274295188,0.9165927390823481
RipVIS-001_00134.jpg,0.6867407920800723,0.4321584888227185,0.6035065143913885,0.7066040104619111,0.5266633691091713,0.6614084393541043,0.013377313539787921,0.9438313802073092,0.8328555286052282
RipVIS-001_00135.jpg,0.6683622729327179,0.4002881383021153,0.5717225296037639,0.6920224345837419,0.4870539656094238,0.6382989585460486,0.011502922871675857,0.9390234374989811,0.8232402401850789
RipVIS-001_00136.jpg,0.6588993878161166,0.3855567523169149,0.55653693242401,0.6553906781172227,0.4835953783937162,0.6119146386730833,0.024633218615353517,0.9350054253462077,0.8044752328620588
RipVIS-001_00137.jpg,0.6752749705014354,0.41173078596470836,0.5832992948203669,0.7288994182994549,0.48618266376548197,0.66272867054979,0.01357904946390319,0.9413313802073119,0.8414562471711227
RipVIS-001_00138.jpg,0.7502518104301223,0.5495399372439597,0.7092943189594474,0.9899332051801188,0.5526282241899394,0.8546699613574827,0.03182788050643174,0.9537315538184096,0.9707378749314113
RipVIS-001_00139.jpg,0.7275619007265492,0.507005234914232,0.6728645968414132,0.9908938464267179,0.5093785803861708,0.8333422590676535,0.024484971289347353,0.9507465277767462,0.9697387667923241
RipVIS-001_00140.jpg,0.8056482967043291,0.6378640325653305,0.7788974174690996,0.9559819936663267,0.6571651885303202,0.8762910718235805,0.033369683744085124,0.9746202256933869,0.9657582693777531
RipVIS-001_00141.jpg,0.7632079800058242,0.5614149737098819,0.7191105287993677,0.9025671477959399,0.5976347468302337,0.8189919588825334,0.015098241982399535,0.9665017361100624,0.9361289173406905
RipVIS-001_00142.jpg,0.7443343852099246,0.5292693835600876,0.6921859408810843,0.9825632509284321,0.5342876872339546,0.8413775219995315,0.0123203285397946,0.9611718749989571,0.9713702416253329
RipVIS-001_00143.jpg,0.7536796907803767,0.5468319738917217,0.7070347434258557,0.9958171922666583,0.548090884111655,0.8559714328905813,0.013260254594543802,0.9623220486100669,0.9782684048018002
RipVIS-001_00144.jpg,0.7225210920743161,0.4954333473906178,0.6625950240511883,0.9853278000547582,0.499115491528257,0.824659697390697,0.023387343316510645,0.9519845920128559,0.9678184009231308
RipVIS-001_00145.jpg,0.7114358118533625,0.4746075502546211,0.6437069309358553,0.9887068095298018,0.47719444733816707,0.8141637745794437,0.01694335101541274,0.9505740017350797,0.9687386762812793
RipVIS-001_00146.jpg,0.718897333405523,0.4866762843765375,0.6547172232328079,0.9941547528923219,0.48807288988212705,0.8233986500933961,0.010427350425567973,0.9532834201378545,0.9727661859388754
RipVIS-001_00147.jpg,0.7831305826199304,0.6016298890156085,0.7512720549756741,0.9730354391168734,0.6118304769555529,0.8702785651233039,0.012339331617422565,0.9664246961795069,0.96954835004826
RipVIS-001_00148.jpg,0.8043671139825013,0.6388355638350314,0.7796213090959477,0.9636578000048885,0.6546065110697531,0.8805163387575362,0.00870269176103973,0.9714203559017237,0.9677539573162546
RipVIS-001_00149.jpg,0.8143555563438234,0.6575653379271591,0.793411062455573,0.9741085989052707,0.6692625841966822,0.892777402581107,0.01552393272627772,0.9726605902767224,0.9733433521408799
RipVIS-001_00150.jpg,0.8046510244358203,0.6419603843118639,0.781943815996396,0.9886550954913477,0.6467245141238301,0.8941098888764171,0.01576292559567824,0.9691482204850596,0.9783235938811925
RipVIS-001_00151.jpg,0.7692467738796955,0.5817848410693289,0.735605533652765,0.9586851020793209,0.5967466143746667,0.8549734765339186,0.009412153234905522,0.9591677517350703,0.9589416260049375
RipVIS-001_00152.jpg,0.7829194497655112,0.604642447232513,0.7536164187546264,0.982641796707601,0.6111703009137585,0.8761378523863506,0.014522120902647396,0.9633702256933991,0.9724234689467617
RipVIS-001_00153.jpg,0.7874756339467777,0.612067516619702,0.759357173703405,0.9476932227787707,0.6334675214870849,0.8621599318172595,0.04062437461664511,0.9649370659711752,0.9568496466434144
RipVIS-001_00154.jpg,0.7975047448967342,0.6291741427353822,0.7723841500197139,0.9930577406979024,0.6319537439065873,0.8912088106037875,0.02624776296952719,0.9677072482628388,0.9796423171162476
RipVIS-001_00155.jpg,0.7329297944790976,0.5266320775950677,0.6899266500736458,0.9025593442990403,0.5583789368895338,0.8035045596722322,0.005383787108847286,0.9430761718739767,0.9243464741817944
RipVIS-001_00156.jpg,0.717442870570567,0.4991861437557965,0.6659428461701541,0.8717960798958444,0.5387340347010877,0.7758635148885733,0.004935519820898659,0.9395724826378694,0.9081993286336018
RipVIS-001_00157.jpg,0.7096884801692032,0.4732834609731414,0.6424879848451235,0.8579430966217066,0.51352622627919,0.7564715288265079,0.006388702083660272,0.9485839843739707,0.9058429386760521
RipVIS-001_00158.jpg,0.5945978232355854,0.27583266969339176,0.4323963106536218,0.762048972387999,0.30182895572879553,0.5839660739929704,0.013434378227103964,0.916130642360117,0.8424607136359832
RipVIS-001_00159.jpg,0.6477068502739811,0.3952294580238861,0.5665440272221085,0.5513751160123944,0.5825711749222436,0.5573441518169285,0.021183053554332126,0.9062966579851277,0.7510075172363722
RipVIS-001_00160.jpg,0.6575606831332905,0.408376196125435,0.5799248769595984,0.5470696204341627,0.6169786466163701,0.5597546303084596,0.02817387304183833,0.9123849826378989,0.7524294070234517
RipVIS-001_00161.jpg,0.6230484785341346,0.32411452644402294,0.4895566357306705,0.8312117043683578,0.3469492144647743,0.6498132832815219,0.015177065764958291,0.924796006943441,0.8801260792669026
RipVIS-001_00162.jpg,0.6265718342325042,0.3245909987870585,0.4900999615493232,0.7824752551016017,0.3567855018675812,0.6317289227528959,0.01713709677131433,0.9309244791656566,0.8599883711754894
RipVIS-001_00163.jpg,0.6592918174822242,0.3736569076006774,0.544032364316257,0.7454799745519267,0.42829593267256466,0.6493080780339139,0.019503219867616703,0.9466786024295283,0.8505632283283815
RipVIS-001_00164.jpg,0.6542440562509033,0.3774516807112941,0.5480434428253541,0.8889636608130896,0.39612740162790366,0.711838833591218,0.01996181218191949,0.933804253471209,0.9124440391533652
RipVIS-001_00165.jpg,0.67544576140082,0.4136726810898601,0.5852453493986207,0.8961280117169224,0.4345071361829787,0.7390867013552759,0.015262217890036983,0.9398817274295357,0.9190917867046192
RipVIS-001_00166.jpg,0.7571253736178308,0.5537059209692724,0.7127551147180355,0.9118819438361487,0.5850075492663601,0.8202217619663352,0.0206148282060371,0.9623860677072891,0.9384960131097881
RipVIS-001_00167.jpg,0.8259482451390177,0.6802855958031374,0.8097261531043201,0.8919300033827399,0.7413961107632798,0.8571237318408756,0.03323401328598807,0.9732280815961661,0.9353523026157626
RipVIS-001_00168.jpg,0.6773967677047102,0.4315491376634389,0.602912084970844,0.8671987148665801,0.4620869264279476,0.737827911399583,0.02248086734335445,0.9274707031239936,0.8993778911560033
RipVIS-001_00169.jpg,0.67290157303674,0.4216650807886161,0.5931988996377585,0.9179589509517682,0.4381780906379207,0.7530494269072949,0.01443202979291868,0.9281141493045485,0.9233440178123424
RipVIS-001_00170.jpg,0.6633050775917547,0.3996314174487387,0.5710523677400591,0.8609924217820664,0.42719427193844745,0.7156498460445684,0.02211817887921889,0.9303634982628793,0.8976515715393167
RipVIS-001_00171.jpg,0.7020081409792688,0.4621474048102401,0.6321488562505342,0.8735057379488065,0.4952947954620444,0.7577768790163402,0.022938944459651785,0.9446343315961973,0.9111184933426965
RipVIS-001_00172.jpg,0.7191856487670643,0.4896567350120125,0.657408815740445,0.9973233651530453,0.4903010640414468,0.8264055126842214,0.023408239695990964,0.9511197916656347,0.9730816164909191
RipVIS-001_00173.jpg,0.7121066536009768,0.4713439612363969,0.6406985363780173,0.9427477043036185,0.48523344473985236,0.7931748335325252,0.039625219590157086,0.9547699652767417,0.9490274549389138
RipVIS-001_00174.jpg,0.7014786224202725,0.4478258462668795,0.6186183889748452,0.8964953594432332,0.4722424914557042,0.7599505875942922,0.03623762375520047,0.956706814235073,0.9278282580351445
RipVIS-001_00175.jpg,0.6384770235475583,0.3423292247918379,0.5100525541264659,0.9002107387462465,0.3558321796424452,0.6893017209247356,0.026272845948715266,0.9367762586795391,0.9191872234815183
RipVIS-001_00176.jpg,0.613136961141218,0.3062187429900834,0.4688628832397762,0.9233641013309611,0.31420426127524054,0.6653688750307148,0.01202263083238638,0.9227799479156654,0.9230608303157424
RipVIS-001_00177.jpg,0.607669865759321,0.3034634463446039,0.46562632376938257,0.9931217393549263,0.30410259613654406,0.6834272648869812,0.016195670134490883,0.9151345486101181,0.9526202821119055
RipVIS-001_00178.jpg,0.6458046828363221,0.3646739611253854,0.5344484785576991,0.9853113046912104,0.36666732563294063,0.7367135367016205,0.023757309937178853,0.9298763020823243,0.9564132998191516
RipVIS-001_00179.jpg,0.6073385060359189,0.3117784022455899,0.4753522419821317,0.9861594331466044,0.3131486633578231,0.6897017189259466,0.016750129508418213,0.906990017360127,0.94480790774441
RipVIS-001_00180.jpg,0.631053474866047,0.3497868181099295,0.5182845371089438,0.9857522796118505,0.35156422025820594,0.724401973991889,0.014825273558978948,0.9162695312490058,0.9493474049051006
RipVIS-001_00181.jpg,0.6258772439379974,0.33222516692420867,0.4987522757751794,0.7996033087475014,0.3623993789036653,0.6441748983149331,0.00968783638146971,0.9226269531239989,0.8642261573273965
RipVIS-001_00182.jpg,0.6006456584035902,0.2972224060324806,0.45824432980852875,0.8287704407401626,0.31666842921322735,0.6262286510979436,0.004068190623001125,0.9078092447906816,0.8702408320852264
RipVIS-001_00183.jpg,0.7366238422304847,0.5061458157853823,0.6721073225190374,0.8338881491113547,0.5629002658971031,0.7606506270433313,0.009424350481552636,0.9681749131933939,0.9037647242741729
RipVIS-001_00184.jpg,0.7230382248371128,0.47687176668100145,0.6457862861752491,0.8618741009363013,0.5163322253577017,0.7601341146619948,0.019274663956562348,0.9700455729156141,0.9177294377549488
RipVIS-001_00185.jpg,0.6936434629380598,0.42173466528948306,0.5932677532394733,0.9111666935246423,0.4398185110813425,0.7503405202484967,0.00815138282149887,0.9663964843739514,0.9395448682400847
RipVIS-001_00186.jpg,0.6670045956589346,0.3788152750030319,0.549479370979842,0.9586233867438942,0.38511209916282874,0.7386291727184519,0.031796502376312534,0.9563856336795178,0.9574725808416991
RipVIS-001_00187.jpg,0.6672486412905936,0.3889260010790541,0.5600384768906309,0.9611275501958845,0.3951415656042932,0.7471030598854298,0.0276255707699485,0.9473936631934164,0.9540127545745289
RipVIS-001_00188.jpg,0.722160274580866,0.48697895450798406,0.6549910515298679,0.9786885692968404,0.49219832850056683,0.8171532464218503,0.003169185762269823,0.9590017361100706,0.9684375246278552
RipVIS-001_00189.jpg,0.7761078971861031,0.5836249230265717,0.7370746880027209,0.9824556968176945,0.589771606334475,0.8670016017990122,0.006565656563998571,0.9699153645822809,0.9759043324345867
RipVIS-001_00190.jpg,0.7518790177351146,0.5430044961578551,0.7038274969515107,0.9854328157386683,0.5473984509278739,0.8494801170098764,0.007159904532897397,0.9625021701378444,0.9734245543029969
RipVIS-001_00191.jpg,0.7054025520259717,0.46069366988967947,0.6307875215540215,0.9293661954227576,0.4774095431154248,0.7814153013852645,0.005558987027885734,0.9521506076378558,0.9412824936705095
RipVIS-001_00192.jpg,0.7268776765701706,0.4956780559338977,0.6628138374663758,0.9224290555687584,0.5172384450579735,0.7974836331194816,0.0056908718402706865,0.9597363281239586,0.9419188320164165
RipVIS-001_00193.jpg,0.7358891693499567,0.5134656318929431,0.6785296224410912,0.9527746430265254,0.526874864329731,0.8201765500929211,0.005633255632161372,0.9600694444434027,0.9565908322604373
RipVIS-001_00194.jpg,0.750054680802603,0.5392285278871498,0.7006477831168212,0.9686434573596965,0.548808357811666,0.840107949623509,0.004950495048390977,0.9625933159711777,0.9654752033085418
RipVIS-001_00195.jpg,0.7078642126686574,0.46921168376599515,0.638725772399626,0.9853634274924717,0.4725048834725787,0.8096122112211221,0.00787728026370703,0.9489312065961926,0.9662726764386038
RipVIS-001_00196.jpg,0.7250587097375977,0.4988595023862853,0.6656521196177058,0.9898799990485834,0.5014167636591136,0.8284670823863084,0.00905722519368933,0.9535134548600764,0.9708050083966574
RipVIS-001_00197.jpg,0.7659404240914816,0.5707736678307481,0.7267420883353506,0.9874714020920041,0.5749372034534933,0.8635473274239156,0.016022827037747402,0.963019748262844,0.9746048293477922
RipVIS-001_00198.jpg,0.7828626761921146,0.6017288075454764,0.7513491731069988,0.9858994297359067,0.6069522812494326,0.8764572288134969,0.02096667401876701,0.9658539496517298,0.9753232657476072
RipVIS-001_00199.jpg,0.7323895889737944,0.5167002483926962,0.6813478786467698,0.9881343146447811,0.5199261952979551,0.8373270217507731,0.018646776768132343,0.9508094618045239,0.9684228110314868
RipVIS-001_00200.jpg,0.7163357334912491,0.4905707921291507,0.6582321278795662,0.9922934208446188,0.4924470076340118,0.8248455247075731,0.007352941174968762,0.9451584201378633,0.9674011127432383
RipVIS-007_00000.jpg,0.8813038777892468,0.7863143343174573,0.8803762240623842,0.8358767408116763,0.9298801574309946,0.8531255696541349,0.046494680069014034,0.9781955295128275,0.9145919779795155
RipVIS-007_00001.jpg,0.867609406908024,0.7633056433602591,0.8657666879641567,0.7844668552373174,0.9658662157436135,0.8150830076565112,0.049622437965261265,0.974245876735054,0.8905920998961804
RipVIS-007_00002.jpg,0.8650806362414333,0.7589726834312633,0.8629726778368383,0.7814169215006992,0.9635360365901163,0.8121167561520305,0.03530508925722021,0.9735850694433881,0.8889470764145897
RipVIS-007_00003.jpg,0.8593126011841203,0.7485893914228198,0.8562209002236891,0.7662559126173263,0.9701214418689184,0.7998736985761422,0.042708474112351874,0.9724902343739448,0.8817155818423298
RipVIS-007_00005.jpg,0.8605271449345847,0.7509818783086004,0.8577837242199535,0.7677437533256746,0.9717491816309595,0.8013920080335628,0.034588675209056,0.9725499131933891,0.8825231007159289
RipVIS-007_00007.jpg,0.8568747322403236,0.7446658851040967,0.8536487031265194,0.7564456264934954,0.9795163072685046,0.7925437009495053,0.04384646905561447,0.9716406249989457,0.8772518495677346
RipVIS-007_00008.jpg,0.8576740266170937,0.7461364345852899,0.8546141295797408,0.7594137273518489,0.9771043082616511,0.7948300088965752,0.048242591309683995,0.9717664930545011,0.8786153734012747
RipVIS-007_00009.jpg,0.8539846860740217,0.7394486078155689,0.8502103534339905,0.7519100676407491,0.9780785754829692,0.788370230058662,0.0446834919259849,0.9711024305545018,0.8749234656412702
RipVIS-007_00010.jpg,0.8562524189164232,0.7437155655675793,0.8530239452504972,0.7629157820164577,0.9672682236254264,0.7965738312310062,0.04010331701466784,0.9713812934017237,0.8798810783122707
RipVIS-007_00011.jpg,0.8491104282695361,0.7310647852357484,0.8446417389701413,0.7455094548108493,0.9741810678233921,0.7822324764516316,0.034784990408821555,0.9698480902767255,0.8715344064396779
RipVIS-007_00012.jpg,0.85101313894351,0.7344414416961184,0.8468910209824145,0.7465538970427853,0.9783865389948336,0.7836937782426605,0.041148853902078314,0.9702517361100583,0.8722556518947824
RipVIS-007_00013.jpg,0.8439691307537931,0.7221213780051852,0.8386416744232658,0.7340642603929232,0.9779662339562192,0.7726011631969419,0.027249075718574683,0.9686056857628379,0.8659981605703888
RipVIS-007_00014.jpg,0.8468208292117925,0.7273440489788812,0.8421530724106182,0.7449996570000392,0.9684454578915854,0.7810409907309045,0.022730329519471373,0.9690776909711707,0.870988646238751
RipVIS-007_00015.jpg,0.8465148808351659,0.7264390942172504,0.8415461589701898,0.7421388619805311,0.9717028736919314,0.7789438309930444,0.021256431082960135,0.9693131510406149,0.869736554340779
RipVIS-007_00016.jpg,0.8431624466059,0.7203530381579909,0.8374479216536673,0.7354537172660569,0.9722865857522381,0.7731174311582814,0.029548563607448897,0.9687141927072822,0.8664369676729904
RipVIS-007_00017.jpg,0.8433290548835783,0.7209130012151451,0.837826201215407,0.738829005623822,0.9674578372250388,0.775481221094646,0.0395698331670247,0.9685297309017269,0.8678782902580082
RipVIS-007_00019.jpg,0.8405804096373957,0.7159474201499919,0.8344631213553274,0.7369992658802703,0.9616335512140104,0.773118845780008,0.024829467936585338,0.9680175781239496,0.8666940729844601
RipVIS-007_00021.jpg,0.8408131109717296,0.7166169268373449,0.8349176984496165,0.7423135991999771,0.9539198084857594,0.776775734752829,0.03098012336792596,0.9678537326378387,0.8689519072851284
RipVIS-007_00023.jpg,0.8411882888165444,0.7176286755933745,0.8356039763314517,0.7426085081706476,0.9552250094421376,0.7772070678684395,0.03145424836173009,0.9676464843739501,0.8691372297044719
RipVIS-007_00024.jpg,0.8408448482161671,0.7176636799576378,0.8356277056231838,0.7587358987386627,0.9298617467010711,0.7877296507594492,0.03563264756815481,0.9670399305545062,0.8758160194705511
RipVIS-007_00025.jpg,0.8314175318406667,0.7021376007412673,0.8250068624716262,0.7611973737968674,0.9004932125550199,0.7854988842202609,0.034862385316531797,0.9640299479156206,0.8753266407700208
RipVIS-007_00026.jpg,0.8311368969535335,0.7018301459941365,0.8247945867525542,0.7638764547821818,0.8962710083931281,0.7871309963099631,0.0349604221589762,0.963812934026732,0.8763907184876054
RipVIS-007_00027.jpg,0.8318870243251801,0.7025886325203534,0.8253181292304373,0.7539177777920786,0.9116573232096898,0.7809422921711058,0.029771398188493964,0.9644455295128423,0.8723791156067284
RipVIS-007_00029.jpg,0.8340393916086071,0.7064204364925231,0.8279559027604488,0.7591499985297672,0.9104774380580777,0.7852528537592149,0.04507309149362844,0.9648969184017308,0.8749025641893942
RipVIS-007_00031.jpg,0.8293492860820068,0.698673721081948,0.8226108550580707,0.7564858091100678,0.9014032538782456,0.7816177455703062,0.032361594004765765,0.9634157986100658,0.8730177863461357
RipVIS-007_00032.jpg,0.834801468341533,0.7079566901694289,0.8290101198048525,0.7583675127615852,0.9141654422804385,0.7851288501828699,0.026209677415832033,0.9649088541656197,0.8746855993962804
RipVIS-007_00033.jpg,0.8330925254772731,0.7050338984513399,0.8270027934244744,0.7566820632669474,0.9117328582799291,0.7833247637701544,0.034361471856823395,0.964452039929509,0.8737078142572947
RipVIS-007_00035.jpg,0.8327038658095419,0.7040071949571299,0.8262960356512363,0.7532562208324918,0.9150214896222192,0.7808658396008158,0.027830572898746866,0.9646462673600644,0.8722328348635593
RipVIS-007_00036.jpg,0.8280400510958059,0.697047124825953,0.8214823438063822,0.765631178443145,0.8861231414822731,0.7870348339202436,0.03228806802653626,0.9625618489572889,0.8765789845943154
RipVIS-007_00037.jpg,0.8308858783190707,0.7013745427816259,0.8244798839354074,0.7553040882096085,0.9076043559164042,0.7815330711847112,0.03710271449500713,0.9637673611100653,0.8727704460900993
RipVIS-007_00038.jpg,0.827697268585481,0.695860213131341,0.8206575138011661,0.7521067077502567,0.9029576357309343,0.7781052472161777,0.033011819041840536,0.9629633246517328,0.8709216840182686
RipVIS-007_00039.jpg,0.8227968867858377,0.6880627587649766,0.8152099265176352,0.7401593998992954,0.9071977750346822,0.7684579634861267,0.02405315614298297,0.9611686197906237,0.8651254082747044
RipVIS-007_00040.jpg,0.8203701533225707,0.6839859872994001,0.8123416613416183,0.7389365608654126,0.9019392608751609,0.7666469691786147,0.028118811877476065,0.9604557291656245,0.864205975130032
RipVIS-007_00041.jpg,0.8147110185223551,0.6756986593687413,0.8064679834777527,0.7529147273789014,0.8682228673565491,0.7734592561063829,0.02992125983859301,0.9577929687489607,0.8689010677174369
RipVIS-007_00043.jpg,0.828183139022042,0.6994840642365027,0.8231722543991579,0.7740981885421451,0.8788895859381128,0.7930085209476441,0.019981474127301644,0.9608148871517352,0.8799255919402453
RipVIS-007_00045.jpg,0.8399004556628493,0.7181386714240343,0.835949604497085,0.7521576036543784,0.9407513621916749,0.783574460116146,0.01640913441591561,0.965073784721175,0.8729006023673331
RipVIS-007_00047.jpg,0.8231077141746419,0.6907423211668774,0.817087633661594,0.7648094971535601,0.8770370214419636,0.7848969131373845,0.017923526285458905,0.9595008680545144,0.8752130094773068
RipVIS-007_00048.jpg,0.8203935732753234,0.6867060501064437,0.8142569359528975,0.7695876100305952,0.8644312924941849,0.7868540217543532,0.01394369902473774,0.9582801649295157,0.8766561802135611
RipVIS-007_00049.jpg,0.8318406892298945,0.7052018225798635,0.8271183073367084,0.7626069276210997,0.9035527486500472,0.7871650110229194,0.02257274952099908,0.9622309027767337,0.8758333463575092
RipVIS-007_00050.jpg,0.8310576362728366,0.7039317538687958,0.8262440702457842,0.7631981392041906,0.9006440736480869,0.7872256016926739,0.02112004359979288,0.961965060762845,0.8759405200464037
RipVIS-007_00051.jpg,0.8324093631414822,0.7062565022058357,0.8278432947130663,0.7638196470808934,0.9035818634249153,0.7882028220492896,0.025458527234402062,0.9623166232628447,0.8764252683181843
RipVIS-007_00052.jpg,0.829660639972449,0.70167092522272,0.8246846259430366,0.7625946597659418,0.8977814102950114,0.7862738782114675,0.01838736038975928,0.9614865451378456,0.8754454270442664
RipVIS-007_00053.jpg,0.832650068484484,0.7065924098644001,0.8280740096817182,0.75920359946118,0.9106859970839314,0.7853297582281749,0.020927369714002546,0.9624424913184001,0.8745667297748432
RipVIS-007_00054.jpg,0.8356673480190862,0.7119214277179812,0.8317220827908952,0.7684096916632208,0.9064044192121097,0.7925416501575442,0.027572016457123177,0.963113064235066,0.8788648660952243
RipVIS-007_00055.jpg,0.8359390244329657,0.7123524770223705,0.8320161725827482,0.7678027635708151,0.9079505147405923,0.7922608308358937,0.02242581703508467,0.9632128906239549,0.8786616092519914
RipVIS-007_00056.jpg,0.8311306116128365,0.7046330920813133,0.8267269893499185,0.7718117131839828,0.8900554404105953,0.7928784695344465,0.017301973504014332,0.9615180121517345,0.8794703532538629
RipVIS-007_00057.jpg,0.8333390141944984,0.707603435342618,0.8287678751368202,0.7573132477316411,0.9151111796624379,0.7843637256568633,0.017503076710309984,0.9627625868045109,0.8739124075723008
RipVIS-007_00058.jpg,0.8273927332441433,0.6993512631326853,0.8230802875250871,0.7903747123845881,0.8586094028877346,0.8031400069769686,0.019056629271650676,0.9596202256934032,0.8864104683141998
RipVIS-007_00059.jpg,0.8328973598024225,0.707851263687944,0.8289378340352729,0.7835432564054101,0.8799157520790453,0.8010911066536075,0.0172977390333291,0.961832682290623,0.8846169956221004
RipVIS-007_00060.jpg,0.8275435419140718,0.6991130910965864,0.8229153135950327,0.7826174484289946,0.867588431604423,0.7982535229145783,0.016194331981620198,0.9600596788184027,0.8832743091202953
RipVIS-007_00061.jpg,0.8231003946839973,0.6918454866243057,0.817858949997528,0.7863141952289109,0.8520404610969452,0.7986355186539404,0.013542795231102004,0.9585980902767376,0.8840043821318818
RipVIS-007_00062.jpg,0.82484324785309,0.6949264717695611,0.8200078095942818,0.7903940954459128,0.8519269776791973,0.8019791466792847,0.01242907322177397,0.9589865451378483,0.8859897094152722
RipVIS-007_00063.jpg,0.8210817496350961,0.6887490303590751,0.8156913999383648,0.7910684926401306,0.8418963831784761,0.8007370879447816,0.01601830663399942,0.9577680121517386,0.8855837955530919
RipVIS-007_00064.jpg,0.8138304713892829,0.6768211607855297,0.8072669603817065,0.7914803569712809,0.8236961288328719,0.7977203221816064,0.01907064195285111,0.9554286024295189,0.8844148165138495
RipVIS-007_00065.jpg,0.814987193702687,0.6785097380419433,0.808466847304032,0.7877466537805277,0.8303064974272997,0.7959059620450114,0.017211241089523835,0.9559743923600738,0.8831087139937774
RipVIS-007_00066.jpg,0.8115870070417055,0.6725971321514161,0.8042547953986657,0.7766298832428837,0.8339174397405006,0.7874489461067409,0.016771769754894434,0.9551323784711858,0.8779002884660942
RipVIS-012_00000.jpg,0.8192524434914354,0.6570269426681156,0.7930190218997676,0.9109527792739218,0.7021210369357881,0.8598063665966044,0.06561876245867795,0.9821126302072677,0.9479233952163086
RipVIS-012_00001.jpg,0.8186433841584362,0.6562232109920353,0.7924332984066494,0.9198878429538528,0.6959994804369398,0.8642834869192142,0.06508875738040218,0.981724175346157,0.9520247787265347
RipVIS-012_00002.jpg,0.7987208377462645,0.6194028397129229,0.7649768476665467,0.8905379294645757,0.6704473584207437,0.8356720167334111,0.03199247235191897,0.978796657985049,0.9364461889663722
RipVIS-012_00003.jpg,0.8075005594152305,0.636159591334775,0.7776253547684766,0.9111265068335561,0.6782465188101444,0.8525788968700568,0.04008438817625776,0.9795963541656038,0.9467565138353016
RipVIS-012_00004.jpg,0.8095083198455071,0.6398959707973003,0.7804104433358534,0.8918765385102422,0.6937109432387125,0.843675631413291,0.053438773052135444,0.9798676215267146,0.9377105635280096
RipVIS-012_00005.jpg,0.8050821187410907,0.631862361308563,0.7744064405062732,0.9007022701045048,0.6791732517666064,0.8455433299433238,0.039419087127842534,0.9790809461794932,0.941518684341869
RipVIS-012_00006.jpg,0.7922292499435022,0.6084173349899121,0.7565416285366361,0.9130458786254887,0.6458390283780638,0.8432678285521982,0.03902116401256147,0.9769010416656067,0.9462798104197683
RipVIS-012_00007.jpg,0.8037209957881433,0.6293110025822274,0.7724872680352106,0.9046065258869042,0.6740422923552142,0.846682920569742,0.04611973391438586,0.9789138454850489,0.9432910274520655
RipVIS-012_00008.jpg,0.7938607696259763,0.6108003564608582,0.7583812034942277,0.9019964718477306,0.654217185551002,0.8384828024217689,0.033268941825870584,0.9777278645822725,0.9413886581780688
RipVIS-012_00009.jpg,0.8049511539991158,0.6312132653335563,0.7739187496179215,0.8968807034761108,0.6806077266765869,0.8432873463996547,0.04142011833411788,0.9794390190961595,0.9398457352877885
RipVIS-012_00010.jpg,0.8128756132045067,0.6460183947675887,0.7849467500742043,0.8983384346059702,0.6969722669685147,0.8492652377901329,0.03574542283440597,0.9804557291656028,0.941094714021103
RipVIS-012_00011.jpg,0.8131308251011636,0.6459796560780258,0.7849181533837911,0.8526332613854223,0.7271673936585067,0.82419195352574,0.0672926447423893,0.9809667968739356,0.9195246785531039
RipVIS-012_00012.jpg,0.8187004156428032,0.6563481381651709,0.7925243770216621,0.8490780066782104,0.7430339127653569,0.825514888814794,0.053725403481378414,0.981714409721157,0.9182410016569671
RipVIS-012_00013.jpg,0.8083492745578867,0.6375139560723657,0.7786363636270499,0.8412251227489991,0.7247160988482584,0.8150197826413582,0.045341614897444794,0.9799197048600479,0.9136112815152919
RipVIS-012_00014.jpg,0.827608100467041,0.6736278874623429,0.8049912319323728,0.8800667744566731,0.741717777908028,0.8484165740466001,0.03935674988587457,0.9822623697906009,0.9333824727765733
RipVIS-012_00015.jpg,0.8282279272007451,0.6750546399536288,0.8060090982731365,0.86777361544832,0.7524526479654006,0.8419656671332792,0.051976414052855115,0.9820930989572677,0.927493483671234
RipVIS-012_00016.jpg,0.8378666540932866,0.6930987066164511,0.8187339626542677,0.9142023499483689,0.741319407423184,0.8734623556535585,0.05155979201655983,0.9832899305544887,0.9502334799635703
RipVIS-012_00017.jpg,0.8388107151211367,0.69493411768001,0.8200131325826648,0.9318321119005508,0.7321551958639805,0.8836343052375681,0.058026260047008414,0.9833441840267108,0.9586813756341339
RipVIS-012_00018.jpg,0.8286929885039951,0.676201750457486,0.8068262072545029,0.9548394168323238,0.6985425312103097,0.8895628775229897,0.05944710038257179,0.981895616318379,0.9689252647996862
RipVIS-012_00019.jpg,0.8464112284805206,0.70873225485497,0.8295416123166989,0.9403712423769268,0.7420818389849613,0.8926659389781174,0.05504395143259858,0.9846831597211537,0.9634415523303869
RipVIS-012_00020.jpg,0.8156370588182107,0.6499653076964327,0.7878533017204699,0.9649456860730133,0.6656832766125655,0.8853432770846937,0.049895080426697345,0.9819357638878234,0.9737466580734334
RipVIS-012_00021.jpg,0.8078139892808434,0.6349974636321652,0.776756512174045,0.9593804885531093,0.6525412684480334,0.8769118505545827,0.06052816077108479,0.9812619357628242,0.9707060425877797
RipVIS-012_00022.jpg,0.7876249540614206,0.5979102398129583,0.748365239693246,0.967785580794801,0.6100517818944045,0.8661980359027294,0.044461778462468446,0.9780783420128276,0.9731113477507798
RipVIS-012_00023.jpg,0.781879369115192,0.5867547268472151,0.7395657525634867,0.9462575093052035,0.6069821696257502,0.8511110591863915,0.03866128100814362,0.9777311197906058,0.9625383336283715
RipVIS-012_00024.jpg,0.7594745802368202,0.5451436122557203,0.7056219343390062,0.9336350928265448,0.5671195212565275,0.826770725266434,0.01888162672133594,0.9746028645822759,0.9548093001371208
RipVIS-012_00025.jpg,0.7743624979428175,0.5720958819796743,0.7278129642566814,0.9443354751117912,0.5920617419940619,0.8439109305867847,0.025506376589364894,0.9773372395822728,0.9613833468958402
RipVIS-012_00026.jpg,0.777673188132939,0.5780841257198421,0.7326404420374604,0.9359956971582629,0.601876269927762,0.8424606968666416,0.019752199673235372,0.9779492187489388,0.9576721443137493
RipVIS-012_00027.jpg,0.7829705110357299,0.5879929739327507,0.7405485837592269,0.9475014320535262,0.6077943973584689,0.8522355308779672,0.03656372026330072,0.9786208767350493,0.963578873838043
RipVIS-012_00028.jpg,0.7835632760534004,0.5890140371398459,0.7413578777441701,0.9593401327620186,0.6040948275731876,0.8583835562741927,0.03981916187796571,0.9787782118044935,0.9693773890292814
RipVIS-012_00029.jpg,0.7777582093193149,0.5782627637164023,0.7327838899965459,0.9467749057115323,0.5976927695214492,0.847749391727494,0.02606429191554052,0.9779416232628277,0.9628725110118914
RipVIS-012_00030.jpg,0.737665250808458,0.5047826658804281,0.6709044134092103,0.9700964281494421,0.5127612866180632,0.8232449231033278,0.014775227913427344,0.971406249998946,0.9707716250177727
RipVIS-012_00031.jpg,0.7566746212957463,0.5389279455202359,0.7003939945194132,0.9693829486224362,0.5482601745860842,0.8402954885234368,0.040605758022864744,0.975163845485053,0.9723626290409246
RipVIS-012_00032.jpg,0.7572633440076025,0.5395113315794341,0.7008864702878571,0.9382495077523447,0.5593733993392656,0.8263134000857525,0.04429956535534945,0.9757259114572746,0.9575734454994446
RipVIS-012_00033.jpg,0.7548219616252295,0.5340240470594776,0.6962394730162562,0.928534361297037,0.5569141840694327,0.8192057138372184,0.03563436046899047,0.976282552082274,0.953128398011283
RipVIS-012_00034.jpg,0.7499151589432587,0.5261091084736067,0.6894777123764287,0.9749589490604956,0.5333156411927221,0.8364282512646475,0.03667441088007394,0.974466145832276,0.9747051686481918
RipVIS-012_00035.jpg,0.7344516001983351,0.4969947482877654,0.6639899690446059,0.9735575982408152,0.503795316063725,0.8205363206583016,0.021216171062275947,0.972667100693389,0.9730996459617851
RipVIS-012_00036.jpg,0.7427516908809859,0.5133510305958512,0.678429551660238,0.9602745727705464,0.524489470315003,0.8234395351167217,0.02202420981472357,0.9729470486100554,0.9668048775152438
RipVIS-012_00037.jpg,0.7793615670191228,0.5843658892021799,0.7376653248908838,0.974860929538412,0.5933065694671285,0.8637639314591066,0.02037201062526625,0.975249565971164,0.9750624408056461
RipVIS-012_00038.jpg,0.7535313239398371,0.5434340850557271,0.7041882647500375,0.9912903727256133,0.5460412650739482,0.8522957739573072,0.04468438537463714,0.9651378038183972,0.9776428036356696
RipVIS-012_00039.jpg,0.8572570937048165,0.7330786384086528,0.8459842757992566,0.9730559122255412,0.748267782414255,0.9179060351977926,0.04277097421992854,0.982336154512823,0.9779395084051838
RipVIS-012_00040.jpg,0.8579819827586317,0.7368291446261053,0.8484762556016707,0.9889953920442324,0.7429201536353253,0.9275494983606916,0.04246766863990428,0.9802864583322697,0.9843835455194082
RipVIS-012_00041.jpg,0.9122228187828703,0.8365123466294678,0.9109792789193172,0.9799769597714268,0.8510584237053396,0.9511605536012836,0.043741959190637385,0.9886349826378161,0.9845790558714298
RipVIS-012_00042.jpg,0.8755831865278418,0.7698586191123971,0.8699662343633858,0.9890400466666234,0.7764828840068081,0.9377020723328181,0.04858718124593604,0.9824077690961562,0.985514111688976
RipVIS-012_00043.jpg,0.9247056029531577,0.8596657355103189,0.9245379092543363,0.9733743142371764,0.8803678502597196,0.9532334442822793,0.047601809946135415,0.9903515624989254,0.9824117028004535
RipVIS-012_00044.jpg,0.8403964885031096,0.7069197525980525,0.8282987545513731,0.981708084002988,0.716355483286354,0.9139955835117773,0.03157088122121519,0.9754220920128305,0.9783630927857943
RipVIS-012_00045.jpg,0.8128426137651947,0.6586258446372227,0.7941825418514183,0.9894534478244016,0.663282266215454,0.900853889943074,0.04583582983136072,0.9690277777767263,0.9785841878064525
RipVIS-012_00046.jpg,0.8091424827294105,0.6515749218793918,0.7890346520131695,0.9924296712604518,0.6548295971113974,0.8996645267895513,0.041358490559794944,0.9686610243045045,0.9797995017358957
RipVIS-012_00047.jpg,0.8686366337856413,0.7572234066321082,0.8618407924390233,0.9891170920102396,0.7635851885270066,0.9339471189443165,0.04561630539540338,0.9812185329850465,0.9849191955404928
RipVIS-012_00048.jpg,0.8407304166391085,0.7070559225614536,0.8283922198641382,0.9824114618460195,0.7161211052697608,0.9144068403586618,0.045169385187395016,0.9758940972211633,0.978947637385858
RipVIS-012_00049.jpg,0.8497390627707699,0.7226017471849929,0.8389655338105164,0.9783802974628452,0.7343272278374474,0.9174008115893274,0.043917851493851835,0.9781901041656053,0.9782793382562969
RipVIS-012_00050.jpg,0.8596283117153056,0.7401747972018141,0.8506901701967052,0.9726757497096297,0.7558919612537061,0.919911114897484,0.042766295700673085,0.9802582465267141,0.9766996564217476
RipVIS-012_00051.jpg,0.8326488749598435,0.690250387443798,0.8167433565717781,0.9573448500077433,0.7121523295283396,0.8956694366134818,0.03775395936046169,0.9763617621517183,0.9674069509083892
RipVIS-012_00052.jpg,0.870264820525579,0.7585284075062517,0.8626854184083519,0.9725881517517435,0.7750990130009572,0.9254297080237184,0.03267230168519631,0.9829644097211556,0.9780783614124345
RipVIS-012_00053.jpg,0.879737013642927,0.7753885424282628,0.8734860273095331,0.9836048775287712,0.7855412615669001,0.9363854876345219,0.030769230763851532,0.9849142795128202,0.9842961802066408
RipVIS-012_00054.jpg,0.8911176992328242,0.7961479146976641,0.8865059588721851,0.9733579259970621,0.8138837480153903,0.9366519941941184,0.05453163593871715,0.9868044704850404,0.9804570692187133
RipVIS-012_00055.jpg,0.8818256985348774,0.7785437750326267,0.8754845238693602,0.9633972095948186,0.8022747156465043,0.926195266606873,0.05069214270799529,0.9858485243044859,0.9752341330757619
RipVIS-012_00056.jpg,0.8446519615830066,0.7101545778722131,0.8305150739716087,0.9271993375920679,0.7520903992620288,0.8859445090546603,0.032291486784270164,0.9801627604156031,0.9551460050640646
RipVIS-012_00057.jpg,0.8568257881021266,0.7316746605980768,0.845048642503523,0.9225755438534304,0.779541350654035,0.8899182044558782,0.05795094935562679,0.9828211805544891,0.9543096533490043
RipVIS-012_00058.jpg,0.8321035077513759,0.6851228801139971,0.8131429324224109,0.8968277033623924,0.7437428158117887,0.8613685358710309,0.03857393336478201,0.9799945746517144,0.9405324007455467
RipVIS-012_00059.jpg,0.8330649450007224,0.68699353080206,0.8144589985184325,0.9223982262240874,0.7291354232409588,0.8759621604490734,0.039370078732596486,0.980049913193381,0.9526606481555859
RipVIS-012_00060.jpg,0.8282465710740505,0.6783813987510486,0.8083757354030016,0.9296441061297482,0.7150945054819324,0.8770178245662459,0.04769412691216118,0.9790776909711598,0.9555926963739427
RipVIS-012_00061.jpg,0.8096520712275135,0.6442590616509157,0.783646660890588,0.8926971325964898,0.6983387074039966,0.8456269310426782,0.04879984129164851,0.9761241319433853,0.936533979543444
RipVIS-012_00062.jpg,0.8273842470096064,0.6775867609145632,0.8078112878587168,0.9298628566183829,0.7140825276297587,0.876868697369789,0.04999023627221436,0.9782259114572719,0.95529600629244
RipVIS-012_00063.jpg,0.8201322134018856,0.6642659543918047,0.7982689937733618,0.9212197380402782,0.7042730720488113,0.8677582962602963,0.038683602763917704,0.9770865885406065,0.9505989816660285
RipVIS-012_00064.jpg,0.8068738160939279,0.6398060385311687,0.7803435571005279,0.9241562209369595,0.6752625128246172,0.8607069572633694,0.028966300638211602,0.9750944010406086,0.9509058142524974
RipVIS-012_00065.jpg,0.7958774458824963,0.6198198475064587,0.765294793072953,0.9116456783497627,0.6594328514316178,0.846865654087839,0.02076766177994295,0.9731629774294996,0.943954970580837
RipVIS-012_00066.jpg,0.7838118661804726,0.5974087630274376,0.7479723122279833,0.8985971297390386,0.6405944658733789,0.8316100946964045,0.020810107762762892,0.9714756944433903,0.9368376936897533
RipVIS-012_00067.jpg,0.7836403150794162,0.5965836476326083,0.7473252635616232,0.8911393583626405,0.6434791379376075,0.8274463688165256,0.02577993647939848,0.9719140624989454,0.9335011100414301
RipVIS-012_00068.jpg,0.7778156168029191,0.5854612882350604,0.738537474966415,0.8673697443575134,0.643027269578132,0.8107949302738557,0.028266566823611648,0.9713758680545015,0.9219150581689186
RipVIS-012_00069.jpg,0.7902786571151668,0.6086008249868253,0.7566834674373736,0.8761774743827946,0.665871245514242,0.8241200868035492,0.029828760812036684,0.9731282552072774,0.9270803625540259
RipVIS-012_00070.jpg,0.7943726032387993,0.6155432170820258,0.7620263086416375,0.8713087440912028,0.677101935840469,0.8240384949751365,0.03231729709285396,0.9743044704850539,0.9253586717426812
RipVIS-012_00071.jpg,0.802290060236666,0.6301779988117567,0.7731401101856313,0.8962075383690971,0.6797910452909343,0.8425604703761872,0.038834951449328484,0.9754720052072748,0.9377784863540989
RipVIS-012_00072.jpg,0.7942049546413132,0.6153248895906678,0.7618589839801139,0.8850628198956477,0.668764613831178,0.8312900730328976,0.0358937544802775,0.9741959635406096,0.931809482379035
RipVIS-012_00073.jpg,0.7987472716761121,0.6236327774687657,0.7681943677449105,0.8852739725822548,0.6784656581837155,0.8344056566326286,0.04205607475879653,0.9749468315961644,0.9323163292658518
RipVIS-012_00074.jpg,0.7977074295440902,0.6214316288462443,0.7665221496739075,0.8849165416146634,0.6760697078667443,0.8334253301951364,0.049954086308548376,0.975048828123942,0.9321697882640869
RipVIS-012_00075.jpg,0.8021650883473769,0.6301953415946387,0.7731531620967446,0.8868096551207619,0.6853202282694758,0.8375598456928323,0.0379483624955903,0.9752267795128307,0.9332279730253263
RipVIS-012_00076.jpg,0.8178747155729924,0.6588235294007235,0.7943262411267269,0.8895727733325133,0.7175031940004106,0.848858601300754,0.07255936674094245,0.9779101562489388,0.9359660886971348
RipVIS-012_00077.jpg,0.813731818439144,0.6507710315936219,0.7884449377154146,0.8899018720650961,0.707754469461675,0.8463391710681334,0.06501950583967685,0.9776627604156058,0.9359354970928058
RipVIS-012_00078.jpg,0.7999528276843006,0.6255453463672405,0.7696436740632375,0.8788103916402663,0.6846017506929646,0.831627003655793,0.04399293285441821,0.9754134114572749,0.9294800597679799
RipVIS-012_00079.jpg,0.8046679567877377,0.6335641617400434,0.7756832288303659,0.8833949219005032,0.6913833637964812,0.8369094834985138,0.030575539562846123,0.9767458767350513,0.9322960478957125
RipVIS-012_00080.jpg,0.7994731064752174,0.6255229457313971,0.7696267190494144,0.9079404811359584,0.6678828383287093,0.8470493603992424,0.05184577521708847,0.9745529513878314,0.9428825797451144
RipVIS-012_00081.jpg,0.8435834012138803,0.7050801989473522,0.8270346455054025,0.883720930211924,0.7771822829877989,0.8601388112412561,0.06275914058372424,0.9828222656239336,0.9356865087208088
RipVIS-012_00082.jpg,0.828663761657833,0.6770517279531367,0.8074309416555531,0.8544877182951693,0.765286490991943,0.8350218133362539,0.030697674412893453,0.9810590277767133,0.9208576747897608
RipVIS-012_00083.jpg,0.8419127702350669,0.7011693289355182,0.8243380797069327,0.8852370424739563,0.7712787586779822,0.8598286927683535,0.025481313698474648,0.9833344184017108,0.9365524971017354
RipVIS-012_00084.jpg,0.8547142345340253,0.7246796112400994,0.8403643279797711,0.9298094266873236,0.7666178118638112,0.8918398459439942,0.04000842281743347,0.985337456596153,0.9587757515647755
RipVIS-012_00085.jpg,0.8519904589723746,0.7195696305172641,0.8369182820480614,0.9543631027448275,0.7452118153948236,0.9036399512565709,0.04477937963198353,0.9850108506933757,0.9703304706547172
RipVIS-012_00086.jpg,0.7825343427928995,0.592699199697308,0.7442701042481221,0.9479748788932892,0.6126264015853919,0.8544325050369376,0.03323262839209816,0.9734374999989437,0.9612473718912136
RipVIS-012_00087.jpg,0.7496550318307205,0.5342148063289228,0.6964015783515931,0.9479450590308389,0.55035993545131,0.8282744321578004,0.015432605480966572,0.9664388020822847,0.9575832956728181
RipVIS-012_00088.jpg,0.6987342770239842,0.44766791739622214,0.6184676914045293,0.9641949208979583,0.4552357608473337,0.7879968857162852,0.04804907138387305,0.9517632378461894,0.9577163880816051
RipVIS-012_00089.jpg,0.6628251725915306,0.38905507271176776,0.5601722787740002,0.9737816498509725,0.39317357370129524,0.7517550128210517,0.015197568386626528,0.9390559895823144,0.9556981073506234
RipVIS-012_00090.jpg,0.6530900130105727,0.3724948242335337,0.5427996050062375,0.9633749171736758,0.3778456142588917,0.7354397468258417,0.026247987113325603,0.9361968315962064,0.9492297686765774
RipVIS-012_00091.jpg,0.6653881841217669,0.3913796617033334,0.5625778103213103,0.9540223540512206,0.39890376182322984,0.7463082901554404,0.020989261304752805,0.9416699218739782,0.9475933662916525
RipVIS-012_00092.jpg,0.7143461082624712,0.47215224533855216,0.6414448598418853,0.9610946992653393,0.4813522416324975,0.8013589128697043,0.028926955392868946,0.9581662326378492,0.9595711472742677
RipVIS-012_00093.jpg,0.8494636261756445,0.7141191929316268,0.8332199952913214,0.9562120437891988,0.7382616506926172,0.9029009662741904,0.02620456466056539,0.9853634982628197,0.971367240222446
RipVIS-012_00094.jpg,0.8177185653803085,0.6552055924153634,0.7916908877274307,0.9611141515407117,0.6730474422972195,0.885329328606907,0.031033901158537037,0.9809472656239356,0.9714188918154363
RipVIS-012_00095.jpg,0.8608684268411873,0.7351092286951603,0.8473348150513595,0.9713974313370037,0.751372781317611,0.9176540647035579,0.03908158279455751,0.9871061197905956,0.9795521627395456
RipVIS-012_00096.jpg,0.6548244179851544,0.38630216822793023,0.5573130838015337,0.978095962717528,0.3896732590467866,0.7512210152755298,0.024835854977899533,0.9268749999989943,0.951220717626341
RipVIS-012_00097.jpg,0.7585353113117215,0.5691463332671041,0.7254216145438649,0.9938676004725991,0.5711520870389375,0.8657216998893712,0.025150905428980897,0.9512760416656345,0.9710972057608754
RipVIS-012_00098.jpg,0.7286439032857419,0.5318247678711645,0.6943676313711283,0.9962471611228572,0.532892348941616,0.8486630852025132,0.04491413473647105,0.9312814670128784,0.961002735905673
RipVIS-012_00099.jpg,0.8400291020771911,0.7127266725732602,0.8322713530261483,0.7946544605491064,0.8736265820273657,0.8092856557233044,0.02168632893447496,0.9697808159711699,0.8913396834129454
RipVIS-012_00100.jpg,0.8087538049162193,0.6602379016748406,0.7953533659348404,0.737472732768289,0.8630933476551549,0.7595837543806842,0.03819849874258573,0.9605457899295133,0.8619501292212697
RipVIS-012_00101.jpg,0.7765330296355699,0.6089218471245217,0.7569315417188123,0.7784921715729844,0.7365329870575186,0.7697221868469345,0.004618569835225582,0.9486132812489707,0.873296390485132
RipVIS-012_00102.jpg,0.8650187156072343,0.7641386782168169,0.8663022784458245,0.974461165657288,0.7797545646986508,0.9281108603010396,0.02745268024455242,0.969291449651726,0.9715823957410457
RipVIS-012_00103.jpg,0.6952801568042744,0.5024698516988152,0.6688584814273401,0.9959028605376735,0.5035106880921575,0.8329847098176536,0.00751003495953515,0.8994542100684685,0.9422032233357502
RipVIS-012_00104.jpg,0.6783626129883104,0.4787663890467615,0.6475213293904829,0.9991718025555897,0.47895645896997263,0.8208579350955294,0.016103452480651037,0.8902604166657007,0.9386061118183167
RipVIS-014_00000.jpg,0.7638410755039642,0.5783166683822186,0.7328271695628682,0.8374809516352824,0.6514235951491258,0.7922263604751735,0.0425789205675548,0.952653356481022,0.8999073363508938
RipVIS-014_00001.jpg,0.7570883773677235,0.5662238437576297,0.7230433197839271,0.7835957872680618,0.6711779550600823,0.7581971924242354,0.03505736076170882,0.9512639853390474,0.8748374164688024
RipVIS-014_00002.jpg,0.7578838640488109,0.5683055479036232,0.7247382994510035,0.7763585116374118,0.6795545963875318,0.7548524621898487,0.03492163009185444,0.9508608217588007,0.8715406384645636
RipVIS-014_00003.jpg,0.7482043609974158,0.5526833668133627,0.7119073709762964,0.7800628424899743,0.6547046653230434,0.7512924202533791,0.04171116275885978,0.947383777005716,0.8713294309638661
RipVIS-014_00004.jpg,0.7410846322975875,0.5422501397165393,0.703193503767428,0.7532159394656963,0.6594014578246519,0.7323765773025773,0.0318012573990233,0.943911072530409,0.8577880512163749
RipVIS-014_00005.jpg,0.7372379949325264,0.5350481907652114,0.6971093076869377,0.7371723178442555,0.6611764360443858,0.720606948161311,0.04421414116365891,0.9433748070983105,0.8502708605969995
RipVIS-014_00006.jpg,0.7519969452949513,0.5578005569686648,0.7161386025616693,0.7038203975226488,0.7288956729452654,0.7086964751228157,0.02077094615987442,0.9496132330242334,0.8389167967162621
RipVIS-014_00007.jpg,0.771658472416874,0.5902057565000688,0.7423011193206472,0.7080436566159208,0.7800421017531692,0.7213600668705044,0.02529335071543068,0.9560773533946006,0.8442277556426666
RipVIS-014_00008.jpg,0.770448412410849,0.5888564397310698,0.7412330340313689,0.7189983222614407,0.7648868279649413,0.7277301894457282,0.02479338842817588,0.9551229745365765,0.8486509121609231
RipVIS-014_00009.jpg,0.7575625825497656,0.5670856524868056,0.723745573940899,0.7144038795231987,0.733334813199331,0.7181114685679506,0.022876429775431188,0.951350790894603,0.8444805423879027
RipVIS-014_00010.jpg,0.7439744663246304,0.5457177850394369,0.7061027443965312,0.7148503490224352,0.697566640051956,0.7113254265457459,0.024675404588968344,0.9459799382711487,0.8419533446979062
RipVIS-014_00011.jpg,0.8162366954219713,0.6660369437413424,0.7995464281189995,0.6937146391759564,0.9434822969631181,0.7324973817862411,0.046204858354630944,0.968542148919286,0.8447913824454357
RipVIS-014_00012.jpg,0.8170936949279327,0.6672378891310659,0.8004111392631775,0.7374248293419461,0.8751621248998379,0.7613911210519662,0.023268892792740324,0.9690036651229895,0.8638715415229703
RipVIS-014_00013.jpg,0.8107210765963234,0.6564145850780081,0.7925728147909232,0.7766169927715123,0.8091980235601423,0.7829216035457512,0.030925737536051153,0.967217881943978,0.8802770272524414
RipVIS-014_00014.jpg,0.8126279096094132,0.6600025185711623,0.795182550854508,0.777280789692312,0.8139283517880127,0.7843438908609842,0.055797304880979975,0.9674488811723729,0.8807785722699684
RipVIS-014_00015.jpg,0.7982146546898097,0.6345967340919583,0.7764566279333548,0.7756576888778031,0.777257214519631,0.7759770671251315,0.04133242691765245,0.9642052469131153,0.8781453046475558
RipVIS-014_00016.jpg,0.8242643880585836,0.6802212642150303,0.8096805804119109,0.7621838371331335,0.8634904099054936,0.7804977764428092,0.03321454026848079,0.9703091242279271,0.8756485798730655
RipVIS-014_00017.jpg,0.7858200798720456,0.6138735449358038,0.7607455328356872,0.7874473401446866,0.735795214216709,0.7765447985324875,0.029676140117007525,0.9604239004624998,0.8814463871337581
RipVIS-014_00018.jpg,0.7849106042370986,0.6113363634148025,0.758794224837372,0.7450833269785684,0.7730191938065717,0.7505077940481814,0.025016722406353397,0.9610296103390427,0.8627356039211953
RipVIS-014_00019.jpg,0.7739845425399384,0.5918985893986279,0.7436385625823435,0.7168358660292101,0.7725234330733094,0.7273217035878877,0.028710068740483215,0.9587017746908957,0.8487951458502025
RipVIS-014_00020.jpg,0.7802816895636782,0.6036286584529786,0.752828474686028,0.7048635274066073,0.8077979618912096,0.7232968881412952,0.024556893517483636,0.9595852623452162,0.8444092035219535
RipVIS-014_00021.jpg,0.7826786141960145,0.6076338717263116,0.7559356423285873,0.7123155187795599,0.8052465936904039,0.7291452075865573,0.022897132761047892,0.9603211805550924,0.8480254232131987
RipVIS-014_00022.jpg,0.8387120584967052,0.7055863516457371,0.8273827366933487,0.7228115248441256,0.967328989980541,0.7612991414081,0.0437392152416731,0.9736183449069379,0.8602357069630729
RipVIS-014_00023.jpg,0.7948703939630963,0.6304250056188141,0.7733259775165697,0.7395999934006079,0.8102747520679547,0.7527311171150006,0.041328463200667714,0.9619560185180546,0.8614715664858346
RipVIS-014_00024.jpg,0.8179254666287512,0.6702776432414267,0.8025942823980466,0.756738661023413,0.8543657517883527,0.7744374211304681,0.049690305515367086,0.9678250385797802,0.8722673115320789
RipVIS-014_00025.jpg,0.8493723911359765,0.7250799530472337,0.8406334463123641,0.7509353793611487,0.9546669313095574,0.7844151426511172,0.03409340860516948,0.9753751929007641,0.8737796963150887
RipVIS-014_00026.jpg,0.8289367265111554,0.6892822878570226,0.8160652518667288,0.7604123270199159,0.8805076956115717,0.7817370700182775,0.042873207756334464,0.9706370563266924,0.875372236462174
RipVIS-014_00027.jpg,0.856062055485012,0.73656621521411,0.8483019060961001,0.7681963491430678,0.9470587815241426,0.7983518487533539,0.05010469637674957,0.9771214313266893,0.882147811380241
RipVIS-014_00028.jpg,0.8589731933395024,0.7417297460558359,0.8517162294959826,0.7796059014766663,0.938526011758645,0.8069334229256517,0.037710538080361414,0.977737268518047,0.8875219386663591
RipVIS-014_00029.jpg,0.8591514444625585,0.7417936544720166,0.8517583613506432,0.780876588946849,0.9367929854081708,0.8077648749336064,0.029168220810953507,0.9779943094131086,0.8881176516931566
RipVIS-014_00030.jpg,0.8352453741854151,0.697578499958826,0.8218512427858217,0.7254107625089207,0.9478663039180112,0.7611371461242507,0.03236475312761912,0.9745052083328634,0.8609454738704073
RipVIS-014_00031.jpg,0.8371050340144902,0.7004808926821411,0.8238621153540677,0.7086908002296328,0.9837309750679551,0.7506663848108043,0.040419161673285166,0.9752498070982951,0.8538241939831744
RipVIS-014_00032.jpg,0.8519033478651875,0.726863164783582,0.8418306436858599,0.7423244120187364,0.9721433784691255,0.7791639692481287,0.03166978750861599,0.9782764274686641,0.870263985505518
RipVIS-014_00033.jpg,0.87693749898477,0.7724804694799021,0.8716377785607653,0.8030948935507639,0.9529724796114586,0.8291764363839976,0.07496823379288706,0.9824999999995262,0.899964266812348
RipVIS-014_00034.jpg,0.8676284599293227,0.7561814830726926,0.8611655348394224,0.7886354416900887,0.9483879198992196,0.8161302739400452,0.051501098360466915,0.9803505979933543,0.8925206251521169
RipVIS-014_00036.jpg,0.8360443441974099,0.699594243181158,0.8232485441604181,0.7198090196647475,0.9614066435027349,0.7579004887526183,0.034466058597589305,0.9741502700612586,0.8585859498438155
RipVIS-014_00037.jpg,0.8312226844508482,0.6923565597600116,0.818215943640379,0.7793828440615762,0.8611217193142926,0.7944651930184355,0.04449073729302204,0.9719753086415066,0.8841577820539939
RipVIS-014_00038.jpg,0.797092619883547,0.6345152028103248,0.7763955963448524,0.7881664091407219,0.7649711908128306,0.7834155128812111,0.03811129847972268,0.9623090277773138,0.8831210210529279
RipVIS-014_00039.jpg,0.7189801344893803,0.5090222874091903,0.6746385280804836,0.8472490175012073,0.5604564415029307,0.7685896307083663,0.028334618348218026,0.9338141396600435,0.8943459385961843
RipVIS-014_00040.jpg,0.7488972328218184,0.556491019414349,0.7150584391084202,0.826201608916875,0.6302722821603993,0.7778409681247231,0.03687952687641175,0.9453298611106552,0.891158955275858
RipVIS-014_00041.jpg,0.7337645683474208,0.5322270304244571,0.6947104049939906,0.8075072840715429,0.6095633756897945,0.7582611570953153,0.030225245457856303,0.9397381365736209,0.8797574596279605
RipVIS-014_00042.jpg,0.7271600069346853,0.5227020279663415,0.6865453888761689,0.8238638631741466,0.5884626821266544,0.7628330434433648,0.03786574870670837,0.9363821373452275,0.8853200101666926
RipVIS-014_00043.jpg,0.7430459506237932,0.5483551752790977,0.708306703828796,0.8187436096177642,0.6241215541986642,0.7706788984227676,0.04860884863174504,0.9421127507711506,0.8862205353939128
RipVIS-014_00044.jpg,0.729784032321772,0.5282985913064321,0.6913552028531648,0.8230743599665514,0.595978848741999,0.7647902659022772,0.04005053695261841,0.9361820023143633,0.8850063090699691
RipVIS-014_00045.jpg,0.7580969163380842,0.5732332649614129,0.7287327031894063,0.7878946441019606,0.6778349923487116,0.7631133934250741,0.0359674796724574,0.9470196759254692,0.8753568033080575
RipVIS-014_00046.jpg,0.7407135224189858,0.5449476004753134,0.705457713009369,0.7873982757189192,0.6389639600341788,0.7524392447375553,0.03847631241751112,0.9409698109563364,0.8717577200090552
RipVIS-014_00047.jpg,0.7619929984665114,0.5795136909536315,0.7337874869622055,0.7704868334355863,0.7004252690565659,0.755375222782602,0.026473045041028525,0.9484196566353451,0.8684959261714864
RipVIS-014_00048.jpg,0.7265014364972728,0.5229465990001773,0.6867563174486808,0.7720976925811772,0.6184030889557244,0.7355364326288756,0.023578449668808107,0.9350371334872034,0.8618450198970088
RipVIS-014_00049.jpg,0.7437548013359004,0.5518013278650662,0.7111752232152323,0.8124756272760114,0.632334965863847,0.768679104915123,0.039400455347875,0.9404239004625095,0.8827982304733921
RipVIS-014_00050.jpg,0.7405162759623622,0.5486059304584546,0.7085158589003252,0.8268810424504682,0.6197944153415785,0.7750864370216413,0.04375234052903805,0.9375549768513997,0.887810237889525
RipVIS-014_00051.jpg,0.7267744415744096,0.5263006064784226,0.6896421376556178,0.8291007271127614,0.5903436041487161,0.7670555158748217,0.03625766870943204,0.9326890432094267,0.8860299348393128
RipVIS-014_00052.jpg,0.7252490425935965,0.5240840767921476,0.6877364376054976,0.8030336689684232,0.6013905386089143,0.7525672868825076,0.039362757250225464,0.9319299768514024,0.8741171369244947
RipVIS-014_00053.jpg,0.7400804974630567,0.5482113333614724,0.7081866946047959,0.8586963603150044,0.6025700614109715,0.7914169799009659,0.04718172425397878,0.9371402391970789,0.9017419140675564
RipVIS-014_00054.jpg,0.7480028720954855,0.5609746628577041,0.7187492227845874,0.858049783790532,0.6183610588046468,0.7963162619938918,0.026213592231512643,0.9400110918205343,0.9030504876636162
RipVIS-014_00055.jpg,0.7564255521942521,0.5746016434548783,0.7298374745680164,0.8604174863459412,0.6336695364975582,0.8029528602627335,0.03955931042130612,0.9430034722217675,0.905768325198935
RipVIS-014_00056.jpg,0.7374018033673875,0.5410725602008402,0.7022025752380211,0.8193441800570361,0.6143666060196882,0.7680909333466911,0.04203977206407491,0.938533468363745,0.884721238370555
RipVIS-014_00057.jpg,0.7434493556821438,0.5511271907477597,0.7106150856424289,0.8435138293681144,0.6138938278880446,0.7848043982308491,0.05063218058711205,0.9404663387341143,0.896589404084042
RipVIS-014_00058.jpg,0.7626766812426282,0.5824834850353797,0.736163745838216,0.8457296926923228,0.6517307446644879,0.7982095143537127,0.050231749707402566,0.9470871913575679,0.9012549602946122
RipVIS-014_00059.jpg,0.7727667553332249,0.598450781515982,0.7487885000105001,0.8544010551661985,0.6664131400053354,0.8087718998704522,0.02477665276802998,0.9509510030859611,0.9071927540920319
RipVIS-014_00060.jpg,0.7694874138017413,0.5903743271333907,0.7424344282487575,0.8107723531099867,0.684721045245179,0.7819811406381738,0.04303554274460227,0.9521455439810224,0.8880311635988312
RipVIS-014_00061.jpg,0.7623071825438561,0.5793447066303438,0.733652006681203,0.8262332730719202,0.6597280220747861,0.7865315681928379,0.0365299607050264,0.9491059027773201,0.8933646860022679
RipVIS-014_00062.jpg,0.7643076699333127,0.583191278491246,0.7367287660237962,0.8215727776832129,0.6677681898826252,0.7853934227905571,0.05249968675275656,0.9492959104933694,0.8914701006216732
RipVIS-014_00064.jpg,0.7571920603075047,0.5695194079030674,0.7257245817227137,0.860482576339595,0.6274597077476511,0.800989105520877,0.034979423866131724,0.9486130401229993,0.9083279278766115
RipVIS-014_00065.jpg,0.7522601928442345,0.5603411097435966,0.7182289901157252,0.8240679243878962,0.6364825332829451,0.778197540714054,0.0468599961560169,0.9478867669748515,0.8914045066493486
RipVIS-014_00066.jpg,0.7516826931092935,0.5579734032098159,0.7162810379949373,0.8445331446995974,0.6218464729296732,0.788089313645638,0.04449864855662874,0.9489134837958387,0.9010379062231035
RipVIS-014_00067.jpg,0.7604286090490333,0.5732879589926339,0.7287768977266011,0.8442368372155896,0.6410986450139957,0.7939243440497856,0.04504933650595105,0.9510194830242327,0.9021416407292298
RipVIS-014_00068.jpg,0.7503194427218596,0.5551289868151499,0.7139330454537212,0.8267867431497107,0.6281874979152339,0.777618479350565,0.04677718923802867,0.9489790702155917,0.8929800740768985
RipVIS-014_00069.jpg,0.7475420098417984,0.5505494184446406,0.7101346295649162,0.8261068319818016,0.6227153430732284,0.7754512066662904,0.06294146443367078,0.9480632716044811,0.8921728625685983
RipVIS-014_00071.jpg,0.7387272049544031,0.536256549817067,0.6981341103228141,0.7834516236185942,0.6295738177071442,0.7469388863554841,0.04529879385654476,0.9449416473760875,0.8713388270608342
RipVIS-014_00072.jpg,0.7632860933295782,0.5780536620224259,0.7326159761659754,0.8701401273829927,0.6326299069632605,0.8093674572808827,0.04186698717669157,0.9519102044748495,0.9143743003603478
RipVIS-014_00073.jpg,0.7587998939522904,0.5690063857597545,0.7253079285387695,0.8431184384722369,0.6363847078733267,0.7916818350568229,0.027540490669887206,0.9518605324069483,0.9019221375409139
RipVIS-014_00074.jpg,0.755075748864142,0.561547669679506,0.7192193752173557,0.8336816066085103,0.632393462048134,0.7837864303462796,0.03309790887459507,0.9517780671291707,0.8974541935127824
RipVIS-014_00075.jpg,0.7583625854481353,0.565913835811776,0.722790517421291,0.8315200393878618,0.639207742513048,0.7843255402908331,0.039292871454387854,0.9537755594131203,0.8974240268978861
RipVIS-014_00076.jpg,0.7619023959194916,0.5718389621532163,0.7276050230614857,0.827785319333657,0.649055036341386,0.7845756031431226,0.042533081282351816,0.954861593363737,0.8963142431076218
RipVIS-014_00077.jpg,0.778384340939108,0.6007340032096263,0.7505731770613939,0.8764885412916826,0.6562911272270872,0.8213715701170853,0.025944687840502145,0.9587625385797846,0.9207594304017062
RipVIS-014_00078.jpg,0.7560510866872923,0.5626344707384437,0.7201101489493744,0.8699010976111541,0.6143272483673774,0.803081159622596,0.023724320740641198,0.952552083332874,0.9143450624801683
RipVIS-014_00079.jpg,0.803238462575918,0.6430117571396995,0.782723257268848,0.8687792630734289,0.7121791127759022,0.8321817862737324,0.04144171545574924,0.9657209683637318,0.9209584732635661
RipVIS-014_00080.jpg,0.8421666668847811,0.7104895422642864,0.8307440936748027,0.8625395665037167,0.8012094113676904,0.8495337195797024,0.04763056092459457,0.9754214891970605,0.9232242723060476
RipVIS-014_00081.jpg,0.9214621802557392,0.8539702578454659,0.9212340427056052,0.8748600632696529,0.9727995298990785,0.892837881566174,0.0979069536655186,0.9896243248452018,0.9365185311306257
RipVIS-014_00082.jpg,0.917146642333366,0.8461224953341253,0.9166482695190685,0.8623883198895294,0.9781945420623793,0.8833027599723794,0.05857540024364151,0.9888932291661897,0.9304615799342084
RipVIS-014_00083.jpg,0.9363489359336188,0.8812591143455005,0.9368822270419617,0.9343032112996492,0.9394755202258427,0.9353331118627688,0.07579917630164747,0.9919502314810031,0.9650957129836
RipVIS-014_00084.jpg,0.9174456302774606,0.8465853987011949,0.9169198449166174,0.9416651683975963,0.8934417490501059,0.9316084755686324,0.0726980441124678,0.9890147569439675,0.9669688897314188
RipVIS-014_00085.jpg,0.9168477845584362,0.8452741499990045,0.9161502099831188,0.926550998941516,0.9059803323890779,0.922362472952179,0.08983539476519711,0.9891102430550786,0.9599767971009607
RipVIS-014_00086.jpg,0.9438434238581253,0.8950198428643054,0.9446020802731975,0.9129136768631795,0.9785694807512025,0.9253304372358854,0.055075915445561584,0.993098476079768,0.9557681612430942
RipVIS-014_00087.jpg,0.9421299717295122,0.8917370258564172,0.9427706004249875,0.911921890272581,0.9757795009816702,0.9240159028622694,0.042834738282411806,0.9929566936723606,0.9551920245655798
RipVIS-014_00088.jpg,0.8908604323710616,0.7973871356438308,0.8872736650117435,0.8897155522653142,0.8848451449290212,0.888737186252297,0.057214152031261546,0.9852435378081669,0.9408149539990335
RipVIS-014_00089.jpg,0.9316785458787339,0.8723145047682553,0.9318033936571202,0.8885652290157792,0.9794647903395276,0.9053698602755118,0.04537295571944825,0.9915591242279169,0.943636156591604
RipVIS-014_00090.jpg,0.7198842460115711,0.5003606331938588,0.6669871524537769,0.8672515261112895,0.5418613680459433,0.7742619751587659,0.02886739279237814,0.942874228394607,0.9077332539618623
RipVIS-014_00091.jpg,0.7280010937508948,0.513449000366004,0.6785151005971585,0.8841956059466284,0.5504663000643231,0.788577922319865,0.04097128845677677,0.9458367091044821,0.9171462032504525
RipVIS-014_00092.jpg,0.7758550765551329,0.5944508198286695,0.7456496148216673,0.9064351333449018,0.6333114027102448,0.8344607370011836,0.05580731788722664,0.9597791280859569,0.9349625844183467
RipVIS-014_00093.jpg,0.6616699988366751,0.41365920587578414,0.5852318637425995,0.9058780630038953,0.43223662461789564,0.7430355743520108,0.03884156728866497,0.915091145832892,0.9108107885041072
RipVIS-014_00094.jpg,0.5896535271180682,0.31570149315064805,0.47989835809132153,0.860372862343283,0.33274964761917825,0.6532182537993274,0.04362751216804222,0.871680169752666,0.8664442771722856
RipVIS-014_00095.jpg,0.5742282767712183,0.29079673473465706,0.4505693683745408,0.8051399401457128,0.31281202554933507,0.6123782339300919,0.021378410290138684,0.8655092592588418,0.8375440197471196
RipVIS-014_00096.jpg,0.5890197164627549,0.31390280684156147,0.47781739289550634,0.8590197355320452,0.33095247835186214,0.6512068190184674,0.04092713684954886,0.8720876736106905,0.8660313868422287
RipVIS-014_00097.jpg,0.5624139138493316,0.27525777247182737,0.4316896213669747,0.7837650711893042,0.29787918335588764,0.5909721306720805,0.027851753216386388,0.8577001350304506,0.8234705501721893
RipVIS-014_00098.jpg,0.6269301366599368,0.36208275125333156,0.5316604309395419,0.8417375689967401,0.38853346456567117,0.6825141161964301,0.029798422434450317,0.8980406057094434,0.8719674969489335
RipVIS-014_00099.jpg,0.5999345872505623,0.3270586960341175,0.4929076566266804,0.8583485612242635,0.34571843417249487,0.6620202753614763,0.03595935602824232,0.8802150848761188,0.8700773209764432
RipVIS-014_00100.jpg,0.5827283821124773,0.30505568308843034,0.4674983405558793,0.8773172911992224,0.31864876804990966,0.6495526462552705,0.035222923345648964,0.8684616126539022,0.8725775027103857
RipVIS-014_00101.jpg,0.7361807853181748,0.5259664564144604,0.6893552007038419,0.8465493418598898,0.5813967426290616,0.7757879570230706,0.05873459822671898,0.9494044174378138,0.9016294994758914
RipVIS-014_00102.jpg,0.9013175303764618,0.8164662726661472,0.8989611147227808,0.8497317016207503,0.9542455638842902,0.8687619535000716,0.057801848906732484,0.9869704861106351,0.9233745092859211
RipVIS-014_00103.jpg,0.880547319996299,0.7776720952458076,0.8749331187968893,0.802345283306254,0.9619613519128348,0.8298854872087708,0.05833963690825079,0.9843311149686611,0.9000095704824371
RipVIS-014_00104.jpg,0.7828150220302514,0.6030672956859909,0.7523917396467426,0.7950826095883051,0.7140517125498982,0.7774378137526594,0.02857142856919206,0.9645775462958311,0.8859829941642371
RipVIS-014_00105.jpg,0.8670586103006355,0.752107583089215,0.8585175823086643,0.765945147402845,0.9765429515029023,0.8004704745169581,0.05783294841629783,0.9829407793205136,0.8823058997936639
RipVIS-014_00106.jpg,0.724466663432882,0.5077994345548621,0.6735636357428088,0.8524847953869008,0.5567184825652073,0.770605317509668,0.03536954836642221,0.944504243826705,0.9018071013921023
RipVIS-014_00107.jpg,0.6926672843356321,0.45714893205583396,0.6274567026046687,0.871038074256443,0.4903365717511503,0.7539616251238506,0.040252619887552736,0.9322810570983159,0.903804844153228
RipVIS-014_00108.jpg,0.6784125092465512,0.43332299757071807,0.60464110086162,0.841891048004688,0.4717103069551205,0.727679824433288,0.028081865776291435,0.9277295524686884,0.8878255256537286
RipVIS-014_00109.jpg,0.7581338499389769,0.5641581371042184,0.7213569059566629,0.8894302132409694,0.6067087382990225,0.8136036405433927,0.058221024254276395,0.9549049961415148,0.9244669948646576
RipVIS-014_00110.jpg,0.7433586369283995,0.5393643469861833,0.7007624257923968,0.8788172953340037,0.5827025823658354,0.7977391262866653,0.050011146611428164,0.9504099151229984,0.9171460853924093
RipVIS-014_00111.jpg,0.765092858309314,0.5752636070383188,0.7303712273527123,0.9100172369013986,0.6099594607689164,0.8285039350395587,0.041117435587094256,0.95751591435139,0.9353696094691775
RipVIS-014_00112.jpg,0.8024313877402081,0.640197500962242,0.7806346498963233,0.9268049416228281,0.6742896095220399,0.862225796338187,0.06526468454876604,0.9667554012341016,0.9481419821066923
RipVIS-014_00113.jpg,0.8005783101439086,0.6363492088649265,0.7777670015880508,0.9369771463216263,0.6648041913946745,0.8660633288694976,0.06675446538260314,0.9668489583328671,0.9528988037876712
RipVIS-014_00114.jpg,0.8166257896303084,0.6641305497233047,0.7981712129901465,0.9318479992430275,0.6980356139981629,0.8733415111131929,0.06782082527373554,0.9708979552464454,0.9526580714611771
RipVIS-014_00115.jpg,0.8095765960321621,0.6516643919301702,0.7891002495593203,0.9417920261021587,0.6790126277154221,0.8741336893913437,0.05723711339734127,0.9693528163575572,0.9564657296367978
RipVIS-014_00116.jpg,0.7758859092891902,0.5926687395962734,0.7442460881683525,0.9241756933625032,0.622960641037396,0.842684433999126,0.04295546238090693,0.9613999807094129,0.9439921024644488
RipVIS-014_00117.jpg,0.760106330299808,0.5657910747024214,0.722690381678092,0.926374843601916,0.5924310220026682,0.8325193004569088,0.045199501243360383,0.9569767554007731,0.9426614050860758
RipVIS-014_00118.jpg,0.7553759603390737,0.5574879367170593,0.715880904852665,0.9223871045084406,0.584926239318475,0.8269668820215049,0.030131826739726416,0.955862750771144,0.940198681590753
RipVIS-014_00119.jpg,0.7578174825809219,0.5618116953594607,0.7194358923406016,0.9344308553017694,0.5848686235595275,0.8346595729052496,0.07173999206724217,0.9564043209871931,0.9461165967844398
RipVIS-014_00120.jpg,0.7509984870218236,0.5503387591790418,0.7099593632948522,0.939973545180599,0.5703846324272548,0.8321348059535082,0.05795768168828905,0.9543586033946014,0.947620515093404
RipVIS-014_00121.jpg,0.733179457122143,0.5209289183674819,0.6850141542796502,0.9296988810017314,0.5422903457717018,0.8134712195449924,0.036738688546507664,0.9484866898143574,0.9396950528323402
RipVIS-014_00122.jpg,0.7269579790550109,0.510364346645272,0.6758161999505109,0.9428066471853932,0.5266701404100543,0.8141501755099965,0.03542129877823957,0.946688368055099,0.944869065581597
RipVIS-014_00123.jpg,0.6923444777861057,0.4546427562480169,0.6250919743630858,0.9375507692230766,0.4688407818917558,0.7813286361348767,0.049843999691816146,0.933900945215599,0.9356119010262653
RipVIS-014_00124.jpg,0.7380257879264578,0.5272001620911626,0.6904139682244123,0.927774184445928,0.5497634057748165,0.8156130219321203,0.05237177014636546,0.9516112075612695,0.9404286389460788
RipVIS-014_00125.jpg,0.7647482762316573,0.5728040991127669,0.7283858166899373,0.9436088355200192,0.5931070066053435,0.8438703113784533,0.05897989698795648,0.9590692515427474,0.9518164095918002
RipVIS-014_00126.jpg,0.7846451590958647,0.6070582737677382,0.7554900574258504,0.9464124576676927,0.6286672715739852,0.8595268993123484,0.05400068680855076,0.964314236110646,0.9559170138727761
RipVIS-014_00127.jpg,0.7944231242321533,0.6240634688806086,0.7685210348469281,0.9486928862450823,0.6458616469914912,0.8673558256654929,0.054679284958405246,0.9667279128081757,0.9582678492945234
RipVIS-014_00128.jpg,0.7723006264791543,0.5862525556376988,0.7391667279640927,0.9444562498901184,0.6071869564957035,0.850024936261738,0.05690082997716259,0.9606698495365738,0.9530713912474728
RipVIS-014_00129.jpg,0.7780797516352497,0.5968687656303641,0.7475489263449274,0.9649792069078476,0.6100840510071107,0.8644110055144902,0.04081632652740845,0.9616049382711412,0.963186461780127
RipVIS-014_00130.jpg,0.925965583061827,0.8615281382664174,0.9256138766387184,0.9674980540156052,0.8872056556568998,0.9502976059758694,0.049358912556699226,0.9909437692896456,0.9799458441526471
RipVIS-014_00131.jpg,0.8577606277116698,0.7367738260932997,0.8484395780544428,0.965093338630549,0.7569453022855818,0.9147831470897442,0.05166374780633417,0.9799406828698978,0.9729755763506882
RipVIS-014_00132.jpg,0.7477941882920325,0.5436317670621391,0.7043542101971463,0.9723155815722575,0.5521787467628605,0.8438963218245626,0.041343669247593674,0.9545572916662063,0.962912962488242
RipVIS-014_00133.jpg,0.6334430709983869,0.36416727396031395,0.5339041346492648,0.9298592937418868,0.37445339391779026,0.7171249734609305,0.03475688666822229,0.9078530092588214,0.9181940642154948
RipVIS-014_00134.jpg,0.6372233924235665,0.37005191815131755,0.540201306605443,0.944372596536932,0.378297892778161,0.7268460534468894,0.03667717649850864,0.9094786844131416,0.9258846314491109
RipVIS-014_00135.jpg,0.7560114885972298,0.5572909137106501,0.7157184425904852,0.9519965255520187,0.5734040479653809,0.8409485495232278,0.049409237375371395,0.9571725501538594,0.9547398963037128
RipVIS-014_00136.jpg,0.6439221872538736,0.37955794442303803,0.5502602423586892,0.9234644692313464,0.39188559434947123,0.7263978878208129,0.029967343277840345,0.9131587577156091,0.9179970832141005
RipVIS-014_00137.jpg,0.7312721829925708,0.5171380070045638,0.6817283656687247,0.9291972223949543,0.5383516318218042,0.8113836249886662,0.043274021349233166,0.9484220679007772,0.9394172058131136
RipVIS-014_00138.jpg,0.7987109115512447,0.6321622016447853,0.774631591158935,0.9514920510738248,0.6532141279576116,0.871867663103911,0.057556970504561246,0.9672169174378051,0.9598493443529954
RipVIS-014_00139.jpg,0.7911515022982436,0.6201365468422506,0.7655361494695447,0.943827609673139,0.6439015016006582,0.8633946274041042,0.015250712468978609,0.9643672839501523,0.9547719858284803
RipVIS-014_00140.jpg,0.7938051680765061,0.6256808553529065,0.7697462306857054,0.9574525556948018,0.643574885739553,0.8723608026900721,0.04856787048189851,0.9642071759254609,0.9610549697840447
RipVIS-014_00141.jpg,0.8224306821972249,0.6756998904318584,0.8064688603133086,0.9417893493546141,0.7051497963810885,0.8825544754076403,0.06614186008228032,0.9710233410489144,0.9574075730641589
RipVIS-014_00142.jpg,0.7753805773745349,0.5947706547762577,0.7459011776959271,0.9506452685272867,0.6137216165429442,0.8565939131014969,0.04473814403528602,0.9586607831785501,0.9549262612010634
RipVIS-014_00143.jpg,0.7825401301103982,0.6074112550782851,0.7557633470081714,0.956612779746952,0.624618988343618,0.8646934317463333,0.05577399154974705,0.9602710262341048,0.9585675066362176
RipVIS-014_00144.jpg,0.7593153219959683,0.5676770144716932,0.7242270049650504,0.9492694958655261,0.5854377811346966,0.8443250460306009,0.037275333936829476,0.953921199845219,0.9517536875188328
RipVIS-014_00145.jpg,0.7713560847527132,0.5898369046365433,0.742009325505483,0.9473710731596982,0.6098188221092172,0.8529451413787114,0.046751460979941456,0.9558661265427489,0.9519235847569787
RipVIS-014_00146.jpg,0.8273852571807505,0.6860025481894053,0.8137621724547238,0.9726244676092478,0.6995088460485899,0.9021755418420586,0.05764238814646187,0.9707629243822479,0.9716282726601713
RipVIS-014_00147.jpg,0.8340178330286706,0.6980191334841332,0.8221569706954727,0.9569099323534573,0.7206713496663592,0.8980341846075719,0.05166601332405597,0.9719598765427412,0.9649816195660226
RipVIS-014_00148.jpg,0.7481972736715259,0.5668269043867771,0.7235348114074173,0.9263657202705957,0.5935705344977643,0.832962829324115,0.04930391239479976,0.9355111882711538,0.931396752267885
RipVIS-014_00149.jpg,0.7542053059797844,0.577236668133872,0.7319594830582237,0.925171269336035,0.6055062088449964,0.8368152482032943,0.037322515210818745,0.9370862268514,0.9317385143897556
RipVIS-014_00150.jpg,0.7317117883834181,0.5425085895956252,0.703410785852215,0.8974453457394795,0.5783640474274057,0.8082622851848585,0.03654073834697338,0.9276957947526391,0.9141682548530895
RipVIS-014_00151.jpg,0.733661683597528,0.5475663452802146,0.7076482981814495,0.906868969328978,0.580191929598692,0.8150825326960207,0.03052377776481179,0.926860050153874,0.9179457039532841
RipVIS-014_00152.jpg,0.9048373790176064,0.8292855632048532,0.9066769889682723,0.8910836301789445,0.9228258144354418,0.8972561646002748,0.0484644913594417,0.9820949074069338,0.9415115072167598
RipVIS-014_00153.jpg,0.9179212689783299,0.8528055960215053,0.9205559372798946,0.8920232480956266,0.9509742622515607,0.9032214098657503,0.034281447285704876,0.9845548804007598,0.9434478142358149
RipVIS-014_00154.jpg,0.8643396504387568,0.7599879721703726,0.8636285976808974,0.879102800922773,0.8486897334051109,0.872847050390198,0.023083216454939035,0.9715152391970624,0.9305917804167235
RipVIS-014_00155.jpg,0.7085333436863076,0.5143251025294994,0.6792796364141104,0.890125499926952,0.5491915103608941,0.7918149393428102,0.024618534586622214,0.9118233989193133,0.9022459380972979
RipVIS-014_00156.jpg,0.8049829971400293,0.662540253866036,0.7970216087404547,0.8961412681948112,0.717644926461406,0.8536751712533706,0.05973388155675096,0.9523447145057136,0.9275190117862806
RipVIS-014_00157.jpg,0.7450642898471329,0.5684171630153219,0.7248290523963987,0.7973507209379543,0.6643997148005526,0.7666676159826845,0.0426863393516822,0.929029224536589,0.8719331595034165
RipVIS-014_00158.jpg,0.769274225790487,0.6066966455237585,0.7552099485786685,0.7960706603082769,0.718339044897216,0.7792070298025515,0.0485987033514422,0.9383342978390536,0.8768555662884852
RipVIS-014_00159.jpg,0.7488948942610476,0.5725138016729769,0.72815106749955,0.7679846596013126,0.6922458715570926,0.7515394373245026,0.0534964105262698,0.9320736882711554,0.8610535462071932
RipVIS-014_00160.jpg,0.8534663285486819,0.7416165311035027,0.8516415845382546,0.7572492850514589,0.972917228078953,0.7923788332061507,0.06022803487188276,0.9684563078699033,0.8771933942063379
RipVIS-014_00161.jpg,0.8339032841905074,0.7081315144056248,0.8291299685458142,0.7850479200619178,0.8784571357903116,0.8021060307483961,0.05274645325253144,0.9632687114192885,0.8855693607688009
RipVIS-014_00162.jpg,0.8630380120834047,0.7570710922443585,0.8617421293720442,0.7831026735916761,0.9579386806750897,0.8127708806122903,0.04902481092947958,0.9717351466044697,0.8893724105443422
RipVIS-014_00163.jpg,0.8202481978411373,0.6852933630283926,0.8132629939240403,0.779434216811181,0.8501614540047506,0.7926222965394328,0.047987987985105826,0.9591845100304016,0.8808767802664514
RipVIS-014_00164.jpg,0.7287114522916269,0.5403523182289032,0.7015957477185482,0.7944602830207309,0.6281690140823648,0.7545127891715999,0.042609124265150934,0.9244372106477023,0.8676299847024703
RipVIS-014_00165.jpg,0.8691761610956901,0.7673802113075975,0.8683815812782589,0.7849679884221847,0.9716306352626666,0.8163336096295228,0.04753592050170968,0.9735088734563206,0.8910483649922534
RipVIS-014_00166.jpg,0.8696036224002925,0.7679904970291817,0.868772200212234,0.7858540091890742,0.9712524229971394,0.8170465457576142,0.04616619831084128,0.9737205825612588,0.8914793875091858
RipVIS-014_00167.jpg,0.86141060422005,0.7537221443895274,0.8595684861490973,0.776905197606407,0.9619171874612786,0.8079862827372469,0.03757551616294393,0.971768904320519,0.8865282843450457
RipVIS-014_00168.jpg,0.8552779826980077,0.7428190807551666,0.8524339548007493,0.7829058390472603,0.935514943655306,0.8093101411584793,0.06437622822630777,0.9704870756168159,0.8881560740935673
RipVIS-014_00169.jpg,0.8653330674727673,0.7602208053371551,0.8637789111821587,0.8077879679314334,0.9281098335000124,0.8292901068308044,0.037892791125040085,0.9729774305550863,0.9001821602383691
RipVIS-014_00170.jpg,0.909194306724582,0.8371097127889224,0.9113333917527476,0.8841338703130857,0.9402595658010671,0.8948164945452829,0.040206896548951244,0.9829219714501433,0.9389715143873232
RipVIS-014_00171.jpg,0.8858364077353935,0.7965777823857103,0.8867723849149679,0.8947603554562484,0.8789257775191808,0.8915479600526438,0.03116600537366146,0.9773080632711336,0.940585080092839
RipVIS-014_00172.jpg,0.655684728313279,0.4392033738137438,0.6103423349403346,0.9248718375943458,0.45545249835167495,0.766807397083264,0.026153379197381962,0.883799672067475,0.9020945126280062
RipVIS-014_00173.jpg,0.6481179488167603,0.42810297561090216,0.5995407655078538,0.9205856628193024,0.4445192078252338,0.7581867137238559,0.017608619742724166,0.8799802276230324,0.8980872565765933
RipVIS-014_00174.jpg,0.6722279488354111,0.45918754271971823,0.6293742637959449,0.9448545264103605,0.47183266472585816,0.7870481621190341,0.03851944141418681,0.8954528356477163,0.9175924441620285
RipVIS-014_00175.jpg,0.6678755691823525,0.45790698882227887,0.6281703734641997,0.9460934717982367,0.4701741286887618,0.7868088465691918,0.04680257189618688,0.8892698688267316,0.9145646233834493
RipVIS-014_00176.jpg,0.6935258760869246,0.4919829009694286,0.6595020635286886,0.9434557866030883,0.5069302732342859,0.8048431969543198,0.04061148857110297,0.9047482638884525,0.9220046650036686
RipVIS-014_00177.jpg,0.7032321432933462,0.5049915208126553,0.6710888584142631,0.9615609181464271,0.5153960241097373,0.8196508466566087,0.06412599440635745,0.9104716435180794,0.9333352658312248
RipVIS-014_00178.jpg,0.8955329689911553,0.8130100697236878,0.8968621667364427,0.9351009081164761,0.861627929161602,0.9194206882508654,0.036379472059736066,0.9799672067896509,0.9598382207355978
RipVIS-014_00179.jpg,0.8936017967377612,0.8093562418801054,0.8946344817525838,0.9219752141302087,0.8688686005036783,0.910840809936055,0.050296064085663804,0.9797516396600213,0.953833824404535
RipVIS-015_00000.jpg,0.8179440573137675,0.6591804904656169,0.7945856333937854,0.7391281878471794,0.8590401825914853,0.7603555417188202,0.0032513181016475116,0.9777117091048204,0.8658082600613208
RipVIS-015_00030.jpg,0.8044827942414412,0.6332312506039843,0.7754336691387818,0.6752175338990999,0.9105828455330721,0.7120261001444884,0.003204247916945505,0.9767100694443267,0.8355094660626403
RipVIS-015_00060.jpg,0.47022852768127044,0.0,0.0,0.0,0.0,0.0,0.0,0.9404570553625409,0.4999999999999359
RipVIS-015_00090.jpg,0.47022852768127044,0.0,0.0,0.0,0.0,0.0,0.0,0.9404570553625409,0.4999999999999359
RipVIS-015_00120.jpg,0.4712356529706222,0.0,0.0,0.0,0.0,0.0,0.0,0.9424713059412444,0.499999999999936
RipVIS-015_00150.jpg,0.47037133487648647,0.0,0.0,0.0,0.0,0.0,0.0,0.9407426697529729,0.4999999999999359
RipVIS-024_00000.jpg,0.7457223933401058,0.5965673496171167,0.7473124760570651,0.6063796026592044,0.9735916353119879,0.6558535963791238,0.015373078363763303,0.9090200617279567,0.8008449570738059
RipVIS-024_00002.jpg,0.7421958282031433,0.590834333180221,0.7427980662186113,0.6056567454736266,0.960225929784636,0.6539518760427457,0.010849056602750089,0.9077382330242536,0.7992910626625143
RipVIS-024_00003.jpg,0.7489113600490811,0.6004175211457327,0.7503261032982144,0.6151927412444828,0.9615376603865968,0.6629516474636509,0.012052695504806811,0.9111086998452397,0.8041840562294778
RipVIS-024_00004.jpg,0.751057610979315,0.6035799896446035,0.7527906229091486,0.6187802305367878,0.9608930228659257,0.6662199253969291,0.013061602592583455,0.912112750771165,0.8059157116514843
RipVIS-024_00005.jpg,0.7524074551713197,0.6062766549016757,0.7548844752883337,0.6200335027636018,0.964696039576777,0.6677475059114106,0.01605758582354581,0.9122482638884489,0.8068552483386944
RipVIS-024_00006.jpg,0.7492566908352832,0.6016079635750772,0.7512549603364608,0.6150490898708734,0.9649477342253924,0.6631412767371745,0.014724829742800954,0.9107933063267213,0.8043916583013513
RipVIS-024_00007.jpg,0.7501123620560395,0.6037055724681787,0.7528882892625325,0.6137424224956719,0.9736258658881879,0.6627361424376917,0.014722119983923249,0.9106105324069682,0.8045009291129908
RipVIS-024_00008.jpg,0.7504259968214817,0.6040444538667882,0.7531517626093829,0.6137920678295049,0.9743824494697724,0.6628525256247667,0.014996274216188871,0.9108429783946225,0.804599093940316
RipVIS-024_00009.jpg,0.750461865653724,0.6046267893647652,0.7536042566061396,0.6129030168351766,0.9781545618989294,0.6623699756228358,0.01355743337231336,0.910491898147709,0.8044834848419773
RipVIS-024_00010.jpg,0.7520377380535763,0.6074122084670723,0.7557640849901697,0.6141768659525428,0.9821899826779895,0.6639299558112483,0.012370942236780676,0.9109076003082027,0.8054770120652335
RipVIS-024_00011.jpg,0.7467066247097487,0.6000700626775689,0.750054734070091,0.6064832776793205,0.982683164776222,0.656769387878799,0.012195121950092837,0.9080570023143769,0.8016682193596606
RipVIS-024_00012.jpg,0.74667776843156,0.6001169414148652,0.7500913538034615,0.6062934442217859,0.9833078080003594,0.6566470282303668,0.014978137499769454,0.9079817708328954,0.8016288918989847
RipVIS-024_00013.jpg,0.7470260278215892,0.6009041561057702,0.750705973014001,0.6066863987759477,0.9843867749990258,0.657111994453601,0.008584087132307173,0.9079562114193153,0.8019187549459956
RipVIS-024_00014.jpg,0.7467721382383232,0.6008559010909179,0.7506683152199509,0.6067558042886907,0.9840746617495553,0.6571493026043245,0.011139992572304122,0.9076128472217845,0.8019179179733026
RipVIS-024_00015.jpg,0.7496786094711174,0.605415667047866,0.7542167171709996,0.610177687973503,0.987273215916518,0.6606452517616463,0.012551134249483903,0.908784722221784,0.8039183117368836
RipVIS-024_00016.jpg,0.7466642307252078,0.6009158578931924,0.7507151046451604,0.6054782240789573,0.9876158558007754,0.6562637767766054,0.01002852148219445,0.9074117476847475,0.8016035642885218
RipVIS-024_00017.jpg,0.7447868075493613,0.5978324168269555,0.7483042783850348,0.60200679402904,0.9885342476554754,0.6530789647433465,0.009760102160926744,0.9067481674378344,0.7999589906342439
RipVIS-024_00018.jpg,0.7456259154397382,0.5993559264306876,0.7494966148883212,0.6031038654143333,0.989737910411616,0.6542168969599832,0.009237456981594144,0.9069449266970935,0.8006136711334457
RipVIS-024_00019.jpg,0.7460218703388364,0.6005501052084462,0.7504296219832919,0.6047145566133442,0.988662786741448,0.6556381058186364,0.006240390702157874,0.9067119984563529,0.8013102903666552
RipVIS-024_00020.jpg,0.7461957558832903,0.6005306072561878,0.7504143994917859,0.60429648586677,0.9897293588751456,0.655338522185212,0.007329653424366152,0.9069825424378342,0.8012042524099963
RipVIS-024_00021.jpg,0.7446312531330466,0.5974305138959761,0.7479893600365775,0.6054997065628196,0.9781803548131511,0.6554437037422978,0.013476845150734728,0.9067939814810442,0.8007503558118785
RipVIS-024_00022.jpg,0.7447066501469098,0.5973558168885512,0.7479308123748225,0.6055474810801201,0.9778555176691998,0.6554593060693967,0.009204114779894954,0.9069574652773404,0.8007492758110966
RipVIS-024_00023.jpg,0.7464278327058198,0.6001852269017042,0.7501446917664516,0.6081336416230759,0.9786872198115023,0.657957199030818,0.007474110760245465,0.9075636574069698,0.8021092512715837
RipVIS-024_00024.jpg,0.7448766407557535,0.597841163263126,0.7483111300527635,0.6058482124000552,0.9783714882604884,0.6557875513606547,0.01214356391003476,0.906875482252649,0.8009407084825302
RipVIS-024_00025.jpg,0.746440727605301,0.6004142338222949,0.7503235364113402,0.6083952221339911,0.9786187335417222,0.6581959477097934,0.015206372192685882,0.9074252507711673,0.8022276167497209
RipVIS-024_00026.jpg,0.7463972950370172,0.6003724976056096,0.7502909460189479,0.608272418873731,0.9788256928012824,0.6580996742611568,0.014088347571887988,0.9073895640427723,0.8021850445213817
RipVIS-024_00027.jpg,0.7449353381440958,0.5983645824031921,0.748721022713769,0.6071469153610973,0.9763964982183961,0.6568260676166711,0.010900172585075831,0.9066025270057356,0.8013915528194224
RipVIS-024_00028.jpg,0.7460467931067294,0.6001754116771094,0.7501370253503377,0.6094749807855612,0.9752071962772886,0.6588961831227009,0.010223642171590722,0.9070056905859823,0.8024358824883743
RipVIS-024_00029.jpg,0.7442569986477552,0.597305348875023,0.7478912523465888,0.6064684523483524,0.9753288694170892,0.6560942129775116,0.0096812494282874,0.906324749227958,0.800954624666225
RipVIS-024_00030.jpg,0.7446687526053922,0.5981819423083247,0.7485780266598985,0.6088480854052729,0.9715469418305935,0.6579752807280793,0.009328699468691358,0.9063329475304271,0.8017756325928298
RipVIS-024_00031.jpg,0.7433690202759261,0.5959198474851922,0.7468042313330795,0.6054600653493957,0.9742397089230266,0.6550514854308735,0.007080459769463866,0.9059601658946248,0.8003517373403993
RipVIS-024_00032.jpg,0.7444727413086507,0.5976009922910719,0.7481229608327548,0.6071595655441279,0.9743323537435388,0.6566507445732465,0.007518107636607856,0.9064414544748715,0.8012065342541732
RipVIS-024_00033.jpg,0.7438560993607821,0.5969176113440072,0.7475872356891673,0.6071079292222897,0.9726495899258952,0.6564493549235123,0.005388619964801477,0.9059968171291927,0.8010144356235354
RipVIS-024_00034.jpg,0.7416357741893951,0.5933247296871389,0.7447630964764385,0.6051864930931734,0.9680218923637615,0.6542304157554224,0.0033756044153475406,0.9051726466045017,0.7996308712445526
RipVIS-024_00035.jpg,0.7423744847781157,0.594559282894147,0.7457349366340443,0.606370216380302,0.968278657613633,0.655360336300512,0.0035613186007157956,0.9054200424378349,0.8002394426201125
RipVIS-024_00036.jpg,0.7413120373948097,0.5929456861607049,0.744464411200126,0.6050189242259506,0.9674414843038185,0.6540207230184787,0.005369873159395438,0.9049527391970944,0.7994883424160397
RipVIS-024_00037.jpg,0.7423164342564232,0.5946311883117208,0.7457914941965647,0.6070208780614795,0.9668142112595873,0.6558336873150702,0.005102987566793191,0.905284529320551,0.8004181687367993
RipVIS-024_00038.jpg,0.7432770663117221,0.5959255711160899,0.7468087257970772,0.6084763953018594,0.966545183630777,0.6571675909125757,0.008797110842782006,0.9058198302464767,0.8011233951995205
RipVIS-024_00039.jpg,0.7437671268247706,0.5966911772302234,0.7474096252793258,0.6084575466011146,0.9686085849306136,0.65734041568459,0.005028401154201658,0.9060204475304272,0.8013083188045157
RipVIS-024_00040.jpg,0.7443570665383126,0.5979738719826267,0.7484150804552429,0.609529056281928,0.9692712025326371,0.6584018359426105,0.003904797322061659,0.9060141782403038,0.8018891001899914
RipVIS-024_00041.jpg,0.7438432334913705,0.5970999717249367,0.7477302389280529,0.608661534932441,0.969168617910711,0.657582461740289,0.002323852016887539,0.9058526234563533,0.8014513807339884
RipVIS-024_00042.jpg,0.7428535684846229,0.5954635829258869,0.7464458472112272,0.6059041892756404,0.9718759793333539,0.6552528875239065,0.003894658753348047,0.9055092592588225,0.8003400499379316
RipVIS-024_00043.jpg,0.7426968573678445,0.5951631926716767,0.7462097864418011,0.6054100733923367,0.9723479287911166,0.6548333593177921,0.003816438610833432,0.9054832175921559,0.8001406821627328
RipVIS-024_00044.jpg,0.7415139041076066,0.5932769395337737,0.7447254457939736,0.6036212272741331,0.9719255271966061,0.6531202895552317,0.002802428771340268,0.905024594906971,0.7992137296471804
RipVIS-024_00045.jpg,0.7419217901131074,0.5938761129960184,0.7451973314032618,0.6038584614466838,0.972918168858694,0.6534320980917757,0.004384328357799969,0.9052179783946251,0.7994255675508517
RipVIS-024_00046.jpg,0.7422395081941646,0.5944082671524548,0.7456161378466039,0.6046439784621689,0.972309054469542,0.6541126924893954,0.0035250463818622406,0.9053235918205511,0.7997577711201456
RipVIS-024_00047.jpg,0.7416967904456166,0.5935524782894598,0.7449424934239842,0.6039555681650242,0.9717983577473459,0.6534219076309604,0.00287276434038803,0.9051065779316623,0.7993682829822613
RipVIS-024_00048.jpg,0.7428311905309517,0.5953043413538874,0.7463207187772964,0.6051986205927301,0.9732711044688751,0.6547190615302423,0.0029665337903989493,0.9055854552464768,0.8001242564231843
RipVIS-024_00049.jpg,0.7436907545497795,0.5965404026799944,0.7472913327825917,0.6059865582114222,0.9745346572122229,0.6555711467342243,0.0032362459543933196,0.9060108024686989,0.8006373092718256
RipVIS-024_00050.jpg,0.7413826224559601,0.5927455858852098,0.7443066753888079,0.6022221894804811,0.9741388115259526,0.6520082581727198,0.002858987364856683,0.9051953124995634,0.7987350919923242
RipVIS-024_00051.jpg,0.740689872819831,0.5915513981478432,0.7433644918238355,0.6006416139694167,0.9750543337081731,0.6506071567334475,0.0031446540877594657,0.9049884259254894,0.7980374848695778
RipVIS-024_00052.jpg,0.750786347303654,0.6062512638164637,0.7548647929166532,0.6132524524204331,0.9815167832348988,0.6630041827780483,0.01628146345875536,0.9098509837958575,0.8049369822681207
RipVIS-024_00053.jpg,0.7501540049088267,0.6053192026654826,0.7541418574703481,0.6122588857325654,0.9816192530271185,0.6620842494484894,0.015036891751654348,0.9095553626538824,0.8044503079104102
RipVIS-024_00054.jpg,0.7499608982556549,0.605083366451537,0.7539588025128371,0.6120578901231738,0.981515654896419,0.6618867872447607,0.01769662921182616,0.9094314236106725,0.8043391701483997
RipVIS-024_00055.jpg,0.7519650937784936,0.608345211214806,0.7564858675524196,0.6140223563249263,0.9850292063199181,0.6640442136220693,0.022609514835364154,0.910156249999561,0.8056387965464488
RipVIS-024_00056.jpg,0.7521721656551975,0.6087223303243058,0.7567773740066033,0.6146142748013778,0.9844957551913578,0.6645493828463305,0.018481848183075734,0.9102035108020302,0.8058835410252123
RipVIS-024_00057.jpg,0.7527817762467258,0.6097065875422957,0.7575375441224942,0.6156890372372397,0.9843133529835354,0.6655376686673007,0.01939736346333358,0.9104292052464745,0.8064016297450913
RipVIS-024_00058.jpg,0.7509511741418581,0.6066130206588892,0.7551451567473426,0.6122743298912274,0.9849862470709344,0.6624041508402096,0.019169027382514726,0.9098461612649933,0.8047664216118444
RipVIS-024_00059.jpg,0.7505907919409647,0.6060690200619143,0.7547235050191681,0.6119309155461004,0.9844402380739774,0.6620332032201407,0.016965127236855313,0.9096865354933884,0.8045447798903914
RipVIS-024_00060.jpg,0.7504732697059691,0.6059427586411622,0.7546255996743858,0.6121998203209728,0.9834124839618186,0.6621918654122888,0.015620589064117757,0.9095992476847465,0.8045831487297153
RipVIS-024_00061.jpg,0.7485761318866782,0.6026588012206833,0.7520737424106259,0.6084154509418975,0.9845427354953155,0.6587480811116909,0.01957631927183882,0.909048032406969,0.8028072997611793
RipVIS-024_00062.jpg,0.7488319651323798,0.6030333239881654,0.7523653001646738,0.6086041861639399,0.9850478551229599,0.6589703077929376,0.021856884916672346,0.9091695601847467,0.8029478510580603
RipVIS-024_00063.jpg,0.7534003546697401,0.6094615361680279,0.7573483708335109,0.61398193237267,0.9880639762556701,0.6642814621727323,0.028466048796248717,0.9115152391970913,0.8059148985645539
RipVIS-024_00064.jpg,0.7522953183978365,0.6077342777818029,0.7560133365076923,0.6119098664174838,0.9888963113428995,0.6624149506084048,0.026221128357987396,0.911067708332894,0.8049566093220386
RipVIS-024_00065.jpg,0.746003616443973,0.5987870104648207,0.7490516329510751,0.6027796752098338,0.9890590733663595,0.65385240050137,0.021115575070436737,0.9078978587958585,0.8004049799857178
RipVIS-024_00066.jpg,0.7464024825548532,0.59953537078922,0.7496369029881544,0.6037584323790646,0.9884678063885914,0.6547216623940458,0.030698025877897606,0.9079740547835128,0.8008379296301587
RipVIS-024_00067.jpg,0.745820023246678,0.5982148875918505,0.7486038232233282,0.6025879611835475,0.988014056081734,0.6535805558317407,0.02518630317656954,0.908020351079809,0.8002189909357025
RipVIS-024_00068.jpg,0.7453845748371277,0.597365911697923,0.7479387250263175,0.6011106794619804,0.9896789391606503,0.6523346753496876,0.02510578279030505,0.9079595871909202,0.7996339881487808
RipVIS-024_00069.jpg,0.7435595929552001,0.5944467408438405,0.7456464058865173,0.5980805913955537,0.9898823884692595,0.6494954871504184,0.01999249108128473,0.9072617669748712,0.7981412805886443
RipVIS-024_00070.jpg,0.7395823878849177,0.5881148361232208,0.7406452263349921,0.5947583609052496,0.9813609134594405,0.6456266848730089,0.01179723502195417,0.9057171103390694,0.7957266876566467
RipVIS-024_00071.jpg,0.7401563230930823,0.5890000105371658,0.7413467673144354,0.5956754728873046,0.9813288572186728,0.6464882851845837,0.010596148529383936,0.9059601658946248,0.7961807947395183
RipVIS-024_00072.jpg,0.7415404559434664,0.5913189069644789,0.7431808977779941,0.5985074245066347,0.980092573196428,0.6490468634706819,0.011238025054233785,0.9064178240736369,0.7974764987293561
RipVIS-024_00073.jpg,0.7413137323863161,0.591105325910399,0.743012189431495,0.598431835066777,0.9797084881360538,0.6489420547215304,0.011592602814279823,0.9062273341045013,0.7974009427126582
RipVIS-024_00074.jpg,0.7427072682514817,0.5932636488766575,0.7447149745680102,0.6007955015355806,0.9793059358158127,0.6511289228614041,0.01264187505650624,0.9068103780859824,0.7985416768934959
RipVIS-024_00075.jpg,0.7435022756092647,0.594486041342907,0.7456773228848329,0.6021255581070456,0.9791038666831582,0.6523604178116796,0.012137931033366627,0.9071489197526489,0.7991859435772832
RipVIS-024_00076.jpg,0.744536083255033,0.5960952417068226,0.7469419444786689,0.6036868424915242,0.9793395726612745,0.6538470607326982,0.014907518172917316,0.9075752314810438,0.7999846226517464
RipVIS-024_00077.jpg,0.7449709455736634,0.5968679118908636,0.7475482567422972,0.6043518777162358,0.979674304930434,0.6545009715589792,0.012874747101997907,0.907688078703266,0.8003437670424679
RipVIS-024_00078.jpg,0.7443590503000848,0.5954443252880443,0.7464307163216638,0.6060756114351402,0.9713840091338896,0.6553684995690785,0.00961362387753034,0.907762827931661,0.8004609314008644
RipVIS-024_00079.jpg,0.7475164679524502,0.6005503873004782,0.7504298422161879,0.6111981779106023,0.9718090987161714,0.6601940528471486,0.010968921388394065,0.9089298804007963,0.8030398593837718
RipVIS-024_00080.jpg,0.7479009204597202,0.6010714096647057,0.7508364786684704,0.6121379143768728,0.970801172327217,0.6609776576507772,0.014535418581919464,0.9091415895057344,0.8034171787448686
RipVIS-024_00081.jpg,0.7439383453255848,0.594664922041137,0.7458180258708877,0.6108390133130982,0.9573713829896023,0.6585101888370841,0.008120437955463463,0.9076760223761055,0.8015447961906196
RipVIS-024_00082.jpg,0.7423632804271081,0.592292865203146,0.743949656682762,0.6084893779625135,0.9569928457972681,0.6562888897319632,0.007190265486062844,0.9069709683637601,0.8003408993851033
RipVIS-024_00083.jpg,0.7426165370174753,0.5928775782318788,0.7444107272700554,0.6105910677100622,0.9533510881886538,0.6578981254685392,0.006888317413033769,0.9069429976847478,0.8010342987597494
RipVIS-024_00084.jpg,0.7434757393517288,0.5949760113959587,0.746062645638441,0.6093130134577843,0.961957055606306,0.6575211793279572,0.007646095029342245,0.9067698688267232,0.8011632397665964
RipVIS-026_00000.jpg,0.8706228882637628,0.7975664255667272,0.887384648737278,0.8185562931740018,0.968850501960592,0.8447653607773778,0.03583864573654906,0.9539072145057128,0.9055265089055878
RipVIS-026_00001.jpg,0.8554908970552715,0.7748931743469754,0.8731716201816784,0.8025660892447839,0.9573984888843893,0.8293922852903275,0.02494261667814626,0.947613811727938,0.8961081867370737
RipVIS-026_00002.jpg,0.8606269232155921,0.7824291070993705,0.8779357383505184,0.8131884382587078,0.9538855569958549,0.8379065042927678,0.03040923615965317,0.9498562885797889,0.900993369443249
RipVIS-026_00003.jpg,0.8579699463558401,0.778203161138659,0.8752691235126839,0.8089481311260908,0.953435829045986,0.8342327633676994,0.030679591624694257,0.9488999807094189,0.8988492831873256
RipVIS-026_00004.jpg,0.8593424314038737,0.7798961784363884,0.8763389549176012,0.8063713778888917,0.9596021228398739,0.8329734753893228,0.03442304664771879,0.9496985918205296,0.8983694632876078
RipVIS-026_00005.jpg,0.8577424840090455,0.7772821872639587,0.8746862966770039,0.8032279687403996,0.9601006357565948,0.8303628825471119,0.032448067313570965,0.9491661844131225,0.896882624004754
RipVIS-026_00006.jpg,0.8613098721668602,0.7824496205945964,0.8779486517364612,0.8092844170939213,0.9593448567730896,0.8354196357229573,0.027156465447757672,0.9507648533946033,0.8998390512601533
RipVIS-026_00007.jpg,0.8631478600538922,0.7853031531322582,0.8797420782621355,0.8131063457544463,0.9582746510930951,0.8385114390616037,0.028749476328615967,0.9514674961415165,0.9016089694526219
RipVIS-026_00008.jpg,0.8636600249975115,0.7860109219523025,0.8801860193476396,0.8113969379564514,0.9617192096945181,0.8375806782967011,0.025991720378033236,0.9517177854933682,0.9011816077367119
RipVIS-026_00009.jpg,0.865600050791663,0.7888927023879426,0.8819899609796293,0.8129491472953061,0.9638458857143055,0.8392264893311627,0.026743576296447635,0.952539544752627,0.9022200484918312
RipVIS-026_00010.jpg,0.8616794257930507,0.7825355164458347,0.8780027205361026,0.8039899026689812,0.9670239470827402,0.8320454081065922,0.027027027025608656,0.9512123842588005,0.8981653775477929
RipVIS-026_00011.jpg,0.8601366718575643,0.7801099987092766,0.8764739249539852,0.8017142213677082,0.9666101428686404,0.8300336347522838,0.02814101893356308,0.9506413966044798,0.8969874458570519
RipVIS-026_00012.jpg,0.8592305300719305,0.7783212158395254,0.8753437893075899,0.7980582782437234,0.9692033178467104,0.8272748490509344,0.03469344384046895,0.9505357831785539,0.8955024670265528
RipVIS-026_00013.jpg,0.8612500900967196,0.7818809177476471,0.8775905392555288,0.8047201332038911,0.9649723835988954,0.8323662218334971,0.033918616160375205,0.9510407021600352,0.8982863436259038
RipVIS-026_00014.jpg,0.8606642239730371,0.7809371340142881,0.8769957334249429,0.8029576241771239,0.9660743005224535,0.8310203256550168,0.03429584071540207,0.950838155863739,0.8975423701111392
RipVIS-026_00015.jpg,0.8579059008136588,0.7764017835969748,0.8741285792056182,0.8004659385156583,0.9627228654968476,0.8283892159940721,0.03244195688057411,0.9499416473760851,0.8959343872105412
RipVIS-026_00016.jpg,0.8534995418354859,0.7695407656896043,0.8697632522635985,0.7953870782220726,0.9594840354699914,0.8235570532441158,0.0341738725193303,0.9482629243822588,0.8930339534617744
RipVIS-026_00017.jpg,0.854190633241382,0.7702838792200014,0.870237692679429,0.7981365207871349,0.9566593215445776,0.8254941477656179,0.026929239674009963,0.948737943672382,0.894105801511482
RipVIS-026_00018.jpg,0.8527035995473612,0.768282441680749,0.8689589667027379,0.7995324084300601,0.9515892186360716,0.8259278209599243,0.02794185628291428,0.9479711612649749,0.8941709549189747
RipVIS-026_00019.jpg,0.8497511214651947,0.7630972891993075,0.8656326498532141,0.7922009927380514,0.9540683089437197,0.820026134474852,0.02672525200172007,0.9472173996909012,0.8908894798259779
RipVIS-026_00020.jpg,0.8510424524897926,0.7652519148625334,0.8670172324068843,0.7945867948475708,0.9539768456250685,0.8220565680898693,0.030400165441505523,0.9476191165118887,0.8920470378110523
RipVIS-026_00021.jpg,0.8454551424647112,0.7565219826724854,0.8613862964828533,0.7871667440033824,0.9510587241116331,0.815264986427264,0.029038770121174038,0.9454991319439885,0.8880319434071369
RipVIS-026_00022.jpg,0.8453361231265167,0.7564696221182687,0.8613523542820865,0.7913099599031437,0.94499840212867,0.8179140112953904,0.02819500691914723,0.9453684413575688,0.8893682490329291
RipVIS-026_00023.jpg,0.8452807145465034,0.7562219291196709,0.861191762363128,0.7886267300145444,0.9484641416791497,0.8161340982124083,0.026568189976582644,0.9454504243822601,0.8884600940397577
RipVIS-026_00024.jpg,0.8480779558323469,0.7604901114993708,0.8639527214971723,0.7921802682384383,0.9500261996441439,0.8194090727378959,0.027029826013513367,0.9465784143513953,0.8904132634854149
RipVIS-026_00025.jpg,0.8458874078724745,0.7571738075973976,0.8618086660791847,0.7927172764925369,0.9440936691074606,0.8189804121273848,0.02870075095007197,0.9456785300921365,0.8899806272507274
RipVIS-026_00026.jpg,0.8477272650109376,0.7599542675332782,0.8636068351917089,0.7963762371734732,0.9432353769573796,0.821971990340852,0.03278688524421142,0.9464375964501609,0.8917052471409692
RipVIS-026_00027.jpg,0.8472903384445938,0.7591775082864629,0.8631050643956268,0.792209375845018,0.9479369882975818,0.8191225571458591,0.03716620685871812,0.9463319830242349,0.8901970129731025
RipVIS-026_00028.jpg,0.8439730662857454,0.7539986609922597,0.8597482743409997,0.7871183888048231,0.9471442484788755,0.8146462914091175,0.03994182724562708,0.9450684799378158,0.8875830083517162
RipVIS-026_00029.jpg,0.8455779178130409,0.7560600716698321,0.8610867975044805,0.7887920264917644,0.947970693248343,0.8162025868633671,0.03920647350356531,0.9459654706785562,0.8885613503274645
RipVIS-026_00030.jpg,0.8472643190525189,0.7589191677670888,0.8629380834259949,0.7960131013698222,0.9421495178427123,0.8214975287846171,0.027829973082736784,0.9464617091044818,0.8914424068956308
RipVIS-026_00031.jpg,0.851998845522808,0.7657609137675047,0.8673438264454996,0.8011600549190764,0.9454471434361638,0.8263833469818445,0.02978923205186826,0.9486125578699129,0.8944474652625469
RipVIS-026_00032.jpg,0.8527723348988616,0.7669277023559969,0.8680917745908745,0.8037538607726767,0.9436260040162278,0.8283096586722095,0.026827492979784366,0.9489318094131226,0.89553056653516
RipVIS-026_00033.jpg,0.8518192801721078,0.7652726097689886,0.8670305147590043,0.8024817568877369,0.9428717399608595,0.8271125331899176,0.03021401594470132,0.9486786265427524,0.8948365938912919
RipVIS-026_00034.jpg,0.8508474720135075,0.7636242746331179,0.8659716081442264,0.8003792421620962,0.9432744676413068,0.8253865548626166,0.026991614254350545,0.9483950617279376,0.893858020518886
RipVIS-026_00035.jpg,0.853444884768291,0.7673841280558086,0.8683840890887269,0.8031364076566269,0.9451708001333052,0.8280224200866771,0.031218741772507566,0.9495698302464557,0.8954820660620866
RipVIS-026_00036.jpg,0.8529996373401882,0.7667639390409415,0.8679868567582001,0.8002113748385133,0.9483054594967925,0.8260105027692382,0.030824975054832487,0.9493528163575669,0.8943750519489986
RipVIS-026_00037.jpg,0.8547450298370816,0.7690812297434729,0.8694696623455715,0.7941636967860689,0.9605534047906534,0.8226645405743133,0.041955017298769735,0.9502772955242331,0.892785609597166
RipVIS-026_00038.jpg,0.8551163916068107,0.7695141234799074,0.8697462351604058,0.7916737915749094,0.9649019044534056,0.8211581733760674,0.04307994328481405,0.9505131172834922,0.8920394644620919
RipVIS-026_00039.jpg,0.854637934303714,0.7684078534132341,0.869039177732803,0.7887206031367736,0.967570781553076,0.8189980677612808,0.041694133155257405,0.9505666473760848,0.8908900518282239
RipVIS-026_00040.jpg,0.8522669486219341,0.7646915556941498,0.866657465693323,0.786352673807369,0.9652297427286604,0.8166199945476946,0.04048008728638952,0.9496797839501593,0.8894576481711767
RipVIS-026_00041.jpg,0.8479021841066725,0.7576675083398916,0.8621283658540231,0.7793926659783964,0.9645156198402441,0.8105053059999933,0.03875799485930367,0.94816309799337,0.8859323382592192
RipVIS-026_00042.jpg,0.8483154069405974,0.7580104410570767,0.8623503289335318,0.7775630740593475,0.96789142188649,0.8093953382995657,0.03851959523461063,0.9485185185180611,0.8854068298406642
RipVIS-026_00043.jpg,0.8475829234193368,0.7569575130266607,0.8616685462389715,0.7776497160419529,0.9660416137422175,0.8092112644451924,0.034087734002006834,0.9481809413575675,0.8852453705166274
RipVIS-026_00044.jpg,0.8462952006936673,0.7544857827818923,0.860064857961503,0.77065973958142,0.972936313134981,0.8040945037794524,0.03408127507861407,0.9479962384254688,0.882525654401842
RipVIS-026_00045.jpg,0.843525345722242,0.7505086062253165,0.8574749116414396,0.7710596581071627,0.9657046895990676,0.8034478474279894,0.030722051852203957,0.9467139274686792,0.8819365852283678
RipVIS-026_00046.jpg,0.8439151025168912,0.7510714479449198,0.8578421501034547,0.7711954099803847,0.966423510520382,0.8036652405858348,0.02902478965333871,0.9468923611106544,0.882084088814107
RipVIS-026_00047.jpg,0.8421932140433016,0.748277787698762,0.8560170391270732,0.7684556356568605,0.9660988253947467,0.8012389099451719,0.030679036938318683,0.9463064236106548,0.8806932251401759
RipVIS-026_00048.jpg,0.8438330975560153,0.7510431028824367,0.8578236613891749,0.7711399443911697,0.9664636890785094,0.8036226085621166,0.03373027177746395,0.9467954282402842,0.8820532243268293
RipVIS-026_00049.jpg,0.8520038991595196,0.7636572480827123,0.8659928100121392,0.7841520207793308,0.9669075211200687,0.8149591591334499,0.03246790299386774,0.9499893904316407,0.8885930274398227
RipVIS-026_00050.jpg,0.8528622590692958,0.7648188062566301,0.8667391842666192,0.783603590507553,0.969608804364562,0.8148676703328207,0.036575562698864514,0.9504316165118873,0.8886212236673905
RipVIS-026_00051.jpg,0.8551277813297349,0.7684288155062492,0.8690525835910117,0.7873707529749993,0.9696433732126187,0.8181289709671945,0.036726730171196674,0.9512393904316401,0.8904974735227882
RipVIS-026_00052.jpg,0.858292640347643,0.7736008785961341,0.8723505811617164,0.7926248915751397,0.9699082042427714,0.8227001090087985,0.036159743675697464,0.9522810570983062,0.8931279257724536
RipVIS-026_00053.jpg,0.8604574925151092,0.7769945302560256,0.8745041327100517,0.7973778251409839,0.9681481904625435,0.8265361463705363,0.03856085384526534,0.9530869020057132,0.8953068146686018
RipVIS-026_00054.jpg,0.8589000174865986,0.7744788347520494,0.8729085065252621,0.7942964617355254,0.9687903239653586,0.8239786785084712,0.03536536593524736,0.9525559413575653,0.8938465472636391
RipVIS-026_00055.jpg,0.8590143968640798,0.7745863912547615,0.8729768187922061,0.7931712935737449,0.970638322351435,0.8232760934381511,0.03562050462178214,0.9526456404316394,0.8934892197969642
RipVIS-026_00056.jpg,0.8601081121962382,0.7762855152961408,0.8740548843204625,0.7969277236348263,0.9677105091963939,0.826085446386509,0.03539367602290619,0.9530627893513922,0.8950486200620009
RipVIS-026_00057.jpg,0.8607813788727445,0.7773278979654707,0.8747152383702383,0.7974435887916345,0.9685687831949235,0.8266539709443455,0.03496663053819139,0.9533217592587995,0.8953988274663862
RipVIS-026_00058.jpg,0.859539172362194,0.7752909331940614,0.8734240891989195,0.7953737243011817,0.9684594285292132,0.8248578937418393,0.03303423443830175,0.9529185956785527,0.894362833269721
RipVIS-026_00059.jpg,0.8559814113725324,0.7697153646192059,0.869874760662235,0.7890297045517766,0.9691780624036802,0.8194948282077862,0.03150325305150649,0.9515919174378127,0.8912783393134587
RipVIS-026_00060.jpg,0.8616613096121598,0.7792593132757549,0.8759367535259128,0.8027447877888336,0.963814602685116,0.8305030242856061,0.031230551624824295,0.9532875192896637,0.89747649257167
RipVIS-026_00061.jpg,0.8585459095964038,0.7741204785145486,0.8726808442713102,0.7965451777203517,0.9649091348931537,0.825347639982335,0.029560283686266082,0.9522950424378124,0.8945319760413659
RipVIS-026_00062.jpg,0.8629769335491958,0.7811368183902373,0.8771216341439914,0.803486652472628,0.9656147321742368,0.8314054838808718,0.02803527017702717,0.953897087190898,0.8980591680555444
RipVIS-026_00063.jpg,0.86249747981055,0.7805496809441796,0.8767513642531718,0.8043143007579076,0.9635272482491234,0.8318036984504941,0.02409032474293833,0.9536115933637377,0.8982283761343753
RipVIS-026_00064.jpg,0.8650918745032652,0.7847891240167634,0.8794194377995239,0.8075544798712756,0.9653244819951239,0.8348433853418359,0.028940713681992653,0.9544622878081817,0.9000226958715776
RipVIS-026_00065.jpg,0.8627174896173062,0.7809230151689467,0.8769868304440601,0.8036972099565458,0.9649843169166895,0.8314922694744408,0.02974040631886341,0.9536747685180587,0.898077852180938
RipVIS-026_00066.jpg,0.8673373895244361,0.7879130260678148,0.8813773540211677,0.8104127317721326,0.9659628850130451,0.8373816443740542,0.02910920189751813,0.9555526620365762,0.9015527366039181
RipVIS-026_00067.jpg,0.8688353101378555,0.7902873265370178,0.8828608847560615,0.8129971306493993,0.9658607576024674,0.8395724071039067,0.029815348126386844,0.9560898919748476,0.9028268696537183
RipVIS-026_00068.jpg,0.8656069066699756,0.7851580193812925,0.8796510010395784,0.8071234923009483,0.9664999589571669,0.8346503691529598,0.031395745647173484,0.9549392361106506,0.8999762116431904
RipVIS-026_00069.jpg,0.8655983664893985,0.7852180102385938,0.8796886494928983,0.8075420907204243,0.9659911983838305,0.83493246535865,0.03175951086776724,0.9548881172834901,0.9001228037275353
RipVIS-026_00070.jpg,0.8651314520098612,0.7840950081837637,0.8789834673457043,0.8085746646776546,0.9628239382804039,0.8353397983631975,0.029814299504241335,0.9549710648143542,0.9003298900317069
RipVIS-026_00071.jpg,0.8690964620651633,0.7904916993761743,0.8829883988309911,0.8152460697993386,0.9630089892046017,0.8410561962562081,0.02917093142106386,0.9563204089501561,0.903655759556498
RipVIS-026_00072.jpg,0.8706085846849814,0.7929069544046435,0.8844931438931675,0.8162248578774683,0.965223540811652,0.842227281220191,0.03303612254040717,0.9568499228390447,0.9043809141907428
RipVIS-026_00073.jpg,0.8716815556061298,0.7946299588824809,0.8855641297521839,0.816694505116049,0.9671186096808022,0.8429156598102199,0.031053414158123446,0.9572193287032421,0.9048179859556549
RipVIS-026_00074.jpg,0.8714167286513104,0.7943229161836973,0.885373428628024,0.8189985665213688,0.963455661344506,0.8443173510903991,0.02973511819824921,0.9570510223760816,0.9055546567934708
RipVIS-026_00075.jpg,0.8719410292869078,0.7950792552693127,0.8858430656311365,0.818887392913489,0.964722858551844,0.8444172070997077,0.03054955057284392,0.9572873263884273,0.9056449232129161
RipVIS-026_00076.jpg,0.869836883560555,0.7920274986712681,0.8839456975504355,0.8157992516647793,0.9645148563582971,0.8417568356251023,0.03597901698962373,0.9563493441353412,0.9040590651259734
RipVIS-026_00077.jpg,0.8706013783150528,0.7932554318458671,0.8847099166785611,0.81805664830648,0.9631881469880209,0.8434753244671546,0.033851055354505825,0.9566126543205263,0.9050343860506551
RipVIS-026_00078.jpg,0.8699959176993115,0.7921664271482972,0.8840322139153067,0.8190344886685073,0.9602355049678812,0.8438518889240529,0.03705606942805435,0.9564800347217609,0.9052103714792264
RipVIS-026_00079.jpg,0.8665294399320327,0.7865856325591662,0.8805462421999153,0.8132880132703677,0.9599317868283407,0.8389194842948584,0.03677858490895278,0.9552932098760825,0.9023312765515505
RipVIS-026_00080.jpg,0.8663620509018893,0.7861363678346682,0.8802646673475449,0.8128121409836777,0.9599256451021676,0.8385134336007569,0.033524027458036385,0.955353491511885,0.9021137153974229
RipVIS-026_00081.jpg,0.8667647878344908,0.7868622163561718,0.8807195195618016,0.8149727637595208,0.9580052124848119,0.8400572720986176,0.03101701667343822,0.9554407793205268,0.9029689684030495
RipVIS-026_00082.jpg,0.8654844901699232,0.7842446113587245,0.8790774609783044,0.8168573593095805,0.9515577002467894,0.8406576765414107,0.02783288929041251,0.9553674768513911,0.9032757341169686
RipVIS-026_00083.jpg,0.8656189511222745,0.7843678547471107,0.8791548812767367,0.8152118241886763,0.9539827634175638,0.8396394252164339,0.029405073368820096,0.9554750192896627,0.9027311835893361
RipVIS-026_00084.jpg,0.8681991477048794,0.788536746048816,0.8817674535240371,0.8210910417786995,0.9521270743920267,0.844331176540336,0.024991556905043816,0.9563483796291684,0.9054415374903062
RipVIS-026_00085.jpg,0.8588284422531005,0.7739844604776949,0.8725944084868454,0.804358308203003,0.9534810315530678,0.8303307564413632,0.02618124613595251,0.9527806712958368,0.8972420516814521
RipVIS-026_00086.jpg,0.8606609111460837,0.7762962651375392,0.8740616983478602,0.8068221007873544,0.9535275545322803,0.8324371053422872,0.030386266092681757,0.9538329475304042,0.8985396721101406
RipVIS-026_00087.jpg,0.8581003500150739,0.7726025810320136,0.8717155094992612,0.8023073406616406,0.9542700812408482,0.8287006271984126,0.030942414298509874,0.9526683063267011,0.8963345240250999
RipVIS-026_00088.jpg,0.8603265661819187,0.7760930642933659,0.8739328809913925,0.8082136794691668,0.9512858752918656,0.8332784861376206,0.030268868720462833,0.9534963348760834,0.8989515609046625
RipVIS-026_00089.jpg,0.8612803370337023,0.7776022194682808,0.8748888935353359,0.8120859601337252,0.9482197804661828,0.8360931702281388,0.02769524022942786,0.9538416280859597,0.9005434380858752
RipVIS-026_00090.jpg,0.8589341766535172,0.7737206574936853,0.8724267310355096,0.8068154244819354,0.9496538487874722,0.8318389778608568,0.02637633986046488,0.9531037808637379,0.8981027905926895
RipVIS-026_00091.jpg,0.8592054070484729,0.7740579531050908,0.8726411127102989,0.8076238245104483,0.9490432933320688,0.8324324188800915,0.02728090898710311,0.9532629243822563,0.8984503891456703
RipVIS-026_00092.jpg,0.8582424401135489,0.7725722453845771,0.8716962001364971,0.8077859295337405,0.9465882057603541,0.8321914888281465,0.0231738035251512,0.9528886959871948,0.8982623409084844
RipVIS-026_00093.jpg,0.8582047287729211,0.7724061197385362,0.871590445481514,0.8074670321075859,0.946776877459738,0.8319498446841375,0.02653670629181719,0.9529456018513923,0.8981383987589175
RipVIS-026_00094.jpg,0.8597420930435351,0.7748949055414874,0.8731727192659685,0.8076247902919895,0.9503003948018816,0.8326264601193162,0.028184068405255173,0.9534654706785526,0.8985871363191245
RipVIS-026_00095.jpg,0.8590101304138515,0.7736117148300928,0.8723574707603944,0.805545348577756,0.9512547666161352,0.8310033041311933,0.027852802159135,0.953283179011886,0.8976715141603281
RipVIS-026_00096.jpg,0.8608410113480114,0.7764351869193248,0.8741497496070324,0.8105434155009674,0.948589032935119,0.8348418752419042,0.030497592293657075,0.9539949845674411,0.899879036209413
RipVIS-026_00097.jpg,0.8605579449960643,0.7760880241323259,0.8739296854517884,0.8100838489965946,0.948700429947432,0.8344690485338462,0.028836592640104044,0.953825713734108,0.8996495864559491
RipVIS-026_00098.jpg,0.8630552534046056,0.7801064763335164,0.8764717017830315,0.8156230350075587,0.9471314072030982,0.8389196888518674,0.026636643232280502,0.954684606481021,0.9022231368184733
RipVIS-026_00099.jpg,0.8637765560870001,0.7811366356130626,0.8771215189161469,0.8185844189674811,0.9446754050138775,0.8410359513897556,0.025869216736174382,0.9550188078699098,0.9034443194151387
RipVIS-026_00100.jpg,0.8663914207211142,0.7853001384277656,0.8797401865653184,0.8237433128693051,0.943905511986305,0.8452642837483405,0.024603608527905763,0.9559452160489217,0.9059192112464933
RipVIS-026_00101.jpg,0.8684107944449424,0.788514170200596,0.8817533384285772,0.8312007898411106,0.9388531640932519,0.8507098981550925,0.026340186506716465,0.9566603973760819,0.9090684478534852
RipVIS-026_00102.jpg,0.8688702446476758,0.7891507019879551,0.8821511805697716,0.8346249878379908,0.93541677732197,0.8530074128005539,0.018707482992170975,0.9568856095674397,0.9104068632978992
RipVIS-026_00103.jpg,0.8674922522196896,0.787011886546341,0.8808132642781189,0.832481420157521,0.935103071589562,0.8511633803376224,0.018736646029762962,0.9563618827155882,0.9093012290517634
RipVIS-026_00104.jpg,0.8709104998018786,0.7924079683965395,0.884182599461902,0.8382091058246065,0.9354917838550071,0.8560126186763143,0.02493793103310687,0.9576003086415135,0.9121891401656794
RipVIS-026_00105.jpg,0.8662007678047148,0.7847425923545638,0.8793902221151944,0.8321441540694671,0.9323241392829981,0.85042000030713,0.02782405864557236,0.9560460069439833,0.9088693869630364
RipVIS-026_00106.jpg,0.8669656191843043,0.7859038715366788,0.8801188956048892,0.8315965747077424,0.934654479261625,0.8503489988200333,0.02320172766912887,0.9563541666662054,0.9088611312321718
RipVIS-026_00107.jpg,0.8673159094617147,0.7864884487025361,0.8804853446141621,0.8323214071176062,0.9345658612775617,0.8509405227707937,0.02589729431110451,0.9564602623452177,0.9092059380582075
RipVIS-026_00108.jpg,0.8664351596167739,0.7849524030684203,0.8795219432395495,0.8287733099118801,0.9368909932740572,0.848353389955963,0.028335823785027626,0.9562374614192919,0.9077221030714877
RipVIS-026_00109.jpg,0.8655797045515545,0.7836259801223042,0.8786886812094659,0.8316963994131361,0.931309261616244,0.8498769719019533,0.025375170530675298,0.9559109760797859,0.9085605156863588
RipVIS-026_00110.jpg,0.8649712754619827,0.7827255931295918,0.8781223494475215,0.8327229677570316,0.928757453510184,0.8503075036432803,0.027199389511217736,0.9556500771600329,0.9087789134366706
RipVIS-026_00111.jpg,0.863328101855972,0.7801248097753185,0.876483272960825,0.8333971851412636,0.9242672853543047,0.8501130991956305,0.023534562967350743,0.9550573881168234,0.9086200428150834
RipVIS-026_00112.jpg,0.8643180567028035,0.7818235774847748,0.8775544193756807,0.8387951837652053,0.9200691820910396,0.8538806348703317,0.024408973724732105,0.9553269675921319,0.9108038814603723
RipVIS-026_00113.jpg,0.885092611908546,0.8142854026838102,0.8976376059458624,0.8677107114426523,0.9297025675623775,0.8794387723852645,0.03211303789150972,0.9630454282402763,0.9263229847601402
RipVIS-026_00114.jpg,0.8813559803008653,0.8087049020457533,0.8942364242293586,0.8584453170278159,0.9331418493018855,0.8724123635882443,0.03482210446428567,0.9614940200612647,0.9220264038390991
RipVIS-026_00115.jpg,0.8832288233386862,0.811638447660585,0.8960269624534348,0.8603681250248624,0.9347694384557819,0.8742855664368232,0.03323632130190708,0.962181712962499,0.9231697667944279
RipVIS-026_00116.jpg,0.8813413448082121,0.8085993941905639,0.8941719175488847,0.8590210082618931,0.9323222958642507,0.8727444365748026,0.03328096817168319,0.9615432098760796,0.9222383813250028
RipVIS-026_00117.jpg,0.8828503275073032,0.8110221846427037,0.8956512973944714,0.8599232393286117,0.9344769084698885,0.873866865018668,0.031704781702950754,0.9620582561723755,0.922919475068483
RipVIS-026_00118.jpg,0.877903490625087,0.8031006675062138,0.8907995898165194,0.8513031821691489,0.9341391933202189,0.8666738692838704,0.032825389548990294,0.960353973764969,0.9186143979363836
RipVIS-026_00119.jpg,0.8768832107133037,0.8014557121118565,0.8897867504855899,0.8477306225381579,0.9362335297661619,0.8640668083632291,0.03401948912909995,0.960009162808179,0.9170747774498478
RipVIS-026_00120.jpg,0.8719356700239356,0.7935421958234021,0.8848882369997353,0.8436598235089078,0.9303532296092382,0.8596814178699572,0.03155077168223983,0.9582918595674391,0.9144218141393388
RipVIS-026_00121.jpg,0.8735911816709451,0.7961058142271447,0.8864798587267031,0.8455622309718482,0.9315589566594262,0.861467479262033,0.03236505031836888,0.9589231288575623,0.9155103164595144
RipVIS-026_00122.jpg,0.8704512310591953,0.7912028982034197,0.88343190935767,0.8429337186162167,0.928017913749733,0.8586791088247375,0.03182751539859528,0.9577522183637357,0.9138024582169575
RipVIS-026_00123.jpg,0.8698731418076334,0.7902345380166448,0.8828279437532531,0.8434114880252194,0.9261092417221163,0.8587480226972586,0.03345916266109247,0.9575800540118838,0.9138402900120883
RipVIS-026_00124.jpg,0.8687674818532682,0.7885178968901224,0.8817556684908756,0.8436376881341524,0.9234812090634688,0.8584824430124294,0.03243151460083589,0.9571604938266989,0.9136558409953957
RipVIS-026_00125.jpg,0.8727841976188668,0.794693059045128,0.8856033125440925,0.8546670312695618,0.9188632984953103,0.8667785052284354,0.030392759370333942,0.9587239583328709,0.9186577772150908
RipVIS-026_00126.jpg,0.8765976239691655,0.8004309007697069,0.8891548133588605,0.8557463104198041,0.9252778408094006,0.8688038502554508,0.031382430418544126,0.9602879050921295,0.9199710334401419
RipVIS-026_00127.jpg,0.8777198039651857,0.8019455718209304,0.890088562453677,0.8521113612060013,0.9316088353091208,0.8669066019850857,0.031458262734019075,0.9608637152773144,0.9189101236858878
RipVIS-026_00128.jpg,0.8807332614793639,0.8066015498374373,0.8929490289765526,0.8581201984215483,0.9307246836671896,0.8717205297464948,0.02995538559418533,0.9620153356476842,0.9218294256113277
RipVIS-026_00129.jpg,0.8781970959992713,0.802265027441692,0.8902852968084323,0.8511815534796477,0.9331549421779404,0.8664034689690873,0.028544797854564558,0.9613266782402772,0.9187007144283239
RipVIS-026_00130.jpg,0.8758543180891136,0.7982534523751457,0.8878097259547112,0.850397521258223,0.9286652229976944,0.8649775448941187,0.018885413044902943,0.9606939621908948,0.9178886905439811
RipVIS-026_00131.jpg,0.8763671905157522,0.7991661785801332,0.8883739457695004,0.8463106709704573,0.9348371579364623,0.8626487601409787,0.018694844402072988,0.960809220678549,0.9164923066193988
RipVIS-026_00132.jpg,0.8749564661883936,0.7966668238275526,0.8868275556292213,0.8422842210737856,0.9363452087529017,0.8595535911744215,0.018826263799022296,0.9604846643513887,0.9146943420405901
RipVIS-026_00133.jpg,0.8664301266213376,0.7827471209669215,0.8781358968538143,0.8222193882841038,0.9422127712849062,0.8437091228787962,0.02193033892213379,0.9577136381168221,0.9053750051929927
RipVIS-026_00134.jpg,0.8665132699765379,0.7827413715535729,0.878132278796505,0.8226730671771162,0.9416093960626276,0.8439943474698389,0.024634017283518488,0.9578370949069455,0.9055599800138587
RipVIS-026_00135.jpg,0.8659490977831585,0.7818216150925471,0.8775531831809545,0.8215543597715441,0.9417444056344914,0.8430738035873223,0.021101239185112156,0.9576523919748469,0.9050203037235311
RipVIS-026_00136.jpg,0.8625804120101752,0.7762847637178295,0.8740544079126558,0.815713826943692,0.9413829572441451,0.8380898475536969,0.023928508435303163,0.9565788966044769,0.90210329061748
RipVIS-026_00137.jpg,0.8622909572535025,0.7754040167424253,0.8734958459372693,0.8110817043110657,0.9463165425366379,0.834945542748996,0.02763220581064601,0.9567640817896621,0.9003519610335959
RipVIS-026_00138.jpg,0.8525204255906726,0.7602123740364852,0.8637734687584099,0.7999315907968896,0.9386895006159368,0.8243013822556674,0.02412821415849899,0.9530420524686762,0.8939922351349042
RipVIS-026_00139.jpg,0.8581303750488992,0.7688929255710332,0.8693493138628722,0.8095380318716624,0.9387037779612522,0.8324469919351015,0.022417503585460456,0.9552107445983048,0.8988062177439129
RipVIS-026_00140.jpg,0.8580572324591805,0.7684329979013238,0.8690552583142891,0.8050483816341234,0.9441192221721233,0.8294853864550107,0.02606763168802525,0.9554210069439837,0.8971607399164505
RipVIS-026_00141.jpg,0.8569953636444873,0.7667667066807554,0.8679886300566402,0.8063183308896887,0.9398737572664988,0.8299040931620022,0.024560558630835505,0.9550270061723789,0.8973680609448351
RipVIS-026_00142.jpg,0.8595235366437486,0.7708714137606082,0.8706125219149502,0.8132834231923294,0.9366369225966581,0.8352845354637657,0.027427948654188183,0.9558699845674402,0.9004982458753324
RipVIS-026_00143.jpg,0.855049550819464,0.7635304392634528,0.8659112678342485,0.8110401365242362,0.9287458068729834,0.8321323879957104,0.022028564510891517,0.954430459104478,0.898624853260611
RipVIS-026_00144.jpg,0.8535406572028883,0.7612176689178629,0.8644220215955186,0.8112767184732987,0.9250183369979298,0.8317308897704145,0.02233656174198931,0.953831500771145,0.8983510760889267
RipVIS-026_00145.jpg,0.8566084999253298,0.7658445922136006,0.8673974998598997,0.8179679000716729,0.9231853652888827,0.8370479387513428,0.02511443770721796,0.9551007908946011,0.9015376949108647
RipVIS-026_00146.jpg,0.8526395169584438,0.7595653163898151,0.8633556359797451,0.8153213525011876,0.9174040763009919,0.8338790741013408,0.023363906790817804,0.9536607831785524,0.8996285028846741
RipVIS-026_00147.jpg,0.842514514143285,0.7438629871612072,0.8531209075916267,0.8021796241439311,0.9109708223423076,0.8218082448334,0.023242841203468274,0.9497516396600358,0.8923733047345773
RipVIS-026_00148.jpg,0.8461214308737508,0.7499018626451208,0.8570787638474564,0.8058604388716628,0.9152495680554226,0.8255951959712886,0.024051574508799183,0.9508400848760846,0.8945778567347147
RipVIS-026_00149.jpg,0.8393670935343841,0.7394508856313228,0.8502118590867183,0.7968434234481904,0.9112421259050199,0.8173660964497089,0.026731997765506915,0.9482079475304069,0.8896439775074942
RipVIS-026_00150.jpg,0.8359429083275115,0.7345049525121575,0.846933243342249,0.7987962682730368,0.901243907031044,0.8173791543688947,0.023109632093232906,0.9466271219131237,0.8894735175611042
RipVIS-026_00151.jpg,0.8352243793739123,0.7333978688872327,0.8461968046124838,0.7976675397083833,0.9010135324065404,0.8163956079363563,0.026704580575712147,0.9463425925921363,0.8888845721274292
RipVIS-026_00152.jpg,0.8327034272581746,0.7294193853704297,0.8435425109036732,0.7987274383328481,0.8936854990778237,0.8160696445036808,0.021936600134589593,0.9454079861106551,0.8886329395670012
RipVIS-026_00153.jpg,0.8314490797639194,0.7277206074560265,0.84240542633517,0.7969574326853534,0.8933504104910948,0.8145351874689432,0.016564417176897887,0.9447497106476925,0.8876596904838646
RipVIS-026_00154.jpg,0.835116257795838,0.733159037212062,0.8460378089611585,0.7947649233724701,0.9043824819046447,0.8145097938897042,0.020570012390299257,0.9463493441353461,0.8878155695212225
RipVIS-026_00155.jpg,0.8336530420099288,0.7310279771198227,0.8446171717410903,0.7932843189318939,0.9030530815475661,0.8130500445958774,0.021004003694425375,0.94568479938226,0.8869065801924683
RipVIS-026_00156.jpg,0.8355737567448576,0.7340732678696964,0.8466461959493824,0.7945684650935085,0.9060293110344303,0.8146113645244041,0.02145896281547395,0.9463869598760868,0.8878527135115608
RipVIS-026_00157.jpg,0.8364877729179065,0.7356127317386733,0.8476692044103218,0.7999999999979204,0.9013792436832707,0.8184095068555373,0.022844827584800196,0.9466589506168274,0.8900317659549201
RipVIS-026_00158.jpg,0.83895341311814,0.7395250242500161,0.8502608630983702,0.8025181688670254,0.9040434060743208,0.8209570759646142,0.021549607071368517,0.9475564236106542,0.8915570696020566
RipVIS-026_00159.jpg,0.8340740957397805,0.7317211208258348,0.845079628614666,0.7962316219440168,0.9003129177719658,0.8150771327688049,0.018188521567027865,0.9458212770057167,0.888070606366699
RipVIS-026_00160.jpg,0.8342094036772374,0.7318235652999036,0.8451479468962788,0.794789441679283,0.9023196537750726,0.8141951084725676,0.01839207725789555,0.9459476273143587,0.8875914088352015
RipVIS-026_00161.jpg,0.8369006142771249,0.7359320371056235,0.8478811628278572,0.8060272630526456,0.894319752438061,0.8222629876741823,0.026427909847086883,0.9470394483020124,0.8923382165645133
RipVIS-026_00162.jpg,0.8411973293371584,0.7428084355285159,0.8524269453667813,0.8113349170626575,0.8979034472279687,0.8272869700939328,0.025003079195405647,0.9485614390427525,0.895328041821966
RipVIS-026_00163.jpg,0.8426273767174028,0.7456284257531982,0.8542808019770609,0.8221481553729669,0.8890273389803226,0.834706712585187,0.0278728606339931,0.9487041859563327,0.8995892305784621
RipVIS-026_00164.jpg,0.8424596130013075,0.7452276469315652,0.854017695905533,0.8225596529262404,0.8879775880901388,0.8348606068677101,0.026842778012852713,0.9487350501538635,0.8997123982081936
RipVIS-026_00165.jpg,0.8465803852928698,0.7522006664039101,0.8585782220339778,0.8320440384390325,0.886860523032605,0.8424584404634544,0.028453088418965537,0.9499329668205295,0.9041613126038546
RipVIS-026_00166.jpg,0.8523289036607196,0.7615477219834003,0.8646347895996161,0.8393356394803284,0.8915064662680419,0.8492755352706733,0.025836230666236887,0.9518571566353434,0.9082139181513259
RipVIS-026_00167.jpg,0.8514221042391747,0.7603809659511432,0.8638822853214677,0.8474855795043758,0.8809259784082898,0.8539689991544254,0.022677793902837577,0.9513464506168252,0.9109839134670645
RipVIS-026_00168.jpg,0.8506224830300071,0.7590759781374702,0.863039445221904,0.8468597139246107,0.8798494642577281,0.8532582577772082,0.022265246852476692,0.9510821759254673,0.9105650297645065
RipVIS-026_00169.jpg,0.8553923585478613,0.7666931883673748,0.8679415230845898,0.8540918089493451,0.8822478070151254,0.8595783140252892,0.02928666909531616,0.9527690972217627,0.9143877661483619
RipVIS-026_00170.jpg,0.8746550807637601,0.7962228512768235,0.8865524127040673,0.8903724564583502,0.8827650078573943,0.8888404953335577,0.027824519229097084,0.9603544560180554,0.9327334672183307
RipVIS-026_00171.jpg,0.870486867177785,0.789799949874963,0.8825566789519009,0.8941352856394771,0.8712741130623998,0.8894675762591707,0.02383227810155105,0.9587427662032414,0.933214260216167
RipVIS-026_00172.jpg,0.8662743632462464,0.7830454666800992,0.8783236112739995,0.8920219890587899,0.8650395899721678,0.8864916820948453,0.02232702525089087,0.9572878086415136,0.9314727957930751
RipVIS-026_00173.jpg,0.8674049272373785,0.7846862406428593,0.8793548387084652,0.8916790378154876,0.8673666691118689,0.8867081354558147,0.023241883309977125,0.9577951388884269,0.9316281340645229
RipVIS-026_00174.jpg,0.8673652868080028,0.7844886922907649,0.8792307798641295,0.8887606313228575,0.8699031304090903,0.8849240075227182,0.021136458893411383,0.9578722993822542,0.9305221621211035
RipVIS-026_00175.jpg,0.8679360075949243,0.7856464030038539,0.8799574223454566,0.8941528623587708,0.8662056678998487,0.8884200786542252,0.02312138728185916,0.9579050925921306,0.9326761598189621
RipVIS-026_00176.jpg,0.8608272738463221,0.7746542717568821,0.8730199274137892,0.8927440036179616,0.8541485696546111,0.8847483810952904,0.022117090477698574,0.9551683063266999,0.9304685515390023
RipVIS-026_00177.jpg,0.8659380624737893,0.7827279442758059,0.878123829033007,0.894717921276308,0.862134060868044,0.8880055892931624,0.022118948172120775,0.9570216049378101,0.9323886790131111
RipVIS-026_00178.jpg,0.8615642837524473,0.7760621769145355,0.8739132976332504,0.8962526942710021,0.852660452134005,0.8871812706666887,0.02800377313830894,0.9552715084871937,0.9319330515129657
RipVIS-026_00179.jpg,0.854185380809857,0.7641634553107953,0.866318200856475,0.8924000640869019,0.8417176157401047,0.8817811048413886,0.023659584484511824,0.9527493248452196,0.9288236300702353
RipVIS-026_00180.jpg,0.8549434081818952,0.7665680389718379,0.8678613243993579,0.9140017808012662,0.8261555061864141,0.894969116329318,0.028002599395758103,0.9522135416662074,0.9370679148958505
RipVIS-026_00181.jpg,0.8539000940127064,0.764716304515493,0.8666733599715312,0.9100106825567581,0.8272760960379578,0.8921658605151102,0.02265754071143158,0.9519690393513928,0.9353340021857297
RipVIS-026_00182.jpg,0.8496504509512854,0.7583892617431935,0.8625954198461815,0.9120178792282918,0.8182540443177287,0.891584522486454,0.023866768309161627,0.9501562499995417,0.935035705162101
RipVIS-026_00183.jpg,0.8555310847750364,0.7673980954341764,0.868393032013151,0.9127777652927832,0.8281246416747275,0.8944903249174179,0.02504282085966317,0.9524937307094172,0.9367524133620644
RipVIS-026_00184.jpg,0.8520749572272388,0.7620210615373936,0.8649397878053934,0.9140789113779065,0.8208143856892026,0.8937681411947382,0.027190691045642916,0.9511762152773191,0.9364544935984669
RipVIS-026_00185.jpg,0.8501346596710837,0.7590847787791765,0.8630451333971401,0.9157251321888538,0.8160965835267888,0.8938997893436565,0.029070113776787386,0.9503800154316404,0.9366200214550298
RipVIS-026_00186.jpg,0.8481037446790178,0.7555429635498584,0.8607513222257868,0.9162536995930693,0.8115890418549851,0.8932154176203122,0.02991044775940833,0.9498596643513938,0.9364771295013565
RipVIS-026_00187.jpg,0.8488941481594838,0.7568207578654312,0.8615799357755564,0.9158025632827701,0.8134191989505722,0.8933146362761768,0.033335335453580674,0.9501297260797887,0.9364685128648613
RipVIS-026_00188.jpg,0.8503527682389356,0.7589430817473285,0.8629535425255453,0.9148670812520933,0.8166152407171082,0.8933697546565648,0.03479466923748449,0.9507860725304057,0.9364884451547768
RipVIS-026_00189.jpg,0.8507003050753832,0.7595830158438891,0.8633670693617101,0.9165300359768054,0.8160333724448814,0.894498076201853,0.03196210122139829,0.9508521412032451,0.9371915970503952
RipVIS-026_00190.jpg,0.8481155458459411,0.7555709144063163,0.8607694604713005,0.9158139786666558,0.8119666324751993,0.8929724443357802,0.030549411129876882,0.949857735339048,0.9363036581882043
RipVIS-026_00191.jpg,0.8475151164306851,0.7546277914157562,0.860157117204749,0.9151248197907748,0.8114186108178417,0.8923157103416012,0.02476133651403572,0.9496339699069495,0.935895048547762
RipVIS-026_00192.jpg,0.8490521170019439,0.7569110158780441,0.8616384199740086,0.9144003350678136,0.8146331805215465,0.8925387048221253,0.02504643777188289,0.9502946566353442,0.9360040771392375
RipVIS-026_00193.jpg,0.8793227713670144,0.8051086319658273,0.8920334407675348,0.9401056330071057,0.8486384141283471,0.9202681228479316,0.015867896535130755,0.9610190007711414,0.9527236955960137
RipVIS-026_00194.jpg,0.8815869479481953,0.8086580254090439,0.8942077651480398,0.9392565373221992,0.8532824937896303,0.9207031110156446,0.019794911732879353,0.9618494405859559,0.9528940094080278
RipVIS-026_00195.jpg,0.8814943941471745,0.8084945260973604,0.894107794555564,0.9394003283381139,0.8529818668169605,0.9207436021777944,0.024581589956551936,0.961827739197067,0.9529361095709943
RipVIS-026_00196.jpg,0.8790273887605883,0.8043303092503766,0.8915555041410816,0.9449572152384313,0.8438666537631101,0.9228468253322922,0.021486300018300392,0.9611202739192896,0.9546838080640017
RipVIS-026_00197.jpg,0.879749417547782,0.8054668862730103,0.8922532918182949,0.9457584574107315,0.8444779510250353,0.9236043869843438,0.02225001645564808,0.9613821373452154,0.9551597594011891
RipVIS-026_00198.jpg,0.8772923081807946,0.8011762088997822,0.8896144696350027,0.948496388551751,0.8376159238235438,0.9240323976578512,0.02158034528409161,0.9607730516970675,0.9558622500338234
RipVIS-026_00199.jpg,0.86690368902382,0.7846712678818639,0.8793454368917482,0.9410134370347359,0.8252629810693708,0.9153366204093432,0.022556889801462424,0.9570896026229953,0.9506533903504304
RipVIS-026_00200.jpg,0.8666597331437361,0.7837021295329525,0.878736551980412,0.945067403586163,0.8211060948060201,0.9173686165359061,0.020655650318453116,0.9573948688266988,0.9524344911205679
RipVIS-026_00201.jpg,0.869539178924124,0.7903114137941657,0.8828759149999239,0.9055759132611279,0.8612861252739983,0.8963572640779219,0.019627329191327494,0.9570587384254644,0.9369189579303339
RipVIS-026_00202.jpg,0.8724863965702458,0.7947460803131129,0.8856362345969975,0.903871418510555,0.8681222730029637,0.8964879703754441,0.022226361208032137,0.9582691936723774,0.9369909881923875
RipVIS-026_00203.jpg,0.8712288682962372,0.7924300574596411,0.8841963502695654,0.8982743795907985,0.8705527822520851,0.8925897127676096,0.021992318174823916,0.9580338541662047,0.9346401532371913
RipVIS-026_00204.jpg,0.8680677430839989,0.7872482628717135,0.8809612847034236,0.8956457271942568,0.8667505886782368,0.8897135944959038,0.020520768752602555,0.9570167824069459,0.932957122324013
RipVIS-026_00205.jpg,0.8679048783836345,0.7868058000992073,0.8806841796187612,0.8941828903390455,0.8675869647310622,0.8887340521965013,0.020951302376937757,0.9570814043205261,0.9324022398948619
RipVIS-026_00206.jpg,0.8700560274934976,0.7901485907653791,0.8827743069390129,0.8974204978804966,0.8685985002592872,0.8915040868683253,0.02256789493672269,0.9578959297834887,0.9341459308895343
RipVIS-026_00207.jpg,0.8777672621032533,0.8024224860096173,0.8903822408320041,0.9000363592925131,0.8809330316334137,0.8961496980621512,0.024995205521639377,0.9606124614192898,0.9368711041246978
RipVIS-026_00208.jpg,0.8716933017216018,0.7923691904528931,0.8841584587298987,0.9034325740407343,0.8656895646757069,0.8956229602610866,0.015948058496221124,0.9587316743822537,0.9369197363069921
RipVIS-026_00209.jpg,0.8759856366382455,0.7989508048952667,0.888240859862514,0.9047648102925872,0.8723096463644032,0.8980820002037204,0.017170111286666446,0.9604113618822528,0.9384443184696918
RipVIS-026_00210.jpg,0.8790973085875434,0.8038818581973867,0.8912799411383883,0.9100857849590829,0.8732355634559775,0.9024690124888183,0.01692397131858898,0.9615190972217585,0.941193971720869
RipVIS-026_00211.jpg,0.8855761344029472,0.8141385709770185,0.8975483835708954,0.9119392297675546,0.8836046705474514,0.9061278676119385,0.018608257413025246,0.9638252314810166,0.9433380844730316
RipVIS-026_00212.jpg,0.8878722500629798,0.8175866976236047,0.8996398341741328,0.9155846334482034,0.8842408826507562,0.909139367610265,0.01991381561635454,0.9647656249995348,0.9453006212099884
RipVIS-026_00213.jpg,0.8950341241743898,0.8287593822991167,0.9063624119398368,0.9144159257369725,0.8984495187000064,0.9111774067007827,0.029080002606175912,0.9674112654316323,0.9464366072263954
RipVIS-026_00214.jpg,0.8924449830110113,0.8242374291248635,0.9036514830421747,0.9170184557968782,0.8906686004806306,0.9116244914362608,0.026460211679964707,0.9667819251538547,0.946991834312993
RipVIS-026_00215.jpg,0.8925359475829389,0.8243192809868398,0.9037006729884869,0.9148724903019014,0.8927984097340163,0.9103707802363463,0.023325907481108247,0.9668561921291634,0.9461874456791608
RipVIS-026_00216.jpg,0.8913037439749418,0.8221858828272732,0.902417136007643,0.9087239195996863,0.8961972905215945,0.90619065725978,0.023225298515731182,0.9665441743822499,0.9435651761101007
RipVIS-026_00217.jpg,0.8894960728797956,0.8192997215332705,0.9006759159428449,0.9087572608433111,0.8927370347952156,0.9055073826861413,0.022324058918342122,0.9659206211415095,0.9431943006270165
RipVIS-026_00218.jpg,0.8877847007761377,0.8164067303336056,0.8989250223529642,0.9028724902161298,0.8950119218440947,0.9012893500646231,0.024016890998679277,0.9654388503081763,0.9405730792110834
RipVIS-026_00219.jpg,0.8882367715800719,0.8170349434716931,0.8993057028508614,0.9010691323085916,0.8975491621174427,0.9003629312888223,0.027253948155710403,0.9656587577155837,0.93998738672614
RipVIS-026_00220.jpg,0.891141292806692,0.8218419586037721,0.9022099361830677,0.9062481415271988,0.8982075593478664,0.904628529235167,0.026893088408425195,0.9665456211415092,0.9425846130400075
RipVIS-026_00221.jpg,0.8929328188903047,0.8245139690222859,0.903817655574458,0.9146914125934583,0.8931993934561555,0.9103106630491107,0.023941068138388512,0.9672911844131138,0.9463023874116285
RipVIS-026_00222.jpg,0.8829653371254487,0.8074008833715233,0.8934386286958085,0.9248836754026566,0.864061471279271,0.9120437301541104,0.0378755818847598,0.964671585647683,0.9485706134215978
RipVIS-026_00223.jpg,0.8826915672357053,0.8067809228116125,0.8930589344015706,0.9213161012552604,0.8664835071339603,0.9098013368057416,0.04029829341457778,0.9647034143513866,0.9471408598469757
RipVIS-026_00224.jpg,0.8831030207488284,0.8076122892869624,0.8935680445119525,0.9309803255696882,0.8590464893089997,0.9156456710242004,0.038294849020369816,0.9647251157402755,0.9510439679929032
RipVIS-026_00225.jpg,0.8850706519645362,0.8109105242390989,0.8955832034603963,0.9343316751465136,0.8599206935251813,0.9184367717568906,0.03534244634638838,0.9652980324069419,0.9527482238143947
RipVIS-026_00226.jpg,0.8846762565447389,0.8102312617483066,0.8951687874021045,0.9318053984718682,0.86130413635945,0.9167966876485423,0.033956936107733364,0.965195794752621,0.9516682045904807
RipVIS-026_00227.jpg,0.8838505842881984,0.8088197358216973,0.8943066241526524,0.9339965894865875,0.8578523887140189,0.9177052247275577,0.03367930522956441,0.9649744405859544,0.9524062668079444
RipVIS-026_00228.jpg,0.8840560126464903,0.809078416009725,0.8944647272883893,0.9314168764376268,0.8603327041231518,0.916275596313832,0.03207839819288787,0.9650935570983,0.9514343292324049
RipVIS-026_00229.jpg,0.8793059802406176,0.8017941417351124,0.8899952809958539,0.9363390956570408,0.8480226610174137,0.9172342157114709,0.025038252884612724,0.9632392939810169,0.952328600547507
RipVIS-026_00230.jpg,0.8746170864750265,0.7941785463448916,0.8852837394168999,0.9350333940469346,0.8405606297461791,0.9144773042763138,0.024591872176131166,0.9616980131168201,0.9508686173231938
RipVIS-026_00231.jpg,0.8701077961909929,0.7869894575228481,0.8807992170404685,0.9332286706487358,0.8339474531744975,0.9115253027777148,0.02276444928961529,0.9601181520057098,0.9491942131043445
RipVIS-026_00232.jpg,0.8683247488746137,0.7840583740118642,0.8789604481928797,0.9297189368052655,0.8334574077903247,0.9087279324874369,0.02207280630113605,0.9595534336415126,0.9474345031377431
RipVIS-026_00233.jpg,0.8704953900042854,0.7875042618459032,0.8811215488042201,0.9278645120030193,0.8388622462853825,0.9085845681252916,0.02487392667133202,0.9603255208328703,0.9471512633421648
RipVIS-026_00234.jpg,0.867928941189301,0.7833846772013039,0.8785369608879705,0.9255759457045997,0.8360479084691004,0.9061685666903239,0.023518216420369886,0.9594439621908953,0.945698672504174
RipVIS-026_00235.jpg,0.8685419849905238,0.7842066600084214,0.8790536181551076,0.9239487526409212,0.838319263597119,0.9054514220932309,0.02388469457626049,0.9597670717587964,0.9452246945733036
RipVIS-026_00236.jpg,0.8629111523010804,0.7751375771479784,0.8733267630933167,0.9232563056726618,0.8285205157726352,0.9026147123480882,0.022845205200967368,0.9578501157402788,0.9437837134916388
RipVIS-026_00237.jpg,0.8595544955189213,0.7696362122469479,0.8698242123670413,0.9199049031956337,0.824914888223106,0.8991961827990566,0.024091493535623502,0.9567703510797855,0.9417706282150842
RipVIS-026_00238.jpg,0.8529801793616654,0.7593264097273689,0.8632012860479218,0.9187366064949263,0.8139971996861526,0.8956864851514232,0.02231576134012723,0.9543243634254657,0.9398407375266142
RipVIS-026_00239.jpg,0.8460874886764636,0.7488884617190239,0.8564164932312763,0.9191584933497591,0.8016927365172983,0.8929899294795658,0.02705882352753918,0.951491126542751,0.9383445286948054
RipVIS-026_00240.jpg,0.8289442418264146,0.7225900135770036,0.8389576252988097,0.9167675702490757,0.7733224730412088,0.8839735730424224,0.027569775355509203,0.9446301118822605,0.9332996735309731
RipVIS-026_00241.jpg,0.8324909216698153,0.7280090284212226,0.8425986397609976,0.925403313069491,0.773395552659635,0.8904023198449311,0.02421768707318247,0.9460706018513956,0.9376467185118773
RipVIS-026_00242.jpg,0.8329522805243725,0.7288226203071295,0.8431433181706662,0.9308087877000375,0.7705695104918426,0.8936423535609173,0.028225806449683855,0.9461824845674449,0.9399098829591743
RipVIS-026_00243.jpg,0.8281441396263354,0.7215363478636855,0.8382470097236867,0.9299319010613947,0.7630186201998834,0.8909520578144182,0.032324198726691435,0.9441878858020138,0.9383725204670621
RipVIS-026_00244.jpg,0.8253042764130583,0.7173042773714905,0.835384022299645,0.9336344575690637,0.7558433250962512,0.8916856069046452,0.04020031556285927,0.9429576581785576,0.93915131434145
RipVIS-026_00245.jpg,0.8239945434337931,0.7153441397799103,0.8340532062233221,0.9329510489481493,0.7541131457349797,0.8907049214475746,0.03091106290462913,0.9423953510797924,0.93854048437334
RipVIS-026_00246.jpg,0.8195038407951808,0.7085745463289363,0.8294335741468092,0.9348147178671838,0.7454045350846902,0.8896043356190463,0.03318883771110886,0.9404976851847316,0.9381764764696277
RipVIS-026_00247.jpg,0.8202351714138962,0.7096222087008477,0.8301509012802236,0.934849184169531,0.74654204583191,0.8899529855203953,0.03684317857135183,0.9408449074069537,0.9383954274334869
RipVIS-026_00248.jpg,0.8141740584242567,0.7003780518943602,0.8237909812045406,0.9264998604752225,0.741581566178006,0.8824889623909159,0.03662086238160016,0.9383502121909055,0.9335163958840615
RipVIS-026_00249.jpg,0.8413764194758978,0.7473912028289343,0.8554366092938402,0.8940633015056089,0.8200093110078799,0.8782014518682819,0.031277367694778097,0.9457388117279389,0.9255560342223734
RipVIS-026_00250.jpg,0.8414650384101916,0.7473678760425566,0.8554213297490593,0.8916408169818538,0.8220295338152749,0.8767910942841327,0.030865746547624483,0.945879147376087,0.9246954154707865
RipVIS-026_00251.jpg,0.8356001811382769,0.7380014922270659,0.8492530018272824,0.8875597310188124,0.8141160720906013,0.871829698121102,0.02956532678935866,0.9437779706785572,0.9217736293327282
RipVIS-026_00252.jpg,0.8377543814849562,0.7413735660112617,0.851481359866315,0.8884027202639111,0.8175063982087057,0.8732564965902878,0.033138401557370405,0.9445958719131247,0.9226155486253098
RipVIS-026_00253.jpg,0.8390759463696513,0.7431322103281973,0.8526400991560821,0.883258008681267,0.824073795027364,0.8707507074635548,0.0341324921114112,0.9453023726847293,0.9210511524317944
RipVIS-026_00254.jpg,0.8399473398893493,0.7444842648805399,0.8535293552005999,0.8853959421766295,0.8238769202961501,0.872367970896542,0.03193097367225526,0.9456404320983094,0.9220805496620543
RipVIS-026_00255.jpg,0.8420564297758568,0.7477399268214718,0.8556649823539243,0.8870161590322722,0.8264543353741926,0.8742039841179421,0.034237522812370975,0.9464689429007781,0.9232186738675225
RipVIS-026_00256.jpg,0.8447855714916402,0.7518096687837521,0.8583234607966506,0.8867384845961138,0.8316729793808523,0.8751496607689238,0.02771319047145647,0.9476340663575676,0.9238195606815761
RipVIS-026_00257.jpg,0.8450444710617503,0.7520206978156463,0.8584609745230036,0.8852744071992125,0.8332240570451864,0.8743505146281546,0.02586315128525655,0.9478607253081849,0.9233721331863811
RipVIS-026_00258.jpg,0.84573637326477,0.7530741163405144,0.8591469229065252,0.8834905685767916,0.8361088307707076,0.8735894209367172,0.03293432136088832,0.948141396604481,0.9228645199057199
RipVIS-026_00259.jpg,0.846247837371763,0.7537621934640865,0.8595945291479132,0.8821184310807324,0.8381922332660044,0.8729686933526689,0.03244407831997693,0.9484090470674439,0.9224917889688997
RipVIS-026_00260.jpg,0.845602139233457,0.7526675635314287,0.8588822879963476,0.8820142370057417,0.8369326608533443,0.8726135300819531,0.031263900360217076,0.9482214506168266,0.9223180017623229
RipVIS-026_00261.jpg,0.8457982122372603,0.7530457074722744,0.8591284348861558,0.8836993888698492,0.8358868907713398,0.8737042606409224,0.033422459890920395,0.9482479745365797,0.9229901387835857
RipVIS-026_00262.jpg,0.8477077768906507,0.756054390410795,0.8610831128458734,0.8862868844905839,0.8372731681150627,0.8760303742086267,0.02760367204636887,0.9489544753081843,0.9244291563629976
RipVIS-026_00263.jpg,0.8452409788915796,0.751995515279529,0.8584445664628872,0.8867371227244277,0.8319016118967325,0.8751992207301251,0.02259815679695757,0.94815634645016,0.9240639913016446
RipVIS-026_00264.jpg,0.8451592887318633,0.7516834120836553,0.8582411717760299,0.8849749910074292,0.8330751713080272,0.8740840637861854,0.020064561046897616,0.9482484567896662,0.9234166547574052
RipVIS-026_00265.jpg,0.8502717964355151,0.7595207770559897,0.863326863723441,0.8865804779203428,0.8412618850743043,0.8771303144719148,0.02277933316220544,0.9502835648143565,0.9252874212396637
RipVIS-026_00266.jpg,0.8525405407551029,0.7629035473450299,0.8655079836829176,0.89136213170573,0.8411113696872725,0.8808373076435653,0.027928676421810655,0.9512480709871955,0.9277001426560887
RipVIS-026_00267.jpg,0.8576321380171663,0.770858598964748,0.8706043491167453,0.8941511649204159,0.8482658884476124,0.8845812282383265,0.029394849509272486,0.9531650270057132,0.9299696745832051
RipVIS-026_00268.jpg,0.8586766442524889,0.7723864168932592,0.8715779014456029,0.8957144974693912,0.848707978409913,0.8859011971219553,0.0339276552056229,0.9536270254625031,0.9308421162417347
RipVIS-026_00269.jpg,0.857613085312604,0.7706493254373681,0.8704708655363026,0.893415336311311,0.8486753948245017,0.8840939137273817,0.03366247755618989,0.9532778742279353,0.9297274379572068
RipVIS-026_00270.jpg,0.8550747206099463,0.7669857795638653,0.8681289780987098,0.8997337650334659,0.8386691953712383,0.8868196716328967,0.030453618754430836,0.9521209490736149,0.9314897550008657
RipVIS-026_00271.jpg,0.8562848653617234,0.7689462046542926,0.8693833680539412,0.9018599478000477,0.8391644935348175,0.8885824366712635,0.033030922563695955,0.9525298996908986,0.9325754014227725
RipVIS-026_00272.jpg,0.8548897754272218,0.7665658399801328,0.8678599151320098,0.8985109685434219,0.8392310861594499,0.8859943584657811,0.030896903923977218,0.9521387924378124,0.9310096214674121
RipVIS-026_00273.jpg,0.8549979946238542,0.7664305061072151,0.8677731769887084,0.8988057424206982,0.8388119826932876,0.8861301299614858,0.0323738701178041,0.9523832947526272,0.9312314009437417
RipVIS-026_00274.jpg,0.8550402442693011,0.7663663763341347,0.8677320703133279,0.8980686933782636,0.8393780095661043,0.8856830123071897,0.038679731818032505,0.9524864969131209,0.9309910612429836
RipVIS-026_00275.jpg,0.8587979584184877,0.772235684313273,0.8714819266405959,0.9006419162982808,0.8441509394626163,0.8887468451481917,0.03905645784744416,0.953900462962503,0.9328629423471619
RipVIS-026_00276.jpg,0.8618356200647589,0.7769765928515929,0.8744927715730281,0.9022215925323648,0.8484175603107449,0.8909216898570937,0.04119850186999881,0.9550434027773173,0.9341803916810214
RipVIS-026_00277.jpg,0.8618623879800119,0.7782260892313811,0.875283625568401,0.8805249696468713,0.8701043106872846,0.8784209173670909,0.038639281127173346,0.9542486496908978,0.9256065177192327
RipVIS-039_00000.jpg,0.8338391760226531,0.708003174125838,0.8290419887400929,0.9254346845671922,0.7508354405648032,0.8843073263503847,0.025483533715010224,0.9632667824069429,0.9463651494155612
RipVIS-039_00001.jpg,0.8112005588053388,0.6655879705075323,0.7992228357709819,0.9266128076095579,0.7026263404580465,0.8710757012708693,0.01986567691623431,0.9602314814810184,0.944992124282191
RipVIS-039_00002.jpg,0.7894408360338868,0.62943628560878,0.7725816482276431,0.9257772583770824,0.6628883274354204,0.8577442407136379,0.0033722263436047595,0.9534432870365772,0.9409022660959983
RipVIS-039_00003.jpg,0.8311933389147532,0.7018028577779566,0.8247757424667865,0.9776401654995549,0.7132513229413802,0.9101640300387377,0.04010413001898937,0.9639298804007697,0.9701331753879343
RipVIS-039_00004.jpg,0.8134230455965308,0.6711548743861062,0.8032228307177729,0.9563075211958497,0.6923863590582905,0.8885673835088408,0.03292614433916553,0.9593658371908954,0.9579818816785812
RipVIS-039_00005.jpg,0.804106611952623,0.6528414820571352,0.7899626057843191,0.9695930236010701,0.666486780435021,0.8887550498704111,0.01696690406249358,0.9588271604933648,0.9637429340730883
RipVIS-039_00006.jpg,0.7846959781606409,0.6206484357749135,0.7659260603033258,0.9620082387379131,0.6362432236266373,0.8726468716515003,0.010217557516492837,0.9527092978390467,0.956952120944099
RipVIS-039_00007.jpg,0.81818933298094,0.6777594983704569,0.8079340322957356,0.9813919396539574,0.6865827181908212,0.903777962376063,0.014376555155213121,0.96193238811682,0.9707978482929942
RipVIS-039_00008.jpg,0.8460295136849667,0.7262714432386396,0.8414336529556319,0.977035573340786,0.7388845119601157,0.9178676896105664,0.028160022696257624,0.9686347415118786,0.9724440715683893
RipVIS-039_00009.jpg,0.8078725082388687,0.6575000640893466,0.7933635459019861,0.9842147005335263,0.6645074923320615,0.8978227739386344,0.030136986299010803,0.9613435570983018,0.9718465812074639
RipVIS-039_00010.jpg,0.7647015771806338,0.5861061886305221,0.7390503773730039,0.9922934787443437,0.5887862963124404,0.8726803697592805,0.009546539378762937,0.9475115740736171,0.9680895296988703
RipVIS-039_00011.jpg,0.7755394647530844,0.6040149400347612,0.7531288206351388,0.9974375977736881,0.6049536498293402,0.8828782314739465,0.021352583585003602,0.9510190007711463,0.9723490410257669
RipVIS-039_00012.jpg,0.7674022212994092,0.5925942306182067,0.7441873381497507,0.9987080424296335,0.5930488601008662,0.8785221368039733,0.01744576157329115,0.9466912615736175,0.9705103609482528
RipVIS-039_00013.jpg,0.7669388843659336,0.5910880558280641,0.742998545759856,0.9837822057629768,0.5969043958009342,0.8708903717910369,0.009430486995547743,0.9471595293205309,0.9639294861534715
RipVIS-039_00014.jpg,0.7627515102508259,0.584037976559175,0.7374040082395172,0.9861730374167992,0.5888599718785005,0.8689184536473828,0.014377117048221519,0.9459104938267043,0.9643621050465012
RipVIS-039_00015.jpg,0.7244793676185054,0.5194354793028444,0.6837216668669269,0.9950579286620134,0.5207790042096571,0.8417413804375128,0.004282821990010682,0.9345119598760926,0.9624664984348134
RipVIS-039_00016.jpg,0.7122975848042369,0.5009585661868713,0.6675181813439897,0.999918726711819,0.5009789649761248,0.8338312818607047,0.0053331210693836565,0.9290735918205396,0.9617805425140071
RipVIS-039_00017.jpg,0.725594400793437,0.5240451533624281,0.6877029229826325,0.9994872327379208,0.5241860813424238,0.8460563850782613,0.004458698372617436,0.9325540123452293,0.9633345191607507
RipVIS-039_00018.jpg,0.7291676327391232,0.5305312570997747,0.693264191291442,0.9999999999936068,0.5305312570997747,0.8496316647709434,0.0008696339630903918,0.9332499035489327,0.9639020041860393
RipVIS-039_00019.jpg,0.7321828161049533,0.5350386650089027,0.6971012225360457,0.9994552574004918,0.5351947370028272,0.8516931519178278,0.005826656955100214,0.9346421682094258,0.9644117094837901
RipVIS-039_00020.jpg,0.7335118368033682,0.5383025225987309,0.699865617706132,0.9999748599953492,0.5383098076878838,0.8535675965665236,0.0008722543810267025,0.9341902970674507,0.9643489757033141
RipVIS-039_00021.jpg,0.7510755429681373,0.5653229339460736,0.722308376995324,0.9980790322824135,0.5659387076460288,0.865849674460762,0.0052364588442778215,0.9416242283946076,0.9675276731998812
RipVIS-039_00022.jpg,0.7006439067152285,0.4876985391710084,0.6556416186881101,0.9992265410472175,0.4878827182070698,0.8260681794120021,0.003109303994011855,0.9201572145057291,0.9564369957610825
RipVIS-039_00023.jpg,0.6913402043272556,0.4731040684924208,0.6423226689973057,0.9993197409817592,0.47325648187120056,0.8175622817840548,0.0032141737219179858,0.9163667052464717,0.9544731777729802
RipVIS-039_00024.jpg,0.7099333661378171,0.5001346427732514,0.6667863383898239,0.9977863361209244,0.5006902017321605,0.8324845738183161,0.01127758981703902,0.9256992669748623,0.958841164652384
RipVIS-039_00025.jpg,0.7413532479163958,0.5551281057387395,0.713932316817121,0.992005587424864,0.5576227356626716,0.858286214263669,0.006001263423404827,0.9335807291662165,0.9601300036951699
RipVIS-039_00026.jpg,0.755311484572936,0.5779710527599624,0.7325496266221839,0.9916861581272806,0.5807852151080084,0.8687582420526518,0.013684704409314614,0.9383391203699178,0.9625299000733218
RipVIS-039_00027.jpg,0.758929848089871,0.5858322650448492,0.7388325713353817,0.9912203256763715,0.5888879895077338,0.8720607428106207,0.00915314206529089,0.9379894868822637,0.9620210769232718
RipVIS-039_00028.jpg,0.7569866447173875,0.5829067922384996,0.7365017259344376,0.9880541170675484,0.5870439996243841,0.8692914167181115,0.009242144176737358,0.9371238425921407,0.96010317071947
RipVIS-039_00029.jpg,0.7494547607898441,0.5736424250114346,0.7290632432043973,0.9856560895233489,0.5784715161157417,0.8640198334624004,0.005469111076454389,0.9320949074069579,0.956139537894442
RipVIS-039_00030.jpg,0.7602905578696338,0.5903400041745795,0.7424072872781422,0.9854479805574955,0.5955315482984055,0.8713473428529368,0.00955021564929527,0.9366131365736224,0.9585360242341915
RipVIS-039_00031.jpg,0.7441212078705071,0.5655399761319644,0.7224855126718185,0.986275213696763,0.570026040255441,0.860589800161614,0.0127595318978664,0.9297690007711565,0.9551357114440391
RipVIS-039_00032.jpg,0.7153018414279374,0.5233649963262461,0.6871170042483522,0.9943715016367031,0.5249200368035399,0.8434984035119217,0.003143947900056595,0.9158135609563485,0.9510667746846884
RipVIS-039_00033.jpg,0.7257514848142808,0.5387056515295655,0.7002062428172144,0.9994732779788504,0.5388586322353621,0.8535507794372161,0.008477188655326973,0.9208569637341238,0.9561597932503132
RipVIS-039_00034.jpg,0.7410094199248729,0.5613422321952384,0.7190508533238025,0.9965528390786195,0.5624343280622255,0.8632862441439692,0.006608591168022785,0.92798659336375,0.9587764174134948
RipVIS-039_00035.jpg,0.7343477632634017,0.5507628298049829,0.71031213699421,0.9885737827976314,0.554291378643244,0.8546514144325137,0.005533421867674973,0.9254349922835043,0.9537876055901534
RipVIS-039_00036.jpg,0.7318743873832969,0.5466055205626604,0.7068454279974423,0.9917112524698165,0.5491141720787823,0.8540370417399822,0.018537348453771033,0.9246682098760973,0.954810430174137
RipVIS-039_00037.jpg,0.8342752283184361,0.7226509830449842,0.8389987178570731,0.9852057807787242,0.7305789319069004,0.9210065581007751,0.005053021136925982,0.9525834297834912,0.966555864805251
RipVIS-039_00038.jpg,0.8396263725043409,0.7295215532334139,0.8436108262074473,0.9569635616539035,0.7542675217427932,0.9081535259511738,0.007706712762337459,0.9557330246908972,0.9562605871338511
RipVIS-039_00039.jpg,0.8546800054368815,0.7540408141066924,0.8597756768741034,0.9656296021391992,0.7748367786834519,0.9203070305667526,0.006955871353256853,0.9607021604933639,0.9628146798498005
RipVIS-039_00040.jpg,0.8421186074545708,0.7359459703120289,0.8478904100681725,0.9736603731348716,0.7508955009321521,0.9191257715126222,0.019628567113118785,0.9548046874995395,0.9628315935082662
RipVIS-039_00041.jpg,0.8297906061729585,0.7161693364457142,0.8346138358688336,0.9795977782866081,0.7270132923999365,0.9159523521646504,0.013866351968294265,0.9504822530859613,0.9629117689480747
RipVIS-039_00042.jpg,0.8398179645936732,0.7315772104197181,0.8449836438334629,0.9722626578053915,0.747171357339515,0.9170112732350889,0.03527140417054493,0.9544999035489224,0.9620828832225188
RipVIS-039_00043.jpg,0.7019306055323725,0.4877639330903572,0.6557007092881765,0.589162410228545,0.7391817599208877,0.6140886700296132,0.02385943895139668,0.9223046874995552,0.7796543626633237
RipVIS-039_00044.jpg,0.7079922264632507,0.4983249102047032,0.6651760333299422,0.6020891739290983,0.7430307396243422,0.6258312988300742,0.0028776978414678327,0.923885030863752,0.7860932024031994
RipVIS-039_00045.jpg,0.7862420946022608,0.6331108961939615,0.7753434229965093,0.7948381717852104,0.7567820645191794,0.786923804333889,0.013845568656230843,0.9451152584871986,0.8801411191392255
RipVIS-039_00046.jpg,0.7010345964910422,0.4847182797355682,0.6529431022050831,0.6169639726934195,0.693378450410488,0.6308690866303124,0.001121495326997991,0.9233130787032584,0.7904197902887886
RipVIS-044_00000.jpg,0.7085484085020541,0.43041442492262844,0.6018038093343608,0.46815694360777604,0.8422425829773822,0.5137980644286857,0.01677380473917499,0.9868150800538933,0.7331250822604015
RipVIS-044_00006.jpg,0.8235056553473725,0.6563256953186897,0.792508015994291,0.8517456549534546,0.7409743555628998,0.8270187685486181,0.016195291513967824,0.9908484037421644,0.9227540611627641
RipVIS-044_00012.jpg,0.8839473379113526,0.7733865817895669,0.8722143155150345,0.9042159215423564,0.842400454869514,0.8911375610394191,0.03859615930010442,0.9946091338733368,0.9503512365274116
RipVIS-044_00018.jpg,0.7185442502015236,0.45974707874647003,0.6298996386980532,0.9441766705722888,0.4725931057317513,0.7870941204207654,0.015958481997018586,0.9777700617282772,0.9613167821221977
RipVIS-044_00024.jpg,0.8144015290425726,0.639669266564628,0.7802418202359046,0.9589587571494788,0.6576740015726018,0.8784720045845683,0.02312221743335328,0.9893394338347572,0.9744549102348248
RipVIS-044_00030.jpg,0.8750927746835824,0.7565001398353385,0.8613721373301523,0.9893433679607375,0.7627151855745002,0.9338478823130127,0.022009393128095644,0.9938069058640777,0.9916194007896098
RipVIS-044_00036.jpg,0.8703392111856175,0.7470924177581846,0.8552408678149158,0.9638536146325126,0.7686273728027717,0.9172581218784308,0.014325068869207981,0.9937052710261147,0.9790730571121231
RipVIS-044_00042.jpg,0.8641247732560283,0.7349455570642867,0.8472260746993042,0.955297343740015,0.7611215988282558,0.9089209430611614,0.023392357872936406,0.9934260464890777,0.9747325441571708
RipVIS-044_00048.jpg,0.8698880430766649,0.7462783171485255,0.8547071905091433,0.9834341060230897,0.7557792311801441,0.9275547308240998,0.026516495208716167,0.9936197916665468,0.9886260230454913
RipVIS-044_00054.jpg,0.8602205642997336,0.7274456391840982,0.8422211648034066,0.9836635518786678,0.7363415601593621,0.9217445434573565,0.022944880529375926,0.9931240354937074,0.9884837220785068
RipVIS-044_00060.jpg,0.8420392332875271,0.6923638154443161,0.8182210103121849,0.980345820575031,0.7021095563517803,0.9083523378553328,0.020113242624853103,0.9918663194443248,0.9862156754522885
RipVIS-044_00066.jpg,0.8348701074199969,0.6778344981031222,0.8079873180214722,0.906942576165213,0.7285015184616633,0.8645877037577454,0.008833772189855281,0.9920412567514236,0.9502922953519379
RipVIS-044_00072.jpg,0.8300274554383983,0.6681174696482864,0.801043669651341,0.8728553356292803,0.7401499575339686,0.8426390966730783,0.011296174141548798,0.9920662133486458,0.9335717716591856
RipVIS-044_00078.jpg,0.8590031234104325,0.724924464659591,0.8405289385267695,0.9643583000489311,0.7448816844010749,0.9106919041160065,0.010484603317882885,0.993205656828584,0.9790548544588944
RipVIS-044_00084.jpg,0.8665903974930471,0.7402948480147815,0.8507694530720046,0.9584430685098779,0.764845065714197,0.9122606835383918,0.019192183545390196,0.9930273437498802,0.9761013954288296
RipVIS-044_00090.jpg,0.8749608654097545,0.7564992439527586,0.8613715565858847,0.9513663361745373,0.786931535531371,0.9132023438676896,0.02147674831190302,0.9935542052467937,0.9729138295473476
RipVIS-044_00096.jpg,0.8830699346286526,0.7721017269472412,0.8713966192870012,0.9528661533317887,0.8027609941103871,0.9185161983175228,0.020187142607850705,0.9941561776619171,0.9739492243529779
RipVIS-044_00102.jpg,0.9178757345508182,0.8398102837441755,0.912931394246898,0.957376558763968,0.8724297909460367,0.9390891079639747,0.03088017751193785,0.9960257523146947,0.9771310729670948
RipVIS-044_00108.jpg,0.901376517958338,0.8074444842456495,0.8934653222089336,0.973879756805602,0.825317826654502,0.9400373371492887,0.018913210443652725,0.9953990644288923,0.9848568738380876
RipVIS-044_00114.jpg,0.9066644371363759,0.8177505916653519,0.8997390460658972,0.95744453607924,0.8485940121227414,0.9334963200710878,0.04184301654080002,0.9956643036264231,0.9769507647648927
RipVIS-044_00120.jpg,0.9163078628759508,0.8364909732266212,0.9109666047058746,0.9610265763050582,0.8658636780982496,0.9403565659098729,0.03780718336126586,0.9962000868054354,0.9789764251593829
RipVIS-044_00126.jpg,0.8647297276576869,0.7355929336353297,0.8476560596436343,0.9435208288067942,0.7694749181590647,0.9026855215360664,0.04072699590439366,0.9939694251542012,0.9692017762346655
RipVIS-044_00132.jpg,0.8990935486513036,0.8025133845523033,0.8904381974967985,0.9530713772582865,0.8355295379758639,0.9269896963769129,0.04993316783941826,0.9957484567900033,0.974803870873677
RipVIS-044_00138.jpg,0.8949454295347945,0.7943854963286645,0.8854123018203026,0.9172562587407527,0.8557051847681073,0.9042477089299994,0.014883810253996177,0.9955820794751886,0.9571617389671041
RipVIS-044_00144.jpg,0.9044178781915437,0.8129501620677582,0.8968257143269166,0.969423192063273,0.8343439548751218,0.9390180245783847,0.032650638168333766,0.9959578751927811,0.9829354000415997
RipVIS-044_00150.jpg,0.9187194812878631,0.8409741328778634,0.9136186303315719,0.9833585281019719,0.8531155773213931,0.9542227827914173,0.041243588397231905,0.9965297067900033,0.9900693581169029
RipVIS-044_00156.jpg,0.9044391486588029,0.8131365385193339,0.8969391121347844,0.9652959916008924,0.8376233007075385,0.9367399312422946,0.025296597703177114,0.9958192274304355,0.9808507655452805
RipVIS-044_00162.jpg,0.9011045951895864,0.8066358794427908,0.8929700651041829,0.987115448983695,0.8152191589196802,0.9471715225031175,0.028764971526726392,0.9956535734952503,0.9914643934166893
RipVIS-044_00168.jpg,0.8892603195764397,0.783710597168301,0.8787418748450194,0.9898366230629144,0.7900682209865205,0.9421901500848027,0.044392294901301234,0.9949058400847566,0.992419394798685
RipVIS-044_00174.jpg,0.8872335589709506,0.7802278263526651,0.8765482875876597,0.9869032706143653,0.788390854201363,0.9395867317351095,0.025105280205287878,0.9943547453702505,0.9907062369474691
RipVIS-044_00180.jpg,0.8766050897564406,0.7597540479942544,0.8634775397848495,0.9830418313127934,0.7698438494217262,0.9314512332242181,0.025327580694684597,0.9935888069057444,0.9884263726781586
RipVIS-044_00186.jpg,0.8303731657332101,0.670242682606522,0.802569218935975,0.9847087515533581,0.677291936176467,0.9027579801175292,0.021894581642322553,0.9906834731866089,0.9877546863152764
RipVIS-044_00192.jpg,0.846140818686451,0.7006795865489154,0.8239995259433454,0.9831423371963951,0.7092001685224772,0.912637582766528,0.01560214529371021,0.9917639612267323,0.9875393766479719
RipVIS-044_00198.jpg,0.8379769825067676,0.6851709493235323,0.8131767873147543,0.9849218617848305,0.6924340708761719,0.9081964693776643,0.016719922715559193,0.9909642650461767,0.9880046128841278
RipVIS-044_00204.jpg,0.8695302073852225,0.7458808328106288,0.8544464419256644,0.9796295404702379,0.757631607113567,0.9253982998143371,0.015130449005060076,0.9933134403933987,0.9866113659998419
RipVIS-044_00210.jpg,0.8871571633346758,0.7800582227880046,0.8764412453501027,0.9767141466809595,0.7948401651109012,0.9339721608085548,0.02942990571597234,0.994370780285374,0.9857266879366174
RipVIS-044_00216.jpg,0.8481880214671504,0.7039890037479645,0.8262835055854514,0.893839040613164,0.768221991902544,0.865533230293663,0.017292413147118522,0.9925224247683988,0.9441823486880807
RipVIS-044_00222.jpg,0.865059466169471,0.737546426362619,0.8489516195623035,0.9750974597167912,0.7517054294457445,0.9203929337060053,0.019678145583283735,0.9927243682483371,0.9840996735092162
RipVIS-044_00228.jpg,0.8685592729795882,0.744869011137625,0.8537821537124819,0.9742596121637837,0.7598221456751102,0.9222064779362256,0.014759574301657766,0.9924210310569791,0.9835513540698133
RipVIS-044_00234.jpg,0.8154427801350066,0.6417781334988993,0.7818086017885554,0.9934112552966912,0.6445215767440242,0.8963676685463673,0.012665241825958582,0.9893159239967942,0.9913233596964711
RipVIS-044_00240.jpg,0.8360404687044634,0.6825159298946413,0.8113039737310306,0.9882915173184083,0.6880796730173885,0.9089737583175914,0.0163875252659264,0.9897939573687078,0.9890597934743031
RipVIS-044_00246.jpg,0.8171985403596629,0.645282519939881,0.7844033010980507,0.9893787587400137,0.649783752377716,0.8957500011123322,0.020167808481243336,0.9893259307483375,0.9893518159615546
RipVIS-044_00252.jpg,0.8129387163459996,0.6368622034423267,0.7781500508753924,0.9937561408450206,0.6394208218593274,0.8946067941497041,0.011392192996197672,0.9892228491511152,0.9914455487873038
RipVIS-044_00258.jpg,0.8594041667522982,0.7277312190409321,0.8424125361870783,0.980686651705053,0.7383125071621448,0.9202654737431721,0.017628205126921023,0.9912849633486459,0.9861147389973988
RipVIS-044_00264.jpg,0.8209316681659573,0.6532190132346073,0.7902389314487147,0.9920160820493654,0.6566712787569402,0.9000860166022405,0.00787976068817454,0.9888821373455597,0.9904153161363372
RipVIS-044_00270.jpg,0.8070000338302992,0.626882710101433,0.7706550769875083,0.9914018775896405,0.6303095519902783,0.889487761469636,0.010527844332351132,0.9873902874227204,0.9893522835028541
RipVIS-044_00276.jpg,0.8147434930257609,0.6421658529093611,0.7820962197839652,0.9407347363221341,0.66924047786328,0.8701362023664242,0.006361939007927395,0.9876032021603748,0.9647365823416534
RipVIS-044_00282.jpg,0.8273372337609819,0.6663866786604634,0.7997983747639449,0.9913730452052881,0.6702735377478197,0.9046930615594553,0.009318293280258436,0.9885555314427821,0.989931036981517
RipVIS-044_00288.jpg,0.837524551754626,0.6858843859881936,0.8136790300553823,0.9976944734968659,0.6869732240099228,0.9149291171428462,0.012966889576499193,0.9894151475693251,0.9934566373681748
RipVIS-044_00294.jpg,0.8340082598568843,0.679450385482507,0.8091342159980518,0.9193468301734135,0.7225177533390915,0.8718450345470328,0.006661178055036211,0.9888366849921647,0.9550096504005046
RipVIS-044_00300.jpg,0.8442988569762356,0.6989233377584154,0.822783844597232,0.9902385287362095,0.7037721692394268,0.9156930268619888,0.00723644119384244,0.9899160879628436,0.9900734048734298
RipVIS-044_00306.jpg,0.8660488392169717,0.7405247591721071,0.8509212583960517,0.9841265029757293,0.7494767459726773,0.9261347644512737,0.015049740667030886,0.9917708333332137,0.9880421113845979
RipVIS-044_00312.jpg,0.8782129903365956,0.7638356056551817,0.8661074798651123,0.9859616331994882,0.7722341783954545,0.9342481786672339,0.01612903225670959,0.9927637924381519,0.9894454092380873
RipVIS-044_00318.jpg,0.8697229595294571,0.7474389021664628,0.8554678521117884,0.982590329322773,0.7574702513831674,0.9274620073880303,0.005782769023987364,0.9921917197143866,0.9875066442196495
RipVIS-044_00324.jpg,0.8928176849948438,0.7919913035012608,0.8839231551557623,0.9762102819750237,0.8075778803329174,0.9370756496027602,0.01245611101718307,0.9937942467205592,0.9852203453806276
RipVIS-044_00330.jpg,0.8831008800876015,0.7734951225285568,0.8722833378033178,0.9833060141231349,0.7837877774463619,0.9356698542382323,0.014347567704020072,0.9928838734566704,0.9882162942011463
RipVIS-044_00336.jpg,0.8763605470990623,0.7603031923376008,0.8638320894344951,0.9784710745828157,0.7732384358557911,0.9291482430157072,0.011023495332231775,0.9925959683640778,0.9857072019657096
RipVIS-044_00342.jpg,0.885603584052852,0.7782314994626391,0.8752870474938855,0.9824230577922847,0.7892203395162355,0.9365682990755274,0.021848462361130475,0.9931446518131518,0.9879184211072516
RipVIS-044_00348.jpg,0.8914197380084719,0.7894556806712795,0.8823416966383102,0.9660838353270556,0.8119593832234935,0.9307492553060315,0.024213075058511054,0.9935439573687074,0.9801667781109937
RipVIS-044_00354.jpg,0.8950327985611617,0.7964450332556712,0.8866901224495418,0.9720032722151388,0.8151445324605219,0.9359809979064705,0.031244750543318933,0.9937759211032752,0.9831693545153906
RipVIS-044_00360.jpg,0.8240417237920457,0.6584700116433,0.7940692409516082,0.9929751385703127,0.6615517745682952,0.9025440638510143,0.02391996361765166,0.9898173466433992,0.9913643965451195
RipVIS-044_00366.jpg,0.8467932118313999,0.7024553811056133,0.8252261867202919,0.9940105064423926,0.7054413051472588,0.9188381592124183,0.01564560077211518,0.9913129340276582,0.9926333053336659
RipVIS-044_00372.jpg,0.8603265600708017,0.7286763266482769,0.8430454162128826,0.995136740074427,0.7312804607856008,0.9281582303596704,0.01717051785394369,0.9921460262344483,0.9936090012204906
RipVIS-044_00378.jpg,0.8555516063889574,0.71962938654837,0.8369586984004802,0.9974562280241829,0.7209525085103115,0.926396852433846,0.019959714336205848,0.9916564187884607,0.9944926959320586
RipVIS-044_00384.jpg,0.8929829229809858,0.7925759280059246,0.884287148592464,0.9948391871184414,0.7958481012627231,0.9474593026598636,0.026469307790468497,0.9935527584875345,0.9941796404672714
RipVIS-044_00390.jpg,0.8849537308246047,0.7773234545864582,0.8747124251137768,0.9987784044769625,0.7780631874741065,0.9451554607466921,0.01984432469251182,0.9927711467977198,0.9956969204635717
RipVIS-044_00396.jpg,0.8599461261342158,0.7291185251530705,0.8433412915850002,0.9983608267344273,0.7299924091891273,0.9299825932777293,0.01657740372213063,0.9909972993825965,0.9945874766121794
RipVIS-044_00402.jpg,0.8818572033311265,0.7717163224762729,0.8711511122702408,0.9987518972944116,0.7724612724461652,0.9434742087365265,0.021280203474245002,0.9922088396989545,0.9953917581133087
RipVIS-044_00408.jpg,0.8464868182709034,0.7037562975798132,0.8261231944727065,0.998452848007989,0.7045245852552917,0.9215578984830286,0.01397058823415273,0.9894866415893868,0.993854726341955
RipVIS-044_00414.jpg,0.858503593906671,0.727570066563309,0.8423045532511214,0.9980921052587802,0.7285833661479079,0.9293381979990836,0.00987294650725314,0.9897269241896954,0.9937912921413787
RipVIS-044_00420.jpg,0.8238221976384164,0.6614620147352378,0.7962409117618557,0.9973242464392017,0.6626379704346292,0.9058214853071181,0.009186055266231003,0.9865456211418563,0.9917890324802048
RipVIS-044_00426.jpg,0.8378122217749691,0.6882975156205203,0.8153746709359364,0.9974819539992866,0.6894955417103655,0.9156782465383667,0.006480164374389113,0.9876719232251895,0.9924393178841149
RipVIS-044_00432.jpg,0.8422316885839094,0.6968598008396398,0.8213522419410487,0.996803338056773,0.6984206095690382,0.9183361131912315,0.009270170476135582,0.9879470486109919,0.9922485884949273
RipVIS-044_00438.jpg,0.8854014191511479,0.7800410894309439,0.8764304308057438,0.9961496961743194,0.7824000285439541,0.9445404914864348,0.02116927779738867,0.991054808063152,0.9935184604709981
RipVIS-044_00444.jpg,0.8790770575060685,0.7679562243801903,0.868750270838205,0.9988081094508151,0.7686606342292464,0.9423760609093591,0.013231939162491867,0.9905058834875349,0.9945221668238537
RipVIS-044_00450.jpg,0.8905836733480043,0.7902713820727815,0.8828509353233396,0.9980336742320698,0.7915037474981902,0.9485328546632747,0.015646911210004655,0.9911979166665471,0.9944983075030991
RipVIS-044_00456.jpg,0.87249354596855,0.75597888810877,0.8610341425265958,0.9968104401483225,0.7578120014738754,0.9376662787544241,0.011310223265914349,0.9893701774690165,0.992963209276857
RipVIS-044_00462.jpg,0.8798141298378334,0.7700600943336128,0.870094859263547,0.9987657667905699,0.770793587867356,0.9429857206655292,0.017884295125777692,0.9899203076773497,0.994188327923742
RipVIS-044_00468.jpg,0.8511458456642789,0.7150734631249911,0.8338691939435343,0.9964247615180793,0.7169128688842008,0.9243473609027517,0.025259259257388204,0.9876154996140785,0.9918783150251184
RipVIS-044_00474.jpg,0.8350731009937791,0.6844313498266428,0.812655677415506,0.997028047547251,0.6858305543613711,0.9140752203951711,0.0094941295833096,0.9861441454474119,0.9914169713659006
RipVIS-044_00480.jpg,0.8336684498779207,0.682024994748297,0.8109570272472166,0.9983959769328147,0.6827731375527037,0.9139027359000389,0.013457043699025636,0.9857605131171651,0.9918788780895027
RipVIS-044_00486.jpg,0.8762380755501842,0.7637124150015141,0.8660282804675483,0.9975462185993282,0.7651498200770089,0.9404200882986495,0.011321517621718341,0.9891575038579054,0.9931991460934948
RipVIS-044_00492.jpg,0.8355343077059482,0.6864430041919267,0.8140719875924198,0.9938766122615177,0.6893584763092878,0.9131972198441133,0.012740913205746933,0.9851262297452515,0.9893532236361866
RipVIS-044_00498.jpg,0.8841874318394043,0.7792797244778135,0.8759496483404463,0.9952519662070904,0.7821876621572851,0.9438328262775229,0.032423435417282064,0.989499421296177,0.9922644058308756
RipVIS-044_00504.jpg,0.8397175998566444,0.6948382343470907,0.8199463763156912,0.9898146061049328,0.6998421243962631,0.9140676733496994,0.013409728147421082,0.9851188753856837,0.987383519161734
RipVIS-044_00510.jpg,0.8701984284382147,0.7530753997269624,0.8591477580989981,0.9972161579071539,0.7546619220542404,0.9369852804625967,0.01879771604421648,0.9877934510029673,0.9923221010225677
RipVIS-044_00516.jpg,0.848545024940103,0.7120387830429854,0.8318021648754995,0.979938020976816,0.7225719732129562,0.9147731491794757,0.01348136399600553,0.9855841290508071,0.9828676421746945
RipVIS-044_00522.jpg,0.8687240092650994,0.7508477738630248,0.8576962372992301,0.9826748917150737,0.7609207410155641,0.9285534639084152,0.010800545961023053,0.987120346257597,0.9849890239160213
RipVIS-044_00528.jpg,0.8598115902485912,0.7342033783581614,0.8467327275688514,0.9795231108491838,0.7456479488394632,0.9217039582868108,0.01116833157466226,0.9859842785492638,0.9828866367801503
RipVIS-044_00534.jpg,0.8538124963459293,0.7231219547164092,0.8393160481034209,0.9759671374396124,0.7362317650021878,0.916293544277411,0.013613789073116342,0.9851058545523503,0.9807261764988591
RipVIS-044_00540.jpg,0.8873549366513442,0.7871347556018641,0.8808902105837856,0.9712810368977994,0.8058911484558664,0.932986406661156,0.01792315447418376,0.9881209008486462,0.9800998015000028
RipVIS-044_00546.jpg,0.8916018177588569,0.7950344616644384,0.8858152627635303,0.9878691639495443,0.8028727999523416,0.9443501068563475,0.01735480232959371,0.9886882716048191,0.9882977538142252
RipVIS-044_00552.jpg,0.8276087758267239,0.6745402666618628,0.8056423366952353,0.9799158096236594,0.6839967018949447,0.9018793695185997,0.013440252992238522,0.9814213204088322,0.9806993543644553
RipVIS-044_00558.jpg,0.835765170948296,0.6901767849043463,0.8166918290069948,0.995998422249266,0.6920958920718477,0.9155904186710805,0.007187726503552323,0.9820971981094495,0.9887578894480318
RipVIS-044_00564.jpg,0.844705561189357,0.7066793799486206,0.828133729452916,0.9946737283271343,0.7093636984570285,0.9206181768263166,0.008619152350435763,0.9834214650847579,0.9888122249510317
RipVIS-044_00570.jpg,0.8581711993452461,0.7334209458193605,0.8462121651272467,0.9944671528920027,0.7364259190001792,0.9293396387988857,0.01065292096158918,0.9836879099150049,0.988822813436933
RipVIS-044_00576.jpg,0.8376752261947091,0.6953974654916323,0.82033561998983,0.994092854734085,0.6982829266027142,0.9164469345731913,0.004359889020759873,0.9808303192514249,0.9871562095165891
RipVIS-044_00582.jpg,0.837559317303175,0.6962179651646326,0.8209062508037506,0.997764981402669,0.6973054448810063,0.9186023059598643,0.007631899125780782,0.9798738908177831,0.9883858479432147
RipVIS-044_00588.jpg,0.8422372538895284,0.7063739345424704,0.8279239623193966,0.9956060718690369,0.7085829092877102,0.9209933692258062,0.004593008420281041,0.9791965663579066,0.9869670571844504
RipVIS-044_00594.jpg,0.8311714651374003,0.6863104263148333,0.8139787498256261,0.9937981998162935,0.6892624837374675,0.9131105698357201,0.006351894981666743,0.9772266830631537,0.9850751012626482
RipVIS-044_00600.jpg,0.8926539168643329,0.801613533668754,0.8898840052964869,0.9948907219916386,0.8049271771865213,0.9500482710442296,0.01829519686568258,0.984702208719017,0.9894589878297333
RipVIS-044_00606.jpg,0.9008705826466485,0.8174030759962134,0.8995286590985351,0.993833233965871,0.8215700888788446,0.9538340995997768,0.02114241405938783,0.9853642216433997,0.9892998691856837
RipVIS-044_00612.jpg,0.9056044853729088,0.8267051624717627,0.9051325626661352,0.9930014713589164,0.831550186857781,0.9558831900341734,0.011291426336333394,0.9855705054011157,0.989009242145293
RipVIS-044_00618.jpg,0.8548650900568936,0.7347775455390543,0.8471144296610479,0.9978456626793544,0.7359450312778368,0.9315439833316775,0.009865962429126216,0.9765779320986476,0.9864721912834855
RipVIS-044_00624.jpg,0.8496528872031713,0.7267767508222512,0.8417726848316401,0.9993382849886246,0.7271266714632582,0.9297266476186149,0.003711708325328335,0.9743997154705615,0.9859571836141476
RipVIS-044_00630.jpg,0.8248192938081498,0.6831962445936304,0.8117844212022617,0.9983893551159854,0.6839500681813157,0.9143194850269979,0.006779971597105686,0.9687069589119203,0.9824722703960793
RipVIS-044_00636.jpg,0.8680014719402454,0.7625072385949475,0.8652528873615412,0.9983638637970357,0.7634612676047378,0.9404896852064983,0.008939802335627143,0.9755742428625367,0.9859976744243263
RipVIS-044_00642.jpg,0.8667342338157962,0.760635333134741,0.8640464255371498,0.9953279566061768,0.7633608384715673,0.9383024197256424,0.004125190565683562,0.9749920428239565,0.984277733800647
RipVIS-044_00648.jpg,0.8596076806384036,0.7487137029592388,0.8563022085230274,0.9978898743738155,0.7499009617334608,0.9359846802376742,0.008572635134773115,0.9728848379628456,0.9842859685770963
RipVIS-044_00654.jpg,0.8652627195503957,0.7587104617668243,0.8628031483984163,0.9944830064507374,0.7619173887180866,0.9372653356167406,0.014462898587422732,0.9741095196758085,0.9833880085926476
RipVIS-044_00660.jpg,0.8696746151270145,0.7674232064955758,0.8684091095728145,0.9921161860836969,0.7721318981515196,0.9386319849200822,0.005688429217595844,0.9743061583717961,0.9823790936315856
RipVIS-044_00666.jpg,0.8807936261802003,0.7867690622051934,0.8806611652814038,0.9899968691941619,0.7930737410831692,0.943158903935161,0.011214382335767579,0.9769590326001908,0.9828655530808501
RipVIS-044_00672.jpg,0.8806447942458633,0.7876562370082782,0.8812166687331965,0.9846482257034824,0.7974492708570914,0.9404926301481098,0.024816098756032124,0.9759823495369193,0.9798842489239349
RipVIS-046_00000.jpg,0.8305284355737996,0.6703085057836904,0.8026164070441455,0.997108998541552,0.6716137747018295,0.9090002516822345,0.04815002533398378,0.9909191743822382,0.9939556996410113
RipVIS-046_00006.jpg,0.7546578648819784,0.524954174917292,0.6884851801474804,0.9866950505311701,0.5286966440456161,0.8409889606172887,0.012040557666026528,0.9846272183637227,0.9856430217546199
RipVIS-046_00012.jpg,0.7515521155119487,0.5190965819328324,0.6834280165022246,0.990207113884787,0.5217752339073567,0.8394764842568339,0.012051964311777748,0.9842790316353278,0.9871913912790522
RipVIS-046_00018.jpg,0.7512834029648063,0.5187599340811241,0.68313618556837,0.9930493523617393,0.5206503922181148,0.8405237591199486,0.00809338521274811,0.9840846836415007,0.9884882187878627
RipVIS-046_00024.jpg,0.7343604073744194,0.48644847864305174,0.6545110518557906,0.9939916405145132,0.48788306192406605,0.8232010730820821,0.005706354101525855,0.9825651041661928,0.9881818450085296
RipVIS-046_00030.jpg,0.7563328187359628,0.5277123639696524,0.6908530380659214,0.9998250320482962,0.5277611021237935,0.8481049605952516,0.006158218852651473,0.9852020640427348,0.9923906017274884
RipVIS-046_00036.jpg,0.768794054115256,0.5514073743782811,0.7108479481080912,0.9996536496377852,0.5515127388447212,0.859907243728524,0.005400098182719669,0.9864115547834749,0.9929200937659978
RipVIS-046_00042.jpg,0.7733172203314873,0.560392003127238,0.7182707960616771,0.9968759588017942,0.5613778803926711,0.8629815470355006,0.010396039602244877,0.98647955246866,0.9915863013971327
RipVIS-046_00048.jpg,0.7573333848243604,0.5298738323345585,0.6927026544744296,0.99897078160561,0.5301632578665691,0.8488485084054028,0.009087958453572223,0.9850491898143398,0.9918905546828709
RipVIS-046_00054.jpg,0.7352464136540058,0.4884523493427906,0.6563224540691024,0.9970055610723797,0.48916997816520447,0.8255875462858007,0.006489395377257139,0.9823432677464399,0.9895483107819345
RipVIS-046_00060.jpg,0.7410572189776958,0.4994620916072213,0.6661883543476117,0.9958229848443265,0.5005106672648022,0.8312914656212304,0.007211538460382766,0.9829475308637236,0.989273342868009
RipVIS-046_00066.jpg,0.7309674651425598,0.48023346519640847,0.6488617863165085,0.9963872832081969,0.4810711245624511,0.8205871571861775,0.005469462168722354,0.9820056905859462,0.9890744655371584
RipVIS-046_00072.jpg,0.7534956840456495,0.5227032262793726,0.6865464225180167,0.9961093913896542,0.5237725480748452,0.8439033779232028,0.005138911192365679,0.984553915894587,0.990231843606145
RipVIS-046_00078.jpg,0.7644337576262688,0.5428507316673422,0.7036983170506577,0.9971442029971989,0.5436960220800768,0.8545958275719375,0.0077366255131297735,0.9862451774686601,0.9916039395634223
RipVIS-046_00084.jpg,0.7823123206460011,0.57691788449531,0.7317031408771824,0.9952257575908933,0.5785189697671757,0.8699070728455252,0.015079634019810296,0.987909432869894,0.9915059737532013
RipVIS-046_00090.jpg,0.7784861042516289,0.5695942217891425,0.7257853193927739,0.9952963860762717,0.5711316009962929,0.8665791642501756,0.010369858276811292,0.98758535879582,0.9913761611221708
RipVIS-046_00096.jpg,0.7877643769034639,0.5874942932891312,0.7401529514438772,0.9917791796023241,0.5903692250082346,0.8730557579717064,0.009669479604488487,0.9882349537032271,0.9899766126949427
RipVIS-046_00102.jpg,0.8376414697830276,0.6832333339714419,0.811810603060495,0.9965507411346479,0.6848528777830809,0.9134067702726713,0.006770619612890722,0.9921836419748301,0.9943296158038211
RipVIS-046_00108.jpg,0.8420520874149136,0.6916746564259413,0.8177395739760812,0.9977238020861001,0.6927678303352452,0.9169919444106073,0.005586592177615023,0.992555941357546,0.9950958868380397
RipVIS-046_00114.jpg,0.8433992462162572,0.6942453285942686,0.819533413346095,0.9983784566092839,0.695029027562187,0.9182254937469374,0.008476328300914548,0.9926769868822374,0.99547943974935
RipVIS-046_00120.jpg,0.8325427848264225,0.6730362217920817,0.8045686196454914,0.9985645074167544,0.6736880333984285,0.9107274363800016,0.00979370702025553,0.9921773726847067,0.9953185978808027
RipVIS-046_00126.jpg,0.7307435578189669,0.47893157701457845,0.6476723933116175,0.9994197055464107,0.479064796643354,0.8210554312153115,0.004001920921401965,0.98283082561681,0.9909921957875203
RipVIS-046_00132.jpg,0.7624080187423152,0.5386115572365759,0.7001267535048931,0.9993614303655245,0.5387969900070693,0.8534545888927553,0.005243322955064178,0.986423128857549,0.9927880295832647
RipVIS-046_00138.jpg,0.8506917050000424,0.7081681706859204,0.8291550947253082,0.9977423283427579,0.7093047811980633,0.9226995011098658,0.015906236915884,0.9933251350303851,0.9954972854680186
RipVIS-046_00144.jpg,0.8212704158329774,0.6506758603155274,0.7883750843622933,0.9999353879627856,0.6507032186042697,0.9030067159519906,0.003362757460411358,0.9919864004624845,0.9959006652351019
RipVIS-046_00150.jpg,0.8043557135883517,0.6182861828497572,0.7641246516249337,0.9997790054932982,0.6183706943564327,0.8899905571293674,0.0019531249996532093,0.9905714699069297,0.995103822567164
RipVIS-046_00156.jpg,0.8488786499268057,0.7044813402953576,0.8266225316063396,0.998992274070938,0.7049823290943672,0.9220821683052224,0.007628734899845574,0.9933820408945827,0.9961421473064211
RipVIS-046_00162.jpg,0.7729587462617376,0.5584744448750499,0.7166937471596789,0.9998457979645383,0.5585225510705557,0.8634005518093595,0.0042650918628174056,0.987639371141499,0.9936456322116622
RipVIS-046_00168.jpg,0.7096963468234075,0.4393772843381328,0.6105102381689609,0.9999999999687275,0.4393772843381328,0.7966923452557727,0.00016048788313906468,0.9803235918205149,0.9900077046387049
RipVIS-046_00174.jpg,0.7077305187999313,0.43569711537866457,0.6069485140168296,0.9999999999686521,0.43569711537866457,0.794259421560035,0.0001661405548818507,0.9800752314810088,0.9898819610949251
RipVIS-046_00180.jpg,0.8417060247429499,0.6959436687446324,0.8207155480108396,0.9054166209789472,0.7505062305198533,0.8695214090641129,0.014937004803878814,0.9878178047834743,0.9479263510228084
RipVIS-046_00186.jpg,0.8414220565038805,0.6952644002543589,0.8202430253947889,0.8948134924223305,0.7571453179350841,0.8634153417487406,0.015810276677758858,0.9879219714501408,0.9428469569444358
RipVIS-046_00192.jpg,0.8442621626550133,0.7006245168803527,0.8239614446645602,0.9166104850730905,0.7483225873991152,0.8771582181259601,0.011476264995895113,0.9882330246908815,0.9535309719394418
RipVIS-046_00198.jpg,0.8404545494307718,0.6930741342581189,0.8187168184006474,0.933222233428724,0.7292398353034051,0.8837801732520955,0.009962478973998903,0.9881602044748321,0.9615013805119431
RipVIS-046_00204.jpg,0.8413055359465833,0.6946869949676825,0.8198410644921837,0.9334410665432206,0.7308914049120078,0.8844216617276941,0.011579495184545993,0.9882470100303876,0.961652252857462
RipVIS-046_00210.jpg,0.8509215830280459,0.7130388382727568,0.8324841472849595,0.9666718338075635,0.7310096905187689,0.9081200730068735,0.023614775722478262,0.98910734953656,0.9782127266533751
RipVIS-046_00216.jpg,0.8401178256074249,0.6923935116617898,0.8182417468404458,0.9642981843407071,0.7106099396530174,0.9000355223579024,0.02688311687962557,0.9881659915118691,0.97657110851672
RipVIS-046_00222.jpg,0.8396177111761396,0.6912954182320635,0.8174744764042285,0.9737316737625006,0.7044324156639008,0.904569629366662,0.02592446374181807,0.9882571373452024,0.9811959844176095
RipVIS-046_00228.jpg,0.8341804067587666,0.6809689101554998,0.8102099997703182,0.9752867064919455,0.6929256350008554,0.9017922336541653,0.027406073079335295,0.9877223186723632,0.9816762025564653
RipVIS-046_00234.jpg,0.829524694427459,0.6721459828595071,0.8039321802634506,0.9731146128544974,0.6848640250516634,0.8975602649971361,0.026861089789350076,0.9872458526229807,0.9803753294828615
RipVIS-046_00240.jpg,0.8344772525443964,0.6814183930360873,0.8105280587607588,0.9669048987040851,0.6976909920092038,0.8976320983702756,0.023563877210092486,0.9878597608019928,0.9776714737691161
RipVIS-046_00246.jpg,0.8277630203222739,0.6686822091925112,0.8014494377765217,0.9868808419631471,0.6746795476473996,0.9032837188309436,0.020374379215538727,0.987184124227919,0.987036564503782
RipVIS-046_00252.jpg,0.8267895082019076,0.66669600975029,0.8000211266482561,0.983927544013958,0.6740365910941218,0.9010731634356187,0.01895006401806017,0.9872183641970548,0.9856168494892953
RipVIS-046_00258.jpg,0.8267078629287816,0.6664856742304689,0.7998696712928314,0.9807313538039182,0.6753288295118056,0.8993858800114508,0.02784252783892223,0.9872627314810054,0.98408405839041
RipVIS-046_00264.jpg,0.8269520269003656,0.6671156844319662,0.8003232057159506,0.9883218152742466,0.672416177405021,0.9034339476040065,0.02620941452259624,0.9871291473760672,0.9877095007909649
RipVIS-046_00270.jpg,0.839419425724497,0.6907515936575834,0.817094121039139,0.9847016360824334,0.6982448390903533,0.9100329498775809,0.027669015919124375,0.9883960262340913,0.9865987671687414
RipVIS-046_00276.jpg,0.8319753951398497,0.676480359826772,0.8070244973185031,0.9981334489526926,0.6773372228319536,0.9117682517265728,0.023450805708967536,0.9877903163575483,0.9928261308983777
RipVIS-046_00282.jpg,0.8309910858647562,0.6746028708047899,0.8056869871249956,0.9976225517755836,0.6756891461785367,0.9108292763599904,0.02235665438948492,0.9877010995365607,0.9925317116784652
RipVIS-046_00288.jpg,0.8522630261953791,0.7155793635518708,0.8342130696540464,0.9987716737102793,0.7162096609385696,0.9257273159270308,0.01854512210806515,0.9892457561723624,0.9938760932509161
RipVIS-046_00294.jpg,0.8544765978872753,0.7198356178278092,0.8370981625987926,0.9993975476469027,0.7201481103074547,0.927469217006946,0.021685173086651185,0.9894135802464364,0.9942658987570241
RipVIS-046_00300.jpg,0.8516373820877308,0.714302221071841,0.8333445670101676,0.9990483030885429,0.7147885966736285,0.9254417043416934,0.02195635024691607,0.9892684220674242,0.9940234106784773
RipVIS-046_00306.jpg,0.865316497222983,0.7408879969805483,0.8511610146839637,0.9986475291880332,0.7416321406058803,0.9339170413654847,0.02820132235485072,0.9900371334871769,0.9942159162441726
RipVIS-046_00312.jpg,0.8546061687696536,0.7204640439791345,0.8375229305145213,0.9990938931648927,0.7209351097863196,0.9275207283162131,0.029938482565968764,0.9890653935180416,0.9939340960550829
RipVIS-046_00318.jpg,0.8523890471604663,0.7163120567288448,0.8347107437957162,0.998281786924598,0.717196284518245,0.9257196764137966,0.01807789445459552,0.9887924382711281,0.9933986874662764
RipVIS-046_00324.jpg,0.8447649662321246,0.7014668137939832,0.8245436327139767,0.9997525977062318,0.701588600757697,0.9214336670043553,0.017266187048101216,0.988388792437795,0.9939112872416361
RipVIS-046_00330.jpg,0.8592119019909006,0.7290934512246144,0.8433245186467402,0.9987404020188294,0.7297644863491634,0.9301720148102437,0.02148283992382986,0.9896281828698931,0.9940532925257806
RipVIS-046_00336.jpg,0.8527658382368213,0.7169681562991445,0.835156032065895,0.9977441295929564,0.7181322803951176,0.9256610845623793,0.01874438310197145,0.9888855131168071,0.993186203249877
RipVIS-046_00342.jpg,0.8592473951201527,0.7293118223390178,0.8434705793574826,0.9968425341040802,0.73100048548218,0.9292543747210907,0.02139316462022004,0.9894892939810043,0.9930584125807389
RipVIS-046_00348.jpg,0.835013311132996,0.6832216043641782,0.8118023231079653,0.9964399833113983,0.684893408762624,0.9133467467225275,0.021502748928344195,0.9871701388884129,0.9916726725865581
RipVIS-046_00354.jpg,0.8318356527677752,0.677205682307498,0.8075404101610233,0.9970395137663125,0.6785701586920156,0.9114832916752902,0.01726263871550399,0.9868393132711291,0.9917941568983863
RipVIS-046_00360.jpg,0.8157160586578778,0.6467864271383316,0.7855134296464551,0.9977127575171506,0.647746873029325,0.9004169670332463,0.0208257215904487,0.985065586419278,0.991210958845332
RipVIS-046_00366.jpg,0.8150848477985803,0.6454379078874591,0.7845180967249288,0.9980777103216617,0.646241255711629,0.9000715883956174,0.017338952436202412,0.9851446759254509,0.9914311072334105
RipVIS-046_00372.jpg,0.8300675988286468,0.6742696346380286,0.8054492785253234,0.997664342275444,0.6753356857995128,0.9107286323465793,0.021170904787561097,0.9862673611106355,0.9917987199263676
RipVIS-046_00378.jpg,0.7951865732540488,0.6081656262211533,0.7563470034491571,0.9955159353831013,0.6098361732097811,0.8837354613820687,0.014973646380573353,0.9826856674377977,0.9889228229864464
RipVIS-046_00384.jpg,0.7926192522052198,0.6028457509118818,0.7522192956732289,0.9984646688679529,0.6034051020568851,0.8828599841671737,0.012754797948175611,0.9828510802464396,0.9904488986018112
RipVIS-046_00390.jpg,0.8102213754930527,0.6357163100392552,0.777294089613863,0.9930458200953102,0.6385590757512596,0.8938088359814713,0.018431469567240046,0.985122974536562,0.9889780499214721
RipVIS-046_00396.jpg,0.8155288180954292,0.6456540550857452,0.7846777432843915,0.9946675553890154,0.6478966664980476,0.8984887205972866,0.018466083956855093,0.985781732252611,0.9901058290650611
RipVIS-046_00402.jpg,0.7954967657296272,0.6075710739472675,0.7558870444905721,0.9914590339156325,0.6107678001740791,0.8815634333556461,0.018903121499949865,0.9838372878081675,0.9875494870357022
RipVIS-046_00408.jpg,0.7966895478133624,0.6095203922902821,0.7573938114856181,0.9892268571347472,0.6135934019551672,0.8813204068856507,0.020131678903503206,0.9842554012340933,0.9866777998120297
RipVIS-046_00414.jpg,0.7903679163228555,0.5975400423733319,0.7480751987732545,0.9958568440793146,0.5990292299040026,0.8793513747051466,0.021978021975213643,0.9836048418205133,0.9895773502686914
RipVIS-046_00420.jpg,0.8005555601919296,0.6166958467000208,0.7629089268198622,0.9974043339560821,0.617687174233795,0.8882016726671617,0.03304370720997318,0.984796489197056,0.990941924218697
RipVIS-046_00426.jpg,0.7904940695021583,0.5977704591693389,0.748255740665167,0.998357801412719,0.5983588089435621,0.880620041396594,0.03361563517477321,0.9836260609563158,0.9908079098595861
RipVIS-046_00432.jpg,0.7793635973514004,0.5768827668746257,0.7316748955510556,0.9983257927371629,0.5774414073691544,0.8713100353123315,0.01987090241490053,0.9822829861106374,0.9901054902943861
RipVIS-046_00438.jpg,0.7844109294052137,0.5862530056819395,0.7391670856817772,0.9980630216662394,0.5869207825384941,0.8754159806634673,0.01809147661892069,0.9829890046291556,0.9903394877167457
RipVIS-046_00444.jpg,0.7773852858022801,0.5728134903397986,0.7283934094640109,0.998227022600403,0.5733968580926955,0.8693993028192513,0.02165653495166457,0.9823832947526127,0.9901131507224422
RipVIS-046_00450.jpg,0.7908539801659699,0.597934233223625,0.7483840333245384,0.9963700878724969,0.5992395903526186,0.8797621748540602,0.029718255495983757,0.9841560570982908,0.9901151542857451
RipVIS-046_00456.jpg,0.7813526650920928,0.5806089372472725,0.7346648795475477,0.9980895141993256,0.5812549255878118,0.8728940406571986,0.03205211725966747,0.9825294174377978,0.9901162518623159
RipVIS-046_00462.jpg,0.7462373296395584,0.5139083069500833,0.6789160275966803,0.997113715256139,0.5146739252132236,0.8396931219251884,0.025866336630462086,0.9790412808637253,0.9878721294870454
RipVIS-046_00468.jpg,0.7765530893793369,0.5714664606306408,0.7273034136551755,0.9947010296663114,0.5732114973041096,0.8671724895796513,0.03422102148022372,0.9820785108019955,0.9882344008698767
RipVIS-046_00474.jpg,0.8149041632462564,0.646559770120216,0.7853462496208204,0.8418192492955692,0.7359738337304115,0.81828268671296,0.03917230608547992,0.9837466242279207,0.9153811225421674
RipVIS-046_00480.jpg,0.8329677777349556,0.6816274107191308,0.8106759040370777,0.9202747170097862,0.7244040325796479,0.8730615184534635,0.0478973446769283,0.9848181905859448,0.9537280153910783
RipVIS-046_00486.jpg,0.8339110401291063,0.6835604214848101,0.8120414483038825,0.9309111265728518,0.7200916762526791,0.8794181154017805,0.049262347652435874,0.9847791280859448,0.9588312589731078
RipVIS-046_00492.jpg,0.8362967999803733,0.6882642528119713,0.8153513310082815,0.946817952171018,0.7159420589041996,0.8894521219148669,0.04925469863263063,0.9848533950612535,0.9665319673853329
RipVIS-046_00498.jpg,0.8414059428082281,0.6977856545792565,0.8219949941233081,0.9461489097209664,0.7266445057231145,0.8922432330120339,0.04572772405987356,0.9855266203698951,0.9665586309664493
RipVIS-046_00504.jpg,0.8400658297214236,0.69532235142716,0.8202833530057834,0.948647578462996,0.7225174446946006,0.8927649010451869,0.040411941071514544,0.9853182870365619,0.9676542430843309
RipVIS-046_00510.jpg,0.8388692875494408,0.6929838660998073,0.8186538335964904,0.9418615764696152,0.7239515553427234,0.8883808984133525,0.041292171415749354,0.9852618634254507,0.964356224943235
RipVIS-046_00516.jpg,0.8354119066107367,0.6865179398714016,0.8141246809669266,0.9407692622654492,0.7175318927287943,0.8856602250495526,0.051325584425842286,0.9848273533945868,0.9636048548820912
RipVIS-046_00522.jpg,0.8351636572982837,0.6861821378064238,0.8138885146762223,0.948647578462996,0.7126533459082525,0.889721550629021,0.05503512879846017,0.9846764081785375,0.9673215531348669
RipVIS-046_00528.jpg,0.8305577129063261,0.6775431861737873,0.8077803203614172,0.9446879394728944,0.7055320450649516,0.8847095168801675,0.05148105031024692,0.9841203703698957,0.9651260225756633
RipVIS-046_00534.jpg,0.8294995983179096,0.6756486152763539,0.8064323380411393,0.949029888434454,0.7010893685626277,0.8863390598220844,0.05907390686713867,0.9839086612649576,0.9671077812099036
RipVIS-046_00540.jpg,0.840650236032169,0.6964754499196822,0.8210852092821692,0.9602152313191835,0.7171709904132183,0.8992643495654147,0.043326435586739986,0.9853356481476729,0.9732315767695069
RipVIS-046_00546.jpg,0.8394129235716773,0.693997263244114,0.819360548334139,0.9657929373412055,0.7114858940563054,0.9013582773373896,0.03540841109096147,0.9853332368822408,0.9759115891738872
RipVIS-046_00552.jpg,0.8365527428355762,0.6887976249313331,0.8157254780120142,0.9745862387496909,0.7013956769214351,0.9041534708384104,0.04852374838914971,0.9848345871908831,0.9798931926946073
RipVIS-046_00558.jpg,0.8404979802166536,0.696251465817023,0.8209295376869888,0.9809991878660703,0.7057691726449772,0.9100225748880998,0.055871702010363206,0.9852599344131051,0.9832055517328293
RipVIS-046_00564.jpg,0.8396671174020898,0.6946808193673514,0.8198367638652871,0.9796129827077262,0.7048712911117337,0.9087697147770876,0.06163849153944883,0.985171199845204,0.9824912223121414
RipVIS-046_00570.jpg,0.8370217609209789,0.6898810280205891,0.816484730677956,0.9881262426700815,0.6956478880112805,0.91148154175611,0.06767598342809575,0.9847014853390313,0.9863527833135761
RipVIS-046_00576.jpg,0.8396667899661294,0.6948630405708455,0.8199636477255521,0.9917107731805469,0.6989223967721351,0.9150456838101538,0.06358604710212562,0.9850009645056979,0.9882361991235534
RipVIS-046_00582.jpg,0.8377700723023525,0.6912867294335564,0.8174684013101448,0.9889103587192458,0.6966875135567633,0.9123721728166678,0.03956516242705534,0.984789737653846,0.9867765567366584
RipVIS-046_00588.jpg,0.8300885366423967,0.6770000575077453,0.8073941971282472,0.9889103587192458,0.6821790785213737,0.9073180507808285,0.042645778932904915,0.9837499999995256,0.9862381441447964
RipVIS-046_00594.jpg,0.8330838666678209,0.6825637704487607,0.8113377720794647,0.9887703379961807,0.6878963518514647,0.909233712824501,0.03088850602622588,0.9841623263884143,0.9863841481116316
RipVIS-046_00600.jpg,0.8263691464145024,0.670016111650253,0.8024067635948324,0.9840656417011949,0.6773649462611213,0.902351403472281,0.04194589227575752,0.9833077739192789,0.9836731912062936
RipVIS-046_00606.jpg,0.8220643486854834,0.6619442208375212,0.7965901773814534,0.9787168500801099,0.6716118183937391,0.8967099169461215,0.035447074692083025,0.9827850115736001,0.9808234866575845
RipVIS-046_00612.jpg,0.821066515248231,0.6598829984451423,0.7950957977921006,0.98108407707093,0.6683868593992391,0.8971406589921999,0.027271630260978442,0.9828409529316248,0.981993370280456
RipVIS-046_00618.jpg,0.7482746224271104,0.5213014577656332,0.6853361706906919,0.9926138021412202,0.5233315064227908,0.8416659192339692,0.034299858553241414,0.9758974729933565,0.984028620455657
RipVIS-046_00624.jpg,0.7646264388517394,0.5522839898907437,0.7115759661086445,0.9948938830630641,0.5538538886901627,0.8582129801641997,0.024921743315082862,0.977605131172368,0.9860026219752531
RipVIS-046_00630.jpg,0.8292344558971227,0.6754473872519643,0.8062889857255615,0.9755862201930553,0.6870606966653037,0.899996947869613,0.035136707383928246,0.983600983795822,0.9797388748138638
RipVIS-046_00636.jpg,0.7611412744853994,0.5454854401873455,0.7059082227539084,0.9954461690942759,0.5468500564522559,0.8551461902848305,0.023858544262582226,0.97742573302422,0.9861838641364582
RipVIS-046_00642.jpg,0.8071967570232328,0.6335910530309778,0.7757033828697921,0.9786565212776908,0.6424686595887901,0.8859385970511265,0.03535172578104004,0.9814192708328601,0.9800847864924552
RipVIS-046_00648.jpg,0.7670436141437684,0.5561363953734498,0.7147656169817752,0.9969418960066359,0.5570867518706758,0.8609819759988879,0.019041916165384202,0.9785435956785404,0.9874878054578888
RipVIS-046_00654.jpg,0.8136050773745518,0.6451020287157507,0.7842699327522558,0.9844451813073216,0.6517452651261127,0.8932488689763073,0.03158018313787506,0.9826716820982915,0.9835291218647126
RipVIS-046_00660.jpg,0.7581395718939614,0.5394288191996036,0.7008168386506746,0.9970128592583692,0.5403020432283062,0.8528346805102861,0.026334435518855167,0.977461419752615,0.9869712718193049
RipVIS-046_00666.jpg,0.8243195041691376,0.6655210894768315,0.7991746170994244,0.9840254657878625,0.6727898966637769,0.9006925937113239,0.04030078721180815,0.983666570215575,0.9838398890282937
RipVIS-046_00672.jpg,0.8250887928358861,0.6669406591599297,0.8001972421694251,0.978752161829774,0.6767389512965338,0.8985515367906453,0.03908718548401554,0.9837813464501428,0.9813530580888437
RipVIS-046_00678.jpg,0.816687382796221,0.6507255672186851,0.7884115689988318,0.9800760731603564,0.6594491387648334,0.8932187348681604,0.03951477299549426,0.9831925154316247,0.981685722980099
RipVIS-046_00684.jpg,0.8161811776072954,0.6497498069587784,0.7876949634642549,0.9789982624313819,0.6589344370591873,0.89231366694852,0.03952426717449252,0.9831558641970567,0.9811456019252893
RipVIS-046_00690.jpg,0.8181105080421623,0.653274366726511,0.7902794356147872,0.9781050653669394,0.6629693533741787,0.893191202027917,0.048394825102013074,0.9834775270056986,0.980879602078917
RipVIS-046_00696.jpg,0.8020963789735727,0.6229372112033391,0.7676664345399506,0.9769123390219597,0.6322451631176053,0.880871296762478,0.04125356124885999,0.9818185763884154,0.9794432764638658
RipVIS-046_00702.jpg,0.8106187742868336,0.6388506520587843,0.7796325446205078,0.9780365588895266,0.6481492975746577,0.8876767447791222,0.04964865798299174,0.9829190779316247,0.9805556419938397
RipVIS-046_00708.jpg,0.8198280101396711,0.6564874639292892,0.7926259367783695,0.9801607765663559,0.6653282266631113,0.8954185695916286,0.049508511142470804,0.9836930941353281,0.9819849343487704
RipVIS-046_00714.jpg,0.7646722878616239,0.5508745843860265,0.7104050707028788,0.9935563170255968,0.5528497409269135,0.8569345035401755,0.029775762770521286,0.9790239197526143,0.9860969578218302
RipVIS-046_00720.jpg,0.8829025517104248,0.7762519934414033,0.8740336352134949,0.9873528010212056,0.7840479124690921,0.9386729205170816,0.04841222288215551,0.9899184992279176,0.9886827625491075
RipVIS-046_00726.jpg,0.7904621263575466,0.5992389171308777,0.7494051210383813,0.9960713641918171,0.6006585596387631,0.8801862544947273,0.03797631307441088,0.9821735146600201,0.9889313716269594
RipVIS-046_00732.jpg,0.8831643356693328,0.7768816067571155,0.8744326057547046,0.9902314802205634,0.782881491336534,0.9404166890596729,0.05460992907155911,0.9898210841044609,0.9900186651138603
RipVIS-046_00738.jpg,0.892759820619043,0.7950788034652614,0.8858427852085634,0.9864713863704676,0.8038437774294187,0.9435957337975157,0.06015037593205206,0.9907826967587815,0.9887081299927536
RipVIS-046_00744.jpg,0.8931540385848267,0.7958268518929805,0.8863068853816275,0.9850221083110698,0.8055751626092111,0.9430098314142542,0.059849076234732096,0.9908217592587815,0.988031221658586
RipVIS-046_00750.jpg,0.8944798983559977,0.7983762130117353,0.8878856462126987,0.9859915075864653,0.8075360497404469,0.9442576597895569,0.06411741984497007,0.9909220679007567,0.9885500647724976
RipVIS-046_00756.jpg,0.8836985525918297,0.77775872232405,0.8749879413414348,0.98609752118686,0.7863815675309263,0.9384311757645988,0.051701570673861046,0.9900009645056954,0.9881210500148672
RipVIS-046_00762.jpg,0.8964824114959808,0.8022266860329705,0.890261688221716,0.9852634341449347,0.8119694167687337,0.9449292580464096,0.06538994581512032,0.9910734953698924,0.9882792980464381
RipVIS-046_00768.jpg,0.8808459321715039,0.7723814287000269,0.8715747256125773,0.9926151826238994,0.7768454400396344,0.940377016259636,0.0444899002755702,0.9896846064810042,0.9910963341965243
RipVIS-046_00774.jpg,0.8895698110247643,0.7891308020358457,0.882138747080869,0.9870179608955757,0.7974073086071229,0.942209503158054,0.0553834716819002,0.9903689236106334,0.988756943288151
RipVIS-046_00780.jpg,0.886565708982995,0.7833961308216087,0.8785441633325726,0.9862478574429486,0.7920481464797998,0.9401456081954007,0.03611381322518071,0.9901027199069299,0.9882478791620677
RipVIS-046_00786.jpg,0.8828793412466056,0.7763009949638682,0.8740646964279372,0.9861878452905783,0.7848341537090496,0.9380551617707754,0.042219694091490366,0.9898297646600165,0.9880763922982858
RipVIS-046_00792.jpg,0.891114226558275,0.7919976996230804,0.8839271387342351,0.9827545194922461,0.8031600660870352,0.9406852340486894,0.03788524789403274,0.9905811149686581,0.9868160343163301
RipVIS-046_00798.jpg,0.8729148746171265,0.7570229131600995,0.8617109173591292,0.9874653778618018,0.7643680675494502,0.9330020241725727,0.047918807804738076,0.9891840277773007,0.9883550644022352
RipVIS-046_00804.jpg,0.8656429935679546,0.7431904520964778,0.8526784336188477,0.9825425054992881,0.753135428700317,0.9261226175724317,0.0444728434447958,0.9884919945982887,0.9856216170206178
RipVIS-046_00810.jpg,0.8817801670851978,0.7741232288177842,0.8726825918779427,0.9844004782994837,0.7837375857283713,0.9364481052321343,0.03926895529275513,0.9898061342587819,0.9872027591394144
RipVIS-046_00816.jpg,0.864525047416532,0.7410154267929634,0.8512451014382456,0.9896908702781347,0.746779668384756,0.9292386419017707,0.044469783346703436,0.9884307484563134,0.9890390063806456
RipVIS-046_00822.jpg,0.8674697455956593,0.7466061387366428,0.85492215122601,0.9912256728040273,0.7515732530537843,0.9318014024820633,0.05633265513017133,0.988721064814338,0.9899299266961117
RipVIS-046_00828.jpg,0.8643372920555958,0.7406442828194059,0.8510001614112085,0.9933618377999369,0.7443282398728882,0.9310599659293755,0.04644670050171996,0.9884259259254492,0.9908089391331345
RipVIS-046_00834.jpg,0.8664391617784468,0.7446439976968958,0.8536343215921416,0.9942183999278137,0.7478825307345864,0.932771559451389,0.04085280224168865,0.988624614197054,0.9913249686542758
RipVIS-046_00840.jpg,0.8847903484106256,0.7796798552834809,0.8762023719814342,0.9932673487097844,0.7838222728481495,0.9428780762925831,0.0525627614994034,0.9902493248452015,0.9917040268741508
RipVIS-046_00846.jpg,0.8825695551931001,0.7755062305212065,0.8735606974395732,0.9942310359035609,0.7790116481139276,0.9421718286759604,0.050598686745126985,0.989991319443967,0.9920348030841094
RipVIS-046_00852.jpg,0.8785342019907778,0.7678728564294222,0.8686969242576608,0.9933365724856899,0.7718486397776644,0.939421708512102,0.05052685031731283,0.9895683834871771,0.9913846706717819
RipVIS-046_00858.jpg,0.8655245106227913,0.742849069718931,0.8524537008115455,0.991758799788286,0.7474630390960167,0.9309084372003835,0.0463517127153506,0.988588927468659,0.9901193725977422
RipVIS-046_00864.jpg,0.8747740252253579,0.760647689583129,0.86405439780315,0.9944403000690468,0.7638962471130201,0.9378326789265073,0.03456133687371043,0.9892785493822389,0.9917678598826549
RipVIS-046_00870.jpg,0.8736289923644754,0.7584252070451206,0.8626186703949583,0.9952671777217942,0.7611704145135609,0.9375959461660246,0.043506078049455395,0.9892110339501402,0.9921324203803137
RipVIS-046_00876.jpg,0.8720568493400405,0.7554289782759375,0.8606773473887485,0.9955218151434367,0.7580048061228595,0.9368127016743992,0.04986258342496236,0.9890668402773007,0.9921810000308091
RipVIS-046_00882.jpg,0.8799380299539329,0.7704439695765266,0.8703398501346635,0.9937460650438091,0.7741977676929914,0.9404094861827541,0.04377104376537541,0.9897940779316214,0.9916995293687574
RipVIS-046_00888.jpg,0.8695858658723756,0.7505076337052267,0.8574742768949352,0.9961104231772728,0.752713502556607,0.9356032203862931,0.03993279916775229,0.9890379050921156,0.9924530908425377
RipVIS-046_00894.jpg,0.8784802600194836,0.7673035712196109,0.8683325080253156,0.9941417606553941,0.7707887203213175,0.9396829846054071,0.053850224920104495,0.9899980709871768,0.9919988235519385
RipVIS-046_00900.jpg,0.8797442321655758,0.7696406751960715,0.8698270626163103,0.9972293889850296,0.7712899239132951,0.9420378161151932,0.046018407356806935,0.9901808449069299,0.9935852338004503
RipVIS-046_00906.jpg,0.8504105138233343,0.7140472189833049,0.8331710014463257,0.9331803721610713,0.7525227873735483,0.8904275180315098,0.039721080806908095,0.9871966628081659,0.9611466483650265
RipVIS-046_00912.jpg,0.8921067062781904,0.7933419214772376,0.8847637050983946,0.9926757536198084,0.798013094471242,0.9464990616708729,0.04751308899901661,0.9911805555550776,0.9919017559514509
RipVIS-046_00918.jpg,0.8617556217330978,0.7354701466957414,0.8475745296985305,0.9644720676307803,0.7559505602107655,0.9140459550312459,0.054846274093949154,0.9884259259254492,0.9768623961203546
RipVIS-046_00924.jpg,0.8913491956178365,0.7918746674727265,0.8838505079036497,0.9944983082511943,0.7953589376174437,0.9470732856423392,0.04167214407234492,0.9911332947526085,0.9927567222967986
RipVIS-046_00930.jpg,0.8728681269367382,0.756573053830102,0.8614194008958976,0.9790468186089313,0.7690250176333513,0.92834059719375,0.05373381095980521,0.9895163001538438,0.9844617732281952
RipVIS-046_00936.jpg,0.8896202993144142,0.7886062544972445,0.8818109100472894,0.994233691701427,0.7922296914873789,0.9459915999545944,0.03621621621132213,0.9909505208328554,0.9925344071314424
RipVIS-046_00942.jpg,0.8899783696177417,0.7893139722982679,0.8822531814072192,0.9947873877306045,0.7925920909986391,0.9464959568733153,0.03487745757677384,0.9909596836414974,0.992806079873656
RipVIS-046_00948.jpg,0.8689054826924663,0.7491626636028694,0.8565957634377674,0.9816368072156141,0.7598109328123206,0.9274813949935619,0.04130196935977817,0.9890205439810045,0.9854562653180262
RipVIS-046_00954.jpg,0.8661294016735006,0.7436148318010773,0.8529576810641785,0.9928375151884795,0.7476255088110852,0.931719030065271,0.05050505049796506,0.989006076388412,0.9908582277891052
RipVIS-046_00960.jpg,0.8549230490420503,0.7227047012970754,0.8390349207881416,0.9263101338936697,0.7667894490669664,0.8893083025386135,0.05995519830544799,0.9875583526229805,0.9580451525632655
RipVIS-046_00966.jpg,0.8736646871101538,0.7579948434869958,0.8623402352915976,0.9890225009075763,0.7644261472406211,0.9341310188746558,0.06515862852964026,0.9896793016970535,0.9893619976523249
RipVIS-046_00972.jpg,0.8622979264606669,0.7361847771801059,0.8480488791933884,0.9919220608518955,0.740625035621551,0.9288870458022909,0.050078470530734984,0.9887741126538442,0.9902967575486274
RipVIS-046_00978.jpg,0.8457100166347127,0.7052581312600917,0.827157036617025,0.9275127696858863,0.7463977268814772,0.8845835429660568,0.03748204257052605,0.9866054205242155,0.9581166223316195
RipVIS-046_00984.jpg,0.8542141557055745,0.720949327052704,0.8378507324063992,0.997191528529816,0.7224161700533397,0.926696597677019,0.04326923076292698,0.9878713348760668,0.9923802437611868
RipVIS-046_00990.jpg,0.8521645044279917,0.7172058533946103,0.8353172707591485,0.9927335482841678,0.7209908305217914,0.9231464432319205,0.044729344722973026,0.9875303819439682,0.9900463615778232
RipVIS-046_00996.jpg,0.8504000456648891,0.7138875582381017,0.8330623030742894,0.9918170405065295,0.7181172038339508,0.9215685723360777,0.03765511338786833,0.9873263888884127,0.9894977689007063
RipVIS-046_01002.jpg,0.833399880409357,0.6819751849577689,0.810921815085984,0.9287582070754519,0.7196198907602227,0.8777398732137102,0.039042986717622845,0.9853028549377965,0.9580236303376437
RipVIS-046_01008.jpg,0.8561491750174134,0.7247643869582576,0.8404213264588911,0.9948074687769657,0.7275165858909193,0.9267123191360715,0.05112977983036938,0.9879301697526099,0.9912553328381342
RipVIS-046_01014.jpg,0.8585630225795204,0.7294081489206906,0.8435349970750492,0.9939571616460161,0.7326571113480413,0.9277792049681116,0.041325934573404506,0.9881114969131037,0.9909369531911357
RipVIS-046_01020.jpg,0.8966997972758222,0.8026181880424372,0.8905027069698488,0.9778131606982615,0.8175063013430063,0.9409120022103056,0.05037677922824772,0.9911144868822381,0.9847190029193865
RipVIS-046_01026.jpg,0.8586197071195143,0.7295872710922847,0.8436547646786612,0.995162250655029,0.732184122039096,0.9284668735018567,0.04431768318790146,0.9880502507711284,0.991487186869717
RipVIS-046_01032.jpg,0.8608971662902267,0.7340495742506622,0.8466304368118982,0.9956999662308561,0.7363839624814251,0.9301872823493926,0.04064217529062161,0.9881457368822395,0.9917945175638696
RipVIS-046_01038.jpg,0.8598171951377281,0.7320714991542553,0.8453132558462105,0.9937734225615911,0.7354448820942595,0.9285424268270418,0.03845597801959578,0.987971643518042,0.9907733150751191
RipVIS-046_01044.jpg,0.8823962559641929,0.7753259351564881,0.8734463005387753,0.9907910689581269,0.7809537103565843,0.9402625407553541,0.0319787739097921,0.98983603395014,0.9902960265813281
RipVIS-046_01050.jpg,0.8691028028511268,0.7498823931836176,0.8570660475294368,0.9920509193636203,0.7544154028099989,0.9332570455331719,0.03175503260111213,0.9887181712958195,0.9903257242978698
RipVIS-053_00000.jpg,0.8330389405230092,0.7019625473953052,0.8248860099413977,0.7321976531921156,0.9444422528049176,0.7666557787925561,0.047534165174163076,0.9669118923600619,0.8635335844426661
RipVIS-053_00006.jpg,0.8176221359119709,0.674964677380312,0.805944968864626,0.7115614550540931,0.929196162739938,0.7465317273857995,0.024826363229669517,0.9633062065961769,0.8525294606807368
RipVIS-053_00012.jpg,0.8205199475219527,0.6792959339133754,0.8090246873049548,0.719631230785774,0.923777430083527,0.7529083771288317,0.02790014683878118,0.9646115451378422,0.856363601414657
RipVIS-053_00018.jpg,0.8410161400518865,0.7166249407874434,0.8349231375593505,0.7721478117694072,0.9088089634094734,0.7960900453577073,0.04041554005401799,0.9681901041656161,0.8815686211530154
RipVIS-053_00024.jpg,0.8633178759350764,0.7563565703108442,0.8612790626871198,0.8107899807237329,0.9184737723764309,0.8302582238736568,0.04379562043192458,0.9727897135406112,0.901210079055949
RipVIS-053_00030.jpg,0.9154862370716279,0.8491414838490805,0.9184169964988833,0.8712832949431283,0.9709419178905248,0.8895440652328154,0.049241832101103354,0.9835167100683773,0.93408784170943
RipVIS-053_00036.jpg,0.8935701223874788,0.8107458282965425,0.8954827515016294,0.8555327558061284,0.9393465183798435,0.8710772346845939,0.045605306791773575,0.9785622829850493,0.9244448800011122
RipVIS-053_00042.jpg,0.9018205453941641,0.8254178419892789,0.9043604406646604,0.866425629189707,0.9457691588783818,0.8812111403607609,0.048578982146632685,0.9802560763878252,0.9302133265684874
RipVIS-053_00048.jpg,0.921069032845433,0.8591577215380735,0.9242440397442943,0.901895705001437,0.9477280678633373,0.9107040797458353,0.05331364828521758,0.9845811631933761,0.9480519896892698
RipVIS-053_00054.jpg,0.9133372040735002,0.8458866544708373,0.9165098544074242,0.8925358890445234,0.9418072740806492,0.9019733777652835,0.062114904236117416,0.9826204427072671,0.9429682319708443
RipVIS-053_00060.jpg,0.9375924227926895,0.8892089075305021,0.9413558278134948,0.9190174857480334,0.9648071689383706,0.9278243822829905,0.0579924429015948,0.9873947482628175,0.9574353315539617
RipVIS-053_00066.jpg,0.9282882429437939,0.8721632026064355,0.9317170654697253,0.9354164246619773,0.9280468512542767,0.9339331614116695,0.04185375239867643,0.9859114583322636,0.9635553572727702
RipVIS-053_00072.jpg,0.890301584214197,0.805671625152695,0.8923788953980645,0.8593500846726223,0.9280480891518291,0.872263808380633,0.028278347653413038,0.9772916666656062,0.9255763770370898
RipVIS-053_00078.jpg,0.909845839009075,0.8407191971505994,0.9134681688027351,0.911690729399009,0.9152525523553802,0.9124008744651037,0.048588039860383715,0.981073133679491,0.9506510833437212
RipVIS-053_00084.jpg,0.9028395370906604,0.8282941805247637,0.9060841404494583,0.9292391905926027,0.8840550029170661,0.9198365925529065,0.0434352008993442,0.9796093749989371,0.9574057989785074
RipVIS-053_00090.jpg,0.9069210357504867,0.8351729007485073,0.9101844304783134,0.9491595218888673,0.8742839358399296,0.9331756811467224,0.03408752604434541,0.9807497829850469,0.9667637462768686
RipVIS-053_00096.jpg,0.8931875773469026,0.8115285149101928,0.895959967762831,0.9072876369992416,0.8849116670182472,0.9027223703466111,0.021567217825799106,0.9773046874989395,0.9465220337297787
RipVIS-053_00102.jpg,0.9048623690151822,0.8317128862295906,0.9081258230831073,0.9305205039099032,0.8867837474266762,0.9214313837893195,0.03804191788141804,0.9801671006933809,0.9582664943666148
RipVIS-053_00108.jpg,0.8816686326908967,0.7916342205791481,0.883700714672944,0.8909482028772651,0.8765701855721593,0.8880349889418744,0.018367073331764704,0.9744498697906093,0.9378041253423961
RipVIS-053_00114.jpg,0.895916309728279,0.8156290652219325,0.8984534130293121,0.9299797641525849,0.8689944659406501,0.917107399505599,0.02594306548507319,0.9784700520822717,0.9569913375653962
RipVIS-053_00120.jpg,0.9188159153321527,0.8559014107141282,0.9223565495160518,0.9420769592132608,0.9034448227428056,0.9340884618570363,0.03313002494689076,0.9835188802072662,0.9652007517306089
RipVIS-053_00126.jpg,0.9187717633319168,0.8557832184373113,0.9222879158891584,0.9399423546759547,0.905284438355877,0.9328000895418442,0.036229832997986156,0.9835416666655995,0.9642697235483974
RipVIS-053_00132.jpg,0.9212897605000072,0.8602235584400441,0.9248604067367201,0.9392466964838285,0.9109081735528668,0.9334388054762791,0.0427739093302865,0.984084201387821,0.9642756153796208
RipVIS-053_00138.jpg,0.9384369212396335,0.8908943762620372,0.9422994615100366,0.9277734221782853,0.9572876008558934,0.9335297621160665,0.05808044140292138,0.9874197048600397,0.9613097185559573
RipVIS-053_00144.jpg,0.9375202723546212,0.8890145271868507,0.9412468929085311,0.9418680202950065,0.9406265841940523,0.941619471002578,0.05512781027792919,0.987432725693373,0.967376726706249
RipVIS-053_00150.jpg,0.9452115377107141,0.9026460117299852,0.9488323168525208,0.9469742088432144,0.9506977309712427,0.9477165780695321,0.0681998413849009,0.9890212673600379,0.9705297834559377
RipVIS-053_00156.jpg,0.9136271818513666,0.8463747446243074,0.9167962756082045,0.9455982257146561,0.8896970188019562,0.9338629795577256,0.0426495859955242,0.9827018229156004,0.9662293188257185
RipVIS-053_00162.jpg,0.9425915732977497,0.8981376733665605,0.9463356488506045,0.9495743419039574,0.9431189729775878,0.9482762081799312,0.06509629157009449,0.9883734809017053,0.9713216853150768
RipVIS-053_00168.jpg,0.9265554498490796,0.8695743422350413,0.9302377793604947,0.9464841965262857,0.9145396901746274,0.9399180043884975,0.055737194448740895,0.9851649305544866,0.9680815005589426
RipVIS-053_00174.jpg,0.9318354292808451,0.8783865559469621,0.9352564339496519,0.9653097267844962,0.9070179571925404,0.9530595769872451,0.04001913264668062,0.9866981336794849,0.9771859608835607
RipVIS-053_00180.jpg,0.9181836335463904,0.8542241531061839,0.9213817560031167,0.9203036053033914,0.9224624357982791,0.9207345626669029,0.04288833436636177,0.9838346354155991,0.9557138898852933
RipVIS-053_00186.jpg,0.9255118857055831,0.8672542918475128,0.9289086072892915,0.9104914417523471,0.9480862296422684,0.9177699711440781,0.044388361038540915,0.9853255208322642,0.9523120314731144
RipVIS-053_00192.jpg,0.8936693526088378,0.8098495349363201,0.8949357604634407,0.880495795556618,0.9098572476340365,0.8862155002802845,0.03954292586986274,0.9794585503461595,0.9354360235081077
RipVIS-053_00198.jpg,0.8693956738967923,0.7673435429027897,0.8683581027404091,0.8462301693052862,0.8916743485296708,0.8549446190593216,0.030655858506904072,0.9739051649294987,0.9172953233129937
RipVIS-053_00204.jpg,0.9052956074297858,0.8308609772526895,0.9076177684440502,0.8814055172903406,0.9354368659873852,0.8917066103074894,0.03542840201075772,0.9815657552072683,0.9372199381404316
RipVIS-053_00210.jpg,0.9104808176006565,0.840174116983958,0.9131463259150735,0.8922521609632582,0.9350425270598803,0.9004940254660648,0.02987197723567694,0.9825499131933783,0.9425746546497725
RipVIS-053_00216.jpg,0.9322670560079063,0.8783250349911229,0.935221560303884,0.9521635931970952,0.9188718931258728,0.9453136506282076,0.0452459016319269,0.9874576822905952,0.9716649604603558
RipVIS-053_00222.jpg,0.9172993109406613,0.8522549921880402,0.9202350602724353,0.9086526154011793,0.9321165966284565,0.9132504288164666,0.03840025493333329,0.9839756944433767,0.9505792430214501
RipVIS-053_00228.jpg,0.9236478934013179,0.8631580031215179,0.9265537347615079,0.9333994031342324,0.9198077492739046,0.9306490328568859,0.03771483131163036,0.9855805121517084,0.9623067975371671
RipVIS-053_00234.jpg,0.9303963367944615,0.8748313484592971,0.9332373807150364,0.9556563921530539,0.9118461265789095,0.9465607614143179,0.04585333553288307,0.9872157118044843,0.9730635952466626
RipVIS-053_00240.jpg,0.9175495020060903,0.8518996370565391,0.9200278676122774,0.9421803037048901,0.8988931931278485,0.9331925376770096,0.030781758952641406,0.9846799045128204,0.9656227176495957
RipVIS-053_00246.jpg,0.9324413517737349,0.8787260746691903,0.9354488517693225,0.955606360461389,0.916124178078924,0.9474400005412976,0.03707829407430326,0.9874186197905952,0.9731899104221879
RipVIS-053_00252.jpg,0.9233484196270686,0.8631840548649219,0.9265687440927584,0.9263660998044855,0.9267714770481598,0.9264471468901839,0.053295037489501346,0.9850661892350422,0.9590392633468148
RipVIS-053_00258.jpg,0.9283667853822859,0.8719756948897722,0.9316100601841594,0.9251763851876443,0.9381338412981706,0.9277391622657827,0.03515996198366171,0.9861914062489299,0.9591361390561961
RipVIS-053_00264.jpg,0.9429727407572444,0.8976344130987551,0.9460562128328572,0.9654741112066543,0.9274039918503767,0.9576120777525438,0.037988826809578796,0.9893977864572597,0.9787105443852928
RipVIS-053_00270.jpg,0.9230435613689714,0.8627224084813151,0.9263027110783468,0.931068344584296,0.9215856145109763,0.9291562189097122,0.029906542051416424,0.9849392361100424,0.9610518172614919
RipVIS-053_00276.jpg,0.9227367979219747,0.8623417566517292,0.9260832535937098,0.9351489090520237,0.9171916816699415,0.931501430931385,0.025085165682086533,0.9847439236100426,0.9627691270899669
RipVIS-053_00282.jpg,0.9299489162918756,0.8750074441600496,0.9333375682164592,0.9537601021199191,0.9137713006248832,0.9454847704847705,0.03229363578571304,0.9863357204850408,0.971863582763997
RipVIS-053_00288.jpg,0.9234851670555903,0.8637145145764833,0.9268742694454538,0.9613774505968297,0.894761875838497,0.9472724467624635,0.02416588711815312,0.9848621961794869,0.9744214962941518
RipVIS-053_00294.jpg,0.9221162869100499,0.8616377455818955,0.9256771330800148,0.9498429628280408,0.9027104451209713,0.9400267854907752,0.0282945130485705,0.9842968749989319,0.969047047809703
RipVIS-053_00300.jpg,0.9233586334279351,0.8639918846323535,0.9270339551963916,0.9473087877492432,0.9076088038949547,0.9390933559760767,0.04483246813829912,0.9844335937489318,0.9680346807174606
RipVIS-053_00306.jpg,0.920548450834634,0.8583319378553933,0.9237660079672856,0.9849884134857291,0.8697088560761974,0.9595507993595433,0.047467346281066046,0.9843945312489318,0.9846599421873097
RipVIS-053_00312.jpg,0.9275848619271578,0.8707865725908098,0.9309309627820102,0.9821052867073045,0.8848255696623833,0.9609749367066429,0.0707547169696235,0.9858702256933747,0.9841898723387899
RipVIS-053_00318.jpg,0.9151390578105345,0.8486805193187653,0.9181473060921334,0.9726875824847115,0.8693986205696226,0.950111959377259,0.04433575259634968,0.9833192274294886,0.9785690988499425
RipVIS-053_00324.jpg,0.9196433291923061,0.8576434966183425,0.9233671564857285,0.938998311751788,0.9082478919984537,0.9326827701713877,0.03753594671749115,0.9834711371517106,0.9638726272571344
RipVIS-053_00330.jpg,0.908589102370329,0.8373400842496296,0.9114698921855826,0.9698604380368451,0.8597109098219258,0.9456289024733578,0.043949428048773415,0.981733940971157,0.9764345644721371
RipVIS-053_00336.jpg,0.9248607807937794,0.8667684133093403,0.9286298258847911,0.9414581734362604,0.9161463778848281,0.9362845367119523,0.055119299297022153,0.9846549479155983,0.9656184813465691
RipVIS-053_00342.jpg,0.911026228351093,0.842910624060963,0.9147601767073862,0.9058718982753838,0.9238246043746944,0.9094064016469781,0.03910199226299405,0.9812413194433797,0.9482673529386149
RipVIS-053_00348.jpg,0.8810706552980969,0.7885218022625012,0.8817581102617947,0.932966324893651,0.8358787903255497,0.9117855012262754,0.029949086548375397,0.9759819878461632,0.9567578711676117
RipVIS-053_00354.jpg,0.891407963444873,0.8082183084467722,0.8939388619961685,0.8778467296997848,0.9106319930423479,0.8842135550506504,0.02989736724231781,0.9770540364572732,0.9335909582548106
RipVIS-053_00360.jpg,0.9090963882751513,0.8384446144936059,0.9121238767636771,0.9248910508613061,0.8997043788784905,0.9197415309193323,0.045033490089064626,0.9816742621517126,0.9565368209910589
RipVIS-053_00366.jpg,0.8948748724900575,0.8132778901121844,0.8970250997345678,0.9069782215020807,0.8872880565850075,0.9029705850730788,0.03318777292093336,0.9786588541656047,0.9469110939723301
RipVIS-053_00372.jpg,0.8966910555898792,0.8159607694249107,0.8986546220195207,0.9284061596948001,0.8707507008527594,0.9162722397765861,0.03403518891923346,0.9794759114572705,0.956715750203406
RipVIS-053_00378.jpg,0.9051319900054795,0.8307501060504667,0.907551613193861,0.9206647714747359,0.8948067542916294,0.9153742963802036,0.026733380982597085,0.9813856336794907,0.9543701384049974
RipVIS-053_00384.jpg,0.9046302374687102,0.8300212326608348,0.9071165053686193,0.9125715392130409,0.901726300562305,0.9103816715246685,0.04935747662830644,0.9811501736100465,0.9507073788856628
RipVIS-053_00390.jpg,0.9045451875049296,0.8298539030900685,0.907016567485193,0.9072981682217897,0.9067351414871158,0.9071855069547178,0.05991646261559607,0.9811458333322687,0.9483864219047488
RipVIS-053_00396.jpg,0.8764460254708408,0.7810731580534995,0.8770814994563382,0.8474499501681166,0.9088602949015646,0.8590590194309875,0.023799582460153155,0.9743934461794983,0.9185908855315081
RipVIS-053_00402.jpg,0.8810256367534188,0.7889167206027703,0.882004971519241,0.8382643194557481,0.930561703247493,0.8552294361728093,0.030551312313490998,0.9755859374989414,0.9153119128449566
RipVIS-053_00408.jpg,0.8681658197562828,0.7662911112279335,0.8676838221704058,0.8218316318310155,0.9189547729627889,0.8395784233244181,0.03591836734205192,0.9727202690961667,0.9064898842167103
RipVIS-053_00414.jpg,0.8759558352597399,0.7790480431277016,0.8758032658388201,0.8379895248618972,0.9171909190267462,0.8527162994922567,0.039894722255174576,0.9752332899294973,0.9145941291655338
RipVIS-053_00420.jpg,0.8301337108129507,0.6986972796614531,0.822627183815473,0.7771239539884464,0.87379057020343,0.7947075003425055,0.019129193430531162,0.9647146267350644,0.8819572743871564
RipVIS-053_00426.jpg,0.8435685309214441,0.7217104136063945,0.8383644635042404,0.815040519326594,0.8630626529236549,0.8242126108344401,0.023177012737438735,0.9682714843739494,0.9002594523323766
RipVIS-053_00432.jpg,0.8051903119547101,0.6543844747617632,0.7910911698515506,0.7617711859770889,0.8227585086035341,0.7732344521827164,0.010627131984961015,0.9593804253461812,0.8716713585677869
RipVIS-053_00438.jpg,0.8428636671152482,0.720375439961842,0.8374630597816717,0.7854357118260956,0.8968719568570308,0.8054511558856529,0.023484144882117003,0.9681911892350605,0.8874576756707128
RipVIS-053_00444.jpg,0.8419396449884851,0.7188764172913331,0.8364492177095131,0.787004886154621,0.8925228135432041,0.8060641682531976,0.02205980066152029,0.9678776041656164,0.8879803389102972
RipVIS-053_00450.jpg,0.8592032166968208,0.7478176429456731,0.8557158648259705,0.8293509232367532,0.8838121196800464,0.8396995118316648,0.018351174750681053,0.9729481336794998,0.9088379298744398
RipVIS-053_00456.jpg,0.8378926719577375,0.7101590167279043,0.8305181094640797,0.7940833915588602,0.8704570601647502,0.8082668141942623,0.02859557683778059,0.9682964409711715,0.8906347931139642
RipVIS-053_00462.jpg,0.8087104058021701,0.6590922170788738,0.7945214983158954,0.7310826913996353,0.8700160802128413,0.7552024372926883,0.026396383254134986,0.9614355468739567,0.8593391640005505
RipVIS-053_00468.jpg,0.787843201938903,0.6212152080423256,0.7663574890744638,0.6812891007290156,0.875700883443072,0.7129448598671934,0.019786910194857395,0.957634548610072,0.8351534506698508
RipVIS-053_00474.jpg,0.8077345255661426,0.6553085771351427,0.7917660624574193,0.7106963702798329,0.893712554219493,0.7410469766772572,0.007399577165901604,0.9629654947906218,0.8507010584450486
RipVIS-053_00480.jpg,0.7986974234330686,0.6394692405239705,0.7800930017077936,0.6924458485632566,0.8931437263506268,0.725030077419618,0.011926328500614987,0.9608474392350685,0.841605678684811
RipVIS-053_00486.jpg,0.796243302526144,0.6339796860507441,0.7759945750403355,0.7149021830846177,0.8485039888935628,0.7381472854327181,0.023380195595449235,0.961289062498957,0.8508457941327092
RipVIS-053_00492.jpg,0.8179000583710706,0.6739947237921298,0.8052531041021653,0.7334652776187666,0.8926179825720255,0.7605876489081945,0.02709906707728431,0.9646006944433978,0.8618425777945177
RipVIS-053_00498.jpg,0.825432057288298,0.686926290743528,0.8144117434327957,0.751492977160491,0.8888289686441814,0.7754566673781474,0.031005462862689286,0.9665820312489511,0.8706652012079601
RipVIS-053_00504.jpg,0.8522559316364064,0.7341100801272237,0.846670679722207,0.7898420837592477,0.9123108169964973,0.8116328248314902,0.05700179532360835,0.972637803818389,0.8909064135621011
RipVIS-053_00510.jpg,0.8408037782717146,0.7150417994756015,0.8338476644641964,0.7757236999415416,0.9013874497598956,0.7979730183233774,0.03223545900038746,0.9691536458322817,0.8831586165273153
RipVIS-053_00516.jpg,0.8392272341122291,0.7111585138475837,0.8312012102824132,0.7787415949385001,0.8912391803567237,0.7989102491025376,0.021374685663401134,0.9697330729156144,0.8843426540240809
RipVIS-053_00522.jpg,0.8341383825781111,0.7034159795943744,0.8258886707894746,0.7648937317859005,0.8974543981455785,0.7881776684846773,0.024216719110108535,0.9675640190961723,0.8775603281500166
RipVIS-053_00528.jpg,0.8244822271209423,0.6870702974054937,0.8145129440807809,0.7432675232346886,0.9008647430345662,0.7702158245345885,0.02999583390779116,0.964836154512842,0.8668933060971108
RipVIS-053_00534.jpg,0.8265990252569896,0.6912076980401813,0.817413140729163,0.753776025360352,0.8927861034470443,0.7780036303893302,0.019381443296304954,0.9649707031239529,0.8716332811201848
RipVIS-053_00540.jpg,0.8294049541547635,0.696498756330373,0.8211014051515615,0.7652789802459108,0.8857084218552528,0.7866716705983272,0.02781680246869671,0.9653114149295081,0.8769070075886565
RipVIS-053_00546.jpg,0.8321705217268618,0.7011364397868708,0.8243153498901165,0.7639020726552005,0.8951048096205452,0.7869726596501484,0.04144248945158609,0.9661284722211739,0.8767544413017325
RipVIS-053_00552.jpg,0.8404597199093526,0.7135349580018184,0.8328221781175487,0.8078798767872891,0.8593536697254914,0.8176753435074842,0.05381031112974443,0.9698350694433922,0.8971609201513762
RipVIS-053_00558.jpg,0.8434130109562629,0.7193014537734368,0.8367368644919713,0.7942631502104006,0.8840098385516337,0.8107244684140016,0.050082224540277734,0.9700195312489475,0.8915517073156395
RipVIS-053_00564.jpg,0.814609607575328,0.6702330768731193,0.802562332351695,0.7343979784095115,0.8846748839652094,0.7602253917339211,0.02940754554161418,0.9621419270822893,0.8615968501615381
RipVIS-059_00000.jpg,0.7667852120325143,0.610515107307701,0.7581612920456231,0.6269736925235011,0.9587747448097861,0.6735956429619167,0.031851762137355966,0.931336805554545,0.8106934001507028
RipVIS-059_00006.jpg,0.7931954420511464,0.6521882007226205,0.7894841525164891,0.6829941428872371,0.9353151538026806,0.7219461883791892,0.05092024539252512,0.9414290364573118,0.8369716229063786
RipVIS-059_00012.jpg,0.8115491755075663,0.6847774822150233,0.8128996136804102,0.7325825462128805,0.9129964534470828,0.7627264665957831,0.026485490554296925,0.9456087239573073,0.8595787306066172
RipVIS-059_00018.jpg,0.7956991904420612,0.6590739103787369,0.7945081967183513,0.7080538695449241,0.9050112889732544,0.7402750507527515,0.024074074071287723,0.9401540798600909,0.8467696087051109
RipVIS-059_00024.jpg,0.8446667896225196,0.7438143020030386,0.853088888132932,0.8276608056337691,0.8801289402226377,0.8376479388386369,0.02660706683412015,0.9529600694434104,0.9026916699405161
RipVIS-059_00030.jpg,0.8293461745969904,0.722968877137489,0.8392129268621696,0.8679617633889226,0.8123074846244658,0.8562290607577581,0.01092839300469105,0.9449565972211968,0.9140940304593687
RipVIS-059_00036.jpg,0.8132417966842944,0.6954123450996642,0.8203459731901205,0.8204507064331047,0.8202412666774432,0.8204088099312714,0.005376344085443404,0.9404437934017573,0.8923658413659443
RipVIS-059_00042.jpg,0.8516267573684693,0.7624893850543563,0.8652413926803203,0.9449781491189382,0.7979138444822654,0.9113825807745344,0.009720649300705864,0.9502289496517468,0.9481377998305023
RipVIS-059_00048.jpg,0.8776204715875215,0.8027199173652806,0.8905653170332477,0.9653807086831899,0.8265120169226999,0.9339951552631743,0.020650636490273395,0.9602083333322914,0.9622733709778029
RipVIS-059_00054.jpg,0.8689343366170045,0.7885821561855785,0.8817958442203728,0.9498814259920051,0.822817918016115,0.9214233007292242,0.01616915422730873,0.9573535156239612,0.9543689686459604
RipVIS-059_00060.jpg,0.8866438827855373,0.8156070564549563,0.8984400600947883,0.9102931134872907,0.8868917195065588,0.905514558799153,0.02457192608836491,0.9643532986100647,0.9429859570335681
RipVIS-059_00066.jpg,0.8043528244913423,0.677208268760111,0.8075422490741027,0.7669627068753719,0.8526557599077246,0.7826950891469201,0.010562643797263894,0.9401052517350911,0.8704967841300012
RipVIS-059_00072.jpg,0.79634645510947,0.6664188310004876,0.7998215317818773,0.7474225501544737,0.8601214059768083,0.7675360919844461,0.010518037942542215,0.9357389322906513,0.8611075156308204
RipVIS-059_00078.jpg,0.6992854324180373,0.4991228748268101,0.6658865436690405,0.527147459848595,0.9037405517054963,0.5750747499883524,0.012394133442223287,0.908605685762903,0.7577104890336435
RipVIS-059_00084.jpg,0.7457582377866838,0.5726256806145205,0.7282415487336578,0.6241312127742871,0.8740385266515666,0.6619865899681237,0.014255806996884078,0.9268413628462165,0.803686340162825
RipVIS-059_00090.jpg,0.7060057802739892,0.5053566367469352,0.6714111784686547,0.5426693178553567,0.8802369590161787,0.5877492539412559,0.008206857784349987,0.914781901040674,0.7642799817865991
RipVIS-059_00096.jpg,0.41954101562454477,0.0,0.0,0.0,0.0,0.0,0.0,0.8390820312490895,0.4999999999993534
RipVIS-059_00102.jpg,0.42002766927037755,0.0,0.0,0.0,0.0,0.0,0.0,0.8400553385407551,0.4999999999993542
RipVIS-059_00108.jpg,0.5719364998239619,0.29280287075421446,0.4529737323114,0.30561883717701754,0.8747242331496294,0.3513353855847932,0.011012060827371571,0.8597200520824004,0.647674494539977
RipVIS-059_00114.jpg,0.4054600694440045,0.0,0.0,0.0,0.0,0.0,0.0,0.810920138888009,0.499999999999331
RipVIS-059_00120.jpg,0.6777902144246483,0.4803226619587581,0.6489431990768779,0.5698904148886809,0.7534599750031361,0.5990819342262467,0.006296009298111583,0.8881532118045918,0.7642844119228839
RipVIS-059_00126.jpg,0.6864699441711174,0.498648984179733,0.6654646811143203,0.5900724174251769,0.7629444233333859,0.6180820826619838,0.002847324496529472,0.8882617187490361,0.773764135527033
RipVIS-059_00132.jpg,0.7004859718832657,0.5261152994776186,0.6894830287825633,0.6228579976363992,0.7720686197702689,0.6479007655584011,0.0019333011114612566,0.8901226128462564,0.7890366997714036
RipVIS-059_00138.jpg,0.6505573626191162,0.45345079346783607,0.6239644238466896,0.5297049482607842,0.7590319881328335,0.5637715103181924,0.014454553183024015,0.8647569444435061,0.7422547979822638
RipVIS-059_00144.jpg,0.38856553819402284,0.0,0.0,0.0,0.0,0.0,0.0,0.7771310763880457,0.4999999999993019
RipVIS-059_00150.jpg,0.676347978709295,0.5014631128331656,0.6679659440809524,0.5628158150288647,0.8214332180585378,0.6006362965418275,0.0038613961991808355,0.8705967881934997,0.763003930442326
RipVIS-059_00156.jpg,0.659156679774302,0.46661905202575327,0.6363193651156246,0.5161468086741371,0.8294332466001895,0.5583238731077791,0.0018113891088179113,0.8687261284712796,0.7428859210834444
RipVIS-059_00162.jpg,0.5272704342813888,0.2380414743239435,0.38454523416338804,0.25445064569878983,0.7868356822173556,0.29427249887810375,0.002097902097657587,0.8264485677074366,0.6178923443482827
RipVIS-059_00168.jpg,0.4904642555865798,0.1902895864237803,0.3197366230775899,0.20783280274586752,0.6927182676322313,0.2416646443137961,0.0008914642298984328,0.8004568142352425,0.5904848224838831
RipVIS-059_00174.jpg,0.5105449402085619,0.23869193897564947,0.385393545344355,0.2662661666435975,0.6974181546654808,0.30383275261324044,0.004440112626766286,0.7962955729158027,0.614906507650524
RipVIS-059_00180.jpg,0.514116009844199,0.2348416540951364,0.38035913886825107,0.2535946988562785,0.7605208895426231,0.29260147823485,0.0172353148062803,0.8057107204852368,0.6145224193672395
RipVIS-059_00186.jpg,0.5269697143012242,0.2621611800256761,0.41541632586155597,0.2907933308891041,0.726966678109161,0.33044627892693185,0.006613131789488293,0.8061219618046809,0.6284446690839516
RipVIS-059_00192.jpg,0.5217818281915886,0.2706153130977652,0.4259594706725264,0.29065255159082526,0.7969725638511106,0.3329585433970476,0.004185073238295155,0.7905891927074755,0.6318193064621249
RipVIS-059_00198.jpg,0.5325946892235478,0.29292661165935613,0.453121792092145,0.3225667632884216,0.7612140489302227,0.3645849584729041,0.004580493799063737,0.7918967013880296,0.6428288693064297
RipVIS-059_00204.jpg,0.5239921877589576,0.2839524843446651,0.44230995742742873,0.3166188881649176,0.73349021503894,0.35722374829675585,0.001189574997167776,0.7842230902769268,0.6370071753488651
RipVIS-059_00210.jpg,0.5728655673994888,0.3371662042195779,0.5042996198312703,0.38533303177473077,0.7295337157269063,0.4254823225570145,0.0007989955483621737,0.8255523003463264,0.6712960847423481
RipVIS-059_00216.jpg,0.6257646464297937,0.4215233052236674,0.5930585923912707,0.49609529530460555,0.7371335268451586,0.5308096052307036,0.003457744329964635,0.8487424045129679,0.7227821446921526
RipVIS-059_00222.jpg,0.706421412880068,0.5489049993058542,0.7087652238863551,0.6535892238376906,0.7741161026274526,0.6745956085067789,0.0038322112890903973,0.8832649739573749,0.8003155586453754
RipVIS-059_00228.jpg,0.7850470131609579,0.6718664789632848,0.8037322207451704,0.8034335805349377,0.8040310830459566,0.8035530099867733,0.02133739759751025,0.915777994790673,0.8749576104505978
RipVIS-059_00234.jpg,0.7763502683446093,0.6629266106506287,0.7973011032534445,0.8490560183633046,0.7514932101810549,0.8275681663997032,0.004393085664750922,0.9094118923601243,0.8872479127262514
RipVIS-059_00240.jpg,0.8091913123010834,0.7127341220952848,0.8322764320516447,0.9331191152244319,0.751104198529091,0.8899851345022095,0.004345361798191445,0.9235460069434424,0.9271112483117843
RipVIS-059_00246.jpg,0.8172918253588042,0.7214650984372221,0.8381989261265668,0.9197983277233102,0.7698978617323945,0.8853235188915454,0.004548670776857508,0.9290787760406586,0.9255965710489825
RipVIS-059_00252.jpg,0.839397937637642,0.7527040008505474,0.8589060109240092,0.9153632312169253,0.8090084750180015,0.8919125156647383,0.002311895754275757,0.9396647135406471,0.9305635329043198
RipVIS-059_00258.jpg,0.8503455831062434,0.7705922186619648,0.8704344349195218,0.9451245820248887,0.8066847418267883,0.9137614047455421,0.010809687141585107,0.9433908420128653,0.9440393754205083
RipVIS-059_00264.jpg,0.848965520782019,0.7693838961185829,0.869663048031968,0.9347282010161981,0.8130665933323568,0.907567779944626,0.003641281730790545,0.9423014322906442,0.9394968564588019
RipVIS-066_00000.jpg,0.6520449121174062,0.4201253451347671,0.591673610465558,0.7775164246807468,0.4775331274251161,0.6907335350915117,0.004020848845268675,0.8929629715226366,0.841634869802079
RipVIS-066_00005.jpg,0.6064345786365838,0.35624271887962494,0.5253377052949822,0.7788621669183624,0.39632987506373596,0.6528397322335833,0.003005151688178999,0.8671655417889387,0.8276150919525782
RipVIS-066_00010.jpg,0.5916563983882048,0.3302622213667469,0.4965370226441922,0.7858198924625562,0.36293151075874547,0.6373026721692817,0.005161290321840675,0.8629796135345056,0.8280290540599815
RipVIS-066_00015.jpg,0.6050348304549806,0.33908383358052857,0.506441531257777,0.8030796830497373,0.36983387148710256,0.650639884304848,0.010114942527185448,0.8789952385344871,0.8442176055243643
RipVIS-066_00020.jpg,0.5927603574128539,0.3299822012956882,0.49622047719768686,0.8556222179086865,0.34943941825751834,0.663421492487695,0.0053175775472204465,0.8651338295108345,0.8607782851164553
RipVIS-066_00025.jpg,0.6970767957564449,0.4411232013171358,0.6121936013714369,0.4449431090716935,0.9809094944827517,0.4995316688737444,0.01655328797810583,0.9547094582089558,0.7220933002603801
RipVIS-066_00030.jpg,0.5826879646740435,0.3251905187348232,0.49078304460748307,0.9012833024879277,0.33720087414594996,0.6753373193886885,0.0029816839410788465,0.8516133505907317,0.8743081258508087
RipVIS-066_00035.jpg,0.6075339858549269,0.35481294637266614,0.5237814523733793,0.8995061980029497,0.36945830491217374,0.6989536973736038,0.004624105011243421,0.8702281342445564,0.8836056200615494
RipVIS-066_00040.jpg,0.7056557257296099,0.49336097346321095,0.6607390741155791,0.8869247180614708,0.5264759335817429,0.7801057200441597,0.008159268928172442,0.9240211261083996,0.9071610444385114
RipVIS-066_00045.jpg,0.5906763665593182,0.3405847771458287,0.5081137470036777,0.9155017821213592,0.3516385377208516,0.6931911143346293,0.004616675992638965,0.8528684356499019,0.8813503093013588
RipVIS-066_00050.jpg,0.655720408655491,0.42006974762791455,0.5916184727258634,0.8786646991552933,0.44593754415397807,0.7358537199563511,0.0046207775645919725,0.8992950258865346,0.8899137375984438
RipVIS-066_00055.jpg,0.6401703802136938,0.3996824679618981,0.5711044856393503,0.8739639936210281,0.42412881486575704,0.7210198495266861,0.006045179763594467,0.8894427237415756,0.8824151344518618
RipVIS-066_00060.jpg,0.6374223747615544,0.3988650624737099,0.5702695323141022,0.8790048900291398,0.4220364751363357,0.7225366869403059,0.009154814450031908,0.8854093472622904,0.8825103368810091
RipVIS-066_00065.jpg,0.612280678199924,0.37033263052715554,0.5405003460870542,0.8871893421860028,0.38863324820182676,0.7060411228705409,0.0018484288352270113,0.8657394138303605,0.8754165434045919
RipVIS-066_00070.jpg,0.6053652802559926,0.36551777513871564,0.5353541078607851,0.8753583432078471,0.3855859092199366,0.698030289593741,0.002687031536884877,0.8578853088007837,0.8657204081910324
RipVIS-066_00075.jpg,0.543799233679086,0.3054781801287575,0.46799431009812603,0.9549710997128277,0.30994257440215145,0.674307691759313,0.0021919142715304536,0.8011741863896066,0.8703207927564207
RipVIS-066_00080.jpg,0.5582581128245655,0.32805184285002814,0.4940346939258361,0.9769618604084511,0.3306094126277374,0.702341601140451,0.012323943660422039,0.8082655325434446,0.8836755557919941
RipVIS-066_00085.jpg,0.49263365106746726,0.26541345605053307,0.4194889105714299,0.9666844932668075,0.2678636381998011,0.6352354267969305,0.007129935084906892,0.7456037352062389,0.8445291340897436
RipVIS-066_00090.jpg,0.5328772596348463,0.3076646934697439,0.4705559383933348,0.9705002137553529,0.3105691117024151,0.6810614796038346,0.0038590812891996663,0.7815712832831204,0.8655376750805739
RipVIS-066_00095.jpg,0.5157294391326877,0.2890458168584017,0.4484647684018707,0.9556352960254022,0.2929772050251345,0.6579871973817202,0.0010893246186177207,0.7668315458571019,0.8508377161118728
RipVIS-066_00100.jpg,0.5320971015648088,0.30229569440439974,0.4642504704627064,0.9427589420838547,0.3079478767846646,0.667541685778492,0.003136617100007363,0.7841646634606322,0.8547299104538417
RipVIS-066_00105.jpg,0.5741639310464851,0.3453737808714332,0.5134242777464055,0.9485576587163448,0.3519662387461687,0.7084049130957929,0.0008597396216089733,0.8215098002949086,0.8780322070511484
RipVIS-066_00110.jpg,0.5647690657489002,0.2975971190248898,0.45868954957071145,0.859859470760056,0.3127671375884326,0.6370084216775131,0.0034918076815079494,0.8431120562120433,0.8507842049996113
RipVIS-066_00115.jpg,0.5913349466518658,0.322599702814161,0.48782666762702215,0.9913080153119889,0.3235148026001142,0.7016439486957177,0.004956990814264909,0.8688124075433746,0.92594052120408
RipVIS-066_00120.jpg,0.5937948658765606,0.2536165097141039,0.40461577802918836,0.2766655009576752,0.7527354899796727,0.31672872127472174,0.005249854169696703,0.9354220599101616,0.6344182432655298
RipVIS-066_00125.jpg,0.4598707932686993,0.0,0.0,0.0,0.0,0.0,0.0,0.9197415865373986,0.4999999999993717
RipVIS-066_00130.jpg,0.6684188305300461,0.40835164393734913,0.5799001203928225,0.6544460524094798,0.5206001611619412,0.6224402717326474,0.005954198472373404,0.9318498058421183,0.8038887797311483
RipVIS-066_00135.jpg,0.47654162385477244,0.032468541245463466,0.06289497441984386,0.03672699969588435,0.21876486818738558,0.044059533072438546,0.002557544756379145,0.9208256286971607,0.513249401255478
RipVIS-066_00140.jpg,0.6467997804494566,0.393085230126655,0.5643376609353857,0.8391380967504143,0.42511971430545314,0.7023384912440667,0.00768517291537231,0.9065366124249878,0.8754573726154783
RipVIS-066_00145.jpg,0.459669124444735,0.0,0.0,0.0,0.0,0.0,0.0,0.91933824888947,0.4950660494658475
RipVIS-066_00150.jpg,0.4518219535867559,0.0,0.0,0.0,0.0,0.0,0.0,0.9036439071735118,0.4999999999993605
RipVIS-066_00155.jpg,0.46088087093142,0.0,0.0,0.0,0.0,0.0,0.0,0.92176174186284,0.4999999999993731
RipVIS-066_00160.jpg,0.4391237518486049,0.0,0.0,0.0,0.0,0.0,0.0,0.8782475036972098,0.499999999999342
RipVIS-066_00165.jpg,0.4446641549551074,0.0,0.0,0.0,0.0,0.0,0.0,0.8893283099102148,0.49999999999935024
RipVIS-066_00170.jpg,0.4426237749625062,0.0,0.0,0.0,0.0,0.0,0.0,0.8852475499250124,0.49999999999934724
RipVIS-066_00175.jpg,0.4666847725586322,0.0,0.0,0.0,0.0,0.0,0.0,0.9333695451172644,0.4999999999993809
RipVIS-066_00180.jpg,0.45387735761781867,0.0,0.0,0.0,0.0,0.0,0.0,0.9077547152356373,0.49999999999936345
RipVIS-066_00185.jpg,0.4666824611680997,0.0,0.0,0.0,0.0,0.0,0.0,0.9333649223361994,0.4999999999993809
RipVIS-066_00190.jpg,0.4449605907909059,0.0,0.0,0.0,0.0,0.0,0.0,0.8899211815818118,0.4999999999993507
RipVIS-066_00195.jpg,0.46095194619029567,0.0,0.0,0.0,0.0,0.0,0.0,0.9219038923805913,0.4999999999993732
RipVIS-066_00200.jpg,0.44372168546546353,0.0,0.0,0.0,0.0,0.0,0.0,0.8874433709309271,0.49999999999934885
RipVIS-066_00205.jpg,0.4867791633373858,0.0804723398270314,0.14895770462742972,0.11811568592628092,0.20159851207174206,0.12878148089872488,0.0032130032123959544,0.8940770617593218,0.5391386584413864
RipVIS-066_00210.jpg,0.4947976310434289,0.24431761252428139,0.3926933285604584,0.9146060235480857,0.2500208866566536,0.5971479985923209,0.009267840591914756,0.7646588387565127,0.8328292970441369
RipVIS-066_00215.jpg,0.46621880871382193,0.21818399084921836,0.3582118834070678,0.9306643753687318,0.22178916753933312,0.5677436664664764,0.011543624159524346,0.7353573409754816,0.8245933857045372
RipVIS-066_00220.jpg,0.4536048893287433,0.20762279934429975,0.3438537256120574,0.8886089844504531,0.21317087498535386,0.5439222773735707,0.01140684410506478,0.7215086445997578,0.7975839196910885
RipVIS-066_00225.jpg,0.4860531104991598,0.25104679176054073,0.4013387723208244,0.9294840387325284,0.25592102304674236,0.6089452882584655,0.013311536663555402,0.7449103180464763,0.8278474018301865
RipVIS-066_00230.jpg,0.493648369658498,0.2550176059419442,0.4063968580752182,0.9223551221377121,0.26061234447332704,0.6117075027452354,0.004556901306564708,0.7547545303245715,0.8301637585652211
RipVIS-066_00235.jpg,0.4970865991802328,0.25953289014437847,0.41210974667700595,0.9166967542620649,0.26580171906434835,0.6153319014867248,0.0025345330119712923,0.7572207840227935,0.8287995726707098
RipVIS-066_00240.jpg,0.6322871575380017,0.4287553182821208,0.600180188722082,0.9774100882285617,0.4330465485446369,0.7810463646775404,0.021559362075965833,0.8538311298067055,0.9078081701673936
RipVIS-066_00245.jpg,0.5539787880020326,0.30732282948227824,0.4701559898620959,0.9426629487499979,0.31317697569874053,0.6723700717531325,0.010960484567210774,0.8168361686381093,0.8738142551496648
RipVIS-066_00250.jpg,0.5276323255779335,0.2529049037280045,0.4037096558174348,0.7494820298799763,0.27625831152424846,0.5582338489648276,0.0033316880548702257,0.8147536057682891,0.7850977893396967
RipVIS-066_00255.jpg,0.5429665729630087,0.2626940164269581,0.4160849944791893,0.7290140925082265,0.29112126976750546,0.5604214447974218,0.0031416902288498756,0.8337116309161963,0.7859935631682918
RipVIS-066_00260.jpg,0.501793443636052,0.20968548579236318,0.3466776914414508,0.7475380334136348,0.22566625418653272,0.5111313660704113,0.012547819431897807,0.8045869545109045,0.7781882962744584
RipVIS-066_00265.jpg,0.5701989474428589,0.3217414163780185,0.4868447222599558,0.9490168928143311,0.32740040125954234,0.6878286700654329,0.021386685060126476,0.8330205251469662,0.8857371050201188
RipVIS-066_00270.jpg,0.6580907593083014,0.4518037248218514,0.622403314025512,0.9945239619421699,0.45293048779617046,0.8025850854775766,0.004960793726202465,0.8780128975581569,0.9297170341456056
RipVIS-066_00275.jpg,0.5509270055146517,0.2639400249881219,0.4176464385493328,0.6589992096743204,0.3056900843170182,0.5352690366306059,0.004101362237571208,0.8468172152357077,0.7614475041806295
RipVIS-066_00280.jpg,0.45940331453349276,0.0,0.0,0.0,0.0,0.0,0.0,0.9188066290669855,0.49999999999937106
RipVIS-066_00285.jpg,0.45239113350539434,0.0,0.0,0.0,0.0,0.0,0.0,0.9047822670107887,0.49999999999936134
RipVIS-066_00290.jpg,0.45641064164148437,0.0,0.0,0.0,0.0,0.0,0.0,0.9128212832829687,0.49999999999936695
RipVIS-066_00295.jpg,0.48925682407667115,0.07244027499859236,0.13509428298687765,0.0870472190743093,0.30152653489488795,0.10148466214192069,0.0064343163521623815,0.9067573502208456,0.5343193527254109
RipVIS-066_00300.jpg,0.6003409102315427,0.34666035054283356,0.5148445194856982,0.8897328069445913,0.36222237750624703,0.6890405738921603,0.0036308623292540297,0.8645155325433795,0.8760158839638026
RipVIS-066_00305.jpg,0.5787788040964501,0.3385898701690523,0.5058903816839602,0.9890299452711648,0.3398662541895603,0.7156453563209424,0.011336154774586433,0.8343218380167873,0.9044201905781748
RipVIS-066_00310.jpg,0.5822797469137713,0.3390012452214493,0.5063494099520183,0.9999999999859265,0.3390012452214493,0.719440850024604,0.0,0.8398830436380826,0.9127791242960099
RipVIS-066_00315.jpg,0.5726644699181639,0.320824534551016,0.48579432946416756,0.9947140797544043,0.32137243105667984,0.7009761177098061,0.0021995286720817705,0.837939164200215,0.9097909314588806
RipVIS-066_00320.jpg,0.5891364569859894,0.357620567358114,0.5268343393677839,0.927818856146467,0.36785490170195534,0.7112730130789263,0.0009168704155078131,0.8369337093185594,0.8774478040773565
RipVIS-066_00325.jpg,0.5951068722891516,0.3575602966193271,0.5267689361713713,0.9819395053211607,0.3599273554536626,0.729723630475278,0.007059596124271942,0.8469119822475419,0.9080109030538142
RipVIS-066_00330.jpg,0.6284734863356701,0.4214275959374451,0.5929638585066439,0.9313473978517758,0.4349388759928073,0.7582620461894823,0.0035541654814395555,0.8531169101321502,0.8871556262743644
RipVIS-066_00335.jpg,0.6251172795708645,0.4178608524376774,0.5894243454416055,0.9349289228167796,0.43037757781293673,0.7573530011001997,0.0010014306150212546,0.8503767566558219,0.8871660860727701
RipVIS-066_00340.jpg,0.595492695321285,0.35785774351272387,0.5270916562834633,0.9706770386845451,0.36176862257381087,0.7262129524959409,0.007799805003607441,0.8473257211528669,0.9030758884728308
RipVIS-066_00345.jpg,0.5538899924072858,0.2913559988854758,0.45124040022570844,0.9442103462605661,0.2964595721398964,0.6570746570984622,0.006029684600180939,0.829307276256438,0.8821457865383135
RipVIS-066_00350.jpg,0.5947493410148487,0.3600667186205779,0.5294839050039675,0.9786879528683603,0.3629122642305379,0.7307173028333366,0.003885816768213149,0.8443682969664797,0.9049284909216512
RipVIS-066_00355.jpg,0.6407529341589473,0.4306916843742512,0.6020747713545633,0.9827754196841477,0.43396748940248564,0.7843843575418994,0.008427367517722129,0.8659439718924904,0.9176379530795087
RipVIS-066_00360.jpg,0.5946841033885326,0.35849789855317665,0.5277857241221837,0.9377164800846128,0.36724252328229795,0.7154429041690843,0.0041419301388731285,0.8454754530315672,0.8869179042966839
RipVIS-066_00365.jpg,0.5691106183643728,0.30943083717973585,0.47261883315073105,0.9496457177919032,0.31459246521008416,0.6765155788092202,0.006315465186950791,0.8409890440079038,0.8909106194032033
RipVIS-066_00370.jpg,0.6536318487049747,0.44485802293145826,0.6157809499218341,0.9806452349049878,0.44879850001593574,0.7927550431106855,0.007643686607725461,0.8760701738155555,0.9224658741486911
RipVIS-066_00375.jpg,0.6109612309702868,0.38010612187929077,0.5508360782599823,0.9295547050491519,0.391380192345041,0.7290546979226225,0.014157203950131661,0.8558027459309636,0.8888023852517716
RipVIS-066_00380.jpg,0.5797042559654206,0.33347925435798687,0.5001641431887784,0.9754731583624081,0.336299070496884,0.706801905414444,0.014654251257112769,0.8398749537712187,0.9016075083371455
RipVIS-066_00385.jpg,0.6055843271900408,0.3739741858076859,0.5443685764559637,0.9759868672090812,0.3774471687137541,0.740982992027392,0.019369369366461053,0.8516249075433945,0.9075947291456254
RipVIS-066_00390.jpg,0.5641704445555884,0.30976868031139115,0.4730128074794782,0.9316049876890179,0.31697740497675797,0.671279314182088,0.0015795293000190286,0.8322323409753696,0.8775499301863219
RipVIS-066_00395.jpg,0.5831852151585208,0.33669427791684986,0.5037715556642702,0.9822679353345659,0.33875324087345576,0.7118238262908372,0.01814095360119747,0.843229937129203,0.9066205046941793
RipVIS-066_00400.jpg,0.570723418350946,0.31856741194215643,0.4832023134455131,0.9603210310006776,0.3228165523416491,0.6884199706192023,0.017200568089442862,0.836424047706134,0.893012719920591
RipVIS-066_00405.jpg,0.567713861738837,0.3116386769673062,0.4751898254294526,0.9426266975192407,0.3176641291153144,0.6764581393380175,0.011321392360371512,0.8368077385345358,0.8852176023840435
RipVIS-066_00410.jpg,0.7620336287626448,0.5659607783641328,0.7228288041228705,0.604249524751537,0.8993117563075764,0.6466846930559924,0.0074965924562706504,0.9602764423065825,0.7989532571299587
RipVIS-066_00415.jpg,0.7166273178488064,0.5173710006179437,0.681930787404328,0.965387935672745,0.527149254606924,0.8277586557856363,0.014072708994124189,0.922841161241537,0.9421210759223095
RipVIS-066_00420.jpg,0.7510657962205548,0.5706668562446036,0.7266555017389789,0.939220988573036,0.5925491514809624,0.840834654357284,0.01416743330006119,0.9371868065817571,0.9381046632083223
RipVIS-066_00425.jpg,0.7703516792975251,0.588887600529279,0.741257720600391,0.7189221186915258,0.7650256761278327,0.7276928647907945,0.017095866691820845,0.9549267289190148,0.8485674521574815
RipVIS-066_00430.jpg,0.455602810650361,0.0,0.0,0.0,0.0,0.0,0.0,0.911205621300722,0.49999999999936584
RipVIS-066_00435.jpg,0.44983011279533813,0.0,0.0,0.0,0.0,0.0,0.0,0.8996602255906763,0.4999999999993577
RipVIS-066_00440.jpg,0.6381469703606317,0.34692565244964496,0.5151370483124937,0.3616109088766209,0.8952081247061877,0.41055379892152877,0.006446621968425317,0.9319226146438934,0.6784535934305381
RipVIS-066_00445.jpg,0.44965155787669925,0.0,0.0,0.0,0.0,0.0,0.0,0.8993031157533985,0.49999999999935746
RipVIS-066_00450.jpg,0.7666899315563338,0.5815721290702387,0.7354354801536979,0.6096383919484453,0.9266461958217904,0.6544136781132839,0.006435540791688698,0.9548331176024468,0.8020492127996193
RipVIS-066_00455.jpg,0.5722104884300042,0.2143858442629287,0.35307698171177243,0.21796888655536328,0.9287842327873963,0.25736157944536525,0.002850627137157746,0.9313459227060242,0.6081986366019294
RipVIS-066_00460.jpg,0.8022846777561129,0.6442002957883151,0.7836031868361292,0.6954167867005736,0.8974037240001022,0.7281971993865802,0.015728155336751815,0.9630223742592421,0.8434736086503781
RipVIS-066_00465.jpg,0.683353690375474,0.48200148334407317,0.6504736854331041,0.9886785777346698,0.48467662208991863,0.8184597901790683,0.0013464991021324806,0.8958764792889055,0.9372363336530222
RipVIS-066_00470.jpg,0.6659717420213356,0.4626460933387111,0.6326152244835268,0.99669749008112,0.46335639826741193,0.8101863423033131,0.009843400445959223,0.8825177977060806,0.9331595668358816
RipVIS-066_00475.jpg,0.7402944507325309,0.5677388443442825,0.7242773200299737,0.9910011373916569,0.5706809308501317,0.8637644817665812,0.009438909279944256,0.9218010355018933,0.9524004993297658
RipVIS-066_00480.jpg,0.4519271218559866,0.0,0.0,0.0,0.0,0.0,0.0,0.9038542437119732,0.4999999999993607
RipVIS-066_00485.jpg,0.45991933246988265,0.0,0.0,0.0,0.0,0.0,0.0,0.9198386649397653,0.4999999999993718
RipVIS-066_00490.jpg,0.44812083949652354,0.0,0.0,0.0,0.0,0.0,0.0,0.8962416789930471,0.49999999999935524
RipVIS-066_00495.jpg,0.4542257997405993,0.0,0.0,0.0,0.0,0.0,0.0,0.9084515994811986,0.4999999999993639
RipVIS-066_00500.jpg,0.45138683431900495,0.0,0.0,0.0,0.0,0.0,0.0,0.9027736686380099,0.4999999999993599
RipVIS-066_00505.jpg,0.4436072716341027,0.0,0.0,0.0,0.0,0.0,0.0,0.8872145432682054,0.4999999999993487
RipVIS-066_00510.jpg,0.4476724297332104,0.0,0.0,0.0,0.0,0.0,0.0,0.8953448594664208,0.4999999999993546
RipVIS-066_00515.jpg,0.45212994637521714,0.0,0.0,0.0,0.0,0.0,0.0,0.9042598927504343,0.49999999999936096
RipVIS-066_00520.jpg,0.4466086122406081,0.0,0.0,0.0,0.0,0.0,0.0,0.8932172244812162,0.4999999999993531
RipVIS-066_00525.jpg,0.4476348696370566,0.0,0.0,0.0,0.0,0.0,0.0,0.8952697392741132,0.49999999999935457
RipVIS-066_00530.jpg,0.44825201090924527,0.0,0.0,0.0,0.0,0.0,0.0,0.8965040218184905,0.49999999999935546
RipVIS-066_00535.jpg,0.44609721708528327,0.0,0.0,0.0,0.0,0.0,0.0,0.8921944341705665,0.49999999999935235
RipVIS-066_00540.jpg,0.44567827755126005,0.0,0.0,0.0,0.0,0.0,0.0,0.8913565551025201,0.49999999999935174
RipVIS-066_00545.jpg,0.44559622318735487,0.0,0.0,0.0,0.0,0.0,0.0,0.8911924463747097,0.4999999999993516
RipVIS-066_00550.jpg,0.4462243435645731,0.0,0.0,0.0,0.0,0.0,0.0,0.8924486871291462,0.4999999999993525
RipVIS-066_00555.jpg,0.4441666281429778,0.0,0.0,0.0,0.0,0.0,0.0,0.8883332562859556,0.4999999999993495
RipVIS-066_00560.jpg,0.4446716669743382,0.0,0.0,0.0,0.0,0.0,0.0,0.8893433339486764,0.49999999999935024
RipVIS-066_00565.jpg,0.44820404955569504,0.0,0.0,0.0,0.0,0.0,0.0,0.8964080991113901,0.49999999999935535
RipVIS-066_00570.jpg,0.4472858496666428,0.0,0.0,0.0,0.0,0.0,0.0,0.8945716993332856,0.49999999999935407
RipVIS-066_00575.jpg,0.45454766087225573,0.0,0.0,0.0,0.0,0.0,0.0,0.9090953217445115,0.49999999999936434
RipVIS-066_00580.jpg,0.45227094119770217,0.0,0.0,0.0,0.0,0.0,0.0,0.9045418823954043,0.4999999999993612
RipVIS-066_00585.jpg,0.44953541050243906,0.0,0.0,0.0,0.0,0.0,0.0,0.8990708210048781,0.4999999999993573
RipVIS-066_00590.jpg,0.4467842779210813,0.0,0.0,0.0,0.0,0.0,0.0,0.8935685558421625,0.4999999999993533
RipVIS-066_00595.jpg,0.4571433524403001,0.0,0.0,0.0,0.0,0.0,0.0,0.9142867048806002,0.49999999999936795
RipVIS-066_00600.jpg,0.4511978781429697,0.0,0.0,0.0,0.0,0.0,0.0,0.9023957562859394,0.4999999999993596
RipVIS-066_00605.jpg,0.45842212925242876,0.0,0.0,0.0,0.0,0.0,0.0,0.9168442585048575,0.4999999999993697
RipVIS-067_00000.jpg,0.5980551083840169,0.23352741496226587,0.37863352225440333,0.2553526216106941,0.7320648343388255,0.29358897543439183,0.0928804451942275,0.9630045572906217,0.6255183371431853
RipVIS-067_00006.jpg,0.5834627803842504,0.21373327180039256,0.35219150165233765,0.23196041507608556,0.7311821166499632,0.2686443194684188,0.05996026728192879,0.9537803819434095,0.613538376686313
RipVIS-067_00012.jpg,0.5686237138813808,0.2048872912233167,0.3400937045577027,0.22267354940308212,0.7195005240523401,0.2583529427166005,0.06070549630014964,0.9335188802073204,0.607719157168061
RipVIS-067_00018.jpg,0.8264459971732359,0.6632634719537238,0.7975446862602386,0.8828596037475902,0.7272655603008685,0.846633199034517,0.09719179444389726,0.9898361545128148,0.9375889088808893
RipVIS-067_00024.jpg,0.8371523496189595,0.6862025427757523,0.8139028679747522,0.8730899988465988,0.7622309197403055,0.8484113615241635,0.07385264637350929,0.9884038628461497,0.9324716136624971
RipVIS-067_00030.jpg,0.8369289201662633,0.6861843971436543,0.8138901039601957,0.887698179650334,0.7514134824246221,0.8566247821960307,0.055385660880838315,0.9879969618044835,0.9393754597550207
RipVIS-067_00036.jpg,0.8545086257040616,0.7210651745746279,0.837928958446148,0.914935577145841,0.7728787205471769,0.8824946738358527,0.09600134973915954,0.9883159722211499,0.9528783472050029
RipVIS-067_00042.jpg,0.8548693219806822,0.7230794331362326,0.8392874051315584,0.8689915966143139,0.811546812441166,0.8568611312124711,0.08318113895348146,0.9871082899294845,0.9304298766450101
RipVIS-067_00048.jpg,0.8610107477588743,0.7359490532817039,0.8478924561644686,0.898320116838003,0.8028254382505868,0.8774459845087648,0.0694358338392071,0.9865928819433739,0.9443721354418448
RipVIS-067_00054.jpg,0.7528178506275731,0.5400813988462454,0.701367342337682,0.8460612071208543,0.5989368281941302,0.7815656180059595,0.045236552165231814,0.9668934461795065,0.9093871884752338
RipVIS-067_00060.jpg,0.7824606757678081,0.5953149998400804,0.7463290947552762,0.890459204386814,0.6423569264740179,0.8266059737276698,0.06191559261284867,0.970907118054502,0.9327140147011438
RipVIS-067_00066.jpg,0.7431118496611654,0.527105943484638,0.6903331700508707,0.8822650792759683,0.566988043639037,0.7939670679396706,0.0648522741124369,0.9608995225684018,0.9236254569024134
RipVIS-067_00072.jpg,0.7381387929976149,0.5206279349873304,0.6847538743810703,0.9277530723361355,0.5426276137691853,0.8124299811236783,0.09443224388393848,0.9576877170128497,0.9435003964062778
RipVIS-067_00078.jpg,0.7224077556609336,0.49340663245982486,0.660780020304481,0.9122872351877963,0.5179790793353403,0.7917450902108405,0.057762643453428845,0.9536046006934097,0.9340225172121669
RipVIS-067_00084.jpg,0.8525570870458645,0.7250098650347248,0.8405863406701506,0.9007353661947105,0.787967680497007,0.8756715330971926,0.09240150092363954,0.9810959201378243,0.9432691711424586
RipVIS-067_00090.jpg,0.837362377611236,0.6983707553403258,0.8224008251960081,0.9137219696505764,0.7476750910309674,0.8748632940376083,0.05451807228094607,0.9775813802072726,0.9475747758574118
RipVIS-067_00096.jpg,0.8571878064390959,0.7363542170237432,0.8481612908291444,0.9149600892470181,0.7904524625055175,0.8870165185005209,0.07224606579796193,0.9792925347211596,0.9492967575245025
RipVIS-067_00102.jpg,0.8994990375498887,0.8145584659480748,0.8978034946065871,0.9135999504018841,0.8825440066925737,0.9072151306638437,0.06772354330861861,0.9854351128461529,0.9522221320313088
RipVIS-067_00108.jpg,0.8875443350868468,0.7944751517751175,0.8854679887756736,0.9211997820531472,0.8524046434381108,0.906566504589978,0.09689294653263246,0.9819650607628234,0.9540700161882874
RipVIS-067_00114.jpg,0.8930296479940935,0.806219690023782,0.8927149830961777,0.9182900920502378,0.8685258478856662,0.907886194386099,0.114558111362809,0.9813997395822684,0.9527488188269417
RipVIS-067_00120.jpg,0.8778231811768823,0.7842737203143065,0.8790957479059364,0.9119576741697867,0.848519773782283,0.8985224242750198,0.09700598801104378,0.9740711805544986,0.94659467392608
RipVIS-067_00126.jpg,0.9033439269996253,0.8324552327828695,0.908568152596728,0.8890305471901591,0.928983782431311,0.8967438829924042,0.10178315760747322,0.9771571180544952,0.9395423027730405
RipVIS-067_00132.jpg,0.8795256584897156,0.7974755223061539,0.8873283807314338,0.9289242380011894,0.8492980659940724,0.9118265289836087,0.027543224766029027,0.966625434026729,0.9508811590117087
RipVIS-067_00138.jpg,0.8170284084493604,0.7087847833004718,0.8295775924823875,0.7633372085472059,0.9084067253744857,0.7885220763942093,0.03238199780164819,0.9367719184017613,0.8719513426108636
RipVIS-072_00000.jpg,0.6448944486032784,0.33542922720779367,0.5023541800251473,0.8333132553976101,0.3595536766172369,0.6595138818265026,0.031639848123008525,0.95538736979063,0.8960454290436524
RipVIS-072_00006.jpg,0.6424476122303822,0.330981150308829,0.49734911757695616,0.8249608480574645,0.3559806622592577,0.6529242386682176,0.023657061539726597,0.9549414062489638,0.8917560321767697
RipVIS-072_00012.jpg,0.6149696937883171,0.27966481878617516,0.437090736074859,0.7225050705442069,0.3133189732487288,0.5728735903797934,0.03476519839192479,0.95121636284619,0.8399391564533525
RipVIS-072_00018.jpg,0.6288530856450576,0.3050616039741058,0.4675052933059223,0.8150078165357387,0.32775662742608086,0.62822177889057,0.029942279936879097,0.9536089409711875,0.8860843670397001
RipVIS-072_00024.jpg,0.6347182945885933,0.3144168931297467,0.4784127391745421,0.9398556939835584,0.32087302543761737,0.6781987518841889,0.03174603174017238,0.9559288194434072,0.9480688812334874
RipVIS-072_00030.jpg,0.631444121469867,0.3105614951783134,0.4739365475346257,0.9945077506932293,0.3110950545871693,0.6909377496291225,0.0021516944590009514,0.9533289930545211,0.9734737268511005
RipVIS-072_00036.jpg,0.635921598984238,0.31770215010688396,0.4822063166264302,0.9885588219697009,0.31887463797569093,0.6961535960228052,0.009972299167133462,0.9550998263878525,0.9714678660379791
RipVIS-072_00042.jpg,0.6434276616430585,0.3288829156956112,0.49497651269518445,0.9538414195838629,0.33420187244453264,0.6958193967420178,0.0034876961822345094,0.9588205295128485,0.9563847836987851
RipVIS-072_00048.jpg,0.6418467853432169,0.3247341974889904,0.4902631759707241,0.9169279802129785,0.3345775810261371,0.6801577133095391,0.004570747216897705,0.9597536892350697,0.9388025602059515
RipVIS-072_00054.jpg,0.6283641867231452,0.30056967494487435,0.46221233777054543,0.9238358540183317,0.3082070387328063,0.6601230225747974,0.005246166262056867,0.9569694010406283,0.9407410057118011
RipVIS-072_00060.jpg,0.6127902523277258,0.2738558181228794,0.42996360220174085,0.910341398690181,0.2814469436853094,0.6291663803175039,0.0037939297117024896,0.9525878906239663,0.9318878586520545
RipVIS-079_00000.jpg,0.8023898700279692,0.6625093574721217,0.7969992523584712,0.8048353609292813,0.7893142616677382,0.8016824992052396,0.025702106315734437,0.9481467013878601,0.8868656968408242
RipVIS-079_00006.jpg,0.8022876373156953,0.6567475895805978,0.7928155063703483,0.83636799951169,0.7535743565189454,0.8183851456726733,0.023945120369667987,0.9525629340267442,0.9015375986958463
RipVIS-079_00012.jpg,0.7619907842003084,0.5922010336796136,0.7438772129308612,0.6823192167371759,0.8176440481031355,0.7056779761803632,0.0073228248718725545,0.9379296874989823,0.8295780907872249
RipVIS-079_00018.jpg,0.728590701373667,0.5339733486134548,0.6961963831980637,0.611529562344217,0.8080751132900225,0.6427987428977517,0.008621798995158692,0.9294184027767692,0.7946971851818907
RipVIS-079_00024.jpg,0.7446509606867198,0.556561472098953,0.7151165978025332,0.5942335089239453,0.8977413501733374,0.6373269277578294,0.018238814474460126,0.9379763454850933,0.7920147900926947
RipVIS-079_00030.jpg,0.8147464396327184,0.6735490435074375,0.8049349328846772,0.6959011862300891,0.9544833072195978,0.7357669828494778,0.011906490487598882,0.959614800346181,0.8456935851107429
RipVIS-079_00036.jpg,0.8057899981725785,0.6573463652533861,0.7932516449606315,0.6666487421408451,0.9792135644856153,0.7121098110396934,0.0077760497655091675,0.9579275173600716,0.8323497049809025
RipVIS-079_00042.jpg,0.7737745777444551,0.6038344486686085,0.7529885009888267,0.6054259440892843,0.9956654907294055,0.6569204121032785,0.012682010331504304,0.9481618923600823,0.8025151748927966
RipVIS-079_00048.jpg,0.7546931155177223,0.5723857592313215,0.7280474983583402,0.574569912294379,0.9934025419480049,0.6274808839519748,0.009743272500812979,0.9418999565962002,0.7869862831082043
RipVIS-079_00054.jpg,0.7391842815322331,0.5453431372505623,0.7057890563008857,0.546356163942356,0.9966115498015414,0.6006271834415158,0.006421036537773882,0.9380056423600933,0.7730317562532716
RipVIS-079_00060.jpg,0.8291632300969479,0.6999098054314314,0.8234669900663307,0.7310573774103355,0.9426191577864113,0.76541539848946,0.009385540400442068,0.9620930989572893,0.8624675082985777
RipVIS-079_00066.jpg,0.8324357452252307,0.7037565468601792,0.8261233662252025,0.7092001091936555,0.9892110072985733,0.7517594493232294,0.009247448978117434,0.964403211804509,0.8540764685864306
RipVIS-079_00072.jpg,0.831604733544314,0.6980068574613326,0.8221484552835238,0.7854125404894686,0.8624894710928368,0.799705785671156,0.018458933104410002,0.9677929687489498,0.8861506892499337
RipVIS-079_00078.jpg,0.8600319253017495,0.7507439258024216,0.8576284797999019,0.8356343523470863,0.8808116872012293,0.8442952293279905,0.021615472123904522,0.9719151475683898,0.9114493757895149
RipVIS-079_00084.jpg,0.8666187495536928,0.7630016757958834,0.8655711293654177,0.8217330124722476,0.9143502235027532,0.8387243821108766,0.02093655105946355,0.972838541665611,0.9062831769498149
RipVIS-079_00090.jpg,0.8703718045425548,0.7699037702442403,0.8699950620908574,0.8389518094410987,0.9034239400021677,0.8510994159579972,0.012181958363580268,0.9734320746517215,0.9141612360402054
RipVIS-079_00096.jpg,0.8700701639563877,0.7703158679705477,0.8702581069372906,0.8323947676108108,0.9117301957984464,0.8471377332711877,0.023312883432007225,0.9725976562489447,0.9111964629035136
RipVIS-079_00102.jpg,0.854163790773625,0.7436358425115851,0.8529715028574197,0.7882090843740154,0.929328890374257,0.8128969779828534,0.029857331956191006,0.967972005207283,0.8901001090802958
RipVIS-079_00108.jpg,0.8743515781168634,0.7778698677476605,0.8750582726655068,0.826954172669885,0.929104477601833,0.8455468873752574,0.018441035174579103,0.9735362413183881,0.9094951525943982
RipVIS-079_00114.jpg,0.8713647424638296,0.7725031951727908,0.8716522455661739,0.8387934537946058,0.9071904113456996,0.851635135434342,0.017757875228882353,0.9729600694433888,0.9141226799353237
RipVIS-079_00120.jpg,0.8502159189675723,0.7370945598014665,0.8486521998960257,0.7978989215876249,0.9063007743990811,0.8174539128845986,0.007989347535435811,0.9667545572906177,0.8934939056608304
RipVIS-079_00126.jpg,0.829936690798886,0.7010596861472069,0.8242623017362347,0.7540640966023775,0.9088720693182607,0.7806579549694758,0.00917159763177935,0.9624414062489557,0.872032355444754
RipVIS-079_00132.jpg,0.8208606057716343,0.6918291288609197,0.8178475202477649,0.7003141298250468,0.982788441246754,0.7430264525964624,0.006357103371150206,0.9549587673600749,0.8491222331861819
RipVIS-079_00138.jpg,0.8433992408145421,0.7295031079647623,0.8435984932380075,0.7410732360532175,0.9790466589761043,0.7789400803991148,0.015421281366126274,0.9617057291656231,0.8692525236497712
RipVIS-079_00144.jpg,0.8490840365001705,0.7386295292415107,0.849668680784161,0.7718980336396577,0.9448663122882293,0.8012329528509069,0.011688668865279335,0.9636903211795099,0.8824963350778745
RipVIS-079_00150.jpg,0.8377699464336577,0.7189538912939862,0.8365016594514648,0.7658879281612414,0.9214587938651291,0.7926528111679197,0.011911281487963953,0.9609255642350685,0.8780445481163428
RipVIS-079_00156.jpg,0.8370416997132251,0.7180108734319636,0.8358630140653741,0.7454090821320399,0.9513015996700976,0.779135102973136,0.017361111108699846,0.9604915364572911,0.8697279623372097
RipVIS-079_00162.jpg,0.8331553436134969,0.7114608057649929,0.8314076528874786,0.7432375861342884,0.9433125574645621,0.7761621161729445,0.018799102129798104,0.9593728298600701,0.8681399171422491
RipVIS-079_00168.jpg,0.8237894587391619,0.699230720230577,0.8229967972044373,0.7113687090452058,0.9761789493348071,0.7521776930537644,0.01857801368646766,0.9538856336795205,0.8541441927762365
RipVIS-079_00174.jpg,0.8136532796327594,0.6821037376752087,0.81101268892955,0.6877305226076169,0.9881474083183369,0.7322545758830797,0.013545929164167358,0.9509678819434125,0.8431203367820215
RipVIS-079_00180.jpg,0.7699003881198716,0.6108166340571907,0.7583937502789708,0.6215214730485848,0.9725756379797678,0.6698805625260033,0.009568694657302385,0.9361056857628731,0.8090748824308908
RipVIS-079_00186.jpg,0.7650537151394632,0.6034610920527675,0.7526981415934582,0.6225439086201321,0.9516601713030298,0.6688028351204593,0.009629000281842395,0.9340125868045421,0.808230964011353
RipVIS-079_00192.jpg,0.7657573603754125,0.6032824183679496,0.7525591392464178,0.6331462164646562,0.9274850930121048,0.6760556870147627,0.006954300311246906,0.9352940538184296,0.8120187423356056
RipVIS-079_00198.jpg,0.7810122409646294,0.6279881121549228,0.7714898007746166,0.6515940556285786,0.9454575240260737,0.6947840782034632,0.0031563845045686676,0.9406456163184238,0.8223817850730468
RipVIS-079_00204.jpg,0.7885617540123172,0.6377638129626123,0.7788226945971378,0.660311353402009,0.9491795052374025,0.7031073289940922,0.010995370368779605,0.9452094184017521,0.8271313883611647
RipVIS-079_00210.jpg,0.8185934122549647,0.6890802597955152,0.8159236434140047,0.7031273114537181,0.9718246503540134,0.7442843720638898,0.01468097120063792,0.9534592013878543,0.8498113757276496
RipVIS-079_00216.jpg,0.8523204226374627,0.7441683828019625,0.853321720700469,0.7864566955132615,0.9326130475650356,0.8119045503629082,0.04277835742394122,0.9645486111100645,0.8889405354581639
RipVIS-079_00222.jpg,0.8364775900187966,0.7178643859181495,0.8357637445687791,0.7564350888365902,0.933680425194783,0.7862881084624831,0.022219097170268723,0.9596961805545142,0.874004329244324
RipVIS-079_00228.jpg,0.8405359626684041,0.7251439017334294,0.8406764224187939,0.7306521341964725,0.9897107037446676,0.7710150514834626,0.015624999997820173,0.9605186631934022,0.8646945941838693
RipVIS-079_00234.jpg,0.7998551591692908,0.6572279857798239,0.7931654442470197,0.667566069652678,0.9769794768249718,0.7127096857574847,0.035985109604855216,0.94819552951286,0.8324082247623741
RipVIS-079_00240.jpg,0.8300897838866972,0.7079496669081573,0.8290053045763747,0.7120236437893199,0.9919827416224113,0.7546175391534182,0.008817856157506495,0.9571874999989614,0.8555208867292224
RipVIS-079_00246.jpg,0.8102742734630954,0.6763542332697902,0.806934739503758,0.6907702575609053,0.9700677255404936,0.7329773559388116,0.014540214826494601,0.9500227864573025,0.843486775681026
RipVIS-079_00252.jpg,0.8131555425483918,0.6793724426111801,0.8090789456505011,0.7225001745225879,0.9192325911799382,0.7548087208510804,0.027949034110433067,0.9523014322906334,0.8560878593278695
RipVIS-079_00258.jpg,0.8166018512999464,0.6854285111072538,0.813358153834667,0.7310801052795488,0.9165044385520509,0.7619095399315109,0.016723317468834355,0.953110894096188,0.860130160950505
RipVIS-079_00264.jpg,0.8568301778663906,0.7515218374689361,0.8581358466588511,0.8228776515705433,0.8965507446632972,0.8366274436349307,0.023819301844788594,0.9660286458322851,0.9046653389702075
RipVIS-079_00270.jpg,0.725034224519806,0.5449333997951279,0.7054458138679519,0.7548334778498665,0.6621239972626921,0.7342711960248618,0.020555810746376225,0.9148122829851185,0.8473220901435866
RipVIS-079_00276.jpg,0.7434819725992485,0.570287738483809,0.7263480755882997,0.749352844619429,0.704713706451552,0.7399782598878804,0.025176934676276026,0.9249728732628852,0.8506187153462675
RipVIS-079_00282.jpg,0.7463115687751797,0.5766735898322197,0.7315066270547297,0.7468231619241122,0.7168057174816649,0.740620218587784,0.00734312416473708,0.9245844184017745,0.8498805558149776
RipVIS-079_00288.jpg,0.7916826096655645,0.6439567591996777,0.78342298919489,0.7429882130085955,0.8285121333961833,0.7586506949561089,0.021776364078569078,0.9453927951378631,0.8597057266926011
RipVIS-079_00294.jpg,0.8240098920653411,0.6958123927379887,0.8206242573974338,0.8152213914422065,0.8260992159427144,0.8173739780912851,0.02001559656615342,0.956917317707295,0.8958116261183945
RipVIS-079_00300.jpg,0.8136352772356632,0.6790893974253847,0.8088781913180557,0.7744415248622462,0.8465199286060519,0.787858235347041,0.02117093570031744,0.9533018663184101,0.8769521440298363
RipVIS-079_00306.jpg,0.8052518982219601,0.6603424640813386,0.7954292302542579,0.8245118295168479,0.768328362709348,0.8126272709123578,0.014517506402715982,0.9545638020822975,0.8973403272488414
RipVIS-079_00312.jpg,0.8264541274183235,0.6980590771344698,0.8221846772404023,0.8076024476097942,0.8373031893338976,0.8133728248243612,0.015078236128722868,0.9591167534711815,0.8934010959993455
RipVIS-079_00318.jpg,0.8472893598282625,0.7327503734350486,0.8457656505736894,0.7990044014897466,0.8983404837505444,0.8170743803818304,0.014697569246085701,0.9654448784711747,0.8934202304838135
RipVIS-079_00324.jpg,0.8288833468130604,0.7002089195095429,0.8236739749742417,0.7722947986474246,0.8823766706559266,0.7920576021101461,0.025556223688280783,0.9613856336795124,0.8793412851228986
RipVIS-079_00330.jpg,0.8495120028716016,0.7363444755691487,0.8481548286411146,0.7728411513790615,0.9397320946209384,0.8013024815312909,0.005971931919084513,0.966202256943396,0.8829726621123324
RipVIS-079_00336.jpg,0.841906862212254,0.7231937820112281,0.8393644284941086,0.7639892298191288,0.93124065768797,0.792454291055094,0.006748650268933915,0.9642936197906203,0.8780715776326812
RipVIS-079_00342.jpg,0.8557599273535044,0.7483894823274578,0.8560901216715179,0.7680417587171501,0.9669402184773079,0.8009944823292063,0.019687910161923887,0.9667740885406176,0.882081934333335
RipVIS-079_00348.jpg,0.8412260673930697,0.7233957946103943,0.8395004755990266,0.7571412796905052,0.9419640498257236,0.7880665894563748,0.01818181817935118,0.9630164930545106,0.8751546603753432
RipVIS-079_00354.jpg,0.8321759420796258,0.7079113542154374,0.8289790362575701,0.7190397986721325,0.978605106296386,0.7593202322033781,0.025359835500293373,0.9606000434017354,0.8583162091868077
RipVIS-079_00360.jpg,0.8432828386920381,0.72940969620431,0.8435360317514242,0.7631650510224657,0.9428277817758088,0.7934027922137316,0.010167310166001633,0.9615917968739566,0.8779507131948366
RipVIS-079_00366.jpg,0.8296633567734064,0.7077849915138051,0.8288923898861699,0.7211131636916668,0.9745510187547863,0.7606768836197684,0.008990495760468726,0.9566319444434064,0.8589512007704079
RipVIS-079_00372.jpg,0.8559543533303633,0.7540460712111821,0.8597790942748813,0.8282157024403738,0.8938435714331047,0.8405588206218968,0.03152916447299932,0.9626833767350665,0.906225389413815
RipVIS-079_00378.jpg,0.8472970983444976,0.7405477325594539,0.8509364250189079,0.7989174722019204,0.9102012656748729,0.8189427252008197,0.017859453860766216,0.959374999998959,0.8927676482003951
RipVIS-079_00384.jpg,0.7882423401740835,0.6483352578867859,0.7866546017076291,0.6915132465155461,0.9121524428346774,0.7266677631845035,0.008783937941046779,0.9365538194434282,0.8389772942683473
RipVIS-079_00390.jpg,0.7732938125722636,0.6212692098592845,0.7663985796821573,0.7666468489834549,0.7661504711209836,0.7665475219680977,0.01416648363560658,0.933468967012876,0.8639029762140358
RipVIS-079_00396.jpg,0.7811252730006235,0.6332861679675924,0.7754748437692739,0.7908803179103671,0.760658065679966,0.784645257003229,0.014557670771046173,0.9367263454850947,0.8754935664187822
RipVIS-079_00402.jpg,0.8332042964843841,0.7159570373948434,0.8344696537179106,0.779178945919637,0.8982065889999017,0.8003920568591959,0.015494189676934375,0.955952690971185,0.8822528420646145
RipVIS-079_00408.jpg,0.8246385536666752,0.6984125806639091,0.8224298249026155,0.8350376486582616,0.8101970570449171,0.8299484152589286,0.020154043643112445,0.955884331596185,0.9038839836231798
RipVIS-079_00414.jpg,0.8479985162234076,0.7391547554153419,0.8500160817935012,0.8153181677885324,0.8877985820038562,0.828851759781055,0.014353469793515542,0.9615451388878455,0.8997109459322108
RipVIS-079_00420.jpg,0.8379331434206305,0.7210813154555363,0.8379398567402149,0.8230565747860479,0.8533713183500105,0.8289459888240885,0.016863406405906937,0.959517144096181,0.9012269485229332
RipVIS-079_00426.jpg,0.8437464783054751,0.7310936950234586,0.8446610338021608,0.8262749145475088,0.863884024121567,0.833532466025118,0.01911667765074269,0.9610199652767349,0.9035599886275445
RipVIS-079_00432.jpg,0.8390894117259715,0.723720758882124,0.839719258647758,0.7995620711203039,0.8841234552264685,0.815155060953851,0.021070997178758422,0.9593120659711813,0.8917221835296744
RipVIS-079_00438.jpg,0.842511867047092,0.728942501361061,0.8432235320575688,0.8062528469020974,0.8837477418513237,0.8206451460623768,0.03447332420869038,0.9607204861100687,0.8951312183259112
RipVIS-079_00444.jpg,0.8527772961293667,0.7464063926539768,0.8547911823887439,0.8031290848944674,0.913556645324453,0.8230259906447657,0.022607993537530884,0.9635329861100655,0.8957030612703609
RipVIS-079_00450.jpg,0.7865448953977883,0.6366207091528555,0.7779697587749356,0.7178811140350305,0.8490364715002618,0.7407671947905615,0.003976143140626091,0.942832031248977,0.8485928117434316
RipVIS-079_00456.jpg,0.835152043823062,0.7203892924020928,0.8374724204383411,0.7334006405742,0.9759647903546356,0.7717631025563998,0.018564845290511542,0.9556391059017408,0.8650331823137609
RipVIS-079_00462.jpg,0.8452964214636427,0.7373437144362869,0.8488173161239215,0.7510694942942667,0.9758145477687705,0.7873366342758005,0.018321028162657776,0.9586729600684042,0.8738343789686598
RipVIS-079_00468.jpg,0.8475146690888937,0.7414079100641482,0.8515040109549485,0.7607058211200535,0.9669154784698797,0.79459787458806,0.03092374784843085,0.9590646701378482,0.8779786818148619
RipVIS-079_00474.jpg,0.812942711927162,0.6876243335057365,0.8149021317763538,0.7635799562286115,0.8736204096115865,0.7833130396359353,0.024081401919267224,0.9456477864573072,0.871528087934107
RipVIS-079_00480.jpg,0.8215742083027229,0.6990011626631765,0.8228377684774452,0.7153858115414519,0.9682738677973969,0.7548133511196079,0.026703866078556678,0.9505598958323019,0.8554523472008346
RipVIS-079_00486.jpg,0.8176026788070971,0.692569852574498,0.818364868688945,0.7130600571925099,0.9601616838337993,0.751753435593317,0.018010963192637567,0.9492003038184145,0.8537020262018918
RipVIS-079_00492.jpg,0.793346001105597,0.6537738349087379,0.7906447920610811,0.6958676686834977,0.9153099354165131,0.7309144931482497,0.00978353919410743,0.940460069443424,0.8417302704787619
RipVIS-079_00498.jpg,0.813318024564155,0.6801865205636025,0.8096559664523918,0.7731837799631326,0.8497393907619012,0.7873711124851686,0.03705168775882757,0.9519249131934115,0.8761739468354268
RipVIS-079_00504.jpg,0.8192951520338461,0.6959086794815625,0.8206912175180342,0.7176529049885999,0.9582776646883757,0.7555992969327773,0.0078275529855699,0.9493283420128588,0.8558155191755086
RipVIS-079_00510.jpg,0.8341761152832062,0.7188384834190585,0.8364235387482924,0.7596654409059076,0.9304367024247765,0.7886136872281978,0.023938129140199098,0.9552853732628523,0.8748021294520789
RipVIS-079_00516.jpg,0.8278090450808362,0.7061114651886827,0.8277436493407448,0.7514903943930157,0.921219176428382,0.7802412949611014,0.026954522224456497,0.9549696180545193,0.8703409531499293
RipVIS-079_00522.jpg,0.8090438545668115,0.6717918522012896,0.8036788208014348,0.7675998889824183,0.8433166098359683,0.781635634630964,0.012524719840141764,0.9516145833323008,0.8732367528345117
RipVIS-079_00528.jpg,0.7933536414793414,0.6454032954308996,0.7844925280301943,0.7566560623266306,0.8144553603236209,0.767550179734135,0.018077023838344638,0.9469694010406391,0.8657260148400975
RipVIS-079_00534.jpg,0.8002149117000641,0.6568724189551082,0.792906456091965,0.7614359426168468,0.827090504143026,0.7737195359232462,0.01326742975894024,0.9490614149295258,0.8690276830577127
RipVIS-079_00540.jpg,0.7707097450603626,0.605126198680025,0.7539920526842692,0.7399707517807109,0.7685549804908439,0.7455162252619325,0.012374625503142552,0.9419596354156445,0.8547632068370408
RipVIS-079_00546.jpg,0.8184116693361732,0.6880433663286599,0.8151963155130207,0.7703615251521835,0.8655723446109059,0.787690323058709,0.019646109807488144,0.9539789496517427,0.8761026916655466
RipVIS-079_00552.jpg,0.7687060494712352,0.6006349968805542,0.7504958945057678,0.7475477831890258,0.7534673508709245,0.7487242439496322,0.017694440774106108,0.942266710068422,0.8577019061884086
RipVIS-079_00558.jpg,0.7935689219576816,0.6404029386237176,0.7807873584535389,0.7903316803675078,0.7714708070378888,0.7864860871706476,0.015421430468569338,0.9513498263878566,0.8807532801181341
RipVIS-079_00564.jpg,0.7920480270402114,0.6366859060900022,0.7780184380166472,0.7679273229903434,0.7883782934340159,0.7719321928917282,0.01677453440539235,0.951847873262856,0.8712401234062475
RipVIS-079_00570.jpg,0.7807158708939806,0.6152530664458211,0.7618039293367382,0.7585795005945555,0.765055886689171,0.7598659910730078,0.019894089019623,0.9504437934017465,0.8657023591630245
RipVIS-079_00576.jpg,0.7895502431789978,0.6352141358247949,0.7769185966636665,0.6942730680961208,0.8818989056257456,0.725127548765526,0.013044075241927217,0.9488812934017482,0.8402996739995774
RipVIS-079_00582.jpg,0.8072946551866851,0.6647310318369541,0.798604722473941,0.7008502443026833,0.9280488212197731,0.7369323959853208,0.04283027057693094,0.9543923611100755,0.846400544883948
RipVIS-079_00588.jpg,0.82124842486228,0.6854268647832382,0.8133569947235777,0.7423489085942488,0.8993862090893604,0.7692105037195469,0.028580069555635856,0.9607421874989576,0.865766718763544
RipVIS-079_00594.jpg,0.8081506752011876,0.6663857394957116,0.799797698337692,0.7049591225590877,0.9241201375923512,0.7400611728804939,0.009594730057340007,0.9544704861100755,0.8481928218917518
RipVIS-079_00600.jpg,0.7793679022446971,0.6155036397988046,0.7619959802448475,0.7135634021366698,0.8174819515640109,0.7321783481282831,0.029004789777939754,0.9479611545128602,0.8462529477001418
RipVIS-079_00606.jpg,0.8061661705075724,0.6589475323809121,0.7944163628070796,0.7515916022548776,0.842416196472592,0.7681552410812643,0.0259659969047966,0.9572363281239613,0.867113474087645
RipVIS-079_00612.jpg,0.8324064963282282,0.7057280954279298,0.8274801796600273,0.7847416117860401,0.8751421375266991,0.8012960854715825,0.03383114903477123,0.962740885415622,0.8851774906734946
RipVIS-079_00618.jpg,0.8407936095126831,0.7197948162196568,0.8370705731069289,0.8142850081477507,0.8611680327778818,0.8232487386760696,0.012679245281105018,0.9652072482628415,0.8990499445476525
RipVIS-079_00624.jpg,0.8375370019538358,0.7150754367104227,0.8338705358429754,0.7673423197250479,0.9130297863923702,0.792637745318931,0.03042565946786186,0.9636480034711766,0.8787396735936005
RipVIS-079_00630.jpg,0.8475542352843475,0.7309452718462843,0.8445619670766754,0.7902748782108727,0.9068575801503183,0.8111301359670965,0.021627508943266295,0.9673426649295059,0.8900050405794029
RipVIS-079_00636.jpg,0.8470326444103096,0.7315363788963678,0.8449564072833726,0.7571541319645184,0.9557936214644884,0.7899903589754977,0.014277303500989505,0.9660004340267296,0.8761358945655421
RipVIS-079_00642.jpg,0.8186153722794824,0.6819948295905751,0.8109357027650123,0.7761049099557161,0.849039735786943,0.7896719034296559,0.012453811412008511,0.9591569010406259,0.8792747958412876
RipVIS-079_00648.jpg,0.8447273757082652,0.7295865036282861,0.8436542515772141,0.7983100889216106,0.8944597319681069,0.8158499921168662,0.024112231473898547,0.9637890624989542,0.892587395324981
RipVIS-079_00654.jpg,0.8472323278018404,0.734176398991431,0.8467147856681893,0.8076213781536368,0.8897853926241316,0.8228173975881848,0.023094688218375476,0.9642133246517315,0.896835644195569
RipVIS-079_00660.jpg,0.7565925292738704,0.5881421150900717,0.7406668578355976,0.8089289928937624,0.6830289047417044,0.7801679230250659,0.019128329295505044,0.9322905815962106,0.8789833160292118
RipVIS-079_00666.jpg,0.7384289858064563,0.557510574806981,0.7158995692547026,0.7718049515577201,0.6675461326999015,0.748426764893351,0.015051965115870031,0.9267871093739943,0.8598147048291267
RipVIS-079_00672.jpg,0.7459532432797826,0.5688461126254565,0.7251777061467108,0.79842629237872,0.6642395707820601,0.7674201325010752,0.014519964949991242,0.9301508246517685,0.8728824432066647
RipVIS-079_00678.jpg,0.7934622111377576,0.6436652943426114,0.7832072582636689,0.7910861194907706,0.7754837892075136,0.7879156290119075,0.019912076542550804,0.9485340711795264,0.8802934031002916
RipVIS-079_00684.jpg,0.8083110721282654,0.6673358322433202,0.8004816058507563,0.7859761898092232,0.8155324919183171,0.7917148114862841,0.02101428971406356,0.9539691840267427,0.881154601118609
RipVIS-079_00690.jpg,0.8074644388681476,0.6679843085335999,0.8009479527068872,0.7547422942960453,0.8531800118940587,0.7725697160598127,0.010132282576677134,0.9520616319434114,0.8678566975747417
RipVIS-079_00696.jpg,0.7406400840585192,0.5649901534771342,0.7220366878626361,0.7247930835306943,0.7193011779630747,0.7236880036899896,0.009233385978710559,0.9244986979156635,0.8402692554395321
RipVIS-079_00702.jpg,0.7839711075247813,0.6306456748584423,0.7734919787687036,0.7387336610049257,0.8116826345050119,0.7522552634066632,0.015273103803355798,0.9433604600684208,0.8564584576010728
RipVIS-079_00708.jpg,0.7824619766468719,0.6289080483779844,0.7721836097552975,0.7366713784900629,0.8112930801690696,0.7504769610340315,0.005645161289563822,0.9422753906239776,0.8552159076592879
RipVIS-079_00714.jpg,0.7908102088060142,0.6442669849915665,0.7836525222147801,0.7583213553129224,0.8107345120449381,0.7682547317992617,0.012056262556991793,0.9437369791656426,0.8654203641287597
RipVIS-079_00720.jpg,0.7982817398740943,0.6529818240830615,0.7900653407913691,0.744351031324999,0.8417621531002155,0.7619868914373932,0.009546539378134699,0.9489963107628592,0.8618195370726744
RipVIS-079_00726.jpg,0.7915146516903958,0.6432151846339442,0.7828739542438344,0.7150194589482256,0.8649573796816186,0.7406990779134405,0.009653605904364905,0.9457052951378627,0.848656734201714
RipVIS-079_00732.jpg,0.766116049537186,0.6032878661721445,0.7525633779197699,0.723679230843926,0.7838490789772551,0.7349626765585235,0.013870300521490412,0.9358734809017623,0.8462999501797173
RipVIS-079_00738.jpg,0.7650644290888905,0.6007559153388335,0.7505902799824057,0.6997628833330718,0.809379713847334,0.7192447986481766,0.023929633938180102,0.9361577690962064,0.8367689246865
RipVIS-079_00744.jpg,0.7660921328521799,0.6001365033978079,0.7501066341820823,0.6740425800891903,0.8455216852456454,0.7025387668093841,0.0170048585285789,0.9383365885406485,0.8272214253793361
RipVIS-079_00750.jpg,0.7764192326653219,0.6168859994514277,0.7630544140535858,0.6852675198189339,0.8607622758293545,0.7143982448081379,0.00981089151005106,0.9419401041656446,0.8338779439537514
RipVIS-079_00756.jpg,0.7918665506795339,0.642338010227387,0.782223885981246,0.706777695449,0.8757022121466419,0.7351396448693013,0.016050244240607085,0.9469759114573058,0.8455781112059777
RipVIS-079_00762.jpg,0.8238042259479001,0.6953728788790581,0.8203185122777507,0.7527395382392787,0.9012284279017136,0.7783894584735818,0.024379991589690345,0.9569314236100728,0.8701730697818764
RipVIS-079_00768.jpg,0.7840002078560454,0.6271009114879149,0.7708199375470298,0.7249849896822602,0.8228415667447919,0.7426489202015196,0.007345807344789216,0.9462424045128621,0.8513740697916509
RipVIS-079_00774.jpg,0.8142057131795142,0.679945270613762,0.8094850260989115,0.7321927458577981,0.90502159503906,0.7612680937408967,0.012031719987417045,0.953551432290632,0.8601118859425322
RipVIS-079_00780.jpg,0.8188520226243259,0.689616497824243,0.8162994368393983,0.7387984496066761,0.9119659346355489,0.7679631912716255,0.024478816405584556,0.953455946179521,0.8635955407249956
RipVIS-079_00786.jpg,0.830110375489467,0.7073395941662549,0.8285868805282057,0.7677840973845946,0.8998481534805336,0.7910019996675616,0.012467814065257106,0.9576985677072941,0.8773284682701384
RipVIS-079_00792.jpg,0.7900880091728927,0.6426505208900243,0.7824555652188538,0.7365680735512782,0.8344404105523335,0.7542616928145566,0.010734929808807959,0.943835720485087,0.8566715562349996
RipVIS-079_00798.jpg,0.7083823945992267,0.5206443488503764,0.6847680711719202,0.7429886848805036,0.6350087667987236,0.7185515003306726,0.00982066609630437,0.9066525607629051,0.8377519648984799
RipVIS-079_00804.jpg,0.74133137214176,0.5700628975736184,0.726165682221516,0.8064051362350538,0.6604492288537387,0.7722715235314908,0.020037849268614287,0.9216764322906665,0.8725604320973935
RipVIS-079_00810.jpg,0.7099242291355419,0.5199434718627177,0.684161590859057,0.789372285267012,0.6036982714123773,0.743629976851279,0.006672500546196401,0.9096950954851241,0.8580423392522374
RipVIS-079_00816.jpg,0.7083079883838839,0.5160534784940274,0.6807853229645295,0.7806069708814719,0.6035989260566647,0.7373601483516575,0.005779086249506151,0.9100954861101236,0.8544159771678017
RipVIS-079_00822.jpg,0.7021270034180289,0.504891342732413,0.6710003950394025,0.7670097377270841,0.5963527906741264,0.7254875094727725,0.0074139648105107925,0.9087293836795696,0.8476556677964893
RipVIS-079_00828.jpg,0.7187462806690327,0.5294809370661187,0.6923668340473464,0.7834822642259205,0.6202361820537491,0.7443022150590958,0.010105496945018822,0.9166406249990053,0.8591171086821068
RipVIS-079_00834.jpg,0.7241986960685831,0.536137384609081,0.6980331186269751,0.7688230497348119,0.6391801500449006,0.7388512736923495,0.014413800929018976,0.920338541665668,0.8548878386126194
RipVIS-079_00840.jpg,0.69865293101095,0.4973487912255633,0.6643058639910997,0.7609941236259203,0.5894173281978115,0.7191271714157995,0.007615053525260451,0.908968098957347,0.8449138939110841
RipVIS-079_00846.jpg,0.7168605573805211,0.5258815349843665,0.6892822580617367,0.7836918449984075,0.6151736745842378,0.7429857472191604,0.013146266017107128,0.9163867187490057,0.8589446920330999
RipVIS-079_00852.jpg,0.7242497747511492,0.5333499171863304,0.6956662810078184,0.7613894418051026,0.640387971007181,0.7336642329456429,0.013522884880545205,0.9226508246517766,0.8526119851063048
RipVIS-079_00858.jpg,0.7605461201783035,0.5884332969786373,0.7408977110941928,0.6784947858978096,0.8159420143672094,0.7021505469624283,0.016483516481307487,0.9385731336795371,0.827868969699369
RipVIS-079_00864.jpg,0.7827179512294897,0.6215620155608524,0.7666213312796079,0.7401141769672682,0.7950977185297746,0.7504939872489541,0.016937387197426435,0.9486111111100818,0.8577815220409057
RipVIS-079_00870.jpg,0.7591844903135061,0.5810006942645403,0.7349784176215226,0.7055413976057643,0.7669787641691891,0.717028639083674,0.00757888934717116,0.9423730468739775,0.8390816400153234
RipVIS-079_00876.jpg,0.7476966592362246,0.5603293294044999,0.7182193128656367,0.6931403323982451,0.7451812199739206,0.702958775932202,0.009235366018031323,0.9400271267350911,0.8318825591071123
RipVIS-079_00882.jpg,0.7448206300925473,0.5561534660023364,0.7147797156935438,0.6979553262844631,0.7324352524227272,0.7045891362549516,0.014638113307856042,0.938604600693426,0.8331853461343521
RipVIS-079_00888.jpg,0.7326004340671196,0.5378017170299672,0.6994422116638682,0.7220054309491903,0.6782464925062285,0.71280768123281,0.012813738439522623,0.9330544704850987,0.8402916703130358
RipVIS-079_00894.jpg,0.7367706343559914,0.5448545936925846,0.7053797760865601,0.7398093527307077,0.6740122922938435,0.7256419240202212,0.010232192049031589,0.9342957899295418,0.8486211444361358
RipVIS-079_00900.jpg,0.7459970512000851,0.558972172695458,0.7171034640457973,0.7401139220943181,0.6954806727808862,0.7307347779209935,0.011534185657096416,0.9382628038184263,0.8509012094677049
RipVIS-079_00906.jpg,0.7342691635640761,0.5407013337289023,0.7018898755935556,0.740616821463123,0.6670117481706027,0.7246242923159419,0.017269964076088704,0.9334874131934315,0.8484529570293561
RipVIS-079_00912.jpg,0.7783065875174082,0.618340553341119,0.7641661726446068,0.7454823698918485,0.7838105840127992,0.7528451719682498,0.011187491574176103,0.943884548610087,0.8584617731260985
RipVIS-079_00918.jpg,0.799881231798159,0.6528052238113802,0.7899360607125948,0.7792166624639498,0.8009544984014936,0.7834693204145606,0.01551312648958988,0.9517675781239673,0.8768556882967828
RipVIS-079_00924.jpg,0.806779914838115,0.6641020353073267,0.7981506196339458,0.7809459850129097,0.816130384341244,0.7877380591720875,0.009415196922236415,0.9540494791656314,0.8788919176141264
RipVIS-079_00930.jpg,0.8064205392435733,0.6595790526041201,0.7948751239889957,0.7885560604574222,0.8012962807756608,0.7910715910124625,0.02100715136754959,0.9571430121517392,0.8827705831628603
RipVIS-079_00936.jpg,0.7869774179465139,0.6246295973450878,0.7689501636137066,0.782056458204314,0.7562759188245247,0.7767606900782288,0.017209011261387824,0.9532660590267434,0.8771136528042451
RipVIS-079_00942.jpg,0.8109228656117999,0.6653829424710448,0.7990750061169352,0.8009970328911664,0.797162181225265,0.8002271137159683,0.014438166978273985,0.9599316406239584,0.8892421182996131
RipVIS-079_00948.jpg,0.8051990802169486,0.6564659688110747,0.7926102692978979,0.8134886866879025,0.7727767356460937,0.8050067042507757,0.016546987196917422,0.9576595052072941,0.8935355253352726
RipVIS-079_00954.jpg,0.8320152249781539,0.703172205431744,0.8257206208382128,0.8526756509131158,0.8004175878080692,0.8416851784884021,0.010818438380241699,0.9641796874989538,0.9145891955269674
RipVIS-079_00960.jpg,0.8460094826894671,0.7285515727159136,0.8429619158787466,0.8415568213107655,0.8443717102813953,0.8421182966687747,0.013182096871063443,0.9667296006933954,0.911572415590385
RipVIS-079_00966.jpg,0.8390651437133563,0.7169775276934027,0.8351623898730862,0.8442567636567325,0.826261858055215,0.8405953495948202,0.02348045771682561,0.9646332465267311,0.9115906043629081
RipVIS-079_00972.jpg,0.8279575229610547,0.6975379589801193,0.8218231059754328,0.8254875691512106,0.8181910332091453,0.8240178693568706,0.030182567722293496,0.9620225694434006,0.901857898233473
RipVIS-079_00978.jpg,0.8114018570744623,0.670620078734657,0.8028397207372137,0.7926975878306766,0.8132447432730585,0.7967235351208504,0.009821804404402721,0.9564257812489622,0.8848784155437599
RipVIS-079_00984.jpg,0.8341422005206858,0.709835217116802,0.8302966391273151,0.8167785686077402,0.8442697008424997,0.8221326294824569,0.020551967113835588,0.9622829861100669,0.898795906516848
RipVIS-079_00990.jpg,0.7967801741839269,0.6480949262191463,0.7864776669216801,0.786418841209211,0.7865365014280161,0.7864423704440608,0.01246660730028411,0.950442708332302,0.8791983752749507
RipVIS-079_00996.jpg,0.7786502236104627,0.6179321425575457,0.7638542140348972,0.732024690473068,0.7985775552502515,0.7444327864107527,0.007923106895970502,0.9447829861100859,0.8531849719339724
RipVIS-079_01002.jpg,0.7650336819562358,0.593415957207576,0.7448349623001436,0.6937348797433672,0.8040616462986026,0.7133097874099423,0.015050167221982975,0.9420128038184223,0.8351226600478543
RipVIS-079_01008.jpg,0.7325191438340091,0.5392093657010417,0.7006316070009823,0.6483298685683351,0.762112347908236,0.6682846926749366,0.022615131575847706,0.9317523871517668,0.8099496872028462
RipVIS-079_01014.jpg,0.7280611156210732,0.5309523633829524,0.6936236241991286,0.6341383898226808,0.7654240893298014,0.6566646410785618,0.011980170750209285,0.9310134548601009,0.8034225210090743
RipVIS-079_01020.jpg,0.7134942827147952,0.5007337162293239,0.6673185400104756,0.5660355483365942,0.8127465041129343,0.6026209248625163,0.02239641656976541,0.9313335503462117,0.7739853319924922
RipVIS-079_01026.jpg,0.745385493425818,0.5635894079272358,0.7208918211774729,0.6616800728304836,0.7917424590641879,0.6841578891003872,0.005870020963540178,0.9334407552073205,0.8178474278041084
RipVIS-079_01032.jpg,0.7364911629748561,0.5515881366595055,0.7109981362026242,0.6785782884955398,0.7466712000151928,0.6911848518616184,0.015376458110368973,0.9283246527767705,0.8220990467609577
RipVIS-079_01038.jpg,0.7358991111147264,0.5473953643331367,0.7075054985304825,0.6732389207608243,0.7454473475779171,0.6865393713251118,0.012150026411496298,0.9307356770823234,0.8202840095454116
RipVIS-079_01044.jpg,0.7376533327982073,0.5488321485525255,0.7087044894638084,0.6511864085802586,0.7773679505935687,0.6730356968128164,0.011584051722577579,0.9325108506934326,0.8121410327841161
RipVIS-079_01050.jpg,0.7477173224085425,0.5657614697645287,0.7226662306993826,0.6683196972649976,0.7866338546565251,0.6890470065523421,0.01663938897754509,0.9355761718739848,0.8211413452572096
RipVIS-079_01056.jpg,0.7513893037098858,0.5719036049021742,0.727657348858572,0.6549399372838126,0.8185390248172622,0.6822102241781797,0.020108385621775755,0.9367187499989836,0.8167104883755241
RipVIS-079_01062.jpg,0.7251624117999438,0.5297424051481888,0.6925903385634025,0.6024726543171743,0.8144094699939263,0.6355510169118598,0.012143611402832152,0.9271039496517718,0.790403222053109
RipVIS-079_01068.jpg,0.7268570640477603,0.5305247224986988,0.693258612160902,0.6136664915783859,0.7965736672280193,0.64320468948257,0.018104062720156227,0.9293240017351028,0.7951094037963105
RipVIS-079_01074.jpg,0.7123071366358035,0.5075623553397461,0.6733550403961384,0.5944443079495005,0.7764228946637955,0.6236800274949521,0.01324595649564334,0.9235850694434423,0.784150086871447
RipVIS-079_01080.jpg,0.7098256695274684,0.5023213350471888,0.668726887289277,0.5764395354456555,0.7961972067889821,0.6101192267026553,0.009187082404066385,0.92369683159622,0.7768430096724457
RipVIS-079_01086.jpg,0.7183974832125101,0.5160256179835105,0.6807610793145887,0.586668192102684,0.8108016534434416,0.6210014221010418,0.011878144212985166,0.9269411892351053,0.7828540220796247
RipVIS-079_01092.jpg,0.6774538465371948,0.45010674521369237,0.6207911889236308,0.5273184901377416,0.7545415420771662,0.5611132821711798,0.010492332524819433,0.9116829427073441,0.7500328324745945
RipVIS-079_01098.jpg,0.7618451035391505,0.5835440448379073,0.7370101851478835,0.6649075533033267,0.8266524470726978,0.6919867254060977,0.008408071747700661,0.9447775607628637,0.8232722095342594
RipVIS-079_01104.jpg,0.7211967382631748,0.519306337998492,0.6836097829784837,0.6103155077853138,0.7769109050066271,0.6376627031083149,0.01117318435601946,0.9289876302073253,0.7925596316340455
RipVIS-079_01110.jpg,0.6863693337938214,0.464170029369018,0.634038424579762,0.5268581844200185,0.7959635186725983,0.5650665762163589,0.014201020265517575,0.9152788628462291,0.7525002475732127
RipVIS-079_01116.jpg,0.7254247573196528,0.5283461684727135,0.6913959407516863,0.6297208749229715,0.7664636368289192,0.653021649998492,0.00814111261761993,0.9286935763878812,0.8009235492579636
RipVIS-079_01122.jpg,0.7484498866591964,0.5692955156276043,0.7255427801307741,0.629911954602779,0.8554074735274476,0.6649707861306825,0.01579570883035465,0.933926866318431,0.806386708255326
RipVIS-079_01128.jpg,0.6769655810706463,0.45443868562530676,0.6248990625960007,0.5514111341696505,0.7209867541548084,0.5786298056604877,0.00441501103695429,0.90725694444346,0.758322250827989
RipVIS-079_01134.jpg,0.6683178055017004,0.4335014654731545,0.6048148200951704,0.5140642428707701,0.7344758693081905,0.5468877641397647,0.004266818375157614,0.9098187934017905,0.7426239758693921
RipVIS-079_01140.jpg,0.6890413373615171,0.4736456095456462,0.6428215935738857,0.5721453883983116,0.7334197646181102,0.5984651291715667,0.0066357000654763505,0.9120041232628993,0.7693703875486049
RipVIS-079_01146.jpg,0.7677362306332571,0.601694306837521,0.7513222770024593,0.6932691432720942,0.8199864982455559,0.7153795070786807,0.023218359948568197,0.9398003472212024,0.83514537893247
RipVIS-079_01152.jpg,0.7907072833560829,0.6388951471136627,0.7796656768907416,0.7366096940037006,0.8280675115261339,0.7532485470521362,0.025134649906762233,0.9478255208323049,0.8573484715369746
RipVIS-079_01158.jpg,0.797963774018275,0.6518033864329487,0.7892021432895968,0.7606976926564387,0.8199259635001981,0.7718487647660255,0.01753202966722427,0.9494151475684143,0.868472220464257
RipVIS-079_01164.jpg,0.7104090488783876,0.5119527365526974,0.677207328213138,0.6237860312092852,0.7406356778991809,0.6441102074359102,0.007257646447996676,0.9168174913184496,0.7941299473448036
RipVIS-079_01170.jpg,0.7488981438637574,0.5769104666599577,0.731697174769735,0.7791061103229749,0.6897269960287629,0.7594239348990245,0.006286379510327546,0.9285894097212146,0.8645232319178657
RipVIS-079_01176.jpg,0.7875863997621622,0.6364310518126649,0.7778281292177804,0.7724228053104021,0.7833096378917794,0.7745758946392804,0.010932395072765468,0.9446744791656416,0.8708953172601815
RipVIS-079_01182.jpg,0.7846266258479959,0.632285359466268,0.7747240466250528,0.7745242965366509,0.774923899764606,0.7746041842155026,0.010937301283106028,0.9431315104156432,0.8710093509859003
RipVIS-079_01188.jpg,0.7953822473260579,0.6491169730526843,0.7872297522365589,0.7717689325829479,0.8033226871288072,0.7778798090667314,0.021027092597246652,0.9473328993045276,0.8722340980215186
RipVIS-079_01194.jpg,0.7938527799898365,0.6467392868402543,0.7854786632086864,0.7727335247427684,0.7986512780801712,0.7777816234176393,0.008310609010737487,0.9467241753461949,0.8722957753526974
RipVIS-079_01200.jpg,0.7657431882430139,0.6001227216268975,0.7500958689177701,0.7397418046109042,0.7607438966114454,0.7438489381488562,0.007617113113162738,0.9377734374989825,0.8530637830604895
RipVIS-079_01206.jpg,0.7806494462535722,0.6263369307414471,0.7702425234307384,0.7502670829509953,0.7913107279423571,0.7581316257226159,0.01279863481072664,0.9413552517350897,0.8602169090426417
RipVIS-079_01212.jpg,0.7923704510189646,0.6440389469841756,0.783483807565022,0.7544313208567409,0.8148634837128153,0.7657898708818727,0.01955990219797196,0.9464474826378619,0.8645867758381403
RipVIS-079_01218.jpg,0.7815709597432223,0.6258591464634573,0.7698811398574299,0.7243117519432822,0.8215694006232015,0.7418764666784227,0.011091504914155344,0.9432378472211987,0.8502894097740701
RipVIS-079_01224.jpg,0.7981530028051347,0.653674153872681,0.7905718939149706,0.7453478361581956,0.8416383911383899,0.7628020379566892,0.022289890374873337,0.9482367621517489,0.8620956934120297
RipVIS-079_01230.jpg,0.7614440353842178,0.5955955554624894,0.7465495293258745,0.7207156948293982,0.7743042284773436,0.7308316662840652,0.009530450951937419,0.9343250868045417,0.8440760583535902
RipVIS-079_01236.jpg,0.7351007769334116,0.5531462310939089,0.7122912447262845,0.6774878616770419,0.7508640527728363,0.6909929510892234,0.007598784193640544,0.9247786458323298,0.8208349194093072
RipVIS-079_01242.jpg,0.7713941905600217,0.6113579069250435,0.758810819492857,0.6994013749614214,0.8292500346487756,0.7220127425846622,0.011599745059069503,0.9381065538184266,0.8380557484527841
RipVIS-079_01248.jpg,0.7844960752820915,0.6351441537597761,0.7768662503539575,0.6917429858940852,0.8858791771303558,0.7234511592550361,0.014542235708833808,0.9406792534712015,0.8380528148514683
RipVIS-079_01254.jpg,0.7598649384059519,0.5933830456261137,0.744809036665689,0.666872944978364,0.8433722443204088,0.6960046440254861,0.006688102893030469,0.9334950086795426,0.8228894977832675
RipVIS-079_01260.jpg,0.696405996711916,0.48374913096633676,0.6520632374709873,0.6216230146064304,0.685638217229917,0.6334515647868683,0.003902807502970816,0.9162033420128948,0.7902082188739691
RipVIS-079_01266.jpg,0.7892384910901521,0.6415683314994404,0.7816529098285168,0.6931247127833712,0.8961066339498442,0.7260154434039461,0.014538162675205142,0.9433105468739764,0.8396713890116094
RipVIS-079_01272.jpg,0.7669595247061709,0.6070178855415521,0.7554587798965187,0.6831246255630498,0.8449255848762014,0.7103298746959321,0.01225898595426577,0.9343174913184307,0.83062792294292
RipVIS-079_01278.jpg,0.7738192836765525,0.6166416630905979,0.7628674642861049,0.6743126656949926,0.8781976688647852,0.7071473556473787,0.006371814092157444,0.9378906249989823,0.8290231758062434
RipVIS-079_01284.jpg,0.7004652598487628,0.4922975944308208,0.6597847457076264,0.6442535646740745,0.6760832529527391,0.6503774589460285,0.005776636712994013,0.9160687934017838,0.7998118962240219
RipVIS-079_01290.jpg,0.7255706795316654,0.5338164574730163,0.6960630196294624,0.6812253200851193,0.7115614677197433,0.6870838376419391,0.010175167438153635,0.9244748263878858,0.8205356530248292
RipVIS-079_01296.jpg,0.7294409895298195,0.5362271586698782,0.6981092029829279,0.6887409983458933,0.7077357731497129,0.6924579456190035,0.006026516672555709,0.929003906248992,0.8251277189875952
RipVIS-079_01302.jpg,0.7705485184108422,0.6041546882071956,0.753237443556518,0.7065547715461563,0.8065252496978955,0.7245158193729561,0.008925958441772613,0.9424782986100885,0.8412532942235966
RipVIS-079_01308.jpg,0.7969433029955256,0.6472704372759691,0.7858702768275699,0.736383013014845,0.8424881402387066,0.755410686691888,0.0043109642183775014,0.9513791232628566,0.8587012739211128
RipVIS-079_01314.jpg,0.8355797329600512,0.7144274421353501,0.8334297790351721,0.7860267728430564,0.8869171954352372,0.8043258370743145,0.014266607220349737,0.9609581163184018,0.8859031954983212
RipVIS-079_01320.jpg,0.7853897897794848,0.6286692497525532,0.7720035849489613,0.7331598367165189,0.8151935864195659,0.748218635339146,0.01027199073925463,0.9472775607628611,0.8550596279689967
RipVIS-079_01326.jpg,0.8644586417962818,0.7653872590311074,0.8671040930148921,0.8556297751507913,0.878890343867124,0.8601828670948078,0.030397994354371984,0.9674077690961725,0.9194494940240012
RipVIS-079_01332.jpg,0.7684744802339968,0.6076520182207578,0.7559496847996577,0.8266864195660418,0.6963641792362681,0.7968604624676505,0.010362694299208556,0.9362749565962063,0.8889092086931936
RipVIS-079_01338.jpg,0.8755830533512003,0.7848373258948451,0.8794497005505635,0.8561649652569415,0.9040363730851303,0.8653293161314689,0.02803308823099983,0.9700119357628364,0.9214264231941788
RipVIS-079_01344.jpg,0.8348603163309208,0.7128175575028189,0.8323333146375057,0.8459236884768481,0.8191727144713415,0.8404346275147074,0.0104982995696439,0.9610677083322905,0.9109206251585671
RipVIS-079_01350.jpg,0.7843874976419309,0.6290715384059724,0.7723068307012614,0.7904424680510471,0.7549847235155769,0.7830869557253027,0.013557680666558809,0.945297309026752,0.8781657630217508
RipVIS-079_01356.jpg,0.8295019544979558,0.7041980979894108,0.8264275131162437,0.788118881604443,0.8686506049730873,0.8030080960983372,0.01153897759136737,0.9591959635406259,0.885682667304321
RipVIS-079_01362.jpg,0.8047421913034435,0.6611518455798305,0.7960161466744821,0.7246563463176927,0.8829652567725427,0.7516078530553215,0.008647480069092354,0.953064236110077,0.8553808565103841
RipVIS-079_01368.jpg,0.7918281572286117,0.6382566204237212,0.7791900395417191,0.6969071100265323,0.8835042548452596,0.727642919269392,0.011823619416911445,0.9501974826378579,0.8418245343297117
RipVIS-079_01374.jpg,0.7870374249424873,0.629896882847972,0.7729285079033129,0.6922131324876232,0.874952127708204,0.7223881513924499,0.008619491170774434,0.9490212673600813,0.8390179837736094
RipVIS-079_01380.jpg,0.8466606757229418,0.7344708992588576,0.8469106049259152,0.7999507351436754,0.8997277286754266,0.818095583904767,0.01952600983462125,0.9630555555545106,0.8934469406757968
RipVIS-079_01386.jpg,0.8049670797974344,0.6641225352902236,0.7981654249690218,0.7426042646666394,0.8627130448157058,0.7638739007252558,0.012813292028609787,0.9510557725684124,0.8624480754865802
RipVIS-079_01392.jpg,0.7989402298964385,0.6526582585814578,0.7898284538772828,0.735571824426674,0.8527265516473059,0.7563546950520266,0.009114583332014672,0.9503342013878577,0.8585561104042974
RipVIS-079_01398.jpg,0.8004450125925413,0.6540109655041101,0.7908181736930388,0.7179898742329438,0.8800887456215325,0.7454499682658998,0.012358546752180085,0.9517263454850784,0.8518735048241601
RipVIS-079_01404.jpg,0.8124776492222807,0.6730660140304295,0.8045899066576674,0.7550729117353807,0.8610572586659232,0.7741298670310435,0.006742583157515345,0.9562250434017402,0.8692799662489948
RipVIS-079_01410.jpg,0.791200823911385,0.6374893287021556,0.7786179946679933,0.7484299283629102,0.8113437001514021,0.7602198262013106,0.007406264464217518,0.9497775607628584,0.8625731668930499
RipVIS-079_01416.jpg,0.806779448501227,0.666108072693392,0.7995976774982874,0.8049855936887964,0.7942814063889636,0.8028217373661704,0.007228915661625951,0.9524370659711887,0.8885629571332093
RipVIS-079_01422.jpg,0.8341532762632886,0.7152279854484237,0.8339742489234593,0.8114961537430029,0.8577330873124422,0.8203404026809371,0.012166520080303939,0.9580251736100716,0.8956997275686942
RipVIS-079_01428.jpg,0.8323633021007073,0.7131825901672962,0.8325821126838001,0.7763554747724123,0.8975889428221,0.7979095142704394,0.015165031219868416,0.9567545572906285,0.8810570208678153
RipVIS-079_01434.jpg,0.8718943721001904,0.7787319737908943,0.8756035032430818,0.8974470695907181,0.8547980011784976,0.8885801523491563,0.01033057851087211,0.9688834635406154,0.9381295839258698
RipVIS-079_01440.jpg,0.8140024057628245,0.6794031777431577,0.8091007409622317,0.8071528564095982,0.811058049826531,0.8079308836785877,0.009564949088311485,0.9536501736100763,0.8905502832586851
RipVIS-079_01446.jpg,0.7961189137456057,0.647646924651048,0.7861477055082198,0.7644572474624484,0.8091049837028855,0.772988198057752,0.011744966440982387,0.9497124565961917,0.8698250234896847
RipVIS-079_01452.jpg,0.7848766208493586,0.6300750665867075,0.7730626392636654,0.7562687710764031,0.7906193027936705,0.7628979924017613,0.014344600162515316,0.9452983940961965,0.8640636656290784
RipVIS-079_01458.jpg,0.7843684697309579,0.6294092274804666,0.7725612655989601,0.7489778164354156,0.7976781677278502,0.7582362804985451,0.01892332789250843,0.9449956597211968,0.8609532979772238
RipVIS-079_01464.jpg,0.7858028534825723,0.6316581512756073,0.7742530514517222,0.748560243577655,0.8017722533259868,0.7586299925412743,0.018763256645657814,0.9455544704850851,0.8610934857007015
RipVIS-079_01470.jpg,0.8135221060990498,0.6807326386592688,0.810042743267357,0.7380246990524386,0.8976360032914114,0.765238564104554,0.01228266070947796,0.9518261718739672,0.862208800966097
RipVIS-079_01476.jpg,0.8522331653119659,0.7460887006853422,0.8545828174622531,0.846012585178745,0.8633284621261642,0.8494199677252382,0.02108349622715952,0.9629134114572885,0.9131051730068522
RipVIS-079_01482.jpg,0.8478514961030985,0.7389508042407522,0.8498812070343617,0.8765009024958232,0.8248307553372599,0.8656553947801284,0.014129826522925317,0.9614691840267345,0.9250229773620733
RipVIS-079_01488.jpg,0.852005430405027,0.7467059966027431,0.854987614464082,0.9026071872785503,0.8121408470624374,0.8829366949755333,0.02182981089796582,0.9620779079850672,0.936546096617172
RipVIS-079_01494.jpg,0.8428249680459292,0.7341078311536184,0.84666918396332,0.8424289841984149,0.8509522840666447,0.84411995740202,0.008613503749845304,0.957260199651739,0.9091969629601213
RipVIS-079_01500.jpg,0.858484345229614,0.7607774042369694,0.8641380817431051,0.8732072430798367,0.8552553691974254,0.8695568305623027,0.014756585296544396,0.9615483940961789,0.9245707752061885
RipVIS-079_01506.jpg,0.8436529279933686,0.7369197095550544,0.8485362973327427,0.8584832198303778,0.8388172371803547,0.8544765968957966,0.007556335176419331,0.95643988715174,0.9155762468793555
RipVIS-079_01512.jpg,0.8625777943126831,0.769258318677025,0.8695828195989416,0.8670776909180734,0.8721024656660851,0.8680780083475398,0.011058664867018385,0.9615505642350678,0.922508801720232
RipVIS-079_01518.jpg,0.8501029733366674,0.7487380963049611,0.8563181620930265,0.8442180816294916,0.8687701444366362,0.8490168457401509,0.013813651135724045,0.9575998263878498,0.9108868426950159
RipVIS-079_01524.jpg,0.8115853360881555,0.6833422582328474,0.8118874873969029,0.7688164628115354,0.8600708091007563,0.7854845982248801,0.009671890302439779,0.9467437065961949,0.8734161220964245
RipVIS-079_01530.jpg,0.8624184912805525,0.7689217303917137,0.869367725186396,0.8774000535760619,0.8614811296564869,0.8741693767118514,0.030235783629648294,0.9615549045128455,0.9266596776128391
RipVIS-079_01536.jpg,0.8722002942887914,0.7853447317248337,0.8797681677600794,0.8761346720697284,0.8834319265342028,0.8775844628176492,0.025006580675834878,0.9643901909711757,0.927970542433783
RipVIS-079_01542.jpg,0.8356167502637131,0.725205437947481,0.8407177742382677,0.8215396495082935,0.8608126938399123,0.8291049364008694,0.012186205214210795,0.9527571614572995,0.898886672235476
RipVIS-079_01548.jpg,0.7599046295730105,0.6022803527035643,0.7517789900966118,0.7451353083344611,0.7585422087734467,0.7477786401579763,0.014448924729564412,0.9266851128462167,0.8518034922048812
RipVIS-079_01554.jpg,0.7912274005770862,0.6542667766378817,0.7910051581494106,0.7989377350366362,0.7832285562011491,0.7957456881682095,0.011900752216021023,0.9367795138878724,0.8799970243542259
RipVIS-079_01560.jpg,0.8050479625733761,0.6745520603628572,0.8056507484356015,0.7785710701506163,0.8346820364969477,0.7891815147274452,0.018199704867412726,0.9431401909711988,0.8755327652775897
RipVIS-079_01566.jpg,0.7606271123484651,0.5997129405613761,0.749775694570456,0.6949536515897901,0.8139878578137865,0.7158914505411078,0.022239069999717073,0.9297938368045466,0.833315189304406
RipVIS-079_01572.jpg,0.8012821824862325,0.6686759611906076,0.8014449500590928,0.7838363112168729,0.8198629153474357,0.7907860919612282,0.013731923682861595,0.9416710069434227,0.8767002841052083
RipVIS-079_01578.jpg,0.8155612154601174,0.6931907138271614,0.8187981521116721,0.8188247702651359,0.8187715356828301,0.8188141228008073,0.013186813185108363,0.9455653211795295,0.8933955511125213
RipVIS-079_01584.jpg,0.808747338468472,0.6813963927912396,0.8105124951054193,0.800635838144504,0.8206358728193573,0.8045574745108746,0.01806467912859213,0.9437814670128648,0.8848563511451777
RipVIS-079_01590.jpg,0.7574408844517396,0.6113505457736972,0.7588051493539595,0.7027868615210372,0.8245272128419887,0.7241714527681857,0.015654952075010123,0.9162413194434502,0.834139065587771
RipVIS-079_01596.jpg,0.7596726611794007,0.6041419949048649,0.7532275781368021,0.7627484687336563,0.7439414433402095,0.7589113749389139,0.014656895401437164,0.9249197048601075,0.8581686497542922
RipVIS-079_01602.jpg,0.7688962157330002,0.627532001593586,0.7711455147783793,0.6865357564168337,0.879541623060694,0.7180493858799856,0.004142011833829348,0.9220464409712217,0.8321467934307059
RipVIS-079_01608.jpg,0.7561900067957512,0.5933524250512225,0.7447849147775925,0.7871907006007163,0.7067143707221888,0.7696618201706549,0.01163568275890923,0.9275835503462158,0.8682705260438792
RipVIS-079_01614.jpg,0.7530359453502644,0.5868843335461343,0.7396686968793145,0.8150667284930261,0.6770389710397483,0.7831352143497226,0.022044088173407604,0.9275097656239936,0.8794190065670615
RipVIS-079_01620.jpg,0.7323461114276947,0.5514889761742,0.7109157520849562,0.7581338610823697,0.6692344764177982,0.7385134169406118,0.011054753542586193,0.9215733506934445,0.8517630892926205
RipVIS-079_01626.jpg,0.7087555712057103,0.5135423098778737,0.6785965698168173,0.7236634448809222,0.6388137928908992,0.7049369686796247,0.009179124048101348,0.9128081597212317,0.8320179659550442
RipVIS-079_01632.jpg,0.7051795134307355,0.507279963111776,0.6731064905347746,0.7133241769898969,0.6371817634504257,0.6966738485277185,0.0027096774190052027,0.9118728298601216,0.8270658916861506
RipVIS-079_01638.jpg,0.7418973623247349,0.5835205528238715,0.7369914483058485,0.6486193237232412,0.8532428105300474,0.6812968537439579,0.0033972336807331673,0.9124999999990099,0.8113094344088343
RipVIS-079_01644.jpg,0.6979055301563656,0.497104927842492,0.6640882928077458,0.715550702501083,0.6195315789039187,0.6940373963854684,0.0038784744662083417,0.9079253472212371,0.8257555396442077
RipVIS-079_01650.jpg,0.7044122963805695,0.5073533366369624,0.6731710798065598,0.7240691149067489,0.6289587731923624,0.7028134059380696,0.0025614754095080075,0.9105479600684564,0.8309005678513016
RipVIS-079_01656.jpg,0.7472145123660556,0.5904899332715909,0.7425258354914206,0.6645448456898908,0.8412412592596167,0.6936855338441131,0.006211936661849947,0.9156260850684509,0.8182196625660606
RipVIS-079_01662.jpg,0.7479136065036431,0.5947507470177974,0.7458855223990185,0.6953879666897076,0.8042914082289556,0.7147436485651538,0.009342638450096506,0.9136176215267864,0.8288307658884075
RipVIS-079_01668.jpg,0.7438812293335464,0.5905766539947476,0.742594394946649,0.7045334817026776,0.7850024732017477,0.7192798620251222,0.022461814912122437,0.9104644097212343,0.8306107939851324
RipVIS-079_01674.jpg,0.7593265940752443,0.593973830315309,0.7452742560996917,0.8234293276124751,0.68066914220998,0.790279464950675,0.011682556732686644,0.9321549479156552,0.8852426712379465
RipVIS-079_01680.jpg,0.8003108467229265,0.665677808636033,0.7992875995401943,0.8212171129246669,0.7784988214438826,0.8123024754362449,0.025941199943336275,0.9424045138878663,0.8916459356082038
RipVIS-079_01686.jpg,0.7473070749448947,0.5918595346196239,0.743607738934138,0.671653408651388,0.8328288145942438,0.6986968406175469,0.014648437498211861,0.9147732204851186,0.8206255852014125
RipVIS-079_01692.jpg,0.7759400415955542,0.6285592128275452,0.7719206128664182,0.7830300340229099,0.7611220168060837,0.7785481125816611,0.021316851662296056,0.9321278211795441,0.870393351742923
RipVIS-079_01698.jpg,0.7363991303157853,0.5595377914766722,0.7175687495804322,0.8125266486567961,0.642483370906698,0.7716792508541781,0.007302125439131291,0.9218695746517774,0.8748056667057953
RipVIS-079_01704.jpg,0.7699691026595323,0.6179999043093917,0.7639059837561258,0.8049369445095776,0.7268551733788643,0.7880067593329734,0.014312617700651271,0.9306911892351012,0.8779904264132447
RipVIS-079_01710.jpg,0.7689642071521319,0.617108641884003,0.7632247158917463,0.812609075037299,0.719498903155865,0.7921077813387609,0.008472432978190132,0.9297808159712133,0.8806744697460558
RipVIS-079_01716.jpg,0.7636447375839426,0.6096996484842648,0.7575321881425195,0.8189595393673482,0.704676794353088,0.7932306995698438,0.011398176290349775,0.9269889322906608,0.8817137227850526
RipVIS-079_01722.jpg,0.7224139336440991,0.5375059980773902,0.6991920665669298,0.7878135192328037,0.6284926779959288,0.749799190066602,0.014913554175146686,0.9163335503462279,0.8611216296846853
RipVIS-079_01728.jpg,0.761985467759604,0.604674353749666,0.7536412012028666,0.7595712442560565,0.7478030336542174,0.7571880636120824,0.010520636631977253,0.9281640624989929,0.8581240128596956
RipVIS-079_01734.jpg,0.7103750906098694,0.5322022764801131,0.6946893170041843,0.6242911665164264,0.782982257449732,0.6506659371933514,0.008620689654011221,0.9010894097212445,0.7931219665466556
RipVIS-079_01740.jpg,0.7434205484979073,0.5637667433326764,0.7210368755268258,0.7498290444416967,0.6943740834497536,0.7380405826673468,0.017236024842044093,0.9300303819434352,0.8522853980191883
RipVIS-079_01746.jpg,0.7856214257949485,0.6366677189428164,0.7780048589875816,0.8450024960700596,0.7208508243541943,0.8168648741813168,0.012884455526062003,0.9413042534712008,0.8998264817809067
RipVIS-079_01752.jpg,0.776053930973352,0.6203727924514533,0.7657161306848341,0.8891409674604982,0.6723805785105127,0.8352855117356477,0.02489391795970383,0.9385861545128704,0.917009131635187
RipVIS-079_01758.jpg,0.8083535608534005,0.678224518970576,0.8082643428265479,0.8289670629289227,0.7885704914063352,0.8205599995035465,0.018423476770835178,0.9455436197906407,0.896623172493435
RipVIS-079_01764.jpg,0.8468727522617618,0.7354171150892084,0.8475393133960242,0.911495402782988,0.7919698662958569,0.8847886203675444,0.02612955906013479,0.9626540798600666,0.9403621911630782
RipVIS-079_01770.jpg,0.889341744160826,0.8096682206972822,0.8948250418911698,0.8835107302423999,0.906432896696087,0.8880019459792198,0.04796992480481655,0.9726236979156113,0.9348320372739205
RipVIS-079_01776.jpg,0.8287989057009365,0.7102951676520611,0.830611208037468,0.7896908606117657,0.8760041536791194,0.8055654443142354,0.014065273792972104,0.9533322482628545,0.8853754353302075
RipVIS-079_01782.jpg,0.8874659970654432,0.8059417779283037,0.8925445856320399,0.9254193730006036,0.8619253721484859,0.9119830696641688,0.04544121957703881,0.9725282118045003,0.9522861353634026
RipVIS-079_01788.jpg,0.872632267110792,0.7814385666102881,0.8773118324222713,0.9202392473741184,0.8382108849413645,0.9025738469511142,0.030619444048169967,0.9679687499989497,0.9474961119310732
RipVIS-079_01794.jpg,0.8638426110624191,0.7672157904944482,0.8682762961050606,0.9296409412630533,0.8145112441761461,0.9040828449703578,0.042463709124614876,0.9650260416656196,0.9498377312520605
RipVIS-079_01800.jpg,0.8557776136592068,0.7579047792064204,0.8622819485689834,0.8694237641388518,0.8552565088369749,0.8665528883612214,0.02870813396747632,0.9595236545128477,0.9221598040279573
RipVIS-079_01806.jpg,0.8471286729935366,0.7414235548302173,0.8515143289221254,0.8854246473633602,0.8201056224868337,0.8715414988386326,0.021198156679236583,0.9584526909711822,0.9276152139660887
RipVIS-079_01812.jpg,0.8445124904628247,0.7381796884719426,0.8493709751273028,0.8363541472444633,0.862799390828197,0.8415127064097678,0.014990138065090053,0.9568283420128506,0.906850999777997
RipVIS-079_01818.jpg,0.8399527117881546,0.7281883593015295,0.8427187411398102,0.8525712993332265,0.8330912993999157,0.8486027591085957,0.01990692864272144,0.9572471788184057,0.9130315517882381
RipVIS-079_01824.jpg,0.8261621426052821,0.7056578796243007,0.8274319112338443,0.8440564863966971,0.8114495635091845,0.8373271313256951,0.012579399674607123,0.9527126736100774,0.9068136203138251
RipVIS-079_01830.jpg,0.8055284495369511,0.6724687359439008,0.8041629974797415,0.8210810251611586,0.7879280723797356,0.8142291055481297,0.02206432310869305,0.9454644097211963,0.8930928449035771
RipVIS-079_01836.jpg,0.8151912499716749,0.6914893616978207,0.8176100628900711,0.8039043888110592,0.8317911756049494,0.8093311463459085,0.010075260984453112,0.946254340276751,0.8876247989647112
RipVIS-079_01842.jpg,0.804179434011476,0.6740262203175434,0.80527558306666,0.794641182828744,0.816198476895604,0.7988610590671531,0.006500541711026779,0.9421831597211999,0.8814760291811716
RipVIS-079_01848.jpg,0.7962998941403157,0.6616148198201767,0.7963516116109003,0.7729706469467259,0.8211911596020385,0.7821563227645794,0.011022286820370363,0.9391905381934254,0.8711880136296063
RipVIS-079_01854.jpg,0.8150276632173652,0.6908354595391661,0.8171527934805105,0.7786004973944537,0.8597217996359857,0.793576495157167,0.009232392507355263,0.9464876302073063,0.8777749123139449
RipVIS-079_01860.jpg,0.8011629195772786,0.6717958626788233,0.8036816906609192,0.8106290227939645,0.7968524280420265,0.8078357263156709,0.020277481320967926,0.9391786024295364,0.8865660256971333
RipVIS-079_01866.jpg,0.8083494574088488,0.6821848365956396,0.811070010565815,0.802457273254704,0.8198696339441153,0.8058803245119478,0.011675905176120308,0.9425846354156439,0.8852337336640145
RipVIS-079_01872.jpg,0.8105860455471943,0.6857204850605986,0.8135636852463689,0.8038208550236767,0.8235455920721573,0.8076898502779336,0.009040085641841313,0.9434201388878652,0.886285367419763
RipVIS-079_01878.jpg,0.8113993053363042,0.6864904998923615,0.8141053862279997,0.7878690516879265,0.8421492724454271,0.7981580098128149,0.008555486669738935,0.9441037326378645,0.8803539680789181
RipVIS-079_01884.jpg,0.82444937789327,0.7112795197993506,0.8312838569852679,0.7899667962163781,0.8771613935745722,0.8059907664672545,0.0288145896621502,0.945928819443418,0.8837643366663532
RipVIS-079_01890.jpg,0.8217301383810565,0.7010183976823711,0.8242337633002736,0.8423795650672039,0.8068532384952999,0.8350262045801248,0.014463074361389596,0.9492860243045255,0.9046182716594572
RipVIS-079_01896.jpg,0.811219381733117,0.6862665248400773,0.8139478720959152,0.7885958540482441,0.8409840827603701,0.7985447570658071,0.008313389594619802,0.9439919704850868,0.8805849633944212
RipVIS-079_01902.jpg,0.828692718362337,0.716952582135869,0.8351454659790176,0.7862548724805507,0.8905193953220477,0.8051077292954116,0.008469220072245074,0.948242187498971,0.8834559944043678
RipVIS-079_01908.jpg,0.8499728117691319,0.7514817233909603,0.8581096946145146,0.8045271486422145,0.9193388478601389,0.8251365975068464,0.022658808117529954,0.9554123263878522,0.8951580909364245
RipVIS-079_01914.jpg,0.8174097716415593,0.6940644783968494,0.8194073923959094,0.8260807068978674,0.8128410317429349,0.8233983799427808,0.005929103064724473,0.947774522568416,0.8971159635813553
RipVIS-079_01920.jpg,0.8593856484427882,0.7668587931323914,0.8680476290613569,0.799455016636605,0.9495152955305382,0.82554876760956,0.029827108350293372,0.9584798177072933,0.8953488670835732
RipVIS-079_01926.jpg,0.8213652260177899,0.7032694366017365,0.8257876546001536,0.753659458538604,0.9131828734706858,0.7809439940787644,0.016566657968097226,0.947057291665639,0.8696736866630642
RipVIS-079_01932.jpg,0.7900124835011573,0.6544687649012207,0.7911527600707475,0.7363704546582504,0.854741266082369,0.7573470443582333,0.017072588345621705,0.9347558593739858,0.8555668341379236
RipVIS-079_01938.jpg,0.8053274222799804,0.6786993032360445,0.808601399819145,0.7501894614065473,0.8768776499025069,0.772511405778928,0.009349112424929099,0.940506727429535,0.864496658454309
RipVIS-079_01944.jpg,0.8295475498914014,0.7114200971501347,0.8313798562197499,0.8478509428728614,0.815536537189207,0.8411848069392275,0.012489492012430707,0.9536534288184096,0.9089914227830658
RipVIS-079_01950.jpg,0.7904914383686471,0.6540624598041901,0.7908558179618185,0.7245222414293284,0.8705598568192775,0.7496740110775927,0.009223957691646297,0.935792100693429,0.8514194809966718
RipVIS-079_01956.jpg,0.7950238946588646,0.6556717670149445,0.7920311019098585,0.8119606598920371,0.7730564470396597,0.8038696809554845,0.008143916371928538,0.9416655815962004,0.8870914270894202
RipVIS-079_01962.jpg,0.7773449927149554,0.6316058823492258,0.7742137843237293,0.6916669887482982,0.8791337454384155,0.7224793328372048,0.005798221877876791,0.9320453559017664,0.836202275706613
RipVIS-079_01968.jpg,0.7871986880021857,0.6464648898703163,0.7852762531987366,0.7051062180034753,0.8860155391998711,0.7351262774692715,0.006293431230327333,0.9363237847212063,0.8435819842605505
RipVIS-079_01974.jpg,0.7544344831336907,0.5918223306800658,0.7435783746383615,0.6433731492698312,0.8807559127933635,0.680029690517591,0.008307372792275782,0.9259526909712175,0.8129630509454417
RipVIS-079_01980.jpg,0.7756493362626132,0.6256449631411201,0.769719068217983,0.6794953901941353,0.8875711285508722,0.7129218351254079,0.02517132313848559,0.93387044270732,0.8313882506476666
RipVIS-079_01986.jpg,0.6816439230140874,0.46272864980166034,0.6326923997344338,0.48490002267341026,0.9100729780701482,0.5348774246898648,0.0063532401515807935,0.9084038628462365,0.7377951477033516
RipVIS-079_01992.jpg,0.6126887156510157,0.33955932968983266,0.5069716916061578,0.3407593619949538,0.9897352468190936,0.3921919248509221,0.00665615694400838,0.8921495225684763,0.6700362530415347
RipVIS-079_01998.jpg,0.6011685290045458,0.32117887349550145,0.4862004380160035,0.32117887349550145,0.9999999999796176,0.3716333932245192,0.0,0.8874848090268148,0.6605894367471004
RipVIS-079_02004.jpg,0.8258281395801931,0.7080959338447672,0.8291055786906631,0.7083942374545475,0.9994056624072527,0.7522000336172727,0.006687173999373121,0.950356987846191,0.8541539776933532
RipVIS-079_02010.jpg,0.8209494886125733,0.699947143516803,0.8234928317462529,0.7015823774554196,0.9966811149912342,0.7457424721479652,0.01789077212565365,0.9488747829850815,0.8505519533390442
RipVIS-079_02016.jpg,0.8298202223756321,0.7168663220543903,0.8350869404865406,0.7446386045959263,0.9505460472620167,0.7783603126468202,0.023321373651547746,0.9500162760406359,0.8683531388741261
RipVIS-079_02022.jpg,0.8701468120383853,0.7851692404388209,0.8796580432293519,0.8287234992990878,0.9372636198217421,0.8483727153467029,0.02690131992119405,0.9614474826378456,0.90868000574834
RipVIS-079_02028.jpg,0.8798656532827247,0.8010101379741059,0.8895120811203591,0.8382443059899509,0.9474595592941639,0.858025514164517,0.013558454846052895,0.9646028645822866,0.9143623274384703
RipVIS-079_02034.jpg,0.8778683395230918,0.7991835101955388,0.8883846541131115,0.8406482231974268,0.9418689295082474,0.859113656857897,0.019364833459932243,0.9629578993045107,0.9148075843851688
RipVIS-079_02040.jpg,0.8925343403775543,0.8230812205017112,0.9029561724904386,0.8442710397119866,0.9704091428183108,0.8668052820731724,0.02636435538803528,0.9676996527767278,0.919348300276819
RipVIS-079_02046.jpg,0.8794566304075628,0.8016262276434967,0.8898918269990033,0.8210181021441695,0.9713790609512765,0.8472473952901,0.021195365979305505,0.9635742187489544,0.9078668291988277
RipVIS-079_02052.jpg,0.8682773731340342,0.7840221788734378,0.8789377039791364,0.8035032149334264,0.9700035803725742,0.8320679801769529,0.022349272346368337,0.95950954861007,0.898970111288037
RipVIS-079_02058.jpg,0.8318876907480245,0.7245421872284525,0.8402719198106476,0.7408736130998747,0.9704742910775626,0.7776708267356378,0.019508487456358185,0.9476074218739717,0.8678614040426558
RipVIS-079_02064.jpg,0.8260090089350085,0.7154333393510329,0.8341138334430286,0.7390738904721579,0.9572038218893674,0.7743668082246189,0.023609192512418786,0.9453049045128632,0.8657602665263937
RipVIS-079_02070.jpg,0.807569695669744,0.6859183900339898,0.8137029574962534,0.7196358164342227,0.9360599646392481,0.7545262524476559,0.029805506437256185,0.9386968315962037,0.8542003500812576
RipVIS-079_02076.jpg,0.8028488904332012,0.6768743101311698,0.8073047646346527,0.7147382640149502,0.9274152893932215,0.7490951096455235,0.016372473776365762,0.938058810762871,0.8511653175790244
RipVIS-079_02082.jpg,0.7899763864323286,0.655756933240914,0.7920932355178014,0.6919968818206097,0.9260441966878277,0.7288380132946752,0.011806981517991916,0.9337608506934313,0.8398362996933051
RipVIS-079_02088.jpg,0.8094818034067622,0.6848516132053869,0.8129518443496331,0.7199957584520862,0.9334686549707781,0.7545049756056748,0.010027347309541952,0.9423643663184219,0.8545944867855453
RipVIS-079_02094.jpg,0.805782899744195,0.6782913817138798,0.8083118213015015,0.7120644506489414,0.9346446074323699,0.7476753548142652,0.022243192232105257,0.9415039062489784,0.8508168242733918
RipVIS-079_02100.jpg,0.7797274295084633,0.6337360600368689,0.7758120488845269,0.6798587945676078,0.9033013184541353,0.7152436298614215,0.010072895956252763,0.9341786024295419,0.8326068084390958
RipVIS-079_02106.jpg,0.7709715098098282,0.6182647510755771,0.7641082840921405,0.6469950097593774,0.9329897855808136,0.6892510339989177,0.005319874504798816,0.9320746527767664,0.8187373681803614
RipVIS-079_02112.jpg,0.761847517675305,0.6028338944968841,0.7522100656426517,0.6382905894544696,0.9156274898468044,0.6794507250242683,0.006849315067573285,0.9293478732628805,0.8132066930987081
RipVIS-079_02118.jpg,0.7763888687388374,0.6164313462588997,0.7627064987146909,0.7186260670773793,0.8125480956420587,0.7356323420886495,0.015441807261160736,0.9422536892350887,0.8470208622513382
RipVIS-079_02124.jpg,0.7426350633023033,0.5600327279554114,0.7179756141262418,0.6434333370776347,0.8120525664603617,0.6713123631523004,0.007605129733431981,0.9317339409712112,0.8100907016416322
RipVIS-079_02130.jpg,0.813544631060046,0.6890818720285157,0.815924773617939,0.7356068164799846,0.9159316790551905,0.7657587013344339,0.010891220612180738,0.9454958767350852,0.8611705915707161
RipVIS-079_02136.jpg,0.8001192269285939,0.6686426281244399,0.8014210075359234,0.723300311235557,0.8984599803808377,0.7526468314781048,0.006802721087578392,0.9398925781239802,0.8534154351204859
RipVIS-079_02142.jpg,0.823817328717622,0.7039440063607116,0.8262525103324225,0.8648816194108797,0.7909265342850326,0.8490044938209961,0.017784364577277466,0.9503396267350799,0.9143666507381891
RipVIS-079_02148.jpg,0.8355483744538897,0.7292282871697088,0.843414709995594,0.8306887114654466,0.8565366948796985,0.8357327466661665,0.01714011746168763,0.9497374131934139,0.9018011672526502
RipVIS-079_02154.jpg,0.8370751692578464,0.7306391078342732,0.8443575607725601,0.7856712050971699,0.9125189098889438,0.8081388058420945,0.012058677273488479,0.9510167100684125,0.8851705282282589
RipVIS-079_02160.jpg,0.8103326551401587,0.6859061203742896,0.8136943238832431,0.7654502707367945,0.868428807827863,0.784044720300282,0.014751456549553557,0.9428949652767546,0.8714399956905037
RipVIS-079_02166.jpg,0.8261376908436429,0.7118049697481875,0.8316426021977218,0.7864327796772197,0.8823674402210708,0.8039137494334754,0.013382443215054335,0.9481011284711934,0.8830081280750419
RipVIS-079_02172.jpg,0.8489624949975405,0.7489182019023093,0.8564359397571668,0.7933258132401799,0.9304548652463182,0.817419836825076,0.020750608425675596,0.9557389322906296,0.890744129373481
RipVIS-079_02178.jpg,0.9020815077927532,0.8331594144831526,0.9089874103699339,0.9313524180780647,0.8876713371848334,0.9222756359539468,0.03895747598916907,0.9746712239572758,0.956415612809452
RipVIS-079_02184.jpg,0.8906549627425355,0.8147338212817781,0.8979099984000048,0.9106561801148072,0.8855157004402309,0.905514527733649,0.016819973716580817,0.9708593749989466,0.9456874743302498
RipVIS-079_02190.jpg,0.8376085160240943,0.7340779575978227,0.8466493151377388,0.822816262650041,0.8719042107412843,0.8321866347270728,0.024378918037569197,0.9493663194434143,0.8990395778406011
RipVIS-079_02196.jpg,0.7885386802843574,0.6616372440349649,0.7963678551502694,0.8372754165065677,0.7592714097376119,0.8204182273334714,0.03223698540271869,0.9274381510406603,0.8915552622294265
RipVIS-079_02202.jpg,0.7716751714079322,0.6361248775823954,0.7775994195777518,0.8080634824844619,0.7493489014306727,0.7955958385759407,0.017208626660273927,0.9201725260406682,0.8758196112061207
RipVIS-079_02208.jpg,0.8051321190995817,0.685756372145694,0.8135889425977225,0.8543638413283278,0.7765287582237123,0.8375730736757424,0.03275766016348104,0.9351855468739853,0.9027920414913957
RipVIS-079_02214.jpg,0.771433867284173,0.6334339001613466,0.7755855931467781,0.7914416443973965,0.7603523960446266,0.7850220563797323,0.01637566424288302,0.9216894531239999,0.8699971201629293
RipVIS-079_02220.jpg,0.8109411248238574,0.6868241243839074,0.8143399355694676,0.7984849537785913,0.8308373165891888,0.8047522788496695,0.016806722687058014,0.9431542968739766,0.8842028091461973
RipVIS-079_02226.jpg,0.8128540334566448,0.6882137005833515,0.8153158576376245,0.7509307920754921,0.8917771375141322,0.7754247462487283,0.0209059233423462,0.9450726996517523,0.8666921268167926
RipVIS-079_02232.jpg,0.7735143636512278,0.6216186156830635,0.7666643804791589,0.6759204514869932,0.8855518194383611,0.7095121627835468,0.01885340515341113,0.9335525173600981,0.829547523222026
RipVIS-079_02238.jpg,0.7681051823684909,0.6122710713451198,0.7595138090945232,0.6683100020242895,0.8795446656560825,0.7020304417073839,0.008070814890904606,0.9320952690962109,0.8254090560436269
RipVIS-079_02244.jpg,0.8145847553357409,0.6899170706208076,0.8165099727258922,0.7371390952644923,0.9150357318491754,0.7669608272094541,0.008146384257658054,0.9464854600684174,0.8619767568021156
RipVIS-079_02250.jpg,0.8280506328801984,0.7107792072457498,0.8309420692458158,0.7673114228628348,0.9060803744758223,0.7915573021650546,0.008658568104334638,0.9517990451378561,0.8763955731571018
RipVIS-079_02256.jpg,0.8660432454834661,0.7712841833570747,0.8708757076973129,0.8474885988543924,0.8955902182342929,0.8566910727309207,0.012074054197467928,0.9653786892350636,0.9158514071824257
RipVIS-079_02262.jpg,0.8630564753746951,0.7666942399957106,0.8679421969446983,0.8443994549282119,0.892835383417372,0.8536616086076221,0.02632886239116631,0.9641937934017315,0.9139947285666472
RipVIS-079_02268.jpg,0.7914819992537008,0.6480528781355458,0.7864467053614114,0.6504761527866777,0.9942842741835254,0.6988032216377982,0.0028279019656843652,0.9418771701378669,0.8248698792728096
RipVIS-090_00000.jpg,0.880322048661017,0.7714460364511667,0.8709788732787436,0.9145686262203125,0.8313552006858269,0.8966194332975653,0.03773228346219009,0.9895780469047988,0.9535736074549453
RipVIS-090_00012.jpg,0.8539673799209929,0.7215548457933846,0.8382594926400425,0.886330980190627,0.7951341990326957,0.8664556026622402,0.040019978770055566,0.9868442425987634,0.9385979871650605
RipVIS-090_00024.jpg,0.870030663790726,0.7519715045612814,0.8584289214790463,0.8993358921993728,0.8210814146319834,0.8825140103320495,0.03961637309348609,0.9885049019605469,0.9457177729763884
RipVIS-090_00036.jpg,0.8715512749360086,0.754873135137107,0.860316475330998,0.9067420769327614,0.8184133444978753,0.887583272666079,0.03804178359600612,0.9886411476352873,0.9493347290519422
RipVIS-090_00048.jpg,0.8729257330692444,0.75743338373699,0.8619767790303273,0.9047438117367935,0.8230704284364361,0.8871376552687865,0.0456621004537648,0.9888223279505506,0.9484699340378502
RipVIS-090_00060.jpg,0.864829178470544,0.7420595482082631,0.8519336195728596,0.8927172525398217,0.8147135712615667,0.8759440303067335,0.04128945436498107,0.9880259996152951,0.9422842851338502
RipVIS-090_00072.jpg,0.856155243702167,0.7256562495168548,0.8410206258865546,0.8697120511855687,0.8141617800579842,0.8580037295834331,0.0321965033223223,0.9871092848901896,0.9308058270905423
RipVIS-090_00084.jpg,0.851125607532861,0.7160567068269333,0.8345373483035472,0.8582058904602764,0.8121392815456462,0.8485791759547818,0.03201864687284434,0.9866589773161797,0.9250530059409638
RipVIS-090_00096.jpg,0.8544033527422927,0.7221832040532417,0.8386833669653129,0.8572295507989822,0.8209226831611148,0.8497135114443519,0.03414157454137045,0.9870730007686979,0.9248000605488644
RipVIS-090_00108.jpg,0.8549389416170985,0.7229462771131302,0.8391977007251293,0.8411059150838072,0.8372981250825968,0.8403415889298341,0.036616084042721875,0.9873625528640457,0.9172182828523192
RipVIS-090_00120.jpg,0.8606708814055304,0.7337268938950009,0.8464157722634225,0.851772834110533,0.8411256736842165,0.8496218926155232,0.04404873476763207,0.988023596693342,0.9226440846756396
RipVIS-090_00132.jpg,0.8699395684810385,0.7510680040854897,0.8578399037994431,0.8980209468999371,0.8211005848468926,0.8815051397674262,0.043564849387380825,0.9891765186464367,0.9453186974699532
RipVIS-090_00144.jpg,0.8745124204227894,0.7597632149365807,0.8634834601471784,0.9029409044608808,0.8273301173557966,0.8867329661561216,0.045420974886421654,0.9896143310262905,0.947913538366781
RipVIS-090_00156.jpg,0.8747725249954335,0.7602800912140785,0.8638171788782858,0.9106878194288839,0.8215349933099813,0.8913421619940856,0.04845347966771929,0.9896184159936108,0.9516334922992149
RipVIS-090_00168.jpg,0.8548781518214954,0.7225246710043621,0.8389135821004823,0.8938490805266905,0.7903397152860647,0.8710335425187591,0.04960932655031568,0.9876424932715813,0.9424970846543095
RipVIS-090_00180.jpg,0.8412631168961049,0.6966120440434455,0.8211801236342128,0.8702733371099671,0.7773299627922747,0.8499481087057424,0.037820277060327305,0.9863554882735039,0.9304818827176331
RipVIS-090_00192.jpg,0.8672716836420128,0.746032966184147,0.8545462550052059,0.9059039237196659,0.8086993268329908,0.8846374713035824,0.05395931142072242,0.988885524797917,0.9489459692607187
RipVIS-090_00204.jpg,0.8673717170716545,0.7462295837682965,0.8546752279364798,0.9065506550594622,0.8084153824152848,0.8850627235943822,0.046329383734792215,0.9888891291808466,0.949259114607879
RipVIS-090_00216.jpg,0.8722560537649078,0.7556461115434033,0.860818255541384,0.9235154109184983,0.8060928770902811,0.8973716124819254,0.05311182429972237,0.9892365916952641,0.9576046337116049
RipVIS-090_00228.jpg,0.8648186200216018,0.7414782589787934,0.8515504057037127,0.9113413471414195,0.7991219147123182,0.8864449338407144,0.04355582897302025,0.9885479142635072,0.9513879780237371
RipVIS-090_00240.jpg,0.8687296099813522,0.7488951210688195,0.8564208477077114,0.9147960543794001,0.8050488580196075,0.8905163666184824,0.04145045712617677,0.9889412725872287,0.9532552498161856
RipVIS-090_00252.jpg,0.8747151025880253,0.760118426990872,0.8637128221995644,0.899920126207844,0.8303063523915567,0.885078933085415,0.03810221652084617,0.9896619088809618,0.9464860944281182
RipVIS-090_00264.jpg,0.8697955891275188,0.7508507468389004,0.857698176951445,0.891257675711835,0.8265742730001114,0.8775235894819758,0.025990548889737636,0.989109957708336,0.942054305946585
RipVIS-090_00276.jpg,0.861644116546803,0.73560495723641,0.8476640426375688,0.8998616440800645,0.8011900127205783,0.8782297318126753,0.0400023635050814,0.9880913590924193,0.945662879842927
RipVIS-090_00288.jpg,0.8416171797535836,0.6980353385519911,0.8221682113485865,0.8985693586856729,0.7577410371241882,0.8663660413357732,0.05088622069463201,0.9856886774315202,0.9437940599356806
RipVIS-090_00300.jpg,0.8326175941737803,0.6811097303494926,0.8103096639716599,0.8909227404713848,0.743074309604805,0.8568264348245362,0.027442992133342215,0.9846460495960726,0.9395752531543786
RipVIS-090_00312.jpg,0.8156443461577436,0.6496650844600628,0.7876327026375768,0.8892916428847247,0.7068315938631268,0.8456336193979694,0.046366820478881035,0.9822291906956502,0.9375486727786724
RipVIS-090_00324.jpg,0.813444843321045,0.6457135640046697,0.7847216892754947,0.9306527513657035,0.6783525723210215,0.8662181208011577,0.029716046663563943,0.9818005094192181,0.9571718116036256
RipVIS-090_00336.jpg,0.8066872964184494,0.6328951916489967,0.7751816465450678,0.9211513882405491,0.6691458259221823,0.8566287668045763,0.035104967900346715,0.9811149557860004,0.9522317077586852
RipVIS-090_00348.jpg,0.801329366776548,0.621339825804466,0.7664523080424224,0.907181283799915,0.6635216922785686,0.8451125437495647,0.01961161315006014,0.9818745194153735,0.9457938128529546
RipVIS-090_00360.jpg,0.7356519719686426,0.4945141401356505,0.661772447453412,0.7321937999181233,0.6037086161908688,0.7023001837897166,0.01257916196646316,0.9773051230293692,0.8585819225390604
RipVIS-090_00372.jpg,0.7434882774640535,0.5033523733284189,0.6696399091238973,0.9533578424360375,0.5160609167861755,0.8152016106776989,0.00525442477803451,0.9838915321028009,0.9688906819200807
RipVIS-090_00384.jpg,0.7302556706055697,0.4783053857024737,0.6470995645804111,0.961498603860769,0.48764517376697997,0.8050435885014088,0.003670473082698413,0.9824915897729282,0.9721733112828692
RipVIS-090_00396.jpg,0.7140107842733804,0.4477375147849819,0.618534106096546,0.9817663817516605,0.4514918940506872,0.7950176916146361,0.01681741096427114,0.9805942425987648,0.9811707674036441
RipVIS-090_00408.jpg,0.7228539275298549,0.46421554075693555,0.6340808819949505,0.9710230632618123,0.47073663689584205,0.800807635471584,0.023389295447928067,0.9817844098421324,0.9764926355008778
RipVIS-090_00420.jpg,0.7147874080214759,0.44911889574380115,0.6198509964405345,0.96836889111646,0.45580563838309596,0.7905669747217209,0.015336552113698302,0.9807624471354814,0.9746676854991194
RipVIS-090_00432.jpg,0.7271387627429271,0.4722429423881667,0.6415285531912663,0.9773482959123421,0.4774688537870203,0.8081351105874267,0.027602407865570045,0.9823188196845006,0.9798744512119486
RipVIS-090_00444.jpg,0.7280304388739034,0.47365884998048025,0.6428337874627553,0.9632819111674173,0.4823678986425002,0.8031383772836548,0.02157006602764929,0.9826763744711211,0.9731386637102806
RipVIS-090_00456.jpg,0.729745372286174,0.4770975484154484,0.645993284502101,0.9771880058667046,0.48247112740251163,0.8108930829391655,0.016964285711761267,0.9826715686272149,0.9799748777027576
RipVIS-090_00468.jpg,0.7390645217642394,0.494887405124411,0.6621065953568915,0.9764124909081132,0.5008754479648563,0.820595824880315,0.015975377397629286,0.9835123510186027,0.9800221394127662
RipVIS-090_00480.jpg,0.7325992028359928,0.4828915524998187,0.6512837053873199,0.9819981998057259,0.4872044195676426,0.8162127592822753,0.01602611663213739,0.9825944348325206,0.9823013347500986
RipVIS-090_00492.jpg,0.7111978327841475,0.4431900684790519,0.6141811507144318,0.9838393518174001,0.4464401017272626,0.7929400970841973,0.014553014551333678,0.9795441657052626,0.9816556198227755
RipVIS-090_00504.jpg,0.683126239563943,0.39081211328422866,0.5619912417377136,0.9755183461135297,0.3946831016031727,0.7536859999719785,0.015590200443856023,0.9758213187233334,0.9756722800627999
RipVIS-090_00516.jpg,0.6636137526464265,0.3558005029779503,0.5248567207291216,0.9770748957115235,0.35879578246193783,0.726643559727392,0.016552280983391978,0.9718709150324463,0.9744308636353858
RipVIS-090_00528.jpg,0.7650371029237273,0.5522248781117493,0.7115269003851038,0.8896731920980049,0.5928215567547392,0.8086844682188217,0.021148899684113397,0.9784383410224485,0.9354231761542259
RipVIS-090_00540.jpg,0.7716180053764494,0.5645202032931296,0.7216528135653109,0.8976830874956001,0.6033412166142733,0.8178818514256938,0.03898418355691808,0.9792872933484768,0.9397432351497756
RipVIS-090_00552.jpg,0.7528034301240607,0.5295843520756756,0.6924552429645601,0.8788394944611745,0.5712950147516711,0.7934158014382352,0.02974892748929257,0.9766527297191041,0.9292538796862136
RipVIS-090_00564.jpg,0.7281742387683732,0.483214798456836,0.6515776392732618,0.9326712028009524,0.5006799648455685,0.7954132433161796,0.033213468451571526,0.9737920511339452,0.9537864189202757
RipVIS-090_00576.jpg,0.719798619507121,0.4673319561094875,0.6369819101446963,0.9242174937275699,0.48595346824974583,0.7829877694297522,0.02785770337249165,0.9729241157244876,0.9492132613009657
RipVIS-090_00588.jpg,0.7242582470776219,0.47614800147349473,0.6451223061619873,0.9258142723449245,0.4950355160854375,0.7885716318704862,0.040443104349734985,0.9730454632831188,0.9500717980939009
RipVIS-090_00600.jpg,0.7229207148272588,0.4735794113363205,0.6427606244944117,0.913771645013404,0.49573347946249796,0.7819006578155339,0.03141530124942489,0.9729373317952296,0.9441642569577411
RipVIS-090_00612.jpg,0.7224430457834093,0.4731618187138554,0.6423758920482334,0.9266608525131793,0.49156996570518213,0.7872934296220815,0.018291533093325065,0.9724245482504392,0.9501710339332363
RipVIS-090_00624.jpg,0.7224150469857513,0.47302002542108185,0.6422452067966462,0.9232650125771013,0.4923773179641572,0.7857418276851892,0.02206199543833968,0.9725057670124538,0.9485615693840566
RipVIS-090_00636.jpg,0.7213347770178558,0.47111900955689806,0.6404906829377446,0.924516430566221,0.48996565505247025,0.7852319174047604,0.022131299980030297,0.9722537004995742,0.9490406959809261
RipVIS-102_00000.jpg,0.7804134508515193,0.5831029957786982,0.7366583189262186,0.6115248348027805,0.9261777705372412,0.6561049013879202,0.06387761020418521,0.9783969907402689,0.8044956396990628
RipVIS-102_00006.jpg,0.8094429130518808,0.6384559372435231,0.7793385500712792,0.676068985031027,0.9198448953452694,0.713908791833975,0.06835443037519291,0.981083622684712,0.8365034011636945
RipVIS-102_00012.jpg,0.8304962722082029,0.6782458756577664,0.8082795083788742,0.7232204973193344,0.9160131418169962,0.7550014214183888,0.05250272034463393,0.9833521412032294,0.8599194070805254
RipVIS-102_00018.jpg,0.8353336526868618,0.6872728984214698,0.8146552926493974,0.7343713851681869,0.9146475908782712,0.7645081572388951,0.0653358768180041,0.9839790702155748,0.8654601686582475
RipVIS-102_00024.jpg,0.8130565554072207,0.6450390606666507,0.7842233975954943,0.6934930645594467,0.9022679386897221,0.7271436737603911,0.04341708542422666,0.9817033179007612,0.8448551169446211
RipVIS-102_00030.jpg,0.8273433112674505,0.6719921253816916,0.8038221175572648,0.7005564983946349,0.9427949221737029,0.7385063449136676,0.06404410262954849,0.9832870370365628,0.8491860966729448
RipVIS-102_00036.jpg,0.8272553703982735,0.6718224931544399,0.8037007468260904,0.700280222592451,0.9429615358939354,0.7382811443503371,0.085137085131235,0.9832807677464394,0.849051761531338
RipVIS-102_00042.jpg,0.8159826230427726,0.6501932792344401,0.7880207578303539,0.6796047565164208,0.9375931342659972,0.7191828665289396,0.07598656590568244,0.9823693094131065,0.8386565090871838
RipVIS-102_00048.jpg,0.8171775621555641,0.652437680292,0.7896669121908532,0.6850690845348737,0.9319606822970189,0.7233970203812722,0.0709111172979304,0.9825110918205139,0.8412758230405899
RipVIS-102_00054.jpg,0.8269130750962308,0.6710214684021791,0.8031272860232082,0.7070875808766433,0.9293565240271232,0.7426086846238235,0.07568727926904735,0.9833873456785381,0.8521911104804755
RipVIS-102_00060.jpg,0.8217621674118102,0.6612372255397357,0.7960780259121629,0.697356371570203,0.9273603211652411,0.7337534862740862,0.06890617470441893,0.9828790509254519,0.8473034719092043
RipVIS-102_00066.jpg,0.8318115589758533,0.679917671266491,0.8094654671426852,0.7209203238101477,0.922806784157994,0.7539074471345387,0.057799490810032376,0.9842505787032291,0.8589928110307075
RipVIS-102_00072.jpg,0.8245233206129134,0.6660191507665606,0.7995336073539311,0.6996753413996427,0.9326409210054729,0.7364679998871746,0.05718203633478354,0.9835831404316244,0.8485973939582361
RipVIS-102_00078.jpg,0.8098546687972878,0.6388648668912725,0.7796431295804412,0.7004895645380007,0.878963840452137,0.7301406889202103,0.06210701911573803,0.9814723186723662,0.8478773031698021
RipVIS-102_00084.jpg,0.8142502125150715,0.6474171766527705,0.7859784222575554,0.7193613393198021,0.8661929767692916,0.7446055170702277,0.07719823100434454,0.9817182677464401,0.8569609181376459
RipVIS-102_00090.jpg,0.7749618276358012,0.5736361277340203,0.7290581572501589,0.6729685187252872,0.7953476831363396,0.6943358380789201,0.040839406883586366,0.9770206404316276,0.8323151011249441
RipVIS-102_00096.jpg,0.8325558823692989,0.6809033583749935,0.8101636004026478,0.7099227020594236,0.9433667345724822,0.7468874166331505,0.05332977801124393,0.9847231867279201,0.8539357665119949
RipVIS-102_00102.jpg,0.8170090635313652,0.6513179679046838,0.7888462192791674,0.6868380119918437,0.9264397345189976,0.7243027675058525,0.03990968855568698,0.9832417052464394,0.8421168943718098
RipVIS-102_00108.jpg,0.8201973893861761,0.6577086001314383,0.7935153380748451,0.7064450252287509,0.9050659508871846,0.7388749322148319,0.04711369473792661,0.9832436342587851,0.8514532678136014
RipVIS-102_00114.jpg,0.8390220778901105,0.6937091750486365,0.8191597297437039,0.7517855820124247,0.8997986347576679,0.7773600677478014,0.06406795285019636,0.9848717206785373,0.8738938955523363
RipVIS-102_00120.jpg,0.8369022244971174,0.6895884870549183,0.8162798129110403,0.7432994381289926,0.9051515307583606,0.7708675346109614,0.06371818946683169,0.9847506751538461,0.8697900287919835
RipVIS-102_00126.jpg,0.8208458347586649,0.6591431353392488,0.7945584938390169,0.7162855661409602,0.8920368442435196,0.745668241851448,0.04817883985044139,0.983118248456316,0.8560728955005186
RipVIS-102_00132.jpg,0.8242817426126026,0.6656138154870274,0.799241467977859,0.7427246439986609,0.865067866391324,0.7643442991124366,0.0463713477821947,0.9835093557094022,0.8686839059906434
RipVIS-102_00138.jpg,0.8273659364889447,0.672150565932086,0.8039354584763932,0.7911521267561729,0.8171386774461458,0.7962163630937268,0.07956534862181917,0.9831819058637233,0.8915422356989209
RipVIS-102_00144.jpg,0.8367588321605149,0.6899504833700547,0.8165333720242188,0.8060737622637099,0.8272679980907509,0.8102252840972022,0.08090674529543514,0.9841468942896489,0.8991853523465081
RipVIS-102_00150.jpg,0.8401958283464563,0.6962466487868992,0.8209261893426081,0.8012694074908127,0.8415716682964925,0.8090180659488351,0.05405748365877435,0.9847010030859449,0.8971828523938932
RipVIS-102_00156.jpg,0.8510828371347325,0.7160217264480108,0.8345135908390885,0.7669190231419268,0.9151751277875303,0.7925988328249305,0.06277821418808731,0.986611689814339,0.881823050986762
RipVIS-102_00162.jpg,0.8559948290609029,0.7248431029252782,0.8404742456817871,0.7462693127541563,0.9618990963292556,0.7812981753756241,0.08000554630615601,0.9875675154316225,0.8724562535942149
RipVIS-102_00168.jpg,0.8291066426375615,0.6737400253022607,0.8050712955622722,0.7080864814879468,0.9328400353185996,0.7439344072983428,0.05712333446825259,0.9849556327155744,0.8528735769501878
RipVIS-102_00174.jpg,0.8282348240503123,0.672947510087553,0.8045052292792313,0.7507839067178512,0.8665069575301175,0.7713878628926137,0.04237341972921838,0.9840624999995254,0.8727505383105767
RipVIS-102_00180.jpg,0.80576736004722,0.6312056074707364,0.7739129936531439,0.7434858709091327,0.8069368443594,0.7553650276695403,0.057951315948476995,0.9809698109563171,0.8676680579729884
RipVIS-102_00186.jpg,0.8090974237053141,0.6371384938375763,0.778356255424763,0.7322699897900123,0.8306331192968166,0.7500337078651685,0.05065736182624105,0.9816661844131068,0.8627021058453463
RipVIS-102_00192.jpg,0.7870155584522123,0.5954866484651089,0.7464639695204962,0.6966096115789269,0.8040042549856394,0.7157303066787516,0.032115984582362755,0.9792013888884167,0.8444013222384732
RipVIS-102_00198.jpg,0.7984689687996454,0.616108224326424,0.7624591163543035,0.7057596040833124,0.829064752045047,0.7273964488696462,0.0636352008145539,0.9814019097217489,0.8496669059432582
RipVIS-102_00204.jpg,0.7764150861084692,0.5746535841405921,0.7298793714735983,0.6771839401498663,0.7914678678893373,0.6973218856705384,0.03632760898064563,0.9788016010797749,0.8346524523842422
RipVIS-102_00210.jpg,0.7682114176566798,0.5585559752352468,0.7167608788012106,0.65120756238802,0.7969891926860664,0.6759353656026689,0.03649110192123608,0.9784698109563182,0.8219827318469282
RipVIS-102_00216.jpg,0.7934458069685197,0.6046616707008523,0.7536313501359575,0.6680099835555122,0.8644284093637442,0.699812760833852,0.08425423614732742,0.9827001350303903,0.8318445219726138
RipVIS-102_00222.jpg,0.7980153314215725,0.6127639100430418,0.7598928847889312,0.6644885587137012,0.8872853943619924,0.6996235713893328,0.07601290784682589,0.9836983989192787,0.830539650090261
RipVIS-102_00228.jpg,0.7870509883434981,0.5910225332196002,0.7429467790422859,0.6483788563483543,0.8698112544221678,0.68316208501499,0.06161616161171601,0.9834833140427356,0.822334892095841
RipVIS-102_00234.jpg,0.7805803793202234,0.578655026397799,0.7330987666357779,0.6417999050097384,0.8546808846888836,0.6754475355348907,0.05469661609869482,0.9829161844131062,0.8188296710544618
RipVIS-102_00240.jpg,0.7867338672125667,0.5899712974929474,0.7421156575885476,0.6777802829508233,0.8199454483324251,0.7021277838115592,0.048388265117827726,0.983879243826686,0.836253117073325
RipVIS-102_00246.jpg,0.8108154263128996,0.6358456883046245,0.7773907928486936,0.7076968603699384,0.8623111263588202,0.7340191057480941,0.06180832642762867,0.9861294367279195,0.8518463189673051
RipVIS-102_00252.jpg,0.8101556083836687,0.6339587167419075,0.7759788668418905,0.6858170046882404,0.8934355873844336,0.7192449587809744,0.03897444038426937,0.9866676311723637,0.8414834485456576
RipVIS-102_00258.jpg,0.8064147365404342,0.6272130266058962,0.7709046281594258,0.7093467685790286,0.8441618855491091,0.7327512719506833,0.03140597404350718,0.9859563078698949,0.8524172421949674
RipVIS-102_00264.jpg,0.8177017533050264,0.6489897054608401,0.7871361516832128,0.7818553909002777,0.7924887315252976,0.7839591696932481,0.04688672167690272,0.9867467206785365,0.88761570522381
RipVIS-102_00270.jpg,0.8270893564283625,0.6661861812299579,0.7996539507225867,0.7934304540345412,0.805975850773041,0.7959081918170396,0.04980018444130032,0.9882735339501407,0.8938127787937482
RipVIS-102_00276.jpg,0.7950811522005702,0.6047360539043064,0.7536891221867793,0.7394745017128648,0.7684609372214555,0.7450955195750878,0.027228525119349388,0.9857441165118703,0.866351558171836
RipVIS-102_00282.jpg,0.8491518030381915,0.7081869213281595,0.8291679470037457,0.8059971457833129,0.8537104088154513,0.8151083096710098,0.08290068664521012,0.9903481867279175,0.900931607483713
RipVIS-102_00288.jpg,0.8379897746785638,0.6869993406281197,0.8144630813813236,0.807699285806995,0.8213411156817728,0.8103912781576631,0.057433249975200995,0.9892404513884118,0.9012038025011782
RipVIS-102_00294.jpg,0.8359145725589181,0.6828666269372874,0.811551689250695,0.7939764798892613,0.8299225901965429,0.8009144180567618,0.07101908102412774,0.989218749999523,0.8945378817425018
RipVIS-102_00300.jpg,0.8224806716744713,0.6572681531899417,0.7931946944431645,0.7885830213134213,0.7978606234430635,0.7904212405766433,0.06411679330110845,0.9879769483019927,0.8912827738192217
RipVIS-102_00306.jpg,0.8225192552797365,0.6574511861037805,0.7933279623748926,0.781202946639987,0.8058352956760386,0.78600820363788,0.07748002662471039,0.987876157406931,0.8877120713558677
RipVIS-102_00312.jpg,0.8017235122958928,0.6176486213592727,0.7636375578774046,0.761636476780084,0.7656491817187651,0.7624356494081385,0.04341498908210729,0.9861168981476726,0.8772819146758057
RipVIS-102_00318.jpg,0.8271775520475011,0.6661204022653708,0.7996065606779296,0.778882374123311,0.8214637348069462,0.7870417873396773,0.06132665831778668,0.9885045331785356,0.8868732903417373
RipVIS-102_00324.jpg,0.8205380757652911,0.6531531531439012,0.7901907356880522,0.7657814757483304,0.8162073177063316,0.7753619532865863,0.06387570133242333,0.9881915509254494,0.8803122470025655
RipVIS-102_00330.jpg,0.8277383347812883,0.6673708920095641,0.8005068280941732,0.760555179618856,0.8448884693230388,0.7760475542082006,0.059287509746096256,0.988383005400758,0.8780704340774659
RipVIS-102_00336.jpg,0.8540736127770899,0.7189585426719364,0.8365048077941338,0.793276474757736,0.8847159910448055,0.8100203495713817,0.06719532553696199,0.9894796489192759,0.8948231868357515
RipVIS-102_00342.jpg,0.830511549380814,0.6739537554849937,0.8052238638930971,0.7806362978918202,0.8314106611913162,0.7902889083439962,0.06405578528630052,0.9874059606476719,0.8875877241408527
RipVIS-102_00348.jpg,0.8233745933568808,0.6592005839405886,0.7946002313656283,0.7822244321701812,0.8073739280022619,0.7871282014862256,0.04434701964047323,0.9878414351847088,0.8882197449126008
RipVIS-102_00354.jpg,0.798633719228679,0.611521715751834,0.7589369845587675,0.7299339150402615,0.7903402281944747,0.7412650062712776,0.034414352248196105,0.9860585455242158,0.8619658477655809
RipVIS-102_00360.jpg,0.7680096488980626,0.552827000896457,0.7120265175416275,0.6770499165809533,0.7508137818041798,0.6906199381534384,0.02769500437969369,0.9835344328698961,0.8350423086424474
RipVIS-102_00366.jpg,0.7289884720286677,0.47980632832178804,0.6484717886913277,0.6969263516271277,0.6063169434437073,0.6767008045608315,0.02375389407914689,0.9786014660489107,0.8418687220630863
RipVIS-102_00372.jpg,0.755151338548764,0.5287773397216586,0.6917650150648257,0.6844406162535844,0.6992478706154968,0.6873516844726903,0.03658945954711401,0.9819005594131067,0.837718969205595
RipVIS-102_00378.jpg,0.7088775993404499,0.44275754718564053,0.6137656989551975,0.656422674370142,0.5763144752717941,0.6386676069611307,0.028246339908637307,0.9754846643513814,0.8208323619215647
RipVIS-102_00384.jpg,0.7052694836817933,0.4366727473227063,0.607894523142396,0.6692620285977038,0.5568358556070809,0.6432859093621981,0.029117020434852283,0.9743851273143449,0.8264881969156008
RipVIS-102_00390.jpg,0.7221950504991155,0.46784729278037623,0.6374604430331254,0.6786142334119625,0.6010127090598587,0.661531125861274,0.033990109111077,0.9770167824069362,0.8323943524848021
RipVIS-102_00396.jpg,0.7446843019864401,0.5085412438003991,0.6742158968345531,0.6844257427306374,0.664306182262371,0.6803049212399231,0.03548177083044582,0.9812003279316256,0.8371539607681147
RipVIS-102_00402.jpg,0.7675740728748867,0.5505450372841287,0.7101309849708602,0.651271696885636,0.7806862326198327,0.6736044083323096,0.02758172362299575,0.9848881172834757,0.8229597184893234
RipVIS-102_00408.jpg,0.7986304335606585,0.6103267091230469,0.7580160046596,0.726205860767591,0.7927405825683861,0.7386040695691714,0.030484715417118332,0.9871961805550795,0.8604069538161281
RipVIS-102_00414.jpg,0.7422548212696001,0.5027628744530744,0.6691180398451796,0.6562292619772934,0.6825232490431102,0.6613247261566187,0.03253685815687707,0.9820775462958227,0.8237802882343586
RipVIS-102_00420.jpg,0.781788282919285,0.5777249585431031,0.7323519291684195,0.6875982258113436,0.7833369805084183,0.704826889962088,0.03644112019164714,0.9861202739192775,0.8410984194687228
RipVIS-102_00426.jpg,0.7352766982099895,0.49036857272245354,0.6580500712339876,0.686922341430523,0.6315069830935393,0.6750746486813807,0.03801909112849644,0.9805555555550827,0.837849710426546
RipVIS-102_00432.jpg,0.7603162331186725,0.5370770039492948,0.6988290145117699,0.6955797244146211,0.7021088041542699,0.6968758077950427,0.05454545454088434,0.9838633294748341,0.8437084146424285
RipVIS-102_00438.jpg,0.7541148372387778,0.5259332411544416,0.6893266716655939,0.713798094953021,0.6664775571388875,0.7038039456156302,0.04911511608628713,0.9826374421291557,0.8519457430512505
RipVIS-102_00444.jpg,0.7843664784866087,0.5829806224902396,0.7365606555222809,0.7242760816167789,0.7492691410881607,0.7291404083690446,0.03995115142708033,0.9860305748452035,0.858779991078973
RipVIS-102_00450.jpg,0.7762005060227529,0.5674618307053733,0.7240518647270789,0.7186063565180625,0.7295805338527405,0.7207747009479251,0.03584661783405027,0.9852309992279199,0.8556128176531617
RipVIS-102_00456.jpg,0.8006954362766036,0.6145645753711076,0.7612759312892147,0.7534040937295198,0.7693140012845467,0.7565332122691031,0.0635589575932262,0.9870973186723635,0.8735309645963469
RipVIS-102_00462.jpg,0.7875063304660699,0.5892733122533518,0.7415632134637061,0.734242269029648,0.7490316187595887,0.7371532321265829,0.04423141607431623,0.9860252700612528,0.863667946897664
RipVIS-102_00468.jpg,0.789546989765405,0.5933862767260055,0.7448115819665022,0.7546625340537833,0.7352144939480908,0.7506910482670636,0.043822686664097193,0.9859997106476727,0.8735497812878878
RipVIS-102_00474.jpg,0.7900190675021053,0.5942239182083977,0.7454710864910263,0.7517055879023191,0.7393391499222233,0.7491993154235639,0.05111280358372575,0.9861029128081664,0.8721654859930398
RipVIS-102_00480.jpg,0.8043710722626582,0.6217024396466065,0.7667281302013517,0.7703200983136443,0.7631695049719727,0.7688792799968708,0.03656925870591305,0.9873099922834745,0.8818340864737781
RipVIS-102_00486.jpg,0.79895448838189,0.611436493780785,0.758871350053914,0.7705610725673383,0.7475310029792702,0.7658422315388077,0.041953403528567,0.9867544367279192,0.8816629599728107
RipVIS-102_00492.jpg,0.7941726092843586,0.6021410722313417,0.7516704772978885,0.756119738259621,0.7472732718843537,0.7543337281979589,0.040040207736635934,0.98648630401187,0.8745052416702841
RipVIS-102_00498.jpg,0.8176831291141643,0.647811034165627,0.7862685960148915,0.7534217661549022,0.8221100185876143,0.7662255745370844,0.05286117525850131,0.987833719135326,0.8742156159089158
RipVIS-102_00504.jpg,0.7936781051620436,0.6020225260092296,0.7515781035974786,0.7315312972265408,0.7727545886785468,0.7394203060463374,0.05808036497121597,0.9856520061723641,0.862476758575515
RipVIS-102_00510.jpg,0.7828501001835342,0.5816636308364446,0.7355086372300772,0.7318563789033068,0.7391975308520621,0.7333129210042866,0.035755573902910356,0.9843831983019944,0.861980527408652
RipVIS-102_00516.jpg,0.7801918753616632,0.5772861320462312,0.731999248985105,0.760447312374877,0.7056028956985808,0.7488068067234961,0.03462935765365777,0.9834789737649579,0.875372947193451
RipVIS-102_00522.jpg,0.7972373957699688,0.6099767606520689,0.7577460439926071,0.7977991970352909,0.7215223367086375,0.7812803428000217,0.03922491566335413,0.9848649691353275,0.8941920251988831
RipVIS-102_00528.jpg,0.7877525550761199,0.5908619308328953,0.7428198756677139,0.731271231885128,0.7547391377159077,0.7358473284440403,0.028369391360521138,0.9849763695982904,0.8620025541857343
RipVIS-102_00534.jpg,0.8008984939712858,0.616270246217439,0.7625831727827667,0.7500278648989693,0.7755659833576098,0.7550000480850914,0.04061507604541074,0.9858555169748332,0.8716244804060926
RipVIS-102_00540.jpg,0.7780013401072268,0.5739363075194911,0.7293005501906354,0.7788162985720616,0.685704672573135,0.7582244847973758,0.04107880582733815,0.982489390431625,0.8838334940620105
RipVIS-102_00546.jpg,0.755818036327403,0.5323034649092744,0.6947755155546702,0.7605937275435226,0.6394412688103557,0.7328246387776568,0.04736066971185484,0.979807581018046,0.8736156765684846
RipVIS-102_00552.jpg,0.7501035767204471,0.5208118334993601,0.6849129156247838,0.7249221929498856,0.6490889603337037,0.7083703738361484,0.0509871104543166,0.979846643518046,0.8563557579398293
RipVIS-102_00558.jpg,0.7646363278744639,0.5484884678206746,0.7084178916651683,0.7549277790957637,0.6673062272415098,0.735609731821264,0.0478960790526063,0.9812225115736009,0.8716004770724068
RipVIS-102_00564.jpg,0.7971644580604094,0.6102535565589585,0.7579595822946588,0.8160934416019657,0.7075572262019251,0.7918016524774605,0.07753922377559544,0.9844627700612536,0.9028647581068917
RipVIS-102_00570.jpg,0.7722921276639074,0.5635630290227398,0.7208702413166914,0.8024395767819194,0.6543540493034002,0.7676925886602757,0.06063036329612396,0.9814752121908847,0.8947079128731394
RipVIS-102_00576.jpg,0.7910452452626701,0.5989960828395962,0.7492151972953702,0.8080178455471845,0.6983905593975416,0.7834228618234361,0.054753855029706124,0.9835108024686615,0.8985231739811959
RipVIS-102_00582.jpg,0.7959500442673064,0.6081089157360287,0.7563031456208278,0.8048695597018641,0.7132642617702517,0.7847132461138377,0.07637991904965298,0.9841888503081674,0.8973482071392084
RipVIS-102_00588.jpg,0.8188603323241205,0.6520941717933868,0.7894152560147625,0.8308235078375157,0.7519386273999318,0.8137496297670299,0.0756835518920302,0.986003568672364,0.9109434043544403
RipVIS-102_00594.jpg,0.7896821968548166,0.597301262664533,0.7478880492063804,0.8207282057422456,0.68692317524368,0.7899533713183627,0.07058726628197123,0.9825279706785385,0.9042658738770497
RipVIS-102_00600.jpg,0.8378113664807296,0.6878829907869388,0.8150837404507859,0.8332213329947886,0.7977189647492657,0.8258702852610099,0.06303972365604148,0.9880623070982889,0.9131661580902957
RipVIS-102_00606.jpg,0.8036127708770615,0.6228454711520343,0.7675967702702899,0.7963834076486593,0.7408186170636508,0.7846134863718849,0.03892038243176915,0.9847728587958214,0.8936494046433551
RipVIS-102_00612.jpg,0.8084192033753221,0.632284828692269,0.7747236481991124,0.8193842018324365,0.7346799041323564,0.8009160150360226,0.024309847546410395,0.9849532214501423,0.9048679466306786
RipVIS-102_00618.jpg,0.8268838956746487,0.6673076922995703,0.8004613610091508,0.8112395128832512,0.7899658516088648,0.8068936082534917,0.026214997018791812,0.9868180941353266,0.901986437282069
RipVIS-102_00624.jpg,0.8183962302952976,0.6514089915442618,0.7889129765911201,0.8157672787414622,0.7637703646131585,0.8048091184061474,0.031604054857176586,0.9857720871908826,0.9036334261369969
RipVIS-102_00630.jpg,0.8087389658932158,0.6330426254698255,0.7752922251955295,0.8023023541304426,0.7500414983573558,0.7912755673858224,0.039171699737776386,0.9848423032402658,0.8966472271981487
RipVIS-102_00636.jpg,0.8707429571848633,0.7518111177435528,0.8583244051013155,0.7899536496113609,0.939651565847782,0.8159518595019877,0.08846964006882777,0.9899879436723621,0.8939640308532069
RipVIS-102_00642.jpg,0.8584294515502209,0.7281331240702983,0.8426817516874108,0.7634372134408131,0.9402828057653349,0.7932766352895725,0.05876719484078293,0.9890562307093995,0.8807506976695045
RipVIS-102_00648.jpg,0.8559891097065325,0.7236085359575374,0.8396437135947952,0.7913852114847739,0.8941700109318619,0.8100072708044154,0.05487188131702024,0.9887133487649553,0.8938761317355999
RipVIS-102_00654.jpg,0.857263239254207,0.7260540923499935,0.8412877621482685,0.8110693317394146,0.8738450603998033,0.8228924048938505,0.04451914404816601,0.988814139660017,0.9033134781158987
RipVIS-102_00660.jpg,0.8517423508628322,0.7155825038469604,0.8342152035735546,0.8081139916774444,0.8620587738436349,0.8183559930738151,0.05380349308386694,0.9882595486106345,0.901604053734514
RipVIS-102_00666.jpg,0.8644243941540891,0.7396933357109995,0.8503720978027342,0.808709378617814,0.8965607011527501,0.8248747850987614,0.07620556141532862,0.9894796489192759,0.9025639557538861
RipVIS-102_00672.jpg,0.8646595137642807,0.7402008499235513,0.8507073766296217,0.8134841428148477,0.8915004646380514,0.8279755787304445,0.0742677824203044,0.9894454089501401,0.9048419208273142
RipVIS-102_00678.jpg,0.8480460870398898,0.7084683883416789,0.8293608394233764,0.7898581921022028,0.8730227393855458,0.8051989158507619,0.052794481778139855,0.9879851466044618,0.892724230323319
RipVIS-102_00684.jpg,0.8558755135779813,0.7233906871748204,0.8394970363460479,0.7991337586161125,0.8841546144614164,0.8148041735170022,0.07674250631304239,0.9887041859563133,0.8975573117028579
RipVIS-102_00690.jpg,0.8636521566208807,0.7383998405147997,0.8495166915065226,0.8214942663585053,0.879518408837372,0.8324784245706066,0.06793980462308019,0.9892414158945847,0.9085873362489897
RipVIS-102_00696.jpg,0.853972860389453,0.719900775618756,0.8371422186954507,0.8064263629498334,0.8702905896143734,0.8184381951064506,0.06658982088432436,0.9884013310180418,0.9009064101882989
RipVIS-102_00702.jpg,0.8472589075068153,0.7068983762218616,0.8282840807272281,0.7843267712837811,0.8774610680432965,0.8013376731737616,0.07682528150410231,0.987978395061252,0.8900611766195691
RipVIS-102_00708.jpg,0.849945168158442,0.7120878089883194,0.8318356164326586,0.7921933909854515,0.8756543181265859,0.807588061464149,0.07147357997376239,0.9881597222217456,0.8939376497090881
RipVIS-102_00714.jpg,0.855046405364781,0.7217326238690469,0.8383794485431566,0.7927543605495838,0.8895769286943409,0.8103952288742725,0.06484731484162448,0.9887012924377948,0.8944885472762706
RipVIS-102_00720.jpg,0.8401958967575811,0.6932510979757645,0.8188402757329107,0.7639753173292112,0.8821952064463899,0.7850147321799604,0.0445501730065268,0.9875038580242151,0.8800296697943462
RipVIS-102_00726.jpg,0.8464419053412278,0.7051733993818459,0.8270987568038336,0.7724681356140991,0.8900446435148129,0.7934308662455546,0.045768345687738146,0.9880613425921161,0.8844025219520528
RipVIS-102_00732.jpg,0.7754683164970351,0.571749107592333,0.7275322821314156,0.7590549048709085,0.6985234564737585,0.7461236441072736,0.02457333049893256,0.979750192900762,0.8734779311212397
RipVIS-102_00738.jpg,0.7087333831069694,0.44911035705901864,0.6198428641011051,0.7060862500750649,0.552374294273175,0.6688608023559168,0.010306518537658512,0.9691521990736067,0.8424770278598976
RipVIS-102_00744.jpg,0.7012934516166747,0.4393103866164759,0.6104456560606148,0.7823553217215385,0.5004746207305667,0.7031488693071324,0.036579148608426,0.9643036265427448,0.876702324896496
RipVIS-102_00750.jpg,0.7068672863560679,0.4459721442745611,0.6168474905141463,0.7075273168662145,0.5467709147714698,0.6682337652409892,0.02647963393395247,0.9685778356476811,0.8428917773843847
RipVIS-102_00756.jpg,0.7274608756985255,0.4837531039332764,0.6520668467697177,0.7361204825681342,0.5852412934726816,0.7000261797574009,0.035729721939509455,0.9719270833328646,0.8583933148852958
RipVIS-108_00000.jpg,0.4960795235337114,0.0,0.0,0.0,0.0,0.0,0.0,0.9921590470674228,0.49999999999975697
RipVIS-108_00006.jpg,0.4960537229935879,0.0,0.0,0.0,0.0,0.0,0.0,0.9921074459871758,0.49999999999975697
RipVIS-108_00012.jpg,0.4959712577158102,0.0,0.0,0.0,0.0,0.0,0.0,0.9919425154316204,0.4999999999997569
RipVIS-108_00018.jpg,0.49587890624976083,0.0,0.0,0.0,0.0,0.0,0.0,0.9917578124995217,0.49999999999975686
RipVIS-108_00024.jpg,0.49594859182074846,0.0,0.0,0.0,0.0,0.0,0.0,0.9918971836414969,0.4999999999997569
RipVIS-108_00030.jpg,0.49561680169729183,0.0,0.0,0.0,0.0,0.0,0.0,0.9912336033945837,0.49999999999975675
RipVIS-108_00036.jpg,0.4954229359565512,0.0,0.0,0.0,0.0,0.0,0.0,0.9908458719131024,0.49999999999975664
RipVIS-108_00042.jpg,0.4954101562497611,0.0,0.0,0.0,0.0,0.0,0.0,0.9908203124995222,0.49999999999975664
RipVIS-108_00048.jpg,0.4954622395830944,0.0,0.0,0.0,0.0,0.0,0.0,0.9909244791661888,0.49999999999975664
RipVIS-108_00054.jpg,0.4955037133485265,0.0,0.0,0.0,0.0,0.0,0.0,0.991007426697053,0.4999999999997567
RipVIS-108_00060.jpg,0.4956076388886499,0.0,0.0,0.0,0.0,0.0,0.0,0.9912152777772998,0.49999999999975675
RipVIS-108_00066.jpg,0.4957339891972918,0.0,0.0,0.0,0.0,0.0,0.0,0.9914679783945836,0.4999999999997568
RipVIS-108_00072.jpg,0.4957713638114893,0.0,0.0,0.0,0.0,0.0,0.0,0.9915427276229786,0.4999999999997568
RipVIS-108_00078.jpg,0.4952179783948229,0.0,0.0,0.0,0.0,0.0,0.0,0.9904359567896458,0.49999999999975653
RipVIS-108_00084.jpg,0.49523558063247725,0.0,0.0,0.0,0.0,0.0,0.0,0.9904711612649545,0.49999999999975653
RipVIS-108_00090.jpg,0.4952922453701315,0.0,0.0,0.0,0.0,0.0,0.0,0.990584490740263,0.4999999999997566
RipVIS-108_00096.jpg,0.4954000289349463,0.0,0.0,0.0,0.0,0.0,0.0,0.9908000578698926,0.49999999999975664
RipVIS-108_00102.jpg,0.4953831500769216,0.0,0.0,0.0,0.0,0.0,0.0,0.9907663001538431,0.49999999999975664
RipVIS-108_00108.jpg,0.49562210648124244,0.0,0.0,0.0,0.0,0.0,0.0,0.9912442129624849,0.49999999999975675
RipVIS-108_00114.jpg,0.4955601369596376,0.0,0.0,0.0,0.0,0.0,0.0,0.9911202739192752,0.4999999999997567
RipVIS-108_00120.jpg,0.4954528356479092,0.0,0.0,0.0,0.0,0.0,0.0,0.9909056712958184,0.49999999999975664
RipVIS-108_00126.jpg,0.4956187307096375,0.0,0.0,0.0,0.0,0.0,0.0,0.991237461419275,0.49999999999975675
RipVIS-108_00132.jpg,0.49540895061704504,0.0,0.0,0.0,0.0,0.0,0.0,0.9908179012340901,0.49999999999975664
RipVIS-108_00138.jpg,0.49541232638864996,0.0,0.0,0.0,0.0,0.0,0.0,0.9908246527772999,0.49999999999975664
RipVIS-108_00144.jpg,0.49513768325593405,0.0,0.0,0.0,0.0,0.0,0.0,0.9902753665118681,0.49999999999975653
RipVIS-108_00150.jpg,0.49508294753062543,0.0,0.0,0.0,0.0,0.0,0.0,0.9901658950612509,0.4999999999997565
RipVIS-108_00156.jpg,0.4951087480707489,0.0,0.0,0.0,0.0,0.0,0.0,0.9902174961414978,0.4999999999997565
RipVIS-108_00162.jpg,0.4950383391201316,0.0,0.0,0.0,0.0,0.0,0.0,0.9900766782402632,0.4999999999997565
RipVIS-108_00168.jpg,0.4950863233022304,0.0,0.0,0.0,0.0,0.0,0.0,0.9901726466044608,0.4999999999997565
RipVIS-108_00174.jpg,0.4959693287034645,0.0,0.0,0.0,0.0,0.0,0.0,0.991938657406929,0.4999999999997569
RipVIS-108_00180.jpg,0.4960706018516126,0.0,0.0,0.0,0.0,0.0,0.0,0.9921412037032252,0.49999999999975697
RipVIS-108_00186.jpg,0.4961376350306249,0.0,0.0,0.0,0.0,0.0,0.0,0.9922752700612498,0.49999999999975697
RipVIS-108_00192.jpg,0.4961930941355632,0.0,0.0,0.0,0.0,0.0,0.0,0.9923861882711263,0.499999999999757
RipVIS-108_00198.jpg,0.49635513117260016,0.0,0.0,0.0,0.0,0.0,0.0,0.9927102623452003,0.4999999999997571
RipVIS-108_00204.jpg,0.4965856481479087,0.0,0.0,0.0,0.0,0.0,0.0,0.9931712962958174,0.4999999999997572
RipVIS-108_00210.jpg,0.49659312307074815,0.0,0.0,0.0,0.0,0.0,0.0,0.9931862461414963,0.4999999999997572
RipVIS-108_00216.jpg,0.49661988811704444,0.0,0.0,0.0,0.0,0.0,0.0,0.9932397762340889,0.49999999999975725
RipVIS-108_00222.jpg,0.4968684895830937,0.0,0.0,0.0,0.0,0.0,0.0,0.9937369791661874,0.49999999999975736
RipVIS-108_00228.jpg,0.49686535493803197,0.0,0.0,0.0,0.0,0.0,0.0,0.9937307098760639,0.49999999999975736
RipVIS-108_00234.jpg,0.4945968364195146,0.0,0.0,0.0,0.0,0.0,0.0,0.9891936728390291,0.49999999999975625
RipVIS-108_00240.jpg,0.4945975597991442,0.0,0.0,0.0,0.0,0.0,0.0,0.9891951195982884,0.49999999999975625
RipVIS-108_00246.jpg,0.4948297646602552,0.0,0.0,0.0,0.0,0.0,0.0,0.9896595293205104,0.49999999999975636
RipVIS-108_00252.jpg,0.49494743441334155,0.0,0.0,0.0,0.0,0.0,0.0,0.9898948688266831,0.4999999999997564
RipVIS-108_00258.jpg,0.4948206018516132,0.0,0.0,0.0,0.0,0.0,0.0,0.9896412037032264,0.49999999999975636
RipVIS-108_00264.jpg,0.4954034047065512,0.0,0.0,0.0,0.0,0.0,0.0,0.9908068094131024,0.49999999999975664
RipVIS-108_00270.jpg,0.49513816550902046,0.0,0.0,0.0,0.0,0.0,0.0,0.9902763310180409,0.49999999999975653
RipVIS-108_00276.jpg,0.4950494309411193,0.0,0.0,0.0,0.0,0.0,0.0,0.9900988618822386,0.4999999999997565
RipVIS-108_00282.jpg,0.4955480806324771,0.0,0.0,0.0,0.0,0.0,0.0,0.9910961612649541,0.4999999999997567
RipVIS-108_00288.jpg,0.4956857638886498,0.0,0.0,0.0,0.0,0.0,0.0,0.9913715277772996,0.49999999999975675
RipVIS-108_00294.jpg,0.49557243441334126,0.0,0.0,0.0,0.0,0.0,0.0,0.9911448688266825,0.4999999999997567
RipVIS-108_00300.jpg,0.4959592013886497,0.0,0.0,0.0,0.0,0.0,0.0,0.9919184027772994,0.4999999999997569
RipVIS-108_00306.jpg,0.49591362847198306,0.0,0.0,0.0,0.0,0.0,0.0,0.9918272569439661,0.49999999999975686
RipVIS-108_00312.jpg,0.4959538966046991,0.0,0.0,0.0,0.0,0.0,0.0,0.9919077932093981,0.4999999999997569
RipVIS-108_00318.jpg,0.4963958815584026,0.0,0.0,0.0,0.0,0.0,0.0,0.9927917631168052,0.49999999999975714
RipVIS-108_00324.jpg,0.7320260065393038,0.46947577967250564,0.6389704221965948,0.6968481778037957,0.5899696229322788,0.6724828569488763,0.03428136108829828,0.9946021412032241,0.8467527169490447
RipVIS-108_00330.jpg,0.7536488952447379,0.5124051101410663,0.6776029870637937,0.7943455797363415,0.5907780979511805,0.7431325689428319,0.04746758012051197,0.9949199459871745,0.8953113212011949
RipVIS-108_00336.jpg,0.7911633129153867,0.5867577841877825,0.7395681811488671,0.8906979938931919,0.6322848085524367,0.8233941749545911,0.033545948491957016,0.9955965470674211,0.9435180501574558
RipVIS-108_00342.jpg,0.7540672337021964,0.5134813114816874,0.6785433128064103,0.9280587014732765,0.5347672227338219,0.8090556382194657,0.04589673234075911,0.9946831597217425,0.9615735779357727
RipVIS-108_00348.jpg,0.7464421519316302,0.4979642668727325,0.664854666943854,0.7716173086341855,0.5840449437874132,0.7250460302404731,0.02460055794455984,0.9949455054007548,0.8840116777226895
RipVIS-108_00354.jpg,0.7712932792252944,0.5470935048215615,0.70725331483395,0.7130247030727742,0.7015746063045755,0.7107048815069881,0.08351831296239781,0.9955174575612483,0.8553519187938643
RipVIS-108_00360.jpg,0.7100928388186086,0.4259932982084254,0.5974688643258428,0.49008701396133453,0.7651104805463751,0.5280490844142743,0.03941850711785896,0.9942173032402613,0.7443789297264809
RipVIS-108_00366.jpg,0.807240190129446,0.6182347426800416,0.7640853658303632,0.9457358489852274,0.6409718669748863,0.8636113025499655,0.06609863153470213,0.9962683256168035,0.9711645731200322
RipVIS-108_00372.jpg,0.49542582947506975,0.0,0.0,0.0,0.0,0.0,0.0,0.9908516589501395,0.49999999999975664
RipVIS-108_00378.jpg,0.49556761188247705,0.0,0.0,0.0,0.0,0.0,0.0,0.9911352237649541,0.4999999999997567
RipVIS-108_00384.jpg,0.4956838348763042,0.0,0.0,0.0,0.0,0.0,0.0,0.9913676697526084,0.49999999999975675
RipVIS-108_00390.jpg,0.49643928433618034,0.0,0.0,0.0,0.0,0.0,0.0,0.9928785686723607,0.49999999999975714
RipVIS-108_00396.jpg,0.49646436149667417,0.0,0.0,0.0,0.0,0.0,0.0,0.9929287229933483,0.49999999999975714
RipVIS-108_00402.jpg,0.4964605034719828,0.0,0.0,0.0,0.0,0.0,0.0,0.9929210069439656,0.49999999999975714
RipVIS-108_00408.jpg,0.49648533950593343,0.0,0.0,0.0,0.0,0.0,0.0,0.9929706790118669,0.49999999999975714
RipVIS-108_00414.jpg,0.49656442901210623,0.0,0.0,0.0,0.0,0.0,0.0,0.9931288580242125,0.4999999999997572
RipVIS-108_00420.jpg,0.4966059027775383,0.0,0.0,0.0,0.0,0.0,0.0,0.9932118055550766,0.49999999999975725
RipVIS-108_00426.jpg,0.4966138599534642,0.0,0.0,0.0,0.0,0.0,0.0,0.9932277199069284,0.49999999999975725
RipVIS-108_00432.jpg,0.4966878858022296,0.0,0.0,0.0,0.0,0.0,0.0,0.9933757716044592,0.49999999999975725
RipVIS-108_00438.jpg,0.4968219521602542,0.0,0.0,0.0,0.0,0.0,0.0,0.9936439043205084,0.4999999999997573
RipVIS-108_00444.jpg,0.6235581919950206,0.25136239779876,0.40174197057690925,0.251662404070617,0.995279837830317,0.29587459407448985,0.011226944662699702,0.9957600308637173,0.6258278070586611
RipVIS-108_00450.jpg,0.4970869502312418,0.0,0.0,0.0,0.0,0.0,0.0,0.9941739004624836,0.49999999999975747
RipVIS-108_00456.jpg,0.4972024498454392,0.0,0.0,0.0,0.0,0.0,0.0,0.9944048996908784,0.4999999999997575
RipVIS-108_00462.jpg,0.4972759934411182,0.0,0.0,0.0,0.0,0.0,0.0,0.9945519868822364,0.4999999999997575
RipVIS-108_00468.jpg,0.49753375771580943,0.0,0.0,0.0,0.0,0.0,0.0,0.9950675154316189,0.4999999999997577
RipVIS-108_00474.jpg,0.497547019675686,0.0,0.0,0.0,0.0,0.0,0.0,0.995094039351372,0.4999999999997577
RipVIS-108_00480.jpg,0.49761525848741434,0.0,0.0,0.0,0.0,0.0,0.0,0.9952305169748287,0.4999999999997577
RipVIS-108_00486.jpg,0.4976191165121057,0.0,0.0,0.0,0.0,0.0,0.0,0.9952382330242114,0.4999999999997577
RipVIS-108_00492.jpg,0.49774377893494515,0.0,0.0,0.0,0.0,0.0,0.0,0.9954875578698903,0.4999999999997578
RipVIS-108_00498.jpg,0.4977387152775377,0.0,0.0,0.0,0.0,0.0,0.0,0.9954774305550754,0.49999999999975775
RipVIS-108_00504.jpg,0.4979212480707475,0.0,0.0,0.0,0.0,0.0,0.0,0.995842496141495,0.49999999999975786
RipVIS-108_00510.jpg,0.4979371624225994,0.0,0.0,0.0,0.0,0.0,0.0,0.9958743248451988,0.49999999999975786
RipVIS-108_00516.jpg,0.4980273437497598,0.0,0.0,0.0,0.0,0.0,0.0,0.9960546874995196,0.4999999999997579
RipVIS-108_00522.jpg,0.49720558449050095,0.0,0.0,0.0,0.0,0.0,0.0,0.9944111689810019,0.4999999999997575
RipVIS-108_00528.jpg,0.497818287036797,0.0,0.0,0.0,0.0,0.0,0.0,0.995636574073594,0.4999999999997578
RipVIS-108_00534.jpg,0.49781539351827847,0.0,0.0,0.0,0.0,0.0,0.0,0.9956307870365569,0.4999999999997578
RipVIS-108_00540.jpg,0.49778067129605624,0.0,0.0,0.0,0.0,0.0,0.0,0.9955613425921125,0.4999999999997578
RipVIS-108_00546.jpg,0.49784047067877224,0.0,0.0,0.0,0.0,0.0,0.0,0.9956809413575445,0.4999999999997578
RipVIS-108_00552.jpg,0.49790485146580926,0.0,0.0,0.0,0.0,0.0,0.0,0.9958097029316185,0.49999999999975786
RipVIS-108_00558.jpg,0.4984671585645744,0.0,0.0,0.0,0.0,0.0,0.0,0.9969343171291488,0.49999999999975814
RipVIS-108_00564.jpg,0.49830488040099424,0.0,0.0,0.0,0.0,0.0,0.0,0.9966097608019885,0.499999999999758
RipVIS-108_00570.jpg,0.49838204089482135,0.0,0.0,0.0,0.0,0.0,0.0,0.9967640817896427,0.4999999999997581
RipVIS-108_00576.jpg,0.4980842496139573,0.0,0.0,0.0,0.0,0.0,0.0,0.9961684992279146,0.49999999999975797
RipVIS-108_00582.jpg,0.4984010898917349,0.0,0.0,0.0,0.0,0.0,0.0,0.9968021797834699,0.4999999999997581
RipVIS-108_00588.jpg,0.4984211033948214,0.0,0.0,0.0,0.0,0.0,0.0,0.9968422067896427,0.4999999999997581
RipVIS-108_00594.jpg,0.49842664930531516,0.0,0.0,0.0,0.0,0.0,0.0,0.9968532986106303,0.49999999999975814
RipVIS-108_00600.jpg,0.498268952546056,0.0,0.0,0.0,0.0,0.0,0.0,0.996537905092112,0.499999999999758
RipVIS-108_00606.jpg,0.498496576002846,0.0,0.0,0.0,0.0,0.0,0.0,0.996993152005692,0.49999999999975814
RipVIS-108_00612.jpg,0.49850043402753735,0.0,0.0,0.0,0.0,0.0,0.0,0.9970008680550747,0.49999999999975814
RipVIS-108_00618.jpg,0.4983060860337103,0.0,0.0,0.0,0.0,0.0,0.0,0.9966121720674206,0.499999999999758
RipVIS-108_00624.jpg,0.49847029320963615,0.0,0.0,0.0,0.0,0.0,0.0,0.9969405864192723,0.49999999999975814
RipVIS-108_00630.jpg,0.49834201388864857,0.0,0.0,0.0,0.0,0.0,0.0,0.9966840277772971,0.4999999999997581
RipVIS-108_00636.jpg,0.4983559992281547,0.0,0.0,0.0,0.0,0.0,0.0,0.9967119984563094,0.4999999999997581
RipVIS-108_00642.jpg,0.49787229938247596,0.0,0.0,0.0,0.0,0.0,0.0,0.9957445987649519,0.49999999999975786
RipVIS-108_00648.jpg,0.49784529320963644,0.0,0.0,0.0,0.0,0.0,0.0,0.9956905864192729,0.4999999999997578
RipVIS-108_00654.jpg,0.497799961419513,0.0,0.0,0.0,0.0,0.0,0.0,0.995599922839026,0.4999999999997578
RipVIS-108_00660.jpg,0.4977741608793896,0.0,0.0,0.0,0.0,0.0,0.0,0.9955483217587792,0.4999999999997578
RipVIS-108_00666.jpg,0.4977536651232167,0.0,0.0,0.0,0.0,0.0,0.0,0.9955073302464335,0.4999999999997578
RipVIS-108_00672.jpg,0.4978308256170439,0.0,0.0,0.0,0.0,0.0,0.0,0.9956616512340878,0.4999999999997578
RipVIS-108_00678.jpg,0.4978308256170439,0.0,0.0,0.0,0.0,0.0,0.0,0.9956616512340878,0.4999999999997578
RipVIS-108_00684.jpg,0.49783058449050066,0.0,0.0,0.0,0.0,0.0,0.0,0.9956611689810013,0.4999999999997578
RipVIS-108_00690.jpg,0.4977302758485254,0.0,0.0,0.0,0.0,0.0,0.0,0.9954605516970508,0.49999999999975775
RipVIS-108_00696.jpg,0.4977302758485254,0.0,0.0,0.0,0.0,0.0,0.0,0.9954605516970508,0.49999999999975775
RipVIS-108_00702.jpg,0.4977281057096365,0.0,0.0,0.0,0.0,0.0,0.0,0.995456211419273,0.49999999999975775
RipVIS-108_00708.jpg,0.4977281057096365,0.0,0.0,0.0,0.0,0.0,0.0,0.995456211419273,0.49999999999975775
RipVIS-108_00714.jpg,0.49771677276210563,0.0,0.0,0.0,0.0,0.0,0.0,0.9954335455242113,0.49999999999975775
RipVIS-108_00720.jpg,0.4977201485337106,0.0,0.0,0.0,0.0,0.0,0.0,0.9954402970674212,0.49999999999975775
RipVIS-108_00726.jpg,0.4976410590275378,0.0,0.0,0.0,0.0,0.0,0.0,0.9952821180550756,0.49999999999975775
RipVIS-108_00732.jpg,0.4977531828701303,0.0,0.0,0.0,0.0,0.0,0.0,0.9955063657402606,0.4999999999997578
RipVIS-108_00738.jpg,0.4977524594905007,0.0,0.0,0.0,0.0,0.0,0.0,0.9955049189810014,0.4999999999997578
RipVIS-108_00744.jpg,0.49771701388864886,0.0,0.0,0.0,0.0,0.0,0.0,0.9954340277772977,0.49999999999975775
RipVIS-108_00750.jpg,0.4977182195213649,0.0,0.0,0.0,0.0,0.0,0.0,0.9954364390427298,0.49999999999975775
RipVIS-108_00756.jpg,0.4977158082559328,0.0,0.0,0.0,0.0,0.0,0.0,0.9954316165118656,0.49999999999975775
RipVIS-108_00762.jpg,0.49771701388864886,0.0,0.0,0.0,0.0,0.0,0.0,0.9954340277772977,0.49999999999975775
RipVIS-108_00768.jpg,0.49771846064790815,0.0,0.0,0.0,0.0,0.0,0.0,0.9954369212958163,0.49999999999975775
RipVIS-108_00774.jpg,0.4978421585645747,0.0,0.0,0.0,0.0,0.0,0.0,0.9956843171291494,0.4999999999997578
RipVIS-108_00780.jpg,0.49783757716025373,0.0,0.0,0.0,0.0,0.0,0.0,0.9956751543205075,0.4999999999997578
RipVIS-108_00786.jpg,0.4976678240738341,0.0,0.0,0.0,0.0,0.0,0.0,0.9953356481476682,0.49999999999975775
RipVIS-108_00792.jpg,0.4976678240738341,0.0,0.0,0.0,0.0,0.0,0.0,0.9953356481476682,0.49999999999975775
RipVIS-108_00798.jpg,0.49770158178988344,0.0,0.0,0.0,0.0,0.0,0.0,0.9954031635797669,0.49999999999975775
RipVIS-108_00804.jpg,0.4976984471448217,0.0,0.0,0.0,0.0,0.0,0.0,0.9953968942896434,0.49999999999975775
RipVIS-108_00810.jpg,0.4975634162806242,0.0,0.0,0.0,0.0,0.0,0.0,0.9951268325612485,0.4999999999997577
RipVIS-108_00816.jpg,0.4975634162806242,0.0,0.0,0.0,0.0,0.0,0.0,0.9951268325612485,0.4999999999997577
RipVIS-108_00822.jpg,0.4974727527003774,0.0,0.0,0.0,0.0,0.0,0.0,0.9949455054007548,0.49999999999975764
RipVIS-108_00828.jpg,0.49639322916642725,0.0,0.0,0.0,0.0,0.0,0.0,0.9927864583328545,0.49999999999975714
RipVIS-108_00834.jpg,0.4963705632713656,0.0,0.0,0.0,0.0,0.0,0.0,0.9927411265427312,0.4999999999997571
RipVIS-108_00840.jpg,0.49640094521580996,0.0,0.0,0.0,0.0,0.0,0.0,0.9928018904316199,0.49999999999975714
RipVIS-108_00846.jpg,0.49641300154297047,0.0,0.0,0.0,0.0,0.0,0.0,0.9928260030859409,0.49999999999975714
RipVIS-108_00852.jpg,0.496391782407168,0.0,0.0,0.0,0.0,0.0,0.0,0.992783564814336,0.49999999999975714
RipVIS-108_00858.jpg,0.49639732831766187,0.0,0.0,0.0,0.0,0.0,0.0,0.9927946566353237,0.49999999999975714
RipVIS-108_00864.jpg,0.49631606867260014,0.0,0.0,0.0,0.0,0.0,0.0,0.9926321373452003,0.4999999999997571
RipVIS-108_00870.jpg,0.49639756944420504,0.0,0.0,0.0,0.0,0.0,0.0,0.9927951388884101,0.49999999999975714
RipVIS-108_00876.jpg,0.49635489004605693,0.0,0.0,0.0,0.0,0.0,0.0,0.9927097800921139,0.4999999999997571
RipVIS-108_00882.jpg,0.49644796489173587,0.0,0.0,0.0,0.0,0.0,0.0,0.9928959297834717,0.49999999999975714
RipVIS-108_00888.jpg,0.4963845486108717,0.0,0.0,0.0,0.0,0.0,0.0,0.9927690972217434,0.49999999999975714
RipVIS-108_00894.jpg,0.4964330150460569,0.0,0.0,0.0,0.0,0.0,0.0,0.9928660300921138,0.49999999999975714
RipVIS-108_00900.jpg,0.49640046296272355,0.0,0.0,0.0,0.0,0.0,0.0,0.9928009259254471,0.49999999999975714
RipVIS-108_00906.jpg,0.49625916280840265,0.0,0.0,0.0,0.0,0.0,0.0,0.9925183256168053,0.499999999999757
RipVIS-108_00912.jpg,0.49626687885778537,0.0,0.0,0.0,0.0,0.0,0.0,0.9925337577155707,0.4999999999997571
RipVIS-108_00918.jpg,0.4962745949071681,0.0,0.0,0.0,0.0,0.0,0.0,0.9925491898143362,0.4999999999997571
RipVIS-108_00924.jpg,0.4968578800151925,0.0,0.0,0.0,0.0,0.0,0.0,0.993715760030385,0.49999999999975736
RipVIS-108_00930.jpg,0.49634066358000756,0.0,0.0,0.0,0.0,0.0,0.0,0.9926813271600151,0.4999999999997571
RipVIS-108_00936.jpg,0.4964626736108717,0.0,0.0,0.0,0.0,0.0,0.0,0.9929253472217434,0.49999999999975714
RipVIS-108_00942.jpg,0.496480275848526,0.0,0.0,0.0,0.0,0.0,0.0,0.992960551697052,0.49999999999975714
RipVIS-108_00948.jpg,0.49648099922815564,0.0,0.0,0.0,0.0,0.0,0.0,0.9929619984563113,0.49999999999975714
RipVIS-108_00954.jpg,0.4966606385028469,0.0,0.0,0.0,0.0,0.0,0.0,0.9933212770056938,0.49999999999975725
RipVIS-108_00960.jpg,0.4964793113423532,0.0,0.0,0.0,0.0,0.0,0.0,0.9929586226847064,0.49999999999975714
RipVIS-108_00966.jpg,0.4965224729935877,0.0,0.0,0.0,0.0,0.0,0.0,0.9930449459871754,0.4999999999997572
RipVIS-108_00972.jpg,0.49650824652753833,0.0,0.0,0.0,0.0,0.0,0.0,0.9930164930550767,0.4999999999997572
RipVIS-108_00978.jpg,0.49653766396580995,0.0,0.0,0.0,0.0,0.0,0.0,0.9930753279316199,0.4999999999997572
RipVIS-108_00984.jpg,0.49660325038556297,0.0,0.0,0.0,0.0,0.0,0.0,0.9932065007711259,0.49999999999975725
RipVIS-108_00990.jpg,0.4965393518516124,0.0,0.0,0.0,0.0,0.0,0.0,0.9930787037032248,0.4999999999997572
RipVIS-108_00996.jpg,0.49659215856457534,0.0,0.0,0.0,0.0,0.0,0.0,0.9931843171291507,0.4999999999997572
RipVIS-108_01002.jpg,0.4961906828701311,0.0,0.0,0.0,0.0,0.0,0.0,0.9923813657402621,0.499999999999757
RipVIS-108_01008.jpg,0.49619212962939035,0.0,0.0,0.0,0.0,0.0,0.0,0.9923842592587807,0.499999999999757
RipVIS-108_01014.jpg,0.4959321952158102,0.0,0.0,0.0,0.0,0.0,0.0,0.9918643904316204,0.4999999999997569
RipVIS-108_01020.jpg,0.4960057388114892,0.0,0.0,0.0,0.0,0.0,0.0,0.9920114776229784,0.4999999999997569
RipVIS-108_01026.jpg,0.4960575810182793,0.0,0.0,0.0,0.0,0.0,0.0,0.9921151620365586,0.49999999999975697
RipVIS-108_01032.jpg,0.4959348476077855,0.0,0.0,0.0,0.0,0.0,0.0,0.991869695215571,0.4999999999997569
RipVIS-108_01038.jpg,0.4959488329472917,0.0,0.0,0.0,0.0,0.0,0.0,0.9918976658945834,0.4999999999997569
RipVIS-108_01044.jpg,0.4962234760800076,0.0,0.0,0.0,0.0,0.0,0.0,0.9924469521600152,0.499999999999757
RipVIS-108_01050.jpg,0.49595534336395836,0.0,0.0,0.0,0.0,0.0,0.0,0.9919106867279167,0.4999999999997569
RipVIS-108_01056.jpg,0.49558521412013135,0.0,0.0,0.0,0.0,0.0,0.0,0.9911704282402627,0.49999999999975675
RipVIS-108_01062.jpg,0.49557195216025485,0.0,0.0,0.0,0.0,0.0,0.0,0.9911439043205097,0.4999999999997567
RipVIS-108_01068.jpg,0.4959268904318596,0.0,0.0,0.0,0.0,0.0,0.0,0.9918537808637192,0.4999999999997569
RipVIS-108_01074.jpg,0.49590543016951394,0.0,0.0,0.0,0.0,0.0,0.0,0.9918108603390279,0.49999999999975686
RipVIS-108_01080.jpg,0.49602912808618055,0.0,0.0,0.0,0.0,0.0,0.0,0.9920582561723611,0.4999999999997569
RipVIS-108_01086.jpg,0.4962360146602545,0.0,0.0,0.0,0.0,0.0,0.0,0.992472029320509,0.499999999999757
RipVIS-108_01092.jpg,0.49622371720655084,0.0,0.0,0.0,0.0,0.0,0.0,0.9924474344131017,0.499999999999757
RipVIS-108_01098.jpg,0.49547164351827955,0.0,0.0,0.0,0.0,0.0,0.0,0.9909432870365591,0.4999999999997567
RipVIS-108_01104.jpg,0.49540461033926725,0.0,0.0,0.0,0.0,0.0,0.0,0.9908092206785345,0.49999999999975664
RipVIS-108_01110.jpg,0.49626060956766194,0.0,0.0,0.0,0.0,0.0,0.0,0.9925212191353239,0.499999999999757
RipVIS-108_01116.jpg,0.4954877989966746,0.0,0.0,0.0,0.0,0.0,0.0,0.9909755979933492,0.4999999999997567
RipVIS-108_01122.jpg,0.4963888888886495,0.0,0.0,0.0,0.0,0.0,0.0,0.992777777777299,0.49999999999975714
RipVIS-108_01128.jpg,0.49671826774667405,0.0,0.0,0.0,0.0,0.0,0.0,0.9934365354933481,0.4999999999997573
RipVIS-108_01134.jpg,0.4959818672837114,0.0,0.0,0.0,0.0,0.0,0.0,0.9919637345674228,0.4999999999997569
RipVIS-108_01140.jpg,0.4947224633485269,0.0,0.0,0.0,0.0,0.0,0.0,0.9894449266970538,0.4999999999997563
RipVIS-108_01146.jpg,0.49349247685161385,0.0,0.0,0.0,0.0,0.0,0.0,0.9869849537032277,0.4999999999997557
RipVIS-108_01152.jpg,0.49323953510778684,0.0,0.0,0.0,0.0,0.0,0.0,0.9864790702155737,0.4999999999997556
RipVIS-108_01158.jpg,0.49331524884235467,0.0,0.0,0.0,0.0,0.0,0.0,0.9866304976847093,0.4999999999997556
RipVIS-108_01164.jpg,0.4932378472219844,0.0,0.0,0.0,0.0,0.0,0.0,0.9864756944439688,0.4999999999997556
RipVIS-108_01170.jpg,0.49331476658926826,0.0,0.0,0.0,0.0,0.0,0.0,0.9866295331785365,0.4999999999997556
RipVIS-108_01176.jpg,0.4932139756942066,0.0,0.0,0.0,0.0,0.0,0.0,0.9864279513884132,0.49999999999975553
RipVIS-108_01182.jpg,0.49358651620346566,0.0,0.0,0.0,0.0,0.0,0.0,0.9871730324069313,0.49999999999975575
RipVIS-108_01188.jpg,0.4935894097219842,0.0,0.0,0.0,0.0,0.0,0.0,0.9871788194439683,0.49999999999975575
RipVIS-108_01194.jpg,0.49388117283926797,0.0,0.0,0.0,0.0,0.0,0.0,0.9877623456785359,0.49999999999975586
RipVIS-108_01200.jpg,0.4934022955244534,0.0,0.0,0.0,0.0,0.0,0.0,0.9868045910489068,0.49999999999975564
RipVIS-108_01206.jpg,0.4911316068670471,0.0,0.0,0.0,0.0,0.0,0.0,0.9822632137340942,0.49999999999975453
RipVIS-108_01212.jpg,0.4934587191355645,0.0,0.0,0.0,0.0,0.0,0.0,0.986917438271129,0.4999999999997557
RipVIS-108_01218.jpg,0.4935042920522311,0.0,0.0,0.0,0.0,0.0,0.0,0.9870085841044622,0.4999999999997557
RipVIS-108_01224.jpg,0.49369719328679895,0.0,0.0,0.0,0.0,0.0,0.0,0.9873943865735979,0.4999999999997558
RipVIS-108_01230.jpg,0.49367259837939154,0.0,0.0,0.0,0.0,0.0,0.0,0.9873451967587831,0.4999999999997558
RipVIS-108_01236.jpg,0.4934247202929719,0.0,0.0,0.0,0.0,0.0,0.0,0.9868494405859438,0.49999999999975564
RipVIS-108_01242.jpg,0.49225429205223176,0.0,0.0,0.0,0.0,0.0,0.0,0.9845085841044635,0.4999999999997551
RipVIS-108_01248.jpg,0.4936762152775397,0.0,0.0,0.0,0.0,0.0,0.0,0.9873524305550794,0.4999999999997558
RipVIS-108_01254.jpg,0.4939682195213667,0.0,0.0,0.0,0.0,0.0,0.0,0.9879364390427334,0.4999999999997559
RipVIS-108_01260.jpg,0.4942443094133419,0.0,0.0,0.0,0.0,0.0,0.0,0.9884886188266838,0.4999999999997561
RipVIS-108_01266.jpg,0.49301335841025606,0.0,0.0,0.0,0.0,0.0,0.0,0.9860267168205121,0.4999999999997555
RipVIS-108_01272.jpg,0.49303168402754,0.0,0.0,0.0,0.0,0.0,0.0,0.98606336805508,0.4999999999997555
RipVIS-108_01278.jpg,0.49293957368803387,0.0,0.0,0.0,0.0,0.0,0.0,0.9858791473760677,0.4999999999997554
RipVIS-108_01284.jpg,0.4930613425923548,0.0,0.0,0.0,0.0,0.0,0.0,0.9861226851847096,0.4999999999997555
RipVIS-108_01290.jpg,0.4931860050151943,0.0,0.0,0.0,0.0,0.0,0.0,0.9863720100303885,0.49999999999975553
RipVIS-108_01296.jpg,0.49275800540099696,0.0,0.0,0.0,0.0,0.0,0.0,0.9855160108019939,0.4999999999997553
RipVIS-108_01302.jpg,0.49302059220655237,0.0,0.0,0.0,0.0,0.0,0.0,0.9860411844131047,0.4999999999997555
RipVIS-108_01308.jpg,0.49311583719112023,0.0,0.0,0.0,0.0,0.0,0.0,0.9862316743822405,0.49999999999975553
RipVIS-108_01314.jpg,0.4923791956016144,0.0,0.0,0.0,0.0,0.0,0.0,0.9847583912032288,0.49999999999975514
RipVIS-108_01320.jpg,0.4923073398917379,0.0,0.0,0.0,0.0,0.0,0.0,0.9846146797834758,0.4999999999997551
RipVIS-108_01326.jpg,0.4939954668207494,0.0,0.0,0.0,0.0,0.0,0.0,0.9879909336414988,0.4999999999997559
RipVIS-108_01332.jpg,0.4930560378084042,0.0,0.0,0.0,0.0,0.0,0.0,0.9861120756168084,0.4999999999997555
RipVIS-108_01338.jpg,0.49387924382692233,0.0,0.0,0.0,0.0,0.0,0.0,0.9877584876538447,0.49999999999975586
RipVIS-108_01344.jpg,0.4929762249226018,0.0,0.0,0.0,0.0,0.0,0.0,0.9859524498452036,0.4999999999997554
RipVIS-108_01350.jpg,0.4928966531633425,0.0,0.0,0.0,0.0,0.0,0.0,0.985793306326685,0.4999999999997554
RipVIS-108_01356.jpg,0.49255135995346616,0.0,0.0,0.0,0.0,0.0,0.0,0.9851027199069323,0.49999999999975525
RipVIS-108_01362.jpg,0.49257137345655255,0.0,0.0,0.0,0.0,0.0,0.0,0.9851427469131051,0.49999999999975525
RipVIS-108_01368.jpg,0.49255425347198467,0.0,0.0,0.0,0.0,0.0,0.0,0.9851085069439693,0.49999999999975525
RipVIS-108_01374.jpg,0.4928332368824784,0.0,0.0,0.0,0.0,0.0,0.0,0.9856664737649568,0.49999999999975536
RipVIS-108_01380.jpg,0.49273341049358954,0.0,0.0,0.0,0.0,0.0,0.0,0.9854668209871791,0.4999999999997553
RipVIS-108_01386.jpg,0.4927973090275401,0.0,0.0,0.0,0.0,0.0,0.0,0.9855946180550802,0.49999999999975536
RipVIS-108_01392.jpg,0.4928380594133426,0.0,0.0,0.0,0.0,0.0,0.0,0.9856761188266852,0.49999999999975536
RipVIS-108_01398.jpg,0.49265817901210807,0.0,0.0,0.0,0.0,0.0,0.0,0.9853163580242161,0.49999999999975525
RipVIS-108_01404.jpg,0.4928055073300093,0.0,0.0,0.0,0.0,0.0,0.0,0.9856110146600185,0.49999999999975536
RipVIS-108_01410.jpg,0.49275125385778706,0.0,0.0,0.0,0.0,0.0,0.0,0.9855025077155741,0.4999999999997553
RipVIS-108_01416.jpg,0.4929195601849475,0.0,0.0,0.0,0.0,0.0,0.0,0.985839120369895,0.4999999999997554
RipVIS-108_01422.jpg,0.49302517361087334,0.0,0.0,0.0,0.0,0.0,0.0,0.9860503472217467,0.4999999999997555
RipVIS-108_01428.jpg,0.49324098186704607,0.0,0.0,0.0,0.0,0.0,0.0,0.9864819637340921,0.4999999999997556
RipVIS-108_01434.jpg,0.4932378472219844,0.0,0.0,0.0,0.0,0.0,0.0,0.9864756944439688,0.4999999999997556
RipVIS-108_01440.jpg,0.49107084297815823,0.0,0.0,0.0,0.0,0.0,0.0,0.9821416859563165,0.4999999999997545
RipVIS-108_01446.jpg,0.49413941936704564,0.0,0.0,0.0,0.0,0.0,0.0,0.9882788387340913,0.49999999999975603
RipVIS-108_01452.jpg,0.4941825810182802,0.0,0.0,0.0,0.0,0.0,0.0,0.9883651620365604,0.49999999999975603
RipVIS-108_01458.jpg,0.4942418981479098,0.0,0.0,0.0,0.0,0.0,0.0,0.9884837962958196,0.4999999999997561
RipVIS-108_01464.jpg,0.4942862654318604,0.0,0.0,0.0,0.0,0.0,0.0,0.9885725308637208,0.4999999999997561
RipVIS-108_01470.jpg,0.49100188078680024,0.0,0.0,0.0,0.0,0.0,0.0,0.9820037615736005,0.4999999999997545
RipVIS-108_01476.jpg,0.4915374228392691,0.0,0.0,0.0,0.0,0.0,0.0,0.9830748456785382,0.4999999999997547
RipVIS-108_01482.jpg,0.49166232638865176,0.0,0.0,0.0,0.0,0.0,0.0,0.9833246527773035,0.4999999999997548
RipVIS-108_01488.jpg,0.49198760609544173,0.0,0.0,0.0,0.0,0.0,0.0,0.9839752121908835,0.4999999999997549
RipVIS-108_01494.jpg,0.49194540895038,0.0,0.0,0.0,0.0,0.0,0.0,0.98389081790076,0.4999999999997549
RipVIS-108_01500.jpg,0.4920527102621084,0.0,0.0,0.0,0.0,0.0,0.0,0.9841054205242168,0.499999999999755
RipVIS-108_01506.jpg,0.4917766203701332,0.0,0.0,0.0,0.0,0.0,0.0,0.9835532407402664,0.49999999999975486
RipVIS-108_01512.jpg,0.49200882523124423,0.0,0.0,0.0,0.0,0.0,0.0,0.9840176504624885,0.499999999999755
RipVIS-108_01518.jpg,0.49177782600284925,0.0,0.0,0.0,0.0,0.0,0.0,0.9835556520056985,0.49999999999975486
RipVIS-108_01524.jpg,0.49176745756149126,0.0,0.0,0.0,0.0,0.0,0.0,0.9835349151229825,0.4999999999997548
RipVIS-108_01530.jpg,0.4917566068670468,0.0,0.0,0.0,0.0,0.0,0.0,0.9835132137340936,0.4999999999997548
RipVIS-108_01536.jpg,0.48974151234544283,0.0,0.0,0.0,0.0,0.0,0.0,0.9794830246908857,0.4999999999997538
RipVIS-108_01542.jpg,0.49105806327136814,0.0,0.0,0.0,0.0,0.0,0.0,0.9821161265427363,0.4999999999997545
RipVIS-108_01548.jpg,0.49198495370346645,0.0,0.0,0.0,0.0,0.0,0.0,0.9839699074069329,0.4999999999997549
RipVIS-108_01554.jpg,0.4898943865738378,0.0,0.0,0.0,0.0,0.0,0.0,0.9797887731476757,0.4999999999997539
RipVIS-108_01560.jpg,0.4910744598763064,0.0,0.0,0.0,0.0,0.0,0.0,0.9821489197526128,0.4999999999997545
RipVIS-108_01566.jpg,0.49126326195963965,0.0,0.0,0.0,0.0,0.0,0.0,0.9825265239192793,0.4999999999997546
RipVIS-108_01572.jpg,0.4925812596448242,0.0,0.0,0.0,0.0,0.0,0.0,0.9851625192896484,0.49999999999975525
RipVIS-108_01578.jpg,0.4898148148145786,0.0,0.0,0.0,0.0,0.0,0.0,0.9796296296291572,0.49999999999975386
RipVIS-108_01584.jpg,0.49139781057075066,0.0,0.0,0.0,0.0,0.0,0.0,0.9827956211415013,0.49999999999975464
RipVIS-108_01590.jpg,0.4916553337188987,0.0,0.0,0.0,0.0,0.0,0.0,0.9833106674377974,0.49999999999975475
RipVIS-108_01596.jpg,0.4899158468361835,0.0,0.0,0.0,0.0,0.0,0.0,0.979831693672367,0.4999999999997539
RipVIS-108_01602.jpg,0.4934582368824781,0.0,0.0,0.0,0.0,0.0,0.0,0.9869164737649562,0.4999999999997557
RipVIS-108_01608.jpg,0.4915738329472938,0.0,0.0,0.0,0.0,0.0,0.0,0.9831476658945876,0.49999999999975475
RipVIS-108_01614.jpg,0.4931792534719844,0.0,0.0,0.0,0.0,0.0,0.0,0.9863585069439688,0.49999999999975553
RipVIS-108_01620.jpg,0.492952353394824,0.0,0.0,0.0,0.0,0.0,0.0,0.985904706789648,0.4999999999997554
RipVIS-108_01626.jpg,0.4929296874997623,0.0,0.0,0.0,0.0,0.0,0.0,0.9858593749995246,0.4999999999997554
RipVIS-108_01632.jpg,0.49316333912013255,0.0,0.0,0.0,0.0,0.0,0.0,0.9863266782402651,0.49999999999975553
RipVIS-108_01638.jpg,0.493219039351614,0.0,0.0,0.0,0.0,0.0,0.0,0.986438078703228,0.49999999999975553
RipVIS-108_01644.jpg,0.4907899305553189,0.0,0.0,0.0,0.0,0.0,0.0,0.9815798611106378,0.49999999999975436
RipVIS-108_01650.jpg,0.493199508101614,0.0,0.0,0.0,0.0,0.0,0.0,0.986399016203228,0.49999999999975553
RipVIS-108_01656.jpg,0.49543161651210676,0.0,0.0,0.0,0.0,0.0,0.0,0.9908632330242135,0.49999999999975664
RipVIS-108_01662.jpg,0.49338035300902133,0.0,0.0,0.0,0.0,0.0,0.0,0.9867607060180427,0.49999999999975564
RipVIS-108_01668.jpg,0.49543957368803265,0.0,0.0,0.0,0.0,0.0,0.0,0.9908791473760653,0.49999999999975664
RipVIS-108_01674.jpg,0.49365451388865084,0.0,0.0,0.0,0.0,0.0,0.0,0.9873090277773017,0.49999999999975575
RipVIS-108_01680.jpg,0.49393156828679885,0.0,0.0,0.0,0.0,0.0,0.0,0.9878631365735977,0.4999999999997559
RipVIS-108_01686.jpg,0.49376567322507053,0.0,0.0,0.0,0.0,0.0,0.0,0.9875313464501411,0.4999999999997558
RipVIS-108_01692.jpg,0.4942346643516135,0.0,0.0,0.0,0.0,0.0,0.0,0.988469328703227,0.4999999999997561
RipVIS-108_01698.jpg,0.4938100405090211,0.0,0.0,0.0,0.0,0.0,0.0,0.9876200810180422,0.49999999999975586
RipVIS-108_01704.jpg,0.49388310185161366,0.0,0.0,0.0,0.0,0.0,0.0,0.9877662037032273,0.49999999999975586
RipVIS-108_01710.jpg,0.4942997685182801,0.0,0.0,0.0,0.0,0.0,0.0,0.9885995370365602,0.4999999999997561
RipVIS-108_01716.jpg,0.4943137538577863,0.0,0.0,0.0,0.0,0.0,0.0,0.9886275077155726,0.4999999999997561
RipVIS-108_01722.jpg,0.4943400366509962,0.0,0.0,0.0,0.0,0.0,0.0,0.9886800733019924,0.4999999999997561
RipVIS-108_01728.jpg,0.494904272762107,0.0,0.0,0.0,0.0,0.0,0.0,0.989808545524214,0.49999999999975636
RipVIS-108_01734.jpg,0.4949804687497613,0.0,0.0,0.0,0.0,0.0,0.0,0.9899609374995226,0.4999999999997564
RipVIS-108_01740.jpg,0.49525318287013154,0.0,0.0,0.0,0.0,0.0,0.0,0.9905063657402631,0.4999999999997566
RipVIS-108_01746.jpg,0.49525318287013154,0.0,0.0,0.0,0.0,0.0,0.0,0.9905063657402631,0.4999999999997566
RipVIS-108_01752.jpg,0.4952358217590204,0.0,0.0,0.0,0.0,0.0,0.0,0.9904716435180408,0.49999999999975653
RipVIS-108_01758.jpg,0.4947171585645762,0.0,0.0,0.0,0.0,0.0,0.0,0.9894343171291524,0.4999999999997563
RipVIS-108_01764.jpg,0.49531539351827963,0.0,0.0,0.0,0.0,0.0,0.0,0.9906307870365593,0.4999999999997566
RipVIS-108_01770.jpg,0.495313464505934,0.0,0.0,0.0,0.0,0.0,0.0,0.990626929011868,0.4999999999997566
RipVIS-108_01776.jpg,0.49534746334852653,0.0,0.0,0.0,0.0,0.0,0.0,0.9906949266970531,0.4999999999997566
RipVIS-108_01782.jpg,0.49534746334852653,0.0,0.0,0.0,0.0,0.0,0.0,0.9906949266970531,0.4999999999997566
RipVIS-108_01788.jpg,0.4952748842590204,0.0,0.0,0.0,0.0,0.0,0.0,0.9905497685180408,0.4999999999997566
RipVIS-108_01794.jpg,0.4932257908948239,0.0,0.0,0.0,0.0,0.0,0.0,0.9864515817896478,0.4999999999997556
RipVIS-108_01800.jpg,0.4932257908948239,0.0,0.0,0.0,0.0,0.0,0.0,0.9864515817896478,0.4999999999997556
RipVIS-108_01806.jpg,0.4933989197528485,0.0,0.0,0.0,0.0,0.0,0.0,0.986797839505697,0.49999999999975564
RipVIS-108_01812.jpg,0.4932810088732189,0.0,0.0,0.0,0.0,0.0,0.0,0.9865620177464378,0.4999999999997556
RipVIS-108_01818.jpg,0.4932810088732189,0.0,0.0,0.0,0.0,0.0,0.0,0.9865620177464378,0.4999999999997556
RipVIS-108_01824.jpg,0.49465374228371206,0.0,0.0,0.0,0.0,0.0,0.0,0.9893074845674241,0.49999999999975625
RipVIS-108_01830.jpg,0.49465326003062565,0.0,0.0,0.0,0.0,0.0,0.0,0.9893065200612513,0.49999999999975625
RipVIS-108_01836.jpg,0.4930965470676634,0.0,0.0,0.0,0.0,0.0,0.0,0.9861930941353269,0.4999999999997555
RipVIS-108_01842.jpg,0.4928308256170463,0.0,0.0,0.0,0.0,0.0,0.0,0.9856616512340926,0.49999999999975536
RipVIS-108_01848.jpg,0.4945929783948232,0.0,0.0,0.0,0.0,0.0,0.0,0.9891859567896464,0.49999999999975625
RipVIS-108_01854.jpg,0.49470461998432935,0.0,0.0,0.0,0.0,0.0,0.0,0.9894092399686587,0.4999999999997563
RipVIS-108_01860.jpg,0.4930830439812437,0.0,0.0,0.0,0.0,0.0,0.0,0.9861660879624874,0.4999999999997555
RipVIS-108_01866.jpg,0.49359567901210766,0.0,0.0,0.0,0.0,0.0,0.0,0.9871913580242153,0.49999999999975575
RipVIS-108_01872.jpg,0.49359567901210766,0.0,0.0,0.0,0.0,0.0,0.0,0.9871913580242153,0.49999999999975575
RipVIS-108_01878.jpg,0.49361858603371256,0.0,0.0,0.0,0.0,0.0,0.0,0.9872371720674251,0.49999999999975575
RipVIS-108_01884.jpg,0.49356505594112,0.0,0.0,0.0,0.0,0.0,0.0,0.98713011188224,0.49999999999975575
RipVIS-108_01890.jpg,0.4937801408176631,0.0,0.0,0.0,0.0,0.0,0.0,0.9875602816353262,0.49999999999975586
RipVIS-108_01896.jpg,0.49467279128062563,0.0,0.0,0.0,0.0,0.0,0.0,0.9893455825612513,0.49999999999975625
RipVIS-108_01902.jpg,0.4938411458330952,0.0,0.0,0.0,0.0,0.0,0.0,0.9876822916661904,0.49999999999975586
RipVIS-108_01908.jpg,0.4951082658176625,0.0,0.0,0.0,0.0,0.0,0.0,0.990216531635325,0.4999999999997565
RipVIS-108_01914.jpg,0.49417872299358884,0.0,0.0,0.0,0.0,0.0,0.0,0.9883574459871777,0.49999999999975603
RipVIS-108_01920.jpg,0.4942303240738357,0.0,0.0,0.0,0.0,0.0,0.0,0.9884606481476714,0.4999999999997561
RipVIS-108_01926.jpg,0.4942303240738357,0.0,0.0,0.0,0.0,0.0,0.0,0.9884606481476714,0.4999999999997561
RipVIS-108_01932.jpg,0.4940494791664284,0.0,0.0,0.0,0.0,0.0,0.0,0.9880989583328568,0.499999999999756
RipVIS-108_01938.jpg,0.4971407214503775,0.0,0.0,0.0,0.0,0.0,0.0,0.994281442900755,0.49999999999975747
RipVIS-108_01944.jpg,0.49380835262321865,0.0,0.0,0.0,0.0,0.0,0.0,0.9876167052464373,0.49999999999975586
RipVIS-108_01950.jpg,0.49380835262321865,0.0,0.0,0.0,0.0,0.0,0.0,0.9876167052464373,0.49999999999975586
RipVIS-108_01956.jpg,0.4938071469905026,0.0,0.0,0.0,0.0,0.0,0.0,0.9876142939810052,0.49999999999975586
RipVIS-108_01962.jpg,0.49373601466025574,0.0,0.0,0.0,0.0,0.0,0.0,0.9874720293205115,0.4999999999997558
RipVIS-108_01968.jpg,0.49360508294729283,0.0,0.0,0.0,0.0,0.0,0.0,0.9872101658945857,0.49999999999975575
RipVIS-108_01974.jpg,0.49360797646581134,0.0,0.0,0.0,0.0,0.0,0.0,0.9872159529316227,0.49999999999975575
RipVIS-108_01980.jpg,0.49389660493803345,0.0,0.0,0.0,0.0,0.0,0.0,0.9877932098760669,0.4999999999997559
RipVIS-108_01986.jpg,0.49387490354914454,0.0,0.0,0.0,0.0,0.0,0.0,0.9877498070982891,0.49999999999975586
RipVIS-108_01992.jpg,0.49387490354914454,0.0,0.0,0.0,0.0,0.0,0.0,0.9877498070982891,0.49999999999975586
RipVIS-108_01998.jpg,0.49435715663556407,0.0,0.0,0.0,0.0,0.0,0.0,0.9887143132711281,0.49999999999975614
RipVIS-108_02004.jpg,0.49435715663556407,0.0,0.0,0.0,0.0,0.0,0.0,0.9887143132711281,0.49999999999975614
RipVIS-108_02010.jpg,0.494453607252848,0.0,0.0,0.0,0.0,0.0,0.0,0.988907214505696,0.49999999999975614
RipVIS-108_02016.jpg,0.4944511959874159,0.0,0.0,0.0,0.0,0.0,0.0,0.9889023919748318,0.49999999999975614
RipVIS-108_02022.jpg,0.4944666280861813,0.0,0.0,0.0,0.0,0.0,0.0,0.9889332561723626,0.4999999999997562
RipVIS-108_02028.jpg,0.4944666280861813,0.0,0.0,0.0,0.0,0.0,0.0,0.9889332561723626,0.4999999999997562
RipVIS-108_02034.jpg,0.4946173321756874,0.0,0.0,0.0,0.0,0.0,0.0,0.9892346643513747,0.49999999999975625
RipVIS-109_00000.jpg,0.49671826774667405,0.0,0.0,0.0,0.0,0.0,0.0,0.9934365354933481,0.4999999999997573
RipVIS-109_00006.jpg,0.49693431712938996,0.0,0.0,0.0,0.0,0.0,0.0,0.9938686342587799,0.49999999999975736
RipVIS-109_00012.jpg,0.49706380208309364,0.0,0.0,0.0,0.0,0.0,0.0,0.9941276041661873,0.49999999999975747
RipVIS-109_00018.jpg,0.4971026234565504,0.0,0.0,0.0,0.0,0.0,0.0,0.9942052469131007,0.49999999999975747
RipVIS-109_00024.jpg,0.49696879822506895,0.0,0.0,0.0,0.0,0.0,0.0,0.9939375964501379,0.4999999999997574
RipVIS-109_00030.jpg,0.4966432773917358,0.0,0.0,0.0,0.0,0.0,0.0,0.9932865547834716,0.49999999999975725
RipVIS-109_00036.jpg,0.496540075231242,0.0,0.0,0.0,0.0,0.0,0.0,0.993080150462484,0.4999999999997572
RipVIS-109_00042.jpg,0.4962487943670446,0.0,0.0,0.0,0.0,0.0,0.0,0.9924975887340892,0.499999999999757
RipVIS-109_00048.jpg,0.49616054205222987,0.0,0.0,0.0,0.0,0.0,0.0,0.9923210841044597,0.499999999999757
RipVIS-109_00054.jpg,0.49598066165099536,0.0,0.0,0.0,0.0,0.0,0.0,0.9919613233019907,0.4999999999997569
RipVIS-109_00060.jpg,0.49590301890408184,0.0,0.0,0.0,0.0,0.0,0.0,0.9918060378081637,0.49999999999975686
RipVIS-109_00066.jpg,0.4959396701386497,0.0,0.0,0.0,0.0,0.0,0.0,0.9918793402772994,0.4999999999997569
RipVIS-109_00072.jpg,0.49566912615716835,0.0,0.0,0.0,0.0,0.0,0.0,0.9913382523143367,0.49999999999975675
RipVIS-109_00078.jpg,0.4957050540121066,0.0,0.0,0.0,0.0,0.0,0.0,0.9914101080242133,0.4999999999997568
RipVIS-109_00084.jpg,0.4959637827929707,0.0,0.0,0.0,0.0,0.0,0.0,0.9919275655859414,0.4999999999997569
RipVIS-109_00090.jpg,0.4960013985337114,0.0,0.0,0.0,0.0,0.0,0.0,0.9920027970674228,0.4999999999997569
RipVIS-109_00096.jpg,0.49584876543185963,0.0,0.0,0.0,0.0,0.0,0.0,0.9916975308637193,0.49999999999975686
RipVIS-109_00102.jpg,0.4956105324071684,0.0,0.0,0.0,0.0,0.0,0.0,0.9912210648143368,0.49999999999975675
RipVIS-109_00108.jpg,0.49591555748432875,0.0,0.0,0.0,0.0,0.0,0.0,0.9918311149686575,0.49999999999975686
RipVIS-109_00114.jpg,0.4959018132713658,0.0,0.0,0.0,0.0,0.0,0.0,0.9918036265427316,0.49999999999975686
RipVIS-109_00120.jpg,0.4982093942898832,0.0,0.0,0.0,0.0,0.0,0.0,0.9964187885797664,0.499999999999758
RipVIS-109_00126.jpg,0.496356095678773,0.0,0.0,0.0,0.0,0.0,0.0,0.992712191357546,0.4999999999997571
RipVIS-109_00132.jpg,0.4964161361880322,0.0,0.0,0.0,0.0,0.0,0.0,0.9928322723760644,0.49999999999975714
RipVIS-109_00138.jpg,0.4965000482250692,0.0,0.0,0.0,0.0,0.0,0.0,0.9930000964501384,0.4999999999997572
RipVIS-109_00144.jpg,0.49655237268494573,0.0,0.0,0.0,0.0,0.0,0.0,0.9931047453698915,0.4999999999997572
RipVIS-109_00150.jpg,0.4964313271602544,0.0,0.0,0.0,0.0,0.0,0.0,0.9928626543205088,0.49999999999975714
RipVIS-109_00156.jpg,0.4965911940584025,0.0,0.0,0.0,0.0,0.0,0.0,0.993182388116805,0.4999999999997572
RipVIS-109_00162.jpg,0.49457561728371213,0.0,0.0,0.0,0.0,0.0,0.0,0.9891512345674243,0.49999999999975625
RipVIS-109_00168.jpg,0.49428240740716906,0.0,0.0,0.0,0.0,0.0,0.0,0.9885648148143381,0.4999999999997561
RipVIS-109_00174.jpg,0.49457851080223064,0.0,0.0,0.0,0.0,0.0,0.0,0.9891570216044613,0.49999999999975625
RipVIS-109_00180.jpg,0.49477671682074903,0.0,0.0,0.0,0.0,0.0,0.0,0.9895534336414981,0.4999999999997563
RipVIS-109_00186.jpg,0.49474995177445275,0.0,0.0,0.0,0.0,0.0,0.0,0.9894999035489055,0.4999999999997563
RipVIS-109_00192.jpg,0.49480613425902065,0.0,0.0,0.0,0.0,0.0,0.0,0.9896122685180413,0.49999999999975636
RipVIS-109_00198.jpg,0.4948890817898848,0.0,0.0,0.0,0.0,0.0,0.0,0.9897781635797696,0.49999999999975636
RipVIS-109_00204.jpg,0.4952871817127241,0.0,0.0,0.0,0.0,0.0,0.0,0.9905743634254482,0.4999999999997566
RipVIS-109_00210.jpg,0.4951632426695143,0.0,0.0,0.0,0.0,0.0,0.0,0.9903264853390286,0.49999999999975653
RipVIS-109_00216.jpg,0.4953117766201315,0.0,0.0,0.0,0.0,0.0,0.0,0.990623553240263,0.4999999999997566
RipVIS-109_00222.jpg,0.49547622492260057,0.0,0.0,0.0,0.0,0.0,0.0,0.9909524498452011,0.4999999999997567
RipVIS-109_00228.jpg,0.495566406249761,0.0,0.0,0.0,0.0,0.0,0.0,0.991132812499522,0.4999999999997567
RipVIS-109_00234.jpg,0.49553120177445237,0.0,0.0,0.0,0.0,0.0,0.0,0.9910624035489047,0.4999999999997567
RipVIS-109_00240.jpg,0.4956995081016128,0.0,0.0,0.0,0.0,0.0,0.0,0.9913990162032256,0.4999999999997568
RipVIS-109_00246.jpg,0.4953518036263043,0.0,0.0,0.0,0.0,0.0,0.0,0.9907036072526086,0.4999999999997566
RipVIS-109_00252.jpg,0.4953216628084031,0.0,0.0,0.0,0.0,0.0,0.0,0.9906433256168062,0.4999999999997566
RipVIS-109_00258.jpg,0.4953288966046994,0.0,0.0,0.0,0.0,0.0,0.0,0.9906577932093988,0.4999999999997566
RipVIS-109_00264.jpg,0.495338782792971,0.0,0.0,0.0,0.0,0.0,0.0,0.990677565585942,0.4999999999997566
RipVIS-109_00270.jpg,0.4953843557096376,0.0,0.0,0.0,0.0,0.0,0.0,0.9907687114192752,0.49999999999975664
RipVIS-109_00276.jpg,0.4954470486108722,0.0,0.0,0.0,0.0,0.0,0.0,0.9908940972217444,0.49999999999975664
RipVIS-109_00282.jpg,0.49521484374976116,0.0,0.0,0.0,0.0,0.0,0.0,0.9904296874995223,0.49999999999975653
RipVIS-109_00288.jpg,0.4951965181324772,0.0,0.0,0.0,0.0,0.0,0.0,0.9903930362649545,0.49999999999975653
RipVIS-109_00294.jpg,0.4950896990738353,0.0,0.0,0.0,0.0,0.0,0.0,0.9901793981476706,0.4999999999997565
RipVIS-109_00300.jpg,0.49506389853371185,0.0,0.0,0.0,0.0,0.0,0.0,0.9901277970674237,0.4999999999997565
RipVIS-109_00306.jpg,0.4950694444442057,0.0,0.0,0.0,0.0,0.0,0.0,0.9901388888884114,0.4999999999997565
RipVIS-109_00312.jpg,0.49523148148124263,0.0,0.0,0.0,0.0,0.0,0.0,0.9904629629624853,0.49999999999975653
RipVIS-109_00318.jpg,0.4950291763114897,0.0,0.0,0.0,0.0,0.0,0.0,0.9900583526229794,0.4999999999997565
RipVIS-109_00324.jpg,0.4951073013114896,0.0,0.0,0.0,0.0,0.0,0.0,0.9902146026229792,0.4999999999997565
RipVIS-109_00330.jpg,0.4951041666664279,0.0,0.0,0.0,0.0,0.0,0.0,0.9902083333328559,0.4999999999997565
RipVIS-109_00336.jpg,0.49518856095655134,0.0,0.0,0.0,0.0,0.0,0.0,0.9903771219131027,0.49999999999975653
RipVIS-109_00342.jpg,0.49463614004605777,0.0,0.0,0.0,0.0,0.0,0.0,0.9892722800921155,0.49999999999975625
RipVIS-109_00348.jpg,0.49464361496889725,0.0,0.0,0.0,0.0,0.0,0.0,0.9892872299377945,0.49999999999975625
RipVIS-109_00354.jpg,0.4948570119596379,0.0,0.0,0.0,0.0,0.0,0.0,0.9897140239192758,0.49999999999975636
RipVIS-109_00360.jpg,0.4950554591046995,0.0,0.0,0.0,0.0,0.0,0.0,0.990110918209399,0.4999999999997565
RipVIS-109_00366.jpg,0.49505570023124273,0.0,0.0,0.0,0.0,0.0,0.0,0.9901114004624855,0.4999999999997565
RipVIS-109_00372.jpg,0.49516179591025505,0.0,0.0,0.0,0.0,0.0,0.0,0.9903235918205101,0.49999999999975653
RipVIS-109_00378.jpg,0.4953354070213661,0.0,0.0,0.0,0.0,0.0,0.0,0.9906708140427322,0.4999999999997566
RipVIS-109_00384.jpg,0.4952859760800081,0.0,0.0,0.0,0.0,0.0,0.0,0.9905719521600161,0.4999999999997566
RipVIS-109_00390.jpg,0.4952866994596377,0.0,0.0,0.0,0.0,0.0,0.0,0.9905733989192754,0.4999999999997566
RipVIS-109_00396.jpg,0.4986627121911175,0.0,0.0,0.0,0.0,0.0,0.0,0.997325424382235,0.49999999999975825
RipVIS-109_00402.jpg,0.49532045717568707,0.0,0.0,0.0,0.0,0.0,0.0,0.9906409143513741,0.4999999999997566
RipVIS-109_00408.jpg,0.49540991512321786,0.0,0.0,0.0,0.0,0.0,0.0,0.9908198302464357,0.49999999999975664
RipVIS-109_00414.jpg,0.4954967206787734,0.0,0.0,0.0,0.0,0.0,0.0,0.9909934413575467,0.4999999999997567
RipVIS-109_00420.jpg,0.49535734953679816,0.0,0.0,0.0,0.0,0.0,0.0,0.9907146990735963,0.49999999999975664
RipVIS-109_00426.jpg,0.4953814621911191,0.0,0.0,0.0,0.0,0.0,0.0,0.9907629243822382,0.49999999999975664
RipVIS-109_00432.jpg,0.495413532021366,0.0,0.0,0.0,0.0,0.0,0.0,0.990827064042732,0.49999999999975664
RipVIS-109_00438.jpg,0.4955198688269215,0.0,0.0,0.0,0.0,0.0,0.0,0.991039737653843,0.4999999999997567
RipVIS-109_00444.jpg,0.49555242091025486,0.0,0.0,0.0,0.0,0.0,0.0,0.9911048418205097,0.4999999999997567
RipVIS-109_00450.jpg,0.4954275173608722,0.0,0.0,0.0,0.0,0.0,0.0,0.9908550347217444,0.49999999999975664
RipVIS-109_00456.jpg,0.4954805652003783,0.0,0.0,0.0,0.0,0.0,0.0,0.9909611304007566,0.4999999999997567
RipVIS-109_00462.jpg,0.4955316840275388,0.0,0.0,0.0,0.0,0.0,0.0,0.9910633680550776,0.4999999999997567
RipVIS-109_00468.jpg,0.49557532793185977,0.0,0.0,0.0,0.0,0.0,0.0,0.9911506558637195,0.4999999999997567
RipVIS-109_00474.jpg,0.49576943479914365,0.0,0.0,0.0,0.0,0.0,0.0,0.9915388695982873,0.4999999999997568
RipVIS-109_00480.jpg,0.49584900655840286,0.0,0.0,0.0,0.0,0.0,0.0,0.9916980131168057,0.49999999999975686
RipVIS-109_00486.jpg,0.4958895158176621,0.0,0.0,0.0,0.0,0.0,0.0,0.9917790316353242,0.49999999999975686
RipVIS-109_00492.jpg,0.4944104456016134,0.0,0.0,0.0,0.0,0.0,0.0,0.9888208912032268,0.49999999999975614
RipVIS-109_00498.jpg,0.49604624807074843,0.0,0.0,0.0,0.0,0.0,0.0,0.9920924961414969,0.49999999999975697
RipVIS-109_00504.jpg,0.4960648148145756,0.0,0.0,0.0,0.0,0.0,0.0,0.9921296296291512,0.49999999999975697
RipVIS-109_00510.jpg,0.49433690200593444,0.0,0.0,0.0,0.0,0.0,0.0,0.9886738040118689,0.4999999999997561
RipVIS-109_00516.jpg,0.4958451485337115,0.0,0.0,0.0,0.0,0.0,0.0,0.991690297067423,0.49999999999975686
RipVIS-109_00522.jpg,0.4957829378855634,0.0,0.0,0.0,0.0,0.0,0.0,0.9915658757711268,0.4999999999997568
RipVIS-109_00528.jpg,0.49562041859544,0.0,0.0,0.0,0.0,0.0,0.0,0.99124083719088,0.49999999999975675
RipVIS-109_00534.jpg,0.49543957368803265,0.0,0.0,0.0,0.0,0.0,0.0,0.9908791473760653,0.49999999999975664
RipVIS-109_00540.jpg,0.4953722993824772,0.0,0.0,0.0,0.0,0.0,0.0,0.9907445987649544,0.49999999999975664
RipVIS-109_00546.jpg,0.4956440489966746,0.0,0.0,0.0,0.0,0.0,0.0,0.9912880979933492,0.49999999999975675
RipVIS-109_00552.jpg,0.49565851658926713,0.0,0.0,0.0,0.0,0.0,0.0,0.9913170331785343,0.49999999999975675
RipVIS-109_00558.jpg,0.4957052951386498,0.0,0.0,0.0,0.0,0.0,0.0,0.9914105902772996,0.4999999999997568
RipVIS-109_00564.jpg,0.49568696952136587,0.0,0.0,0.0,0.0,0.0,0.0,0.9913739390427317,0.49999999999975675
RipVIS-109_00570.jpg,0.49567346643494614,0.0,0.0,0.0,0.0,0.0,0.0,0.9913469328698923,0.49999999999975675
RipVIS-109_00576.jpg,0.4961017071756867,0.0,0.0,0.0,0.0,0.0,0.0,0.9922034143513734,0.49999999999975697
RipVIS-109_00582.jpg,0.49618296682074836,0.0,0.0,0.0,0.0,0.0,0.0,0.9923659336414967,0.499999999999757
RipVIS-109_00588.jpg,0.4961070119596373,0.0,0.0,0.0,0.0,0.0,0.0,0.9922140239192746,0.49999999999975697
RipVIS-109_00594.jpg,0.4953464988423537,0.0,0.0,0.0,0.0,0.0,0.0,0.9906929976847074,0.4999999999997566
RipVIS-109_00600.jpg,0.4966131365738346,0.0,0.0,0.0,0.0,0.0,0.0,0.9932262731476692,0.49999999999975725
RipVIS-109_00606.jpg,0.4966951195985259,0.0,0.0,0.0,0.0,0.0,0.0,0.9933902391970518,0.49999999999975725
RipVIS-109_00612.jpg,0.4967491319442049,0.0,0.0,0.0,0.0,0.0,0.0,0.9934982638884098,0.4999999999997573
RipVIS-109_00618.jpg,0.49677010995346416,0.0,0.0,0.0,0.0,0.0,0.0,0.9935402199069283,0.4999999999997573
RipVIS-109_00624.jpg,0.4967980806324765,0.0,0.0,0.0,0.0,0.0,0.0,0.993596161264953,0.4999999999997573
RipVIS-109_00630.jpg,0.4971522955244516,0.0,0.0,0.0,0.0,0.0,0.0,0.9943045910489032,0.49999999999975747
RipVIS-109_00636.jpg,0.4972330729164269,0.0,0.0,0.0,0.0,0.0,0.0,0.9944661458328538,0.4999999999997575
RipVIS-109_00642.jpg,0.49744188850284654,0.0,0.0,0.0,0.0,0.0,0.0,0.9948837770056931,0.49999999999975764
RipVIS-109_00648.jpg,0.4966948784719827,0.0,0.0,0.0,0.0,0.0,0.0,0.9933897569439654,0.49999999999975725
RipVIS-109_00654.jpg,0.4963447627312421,0.0,0.0,0.0,0.0,0.0,0.0,0.9926895254624842,0.4999999999997571
RipVIS-121_00000.jpg,0.9543505324380159,0.9237208655763062,0.9603481275331273,0.992609458363159,0.9301178692270253,0.9794482707819233,0.1619909501773783,0.9872916666609531,0.9894626851946118
RipVIS-121_00030.jpg,0.9404945218312413,0.9005708354644327,0.9476845784012726,0.9716322645301918,0.9248889678122264,0.9619094073564951,0.12658976630387764,0.9833680555498647,0.9785768524912959
RipVIS-121_00060.jpg,0.9262266966701882,0.8765372055555987,0.9342071161291753,0.9749236891551747,0.8967551622100168,0.9582184549714798,0.10068846812946401,0.9794328703647023,0.9775754445851417
RipVIS-121_00090.jpg,0.9262756872038085,0.8766886040569211,0.9342930970665505,0.9789966347820757,0.8934938397679425,0.9606115121566127,0.07845334825484636,0.9793981481424803,0.9792327114209279
RipVIS-121_00120.jpg,0.9114395395335776,0.8527046048377,0.9204970966350012,0.9882695668678085,0.8614233477498163,0.9599972833469166,0.1812307691750059,0.9745659722165824,0.9802182215999912
RipVIS-121_00150.jpg,0.8317228178920866,0.724347482582591,0.8401409691481914,0.926218043324026,0.7687024377412388,0.8897539637514557,0.11279268985928251,0.9474999999945167,0.9387213484325205
RipVIS-121_00180.jpg,0.8502147171424876,0.7597550792997563,0.8634782058445075,0.990062382090887,0.7655934484864934,0.935221728882311,0.12041737165244858,0.9500462962907983,0.9662557482901124
RipVIS-121_00210.jpg,0.8792579369987582,0.8076471070319591,0.893589355898192,0.9972328147336674,0.8094611991998942,0.9530182728216772,0.07692307690140235,0.959270833327782,0.9743230995481624
RipVIS-121_00240.jpg,0.8383148097118989,0.7504423085939262,0.8574316387459034,0.9935741191797165,0.7541022991914542,0.9342389589670629,0.05458989678039384,0.9395949074019699,0.9605464516933094
RipVIS-121_00270.jpg,0.8498126578084015,0.7688191223506048,0.8693021379471656,0.9984247590499622,0.7697528218133601,0.9424308155197145,0.03701716737204475,0.9437499999945385,0.964784503944841
RipVIS-121_00300.jpg,0.8556722738401097,0.7857506469099022,0.8800228052775235,0.9972273069614185,0.7874710371194976,0.9467886625603803,0.03866700584109209,0.94154513888344,0.9617620036674875
RipVIS-121_00330.jpg,0.8939716717186553,0.8466343650973724,0.9169485644796064,0.9721589994488778,0.8676721042193973,0.9492957620003323,0.11696065125726984,0.9556712962907657,0.9611419499346037
RipVIS-121_00360.jpg,0.9317412984166097,0.9064757182695783,0.9509438904287176,0.9565454682144583,0.9454075369044045,0.9542969366067606,0.06149023388919936,0.9696527777721663,0.9660092296239449
RipVIS-121_00390.jpg,0.9376147184062882,0.9169707875596278,0.9566872834060913,0.9369189792776541,0.9773077612300177,0.9447274491457879,0.06215846993120253,0.9714293981425264,0.9629361704076027
RipVIS-121_00420.jpg,0.9449093915779418,0.9275799041491284,0.962429523313152,0.9712073929592385,0.9538089029452952,0.9676771008338401,0.11483019787079643,0.9745486111054713,0.9737220598757454
RipVIS-121_00450.jpg,0.9319677764677687,0.9127936929058966,0.9544089321197936,0.9297765762752679,0.9803819648052384,0.939475350200367,0.1089774363636636,0.9676736111055111,0.9595659936328378
RipVIS-121_00480.jpg,0.9519939516329459,0.9391999259331493,0.9686468252944093,0.9677768062798223,0.9695184099730934,0.9681246262865285,0.1515831463097524,0.977193287031382,0.975180090655346
RipVIS-121_00510.jpg,0.8571187831839786,0.8092583536950406,0.8945746770131483,0.812848933335306,0.9945712053327476,0.8436793719305997,0.04786364696524313,0.9322800925871975,0.9052116239568038
RipVIS-128_00000.jpg,0.7078311479348433,0.520916812219278,0.6850036872946013,0.6963762475958046,0.6739966101314057,0.6917822081634417,0.004189636163043325,0.9055543499227303,0.8190566324401574
RipVIS-128_00030.jpg,0.7358694588581589,0.5669278272672351,0.7236170261344745,0.6740001232056825,0.7811195895874113,0.6930073477803587,0.011032943874204823,0.9153583140430995,0.8184215561650408
RipVIS-128_00060.jpg,0.8063132447196601,0.6823908619954088,0.8112156068014486,0.7649369834398361,0.8634545336924461,0.782800005965895,0.019596794389569346,0.9393295476464917,0.8700445021672236
RipVIS-128_00090.jpg,0.8477345340641567,0.7510163108180704,0.8578061851030931,0.829946359255047,0.8876013879053465,0.8408702717847345,0.012077294685616335,0.952424045138774,0.9039875405183204
RipVIS-128_00120.jpg,0.8470962702354407,0.7505737897694481,0.857517454169469,0.8290003066221348,0.888066443848033,0.8401764929019038,0.012987790279716669,0.9517969955631568,0.9034200953548488
RipVIS-128_00150.jpg,0.8218573720177631,0.7048309178739258,0.8268631340319802,0.7462546538649186,0.9269946801500589,0.7765355292520759,0.012584516838258727,0.9466671489196389,0.8670805840617873
RipVIS-128_00180.jpg,0.7946188967770439,0.6506568238606641,0.7883611111107462,0.687630834237311,0.9236682461977066,0.7246676553256856,0.015635346920181172,0.9448857060184046,0.838829583399775
RipVIS-128_00210.jpg,0.8310012491600776,0.71112749940143,0.8311800256265998,0.9000602489004826,0.7720929429928023,0.8711821623240351,0.005024952675786441,0.9561748890816748,0.931938679993448
RipVIS-128_00240.jpg,0.9119326415715165,0.8515877427317003,0.9198459495906239,0.954518202361335,0.887604300766032,0.9403402993922245,0.019581386164036683,0.9760821759258083,0.9671107381166861
RipVIS-128_00270.jpg,0.8016983856099598,0.6742088527088055,0.8054059105206158,0.7790507292806108,0.8336067133529231,0.7893830766256902,0.01297744168120426,0.9382385706017387,0.8742657768469826
RipVIS-128_00300.jpg,0.6700222298290248,0.4777984548463195,0.6466354776314976,0.5357672944502779,0.8153609437100161,0.5752165455657074,0.016113614638259128,0.8776651716819929,0.7518629983887873
RipVIS-128_00330.jpg,0.6477613311727914,0.4460524201629712,0.61692427458847,0.480495735618844,0.8615453202922982,0.527123634912153,0.01077940830750598,0.8657435136958832,0.7290394413712705
RipVIS-128_00360.jpg,0.6126699924615906,0.3836528545497568,0.5545507361737756,0.3959035815059385,0.9253642799210432,0.44706221801782575,0.005517095969163401,0.8558884307483535,0.6932744312120247
RipVIS-128_00390.jpg,0.6780633461608413,0.4948381575361928,0.6620625183287936,0.5955494011783777,0.7453003664153696,0.6204837902354939,0.004582246303947346,0.8778815827545238,0.7721971723344631
RipVIS-128_00420.jpg,0.6845598967769319,0.5013666246916911,0.66788033841454,0.6135533398037252,0.7327627152702687,0.6341878891947745,0.0060541755084866375,0.883274377893412,0.7803129963764229
RipVIS-128_00450.jpg,0.8146959409621881,0.7056882793219366,0.8274528093755436,0.8207132492003358,0.8343039743157376,0.8233958558003389,0.010075398678518869,0.9355027488424797,0.8914340805131306
RipVIS-128_00480.jpg,0.7588001746215046,0.6171344618535737,0.7632444628583437,0.8397100281910888,0.6995427884713765,0.8073560751828563,0.005038488453287667,0.9142270688656305,0.8843121672616329
RipVIS-128_00510.jpg,0.7781084290839448,0.6395449212198652,0.780149312095733,0.788840353060645,0.7716476911170367,0.7853408029192251,0.005682866526230382,0.9274048755785919,0.8716427536958575
RipVIS-128_00570.jpg,0.870121064529901,0.7961632865488555,0.8865154883313555,0.8796219336231206,0.8935179454138668,0.8823664503197729,0.014649642239864001,0.9541036120755022,0.9263951007822308
RipVIS-128_00600.jpg,0.7910698926505573,0.6699628175386599,0.802368544380061,0.8027565570089925,0.8019809066614508,0.8026013069337274,0.003519327921793741,0.925464891975197,0.8783605516130367
RipVIS-129_00000.jpg,0.47360050154315275,0.0,0.0,0.0,0.0,0.0,0.0,0.9472010030863055,0.49999999999993633
RipVIS-129_00030.jpg,0.47360050154315275,0.0,0.0,0.0,0.0,0.0,0.0,0.9472010030863055,0.49999999999993633
RipVIS-129_00060.jpg,0.4730632716048812,0.0,0.0,0.0,0.0,0.0,0.0,0.9461265432097624,0.4999999999999363
RipVIS-129_00090.jpg,0.4730632716048812,0.0,0.0,0.0,0.0,0.0,0.0,0.9461265432097624,0.4999999999999363
RipVIS-129_00120.jpg,0.4730632716048812,0.0,0.0,0.0,0.0,0.0,0.0,0.9461265432097624,0.4999999999999363
RipVIS-129_00150.jpg,0.4748551432291094,0.0,0.0,0.0,0.0,0.0,0.0,0.9497102864582188,0.4999999999999365
RipVIS-129_00180.jpg,0.4748551432291094,0.0,0.0,0.0,0.0,0.0,0.0,0.9497102864582188,0.4999999999999365
RipVIS-129_00210.jpg,0.4748551432291094,0.0,0.0,0.0,0.0,0.0,0.0,0.9497102864582188,0.4999999999999365
RipVIS-129_00240.jpg,0.47545808015040564,0.0,0.0,0.0,0.0,0.0,0.0,0.9509161603008113,0.4999999999999366
RipVIS-129_00270.jpg,0.47545808015040564,0.0,0.0,0.0,0.0,0.0,0.0,0.9509161603008113,0.4999999999999366
RipVIS-129_00300.jpg,0.47471601321367735,0.0,0.0,0.0,0.0,0.0,0.0,0.9494320264273547,0.4999999999999365
RipVIS-129_00330.jpg,0.47471601321367735,0.0,0.0,0.0,0.0,0.0,0.0,0.9494320264273547,0.4999999999999365
RipVIS-129_00360.jpg,0.4750245949073501,0.0,0.0,0.0,0.0,0.0,0.0,0.9500491898147002,0.49999999999993655
RipVIS-129_00390.jpg,0.4750245949073501,0.0,0.0,0.0,0.0,0.0,0.0,0.9500491898147002,0.49999999999993655
RipVIS-129_00420.jpg,0.4750021701388316,0.0,0.0,0.0,0.0,0.0,0.0,0.9500043402776632,0.49999999999993655
RipVIS-129_00450.jpg,0.47543487172062165,0.0,0.0,0.0,0.0,0.0,0.0,0.9508697434412433,0.4999999999999366
RipVIS-129_00480.jpg,0.47578649450225746,0.0,0.0,0.0,0.0,0.0,0.0,0.9515729890045149,0.49999999999993666
RipVIS-129_00510.jpg,0.4760916401426895,0.0,0.0,0.0,0.0,0.0,0.0,0.952183280285379,0.49999999999993666
RipVIS-129_00540.jpg,0.4769388382522573,0.0,0.0,0.0,0.0,0.0,0.0,0.9538776765045146,0.4999999999999368
RipVIS-129_00570.jpg,0.4773838975693869,0.0,0.0,0.0,0.0,0.0,0.0,0.9547677951387737,0.49999999999993683
RipVIS-129_00600.jpg,0.4773838975693869,0.0,0.0,0.0,0.0,0.0,0.0,0.9547677951387737,0.49999999999993683
RipVIS-129_00630.jpg,0.4773838975693869,0.0,0.0,0.0,0.0,0.0,0.0,0.9547677951387737,0.49999999999993683
RipVIS-129_00660.jpg,0.4773838975693869,0.0,0.0,0.0,0.0,0.0,0.0,0.9547677951387737,0.49999999999993683
RipVIS-129_00690.jpg,0.4775180242090474,0.0,0.0,0.0,0.0,0.0,0.0,0.9550360484180948,0.4999999999999369
RipVIS-129_00720.jpg,0.477313066647319,0.0,0.0,0.0,0.0,0.0,0.0,0.954626133294638,0.49999999999993683
RipVIS-129_00750.jpg,0.4774866174767943,0.0,0.0,0.0,0.0,0.0,0.0,0.9549732349535885,0.4999999999999369
RipVIS-129_00780.jpg,0.4774866174767943,0.0,0.0,0.0,0.0,0.0,0.0,0.9549732349535885,0.4999999999999369
RipVIS-129_00810.jpg,0.47592387635025124,0.0,0.0,0.0,0.0,0.0,0.0,0.9518477527005025,0.49999999999993666
RipVIS-129_00840.jpg,0.47592387635025124,0.0,0.0,0.0,0.0,0.0,0.0,0.9518477527005025,0.49999999999993666
RipVIS-129_00870.jpg,0.4760230396411463,0.0,0.0,0.0,0.0,0.0,0.0,0.9520460792822926,0.49999999999993666
RipVIS-129_00900.jpg,0.4760230396411463,0.0,0.0,0.0,0.0,0.0,0.0,0.9520460792822926,0.49999999999993666
RipVIS-129_00930.jpg,0.4760230396411463,0.0,0.0,0.0,0.0,0.0,0.0,0.9520460792822926,0.49999999999993666
RipVIS-129_00960.jpg,0.4757368224343562,0.0,0.0,0.0,0.0,0.0,0.0,0.9514736448687124,0.4999999999999366
RipVIS-129_00990.jpg,0.47580801504623893,0.0,0.0,0.0,0.0,0.0,0.0,0.9516160300924779,0.49999999999993666
RipVIS-129_01020.jpg,0.47580801504623893,0.0,0.0,0.0,0.0,0.0,0.0,0.9516160300924779,0.49999999999993666
RipVIS-129_01050.jpg,0.47449315200611564,0.0,0.0,0.0,0.0,0.0,0.0,0.9489863040122313,0.49999999999993644
RipVIS-129_01080.jpg,0.4737820698301898,0.0,0.0,0.0,0.0,0.0,0.0,0.9475641396603796,0.4999999999999364
RipVIS-129_01110.jpg,0.4742355082946959,0.0,0.0,0.0,0.0,0.0,0.0,0.9484710165893918,0.49999999999993644
RipVIS-129_01140.jpg,0.4742355082946959,0.0,0.0,0.0,0.0,0.0,0.0,0.9484710165893918,0.49999999999993644
RipVIS-129_01170.jpg,0.47279996141969605,0.0,0.0,0.0,0.0,0.0,0.0,0.9455999228393921,0.4999999999999362
RipVIS-129_01200.jpg,0.47306134259253557,0.0,0.0,0.0,0.0,0.0,0.0,0.9461226851850711,0.4999999999999363
RipVIS-129_01230.jpg,0.4740582200038009,0.0,0.0,0.0,0.0,0.0,0.0,0.9481164400076018,0.4999999999999364
RipVIS-129_01260.jpg,0.4740582200038009,0.0,0.0,0.0,0.0,0.0,0.0,0.9481164400076018,0.4999999999999364
RipVIS-129_01290.jpg,0.4773499590084301,0.0,0.0,0.0,0.0,0.0,0.0,0.9546999180168602,0.49999999999993683
RipVIS-129_01320.jpg,0.47685661410102276,0.0,0.0,0.0,0.0,0.0,0.0,0.9537132282020455,0.4999999999999368
RipVIS-129_01350.jpg,0.47719509548605354,0.0,0.0,0.0,0.0,0.0,0.0,0.9543901909721071,0.49999999999993683
RipVIS-129_01380.jpg,0.47960111641583725,0.0,0.0,0.0,0.0,0.0,0.0,0.9592022328316745,0.49999999999993716
RipVIS-129_01410.jpg,0.47980969087571373,0.0,0.0,0.0,0.0,0.0,0.0,0.9596193817514275,0.49999999999993716
RipVIS-129_01440.jpg,0.47980969087571373,0.0,0.0,0.0,0.0,0.0,0.0,0.9596193817514275,0.49999999999993716
RipVIS-129_01470.jpg,0.4768438343942326,0.0,0.0,0.0,0.0,0.0,0.0,0.9536876687884652,0.4999999999999368
RipVIS-129_01500.jpg,0.4768438343942326,0.0,0.0,0.0,0.0,0.0,0.0,0.9536876687884652,0.4999999999999368
RipVIS-129_01530.jpg,0.4772576075423807,0.0,0.0,0.0,0.0,0.0,0.0,0.9545152150847614,0.49999999999993683
RipVIS-129_01560.jpg,0.4782072241511769,0.0,0.0,0.0,0.0,0.0,0.0,0.9564144483023538,0.49999999999993694
RipVIS-129_01590.jpg,0.4788561559605904,0.0,0.0,0.0,0.0,0.0,0.0,0.9577123119211808,0.49999999999993705
RipVIS-129_01620.jpg,0.4788561559605904,0.0,0.0,0.0,0.0,0.0,0.0,0.9577123119211808,0.49999999999993705
RipVIS-129_01650.jpg,0.48364010657787376,0.0,0.0,0.0,0.0,0.0,0.0,0.9672802131557475,0.49999999999993766
RipVIS-129_01680.jpg,0.48364010657787376,0.0,0.0,0.0,0.0,0.0,0.0,0.9672802131557475,0.49999999999993766
RipVIS-129_01710.jpg,0.48364010657787376,0.0,0.0,0.0,0.0,0.0,0.0,0.9672802131557475,0.49999999999993766
RipVIS-129_01740.jpg,0.48364010657787376,0.0,0.0,0.0,0.0,0.0,0.0,0.9672802131557475,0.49999999999993766
RipVIS-129_01770.jpg,0.48164098668975674,0.0,0.0,0.0,0.0,0.0,0.0,0.9632819733795135,0.4999999999999374
RipVIS-129_01800.jpg,0.4812211853780284,0.0,0.0,0.0,0.0,0.0,0.0,0.9624423707560568,0.49999999999993733
RipVIS-129_01830.jpg,0.4812211853780284,0.0,0.0,0.0,0.0,0.0,0.0,0.9624423707560568,0.49999999999993733
RipVIS-129_01860.jpg,0.4812211853780284,0.0,0.0,0.0,0.0,0.0,0.0,0.9624423707560568,0.49999999999993733
RipVIS-129_01890.jpg,0.4812211853780284,0.0,0.0,0.0,0.0,0.0,0.0,0.9624423707560568,0.49999999999993733
RipVIS-129_01920.jpg,0.4812211853780284,0.0,0.0,0.0,0.0,0.0,0.0,0.9624423707560568,0.49999999999993733
RipVIS-129_01950.jpg,0.48143548659330615,0.0,0.0,0.0,0.0,0.0,0.0,0.9628709731866123,0.4999999999999374
RipVIS-129_01980.jpg,0.48143548659330615,0.0,0.0,0.0,0.0,0.0,0.0,0.9628709731866123,0.4999999999999374
RipVIS-129_02010.jpg,0.4819944782021024,0.0,0.0,0.0,0.0,0.0,0.0,0.9639889564042048,0.49999999999993744
RipVIS-129_02040.jpg,0.4789723186727817,0.0,0.0,0.0,0.0,0.0,0.0,0.9579446373455635,0.49999999999993705
RipVIS-133_00000.jpg,0.8107284536307999,0.6288203695574689,0.772117516836202,0.938420569321043,0.6558843727294229,0.8639846063059361,0.034729158660412665,0.9927272617668556,0.9659351640203044
RipVIS-133_00030.jpg,0.7956389972110911,0.5998703425651706,0.7498986969198536,0.8860051403443195,0.6500406714446373,0.8260350692552012,0.03496714749377183,0.9915169270832138,0.9395293209795882
RipVIS-133_00060.jpg,0.7913234721188109,0.5924934332694333,0.7441078511112322,0.91289701260215,0.6279953008543856,0.8369568170346868,0.022842639592298177,0.9902924864967941,0.9522024474736166
RipVIS-133_00090.jpg,0.7905729045118097,0.5930675576073776,0.744560461074361,0.973841246263706,0.6026684478984583,0.8670420811017597,0.03751253761033015,0.9882818528162388,0.9811904314087441
RipVIS-133_00120.jpg,0.7833306424352041,0.5797695685683827,0.7339925772766732,0.9758517458738949,0.5882085226296551,0.8622086041791995,0.010563828432571984,0.9871245659721032,0.9815926584725883
RipVIS-133_00150.jpg,0.8033208159671295,0.6171524012798334,0.7632581824587611,0.9543059574137717,0.6359448701105085,0.8674544817707385,0.01605848945648812,0.9896643518517325,0.9722992983555828
RipVIS-133_00180.jpg,0.4896419270832743,0.0,0.0,0.0,0.0,0.0,0.0,0.9792838541665486,0.49999999999993844
RipVIS-133_00210.jpg,0.4884440706982436,0.0,0.0,0.0,0.0,0.0,0.0,0.9768881413964872,0.49999999999993827
RipVIS-133_00240.jpg,0.48897069106861385,0.0,0.0,0.0,0.0,0.0,0.0,0.9779413821372277,0.4999999999999383
RipVIS-133_00270.jpg,0.4886199725115152,0.0,0.0,0.0,0.0,0.0,0.0,0.9772399450230304,0.4999999999999383
RipVIS-133_00300.jpg,0.4856807002314229,0.0,0.0,0.0,0.0,0.0,0.0,0.9713614004628458,0.49999999999993794
RipVIS-133_00330.jpg,0.486731047453645,0.0,0.0,0.0,0.0,0.0,0.0,0.97346209490729,0.49999999999993805
RipVIS-133_00360.jpg,0.4868602309991697,0.0,0.0,0.0,0.0,0.0,0.0,0.9737204619983394,0.49999999999993805
RipVIS-133_00390.jpg,0.4840832971642935,0.0,0.0,0.0,0.0,0.0,0.0,0.968166594328587,0.4999999999999377
RipVIS-133_00420.jpg,0.4818605324073493,0.0,0.0,0.0,0.0,0.0,0.0,0.9637210648146985,0.49999999999993744
RipVIS-133_00450.jpg,0.48302209924762696,0.0,0.0,0.0,0.0,0.0,0.0,0.9660441984952539,0.4999999999999376
RipVIS-134_00000.jpg,0.810785967161255,0.6309744171592474,0.7737391960546484,0.8756371934073791,0.6930848367025799,0.8318184814465505,0.01226954037832579,0.9907462866511151,0.9342508621128778
RipVIS-134_00060.jpg,0.8268513365372498,0.6625960451026299,0.7970619767253551,0.9766427263119061,0.6732649857156957,0.8959027616966866,0.02677746998911804,0.991259283371794,0.9840817500974373
RipVIS-134_00120.jpg,0.6825403709435229,0.39166463221174125,0.562872150583115,0.9607042806043329,0.39804136294560405,0.7489611326230113,0.03119963634732015,0.9738634500384628,0.9674011665953848
RipVIS-134_00180.jpg,0.612206744528435,0.26342466607056086,0.4170009865168311,0.7811436980200462,0.2844159242407715,0.5789265442149956,0.006228889765924074,0.9615256076387729,0.8729518438432389
RipVIS-134_00240.jpg,0.6928078580023218,0.40695808830889235,0.5784935481596893,0.9016372454444689,0.425864994360504,0.7369700774993383,0.00723828247141601,0.9789656876927831,0.9409305074273602
RipVIS-134_00300.jpg,0.7867747318827258,0.5834811495802181,0.7369600196818249,0.948758773603735,0.6024667178328748,0.8509367294542312,0.020410680149200795,0.9902045958717942,0.9697857988389402
RipVIS-134_00360.jpg,0.7510614378784624,0.518615220963233,0.6830106979097493,0.6338105847359776,0.7404920556145556,0.6526148129919929,0.009582892015454538,0.9837955729165481,0.8137595953821206
RipVIS-134_00420.jpg,0.665133271719658,0.3519865778149937,0.5206953731506049,0.41765630532799436,0.6912262896790174,0.4535576477561992,0.02184613682750699,0.9785332272375363,0.7061490078371909
RipVIS-134_00480.jpg,0.6413495155424582,0.32804353582423496,0.4940252739841673,0.7506435221524117,0.36816335397795513,0.6215081576081165,0.03267695170041565,0.9556375385801317,0.8561856047169141
RipVIS-134_00540.jpg,0.6722447281676477,0.36464001291914033,0.5344120199716678,0.45074700650534644,0.6562147498622436,0.48085943640687834,0.04578918014245459,0.9800798128856842,0.722300900946855
RipVIS-134_00600.jpg,0.5978574625697267,0.22789733407239204,0.3711993303488288,0.6335733478318851,0.2624953334826759,0.4939252910152023,0.029968762200801993,0.9681204185955623,0.8033686538495843
RipVIS-134_00660.jpg,0.6836860045759617,0.3889550172996922,0.5600685586720742,0.7406226321809216,0.4502930301664832,0.6560270235884459,0.015268835913725907,0.9787094907406227,0.8618849793746608
RipVIS-134_00720.jpg,0.613044363261571,0.2706084086116682,0.42595091733628426,0.9271478987023716,0.2764874950501768,0.6304290676668235,0.04033053773884515,0.9562037037035884,0.9419349507798849
RipVIS-134_00780.jpg,0.6284038359899653,0.2825254560332329,0.4405767615826755,0.6523881252694692,0.3325934014057403,0.5471660619651286,0.027176559110026265,0.9745400511187097,0.8159780526157397
RipVIS-134_00840.jpg,0.6060286551482394,0.23820333748782369,0.38475641322549115,0.45538930263740424,0.3330923245282595,0.4242370343459114,0.011878999953410425,0.9740659963347591,0.7194294641876562
RipVIS-137_00000.jpg,0.8187590782243006,0.748020001658797,0.8558483323405428,0.7981501398520233,0.9225385503830494,0.8202699917411239,0.008667247386382089,0.9167928059893347,0.884057531524599
RipVIS-137_00030.jpg,0.790940208522139,0.7023340140007246,0.825142431772412,0.7151150508871815,0.9751839300964323,0.7554064682247132,0.008386916410008997,0.9062038845483653,0.8534796360070172
RipVIS-137_00060.jpg,0.7293369466338733,0.6108834244074897,0.7584452296815742,0.6307704591521083,0.9509221736268361,0.6763097767876677,0.006732559804864033,0.8771470811629566,0.8082160390232898
RipVIS-137_00090.jpg,0.7855634145118635,0.6948235637206055,0.8199361616087942,0.7149298544128573,0.9610988841485651,0.7535306502543281,0.01585269791178354,0.9034849717879494,0.851044287163123
RipVIS-137_00120.jpg,0.7666786407250097,0.6921689850587539,0.8180849444356423,0.7393379847768059,0.91560625439425,0.7689447189812714,0.028207094143569384,0.8829766167532328,0.8508415467028374
RipVIS-137_00150.jpg,0.7928695959418123,0.7552405207674452,0.8605550200461768,0.8366556429691305,0.8858599359013016,0.8460543080001861,0.007629107980957294,0.8887071397567035,0.8808011799224116
RipVIS-143_00000.jpg,0.894483477188318,0.8097465971243805,0.894872904760299,0.9862747680496001,0.8189753223828713,0.9475613925965585,0.011417304781905759,0.9809088059412397,0.9833509022469018
RipVIS-143_00012.jpg,0.9002728713795551,0.8201378824733722,0.9011821471007381,0.9781681492524106,0.8354302277015605,0.9458474839286688,0.01288078224836025,0.9820146122684001,0.9802673812585712
RipVIS-143_00024.jpg,0.9283003619254477,0.8705628473081868,0.9308030987154062,0.9578199721531133,0.9052685245093947,0.946827181024654,0.01600433348027752,0.9872364486881525,0.973976212272572
RipVIS-143_00036.jpg,0.9124088835489297,0.8411833660495627,0.9137420873559194,0.9643932138943947,0.8681459845574798,0.9434735265396269,0.011694438867110296,0.9849398389273504,0.9755928763884345
RipVIS-143_00048.jpg,0.931038692480608,0.8753241695605243,0.9335177179161014,0.9568709436425528,0.9112772440851781,0.9473908313708055,0.020926112147635584,0.9878803771217944,0.9738889844944598
RipVIS-143_00060.jpg,0.7670960818911097,0.5909759796720946,0.7429099964084898,0.9912992216570706,0.5940574045345974,0.8743631766066079,0.009365822683968338,0.9475217013887747,0.9675975573880834
RipVIS-143_00072.jpg,0.7617501744800603,0.5873395467219138,0.7400301314672783,0.9582057341930211,0.6027816773294408,0.8571265515765445,0.005229092770496614,0.9414782262730346,0.9490457275742898
RipVIS-143_00084.jpg,0.7571486753808869,0.5780960778341798,0.7326500407092754,0.9698282695602528,0.5886834264015814,0.8586421805506801,0.007751386715696509,0.9413300540122321,0.954291285878631
RipVIS-143_00096.jpg,0.7578491841839523,0.5821631312854635,0.7359078463830365,0.9677034810078412,0.5936982990351318,0.85942330859037,0.008861573643648197,0.9391684751156275,0.9520664233820618
RipVIS-143_00108.jpg,0.7510929846877026,0.5714853471973246,0.7273187092918731,0.9419490285450048,0.5923477303686748,0.8425008872600976,0.00779478458022269,0.9365634645060599,0.9389905271285035
RipVIS-143_00120.jpg,0.7499648912450008,0.5717466442803104,0.7275302878627852,0.9741249936225624,0.5805636112717609,0.8578222480808371,0.0078086528312413415,0.9344665075230355,0.952339032774048
RipVIS-143_00132.jpg,0.742262009536222,0.5565008771939527,0.7150665770226973,0.9593174002329516,0.5699517454023996,0.8440006653083697,0.009708737863734907,0.9339853395060602,0.9454543240623212
RipVIS-143_00144.jpg,0.7399324789213871,0.5546556861669766,0.7135415141785989,0.9458283986042972,0.5728538093122246,0.8368560757923832,0.015411681913602685,0.9315822723764309,0.9380000695218853
RipVIS-143_00156.jpg,0.7440736286750402,0.5591215361276478,0.7172263651957812,0.9556741868541263,0.5740072777002885,0.8435024480259389,0.0109961423365542,0.934886549961307,0.9442973300130824
RipVIS-143_00168.jpg,0.7360467635355301,0.5462864577681832,0.7065785967713385,0.9068999080000174,0.5787425794210747,0.814529380868863,0.009187279151618825,0.9318912760415543,0.9206378247224306
RipVIS-143_00180.jpg,0.7390977725844464,0.5511973508859579,0.7106734040915484,0.9785763242630855,0.5579300021496262,0.8503531046520002,0.008204423882889821,0.9330047984180974,0.9536988224531826
RipVIS-143_00192.jpg,0.7402217833198524,0.5483002592930466,0.7082608893231088,0.9715016576305381,0.5572632911588642,0.8457630647846741,0.00505839470337505,0.9373072193285906,0.9529513439971423
RipVIS-143_00204.jpg,0.7472031562693915,0.5591770409698634,0.7172720304065476,0.9862740368787588,0.5635627197028111,0.8576192022243238,0.007588194520171165,0.9401468460647014,0.96128695034806
RipVIS-143_00216.jpg,0.7442721294280343,0.5551126268421591,0.7139195158737554,0.9712610507978391,0.5643828421251224,0.8488670083265587,0.007031788031206938,0.9385368441356893,0.9534962281243091
RipVIS-143_00228.jpg,0.765098130367331,0.5900881602151571,0.7422081051597937,0.9329770680802022,0.6162096441311677,0.8459986168140617,0.012731956837817573,0.9448619550538984,0.9394720809923284
RipVIS-143_00240.jpg,0.7644599380136048,0.5899053516481318,0.7420634832590791,0.9394806730535921,0.613207503929697,0.8491212205604255,0.016275205799551575,0.9439330150461824,0.9419158971006604
RipVIS-143_00252.jpg,0.7854165106239177,0.6238707144818088,0.768374857577121,0.965559687470266,0.6380694780860341,0.8756716993962083,0.014977939468419462,0.9512508439427865,0.9577513791964316
RipVIS-143_00264.jpg,0.7655895085710631,0.5917534867230131,0.7435240339146639,0.9372342763694613,0.6161718796012471,0.8487811309846798,0.01603994855050163,0.9443148389273552,0.9411081828007059
RipVIS-143_00276.jpg,0.7570145488735618,0.5768300329926043,0.7316324789905999,0.9384301054273414,0.5995191395470604,0.8431075763563994,0.00919882438225891,0.9421512104551333,0.9404613389607057
RipVIS-143_00288.jpg,0.7377553453046227,0.5438864302161452,0.704567926204262,0.9747341772925995,0.5516637493554699,0.8451111783881972,0.0066758295697358794,0.9367789110724178,0.9541657575431708
RipVIS-143_00300.jpg,0.7495080949098287,0.5651325901905517,0.7221529904015965,0.9407278930078398,0.5859982945433565,0.8391350878606199,0.011701238507267637,0.9391149450230349,0.9398473585329178
RipVIS-143_00312.jpg,0.7763422054943796,0.6092011890404587,0.7571473264989517,0.9623077595420442,0.6240930177227458,0.8682063432801089,0.020669369583406098,0.948059293016861,0.9545290252818397
RipVIS-143_00324.jpg,0.7783177060081383,0.6112473265577149,0.7587256363225003,0.9784266458208102,0.6195979002311374,0.8768628432408239,0.02601702932726202,0.9497066695600707,0.9628040168682414
RipVIS-143_00336.jpg,0.8021162333471803,0.6502317657378288,0.7880490234619938,0.9315986826146201,0.682831757788355,0.8683293297661807,0.01351296182839302,0.9576244212961809,0.9458135912555545
RipVIS-143_00348.jpg,0.8001413003451358,0.6462301455533423,0.7851030395706027,0.9156608470257169,0.6871298950138203,0.858552074886649,0.015287361070309988,0.957610315393403,0.9385731672727566
RipVIS-143_00360.jpg,0.7587713336010506,0.5797291080554703,0.7339601519010737,0.9231036882380872,0.6091463374951228,0.8368411844408999,0.01172430127855186,0.942726538387232,0.9338334196750941
RipVIS-143_00372.jpg,0.7615310861246791,0.5850601398988966,0.7382182229832804,0.9470687242989481,0.6048375831128121,0.8507894421207628,0.016155542192176568,0.9429859905477258,0.9448380100025098
RipVIS-143_00384.jpg,0.783324850817823,0.619294706941317,0.7648943756644543,0.9576699751011666,0.6367240605807285,0.8699671762681999,0.00947323704292807,0.9515077642745766,0.9543123007773365
RipVIS-143_00396.jpg,0.7953654102443097,0.6380936505252501,0.7790685841687345,0.9580188078364122,0.6564491516888613,0.8774037735683318,0.004669834507427911,0.9562874951773538,0.957077417750354
RipVIS-143_00408.jpg,0.8006060578342199,0.6470614866863721,0.7857162491099925,0.965513824793408,0.6623699899991428,0.8845483845146888,0.017112567301760816,0.9577058015045141,0.9612689042249412
RipVIS-143_00420.jpg,0.7740946545857368,0.604963071030724,0.7538654090554375,0.9621136648047429,0.6197264271310347,0.8663817306662697,0.01646311272419281,0.947767529899577,0.9542901579905454
RipVIS-143_00432.jpg,0.762889031153386,0.5864601942054221,0.7393317479347793,0.9624241820729047,0.6002031039093848,0.8587709555604919,0.012954864262193461,0.9441261574072936,0.952454343234836
RipVIS-143_00444.jpg,0.755025935087311,0.5732307994054234,0.7287307108684454,0.9822731112650566,0.579222849918779,0.8622713857093343,0.01958655251536494,0.9417631172838371,0.9602655487864051
RipVIS-143_00456.jpg,0.7491039648480068,0.5636803304397472,0.7209661968200697,0.98353918224892,0.5690486956486135,0.8584775549401109,0.01598909271128784,0.9396336082174793,0.9596957955392016
RipVIS-143_00468.jpg,0.7772076473852778,0.6092832132143526,0.7572106739339952,0.9697997329758644,0.6210670418600783,0.8718859453866633,0.02242133949861998,0.949456621334762,0.9587283902992685
RipVIS-143_00480.jpg,0.786288426465786,0.6236492515590112,0.7682068660582816,0.9617054599907251,0.6395309425905278,0.8736793166262539,0.019706464379134793,0.9529126880785888,0.9569208757190958
RipVIS-143_00492.jpg,0.7759855793962833,0.6049268910735787,0.7538373173732877,0.9598193622429447,0.6206440040139306,0.8652494362919498,0.01735130336464566,0.9510161072529717,0.9550446230511296
RipVIS-143_00504.jpg,0.7566357268971966,0.5686319967819476,0.7250036948736193,0.9253189077813576,0.5959837346317356,0.8332316648976851,0.018092509209247133,0.9484047067900091,0.9377775483065511
RipVIS-143_00516.jpg,0.7686401032094361,0.5866494272980567,0.7394821026054584,0.8823702389525497,0.6364220135101549,0.819064024209089,0.01897613224175693,0.9538634500384652,0.9209821837371128
RipVIS-143_00528.jpg,0.7640253869285263,0.5763635155027943,0.7312571114905033,0.8530310736097697,0.6399074851231427,0.7997585561394496,0.01169006127453435,0.954667004243712,0.9078096621730143
RipVIS-143_00540.jpg,0.7544349253524911,0.5586004902372608,0.7167975292401285,0.8566290363078468,0.6162106274875545,0.794623570662313,0.008367254635532914,0.9532138551310579,0.908507182311733
RipVIS-143_00552.jpg,0.7547189728587345,0.5563782502937132,0.7149653372356184,0.8235419125891826,0.6316835561975792,0.7763806066891367,0.01645723930905583,0.9556694878471069,0.8943886309875932
RipVIS-143_00564.jpg,0.7429721631264451,0.5358689853829133,0.6978055947256644,0.8097370575291939,0.6130610263175991,0.760915233353196,0.009022279506121235,0.9527962239582184,0.8864283917504859
RipVIS-143_00576.jpg,0.7502222581256943,0.5467628318907967,0.7069769464558724,0.7862434753311391,0.6422294469829012,0.7524954431931798,0.011900264449759149,0.9561328124998847,0.8773180429518426
RipVIS-143_00588.jpg,0.7535223844375005,0.5491885075853874,0.7090015255036579,0.838079532544371,0.6143773302138195,0.7811912963312979,0.006857643110410114,0.9599142795137732,0.902766068108446
RipVIS-143_00600.jpg,0.7501826276146137,0.5434046031836899,0.7041635123580308,0.8370631181052409,0.6076824302777312,0.7783059926605391,0.014808362368621352,0.9590577980322917,0.9018306376634662
RipVIS-143_00612.jpg,0.7431606349694442,0.528670540379488,0.6916736162760709,0.8435579657470473,0.5861382219601997,0.7754460068537462,0.004151809700378459,0.9595711564427856,0.9048599882507844
RipVIS-143_00624.jpg,0.7449628230811416,0.5289001514968318,0.6918701014961968,0.8614557526487427,0.5780713333345889,0.7845360759613623,0.012838593589805058,0.9626593846449456,0.9146460286949308
RipVIS-143_00636.jpg,0.7478403726528902,0.533561532443976,0.6958462652537459,0.8301447571015079,0.5989498391713485,0.770650468851928,0.009387594612730385,0.9636924913193282,0.9004352773089653
RipVIS-143_00648.jpg,0.7605837984983523,0.5563501234966691,0.7149421137278688,0.8447029675508236,0.6197395037617062,0.7875288735495816,0.020256448634423167,0.9663041329088341,0.9087052135079885
RipVIS-143_00660.jpg,0.7505104040128674,0.5362285306280886,0.6981103656613525,0.8828047834758233,0.5773261183276587,0.7983220777968117,0.021793966298971144,0.9661694637344513,0.9264196463088452
RipVIS-143_00672.jpg,0.5978599898510871,0.335212132058127,0.5021106744160919,0.40740654923330616,0.6541784184051389,0.4406514165862814,0.01331278026868518,0.8696745997298334,0.6829930125783158
RipVIS-143_00684.jpg,0.595557935328464,0.33581168119624927,0.5027829684728051,0.4102273526978334,0.6492718808913238,0.4428353794637613,0.0046781385931475355,0.8651681857637845,0.6830317299449935
RipVIS-143_00696.jpg,0.5987424132415932,0.33923993855438134,0.5066156239643926,0.39638987236880363,0.7017556987243164,0.4341758005362268,0.010653447992259039,0.8678616898147101,0.680802089981992
RipVIS-143_00708.jpg,0.5930470284794598,0.32816369682339086,0.49416152181883893,0.3862103754045973,0.6858723340260976,0.42318918110571274,0.013230278358091367,0.8671495225693399,0.6752439614427367
RipVIS-143_00720.jpg,0.6256144965868282,0.38782477291704565,0.5588958786228946,0.4687309972430482,0.6920107520566641,0.5010650872852759,0.0075006898625918595,0.8742832513502032,0.7130142840722818
RipVIS-143_00732.jpg,0.6425959108183389,0.4073961405100604,0.5789359921967873,0.4728432930234554,0.7464091554046172,0.5102452113289152,0.007791135648114361,0.8872665895060659,0.7206754663105885
RipVIS-143_00744.jpg,0.6184648046803979,0.37751025189691817,0.548105179438139,0.4318773069728788,0.7499274921959161,0.47190503945922235,0.010388958594469536,0.8704630835261296,0.6999283440971105
RipVIS-143_00756.jpg,0.6505428263219954,0.4097625521190248,0.581321374302513,0.44013127838305804,0.8558798005488463,0.4874916515503737,0.01103835360115253,0.8989472415122373,0.7130390724398271
RipVIS-143_00768.jpg,0.6185535118985961,0.360757961778952,0.5302309035286839,0.4000236591016195,0.786108237535617,0.4435967600915906,0.007859960268106413,0.8844149064427946,0.6894084677691981
RipVIS-143_00780.jpg,0.6441966647399391,0.40010824227319897,0.5715390141887716,0.4182190341494779,0.9023380445630975,0.46848947612867237,0.015497733970922013,0.896031780478287,0.7046110501420233
RipVIS-143_00792.jpg,0.6167841369105664,0.35356829437746656,0.5224240193068053,0.37146877147286417,0.8800558144327167,0.4200142891086244,0.011512832354307816,0.8873910108023622,0.6807029042000123
RipVIS-143_00804.jpg,0.6130803553603478,0.3488314992205342,0.5172351022675816,0.3631115755811623,0.8986832209937892,0.4122474792254127,0.012889669447002143,0.8848934220677945,0.677368877966821
RipVIS-143_00816.jpg,0.6170662596033487,0.3576576552427847,0.5268745826484897,0.37565689231056787,0.8818605066104027,0.42437686599915786,0.012753677154696405,0.8844240692514366,0.682626805943995
RipVIS-143_00828.jpg,0.6035745259497617,0.3417688147456888,0.5094302550331158,0.37769777653838593,0.7822675643983001,0.42127211845184676,0.011559997591319164,0.8741751060955736,0.6778553316995923
RipVIS-143_00840.jpg,0.6268542034522313,0.37568382655371574,0.5461775726401572,0.3901796555481402,0.910008519731107,0.44050617928492997,0.01220152596261695,0.8863652584875474,0.6909902982609373
RipVIS-143_00852.jpg,0.6262352474142509,0.37628113662952467,0.5468085358650298,0.3965816258084867,0.8802519468607722,0.44554407236573634,0.010187116471382754,0.8847944396218069,0.6925587953067754
RipVIS-143_00864.jpg,0.6146500225572706,0.353654039344109,0.5225176139029826,0.3708039656539408,0.8843458061218911,0.41952818015840176,0.013520822065551464,0.8835681905863132,0.68037204119038
RipVIS-143_00876.jpg,0.599936221816962,0.33078468157908086,0.497127275595897,0.3511750256710045,0.8506788933837837,0.39790342090049685,0.013440689785917686,0.8770440297066844,0.669137173993084
RipVIS-143_00888.jpg,0.5728538393561617,0.29323904141434615,0.4534954977753322,0.3263056235316927,0.743176427275428,0.36753836687001473,0.0013317594357779667,0.8609783709489702,0.6510461875348643
RipVIS-143_00900.jpg,0.5606907804743043,0.28291312380247663,0.441047984549319,0.3333890181490009,0.6513999947557201,0.3694631127966325,0.011106441735873614,0.848145978009157,0.6471517284090789
RipVIS-143_00912.jpg,0.542436756783804,0.25763454771482075,0.4097128982071214,0.31476613719107355,0.586680521844306,0.34692462645831473,0.013974013238110627,0.837011115933541,0.6330930617934536
RipVIS-143_00924.jpg,0.5373536547330641,0.24309407098624777,0.391111303094514,0.29384639924189543,0.5846259735148988,0.3263058067498178,0.019494221017872508,0.8402524594906394,0.624841431817438
RipVIS-143_00936.jpg,0.547591362156982,0.25060632634101127,0.40077572144421847,0.28361591852336154,0.6828609087004623,0.321171473431326,0.011964877295295587,0.8522554976850825,0.6279145424453816
RipVIS-143_00948.jpg,0.5326914329163183,0.2223554286868338,0.3638146867408416,0.264164358982718,0.5841864842520951,0.2966677635457349,0.007791714176872174,0.8497703269674901,0.6138259196334939
RipVIS-143_00960.jpg,0.6248103299505289,0.38109150073351933,0.5518700253113074,0.45955165655920377,0.6906040186371023,0.4925068270039344,0.015123281751731797,0.8783750482252027,0.7097340232963799
RipVIS-143_00972.jpg,0.6544824411035761,0.42861194316385265,0.6000397031745851,0.5245539348029722,0.7009029160075713,0.5523483907108403,0.013869775222918325,0.8902068865739667,0.7414316563056761
RipVIS-143_00984.jpg,0.6255555088172544,0.38171926623926977,0.5525279636263944,0.475260236692932,0.6597977708951491,0.503420366091663,0.008585979788054662,0.8791376109181038,0.7148097993703613
RipVIS-143_00996.jpg,0.6822804703729487,0.4707899736387494,0.6401865420308928,0.599253778800725,0.6871211968565639,0.61498227171125,0.014739726026993432,0.9029430700230393,0.7766597342731505
RipVIS-143_01008.jpg,0.7391491122591297,0.5699897270694437,0.7261063142539047,0.7521211827072549,0.7018309189413309,0.7414947018474446,0.011653088583797745,0.9182449604551361,0.849165590823932
RipVIS-143_01020.jpg,0.7314659409103279,0.5524402587800631,0.7117056590817622,0.7739399640418491,0.658735233332568,0.7477842995218549,0.01684768880988008,0.9193969425153212,0.8573970172508127
RipVIS-143_01032.jpg,0.708061248428049,0.5125748157410424,0.6777513553799601,0.7163527504047167,0.6430973993001349,0.7003962945024385,0.012227320499032905,0.9124298321758159,0.8288534747987453
RipVIS-143_01044.jpg,0.7125278582522911,0.5184784712487076,0.6828920937184462,0.8065329145859063,0.5921205143741587,0.7520668224306483,0.007694507265390457,0.9151159818671736,0.8677632682041584
RipVIS-143_01056.jpg,0.7106799756494135,0.5125575548709693,0.6777362662602201,0.7721725031589277,0.6038818731097718,0.7314066226681818,0.00903614457807658,0.9167826485338401,0.8537186462160095
RipVIS-143_01068.jpg,0.7095297645179939,0.5099944388418356,0.6754918107287877,0.7538816529473715,0.611868706043638,0.7204392806547217,0.007638964134585573,0.9169274450230376,0.8459654794485794
RipVIS-143_01080.jpg,0.7710667935802062,0.6062273104202135,0.7548462244258756,0.8613287731252318,0.671794964287685,0.8153232705217526,0.0134660576132478,0.9416626880785901,0.906171575647402
RipVIS-143_01092.jpg,0.7423866634644238,0.5577386381677765,0.7160875701507831,0.8044645796347529,0.6452063760505324,0.7666192013587173,0.009265935004692624,0.9331829909335294,0.8763537958600518
RipVIS-143_01104.jpg,0.7650820715908803,0.5910293958220342,0.7429522011020646,0.8959911067868248,0.6345657960596698,0.8277856876048169,0.012076624097388211,0.9440556278934047,0.9224069738559968
RipVIS-143_01116.jpg,0.7547894206470482,0.5719813437109638,0.7277202697084075,0.8527680456906153,0.6346559121393661,0.7979235822268437,0.007467597493420286,0.9424007764273555,0.9020309813705352
RipVIS-143_01128.jpg,0.7864466984665431,0.6238817141754284,0.7683832002409385,0.8633459870994797,0.6922409253773772,0.8226768588944571,0.017096979148122884,0.9529877989967986,0.9126172766556866
RipVIS-143_01140.jpg,0.7915566934271793,0.6308970246915184,0.7736810051644452,0.8359380735188939,0.7200544501116709,0.8098704013907715,0.014251433922092606,0.9558244116511193,0.9018333905880278
RipVIS-143_01152.jpg,0.7673895789030252,0.5835357642641377,0.7370035807625782,0.7963515978638135,0.6858878617058217,0.7715012074206405,0.016192864263430324,0.954361255786922,0.8822544764448851
RipVIS-143_01164.jpg,0.7706063024790653,0.5886267676422618,0.7410510506704656,0.7911987928731674,0.6968813352208285,0.7703467082060445,0.009482356598492699,0.9555982349535884,0.8805755151410115
RipVIS-143_01176.jpg,0.773380248451051,0.5912419432049459,0.7431201090817353,0.7814624034650351,0.7083643555953684,0.7656602891929077,0.010860430538145309,0.9582074652776622,0.8772441509398341
RipVIS-143_01188.jpg,0.7658475610222025,0.5766099319683198,0.7314554098342521,0.7451727281925373,0.7182339862986447,0.7396245212150464,0.01278263103761618,0.9576742139273536,0.8603316097812725
RipVIS-143_01200.jpg,0.7656838375739727,0.5748110780878382,0.7300063938917465,0.7170653176729299,0.7434231573356824,0.7221862963300132,0.013924092300144044,0.9589665316356868,0.8481573499272735
RipVIS-143_01212.jpg,0.8487810485253307,0.7225241709641231,0.8389132450428435,0.8069015204754986,0.8735698631540258,0.8194085010971309,0.019848675057854693,0.9765614149304378,0.8986728351190827
RipVIS-143_01224.jpg,0.8328010437707518,0.6927809733447311,0.8185122402172084,0.7634980370391851,0.8820702164669274,0.7845917672368748,0.017640223935155797,0.9743906732251911,0.8775726952465426
RipVIS-143_01236.jpg,0.8437999010807704,0.7100579667295432,0.8304490029510719,0.8812970681431966,0.7851484123756237,0.8602284876232886,0.01975157073663062,0.9787126253856845,0.9330672478830273
RipVIS-143_01248.jpg,0.8358327448258961,0.6949565425592001,0.8200287442295026,0.8518215817936556,0.7905237473740935,0.838813135469058,0.028753049004776664,0.9778825472606846,0.9188149761255423
RipVIS-143_01260.jpg,0.8333094370893278,0.6901999226438567,0.816708027727545,0.8689475970874397,0.770393362025984,0.8472698323690786,0.012142778531415576,0.9775959683640797,0.9265824146437455
RipVIS-143_01272.jpg,0.8312437332653373,0.6865826638522313,0.8141701898963498,0.8468753754684404,0.7838971389348506,0.8334829835659994,0.019434432015925294,0.9771128713347587,0.9160919314441334
RipVIS-143_01284.jpg,0.8280496841270166,0.6808236976923933,0.8101072094915103,0.8461870559252579,0.7769782961927613,0.8313762132377216,0.01191006233259461,0.9765142746912403,0.9154512964027574
RipVIS-143_01296.jpg,0.8281857105401557,0.6800634096529056,0.8095687409719898,0.8098547808663258,0.8092829030626716,0.8097403406578102,0.017622997820343936,0.9774439380785859,0.898922404625083
RipVIS-143_01308.jpg,0.8562429941832306,0.7310055105525801,0.8446021761296704,0.8448696990486089,0.8443348225743627,0.8447626695483204,0.028492360460379937,0.9823678626542025,0.9177522636974973
RipVIS-143_01320.jpg,0.8478367170845144,0.7157087020967416,0.8343009523960389,0.846651119976262,0.8223059103336465,0.8416674344944298,0.01915723462759417,0.9809267698687089,0.9178255522554393
RipVIS-143_01332.jpg,0.8315009197981347,0.6856853820679181,0.8135389786992779,0.8313857456546905,0.7964423174813228,0.8241538942653373,0.018486938996260485,0.9783860194829067,0.909305018754379
RipVIS-143_01344.jpg,0.8561404607166492,0.7291535999402555,0.8433647536753806,0.8957371768560947,0.7967783086323801,0.8740265756075793,0.02385786801929535,0.9838604359566715,0.9420450779406735
RipVIS-143_01356.jpg,0.8413758633853266,0.7013076965125367,0.8244336964443619,0.8606771901285715,0.7911193153502262,0.8458040027942376,0.009085092769925992,0.9822187258872273,0.9245460650774426
RipVIS-143_01368.jpg,0.6255853578737169,0.331637960929027,0.49809027777738824,0.36199094508241386,0.798188868027986,0.4064103437793601,0.012862181038210975,0.9226222511572961,0.6755658215134528
RipVIS-143_01380.jpg,0.6017767953203962,0.2911478127271255,0.4509906764465199,0.3198909894128688,0.7641657845777677,0.3619810902737233,0.004317032040326576,0.9154477719906303,0.6539340153010116
RipVIS-143_01392.jpg,0.6037792598604904,0.2969735424748809,0.4579484974044989,0.31820203685360854,0.8165625735369486,0.3624429203186017,0.008709342444353688,0.913839337384149,0.6544849051781644
RipVIS-143_01404.jpg,0.6275383656913326,0.3418123200741723,0.5094785834956079,0.3653226160802064,0.841555677958934,0.41194638525423954,0.013061911590090968,0.9170029176310622,0.6780609852588079
RipVIS-143_01416.jpg,0.6236387378515511,0.3346577807930827,0.5014885247875628,0.34721704346442744,0.9024585016374441,0.395937490858402,0.014454277285661938,0.9162984664350747,0.671019372983996
RipVIS-143_01428.jpg,0.6250209331003991,0.33335845469429476,0.5000282609986155,0.3489685510903043,0.8816894520844893,0.3969344866897223,0.018395094640815946,0.9200157937884693,0.6714533977111939
RipVIS-143_01440.jpg,0.609688021951982,0.30453330991034233,0.4668846822029745,0.313648618370411,0.9128820118394957,0.36104845494495597,0.012409369770900399,0.9179040075230375,0.6548869466915768
RipVIS-143_01452.jpg,0.5639563253586464,0.22357878480435278,0.36545057430053834,0.22934380375971097,0.8989327727659016,0.2694910127245607,0.011025116822027413,0.9068986304011252,0.6129653051780564
RipVIS-144_00000.jpg,0.7020526590551677,0.48338290050629124,0.6517304471304186,0.9830278669741358,0.4874510120970971,0.8169202029050577,0.007973487334034208,0.9261969521603821,0.9524654776199203
RipVIS-144_00060.jpg,0.6998561133119202,0.480691186137979,0.6492794589960983,0.9926372281635588,0.4824112094494595,0.8193242729053273,0.01204819277070234,0.9246677276233453,0.9560847576195133
RipVIS-144_00120.jpg,0.6703743385385734,0.43700550499842594,0.6082168836213395,0.9896680917360358,0.439008365384574,0.7911868110880117,0.007413955344965241,0.9104351128471124,0.9470583755554656
RipVIS-144_00180.jpg,0.7139670429762806,0.49713428828929024,0.6641144915027547,0.9115060043474481,0.522345019812441,0.7933000597776844,0.010485106382621784,0.9352307581017391,0.9242646439706691
RipVIS-144_00240.jpg,0.7127021998605815,0.48737396939201433,0.6553482572930001,0.8760635409966322,0.5234662649749169,0.7720551085783269,0.009387000426348066,0.9414783468363063,0.9109890668239518
RipVIS-144_00300.jpg,0.6360489042499108,0.37530109836936026,0.54577299300399,0.9423562311337023,0.38411936651948064,0.7301362712361211,0.0013481252632678521,0.9028219039350763,0.9212835517339883
RipVIS-144_00360.jpg,0.5877015442425343,0.3043023983170506,0.4666132619393997,0.8572037139216799,0.32055176408803565,0.6421818719872112,0.00023779092232447194,0.8779803240739682,0.8682817732370844
RipVIS-144_00420.jpg,0.5731063248614963,0.24490085403829046,0.39344635879052553,0.4575552492321445,0.3450945408442674,0.4295580502580698,0.00029276453365567693,0.9043725887344588,0.6972084994992107
RipVIS-144_00480.jpg,0.5546573879687497,0.21952752412269486,0.36002061418108433,0.45026919090988643,0.29990908784771503,0.40923501033769816,0.003961682091119932,0.8931011284721145,0.687528843488413
RipVIS-144_00540.jpg,0.5494223751048904,0.2810798389737407,0.4388170517130467,0.9940536790590505,0.2815532394965703,0.6600090495290631,0.0024352502472683277,0.8298854648918752,0.9060836376032335
RipVIS-144_00600.jpg,0.507462302891719,0.17772230417175527,0.30180680716026725,0.4084078167773777,0.2393362072329919,0.35784949119084647,0.0004239084357650364,0.8427358217591576,0.6452862732738439
RipVIS-144_00660.jpg,0.49640164253118346,0.15024699400328909,0.26124301091259267,0.33216768223661264,0.21527693261542866,0.29962923473077435,0.0002829754872384077,0.8468205054011324,0.612338463499664
RipVIS-144_00720.jpg,0.49669859111972114,0.15058961395510057,0.2617607740043046,0.33249550158227115,0.21584264659000826,0.30006164471296515,0.0017738804470923796,0.8470694685569966,0.612625045981146
RipVIS-144_00780.jpg,0.4950918536264648,0.14460808499430916,0.2526770287404149,0.3183841956051521,0.2094511369014287,0.28838687512145605,0.0011706506551425304,0.8495044849536013,0.6070081971065031
RipVIS-146_00000.jpg,0.691361186563963,0.4050356542584239,0.5765485780105719,0.41535114874110085,0.9422254951757739,0.4676514896313998,0.0170611639343812,0.9780205922066721,0.7071996873351891
RipVIS-146_00030.jpg,0.7462862172009541,0.5120760605587826,0.6773152143808779,0.5450849212363867,0.8942477210134253,0.5912566527168104,0.0054941461177647885,0.9808875868054373,0.7713111070968166
RipVIS-146_00060.jpg,0.673756093710607,0.37180508908631776,0.5420669336253247,0.3893875361000325,0.891706170117246,0.4388279110183441,0.019909867490421077,0.976051432291549,0.6938005525341534
RipVIS-146_00090.jpg,0.6030552537740257,0.2349209630421156,0.3804631552506958,0.23791096820121646,0.9492189029279823,0.27985320135101543,0.002071644367538054,0.9714421778548211,0.6187119522769886
RipVIS-146_00120.jpg,0.7661592353419052,0.5497322525786218,0.7094544901726274,0.5647157321872638,0.9539573273761425,0.6148946141168795,0.0069499602854812045,0.982948736496795,0.7818362498769256
RipVIS-146_00150.jpg,0.7378009083889954,0.4948722489640015,0.6620930307683017,0.5027181912726673,0.9694266953394511,0.5562798562916559,0.006162089751764093,0.981086636766857,0.7510557289482491
RipVIS-146_00180.jpg,0.7312062355311632,0.48302925162163307,0.6514089335641357,0.48737544110408576,0.9818729603887111,0.5419650654719882,0.007683570521301291,0.9797728587961781,0.7435062276821915
RipVIS-146_00210.jpg,0.7498795246481095,0.519521461480944,0.6837961485250917,0.5395215072969686,0.9333982389372689,0.5892522060156841,0.008554480174301937,0.9806510416665484,0.7689842350880477
RipVIS-146_00240.jpg,0.7320728555947185,0.4856243961053731,0.6537647030816913,0.5102450136790734,0.9096186103949102,0.5593633955134748,0.018643291684526508,0.9789482060184005,0.7540950729753543
RipVIS-146_00270.jpg,0.6902579998767349,0.4078203212192204,0.5793641632705431,0.4738334303138693,0.7453708888149311,0.5110698187446127,0.008220044261257031,0.9731996286650061,0.7336363910548044
RipVIS-146_00300.jpg,0.7196955812944219,0.4700284912481094,0.6394821515997117,0.5138320667880195,0.8464752381250401,0.557661407768841,0.009471060647495371,0.9701731288579077,0.7543869211158516
RipVIS-146_00330.jpg,0.6862921375918415,0.4056687765479603,0.5771897097183892,0.4132412262089889,0.9567810952500115,0.4662114421731862,0.006591611736184355,0.9676461226850684,0.7060936837942204
RipVIS-146_00360.jpg,0.6231828780572508,0.28802329966834006,0.44723305819468434,0.29444386134330414,0.9296201367363706,0.34104921348437267,0.003766358122964165,0.9590328414350695,0.6465571630247124
RipVIS-146_00390.jpg,0.7245483687529413,0.4876667524459997,0.6556128940089375,0.5942502807072959,0.7311074549649638,0.6173633264800229,0.010359355637652572,0.9627958622684024,0.7902002424514384
RipVIS-146_00420.jpg,0.7244129290751443,0.4836240165071768,0.6519495655587311,0.5194987399033208,0.875051809658407,0.565449705645015,0.017766079946385585,0.9663001543208711,0.7573502207346687
RipVIS-146_00450.jpg,0.8164949874685344,0.6628271919035504,0.7972291951092855,0.9240962716726407,0.7009916455264584,0.8687940513789233,0.020548301512742635,0.9718159239967964,0.949477883746346
RipVIS-146_00480.jpg,0.8528433461349196,0.7289835934601447,0.8432510247263358,0.9266259095963636,0.7736412209622986,0.8913727760011139,0.009837089470158898,0.9780768952545117,0.9540997989557034
RipVIS-146_00510.jpg,0.8420322429462589,0.7095965408620605,0.8301333371957432,0.824365195284726,0.8359827680886379,0.8266628061223797,0.006354904433571606,0.9759672791279688,0.9059800668347451
RipVIS-147_00000.jpg,0.4578399884258707,0.0,0.0,0.0,0.0,0.0,0.0,0.9156799768517414,0.49999999999993416
RipVIS-147_00025.jpg,0.4578399884258707,0.0,0.0,0.0,0.0,0.0,0.0,0.9156799768517414,0.49999999999993416
RipVIS-147_00050.jpg,0.4578399884258707,0.0,0.0,0.0,0.0,0.0,0.0,0.9156799768517414,0.49999999999993416
RipVIS-147_00075.jpg,0.456745575327877,0.0,0.0,0.0,0.0,0.0,0.0,0.913491150655754,0.499999999999934
RipVIS-147_00100.jpg,0.45521387924377227,0.0,0.0,0.0,0.0,0.0,0.0,0.9104277584875445,0.4999999999999338
RipVIS-147_00125.jpg,0.45678090036645724,0.0,0.0,0.0,0.0,0.0,0.0,0.9135618007329145,0.499999999999934
RipVIS-147_00150.jpg,0.4537822506750996,0.0,0.0,0.0,0.0,0.0,0.0,0.9075645013501992,0.49999999999993355
RipVIS-147_00175.jpg,0.4537822506750996,0.0,0.0,0.0,0.0,0.0,0.0,0.9075645013501992,0.49999999999993355
RipVIS-147_00200.jpg,0.45378803771213666,0.0,0.0,0.0,0.0,0.0,0.0,0.9075760754242733,0.49999999999993355
RipVIS-147_00225.jpg,0.4531355492862108,0.0,0.0,0.0,0.0,0.0,0.0,0.9062710985724216,0.49999999999993344
RipVIS-147_00250.jpg,0.4537413194443897,0.0,0.0,0.0,0.0,0.0,0.0,0.9074826388887794,0.49999999999993355
RipVIS-147_00275.jpg,0.4550330343363649,0.0,0.0,0.0,0.0,0.0,0.0,0.9100660686727298,0.4999999999999337
RipVIS-147_00300.jpg,0.45503219039346365,0.0,0.0,0.0,0.0,0.0,0.0,0.9100643807869273,0.4999999999999337
RipVIS-147_00325.jpg,0.45503219039346365,0.0,0.0,0.0,0.0,0.0,0.0,0.9100643807869273,0.4999999999999337
RipVIS-147_00350.jpg,0.45457724488806245,0.0,0.0,0.0,0.0,0.0,0.0,0.9091544897761249,0.49999999999993366
RipVIS-147_00375.jpg,0.45492802372679697,0.0,0.0,0.0,0.0,0.0,0.0,0.9098560474535939,0.4999999999999337
RipVIS-NR-004_00000.jpg,0.49999999999975886,0.0,0.0,0.0,0.0,0.0,0.0,0.9999999999995177,0.49999999999975886
RipVIS-NR-004_00006.jpg,0.49999999999975886,0.0,0.0,0.0,0.0,0.0,0.0,0.9999999999995177,0.49999999999975886
RipVIS-NR-004_00012.jpg,0.49999999999975886,0.0,0.0,0.0,0.0,0.0,0.0,0.9999999999995177,0.49999999999975886
RipVIS-NR-004_00018.jpg,0.49999999999975886,0.0,0.0,0.0,0.0,0.0,0.0,0.9999999999995177,0.49999999999975886
RipVIS-NR-004_00024.jpg,0.49999999999975886,0.0,0.0,0.0,0.0,0.0,0.0,0.9999999999995177,0.49999999999975886
RipVIS-NR-004_00030.jpg,0.49999999999975886,0.0,0.0,0.0,0.0,0.0,0.0,0.9999999999995177,0.49999999999975886
RipVIS-NR-004_00036.jpg,0.49999999999975886,0.0,0.0,0.0,0.0,0.0,0.0,0.9999999999995177,0.49999999999975886
RipVIS-NR-004_00042.jpg,0.49999999999975886,0.0,0.0,0.0,0.0,0.0,0.0,0.9999999999995177,0.49999999999975886
RipVIS-NR-004_00048.jpg,0.49999999999975886,0.0,0.0,0.0,0.0,0.0,0.0,0.9999999999995177,0.49999999999975886
RipVIS-NR-004_00054.jpg,0.49999999999975886,0.0,0.0,0.0,0.0,0.0,0.0,0.9999999999995177,0.49999999999975886
RipVIS-NR-004_00060.jpg,0.49999999999975886,0.0,0.0,0.0,0.0,0.0,0.0,0.9999999999995177,0.49999999999975886
RipVIS-NR-004_00066.jpg,0.49999999999975886,0.0,0.0,0.0,0.0,0.0,0.0,0.9999999999995177,0.49999999999975886
RipVIS-NR-004_00072.jpg,0.49999999999975886,0.0,0.0,0.0,0.0,0.0,0.0,0.9999999999995177,0.49999999999975886
RipVIS-NR-004_00078.jpg,0.49999999999975886,0.0,0.0,0.0,0.0,0.0,0.0,0.9999999999995177,0.49999999999975886
RipVIS-NR-004_00084.jpg,0.49999999999975886,0.0,0.0,0.0,0.0,0.0,0.0,0.9999999999995177,0.49999999999975886
RipVIS-NR-004_00090.jpg,0.49999999999975886,0.0,0.0,0.0,0.0,0.0,0.0,0.9999999999995177,0.49999999999975886
RipVIS-NR-004_00096.jpg,0.49999999999975886,0.0,0.0,0.0,0.0,0.0,0.0,0.9999999999995177,0.49999999999975886
RipVIS-NR-004_00102.jpg,0.49999999999975886,0.0,0.0,0.0,0.0,0.0,0.0,0.9999999999995177,0.49999999999975886
RipVIS-NR-004_00108.jpg,0.49999999999975886,0.0,0.0,0.0,0.0,0.0,0.0,0.9999999999995177,0.49999999999975886
RipVIS-NR-004_00114.jpg,0.49999999999975886,0.0,0.0,0.0,0.0,0.0,0.0,0.9999999999995177,0.49999999999975886
RipVIS-NR-004_00120.jpg,0.49999999999975886,0.0,0.0,0.0,0.0,0.0,0.0,0.9999999999995177,0.49999999999975886
RipVIS-NR-004_00126.jpg,0.49999999999975886,0.0,0.0,0.0,0.0,0.0,0.0,0.9999999999995177,0.49999999999975886
RipVIS-NR-004_00132.jpg,0.49999999999975886,0.0,0.0,0.0,0.0,0.0,0.0,0.9999999999995177,0.49999999999975886
RipVIS-NR-004_00138.jpg,0.49999999999975886,0.0,0.0,0.0,0.0,0.0,0.0,0.9999999999995177,0.49999999999975886
RipVIS-NR-004_00144.jpg,0.49999999999975886,0.0,0.0,0.0,0.0,0.0,0.0,0.9999999999995177,0.49999999999975886
RipVIS-NR-004_00150.jpg,0.49999999999975886,0.0,0.0,0.0,0.0,0.0,0.0,0.9999999999995177,0.49999999999975886
RipVIS-NR-004_00156.jpg,0.49999999999975886,0.0,0.0,0.0,0.0,0.0,0.0,0.9999999999995177,0.49999999999975886
RipVIS-NR-004_00162.jpg,0.49999999999975886,0.0,0.0,0.0,0.0,0.0,0.0,0.9999999999995177,0.49999999999975886
RipVIS-NR-004_00168.jpg,0.49999999999975886,0.0,0.0,0.0,0.0,0.0,0.0,0.9999999999995177,0.49999999999975886
RipVIS-NR-004_00174.jpg,0.49999999999975886,0.0,0.0,0.0,0.0,0.0,0.0,0.9999999999995177,0.49999999999975886
RipVIS-NR-004_00180.jpg,0.49999999999975886,0.0,0.0,0.0,0.0,0.0,0.0,0.9999999999995177,0.49999999999975886
RipVIS-NR-004_00186.jpg,0.49999999999975886,0.0,0.0,0.0,0.0,0.0,0.0,0.9999999999995177,0.49999999999975886
RipVIS-NR-004_00192.jpg,0.49999999999975886,0.0,0.0,0.0,0.0,0.0,0.0,0.9999999999995177,0.49999999999975886
RipVIS-NR-004_00198.jpg,0.49999999999975886,0.0,0.0,0.0,0.0,0.0,0.0,0.9999999999995177,0.49999999999975886
RipVIS-NR-004_00204.jpg,0.49999999999975886,0.0,0.0,0.0,0.0,0.0,0.0,0.9999999999995177,0.49999999999975886
RipVIS-NR-004_00210.jpg,0.49999999999975886,0.0,0.0,0.0,0.0,0.0,0.0,0.9999999999995177,0.49999999999975886
RipVIS-NR-004_00216.jpg,0.49999999999975886,0.0,0.0,0.0,0.0,0.0,0.0,0.9999999999995177,0.49999999999975886
RipVIS-NR-004_00222.jpg,0.49999999999975886,0.0,0.0,0.0,0.0,0.0,0.0,0.9999999999995177,0.49999999999975886
RipVIS-NR-004_00228.jpg,0.49999999999975886,0.0,0.0,0.0,0.0,0.0,0.0,0.9999999999995177,0.49999999999975886
RipVIS-NR-004_00234.jpg,0.49999999999975886,0.0,0.0,0.0,0.0,0.0,0.0,0.9999999999995177,0.49999999999975886
RipVIS-NR-004_00240.jpg,0.49999999999975886,0.0,0.0,0.0,0.0,0.0,0.0,0.9999999999995177,0.49999999999975886
RipVIS-NR-004_00246.jpg,0.49999999999975886,0.0,0.0,0.0,0.0,0.0,0.0,0.9999999999995177,0.49999999999975886
RipVIS-NR-004_00252.jpg,0.49999999999975886,0.0,0.0,0.0,0.0,0.0,0.0,0.9999999999995177,0.49999999999975886
RipVIS-NR-004_00258.jpg,0.49999999999975886,0.0,0.0,0.0,0.0,0.0,0.0,0.9999999999995177,0.49999999999975886
RipVIS-NR-004_00264.jpg,0.49999999999975886,0.0,0.0,0.0,0.0,0.0,0.0,0.9999999999995177,0.49999999999975886
RipVIS-NR-004_00270.jpg,0.49999999999975886,0.0,0.0,0.0,0.0,0.0,0.0,0.9999999999995177,0.49999999999975886
RipVIS-NR-004_00276.jpg,0.49999999999975886,0.0,0.0,0.0,0.0,0.0,0.0,0.9999999999995177,0.49999999999975886
RipVIS-NR-004_00282.jpg,0.49999999999975886,0.0,0.0,0.0,0.0,0.0,0.0,0.9999999999995177,0.49999999999975886
RipVIS-NR-004_00288.jpg,0.49999999999975886,0.0,0.0,0.0,0.0,0.0,0.0,0.9999999999995177,0.49999999999975886
RipVIS-NR-004_00294.jpg,0.49999999999975886,0.0,0.0,0.0,0.0,0.0,0.0,0.9999999999995177,0.49999999999975886
RipVIS-NR-004_00300.jpg,0.49999999999975886,0.0,0.0,0.0,0.0,0.0,0.0,0.9999999999995177,0.49999999999975886
RipVIS-NR-004_00306.jpg,0.49999999999975886,0.0,0.0,0.0,0.0,0.0,0.0,0.9999999999995177,0.49999999999975886
RipVIS-NR-004_00312.jpg,0.49999999999975886,0.0,0.0,0.0,0.0,0.0,0.0,0.9999999999995177,0.49999999999975886
RipVIS-NR-004_00318.jpg,0.49999999999975886,0.0,0.0,0.0,0.0,0.0,0.0,0.9999999999995177,0.49999999999975886
RipVIS-NR-004_00324.jpg,0.49999999999975886,0.0,0.0,0.0,0.0,0.0,0.0,0.9999999999995177,0.49999999999975886
RipVIS-NR-004_00330.jpg,0.49999999999975886,0.0,0.0,0.0,0.0,0.0,0.0,0.9999999999995177,0.49999999999975886
RipVIS-NR-004_00336.jpg,0.49999999999975886,0.0,0.0,0.0,0.0,0.0,0.0,0.9999999999995177,0.49999999999975886
RipVIS-NR-004_00342.jpg,0.49999999999975886,0.0,0.0,0.0,0.0,0.0,0.0,0.9999999999995177,0.49999999999975886
RipVIS-NR-004_00348.jpg,0.49999999999975886,0.0,0.0,0.0,0.0,0.0,0.0,0.9999999999995177,0.49999999999975886
RipVIS-NR-004_00354.jpg,0.49999999999975886,0.0,0.0,0.0,0.0,0.0,0.0,0.9999999999995177,0.49999999999975886
RipVIS-NR-004_00360.jpg,0.49999999999975886,0.0,0.0,0.0,0.0,0.0,0.0,0.9999999999995177,0.49999999999975886
RipVIS-NR-004_00366.jpg,0.49999999999975886,0.0,0.0,0.0,0.0,0.0,0.0,0.9999999999995177,0.49999999999975886
RipVIS-NR-004_00372.jpg,0.49999999999975886,0.0,0.0,0.0,0.0,0.0,0.0,0.9999999999995177,0.49999999999975886
RipVIS-NR-004_00378.jpg,0.49999999999975886,0.0,0.0,0.0,0.0,0.0,0.0,0.9999999999995177,0.49999999999975886
RipVIS-NR-004_00384.jpg,0.49999999999975886,0.0,0.0,0.0,0.0,0.0,0.0,0.9999999999995177,0.49999999999975886
RipVIS-NR-004_00390.jpg,0.49999999999975886,0.0,0.0,0.0,0.0,0.0,0.0,0.9999999999995177,0.49999999999975886
RipVIS-NR-004_00396.jpg,0.49999999999975886,0.0,0.0,0.0,0.0,0.0,0.0,0.9999999999995177,0.49999999999975886
RipVIS-NR-004_00402.jpg,0.49999999999975886,0.0,0.0,0.0,0.0,0.0,0.0,0.9999999999995177,0.49999999999975886
RipVIS-NR-004_00408.jpg,0.49999999999975886,0.0,0.0,0.0,0.0,0.0,0.0,0.9999999999995177,0.49999999999975886
RipVIS-NR-004_00414.jpg,0.49999999999975886,0.0,0.0,0.0,0.0,0.0,0.0,0.9999999999995177,0.49999999999975886
RipVIS-NR-004_00420.jpg,0.49999999999975886,0.0,0.0,0.0,0.0,0.0,0.0,0.9999999999995177,0.49999999999975886
RipVIS-NR-004_00426.jpg,0.49999999999975886,0.0,0.0,0.0,0.0,0.0,0.0,0.9999999999995177,0.49999999999975886
RipVIS-NR-004_00432.jpg,0.49999999999975886,0.0,0.0,0.0,0.0,0.0,0.0,0.9999999999995177,0.49999999999975886
RipVIS-NR-004_00438.jpg,0.49999999999975886,0.0,0.0,0.0,0.0,0.0,0.0,0.9999999999995177,0.49999999999975886
RipVIS-NR-004_00444.jpg,0.49999999999975886,0.0,0.0,0.0,0.0,0.0,0.0,0.9999999999995177,0.49999999999975886
RipVIS-NR-004_00450.jpg,0.49999999999975886,0.0,0.0,0.0,0.0,0.0,0.0,0.9999999999995177,0.49999999999975886
RipVIS-NR-004_00456.jpg,0.49999999999975886,0.0,0.0,0.0,0.0,0.0,0.0,0.9999999999995177,0.49999999999975886
RipVIS-NR-004_00462.jpg,0.49999999999975886,0.0,0.0,0.0,0.0,0.0,0.0,0.9999999999995177,0.49999999999975886
RipVIS-NR-004_00468.jpg,0.49999999999975886,0.0,0.0,0.0,0.0,0.0,0.0,0.9999999999995177,0.49999999999975886
RipVIS-NR-004_00474.jpg,0.49999999999975886,0.0,0.0,0.0,0.0,0.0,0.0,0.9999999999995177,0.49999999999975886
RipVIS-NR-004_00480.jpg,0.49999999999975886,0.0,0.0,0.0,0.0,0.0,0.0,0.9999999999995177,0.49999999999975886
RipVIS-NR-004_00486.jpg,0.49999999999975886,0.0,0.0,0.0,0.0,0.0,0.0,0.9999999999995177,0.49999999999975886
RipVIS-NR-004_00492.jpg,0.49999999999975886,0.0,0.0,0.0,0.0,0.0,0.0,0.9999999999995177,0.49999999999975886
RipVIS-NR-004_00498.jpg,0.49999999999975886,0.0,0.0,0.0,0.0,0.0,0.0,0.9999999999995177,0.49999999999975886
RipVIS-NR-004_00504.jpg,0.49999999999975886,0.0,0.0,0.0,0.0,0.0,0.0,0.9999999999995177,0.49999999999975886
RipVIS-NR-004_00510.jpg,0.49999999999975886,0.0,0.0,0.0,0.0,0.0,0.0,0.9999999999995177,0.49999999999975886
RipVIS-NR-004_00516.jpg,0.49999999999975886,0.0,0.0,0.0,0.0,0.0,0.0,0.9999999999995177,0.49999999999975886
RipVIS-NR-004_00522.jpg,0.49999999999975886,0.0,0.0,0.0,0.0,0.0,0.0,0.9999999999995177,0.49999999999975886
RipVIS-NR-004_00528.jpg,0.49999999999975886,0.0,0.0,0.0,0.0,0.0,0.0,0.9999999999995177,0.49999999999975886
RipVIS-NR-004_00534.jpg,0.49999999999975886,0.0,0.0,0.0,0.0,0.0,0.0,0.9999999999995177,0.49999999999975886
RipVIS-NR-004_00540.jpg,0.49999999999975886,0.0,0.0,0.0,0.0,0.0,0.0,0.9999999999995177,0.49999999999975886
RipVIS-NR-004_00546.jpg,0.49999999999975886,0.0,0.0,0.0,0.0,0.0,0.0,0.9999999999995177,0.49999999999975886
RipVIS-NR-004_00552.jpg,0.49999999999975886,0.0,0.0,0.0,0.0,0.0,0.0,0.9999999999995177,0.49999999999975886
RipVIS-NR-004_00558.jpg,0.49999999999975886,0.0,0.0,0.0,0.0,0.0,0.0,0.9999999999995177,0.49999999999975886
RipVIS-NR-004_00564.jpg,0.49999999999975886,0.0,0.0,0.0,0.0,0.0,0.0,0.9999999999995177,0.49999999999975886
RipVIS-NR-004_00570.jpg,0.49999999999975886,0.0,0.0,0.0,0.0,0.0,0.0,0.9999999999995177,0.49999999999975886
RipVIS-NR-004_00576.jpg,0.49999999999975886,0.0,0.0,0.0,0.0,0.0,0.0,0.9999999999995177,0.49999999999975886
RipVIS-NR-019_00000.jpg,0.49999999999945743,0.0,0.0,0.0,0.0,0.0,0.0,0.9999999999989149,0.49999999999945743
RipVIS-NR-019_00006.jpg,0.49999999999945743,0.0,0.0,0.0,0.0,0.0,0.0,0.9999999999989149,0.49999999999945743
RipVIS-NR-019_00012.jpg,0.49999999999945743,0.0,0.0,0.0,0.0,0.0,0.0,0.9999999999989149,0.49999999999945743
RipVIS-NR-019_00018.jpg,0.49999999999945743,0.0,0.0,0.0,0.0,0.0,0.0,0.9999999999989149,0.49999999999945743
RipVIS-NR-019_00024.jpg,0.49999999999945743,0.0,0.0,0.0,0.0,0.0,0.0,0.9999999999989149,0.49999999999945743
RipVIS-NR-019_00030.jpg,0.49999999999945743,0.0,0.0,0.0,0.0,0.0,0.0,0.9999999999989149,0.49999999999945743
RipVIS-NR-019_00036.jpg,0.49999999999945743,0.0,0.0,0.0,0.0,0.0,0.0,0.9999999999989149,0.49999999999945743
RipVIS-NR-019_00042.jpg,0.49999999999945743,0.0,0.0,0.0,0.0,0.0,0.0,0.9999999999989149,0.49999999999945743
RipVIS-NR-019_00048.jpg,0.49999999999945743,0.0,0.0,0.0,0.0,0.0,0.0,0.9999999999989149,0.49999999999945743
RipVIS-NR-019_00054.jpg,0.49999999999945743,0.0,0.0,0.0,0.0,0.0,0.0,0.9999999999989149,0.49999999999945743
RipVIS-NR-019_00060.jpg,0.49999999999945743,0.0,0.0,0.0,0.0,0.0,0.0,0.9999999999989149,0.49999999999945743
RipVIS-NR-019_00066.jpg,0.49999999999945743,0.0,0.0,0.0,0.0,0.0,0.0,0.9999999999989149,0.49999999999945743
RipVIS-NR-019_00072.jpg,0.49999999999945743,0.0,0.0,0.0,0.0,0.0,0.0,0.9999999999989149,0.49999999999945743
RipVIS-NR-019_00078.jpg,0.49999999999945743,0.0,0.0,0.0,0.0,0.0,0.0,0.9999999999989149,0.49999999999945743
RipVIS-NR-019_00084.jpg,0.49999999999945743,0.0,0.0,0.0,0.0,0.0,0.0,0.9999999999989149,0.49999999999945743
RipVIS-NR-019_00090.jpg,0.49999999999945743,0.0,0.0,0.0,0.0,0.0,0.0,0.9999999999989149,0.49999999999945743
RipVIS-NR-019_00096.jpg,0.49999999999945743,0.0,0.0,0.0,0.0,0.0,0.0,0.9999999999989149,0.49999999999945743
RipVIS-NR-019_00102.jpg,0.49999999999945743,0.0,0.0,0.0,0.0,0.0,0.0,0.9999999999989149,0.49999999999945743
RipVIS-NR-019_00108.jpg,0.49999999999945743,0.0,0.0,0.0,0.0,0.0,0.0,0.9999999999989149,0.49999999999945743
RipVIS-NR-019_00114.jpg,0.49999999999945743,0.0,0.0,0.0,0.0,0.0,0.0,0.9999999999989149,0.49999999999945743
RipVIS-NR-019_00120.jpg,0.49999999999945743,0.0,0.0,0.0,0.0,0.0,0.0,0.9999999999989149,0.49999999999945743
RipVIS-NR-019_00126.jpg,0.49999999999945743,0.0,0.0,0.0,0.0,0.0,0.0,0.9999999999989149,0.49999999999945743
RipVIS-NR-019_00132.jpg,0.49999999999945743,0.0,0.0,0.0,0.0,0.0,0.0,0.9999999999989149,0.49999999999945743
RipVIS-NR-019_00138.jpg,0.49999999999945743,0.0,0.0,0.0,0.0,0.0,0.0,0.9999999999989149,0.49999999999945743
RipVIS-NR-019_00144.jpg,0.49999999999945743,0.0,0.0,0.0,0.0,0.0,0.0,0.9999999999989149,0.49999999999945743
RipVIS-NR-019_00150.jpg,0.49999999999945743,0.0,0.0,0.0,0.0,0.0,0.0,0.9999999999989149,0.49999999999945743
RipVIS-NR-019_00156.jpg,0.49999999999945743,0.0,0.0,0.0,0.0,0.0,0.0,0.9999999999989149,0.49999999999945743
RipVIS-NR-019_00162.jpg,0.49999999999945743,0.0,0.0,0.0,0.0,0.0,0.0,0.9999999999989149,0.49999999999945743
RipVIS-NR-019_00168.jpg,0.49999999999945743,0.0,0.0,0.0,0.0,0.0,0.0,0.9999999999989149,0.49999999999945743
RipVIS-NR-019_00174.jpg,0.49999999999945743,0.0,0.0,0.0,0.0,0.0,0.0,0.9999999999989149,0.49999999999945743
RipVIS-NR-019_00180.jpg,0.49999999999945743,0.0,0.0,0.0,0.0,0.0,0.0,0.9999999999989149,0.49999999999945743
RipVIS-NR-019_00186.jpg,0.49999999999945743,0.0,0.0,0.0,0.0,0.0,0.0,0.9999999999989149,0.49999999999945743
RipVIS-NR-019_00192.jpg,0.49999999999945743,0.0,0.0,0.0,0.0,0.0,0.0,0.9999999999989149,0.49999999999945743
RipVIS-NR-019_00198.jpg,0.49999999999945743,0.0,0.0,0.0,0.0,0.0,0.0,0.9999999999989149,0.49999999999945743
RipVIS-NR-019_00204.jpg,0.49999999999945743,0.0,0.0,0.0,0.0,0.0,0.0,0.9999999999989149,0.49999999999945743
RipVIS-NR-019_00210.jpg,0.49999999999945743,0.0,0.0,0.0,0.0,0.0,0.0,0.9999999999989149,0.49999999999945743
RipVIS-NR-019_00216.jpg,0.49999999999945743,0.0,0.0,0.0,0.0,0.0,0.0,0.9999999999989149,0.49999999999945743
RipVIS-NR-019_00222.jpg,0.49999999999945743,0.0,0.0,0.0,0.0,0.0,0.0,0.9999999999989149,0.49999999999945743
RipVIS-NR-019_00228.jpg,0.49999999999945743,0.0,0.0,0.0,0.0,0.0,0.0,0.9999999999989149,0.49999999999945743
RipVIS-NR-019_00234.jpg,0.49999999999945743,0.0,0.0,0.0,0.0,0.0,0.0,0.9999999999989149,0.49999999999945743
RipVIS-NR-019_00240.jpg,0.49999999999945743,0.0,0.0,0.0,0.0,0.0,0.0,0.9999999999989149,0.49999999999945743
RipVIS-NR-019_00246.jpg,0.49999999999945743,0.0,0.0,0.0,0.0,0.0,0.0,0.9999999999989149,0.49999999999945743
RipVIS-NR-019_00252.jpg,0.49999999999945743,0.0,0.0,0.0,0.0,0.0,0.0,0.9999999999989149,0.49999999999945743
RipVIS-NR-019_00258.jpg,0.49999999999945743,0.0,0.0,0.0,0.0,0.0,0.0,0.9999999999989149,0.49999999999945743
RipVIS-NR-019_00264.jpg,0.49999999999945743,0.0,0.0,0.0,0.0,0.0,0.0,0.9999999999989149,0.49999999999945743
RipVIS-NR-019_00270.jpg,0.49999999999945743,0.0,0.0,0.0,0.0,0.0,0.0,0.9999999999989149,0.49999999999945743
RipVIS-NR-019_00276.jpg,0.49999999999945743,0.0,0.0,0.0,0.0,0.0,0.0,0.9999999999989149,0.49999999999945743
RipVIS-NR-019_00282.jpg,0.49999999999945743,0.0,0.0,0.0,0.0,0.0,0.0,0.9999999999989149,0.49999999999945743
RipVIS-NR-019_00288.jpg,0.49999999999945743,0.0,0.0,0.0,0.0,0.0,0.0,0.9999999999989149,0.49999999999945743
RipVIS-NR-019_00294.jpg,0.49999999999945743,0.0,0.0,0.0,0.0,0.0,0.0,0.9999999999989149,0.49999999999945743
RipVIS-NR-019_00300.jpg,0.49999999999945743,0.0,0.0,0.0,0.0,0.0,0.0,0.9999999999989149,0.49999999999945743
RipVIS-NR-019_00306.jpg,0.49999999999945743,0.0,0.0,0.0,0.0,0.0,0.0,0.9999999999989149,0.49999999999945743
RipVIS-NR-019_00312.jpg,0.49999999999945743,0.0,0.0,0.0,0.0,0.0,0.0,0.9999999999989149,0.49999999999945743
RipVIS-NR-019_00318.jpg,0.49999999999945743,0.0,0.0,0.0,0.0,0.0,0.0,0.9999999999989149,0.49999999999945743
RipVIS-NR-019_00324.jpg,0.49999999999945743,0.0,0.0,0.0,0.0,0.0,0.0,0.9999999999989149,0.49999999999945743
RipVIS-NR-019_00330.jpg,0.49999999999945743,0.0,0.0,0.0,0.0,0.0,0.0,0.9999999999989149,0.49999999999945743
RipVIS-NR-019_00336.jpg,0.49999999999945743,0.0,0.0,0.0,0.0,0.0,0.0,0.9999999999989149,0.49999999999945743
RipVIS-NR-019_00342.jpg,0.49999999999945743,0.0,0.0,0.0,0.0,0.0,0.0,0.9999999999989149,0.49999999999945743
RipVIS-NR-019_00348.jpg,0.49999999999945743,0.0,0.0,0.0,0.0,0.0,0.0,0.9999999999989149,0.49999999999945743
RipVIS-NR-019_00354.jpg,0.49999999999945743,0.0,0.0,0.0,0.0,0.0,0.0,0.9999999999989149,0.49999999999945743
RipVIS-NR-019_00360.jpg,0.49999999999945743,0.0,0.0,0.0,0.0,0.0,0.0,0.9999999999989149,0.49999999999945743
RipVIS-NR-019_00366.jpg,0.49999999999945743,0.0,0.0,0.0,0.0,0.0,0.0,0.9999999999989149,0.49999999999945743
RipVIS-NR-019_00372.jpg,0.49999999999945743,0.0,0.0,0.0,0.0,0.0,0.0,0.9999999999989149,0.49999999999945743
RipVIS-NR-019_00378.jpg,0.49999999999945743,0.0,0.0,0.0,0.0,0.0,0.0,0.9999999999989149,0.49999999999945743
RipVIS-NR-019_00384.jpg,0.49999999999945743,0.0,0.0,0.0,0.0,0.0,0.0,0.9999999999989149,0.49999999999945743
RipVIS-NR-019_00390.jpg,0.49999999999945743,0.0,0.0,0.0,0.0,0.0,0.0,0.9999999999989149,0.49999999999945743
RipVIS-NR-019_00396.jpg,0.49999999999945743,0.0,0.0,0.0,0.0,0.0,0.0,0.9999999999989149,0.49999999999945743
RipVIS-NR-019_00402.jpg,0.49999999999945743,0.0,0.0,0.0,0.0,0.0,0.0,0.9999999999989149,0.49999999999945743
RipVIS-NR-019_00408.jpg,0.49999999999945743,0.0,0.0,0.0,0.0,0.0,0.0,0.9999999999989149,0.49999999999945743
RipVIS-NR-019_00414.jpg,0.49999999999945743,0.0,0.0,0.0,0.0,0.0,0.0,0.9999999999989149,0.49999999999945743
RipVIS-NR-019_00420.jpg,0.49999999999945743,0.0,0.0,0.0,0.0,0.0,0.0,0.9999999999989149,0.49999999999945743
RipVIS-NR-019_00426.jpg,0.49999999999945743,0.0,0.0,0.0,0.0,0.0,0.0,0.9999999999989149,0.49999999999945743
RipVIS-NR-019_00432.jpg,0.49999999999945743,0.0,0.0,0.0,0.0,0.0,0.0,0.9999999999989149,0.49999999999945743
RipVIS-NR-019_00438.jpg,0.49999999999945743,0.0,0.0,0.0,0.0,0.0,0.0,0.9999999999989149,0.49999999999945743
RipVIS-NR-019_00444.jpg,0.49999999999945743,0.0,0.0,0.0,0.0,0.0,0.0,0.9999999999989149,0.49999999999945743
RipVIS-NR-019_00450.jpg,0.49999999999945743,0.0,0.0,0.0,0.0,0.0,0.0,0.9999999999989149,0.49999999999945743
RipVIS-NR-019_00456.jpg,0.49999999999945743,0.0,0.0,0.0,0.0,0.0,0.0,0.9999999999989149,0.49999999999945743
RipVIS-NR-019_00462.jpg,0.49999999999945743,0.0,0.0,0.0,0.0,0.0,0.0,0.9999999999989149,0.49999999999945743
RipVIS-NR-019_00468.jpg,0.49999999999945743,0.0,0.0,0.0,0.0,0.0,0.0,0.9999999999989149,0.49999999999945743
RipVIS-NR-019_00474.jpg,0.49999999999945743,0.0,0.0,0.0,0.0,0.0,0.0,0.9999999999989149,0.49999999999945743
RipVIS-NR-019_00480.jpg,0.49999999999945743,0.0,0.0,0.0,0.0,0.0,0.0,0.9999999999989149,0.49999999999945743
RipVIS-NR-019_00486.jpg,0.49999999999945743,0.0,0.0,0.0,0.0,0.0,0.0,0.9999999999989149,0.49999999999945743
RipVIS-NR-019_00492.jpg,0.49999999999945743,0.0,0.0,0.0,0.0,0.0,0.0,0.9999999999989149,0.49999999999945743
RipVIS-NR-019_00498.jpg,0.49999999999945743,0.0,0.0,0.0,0.0,0.0,0.0,0.9999999999989149,0.49999999999945743
RipVIS-NR-019_00504.jpg,0.49999999999945743,0.0,0.0,0.0,0.0,0.0,0.0,0.9999999999989149,0.49999999999945743
RipVIS-NR-019_00510.jpg,0.49999999999945743,0.0,0.0,0.0,0.0,0.0,0.0,0.9999999999989149,0.49999999999945743
RipVIS-NR-019_00516.jpg,0.49999999999945743,0.0,0.0,0.0,0.0,0.0,0.0,0.9999999999989149,0.49999999999945743
RipVIS-NR-019_00522.jpg,0.49999999999945743,0.0,0.0,0.0,0.0,0.0,0.0,0.9999999999989149,0.49999999999945743
RipVIS-NR-019_00528.jpg,0.49999999999945743,0.0,0.0,0.0,0.0,0.0,0.0,0.9999999999989149,0.49999999999945743
RipVIS-NR-019_00534.jpg,0.49999999999945743,0.0,0.0,0.0,0.0,0.0,0.0,0.9999999999989149,0.49999999999945743
RipVIS-NR-019_00540.jpg,0.49999999999945743,0.0,0.0,0.0,0.0,0.0,0.0,0.9999999999989149,0.49999999999945743
RipVIS-NR-019_00546.jpg,0.49999999999945743,0.0,0.0,0.0,0.0,0.0,0.0,0.9999999999989149,0.49999999999945743
RipVIS-NR-019_00552.jpg,0.49999999999945743,0.0,0.0,0.0,0.0,0.0,0.0,0.9999999999989149,0.49999999999945743
RipVIS-NR-019_00558.jpg,0.49999999999945743,0.0,0.0,0.0,0.0,0.0,0.0,0.9999999999989149,0.49999999999945743
RipVIS-NR-019_00564.jpg,0.49999999999945743,0.0,0.0,0.0,0.0,0.0,0.0,0.9999999999989149,0.49999999999945743
RipVIS-NR-019_00570.jpg,0.49999999999945743,0.0,0.0,0.0,0.0,0.0,0.0,0.9999999999989149,0.49999999999945743
RipVIS-NR-019_00576.jpg,0.49999999999945743,0.0,0.0,0.0,0.0,0.0,0.0,0.9999999999989149,0.49999999999945743
RipVIS-NR-019_00582.jpg,0.49999999999945743,0.0,0.0,0.0,0.0,0.0,0.0,0.9999999999989149,0.49999999999945743
RipVIS-NR-019_00588.jpg,0.49999999999945743,0.0,0.0,0.0,0.0,0.0,0.0,0.9999999999989149,0.49999999999945743
RipVIS-NR-019_00594.jpg,0.49999999999945743,0.0,0.0,0.0,0.0,0.0,0.0,0.9999999999989149,0.49999999999945743
RipVIS-NR-019_00600.jpg,0.49999999999945743,0.0,0.0,0.0,0.0,0.0,0.0,0.9999999999989149,0.49999999999945743
RipVIS-NR-019_00606.jpg,0.49999999999945743,0.0,0.0,0.0,0.0,0.0,0.0,0.9999999999989149,0.49999999999945743
RipVIS-NR-019_00612.jpg,0.49999999999945743,0.0,0.0,0.0,0.0,0.0,0.0,0.9999999999989149,0.49999999999945743
RipVIS-NR-019_00618.jpg,0.49999999999945743,0.0,0.0,0.0,0.0,0.0,0.0,0.9999999999989149,0.49999999999945743
RipVIS-NR-019_00624.jpg,0.49999999999945743,0.0,0.0,0.0,0.0,0.0,0.0,0.9999999999989149,0.49999999999945743
RipVIS-NR-019_00630.jpg,0.49999999999945743,0.0,0.0,0.0,0.0,0.0,0.0,0.9999999999989149,0.49999999999945743
RipVIS-NR-019_00636.jpg,0.49999999999945743,0.0,0.0,0.0,0.0,0.0,0.0,0.9999999999989149,0.49999999999945743
RipVIS-NR-019_00642.jpg,0.49999999999945743,0.0,0.0,0.0,0.0,0.0,0.0,0.9999999999989149,0.49999999999945743
RipVIS-NR-019_00648.jpg,0.49999999999945743,0.0,0.0,0.0,0.0,0.0,0.0,0.9999999999989149,0.49999999999945743
RipVIS-NR-019_00654.jpg,0.49999999999945743,0.0,0.0,0.0,0.0,0.0,0.0,0.9999999999989149,0.49999999999945743
RipVIS-NR-019_00660.jpg,0.49999999999945743,0.0,0.0,0.0,0.0,0.0,0.0,0.9999999999989149,0.49999999999945743
RipVIS-NR-019_00666.jpg,0.49999999999945743,0.0,0.0,0.0,0.0,0.0,0.0,0.9999999999989149,0.49999999999945743
RipVIS-NR-019_00672.jpg,0.49999999999945743,0.0,0.0,0.0,0.0,0.0,0.0,0.9999999999989149,0.49999999999945743
RipVIS-NR-019_00678.jpg,0.49999999999945743,0.0,0.0,0.0,0.0,0.0,0.0,0.9999999999989149,0.49999999999945743
RipVIS-NR-019_00684.jpg,0.49999999999945743,0.0,0.0,0.0,0.0,0.0,0.0,0.9999999999989149,0.49999999999945743
RipVIS-NR-019_00690.jpg,0.49999999999945743,0.0,0.0,0.0,0.0,0.0,0.0,0.9999999999989149,0.49999999999945743
RipVIS-NR-019_00696.jpg,0.49999999999945743,0.0,0.0,0.0,0.0,0.0,0.0,0.9999999999989149,0.49999999999945743
RipVIS-NR-019_00702.jpg,0.49999999999945743,0.0,0.0,0.0,0.0,0.0,0.0,0.9999999999989149,0.49999999999945743
RipVIS-NR-019_00708.jpg,0.49999999999945743,0.0,0.0,0.0,0.0,0.0,0.0,0.9999999999989149,0.49999999999945743
RipVIS-NR-019_00714.jpg,0.49999999999945743,0.0,0.0,0.0,0.0,0.0,0.0,0.9999999999989149,0.49999999999945743
RipVIS-NR-019_00720.jpg,0.49999999999945743,0.0,0.0,0.0,0.0,0.0,0.0,0.9999999999989149,0.49999999999945743
RipVIS-NR-019_00726.jpg,0.49999999999945743,0.0,0.0,0.0,0.0,0.0,0.0,0.9999999999989149,0.49999999999945743
RipVIS-NR-019_00732.jpg,0.49999999999945743,0.0,0.0,0.0,0.0,0.0,0.0,0.9999999999989149,0.49999999999945743
RipVIS-NR-019_00738.jpg,0.49999999999945743,0.0,0.0,0.0,0.0,0.0,0.0,0.9999999999989149,0.49999999999945743
RipVIS-NR-019_00744.jpg,0.49999999999945743,0.0,0.0,0.0,0.0,0.0,0.0,0.9999999999989149,0.49999999999945743
RipVIS-NR-019_00750.jpg,0.49999999999945743,0.0,0.0,0.0,0.0,0.0,0.0,0.9999999999989149,0.49999999999945743
RipVIS-NR-019_00756.jpg,0.49999999999945743,0.0,0.0,0.0,0.0,0.0,0.0,0.9999999999989149,0.49999999999945743
RipVIS-NR-019_00762.jpg,0.49999999999945743,0.0,0.0,0.0,0.0,0.0,0.0,0.9999999999989149,0.49999999999945743
RipVIS-NR-019_00768.jpg,0.49999999999945743,0.0,0.0,0.0,0.0,0.0,0.0,0.9999999999989149,0.49999999999945743
RipVIS-NR-019_00774.jpg,0.49999999999945743,0.0,0.0,0.0,0.0,0.0,0.0,0.9999999999989149,0.49999999999945743
RipVIS-NR-019_00780.jpg,0.49999999999945743,0.0,0.0,0.0,0.0,0.0,0.0,0.9999999999989149,0.49999999999945743
RipVIS-NR-019_00786.jpg,0.49999999999945743,0.0,0.0,0.0,0.0,0.0,0.0,0.9999999999989149,0.49999999999945743
RipVIS-NR-019_00792.jpg,0.49999999999945743,0.0,0.0,0.0,0.0,0.0,0.0,0.9999999999989149,0.49999999999945743
RipVIS-NR-019_00798.jpg,0.49999999999945743,0.0,0.0,0.0,0.0,0.0,0.0,0.9999999999989149,0.49999999999945743
RipVIS-NR-019_00804.jpg,0.49999999999945743,0.0,0.0,0.0,0.0,0.0,0.0,0.9999999999989149,0.49999999999945743
RipVIS-NR-019_00810.jpg,0.49999999999945743,0.0,0.0,0.0,0.0,0.0,0.0,0.9999999999989149,0.49999999999945743
RipVIS-NR-019_00816.jpg,0.49999999999945743,0.0,0.0,0.0,0.0,0.0,0.0,0.9999999999989149,0.49999999999945743
RipVIS-NR-019_00822.jpg,0.49999999999945743,0.0,0.0,0.0,0.0,0.0,0.0,0.9999999999989149,0.49999999999945743
RipVIS-NR-019_00828.jpg,0.49999999999945743,0.0,0.0,0.0,0.0,0.0,0.0,0.9999999999989149,0.49999999999945743
RipVIS-NR-019_00834.jpg,0.49999999999945743,0.0,0.0,0.0,0.0,0.0,0.0,0.9999999999989149,0.49999999999945743
RipVIS-NR-019_00840.jpg,0.49999999999945743,0.0,0.0,0.0,0.0,0.0,0.0,0.9999999999989149,0.49999999999945743
RipVIS-NR-019_00846.jpg,0.49999999999945743,0.0,0.0,0.0,0.0,0.0,0.0,0.9999999999989149,0.49999999999945743
RipVIS-NR-019_00852.jpg,0.49999999999945743,0.0,0.0,0.0,0.0,0.0,0.0,0.9999999999989149,0.49999999999945743
RipVIS-NR-019_00858.jpg,0.49999999999945743,0.0,0.0,0.0,0.0,0.0,0.0,0.9999999999989149,0.49999999999945743
RipVIS-NR-019_00864.jpg,0.49999999999945743,0.0,0.0,0.0,0.0,0.0,0.0,0.9999999999989149,0.49999999999945743
RipVIS-NR-019_00870.jpg,0.49999999999945743,0.0,0.0,0.0,0.0,0.0,0.0,0.9999999999989149,0.49999999999945743
RipVIS-NR-019_00876.jpg,0.49999999999945743,0.0,0.0,0.0,0.0,0.0,0.0,0.9999999999989149,0.49999999999945743
RipVIS-NR-019_00882.jpg,0.49999999999945743,0.0,0.0,0.0,0.0,0.0,0.0,0.9999999999989149,0.49999999999945743
RipVIS-NR-019_00888.jpg,0.49999999999945743,0.0,0.0,0.0,0.0,0.0,0.0,0.9999999999989149,0.49999999999945743
RipVIS-NR-019_00894.jpg,0.49999999999945743,0.0,0.0,0.0,0.0,0.0,0.0,0.9999999999989149,0.49999999999945743
RipVIS-NR-020_00000.jpg,0.49999999999945743,0.0,0.0,0.0,0.0,0.0,0.0,0.9999999999989149,0.49999999999945743
RipVIS-NR-020_00006.jpg,0.49999999999945743,0.0,0.0,0.0,0.0,0.0,0.0,0.9999999999989149,0.49999999999945743
RipVIS-NR-020_00012.jpg,0.49999999999945743,0.0,0.0,0.0,0.0,0.0,0.0,0.9999999999989149,0.49999999999945743
RipVIS-NR-020_00018.jpg,0.49999999999945743,0.0,0.0,0.0,0.0,0.0,0.0,0.9999999999989149,0.49999999999945743
RipVIS-NR-020_00024.jpg,0.49999999999945743,0.0,0.0,0.0,0.0,0.0,0.0,0.9999999999989149,0.49999999999945743
RipVIS-NR-020_00030.jpg,0.49999999999945743,0.0,0.0,0.0,0.0,0.0,0.0,0.9999999999989149,0.49999999999945743
RipVIS-NR-020_00036.jpg,0.49999999999945743,0.0,0.0,0.0,0.0,0.0,0.0,0.9999999999989149,0.49999999999945743
RipVIS-NR-020_00042.jpg,0.49999999999945743,0.0,0.0,0.0,0.0,0.0,0.0,0.9999999999989149,0.49999999999945743
RipVIS-NR-020_00048.jpg,0.49999999999945743,0.0,0.0,0.0,0.0,0.0,0.0,0.9999999999989149,0.49999999999945743
RipVIS-NR-020_00054.jpg,0.49999999999945743,0.0,0.0,0.0,0.0,0.0,0.0,0.9999999999989149,0.49999999999945743
RipVIS-NR-020_00060.jpg,0.49999999999945743,0.0,0.0,0.0,0.0,0.0,0.0,0.9999999999989149,0.49999999999945743
RipVIS-NR-020_00066.jpg,0.49999999999945743,0.0,0.0,0.0,0.0,0.0,0.0,0.9999999999989149,0.49999999999945743
RipVIS-NR-020_00072.jpg,0.49999999999945743,0.0,0.0,0.0,0.0,0.0,0.0,0.9999999999989149,0.49999999999945743
RipVIS-NR-020_00078.jpg,0.49999999999945743,0.0,0.0,0.0,0.0,0.0,0.0,0.9999999999989149,0.49999999999945743
RipVIS-NR-020_00084.jpg,0.49999999999945743,0.0,0.0,0.0,0.0,0.0,0.0,0.9999999999989149,0.49999999999945743
RipVIS-NR-020_00090.jpg,0.49999999999945743,0.0,0.0,0.0,0.0,0.0,0.0,0.9999999999989149,0.49999999999945743
RipVIS-NR-020_00096.jpg,0.49999999999945743,0.0,0.0,0.0,0.0,0.0,0.0,0.9999999999989149,0.49999999999945743
RipVIS-NR-020_00102.jpg,0.49999999999945743,0.0,0.0,0.0,0.0,0.0,0.0,0.9999999999989149,0.49999999999945743
RipVIS-NR-020_00108.jpg,0.49999999999945743,0.0,0.0,0.0,0.0,0.0,0.0,0.9999999999989149,0.49999999999945743
RipVIS-NR-020_00114.jpg,0.49999999999945743,0.0,0.0,0.0,0.0,0.0,0.0,0.9999999999989149,0.49999999999945743
RipVIS-NR-020_00120.jpg,0.49999999999945743,0.0,0.0,0.0,0.0,0.0,0.0,0.9999999999989149,0.49999999999945743
RipVIS-NR-020_00126.jpg,0.49999999999945743,0.0,0.0,0.0,0.0,0.0,0.0,0.9999999999989149,0.49999999999945743
RipVIS-NR-020_00132.jpg,0.49999999999945743,0.0,0.0,0.0,0.0,0.0,0.0,0.9999999999989149,0.49999999999945743
RipVIS-NR-020_00138.jpg,0.49999999999945743,0.0,0.0,0.0,0.0,0.0,0.0,0.9999999999989149,0.49999999999945743
RipVIS-NR-020_00144.jpg,0.49999999999945743,0.0,0.0,0.0,0.0,0.0,0.0,0.9999999999989149,0.49999999999945743
RipVIS-NR-020_00150.jpg,0.49999999999945743,0.0,0.0,0.0,0.0,0.0,0.0,0.9999999999989149,0.49999999999945743
RipVIS-NR-020_00156.jpg,0.49999999999945743,0.0,0.0,0.0,0.0,0.0,0.0,0.9999999999989149,0.49999999999945743
RipVIS-NR-020_00162.jpg,0.4734353298605974,0.0,0.0,0.0,0.0,0.0,0.0,0.9468706597211948,0.4734353298605974
RipVIS-NR-020_00168.jpg,0.49999999999945743,0.0,0.0,0.0,0.0,0.0,0.0,0.9999999999989149,0.49999999999945743
RipVIS-NR-020_00174.jpg,0.49999999999945743,0.0,0.0,0.0,0.0,0.0,0.0,0.9999999999989149,0.49999999999945743
RipVIS-NR-020_00180.jpg,0.49999999999945743,0.0,0.0,0.0,0.0,0.0,0.0,0.9999999999989149,0.49999999999945743
RipVIS-NR-020_00186.jpg,0.49999999999945743,0.0,0.0,0.0,0.0,0.0,0.0,0.9999999999989149,0.49999999999945743
RipVIS-NR-020_00192.jpg,0.49999999999945743,0.0,0.0,0.0,0.0,0.0,0.0,0.9999999999989149,0.49999999999945743
RipVIS-NR-020_00198.jpg,0.49999999999945743,0.0,0.0,0.0,0.0,0.0,0.0,0.9999999999989149,0.49999999999945743
RipVIS-NR-020_00204.jpg,0.49999999999945743,0.0,0.0,0.0,0.0,0.0,0.0,0.9999999999989149,0.49999999999945743
RipVIS-NR-020_00210.jpg,0.49999999999945743,0.0,0.0,0.0,0.0,0.0,0.0,0.9999999999989149,0.49999999999945743
RipVIS-NR-020_00216.jpg,0.49999999999945743,0.0,0.0,0.0,0.0,0.0,0.0,0.9999999999989149,0.49999999999945743
RipVIS-NR-020_00222.jpg,0.49999999999945743,0.0,0.0,0.0,0.0,0.0,0.0,0.9999999999989149,0.49999999999945743
RipVIS-NR-020_00228.jpg,0.49999999999945743,0.0,0.0,0.0,0.0,0.0,0.0,0.9999999999989149,0.49999999999945743
RipVIS-NR-020_00234.jpg,0.49999999999945743,0.0,0.0,0.0,0.0,0.0,0.0,0.9999999999989149,0.49999999999945743
RipVIS-NR-020_00240.jpg,0.49999999999945743,0.0,0.0,0.0,0.0,0.0,0.0,0.9999999999989149,0.49999999999945743
RipVIS-NR-020_00246.jpg,0.49999999999945743,0.0,0.0,0.0,0.0,0.0,0.0,0.9999999999989149,0.49999999999945743
RipVIS-NR-020_00252.jpg,0.49999999999945743,0.0,0.0,0.0,0.0,0.0,0.0,0.9999999999989149,0.49999999999945743
RipVIS-NR-020_00258.jpg,0.49999999999945743,0.0,0.0,0.0,0.0,0.0,0.0,0.9999999999989149,0.49999999999945743
RipVIS-NR-020_00264.jpg,0.49999999999945743,0.0,0.0,0.0,0.0,0.0,0.0,0.9999999999989149,0.49999999999945743
RipVIS-NR-020_00270.jpg,0.49999999999945743,0.0,0.0,0.0,0.0,0.0,0.0,0.9999999999989149,0.49999999999945743
RipVIS-NR-020_00276.jpg,0.49999999999945743,0.0,0.0,0.0,0.0,0.0,0.0,0.9999999999989149,0.49999999999945743
RipVIS-NR-020_00282.jpg,0.49999999999945743,0.0,0.0,0.0,0.0,0.0,0.0,0.9999999999989149,0.49999999999945743
RipVIS-NR-020_00288.jpg,0.49999999999945743,0.0,0.0,0.0,0.0,0.0,0.0,0.9999999999989149,0.49999999999945743
RipVIS-NR-020_00294.jpg,0.49999999999945743,0.0,0.0,0.0,0.0,0.0,0.0,0.9999999999989149,0.49999999999945743
RipVIS-NR-020_00300.jpg,0.49999999999945743,0.0,0.0,0.0,0.0,0.0,0.0,0.9999999999989149,0.49999999999945743
RipVIS-NR-020_00306.jpg,0.49999999999945743,0.0,0.0,0.0,0.0,0.0,0.0,0.9999999999989149,0.49999999999945743
RipVIS-NR-020_00312.jpg,0.49999999999945743,0.0,0.0,0.0,0.0,0.0,0.0,0.9999999999989149,0.49999999999945743
RipVIS-NR-020_00318.jpg,0.49999999999945743,0.0,0.0,0.0,0.0,0.0,0.0,0.9999999999989149,0.49999999999945743
RipVIS-NR-020_00324.jpg,0.49999999999945743,0.0,0.0,0.0,0.0,0.0,0.0,0.9999999999989149,0.49999999999945743
RipVIS-NR-020_00330.jpg,0.49999999999945743,0.0,0.0,0.0,0.0,0.0,0.0,0.9999999999989149,0.49999999999945743
RipVIS-NR-020_00336.jpg,0.49999999999945743,0.0,0.0,0.0,0.0,0.0,0.0,0.9999999999989149,0.49999999999945743
RipVIS-NR-020_00342.jpg,0.49999999999945743,0.0,0.0,0.0,0.0,0.0,0.0,0.9999999999989149,0.49999999999945743
RipVIS-NR-020_00348.jpg,0.49999999999945743,0.0,0.0,0.0,0.0,0.0,0.0,0.9999999999989149,0.49999999999945743
RipVIS-NR-020_00354.jpg,0.49999999999945743,0.0,0.0,0.0,0.0,0.0,0.0,0.9999999999989149,0.49999999999945743
RipVIS-NR-020_00360.jpg,0.49999999999945743,0.0,0.0,0.0,0.0,0.0,0.0,0.9999999999989149,0.49999999999945743
RipVIS-NR-020_00366.jpg,0.49999999999945743,0.0,0.0,0.0,0.0,0.0,0.0,0.9999999999989149,0.49999999999945743
RipVIS-NR-020_00372.jpg,0.49999999999945743,0.0,0.0,0.0,0.0,0.0,0.0,0.9999999999989149,0.49999999999945743
RipVIS-NR-020_00378.jpg,0.49999999999945743,0.0,0.0,0.0,0.0,0.0,0.0,0.9999999999989149,0.49999999999945743
RipVIS-NR-020_00384.jpg,0.49999999999945743,0.0,0.0,0.0,0.0,0.0,0.0,0.9999999999989149,0.49999999999945743
RipVIS-NR-020_00390.jpg,0.49999999999945743,0.0,0.0,0.0,0.0,0.0,0.0,0.9999999999989149,0.49999999999945743
RipVIS-NR-020_00396.jpg,0.49999999999945743,0.0,0.0,0.0,0.0,0.0,0.0,0.9999999999989149,0.49999999999945743
RipVIS-NR-020_00402.jpg,0.49999999999945743,0.0,0.0,0.0,0.0,0.0,0.0,0.9999999999989149,0.49999999999945743
RipVIS-NR-020_00408.jpg,0.49999999999945743,0.0,0.0,0.0,0.0,0.0,0.0,0.9999999999989149,0.49999999999945743
RipVIS-NR-020_00414.jpg,0.49999999999945743,0.0,0.0,0.0,0.0,0.0,0.0,0.9999999999989149,0.49999999999945743
RipVIS-NR-020_00420.jpg,0.49999999999945743,0.0,0.0,0.0,0.0,0.0,0.0,0.9999999999989149,0.49999999999945743
RipVIS-NR-020_00426.jpg,0.49999999999945743,0.0,0.0,0.0,0.0,0.0,0.0,0.9999999999989149,0.49999999999945743
RipVIS-NR-020_00432.jpg,0.49999999999945743,0.0,0.0,0.0,0.0,0.0,0.0,0.9999999999989149,0.49999999999945743
RipVIS-NR-020_00438.jpg,0.49999999999945743,0.0,0.0,0.0,0.0,0.0,0.0,0.9999999999989149,0.49999999999945743
RipVIS-NR-020_00444.jpg,0.49999999999945743,0.0,0.0,0.0,0.0,0.0,0.0,0.9999999999989149,0.49999999999945743
RipVIS-NR-020_00450.jpg,0.49999999999945743,0.0,0.0,0.0,0.0,0.0,0.0,0.9999999999989149,0.49999999999945743
RipVIS-NR-020_00456.jpg,0.49999999999945743,0.0,0.0,0.0,0.0,0.0,0.0,0.9999999999989149,0.49999999999945743
RipVIS-NR-020_00462.jpg,0.49999999999945743,0.0,0.0,0.0,0.0,0.0,0.0,0.9999999999989149,0.49999999999945743
RipVIS-NR-020_00468.jpg,0.49999999999945743,0.0,0.0,0.0,0.0,0.0,0.0,0.9999999999989149,0.49999999999945743
RipVIS-NR-020_00474.jpg,0.49999999999945743,0.0,0.0,0.0,0.0,0.0,0.0,0.9999999999989149,0.49999999999945743
RipVIS-NR-020_00480.jpg,0.49999999999945743,0.0,0.0,0.0,0.0,0.0,0.0,0.9999999999989149,0.49999999999945743
RipVIS-NR-020_00486.jpg,0.49999999999945743,0.0,0.0,0.0,0.0,0.0,0.0,0.9999999999989149,0.49999999999945743
RipVIS-NR-020_00492.jpg,0.49999999999945743,0.0,0.0,0.0,0.0,0.0,0.0,0.9999999999989149,0.49999999999945743
RipVIS-NR-020_00498.jpg,0.49999999999945743,0.0,0.0,0.0,0.0,0.0,0.0,0.9999999999989149,0.49999999999945743
RipVIS-NR-020_00504.jpg,0.49999999999945743,0.0,0.0,0.0,0.0,0.0,0.0,0.9999999999989149,0.49999999999945743
RipVIS-NR-020_00510.jpg,0.49999999999945743,0.0,0.0,0.0,0.0,0.0,0.0,0.9999999999989149,0.49999999999945743
RipVIS-NR-020_00516.jpg,0.49999999999945743,0.0,0.0,0.0,0.0,0.0,0.0,0.9999999999989149,0.49999999999945743
RipVIS-NR-020_00522.jpg,0.49999999999945743,0.0,0.0,0.0,0.0,0.0,0.0,0.9999999999989149,0.49999999999945743
RipVIS-NR-020_00528.jpg,0.49999999999945743,0.0,0.0,0.0,0.0,0.0,0.0,0.9999999999989149,0.49999999999945743
RipVIS-NR-020_00534.jpg,0.49999999999945743,0.0,0.0,0.0,0.0,0.0,0.0,0.9999999999989149,0.49999999999945743
RipVIS-NR-020_00540.jpg,0.49999999999945743,0.0,0.0,0.0,0.0,0.0,0.0,0.9999999999989149,0.49999999999945743
RipVIS-NR-020_00546.jpg,0.49999999999945743,0.0,0.0,0.0,0.0,0.0,0.0,0.9999999999989149,0.49999999999945743
RipVIS-NR-020_00552.jpg,0.49999999999945743,0.0,0.0,0.0,0.0,0.0,0.0,0.9999999999989149,0.49999999999945743
RipVIS-NR-020_00558.jpg,0.49999999999945743,0.0,0.0,0.0,0.0,0.0,0.0,0.9999999999989149,0.49999999999945743
RipVIS-NR-020_00564.jpg,0.49999999999945743,0.0,0.0,0.0,0.0,0.0,0.0,0.9999999999989149,0.49999999999945743
RipVIS-NR-020_00570.jpg,0.49999999999945743,0.0,0.0,0.0,0.0,0.0,0.0,0.9999999999989149,0.49999999999945743
RipVIS-NR-020_00576.jpg,0.49999999999945743,0.0,0.0,0.0,0.0,0.0,0.0,0.9999999999989149,0.49999999999945743
RipVIS-NR-020_00582.jpg,0.49999999999945743,0.0,0.0,0.0,0.0,0.0,0.0,0.9999999999989149,0.49999999999945743
RipVIS-NR-020_00588.jpg,0.49999999999945743,0.0,0.0,0.0,0.0,0.0,0.0,0.9999999999989149,0.49999999999945743
RipVIS-NR-020_00594.jpg,0.49999999999945743,0.0,0.0,0.0,0.0,0.0,0.0,0.9999999999989149,0.49999999999945743
RipVIS-NR-020_00600.jpg,0.49999999999945743,0.0,0.0,0.0,0.0,0.0,0.0,0.9999999999989149,0.49999999999945743
RipVIS-NR-020_00606.jpg,0.49999999999945743,0.0,0.0,0.0,0.0,0.0,0.0,0.9999999999989149,0.49999999999945743
RipVIS-NR-020_00612.jpg,0.49999999999945743,0.0,0.0,0.0,0.0,0.0,0.0,0.9999999999989149,0.49999999999945743
RipVIS-NR-020_00618.jpg,0.49999999999945743,0.0,0.0,0.0,0.0,0.0,0.0,0.9999999999989149,0.49999999999945743
RipVIS-NR-020_00624.jpg,0.49999999999945743,0.0,0.0,0.0,0.0,0.0,0.0,0.9999999999989149,0.49999999999945743
RipVIS-NR-020_00630.jpg,0.49999999999945743,0.0,0.0,0.0,0.0,0.0,0.0,0.9999999999989149,0.49999999999945743
RipVIS-NR-020_00636.jpg,0.49999999999945743,0.0,0.0,0.0,0.0,0.0,0.0,0.9999999999989149,0.49999999999945743
RipVIS-NR-020_00642.jpg,0.49999999999945743,0.0,0.0,0.0,0.0,0.0,0.0,0.9999999999989149,0.49999999999945743
RipVIS-NR-020_00648.jpg,0.49999999999945743,0.0,0.0,0.0,0.0,0.0,0.0,0.9999999999989149,0.49999999999945743
RipVIS-NR-020_00654.jpg,0.49999999999945743,0.0,0.0,0.0,0.0,0.0,0.0,0.9999999999989149,0.49999999999945743
RipVIS-NR-020_00660.jpg,0.49999999999945743,0.0,0.0,0.0,0.0,0.0,0.0,0.9999999999989149,0.49999999999945743
RipVIS-NR-020_00666.jpg,0.49999999999945743,0.0,0.0,0.0,0.0,0.0,0.0,0.9999999999989149,0.49999999999945743
RipVIS-NR-020_00672.jpg,0.49999999999945743,0.0,0.0,0.0,0.0,0.0,0.0,0.9999999999989149,0.49999999999945743
RipVIS-NR-020_00678.jpg,0.49999999999945743,0.0,0.0,0.0,0.0,0.0,0.0,0.9999999999989149,0.49999999999945743
RipVIS-NR-020_00684.jpg,0.49999999999945743,0.0,0.0,0.0,0.0,0.0,0.0,0.9999999999989149,0.49999999999945743
RipVIS-NR-020_00690.jpg,0.49999999999945743,0.0,0.0,0.0,0.0,0.0,0.0,0.9999999999989149,0.49999999999945743
RipVIS-NR-020_00696.jpg,0.49999999999945743,0.0,0.0,0.0,0.0,0.0,0.0,0.9999999999989149,0.49999999999945743
RipVIS-NR-020_00702.jpg,0.49999999999945743,0.0,0.0,0.0,0.0,0.0,0.0,0.9999999999989149,0.49999999999945743
RipVIS-NR-020_00708.jpg,0.49999999999945743,0.0,0.0,0.0,0.0,0.0,0.0,0.9999999999989149,0.49999999999945743
RipVIS-NR-020_00714.jpg,0.49999999999945743,0.0,0.0,0.0,0.0,0.0,0.0,0.9999999999989149,0.49999999999945743
RipVIS-NR-020_00720.jpg,0.49999999999945743,0.0,0.0,0.0,0.0,0.0,0.0,0.9999999999989149,0.49999999999945743
RipVIS-NR-020_00726.jpg,0.49999999999945743,0.0,0.0,0.0,0.0,0.0,0.0,0.9999999999989149,0.49999999999945743
RipVIS-NR-020_00732.jpg,0.49999999999945743,0.0,0.0,0.0,0.0,0.0,0.0,0.9999999999989149,0.49999999999945743
RipVIS-NR-020_00738.jpg,0.49999999999945743,0.0,0.0,0.0,0.0,0.0,0.0,0.9999999999989149,0.49999999999945743
RipVIS-NR-020_00744.jpg,0.49999999999945743,0.0,0.0,0.0,0.0,0.0,0.0,0.9999999999989149,0.49999999999945743
RipVIS-NR-020_00750.jpg,0.49999999999945743,0.0,0.0,0.0,0.0,0.0,0.0,0.9999999999989149,0.49999999999945743
RipVIS-NR-020_00756.jpg,0.49999999999945743,0.0,0.0,0.0,0.0,0.0,0.0,0.9999999999989149,0.49999999999945743
RipVIS-NR-020_00762.jpg,0.49999999999945743,0.0,0.0,0.0,0.0,0.0,0.0,0.9999999999989149,0.49999999999945743
RipVIS-NR-020_00768.jpg,0.49999999999945743,0.0,0.0,0.0,0.0,0.0,0.0,0.9999999999989149,0.49999999999945743
RipVIS-NR-020_00774.jpg,0.49999999999945743,0.0,0.0,0.0,0.0,0.0,0.0,0.9999999999989149,0.49999999999945743
RipVIS-NR-020_00780.jpg,0.49999999999945743,0.0,0.0,0.0,0.0,0.0,0.0,0.9999999999989149,0.49999999999945743
RipVIS-NR-020_00786.jpg,0.49999999999945743,0.0,0.0,0.0,0.0,0.0,0.0,0.9999999999989149,0.49999999999945743
RipVIS-NR-020_00792.jpg,0.49999999999945743,0.0,0.0,0.0,0.0,0.0,0.0,0.9999999999989149,0.49999999999945743
RipVIS-NR-020_00798.jpg,0.49999999999945743,0.0,0.0,0.0,0.0,0.0,0.0,0.9999999999989149,0.49999999999945743
RipVIS-NR-020_00804.jpg,0.49999999999945743,0.0,0.0,0.0,0.0,0.0,0.0,0.9999999999989149,0.49999999999945743
RipVIS-NR-020_00810.jpg,0.49999999999945743,0.0,0.0,0.0,0.0,0.0,0.0,0.9999999999989149,0.49999999999945743
RipVIS-NR-020_00816.jpg,0.49999999999945743,0.0,0.0,0.0,0.0,0.0,0.0,0.9999999999989149,0.49999999999945743
RipVIS-NR-020_00822.jpg,0.49999999999945743,0.0,0.0,0.0,0.0,0.0,0.0,0.9999999999989149,0.49999999999945743
RipVIS-NR-020_00828.jpg,0.49999999999945743,0.0,0.0,0.0,0.0,0.0,0.0,0.9999999999989149,0.49999999999945743
RipVIS-NR-020_00834.jpg,0.49999999999945743,0.0,0.0,0.0,0.0,0.0,0.0,0.9999999999989149,0.49999999999945743
RipVIS-NR-020_00840.jpg,0.49999999999945743,0.0,0.0,0.0,0.0,0.0,0.0,0.9999999999989149,0.49999999999945743
RipVIS-NR-020_00846.jpg,0.49999999999945743,0.0,0.0,0.0,0.0,0.0,0.0,0.9999999999989149,0.49999999999945743
RipVIS-NR-020_00852.jpg,0.49999999999945743,0.0,0.0,0.0,0.0,0.0,0.0,0.9999999999989149,0.49999999999945743
RipVIS-NR-020_00858.jpg,0.49999999999945743,0.0,0.0,0.0,0.0,0.0,0.0,0.9999999999989149,0.49999999999945743
RipVIS-NR-020_00864.jpg,0.49999999999945743,0.0,0.0,0.0,0.0,0.0,0.0,0.9999999999989149,0.49999999999945743
RipVIS-NR-020_00870.jpg,0.49999999999945743,0.0,0.0,0.0,0.0,0.0,0.0,0.9999999999989149,0.49999999999945743
RipVIS-NR-020_00876.jpg,0.49999999999945743,0.0,0.0,0.0,0.0,0.0,0.0,0.9999999999989149,0.49999999999945743
RipVIS-NR-020_00882.jpg,0.49999999999945743,0.0,0.0,0.0,0.0,0.0,0.0,0.9999999999989149,0.49999999999945743
RipVIS-NR-020_00888.jpg,0.49999999999945743,0.0,0.0,0.0,0.0,0.0,0.0,0.9999999999989149,0.49999999999945743
RipVIS-NR-020_00894.jpg,0.49999999999945743,0.0,0.0,0.0,0.0,0.0,0.0,0.9999999999989149,0.49999999999945743
RipVIS-NR-020_00900.jpg,0.49999999999945743,0.0,0.0,0.0,0.0,0.0,0.0,0.9999999999989149,0.49999999999945743
RipVIS-NR-020_00906.jpg,0.49999999999945743,0.0,0.0,0.0,0.0,0.0,0.0,0.9999999999989149,0.49999999999945743
RipVIS-NR-020_00912.jpg,0.49999999999945743,0.0,0.0,0.0,0.0,0.0,0.0,0.9999999999989149,0.49999999999945743
RipVIS-NR-020_00918.jpg,0.49999999999945743,0.0,0.0,0.0,0.0,0.0,0.0,0.9999999999989149,0.49999999999945743
RipVIS-NR-020_00924.jpg,0.49999999999945743,0.0,0.0,0.0,0.0,0.0,0.0,0.9999999999989149,0.49999999999945743
RipVIS-NR-020_00930.jpg,0.49999999999945743,0.0,0.0,0.0,0.0,0.0,0.0,0.9999999999989149,0.49999999999945743
RipVIS-NR-020_00936.jpg,0.49999999999945743,0.0,0.0,0.0,0.0,0.0,0.0,0.9999999999989149,0.49999999999945743
RipVIS-NR-020_00942.jpg,0.49999999999945743,0.0,0.0,0.0,0.0,0.0,0.0,0.9999999999989149,0.49999999999945743
RipVIS-NR-020_00948.jpg,0.49999999999945743,0.0,0.0,0.0,0.0,0.0,0.0,0.9999999999989149,0.49999999999945743
RipVIS-NR-020_00954.jpg,0.49999999999945743,0.0,0.0,0.0,0.0,0.0,0.0,0.9999999999989149,0.49999999999945743
RipVIS-NR-020_00960.jpg,0.49999999999945743,0.0,0.0,0.0,0.0,0.0,0.0,0.9999999999989149,0.49999999999945743
RipVIS-NR-020_00966.jpg,0.49999999999945743,0.0,0.0,0.0,0.0,0.0,0.0,0.9999999999989149,0.49999999999945743
RipVIS-NR-020_00972.jpg,0.49999999999945743,0.0,0.0,0.0,0.0,0.0,0.0,0.9999999999989149,0.49999999999945743
RipVIS-NR-020_00978.jpg,0.49999999999945743,0.0,0.0,0.0,0.0,0.0,0.0,0.9999999999989149,0.49999999999945743
RipVIS-NR-020_00984.jpg,0.49999999999945743,0.0,0.0,0.0,0.0,0.0,0.0,0.9999999999989149,0.49999999999945743
RipVIS-NR-020_00990.jpg,0.49999999999945743,0.0,0.0,0.0,0.0,0.0,0.0,0.9999999999989149,0.49999999999945743
RipVIS-NR-020_00996.jpg,0.49999999999945743,0.0,0.0,0.0,0.0,0.0,0.0,0.9999999999989149,0.49999999999945743
RipVIS-NR-020_01002.jpg,0.49999999999945743,0.0,0.0,0.0,0.0,0.0,0.0,0.9999999999989149,0.49999999999945743
RipVIS-NR-020_01008.jpg,0.49999999999945743,0.0,0.0,0.0,0.0,0.0,0.0,0.9999999999989149,0.49999999999945743
RipVIS-NR-020_01014.jpg,0.49999999999945743,0.0,0.0,0.0,0.0,0.0,0.0,0.9999999999989149,0.49999999999945743
RipVIS-NR-020_01020.jpg,0.49999999999945743,0.0,0.0,0.0,0.0,0.0,0.0,0.9999999999989149,0.49999999999945743
RipVIS-NR-020_01026.jpg,0.49999999999945743,0.0,0.0,0.0,0.0,0.0,0.0,0.9999999999989149,0.49999999999945743
RipVIS-NR-020_01032.jpg,0.49999999999945743,0.0,0.0,0.0,0.0,0.0,0.0,0.9999999999989149,0.49999999999945743
RipVIS-NR-020_01038.jpg,0.49999999999945743,0.0,0.0,0.0,0.0,0.0,0.0,0.9999999999989149,0.49999999999945743
RipVIS-NR-020_01044.jpg,0.49999999999945743,0.0,0.0,0.0,0.0,0.0,0.0,0.9999999999989149,0.49999999999945743
RipVIS-NR-020_01050.jpg,0.49999999999945743,0.0,0.0,0.0,0.0,0.0,0.0,0.9999999999989149,0.49999999999945743
RipVIS-NR-020_01056.jpg,0.49999999999945743,0.0,0.0,0.0,0.0,0.0,0.0,0.9999999999989149,0.49999999999945743
RipVIS-NR-020_01062.jpg,0.49999999999945743,0.0,0.0,0.0,0.0,0.0,0.0,0.9999999999989149,0.49999999999945743
RipVIS-NR-020_01068.jpg,0.49999999999945743,0.0,0.0,0.0,0.0,0.0,0.0,0.9999999999989149,0.49999999999945743
RipVIS-NR-020_01074.jpg,0.49999999999945743,0.0,0.0,0.0,0.0,0.0,0.0,0.9999999999989149,0.49999999999945743
RipVIS-NR-020_01080.jpg,0.49999999999945743,0.0,0.0,0.0,0.0,0.0,0.0,0.9999999999989149,0.49999999999945743
RipVIS-NR-020_01086.jpg,0.49999999999945743,0.0,0.0,0.0,0.0,0.0,0.0,0.9999999999989149,0.49999999999945743
RipVIS-NR-020_01092.jpg,0.49999999999945743,0.0,0.0,0.0,0.0,0.0,0.0,0.9999999999989149,0.49999999999945743
RipVIS-NR-020_01098.jpg,0.49999999999945743,0.0,0.0,0.0,0.0,0.0,0.0,0.9999999999989149,0.49999999999945743
RipVIS-NR-020_01104.jpg,0.49999999999945743,0.0,0.0,0.0,0.0,0.0,0.0,0.9999999999989149,0.49999999999945743
RipVIS-NR-020_01110.jpg,0.49999999999945743,0.0,0.0,0.0,0.0,0.0,0.0,0.9999999999989149,0.49999999999945743
RipVIS-NR-020_01116.jpg,0.49999999999945743,0.0,0.0,0.0,0.0,0.0,0.0,0.9999999999989149,0.49999999999945743
RipVIS-NR-020_01122.jpg,0.49999999999945743,0.0,0.0,0.0,0.0,0.0,0.0,0.9999999999989149,0.49999999999945743
RipVIS-NR-020_01128.jpg,0.49999999999945743,0.0,0.0,0.0,0.0,0.0,0.0,0.9999999999989149,0.49999999999945743
RipVIS-NR-020_01134.jpg,0.49999999999945743,0.0,0.0,0.0,0.0,0.0,0.0,0.9999999999989149,0.49999999999945743
RipVIS-NR-020_01140.jpg,0.49999999999945743,0.0,0.0,0.0,0.0,0.0,0.0,0.9999999999989149,0.49999999999945743
RipVIS-NR-020_01146.jpg,0.49999999999945743,0.0,0.0,0.0,0.0,0.0,0.0,0.9999999999989149,0.49999999999945743
RipVIS-NR-020_01152.jpg,0.49999999999945743,0.0,0.0,0.0,0.0,0.0,0.0,0.9999999999989149,0.49999999999945743
RipVIS-NR-020_01158.jpg,0.49999999999945743,0.0,0.0,0.0,0.0,0.0,0.0,0.9999999999989149,0.49999999999945743
RipVIS-NR-020_01164.jpg,0.49999999999945743,0.0,0.0,0.0,0.0,0.0,0.0,0.9999999999989149,0.49999999999945743
RipVIS-NR-020_01170.jpg,0.49999999999945743,0.0,0.0,0.0,0.0,0.0,0.0,0.9999999999989149,0.49999999999945743
RipVIS-NR-020_01176.jpg,0.49999999999945743,0.0,0.0,0.0,0.0,0.0,0.0,0.9999999999989149,0.49999999999945743
RipVIS-NR-020_01182.jpg,0.49999999999945743,0.0,0.0,0.0,0.0,0.0,0.0,0.9999999999989149,0.49999999999945743
RipVIS-NR-020_01188.jpg,0.49999999999945743,0.0,0.0,0.0,0.0,0.0,0.0,0.9999999999989149,0.49999999999945743
RipVIS-NR-020_01194.jpg,0.46124837239533284,0.0,0.0,0.0,0.0,0.0,0.0,0.9224967447906657,0.46124837239533284
RipVIS-NR-020_01200.jpg,0.4630278862842198,0.0,0.0,0.0,0.0,0.0,0.0,0.9260557725684396,0.4630278862842198
RipVIS-NR-020_01206.jpg,0.49999999999945743,0.0,0.0,0.0,0.0,0.0,0.0,0.9999999999989149,0.49999999999945743
RipVIS-NR-020_01212.jpg,0.49999999999945743,0.0,0.0,0.0,0.0,0.0,0.0,0.9999999999989149,0.49999999999945743
RipVIS-NR-020_01218.jpg,0.49999999999945743,0.0,0.0,0.0,0.0,0.0,0.0,0.9999999999989149,0.49999999999945743
RipVIS-NR-020_01224.jpg,0.49999999999945743,0.0,0.0,0.0,0.0,0.0,0.0,0.9999999999989149,0.49999999999945743
RipVIS-NR-020_01230.jpg,0.49999999999945743,0.0,0.0,0.0,0.0,0.0,0.0,0.9999999999989149,0.49999999999945743
RipVIS-NR-020_01236.jpg,0.49999999999945743,0.0,0.0,0.0,0.0,0.0,0.0,0.9999999999989149,0.49999999999945743
RipVIS-NR-020_01242.jpg,0.49999999999945743,0.0,0.0,0.0,0.0,0.0,0.0,0.9999999999989149,0.49999999999945743
RipVIS-NR-020_01248.jpg,0.49999999999945743,0.0,0.0,0.0,0.0,0.0,0.0,0.9999999999989149,0.49999999999945743
RipVIS-NR-020_01254.jpg,0.49999999999945743,0.0,0.0,0.0,0.0,0.0,0.0,0.9999999999989149,0.49999999999945743
RipVIS-NR-020_01260.jpg,0.49999999999945743,0.0,0.0,0.0,0.0,0.0,0.0,0.9999999999989149,0.49999999999945743
RipVIS-NR-020_01266.jpg,0.49999999999945743,0.0,0.0,0.0,0.0,0.0,0.0,0.9999999999989149,0.49999999999945743
RipVIS-NR-020_01272.jpg,0.49999999999945743,0.0,0.0,0.0,0.0,0.0,0.0,0.9999999999989149,0.49999999999945743
RipVIS-NR-020_01278.jpg,0.49999999999945743,0.0,0.0,0.0,0.0,0.0,0.0,0.9999999999989149,0.49999999999945743
RipVIS-NR-020_01284.jpg,0.49999999999945743,0.0,0.0,0.0,0.0,0.0,0.0,0.9999999999989149,0.49999999999945743
RipVIS-NR-020_01290.jpg,0.49999999999945743,0.0,0.0,0.0,0.0,0.0,0.0,0.9999999999989149,0.49999999999945743
RipVIS-NR-020_01296.jpg,0.49999999999945743,0.0,0.0,0.0,0.0,0.0,0.0,0.9999999999989149,0.49999999999945743
RipVIS-NR-020_01302.jpg,0.49999999999945743,0.0,0.0,0.0,0.0,0.0,0.0,0.9999999999989149,0.49999999999945743
RipVIS-NR-020_01308.jpg,0.49999999999945743,0.0,0.0,0.0,0.0,0.0,0.0,0.9999999999989149,0.49999999999945743
RipVIS-NR-020_01314.jpg,0.49999999999945743,0.0,0.0,0.0,0.0,0.0,0.0,0.9999999999989149,0.49999999999945743
RipVIS-NR-020_01320.jpg,0.49999999999945743,0.0,0.0,0.0,0.0,0.0,0.0,0.9999999999989149,0.49999999999945743
RipVIS-NR-020_01326.jpg,0.4867371961800274,0.0,0.0,0.0,0.0,0.0,0.0,0.9734743923600548,0.4867371961800274
RipVIS-NR-020_01332.jpg,0.49999999999945743,0.0,0.0,0.0,0.0,0.0,0.0,0.9999999999989149,0.49999999999945743
RipVIS-NR-020_01338.jpg,0.49999999999945743,0.0,0.0,0.0,0.0,0.0,0.0,0.9999999999989149,0.49999999999945743
RipVIS-NR-020_01344.jpg,0.49999999999945743,0.0,0.0,0.0,0.0,0.0,0.0,0.9999999999989149,0.49999999999945743
RipVIS-NR-020_01350.jpg,0.49999999999945743,0.0,0.0,0.0,0.0,0.0,0.0,0.9999999999989149,0.49999999999945743
RipVIS-NR-020_01356.jpg,0.49999999999945743,0.0,0.0,0.0,0.0,0.0,0.0,0.9999999999989149,0.49999999999945743
RipVIS-NR-020_01362.jpg,0.49999999999945743,0.0,0.0,0.0,0.0,0.0,0.0,0.9999999999989149,0.49999999999945743
RipVIS-NR-020_01368.jpg,0.49999999999945743,0.0,0.0,0.0,0.0,0.0,0.0,0.9999999999989149,0.49999999999945743
RipVIS-NR-020_01374.jpg,0.49999999999945743,0.0,0.0,0.0,0.0,0.0,0.0,0.9999999999989149,0.49999999999945743
RipVIS-NR-020_01380.jpg,0.49999999999945743,0.0,0.0,0.0,0.0,0.0,0.0,0.9999999999989149,0.49999999999945743
RipVIS-NR-020_01386.jpg,0.49999999999945743,0.0,0.0,0.0,0.0,0.0,0.0,0.9999999999989149,0.49999999999945743
RipVIS-NR-020_01392.jpg,0.49999999999945743,0.0,0.0,0.0,0.0,0.0,0.0,0.9999999999989149,0.49999999999945743
RipVIS-NR-020_01398.jpg,0.49999999999945743,0.0,0.0,0.0,0.0,0.0,0.0,0.9999999999989149,0.49999999999945743
RipVIS-NR-020_01404.jpg,0.49999999999945743,0.0,0.0,0.0,0.0,0.0,0.0,0.9999999999989149,0.49999999999945743
RipVIS-NR-020_01410.jpg,0.49999999999945743,0.0,0.0,0.0,0.0,0.0,0.0,0.9999999999989149,0.49999999999945743
RipVIS-NR-020_01416.jpg,0.49999999999945743,0.0,0.0,0.0,0.0,0.0,0.0,0.9999999999989149,0.49999999999945743
RipVIS-NR-020_01422.jpg,0.49999999999945743,0.0,0.0,0.0,0.0,0.0,0.0,0.9999999999989149,0.49999999999945743
RipVIS-NR-020_01428.jpg,0.49999999999945743,0.0,0.0,0.0,0.0,0.0,0.0,0.9999999999989149,0.49999999999945743
RipVIS-NR-020_01434.jpg,0.49999999999945743,0.0,0.0,0.0,0.0,0.0,0.0,0.9999999999989149,0.49999999999945743
RipVIS-NR-020_01440.jpg,0.49999999999945743,0.0,0.0,0.0,0.0,0.0,0.0,0.9999999999989149,0.49999999999945743
RipVIS-NR-020_01446.jpg,0.49999999999945743,0.0,0.0,0.0,0.0,0.0,0.0,0.9999999999989149,0.49999999999945743
RipVIS-NR-020_01452.jpg,0.49999999999945743,0.0,0.0,0.0,0.0,0.0,0.0,0.9999999999989149,0.49999999999945743
RipVIS-NR-020_01458.jpg,0.49999999999945743,0.0,0.0,0.0,0.0,0.0,0.0,0.9999999999989149,0.49999999999945743
RipVIS-NR-020_01464.jpg,0.49999999999945743,0.0,0.0,0.0,0.0,0.0,0.0,0.9999999999989149,0.49999999999945743
RipVIS-NR-020_01470.jpg,0.49999999999945743,0.0,0.0,0.0,0.0,0.0,0.0,0.9999999999989149,0.49999999999945743
RipVIS-NR-020_01476.jpg,0.49999999999945743,0.0,0.0,0.0,0.0,0.0,0.0,0.9999999999989149,0.49999999999945743
RipVIS-NR-020_01482.jpg,0.49999999999945743,0.0,0.0,0.0,0.0,0.0,0.0,0.9999999999989149,0.49999999999945743
RipVIS-NR-020_01488.jpg,0.49999999999945743,0.0,0.0,0.0,0.0,0.0,0.0,0.9999999999989149,0.49999999999945743
RipVIS-NR-020_01494.jpg,0.49999999999945743,0.0,0.0,0.0,0.0,0.0,0.0,0.9999999999989149,0.49999999999945743
RipVIS-NR-020_01500.jpg,0.49999999999945743,0.0,0.0,0.0,0.0,0.0,0.0,0.9999999999989149,0.49999999999945743
RipVIS-NR-020_01506.jpg,0.49999999999945743,0.0,0.0,0.0,0.0,0.0,0.0,0.9999999999989149,0.49999999999945743
RipVIS-NR-020_01512.jpg,0.49999999999945743,0.0,0.0,0.0,0.0,0.0,0.0,0.9999999999989149,0.49999999999945743
RipVIS-NR-020_01518.jpg,0.49999999999945743,0.0,0.0,0.0,0.0,0.0,0.0,0.9999999999989149,0.49999999999945743
RipVIS-NR-020_01524.jpg,0.49999999999945743,0.0,0.0,0.0,0.0,0.0,0.0,0.9999999999989149,0.49999999999945743
RipVIS-NR-020_01530.jpg,0.49999999999945743,0.0,0.0,0.0,0.0,0.0,0.0,0.9999999999989149,0.49999999999945743
RipVIS-NR-020_01536.jpg,0.49999999999945743,0.0,0.0,0.0,0.0,0.0,0.0,0.9999999999989149,0.49999999999945743
RipVIS-NR-020_01542.jpg,0.49999999999945743,0.0,0.0,0.0,0.0,0.0,0.0,0.9999999999989149,0.49999999999945743
RipVIS-NR-020_01548.jpg,0.49999999999945743,0.0,0.0,0.0,0.0,0.0,0.0,0.9999999999989149,0.49999999999945743
RipVIS-NR-020_01554.jpg,0.49999999999945743,0.0,0.0,0.0,0.0,0.0,0.0,0.9999999999989149,0.49999999999945743
RipVIS-NR-020_01560.jpg,0.49999999999945743,0.0,0.0,0.0,0.0,0.0,0.0,0.9999999999989149,0.49999999999945743
RipVIS-NR-020_01566.jpg,0.49999999999945743,0.0,0.0,0.0,0.0,0.0,0.0,0.9999999999989149,0.49999999999945743
RipVIS-NR-020_01572.jpg,0.49999999999945743,0.0,0.0,0.0,0.0,0.0,0.0,0.9999999999989149,0.49999999999945743
RipVIS-NR-020_01578.jpg,0.49999999999945743,0.0,0.0,0.0,0.0,0.0,0.0,0.9999999999989149,0.49999999999945743
RipVIS-NR-020_01584.jpg,0.49999999999945743,0.0,0.0,0.0,0.0,0.0,0.0,0.9999999999989149,0.49999999999945743
RipVIS-NR-020_01590.jpg,0.49999999999945743,0.0,0.0,0.0,0.0,0.0,0.0,0.9999999999989149,0.49999999999945743
RipVIS-NR-020_01596.jpg,0.49999999999945743,0.0,0.0,0.0,0.0,0.0,0.0,0.9999999999989149,0.49999999999945743
RipVIS-NR-020_01602.jpg,0.49999999999945743,0.0,0.0,0.0,0.0,0.0,0.0,0.9999999999989149,0.49999999999945743
RipVIS-NR-020_01608.jpg,0.49999999999945743,0.0,0.0,0.0,0.0,0.0,0.0,0.9999999999989149,0.49999999999945743
RipVIS-NR-020_01614.jpg,0.49999999999945743,0.0,0.0,0.0,0.0,0.0,0.0,0.9999999999989149,0.49999999999945743
RipVIS-NR-020_01620.jpg,0.49999999999945743,0.0,0.0,0.0,0.0,0.0,0.0,0.9999999999989149,0.49999999999945743
RipVIS-NR-020_01626.jpg,0.49999999999945743,0.0,0.0,0.0,0.0,0.0,0.0,0.9999999999989149,0.49999999999945743
RipVIS-NR-020_01632.jpg,0.49999999999945743,0.0,0.0,0.0,0.0,0.0,0.0,0.9999999999989149,0.49999999999945743
RipVIS-NR-020_01638.jpg,0.49999999999945743,0.0,0.0,0.0,0.0,0.0,0.0,0.9999999999989149,0.49999999999945743
RipVIS-NR-020_01644.jpg,0.49999999999945743,0.0,0.0,0.0,0.0,0.0,0.0,0.9999999999989149,0.49999999999945743
RipVIS-NR-020_01650.jpg,0.49999999999945743,0.0,0.0,0.0,0.0,0.0,0.0,0.9999999999989149,0.49999999999945743
RipVIS-NR-020_01656.jpg,0.49999999999945743,0.0,0.0,0.0,0.0,0.0,0.0,0.9999999999989149,0.49999999999945743
RipVIS-NR-020_01662.jpg,0.49999999999945743,0.0,0.0,0.0,0.0,0.0,0.0,0.9999999999989149,0.49999999999945743
RipVIS-NR-020_01668.jpg,0.49999999999945743,0.0,0.0,0.0,0.0,0.0,0.0,0.9999999999989149,0.49999999999945743
RipVIS-NR-020_01674.jpg,0.49999999999945743,0.0,0.0,0.0,0.0,0.0,0.0,0.9999999999989149,0.49999999999945743
RipVIS-NR-020_01680.jpg,0.49999999999945743,0.0,0.0,0.0,0.0,0.0,0.0,0.9999999999989149,0.49999999999945743
RipVIS-NR-020_01686.jpg,0.49999999999945743,0.0,0.0,0.0,0.0,0.0,0.0,0.9999999999989149,0.49999999999945743
RipVIS-NR-020_01692.jpg,0.49999999999945743,0.0,0.0,0.0,0.0,0.0,0.0,0.9999999999989149,0.49999999999945743
RipVIS-NR-020_01698.jpg,0.49999999999945743,0.0,0.0,0.0,0.0,0.0,0.0,0.9999999999989149,0.49999999999945743
RipVIS-NR-020_01704.jpg,0.49999999999945743,0.0,0.0,0.0,0.0,0.0,0.0,0.9999999999989149,0.49999999999945743
RipVIS-NR-020_01710.jpg,0.49999999999945743,0.0,0.0,0.0,0.0,0.0,0.0,0.9999999999989149,0.49999999999945743
RipVIS-NR-020_01716.jpg,0.49999999999945743,0.0,0.0,0.0,0.0,0.0,0.0,0.9999999999989149,0.49999999999945743
RipVIS-NR-020_01722.jpg,0.49999999999945743,0.0,0.0,0.0,0.0,0.0,0.0,0.9999999999989149,0.49999999999945743
RipVIS-NR-020_01728.jpg,0.49999999999945743,0.0,0.0,0.0,0.0,0.0,0.0,0.9999999999989149,0.49999999999945743
RipVIS-NR-020_01734.jpg,0.49999999999945743,0.0,0.0,0.0,0.0,0.0,0.0,0.9999999999989149,0.49999999999945743
RipVIS-NR-020_01740.jpg,0.49999999999945743,0.0,0.0,0.0,0.0,0.0,0.0,0.9999999999989149,0.49999999999945743
RipVIS-NR-020_01746.jpg,0.49999999999945743,0.0,0.0,0.0,0.0,0.0,0.0,0.9999999999989149,0.49999999999945743
RipVIS-NR-020_01752.jpg,0.49999999999945743,0.0,0.0,0.0,0.0,0.0,0.0,0.9999999999989149,0.49999999999945743
RipVIS-NR-020_01758.jpg,0.49999999999945743,0.0,0.0,0.0,0.0,0.0,0.0,0.9999999999989149,0.49999999999945743
RipVIS-NR-020_01764.jpg,0.49999999999945743,0.0,0.0,0.0,0.0,0.0,0.0,0.9999999999989149,0.49999999999945743
RipVIS-NR-020_01770.jpg,0.49999999999945743,0.0,0.0,0.0,0.0,0.0,0.0,0.9999999999989149,0.49999999999945743
RipVIS-NR-020_01776.jpg,0.49999999999945743,0.0,0.0,0.0,0.0,0.0,0.0,0.9999999999989149,0.49999999999945743
RipVIS-NR-020_01782.jpg,0.49999999999945743,0.0,0.0,0.0,0.0,0.0,0.0,0.9999999999989149,0.49999999999945743
RipVIS-NR-020_01788.jpg,0.49999999999945743,0.0,0.0,0.0,0.0,0.0,0.0,0.9999999999989149,0.49999999999945743
RipVIS-NR-020_01794.jpg,0.49999999999945743,0.0,0.0,0.0,0.0,0.0,0.0,0.9999999999989149,0.49999999999945743
RipVIS-NR-020_01800.jpg,0.49999999999945743,0.0,0.0,0.0,0.0,0.0,0.0,0.9999999999989149,0.49999999999945743
RipVIS-NR-020_01806.jpg,0.49999999999945743,0.0,0.0,0.0,0.0,0.0,0.0,0.9999999999989149,0.49999999999945743
RipVIS-NR-020_01812.jpg,0.49999999999945743,0.0,0.0,0.0,0.0,0.0,0.0,0.9999999999989149,0.49999999999945743
RipVIS-NR-020_01818.jpg,0.49999999999945743,0.0,0.0,0.0,0.0,0.0,0.0,0.9999999999989149,0.49999999999945743
RipVIS-NR-020_01824.jpg,0.49999999999945743,0.0,0.0,0.0,0.0,0.0,0.0,0.9999999999989149,0.49999999999945743
RipVIS-NR-020_01830.jpg,0.49999999999945743,0.0,0.0,0.0,0.0,0.0,0.0,0.9999999999989149,0.49999999999945743
RipVIS-NR-020_01836.jpg,0.49999999999945743,0.0,0.0,0.0,0.0,0.0,0.0,0.9999999999989149,0.49999999999945743
RipVIS-NR-020_01842.jpg,0.49999999999945743,0.0,0.0,0.0,0.0,0.0,0.0,0.9999999999989149,0.49999999999945743
RipVIS-NR-020_01848.jpg,0.49999999999945743,0.0,0.0,0.0,0.0,0.0,0.0,0.9999999999989149,0.49999999999945743
RipVIS-NR-020_01854.jpg,0.49999999999945743,0.0,0.0,0.0,0.0,0.0,0.0,0.9999999999989149,0.49999999999945743
RipVIS-NR-020_01860.jpg,0.49999999999945743,0.0,0.0,0.0,0.0,0.0,0.0,0.9999999999989149,0.49999999999945743
RipVIS-NR-020_01866.jpg,0.49999999999945743,0.0,0.0,0.0,0.0,0.0,0.0,0.9999999999989149,0.49999999999945743
RipVIS-NR-020_01872.jpg,0.49999999999945743,0.0,0.0,0.0,0.0,0.0,0.0,0.9999999999989149,0.49999999999945743
RipVIS-NR-020_01878.jpg,0.49999999999945743,0.0,0.0,0.0,0.0,0.0,0.0,0.9999999999989149,0.49999999999945743
RipVIS-NR-020_01884.jpg,0.49999999999945743,0.0,0.0,0.0,0.0,0.0,0.0,0.9999999999989149,0.49999999999945743
RipVIS-NR-020_01890.jpg,0.49999999999945743,0.0,0.0,0.0,0.0,0.0,0.0,0.9999999999989149,0.49999999999945743
RipVIS-NR-020_01896.jpg,0.49999999999945743,0.0,0.0,0.0,0.0,0.0,0.0,0.9999999999989149,0.49999999999945743
RipVIS-NR-020_01902.jpg,0.49999999999945743,0.0,0.0,0.0,0.0,0.0,0.0,0.9999999999989149,0.49999999999945743
RipVIS-NR-020_01908.jpg,0.49999999999945743,0.0,0.0,0.0,0.0,0.0,0.0,0.9999999999989149,0.49999999999945743
RipVIS-NR-020_01914.jpg,0.49999999999945743,0.0,0.0,0.0,0.0,0.0,0.0,0.9999999999989149,0.49999999999945743
RipVIS-NR-020_01920.jpg,0.49999999999945743,0.0,0.0,0.0,0.0,0.0,0.0,0.9999999999989149,0.49999999999945743
RipVIS-NR-020_01926.jpg,0.49999999999945743,0.0,0.0,0.0,0.0,0.0,0.0,0.9999999999989149,0.49999999999945743
RipVIS-NR-020_01932.jpg,0.49999999999945743,0.0,0.0,0.0,0.0,0.0,0.0,0.9999999999989149,0.49999999999945743
RipVIS-NR-020_01938.jpg,0.49999999999945743,0.0,0.0,0.0,0.0,0.0,0.0,0.9999999999989149,0.49999999999945743
RipVIS-NR-020_01944.jpg,0.49999999999945743,0.0,0.0,0.0,0.0,0.0,0.0,0.9999999999989149,0.49999999999945743
RipVIS-NR-020_01950.jpg,0.49999999999945743,0.0,0.0,0.0,0.0,0.0,0.0,0.9999999999989149,0.49999999999945743
RipVIS-NR-020_01956.jpg,0.49999999999945743,0.0,0.0,0.0,0.0,0.0,0.0,0.9999999999989149,0.49999999999945743
RipVIS-NR-020_01962.jpg,0.49999999999945743,0.0,0.0,0.0,0.0,0.0,0.0,0.9999999999989149,0.49999999999945743
RipVIS-NR-020_01968.jpg,0.49999999999945743,0.0,0.0,0.0,0.0,0.0,0.0,0.9999999999989149,0.49999999999945743
RipVIS-NR-020_01974.jpg,0.49999999999945743,0.0,0.0,0.0,0.0,0.0,0.0,0.9999999999989149,0.49999999999945743
RipVIS-NR-020_01980.jpg,0.49999999999945743,0.0,0.0,0.0,0.0,0.0,0.0,0.9999999999989149,0.49999999999945743
RipVIS-NR-020_01986.jpg,0.49999999999945743,0.0,0.0,0.0,0.0,0.0,0.0,0.9999999999989149,0.49999999999945743
RipVIS-NR-020_01992.jpg,0.49999999999945743,0.0,0.0,0.0,0.0,0.0,0.0,0.9999999999989149,0.49999999999945743
RipVIS-NR-020_01998.jpg,0.49999999999945743,0.0,0.0,0.0,0.0,0.0,0.0,0.9999999999989149,0.49999999999945743
RipVIS-NR-020_02004.jpg,0.49999999999945743,0.0,0.0,0.0,0.0,0.0,0.0,0.9999999999989149,0.49999999999945743
RipVIS-NR-020_02010.jpg,0.49999999999945743,0.0,0.0,0.0,0.0,0.0,0.0,0.9999999999989149,0.49999999999945743
RipVIS-NR-020_02016.jpg,0.49999999999945743,0.0,0.0,0.0,0.0,0.0,0.0,0.9999999999989149,0.49999999999945743
RipVIS-NR-020_02022.jpg,0.49999999999945743,0.0,0.0,0.0,0.0,0.0,0.0,0.9999999999989149,0.49999999999945743
RipVIS-NR-020_02028.jpg,0.49999999999945743,0.0,0.0,0.0,0.0,0.0,0.0,0.9999999999989149,0.49999999999945743
RipVIS-NR-020_02034.jpg,0.49999999999945743,0.0,0.0,0.0,0.0,0.0,0.0,0.9999999999989149,0.49999999999945743
RipVIS-NR-020_02040.jpg,0.49999999999945743,0.0,0.0,0.0,0.0,0.0,0.0,0.9999999999989149,0.49999999999945743
RipVIS-NR-020_02046.jpg,0.49999999999945743,0.0,0.0,0.0,0.0,0.0,0.0,0.9999999999989149,0.49999999999945743
RipVIS-NR-020_02052.jpg,0.49999999999945743,0.0,0.0,0.0,0.0,0.0,0.0,0.9999999999989149,0.49999999999945743
RipVIS-NR-020_02058.jpg,0.49999999999945743,0.0,0.0,0.0,0.0,0.0,0.0,0.9999999999989149,0.49999999999945743
RipVIS-NR-020_02064.jpg,0.49999999999945743,0.0,0.0,0.0,0.0,0.0,0.0,0.9999999999989149,0.49999999999945743
RipVIS-NR-020_02070.jpg,0.49999999999945743,0.0,0.0,0.0,0.0,0.0,0.0,0.9999999999989149,0.49999999999945743
RipVIS-NR-020_02076.jpg,0.49999999999945743,0.0,0.0,0.0,0.0,0.0,0.0,0.9999999999989149,0.49999999999945743
RipVIS-NR-020_02082.jpg,0.49999999999945743,0.0,0.0,0.0,0.0,0.0,0.0,0.9999999999989149,0.49999999999945743
RipVIS-NR-020_02088.jpg,0.49999999999945743,0.0,0.0,0.0,0.0,0.0,0.0,0.9999999999989149,0.49999999999945743
RipVIS-NR-020_02094.jpg,0.49999999999945743,0.0,0.0,0.0,0.0,0.0,0.0,0.9999999999989149,0.49999999999945743
RipVIS-NR-020_02100.jpg,0.49999999999945743,0.0,0.0,0.0,0.0,0.0,0.0,0.9999999999989149,0.49999999999945743
RipVIS-NR-020_02106.jpg,0.49999999999945743,0.0,0.0,0.0,0.0,0.0,0.0,0.9999999999989149,0.49999999999945743
RipVIS-NR-020_02112.jpg,0.49999999999945743,0.0,0.0,0.0,0.0,0.0,0.0,0.9999999999989149,0.49999999999945743
RipVIS-NR-020_02118.jpg,0.49999999999945743,0.0,0.0,0.0,0.0,0.0,0.0,0.9999999999989149,0.49999999999945743
RipVIS-NR-020_02124.jpg,0.49999999999945743,0.0,0.0,0.0,0.0,0.0,0.0,0.9999999999989149,0.49999999999945743
RipVIS-NR-020_02130.jpg,0.49999999999945743,0.0,0.0,0.0,0.0,0.0,0.0,0.9999999999989149,0.49999999999945743
RipVIS-NR-020_02136.jpg,0.49999999999945743,0.0,0.0,0.0,0.0,0.0,0.0,0.9999999999989149,0.49999999999945743
RipVIS-NR-020_02142.jpg,0.49999999999945743,0.0,0.0,0.0,0.0,0.0,0.0,0.9999999999989149,0.49999999999945743
RipVIS-NR-020_02148.jpg,0.49999999999945743,0.0,0.0,0.0,0.0,0.0,0.0,0.9999999999989149,0.49999999999945743
RipVIS-NR-020_02154.jpg,0.49999999999945743,0.0,0.0,0.0,0.0,0.0,0.0,0.9999999999989149,0.49999999999945743
RipVIS-NR-020_02160.jpg,0.49999999999945743,0.0,0.0,0.0,0.0,0.0,0.0,0.9999999999989149,0.49999999999945743
RipVIS-NR-020_02166.jpg,0.49999999999945743,0.0,0.0,0.0,0.0,0.0,0.0,0.9999999999989149,0.49999999999945743
RipVIS-NR-020_02172.jpg,0.49999999999945743,0.0,0.0,0.0,0.0,0.0,0.0,0.9999999999989149,0.49999999999945743
RipVIS-NR-020_02178.jpg,0.49999999999945743,0.0,0.0,0.0,0.0,0.0,0.0,0.9999999999989149,0.49999999999945743
RipVIS-NR-020_02184.jpg,0.49999999999945743,0.0,0.0,0.0,0.0,0.0,0.0,0.9999999999989149,0.49999999999945743
RipVIS-NR-020_02190.jpg,0.49999999999945743,0.0,0.0,0.0,0.0,0.0,0.0,0.9999999999989149,0.49999999999945743
RipVIS-NR-020_02196.jpg,0.49999999999945743,0.0,0.0,0.0,0.0,0.0,0.0,0.9999999999989149,0.49999999999945743
RipVIS-NR-020_02202.jpg,0.49999999999945743,0.0,0.0,0.0,0.0,0.0,0.0,0.9999999999989149,0.49999999999945743
RipVIS-NR-020_02208.jpg,0.49999999999945743,0.0,0.0,0.0,0.0,0.0,0.0,0.9999999999989149,0.49999999999945743
RipVIS-NR-020_02214.jpg,0.49999999999945743,0.0,0.0,0.0,0.0,0.0,0.0,0.9999999999989149,0.49999999999945743
RipVIS-NR-020_02220.jpg,0.49999999999945743,0.0,0.0,0.0,0.0,0.0,0.0,0.9999999999989149,0.49999999999945743
RipVIS-NR-020_02226.jpg,0.49999999999945743,0.0,0.0,0.0,0.0,0.0,0.0,0.9999999999989149,0.49999999999945743
RipVIS-NR-020_02232.jpg,0.49999999999945743,0.0,0.0,0.0,0.0,0.0,0.0,0.9999999999989149,0.49999999999945743
RipVIS-NR-020_02238.jpg,0.49999999999945743,0.0,0.0,0.0,0.0,0.0,0.0,0.9999999999989149,0.49999999999945743
RipVIS-NR-020_02244.jpg,0.49999999999945743,0.0,0.0,0.0,0.0,0.0,0.0,0.9999999999989149,0.49999999999945743
RipVIS-NR-020_02250.jpg,0.49999999999945743,0.0,0.0,0.0,0.0,0.0,0.0,0.9999999999989149,0.49999999999945743
RipVIS-NR-020_02256.jpg,0.49999999999945743,0.0,0.0,0.0,0.0,0.0,0.0,0.9999999999989149,0.49999999999945743
RipVIS-NR-020_02262.jpg,0.49999999999945743,0.0,0.0,0.0,0.0,0.0,0.0,0.9999999999989149,0.49999999999945743
RipVIS-NR-020_02268.jpg,0.49999999999945743,0.0,0.0,0.0,0.0,0.0,0.0,0.9999999999989149,0.49999999999945743
RipVIS-NR-020_02274.jpg,0.49999999999945743,0.0,0.0,0.0,0.0,0.0,0.0,0.9999999999989149,0.49999999999945743
RipVIS-NR-020_02280.jpg,0.49999999999945743,0.0,0.0,0.0,0.0,0.0,0.0,0.9999999999989149,0.49999999999945743
RipVIS-NR-020_02286.jpg,0.49999999999945743,0.0,0.0,0.0,0.0,0.0,0.0,0.9999999999989149,0.49999999999945743
RipVIS-NR-020_02292.jpg,0.49999999999945743,0.0,0.0,0.0,0.0,0.0,0.0,0.9999999999989149,0.49999999999945743
RipVIS-NR-020_02298.jpg,0.49999999999945743,0.0,0.0,0.0,0.0,0.0,0.0,0.9999999999989149,0.49999999999945743
RipVIS-NR-020_02304.jpg,0.49999999999945743,0.0,0.0,0.0,0.0,0.0,0.0,0.9999999999989149,0.49999999999945743
RipVIS-NR-020_02310.jpg,0.49999999999945743,0.0,0.0,0.0,0.0,0.0,0.0,0.9999999999989149,0.49999999999945743
RipVIS-NR-020_02316.jpg,0.49999999999945743,0.0,0.0,0.0,0.0,0.0,0.0,0.9999999999989149,0.49999999999945743
RipVIS-NR-020_02322.jpg,0.49999999999945743,0.0,0.0,0.0,0.0,0.0,0.0,0.9999999999989149,0.49999999999945743
RipVIS-NR-020_02328.jpg,0.49999999999945743,0.0,0.0,0.0,0.0,0.0,0.0,0.9999999999989149,0.49999999999945743
RipVIS-NR-020_02334.jpg,0.49999999999945743,0.0,0.0,0.0,0.0,0.0,0.0,0.9999999999989149,0.49999999999945743
RipVIS-NR-020_02340.jpg,0.49999999999945743,0.0,0.0,0.0,0.0,0.0,0.0,0.9999999999989149,0.49999999999945743
RipVIS-NR-020_02346.jpg,0.49999999999945743,0.0,0.0,0.0,0.0,0.0,0.0,0.9999999999989149,0.49999999999945743
RipVIS-NR-020_02352.jpg,0.49999999999945743,0.0,0.0,0.0,0.0,0.0,0.0,0.9999999999989149,0.49999999999945743
RipVIS-NR-020_02358.jpg,0.49999999999945743,0.0,0.0,0.0,0.0,0.0,0.0,0.9999999999989149,0.49999999999945743
RipVIS-NR-020_02364.jpg,0.49999999999945743,0.0,0.0,0.0,0.0,0.0,0.0,0.9999999999989149,0.49999999999945743
RipVIS-NR-020_02370.jpg,0.49999999999945743,0.0,0.0,0.0,0.0,0.0,0.0,0.9999999999989149,0.49999999999945743
RipVIS-NR-020_02376.jpg,0.49999999999945743,0.0,0.0,0.0,0.0,0.0,0.0,0.9999999999989149,0.49999999999945743
RipVIS-NR-020_02382.jpg,0.49999999999945743,0.0,0.0,0.0,0.0,0.0,0.0,0.9999999999989149,0.49999999999945743
RipVIS-NR-020_02388.jpg,0.49999999999945743,0.0,0.0,0.0,0.0,0.0,0.0,0.9999999999989149,0.49999999999945743
RipVIS-NR-020_02394.jpg,0.49999999999945743,0.0,0.0,0.0,0.0,0.0,0.0,0.9999999999989149,0.49999999999945743
RipVIS-NR-020_02400.jpg,0.49999999999945743,0.0,0.0,0.0,0.0,0.0,0.0,0.9999999999989149,0.49999999999945743
RipVIS-NR-020_02406.jpg,0.49999999999945743,0.0,0.0,0.0,0.0,0.0,0.0,0.9999999999989149,0.49999999999945743
RipVIS-NR-020_02412.jpg,0.49999999999945743,0.0,0.0,0.0,0.0,0.0,0.0,0.9999999999989149,0.49999999999945743
RipVIS-NR-020_02418.jpg,0.49999999999945743,0.0,0.0,0.0,0.0,0.0,0.0,0.9999999999989149,0.49999999999945743
RipVIS-NR-020_02424.jpg,0.49999999999945743,0.0,0.0,0.0,0.0,0.0,0.0,0.9999999999989149,0.49999999999945743
RipVIS-NR-020_02430.jpg,0.49999999999945743,0.0,0.0,0.0,0.0,0.0,0.0,0.9999999999989149,0.49999999999945743
RipVIS-NR-020_02436.jpg,0.49999999999945743,0.0,0.0,0.0,0.0,0.0,0.0,0.9999999999989149,0.49999999999945743
RipVIS-NR-020_02442.jpg,0.49999999999945743,0.0,0.0,0.0,0.0,0.0,0.0,0.9999999999989149,0.49999999999945743
RipVIS-NR-020_02448.jpg,0.49999999999945743,0.0,0.0,0.0,0.0,0.0,0.0,0.9999999999989149,0.49999999999945743
RipVIS-NR-020_02454.jpg,0.49999999999945743,0.0,0.0,0.0,0.0,0.0,0.0,0.9999999999989149,0.49999999999945743
RipVIS-NR-020_02460.jpg,0.49999999999945743,0.0,0.0,0.0,0.0,0.0,0.0,0.9999999999989149,0.49999999999945743
RipVIS-NR-020_02466.jpg,0.49999999999945743,0.0,0.0,0.0,0.0,0.0,0.0,0.9999999999989149,0.49999999999945743
RipVIS-NR-020_02472.jpg,0.49999999999945743,0.0,0.0,0.0,0.0,0.0,0.0,0.9999999999989149,0.49999999999945743
RipVIS-NR-020_02478.jpg,0.49999999999945743,0.0,0.0,0.0,0.0,0.0,0.0,0.9999999999989149,0.49999999999945743
RipVIS-NR-020_02484.jpg,0.49999999999945743,0.0,0.0,0.0,0.0,0.0,0.0,0.9999999999989149,0.49999999999945743
RipVIS-NR-020_02490.jpg,0.49999999999945743,0.0,0.0,0.0,0.0,0.0,0.0,0.9999999999989149,0.49999999999945743
RipVIS-NR-020_02496.jpg,0.49999999999945743,0.0,0.0,0.0,0.0,0.0,0.0,0.9999999999989149,0.49999999999945743
RipVIS-NR-020_02502.jpg,0.49999999999945743,0.0,0.0,0.0,0.0,0.0,0.0,0.9999999999989149,0.49999999999945743
RipVIS-NR-020_02508.jpg,0.49999999999945743,0.0,0.0,0.0,0.0,0.0,0.0,0.9999999999989149,0.49999999999945743
RipVIS-NR-020_02514.jpg,0.49999999999945743,0.0,0.0,0.0,0.0,0.0,0.0,0.9999999999989149,0.49999999999945743
RipVIS-NR-020_02520.jpg,0.49999999999945743,0.0,0.0,0.0,0.0,0.0,0.0,0.9999999999989149,0.49999999999945743
RipVIS-NR-020_02526.jpg,0.49999999999945743,0.0,0.0,0.0,0.0,0.0,0.0,0.9999999999989149,0.49999999999945743
RipVIS-NR-020_02532.jpg,0.49999999999945743,0.0,0.0,0.0,0.0,0.0,0.0,0.9999999999989149,0.49999999999945743
RipVIS-NR-020_02538.jpg,0.49999999999945743,0.0,0.0,0.0,0.0,0.0,0.0,0.9999999999989149,0.49999999999945743
RipVIS-NR-020_02544.jpg,0.49999999999945743,0.0,0.0,0.0,0.0,0.0,0.0,0.9999999999989149,0.49999999999945743
RipVIS-NR-020_02550.jpg,0.49999999999945743,0.0,0.0,0.0,0.0,0.0,0.0,0.9999999999989149,0.49999999999945743
RipVIS-NR-020_02556.jpg,0.49999999999945743,0.0,0.0,0.0,0.0,0.0,0.0,0.9999999999989149,0.49999999999945743
RipVIS-NR-020_02562.jpg,0.49999999999945743,0.0,0.0,0.0,0.0,0.0,0.0,0.9999999999989149,0.49999999999945743
RipVIS-NR-020_02568.jpg,0.49999999999945743,0.0,0.0,0.0,0.0,0.0,0.0,0.9999999999989149,0.49999999999945743
RipVIS-NR-022_00000.jpg,0.49999999999975886,0.0,0.0,0.0,0.0,0.0,0.0,0.9999999999995177,0.49999999999975886
RipVIS-NR-022_00006.jpg,0.49999999999975886,0.0,0.0,0.0,0.0,0.0,0.0,0.9999999999995177,0.49999999999975886
RipVIS-NR-022_00012.jpg,0.49999999999975886,0.0,0.0,0.0,0.0,0.0,0.0,0.9999999999995177,0.49999999999975886
RipVIS-NR-022_00018.jpg,0.49999999999975886,0.0,0.0,0.0,0.0,0.0,0.0,0.9999999999995177,0.49999999999975886
RipVIS-NR-022_00024.jpg,0.49999999999975886,0.0,0.0,0.0,0.0,0.0,0.0,0.9999999999995177,0.49999999999975886
RipVIS-NR-022_00030.jpg,0.49999999999975886,0.0,0.0,0.0,0.0,0.0,0.0,0.9999999999995177,0.49999999999975886
RipVIS-NR-022_00036.jpg,0.49999999999975886,0.0,0.0,0.0,0.0,0.0,0.0,0.9999999999995177,0.49999999999975886
RipVIS-NR-022_00042.jpg,0.49999999999975886,0.0,0.0,0.0,0.0,0.0,0.0,0.9999999999995177,0.49999999999975886
RipVIS-NR-022_00048.jpg,0.49999999999975886,0.0,0.0,0.0,0.0,0.0,0.0,0.9999999999995177,0.49999999999975886
RipVIS-NR-022_00054.jpg,0.49999999999975886,0.0,0.0,0.0,0.0,0.0,0.0,0.9999999999995177,0.49999999999975886
RipVIS-NR-022_00060.jpg,0.49999999999975886,0.0,0.0,0.0,0.0,0.0,0.0,0.9999999999995177,0.49999999999975886
RipVIS-NR-022_00066.jpg,0.49999999999975886,0.0,0.0,0.0,0.0,0.0,0.0,0.9999999999995177,0.49999999999975886
RipVIS-NR-022_00072.jpg,0.49999999999975886,0.0,0.0,0.0,0.0,0.0,0.0,0.9999999999995177,0.49999999999975886
RipVIS-NR-022_00078.jpg,0.49999999999975886,0.0,0.0,0.0,0.0,0.0,0.0,0.9999999999995177,0.49999999999975886
RipVIS-NR-022_00084.jpg,0.49999999999975886,0.0,0.0,0.0,0.0,0.0,0.0,0.9999999999995177,0.49999999999975886
RipVIS-NR-022_00090.jpg,0.49999999999975886,0.0,0.0,0.0,0.0,0.0,0.0,0.9999999999995177,0.49999999999975886
RipVIS-NR-022_00096.jpg,0.4967204378855629,0.0,0.0,0.0,0.0,0.0,0.0,0.9934408757711258,0.4967204378855629
RipVIS-NR-022_00102.jpg,0.49999999999975886,0.0,0.0,0.0,0.0,0.0,0.0,0.9999999999995177,0.49999999999975886
RipVIS-NR-022_00108.jpg,0.49999999999975886,0.0,0.0,0.0,0.0,0.0,0.0,0.9999999999995177,0.49999999999975886
RipVIS-NR-022_00114.jpg,0.49999999999975886,0.0,0.0,0.0,0.0,0.0,0.0,0.9999999999995177,0.49999999999975886
RipVIS-NR-022_00120.jpg,0.49999999999975886,0.0,0.0,0.0,0.0,0.0,0.0,0.9999999999995177,0.49999999999975886
RipVIS-NR-022_00126.jpg,0.49999999999975886,0.0,0.0,0.0,0.0,0.0,0.0,0.9999999999995177,0.49999999999975886
RipVIS-NR-022_00132.jpg,0.49999999999975886,0.0,0.0,0.0,0.0,0.0,0.0,0.9999999999995177,0.49999999999975886
RipVIS-NR-022_00138.jpg,0.49999999999975886,0.0,0.0,0.0,0.0,0.0,0.0,0.9999999999995177,0.49999999999975886
RipVIS-NR-022_00144.jpg,0.49999999999975886,0.0,0.0,0.0,0.0,0.0,0.0,0.9999999999995177,0.49999999999975886
RipVIS-NR-022_00150.jpg,0.49999999999975886,0.0,0.0,0.0,0.0,0.0,0.0,0.9999999999995177,0.49999999999975886
RipVIS-NR-022_00156.jpg,0.49999999999975886,0.0,0.0,0.0,0.0,0.0,0.0,0.9999999999995177,0.49999999999975886
RipVIS-NR-022_00162.jpg,0.49999999999975886,0.0,0.0,0.0,0.0,0.0,0.0,0.9999999999995177,0.49999999999975886
RipVIS-NR-022_00168.jpg,0.49999999999975886,0.0,0.0,0.0,0.0,0.0,0.0,0.9999999999995177,0.49999999999975886
RipVIS-NR-022_00174.jpg,0.49999999999975886,0.0,0.0,0.0,0.0,0.0,0.0,0.9999999999995177,0.49999999999975886
RipVIS-NR-022_00180.jpg,0.49999999999975886,0.0,0.0,0.0,0.0,0.0,0.0,0.9999999999995177,0.49999999999975886
RipVIS-NR-022_00186.jpg,0.49999999999975886,0.0,0.0,0.0,0.0,0.0,0.0,0.9999999999995177,0.49999999999975886
RipVIS-NR-022_00192.jpg,0.49999999999975886,0.0,0.0,0.0,0.0,0.0,0.0,0.9999999999995177,0.49999999999975886
RipVIS-NR-022_00198.jpg,0.49999999999975886,0.0,0.0,0.0,0.0,0.0,0.0,0.9999999999995177,0.49999999999975886
RipVIS-NR-022_00204.jpg,0.49999999999975886,0.0,0.0,0.0,0.0,0.0,0.0,0.9999999999995177,0.49999999999975886
RipVIS-NR-022_00210.jpg,0.49999999999975886,0.0,0.0,0.0,0.0,0.0,0.0,0.9999999999995177,0.49999999999975886
RipVIS-NR-022_00216.jpg,0.49999999999975886,0.0,0.0,0.0,0.0,0.0,0.0,0.9999999999995177,0.49999999999975886
RipVIS-NR-022_00222.jpg,0.49999999999975886,0.0,0.0,0.0,0.0,0.0,0.0,0.9999999999995177,0.49999999999975886
RipVIS-NR-022_00228.jpg,0.49999999999975886,0.0,0.0,0.0,0.0,0.0,0.0,0.9999999999995177,0.49999999999975886
RipVIS-NR-022_00234.jpg,0.49999999999975886,0.0,0.0,0.0,0.0,0.0,0.0,0.9999999999995177,0.49999999999975886
RipVIS-NR-022_00240.jpg,0.49999999999975886,0.0,0.0,0.0,0.0,0.0,0.0,0.9999999999995177,0.49999999999975886
RipVIS-NR-022_00246.jpg,0.49999999999975886,0.0,0.0,0.0,0.0,0.0,0.0,0.9999999999995177,0.49999999999975886
RipVIS-NR-022_00252.jpg,0.49999999999975886,0.0,0.0,0.0,0.0,0.0,0.0,0.9999999999995177,0.49999999999975886
RipVIS-NR-022_00258.jpg,0.49999999999975886,0.0,0.0,0.0,0.0,0.0,0.0,0.9999999999995177,0.49999999999975886
RipVIS-NR-022_00264.jpg,0.49999999999975886,0.0,0.0,0.0,0.0,0.0,0.0,0.9999999999995177,0.49999999999975886
RipVIS-NR-022_00270.jpg,0.49999999999975886,0.0,0.0,0.0,0.0,0.0,0.0,0.9999999999995177,0.49999999999975886
RipVIS-NR-022_00276.jpg,0.49999999999975886,0.0,0.0,0.0,0.0,0.0,0.0,0.9999999999995177,0.49999999999975886
RipVIS-NR-022_00282.jpg,0.49999999999975886,0.0,0.0,0.0,0.0,0.0,0.0,0.9999999999995177,0.49999999999975886
RipVIS-NR-022_00288.jpg,0.49999999999975886,0.0,0.0,0.0,0.0,0.0,0.0,0.9999999999995177,0.49999999999975886
RipVIS-NR-022_00294.jpg,0.49999999999975886,0.0,0.0,0.0,0.0,0.0,0.0,0.9999999999995177,0.49999999999975886
RipVIS-NR-022_00300.jpg,0.49999999999975886,0.0,0.0,0.0,0.0,0.0,0.0,0.9999999999995177,0.49999999999975886
RipVIS-NR-022_00306.jpg,0.49999999999975886,0.0,0.0,0.0,0.0,0.0,0.0,0.9999999999995177,0.49999999999975886
RipVIS-NR-022_00312.jpg,0.49999999999975886,0.0,0.0,0.0,0.0,0.0,0.0,0.9999999999995177,0.49999999999975886
RipVIS-NR-022_00318.jpg,0.49999999999975886,0.0,0.0,0.0,0.0,0.0,0.0,0.9999999999995177,0.49999999999975886
RipVIS-NR-022_00324.jpg,0.49999999999975886,0.0,0.0,0.0,0.0,0.0,0.0,0.9999999999995177,0.49999999999975886
RipVIS-NR-022_00330.jpg,0.49999999999975886,0.0,0.0,0.0,0.0,0.0,0.0,0.9999999999995177,0.49999999999975886
RipVIS-NR-022_00336.jpg,0.49999999999975886,0.0,0.0,0.0,0.0,0.0,0.0,0.9999999999995177,0.49999999999975886
RipVIS-NR-022_00342.jpg,0.49999999999975886,0.0,0.0,0.0,0.0,0.0,0.0,0.9999999999995177,0.49999999999975886
RipVIS-NR-022_00348.jpg,0.49999999999975886,0.0,0.0,0.0,0.0,0.0,0.0,0.9999999999995177,0.49999999999975886
RipVIS-NR-022_00354.jpg,0.49999999999975886,0.0,0.0,0.0,0.0,0.0,0.0,0.9999999999995177,0.49999999999975886
RipVIS-NR-022_00360.jpg,0.49999999999975886,0.0,0.0,0.0,0.0,0.0,0.0,0.9999999999995177,0.49999999999975886
RipVIS-NR-022_00366.jpg,0.49999999999975886,0.0,0.0,0.0,0.0,0.0,0.0,0.9999999999995177,0.49999999999975886
RipVIS-NR-022_00372.jpg,0.49999999999975886,0.0,0.0,0.0,0.0,0.0,0.0,0.9999999999995177,0.49999999999975886
RipVIS-NR-022_00378.jpg,0.49999999999975886,0.0,0.0,0.0,0.0,0.0,0.0,0.9999999999995177,0.49999999999975886
RipVIS-NR-022_00384.jpg,0.49999999999975886,0.0,0.0,0.0,0.0,0.0,0.0,0.9999999999995177,0.49999999999975886
RipVIS-NR-022_00390.jpg,0.49999999999975886,0.0,0.0,0.0,0.0,0.0,0.0,0.9999999999995177,0.49999999999975886
RipVIS-NR-022_00396.jpg,0.49999999999975886,0.0,0.0,0.0,0.0,0.0,0.0,0.9999999999995177,0.49999999999975886
RipVIS-NR-022_00402.jpg,0.49999999999975886,0.0,0.0,0.0,0.0,0.0,0.0,0.9999999999995177,0.49999999999975886
RipVIS-NR-022_00408.jpg,0.49999999999975886,0.0,0.0,0.0,0.0,0.0,0.0,0.9999999999995177,0.49999999999975886
RipVIS-NR-022_00414.jpg,0.49999999999975886,0.0,0.0,0.0,0.0,0.0,0.0,0.9999999999995177,0.49999999999975886
RipVIS-NR-022_00420.jpg,0.49999999999975886,0.0,0.0,0.0,0.0,0.0,0.0,0.9999999999995177,0.49999999999975886
RipVIS-NR-022_00426.jpg,0.49999999999975886,0.0,0.0,0.0,0.0,0.0,0.0,0.9999999999995177,0.49999999999975886
RipVIS-NR-022_00432.jpg,0.49999999999975886,0.0,0.0,0.0,0.0,0.0,0.0,0.9999999999995177,0.49999999999975886
RipVIS-NR-022_00438.jpg,0.49999999999975886,0.0,0.0,0.0,0.0,0.0,0.0,0.9999999999995177,0.49999999999975886
RipVIS-NR-022_00444.jpg,0.49999999999975886,0.0,0.0,0.0,0.0,0.0,0.0,0.9999999999995177,0.49999999999975886
RipVIS-NR-022_00450.jpg,0.49999999999975886,0.0,0.0,0.0,0.0,0.0,0.0,0.9999999999995177,0.49999999999975886
RipVIS-NR-022_00456.jpg,0.49999999999975886,0.0,0.0,0.0,0.0,0.0,0.0,0.9999999999995177,0.49999999999975886
RipVIS-NR-022_00462.jpg,0.49999999999975886,0.0,0.0,0.0,0.0,0.0,0.0,0.9999999999995177,0.49999999999975886
RipVIS-NR-022_00468.jpg,0.49999999999975886,0.0,0.0,0.0,0.0,0.0,0.0,0.9999999999995177,0.49999999999975886
RipVIS-NR-022_00474.jpg,0.49999999999975886,0.0,0.0,0.0,0.0,0.0,0.0,0.9999999999995177,0.49999999999975886
RipVIS-NR-022_00480.jpg,0.49999999999975886,0.0,0.0,0.0,0.0,0.0,0.0,0.9999999999995177,0.49999999999975886
RipVIS-NR-022_00486.jpg,0.49999999999975886,0.0,0.0,0.0,0.0,0.0,0.0,0.9999999999995177,0.49999999999975886
RipVIS-NR-022_00492.jpg,0.49999999999975886,0.0,0.0,0.0,0.0,0.0,0.0,0.9999999999995177,0.49999999999975886
RipVIS-NR-022_00498.jpg,0.49999999999975886,0.0,0.0,0.0,0.0,0.0,0.0,0.9999999999995177,0.49999999999975886
RipVIS-NR-022_00504.jpg,0.49999999999975886,0.0,0.0,0.0,0.0,0.0,0.0,0.9999999999995177,0.49999999999975886
RipVIS-NR-022_00510.jpg,0.49999999999975886,0.0,0.0,0.0,0.0,0.0,0.0,0.9999999999995177,0.49999999999975886
RipVIS-NR-022_00516.jpg,0.49999999999975886,0.0,0.0,0.0,0.0,0.0,0.0,0.9999999999995177,0.49999999999975886
RipVIS-NR-022_00522.jpg,0.49999999999975886,0.0,0.0,0.0,0.0,0.0,0.0,0.9999999999995177,0.49999999999975886
RipVIS-NR-022_00528.jpg,0.49999999999975886,0.0,0.0,0.0,0.0,0.0,0.0,0.9999999999995177,0.49999999999975886
RipVIS-NR-022_00534.jpg,0.49999999999975886,0.0,0.0,0.0,0.0,0.0,0.0,0.9999999999995177,0.49999999999975886
RipVIS-NR-022_00540.jpg,0.49999999999975886,0.0,0.0,0.0,0.0,0.0,0.0,0.9999999999995177,0.49999999999975886
RipVIS-NR-022_00546.jpg,0.49999999999975886,0.0,0.0,0.0,0.0,0.0,0.0,0.9999999999995177,0.49999999999975886
RipVIS-NR-022_00552.jpg,0.49999999999975886,0.0,0.0,0.0,0.0,0.0,0.0,0.9999999999995177,0.49999999999975886
RipVIS-NR-022_00558.jpg,0.49999999999975886,0.0,0.0,0.0,0.0,0.0,0.0,0.9999999999995177,0.49999999999975886
RipVIS-NR-022_00564.jpg,0.49999999999975886,0.0,0.0,0.0,0.0,0.0,0.0,0.9999999999995177,0.49999999999975886
RipVIS-NR-022_00570.jpg,0.49999999999975886,0.0,0.0,0.0,0.0,0.0,0.0,0.9999999999995177,0.49999999999975886
RipVIS-NR-022_00576.jpg,0.49999999999975886,0.0,0.0,0.0,0.0,0.0,0.0,0.9999999999995177,0.49999999999975886
RipVIS-NR-022_00582.jpg,0.49999999999975886,0.0,0.0,0.0,0.0,0.0,0.0,0.9999999999995177,0.49999999999975886
RipVIS-NR-022_00588.jpg,0.49999999999975886,0.0,0.0,0.0,0.0,0.0,0.0,0.9999999999995177,0.49999999999975886
RipVIS-NR-022_00594.jpg,0.49999999999975886,0.0,0.0,0.0,0.0,0.0,0.0,0.9999999999995177,0.49999999999975886
RipVIS-NR-022_00600.jpg,0.49999999999975886,0.0,0.0,0.0,0.0,0.0,0.0,0.9999999999995177,0.49999999999975886
RipVIS-NR-022_00606.jpg,0.49999999999975886,0.0,0.0,0.0,0.0,0.0,0.0,0.9999999999995177,0.49999999999975886
RipVIS-NR-022_00612.jpg,0.49999999999975886,0.0,0.0,0.0,0.0,0.0,0.0,0.9999999999995177,0.49999999999975886
RipVIS-NR-022_00618.jpg,0.49999999999975886,0.0,0.0,0.0,0.0,0.0,0.0,0.9999999999995177,0.49999999999975886
RipVIS-NR-022_00624.jpg,0.49999999999975886,0.0,0.0,0.0,0.0,0.0,0.0,0.9999999999995177,0.49999999999975886
RipVIS-NR-022_00630.jpg,0.49999999999975886,0.0,0.0,0.0,0.0,0.0,0.0,0.9999999999995177,0.49999999999975886
RipVIS-NR-022_00636.jpg,0.49999999999975886,0.0,0.0,0.0,0.0,0.0,0.0,0.9999999999995177,0.49999999999975886
RipVIS-NR-022_00642.jpg,0.49999999999975886,0.0,0.0,0.0,0.0,0.0,0.0,0.9999999999995177,0.49999999999975886
RipVIS-NR-022_00648.jpg,0.49999999999975886,0.0,0.0,0.0,0.0,0.0,0.0,0.9999999999995177,0.49999999999975886
RipVIS-NR-022_00654.jpg,0.49999999999975886,0.0,0.0,0.0,0.0,0.0,0.0,0.9999999999995177,0.49999999999975886
RipVIS-NR-022_00660.jpg,0.49999999999975886,0.0,0.0,0.0,0.0,0.0,0.0,0.9999999999995177,0.49999999999975886
RipVIS-NR-022_00666.jpg,0.49999999999975886,0.0,0.0,0.0,0.0,0.0,0.0,0.9999999999995177,0.49999999999975886
RipVIS-NR-022_00672.jpg,0.49999999999975886,0.0,0.0,0.0,0.0,0.0,0.0,0.9999999999995177,0.49999999999975886
RipVIS-NR-022_00678.jpg,0.49999999999975886,0.0,0.0,0.0,0.0,0.0,0.0,0.9999999999995177,0.49999999999975886
RipVIS-NR-022_00684.jpg,0.49999999999975886,0.0,0.0,0.0,0.0,0.0,0.0,0.9999999999995177,0.49999999999975886
RipVIS-NR-022_00690.jpg,0.49999999999975886,0.0,0.0,0.0,0.0,0.0,0.0,0.9999999999995177,0.49999999999975886
RipVIS-NR-022_00696.jpg,0.49999999999975886,0.0,0.0,0.0,0.0,0.0,0.0,0.9999999999995177,0.49999999999975886
RipVIS-NR-022_00702.jpg,0.49999999999975886,0.0,0.0,0.0,0.0,0.0,0.0,0.9999999999995177,0.49999999999975886
RipVIS-NR-022_00708.jpg,0.49999999999975886,0.0,0.0,0.0,0.0,0.0,0.0,0.9999999999995177,0.49999999999975886
RipVIS-NR-022_00714.jpg,0.49999999999975886,0.0,0.0,0.0,0.0,0.0,0.0,0.9999999999995177,0.49999999999975886
RipVIS-NR-022_00720.jpg,0.49999999999975886,0.0,0.0,0.0,0.0,0.0,0.0,0.9999999999995177,0.49999999999975886
RipVIS-NR-022_00726.jpg,0.49999999999975886,0.0,0.0,0.0,0.0,0.0,0.0,0.9999999999995177,0.49999999999975886
RipVIS-NR-022_00732.jpg,0.49999999999975886,0.0,0.0,0.0,0.0,0.0,0.0,0.9999999999995177,0.49999999999975886
RipVIS-NR-022_00738.jpg,0.49999999999975886,0.0,0.0,0.0,0.0,0.0,0.0,0.9999999999995177,0.49999999999975886
RipVIS-NR-022_00744.jpg,0.49999999999975886,0.0,0.0,0.0,0.0,0.0,0.0,0.9999999999995177,0.49999999999975886
RipVIS-NR-022_00750.jpg,0.49999999999975886,0.0,0.0,0.0,0.0,0.0,0.0,0.9999999999995177,0.49999999999975886
RipVIS-NR-022_00756.jpg,0.49999999999975886,0.0,0.0,0.0,0.0,0.0,0.0,0.9999999999995177,0.49999999999975886
RipVIS-NR-022_00762.jpg,0.49999999999975886,0.0,0.0,0.0,0.0,0.0,0.0,0.9999999999995177,0.49999999999975886
RipVIS-NR-022_00768.jpg,0.49999999999975886,0.0,0.0,0.0,0.0,0.0,0.0,0.9999999999995177,0.49999999999975886
RipVIS-NR-022_00774.jpg,0.49999999999975886,0.0,0.0,0.0,0.0,0.0,0.0,0.9999999999995177,0.49999999999975886
RipVIS-NR-022_00780.jpg,0.49999999999975886,0.0,0.0,0.0,0.0,0.0,0.0,0.9999999999995177,0.49999999999975886
RipVIS-NR-022_00786.jpg,0.49999999999975886,0.0,0.0,0.0,0.0,0.0,0.0,0.9999999999995177,0.49999999999975886
RipVIS-NR-022_00792.jpg,0.49999999999975886,0.0,0.0,0.0,0.0,0.0,0.0,0.9999999999995177,0.49999999999975886
RipVIS-NR-022_00798.jpg,0.49999999999975886,0.0,0.0,0.0,0.0,0.0,0.0,0.9999999999995177,0.49999999999975886
RipVIS-NR-022_00804.jpg,0.49999999999975886,0.0,0.0,0.0,0.0,0.0,0.0,0.9999999999995177,0.49999999999975886
RipVIS-NR-022_00810.jpg,0.49999999999975886,0.0,0.0,0.0,0.0,0.0,0.0,0.9999999999995177,0.49999999999975886
RipVIS-NR-022_00816.jpg,0.49999999999975886,0.0,0.0,0.0,0.0,0.0,0.0,0.9999999999995177,0.49999999999975886
RipVIS-NR-022_00822.jpg,0.49999999999975886,0.0,0.0,0.0,0.0,0.0,0.0,0.9999999999995177,0.49999999999975886
RipVIS-NR-022_00828.jpg,0.49999999999975886,0.0,0.0,0.0,0.0,0.0,0.0,0.9999999999995177,0.49999999999975886
RipVIS-NR-022_00834.jpg,0.49999999999975886,0.0,0.0,0.0,0.0,0.0,0.0,0.9999999999995177,0.49999999999975886
RipVIS-NR-022_00840.jpg,0.49999999999975886,0.0,0.0,0.0,0.0,0.0,0.0,0.9999999999995177,0.49999999999975886
RipVIS-NR-022_00846.jpg,0.49999999999975886,0.0,0.0,0.0,0.0,0.0,0.0,0.9999999999995177,0.49999999999975886
RipVIS-NR-022_00852.jpg,0.49999999999975886,0.0,0.0,0.0,0.0,0.0,0.0,0.9999999999995177,0.49999999999975886
RipVIS-NR-022_00858.jpg,0.49999999999975886,0.0,0.0,0.0,0.0,0.0,0.0,0.9999999999995177,0.49999999999975886
RipVIS-NR-022_00864.jpg,0.49999999999975886,0.0,0.0,0.0,0.0,0.0,0.0,0.9999999999995177,0.49999999999975886
RipVIS-NR-022_00870.jpg,0.49999999999975886,0.0,0.0,0.0,0.0,0.0,0.0,0.9999999999995177,0.49999999999975886
RipVIS-NR-022_00876.jpg,0.49999999999975886,0.0,0.0,0.0,0.0,0.0,0.0,0.9999999999995177,0.49999999999975886
RipVIS-NR-022_00882.jpg,0.49999999999975886,0.0,0.0,0.0,0.0,0.0,0.0,0.9999999999995177,0.49999999999975886
RipVIS-NR-022_00888.jpg,0.49999999999975886,0.0,0.0,0.0,0.0,0.0,0.0,0.9999999999995177,0.49999999999975886
RipVIS-NR-022_00894.jpg,0.49999999999975886,0.0,0.0,0.0,0.0,0.0,0.0,0.9999999999995177,0.49999999999975886
RipVIS-NR-022_00900.jpg,0.49999999999975886,0.0,0.0,0.0,0.0,0.0,0.0,0.9999999999995177,0.49999999999975886
RipVIS-NR-022_00906.jpg,0.49999999999975886,0.0,0.0,0.0,0.0,0.0,0.0,0.9999999999995177,0.49999999999975886
RipVIS-NR-022_00912.jpg,0.49999999999975886,0.0,0.0,0.0,0.0,0.0,0.0,0.9999999999995177,0.49999999999975886
RipVIS-NR-022_00918.jpg,0.49999999999975886,0.0,0.0,0.0,0.0,0.0,0.0,0.9999999999995177,0.49999999999975886
RipVIS-NR-022_00924.jpg,0.49999999999975886,0.0,0.0,0.0,0.0,0.0,0.0,0.9999999999995177,0.49999999999975886
RipVIS-NR-022_00930.jpg,0.49999999999975886,0.0,0.0,0.0,0.0,0.0,0.0,0.9999999999995177,0.49999999999975886
RipVIS-NR-022_00936.jpg,0.49999999999975886,0.0,0.0,0.0,0.0,0.0,0.0,0.9999999999995177,0.49999999999975886
RipVIS-NR-022_00942.jpg,0.49999999999975886,0.0,0.0,0.0,0.0,0.0,0.0,0.9999999999995177,0.49999999999975886
RipVIS-NR-022_00948.jpg,0.49999999999975886,0.0,0.0,0.0,0.0,0.0,0.0,0.9999999999995177,0.49999999999975886
RipVIS-NR-022_00954.jpg,0.49999999999975886,0.0,0.0,0.0,0.0,0.0,0.0,0.9999999999995177,0.49999999999975886
RipVIS-NR-022_00960.jpg,0.49999999999975886,0.0,0.0,0.0,0.0,0.0,0.0,0.9999999999995177,0.49999999999975886
RipVIS-NR-022_00966.jpg,0.49999999999975886,0.0,0.0,0.0,0.0,0.0,0.0,0.9999999999995177,0.49999999999975886
RipVIS-NR-022_00972.jpg,0.49999999999975886,0.0,0.0,0.0,0.0,0.0,0.0,0.9999999999995177,0.49999999999975886
RipVIS-NR-022_00978.jpg,0.49999999999975886,0.0,0.0,0.0,0.0,0.0,0.0,0.9999999999995177,0.49999999999975886
RipVIS-NR-022_00984.jpg,0.49999999999975886,0.0,0.0,0.0,0.0,0.0,0.0,0.9999999999995177,0.49999999999975886
RipVIS-NR-022_00990.jpg,0.49999999999975886,0.0,0.0,0.0,0.0,0.0,0.0,0.9999999999995177,0.49999999999975886
RipVIS-NR-022_00996.jpg,0.49999999999975886,0.0,0.0,0.0,0.0,0.0,0.0,0.9999999999995177,0.49999999999975886
RipVIS-NR-022_01002.jpg,0.49999999999975886,0.0,0.0,0.0,0.0,0.0,0.0,0.9999999999995177,0.49999999999975886
RipVIS-NR-022_01008.jpg,0.49999999999975886,0.0,0.0,0.0,0.0,0.0,0.0,0.9999999999995177,0.49999999999975886
RipVIS-NR-022_01014.jpg,0.49999999999975886,0.0,0.0,0.0,0.0,0.0,0.0,0.9999999999995177,0.49999999999975886
RipVIS-NR-022_01020.jpg,0.49999999999975886,0.0,0.0,0.0,0.0,0.0,0.0,0.9999999999995177,0.49999999999975886
RipVIS-NR-022_01026.jpg,0.49999999999975886,0.0,0.0,0.0,0.0,0.0,0.0,0.9999999999995177,0.49999999999975886
RipVIS-NR-022_01032.jpg,0.49999999999975886,0.0,0.0,0.0,0.0,0.0,0.0,0.9999999999995177,0.49999999999975886
RipVIS-NR-022_01038.jpg,0.49999999999975886,0.0,0.0,0.0,0.0,0.0,0.0,0.9999999999995177,0.49999999999975886
RipVIS-NR-022_01044.jpg,0.49999999999975886,0.0,0.0,0.0,0.0,0.0,0.0,0.9999999999995177,0.49999999999975886
RipVIS-NR-022_01050.jpg,0.49999999999975886,0.0,0.0,0.0,0.0,0.0,0.0,0.9999999999995177,0.49999999999975886
RipVIS-NR-022_01056.jpg,0.49999999999975886,0.0,0.0,0.0,0.0,0.0,0.0,0.9999999999995177,0.49999999999975886
RipVIS-NR-022_01062.jpg,0.49999999999975886,0.0,0.0,0.0,0.0,0.0,0.0,0.9999999999995177,0.49999999999975886
RipVIS-NR-022_01068.jpg,0.49999999999975886,0.0,0.0,0.0,0.0,0.0,0.0,0.9999999999995177,0.49999999999975886
RipVIS-NR-022_01074.jpg,0.49999999999975886,0.0,0.0,0.0,0.0,0.0,0.0,0.9999999999995177,0.49999999999975886
RipVIS-NR-022_01080.jpg,0.49999999999975886,0.0,0.0,0.0,0.0,0.0,0.0,0.9999999999995177,0.49999999999975886
RipVIS-NR-022_01086.jpg,0.49999999999975886,0.0,0.0,0.0,0.0,0.0,0.0,0.9999999999995177,0.49999999999975886
RipVIS-NR-022_01092.jpg,0.49999999999975886,0.0,0.0,0.0,0.0,0.0,0.0,0.9999999999995177,0.49999999999975886
RipVIS-NR-022_01098.jpg,0.49999999999975886,0.0,0.0,0.0,0.0,0.0,0.0,0.9999999999995177,0.49999999999975886
RipVIS-NR-022_01104.jpg,0.49999999999975886,0.0,0.0,0.0,0.0,0.0,0.0,0.9999999999995177,0.49999999999975886
RipVIS-NR-022_01110.jpg,0.49999999999975886,0.0,0.0,0.0,0.0,0.0,0.0,0.9999999999995177,0.49999999999975886
RipVIS-NR-022_01116.jpg,0.49999999999975886,0.0,0.0,0.0,0.0,0.0,0.0,0.9999999999995177,0.49999999999975886
RipVIS-NR-022_01122.jpg,0.49999999999975886,0.0,0.0,0.0,0.0,0.0,0.0,0.9999999999995177,0.49999999999975886
RipVIS-NR-022_01128.jpg,0.49999999999975886,0.0,0.0,0.0,0.0,0.0,0.0,0.9999999999995177,0.49999999999975886
RipVIS-NR-022_01134.jpg,0.49999999999975886,0.0,0.0,0.0,0.0,0.0,0.0,0.9999999999995177,0.49999999999975886
RipVIS-NR-022_01140.jpg,0.49999999999975886,0.0,0.0,0.0,0.0,0.0,0.0,0.9999999999995177,0.49999999999975886
RipVIS-NR-022_01146.jpg,0.49999999999975886,0.0,0.0,0.0,0.0,0.0,0.0,0.9999999999995177,0.49999999999975886
RipVIS-NR-022_01152.jpg,0.49999999999975886,0.0,0.0,0.0,0.0,0.0,0.0,0.9999999999995177,0.49999999999975886
RipVIS-NR-022_01158.jpg,0.49999999999975886,0.0,0.0,0.0,0.0,0.0,0.0,0.9999999999995177,0.49999999999975886
RipVIS-NR-022_01164.jpg,0.49999999999975886,0.0,0.0,0.0,0.0,0.0,0.0,0.9999999999995177,0.49999999999975886
RipVIS-NR-022_01170.jpg,0.49999999999975886,0.0,0.0,0.0,0.0,0.0,0.0,0.9999999999995177,0.49999999999975886
RipVIS-NR-022_01176.jpg,0.49999999999975886,0.0,0.0,0.0,0.0,0.0,0.0,0.9999999999995177,0.49999999999975886
RipVIS-NR-022_01182.jpg,0.49999999999975886,0.0,0.0,0.0,0.0,0.0,0.0,0.9999999999995177,0.49999999999975886
RipVIS-NR-022_01188.jpg,0.49999999999975886,0.0,0.0,0.0,0.0,0.0,0.0,0.9999999999995177,0.49999999999975886
RipVIS-NR-022_01194.jpg,0.49999999999975886,0.0,0.0,0.0,0.0,0.0,0.0,0.9999999999995177,0.49999999999975886
RipVIS-NR-022_01200.jpg,0.49999999999975886,0.0,0.0,0.0,0.0,0.0,0.0,0.9999999999995177,0.49999999999975886
RipVIS-NR-022_01206.jpg,0.49999999999975886,0.0,0.0,0.0,0.0,0.0,0.0,0.9999999999995177,0.49999999999975886
RipVIS-NR-022_01212.jpg,0.49999999999975886,0.0,0.0,0.0,0.0,0.0,0.0,0.9999999999995177,0.49999999999975886
RipVIS-NR-022_01218.jpg,0.49999999999975886,0.0,0.0,0.0,0.0,0.0,0.0,0.9999999999995177,0.49999999999975886
RipVIS-NR-022_01224.jpg,0.49999999999975886,0.0,0.0,0.0,0.0,0.0,0.0,0.9999999999995177,0.49999999999975886
RipVIS-NR-022_01230.jpg,0.49999999999975886,0.0,0.0,0.0,0.0,0.0,0.0,0.9999999999995177,0.49999999999975886
RipVIS-NR-022_01236.jpg,0.49999999999975886,0.0,0.0,0.0,0.0,0.0,0.0,0.9999999999995177,0.49999999999975886
RipVIS-NR-022_01242.jpg,0.49999999999975886,0.0,0.0,0.0,0.0,0.0,0.0,0.9999999999995177,0.49999999999975886
RipVIS-NR-022_01248.jpg,0.49999999999975886,0.0,0.0,0.0,0.0,0.0,0.0,0.9999999999995177,0.49999999999975886
RipVIS-NR-022_01254.jpg,0.49999999999975886,0.0,0.0,0.0,0.0,0.0,0.0,0.9999999999995177,0.49999999999975886
RipVIS-NR-022_01260.jpg,0.49999999999975886,0.0,0.0,0.0,0.0,0.0,0.0,0.9999999999995177,0.49999999999975886
RipVIS-NR-022_01266.jpg,0.49999999999975886,0.0,0.0,0.0,0.0,0.0,0.0,0.9999999999995177,0.49999999999975886
RipVIS-NR-022_01272.jpg,0.49999999999975886,0.0,0.0,0.0,0.0,0.0,0.0,0.9999999999995177,0.49999999999975886
RipVIS-NR-022_01278.jpg,0.49999999999975886,0.0,0.0,0.0,0.0,0.0,0.0,0.9999999999995177,0.49999999999975886
RipVIS-NR-022_01284.jpg,0.49999999999975886,0.0,0.0,0.0,0.0,0.0,0.0,0.9999999999995177,0.49999999999975886
RipVIS-NR-022_01290.jpg,0.49999999999975886,0.0,0.0,0.0,0.0,0.0,0.0,0.9999999999995177,0.49999999999975886
RipVIS-NR-022_01296.jpg,0.49999999999975886,0.0,0.0,0.0,0.0,0.0,0.0,0.9999999999995177,0.49999999999975886
RipVIS-NR-022_01302.jpg,0.49999999999975886,0.0,0.0,0.0,0.0,0.0,0.0,0.9999999999995177,0.49999999999975886
RipVIS-NR-022_01308.jpg,0.49999999999975886,0.0,0.0,0.0,0.0,0.0,0.0,0.9999999999995177,0.49999999999975886
RipVIS-NR-022_01314.jpg,0.49999999999975886,0.0,0.0,0.0,0.0,0.0,0.0,0.9999999999995177,0.49999999999975886
RipVIS-NR-022_01320.jpg,0.49999999999975886,0.0,0.0,0.0,0.0,0.0,0.0,0.9999999999995177,0.49999999999975886
RipVIS-NR-022_01326.jpg,0.49999999999975886,0.0,0.0,0.0,0.0,0.0,0.0,0.9999999999995177,0.49999999999975886
RipVIS-NR-022_01332.jpg,0.49999999999975886,0.0,0.0,0.0,0.0,0.0,0.0,0.9999999999995177,0.49999999999975886
RipVIS-NR-022_01338.jpg,0.49999999999975886,0.0,0.0,0.0,0.0,0.0,0.0,0.9999999999995177,0.49999999999975886
RipVIS-NR-022_01344.jpg,0.49999999999975886,0.0,0.0,0.0,0.0,0.0,0.0,0.9999999999995177,0.49999999999975886
RipVIS-NR-022_01350.jpg,0.49999999999975886,0.0,0.0,0.0,0.0,0.0,0.0,0.9999999999995177,0.49999999999975886
RipVIS-NR-022_01356.jpg,0.49999999999975886,0.0,0.0,0.0,0.0,0.0,0.0,0.9999999999995177,0.49999999999975886
RipVIS-NR-022_01362.jpg,0.49999999999975886,0.0,0.0,0.0,0.0,0.0,0.0,0.9999999999995177,0.49999999999975886
RipVIS-NR-022_01368.jpg,0.49999999999975886,0.0,0.0,0.0,0.0,0.0,0.0,0.9999999999995177,0.49999999999975886
RipVIS-NR-022_01374.jpg,0.49999999999975886,0.0,0.0,0.0,0.0,0.0,0.0,0.9999999999995177,0.49999999999975886
RipVIS-NR-022_01380.jpg,0.49999999999975886,0.0,0.0,0.0,0.0,0.0,0.0,0.9999999999995177,0.49999999999975886
RipVIS-NR-022_01386.jpg,0.49999999999975886,0.0,0.0,0.0,0.0,0.0,0.0,0.9999999999995177,0.49999999999975886
RipVIS-NR-022_01392.jpg,0.49999999999975886,0.0,0.0,0.0,0.0,0.0,0.0,0.9999999999995177,0.49999999999975886
RipVIS-NR-022_01398.jpg,0.49999999999975886,0.0,0.0,0.0,0.0,0.0,0.0,0.9999999999995177,0.49999999999975886
RipVIS-NR-022_01404.jpg,0.49999999999975886,0.0,0.0,0.0,0.0,0.0,0.0,0.9999999999995177,0.49999999999975886
RipVIS-NR-022_01410.jpg,0.49999999999975886,0.0,0.0,0.0,0.0,0.0,0.0,0.9999999999995177,0.49999999999975886
RipVIS-NR-022_01416.jpg,0.49999999999975886,0.0,0.0,0.0,0.0,0.0,0.0,0.9999999999995177,0.49999999999975886
RipVIS-NR-022_01422.jpg,0.49999999999975886,0.0,0.0,0.0,0.0,0.0,0.0,0.9999999999995177,0.49999999999975886
RipVIS-NR-022_01428.jpg,0.49999999999975886,0.0,0.0,0.0,0.0,0.0,0.0,0.9999999999995177,0.49999999999975886
RipVIS-NR-022_01434.jpg,0.49999999999975886,0.0,0.0,0.0,0.0,0.0,0.0,0.9999999999995177,0.49999999999975886
RipVIS-NR-022_01440.jpg,0.49999999999975886,0.0,0.0,0.0,0.0,0.0,0.0,0.9999999999995177,0.49999999999975886
RipVIS-NR-022_01446.jpg,0.49999999999975886,0.0,0.0,0.0,0.0,0.0,0.0,0.9999999999995177,0.49999999999975886
RipVIS-NR-022_01452.jpg,0.49999999999975886,0.0,0.0,0.0,0.0,0.0,0.0,0.9999999999995177,0.49999999999975886
RipVIS-NR-022_01458.jpg,0.49999999999975886,0.0,0.0,0.0,0.0,0.0,0.0,0.9999999999995177,0.49999999999975886
RipVIS-NR-022_01464.jpg,0.49999999999975886,0.0,0.0,0.0,0.0,0.0,0.0,0.9999999999995177,0.49999999999975886
RipVIS-NR-022_01470.jpg,0.49999999999975886,0.0,0.0,0.0,0.0,0.0,0.0,0.9999999999995177,0.49999999999975886
RipVIS-NR-022_01476.jpg,0.49999999999975886,0.0,0.0,0.0,0.0,0.0,0.0,0.9999999999995177,0.49999999999975886
RipVIS-NR-022_01482.jpg,0.49999999999975886,0.0,0.0,0.0,0.0,0.0,0.0,0.9999999999995177,0.49999999999975886
RipVIS-NR-022_01488.jpg,0.49999999999975886,0.0,0.0,0.0,0.0,0.0,0.0,0.9999999999995177,0.49999999999975886
RipVIS-NR-022_01494.jpg,0.49999999999975886,0.0,0.0,0.0,0.0,0.0,0.0,0.9999999999995177,0.49999999999975886
RipVIS-NR-022_01500.jpg,0.49999999999975886,0.0,0.0,0.0,0.0,0.0,0.0,0.9999999999995177,0.49999999999975886
RipVIS-NR-022_01506.jpg,0.49999999999975886,0.0,0.0,0.0,0.0,0.0,0.0,0.9999999999995177,0.49999999999975886
RipVIS-NR-022_01512.jpg,0.49999999999975886,0.0,0.0,0.0,0.0,0.0,0.0,0.9999999999995177,0.49999999999975886
RipVIS-NR-022_01518.jpg,0.49999999999975886,0.0,0.0,0.0,0.0,0.0,0.0,0.9999999999995177,0.49999999999975886
RipVIS-NR-022_01524.jpg,0.49999999999975886,0.0,0.0,0.0,0.0,0.0,0.0,0.9999999999995177,0.49999999999975886
RipVIS-NR-022_01530.jpg,0.49999999999975886,0.0,0.0,0.0,0.0,0.0,0.0,0.9999999999995177,0.49999999999975886
RipVIS-NR-022_01536.jpg,0.49999999999975886,0.0,0.0,0.0,0.0,0.0,0.0,0.9999999999995177,0.49999999999975886
RipVIS-NR-022_01542.jpg,0.49999999999975886,0.0,0.0,0.0,0.0,0.0,0.0,0.9999999999995177,0.49999999999975886
RipVIS-NR-022_01548.jpg,0.49999999999975886,0.0,0.0,0.0,0.0,0.0,0.0,0.9999999999995177,0.49999999999975886
RipVIS-NR-022_01554.jpg,0.49999999999975886,0.0,0.0,0.0,0.0,0.0,0.0,0.9999999999995177,0.49999999999975886
RipVIS-NR-022_01560.jpg,0.49999999999975886,0.0,0.0,0.0,0.0,0.0,0.0,0.9999999999995177,0.49999999999975886
RipVIS-NR-022_01566.jpg,0.49999999999975886,0.0,0.0,0.0,0.0,0.0,0.0,0.9999999999995177,0.49999999999975886
RipVIS-NR-022_01572.jpg,0.49999999999975886,0.0,0.0,0.0,0.0,0.0,0.0,0.9999999999995177,0.49999999999975886
RipVIS-NR-022_01578.jpg,0.49999999999975886,0.0,0.0,0.0,0.0,0.0,0.0,0.9999999999995177,0.49999999999975886
RipVIS-NR-022_01584.jpg,0.49999999999975886,0.0,0.0,0.0,0.0,0.0,0.0,0.9999999999995177,0.49999999999975886
RipVIS-NR-022_01590.jpg,0.49999999999975886,0.0,0.0,0.0,0.0,0.0,0.0,0.9999999999995177,0.49999999999975886
RipVIS-NR-022_01596.jpg,0.49999999999975886,0.0,0.0,0.0,0.0,0.0,0.0,0.9999999999995177,0.49999999999975886
RipVIS-NR-022_01602.jpg,0.49999999999975886,0.0,0.0,0.0,0.0,0.0,0.0,0.9999999999995177,0.49999999999975886
RipVIS-NR-022_01608.jpg,0.49999999999975886,0.0,0.0,0.0,0.0,0.0,0.0,0.9999999999995177,0.49999999999975886
RipVIS-NR-022_01614.jpg,0.49999999999975886,0.0,0.0,0.0,0.0,0.0,0.0,0.9999999999995177,0.49999999999975886
RipVIS-NR-022_01620.jpg,0.49999999999975886,0.0,0.0,0.0,0.0,0.0,0.0,0.9999999999995177,0.49999999999975886
RipVIS-NR-022_01626.jpg,0.49999999999975886,0.0,0.0,0.0,0.0,0.0,0.0,0.9999999999995177,0.49999999999975886
RipVIS-NR-022_01632.jpg,0.49999999999975886,0.0,0.0,0.0,0.0,0.0,0.0,0.9999999999995177,0.49999999999975886
RipVIS-NR-022_01638.jpg,0.49999999999975886,0.0,0.0,0.0,0.0,0.0,0.0,0.9999999999995177,0.49999999999975886
RipVIS-NR-022_01644.jpg,0.49999999999975886,0.0,0.0,0.0,0.0,0.0,0.0,0.9999999999995177,0.49999999999975886
RipVIS-NR-022_01650.jpg,0.49999999999975886,0.0,0.0,0.0,0.0,0.0,0.0,0.9999999999995177,0.49999999999975886
RipVIS-NR-022_01656.jpg,0.49999999999975886,0.0,0.0,0.0,0.0,0.0,0.0,0.9999999999995177,0.49999999999975886
RipVIS-NR-022_01662.jpg,0.49999999999975886,0.0,0.0,0.0,0.0,0.0,0.0,0.9999999999995177,0.49999999999975886
RipVIS-NR-022_01668.jpg,0.49999999999975886,0.0,0.0,0.0,0.0,0.0,0.0,0.9999999999995177,0.49999999999975886
RipVIS-NR-022_01674.jpg,0.49999999999975886,0.0,0.0,0.0,0.0,0.0,0.0,0.9999999999995177,0.49999999999975886
RipVIS-NR-022_01680.jpg,0.49999999999975886,0.0,0.0,0.0,0.0,0.0,0.0,0.9999999999995177,0.49999999999975886
RipVIS-NR-022_01686.jpg,0.49999999999975886,0.0,0.0,0.0,0.0,0.0,0.0,0.9999999999995177,0.49999999999975886
RipVIS-NR-022_01692.jpg,0.49999999999975886,0.0,0.0,0.0,0.0,0.0,0.0,0.9999999999995177,0.49999999999975886
RipVIS-NR-022_01698.jpg,0.49999999999975886,0.0,0.0,0.0,0.0,0.0,0.0,0.9999999999995177,0.49999999999975886
RipVIS-NR-022_01704.jpg,0.49999999999975886,0.0,0.0,0.0,0.0,0.0,0.0,0.9999999999995177,0.49999999999975886
RipVIS-NR-022_01710.jpg,0.49999999999975886,0.0,0.0,0.0,0.0,0.0,0.0,0.9999999999995177,0.49999999999975886
RipVIS-NR-022_01716.jpg,0.49999999999975886,0.0,0.0,0.0,0.0,0.0,0.0,0.9999999999995177,0.49999999999975886
RipVIS-NR-022_01722.jpg,0.49999999999975886,0.0,0.0,0.0,0.0,0.0,0.0,0.9999999999995177,0.49999999999975886
RipVIS-NR-022_01728.jpg,0.49999999999975886,0.0,0.0,0.0,0.0,0.0,0.0,0.9999999999995177,0.49999999999975886
RipVIS-NR-022_01734.jpg,0.49999999999975886,0.0,0.0,0.0,0.0,0.0,0.0,0.9999999999995177,0.49999999999975886
RipVIS-NR-022_01740.jpg,0.49999999999975886,0.0,0.0,0.0,0.0,0.0,0.0,0.9999999999995177,0.49999999999975886
RipVIS-NR-022_01746.jpg,0.49999999999975886,0.0,0.0,0.0,0.0,0.0,0.0,0.9999999999995177,0.49999999999975886
RipVIS-NR-022_01752.jpg,0.49999999999975886,0.0,0.0,0.0,0.0,0.0,0.0,0.9999999999995177,0.49999999999975886
RipVIS-NR-022_01758.jpg,0.49999999999975886,0.0,0.0,0.0,0.0,0.0,0.0,0.9999999999995177,0.49999999999975886
RipVIS-NR-022_01764.jpg,0.49999999999975886,0.0,0.0,0.0,0.0,0.0,0.0,0.9999999999995177,0.49999999999975886
RipVIS-NR-022_01770.jpg,0.49999999999975886,0.0,0.0,0.0,0.0,0.0,0.0,0.9999999999995177,0.49999999999975886
RipVIS-NR-022_01776.jpg,0.49999999999975886,0.0,0.0,0.0,0.0,0.0,0.0,0.9999999999995177,0.49999999999975886
RipVIS-NR-022_01782.jpg,0.49999999999975886,0.0,0.0,0.0,0.0,0.0,0.0,0.9999999999995177,0.49999999999975886
RipVIS-NR-022_01788.jpg,0.49999999999975886,0.0,0.0,0.0,0.0,0.0,0.0,0.9999999999995177,0.49999999999975886
RipVIS-NR-022_01794.jpg,0.49999999999975886,0.0,0.0,0.0,0.0,0.0,0.0,0.9999999999995177,0.49999999999975886
RipVIS-NR-022_01800.jpg,0.49999999999975886,0.0,0.0,0.0,0.0,0.0,0.0,0.9999999999995177,0.49999999999975886
RipVIS-NR-022_01806.jpg,0.49999999999975886,0.0,0.0,0.0,0.0,0.0,0.0,0.9999999999995177,0.49999999999975886
RipVIS-NR-022_01812.jpg,0.49999999999975886,0.0,0.0,0.0,0.0,0.0,0.0,0.9999999999995177,0.49999999999975886
RipVIS-NR-022_01818.jpg,0.49999999999975886,0.0,0.0,0.0,0.0,0.0,0.0,0.9999999999995177,0.49999999999975886
RipVIS-NR-022_01824.jpg,0.49999999999975886,0.0,0.0,0.0,0.0,0.0,0.0,0.9999999999995177,0.49999999999975886
RipVIS-NR-022_01830.jpg,0.49999999999975886,0.0,0.0,0.0,0.0,0.0,0.0,0.9999999999995177,0.49999999999975886
RipVIS-NR-024_00000.jpg,0.49999999999975886,0.0,0.0,0.0,0.0,0.0,0.0,0.9999999999995177,0.49999999999975886
RipVIS-NR-024_00006.jpg,0.49999999999975886,0.0,0.0,0.0,0.0,0.0,0.0,0.9999999999995177,0.49999999999975886
RipVIS-NR-024_00012.jpg,0.49999999999975886,0.0,0.0,0.0,0.0,0.0,0.0,0.9999999999995177,0.49999999999975886
RipVIS-NR-024_00018.jpg,0.49999999999975886,0.0,0.0,0.0,0.0,0.0,0.0,0.9999999999995177,0.49999999999975886
RipVIS-NR-024_00024.jpg,0.49999999999975886,0.0,0.0,0.0,0.0,0.0,0.0,0.9999999999995177,0.49999999999975886
RipVIS-NR-024_00030.jpg,0.49999999999975886,0.0,0.0,0.0,0.0,0.0,0.0,0.9999999999995177,0.49999999999975886
RipVIS-NR-024_00036.jpg,0.49999999999975886,0.0,0.0,0.0,0.0,0.0,0.0,0.9999999999995177,0.49999999999975886
RipVIS-NR-024_00042.jpg,0.49999999999975886,0.0,0.0,0.0,0.0,0.0,0.0,0.9999999999995177,0.49999999999975886
RipVIS-NR-024_00048.jpg,0.49999999999975886,0.0,0.0,0.0,0.0,0.0,0.0,0.9999999999995177,0.49999999999975886
RipVIS-NR-024_00054.jpg,0.49999999999975886,0.0,0.0,0.0,0.0,0.0,0.0,0.9999999999995177,0.49999999999975886
RipVIS-NR-024_00060.jpg,0.49999999999975886,0.0,0.0,0.0,0.0,0.0,0.0,0.9999999999995177,0.49999999999975886
RipVIS-NR-024_00066.jpg,0.49999999999975886,0.0,0.0,0.0,0.0,0.0,0.0,0.9999999999995177,0.49999999999975886
RipVIS-NR-024_00072.jpg,0.49999999999975886,0.0,0.0,0.0,0.0,0.0,0.0,0.9999999999995177,0.49999999999975886
RipVIS-NR-024_00078.jpg,0.49999999999975886,0.0,0.0,0.0,0.0,0.0,0.0,0.9999999999995177,0.49999999999975886
RipVIS-NR-024_00084.jpg,0.49999999999975886,0.0,0.0,0.0,0.0,0.0,0.0,0.9999999999995177,0.49999999999975886
RipVIS-NR-024_00090.jpg,0.49999999999975886,0.0,0.0,0.0,0.0,0.0,0.0,0.9999999999995177,0.49999999999975886
RipVIS-NR-024_00096.jpg,0.49999999999975886,0.0,0.0,0.0,0.0,0.0,0.0,0.9999999999995177,0.49999999999975886
RipVIS-NR-024_00102.jpg,0.49999999999975886,0.0,0.0,0.0,0.0,0.0,0.0,0.9999999999995177,0.49999999999975886
RipVIS-NR-024_00108.jpg,0.49999999999975886,0.0,0.0,0.0,0.0,0.0,0.0,0.9999999999995177,0.49999999999975886
RipVIS-NR-024_00114.jpg,0.49999999999975886,0.0,0.0,0.0,0.0,0.0,0.0,0.9999999999995177,0.49999999999975886
RipVIS-NR-024_00120.jpg,0.49999999999975886,0.0,0.0,0.0,0.0,0.0,0.0,0.9999999999995177,0.49999999999975886
RipVIS-NR-024_00126.jpg,0.49999999999975886,0.0,0.0,0.0,0.0,0.0,0.0,0.9999999999995177,0.49999999999975886
RipVIS-NR-024_00132.jpg,0.49999999999975886,0.0,0.0,0.0,0.0,0.0,0.0,0.9999999999995177,0.49999999999975886
RipVIS-NR-024_00138.jpg,0.49999999999975886,0.0,0.0,0.0,0.0,0.0,0.0,0.9999999999995177,0.49999999999975886
RipVIS-NR-024_00144.jpg,0.49999999999975886,0.0,0.0,0.0,0.0,0.0,0.0,0.9999999999995177,0.49999999999975886
RipVIS-NR-024_00150.jpg,0.49999999999975886,0.0,0.0,0.0,0.0,0.0,0.0,0.9999999999995177,0.49999999999975886
RipVIS-NR-024_00156.jpg,0.49999999999975886,0.0,0.0,0.0,0.0,0.0,0.0,0.9999999999995177,0.49999999999975886
RipVIS-NR-024_00162.jpg,0.49999999999975886,0.0,0.0,0.0,0.0,0.0,0.0,0.9999999999995177,0.49999999999975886
RipVIS-NR-024_00168.jpg,0.49999999999975886,0.0,0.0,0.0,0.0,0.0,0.0,0.9999999999995177,0.49999999999975886
RipVIS-NR-024_00174.jpg,0.49999999999975886,0.0,0.0,0.0,0.0,0.0,0.0,0.9999999999995177,0.49999999999975886
RipVIS-NR-024_00180.jpg,0.49999999999975886,0.0,0.0,0.0,0.0,0.0,0.0,0.9999999999995177,0.49999999999975886
RipVIS-NR-024_00186.jpg,0.49999999999975886,0.0,0.0,0.0,0.0,0.0,0.0,0.9999999999995177,0.49999999999975886
RipVIS-NR-024_00192.jpg,0.49999999999975886,0.0,0.0,0.0,0.0,0.0,0.0,0.9999999999995177,0.49999999999975886
RipVIS-NR-024_00198.jpg,0.49999999999975886,0.0,0.0,0.0,0.0,0.0,0.0,0.9999999999995177,0.49999999999975886
RipVIS-NR-024_00204.jpg,0.49999999999975886,0.0,0.0,0.0,0.0,0.0,0.0,0.9999999999995177,0.49999999999975886
RipVIS-NR-024_00210.jpg,0.49999999999975886,0.0,0.0,0.0,0.0,0.0,0.0,0.9999999999995177,0.49999999999975886
RipVIS-NR-024_00216.jpg,0.49999999999975886,0.0,0.0,0.0,0.0,0.0,0.0,0.9999999999995177,0.49999999999975886
RipVIS-NR-024_00222.jpg,0.49999999999975886,0.0,0.0,0.0,0.0,0.0,0.0,0.9999999999995177,0.49999999999975886
RipVIS-NR-024_00228.jpg,0.49999999999975886,0.0,0.0,0.0,0.0,0.0,0.0,0.9999999999995177,0.49999999999975886
RipVIS-NR-024_00234.jpg,0.49999999999975886,0.0,0.0,0.0,0.0,0.0,0.0,0.9999999999995177,0.49999999999975886
RipVIS-NR-024_00240.jpg,0.49999999999975886,0.0,0.0,0.0,0.0,0.0,0.0,0.9999999999995177,0.49999999999975886
RipVIS-NR-024_00246.jpg,0.49999999999975886,0.0,0.0,0.0,0.0,0.0,0.0,0.9999999999995177,0.49999999999975886
RipVIS-NR-024_00252.jpg,0.49999999999975886,0.0,0.0,0.0,0.0,0.0,0.0,0.9999999999995177,0.49999999999975886
RipVIS-NR-024_00258.jpg,0.49999999999975886,0.0,0.0,0.0,0.0,0.0,0.0,0.9999999999995177,0.49999999999975886
RipVIS-NR-024_00264.jpg,0.49999999999975886,0.0,0.0,0.0,0.0,0.0,0.0,0.9999999999995177,0.49999999999975886
RipVIS-NR-024_00270.jpg,0.49999999999975886,0.0,0.0,0.0,0.0,0.0,0.0,0.9999999999995177,0.49999999999975886
RipVIS-NR-024_00276.jpg,0.49999999999975886,0.0,0.0,0.0,0.0,0.0,0.0,0.9999999999995177,0.49999999999975886
RipVIS-NR-024_00282.jpg,0.49999999999975886,0.0,0.0,0.0,0.0,0.0,0.0,0.9999999999995177,0.49999999999975886
RipVIS-NR-024_00288.jpg,0.49999999999975886,0.0,0.0,0.0,0.0,0.0,0.0,0.9999999999995177,0.49999999999975886
RipVIS-NR-024_00294.jpg,0.49999999999975886,0.0,0.0,0.0,0.0,0.0,0.0,0.9999999999995177,0.49999999999975886
RipVIS-NR-024_00300.jpg,0.49999999999975886,0.0,0.0,0.0,0.0,0.0,0.0,0.9999999999995177,0.49999999999975886
RipVIS-NR-024_00306.jpg,0.49999999999975886,0.0,0.0,0.0,0.0,0.0,0.0,0.9999999999995177,0.49999999999975886
RipVIS-NR-024_00312.jpg,0.49999999999975886,0.0,0.0,0.0,0.0,0.0,0.0,0.9999999999995177,0.49999999999975886
RipVIS-NR-024_00318.jpg,0.49999999999975886,0.0,0.0,0.0,0.0,0.0,0.0,0.9999999999995177,0.49999999999975886
RipVIS-NR-024_00324.jpg,0.49999999999975886,0.0,0.0,0.0,0.0,0.0,0.0,0.9999999999995177,0.49999999999975886
RipVIS-NR-024_00330.jpg,0.49999999999975886,0.0,0.0,0.0,0.0,0.0,0.0,0.9999999999995177,0.49999999999975886
RipVIS-NR-024_00336.jpg,0.49999999999975886,0.0,0.0,0.0,0.0,0.0,0.0,0.9999999999995177,0.49999999999975886
RipVIS-NR-024_00342.jpg,0.49999999999975886,0.0,0.0,0.0,0.0,0.0,0.0,0.9999999999995177,0.49999999999975886
RipVIS-NR-024_00348.jpg,0.49999999999975886,0.0,0.0,0.0,0.0,0.0,0.0,0.9999999999995177,0.49999999999975886
RipVIS-NR-024_00354.jpg,0.49999999999975886,0.0,0.0,0.0,0.0,0.0,0.0,0.9999999999995177,0.49999999999975886
RipVIS-NR-024_00360.jpg,0.49999999999975886,0.0,0.0,0.0,0.0,0.0,0.0,0.9999999999995177,0.49999999999975886
RipVIS-NR-024_00366.jpg,0.49999999999975886,0.0,0.0,0.0,0.0,0.0,0.0,0.9999999999995177,0.49999999999975886
RipVIS-NR-024_00372.jpg,0.49999999999975886,0.0,0.0,0.0,0.0,0.0,0.0,0.9999999999995177,0.49999999999975886
RipVIS-NR-024_00378.jpg,0.49999999999975886,0.0,0.0,0.0,0.0,0.0,0.0,0.9999999999995177,0.49999999999975886
RipVIS-NR-024_00384.jpg,0.49999999999975886,0.0,0.0,0.0,0.0,0.0,0.0,0.9999999999995177,0.49999999999975886
RipVIS-NR-024_00390.jpg,0.49999999999975886,0.0,0.0,0.0,0.0,0.0,0.0,0.9999999999995177,0.49999999999975886
RipVIS-NR-024_00396.jpg,0.49999999999975886,0.0,0.0,0.0,0.0,0.0,0.0,0.9999999999995177,0.49999999999975886
RipVIS-NR-024_00402.jpg,0.49999999999975886,0.0,0.0,0.0,0.0,0.0,0.0,0.9999999999995177,0.49999999999975886
RipVIS-NR-024_00408.jpg,0.49999999999975886,0.0,0.0,0.0,0.0,0.0,0.0,0.9999999999995177,0.49999999999975886
RipVIS-NR-024_00414.jpg,0.49999999999975886,0.0,0.0,0.0,0.0,0.0,0.0,0.9999999999995177,0.49999999999975886
RipVIS-NR-024_00420.jpg,0.49999999999975886,0.0,0.0,0.0,0.0,0.0,0.0,0.9999999999995177,0.49999999999975886
RipVIS-NR-024_00426.jpg,0.49999999999975886,0.0,0.0,0.0,0.0,0.0,0.0,0.9999999999995177,0.49999999999975886
RipVIS-NR-024_00432.jpg,0.49999999999975886,0.0,0.0,0.0,0.0,0.0,0.0,0.9999999999995177,0.49999999999975886
RipVIS-NR-024_00438.jpg,0.49999999999975886,0.0,0.0,0.0,0.0,0.0,0.0,0.9999999999995177,0.49999999999975886
RipVIS-NR-024_00444.jpg,0.49999999999975886,0.0,0.0,0.0,0.0,0.0,0.0,0.9999999999995177,0.49999999999975886
RipVIS-NR-024_00450.jpg,0.49999999999975886,0.0,0.0,0.0,0.0,0.0,0.0,0.9999999999995177,0.49999999999975886
RipVIS-NR-024_00456.jpg,0.49999999999975886,0.0,0.0,0.0,0.0,0.0,0.0,0.9999999999995177,0.49999999999975886
RipVIS-NR-024_00462.jpg,0.49999999999975886,0.0,0.0,0.0,0.0,0.0,0.0,0.9999999999995177,0.49999999999975886
RipVIS-NR-024_00468.jpg,0.49999999999975886,0.0,0.0,0.0,0.0,0.0,0.0,0.9999999999995177,0.49999999999975886
RipVIS-NR-024_00474.jpg,0.49999999999975886,0.0,0.0,0.0,0.0,0.0,0.0,0.9999999999995177,0.49999999999975886
RipVIS-NR-024_00480.jpg,0.49999999999975886,0.0,0.0,0.0,0.0,0.0,0.0,0.9999999999995177,0.49999999999975886
RipVIS-NR-024_00486.jpg,0.49999999999975886,0.0,0.0,0.0,0.0,0.0,0.0,0.9999999999995177,0.49999999999975886
RipVIS-NR-024_00492.jpg,0.49999999999975886,0.0,0.0,0.0,0.0,0.0,0.0,0.9999999999995177,0.49999999999975886
RipVIS-NR-024_00498.jpg,0.49999999999975886,0.0,0.0,0.0,0.0,0.0,0.0,0.9999999999995177,0.49999999999975886
RipVIS-NR-024_00504.jpg,0.49999999999975886,0.0,0.0,0.0,0.0,0.0,0.0,0.9999999999995177,0.49999999999975886
RipVIS-NR-024_00510.jpg,0.49999999999975886,0.0,0.0,0.0,0.0,0.0,0.0,0.9999999999995177,0.49999999999975886
RipVIS-NR-024_00516.jpg,0.49999999999975886,0.0,0.0,0.0,0.0,0.0,0.0,0.9999999999995177,0.49999999999975886
RipVIS-NR-024_00522.jpg,0.49999999999975886,0.0,0.0,0.0,0.0,0.0,0.0,0.9999999999995177,0.49999999999975886
RipVIS-NR-024_00528.jpg,0.49999999999975886,0.0,0.0,0.0,0.0,0.0,0.0,0.9999999999995177,0.49999999999975886
RipVIS-NR-024_00534.jpg,0.49999999999975886,0.0,0.0,0.0,0.0,0.0,0.0,0.9999999999995177,0.49999999999975886
RipVIS-NR-024_00540.jpg,0.49999999999975886,0.0,0.0,0.0,0.0,0.0,0.0,0.9999999999995177,0.49999999999975886
RipVIS-NR-024_00546.jpg,0.49999999999975886,0.0,0.0,0.0,0.0,0.0,0.0,0.9999999999995177,0.49999999999975886
RipVIS-NR-024_00552.jpg,0.49999999999975886,0.0,0.0,0.0,0.0,0.0,0.0,0.9999999999995177,0.49999999999975886
RipVIS-NR-024_00558.jpg,0.49999999999975886,0.0,0.0,0.0,0.0,0.0,0.0,0.9999999999995177,0.49999999999975886
RipVIS-NR-024_00564.jpg,0.49999999999975886,0.0,0.0,0.0,0.0,0.0,0.0,0.9999999999995177,0.49999999999975886
RipVIS-NR-024_00570.jpg,0.49999999999975886,0.0,0.0,0.0,0.0,0.0,0.0,0.9999999999995177,0.49999999999975886
RipVIS-NR-024_00576.jpg,0.49999999999975886,0.0,0.0,0.0,0.0,0.0,0.0,0.9999999999995177,0.49999999999975886
RipVIS-NR-024_00582.jpg,0.49999999999975886,0.0,0.0,0.0,0.0,0.0,0.0,0.9999999999995177,0.49999999999975886
RipVIS-NR-024_00588.jpg,0.49999999999975886,0.0,0.0,0.0,0.0,0.0,0.0,0.9999999999995177,0.49999999999975886
RipVIS-NR-024_00594.jpg,0.49999999999975886,0.0,0.0,0.0,0.0,0.0,0.0,0.9999999999995177,0.49999999999975886
RipVIS-NR-024_00600.jpg,0.49999999999975886,0.0,0.0,0.0,0.0,0.0,0.0,0.9999999999995177,0.49999999999975886
RipVIS-NR-024_00606.jpg,0.49999999999975886,0.0,0.0,0.0,0.0,0.0,0.0,0.9999999999995177,0.49999999999975886
RipVIS-NR-024_00612.jpg,0.49999999999975886,0.0,0.0,0.0,0.0,0.0,0.0,0.9999999999995177,0.49999999999975886
RipVIS-NR-024_00618.jpg,0.49999999999975886,0.0,0.0,0.0,0.0,0.0,0.0,0.9999999999995177,0.49999999999975886
RipVIS-NR-024_00624.jpg,0.49999999999975886,0.0,0.0,0.0,0.0,0.0,0.0,0.9999999999995177,0.49999999999975886
RipVIS-NR-024_00630.jpg,0.49999999999975886,0.0,0.0,0.0,0.0,0.0,0.0,0.9999999999995177,0.49999999999975886
RipVIS-NR-024_00636.jpg,0.49999999999975886,0.0,0.0,0.0,0.0,0.0,0.0,0.9999999999995177,0.49999999999975886
RipVIS-NR-024_00642.jpg,0.49999999999975886,0.0,0.0,0.0,0.0,0.0,0.0,0.9999999999995177,0.49999999999975886
RipVIS-NR-024_00648.jpg,0.49999999999975886,0.0,0.0,0.0,0.0,0.0,0.0,0.9999999999995177,0.49999999999975886
RipVIS-NR-024_00654.jpg,0.49999999999975886,0.0,0.0,0.0,0.0,0.0,0.0,0.9999999999995177,0.49999999999975886
RipVIS-NR-024_00660.jpg,0.49999999999975886,0.0,0.0,0.0,0.0,0.0,0.0,0.9999999999995177,0.49999999999975886
RipVIS-NR-024_00666.jpg,0.49999999999975886,0.0,0.0,0.0,0.0,0.0,0.0,0.9999999999995177,0.49999999999975886
RipVIS-NR-024_00672.jpg,0.49999999999975886,0.0,0.0,0.0,0.0,0.0,0.0,0.9999999999995177,0.49999999999975886
RipVIS-NR-024_00678.jpg,0.49999999999975886,0.0,0.0,0.0,0.0,0.0,0.0,0.9999999999995177,0.49999999999975886
RipVIS-NR-024_00684.jpg,0.49999999999975886,0.0,0.0,0.0,0.0,0.0,0.0,0.9999999999995177,0.49999999999975886
RipVIS-NR-024_00690.jpg,0.49999999999975886,0.0,0.0,0.0,0.0,0.0,0.0,0.9999999999995177,0.49999999999975886
RipVIS-NR-024_00696.jpg,0.49999999999975886,0.0,0.0,0.0,0.0,0.0,0.0,0.9999999999995177,0.49999999999975886
RipVIS-NR-024_00702.jpg,0.49999999999975886,0.0,0.0,0.0,0.0,0.0,0.0,0.9999999999995177,0.49999999999975886
RipVIS-NR-024_00708.jpg,0.49999999999975886,0.0,0.0,0.0,0.0,0.0,0.0,0.9999999999995177,0.49999999999975886
RipVIS-NR-024_00714.jpg,0.49999999999975886,0.0,0.0,0.0,0.0,0.0,0.0,0.9999999999995177,0.49999999999975886
RipVIS-NR-024_00720.jpg,0.49999999999975886,0.0,0.0,0.0,0.0,0.0,0.0,0.9999999999995177,0.49999999999975886
RipVIS-NR-024_00726.jpg,0.49999999999975886,0.0,0.0,0.0,0.0,0.0,0.0,0.9999999999995177,0.49999999999975886
RipVIS-NR-024_00732.jpg,0.49999999999975886,0.0,0.0,0.0,0.0,0.0,0.0,0.9999999999995177,0.49999999999975886
RipVIS-NR-024_00738.jpg,0.49999999999975886,0.0,0.0,0.0,0.0,0.0,0.0,0.9999999999995177,0.49999999999975886
RipVIS-NR-024_00744.jpg,0.49999999999975886,0.0,0.0,0.0,0.0,0.0,0.0,0.9999999999995177,0.49999999999975886
RipVIS-NR-024_00750.jpg,0.49999999999975886,0.0,0.0,0.0,0.0,0.0,0.0,0.9999999999995177,0.49999999999975886
RipVIS-NR-024_00756.jpg,0.49999999999975886,0.0,0.0,0.0,0.0,0.0,0.0,0.9999999999995177,0.49999999999975886
RipVIS-NR-024_00762.jpg,0.49999999999975886,0.0,0.0,0.0,0.0,0.0,0.0,0.9999999999995177,0.49999999999975886
RipVIS-NR-024_00768.jpg,0.49999999999975886,0.0,0.0,0.0,0.0,0.0,0.0,0.9999999999995177,0.49999999999975886
RipVIS-NR-024_00774.jpg,0.49999999999975886,0.0,0.0,0.0,0.0,0.0,0.0,0.9999999999995177,0.49999999999975886
RipVIS-NR-024_00780.jpg,0.49999999999975886,0.0,0.0,0.0,0.0,0.0,0.0,0.9999999999995177,0.49999999999975886
RipVIS-NR-024_00786.jpg,0.49999999999975886,0.0,0.0,0.0,0.0,0.0,0.0,0.9999999999995177,0.49999999999975886
RipVIS-NR-024_00792.jpg,0.49999999999975886,0.0,0.0,0.0,0.0,0.0,0.0,0.9999999999995177,0.49999999999975886
RipVIS-NR-024_00798.jpg,0.49999999999975886,0.0,0.0,0.0,0.0,0.0,0.0,0.9999999999995177,0.49999999999975886
RipVIS-NR-024_00804.jpg,0.49999999999975886,0.0,0.0,0.0,0.0,0.0,0.0,0.9999999999995177,0.49999999999975886
RipVIS-NR-024_00810.jpg,0.49999999999975886,0.0,0.0,0.0,0.0,0.0,0.0,0.9999999999995177,0.49999999999975886
RipVIS-NR-024_00816.jpg,0.49999999999975886,0.0,0.0,0.0,0.0,0.0,0.0,0.9999999999995177,0.49999999999975886
RipVIS-NR-024_00822.jpg,0.49999999999975886,0.0,0.0,0.0,0.0,0.0,0.0,0.9999999999995177,0.49999999999975886
RipVIS-NR-024_00828.jpg,0.49999999999975886,0.0,0.0,0.0,0.0,0.0,0.0,0.9999999999995177,0.49999999999975886
RipVIS-NR-024_00834.jpg,0.49999999999975886,0.0,0.0,0.0,0.0,0.0,0.0,0.9999999999995177,0.49999999999975886
RipVIS-NR-024_00840.jpg,0.49999999999975886,0.0,0.0,0.0,0.0,0.0,0.0,0.9999999999995177,0.49999999999975886
RipVIS-NR-024_00846.jpg,0.49999999999975886,0.0,0.0,0.0,0.0,0.0,0.0,0.9999999999995177,0.49999999999975886
RipVIS-NR-024_00852.jpg,0.49999999999975886,0.0,0.0,0.0,0.0,0.0,0.0,0.9999999999995177,0.49999999999975886
RipVIS-NR-024_00858.jpg,0.49999999999975886,0.0,0.0,0.0,0.0,0.0,0.0,0.9999999999995177,0.49999999999975886
RipVIS-NR-024_00864.jpg,0.49999999999975886,0.0,0.0,0.0,0.0,0.0,0.0,0.9999999999995177,0.49999999999975886
RipVIS-NR-024_00870.jpg,0.49999999999975886,0.0,0.0,0.0,0.0,0.0,0.0,0.9999999999995177,0.49999999999975886
RipVIS-NR-024_00876.jpg,0.49999999999975886,0.0,0.0,0.0,0.0,0.0,0.0,0.9999999999995177,0.49999999999975886
RipVIS-NR-024_00882.jpg,0.49999999999975886,0.0,0.0,0.0,0.0,0.0,0.0,0.9999999999995177,0.49999999999975886
RipVIS-NR-024_00888.jpg,0.49999999999975886,0.0,0.0,0.0,0.0,0.0,0.0,0.9999999999995177,0.49999999999975886
RipVIS-NR-024_00894.jpg,0.49999999999975886,0.0,0.0,0.0,0.0,0.0,0.0,0.9999999999995177,0.49999999999975886
RipVIS-NR-024_00900.jpg,0.49999999999975886,0.0,0.0,0.0,0.0,0.0,0.0,0.9999999999995177,0.49999999999975886
RipVIS-NR-024_00906.jpg,0.49999999999975886,0.0,0.0,0.0,0.0,0.0,0.0,0.9999999999995177,0.49999999999975886
RipVIS-NR-024_00912.jpg,0.49999999999975886,0.0,0.0,0.0,0.0,0.0,0.0,0.9999999999995177,0.49999999999975886
RipVIS-NR-024_00918.jpg,0.49999999999975886,0.0,0.0,0.0,0.0,0.0,0.0,0.9999999999995177,0.49999999999975886
RipVIS-NR-024_00924.jpg,0.49999999999975886,0.0,0.0,0.0,0.0,0.0,0.0,0.9999999999995177,0.49999999999975886
RipVIS-NR-024_00930.jpg,0.49999999999975886,0.0,0.0,0.0,0.0,0.0,0.0,0.9999999999995177,0.49999999999975886
RipVIS-NR-024_00936.jpg,0.49999999999975886,0.0,0.0,0.0,0.0,0.0,0.0,0.9999999999995177,0.49999999999975886
RipVIS-NR-024_00942.jpg,0.49999999999975886,0.0,0.0,0.0,0.0,0.0,0.0,0.9999999999995177,0.49999999999975886
RipVIS-NR-024_00948.jpg,0.49999999999975886,0.0,0.0,0.0,0.0,0.0,0.0,0.9999999999995177,0.49999999999975886
RipVIS-NR-024_00954.jpg,0.49999999999975886,0.0,0.0,0.0,0.0,0.0,0.0,0.9999999999995177,0.49999999999975886
RipVIS-NR-024_00960.jpg,0.49999999999975886,0.0,0.0,0.0,0.0,0.0,0.0,0.9999999999995177,0.49999999999975886
RipVIS-NR-024_00966.jpg,0.49999999999975886,0.0,0.0,0.0,0.0,0.0,0.0,0.9999999999995177,0.49999999999975886
RipVIS-NR-024_00972.jpg,0.49999999999975886,0.0,0.0,0.0,0.0,0.0,0.0,0.9999999999995177,0.49999999999975886
RipVIS-NR-024_00978.jpg,0.49999999999975886,0.0,0.0,0.0,0.0,0.0,0.0,0.9999999999995177,0.49999999999975886
RipVIS-NR-024_00984.jpg,0.49999999999975886,0.0,0.0,0.0,0.0,0.0,0.0,0.9999999999995177,0.49999999999975886
RipVIS-NR-024_00990.jpg,0.49999999999975886,0.0,0.0,0.0,0.0,0.0,0.0,0.9999999999995177,0.49999999999975886
RipVIS-NR-024_00996.jpg,0.49999999999975886,0.0,0.0,0.0,0.0,0.0,0.0,0.9999999999995177,0.49999999999975886
RipVIS-NR-024_01002.jpg,0.49999999999975886,0.0,0.0,0.0,0.0,0.0,0.0,0.9999999999995177,0.49999999999975886
RipVIS-NR-024_01008.jpg,0.49999999999975886,0.0,0.0,0.0,0.0,0.0,0.0,0.9999999999995177,0.49999999999975886
RipVIS-NR-024_01014.jpg,0.49999999999975886,0.0,0.0,0.0,0.0,0.0,0.0,0.9999999999995177,0.49999999999975886
RipVIS-NR-024_01020.jpg,0.49999999999975886,0.0,0.0,0.0,0.0,0.0,0.0,0.9999999999995177,0.49999999999975886
RipVIS-NR-024_01026.jpg,0.49999999999975886,0.0,0.0,0.0,0.0,0.0,0.0,0.9999999999995177,0.49999999999975886
RipVIS-NR-024_01032.jpg,0.49999999999975886,0.0,0.0,0.0,0.0,0.0,0.0,0.9999999999995177,0.49999999999975886
RipVIS-NR-024_01038.jpg,0.49999999999975886,0.0,0.0,0.0,0.0,0.0,0.0,0.9999999999995177,0.49999999999975886
RipVIS-NR-024_01044.jpg,0.49999999999975886,0.0,0.0,0.0,0.0,0.0,0.0,0.9999999999995177,0.49999999999975886
RipVIS-NR-024_01050.jpg,0.49999999999975886,0.0,0.0,0.0,0.0,0.0,0.0,0.9999999999995177,0.49999999999975886
RipVIS-NR-024_01056.jpg,0.49999999999975886,0.0,0.0,0.0,0.0,0.0,0.0,0.9999999999995177,0.49999999999975886
RipVIS-NR-024_01062.jpg,0.49999999999975886,0.0,0.0,0.0,0.0,0.0,0.0,0.9999999999995177,0.49999999999975886
RipVIS-NR-024_01068.jpg,0.49999999999975886,0.0,0.0,0.0,0.0,0.0,0.0,0.9999999999995177,0.49999999999975886
RipVIS-NR-024_01074.jpg,0.49999999999975886,0.0,0.0,0.0,0.0,0.0,0.0,0.9999999999995177,0.49999999999975886
RipVIS-NR-024_01080.jpg,0.49999999999975886,0.0,0.0,0.0,0.0,0.0,0.0,0.9999999999995177,0.49999999999975886
RipVIS-NR-024_01086.jpg,0.49999999999975886,0.0,0.0,0.0,0.0,0.0,0.0,0.9999999999995177,0.49999999999975886
RipVIS-NR-024_01092.jpg,0.49999999999975886,0.0,0.0,0.0,0.0,0.0,0.0,0.9999999999995177,0.49999999999975886
RipVIS-NR-024_01098.jpg,0.49999999999975886,0.0,0.0,0.0,0.0,0.0,0.0,0.9999999999995177,0.49999999999975886
RipVIS-NR-024_01104.jpg,0.49999999999975886,0.0,0.0,0.0,0.0,0.0,0.0,0.9999999999995177,0.49999999999975886
RipVIS-NR-024_01110.jpg,0.49999999999975886,0.0,0.0,0.0,0.0,0.0,0.0,0.9999999999995177,0.49999999999975886
RipVIS-NR-024_01116.jpg,0.49999999999975886,0.0,0.0,0.0,0.0,0.0,0.0,0.9999999999995177,0.49999999999975886
RipVIS-NR-024_01122.jpg,0.49999999999975886,0.0,0.0,0.0,0.0,0.0,0.0,0.9999999999995177,0.49999999999975886
RipVIS-NR-024_01128.jpg,0.49999999999975886,0.0,0.0,0.0,0.0,0.0,0.0,0.9999999999995177,0.49999999999975886
RipVIS-NR-024_01134.jpg,0.49999999999975886,0.0,0.0,0.0,0.0,0.0,0.0,0.9999999999995177,0.49999999999975886
RipVIS-NR-024_01140.jpg,0.49999999999975886,0.0,0.0,0.0,0.0,0.0,0.0,0.9999999999995177,0.49999999999975886
RipVIS-NR-024_01146.jpg,0.49999999999975886,0.0,0.0,0.0,0.0,0.0,0.0,0.9999999999995177,0.49999999999975886
RipVIS-NR-024_01152.jpg,0.49999999999975886,0.0,0.0,0.0,0.0,0.0,0.0,0.9999999999995177,0.49999999999975886
RipVIS-NR-024_01158.jpg,0.49999999999975886,0.0,0.0,0.0,0.0,0.0,0.0,0.9999999999995177,0.49999999999975886
RipVIS-NR-024_01164.jpg,0.49999999999975886,0.0,0.0,0.0,0.0,0.0,0.0,0.9999999999995177,0.49999999999975886
RipVIS-NR-024_01170.jpg,0.49999999999975886,0.0,0.0,0.0,0.0,0.0,0.0,0.9999999999995177,0.49999999999975886
RipVIS-NR-024_01176.jpg,0.49999999999975886,0.0,0.0,0.0,0.0,0.0,0.0,0.9999999999995177,0.49999999999975886
RipVIS-NR-024_01182.jpg,0.49999999999975886,0.0,0.0,0.0,0.0,0.0,0.0,0.9999999999995177,0.49999999999975886
RipVIS-NR-024_01188.jpg,0.49999999999975886,0.0,0.0,0.0,0.0,0.0,0.0,0.9999999999995177,0.49999999999975886
RipVIS-NR-024_01194.jpg,0.49999999999975886,0.0,0.0,0.0,0.0,0.0,0.0,0.9999999999995177,0.49999999999975886
RipVIS-NR-024_01200.jpg,0.49999999999975886,0.0,0.0,0.0,0.0,0.0,0.0,0.9999999999995177,0.49999999999975886
RipVIS-NR-024_01206.jpg,0.49999999999975886,0.0,0.0,0.0,0.0,0.0,0.0,0.9999999999995177,0.49999999999975886
RipVIS-NR-024_01212.jpg,0.49999999999975886,0.0,0.0,0.0,0.0,0.0,0.0,0.9999999999995177,0.49999999999975886
RipVIS-NR-024_01218.jpg,0.49999999999975886,0.0,0.0,0.0,0.0,0.0,0.0,0.9999999999995177,0.49999999999975886
RipVIS-NR-024_01224.jpg,0.49999999999975886,0.0,0.0,0.0,0.0,0.0,0.0,0.9999999999995177,0.49999999999975886
RipVIS-NR-024_01230.jpg,0.49999999999975886,0.0,0.0,0.0,0.0,0.0,0.0,0.9999999999995177,0.49999999999975886
RipVIS-NR-024_01236.jpg,0.49999999999975886,0.0,0.0,0.0,0.0,0.0,0.0,0.9999999999995177,0.49999999999975886
RipVIS-NR-024_01242.jpg,0.49999999999975886,0.0,0.0,0.0,0.0,0.0,0.0,0.9999999999995177,0.49999999999975886
RipVIS-NR-024_01248.jpg,0.49999999999975886,0.0,0.0,0.0,0.0,0.0,0.0,0.9999999999995177,0.49999999999975886
RipVIS-NR-024_01254.jpg,0.49999999999975886,0.0,0.0,0.0,0.0,0.0,0.0,0.9999999999995177,0.49999999999975886
RipVIS-NR-024_01260.jpg,0.49999999999975886,0.0,0.0,0.0,0.0,0.0,0.0,0.9999999999995177,0.49999999999975886
RipVIS-NR-024_01266.jpg,0.49999999999975886,0.0,0.0,0.0,0.0,0.0,0.0,0.9999999999995177,0.49999999999975886
RipVIS-NR-024_01272.jpg,0.49999999999975886,0.0,0.0,0.0,0.0,0.0,0.0,0.9999999999995177,0.49999999999975886
RipVIS-NR-024_01278.jpg,0.49999999999975886,0.0,0.0,0.0,0.0,0.0,0.0,0.9999999999995177,0.49999999999975886
RipVIS-NR-024_01284.jpg,0.49999999999975886,0.0,0.0,0.0,0.0,0.0,0.0,0.9999999999995177,0.49999999999975886
RipVIS-NR-024_01290.jpg,0.49999999999975886,0.0,0.0,0.0,0.0,0.0,0.0,0.9999999999995177,0.49999999999975886
RipVIS-NR-024_01296.jpg,0.49999999999975886,0.0,0.0,0.0,0.0,0.0,0.0,0.9999999999995177,0.49999999999975886
RipVIS-NR-024_01302.jpg,0.49999999999975886,0.0,0.0,0.0,0.0,0.0,0.0,0.9999999999995177,0.49999999999975886
RipVIS-NR-024_01308.jpg,0.49999999999975886,0.0,0.0,0.0,0.0,0.0,0.0,0.9999999999995177,0.49999999999975886
RipVIS-NR-024_01314.jpg,0.49999999999975886,0.0,0.0,0.0,0.0,0.0,0.0,0.9999999999995177,0.49999999999975886
RipVIS-NR-024_01320.jpg,0.49999999999975886,0.0,0.0,0.0,0.0,0.0,0.0,0.9999999999995177,0.49999999999975886
RipVIS-NR-024_01326.jpg,0.49999999999975886,0.0,0.0,0.0,0.0,0.0,0.0,0.9999999999995177,0.49999999999975886
RipVIS-NR-024_01332.jpg,0.49999999999975886,0.0,0.0,0.0,0.0,0.0,0.0,0.9999999999995177,0.49999999999975886
RipVIS-NR-024_01338.jpg,0.49999999999975886,0.0,0.0,0.0,0.0,0.0,0.0,0.9999999999995177,0.49999999999975886
RipVIS-NR-024_01344.jpg,0.49999999999975886,0.0,0.0,0.0,0.0,0.0,0.0,0.9999999999995177,0.49999999999975886
RipVIS-NR-024_01350.jpg,0.49999999999975886,0.0,0.0,0.0,0.0,0.0,0.0,0.9999999999995177,0.49999999999975886
RipVIS-NR-024_01356.jpg,0.49999999999975886,0.0,0.0,0.0,0.0,0.0,0.0,0.9999999999995177,0.49999999999975886
RipVIS-NR-024_01362.jpg,0.49999999999975886,0.0,0.0,0.0,0.0,0.0,0.0,0.9999999999995177,0.49999999999975886
RipVIS-NR-024_01368.jpg,0.49999999999975886,0.0,0.0,0.0,0.0,0.0,0.0,0.9999999999995177,0.49999999999975886
RipVIS-NR-024_01374.jpg,0.49999999999975886,0.0,0.0,0.0,0.0,0.0,0.0,0.9999999999995177,0.49999999999975886
RipVIS-NR-024_01380.jpg,0.49999999999975886,0.0,0.0,0.0,0.0,0.0,0.0,0.9999999999995177,0.49999999999975886
RipVIS-NR-024_01386.jpg,0.49999999999975886,0.0,0.0,0.0,0.0,0.0,0.0,0.9999999999995177,0.49999999999975886
RipVIS-NR-024_01392.jpg,0.49999999999975886,0.0,0.0,0.0,0.0,0.0,0.0,0.9999999999995177,0.49999999999975886
RipVIS-NR-024_01398.jpg,0.49999999999975886,0.0,0.0,0.0,0.0,0.0,0.0,0.9999999999995177,0.49999999999975886
RipVIS-NR-024_01404.jpg,0.49999999999975886,0.0,0.0,0.0,0.0,0.0,0.0,0.9999999999995177,0.49999999999975886
RipVIS-NR-024_01410.jpg,0.49999999999975886,0.0,0.0,0.0,0.0,0.0,0.0,0.9999999999995177,0.49999999999975886
RipVIS-NR-024_01416.jpg,0.49999999999975886,0.0,0.0,0.0,0.0,0.0,0.0,0.9999999999995177,0.49999999999975886
RipVIS-NR-024_01422.jpg,0.49999999999975886,0.0,0.0,0.0,0.0,0.0,0.0,0.9999999999995177,0.49999999999975886
RipVIS-NR-024_01428.jpg,0.49999999999975886,0.0,0.0,0.0,0.0,0.0,0.0,0.9999999999995177,0.49999999999975886
RipVIS-NR-024_01434.jpg,0.49999999999975886,0.0,0.0,0.0,0.0,0.0,0.0,0.9999999999995177,0.49999999999975886
RipVIS-NR-024_01440.jpg,0.49999999999975886,0.0,0.0,0.0,0.0,0.0,0.0,0.9999999999995177,0.49999999999975886
RipVIS-NR-024_01446.jpg,0.49999999999975886,0.0,0.0,0.0,0.0,0.0,0.0,0.9999999999995177,0.49999999999975886
RipVIS-NR-024_01452.jpg,0.49999999999975886,0.0,0.0,0.0,0.0,0.0,0.0,0.9999999999995177,0.49999999999975886
RipVIS-NR-024_01458.jpg,0.49999999999975886,0.0,0.0,0.0,0.0,0.0,0.0,0.9999999999995177,0.49999999999975886
RipVIS-NR-024_01464.jpg,0.49999999999975886,0.0,0.0,0.0,0.0,0.0,0.0,0.9999999999995177,0.49999999999975886
RipVIS-NR-024_01470.jpg,0.49999999999975886,0.0,0.0,0.0,0.0,0.0,0.0,0.9999999999995177,0.49999999999975886
RipVIS-NR-024_01476.jpg,0.49999999999975886,0.0,0.0,0.0,0.0,0.0,0.0,0.9999999999995177,0.49999999999975886
RipVIS-NR-024_01482.jpg,0.49999999999975886,0.0,0.0,0.0,0.0,0.0,0.0,0.9999999999995177,0.49999999999975886
RipVIS-NR-024_01488.jpg,0.49999999999975886,0.0,0.0,0.0,0.0,0.0,0.0,0.9999999999995177,0.49999999999975886
RipVIS-NR-024_01494.jpg,0.49999999999975886,0.0,0.0,0.0,0.0,0.0,0.0,0.9999999999995177,0.49999999999975886
RipVIS-NR-024_01500.jpg,0.49999999999975886,0.0,0.0,0.0,0.0,0.0,0.0,0.9999999999995177,0.49999999999975886
RipVIS-NR-024_01506.jpg,0.49999999999975886,0.0,0.0,0.0,0.0,0.0,0.0,0.9999999999995177,0.49999999999975886
RipVIS-NR-024_01512.jpg,0.49999999999975886,0.0,0.0,0.0,0.0,0.0,0.0,0.9999999999995177,0.49999999999975886
RipVIS-NR-024_01518.jpg,0.49999999999975886,0.0,0.0,0.0,0.0,0.0,0.0,0.9999999999995177,0.49999999999975886
RipVIS-NR-024_01524.jpg,0.49999999999975886,0.0,0.0,0.0,0.0,0.0,0.0,0.9999999999995177,0.49999999999975886
RipVIS-NR-024_01530.jpg,0.49999999999975886,0.0,0.0,0.0,0.0,0.0,0.0,0.9999999999995177,0.49999999999975886
RipVIS-NR-024_01536.jpg,0.49999999999975886,0.0,0.0,0.0,0.0,0.0,0.0,0.9999999999995177,0.49999999999975886
RipVIS-NR-024_01542.jpg,0.49999999999975886,0.0,0.0,0.0,0.0,0.0,0.0,0.9999999999995177,0.49999999999975886
RipVIS-NR-024_01548.jpg,0.49999999999975886,0.0,0.0,0.0,0.0,0.0,0.0,0.9999999999995177,0.49999999999975886
RipVIS-NR-024_01554.jpg,0.49999999999975886,0.0,0.0,0.0,0.0,0.0,0.0,0.9999999999995177,0.49999999999975886
RipVIS-NR-024_01560.jpg,0.49999999999975886,0.0,0.0,0.0,0.0,0.0,0.0,0.9999999999995177,0.49999999999975886
RipVIS-NR-024_01566.jpg,0.49999999999975886,0.0,0.0,0.0,0.0,0.0,0.0,0.9999999999995177,0.49999999999975886
RipVIS-NR-024_01572.jpg,0.49999999999975886,0.0,0.0,0.0,0.0,0.0,0.0,0.9999999999995177,0.49999999999975886
RipVIS-NR-024_01578.jpg,0.49999999999975886,0.0,0.0,0.0,0.0,0.0,0.0,0.9999999999995177,0.49999999999975886
RipVIS-NR-024_01584.jpg,0.49999999999975886,0.0,0.0,0.0,0.0,0.0,0.0,0.9999999999995177,0.49999999999975886
RipVIS-NR-024_01590.jpg,0.49999999999975886,0.0,0.0,0.0,0.0,0.0,0.0,0.9999999999995177,0.49999999999975886
RipVIS-NR-024_01596.jpg,0.49999999999975886,0.0,0.0,0.0,0.0,0.0,0.0,0.9999999999995177,0.49999999999975886
RipVIS-NR-024_01602.jpg,0.49999999999975886,0.0,0.0,0.0,0.0,0.0,0.0,0.9999999999995177,0.49999999999975886
RipVIS-NR-024_01608.jpg,0.49999999999975886,0.0,0.0,0.0,0.0,0.0,0.0,0.9999999999995177,0.49999999999975886
RipVIS-NR-024_01614.jpg,0.49999999999975886,0.0,0.0,0.0,0.0,0.0,0.0,0.9999999999995177,0.49999999999975886
RipVIS-NR-024_01620.jpg,0.49999999999975886,0.0,0.0,0.0,0.0,0.0,0.0,0.9999999999995177,0.49999999999975886
RipVIS-NR-024_01626.jpg,0.49999999999975886,0.0,0.0,0.0,0.0,0.0,0.0,0.9999999999995177,0.49999999999975886
RipVIS-NR-024_01632.jpg,0.49999999999975886,0.0,0.0,0.0,0.0,0.0,0.0,0.9999999999995177,0.49999999999975886
RipVIS-NR-024_01638.jpg,0.49999999999975886,0.0,0.0,0.0,0.0,0.0,0.0,0.9999999999995177,0.49999999999975886
RipVIS-NR-024_01644.jpg,0.49999999999975886,0.0,0.0,0.0,0.0,0.0,0.0,0.9999999999995177,0.49999999999975886
RipVIS-NR-024_01650.jpg,0.49999999999975886,0.0,0.0,0.0,0.0,0.0,0.0,0.9999999999995177,0.49999999999975886
RipVIS-NR-024_01656.jpg,0.49999999999975886,0.0,0.0,0.0,0.0,0.0,0.0,0.9999999999995177,0.49999999999975886
RipVIS-NR-024_01662.jpg,0.49999999999975886,0.0,0.0,0.0,0.0,0.0,0.0,0.9999999999995177,0.49999999999975886
RipVIS-NR-024_01668.jpg,0.49999999999975886,0.0,0.0,0.0,0.0,0.0,0.0,0.9999999999995177,0.49999999999975886
RipVIS-NR-024_01674.jpg,0.49999999999975886,0.0,0.0,0.0,0.0,0.0,0.0,0.9999999999995177,0.49999999999975886
RipVIS-NR-024_01680.jpg,0.49999999999975886,0.0,0.0,0.0,0.0,0.0,0.0,0.9999999999995177,0.49999999999975886
RipVIS-NR-024_01686.jpg,0.49999999999975886,0.0,0.0,0.0,0.0,0.0,0.0,0.9999999999995177,0.49999999999975886
RipVIS-NR-024_01692.jpg,0.49999999999975886,0.0,0.0,0.0,0.0,0.0,0.0,0.9999999999995177,0.49999999999975886
RipVIS-NR-024_01698.jpg,0.49999999999975886,0.0,0.0,0.0,0.0,0.0,0.0,0.9999999999995177,0.49999999999975886
RipVIS-NR-024_01704.jpg,0.49999999999975886,0.0,0.0,0.0,0.0,0.0,0.0,0.9999999999995177,0.49999999999975886
RipVIS-NR-024_01710.jpg,0.49999999999975886,0.0,0.0,0.0,0.0,0.0,0.0,0.9999999999995177,0.49999999999975886
RipVIS-NR-024_01716.jpg,0.49999999999975886,0.0,0.0,0.0,0.0,0.0,0.0,0.9999999999995177,0.49999999999975886
RipVIS-NR-024_01722.jpg,0.49999999999975886,0.0,0.0,0.0,0.0,0.0,0.0,0.9999999999995177,0.49999999999975886
RipVIS-NR-024_01728.jpg,0.49999999999975886,0.0,0.0,0.0,0.0,0.0,0.0,0.9999999999995177,0.49999999999975886
RipVIS-NR-024_01734.jpg,0.49999999999975886,0.0,0.0,0.0,0.0,0.0,0.0,0.9999999999995177,0.49999999999975886
RipVIS-NR-024_01740.jpg,0.49999999999975886,0.0,0.0,0.0,0.0,0.0,0.0,0.9999999999995177,0.49999999999975886
RipVIS-NR-024_01746.jpg,0.49999999999975886,0.0,0.0,0.0,0.0,0.0,0.0,0.9999999999995177,0.49999999999975886
RipVIS-NR-024_01752.jpg,0.49999999999975886,0.0,0.0,0.0,0.0,0.0,0.0,0.9999999999995177,0.49999999999975886
RipVIS-NR-024_01758.jpg,0.49999999999975886,0.0,0.0,0.0,0.0,0.0,0.0,0.9999999999995177,0.49999999999975886
RipVIS-NR-024_01764.jpg,0.49999999999975886,0.0,0.0,0.0,0.0,0.0,0.0,0.9999999999995177,0.49999999999975886
RipVIS-NR-024_01770.jpg,0.49999999999975886,0.0,0.0,0.0,0.0,0.0,0.0,0.9999999999995177,0.49999999999975886
RipVIS-NR-024_01776.jpg,0.49999999999975886,0.0,0.0,0.0,0.0,0.0,0.0,0.9999999999995177,0.49999999999975886
RipVIS-NR-024_01782.jpg,0.49999999999975886,0.0,0.0,0.0,0.0,0.0,0.0,0.9999999999995177,0.49999999999975886
RipVIS-NR-024_01788.jpg,0.49999999999975886,0.0,0.0,0.0,0.0,0.0,0.0,0.9999999999995177,0.49999999999975886
RipVIS-NR-024_01794.jpg,0.49999999999975886,0.0,0.0,0.0,0.0,0.0,0.0,0.9999999999995177,0.49999999999975886
RipVIS-NR-024_01800.jpg,0.49999999999975886,0.0,0.0,0.0,0.0,0.0,0.0,0.9999999999995177,0.49999999999975886
RipVIS-NR-024_01806.jpg,0.49999999999975886,0.0,0.0,0.0,0.0,0.0,0.0,0.9999999999995177,0.49999999999975886
RipVIS-NR-024_01812.jpg,0.49999999999975886,0.0,0.0,0.0,0.0,0.0,0.0,0.9999999999995177,0.49999999999975886
RipVIS-NR-026_00000.jpg,0.49999999999975886,0.0,0.0,0.0,0.0,0.0,0.0,0.9999999999995177,0.49999999999975886
RipVIS-NR-026_00006.jpg,0.49999999999975886,0.0,0.0,0.0,0.0,0.0,0.0,0.9999999999995177,0.49999999999975886
RipVIS-NR-026_00012.jpg,0.49999999999975886,0.0,0.0,0.0,0.0,0.0,0.0,0.9999999999995177,0.49999999999975886
RipVIS-NR-026_00018.jpg,0.49999999999975886,0.0,0.0,0.0,0.0,0.0,0.0,0.9999999999995177,0.49999999999975886
RipVIS-NR-026_00024.jpg,0.49999999999975886,0.0,0.0,0.0,0.0,0.0,0.0,0.9999999999995177,0.49999999999975886
RipVIS-NR-026_00030.jpg,0.49999999999975886,0.0,0.0,0.0,0.0,0.0,0.0,0.9999999999995177,0.49999999999975886
RipVIS-NR-026_00036.jpg,0.49999999999975886,0.0,0.0,0.0,0.0,0.0,0.0,0.9999999999995177,0.49999999999975886
RipVIS-NR-026_00042.jpg,0.49999999999975886,0.0,0.0,0.0,0.0,0.0,0.0,0.9999999999995177,0.49999999999975886
RipVIS-NR-026_00048.jpg,0.49999999999975886,0.0,0.0,0.0,0.0,0.0,0.0,0.9999999999995177,0.49999999999975886
RipVIS-NR-026_00054.jpg,0.49999999999975886,0.0,0.0,0.0,0.0,0.0,0.0,0.9999999999995177,0.49999999999975886
RipVIS-NR-026_00060.jpg,0.49999999999975886,0.0,0.0,0.0,0.0,0.0,0.0,0.9999999999995177,0.49999999999975886
RipVIS-NR-026_00066.jpg,0.49999999999975886,0.0,0.0,0.0,0.0,0.0,0.0,0.9999999999995177,0.49999999999975886
RipVIS-NR-026_00072.jpg,0.49999999999975886,0.0,0.0,0.0,0.0,0.0,0.0,0.9999999999995177,0.49999999999975886
RipVIS-NR-026_00078.jpg,0.49999999999975886,0.0,0.0,0.0,0.0,0.0,0.0,0.9999999999995177,0.49999999999975886
RipVIS-NR-026_00084.jpg,0.49999999999975886,0.0,0.0,0.0,0.0,0.0,0.0,0.9999999999995177,0.49999999999975886
RipVIS-NR-026_00090.jpg,0.49999999999975886,0.0,0.0,0.0,0.0,0.0,0.0,0.9999999999995177,0.49999999999975886
RipVIS-NR-026_00096.jpg,0.49999999999975886,0.0,0.0,0.0,0.0,0.0,0.0,0.9999999999995177,0.49999999999975886
RipVIS-NR-026_00102.jpg,0.49999999999975886,0.0,0.0,0.0,0.0,0.0,0.0,0.9999999999995177,0.49999999999975886
RipVIS-NR-026_00108.jpg,0.49999999999975886,0.0,0.0,0.0,0.0,0.0,0.0,0.9999999999995177,0.49999999999975886
RipVIS-NR-026_00114.jpg,0.49999999999975886,0.0,0.0,0.0,0.0,0.0,0.0,0.9999999999995177,0.49999999999975886
RipVIS-NR-026_00120.jpg,0.49999999999975886,0.0,0.0,0.0,0.0,0.0,0.0,0.9999999999995177,0.49999999999975886
RipVIS-NR-026_00126.jpg,0.49999999999975886,0.0,0.0,0.0,0.0,0.0,0.0,0.9999999999995177,0.49999999999975886
RipVIS-NR-026_00132.jpg,0.49999999999975886,0.0,0.0,0.0,0.0,0.0,0.0,0.9999999999995177,0.49999999999975886
RipVIS-NR-026_00138.jpg,0.49999999999975886,0.0,0.0,0.0,0.0,0.0,0.0,0.9999999999995177,0.49999999999975886
RipVIS-NR-026_00144.jpg,0.49999999999975886,0.0,0.0,0.0,0.0,0.0,0.0,0.9999999999995177,0.49999999999975886
RipVIS-NR-026_00150.jpg,0.49999999999975886,0.0,0.0,0.0,0.0,0.0,0.0,0.9999999999995177,0.49999999999975886
RipVIS-NR-026_00156.jpg,0.49999999999975886,0.0,0.0,0.0,0.0,0.0,0.0,0.9999999999995177,0.49999999999975886
RipVIS-NR-026_00162.jpg,0.49999999999975886,0.0,0.0,0.0,0.0,0.0,0.0,0.9999999999995177,0.49999999999975886
RipVIS-NR-026_00168.jpg,0.49999999999975886,0.0,0.0,0.0,0.0,0.0,0.0,0.9999999999995177,0.49999999999975886
RipVIS-NR-026_00174.jpg,0.49999999999975886,0.0,0.0,0.0,0.0,0.0,0.0,0.9999999999995177,0.49999999999975886
RipVIS-NR-026_00180.jpg,0.49999999999975886,0.0,0.0,0.0,0.0,0.0,0.0,0.9999999999995177,0.49999999999975886
RipVIS-NR-026_00186.jpg,0.49999999999975886,0.0,0.0,0.0,0.0,0.0,0.0,0.9999999999995177,0.49999999999975886
RipVIS-NR-026_00192.jpg,0.49999999999975886,0.0,0.0,0.0,0.0,0.0,0.0,0.9999999999995177,0.49999999999975886
RipVIS-NR-026_00198.jpg,0.49999999999975886,0.0,0.0,0.0,0.0,0.0,0.0,0.9999999999995177,0.49999999999975886
RipVIS-NR-026_00204.jpg,0.49999999999975886,0.0,0.0,0.0,0.0,0.0,0.0,0.9999999999995177,0.49999999999975886
RipVIS-NR-026_00210.jpg,0.49999999999975886,0.0,0.0,0.0,0.0,0.0,0.0,0.9999999999995177,0.49999999999975886
RipVIS-NR-026_00216.jpg,0.49999999999975886,0.0,0.0,0.0,0.0,0.0,0.0,0.9999999999995177,0.49999999999975886
RipVIS-NR-026_00222.jpg,0.49999999999975886,0.0,0.0,0.0,0.0,0.0,0.0,0.9999999999995177,0.49999999999975886
RipVIS-NR-026_00228.jpg,0.49999999999975886,0.0,0.0,0.0,0.0,0.0,0.0,0.9999999999995177,0.49999999999975886
RipVIS-NR-026_00234.jpg,0.49999999999975886,0.0,0.0,0.0,0.0,0.0,0.0,0.9999999999995177,0.49999999999975886
RipVIS-NR-026_00240.jpg,0.49999999999975886,0.0,0.0,0.0,0.0,0.0,0.0,0.9999999999995177,0.49999999999975886
RipVIS-NR-026_00246.jpg,0.49999999999975886,0.0,0.0,0.0,0.0,0.0,0.0,0.9999999999995177,0.49999999999975886
RipVIS-NR-026_00252.jpg,0.49999999999975886,0.0,0.0,0.0,0.0,0.0,0.0,0.9999999999995177,0.49999999999975886
RipVIS-NR-026_00258.jpg,0.49999999999975886,0.0,0.0,0.0,0.0,0.0,0.0,0.9999999999995177,0.49999999999975886
RipVIS-NR-026_00264.jpg,0.49999999999975886,0.0,0.0,0.0,0.0,0.0,0.0,0.9999999999995177,0.49999999999975886
RipVIS-NR-026_00270.jpg,0.49999999999975886,0.0,0.0,0.0,0.0,0.0,0.0,0.9999999999995177,0.49999999999975886
RipVIS-NR-026_00276.jpg,0.49999999999975886,0.0,0.0,0.0,0.0,0.0,0.0,0.9999999999995177,0.49999999999975886
RipVIS-NR-026_00282.jpg,0.49999999999975886,0.0,0.0,0.0,0.0,0.0,0.0,0.9999999999995177,0.49999999999975886
RipVIS-NR-026_00288.jpg,0.49999999999975886,0.0,0.0,0.0,0.0,0.0,0.0,0.9999999999995177,0.49999999999975886
RipVIS-NR-026_00294.jpg,0.49999999999975886,0.0,0.0,0.0,0.0,0.0,0.0,0.9999999999995177,0.49999999999975886
RipVIS-NR-026_00300.jpg,0.49999999999975886,0.0,0.0,0.0,0.0,0.0,0.0,0.9999999999995177,0.49999999999975886
RipVIS-NR-026_00306.jpg,0.49999999999975886,0.0,0.0,0.0,0.0,0.0,0.0,0.9999999999995177,0.49999999999975886
RipVIS-NR-026_00312.jpg,0.49999999999975886,0.0,0.0,0.0,0.0,0.0,0.0,0.9999999999995177,0.49999999999975886
RipVIS-NR-026_00318.jpg,0.49999999999975886,0.0,0.0,0.0,0.0,0.0,0.0,0.9999999999995177,0.49999999999975886
RipVIS-NR-026_00324.jpg,0.49999999999975886,0.0,0.0,0.0,0.0,0.0,0.0,0.9999999999995177,0.49999999999975886
RipVIS-NR-026_00330.jpg,0.49999999999975886,0.0,0.0,0.0,0.0,0.0,0.0,0.9999999999995177,0.49999999999975886
RipVIS-NR-026_00336.jpg,0.49999999999975886,0.0,0.0,0.0,0.0,0.0,0.0,0.9999999999995177,0.49999999999975886
RipVIS-NR-026_00342.jpg,0.49999999999975886,0.0,0.0,0.0,0.0,0.0,0.0,0.9999999999995177,0.49999999999975886
RipVIS-NR-026_00348.jpg,0.49999999999975886,0.0,0.0,0.0,0.0,0.0,0.0,0.9999999999995177,0.49999999999975886
RipVIS-NR-026_00354.jpg,0.49999999999975886,0.0,0.0,0.0,0.0,0.0,0.0,0.9999999999995177,0.49999999999975886
RipVIS-NR-026_00360.jpg,0.49999999999975886,0.0,0.0,0.0,0.0,0.0,0.0,0.9999999999995177,0.49999999999975886
RipVIS-NR-026_00366.jpg,0.49999999999975886,0.0,0.0,0.0,0.0,0.0,0.0,0.9999999999995177,0.49999999999975886
RipVIS-NR-026_00372.jpg,0.49999999999975886,0.0,0.0,0.0,0.0,0.0,0.0,0.9999999999995177,0.49999999999975886
RipVIS-NR-026_00378.jpg,0.49999999999975886,0.0,0.0,0.0,0.0,0.0,0.0,0.9999999999995177,0.49999999999975886
RipVIS-NR-026_00384.jpg,0.49999999999975886,0.0,0.0,0.0,0.0,0.0,0.0,0.9999999999995177,0.49999999999975886
RipVIS-NR-026_00390.jpg,0.49999999999975886,0.0,0.0,0.0,0.0,0.0,0.0,0.9999999999995177,0.49999999999975886
RipVIS-NR-026_00396.jpg,0.49999999999975886,0.0,0.0,0.0,0.0,0.0,0.0,0.9999999999995177,0.49999999999975886
RipVIS-NR-026_00402.jpg,0.49999999999975886,0.0,0.0,0.0,0.0,0.0,0.0,0.9999999999995177,0.49999999999975886
RipVIS-NR-026_00408.jpg,0.49999999999975886,0.0,0.0,0.0,0.0,0.0,0.0,0.9999999999995177,0.49999999999975886
RipVIS-NR-026_00414.jpg,0.49999999999975886,0.0,0.0,0.0,0.0,0.0,0.0,0.9999999999995177,0.49999999999975886
RipVIS-NR-026_00420.jpg,0.49999999999975886,0.0,0.0,0.0,0.0,0.0,0.0,0.9999999999995177,0.49999999999975886
RipVIS-NR-026_00426.jpg,0.49999999999975886,0.0,0.0,0.0,0.0,0.0,0.0,0.9999999999995177,0.49999999999975886
RipVIS-NR-026_00432.jpg,0.49999999999975886,0.0,0.0,0.0,0.0,0.0,0.0,0.9999999999995177,0.49999999999975886
RipVIS-NR-026_00438.jpg,0.49999999999975886,0.0,0.0,0.0,0.0,0.0,0.0,0.9999999999995177,0.49999999999975886
RipVIS-NR-026_00444.jpg,0.49999999999975886,0.0,0.0,0.0,0.0,0.0,0.0,0.9999999999995177,0.49999999999975886
RipVIS-NR-026_00450.jpg,0.49999999999975886,0.0,0.0,0.0,0.0,0.0,0.0,0.9999999999995177,0.49999999999975886
RipVIS-NR-026_00456.jpg,0.49999999999975886,0.0,0.0,0.0,0.0,0.0,0.0,0.9999999999995177,0.49999999999975886
RipVIS-NR-026_00462.jpg,0.49999999999975886,0.0,0.0,0.0,0.0,0.0,0.0,0.9999999999995177,0.49999999999975886
RipVIS-NR-026_00468.jpg,0.49999999999975886,0.0,0.0,0.0,0.0,0.0,0.0,0.9999999999995177,0.49999999999975886
RipVIS-NR-026_00474.jpg,0.49999999999975886,0.0,0.0,0.0,0.0,0.0,0.0,0.9999999999995177,0.49999999999975886
RipVIS-NR-026_00480.jpg,0.49999999999975886,0.0,0.0,0.0,0.0,0.0,0.0,0.9999999999995177,0.49999999999975886
RipVIS-NR-026_00486.jpg,0.49999999999975886,0.0,0.0,0.0,0.0,0.0,0.0,0.9999999999995177,0.49999999999975886
RipVIS-NR-026_00492.jpg,0.49999999999975886,0.0,0.0,0.0,0.0,0.0,0.0,0.9999999999995177,0.49999999999975886
RipVIS-NR-026_00498.jpg,0.49999999999975886,0.0,0.0,0.0,0.0,0.0,0.0,0.9999999999995177,0.49999999999975886
RipVIS-NR-026_00504.jpg,0.49999999999975886,0.0,0.0,0.0,0.0,0.0,0.0,0.9999999999995177,0.49999999999975886
RipVIS-NR-026_00510.jpg,0.49999999999975886,0.0,0.0,0.0,0.0,0.0,0.0,0.9999999999995177,0.49999999999975886
RipVIS-NR-026_00516.jpg,0.49999999999975886,0.0,0.0,0.0,0.0,0.0,0.0,0.9999999999995177,0.49999999999975886
RipVIS-NR-026_00522.jpg,0.49999999999975886,0.0,0.0,0.0,0.0,0.0,0.0,0.9999999999995177,0.49999999999975886
RipVIS-NR-026_00528.jpg,0.49999999999975886,0.0,0.0,0.0,0.0,0.0,0.0,0.9999999999995177,0.49999999999975886
RipVIS-NR-026_00534.jpg,0.49999999999975886,0.0,0.0,0.0,0.0,0.0,0.0,0.9999999999995177,0.49999999999975886
RipVIS-NR-026_00540.jpg,0.49999999999975886,0.0,0.0,0.0,0.0,0.0,0.0,0.9999999999995177,0.49999999999975886
RipVIS-NR-026_00546.jpg,0.49999999999975886,0.0,0.0,0.0,0.0,0.0,0.0,0.9999999999995177,0.49999999999975886
RipVIS-NR-026_00552.jpg,0.49999999999975886,0.0,0.0,0.0,0.0,0.0,0.0,0.9999999999995177,0.49999999999975886
RipVIS-NR-026_00558.jpg,0.49999999999975886,0.0,0.0,0.0,0.0,0.0,0.0,0.9999999999995177,0.49999999999975886
RipVIS-NR-026_00564.jpg,0.49999999999975886,0.0,0.0,0.0,0.0,0.0,0.0,0.9999999999995177,0.49999999999975886
RipVIS-NR-026_00570.jpg,0.49999999999975886,0.0,0.0,0.0,0.0,0.0,0.0,0.9999999999995177,0.49999999999975886
RipVIS-NR-026_00576.jpg,0.49999999999975886,0.0,0.0,0.0,0.0,0.0,0.0,0.9999999999995177,0.49999999999975886
RipVIS-NR-026_00582.jpg,0.49999999999975886,0.0,0.0,0.0,0.0,0.0,0.0,0.9999999999995177,0.49999999999975886
RipVIS-NR-026_00588.jpg,0.49999999999975886,0.0,0.0,0.0,0.0,0.0,0.0,0.9999999999995177,0.49999999999975886
RipVIS-NR-026_00594.jpg,0.49999999999975886,0.0,0.0,0.0,0.0,0.0,0.0,0.9999999999995177,0.49999999999975886
RipVIS-NR-026_00600.jpg,0.49999999999975886,0.0,0.0,0.0,0.0,0.0,0.0,0.9999999999995177,0.49999999999975886
RipVIS-NR-026_00606.jpg,0.49999999999975886,0.0,0.0,0.0,0.0,0.0,0.0,0.9999999999995177,0.49999999999975886
RipVIS-NR-026_00612.jpg,0.49999999999975886,0.0,0.0,0.0,0.0,0.0,0.0,0.9999999999995177,0.49999999999975886
RipVIS-NR-026_00618.jpg,0.49999999999975886,0.0,0.0,0.0,0.0,0.0,0.0,0.9999999999995177,0.49999999999975886
RipVIS-NR-026_00624.jpg,0.49999999999975886,0.0,0.0,0.0,0.0,0.0,0.0,0.9999999999995177,0.49999999999975886
RipVIS-NR-026_00630.jpg,0.49999999999975886,0.0,0.0,0.0,0.0,0.0,0.0,0.9999999999995177,0.49999999999975886
RipVIS-NR-026_00636.jpg,0.49999999999975886,0.0,0.0,0.0,0.0,0.0,0.0,0.9999999999995177,0.49999999999975886
RipVIS-NR-026_00642.jpg,0.49999999999975886,0.0,0.0,0.0,0.0,0.0,0.0,0.9999999999995177,0.49999999999975886
RipVIS-NR-026_00648.jpg,0.49999999999975886,0.0,0.0,0.0,0.0,0.0,0.0,0.9999999999995177,0.49999999999975886
RipVIS-NR-026_00654.jpg,0.49999999999975886,0.0,0.0,0.0,0.0,0.0,0.0,0.9999999999995177,0.49999999999975886
RipVIS-NR-026_00660.jpg,0.49999999999975886,0.0,0.0,0.0,0.0,0.0,0.0,0.9999999999995177,0.49999999999975886
RipVIS-NR-026_00666.jpg,0.49999999999975886,0.0,0.0,0.0,0.0,0.0,0.0,0.9999999999995177,0.49999999999975886
RipVIS-NR-026_00672.jpg,0.49999999999975886,0.0,0.0,0.0,0.0,0.0,0.0,0.9999999999995177,0.49999999999975886
RipVIS-NR-026_00678.jpg,0.49999999999975886,0.0,0.0,0.0,0.0,0.0,0.0,0.9999999999995177,0.49999999999975886
RipVIS-NR-026_00684.jpg,0.49999999999975886,0.0,0.0,0.0,0.0,0.0,0.0,0.9999999999995177,0.49999999999975886
RipVIS-NR-026_00690.jpg,0.49999999999975886,0.0,0.0,0.0,0.0,0.0,0.0,0.9999999999995177,0.49999999999975886
RipVIS-NR-026_00696.jpg,0.49999999999975886,0.0,0.0,0.0,0.0,0.0,0.0,0.9999999999995177,0.49999999999975886
RipVIS-NR-026_00702.jpg,0.49999999999975886,0.0,0.0,0.0,0.0,0.0,0.0,0.9999999999995177,0.49999999999975886
RipVIS-NR-026_00708.jpg,0.49999999999975886,0.0,0.0,0.0,0.0,0.0,0.0,0.9999999999995177,0.49999999999975886
RipVIS-NR-026_00714.jpg,0.49999999999975886,0.0,0.0,0.0,0.0,0.0,0.0,0.9999999999995177,0.49999999999975886
RipVIS-NR-026_00720.jpg,0.49999999999975886,0.0,0.0,0.0,0.0,0.0,0.0,0.9999999999995177,0.49999999999975886
RipVIS-NR-026_00726.jpg,0.49999999999975886,0.0,0.0,0.0,0.0,0.0,0.0,0.9999999999995177,0.49999999999975886
RipVIS-NR-026_00732.jpg,0.49999999999975886,0.0,0.0,0.0,0.0,0.0,0.0,0.9999999999995177,0.49999999999975886
RipVIS-NR-026_00738.jpg,0.49999999999975886,0.0,0.0,0.0,0.0,0.0,0.0,0.9999999999995177,0.49999999999975886
RipVIS-NR-026_00744.jpg,0.49999999999975886,0.0,0.0,0.0,0.0,0.0,0.0,0.9999999999995177,0.49999999999975886
RipVIS-NR-026_00750.jpg,0.49999999999975886,0.0,0.0,0.0,0.0,0.0,0.0,0.9999999999995177,0.49999999999975886
RipVIS-NR-026_00756.jpg,0.49999999999975886,0.0,0.0,0.0,0.0,0.0,0.0,0.9999999999995177,0.49999999999975886
RipVIS-NR-026_00762.jpg,0.49999999999975886,0.0,0.0,0.0,0.0,0.0,0.0,0.9999999999995177,0.49999999999975886
RipVIS-NR-026_00768.jpg,0.49999999999975886,0.0,0.0,0.0,0.0,0.0,0.0,0.9999999999995177,0.49999999999975886
RipVIS-NR-026_00774.jpg,0.49999999999975886,0.0,0.0,0.0,0.0,0.0,0.0,0.9999999999995177,0.49999999999975886
RipVIS-NR-026_00780.jpg,0.49999999999975886,0.0,0.0,0.0,0.0,0.0,0.0,0.9999999999995177,0.49999999999975886
RipVIS-NR-026_00786.jpg,0.49999999999975886,0.0,0.0,0.0,0.0,0.0,0.0,0.9999999999995177,0.49999999999975886
RipVIS-NR-026_00792.jpg,0.49999999999975886,0.0,0.0,0.0,0.0,0.0,0.0,0.9999999999995177,0.49999999999975886
RipVIS-NR-026_00798.jpg,0.49999999999975886,0.0,0.0,0.0,0.0,0.0,0.0,0.9999999999995177,0.49999999999975886
RipVIS-NR-026_00804.jpg,0.49999999999975886,0.0,0.0,0.0,0.0,0.0,0.0,0.9999999999995177,0.49999999999975886
RipVIS-NR-026_00810.jpg,0.49999999999975886,0.0,0.0,0.0,0.0,0.0,0.0,0.9999999999995177,0.49999999999975886
RipVIS-NR-026_00816.jpg,0.49999999999975886,0.0,0.0,0.0,0.0,0.0,0.0,0.9999999999995177,0.49999999999975886
RipVIS-NR-026_00822.jpg,0.49999999999975886,0.0,0.0,0.0,0.0,0.0,0.0,0.9999999999995177,0.49999999999975886
RipVIS-NR-026_00828.jpg,0.49999999999975886,0.0,0.0,0.0,0.0,0.0,0.0,0.9999999999995177,0.49999999999975886
RipVIS-NR-026_00834.jpg,0.49999999999975886,0.0,0.0,0.0,0.0,0.0,0.0,0.9999999999995177,0.49999999999975886
RipVIS-NR-026_00840.jpg,0.49999999999975886,0.0,0.0,0.0,0.0,0.0,0.0,0.9999999999995177,0.49999999999975886
RipVIS-NR-026_00846.jpg,0.49999999999975886,0.0,0.0,0.0,0.0,0.0,0.0,0.9999999999995177,0.49999999999975886
RipVIS-NR-026_00852.jpg,0.49999999999975886,0.0,0.0,0.0,0.0,0.0,0.0,0.9999999999995177,0.49999999999975886
RipVIS-NR-026_00858.jpg,0.49999999999975886,0.0,0.0,0.0,0.0,0.0,0.0,0.9999999999995177,0.49999999999975886
RipVIS-NR-026_00864.jpg,0.49999999999975886,0.0,0.0,0.0,0.0,0.0,0.0,0.9999999999995177,0.49999999999975886
RipVIS-NR-026_00870.jpg,0.49999999999975886,0.0,0.0,0.0,0.0,0.0,0.0,0.9999999999995177,0.49999999999975886
RipVIS-NR-026_00876.jpg,0.49999999999975886,0.0,0.0,0.0,0.0,0.0,0.0,0.9999999999995177,0.49999999999975886
RipVIS-NR-026_00882.jpg,0.49999999999975886,0.0,0.0,0.0,0.0,0.0,0.0,0.9999999999995177,0.49999999999975886
RipVIS-NR-026_00888.jpg,0.49999999999975886,0.0,0.0,0.0,0.0,0.0,0.0,0.9999999999995177,0.49999999999975886
RipVIS-NR-026_00894.jpg,0.49999999999975886,0.0,0.0,0.0,0.0,0.0,0.0,0.9999999999995177,0.49999999999975886
RipVIS-NR-026_00900.jpg,0.49999999999975886,0.0,0.0,0.0,0.0,0.0,0.0,0.9999999999995177,0.49999999999975886
RipVIS-NR-026_00906.jpg,0.49999999999975886,0.0,0.0,0.0,0.0,0.0,0.0,0.9999999999995177,0.49999999999975886
RipVIS-NR-026_00912.jpg,0.49999999999975886,0.0,0.0,0.0,0.0,0.0,0.0,0.9999999999995177,0.49999999999975886
RipVIS-NR-026_00918.jpg,0.49999999999975886,0.0,0.0,0.0,0.0,0.0,0.0,0.9999999999995177,0.49999999999975886
RipVIS-NR-026_00924.jpg,0.49999999999975886,0.0,0.0,0.0,0.0,0.0,0.0,0.9999999999995177,0.49999999999975886
RipVIS-NR-026_00930.jpg,0.49999999999975886,0.0,0.0,0.0,0.0,0.0,0.0,0.9999999999995177,0.49999999999975886
RipVIS-NR-026_00936.jpg,0.49999999999975886,0.0,0.0,0.0,0.0,0.0,0.0,0.9999999999995177,0.49999999999975886
RipVIS-NR-026_00942.jpg,0.49999999999975886,0.0,0.0,0.0,0.0,0.0,0.0,0.9999999999995177,0.49999999999975886
RipVIS-NR-026_00948.jpg,0.49999999999975886,0.0,0.0,0.0,0.0,0.0,0.0,0.9999999999995177,0.49999999999975886
RipVIS-NR-026_00954.jpg,0.49999999999975886,0.0,0.0,0.0,0.0,0.0,0.0,0.9999999999995177,0.49999999999975886
RipVIS-NR-026_00960.jpg,0.49999999999975886,0.0,0.0,0.0,0.0,0.0,0.0,0.9999999999995177,0.49999999999975886
RipVIS-NR-026_00966.jpg,0.49999999999975886,0.0,0.0,0.0,0.0,0.0,0.0,0.9999999999995177,0.49999999999975886
RipVIS-NR-026_00972.jpg,0.49999999999975886,0.0,0.0,0.0,0.0,0.0,0.0,0.9999999999995177,0.49999999999975886
RipVIS-NR-026_00978.jpg,0.49999999999975886,0.0,0.0,0.0,0.0,0.0,0.0,0.9999999999995177,0.49999999999975886
RipVIS-NR-026_00984.jpg,0.49999999999975886,0.0,0.0,0.0,0.0,0.0,0.0,0.9999999999995177,0.49999999999975886
RipVIS-NR-026_00990.jpg,0.49999999999975886,0.0,0.0,0.0,0.0,0.0,0.0,0.9999999999995177,0.49999999999975886
RipVIS-NR-026_00996.jpg,0.49999999999975886,0.0,0.0,0.0,0.0,0.0,0.0,0.9999999999995177,0.49999999999975886
RipVIS-NR-026_01002.jpg,0.49999999999975886,0.0,0.0,0.0,0.0,0.0,0.0,0.9999999999995177,0.49999999999975886
RipVIS-NR-026_01008.jpg,0.49999999999975886,0.0,0.0,0.0,0.0,0.0,0.0,0.9999999999995177,0.49999999999975886
RipVIS-NR-026_01014.jpg,0.49999999999975886,0.0,0.0,0.0,0.0,0.0,0.0,0.9999999999995177,0.49999999999975886
RipVIS-NR-026_01020.jpg,0.49999999999975886,0.0,0.0,0.0,0.0,0.0,0.0,0.9999999999995177,0.49999999999975886
RipVIS-NR-026_01026.jpg,0.49999999999975886,0.0,0.0,0.0,0.0,0.0,0.0,0.9999999999995177,0.49999999999975886
RipVIS-NR-026_01032.jpg,0.49999999999975886,0.0,0.0,0.0,0.0,0.0,0.0,0.9999999999995177,0.49999999999975886
RipVIS-NR-026_01038.jpg,0.49999999999975886,0.0,0.0,0.0,0.0,0.0,0.0,0.9999999999995177,0.49999999999975886
RipVIS-NR-026_01044.jpg,0.49999999999975886,0.0,0.0,0.0,0.0,0.0,0.0,0.9999999999995177,0.49999999999975886
RipVIS-NR-026_01050.jpg,0.49999999999975886,0.0,0.0,0.0,0.0,0.0,0.0,0.9999999999995177,0.49999999999975886
RipVIS-NR-026_01056.jpg,0.49999999999975886,0.0,0.0,0.0,0.0,0.0,0.0,0.9999999999995177,0.49999999999975886
RipVIS-NR-026_01062.jpg,0.49999999999975886,0.0,0.0,0.0,0.0,0.0,0.0,0.9999999999995177,0.49999999999975886
RipVIS-NR-026_01068.jpg,0.49999999999975886,0.0,0.0,0.0,0.0,0.0,0.0,0.9999999999995177,0.49999999999975886
RipVIS-NR-026_01074.jpg,0.49999999999975886,0.0,0.0,0.0,0.0,0.0,0.0,0.9999999999995177,0.49999999999975886
RipVIS-NR-026_01080.jpg,0.49999999999975886,0.0,0.0,0.0,0.0,0.0,0.0,0.9999999999995177,0.49999999999975886
RipVIS-NR-026_01086.jpg,0.49999999999975886,0.0,0.0,0.0,0.0,0.0,0.0,0.9999999999995177,0.49999999999975886
RipVIS-NR-026_01092.jpg,0.49999999999975886,0.0,0.0,0.0,0.0,0.0,0.0,0.9999999999995177,0.49999999999975886
RipVIS-NR-026_01098.jpg,0.49999999999975886,0.0,0.0,0.0,0.0,0.0,0.0,0.9999999999995177,0.49999999999975886
RipVIS-NR-026_01104.jpg,0.49999999999975886,0.0,0.0,0.0,0.0,0.0,0.0,0.9999999999995177,0.49999999999975886
RipVIS-NR-026_01110.jpg,0.49999999999975886,0.0,0.0,0.0,0.0,0.0,0.0,0.9999999999995177,0.49999999999975886
RipVIS-NR-026_01116.jpg,0.49999999999975886,0.0,0.0,0.0,0.0,0.0,0.0,0.9999999999995177,0.49999999999975886
RipVIS-NR-026_01122.jpg,0.49999999999975886,0.0,0.0,0.0,0.0,0.0,0.0,0.9999999999995177,0.49999999999975886
RipVIS-NR-026_01128.jpg,0.49999999999975886,0.0,0.0,0.0,0.0,0.0,0.0,0.9999999999995177,0.49999999999975886
RipVIS-NR-026_01134.jpg,0.49999999999975886,0.0,0.0,0.0,0.0,0.0,0.0,0.9999999999995177,0.49999999999975886
RipVIS-NR-026_01140.jpg,0.49999999999975886,0.0,0.0,0.0,0.0,0.0,0.0,0.9999999999995177,0.49999999999975886
RipVIS-NR-026_01146.jpg,0.49999999999975886,0.0,0.0,0.0,0.0,0.0,0.0,0.9999999999995177,0.49999999999975886
RipVIS-NR-026_01152.jpg,0.49999999999975886,0.0,0.0,0.0,0.0,0.0,0.0,0.9999999999995177,0.49999999999975886
RipVIS-NR-026_01158.jpg,0.49999999999975886,0.0,0.0,0.0,0.0,0.0,0.0,0.9999999999995177,0.49999999999975886
RipVIS-NR-026_01164.jpg,0.49999999999975886,0.0,0.0,0.0,0.0,0.0,0.0,0.9999999999995177,0.49999999999975886
RipVIS-NR-026_01170.jpg,0.49999999999975886,0.0,0.0,0.0,0.0,0.0,0.0,0.9999999999995177,0.49999999999975886
RipVIS-NR-026_01176.jpg,0.49999999999975886,0.0,0.0,0.0,0.0,0.0,0.0,0.9999999999995177,0.49999999999975886
RipVIS-NR-026_01182.jpg,0.49999999999975886,0.0,0.0,0.0,0.0,0.0,0.0,0.9999999999995177,0.49999999999975886
RipVIS-NR-026_01188.jpg,0.49999999999975886,0.0,0.0,0.0,0.0,0.0,0.0,0.9999999999995177,0.49999999999975886
RipVIS-NR-026_01194.jpg,0.49999999999975886,0.0,0.0,0.0,0.0,0.0,0.0,0.9999999999995177,0.49999999999975886
RipVIS-NR-026_01200.jpg,0.49999999999975886,0.0,0.0,0.0,0.0,0.0,0.0,0.9999999999995177,0.49999999999975886
RipVIS-NR-026_01206.jpg,0.49999999999975886,0.0,0.0,0.0,0.0,0.0,0.0,0.9999999999995177,0.49999999999975886
RipVIS-NR-026_01212.jpg,0.49999999999975886,0.0,0.0,0.0,0.0,0.0,0.0,0.9999999999995177,0.49999999999975886
