image,miou,iou,dice,recall,precision,f2,biou,aacc,macc
RipVIS-001_00003.jpg,0.8839135436596968,0.7954108002067777,0.8860488085681227,0.830164989482802,0.949999467842889,0.851650710718695,0.01668584579656965,0.975087890623942,0.9121970218499863
RipVIS-001_00004.jpg,0.8965023147033735,0.8165351975698482,0.8990028915070898,0.8663480226799181,0.9342158728700977,0.8791211002749078,0.01142525174062253,0.9787000868044936,0.9294262470829859
RipVIS-001_00005.jpg,0.8983622063488645,0.8196761438446651,0.900903324602398,0.8847900978538786,0.9176143250011318,0.8911657232929713,0.020954598366132206,0.9792165798600486,0.9376470967350639
RipVIS-001_00006.jpg,0.8878070848126025,0.8004166386590723,0.8891460137307023,0.8630802037093384,0.9168352759960762,0.873320959619236,0.018795550437515237,0.9774414062489394,0.9269564432666331
RipVIS-001_00007.jpg,0.8628436207307111,0.7552494853371704,0.8605608395231548,0.8093347199814133,0.918709754341537,0.8290754833933092,0.020718232040110845,0.9729090711794999,0.9005428789535229
RipVIS-001_00008.jpg,0.8537530996412563,0.7380776881293045,0.8493034496331386,0.7797761918394324,0.9324429477002738,0.8061748246966519,0.020044097009411885,0.9718532986100565,0.8866894835950367
RipVIS-001_00009.jpg,0.8584307378185411,0.7461373390481695,0.8546147228658355,0.7890999870229857,0.9319931073976389,0.8140623850265233,0.02187623176549542,0.9730436197906108,0.8913367468290774
RipVIS-001_00010.jpg,0.8688761741200022,0.7643102925254484,0.8664125531245507,0.8052228527265141,0.9376668035190713,0.828631428078992,0.03062817010717359,0.9755479600683858,0.8996878967030952
RipVIS-001_00011.jpg,0.8747056958170383,0.774866924112568,0.8731549544200343,0.8291544277691999,0.9220871163548485,0.8462115392068135,0.0196006594578493,0.9765950520822737,0.9108076675876293
RipVIS-001_00012.jpg,0.8876199508320524,0.7975995810403498,0.8874051701533484,0.8514432401500122,0.9265388721857506,0.8654724849586914,0.023690542286934933,0.9794509548600483,0.9221740452797589
RipVIS-001_00013.jpg,0.8844936166382298,0.7919001446317898,0.8838663772690459,0.861565720137297,0.9073521648816295,0.8703495670154565,0.02201145310987626,0.9789246961794933,0.9262680888037044
RipVIS-001_00014.jpg,0.9004918473506227,0.8206785137229868,0.9015084294534071,0.9010500425586386,0.9019672829608442,0.9012333413758356,0.04108828427890278,0.9819335937489345,0.9455777791183326
RipVIS-001_00015.jpg,0.8924882523347821,0.8067938771146279,0.8930668709183839,0.9077739766319716,0.8788287156428722,0.9018333872427,0.03806110257073543,0.9800043402767143,0.9475475884372844
RipVIS-001_00016.jpg,0.897177374630414,0.8147499785117412,0.8979198106175592,0.9097701080395054,0.8863742580632055,0.904992651549855,0.030704815067916117,0.981283637151713,0.9490840225390977
RipVIS-001_00017.jpg,0.899586399643874,0.8190556147457236,0.9005283929817782,0.9125643085743275,0.8888058306754719,0.9077115401131777,0.03402679830147623,0.9817588975683792,0.9506034067605872
RipVIS-001_00018.jpg,0.9114046201696928,0.8397687061067417,0.9129068271672396,0.9332812286658321,0.8934030045615653,0.9250233011093542,0.03335136109007547,0.9844249131933762,0.9613040657522565
RipVIS-001_00019.jpg,0.9076039358245827,0.8328198348495601,0.9087852706678273,0.9221903804766064,0.8957642947412694,0.9167811589662886,0.02633414718759432,0.9838085937489325,0.955952460155538
RipVIS-001_00020.jpg,0.9162159718042922,0.8481050296099346,0.917810423132648,0.9477679655328924,0.8896886809322814,0.9355532960087601,0.025251601093275095,0.9855881076378195,0.9684325288669586
RipVIS-001_00021.jpg,0.9031594269019532,0.8244997726145464,0.903809126194651,0.9425181295851309,0.8681542310488987,0.9266433439554739,0.022245037641641846,0.9832497829850442,0.9647392353707034
RipVIS-001_00022.jpg,0.8412106675471501,0.7154122953655121,0.83409953082221,0.9377773643945447,0.7510641467591298,0.8933598298820313,0.015352630734790878,0.9695355902767258,0.9550685535955953
RipVIS-001_00023.jpg,0.8856689514556448,0.7927057001572192,0.8843679139166002,0.9486672844087449,0.8282315150695589,0.9218572476568563,0.01848917062537609,0.9802463107628252,0.9658228383519439
RipVIS-001_00024.jpg,0.8713392619092297,0.7671278769722367,0.8682199935486491,0.943547057841004,0.8040310404063342,0.9119003432867918,0.015864892525440995,0.9773730468739394,0.9619107350330542
RipVIS-001_00025.jpg,0.8338119785094362,0.7017205668160109,0.8247189115530982,0.9523517951439974,0.7272534058709991,0.8968344245194501,0.017862788489114323,0.9684353298600603,0.9610736309957696
RipVIS-001_00026.jpg,0.8017197922885871,0.6459516042587667,0.7848974448427513,0.943613086757559,0.6718862363323386,0.873000623797479,0.019279796045366508,0.9605479600684022,0.9527797608103771
RipVIS-001_00027.jpg,0.8769664495021553,0.7760422213452609,0.8739006449491371,0.9578343167471253,0.803491791217796,0.9223976910872819,0.024626048882775253,0.9794639756933816,0.9695170889816156
RipVIS-001_00028.jpg,0.8989190997874051,0.8151006165712184,0.8981327085998888,0.9744475344491128,0.832903077384305,0.9424164777196798,0.046058790480048906,0.9839583333322657,0.979575045657335
RipVIS-001_00029.jpg,0.9542209096528875,0.9150357137372153,0.9556330539147095,0.980221366683025,0.9322481234983182,0.9702357513940579,0.07973578672334612,0.9938433159711438,0.9875264829824857
RipVIS-001_00030.jpg,0.9209694722287838,0.8537949781693427,0.9211320434285363,0.9932921652991346,0.8587463305005074,0.9631126375045189,0.06269149185418536,0.9889116753461492,0.9909491814707285
RipVIS-001_00031.jpg,0.8997539622022475,0.814528107849427,0.8977850542252588,0.9856039264990477,0.8243354581208631,0.9484923578425666,0.044232051557183356,0.9859092881933746,0.9857668356580314
RipVIS-001_00032.jpg,0.8828617292780252,0.7826164237352973,0.8780536444238538,0.9923371647323203,0.7873748211613709,0.9432305055698372,0.044688973715542556,0.9840755208322656,0.9879530578572124
RipVIS-001_00033.jpg,0.8801928614197494,0.7770685978063263,0.8745510429541844,0.9594778918470905,0.8034360227037115,0.9236018411128375,0.05034095466298817,0.9842339409711542,0.9726079604646405
RipVIS-001_00034.jpg,0.9138284676281786,0.8387516471645385,0.9123055290886534,0.9688818666839654,0.8619720241212635,0.9454296587097454,0.07626514609734732,0.9895106336794819,0.9798117561874257
RipVIS-001_00035.jpg,0.9016142960880215,0.816438924704418,0.8989445376890653,0.9879846233896501,0.824626745335129,0.9503326024750084,0.03265306121708547,0.9875227864572618,0.9877399621053133
RipVIS-001_00036.jpg,0.8666521536642989,0.7523274406259459,0.8586607995560559,0.987757264200048,0.759408703510681,0.9317247224905708,0.01495820501210774,0.9820160590267122,0.984718609081672
RipVIS-001_00037.jpg,0.8404907923703122,0.7050613518390788,0.8270216799865879,0.9677438024314123,0.72202950700652,0.9060744540577642,0.008830497521251238,0.9772309027767174,0.9727700518650322
RipVIS-001_00038.jpg,0.7231534465917397,0.5074845850929771,0.6732865995597255,0.9997987596092315,0.507536428387608,0.8373656614192774,0.008948545859629278,0.9424500868045329,0.9693164898890976
RipVIS-001_00039.jpg,0.7481792466880892,0.5490724826591885,0.7089048302202524,0.9999999999820102,0.5490724826591885,0.8589215849882257,0.0022703457907316893,0.9504654947906354,0.9736430053495001
RipVIS-001_00040.jpg,0.8080313299502015,0.6515475162403815,0.789014557357185,0.9415318939177156,0.679020970732389,0.8739571617119465,0.015700267615396918,0.9667230902767288,0.9550187891381614
RipVIS-001_00041.jpg,0.8393040980005461,0.708082401567103,0.8290963022831489,0.8998346430059876,0.7686692167208097,0.8701386176721967,0.013616862523108213,0.9724924045128337,0.9390730683237405
RipVIS-001_00042.jpg,0.8025671911033136,0.6439312395357292,0.7834041035896184,0.8890556487318053,0.7001958443825085,0.8435504452157111,0.009379885355327447,0.963746744790621,0.929374445532621
RipVIS-001_00043.jpg,0.7711415521861225,0.5885102921278459,0.7409587398260075,0.8589893888709684,0.6514458971098991,0.8075350343490634,0.011103518959497178,0.9566395399295176,0.9116136185881436
RipVIS-001_00044.jpg,0.7922513887678007,0.6246918918851385,0.7689973649838372,0.8764845965859742,0.6849935393543513,0.8300748423426659,0.009278002697490215,0.9623307291656225,0.9227147544760331
RipVIS-001_00045.jpg,0.7832839081039056,0.6077785102108573,0.7560475604704383,0.9002294510927368,0.6516745396853342,0.8364253249993197,0.01829596412227875,0.9612630208322903,0.9329264244491366
RipVIS-001_00046.jpg,0.7946998542663233,0.6267171082152834,0.7705299280990192,0.9022183110134789,0.6723877641851163,0.8444870631239976,0.026133743269382444,0.964882812498953,0.9357412665287989
RipVIS-001_00047.jpg,0.7493552925403277,0.5495223987275935,0.7092797099013728,0.8765440145866352,0.5956216988274079,0.8009875719608188,0.025017253273806547,0.9521538628461891,0.9170458060498434
RipVIS-001_00048.jpg,0.710526191756291,0.48676024381241273,0.654793193237723,0.8322378042081828,0.5397178767828399,0.7508478860485593,0.016414342626866238,0.9381467013878709,0.8892079162623622
RipVIS-001_00049.jpg,0.7116226028381567,0.49011596678181063,0.6578225825474636,0.8752692906314332,0.5269181615891805,0.7730544128308616,0.01687624089727395,0.9371679687489831,0.9085125052860072
RipVIS-001_00050.jpg,0.7861190619028454,0.613706393149888,0.7606171677264765,0.8852746911044328,0.6667329931098515,0.8308101138803323,0.023756079307191154,0.9610948350684015,0.9260302683109248
RipVIS-001_00051.jpg,0.7786151949771698,0.6027190485295183,0.7521206528149873,0.9123600674603226,0.6397586992920152,0.8407143422376469,0.014024649380785242,0.9574479166656278,0.9366206040305146
RipVIS-001_00052.jpg,0.7803131061398719,0.6074546642805552,0.755796947533114,0.9200130011978842,0.6413248334108351,0.8464480770328645,0.017887205383441244,0.9563357204850734,0.9396139317916856
RipVIS-001_00053.jpg,0.7651422047383108,0.5827599936978993,0.7363845384243777,0.9223937035436195,0.6128064811329061,0.8377483267396849,0.02406876790371179,0.9511078559017457,0.9378986614179348
RipVIS-001_00054.jpg,0.7774656472022308,0.6040383331238864,0.7531470048443463,0.9133674630131775,0.6407486108137477,0.8417405161997175,0.014713798669529194,0.95431532117952,0.9355326413829175
RipVIS-001_00055.jpg,0.7872195419298029,0.6160993354104723,0.7624523095964141,0.8545788141861922,0.6882559732981202,0.8151798039221221,0.023971377455461292,0.9609505208322906,0.91197355272429
RipVIS-001_00056.jpg,0.7325667148506771,0.5257329285375347,0.6891545941024777,0.8845854744379534,0.5644508445496571,0.7944672692413037,0.00608664518329992,0.9432150607628654,0.9161461213138696
RipVIS-001_00057.jpg,0.7454335374497219,0.5498633152221584,0.7095636238649091,0.9736900009277074,0.5581562967317318,0.8475012175169221,0.009557245950934806,0.9449696180545302,0.9582648803198034
RipVIS-001_00058.jpg,0.7693416167197356,0.5888619946960219,0.7412374349210635,0.9338814248222903,0.6144804749200553,0.8459392343095891,0.0188303458231341,0.9531857638878546,0.9442802056017388
RipVIS-001_00059.jpg,0.739841638606062,0.53523235483946,0.6972656004184193,0.8899649866549426,0.5731619016035712,0.8013762423204637,0.016808209480394867,0.9477907986100826,0.9209727323248438
RipVIS-001_00060.jpg,0.7330103259983631,0.5200640580958009,0.6842659759316857,0.8937054111221282,0.5543534988849395,0.7962226081307313,0.011746280342257972,0.9489463975684148,0.9231484937789063
RipVIS-001_00061.jpg,0.7566812289824817,0.5553432113631045,0.7141101813488497,0.8355566070204088,0.6234875541408291,0.7823368037214374,0.030376940126302227,0.9601106770822916,0.9017822451193596
RipVIS-001_00062.jpg,0.7417828406958302,0.5299750208098578,0.692789115641022,0.8287011084640657,0.5951765607268253,0.7684027323668776,0.010547667340659702,0.9558984374989627,0.8963596527067142
RipVIS-001_00063.jpg,0.7601869235310361,0.5629973007796856,0.7204072591793216,0.883301725232765,0.6082386651713125,0.8100372826865148,0.014618727772694837,0.959595269096181,0.9238373079644935
RipVIS-001_00064.jpg,0.7729570834146916,0.5820594591668592,0.7358250106141803,0.8280807664030432,0.6620649338870093,0.7885350091048666,0.034900431115807755,0.9655870225683967,0.9010575358774024
RipVIS-001_00065.jpg,0.7588428351834402,0.556417039124374,0.7149973627086595,0.8206803766899735,0.6334277788397528,0.7748674377837702,0.01861348527661662,0.9630631510406217,0.8961314414925358
RipVIS-001_00066.jpg,0.8169762919078476,0.6611111903072225,0.7959866794768266,0.827890949977185,0.7664501413073098,0.8148271802351122,0.015663643854974516,0.9742078993044985,0.9057834026881222
RipVIS-001_00067.jpg,0.6722165608554962,0.40754400135609703,0.5790852733036397,0.7254341821346734,0.4818724473706331,0.6588329490355902,0.023626181304930664,0.9395149739573139,0.8389873761456726
RipVIS-001_00068.jpg,0.5957607208097349,0.27347011631902235,0.42948807799195216,0.6627652671137791,0.3176744346747725,0.5444727437856621,0.012904307019791467,0.9205034722212234,0.7977277439040791
RipVIS-001_00069.jpg,0.661841052762388,0.38031646968745775,0.5510569178002666,0.7217093299593951,0.44567455118058086,0.642162821475541,0.00726015557350732,0.945268012151752,0.8389451753432571
RipVIS-001_00070.jpg,0.7188213952191539,0.482779174327069,0.6511814876900589,0.8270917042016762,0.5369748504642651,0.7464349108276938,0.018675394682580785,0.9566883680545175,0.895220091992229
RipVIS-001_00071.jpg,0.7599628778907184,0.555155052057513,0.7139546006335864,0.8222532943345143,0.6308637560444904,0.7752167139376024,0.018643395474287307,0.9662543402767293,0.8981405698883899
RipVIS-001_00072.jpg,0.7808057259710832,0.6000286751983366,0.7500224020972099,0.9928825622579501,0.6026207161298525,0.8790293219816843,0.015446997486880285,0.9636762152767321,0.9774313846851723
RipVIS-001_00073.jpg,0.8177820618383567,0.6658107816010245,0.7993834461331896,0.9293825407925943,0.7012893119559079,0.8726189563890434,0.0189281156914232,0.971472439235057,0.9517983158397728
RipVIS-001_00074.jpg,0.8191500495024135,0.6702842438746959,0.8025990143088247,0.9018272158855293,0.723042522832761,0.859330374461248,0.019009818253810356,0.9699685329850586,0.9383718544709854
RipVIS-001_00075.jpg,0.7358759370055684,0.5267977350070603,0.6900687929100501,0.8700379307947479,0.571792364634384,0.7878498059060236,0.005131024371425504,0.9481325954850823,0.911860938536019
RipVIS-001_00076.jpg,0.7569559405516209,0.5542849235034939,0.7132346394431817,0.7996479000907538,0.6436763137424407,0.7626860452636571,0.008941517639211811,0.9615570746517345,0.8857501221713664
RipVIS-001_00077.jpg,0.7740578333084337,0.5845735899992907,0.7378307876500104,0.773117188964035,0.705624852895495,0.7586052176142555,0.02035928143224927,0.9653211805545081,0.8756937752548557
RipVIS-001_00078.jpg,0.7406397962025362,0.5255085842610508,0.6889618186129116,0.7353438701284007,0.6480837286251324,0.7160612968170247,0.0072906867339391605,0.9578363715267385,0.8541337141674226
RipVIS-001_00079.jpg,0.7009757122285692,0.45967028633660134,0.6298275585101565,0.7742636104041525,0.5308073785052139,0.7092076144251859,0.00549566687687684,0.9449826388878635,0.865115126389344
RipVIS-001_00080.jpg,0.709021406645324,0.47194366447751546,0.6412523466311296,0.7769034648328673,0.5459302700193861,0.7162933224199336,0.006143045193913329,0.9485763888878596,0.8681370213335249
RipVIS-001_00081.jpg,0.6965888855115703,0.4522968570386803,0.6228710815513854,0.8060237115381316,0.5075423257514814,0.7211976531109728,0.0037931722891209477,0.9436328124989761,0.8790453066775121
RipVIS-001_00082.jpg,0.6980237560602751,0.4534412955416502,0.6239554317502275,0.7837736696208409,0.5182747271718311,0.7109349011194916,0.015849218244624284,0.9452148437489744,0.8694634454650982
RipVIS-001_00083.jpg,0.6916224263438004,0.4418453752020478,0.6128887088743914,0.7743494494101103,0.5071434777688624,0.7005298081374415,0.005699810005129868,0.943997395832309,0.8643246389001491
RipVIS-001_00084.jpg,0.7172839029819974,0.4869089488026918,0.6549277266705092,0.8032047149681701,0.5528651115548572,0.7365061136256165,0.011769651111439752,0.9501356336795246,0.8812692566712457
RipVIS-001_00085.jpg,0.7664950070781227,0.5753940897953101,0.7304763849533936,0.822426223033478,0.6570195347774686,0.7830016104066668,0.01291512914831293,0.9599001736100695,0.8960261779836263
RipVIS-001_00086.jpg,0.7770357646776338,0.5943745373728445,0.7455896007373956,0.8315184855459669,0.6757570577549835,0.7948748882516526,0.01237113401778439,0.9619444444434007,0.9014191965986214
RipVIS-001_00087.jpg,0.7686630509560155,0.5804680598819176,0.7345520920242911,0.8278265029368869,0.6601683707123943,0.7878115553181415,0.013397759715924058,0.9592881944434035,0.8983565445554692
RipVIS-001_00088.jpg,0.7703925531839226,0.5849334662500008,0.738117376793072,0.8390717050216985,0.6588470786313014,0.7955479966869361,0.017551462618082023,0.95843749999896,0.9032334636396064
RipVIS-001_00089.jpg,0.7870010047349305,0.6157257849499896,0.7621661926612723,0.8471886047786064,0.6926527381240537,0.8110005785639257,0.026147959178114803,0.9608908420128462,0.9085807863575619
RipVIS-001_00090.jpg,0.7653550938592555,0.5792961036038925,0.7336130346702701,0.824146831893097,0.661001052286899,0.7853780251799344,0.01947643978649708,0.9544607204850755,0.894669580971778
RipVIS-001_00091.jpg,0.7486791484910472,0.5537528709182017,0.7127940115611272,0.8624162994210723,0.6074127819033053,0.7956135395272464,0.0022873778327537164,0.9472938368045277,0.9083376354022554
RipVIS-001_00092.jpg,0.7452730043641105,0.5480107359952893,0.708019296317021,0.8801501422116632,0.5922023598063199,0.8021444683193826,0.00615319329383552,0.9462782118045288,0.9158565939117489
RipVIS-001_00093.jpg,0.7528664474998235,0.5633693357893603,0.7207117638710876,0.9269129057434119,0.5895585150079984,0.8317274720919134,0.013662316473559885,0.9463530815961954,0.9374174368552586
RipVIS-001_00094.jpg,0.7769257300687133,0.6051721653885862,0.7540277341428778,0.8733983105799429,0.6633634048535902,0.8213847485053066,0.020850536742186097,0.9524218749989666,0.9165097277158523
RipVIS-001_00095.jpg,0.8089332248913095,0.6615231503824629,0.7962852040071642,0.8949773945587004,0.7171974143918869,0.8527035074628623,0.019249656252357167,0.9597753906239586,0.9304964080155186
RipVIS-001_00096.jpg,0.79997418496856,0.6462231898603155,0.7850979063357119,0.8666312754018722,0.7175867649631603,0.8320668164863425,0.017188103511551155,0.9573318142350723,0.9164631117589519
RipVIS-001_00097.jpg,0.8240985603659723,0.6892647269538371,0.8160529441667229,0.843425264164035,0.7904014463492789,0.8322589019166703,0.02152567975424364,0.9623611111100668,0.9094265723395314
RipVIS-001_00098.jpg,0.8144009877961458,0.6730294596380733,0.8045637878769568,0.8608129134713846,0.7552148805708359,0.8373951336800565,0.03313766331506577,0.959462890623959,0.9154322957987754
RipVIS-001_00099.jpg,0.7977512213984029,0.6439196695077075,0.7833955410978656,0.8312978980770034,0.7407130092671168,0.8114507573686225,0.0212687935421216,0.9554806857628522,0.9000473016500483
RipVIS-001_00100.jpg,0.8155546672105352,0.6748810915777246,0.805885378933966,0.8226311164367338,0.789807803103241,0.8158499982994932,0.017520969241841385,0.9598741319434029,0.8989834651967685
RipVIS-001_00101.jpg,0.8518251887355086,0.7378647855422079,0.849162479935971,0.8527580867625238,0.8455970671396803,0.8513161962485726,0.020259638076266788,0.9687912326378377,0.917437651443707
RipVIS-001_00102.jpg,0.8849629451915628,0.7961395348763151,0.8865007639076753,0.8955497190359063,0.8776328472602225,0.8919080590096418,0.007449519700558808,0.9762207031239407,0.9405517824732191
RipVIS-001_00103.jpg,0.8890148908242238,0.803905518105961,0.8912944830392605,0.9401472121073442,0.8472680214642708,0.9199772678068846,0.017063492060106447,0.9766059027767181,0.9604474161465321
RipVIS-001_00104.jpg,0.8856796178214019,0.798947045138429,0.8882385363121681,0.9551243050356119,0.8301074876618916,0.9271965572792241,0.03122575639425412,0.9751378038183863,0.9662855722226376
RipVIS-001_00105.jpg,0.869665507058238,0.7700245656119886,0.8700721793041911,0.9209612043908195,0.8245125615518878,0.8999075857241947,0.02452517056527288,0.9721668836795007,0.9494465124106481
RipVIS-001_00106.jpg,0.8502134180959787,0.7367037657057636,0.848393122941587,0.9193703787803864,0.7875896094669561,0.8896004994542457,0.01725364638611639,0.9670659722211729,0.9458747370044337
RipVIS-001_00107.jpg,0.8300104949875751,0.7036159682141284,0.826026500504943,0.9704056314516465,0.7190453214368507,0.906993191910882,0.017493206518768137,0.96049370659618,0.9649194382092686
RipVIS-001_00108.jpg,0.8532402164159232,0.7421064481983641,0.8519645271571424,0.9550738367126769,0.7689491488853589,0.910973481055315,0.018541629520673626,0.9676866319433944,0.9620604345090242
RipVIS-001_00109.jpg,0.9200031202253119,0.8563802559325528,0.922634522960222,0.9498742801414798,0.8969135329610072,0.9387876164365991,0.021557136872842792,0.9850824652767088,0.969297229954345
RipVIS-001_00110.jpg,0.8757788107448654,0.7793740961561133,0.8760092639763087,0.8951916709090643,0.8576317021076746,0.8874187722912079,0.028678059314736187,0.9746723090267202,0.9393449725732983
RipVIS-001_00111.jpg,0.8645221133252059,0.7618753587326991,0.864845921087981,0.9770146989831485,0.7757803852045537,0.9288278564597563,0.015294974505590864,0.9702897135406138,0.9732897961754641
RipVIS-001_00112.jpg,0.8852284122003694,0.7972418426379784,0.8871837097535995,0.9806577698254436,0.8099784160642539,0.9410000985867799,0.02308279282276177,0.9757671440961634,0.9779492946206285
RipVIS-001_00113.jpg,0.8699004564138202,0.7700789545260907,0.8701068984035986,0.9774119977771677,0.7840320062018126,0.9314632716638894,0.021276595740638945,0.9725097656239448,0.9747059701380496
RipVIS-001_00114.jpg,0.8391228475949325,0.7181853457668906,0.8359812258162841,0.9851198740976452,0.726061743128722,0.9195042293436093,0.009931383169026474,0.9637499999989543,0.9733292599215095
RipVIS-001_00115.jpg,0.8256184696743292,0.6961405156719994,0.8208524107994593,0.9917970372307007,0.7001718562865995,0.9155322579614511,0.014398595256470834,0.9592849392350702,0.9738533983403577
RipVIS-001_00116.jpg,0.8149514547527135,0.6774918911868586,0.8077438642132805,0.9911252055876757,0.6816269398793823,0.9086126135508128,0.015188979156625046,0.956736111110073,0.9721947730113212
RipVIS-001_00117.jpg,0.8035494758183819,0.6553471998861395,0.7917942531104248,0.9475248978277397,0.6800280985144661,0.8784177704782666,0.02276707530249263,0.9558062065961851,0.9520685120233678
RipVIS-001_00118.jpg,0.8096684314115505,0.6634968001666113,0.7977133470892848,0.9457419958112342,0.6897524784790859,0.880393480475058,0.013594632765961399,0.9593771701378478,0.9531904110497806
RipVIS-001_00119.jpg,0.8672072893636491,0.7618598934784734,0.8648359569322155,0.9876654672784676,0.7691782734045851,0.9345719246492905,0.009747706420155254,0.9747699652767201,0.9806438831004816
RipVIS-001_00120.jpg,0.8598517671429091,0.7474864985938536,0.8554990258240415,0.9877997178986206,0.7544517338250498,0.9302551078689474,0.02268431001461544,0.9743283420128317,0.9805026566447533
RipVIS-001_00121.jpg,0.854098100208952,0.7355336428141425,0.8476166922601227,0.9983136334912645,0.7364486615390063,0.9320316368913864,0.021797839501968008,0.9745941840267203,0.9855505643147507
RipVIS-001_00122.jpg,0.8505232117064534,0.7277923061362956,0.8424534633607568,0.9685064168023225,0.7454338314517758,0.9138142626638418,0.038074990328937956,0.975039062498942,0.9720144702655378
RipVIS-001_00123.jpg,0.8119162271463325,0.658325787179671,0.793964361248089,0.9784656796603154,0.6680042336826361,0.8952504169719265,0.01540766102816014,0.9676562499989501,0.9726933214828075
RipVIS-001_00124.jpg,0.8159946327390137,0.6646585154623927,0.7985523869173495,0.9343024321780669,0.6972456520029703,0.8748165953860082,0.006100126208224626,0.9693174913183926,0.9530288664953227
RipVIS-001_00125.jpg,0.7956436300027218,0.625485196017618,0.7695981452799877,0.949650029543424,0.6469395974814279,0.8683846124332488,0.007969798656046603,0.9676497395822834,0.9591928060011485
RipVIS-001_00126.jpg,0.7924773341654157,0.6183046232706123,0.764138734302089,0.9359223300785432,0.645635712519537,0.8587052159306579,0.019822859548750977,0.9683593749989493,0.9530804928083931
RipVIS-001_00127.jpg,0.7696195412823952,0.5776177368804895,0.7322657743727513,0.9519045547556514,0.5949819396357507,0.8499317568992111,0.02630997125219766,0.9635351562489545,0.9580413374136176
RipVIS-001_00128.jpg,0.717239583885289,0.48930285008575486,0.6570897921233153,0.9616333528275982,0.4990451596048367,0.811238420454786,0.020360219259913815,0.9479123263878604,0.9543973130095316
RipVIS-001_00129.jpg,0.7173727001311951,0.4895150302255651,0.6572810885317958,0.9562694946775573,0.5007240774762827,0.809057673970183,0.031123919302377727,0.9479633246517492,0.951887766765604
RipVIS-001_00130.jpg,0.7452472340421405,0.5345388396234756,0.6966768462564734,0.9815941419600116,0.5399508372208437,0.8435936240436827,0.03509933774059617,0.9580761718739604,0.9692286493623161
RipVIS-001_00131.jpg,0.7253406277307874,0.4988160916759547,0.6656134724550303,0.9166122786207933,0.5225279972155008,0.7964740620876607,0.035180113748645436,0.9540657552072981,0.9363220683395594
RipVIS-001_00132.jpg,0.6971282529858938,0.4510111939839065,0.6216508816111983,0.96386899868614,0.458767264107867,0.789927348848664,0.036455412219769036,0.9457736545128627,0.9543828926963814
RipVIS-001_00133.jpg,0.7119437811993982,0.4704483826549491,0.6398706519783266,0.8740509049024867,0.5046596266714735,0.7624361633884015,0.017140631083533184,0.9552886284711857,0.9166035672556698
RipVIS-001_00134.jpg,0.6865439712233354,0.4318898672577224,0.6032445331635098,0.7073035118429655,0.525877128638522,0.6616499723159007,0.013555596260568676,0.9437141927073094,0.8331203912209708
RipVIS-001_00135.jpg,0.66827831337677,0.40022802586708195,0.5716612129931385,0.6929818087765584,0.4864910371919168,0.6387577546800174,0.012452830186329655,0.9389236111100923,0.823636920403445
RipVIS-001_00136.jpg,0.6587959313661671,0.3854499631138283,0.556425671624432,0.6560358506572732,0.48307696257821997,0.6121980747075938,0.025412960605298063,0.9349121093739855,0.8047266592491333
RipVIS-001_00137.jpg,0.6749593436765569,0.4112309982461211,0.5827975700040593,0.7289572017271667,0.4854603060520856,0.6624981182014558,0.01356326293091198,0.9412055121517565,0.8414167230732221
RipVIS-001_00138.jpg,0.7497334381867429,0.548680685910984,0.7085781993700428,0.990066414185045,0.5517179215211907,0.8543133571541169,0.031844867455640476,0.9535644531239653,0.9707118496572562
RipVIS-001_00139.jpg,0.7267458154816949,0.5056639736565048,0.671682370706526,0.991106111078281,0.5079689726769442,0.8327061702150427,0.024839472790665854,0.9504709201378575,0.9696939538231966
RipVIS-001_00140.jpg,0.8053690018417288,0.6373825129755537,0.7785383170084826,0.9567245219752013,0.6563042197816674,0.876483267929951,0.033158813256291705,0.9745475260406092,0.9660731877443511
RipVIS-001_00141.jpg,0.7625104164252241,0.5602051950549095,0.7181173307594246,0.9028868993033325,0.5961245570293883,0.8186340085566015,0.014023509999170238,0.9663248697906182,0.9361879746996435
RipVIS-001_00142.jpg,0.7435914060593671,0.5279993702040517,0.6910989369498781,0.982758620665655,0.5329360349551989,0.8408203859558215,0.012684200706456965,0.9609657118045128,0.9713555097845066
RipVIS-001_00143.jpg,0.7525638386202431,0.5449095566841584,0.7054258345759716,0.995864724172449,0.5461453242027222,0.8550480955626385,0.01290208554031423,0.9620269097211783,0.9781364045041258
RipVIS-001_00144.jpg,0.7200116804891182,0.4912665483308507,0.6588581348930772,0.9854185091732903,0.49486391071068375,0.8223756425105413,0.022923941092618194,0.9511729600684123,0.9674352669188255
RipVIS-001_00145.jpg,0.7108755699139143,0.4737017731543639,0.642873316411143,0.9891873708253835,0.47616734329810007,0.8138252236793725,0.018512170034536823,0.9503700086795244,0.9688607726934836
RipVIS-001_00146.jpg,0.718041346982248,0.4852483179934236,0.6534238243056838,0.9942278184808634,0.48661922301509597,0.8226095717884131,0.009853890586161419,0.9530121527767437,0.9726590570524296
RipVIS-001_00147.jpg,0.7819592113797509,0.5995998050255305,0.7496872694554505,0.9733477699376724,0.6096085130720429,0.8695765404448148,0.012330878572986662,0.9661284722211739,0.9695396753878701
RipVIS-001_00148.jpg,0.8038676092971404,0.637954405413323,0.7789647908451286,0.9637405369427927,0.6536432759931871,0.8802226202081114,0.008493427703034696,0.9713085937489461,0.9677340606779183
RipVIS-001_00149.jpg,0.8138604028622799,0.6566994084677824,0.7927803983163589,0.9745313978341715,0.6681666965660151,0.8926707460561598,0.015725980177568724,0.9725434027767225,0.9734807778619952
RipVIS-001_00150.jpg,0.8040008989642065,0.6408245349341275,0.7811006250706192,0.9887326674878555,0.6455386874910352,0.8937066810639499,0.01512287334275932,0.9689930555545041,0.9782779005194208
RipVIS-001_00151.jpg,0.768467999239168,0.5804742320546679,0.7345570339353554,0.9589598021983525,0.5952619134162962,0.8545373839706516,0.00973758045721446,0.9589355468739594,0.9589469107122888
RipVIS-001_00152.jpg,0.7816223347274623,0.6024151207490093,0.7518839693267813,0.9827369622957225,0.6088581771799482,0.8752453697582409,0.013313110884173725,0.9630240885406217,0.9722846434375985
RipVIS-001_00153.jpg,0.7871012241474178,0.6114393930240386,0.7588735830475225,0.9482322762751731,0.6325546214240936,0.862177948742217,0.042117930196125565,0.9648242187489531,0.9570425430081873
RipVIS-001_00154.jpg,0.7969467032277352,0.6282089552160671,0.7716564304643593,0.9933134046374821,0.6308768423603438,0.8909444985394352,0.026415094334376346,0.9675651041656168,0.9796874619374579
RipVIS-001_00155.jpg,0.7322339554499524,0.5255226057317784,0.6889738687021164,0.9027139874599441,0.5570729193453666,0.8030606938563257,0.00538959039030034,0.942812499998977,0.9242761766312739
RipVIS-001_00156.jpg,0.7169322901644019,0.4984164296500138,0.6652575609657847,0.8724714159933334,0.5375809245426364,0.775811744989875,0.00493159401766917,0.939339192707314,0.9083866344141841
RipVIS-001_00157.jpg,0.7087458795843199,0.4717760237297077,0.6410975802339195,0.8587087934057647,0.5114799745494848,0.7560559342300882,0.006509764645883865,0.9482259114573044,0.906014771118028
RipVIS-001_00158.jpg,0.5946439132225969,0.2760706938444355,0.4326887141537802,0.7641714551751263,0.3017816802757691,0.5849265944168169,0.013259858788830745,0.9159971788184506,0.8434058690194401
RipVIS-001_00159.jpg,0.6477129876672838,0.3953218256467277,0.5666389192521907,0.5519906208729228,0.582085861753891,0.5577581083669146,0.021163316914526376,0.9062282986101278,0.7512383695940086
RipVIS-001_00160.jpg,0.6574546789324276,0.4084172525145908,0.5799662731841745,0.5485517417325257,0.615197481389908,0.5607001252086812,0.028682882052698155,0.912162543401788,0.7529533200891323
RipVIS-001_00161.jpg,0.6226407996500871,0.3236088968355212,0.48897963380150133,0.8325372014297228,0.3461402487174423,0.6498914537389892,0.014364303176289072,0.9245019531239969,0.8806050741182582
RipVIS-001_00162.jpg,0.6260102709412407,0.3238120408021163,0.4892115055939724,0.783421570864129,0.35564921568897506,0.6315071147891128,0.017111222946299073,0.9305946180545458,0.8602683281425333
RipVIS-001_00163.jpg,0.6590029660842971,0.3732286869975675,0.543578342822995,0.7461157024603657,0.4275244062301104,0.6493382906209888,0.019128195692637816,0.9465353732628619,0.8507921177565179
RipVIS-001_00164.jpg,0.6539856080818853,0.377110789721782,0.5476840244610527,0.8899009805592698,0.39556647614555246,0.7119563754388799,0.020862308758542714,0.9336382378462091,0.91280360712562
RipVIS-001_00165.jpg,0.6748987090738864,0.4128747125665794,0.5844463191170934,0.8973430228353925,0.4333429279909514,0.7390714922284488,0.016121152904067553,0.9396017795128694,0.9195221809662038
RipVIS-001_00166.jpg,0.7567903915089644,0.5531931284113552,0.7123301259736772,0.9135357475847354,0.5837578582188414,0.8207982809070958,0.020607375267424552,0.9622395833322892,0.9392011221942148
RipVIS-001_00167.jpg,0.8261745767434545,0.6807381716445707,0.8100466606032767,0.8936799184353775,0.7407271805455161,0.858236472684318,0.03185151236667014,0.9732313368044995,0.9361693052541664
RipVIS-001_00168.jpg,0.6769979949571319,0.43100537091194413,0.6023812064901966,0.8680873607070188,0.4612122972955637,0.737895189452705,0.02184311224141532,0.9272352430545494,0.8996663775643653
RipVIS-001_00169.jpg,0.6723209884210135,0.42082168882021903,0.5923638302138374,0.9185860889221097,0.4371252611263,0.7527635279716686,0.013653995343110318,0.9278157552073266,0.9234803675289457
RipVIS-001_00170.jpg,0.6630374878861053,0.3992734879079695,0.5706868476510859,0.8617583037556079,0.4265973580194497,0.7157372812127543,0.02214678305493909,0.9301974826378796,0.8979249921679159
RipVIS-001_00171.jpg,0.7016930854445175,0.4616865492598026,0.631717586090671,0.8743823716752793,0.4944846934695787,0.7579242956469479,0.026115530953629274,0.9444759114573085,0.9114477912389278
RipVIS-001_00172.jpg,0.7183110387918665,0.4882081864948924,0.6561020036380076,0.9973695140293191,0.4888376195914045,0.8255976529372665,0.023173238642651233,0.9508333333323016,0.9729532554804086
RipVIS-001_00173.jpg,0.7118693413233707,0.4710294322189769,0.640407896541474,0.944675561845044,0.4843916651428892,0.7938142132412499,0.039330218060878074,0.9546202256934087,0.9498700929950543
RipVIS-001_00174.jpg,0.7010293671296004,0.44713136802572556,0.6179554640374252,0.8979914115279681,0.4710575651372487,0.7601940062573584,0.03450995858124434,0.9565125868045177,0.9284447207323022
RipVIS-001_00175.jpg,0.6374118058321897,0.3407164587902521,0.5082602761477032,0.9008340506099304,0.3539936549366195,0.6882086167800453,0.022424439385371392,0.9362771267350952,0.9192280183228658
RipVIS-001_00176.jpg,0.6127301196291186,0.305691120138577,0.4682441588576218,0.9243341759972857,0.3135370133982776,0.6651717718734135,0.012395962455747127,0.9225065104156657,0.9233853191024043
RipVIS-001_00177.jpg,0.6066949858434537,0.3021025386443226,0.4640226551725413,0.9933257555596361,0.3027170099540558,0.6821011003438324,0.015496208371992053,0.9145681423601187,0.9524241911732494
RipVIS-001_00178.jpg,0.6447388934197407,0.36307240704145727,0.5327265157241416,0.9856034848866977,0.365008164626837,0.7355004955401387,0.025146842873504615,0.9293684895823249,0.9562884476032857
RipVIS-001_00179.jpg,0.6063071954568112,0.3103784440299944,0.47372336662596976,0.9864133885012466,0.3117110321059337,0.6884023295299468,0.017446882014605824,0.9063563368045721,0.9445982358444704
RipVIS-001_00180.jpg,0.6303216062506412,0.3487600668434505,0.5171565727915798,0.9861797112227826,0.35047300775251294,0.7236578438376693,0.015861825869604895,0.915853949651784,0.9493331471623206
RipVIS-001_00181.jpg,0.6252870423362845,0.33139773702965575,0.4978192884254153,0.8000991727905854,0.36131383146191426,0.6437444462579113,0.009851334406259836,0.922289496526777,0.864284288007676
RipVIS-001_00182.jpg,0.6000722280885014,0.29645240314180943,0.4573286337753545,0.8289549553514091,0.3157677405723393,0.625607051721677,0.0032952122497974,0.907447916665682,0.8701389517774558
RipVIS-001_00183.jpg,0.7359673804840703,0.5049889135170162,0.6710865561619389,0.8339713714815254,0.5614320129874422,0.7601687072352951,0.009383717978852723,0.9680240885406163,0.903726159478627
RipVIS-001_00184.jpg,0.7219041501649848,0.4748684483416973,0.6439468535320919,0.8623193369113529,0.5138262484334233,0.7593203573130349,0.019473950425019235,0.969788411457281,0.9178119843396764
RipVIS-001_00185.jpg,0.6933032427988024,0.4211605113028517,0.5926994283239013,0.9118121671408822,0.4390442890357606,0.750238993042647,0.00815138282149887,0.9662934027767293,0.9398057191679978
RipVIS-001_00186.jpg,0.6663745105035197,0.3777603131250249,0.54836869595727,0.9587016034040399,0.3840092736127323,0.7378534406472547,0.030976965837707978,0.9561859809017402,0.9574078980040656
RipVIS-001_00187.jpg,0.6668692573238074,0.3883192209410008,0.5594091259181712,0.9613455847699316,0.3944785276023201,0.7467337656053421,0.02742857142230204,0.9472471788184166,0.9540419512892054
RipVIS-001_00188.jpg,0.7219145792501823,0.4865846879636847,0.6546343331844829,0.9793434660141528,0.49163036628460005,0.817204790746391,0.0043859649112119965,0.9589095052072928,0.9687033877949816
RipVIS-001_00189.jpg,0.7751246845075553,0.5818886792930644,0.7356885309440442,0.9826073766720781,0.5879443351900175,0.8663044156585152,0.006516290725183887,0.9696950954850589,0.9758616974121447
RipVIS-001_00190.jpg,0.7512959042826791,0.542021185371509,0.7030009581106026,0.9860807794526847,0.5462001674857937,0.8492866975605925,0.006663493572902548,0.9623285590267335,0.973642277828386
RipVIS-001_00191.jpg,0.7040087763674093,0.4584078113734554,0.6286414647515497,0.9300816618328256,0.4747685913925475,0.7803980342556213,0.0053530986194455215,0.9516710069434118,0.9413729373277568
RipVIS-001_00192.jpg,0.7260976055782511,0.4943486745745332,0.6616242688009648,0.9225808083129501,0.5157436339655896,0.7968620974401321,0.00568698816977093,0.9595149739572922,0.9418756691373034
RipVIS-001_00193.jpg,0.7343186911021453,0.5107826635741798,0.6761828499749662,0.9529463715972487,0.5239983812151087,0.8188786481039557,0.005798221877503242,0.9596310763878476,0.9564433959842885
RipVIS-001_00194.jpg,0.7492285240358638,0.5378032524588403,0.699443510213586,0.9686914765673783,0.5473167290608916,0.8394364087285074,0.004918399283496892,0.9623763020822891,0.9653844336635617
RipVIS-001_00195.jpg,0.7072640581079656,0.46823950316740653,0.6378244178245878,0.9856950003319116,0.4714431354726842,0.8091666277821847,0.008285004140786038,0.948714192707304,0.9663167858074116
RipVIS-001_00196.jpg,0.7245053657725059,0.49795780235613646,0.6648489050531318,0.9904370633198608,0.5003635084369095,0.8282028787478845,0.009672772173354029,0.9533192274295211,0.9709680049194396
RipVIS-001_00197.jpg,0.7653352316898587,0.5697371893899208,0.7259013715682553,0.9876892907508946,0.5738119952331222,0.8631720860087289,0.015980735548165335,0.9628548177072885,0.9746212767747419
RipVIS-001_00198.jpg,0.7823634409900557,0.6008692685686019,0.7506787473106558,0.9861482633284365,0.6059837663501576,0.8762100236201033,0.021201413422879546,0.9657226562489521,0.9753715411384049
RipVIS-001_00199.jpg,0.7310016759296882,0.5144275651307559,0.67936899324246,0.9886440090320161,0.5174853532765163,0.8363487097408443,0.01898172786606675,0.9503342013878577,0.9684123442205363
RipVIS-001_00200.jpg,0.7158451460524707,0.48978873238943876,0.6575277712080391,0.9925788497014704,0.4915889171564725,0.8245210546282246,0.007767784135779275,0.9449707031239747,0.9674366701115038
RipVIS-007_00000.jpg,0.8814056673890751,0.7865113609710873,0.8804997025527632,0.836566286841692,0.9293033301405231,0.8536028346543881,0.04877336447885903,0.9782031249989386,0.9149043433203863
RipVIS-007_00001.jpg,0.8678662689748613,0.7637782717400766,0.8660706212085967,0.7852970114296592,0.9653656201057632,0.8157283992675552,0.05010775861394023,0.9742860243044984,0.8909804798704428
RipVIS-007_00002.jpg,0.8652754811988868,0.7593365923094649,0.8632078655428757,0.7822018348544119,0.9629304286597364,0.8127086475402892,0.03643886812113736,0.9736111111100547,0.8893073533707418
RipVIS-007_00003.jpg,0.8596364477109415,0.7491745902621564,0.8566035596822548,0.7669765931021034,0.9699494236223725,0.8004784161839423,0.04470938896562669,0.9725499131933891,0.8820662025185027
RipVIS-007_00005.jpg,0.8607697353077075,0.7514244383358287,0.8580723460154733,0.768407917635893,0.9714267540109227,0.8019269182540533,0.03526582954377961,0.972591145832278,0.8828381559429513
RipVIS-007_00007.jpg,0.857313032795328,0.7454612928040327,0.8541710960619137,0.7575273405637067,0.9790800882332991,0.793436140931505,0.04426834266371521,0.9717187499989456,0.8777701685500794
RipVIS-007_00008.jpg,0.8579823922653527,0.7466903407632295,0.8549773515515721,0.7600293930652207,0.9770351174926659,0.7953603115848805,0.048676227240943705,0.9718261718739455,0.8789189426240775
RipVIS-007_00009.jpg,0.8542122016864513,0.7398685651625346,0.8504878816445743,0.7526462395468301,0.9775687409425062,0.7889511796309273,0.043556168153886125,0.971137152776724,0.8752659755237695
RipVIS-007_00010.jpg,0.8566591544177158,0.7444535105029292,0.8535091431451237,0.7639324980237441,0.966883239753146,0.7974080077909592,0.0416666666609931,0.9714539930545014,0.880368128036247
RipVIS-007_00011.jpg,0.8493172626143706,0.7314468146787458,0.8448966592305742,0.7461805692555942,0.9737143740135007,0.7827631832328039,0.03383098205261868,0.9698795572906143,0.8718461911757166
RipVIS-007_00012.jpg,0.8514373268405474,0.7352032465134268,0.8473972694445829,0.7474006537676008,0.9782844034206475,0.7844269918363129,0.04299737314489183,0.970334201387836,0.8726729329639006
RipVIS-007_00013.jpg,0.8444415324129375,0.722969663788396,0.8392134568391175,0.7350112763164497,0.977841565884612,0.7734246423354065,0.028493150681028333,0.9686979166656156,0.8664643440719952
RipVIS-007_00014.jpg,0.8470024577228445,0.7276710546386838,0.842372224370993,0.7453916486114149,0.9683628909956032,0.7813748795506237,0.02301480484212452,0.9691124131933929,0.8711797613588979
RipVIS-007_00015.jpg,0.8469803819185411,0.7272771233415803,0.8421082100995979,0.7431171808531819,0.9715256514479863,0.7797830266353367,0.02294325277994254,0.9694021267350592,0.8702153530532677
RipVIS-007_00016.jpg,0.8437190408359256,0.7213526513759131,0.8381230316743298,0.7365528577579856,0.9721870057773108,0.7740762556117745,0.03210316915460239,0.9688226996517265,0.8669798356040972
RipVIS-007_00017.jpg,0.8435721519129098,0.7213531143496955,0.8381233441718472,0.7394009920933778,0.9672700063090416,0.7759611025900558,0.040248104749793505,0.968574218748949,0.8681539201541331
RipVIS-007_00019.jpg,0.8406935654218294,0.7161641460291286,0.8346103112411405,0.7375349695369384,0.9611133375439723,0.7735230282940148,0.024669483436735792,0.968028428818394,0.8669351216285759
RipVIS-007_00021.jpg,0.8410631691872748,0.7170738704210655,0.8352277473597833,0.7430071835447808,0.9535847808826067,0.777338712686954,0.031147091104398037,0.967896050346172,0.8692798125656426
RipVIS-007_00023.jpg,0.8414926600136512,0.7181894764671868,0.8359840242344801,0.743568887618518,0.9546312372492561,0.7779696260053235,0.033415166389332354,0.9676942274295055,0.8695844748010049
RipVIS-007_00024.jpg,0.8411102105303057,0.7181519194254883,0.835958580037116,0.7595908179635276,0.9293984682049105,0.788400067723728,0.03658372561713736,0.9670822482628395,0.8762142049354711
RipVIS-007_00025.jpg,0.8315224142544019,0.7023405363591247,0.8251469331292001,0.7617526154731074,0.9000506422252653,0.7859043729246898,0.03609397558261006,0.9640386284711762,0.875574344959587
RipVIS-007_00026.jpg,0.8311999749492247,0.7019691230013761,0.8248905500276911,0.7645673582113915,0.8955479061607183,0.7876060065358167,0.034441805221108235,0.9638042534711764,0.8766879309943592
RipVIS-007_00027.jpg,0.8321106620181971,0.703005506611543,0.8256056764141739,0.7547553884589449,0.9111356715275408,0.7815844096638782,0.02785515319964781,0.9644769965267312,0.8727631193033858
RipVIS-007_00029.jpg,0.8343459647956987,0.7069810054180169,0.8283407995449682,0.7600764572145768,0.9100770667805923,0.785985994465555,0.044537701361237615,0.964949001735064,0.8753371020700118
RipVIS-007_00031.jpg,0.8294664234363758,0.6989095585480526,0.8227742966439779,0.7572889753267601,0.9006571451485119,0.7821910825479006,0.03109983982500002,0.9634179687489546,0.8733698741235415
RipVIS-007_00032.jpg,0.8348945223061712,0.7081434283020177,0.8291381350873428,0.7590059588225604,0.9135502049073964,0.7855852716903755,0.025944347355028315,0.9649110243045086,0.8749657133319481
RipVIS-007_00033.jpg,0.8330384097552628,0.7049646410963512,0.8269551451143696,0.7571458941232907,0.9109447299170956,0.7836058228891227,0.03433824522991236,0.9644184027767313,0.8738914479056654
RipVIS-007_00035.jpg,0.8327226724208627,0.70406783045377,0.8263377993190403,0.7538685847516149,0.9142217245132997,0.7812754983832136,0.026590693253752448,0.9646278211795088,0.8724901600711177
RipVIS-007_00036.jpg,0.8282078409550395,0.6973664580950273,0.8217040636913364,0.7664123757002671,0.8855939286451407,0.7876114263966334,0.03216374268578366,0.9625802951378444,0.8769304592573691
RipVIS-007_00037.jpg,0.8309884310561545,0.7015938817748768,0.8246314109252287,0.756276785277062,0.9065700003358704,0.7822121638932108,0.0367947669614616,0.9637586805545098,0.8731901495607579
RipVIS-007_00038.jpg,0.8276725314269,0.69584149598668,0.820644497299346,0.7525689796238979,0.9022607611201938,0.7783973638703611,0.031059270306380133,0.9629372829850662,0.8711087975281084
RipVIS-007_00039.jpg,0.8228179012646021,0.6881346780173823,0.815260401883998,0.7408626347797388,0.9062682800836582,0.7689305838045096,0.021197668253683404,0.961144748262846,0.8654175128613768
RipVIS-007_00040.jpg,0.820520645148272,0.6842966902502076,0.8125607491974031,0.7400607037064858,0.9008084470643816,0.7674507617191674,0.025958624321259897,0.9604524739572912,0.8646925727221926
RipVIS-007_00041.jpg,0.8147006516746845,0.6757094532612712,0.8064756714789706,0.7534163856381426,0.8675745354478807,0.7737796512171525,0.029369345741527553,0.957766927082294,0.8691039827680582
RipVIS-007_00043.jpg,0.8281782227328827,0.6995035384262959,0.8231857393765961,0.7746415316679286,0.8782209229392544,0.793355566957414,0.01997354497090297,0.9607910156239574,0.8801474488015271
RipVIS-007_00045.jpg,0.8398535832278314,0.7180844547825799,0.8359128712021924,0.7526803811621007,0.9398419605939093,0.783901866837838,0.01585565882779447,0.9650401475683973,0.8731078417402818
RipVIS-007_00047.jpg,0.8231369852827648,0.6908315741488403,0.8171500753960109,0.7655801322853407,0.876169377267871,0.7854067881795097,0.017223105456117764,0.9594769965267367,0.8755331042211165
RipVIS-007_00048.jpg,0.8205505752710114,0.6870067999455434,0.814468323385205,0.770363809029748,0.8639296247658537,0.7874197281959379,0.013797634689382702,0.9582964409711824,0.8770011811479503
RipVIS-007_00049.jpg,0.8318027896241379,0.705161951023629,0.8270908820130685,0.7630740204718273,0.9028325603473752,0.7874535941386845,0.02254515822048823,0.9622005208322892,0.8760182722519615
RipVIS-007_00050.jpg,0.8311165612688312,0.7040694043520848,0.8263388833270949,0.7639856777798374,0.8997745925852852,0.7877626174401586,0.01998368678358025,0.9619509548600673,0.8762733586831555
RipVIS-007_00051.jpg,0.8323943199663473,0.7062646305642117,0.8278488786709136,0.7644874175507964,0.9026624183085526,0.7886313580354093,0.024596884391282197,0.9622851562489558,0.8766963673990833
RipVIS-007_00052.jpg,0.8294521325427737,0.7013524517852082,0.8244646205426602,0.7631518849671315,0.8964899290592615,0.7865491184827698,0.01699755235014991,0.9613997395822902,0.8756372307758271
RipVIS-007_00053.jpg,0.8327244475663125,0.7067455139984518,0.8281791376650343,0.7597865092740971,0.9101025529030101,0.785741735677309,0.02091592617622475,0.9624414062489557,0.8748181504859398
RipVIS-007_00054.jpg,0.8358400250697353,0.7122469721291417,0.8319442039876737,0.7691780007429807,0.905864230767759,0.7931126192569008,0.028116856394442894,0.963134765623955,0.8792096248191861
RipVIS-007_00055.jpg,0.8361840552195632,0.7128028561918538,0.8323232923334307,0.7686532359030219,0.9074939808368784,0.7929154285175227,0.022267759559799486,0.9632530381933992,0.879052373230379
RipVIS-007_00056.jpg,0.8311844758817712,0.7047578624929905,0.8268128606397769,0.7725141397484719,0.8893217953740804,0.7933547185508018,0.01715752499092711,0.9615060763878456,0.8797673780092965
RipVIS-007_00057.jpg,0.8335329034459427,0.707962868329859,0.829014355589761,0.7580336299901698,0.9146613852570319,0.7849156155991699,0.017913305070707874,0.9627918836795109,0.8742405764732122
RipVIS-007_00058.jpg,0.8274360811374804,0.6994574782369701,0.8231538443228277,0.7910503633834498,0.8579732820940774,0.8035865006297802,0.019160707054491875,0.9596061197906254,0.8866947273986647
RipVIS-007_00059.jpg,0.8331188452534314,0.7082793985802028,0.8292313296863182,0.7847660200350762,0.8790381545658923,0.8019673609740974,0.016889131024667783,0.961852213540623,0.8851576369376902
RipVIS-007_00060.jpg,0.8275760917487328,0.6992119554064823,0.8229837992626624,0.7834959096577342,0.8666632926679826,0.7988274434946812,0.015525853919869602,0.9600336371517361,0.8836396770355744
RipVIS-007_00061.jpg,0.8231145946939102,0.6919041931575268,0.8178999685156596,0.7869842581046677,0.8513439712354275,0.7990657776767092,0.013403736797535372,0.9585742187489599,0.8842809631818342
RipVIS-007_00062.jpg,0.8250600330095591,0.6953400970958649,0.8202957014784108,0.7914773300947237,0.8512919756232655,0.8027582302783369,0.012841308460010636,0.959010416665626,0.8864722619566854
RipVIS-007_00063.jpg,0.8212737520717557,0.6891080720265276,0.8159431399789143,0.7918859588622351,0.8415078133305857,0.8013365678647445,0.016300687051555882,0.9577951388878496,0.8859531550491417
RipVIS-007_00064.jpg,0.8140343738151902,0.6772034944471138,0.8075388546341568,0.7923636029000611,0.8233067252920673,0.7983647437264191,0.019905850703442387,0.9554568142350743,0.8848133842814774
RipVIS-007_00065.jpg,0.8151324268612963,0.678794837273903,0.8086691979302942,0.7886021802052473,0.82978414479886,0.7965082786687232,0.018451178448693442,0.9559841579850737,0.8834848100166479
RipVIS-007_00066.jpg,0.811727389158156,0.6728682783945487,0.8044486073228672,0.7773612850658961,0.8334918098591995,0.7879743257545007,0.017056137521211906,0.9551453993045191,0.878224128849493
RipVIS-012_00000.jpg,0.8187333585229536,0.656076745765982,0.7923264998960275,0.9114143132976198,0.7007629524330029,0.8597270293214916,0.06163021867255711,0.9820279947906011,0.9481011706267627
RipVIS-012_00001.jpg,0.8182143705927816,0.6554373522325051,0.7918600499724008,0.9201739578003441,0.6949522451122574,0.8641620360916156,0.062162162146888904,0.9816547309017126,0.9521261059950066
RipVIS-012_00002.jpg,0.7979735982544054,0.6180458430338375,0.763941078300972,0.8909579681081191,0.6686210229759042,0.8353988342172977,0.029577464781789325,0.978664279512827,0.936578884831142
RipVIS-012_00003.jpg,0.8071493443152631,0.6355203401171994,0.7771475835900137,0.9113204932545013,0.6774127098428795,0.8524509422713016,0.039587725453364316,0.9795355902767149,0.9468179345258281
RipVIS-012_00004.jpg,0.809087125786423,0.6391327093987651,0.7798425420150384,0.8922823058162068,0.6925693409055248,0.8436277142637919,0.046406473096999884,0.9797916666656035,0.9378654046594039
RipVIS-012_00005.jpg,0.8044837560406652,0.6307704036779863,0.7735857877422443,0.9008111491942726,0.677850149508872,0.8452092719155762,0.0379136029324647,0.9789800347211599,0.9415183130800963
RipVIS-012_00006.jpg,0.7920087246944153,0.608034385837732,0.7562455022017038,0.9137635951826377,0.6450493988221243,0.8434877000932622,0.03744493391245706,0.97684570312394,0.9465951842499629
RipVIS-012_00007.jpg,0.8034201954323066,0.6287717159282846,0.7720808383143236,0.9050726624374809,0.6731655585782689,0.8467324050606935,0.046310658088564,0.9788541666656045,0.9434834237356691
RipVIS-012_00008.jpg,0.793580551920056,0.6103010793294773,0.7579962370559973,0.9024724889843342,0.6533946925486368,0.8385411517387436,0.03300471495220644,0.9776692708322725,0.9415865939154114
RipVIS-012_00009.jpg,0.8044849625487162,0.6303748300518475,0.7732882260354829,0.8975720369200384,0.6792365964784824,0.8433540850369478,0.04073587384127554,0.9793489583322706,0.9401304152438805
RipVIS-012_00010.jpg,0.8125173045841071,0.6453801949389966,0.7844754627825389,0.8992675994507197,0.6956723959177253,0.8495422602481554,0.037053182206396425,0.9803808593739363,0.9415011048791078
RipVIS-012_00011.jpg,0.812576755745412,0.6449755370639464,0.7841764482590889,0.853352513363346,0.7253747565616282,0.8242674379110531,0.0680546227741091,0.9808669704850468,0.9198170014939732
RipVIS-012_00012.jpg,0.81803627382804,0.6551303179992445,0.7916359344938827,0.849420951253082,0.7412122188545104,0.8253233471233256,0.05232943253426155,0.9816080729156016,0.9183496693278675
RipVIS-012_00013.jpg,0.8079259809674779,0.636744113262991,0.7780618950797221,0.8415094339405141,0.7235111110950331,0.8149279134961954,0.045341614897444794,0.9798459201378257,0.9137086986892398
RipVIS-012_00014.jpg,0.8269407381882894,0.6724038327322774,0.8041165890342917,0.8804319473921323,0.7399758851092848,0.8482311137022722,0.038266384769922536,0.9821560329850454,0.93350165789793
RipVIS-012_00015.jpg,0.82785327865324,0.6743733411840288,0.8055232660442951,0.8682292193766268,0.7512648108642049,0.8420106926668336,0.052172014832531755,0.9820279947906011,0.9276770725601073
RipVIS-012_00016.jpg,0.8374430718023194,0.6923275844782811,0.8181957096583228,0.9148595010668228,0.7400068038624764,0.8735768358065099,0.04995674739404049,0.9832172309017109,0.9505099932336638
RipVIS-012_00017.jpg,0.8385714103312156,0.6945045348860915,0.8197139878799767,0.9325516322203184,0.7312353727697418,0.8838832871951343,0.05844980939041723,0.9832975260405997,0.9590015463926661
RipVIS-012_00018.jpg,0.8281386326659792,0.6751845322146738,0.8061016792246137,0.9550312396976041,0.697354730256576,0.889310211080717,0.05903138639388247,0.9818077256933792,0.9689714647846839
RipVIS-012_00019.jpg,0.845864836676548,0.7077195656954671,0.8288475226402282,0.9404807534101604,0.7409036988948365,0.8924034519844755,0.0547773363882966,0.9846061197905983,0.9634539385083947
RipVIS-012_00020.jpg,0.8150057607818757,0.6488062769972558,0.7870012214883576,0.965351479555333,0.6642752813672936,0.8851173440183171,0.05059454417099684,0.9818359374989346,0.9738905371385183
RipVIS-012_00021.jpg,0.807665213437486,0.6347339526893003,0.7765593314375098,0.9599552929599248,0.651997570800937,0.8770993079140553,0.06081871343606579,0.9812293836794909,0.9709664871315615
RipVIS-012_00022.jpg,0.7865072469746226,0.5958758798335307,0.7467697047914377,0.9681399394057039,0.6077943615134127,0.8655119978803553,0.04556912932992648,0.9778841145822722,0.9731818523646335
RipVIS-012_00023.jpg,0.7809028644824065,0.584997593828501,0.7381684314301851,0.9473940574460986,0.6046381497014707,0.8509204815903681,0.03639149587504472,0.9775423177072726,0.9629892980743784
RipVIS-012_00024.jpg,0.7588801859011756,0.5440817275899646,0.7047317740611813,0.9341343273336173,0.5657870864884837,0.8265161286522843,0.017597968066473516,0.9744802517350537,0.9549871326193478
RipVIS-012_00025.jpg,0.7733452677907076,0.5702567032491888,0.7263229025791881,0.9450794724063213,0.589802034515432,0.8434644034238389,0.02545862972192837,0.9771484374989398,0.9616454837671562
RipVIS-012_00026.jpg,0.7766580133108247,0.5762561230065053,0.7311706702935702,0.9372394782527484,0.5993851577822816,0.842285569277618,0.018631314937543653,0.9777539062489391,0.9581723779044568
RipVIS-012_00027.jpg,0.7820642435183329,0.5863477246085526,0.7392423685081275,0.9482090507481143,0.6057474975652621,0.8518857129018,0.03763536303255186,0.9784592013878272,0.9638373834789724
RipVIS-012_00028.jpg,0.7825457978669409,0.5871550027099897,0.7398836304046564,0.9596481620590167,0.6020182501212664,0.8577398178002655,0.038167938924675925,0.978607855901716,0.9694383941818472
RipVIS-012_00029.jpg,0.7769819692883786,0.5768538628487567,0.7316516469149628,0.9472504330373543,0.5959993161096768,0.8473711077080143,0.02465277777349778,0.977802734373939,0.9630306924478675
RipVIS-012_00030.jpg,0.7365631642242063,0.5028167168777897,0.6691657222477906,0.9702770052739255,0.5106827858783706,0.8222741852550134,0.014599686025965512,0.9711751302072795,0.9707399775036043
RipVIS-012_00031.jpg,0.7556938078055436,0.5371715145328552,0.6989090149723481,0.9702525453469237,0.5461665544770204,0.8398306413674141,0.04109133255014285,0.9749652777767198,0.9726816557205864
RipVIS-012_00032.jpg,0.7563114877822854,0.5378072027274109,0.6994468510403273,0.9392518345824502,0.5571883626978724,0.8259774601775484,0.043767681803333715,0.9755327690961637,0.9579593531978698
RipVIS-012_00033.jpg,0.7539602391474625,0.5324694636105689,0.6949168988412289,0.9291274371365881,0.5550118459678274,0.8187489792585334,0.03499142366466699,0.9761187065961631,0.9533316004217598
RipVIS-012_00034.jpg,0.74890262328982,0.5242852843710646,0.6879096580498578,0.9752575010831744,0.5313529339894402,0.8356356241126588,0.03598076603614976,0.9742708333322762,0.9747493937210018
RipVIS-012_00035.jpg,0.733412618919542,0.49513790839590477,0.6623307530569211,0.9739487580295737,0.501783519064473,0.8196877818818681,0.021499999996416667,0.9724522569433892,0.9731791589614561
RipVIS-012_00036.jpg,0.7420805540598979,0.5121623725283693,0.6773907112528166,0.960968307252776,0.5230429857405147,0.8231324004979015,0.022300469479828895,0.9727983940961666,0.9670645171190647
RipVIS-012_00037.jpg,0.7783714654710078,0.5825873808337252,0.7362467158392373,0.9753472960763794,0.5912944124909462,0.8632137399651335,0.01914295749575993,0.9750553385406087,0.9751959136314334
RipVIS-012_00038.jpg,0.7531290258684316,0.5427420155709661,0.7036069674554086,0.9915755093319618,0.5452562859834476,0.8520813657180534,0.04470666444329289,0.9650303819433973,0.977723085834987
RipVIS-012_00039.jpg,0.8566262355936074,0.7319336256998767,0.8452213350890989,0.973447667944078,0.7468441089910025,0.9177555442472791,0.04359722728135767,0.9822254774294897,0.9780668659715966
RipVIS-012_00040.jpg,0.8575266875906591,0.736010647521324,0.8479333333262673,0.9891703769760821,0.7419895868166613,0.9273821632598004,0.04172486032791116,0.9801996527767142,0.9844198983764995
RipVIS-012_00041.jpg,0.9119411449618957,0.8359975670866643,0.9106739377800089,0.9802146762305445,0.8503466108147283,0.9511616930518442,0.0431985294038238,0.9885894097211495,0.9846661923480562
RipVIS-012_00042.jpg,0.8749152760396426,0.7686507936399002,0.8691945254585949,0.9890582828618233,0.7752429959866318,0.9373530957055554,0.04761086283128036,0.982287326387823,0.9854586216579504
RipVIS-012_00043.jpg,0.924120514897257,0.8585903152982368,0.9239156238263988,0.973660227641149,0.8790068885269652,0.9531331451102225,0.04662088904108766,0.9902625868044811,0.9824980539197432
RipVIS-012_00044.jpg,0.8399476666623897,0.7061286195978069,0.8277554358876713,0.9819416742856281,0.7154190558385645,0.9138522665703449,0.031106343850581312,0.9753222656239418,0.9784192606600877
RipVIS-012_00045.jpg,0.812463834295064,0.6579701834783787,0.7937056890829896,0.9896151496462393,0.6625448071708021,0.9006887619944663,0.046769599753145014,0.9689322916656153,0.9786090303472958
RipVIS-012_00046.jpg,0.8086460316019027,0.6507137264271432,0.788402878112086,0.9925766679346494,0.6538959702623877,0.8994082643197038,0.0414781297071677,0.968537326387838,0.9798026568789292
RipVIS-012_00047.jpg,0.8680355265885926,0.7561436672861984,0.8611410118338226,0.9893552701308266,0.7623457661467327,0.9337455647085676,0.04657933041459173,0.9811035156239354,0.9849696586537195
RipVIS-012_00048.jpg,0.8402106827998794,0.7061440454787546,0.82776603458544,0.9829427822688674,0.7149043906893877,0.9143774563774631,0.046931407934871855,0.9757747395822746,0.9791331378775989
RipVIS-012_00049.jpg,0.8489973142717215,0.7212748959984399,0.8380705460530851,0.9785110994659819,0.7328836141642938,0.9170414267501646,0.04231133564219903,0.978042534721161,0.9782623739568115
RipVIS-012_00050.jpg,0.8589843835120874,0.7390219916374867,0.8499282874986688,0.9730886161285687,0.7544413566215944,0.9197759274566915,0.0429116338139047,0.9801312934017142,0.9768260494614168
RipVIS-012_00051.jpg,0.8322810061360246,0.6896072001378476,0.8162929230907463,0.9579759016948081,0.7111195690257771,0.8957838523610722,0.03658146964271861,0.9762749565961629,0.9676581747899081
RipVIS-012_00052.jpg,0.8697071914928433,0.7575250579324698,0.8620361394148346,0.973258657391866,0.7736272004644141,0.9254946085325833,0.03415189461145684,0.9828591579850446,0.9783384039882865
RipVIS-012_00053.jpg,0.8790312457759715,0.7740973084427406,0.872666121253771,0.9837278409471518,0.7841378746911029,0.9360751964741902,0.028566451832683075,0.9848003472211536,0.984294073829145
RipVIS-012_00054.jpg,0.8907745229169706,0.7955237871908077,0.8861189062111474,0.9739317552828377,0.8128313891695544,0.9367977417345434,0.05491164733898695,0.9867458767350404,0.980697008878644
RipVIS-012_00055.jpg,0.881517226778392,0.7779831761620992,0.8751299636495214,0.9638804840947243,0.8013450956275422,0.926304353971722,0.050428348899838715,0.9857953559017081,0.9754345807713858
RipVIS-012_00056.jpg,0.8445437770005038,0.709973233647825,0.8303910490262639,0.9279031256276568,0.7514248357122263,0.886273408832089,0.032419382646590895,0.9801302083322698,0.9554612560423189
RipVIS-012_00057.jpg,0.8564245752056703,0.7309417799398849,0.8445596361597677,0.9226823951591511,0.7786333880222425,0.8897608262889126,0.056905749840563964,0.9827549913183781,0.9543253563525
RipVIS-012_00058.jpg,0.8317520086977006,0.6844870526306764,0.812694940648796,0.8970512619682759,0.74284021695498,0.8612910565336287,0.037952510697167666,0.9799305555544923,0.9406048355169792
RipVIS-012_00059.jpg,0.8329044534716519,0.68672118047895,0.8142675724080887,0.9233353905021067,0.7282446050816087,0.8763803614431692,0.03890379454984595,0.9800043402767143,0.9530819557571171
RipVIS-012_00060.jpg,0.8280698918673673,0.6780812791359413,0.8081626171112419,0.9305812704077675,0.714208024126551,0.8774175750757547,0.04833955589539407,0.9790277777767155,0.9560117256845112
RipVIS-012_00061.jpg,0.8095390403907641,0.6440664275686719,0.7835041416436559,0.8931227598366236,0.6978523043409384,0.8457896143679648,0.04921611429862748,0.9760926649294964,0.9367194258947644
RipVIS-012_00062.jpg,0.827250367788974,0.6773535833438648,0.8076455555584602,0.9302597345122754,0.7135898519963875,0.8770022574114185,0.04979496191177602,0.9781933593739386,0.9554670556707036
RipVIS-012_00063.jpg,0.8199780559385478,0.6640099072674963,0.7980840791481587,0.922123737687478,0.7034582520234229,0.8681518508062507,0.04088717453406226,0.9770377604156065,0.9510019085124052
RipVIS-012_00064.jpg,0.8065586666830462,0.6392476488928017,0.7799280960684242,0.9244508919254607,0.6744836026150713,0.8606579863675692,0.029183248052078215,0.9750260416656087,0.9510098440644728
RipVIS-012_00065.jpg,0.7956391945906831,0.6194051622119949,0.7649786188972383,0.9120300241705585,0.6587628192458886,0.8469096405777629,0.019836855761987977,0.9731043836794997,0.9441066816103159
RipVIS-012_00066.jpg,0.7835149212878751,0.5968817895193108,0.7475591411171176,0.8986432010112957,0.6399652219456025,0.8314293995788612,0.019134311718533473,0.9714116753461681,0.936825998761049
RipVIS-012_00067.jpg,0.7834735347879068,0.5963005636253806,0.7471031173115846,0.8916049727408016,0.6429075037662765,0.8275781594392054,0.025009331835571233,0.9718663194433899,0.9336974975575139
RipVIS-012_00068.jpg,0.7775133157331691,0.5849340866198222,0.7381178707151248,0.8677189551411343,0.6421999379606086,0.8107755357748831,0.027704979403274994,0.9713020833322794,0.9220424317973113
RipVIS-012_00069.jpg,0.7898974712427507,0.6079236050728762,0.7561598115170692,0.8763367462826772,0.6649689226404529,0.8239560157453363,0.02984524686259299,0.9730468749989442,0.9271132828428268
RipVIS-012_00070.jpg,0.794092619725439,0.6150528568549346,0.761650436695496,0.8717453751379582,0.6762456546808763,0.8240968043275184,0.031743119260230615,0.9742382812489429,0.9255314335895926
RipVIS-012_00071.jpg,0.8020187525041284,0.6297016437268439,0.7727815040878598,0.8966728710819759,0.6789697151093361,0.8426366860386302,0.03779330108583319,0.9754090711794972,0.937966764920595
RipVIS-012_00072.jpg,0.7941277034929984,0.615198099015321,0.7617617918079107,0.8854816193372387,0.6683760383437527,0.8314653872874802,0.03551569506089405,0.9741699218739429,0.9319949809821687
RipVIS-012_00073.jpg,0.7985602160028565,0.6233019513205964,0.7679433278738128,0.8854822287836569,0.6779519886495181,0.8343981265454038,0.041479619313794285,0.9749055989572755,0.9323937036916226
RipVIS-012_00074.jpg,0.7975537050580415,0.6211677631476782,0.7663213854457748,0.8853854088314567,0.6754842517451757,0.8335798000309003,0.05028445585423298,0.9750075954850531,0.932371227734063
RipVIS-012_00075.jpg,0.8017155980498628,0.6293894055700867,0.7725463335142744,0.8869236204297193,0.6842993809671444,0.8373358122880408,0.03697304767847736,0.9751378038183863,0.9332353958508378
RipVIS-012_00076.jpg,0.817599058278763,0.6583291478208885,0.7939668053063648,0.889799058633015,0.7167699598848566,0.8488179322016337,0.07034041751545224,0.9778559027767167,0.9360450397284354
RipVIS-012_00077.jpg,0.8135020316405219,0.6503651737642492,0.7881469920755276,0.8903426357461586,0.7069962789539292,0.8464408902846758,0.06598513009925927,0.977611762151717,0.9361183146044239
RipVIS-012_00078.jpg,0.7996196208774093,0.6249504819651236,0.7691932633040531,0.8790193392408465,0.6837628446953612,0.8315287813234358,0.04379304254921542,0.975345052082275,0.9295435558863092
RipVIS-012_00079.jpg,0.804493290883644,0.6332558854574563,0.7754521396138592,0.8837048515703014,0.6908267481606749,0.8369686952437725,0.03019953262085214,0.9767068142350513,0.9324231609023381
RipVIS-012_00080.jpg,0.7989542577210793,0.6246096488333343,0.7689350476059026,0.9086126176028226,0.6664796586139903,0.8470646701670231,0.05307994756666449,0.9744346788183871,0.9431401008946925
RipVIS-012_00081.jpg,0.8434297456078703,0.704807280700065,0.8268468684749419,0.8842346128494388,0.7764541857015879,0.8603494104550514,0.06273549358275518,0.9827897135406003,0.9359137632980679
RipVIS-012_00082.jpg,0.8285787209524584,0.6769034500484986,0.8073254903601297,0.8548379564571112,0.7648164782893978,0.8351773192019382,0.030872233581760788,0.9810384114572688,0.9210134486935981
RipVIS-012_00083.jpg,0.8419482512816274,0.7012464269605218,0.824391359003036,0.8858511422037374,0.7709063702272145,0.8601994084533918,0.027430949673206403,0.9833289930544886,0.9368425187338161
RipVIS-012_00084.jpg,0.8547905583595572,0.724835084275494,0.8404688551195101,0.9306721041243649,0.766206095024832,0.8923629910365156,0.04260704491824361,0.9853352864572642,0.9591872792690515
RipVIS-012_00085.jpg,0.8516651085702974,0.7189698874435979,0.8365124865716282,0.9546323469762625,0.7444047868833843,0.9035954208589457,0.04608999562121232,0.9849620225683757,0.9704340003173081
RipVIS-012_00086.jpg,0.7823408006466347,0.5923598643428359,0.7440025054729722,0.9482676033597246,0.612141826417025,0.854434021983081,0.03280338095536257,0.9733919270822772,0.9613637574948903
RipVIS-012_00087.jpg,0.7484802320222834,0.5321552331868387,0.6946492387458301,0.9479450590308389,0.548174246278983,0.8272815891716923,0.015503875966435118,0.9661599392350627,0.9574379629456977
RipVIS-012_00088.jpg,0.6983744926064872,0.44709165322526245,0.6179175344267784,0.9646766035761011,0.4545328457892507,0.7878322974307869,0.04945429739947914,0.9516265190961897,0.9578758027346634
RipVIS-012_00089.jpg,0.6625702648754125,0.38866436346621624,0.5597671744035818,0.973999455459461,0.3927391289985538,0.7515408951687107,0.015669971215914617,0.9389420572906478,0.9557431589676877
RipVIS-012_00090.jpg,0.6529267694302132,0.37225592527830165,0.5425459178874464,0.9636509162904711,0.37755742029956363,0.7353498677360112,0.026731078900687426,0.9361132812489843,0.9493186361226782
RipVIS-012_00091.jpg,0.6651983547764686,0.39110030532182405,0.562289151724893,0.9544639160768742,0.39853652914959053,0.746267046435353,0.021487872371563098,0.9415744357628673,0.9477554144654807
RipVIS-012_00092.jpg,0.7136234418697407,0.4709399142738263,0.6403251549623221,0.961540605290632,0.47998108009682566,0.8008449004224502,0.028248587566061568,0.9579427083322939,0.9596687782318132
RipVIS-012_00093.jpg,0.8483133355731546,0.7119797168664277,0.831761860087479,0.9562971791544271,0.735924874410659,0.902260873290422,0.02577535623935973,0.9852083333322643,0.9713274487786536
RipVIS-012_00094.jpg,0.815246988385842,0.6506667706338091,0.7883684123403921,0.9613157818659067,0.6681615247418735,0.8837657626167136,0.030678960598377374,0.9805577256933805,0.9713133663446022
RipVIS-012_00095.jpg,0.8601842814481302,0.7338345530010046,0.8464874018467892,0.9718098267652937,0.7497954545284138,0.9174768621518199,0.037315241086184815,0.9870160590267067,0.9797037219241769
RipVIS-012_00096.jpg,0.6545031239098527,0.38583106762218156,0.5568226555696909,0.978326531530785,0.389157411055468,0.750945960774042,0.02597773336768802,0.9267122395823277,0.9512449096185764
RipVIS-012_00097.jpg,0.7576928755138306,0.5677571882483273,0.7242922469169971,0.9938676004725991,0.5697531457057944,0.8650777909357663,0.024888505247462448,0.9509993489573014,0.9709492796844668
RipVIS-012_00098.jpg,0.7279432853744945,0.5307590174778287,0.693458619440099,0.9964410347172709,0.5317670881546358,0.8482038659848501,0.044016868734315116,0.9309733072906565,0.9609242522825303
RipVIS-012_00099.jpg,0.8400352291779615,0.7127570743702618,0.8322920804543456,0.7951719934124373,0.8730475408690821,0.8096154791931597,0.023280055590118125,0.9697656249989477,0.8915631056460317
RipVIS-012_00100.jpg,0.808819482293683,0.6603674883872139,0.7954473849986753,0.73783803529096,0.8628147388614745,0.7598505515105003,0.03835890593089411,0.9605490451378467,0.8621134050731483
RipVIS-012_00101.jpg,0.7764284389048944,0.6087724365536722,0.7568160949572089,0.7788088978897708,0.7360312899032564,0.7698601544562722,0.004617099187292294,0.948560112846193,0.8734069837709559
RipVIS-012_00102.jpg,0.8646201585318218,0.7634803309463827,0.8658790433309298,0.9748225141247415,0.7788382341636693,0.9281130536673028,0.026828212890981074,0.9691677517350595,0.9716736448574322
RipVIS-012_00103.jpg,0.6949896442255217,0.5020787176833049,0.6685118586297181,0.9960199216648645,0.5030880621778063,0.8328187204023413,0.007764979939463571,0.8992849392351353,0.9421608636486064
RipVIS-012_00104.jpg,0.6778452011473202,0.4780747121975819,0.6468884262105895,0.9992040699880697,0.47825684058545515,0.8204639513050728,0.016207652934900358,0.8899522569434788,0.9384490674942565
RipVIS-014_00000.jpg,0.7636381713296283,0.5780230054615331,0.7325913544492028,0.8382708754418393,0.6505744352160138,0.7925399289629055,0.042212333118740474,0.9525516010797875,0.9002139472549957
RipVIS-014_00001.jpg,0.7569397175081494,0.5660025387216924,0.7228628622578261,0.7840056549817698,0.6705668966464259,0.758347946597044,0.034593209478885764,0.951194540894603,0.874986452237581
RipVIS-014_00002.jpg,0.7580081293090345,0.5685667717944729,0.7249506772912456,0.7773076900771653,0.6792017720383577,0.755482853356314,0.03596309545999102,0.950853105709418,0.8719678796728727
RipVIS-014_00003.jpg,0.7481636969380174,0.5526764069950506,0.7119015971456213,0.7810060585674631,0.6540319727826498,0.7518145307286531,0.03994740466846488,0.9473186728390494,0.8717226504193553
RipVIS-014_00004.jpg,0.7412500628031777,0.5425946898179242,0.7034831552310968,0.7543530672340222,0.6590406503256944,0.733147085296146,0.033015989257108753,0.9439043209871991,0.8582979061577907
RipVIS-014_00005.jpg,0.7370653328478517,0.5348175976251712,0.6969135595691585,0.7378379115593015,0.6602903984891257,0.72090464625875,0.044985884371855536,0.9432711226847302,0.8505145184002428
RipVIS-014_00006.jpg,0.7521184476194005,0.5580801569127706,0.7163689935164418,0.7050166080984256,0.7280929611757576,0.7095141102052442,0.02061986889705213,0.9495847800921347,0.8394398890955687
RipVIS-014_00007.jpg,0.7715900008846843,0.590135496480731,0.7422455479885983,0.7087939372964591,0.7790110639766321,0.7218061148544284,0.024344203604481925,0.9560180362649711,0.8445335227358018
RipVIS-014_00008.jpg,0.7704443658959712,0.5889029615906862,0.741269889762333,0.7198938333771024,0.763954247239126,0.728294588027777,0.02489679263100052,0.9550757137341073,0.8490287610177201
RipVIS-014_00009.jpg,0.7577433467378843,0.567451911942614,0.7240437905866537,0.7154635050861191,0.73283237441935,0.718871099687008,0.022481733590052972,0.9513512731476893,0.8449587304193459
RipVIS-014_00010.jpg,0.7440466061577795,0.5458958338376085,0.7062517692184338,0.7157215864983918,0.6970292726803957,0.7119033477835386,0.023107177973014554,0.9459529320983092,0.8423306192027875
RipVIS-014_00011.jpg,0.8162728473579525,0.6661399363798485,0.7996206342994484,0.6946104910617732,0.9420362174134193,0.7331213417379558,0.046939216955300365,0.9685161072526194,0.8451804558225049
RipVIS-014_00012.jpg,0.8171057694068111,0.6673076923042426,0.8004613610125123,0.7385978062428772,0.873635409963293,0.7621591557229247,0.02405063290970108,0.9689641203699031,0.8643824571604789
RipVIS-014_00013.jpg,0.8105892927026075,0.6562170293717788,0.7924287913169074,0.7773525331245673,0.80810140431299,0.7833136689416299,0.031313542088158224,0.967158082561262,0.880580014825747
RipVIS-014_00014.jpg,0.8127174324282187,0.6602006722588198,0.7953263521578634,0.7783248601433324,0.8130871817703261,0.7850374798958413,0.05608198216774886,0.967433931326694,0.8812462776138863
RipVIS-014_00015.jpg,0.798303507480965,0.6347891529194202,0.7766006420899091,0.7765422292778267,0.7766590636857985,0.7765655933519072,0.04179692809285056,0.9641941550921276,0.8785430118480688
RipVIS-014_00016.jpg,0.8242631219206321,0.6802470096744753,0.8096988189924096,0.7629054974173705,0.8626074253394667,0.7809584519880373,0.03312437668947682,0.9702845293205197,0.8759634003421104
RipVIS-014_00017.jpg,0.7859815583864301,0.6141898532363352,0.7609883707358567,0.7883164540106689,0.7354915364908523,0.7771530232170695,0.030743801650859912,0.9604330632711418,0.8818481857768055
RipVIS-014_00018.jpg,0.7850363864513825,0.6116046760780327,0.7590008705688556,0.7461560556368306,0.7722956697906656,0.7512414555867567,0.024515698061154594,0.9610175540118823,0.8632173178995921
RipVIS-014_00019.jpg,0.7741374483685151,0.5922063326495316,0.7438813933921026,0.717724667705231,0.7720167368124805,0.7279634724579992,0.02878134267802768,0.958703221450155,0.8491998168092918
RipVIS-014_00020.jpg,0.780452301996275,0.6039595535546449,0.7530857648076832,0.7056201743010371,0.8073977173573516,0.7238698404280635,0.0241411955623383,0.9595978009254632,0.8447582012700279
RipVIS-014_00021.jpg,0.7828997354695406,0.6080536144951331,0.7562603746716972,0.7131372987437772,0.804934376572407,0.7297826086956521,0.023029891302783295,0.9603452932094134,0.8484107157455523
RipVIS-014_00022.jpg,0.8392209201775807,0.7065291652507327,0.8280305776630844,0.7240850801031851,0.9668219930289612,0.7623660420422791,0.04589154273352174,0.9736916473760736,0.8608516096194231
RipVIS-014_00023.jpg,0.7951173607250867,0.630904903664968,0.7736869295655424,0.7407871522985221,0.8096448072611796,0.7536054910143682,0.04110052051368211,0.9619733796291657,0.8620175684985494
RipVIS-014_00024.jpg,0.8179173685181584,0.6703014626359578,0.8026113580456703,0.7576369631765435,0.8532622014386407,0.7750080189578437,0.04857202417840511,0.967790316357558,0.8726549646882242
RipVIS-014_00025.jpg,0.8494329746108562,0.7252144912685231,0.8407238577451135,0.751766208126778,0.9535600868470682,0.7849903871123258,0.03368729402902326,0.9753645833328629,0.8741499743624142
RipVIS-014_00026.jpg,0.8289406901364198,0.6893176163443258,0.8160900113455342,0.7611498316645021,0.8795784269020911,0.7822136646710189,0.04181869211045336,0.9706134259254579,0.8756935197790905
RipVIS-014_00027.jpg,0.8561010985163143,0.7366610821984851,0.8483648188464342,0.7690418828717508,0.945933239297446,0.7989218718038191,0.0505307220772514,0.9771074459871831,0.8825245480950976
RipVIS-014_00028.jpg,0.8589020212217282,0.7416261525524357,0.8516479285356934,0.7803997436138023,0.9372126690375536,0.807418953301186,0.0383641239542339,0.9777025462958248,0.8878644873836091
RipVIS-014_00029.jpg,0.8591808761663389,0.7418712974226593,0.8518095435872455,0.7817581815319353,0.9356508348357003,0.8083490806599833,0.02877376071347195,0.9779783950612567,0.8885109594223102
RipVIS-014_00030.jpg,0.8355288647366952,0.6981143941779598,0.8222230452453234,0.7263625655808594,0.9472324580043658,0.7618932926334653,0.03258046745631695,0.9745365547834807,0.8613964475397508
RipVIS-014_00031.jpg,0.8373728609640743,0.7009779893990793,0.8242058319011176,0.7092930569208783,0.9835512580054894,0.7511859217673079,0.03937204086391129,0.9752874228390358,0.8541190205921961
RipVIS-014_00032.jpg,0.8524070351952491,0.7278022584100919,0.8424601309177695,0.7435629094736165,0.9717007088905926,0.7801982025065106,0.03115847705571441,0.97834297839459,0.8708670218104769
RipVIS-014_00033.jpg,0.8771344533101202,0.7728523348974169,0.8718744586724271,0.8037988710234802,0.9525479502772926,0.8297123048580768,0.0771057765648396,0.9825217013884151,0.9002998508879076
RipVIS-014_00034.jpg,0.867715318275049,0.7563575917343452,0.8612797249191915,0.7894280275795585,0.9475205992438387,0.8166804400599142,0.051784407767516104,0.9803496334871815,0.8928832078533802
RipVIS-014_00036.jpg,0.8361176980391587,0.6997372357611493,0.8233475398893689,0.7201780637828165,0.9610187750003,0.7581795047374836,0.03405697683527908,0.9741546103390364,0.8587559995820844
RipVIS-014_00037.jpg,0.830972212620841,0.6919351342168999,0.817921586027182,0.7798774746380861,0.8598677985645772,0.7946623755161525,0.04407283537390763,0.9719020061723708,0.8843434433789222
RipVIS-014_00038.jpg,0.7962919161968061,0.6331746172363198,0.7753912050234855,0.7886601531141382,0.7625613605429913,0.7832984485301074,0.03857546788484075,0.9620669367279311,0.8832135368286262
RipVIS-014_00039.jpg,0.7188837396650152,0.5089139556642973,0.6745433743970491,0.8478444682574262,0.5600649797604557,0.7688341056573862,0.029201775260230156,0.9337389081785621,0.8945764956441615
RipVIS-014_00040.jpg,0.7488456133858378,0.5564634622877824,0.7150356892668196,0.8271077164300112,0.6297107025010404,0.778311838512277,0.038083211482248885,0.9452637924378158,0.8915349619600834
RipVIS-014_00041.jpg,0.7336986114473939,0.5321611179040303,0.6946542523308743,0.8080752432239174,0.6091537687555535,0.7585347622891301,0.03061224489599459,0.9396797839501642,0.8799832056364221
RipVIS-014_00042.jpg,0.7272533937480001,0.5229308387954698,0.6867427272128404,0.8250386363459704,0.588154225172218,0.7635345528240746,0.0377334438117322,0.9363498263884373,0.8858354883023344
RipVIS-014_00043.jpg,0.7428318708569375,0.5480535096928151,0.7080549945609658,0.8193615802023608,0.6233726267892626,0.7708879948074683,0.04738657813920546,0.9419984567896692,0.8864379928411723
RipVIS-014_00044.jpg,0.7296663975609248,0.5281502295233633,0.6912281519443224,0.8235852723894952,0.5955226277934565,0.7649926236188629,0.03942629683203221,0.9361043595674498,0.8851949588405608
RipVIS-014_00045.jpg,0.7579609011986481,0.573057597918121,0.7285907377791379,0.7886047765710287,0.6770650444860615,0.7634505980053737,0.03455442971976134,0.9469338348760865,0.8756294335073884
RipVIS-014_00046.jpg,0.7407751138634788,0.5451250668389239,0.7056063985217219,0.7885477936197,0.6384524052840267,0.7531364439031347,0.03913656161676041,0.9409259259254722,0.872251681475029
RipVIS-014_00047.jpg,0.7619671742949858,0.5795271137896496,0.7337982472478494,0.7713649525879877,0.6997207299866779,0.7558859594398158,0.02700270026829094,0.9483637152773204,0.8688595454045293
RipVIS-014_00048.jpg,0.7264115047185189,0.5228467705963341,0.6866702293252941,0.772631017548626,0.6179219443222173,0.7357872188290782,0.02339472374170018,0.9349662422834997,0.8620455415469761
RipVIS-014_00049.jpg,0.7436699124750024,0.5517180144147527,0.7111060247925769,0.8132341864409512,0.6317670054379572,0.7690539577976367,0.04075433489173811,0.9403481867279416,0.8830982586975893
RipVIS-014_00050.jpg,0.7403937160284102,0.5484528183587913,0.7083881560435245,0.8274485077720289,0.6192807565991495,0.7753243236590109,0.04381748954223722,0.9374734760797948,0.8880204286446938
RipVIS-014_00051.jpg,0.7267352562714574,0.5262791967504951,0.6896237567424924,0.8296353721084814,0.5900459336525239,0.7673209065339595,0.037394080803303816,0.932639853394612,0.8862437207414643
RipVIS-014_00052.jpg,0.7250979425613353,0.5238847549188552,0.6875647954713627,0.8034779733479188,0.600879362035202,0.7527190852877061,0.03981917265049423,0.9318378665118963,0.8742656204297099
RipVIS-014_00053.jpg,0.7399800679012574,0.5481023922200051,0.7080957887210767,0.8594184329348754,0.6020835472768893,0.7917393979103418,0.04647426702355417,0.9370597029316469,0.9020235604310113
RipVIS-014_00054.jpg,0.7479516887651894,0.560935356575387,0.7187169593057982,0.858692190169246,0.6179801472421066,0.7966322735609135,0.026440523098255925,0.9399565972217689,0.9033102618556268
RipVIS-014_00055.jpg,0.7564078909086187,0.5746176061205512,0.7298503508242357,0.861128927067295,0.6333036050473342,0.8033307154471708,0.04017142856913306,0.9429600694439897,0.9060652550862109
RipVIS-014_00056.jpg,0.7372483330541182,0.5408678574749085,0.7020301641715776,0.8198894244355636,0.613796763064621,0.7682957609894124,0.04318724171799154,0.9384418402773252,0.8849171489383785
RipVIS-014_00057.jpg,0.743569140175986,0.5513935510101015,0.710836461388012,0.8446825087603946,0.6136061352099029,0.7855191751740728,0.04989353743166867,0.9404480131168305,0.897108270764041
RipVIS-014_00058.jpg,0.7625247382829813,0.5822815118842244,0.7360024212010511,0.8464755737712494,0.651036000813116,0.7985320607440394,0.048219241440320346,0.9469965277773211,0.901542568757563
RipVIS-014_00059.jpg,0.7727997396687399,0.5985539089010001,0.748869219321485,0.8552972741367252,0.6659966028613802,0.8092912221716141,0.026056883905190096,0.9509206211415168,0.9075823250779482
RipVIS-014_00060.jpg,0.7691948721334283,0.5899161049591247,0.7420719912442058,0.8112032018820653,0.6837983006915551,0.7820605872463781,0.0429412517571393,0.9520293209871952,0.8881630439906558
RipVIS-014_00061.jpg,0.7621956163056431,0.5791846732894701,0.7335236759650383,0.8266141409960173,0.659278032676868,0.7866795784553461,0.03531575720200394,0.9490489969131226,0.8935063763892466
RipVIS-014_00062.jpg,0.7642382774836669,0.5831131742883954,0.7366664414886231,0.822175930833847,0.6672679804890256,0.7856956826177546,0.05013440019690352,0.9492423804007768,0.8917138795562951
RipVIS-014_00064.jpg,0.7572396785445237,0.5696478452498278,0.7258288500490525,0.8613859573038877,0.6271358927726182,0.8015094185308159,0.036135555137231753,0.9485860339501598,0.9087262088138439
RipVIS-014_00065.jpg,0.7522483788854326,0.5603671499918279,0.7182503810013723,0.8248338090145527,0.6360599461046286,0.7786172274963964,0.04652502239558908,0.9478438464501602,0.8917305375875879
RipVIS-014_00066.jpg,0.7516483539128367,0.5579489873758648,0.716260919833643,0.8450952404958753,0.6215117791290989,0.7883731617647058,0.04497197493933584,0.9488744212958387,0.9012745738164907
RipVIS-014_00067.jpg,0.7602992170906578,0.5730992679135053,0.7286244162755741,0.8446822990729154,0.6406062312282254,0.7940882229770602,0.04440364476782241,0.9509558256168253,0.9023110235405059
RipVIS-014_00068.jpg,0.750420649940207,0.5553356029060844,0.714103890978206,0.8274944262078991,0.6280438244141547,0.778075089890459,0.04940738698667259,0.9489781057094189,0.8933038726157799
RipVIS-014_00069.jpg,0.7475529204245894,0.5506123521220675,0.7101869804771452,0.8268770743263393,0.6223588022613208,0.7758832426283335,0.06295026928286002,0.9480280671291724,0.8925067796612605
RipVIS-014_00071.jpg,0.738668466137264,0.5361919412886621,0.6980793569830446,0.7839204329615462,0.6291824438540202,0.7471694100585632,0.044526647482906793,0.9448943865736184,0.8715267771853288
RipVIS-014_00072.jpg,0.7632077269339115,0.5779529090415737,0.7325350531437774,0.8706878980836261,0.6322201101631576,0.8096121977828028,0.04265972361021031,0.951860050153862,0.9145986187692057
RipVIS-014_00073.jpg,0.7587265383675236,0.5689250623234003,0.7252418563330064,0.8438605582478049,0.6358609718442159,0.7920427633317161,0.025885558581342945,0.9518021797834916,0.9022313914743593
RipVIS-014_00074.jpg,0.755109118143517,0.5616453361233404,0.7192994761763001,0.8344627803220098,0.6320684010146147,0.7842386303568981,0.03286514910171832,0.9517520254625039,0.8977994675155256
RipVIS-014_00075.jpg,0.7583300266228469,0.565893788007865,0.7227741655809196,0.8321721597772664,0.6387973703937825,0.7846658309145462,0.039281625641150425,0.9537355324069474,0.8977030330646857
RipVIS-014_00076.jpg,0.761587882354454,0.571338522251282,0.7271997907016448,0.8282753368815794,0.6481100546612705,0.784650996480795,0.04142484039165519,0.9547424768513915,0.8964757705270525
RipVIS-014_00077.jpg,0.7784491925701943,0.6008891625702635,0.7506942724323555,0.8774967980974092,0.6559118430332681,0.8219606421715087,0.026584446726510145,0.9587418016970685,0.9212139950692388
RipVIS-014_00078.jpg,0.7559533000908236,0.5625061062778668,0.7200050022432797,0.8705609050298593,0.6138457437756483,0.8033660902182199,0.024724910511419534,0.9524913194439851,0.9146173966509642
RipVIS-014_00079.jpg,0.8034310038374045,0.6433848624741849,0.7829996212883962,0.8698378231602779,0.7119261571231941,0.832889343996008,0.043325972737125865,0.9657349537032379,0.9214547873579606
RipVIS-014_00080.jpg,0.842051597156672,0.7103065173191349,0.8306189681514207,0.8632774517384212,0.800341406025111,0.8499106522116973,0.0467643271050576,0.9753785686723692,0.9235424006242562
RipVIS-014_00081.jpg,0.9219680873359113,0.8549142283205654,0.9217830293906393,0.8760351840845806,0.9725721784701824,0.8937783768444949,0.09973179695045874,0.9896889467587819,0.9370970231703698
RipVIS-014_00082.jpg,0.9172599771391801,0.8463367553394314,0.9167739881599665,0.8628718130252855,0.9778592375291105,0.8836537549583526,0.05886864812474893,0.9889052854933502,0.9306913893145294
RipVIS-014_00083.jpg,0.9362953132881682,0.8811644687670623,0.9368287392166067,0.9348009713792871,0.9388653234287314,0.9356110242211607,0.0784429371789597,0.991938657406929,0.9653214091692732
RipVIS-014_00084.jpg,0.9166891250602793,0.8452042551132982,0.9161091546056526,0.9422120340334545,0.8914135865842772,0.9315943926867314,0.07085002224558522,0.9888913001538441,0.9671575336299454
RipVIS-014_00085.jpg,0.9160048096556134,0.8437305586072362,0.9152427990829579,0.926956587044262,0.9038213668387393,0.9222352744250555,0.08960773377118351,0.9889766589501403,0.9600943020971613
RipVIS-014_00086.jpg,0.9437690268371757,0.8948872797565676,0.9445282464205808,0.9136020471465285,0.977621560157749,0.9257262776102249,0.050499061167062056,0.993083526234089,0.9560806445531245
RipVIS-014_00087.jpg,0.9421396831218052,0.8917587262005396,0.9427827278921266,0.9123767217196238,0.9752852327160696,0.9243006960784916,0.045695754712490586,0.992954764660015,0.9554029597410406
RipVIS-014_00088.jpg,0.8905319407634427,0.7968016606455065,0.8869110910764109,0.890498707049202,0.8833522664745256,0.8890601833752554,0.05664410402060526,0.985176986882241,0.94114358801422
RipVIS-014_00089.jpg,0.93181633198241,0.8725739750642011,0.9319514066559479,0.8890110869951474,0.9792503949302269,0.9057034577468094,0.04474785728077059,0.9915745563266823,0.9438518654689432
RipVIS-014_00090.jpg,0.7198827872722144,0.500417147718748,0.667037361549204,0.8682384764347827,0.5415429793457384,0.7747608106538908,0.028819101206842133,0.9428221450612737,0.9081639972674431
RipVIS-014_00091.jpg,0.727972623620865,0.5134649832530851,0.678529056086159,0.8853071729576985,0.5500546944501351,0.7891156553055894,0.04234940235554901,0.9457720871909019,0.9176290318771623
RipVIS-014_00092.jpg,0.775575835701579,0.5940204334186229,0.7453109395149401,0.9074657630670689,0.6323215623433529,0.83481462584802,0.05794674258432869,0.9596614583328705,0.9353791233275319
RipVIS-014_00093.jpg,0.6611500585356451,0.41297019015058384,0.5845419712733961,0.9067605017436787,0.4312844704969604,0.7429460903235059,0.03919433859286919,0.9147665895057316,0.9110469967197399
RipVIS-014_00094.jpg,0.5894163437132163,0.3154492051538051,0.4796068201157522,0.8607443229544383,0.3324139536385446,0.6531304910165374,0.04416994197740533,0.8714747299378514,0.8665059733386965
RipVIS-014_00095.jpg,0.5740448326986589,0.2906350887613175,0.45037530947690796,0.8056398521330355,0.3125496805413095,0.6124081957719476,0.02073246430659637,0.8653202160489654,0.8376741253596154
RipVIS-014_00096.jpg,0.5886105051202142,0.31349323093199577,0.4773427430753565,0.8599116572694459,0.33036539863062436,0.6511610454769613,0.04026571877861047,0.8717110339501969,0.8662426571919086
RipVIS-014_00097.jpg,0.5621357209562308,0.27503622220139046,0.4314171117845291,0.7845903152657244,0.2975009148807538,0.5910489436805226,0.028357380686550644,0.8573919753082285,0.8236871203884903
RipVIS-014_00098.jpg,0.6267034506327847,0.3618341171816316,0.5313923518533392,0.8423828796226168,0.38811005758701866,0.6825916840398951,0.03036219200011026,0.8978525270057398,0.8721653485946119
RipVIS-014_00099.jpg,0.5997239593171553,0.32686486003823495,0.49268749197083417,0.8590809223422822,0.34538334000244303,0.6621225273569024,0.03601583113218893,0.8800072337958719,0.8703053713423134
RipVIS-014_00100.jpg,0.5818989680806863,0.3041188310807036,0.4663974230456973,0.877925465650029,0.31754706329707444,0.6489010590257657,0.03571059431339997,0.8677869405860013,0.8724990644831341
RipVIS-014_00101.jpg,0.7355737311992185,0.5249844467061962,0.6885112144456379,0.8468547741920815,0.5800536962199451,0.7755138192778627,0.05802022030647199,0.9491864390427521,0.9016546389280949
RipVIS-014_00102.jpg,0.9015681177128329,0.816938610601964,0.8992473447755142,0.8505871457093428,0.953812857237224,0.8694052985358282,0.0587795533072816,0.9869984567896475,0.9237859282734718
RipVIS-014_00103.jpg,0.8813906887631586,0.7792499162036207,0.8759308168088085,0.804286743001537,0.961586832657003,0.8314904263720351,0.05666069576160453,0.9844362461415006,0.9009655484260479
RipVIS-014_00104.jpg,0.7829093545559569,0.6032957071601056,0.7525694785632708,0.7966001467608304,0.7131512982867202,0.7783837520310657,0.028600453228991133,0.9645437885797817,0.8866685695997234
RipVIS-014_00105.jpg,0.8687248897926685,0.7552296713325403,0.860547976902855,0.769620542240138,0.9758392905531098,0.8035839366670939,0.058602771356947386,0.9831447723760691,0.8841198059014143
RipVIS-014_00106.jpg,0.7240990737243447,0.5072352381052718,0.6730671169059336,0.8530017879264075,0.5558206888136106,0.7705984844258605,0.034397861562014784,0.9443451003081865,0.9019616858741748
RipVIS-014_00107.jpg,0.69222230470912,0.45648046675854537,0.626826761054284,0.8713548073388429,0.4894676083940969,0.7537398356371069,0.03952843272957501,0.9320736882711554,0.9038411675319156
RipVIS-014_00108.jpg,0.6783656862283027,0.43334264741257345,0.6046602299803615,0.8431326451835349,0.47134466896471433,0.7282470746503541,0.02996254681443905,0.9276287615736267,0.8883487751008363
RipVIS-014_00109.jpg,0.7579326938701816,0.5638489041146167,0.7211040691093409,0.8900033802089119,0.6060850201385839,0.8137625490641365,0.059040874446998626,0.9548191550921321,0.9246875143098657
RipVIS-014_00110.jpg,0.7428952721817865,0.5386225028144679,0.7001360006489087,0.8792479271219253,0.5816482221807866,0.7976269301056758,0.04864664441611816,0.9502372685180602,0.9172537379272321
RipVIS-014_00111.jpg,0.7648529804874076,0.574879971488956,0.7300619499852309,0.9104977347887296,0.6093127947540408,0.8285835253616147,0.041105121290722885,0.9574266975304024,0.9355460226889305
RipVIS-014_00112.jpg,0.8019395942633014,0.6393534031243878,0.7800068025672389,0.9270467339081412,0.6732257108642726,0.8620447372340934,0.06350992844573439,0.966624710647682,0.948184835951969
RipVIS-014_00113.jpg,0.8001965950868087,0.6357058351257251,0.7772862595148264,0.9375301833517352,0.6638244832189998,0.8661080760573596,0.06654602286200986,0.9667370756168178,0.953097439001214
RipVIS-014_00114.jpg,0.8164903836401332,0.6639105436957778,0.7980123044609595,0.9324258894751162,0.6974688794215897,0.8735698283720883,0.0671478932292137,0.9708511766970627,0.9529030700901648
RipVIS-014_00115.jpg,0.8091926436184056,0.6510123672942376,0.7886220360192087,0.9424019899004065,0.6779887045536362,0.8742139011811875,0.056448290065393626,0.9692447916661993,0.956693427536996
RipVIS-014_00116.jpg,0.7753712017698529,0.5918087489113792,0.743567654488783,0.924675633845775,0.6217843021081969,0.8425854820445404,0.042341417170207646,0.9612413194439808,0.9441414352499532
RipVIS-014_00117.jpg,0.7597828482879307,0.5652731681452104,0.7222677544713014,0.9270043908856933,0.5916065280269359,0.8325996991026043,0.04641909813961467,0.9568566743822546,0.9428919946996253
RipVIS-014_00118.jpg,0.7550102031231277,0.5568979914921783,0.7153943219599511,0.9229390824293193,0.5840555645523648,0.8269730315558894,0.03100075244311507,0.9557306134254651,0.9403866584193743
RipVIS-014_00119.jpg,0.7573954258946141,0.5611227778126971,0.7188707842683472,0.9349226440422219,0.5839300280945853,0.8345903947076757,0.07065906209833182,0.9562591628081808,0.946269649835868
RipVIS-014_00120.jpg,0.7506677173815768,0.5498035754927227,0.7095138818710313,0.9403711788544875,0.5696637498743011,0.832076756048804,0.05745805561499594,0.9542404513884287,0.9477439616546417
RipVIS-014_00121.jpg,0.732773654274272,0.520274960253822,0.6844485028773453,0.9299310035624416,0.5415029526753942,0.813258536134635,0.03677797833658408,0.9483386381168266,0.9397249012881272
RipVIS-014_00122.jpg,0.7267614108166192,0.5100771490227639,0.6755643568977344,0.9434530384402869,0.5261630427318617,0.8142929578976658,0.036029129932079025,0.9465904706785558,0.9451200047632309
RipVIS-014_00123.jpg,0.6920851748382442,0.45427528199079714,0.6247445550596545,0.9381497435820461,0.46830061477652,0.7813608363527519,0.04882871919312225,0.9337606095674509,0.9358181373635465
RipVIS-014_00124.jpg,0.7377739288459302,0.526814785535699,0.6900834214162532,0.9284458596536441,0.5491091352233703,0.815739662731921,0.054187572361699146,0.9515012538575658,0.9406853677299947
RipVIS-014_00125.jpg,0.7642446991934129,0.571965396321742,0.7277073625921916,0.944015123868661,0.5920479246154899,0.8437006275214237,0.05941499085429491,0.9589110725304018,0.9519230353912758
RipVIS-014_00126.jpg,0.7844546876839539,0.6067457454451537,0.7552479876360936,0.9468595034402089,0.628135211573561,0.8596226721402406,0.05472508590595145,0.9642505787032387,0.9560929130051251
RipVIS-014_00127.jpg,0.7943989046998972,0.624045126124347,0.7685071259239951,0.9493886882397089,0.6455199292569231,0.8676975814938019,0.055497106781036545,0.9667009066353363,0.9585799057220843
RipVIS-014_00128.jpg,0.772054446432368,0.5858513177267156,0.7388477232109264,0.9449302842494326,0.6065610752870716,0.8500863938825779,0.05714285713796896,0.9605849729933639,0.9532484467411098
RipVIS-014_00129.jpg,0.7775572326439253,0.5959980798838028,0.746865660298532,0.9655768034237732,0.6089364997387251,0.8643327803213723,0.040532081373980275,0.9614419367279314,0.9633799534036181
RipVIS-014_00130.jpg,0.9250923178409234,0.8599146493940113,0.924681839216853,0.9677795995348887,0.8852589399943549,0.9500672284482828,0.049080935420163514,0.9908183834871765,0.9800113418510703
RipVIS-014_00131.jpg,0.8572022117776927,0.735769532133965,0.8477732999834439,0.965192811424739,0.7558242942314929,0.9145267728248798,0.049432314406163115,0.9798345871908855,0.9729659158515782
RipVIS-014_00132.jpg,0.7470378219566713,0.5423854877009525,0.7033073016129333,0.9727833408321543,0.550742974839141,0.8435057970274273,0.04184810686826717,0.9543065200612681,0.9630002756546401
RipVIS-014_00133.jpg,0.6330401580197347,0.36367619964358827,0.533376177920593,0.9308364204794648,0.37377642061320127,0.7170919392613597,0.034338461536348404,0.9075602816353648,0.9184980585759256
RipVIS-014_00134.jpg,0.6369200274662213,0.36967315268831685,0.5397976180853707,0.9450492039076641,0.37779383165665387,0.7267938158997139,0.03659399318048788,0.9092664930551171,0.9260903234404252
RipVIS-014_00135.jpg,0.7549972949346044,0.5556112846410078,0.7143317744306896,0.9527799776805322,0.5713439481959937,0.8405480044835638,0.05048261069017292,0.9568446180550941,0.9549342981054181
RipVIS-014_00136.jpg,0.6435642195489302,0.37907455879238255,0.5497520875511295,0.9238836123351813,0.39129508586546297,0.7261989322910146,0.028883634735198182,0.9129407793205474,0.9180782206238225
RipVIS-014_00137.jpg,0.7305975179996811,0.5160502945232825,0.6807825523830039,0.9295703809386595,0.5370483198175139,0.8110177816657183,0.04176729648801198,0.9481761188267033,0.9394612449583826
RipVIS-014_00138.jpg,0.7985178680093217,0.631856790867166,0.7744022568688743,0.9523960776570857,0.652463077546059,0.8722065507792047,0.05460465892505597,0.9671426504624966,0.9602334373487087
RipVIS-014_00139.jpg,0.7906763245669324,0.6193282141798786,0.7649199325456603,0.9441092932016925,0.6428993877875603,0.8632222672140084,0.014313197382507642,0.9642341820983005,0.9548326547895305
RipVIS-014_00140.jpg,0.793510436795837,0.6251794972533762,0.7693667047977859,0.9576069088393601,0.6429748468704051,0.8722426082922097,0.04800435695572984,0.9641247106476832,0.9610830215242099
RipVIS-014_00141.jpg,0.8219457529361631,0.6748650366869882,0.8058739324117997,0.9422858475378784,0.7039632672749223,0.8825307401593444,0.06460492227456242,0.9708974729933589,0.957571572858255
RipVIS-014_00142.jpg,0.7748286239406645,0.5938487962751439,0.7451758255400139,0.9509172786823304,0.6126271722698114,0.8563434409965951,0.04198070014496156,0.958490547839044,0.9549620732073096
RipVIS-014_00143.jpg,0.782177725264731,0.6068141803444834,0.7553010021537016,0.9570705933492661,0.6237929853709152,0.8646755212246304,0.05585087016268471,0.9601523919748456,0.9587173043245203
RipVIS-014_00144.jpg,0.7588939111272925,0.5669875805835769,0.7236656979405283,0.9495494404818864,0.5845984003997382,0.8441525247021948,0.035883831329525,0.9537779706785524,0.9518076408029013
RipVIS-014_00145.jpg,0.7710527175173072,0.5893451869333308,0.7416201235308519,0.9477310029014099,0.6091444540551372,0.8529143101471246,0.04790089469732272,0.9557595486106502,0.9520335123504291
RipVIS-014_00146.jpg,0.8268166475363772,0.6850179152132763,0.8130689994789427,0.9729035100530701,0.6983412484611701,0.9019785115482387,0.05692483784380581,0.9706206597217542,0.9716818548497612
RipVIS-014_00147.jpg,0.8337487156582852,0.697567427382274,0.8218435581766017,0.9575720897048232,0.719815243973647,0.8982342671587583,0.052102950403946725,0.971880304783482,0.9652459677758856
RipVIS-014_00148.jpg,0.7480140168856371,0.5666022947439304,0.7233517998089548,0.9272974646973297,0.5929426420388312,0.8333174751184609,0.04993118634462256,0.9353872492279439,0.9317477525144158
RipVIS-014_00149.jpg,0.7541627601311598,0.5772085492209287,0.7319368760789995,0.9257737634539234,0.6052174975956415,0.8370990784687045,0.037135739526265234,0.937038001542758,0.9319823472258146
RipVIS-014_00150.jpg,0.7313001368649333,0.5419102838688842,0.7029076717863896,0.8977986865770974,0.5775377801426861,0.8081682875894446,0.0361232059325849,0.9274927662032564,0.9142140262166645
RipVIS-014_00151.jpg,0.733231667979936,0.5469528520740293,0.7071357751346062,0.9073580925139085,0.5793036445401918,0.8150473001879937,0.031054306537775675,0.9266391782402938,0.9180414303349191
RipVIS-014_00152.jpg,0.9049845200732181,0.8295556403346852,0.9068383841914013,0.8916320410226546,0.9225723998623696,0.8976529679365954,0.048105255941334524,0.9821180555550819,0.9417688784944814
RipVIS-014_00153.jpg,0.9182005110318525,0.8533114621488282,0.920850574311404,0.892777994101959,0.9507459018862525,0.9037990971401652,0.034843442230873906,0.9846040702155745,0.943810446538621
RipVIS-014_00154.jpg,0.8639193502699303,0.7592928395511718,0.8631795940747209,0.8797655475138553,0.8472074486104133,0.873055261952495,0.022874482113387728,0.9713850308637291,0.9308127202488294
RipVIS-014_00155.jpg,0.7081824199255856,0.5138799756012785,0.678891304308556,0.8908150599876301,0.5484223366213511,0.7919309106394248,0.02484895731705082,0.911597704474869,0.9024242373375806
RipVIS-014_00156.jpg,0.8042747034330876,0.6614408958830913,0.7962256105794498,0.8970373586537532,0.7157836929333262,0.8537969686151963,0.06027116326419783,0.9520621141970718,0.9277570526218136
RipVIS-014_00157.jpg,0.7447519118902683,0.5680156906351839,0.7245025595440154,0.7982269576452754,0.6632451112068306,0.7670071159944248,0.043476047444714346,0.928834876542762,0.8722030191976289
RipVIS-014_00158.jpg,0.7686799313334285,0.605836168781296,0.7545429360220206,0.7969343401494209,0.7164336146379539,0.7794187535425973,0.04725936510935698,0.9380444637341155,0.8770642191859996
RipVIS-014_00159.jpg,0.7486913657522267,0.572259468501248,0.727945329592135,0.7686849112033388,0.691306719778956,0.7518538605935061,0.05179367437636417,0.93194106867239,0.8612814054989453
RipVIS-014_00160.jpg,0.8537386797095348,0.7421035377543432,0.8519626091925064,0.7578543164929237,0.9727569246649094,0.792887442460294,0.0601690367547512,0.9685112847217552,0.8774860505815884
RipVIS-014_00161.jpg,0.8337150484726372,0.7078490430256155,0.8289363113400166,0.7857361337650144,0.8771631959058643,0.8024643686140096,0.054490291258829475,0.9631862461415108,0.8858228902754568
RipVIS-014_00162.jpg,0.8631796026568647,0.7573412755913933,0.8619171314194817,0.7838529608445068,0.9572499659625053,0.8133179711202256,0.04776416031482185,0.9717496141970622,0.889708159618834
RipVIS-014_00163.jpg,0.8198560107776811,0.6846730123820027,0.8128259992886404,0.779988242803879,0.8485502378656679,0.7927997248850105,0.049237420436577556,0.95903790509213,0.8810354033009629
RipVIS-014_00164.jpg,0.7278023070192944,0.5390443384596924,0.7004922795131154,0.7950899923624232,0.6260111249189197,0.7543420580970729,0.042577675486734745,0.923978105709431,0.8676467528283134
RipVIS-014_00165.jpg,0.8693956680679742,0.7677861723032705,0.8686414503434116,0.7857823559445113,0.9710350512763043,0.8169538148920762,0.04877556512050756,0.9735416666661971,0.8914229886501794
RipVIS-014_00166.jpg,0.869957568716024,0.7686289533019681,0.8691805614365465,0.7866948395635232,0.9709897886154628,0.8177362923407019,0.04818711882258648,0.9737866512340982,0.8918846188498537
RipVIS-014_00167.jpg,0.8617028228863697,0.7542566388395775,0.8599159577227086,0.7778028325335082,0.9614129123846304,0.8086915199339217,0.03906042054571064,0.9718176118822474,0.8869483442543125
RipVIS-014_00168.jpg,0.8557017814981016,0.7435888819314904,0.8529406096094936,0.7840662966750493,0.9350803703908643,0.8102366983613191,0.06404874745673332,0.9705623070982974,0.8887076205686931
RipVIS-014_00169.jpg,0.8653669499910597,0.7602966460487383,0.8638278641902128,0.808297223191083,0.9275513558309676,0.8296301274350854,0.03852507764233628,0.9729716435180493,0.9004033407246608
RipVIS-014_00170.jpg,0.9092410938508481,0.8372016037038051,0.9113878433548105,0.8846051078216458,0.93984298787084,0.8951270613612924,0.040220765778529094,0.9829243827155754,0.9391825046964988
RipVIS-014_00171.jpg,0.8852258019273873,0.7955373013236425,0.886127289850436,0.8954304860831572,0.8770154194408809,0.8916858644414657,0.0320701574681814,0.9771450617279238,0.9407927139007277
RipVIS-014_00172.jpg,0.6552259566443521,0.4386566061570158,0.6098141895427971,0.9254403591442504,0.45472716370068383,0.766708001698878,0.026906736798153613,0.883469810956364,0.9021648195463868
RipVIS-014_00173.jpg,0.6477590019045353,0.4276982939779298,0.5991438047968157,0.9211885219528624,0.4439427603884465,0.7581778029030539,0.018018467680657926,0.8797029320983412,0.8982024451073922
RipVIS-014_00174.jpg,0.6717246910188546,0.45855987731657766,0.6287844392925778,0.9455167032783118,0.4710054874512982,0.7869543595694176,0.03828197945646426,0.8951147762341363,0.9177026455134808
RipVIS-014_00175.jpg,0.6675379173898894,0.45752820217778445,0.6278138584133917,0.9468641922267144,0.4695849914712915,0.786904571757054,0.048657550651329595,0.8890104166662379,0.9147637476142205
RipVIS-014_00176.jpg,0.693083695289141,0.4914301849486185,0.6590052821889867,0.9442646884694774,0.5061107953405519,0.8048999319734184,0.04058850763719386,0.904455536264996,0.9222030605269332
RipVIS-014_00177.jpg,0.7023877124376257,0.503824628104426,0.6700576898245083,0.9620990957551896,0.5140268547388742,0.8192692742028925,0.06380921688345638,0.9100024112649933,0.933316872599903
RipVIS-014_00178.jpg,0.8947083728523906,0.811583073997083,0.8959932179167509,0.9357118449207557,0.8595092024499,0.919409189971247,0.03627601900567057,0.9797656249995275,0.9600011703630161
RipVIS-014_00179.jpg,0.8931997245548892,0.8086680569371263,0.8942138982722551,0.9226217569365114,0.8675031611668733,0.9110447370894129,0.04957930602534043,0.9796469907402683,0.9540661511318322
RipVIS-015_00000.jpg,0.8183076500349684,0.6598698129747295,0.7950862264217532,0.7401493743666884,0.8588321927727234,0.7611872078166423,0.0032484635642450865,0.9777493248455611,0.8663072025606839
RipVIS-015_00030.jpg,0.8066820159091552,0.6373818584679877,0.7785378287559048,0.6801917618511332,0.910129647786804,0.7163899429323931,0.002104107583743106,0.9769550540122278,0.8379693380345377
RipVIS-015_00060.jpg,0.47022852768127044,0.0,0.0,0.0,0.0,0.0,0.0,0.9404570553625409,0.4999999999999359
RipVIS-015_00090.jpg,0.47022852768127044,0.0,0.0,0.0,0.0,0.0,0.0,0.9404570553625409,0.4999999999999359
RipVIS-015_00120.jpg,0.4712356529706222,0.0,0.0,0.0,0.0,0.0,0.0,0.9424713059412444,0.499999999999936
RipVIS-015_00150.jpg,0.47037133487648647,0.0,0.0,0.0,0.0,0.0,0.0,0.9407426697529729,0.4999999999999359
RipVIS-024_00000.jpg,0.7458362176657674,0.5967618469262846,0.7474650625890543,0.6066382645728674,0.9734429934672225,0.6560821535498819,0.015563472715585648,0.9090547839501789,0.8009597237806032
RipVIS-024_00002.jpg,0.7422043598686053,0.5908677829963224,0.742824500328307,0.6058102111674666,0.9599287158396734,0.6540674141984326,0.010849056602750089,0.9077276234563524,0.7993393560681334
RipVIS-024_00003.jpg,0.7490096622264167,0.6005908630792927,0.7504614413752775,0.615457059403584,0.9613367009875331,0.6631780697068391,0.01271503365625327,0.9111347415119063,0.8042961954123311
RipVIS-024_00004.jpg,0.7510944966749405,0.60365343082644,0.7528477403192387,0.6189430210788799,0.960686719044129,0.6663510395049327,0.0123113949817355,0.9121166087958564,0.8059771090269243
RipVIS-024_00005.jpg,0.7525612908268324,0.6065433682562342,0.7550911855116433,0.6204163282814665,0.9644449336749256,0.6680785925475476,0.01661129567953015,0.9122921489193131,0.8070213789394923
RipVIS-024_00006.jpg,0.7493536916893728,0.6017799924187702,0.7513890737392112,0.6153177135269288,0.9647293164006271,0.6633704308227248,0.014164827077431491,0.9108183834872151,0.8045043576267314
RipVIS-024_00007.jpg,0.7502428549957023,0.6039357185901271,0.7530672352891943,0.6140945359370584,0.9733387076181453,0.6630379327387241,0.015002300965025098,0.9106452546291904,0.8046490965158505
RipVIS-024_00008.jpg,0.7505364861876861,0.6042378688581861,0.7533020889081138,0.6140793391006362,0.9741620087589058,0.6631001088062567,0.015469201377740266,0.9108733603390669,0.8047213554884622
RipVIS-024_00009.jpg,0.7505943701796024,0.6048488101615315,0.753776687662749,0.613175095712138,0.9780427572063566,0.6626139136741211,0.01393275125265347,0.9105353009254868,0.8046083476203048
RipVIS-024_00010.jpg,0.7521302397993505,0.6075740384234722,0.7558893387197425,0.6144175232908722,0.9819978227016247,0.6641373495822794,0.013026891224246126,0.9109331597217829,0.8055789973360319
RipVIS-024_00011.jpg,0.7469376595102806,0.6004501320388707,0.750351566748207,0.6069094185602228,0.9825838030020712,0.6571602515658588,0.012004801919659728,0.9081380208328954,0.8018709896924288
RipVIS-024_00012.jpg,0.7467841595739375,0.6003034163664627,0.7502369990929216,0.6065708097154006,0.9830791139749735,0.6568868747818853,0.014789321922166372,0.908011188271167,0.8017457173911506
RipVIS-024_00013.jpg,0.7472568529890287,0.6012817296018875,0.7510005497300951,0.6070980708400916,0.9843163295659288,0.6574920331086127,0.008582502767757244,0.9080386766970929,0.8021170906124249
RipVIS-024_00014.jpg,0.7469911364688371,0.6012179065161931,0.7509507657508988,0.6071744916302356,0.9839445474845073,0.6575305448772281,0.01113792463234287,0.9076885609563524,0.8021141227250327
RipVIS-024_00015.jpg,0.7499068699681835,0.6057903717690573,0.7545074156867361,0.6105960988950785,0.9871744318032376,0.6610287469714752,0.012551134249483903,0.908865258487216,0.8041175046256355
RipVIS-024_00016.jpg,0.7468351252917512,0.601198060321628,0.7509352842968935,0.6058028626828851,0.9875145100683252,0.6565599015034167,0.01002852148219445,0.9074710648143772,0.8017558594448247
RipVIS-024_00017.jpg,0.7449271235085702,0.5980620928885213,0.7484841741130535,0.6022581145087266,0.9884846089029837,0.6533112325503095,0.009575923391739542,0.9067983217588219,0.800079638725893
RipVIS-024_00018.jpg,0.7457829011818751,0.5996138234579418,0.7496982267404209,0.6033921889383982,0.989664755648267,0.6544818937123272,0.010152284263039133,0.9070003858020317,0.8007506227330364
RipVIS-024_00019.jpg,0.7461802938365913,0.6008118884239808,0.7506339661376298,0.605018131309353,0.9885609257224978,0.6559146038521501,0.006240390702157874,0.9067669753082047,0.8014520316534691
RipVIS-024_00020.jpg,0.7464170396032452,0.6008942235795018,0.7506982219424079,0.604704960464234,0.98962145422086,0.6557133281838903,0.007328327150336712,0.9070606674378342,0.8013978231491456
RipVIS-024_00021.jpg,0.7447345660179057,0.5976014129906156,0.7481232904920145,0.6056981452304935,0.9781206534452705,0.655624351043449,0.013476845150734728,0.9068296682094392,0.8008433247628796
RipVIS-024_00022.jpg,0.7449336718586994,0.5977338174521144,0.7482270337186865,0.6060002157881582,0.9776881252462508,0.6558685542756266,0.00984643179676184,0.9070341435180811,0.8009584655100592
RipVIS-024_00023.jpg,0.7464839843412576,0.6002936410434261,0.7502293649708208,0.60835133341377,0.9784119106666493,0.6581361402687246,0.007653520618795829,0.9075723379625252,0.802191542201902
RipVIS-024_00024.jpg,0.7450825784129187,0.598180761804748,0.7485771022912971,0.6062365455223371,0.9782684212643948,0.6561422407885575,0.012066636649070992,0.9069473379625256,0.8011239360395581
RipVIS-024_00025.jpg,0.7465443429412351,0.6006018692898887,0.7504700335709933,0.6087094998331403,0.9783044228434823,0.658461725205268,0.013921533175382252,0.9074498456785747,0.8023541209685334
RipVIS-024_00026.jpg,0.7465794684976561,0.6006712945609728,0.7505242289307413,0.6086055420723876,0.9787573832046724,0.6584054172167425,0.014170224360598581,0.9074541859563525,0.8023441028427155
RipVIS-024_00027.jpg,0.7451016948695963,0.5986392441799826,0.7489360046169177,0.6074646589188987,0.9763061865643419,0.6571153600143494,0.009891107077142367,0.9066603973761059,0.8015407272433861
RipVIS-024_00028.jpg,0.7462059486203436,0.6004457251832647,0.7503481258191477,0.6098329245041746,0.9750047129128009,0.6592123255869002,0.010034665206163595,0.90705584490697,0.8025942121243259
RipVIS-024_00029.jpg,0.7443090273746326,0.5974035665191553,0.7479682392608349,0.6066536862587872,0.9751118208667721,0.656247979153517,0.009683902794657051,0.9063343942896863,0.8010259720135227
RipVIS-024_00030.jpg,0.7448284865314054,0.5984451831903566,0.7487841178211847,0.6091513039437169,0.9714693486879075,0.6582514374910405,0.009319323891336745,0.9063888888884518,0.8019184847195073
RipVIS-024_00031.jpg,0.7435319209974157,0.5961976745137362,0.7470223569839007,0.6058327157569944,0.9740177096557786,0.6553803153594712,0.007080459769463866,0.9060108024686989,0.8005155431775434
RipVIS-024_00032.jpg,0.7447190485465813,0.5980102618544384,0.7484435815330337,0.6076484744764088,0.9741615511144718,0.657092644491105,0.007527079125433534,0.9065253665119085,0.8014328532243954
RipVIS-024_00033.jpg,0.7440892209750555,0.5973041820522843,0.7478903376873934,0.6075664238875561,0.9724993940340534,0.6568644482483251,0.005388619964801477,0.9060768711415383,0.801227413951938
RipVIS-024_00034.jpg,0.7417362736968603,0.593493950986261,0.7448963965240406,0.6054016652625513,0.9679218873810084,0.6544224320240658,0.0036503011495117445,0.9052054398143783,0.7997278294132071
RipVIS-024_00035.jpg,0.7425326769589244,0.5948235410836316,0.7459427651531504,0.6066949047111292,0.968151751885903,0.6556520930758203,0.003559043620773951,0.9054730902773411,0.8003880307586668
RipVIS-024_00036.jpg,0.741463739116257,0.5931995126270714,0.744664441490982,0.605332923096397,0.9673144727548743,0.6543026185771876,0.006394810008675179,0.9050033757711685,0.7996315839060495
RipVIS-024_00037.jpg,0.7424806962245515,0.5949057783617449,0.7460074274391558,0.6073601018079838,0.9666797452658253,0.6561380539175808,0.005471068248750828,0.9053395061724029,0.8005730838051369
RipVIS-024_00038.jpg,0.743384120764655,0.5961222205891011,0.746963124627239,0.6088207581039156,0.966194038104324,0.657456403114966,0.008983977029824583,0.9058434606477113,0.8012599574331873
RipVIS-024_00039.jpg,0.7439078251624538,0.5969295268669567,0.7475965805931122,0.6087698823874087,0.9684453307517241,0.6576169719960242,0.005021387390271398,0.9060652970674643,0.8014472965224417
RipVIS-024_00040.jpg,0.7444969304423346,0.5982125730396815,0.7486020109351607,0.6098528734555921,0.9690797431187256,0.6586863881351421,0.0039058867289216135,0.9060575810180815,0.8020309840337503
RipVIS-024_00041.jpg,0.7440117638977768,0.5973808894893078,0.7479504649392594,0.6090044452098611,0.969039449676238,0.6578907298599568,0.002508827355277009,0.9059095293205508,0.8016087580366558
RipVIS-024_00042.jpg,0.7430674854715855,0.5958221600151197,0.7467275175693444,0.6063516673271562,0.9716802003764806,0.6556536909824446,0.0036141228798430057,0.9055801504625263,0.800543132966784
RipVIS-024_00043.jpg,0.7428900702387563,0.5954854979509483,0.7464630655881473,0.6058029907935338,0.9721948719299301,0.6551871768581339,0.004000744324153261,0.9055483217588226,0.8003208671953155
RipVIS-024_00044.jpg,0.7416009546611235,0.5934367940917654,0.7448513757083353,0.6038985871443618,0.9716357612502861,0.6533538474688548,0.002801643630668505,0.9050438850304278,0.7993236179063438
RipVIS-024_00045.jpg,0.7420924892886362,0.5941666976562782,0.745426056797967,0.6042450639877542,0.9726948027755965,0.6537740369969929,0.003915353779815852,0.9052715084872177,0.7995960228949408
RipVIS-024_00046.jpg,0.7423668475455893,0.5946227896203218,0.7457848884273138,0.6049171783898754,0.9721767207135426,0.6543564735017966,0.0036154630570487192,0.9053650655859832,0.7998806017897753
RipVIS-024_00047.jpg,0.7419559318810276,0.5939806763671862,0.7452796450718804,0.6044536923177392,0.9716567729434464,0.6538754837732746,0.0028719659067192914,0.9051967592588227,0.7996016986915486
RipVIS-024_00048.jpg,0.743017087430563,0.5956157429786252,0.7465653878129278,0.6055852913782804,0.9731036648545331,0.65506588802786,0.0029659838721877853,0.9056471836415385,0.8003000670951501
RipVIS-024_00049.jpg,0.7438144360246045,0.5967553649477647,0.7474599779626062,0.6062977885807762,0.9743036922357737,0.6558415974915902,0.0032392410917872058,0.906046489197094,0.8007697714993068
RipVIS-024_00050.jpg,0.7415940436791408,0.5930945767060181,0.7445817534980722,0.6026241957231532,0.9740296852163318,0.6523754123528824,0.002858987364856683,0.9052690972217856,0.7989242088439907
RipVIS-024_00051.jpg,0.7410591705883461,0.5921598136020825,0.743844692653544,0.6013341697317318,0.9748826891870152,0.6512417969271846,0.0031423290200422987,0.9051181520057363,0.7983649957196546
RipVIS-024_00052.jpg,0.750945948545221,0.6065177740228257,0.7550713522503588,0.6135763169768659,0.9813858700249073,0.6632950380074084,0.01665419161520825,0.9099040316353637,0.8050858244641313
RipVIS-024_00053.jpg,0.7502485107498558,0.6054855339282368,0.7542709306719935,0.6125121860871853,0.9814057549359624,0.6623017573643172,0.014279048062129812,0.9095809220674625,0.8045563819816921
RipVIS-024_00054.jpg,0.7502016481464544,0.6054819406292594,0.7542681425515684,0.612521589679893,0.9813721748105817,0.6623074941581262,0.017887244800722304,0.9095138888884503,0.8045563641930622
RipVIS-024_00055.jpg,0.7520223647512965,0.608444676144592,0.7565627654698339,0.614166645446375,0.9849187066532428,0.6641691655445809,0.02164705882149204,0.9101726466044994,0.8057003315176019
RipVIS-024_00056.jpg,0.7522776596739419,0.6089094973556637,0.7569220000956447,0.6149091912063674,0.9842289184006675,0.6648008503754801,0.01857789513215976,0.9102309992279561,0.8060054106913714
RipVIS-024_00057.jpg,0.7528999710884727,0.6099084542689265,0.7576933367256479,0.6159627720624625,0.9841400073197896,0.665777672578615,0.01853419888808597,0.910465374227956,0.806521646811865
RipVIS-024_00058.jpg,0.7510228970701237,0.6067393980187753,0.7552430702414199,0.6124676097009208,0.9848193519930029,0.6625700167318678,0.018303613546721047,0.9098654513884501,0.804847151660067
RipVIS-024_00059.jpg,0.750638422142456,0.6061610487272491,0.7547948559798309,0.6121178139668083,0.9841995089418274,0.6621864108095937,0.015816230463583485,0.9096937692896847,0.8046154558277082
RipVIS-024_00060.jpg,0.7506506248908058,0.6062405414481961,0.7548564810867069,0.6125714941060766,0.9832379952376978,0.6625238777349711,0.015429485368761925,0.9096571180551168,0.8047518276875334
RipVIS-024_00061.jpg,0.7486019208956931,0.6027156889373325,0.7521180370262154,0.6085664636843949,0.9842992634655684,0.6588678883795732,0.018998109639036094,0.9090470679007961,0.802860042588275
RipVIS-024_00062.jpg,0.7489241777565592,0.6031919310263806,0.7524887312028955,0.6088232791614719,0.9848972330485811,0.6591622913662222,0.02214407907031514,0.9091970486106726,0.8030430537545962
RipVIS-024_00063.jpg,0.7535824653875506,0.6097712022562471,0.7575874154061085,0.6143893438303659,0.9878231250267607,0.6646411449069216,0.029147345506847038,0.9115716628082023,0.806095894569098
RipVIS-024_00064.jpg,0.7524827889205519,0.6080450748789048,0.7562537697205959,0.6122696811129148,0.9887796290049053,0.6627417705848396,0.027290817774349396,0.9111313657403013,0.8051253135338718
RipVIS-024_00065.jpg,0.7461713810644293,0.5990664924554797,0.7492702714764171,0.6031116966706852,0.9889278419833868,0.6541534297478009,0.022066386159694588,0.9079542824069695,0.8005584964869157
RipVIS-024_00066.jpg,0.7464983870418447,0.5997041389065736,0.749768815771749,0.6040120378028386,0.9882470098823724,0.6549408384500348,0.030308752711707226,0.9080000964501794,0.8009441128062227
RipVIS-024_00067.jpg,0.7459868420800977,0.598488806126089,0.7488182636405402,0.6028892816888316,0.9879512625929718,0.6538586166551138,0.025955639450122168,0.9080791859563522,0.8003634103195157
RipVIS-024_00068.jpg,0.745574832399949,0.5976791086009305,0.7481841696287953,0.601458828223398,0.9895949759661423,0.6526553565077335,0.026261295178251008,0.9080261381168461,0.7997999503922972
RipVIS-024_00069.jpg,0.7436781426618244,0.5946489084190817,0.7458054312514601,0.598345820309324,0.9897165920821629,0.6497314165455886,0.019896762081661495,0.907298418209439,0.798258604611537
RipVIS-024_00070.jpg,0.7397623318687777,0.5884069329174837,0.7408768127657762,0.5950587718930471,0.981356355033955,0.6459094674493265,0.01178637200628118,0.9057831790119089,0.7958756464566219
RipVIS-024_00071.jpg,0.7402192599903709,0.5891048730252364,0.7414298238274686,0.5957991038871381,0.9812844268562636,0.6466009220896689,0.010596148529383936,0.9059813850304272,0.7962382474062859
RipVIS-024_00072.jpg,0.7416333598863118,0.5914771028202057,0.7433058279909501,0.5987141937478977,0.9799727853146087,0.649230871647979,0.011427518200034327,0.9064467592588221,0.7975683531202182
RipVIS-024_00073.jpg,0.7414317157580566,0.5913063956202045,0.7431710162765298,0.5986958215608867,0.9795534501341755,0.6491767675881612,0.011965025309529219,0.9062639853390692,0.7975179722373873
RipVIS-024_00074.jpg,0.7428205287385724,0.5934517182071081,0.744863131309479,0.6010150531387332,0.979235113111228,0.6513289504687017,0.012455023525006456,0.906848958332896,0.7986442851834701
RipVIS-024_00075.jpg,0.7437305177212199,0.5948630252371473,0.7459738119500193,0.6025543388976653,0.9789928636009891,0.6527531596571463,0.012603495859006117,0.9072280092588217,0.7993888062646566
RipVIS-024_00076.jpg,0.7446027746076262,0.5962136601553558,0.7470349052110326,0.6038703949138822,0.9791762560141091,0.6540047423272354,0.015094339621252246,0.9075925925921549,0.8000608232085454
RipVIS-024_00077.jpg,0.7451059157074058,0.5970956384023546,0.7477268412048959,0.6046397567302816,0.9795314869606778,0.6547583035177811,0.013149425286147178,0.9077314814810438,0.8004736848264142
RipVIS-024_00078.jpg,0.7444392869670543,0.5955834921320604,0.7465400526753083,0.6062736823962145,0.971245675811218,0.6555411691363353,0.009983513463089988,0.9077859760798092,0.8005462948121961
RipVIS-024_00079.jpg,0.7476335407739091,0.6007596441164574,0.750593190332516,0.6115340069994284,0.9715084028119797,0.6604797046254575,0.010868572471379252,0.9089592978390678,0.8031782539173462
RipVIS-024_00080.jpg,0.7480656860742411,0.6013469738595578,0.7510514381654522,0.6124743119470465,0.9706740758934456,0.6612796127318682,0.014535418581919464,0.9091960841044998,0.8035720223562544
RipVIS-024_00081.jpg,0.7440233863974925,0.5948199580842211,0.7459399477277034,0.6111043449123512,0.9571216895138989,0.6587332138337562,0.007660738713391633,0.9076953124995623,0.8016520560844265
RipVIS-024_00082.jpg,0.74243091247021,0.5924146879557391,0.7440457469231848,0.6086891382501679,0.9568169018859094,0.656458221809457,0.0070026720715928616,0.9069873649686984,0.8004228011426705
RipVIS-024_00083.jpg,0.7427157417683766,0.5930478846603834,0.7445449573373161,0.6108257391049224,0.9532194676969735,0.6581035227862782,0.006888317413033769,0.9069728973761059,0.8011373786888618
RipVIS-024_00084.jpg,0.7437152262013786,0.5953675848244087,0.7463704170596355,0.6097421252607181,0.9619111768476213,0.6579166082110164,0.007831709315378224,0.9068557098761059,0.8013709528336619
RipVIS-026_00000.jpg,0.871008417933514,0.7982289275155298,0.8877945575243074,0.8200170420686551,0.9677857135502473,0.8458470780484567,0.03738217651899196,0.954014274690898,0.9061174403070322
RipVIS-026_00001.jpg,0.8559256699908023,0.7756203430249967,0.8736330894966298,0.8038452705687338,0.9566905500824893,0.8303782807291844,0.02528805954801223,0.9477488425921355,0.8966494989513256
RipVIS-026_00002.jpg,0.8610406938848814,0.7831398593926672,0.8783829886001231,0.8147020509869697,0.9528632546000985,0.8390333183722724,0.02960407763838727,0.949972511573616,0.9016092018290077
RipVIS-026_00003.jpg,0.8585571778824561,0.7791702751647794,0.8758805000748069,0.8104603748606115,0.9527893811895439,0.8354196039308164,0.030662200462217872,0.949090952931641,0.8995127790739589
RipVIS-026_00004.jpg,0.8596507884333456,0.7804384400322559,0.8766811842347291,0.8076608389988728,0.9586003837732807,0.8339224334271839,0.0340039819745361,0.949777199073616,0.8988817081699334
RipVIS-026_00005.jpg,0.8579107199212808,0.7776197329917787,0.8748999783919198,0.8045292873079856,0.9587610356942275,0.8312739784930712,0.032592125320265355,0.9491830632711472,0.8973596639030916
RipVIS-026_00006.jpg,0.861583469497512,0.7829429971501067,0.8782591461438523,0.8106178150768508,0.9582167476879355,0.8363843092666288,0.02616645649295048,0.950826581789665,0.9003585163961036
RipVIS-026_00007.jpg,0.8634285478753784,0.785810944720637,0.8800606212474134,0.8145156302443617,0.9570777464559174,0.8395260563373869,0.02730642719013698,0.9515297067896645,0.902156598998368
RipVIS-026_00008.jpg,0.8643496639939595,0.787147882433929,0.8808984305897584,0.8131576450634822,0.9609512908003448,0.8389640639419713,0.025898603043692847,0.9519396219131212,0.9019576643166293
RipVIS-026_00009.jpg,0.8659359851356996,0.7894786471855917,0.8823560408806742,0.8143086088159105,0.9628132113960653,0.840228013697974,0.025682602781374485,0.9526273148143554,0.9027662374331891
RipVIS-026_00010.jpg,0.8623070591239083,0.7835792684219697,0.8786593142173549,0.8056904589938323,0.9661615305545563,0.8333736910396754,0.02878604822037159,0.9514086612649733,0.8989036744564356
RipVIS-026_00011.jpg,0.8605277327789349,0.7807847514364626,0.8768996374285504,0.8031316996253107,0.9655893712728041,0.8310976643485167,0.0295008354203477,0.9507484567896649,0.8975666099856836
RipVIS-026_00012.jpg,0.8597286688479402,0.7791718756393183,0.8758815112894417,0.799709251431472,0.9680922411593239,0.8285309938018824,0.035287271186367195,0.9506775655859613,0.896188957805095
RipVIS-026_00013.jpg,0.8617565470922989,0.7827281783501453,0.8781239763366884,0.8061685016334363,0.9641832333181771,0.8334876507223654,0.03381617340382367,0.9511959876538623,0.8989078367164585
RipVIS-026_00014.jpg,0.8612103174350312,0.7818555408345191,0.8775745540722597,0.8045860187833117,0.9651266339410637,0.8322743728516053,0.0347377740724578,0.9510026041662081,0.8982344211187514
RipVIS-026_00015.jpg,0.8583373560376089,0.7771416888145204,0.87459733087791,0.8019450379084692,0.961724896526019,0.8295077282429814,0.03178471429888081,0.9500626929007764,0.8965461129208836
RipVIS-026_00016.jpg,0.8539322119690853,0.770287004425851,0.8702396871242634,0.7969057721452952,0.9584383678675538,0.8247044615234731,0.03352649006449056,0.9483820408946043,0.8936586908558183
RipVIS-026_00017.jpg,0.8546887117328595,0.7711305391739065,0.8707777570518077,0.799706214282644,0.9557140372213074,0.8266956663847249,0.026001550786973297,0.9488826195983078,0.894767416527035
RipVIS-026_00018.jpg,0.8532443272347128,0.7691936262658529,0.8695414847151024,0.8011305344875578,0.9507269211462285,0.827161211798964,0.028907373175759532,0.9481336805550983,0.8948537961522629
RipVIS-026_00019.jpg,0.8501118370118641,0.7637231090630292,0.8660351561291886,0.7934907905274161,0.953178900541055,0.820999554542504,0.026535880225785447,0.9473143325612715,0.8914198610060287
RipVIS-026_00020.jpg,0.8515399119119393,0.7660991841883011,0.8675607701391926,0.7961576611129898,0.9530332050164722,0.8232604808329995,0.029732101376672062,0.9477628279316417,0.8927090055085556
RipVIS-026_00021.jpg,0.8458009131993915,0.7571350471779282,0.8617835588606986,0.7885633200383138,0.9499929784358391,0.8163058350025898,0.029515327256135288,0.9455840084871983,0.8885929049950714
RipVIS-026_00022.jpg,0.8457385017251559,0.7571770334911969,0.8618107556150121,0.7928638408951955,0.943890881830744,0.8190750225803693,0.02811429739671245,0.9454711612649761,0.8899984653758879
RipVIS-026_00023.jpg,0.8457918420545587,0.7570890829828477,0.8617537839317829,0.7901640228508463,0.9476081636147952,0.8173235185264399,0.02587838183266617,0.945600887345223,0.8891145362829479
RipVIS-026_00024.jpg,0.848303812637873,0.7609136562432941,0.8642259699054359,0.7934234974813494,0.9489029074408655,0.8203051869486614,0.027579426677658107,0.9466189236106546,0.890891284146408
RipVIS-026_00025.jpg,0.8462611797016724,0.7578207964347167,0.8622275922230065,0.7940240500483122,0.943248967770542,0.8199683585017182,0.029886831274182776,0.945780285493371,0.8905211668702783
RipVIS-026_00026.jpg,0.8480933579501106,0.7605957090277069,0.8640208596756693,0.7977736507127539,0.9422667947104852,0.8230149120794339,0.03392193308375042,0.9465321180550991,0.8922749765995874
RipVIS-026_00027.jpg,0.8477556388501611,0.7599717178777167,0.8636181026751246,0.7936816909023717,0.9470706003741487,0.8202515126183385,0.037844872460289176,0.9464655671291732,0.8908181934358715
RipVIS-026_00028.jpg,0.8443438527835765,0.7546407993250726,0.8601655673518446,0.7884012291802484,0.9463029312409446,0.8156203876991628,0.039673884819043784,0.9451692708328775,0.8881140026821102
RipVIS-026_00029.jpg,0.8457388870112214,0.7563728593071124,0.8612896234407776,0.789814154425837,0.946988863982257,0.8169319040944565,0.03800437910343007,0.945987172067445,0.8889484353605116
RipVIS-026_00030.jpg,0.8476570318385305,0.759596669724496,0.8633758892524248,0.7973569485994438,0.9413140805847314,0.8225147282931251,0.0282999695138553,0.9465697337958398,0.8920023739128946
RipVIS-026_00031.jpg,0.8521068511636275,0.7659968334608453,0.8674951380968358,0.802252493633262,0.9442887887252628,0.8271354000435354,0.028007274615328277,0.9486101466044808,0.8948472353731518
RipVIS-026_00032.jpg,0.8530922438599097,0.7674834441438847,0.8684476753507928,0.8049187247834508,0.9428640907837263,0.8291813356854455,0.02626252140830111,0.9490166859563325,0.89601269812709
RipVIS-026_00033.jpg,0.8520610955327017,0.7657196118336336,0.8673173324936483,0.8037492338453267,0.9418041184001708,0.8280245215635929,0.029638163060709106,0.9487254050921351,0.8953329366735272
RipVIS-026_00034.jpg,0.8512234586793102,0.7642773114605527,0.8663913620561696,0.8017290479104596,0.9423992292656482,0.8264000889695428,0.026525060163936118,0.9484948881168266,0.89441840697519
RipVIS-026_00035.jpg,0.8535556669540377,0.7676240208860227,0.8685376661732065,0.8042399240091535,0.9440097939794774,0.8287817711674631,0.03290445053612611,0.9495683834871964,0.8958887568930398
RipVIS-026_00036.jpg,0.8532127735899762,0.767169145783796,0.868246424077908,0.8014930665788994,0.9471292763663507,0.8269236011575539,0.030820840757373895,0.9493865740736163,0.8948688335329162
RipVIS-026_00037.jpg,0.854979558229952,0.7695125280235535,0.8697452160828225,0.7953547318765039,0.9594872080993234,0.823529777999998,0.04134952766308504,0.9503235918205294,0.8932534768760849
RipVIS-026_00038.jpg,0.855328937619679,0.7699115441386888,0.8700000253553453,0.7928476686505662,0.9637865168512253,0.8220061561578829,0.043646258501026054,0.950550733024233,0.8924953730312335
RipVIS-026_00039.jpg,0.8548899333512077,0.7688717253067464,0.8693357627992087,0.7899937617528542,0.9663943262383932,0.8199267911332933,0.04208911053641206,0.9506158371908996,0.891390548880477
RipVIS-026_00040.jpg,0.8524315197411232,0.7650157135276817,0.8668656122031556,0.7874843467353382,0.9640448098449823,0.8174259216108427,0.03996732915654956,0.9496981095674433,0.8898864883249286
RipVIS-026_00041.jpg,0.8481000294039951,0.7580555449199612,0.8623795159492224,0.7806936984555035,0.9631568857998988,0.8114379212579901,0.03800228994940285,0.948186246141518,0.8864266809862618
RipVIS-026_00042.jpg,0.8486502607563995,0.7585877235690709,0.8627237793170871,0.7786350424351154,0.9671737667388742,0.8102236867002158,0.037753736335168764,0.9486096643513944,0.8858600663178001
RipVIS-026_00043.jpg,0.8478619672170697,0.7574383332148171,0.8619799840478762,0.7785396934555788,0.9654527536337701,0.8098992276245103,0.03441533046346638,0.9482571373452217,0.8856218974172172
RipVIS-026_00044.jpg,0.8467277680567431,0.7552141054478039,0.8605378718229111,0.7717760108632457,0.9723700248436186,0.8049888711439532,0.03511743450569572,0.9481254822526292,0.8830192973477695
RipVIS-026_00045.jpg,0.8438061152980305,0.7510168631193931,0.8578065453709854,0.7722752294837016,0.9646430548001801,0.8043559464791986,0.03086831001383143,0.9467746913575681,0.8824232161350113
RipVIS-026_00046.jpg,0.844082728446458,0.7513874426540611,0.8580482243442432,0.7720936385900083,0.9655383597241283,0.8043227010716082,0.028714882092479133,0.9469203317896668,0.8824330662753783
RipVIS-026_00047.jpg,0.8426174163305657,0.7489875340108366,0.8564812721028758,0.7694888494160148,0.9656501672446544,0.8020754274960503,0.03250085528381225,0.946436631943988,0.881156572701655
RipVIS-026_00048.jpg,0.844195103725658,0.7516533735118474,0.8582215921005829,0.7720922150121129,0.9659797490195814,0.8043827011192104,0.03537399440660843,0.9469034529316421,0.8824724168845605
RipVIS-026_00049.jpg,0.8523531605709804,0.76425380902421,0.8663762607341748,0.7852027801811677,0.9662680927750814,0.815775806986508,0.03377914951795958,0.9500877700612702,0.8890439974073407
RipVIS-026_00050.jpg,0.8532498482838147,0.7654772140997113,0.8671618166310453,0.78471243807969,0.9689711769735131,0.8157363862381435,0.035935706082896916,0.9505430169748502,0.8891021819267022
RipVIS-026_00051.jpg,0.8555972854105636,0.769214920963821,0.8695550911867432,0.788553512841889,0.9691030273986926,0.8190731276639621,0.03770331628037799,0.9513816550921338,0.8910254231706694
RipVIS-026_00052.jpg,0.8584579421006443,0.7738943304904443,0.8725371260152558,0.793304733101734,0.969352533232781,0.8232058418423074,0.03687163631988597,0.9523201195983062,0.8934043989968474
RipVIS-026_00053.jpg,0.860657413808753,0.777347804269391,0.8747278415649581,0.7981847567541159,0.9675084693535699,0.8271361870436248,0.037833190023626645,0.9531351273143551,0.89563657858385
RipVIS-026_00054.jpg,0.8593164497059627,0.7751702075471661,0.8733474731059782,0.7952697778281527,0.9684251510864152,0.8247634828548538,0.03587751370910206,0.9526856674378121,0.8942892192641466
RipVIS-026_00055.jpg,0.859427796144629,0.7752800480916913,0.8734171816160117,0.7942479020220629,0.9701167708398194,0.8241285429885621,0.037007378594233975,0.9527695794748492,0.8939665480414121
RipVIS-026_00056.jpg,0.8605632353275583,0.7770526223882873,0.8745409253485806,0.7981736237268502,0.967067588775228,0.8270621539930081,0.036240996911155766,0.9531968557094168,0.895595803807651
RipVIS-026_00057.jpg,0.8611916482582918,0.778027091397198,0.8751577466525705,0.7986896976515127,0.9678185047144966,0.8276152833705624,0.03423331054715007,0.9534374999995402,0.8959346028743838
RipVIS-026_00058.jpg,0.8599817944022298,0.7760321166857787,0.8738942380545663,0.7965024297846097,0.9679441008910916,0.8257538332433275,0.03516898267083153,0.953052179783491,0.8948662808332222
RipVIS-026_00059.jpg,0.8563421634948627,0.7703226723703146,0.8702624492052815,0.7899892056112233,0.968694488658475,0.820253362374613,0.031089560751221358,0.9516989776229978,0.8917016707793624
RipVIS-026_00060.jpg,0.8620906481057402,0.7799795914630825,0.8763916116835541,0.8038951008383108,0.963259886859908,0.8314051649500506,0.030849200518060386,0.9534162808637378,0.8979839760947802
RipVIS-026_00061.jpg,0.8588568289474255,0.7746492052895947,0.8730167099848719,0.7974732617789199,0.9643700401448941,0.8260655388990271,0.029661978219733327,0.9523837770057135,0.8949320007695951
RipVIS-026_00062.jpg,0.8632910390580874,0.7816748655742325,0.8774607316720486,0.8045039656355275,0.9649693672596482,0.8321807441690519,0.02592863987227729,0.9539838927464536,0.8984914124673253
RipVIS-026_00063.jpg,0.8627392594081527,0.7809673219288499,0.8770147686741775,0.8051559091232107,0.9629571314875264,0.8324384969081355,0.023681858801179522,0.9536762152773178,0.8985812283881629
RipVIS-026_00064.jpg,0.8652150479179814,0.7850190763606059,0.879563794871196,0.8082697773881362,0.9646515819852531,0.8353539946559527,0.027646926871486826,0.9544839891970706,0.900301423014956
RipVIS-026_00065.jpg,0.8630434484390466,0.7814739673548339,0.8773341420365307,0.8046384118314365,0.9644699898128986,0.8322214939431457,0.02896590588735047,0.9537697723760833,0.8984865429718567
RipVIS-026_00066.jpg,0.8677554971646899,0.7886134731119894,0.8818154229151469,0.8115251525417359,0.9654367499536375,0.8382522783125378,0.02999773601822517,0.9556780478390453,0.9020453529440295
RipVIS-026_00067.jpg,0.86909417744762,0.7907371260719661,0.8831414891212659,0.813963847626416,0.9651699220039862,0.8402923317463392,0.030356133406989477,0.9561569251538599,0.9032287896416155
RipVIS-026_00068.jpg,0.8657479023130836,0.7854162070722447,0.8798130138632306,0.807858579601427,0.965838412779113,0.8351802591446652,0.030605871328680603,0.954967206789663,0.9002671128272025
RipVIS-026_00069.jpg,0.865823316467307,0.785605273000453,0.8799316230516684,0.8083095232453935,0.9654801861487364,0.8355121527354028,0.031460419847707775,0.954948881172379,0.9004462209796509
RipVIS-026_00070.jpg,0.8653533031328244,0.7844887546572684,0.879230819034148,0.8095213114734795,0.9620772228098843,0.8360352151696115,0.029182989835395277,0.9550231481476876,0.9007158613463176
RipVIS-026_00071.jpg,0.8692996356816677,0.7908483737385111,0.883210868475218,0.8160667000624632,0.9623945714467628,0.8416608683927972,0.02861205915650671,0.9563705632711437,0.9039935412773581
RipVIS-026_00072.jpg,0.8708222846112614,0.7932837875016058,0.8847275518023892,0.8171230885774191,0.9645274783349471,0.8428859821463243,0.031553121075456284,0.9569015239192916,0.9047484036003572
RipVIS-026_00073.jpg,0.8718820758805464,0.7949808414915985,0.8857819795235062,0.817493968333601,0.966518510180695,0.8435054757714788,0.030871255429289316,0.9572694830242298,0.905147555623413
RipVIS-026_00074.jpg,0.8716403704838341,0.7947202503466414,0.8856201964547344,0.8199986665313674,0.9626582579231342,0.8450446736407116,0.029232781662444817,0.9571031057094149,0.9059603695719121
RipVIS-026_00075.jpg,0.8722107873512408,0.7955430994794913,0.886130886760792,0.8198238987696271,0.9641074646245993,0.8451191717888615,0.02973850623655566,0.9573601466044765,0.9060400181651032
RipVIS-026_00076.jpg,0.8699503348822731,0.7922423552139937,0.8840794917151704,0.8165305451075131,0.9638126099925586,0.8422723992566864,0.03397837222345029,0.9563671874995388,0.9043423405721422
RipVIS-026_00077.jpg,0.8707824084471347,0.7935819740440738,0.884912968047674,0.8189500725147191,0.9624327764181705,0.8441188870666665,0.03471036758650789,0.9566517168205263,0.905391489598853
RipVIS-026_00078.jpg,0.870304265861375,0.7926966240395672,0.8843622656613775,0.8201036279280602,0.9595468804823183,0.844652955919933,0.037964551169927696,0.9565634645057115,0.9056614886442527
RipVIS-026_00079.jpg,0.8667404360120889,0.7869533304630438,0.8807765900177424,0.8140877790532437,0.9593664008410606,0.839513597235143,0.03606126414241277,0.9553472222217615,0.9026634233934396
RipVIS-026_00080.jpg,0.86639178762285,0.7862196808259183,0.8803168941262403,0.8134522464577723,0.9591583844694866,0.8389410203847368,0.03307014532366002,0.9553404706785517,0.9023446399052337
RipVIS-026_00081.jpg,0.8668278384486237,0.7869974849737387,0.8808042446520894,0.8156393348604366,0.9572859037567057,0.840512943486698,0.030242737761909912,0.9554402970674405,0.9032176638529661
RipVIS-026_00082.jpg,0.865593239712785,0.784453556366553,0.879208711897027,0.8175930962120049,0.9508682354841281,0.8411731171153526,0.027238235459129154,0.9553824266970701,0.9035617620224488
RipVIS-026_00083.jpg,0.8657045969369026,0.784539258704172,0.8792625377979731,0.8159060511814823,0.9532868782924702,0.8401204713880454,0.028808455024216806,0.9554822530859589,0.9029967507014938
RipVIS-026_00084.jpg,0.8683736066158074,0.7888481842849364,0.8819621376648751,0.8218816517647098,0.9515192821650115,0.8449040672332121,0.02545045044901743,0.9563879243822548,0.905763760875516
RipVIS-026_00085.jpg,0.8590223283650543,0.7743342621964865,0.8728166712374944,0.8052530951693372,0.9527562854407253,0.8309832168012208,0.027259442444511048,0.9528226273143553,0.8976031311300176
RipVIS-026_00086.jpg,0.8608200399241661,0.7765891364233884,0.8742473096360478,0.8076527018802485,0.9528108623809088,0.8330348227799207,0.02915785260824665,0.9538633294748486,0.8988710300624909
RipVIS-026_00087.jpg,0.8582525533670338,0.7728868184873332,0.871896401313173,0.8031566537526089,0.9535039160883834,0.8293095447015673,0.03135080074521245,0.9526948302464542,0.8966693116344755
RipVIS-026_00088.jpg,0.8603469235798942,0.7761620014878998,0.8739765864123937,0.8088278677009318,0.9505397855607701,0.8336860050395914,0.030127266582378236,0.9534794560180587,0.899171609239886
RipVIS-026_00089.jpg,0.861551532587738,0.7780711593508338,0.8751856248935552,0.8130250571446281,0.9476381593992865,0.8367987028653548,0.027953616042353167,0.9539134837958363,0.9009413646492526
RipVIS-026_00090.jpg,0.8590918839532298,0.7740172108697418,0.8726152216869044,0.8077350506138741,0.9488285258210328,0.8324938879708063,0.027676416099046964,0.9531298225304046,0.8984647990560044
RipVIS-026_00091.jpg,0.8592505571299935,0.7741679208603994,0.8727109894817165,0.8082903192830844,0.9482895897100042,0.8328825863967833,0.027031593173000416,0.9532537615736144,0.8986955159132072
RipVIS-026_00092.jpg,0.8581987247314535,0.7725497584455674,0.8716818862372053,0.808484535729183,0.9455969981382278,0.8326309926042393,0.02317899333614137,0.9528419174378121,0.898496174870745
RipVIS-026_00093.jpg,0.8582680894798167,0.7725511949749617,0.8716828006605185,0.8082497756603131,0.9459204931339119,0.8324819142512987,0.02565545178206057,0.9529388503081824,0.8984290794639042
RipVIS-026_00094.jpg,0.8598613157963048,0.775126175793421,0.8733195266493843,0.8084368693602848,0.9495255256600247,0.8331976002048777,0.028418683172289325,0.9534804205242315,0.898902037617925
RipVIS-026_00095.jpg,0.8591095022507298,0.773809412598148,0.8724831507853235,0.8062972849965413,0.9505066094432731,0.8315289296849747,0.027694905711922607,0.9532923418205279,0.8979602727701692
RipVIS-026_00096.jpg,0.8608490909142281,0.7764829044697881,0.8741799907177136,0.8111232348517641,0.947867230828098,0.835221879389673,0.03011681337374097,0.9539747299378115,0.900085154652918
RipVIS-026_00097.jpg,0.8607001079640608,0.7763564088943866,0.8740998202918014,0.8109382056050408,0.9479314388735182,0.835074889863412,0.027282266525250884,0.9538483796291697,0.8999857155304849
RipVIS-026_00098.jpg,0.8631356829267374,0.7802762097604554,0.876578820165715,0.8164133128770851,0.9463176134580421,0.839460442097753,0.02691272587318544,0.9546855709871939,0.9025218725825632
RipVIS-026_00099.jpg,0.8639914245517789,0.7815231663834611,0.8773651458824121,0.8195852205923674,0.9439098297954067,0.8417592430773521,0.027530543422658493,0.9550655864192925,0.9038517346961306
RipVIS-026_00100.jpg,0.8664714187828041,0.7854666810692835,0.8798446808303159,0.8245124867469751,0.9431376917215113,0.8457886705534433,0.02364311455587839,0.9559476273143538,0.9062117701512509
RipVIS-026_00101.jpg,0.8685121934488227,0.788715999969927,0.881879515790307,0.8320318120231991,0.9380806945094111,0.8512790238464826,0.02647668959348855,0.9566695601847238,0.9093893754650307
RipVIS-026_00102.jpg,0.8688749327271381,0.7891985898480761,0.8821810997683475,0.8353508419637588,0.9345738580049434,0.8534733693821163,0.019322610747141537,0.9568605324069459,0.9106672610861346
RipVIS-026_00103.jpg,0.8674250010683777,0.7869490477146207,0.8807739075952635,0.8331810429587492,0.934133357895332,0.8515873472314752,0.018610761398072648,0.956308834876082,0.9095341114680447
RipVIS-026_00104.jpg,0.8707962106601127,0.7922627585667553,0.8840921954996326,0.8387460943430414,0.9346217322668382,0.8563146377075457,0.02458248360113639,0.9575356867279333,0.9123533444305807
RipVIS-026_00105.jpg,0.8661013277807599,0.7846373426736387,0.8793241337179925,0.8329580886291265,0.931156316314382,0.8509051017056171,0.02645737422893908,0.9559755979933662,0.9091356988664563
RipVIS-026_00106.jpg,0.866970800864256,0.7859504972242187,0.8801481322643243,0.8322774274758328,0.9338617354106149,0.8507869345427264,0.0226392117777793,0.9563305362649709,0.9091056852644295
RipVIS-026_00107.jpg,0.8673976246991246,0.78666068031526,0.8805932642749513,0.8331573098926011,0.9337568719821223,0.8515049171471952,0.026176275677812222,0.9564612268513906,0.909524727661462
RipVIS-026_00108.jpg,0.8665737253531759,0.785216337044439,0.8796875994809953,0.8296865656309854,0.9361017403674506,0.8489890220291657,0.028612540814178286,0.9562577160489215,0.9080822514465215
RipVIS-026_00109.jpg,0.8653598528109093,0.7833271475191347,0.878500782774328,0.8323394506914501,0.9300829438734367,0.8502093475919253,0.025569730671378816,0.9557990933637366,0.9087364129809878
RipVIS-026_00110.jpg,0.8648784885280719,0.7826314746094639,0.8780631170903359,0.8335474011475873,0.927601822608864,0.8508008343146536,0.027116798256078583,0.9555815972217614,0.9090508945002825
RipVIS-026_00111.jpg,0.8631211810244446,0.7798416615385091,0.8763045369602236,0.8339516877020557,0.9231893884198895,0.8503918713237165,0.023710664334368952,0.9549532214501567,0.9087672882750355
RipVIS-026_00112.jpg,0.8640245817096517,0.7814073957302894,0.8772921877423224,0.8393359360172855,0.9188439312728904,0.8541173711648506,0.024109589039774816,0.9551890432094159,0.9109252578218321
RipVIS-026_00113.jpg,0.8848160606282163,0.8138892048941793,0.8973968230233343,0.8683899259298049,0.9284085261446562,0.8797647130235664,0.03075131042336917,0.9629195601847208,0.9265072303668929
RipVIS-026_00114.jpg,0.881343722494225,0.8087248964722007,0.8942486478176593,0.8592336958158469,0.9322386519444835,0.8729053923825498,0.034258128306039776,0.9614636381168202,0.9223096069608965
RipVIS-026_00115.jpg,0.8830906818688813,0.8114563111436119,0.895915961264693,0.8610097594612791,0.9337720182333118,0.8746406736015304,0.03268315337091123,0.9621084104933632,0.9233704069358784
RipVIS-026_00116.jpg,0.8812764108833175,0.8085352811103286,0.8941327156348734,0.8597528169512907,0.9313767195156859,0.8731825583611639,0.03337985577847291,0.9614945023143511,0.9224889070702909
RipVIS-026_00117.jpg,0.882605080835519,0.8106740562113922,0.8954389702889163,0.8605472062812829,0.9332797494236048,0.8741724424299341,0.03180639584950698,0.9619444444439805,0.9230883847728883
RipVIS-026_00118.jpg,0.8779354844031775,0.8031940732071549,0.890857046550288,0.8521689236856415,0.9332250862567923,0.867233809029459,0.03327996340157365,0.9603370949069443,0.918935345145558
RipVIS-026_00119.jpg,0.8769947124731082,0.8016690871920965,0.889918235142169,0.8485410240414506,0.9355376423621151,0.8646214333011115,0.03366188252731213,0.9600245949069445,0.9173941992752319
RipVIS-026_00120.jpg,0.8719735086274103,0.793645039030886,0.8849521747733272,0.8444922706751591,0.9294840637980684,0.8602240047650908,0.029840585463786203,0.95827690972176,0.9147311658300104
RipVIS-026_00121.jpg,0.873505902912241,0.796015581842235,0.8864239151263202,0.8463326019448782,0.9305024053823304,0.861925927767222,0.03152074783222066,0.9588628472217599,0.9157681424476594
RipVIS-026_00122.jpg,0.8704450913592889,0.7912457591791173,0.8834586266283475,0.8438935455426605,0.9269161365150819,0.8592865664062682,0.030951297221725575,0.9577150848760814,0.914146937197429
RipVIS-026_00123.jpg,0.8699662260680356,0.7904307177657607,0.8829503537027358,0.8443913911038942,0.925199397621381,0.8594036568913315,0.03211820411705641,0.9575810185180568,0.9142163012026197
RipVIS-026_00124.jpg,0.8686822867589756,0.7884378054068467,0.8817055902343635,0.844552102514144,0.9222784091831687,0.8590313163564463,0.03164664071576428,0.9570934606476866,0.9139649219818662
RipVIS-026_00125.jpg,0.8726449686806392,0.7945208761595469,0.8854963870466647,0.855461595213899,0.9177169298526097,0.8672276520314623,0.030570614204964475,0.9586419753081796,0.918913300693909
RipVIS-026_00126.jpg,0.8763727865887875,0.8001186110385725,0.8889621007550682,0.8564303333034771,0.924062912349529,0.8691530739748158,0.030393053014717033,0.9601784336415122,0.9201675761586429
RipVIS-026_00127.jpg,0.8773317013567626,0.801383514778605,0.8897422544439098,0.8528711608056135,0.9299454006143351,0.8672467103580411,0.029889465371650718,0.9606901041662034,0.9190965961065669
RipVIS-026_00128.jpg,0.8805686432515847,0.8063872989695217,0.8928177245594412,0.8589665558194673,0.9294464481527653,0.8721942478101447,0.02948147291580545,0.9619256365736102,0.922101786612215
RipVIS-026_00129.jpg,0.8780621714431154,0.8020902610466525,0.8901776768726325,0.851877431319076,0.932083994066453,0.8667951119113355,0.028018873418301456,0.9612524112649685,0.9189244921016011
RipVIS-026_00130.jpg,0.8758333555488153,0.7982620350590204,0.8878150341786211,0.8512149779132409,0.9277039182863227,0.8654868091833265,0.018308227113655373,0.9606582754624997,0.918184102751977
RipVIS-026_00131.jpg,0.8764876752176678,0.7994014563554535,0.8885192946043051,0.8472711474924306,0.9339891813892996,0.8633021392156831,0.018752902925060794,0.9608222415118823,0.9168720422489902
RipVIS-026_00132.jpg,0.8749020666517449,0.7966268070656676,0.8868027616339028,0.8431552600763913,0.9352159565091486,0.8600883179446006,0.0180509605886557,0.9604340277773146,0.9150007584567724
RipVIS-026_00133.jpg,0.8665695874282504,0.7830196152189186,0.8783073484278856,0.823247413019157,0.9412601396159553,0.8444216881492974,0.02238762233942521,0.957728587962501,0.905781284964661
RipVIS-026_00134.jpg,0.866582923351226,0.7828926294964507,0.8782274563752794,0.823461813696966,0.9407966389435215,0.8445274677943747,0.024341486357929123,0.957834201388427,0.9058632674958225
RipVIS-026_00135.jpg,0.8660831825858806,0.78208905580004,0.8777216304141813,0.8226378739081373,0.9407115922572745,0.843820350499815,0.02055114432388188,0.9576630015427481,0.905445828974122
RipVIS-026_00136.jpg,0.862548158851082,0.7762858426366971,0.8740550918138128,0.8166067470273422,0.9401980971820294,0.8386554099093857,0.02301279793219368,0.9565316358020078,0.9024196183443163
RipVIS-026_00137.jpg,0.8623985089539723,0.7756244196300772,0.8736356754900522,0.8120276715035585,0.9453594755261782,0.835597917678966,0.025938485333693945,0.9567684220674398,0.9007209244877603
RipVIS-026_00138.jpg,0.852504511615,0.7602350116109312,0.8637880812462417,0.8006882380204847,0.9376841632473495,0.8247886084808586,0.023700574913545665,0.9530034722217626,0.8942603487373814
RipVIS-026_00139.jpg,0.8581929317873225,0.7690368329692411,0.8694412899006186,0.8103423431899187,0.9378386491301236,0.8329908568196814,0.023261376545879245,0.9552025462958357,0.8991126234593385
RipVIS-026_00140.jpg,0.8580114394549313,0.7684036911229088,0.8690365157912382,0.8057517327874337,0.9431095601713375,0.8299264193072278,0.025516330449956992,0.9553747106476874,0.8974048865149324
RipVIS-026_00141.jpg,0.8571060574832878,0.7669923534390349,0.8681331890839988,0.8072414636498533,0.9389607449617637,0.8305435232027778,0.025755205197631772,0.9550323109563296,0.8977292359758171
RipVIS-026_00142.jpg,0.8594679916283507,0.7708286430406821,0.870585243885705,0.814028376923304,0.9355877861176405,0.8357457971056944,0.026494072100986324,0.9558188657402797,0.9007562720422281
RipVIS-026_00143.jpg,0.8550826663581369,0.763623996937333,0.8659714295829769,0.8117525405955704,0.9279515260513184,0.832604447042503,0.020198355102794004,0.9544140624995398,0.8988920961827116
RipVIS-026_00144.jpg,0.8535806402532153,0.7613257437913109,0.8644917006124404,0.8120476034758618,0.9241774265736771,0.8322426922506909,0.021292039679331475,0.9538151041662066,0.898641079011415
RipVIS-026_00145.jpg,0.8567155348195594,0.7660651778941794,0.8675389645671175,0.818913437644701,0.922303603461812,0.8376945367855123,0.026169265031788586,0.955104166666206,0.9019090721349201
RipVIS-026_00146.jpg,0.8526894376754584,0.7596879648941514,0.8634348589635868,0.8160814574655036,0.9166221691240874,0.8343855571367137,0.023597175769627325,0.9536487268513919,0.8999180354474536
RipVIS-026_00147.jpg,0.842671154689536,0.7441602244263542,0.8533163570693224,0.803062395781775,0.9102797559995484,0.8224365441440776,0.02336535481726896,0.9497747878081839,0.8927306880988591
RipVIS-026_00148.jpg,0.8461600051942217,0.7500134821747241,0.8571516617605596,0.806680394103687,0.9143600839128498,0.8261384464012425,0.024765688037690664,0.9508193479933686,0.8948833671071099
RipVIS-026_00149.jpg,0.8395342895387887,0.7397610342234587,0.8504168327389292,0.7976669464009494,0.910637485036873,0.8179616452634576,0.026854378564447137,0.948237847221765,0.889980935468759
RipVIS-026_00150.jpg,0.835997361314963,0.7346322307790876,0.8470178493675712,0.7994406586849232,0.9006163169670839,0.8178154118621025,0.023230020332538664,0.9466189236106546,0.8897176197511661
RipVIS-026_00151.jpg,0.8352662369071505,0.733514654968388,0.8462745358005228,0.7984311272668557,0.9002171428209167,0.8169043227109374,0.02569169960315639,0.9463233024686795,0.889167838492078
RipVIS-026_00152.jpg,0.8326940756031666,0.7294459360023852,0.8435602649580358,0.7993006407282568,0.8930087843423058,0.8164352153855038,0.021425043219225424,0.9453761574069515,0.8888352978044611
RipVIS-026_00153.jpg,0.8314060018458026,0.7277081028185646,0.8423970480098917,0.7976861913230934,0.8924176688090952,0.8149886453685335,0.017257262174214992,0.9446956983020135,0.8879080512516051
RipVIS-026_00154.jpg,0.8351596936806531,0.7332777302417697,0.8461168310741372,0.7955189574548086,0.9035883047817378,0.8150141289893617,0.02009149356948,0.9463310185180621,0.8880954878022957
RipVIS-026_00155.jpg,0.8336177972846375,0.731042625764542,0.8446269489657028,0.7942380005836266,0.9018426752015647,0.8136544747478395,0.020607175711707625,0.9456235532402847,0.8872367740783972
RipVIS-026_00156.jpg,0.8357796558235508,0.7344637629187203,0.8469058606134032,0.7956947486684074,0.9051623335476422,0.8154175738860903,0.021692241324847955,0.9464183063267041,0.8883062174830905
RipVIS-026_00157.jpg,0.8364769982630467,0.73565825761832,0.8476994297573238,0.8008890390818438,0.9003214494421381,0.8189788084681063,0.023024498064528488,0.9466121720674447,0.8903463204009474
RipVIS-026_00158.jpg,0.8389771794115404,0.739618406283303,0.8503225806439916,0.8033577317744581,0.9031195759500941,0.821507058021755,0.02170170908510379,0.9475270061723825,0.89186316597765
RipVIS-026_00159.jpg,0.8342200928352721,0.7320199535735078,0.8452788919240826,0.7973385927418125,0.8993528380720572,0.8158470166198888,0.019178755838506346,0.945828510802013,0.888502405279725
RipVIS-026_00160.jpg,0.8342331271462771,0.731907568347702,0.8452039609087988,0.7954702547051573,0.9015712203068766,0.8146444612511383,0.018716906783726332,0.9459244791662105,0.8878400323539286
RipVIS-026_00161.jpg,0.8368099339997488,0.7358489659627319,0.847826026793313,0.8068199774542364,0.8932234720568281,0.8227370139810185,0.02488576015654651,0.9469646990736174,0.8925999725038353
RipVIS-026_00162.jpg,0.8411348540680761,0.7427747752937228,0.8524047809545986,0.8122567119817214,0.8967280847363053,0.8278533936972239,0.025449193596280787,0.9484939236106537,0.8956443031564711
RipVIS-026_00163.jpg,0.8424068385619685,0.7453394192558229,0.8540910851295852,0.8228416531065723,0.8878077647448609,0.8350629457609956,0.0277268840828309,0.9485826581785549,0.8997840049274077
RipVIS-026_00164.jpg,0.8425949778257407,0.7455045660661289,0.8541995026071851,0.8236521877127568,0.8870999450090543,0.835605129831895,0.027771010960549878,0.9487418016970733,0.9001410067472545
RipVIS-026_00165.jpg,0.8466107207564094,0.7523275825064182,0.8586608919667139,0.8333166121004506,0.8855951582602585,0.8432726439145023,0.030850807421616604,0.9498905285489246,0.9046294419683721
RipVIS-026_00166.jpg,0.8524497447020082,0.7618032970711889,0.8647994907690388,0.8405097748060031,0.890534871523473,0.8500600660726799,0.024931079945767046,0.9518576388884299,0.908669620190274
RipVIS-026_00167.jpg,0.8514881121879263,0.7605583019404869,0.8639967232010434,0.8487482826420706,0.8798030881332068,0.8547826119412137,0.024963645175414224,0.9513213734563314,0.9114592950411189
RipVIS-026_00168.jpg,0.8509005159025025,0.7595838078949326,0.8633675810004823,0.8482535123167042,0.8790300214434374,0.8542351913335898,0.023345832827909408,0.9511376350304055,0.911140776794612
RipVIS-026_00169.jpg,0.8549642920285376,0.7660988901234317,0.8675605815820308,0.8550683869986279,0.8804231994598511,0.8600218440615862,0.029137387931358286,0.952557870369911,0.9146385456402077
RipVIS-026_00170.jpg,0.8744788252580913,0.7960039302338688,0.88641669078109,0.8914978365513156,0.8813931373518952,0.8894584039235143,0.029285929495071653,0.9602507716044751,0.933114878646291
RipVIS-026_00171.jpg,0.8700605790015954,0.789162169919809,0.8821583456072958,0.8945525248510607,0.8701029198478656,0.8895532940332989,0.02445440956505504,0.9585648148143525,0.9332714878912948
RipVIS-026_00172.jpg,0.8659056428667764,0.782526617464622,0.8779971191427697,0.892979127132233,0.8635095388411357,0.8869253837242175,0.020372907605863293,0.9571113040118842,0.9317446882131133
RipVIS-026_00173.jpg,0.8670761755120604,0.7842263110947747,0.8790659640184155,0.8926100193719855,0.86592678778965,0.8871426213574428,0.023138712383219115,0.9576359953699085,0.9319004332299103
RipVIS-026_00174.jpg,0.8670072853541206,0.7839761164010455,0.8789087580192742,0.8895516047232305,0.8685175684649872,0.8852636849132176,0.021056409641618926,0.9577068865736122,0.9307352280096981
RipVIS-026_00175.jpg,0.8674946010835646,0.7850004658373461,0.8795521131352774,0.8948459889466017,0.8647722300526013,0.888665055361328,0.022466567606391288,0.9577107445983035,0.9328330157983349
RipVIS-026_00176.jpg,0.8603996229802586,0.7740428126841559,0.872631491359576,0.8935681042308666,0.8526535214548782,0.8850740478592501,0.022470581277129052,0.9549696180550951,0.9306745555675193
RipVIS-026_00177.jpg,0.8656349134655799,0.7823157894717802,0.877864398770358,0.8957685405006862,0.8606619487864968,0.8885199553078061,0.023644277142474752,0.9568668016970694,0.9327104620758744
RipVIS-026_00178.jpg,0.8612242494437723,0.7755900956476213,0.873613901709376,0.8971672833611786,0.8512655799791748,0.8875951520916219,0.028787163754790752,0.955104166666206,0.932193549497883
RipVIS-026_00179.jpg,0.853764066850145,0.7635528956489802,0.8659257088719143,0.8929791175312843,0.84046330248308,0.8819574079647128,0.023680808554255445,0.9525583526229974,0.9289379374626492
RipVIS-026_00180.jpg,0.8544818945224539,0.7659029487912327,0.867434928194096,0.9146393872211465,0.8248637804050873,0.8951542271652914,0.029289940826669233,0.9520023148143557,0.9371931318935538
RipVIS-026_00181.jpg,0.8534794808452988,0.7641205494425269,0.8662906281364885,0.9107753289078185,0.8259490685837305,0.8924442451324504,0.023802492468028912,0.9517693865736151,0.9355166606582541
RipVIS-026_00182.jpg,0.8490276928998794,0.7574839820600083,0.8620095429514355,0.9126391543885285,0.8167021378273115,0.8916900042078988,0.024555659493419337,0.9498755787032456,0.9351126244382634
RipVIS-026_00183.jpg,0.854925641716648,0.7665043302780937,0.8678204940006301,0.9132496011837653,0.8266969039014509,0.8945189094378281,0.024472225496846783,0.9522309027773186,0.9367807674838632
RipVIS-026_00184.jpg,0.8515210543947049,0.7612057999296807,0.8644143687921914,0.9145046820651443,0.8195263207080691,0.8937877165298781,0.027759653595838443,0.9509336419748501,0.9364771464220984
RipVIS-026_00185.jpg,0.8497600024372118,0.758550216296601,0.8626995228991087,0.9162844036671366,0.8150357275639553,0.894071019877187,0.029245339208455217,0.9502044753081837,0.9367362440578487
RipVIS-026_00186.jpg,0.8475312456531001,0.7547166268854075,0.860214823660749,0.9169408691956495,0.8100985215449819,0.893375744864084,0.0309007232065686,0.9495973186723815,0.936592898881313
RipVIS-026_00187.jpg,0.8484956446190199,0.7562538598619812,0.8612124672243145,0.9164314332518085,0.8122696972657192,0.893515371618341,0.0334816061533132,0.9499416473760851,0.9366055559916379
RipVIS-026_00188.jpg,0.8499782054173882,0.7584157294872291,0.8626125401055079,0.9155789425701166,0.8154392371657145,0.8936305505900768,0.03467615486463176,0.9506057098760847,0.9366632340634018
RipVIS-026_00189.jpg,0.8503482781378502,0.7590864116077104,0.8630461887474262,0.9171818782139033,0.8149449270943132,0.8947325746001545,0.03355140747652893,0.9506833526229983,0.9373494278147179
RipVIS-026_00190.jpg,0.84778374471528,0.755119812410648,0.8604766547230697,0.9166915990616394,0.810757956066948,0.8933466622237032,0.029211875519899136,0.9496870177464556,0.9365503226753926
RipVIS-026_00191.jpg,0.8470238879955754,0.7539130679561166,0.8596926287055633,0.9156091695938994,0.8102126844202604,0.892391818672567,0.02548340892662429,0.9494126157402829,0.9359546520781409
RipVIS-026_00192.jpg,0.8486412826885463,0.7563271986511796,0.861260019467924,0.9150699060580074,0.8134271465709958,0.8927587589112426,0.02634105364056516,0.9501003086415171,0.9361536805666926
RipVIS-026_00193.jpg,0.8791562071683421,0.8048811037865532,0.8918937675151583,0.9407531701137954,0.8478589625157371,0.9205808000105792,0.01631836945199185,0.960935570987191,0.9529302044531747
RipVIS-026_00194.jpg,0.8811422943885749,0.8079944156458284,0.8938018930298599,0.9397818831514575,0.8521112947945455,0.9208336475991286,0.01964725716381486,0.9616642554007708,0.9529904662732311
RipVIS-026_00195.jpg,0.8811504219628183,0.8079927514326596,0.8938008748015205,0.9400665677120157,0.8518755333625814,0.9209971869496939,0.024417314093855367,0.9616767939810177,0.9531091474823531
RipVIS-026_00196.jpg,0.878792518033627,0.8040056912500539,0.8913560474334561,0.9458069225456267,0.8428334396266797,0.9232473072429028,0.022643496575655377,0.9610050154316353,0.9549528190090357
RipVIS-026_00197.jpg,0.8792648985731472,0.8047444635777409,0.8918098709469467,0.9463517599379704,0.8432123051251628,0.923753551377617,0.022498519832741364,0.9611795910489191,0.9552741725015836
RipVIS-026_00198.jpg,0.8770488219979528,0.8008387484174584,0.8894063936831875,0.9493645244902613,0.8365718074234073,0.9244366648031596,0.021503949026249157,0.9606539351847219,0.9561380454710886
RipVIS-026_00199.jpg,0.8665056251392941,0.7840835484382183,0.8789762666940153,0.9415010012451998,0.8242388672484273,0.9154532130160717,0.021162621518341206,0.9569179205242299,0.9507456424070224
RipVIS-026_00200.jpg,0.8663326665976692,0.7832201010511692,0.8784334593239254,0.9455220751892629,0.8202345034580802,0.9174933792327359,0.021192935686691575,0.9572530864192914,0.9525327124056113
RipVIS-026_00201.jpg,0.8691919508151833,0.7898210787926055,0.8825698704201322,0.906350345658844,0.8600053768236785,0.8966860141349887,0.019019887242486842,0.9568947723760818,0.9371220878723027
RipVIS-026_00202.jpg,0.8721722034435704,0.7942905340551843,0.8853533126099137,0.904383974790582,0.8671070566699504,0.8966743714931761,0.022469120475298296,0.9581288580242293,0.9371060374117717
RipVIS-026_00203.jpg,0.8708643467676898,0.7919058485001408,0.8838699300668961,0.898958462892134,0.8692795419165955,0.8928616507422588,0.022828784117690522,0.9578679591044763,0.934806994361025
RipVIS-026_00204.jpg,0.8678492621808845,0.7869509863273197,0.8807751218120676,0.8963653743770398,0.8657179126689982,0.8900635093214598,0.019612695661720428,0.9569058641970694,0.9331718156089128
RipVIS-026_00205.jpg,0.8676419640115984,0.7864488272774786,0.8804605150386702,0.8950704167810694,0.8663198973371322,0.8891686567446742,0.020377453130580134,0.9569473379625014,0.9326690106169566
RipVIS-026_00206.jpg,0.8698690933687938,0.7898930039552281,0.8826147732962325,0.8980401898908358,0.8677103253607277,0.8918057710022832,0.022323983971104498,0.9578018904316369,0.9343321891482825
RipVIS-026_00207.jpg,0.8774866540505233,0.8020254779204979,0.8901377785690573,0.9007879656136016,0.8797364871466473,0.896497454279926,0.02311474362919898,0.9604808063266973,0.9370856222599996
RipVIS-026_00208.jpg,0.8716004666374306,0.7922711519333213,0.8840974213959748,0.9043399598290786,0.8647412513765677,0.8961327190597513,0.01582897143117683,0.9586656057094142,0.9372376328034777
RipVIS-026_00209.jpg,0.8757103577375636,0.7985537771300144,0.8879954408750362,0.9053694253358515,0.871275712693414,0.8983388821344382,0.017435571109294588,0.9602869405859566,0.9386076916990715
RipVIS-026_00210.jpg,0.8788547010717245,0.803524772118096,0.8910604218365354,0.9104975972950872,0.8724357846329114,0.9026218488878492,0.016893416724682867,0.9614144483020055,0.9412934150397387
RipVIS-026_00211.jpg,0.8852301116217522,0.8136203555418824,0.8972333741796639,0.9124110483227893,0.8825523895406618,0.9062787735771035,0.01813605266437743,0.9636824845674364,0.943437998251925
RipVIS-026_00212.jpg,0.8876167539247874,0.8172095575377433,0.8994114675965432,0.916099088517262,0.8833209321361238,0.9093502785345243,0.020320156810171828,0.9646566358020039,0.9454383806978495
RipVIS-026_00213.jpg,0.8947482196183865,0.8283301565101333,0.9061056653916679,0.9149219929516442,0.8974576271161827,0.9113749540456536,0.02834430181609798,0.9672945601847187,0.9465663847758272
RipVIS-026_00214.jpg,0.8922711300038213,0.8239939031363052,0.9035051068092621,0.9177650909704901,0.8896814781765776,0.9120074206394434,0.026417063464456523,0.9666989776229906,0.9472387978050839
RipVIS-026_00215.jpg,0.8923499067901141,0.8240500736732084,0.9035388727172002,0.9154597526663258,0.891924463213155,0.9106538519717607,0.02377988863257256,0.9667732445982992,0.9463709739456503
RipVIS-026_00216.jpg,0.8910972062182145,0.8218932957168738,0.9022408695932737,0.909522797770763,0.8950746181249841,0.9065959666183423,0.02360036711527466,0.966447723764966,0.9438245481843263
RipVIS-026_00217.jpg,0.8894692549322081,0.8192951129959376,0.9006731311961338,0.9096677028473019,0.8918546902521791,0.9060484021329753,0.021985212325984084,0.9658854166662009,0.9435350548929293
RipVIS-026_00218.jpg,0.8876495839807819,0.8162293978694406,0.8988175159227493,0.9037054245531372,0.893982197706066,0.9017438954612582,0.02399314481418541,0.9653660300921271,0.9408602333543075
RipVIS-026_00219.jpg,0.8879268107135212,0.8165733011344577,0.8990259854909287,0.9016868657934285,0.8963807635076385,0.9006206257882355,0.02462825278646918,0.9655290316353369,0.9401547410465574
RipVIS-026_00220.jpg,0.8911156419590511,0.8218355266681672,0.9022060604682214,0.9070835681470036,0.8973807262442954,0.9051262502239481,0.02711460882037467,0.9665133101847191,0.9428971235788342
RipVIS-026_00221.jpg,0.8926421751741598,0.8240841944222896,0.9035593827765034,0.9154233425348444,0.89199900431307,0.9106405675456665,0.02235918955987416,0.9671677276229904,0.9465202541262293
RipVIS-026_00222.jpg,0.8829352500353229,0.8073900527389438,0.8934319977200426,0.9257660859193008,0.8632803394728044,0.912555610508835,0.038336628068459715,0.9646354166662015,0.9489061659729999
RipVIS-026_00223.jpg,0.8826684995684714,0.8067826380479495,0.8930599852560003,0.9222325727195319,0.8656764144885486,0.9103377800103083,0.04016610581798768,0.9646686921291644,0.9474911670209281
RipVIS-026_00224.jpg,0.8829836525978817,0.807455325587034,0.8934719593412742,0.9317443810061526,0.8582196467196587,0.9160485789795935,0.03944002273739056,0.9646604938266953,0.9513153166751785
RipVIS-026_00225.jpg,0.8848062142452106,0.8105171151144538,0.8953432235996466,0.9349311646720976,0.8589716485644612,0.9186831939793361,0.03448275861824805,0.965186631943979,0.9529249274126037
RipVIS-026_00226.jpg,0.8845135854034821,0.8099989229240453,0.8950269667735443,0.9324102018200576,0.8605258016777078,0.9170883267283502,0.03262861169607973,0.9651205632711395,0.9518684784487452
RipVIS-026_00227.jpg,0.8835703428639861,0.8083993089953686,0.894049566347671,0.9345406905495587,0.8569214732041827,0.9179119539216846,0.03220793897215652,0.9648586998452137,0.9525582336763682
RipVIS-026_00228.jpg,0.8838120197575574,0.8087144867253516,0.8942422838548898,0.9319482696291119,0.8594687688126144,0.9164906320940142,0.029597862765073264,0.9649913194439791,0.951589091612997
RipVIS-026_00229.jpg,0.8790428650705604,0.8014051583054949,0.8897555939712558,0.9369190733688904,0.8471128608900627,0.9174661379412059,0.023908812897976868,0.9631264467587948,0.9524967624229694
RipVIS-026_00230.jpg,0.8742423424660958,0.7936139430012097,0.8849328430991957,0.9355551284017672,0.8395076262601895,0.914626762029586,0.022456334902796207,0.9615441743822524,0.9509891514702817
RipVIS-026_00231.jpg,0.869942095912546,0.7867597486457478,0.8806553306812094,0.9338670315578331,0.8331807306376253,0.9118289126013229,0.022273687077019707,0.9600361689810185,0.9494048721360772
RipVIS-026_00232.jpg,0.8680689160372332,0.7836836839391265,0.8787249566676779,0.9302532194316141,0.8326055591359819,0.9089333486066663,0.02170816091027012,0.9594405864192904,0.9475845234847182
RipVIS-026_00233.jpg,0.870217240731813,0.7870981889459081,0.8808673119524179,0.9284975197025822,0.8378853415699612,0.9088404126340123,0.02433703728786304,0.9602020640427468,0.9473348166644422
RipVIS-026_00234.jpg,0.8675984374349079,0.7828954815320622,0.8782292508356253,0.9261511305854525,0.8350226368477568,0.9063682012854343,0.022742701967227243,0.9593016975304016,0.9458475837909109
RipVIS-026_00235.jpg,0.868378637226296,0.7839782303622743,0.8789100864791057,0.9245277843779537,0.8375824139393102,0.9057240203208633,0.02289396120207732,0.9596874999995372,0.9454125184008405
RipVIS-026_00236.jpg,0.8624680277173202,0.774472829659306,0.8729046922719044,0.9237864390027248,0.8273354245717284,0.9027381417959657,0.023145961264380458,0.9576649305550937,0.9438893883751052
RipVIS-026_00237.jpg,0.859095145995288,0.7689451290532979,0.8693826805863912,0.9203779299216422,0.823741738965615,0.8992783948216335,0.023368904496598075,0.9565793788575634,0.941849822253612
RipVIS-026_00238.jpg,0.8525645220064902,0.7587151842989444,0.8628062020188698,0.9193453671136466,0.8128183800042057,0.8958632186098239,0.021419991991097023,0.9541411072526262,0.9399798190312163
RipVIS-026_00239.jpg,0.8457507721440329,0.7484101283096918,0.8561036294536125,0.9198601574273139,0.8006123025862835,0.8932509583765262,0.026452103043963525,0.9513305362649733,0.9385345350165779
RipVIS-026_00240.jpg,0.8286195779820016,0.7221352162008428,0.838651006503341,0.9173438702193393,0.7723925572779912,0.8841586820420548,0.02804247209174772,0.9444695216044828,0.9334387432640019
RipVIS-026_00241.jpg,0.8320858466619885,0.7274215645295635,0.842205029121152,0.9258485187607024,0.7724224384285143,0.8904736077113203,0.023869432164306738,0.9458844521600377,0.9377179061105962
RipVIS-026_00242.jpg,0.8325716749649434,0.7282667792873516,0.8427712526970534,0.9311656833902882,0.7697041681183694,0.8936723956757221,0.02765260139098371,0.9460103202155932,0.9399535796913183
RipVIS-026_00243.jpg,0.8278147126747626,0.7210679497299337,0.8379308322406238,0.9303970577261579,0.7621823890724003,0.8910652022832976,0.03146328146113409,0.9440297067896682,0.9384686153442081
RipVIS-026_00244.jpg,0.8250840550385089,0.7170186964060572,0.835190319018506,0.9343623818649347,0.7550502257374108,0.8919954955061973,0.03744267232271595,0.9428327546291749,0.9393745912237275
RipVIS-026_00245.jpg,0.8236749133496849,0.7148974355295438,0.8337494951221853,0.9334794094765082,0.753272321885737,0.8908551404946127,0.029320151677321223,0.942236207561274,0.938661958355589
RipVIS-026_00246.jpg,0.8192696028830719,0.708265798443552,0.829222008763358,0.9354535143123576,0.7446575763796174,0.8898538953820981,0.03212715589907831,0.9403679591044848,0.9383606535114427
RipVIS-026_00247.jpg,0.8199223148491204,0.7091908148579736,0.8298556354188041,0.9354198892241673,0.7457015284540774,0.8901273696330853,0.03669475400674811,0.9406847993822623,0.9385338842242613
RipVIS-026_00248.jpg,0.8139259808075063,0.7000561824039045,0.8235682910361406,0.927200570486692,0.7407728511252396,0.8827679446458301,0.036100594913730355,0.9382089120365846,0.9337185557862311
RipVIS-026_00249.jpg,0.8413452761362723,0.7473963298496289,0.8554399675475404,0.8948663202113769,0.8193411316855822,0.8786675646753482,0.03140051291478073,0.9456915509254699,0.9258408650056132
RipVIS-026_00250.jpg,0.8413297335743782,0.7472078661018365,0.8553165088123353,0.8922907518540808,0.82128457965323,0.8771239711138344,0.029697387379882374,0.9457937885797908,0.9248972385223134
RipVIS-026_00251.jpg,0.8356133762668054,0.7380828893377742,0.8493068930895358,0.8884894808512387,0.8134342577015536,0.8723904635584436,0.029112173036398882,0.9437427662032486,0.9221161169391847
RipVIS-026_00252.jpg,0.8378058758782985,0.7415179715982118,0.8515765943175561,0.8894359035204048,0.816808700389395,0.8738952830068658,0.034005908603054504,0.9445732060180629,0.9230058851160003
RipVIS-026_00253.jpg,0.8390533570154488,0.7431646766580027,0.8526614686603206,0.8842728053316278,0.8232322346357885,0.8713511127756608,0.03456961148324604,0.9452488425921367,0.9214151981748364
RipVIS-026_00254.jpg,0.8399067487722396,0.7444906590814531,0.853533557437858,0.886431155608521,0.822990398764497,0.872972424764401,0.031604129940090396,0.9455787037032477,0.9224478035775031
RipVIS-026_00255.jpg,0.8420831900738484,0.7478349326280357,0.8557271841495866,0.8878788368921817,0.8258226933973255,0.8747325456133231,0.033773584903536255,0.9464438657402843,0.9235407720908662
RipVIS-026_00256.jpg,0.844711050907629,0.7517429579457834,0.8582799828432932,0.8874582814354758,0.83095928654699,0.8755520873062608,0.028397311049293376,0.9475728202155924,0.9240637579227495
RipVIS-026_00257.jpg,0.8450999717041607,0.7521594151399645,0.8585513494271652,0.8861627272752438,0.8326086294704184,0.8749077644228719,0.025785808392886266,0.9478472222217651,0.9237114928383087
RipVIS-026_00258.jpg,0.8457294228523422,0.7531079202042276,0.8591689211198071,0.8842017639777261,0.8355144754673426,0.8740155970646458,0.03161955352990454,0.9481090856476909,0.9231229015680669
RipVIS-026_00259.jpg,0.846232100459166,0.7537801248447382,0.8596061891298605,0.882789161638299,0.8376096774254587,0.8733675192902284,0.031600278637730336,0.9483748070983081,0.9227331672425614
RipVIS-026_00260.jpg,0.8456535038152547,0.752806040839769,0.8589724399615827,0.8829995437870792,0.8362182903955696,0.873229186855525,0.02994543839424277,0.9482021604933699,0.9226917583043748
RipVIS-026_00261.jpg,0.8457764448054619,0.7530587421027933,0.8591369176819479,0.8844366309363935,0.8352443714465524,0.8741400221213428,0.03326760383987866,0.9482084297834933,0.9232545504023153
RipVIS-026_00262.jpg,0.847586432874819,0.7559117848852736,0.860990616262266,0.8869406876255952,0.8365158719217118,0.8763751840608386,0.026362371979620536,0.9488773148143572,0.9246380626526627
RipVIS-026_00263.jpg,0.845200719417391,0.7519827961730432,0.858436278958495,0.8875096911062486,0.8312072457654521,0.8756471677603769,0.020963172803212894,0.9481076388884316,0.9243374381161267
RipVIS-026_00264.jpg,0.8450501223968945,0.7515599316595001,0.8581606807452387,0.8856342693972625,0.8323403427268478,0.8744364101755769,0.020032861474972644,0.9481756365736168,0.9236311481478483
RipVIS-026_00265.jpg,0.8502218690948606,0.7594816916098667,0.8633016134597756,0.8871904066893742,0.8406655640992704,0.8774779772757264,0.022821181105916903,0.9502387152773195,0.9254994969686681
RipVIS-026_00266.jpg,0.852501450540176,0.762892564499111,0.8655009157814118,0.8921896922108137,0.8403624875440969,0.8813190727749729,0.0275364170695415,0.9511998456785536,0.9279962876925096
RipVIS-026_00267.jpg,0.8575392312948507,0.7707564760469977,0.87053921470627,0.8948490512826197,0.8475152671338025,0.8849639917027182,0.029227823865397073,0.9531013695983058,0.9302053413599285
RipVIS-026_00268.jpg,0.8586744774732411,0.7724236618634016,0.8716016136360194,0.8964446689224304,0.8480983729997582,0.8863394195272429,0.03454031843640599,0.9535990547834907,0.9311124264399978
RipVIS-026_00269.jpg,0.8576475764845041,0.7707528672134126,0.8705369128401597,0.8943264805383042,0.8479801817345977,0.8846563144749702,0.03380588876555225,0.9532576195983057,0.9300736036328074
RipVIS-026_00270.jpg,0.8549809930513764,0.7668767910979309,0.8680591594860403,0.9003174445823792,0.8380325364912097,0.8871306414332686,0.02981271499364169,0.9520606674378125,0.9316830790592885
RipVIS-026_00271.jpg,0.8562470682217916,0.7689294794199222,0.8693726780697602,0.9025812419448992,0.8385210723636178,0.8889979554538404,0.03265593046826074,0.9524874614192937,0.9328337310937562
RipVIS-026_00272.jpg,0.8548398311047378,0.7665325575037683,0.8678385849700175,0.8992581033778234,0.8385405017678444,0.88642118771058,0.03143368259446501,0.952090084876084,0.9312744729657383
RipVIS-026_00273.jpg,0.8549566383296363,0.7664031013231065,0.8677556111048944,0.8994326929720523,0.8382338873742848,0.8864883280025679,0.03249375119960945,0.9523427854933679,0.9314543982916552
RipVIS-026_00274.jpg,0.8549536558621299,0.7662709065345054,0.8676708694001644,0.8987106096790454,0.8387036542364669,0.8860319761628057,0.03766902768591957,0.9524271797834913,0.9312087365149917
RipVIS-026_00275.jpg,0.8587011987406312,0.772122366383116,0.871409763829131,0.9012671594483931,0.8434671798584119,0.8890819974122239,0.038619979400191816,0.9538387345674413,0.9330725728033786
RipVIS-026_00276.jpg,0.8617539537825651,0.7768853446526278,0.8744349735232974,0.9028494278617127,0.8477544664145603,0.8912648932196668,0.04136818328226084,0.9549884259254654,0.9343951049069388
RipVIS-026_00277.jpg,0.8619035296838884,0.7783224069997563,0.8753445426275427,0.8811280182160841,0.8696364941568371,0.8788054812964713,0.03749999999759615,0.9542428626538608,0.9258372672980113
RipVIS-039_00000.jpg,0.8336229752009678,0.7076636759424692,0.8288091922455464,0.9259908803882047,0.7500882814911248,0.8845059259025263,0.025419852314878137,0.9631843171291651,0.9465680084024641
RipVIS-039_00001.jpg,0.8108237599839461,0.66496964394655,0.7987768982626536,0.9269120245644309,0.7017657090802936,0.8710222998430724,0.01921854023746071,0.960108024690895,0.9450602656557279
RipVIS-039_00002.jpg,0.7890832017792262,0.6288656236917971,0.7721516306133143,0.9261272857582545,0.6620764250978235,0.8577123209744345,0.0035068788775622552,0.9533116319439847,0.9409889578454632
RipVIS-039_00003.jpg,0.8306947849597293,0.7009691110746981,0.8241996947631991,0.9777790119631347,0.7123164628122516,0.9099554775439151,0.03961719794246589,0.9637808641970661,0.9701144042541295
RipVIS-039_00004.jpg,0.8128476377258742,0.6702046828033315,0.8025419754882208,0.9564965939054275,0.6912763546017922,0.8883317942647487,0.03133983032802778,0.959182581018056,0.9579671125456539
RipVIS-039_00005.jpg,0.803620066041245,0.6520432936259143,0.7893779734970575,0.9699432926439276,0.6654899084670011,0.888635360173688,0.01685314685196831,0.9586670524686735,0.9638158680329905
RipVIS-039_00006.jpg,0.7841976949292053,0.6198416376955588,0.7653114023879104,0.96224808571554,0.6352908109110097,0.872445895165359,0.010502156071045892,0.9525352044748493,0.9569668959322881
RipVIS-039_00007.jpg,0.817794315819203,0.6771132272343908,0.8074746728352629,0.9818530034107968,0.6856944708156071,0.9037824096946693,0.013871635609808721,0.9618016975304003,0.9709367515126999
RipVIS-039_00008.jpg,0.845492082591444,0.7253666120394748,0.8408260678952783,0.9774035929986955,0.737738195459221,0.9177731016934916,0.027411814702690763,0.9684799382711379,0.9725263406822386
RipVIS-039_00009.jpg,0.8073551968456899,0.6566388669639032,0.792736280740914,0.9845089160015829,0.6634941571484334,0.8976480810837605,0.030146425492902165,0.961183931326697,0.9718953711408066
RipVIS-039_00010.jpg,0.764207854054163,0.5853086147818192,0.73841598957358,0.9923449843166025,0.5879633338269916,0.8723502757965728,0.009473370132069716,0.9473360339501604,0.968018320471693
RipVIS-039_00011.jpg,0.774975682134786,0.6030968163801069,0.7524147140931106,0.9975406089182056,0.6039949011191649,0.8825338708777094,0.021509462641824923,0.9508256172834921,0.9722918553089157
RipVIS-039_00012.jpg,0.7667858987101538,0.5915999779215497,0.7434028476101296,0.9987080424296335,0.5920530825489932,0.8780845842057493,0.017458777884245408,0.9464713541662102,0.9703911517444659
RipVIS-039_00013.jpg,0.7662954404506355,0.5900516304933207,0.7421792087471455,0.9838567417762935,0.5958201521905614,0.8704748464275234,0.009437440093678579,0.946928530092136,0.9638383951271048
RipVIS-039_00014.jpg,0.7623044231303417,0.5833175910162004,0.7368295461706039,0.9861730374167992,0.5881276492424771,0.8685992650992755,0.013909774435044377,0.9457499035489266,0.9642751104511385
RipVIS-039_00015.jpg,0.724060196836936,0.5187818981220972,0.6831552295475035,0.9950579286620134,0.52012203980638,0.8413978278889158,0.004282821990010682,0.9343402777773272,0.9623740832789355
RipVIS-039_00016.jpg,0.7118091104511884,0.5002117517101061,0.6668548638416008,0.999939045032171,0.5002270047552406,0.8334255341248301,0.005169397168349817,0.9288599537032558,0.9616749146599824
RipVIS-039_00017.jpg,0.724882514687978,0.522946154471315,0.6867559341293372,0.9995261770864465,0.523075825663392,0.845499377925753,0.004783563362234664,0.93225356867239,0.9631901494858982
RipVIS-039_00018.jpg,0.7286217007955416,0.5296850660327475,0.692541331277412,0.9999999999936068,0.5296850660327475,0.8491971455996108,0.000869565217322564,0.9330227623452291,0.9637791677759713
RipVIS-039_00019.jpg,0.7317016739739028,0.5342925659454117,0.6964676461378635,0.999506527291607,0.5344335436187879,0.8513369964769627,0.004935674406915148,0.9344425154316481,0.9643273089311659
RipVIS-039_00020.jpg,0.7329781405328684,0.537473312972808,0.699164412725405,0.9999748599953492,0.5374805756349655,0.8531501754506379,0.0005543676248868007,0.9339703896600434,0.9642298839969548
RipVIS-039_00021.jpg,0.7505275531584311,0.5644513603031664,0.7215965604629402,0.9980790322824135,0.5650652357259738,0.865440328430839,0.0049075740221734354,0.9414168595674473,0.967415452466396
RipVIS-039_00022.jpg,0.7000759526086138,0.4868549082098925,0.6548788392487392,0.9992265410472175,0.48703845048379985,0.825583551500561,0.002709811110009579,0.9198871527773341,0.9562908478291019
RipVIS-039_00023.jpg,0.6908148932335543,0.4723334425300224,0.6416120545606516,0.9993197409817592,0.4724853597097051,0.8171015320161786,0.0032136698539572293,0.9161077353390644,0.9543331719224566
RipVIS-039_00024.jpg,0.7095135208959656,0.4995026390893289,0.6662244214424118,0.9978381177319794,0.5000437892262279,0.8321556773096542,0.01137096774101847,0.9255073302464673,0.9587612769830496
RipVIS-039_00025.jpg,0.7408212832030415,0.5543114040869269,0.713256561882533,0.992097941649492,0.5567695915810719,0.8579368026770811,0.00576073232277772,0.9333545524686857,0.9600485730038852
RipVIS-039_00026.jpg,0.7548264253398271,0.5772199626883542,0.7319460523495899,0.9918390693877782,0.5799745003540808,0.8684888872579114,0.01401174168187775,0.9381394675921402,0.9624901211955749
RipVIS-039_00027.jpg,0.758562497518269,0.585263598189851,0.7383801644826009,0.9913075229383771,0.5882826649398827,0.8718490214423755,0.009149623250103827,0.9378385416662144,0.9619776434904983
RipVIS-039_00028.jpg,0.7566282031288503,0.5823503280571735,0.7360573922617875,0.9880866523819207,0.586468149748357,0.8690588383424078,0.008929258716886363,0.9369777199069556,0.9600376570794302
RipVIS-039_00029.jpg,0.7490267277454427,0.5729942238468171,0.7285395142081805,0.9857705494545683,0.5777730342885701,0.8637782273836736,0.005544005543578655,0.9319068287032543,0.9560872745218708
RipVIS-039_00030.jpg,0.7599115488327494,0.5897584378610597,0.7419472340144332,0.9855572377645686,0.5948998979332812,0.871144986493484,0.009085309515777231,0.9364535108020176,0.9584971051313211
RipVIS-039_00031.jpg,0.743483182608772,0.5645768874551766,0.7216991277091854,0.986384470903836,0.5690112607728607,0.8601930999437397,0.01253587071344692,0.9294854359563419,0.9550284918850704
RipVIS-039_00032.jpg,0.7146905432383093,0.5224757689064596,0.6863501929909012,0.9943922518610648,0.524019759267901,0.8430448622940524,0.0029940119758238015,0.9155111882711634,0.950909404794793
RipVIS-039_00033.jpg,0.7252763436582397,0.5380024534902239,0.6996119574052989,0.9994732779788504,0.5381550350141855,0.853197392296912,0.00848438102518439,0.9206327160489387,0.9560362444833566
RipVIS-039_00034.jpg,0.7404008991762792,0.5604366604781202,0.7183074772242297,0.9967718719961368,0.5614557140490639,0.8629559196411156,0.006379465625459361,0.9277054398143674,0.9587198737016128
RipVIS-039_00035.jpg,0.7337850592032866,0.5499248704797558,0.7096148735383991,0.9886728691174607,0.5534116053532651,0.8542918273139061,0.005607614549870315,0.9251745756168378,0.953688624533447
RipVIS-039_00036.jpg,0.7313924508014813,0.545889575173846,0.7062465313700779,0.9918007751559179,0.5483642737336125,0.85372697272991,0.017995462012518938,0.9244434799378258,0.9547269866612231
RipVIS-039_00037.jpg,0.8339959643132931,0.7222406924239919,0.8387221316986351,0.9858018566764892,0.7298325332948125,0.9211855940547805,0.004703534777315882,0.9524575617279357,0.9667392115876693
RipVIS-039_00038.jpg,0.8393440812341855,0.7290900687924327,0.8433222559674024,0.9573500933437026,0.7535666148398147,0.9082285002680568,0.007777617743930749,0.9556182484563293,0.9563607343362331
RipVIS-039_00039.jpg,0.8542342658748521,0.7533342176323035,0.8593161646609548,0.9659040396389565,0.7739144169370656,0.9202458506262268,0.006270060460829285,0.9605410879624997,0.9628403215280236
RipVIS-039_00040.jpg,0.8417864944325453,0.7354357659343559,0.8475516989687008,0.9739585857231694,0.7501873465674658,0.9191258983568381,0.020465186526169372,0.9546720679007742,0.9628823800999776
RipVIS-039_00041.jpg,0.8292835600361763,0.7153841057023246,0.834080371065846,0.9797490178841589,0.726121021569329,0.9157745411673568,0.014158247915776252,0.9502830825612701,0.9628621896858708
RipVIS-039_00042.jpg,0.8393478373325509,0.7308471494104737,0.8444964648200162,0.9725386700709218,0.7462472655933694,0.9169289166023815,0.03528188367857967,0.9543176118822558,0.9620962430495408
RipVIS-039_00043.jpg,0.7016469816039539,0.48733937959469703,0.6553169858616908,0.589162410228545,0.7382071726531602,0.613953994670944,0.02308384130877547,0.9221725501538762,0.7795788060537748
RipVIS-039_00044.jpg,0.7083766993606242,0.49907282160548216,0.6658419983506652,0.6036138100518315,0.7423755071545662,0.6270551090379716,0.0022267747392690144,0.9239202353390606,0.7867661761525447
RipVIS-039_00045.jpg,0.7863943523819396,0.6334518083517373,0.7755990168953105,0.7963275498484463,0.7559222405749129,0.7879045860156236,0.014354066984555778,0.9450930748452232,0.8807724777173083
RipVIS-039_00046.jpg,0.7008532026556842,0.4844672233304589,0.6527152849404626,0.6171619475753556,0.69261532479475,0.6309081495148676,0.0011202389842120762,0.9232113233020239,0.7904480569512274
RipVIS-044_00000.jpg,0.7157743803624831,0.44467748501468835,0.6156079673521972,0.48883991796779525,0.8311436882276286,0.5327196849032608,0.017200938231313433,0.9870078607251896,0.743340181731702
RipVIS-044_00006.jpg,0.8221507841357597,0.6537506857416665,0.7906278635324954,0.8542310539686814,0.7358396979368255,0.8276000651218816,0.018709370539185876,0.9907165075230286,0.9239033977005071
RipVIS-044_00012.jpg,0.8827309565332011,0.7710326375002093,0.8707153342905214,0.9049862234414423,0.8389453446809176,0.890959153434215,0.03736637971456188,0.9945318528162381,0.950688945030918
RipVIS-044_00018.jpg,0.7174094327576013,0.4576770792623004,0.6279540040430918,0.944579835719562,0.47030607720099254,0.786044634416011,0.014800930712590426,0.9775743875384624,0.9614144058315572
RipVIS-044_00024.jpg,0.8124632785745087,0.6359726390196218,0.7774856667538605,0.9593497424936351,0.6535853862550679,0.8772679584770448,0.022696355693943127,0.9891630497683992,0.9745564996799896
RipVIS-044_00030.jpg,0.8736289455593369,0.7536703421209658,0.8595347985522112,0.9894177598073907,0.7597949137820992,0.933022717440868,0.019867549667046767,0.9937109374998802,0.991606923107867
RipVIS-044_00036.jpg,0.8691523048532712,0.7448024973065872,0.8537384586006981,0.9647160283911314,0.7656596417922811,0.9170338881357664,0.013706190781555865,0.9936230468748801,0.9794538606664851
RipVIS-044_00042.jpg,0.8626382825464545,0.7320778083587772,0.8453174618667442,0.956162964080192,0.7575021899599174,0.9085102065565464,0.02149637074060149,0.9933228443285839,0.9751043302435793
RipVIS-044_00048.jpg,0.8678238317917151,0.7422877553028756,0.8520839947863122,0.9834467420978193,0.7516793107908012,0.9263235446394672,0.023929805900564583,0.9934845196758061,0.9885632664142456
RipVIS-044_00054.jpg,0.8583206293663155,0.7237788329425229,0.8397583484733001,0.9840512840332929,0.7323698448924738,0.920766372115916,0.023027166880290887,0.9929934654705592,0.9886073763261765
RipVIS-044_00060.jpg,0.8402112361583284,0.6888483743511755,0.8157610651291516,0.9807009387971132,0.6983145447491663,0.9073200162481183,0.020634249469713806,0.9917283950616088,0.9863195815896046
RipVIS-044_00066.jpg,0.8334705556068547,0.6751477968767284,0.8060754975000114,0.9082942628350923,0.7245366753095366,0.8644459635821267,0.009716120310094955,0.991930941357905,0.9508992304174185
RipVIS-044_00072.jpg,0.8295571482617881,0.6672262571904841,0.8004027699454017,0.874654086386984,0.7377717013703154,0.8433595631109287,0.012078882496953255,0.9920178674767323,0.9344297599084768
RipVIS-044_00078.jpg,0.8583703903099633,0.723711229838916,0.839712844368425,0.9657283854357603,0.7427882214238628,0.9110405170977448,0.009908347782189054,0.9931545380014234,0.979700894130957
RipVIS-044_00084.jpg,0.8647131611541757,0.736679215956195,0.8483768437921774,0.9590128193892095,0.7606274813560355,0.9114673986917704,0.018977975100637416,0.9928913483795099,0.9763108005176937
RipVIS-044_00090.jpg,0.8742330047265485,0.7551021334715615,0.8604651764373195,0.9525806026602025,0.784594191681993,0.9134649184476941,0.024049167184105356,0.9934969376927815,0.9734786588394346
RipVIS-044_00096.jpg,0.8821094350039718,0.7702475929726614,0.8702145349953391,0.953469615113506,0.8003311983985567,0.9183264015487257,0.020712366754423055,0.9940907118054356,0.9742111254518664
RipVIS-044_00102.jpg,0.9169476182945757,0.8380119962362135,0.9118678201799024,0.9581909135678258,0.8698170992307315,0.939108150223424,0.031948291779136814,0.9959690875770404,0.9775002291439367
RipVIS-044_00108.jpg,0.9000804477506805,0.804929442881401,0.89192344449366,0.9740745023279753,0.8225514682411759,0.939462630920322,0.018857032901784008,0.995323471257596,0.9849137181077448
RipVIS-044_00114.jpg,0.9057703290961496,0.8160179065825096,0.8986892735194892,0.9582871010368397,0.8460704294665607,0.933523926669734,0.04020727377025168,0.9956099295909293,0.9773355588295947
RipVIS-044_00120.jpg,0.9158575436580432,0.8356206917922353,0.9104502858663733,0.9623974109049153,0.8638238456677536,0.9409230919840429,0.03889987755120092,0.9961704282406206,0.9796325559872866
RipVIS-044_00126.jpg,0.8642566546741748,0.7346840862081135,0.8470523158070546,0.9448158494186318,0.76762351748295,0.9031219012683331,0.041417307871053737,0.9939328944829048,0.9698189683046687
RipVIS-044_00132.jpg,0.8977810549029115,0.7999631967479314,0.8888661703675478,0.9541288674814831,0.831959868931296,0.926906581173056,0.04521804937610273,0.995675033757596,0.9752854649630067
RipVIS-044_00138.jpg,0.8942717275745012,0.7930812685228867,0.8846015877196856,0.9186946042546603,0.8529484302858323,0.9047468342315187,0.014292565945871217,0.9955397617668552,0.9578457154059982
RipVIS-044_00144.jpg,0.9032350999602514,0.8106545678651954,0.8954270817331837,0.9711729093142759,0.8306418572844506,0.9393871142114341,0.033780427219693945,0.9958892746912379,0.9837591786814921
RipVIS-044_00150.jpg,0.9172341724262019,0.8380830298249503,0.9119098715630546,0.9841143713517053,0.8495764247862627,0.9539025877820818,0.03723404254930809,0.9964517023532748,0.9904003487232411
RipVIS-044_00156.jpg,0.9035147841630344,0.8113410315749271,0.8958456938056344,0.965910108615768,0.8352583889229908,0.9366090945857762,0.02266953292723573,0.9957670235338305,0.9811253225210299
RipVIS-044_00162.jpg,0.9000575016922996,0.8046040289218714,0.8917236313636824,0.9880934408840778,0.8124814472951513,0.9471495353563317,0.02960558669916341,0.9955924479165466,0.9919131046571512
RipVIS-044_00168.jpg,0.8877901001116681,0.7808613659491291,0.8769479543770783,0.9905090093229554,0.7867479407555679,0.9417290367631149,0.042180969963827294,0.9948163821372257,0.9927036205838548
RipVIS-044_00174.jpg,0.885378597842438,0.7766452449921517,0.8742828622442096,0.9879600330031171,0.7840662265971982,0.9391171753403228,0.022512708785402024,0.994230082947411,0.9911600423470558
RipVIS-044_00180.jpg,0.8750765763471634,0.7568121452324789,0.8615743547609981,0.9843804802710946,0.7660108717867218,0.931283575948422,0.02853707414600905,0.9934762008100654,0.9890241132309106
RipVIS-044_00186.jpg,0.8288265916427391,0.6672863636914108,0.8004460160209351,0.9856366337875423,0.6738388739319962,0.9021484643988431,0.022348011466415643,0.9905494068285843,0.9881411833049261
RipVIS-044_00192.jpg,0.844038577029028,0.6966456448191962,0.8212034692647144,0.9840522329272572,0.7046005801868026,0.9117318359381675,0.016265452178247767,0.9915968605322878,0.9879000028033245
RipVIS-044_00198.jpg,0.8358122552472353,0.6810199412089943,0.8102461184597285,0.9849218617848305,0.6881948634399482,0.906731315521173,0.01582138104274572,0.990789327739078,0.9879153622743204
RipVIS-044_00204.jpg,0.8680937870656249,0.7431155008926564,0.8526291006099183,0.9806886840082523,0.7541510865908604,0.9251103572304422,0.013327882255655937,0.9932081886572877,0.9870764095592566
RipVIS-044_00210.jpg,0.8861117142627661,0.7780416377218549,0.8751669490920736,0.977805302421317,0.7920291620645061,0.9339904652769092,0.026408141776942607,0.9942980806325962,0.9862237726336873
RipVIS-044_00216.jpg,0.8480040801876159,0.7036655233646062,0.826060648307212,0.897590032899065,0.7650902366671569,0.8675415312746722,0.015567836847858034,0.9924793836804359,0.9459978156307616
RipVIS-044_00222.jpg,0.8643721332433222,0.7362311424835059,0.8480796415509521,0.9762244275982002,0.7496732545578795,0.9205843313654641,0.01870790720722475,0.9926663773146951,0.9846214727321909
RipVIS-044_00228.jpg,0.8671083097829855,0.7420869326278491,0.8519516663941091,0.9749815533361911,0.756492262825925,0.9217384496639108,0.013903992542030138,0.9923039641202507,0.9838440420625516
RipVIS-044_00234.jpg,0.8138685363592728,0.6387788666048535,0.7795790873581939,0.9939806529865598,0.6412594610933847,0.8954708978722589,0.013490992777280296,0.9891696807483376,0.9915279069122253
RipVIS-044_00240.jpg,0.8340157834878522,0.6786553218119499,0.8085701847111837,0.9884544368361656,0.6840779939238849,0.9076809836510304,0.017509727625197456,0.9896093749998807,0.9890450171075829
RipVIS-044_00246.jpg,0.8156375700341261,0.642307600313156,0.7822013369367352,0.9898087685073758,0.6465836540249095,0.8948105563743757,0.020100502511008853,0.9891818576387696,0.989489037999446
RipVIS-044_00252.jpg,0.8111822546905314,0.6335096517113921,0.7756423735209376,0.9937814966182131,0.6360309629651909,0.8932910013356004,0.009480249479461102,0.9890655140816709,0.9913777881147643
RipVIS-044_00258.jpg,0.8588634714852659,0.7267086344418985,0.8417269942902476,0.9820418853432646,0.7364959002324475,0.9206531690576482,0.01734820322054463,0.9912278163579051,0.9867466003097274
RipVIS-044_00264.jpg,0.8191124220296555,0.6497569002892896,0.7877001759172553,0.9921759888465456,0.6531032667920262,0.8988450132344389,0.007882061012415556,0.9887094907406215,0.990405360284152
RipVIS-044_00270.jpg,0.8054970389106291,0.6240374066675044,0.7685012723297032,0.9916444755315058,0.6273359982845765,0.8884551928279409,0.010274721270110419,0.9872330729165476,0.9893906100223653
RipVIS-044_00276.jpg,0.8133996505366028,0.6396211244250684,0.7802060060056264,0.9408774827636686,0.6664054798651466,0.8692721673705124,0.006360619468586793,0.9874634693285846,0.964734668105677
RipVIS-044_00282.jpg,0.8262225516714602,0.6642692236255074,0.7982713544127651,0.9913730452052881,0.6681313492557317,0.9039107125320712,0.008489795917674303,0.9884461805554363,0.9898750710157351
RipVIS-044_00288.jpg,0.8363746733280333,0.6836950861976944,0.8121364631902441,0.9976944734968659,0.6847769788259918,0.9141481623478002,0.012936294848837663,0.9893072434412388,0.9934014058171482
RipVIS-044_00294.jpg,0.832814750121588,0.6771867012942154,0.8075269148886746,0.9196653581991939,0.719763319680761,0.8712693074737663,0.006363228027671565,0.988716362847103,0.9551029565605864
RipVIS-044_00300.jpg,0.8424732163505098,0.6954442892421638,0.820368199244124,0.9902997291829725,0.7002142022563351,0.9145255911742098,0.007070630273924532,0.9897479021989547,0.9900171352596857
RipVIS-044_00306.jpg,0.8647674796686142,0.7380732346541349,0.8493005011966674,0.9845003536375442,0.746750459837727,0.9255642526027814,0.013071895423727026,0.9916623263887693,0.988168886971049
RipVIS-044_00312.jpg,0.8771143703122908,0.7617273005407161,0.8647505210447994,0.9862308204064918,0.7699151887109797,0.9337608666590367,0.01565920188452103,0.9926769868825963,0.9895322721253234
RipVIS-044_00318.jpg,0.8685723496825148,0.7452356525494884,0.8540229526721249,0.9831132346256454,0.7548989505312088,0.9270610757137747,0.006617523872791294,0.9920961130400038,0.9877128454282513
RipVIS-044_00324.jpg,0.8915467179668248,0.7895440793125957,0.8823969059380503,0.9762102819750237,0.8050335391243062,0.9363888376590924,0.012414597566037777,0.9937017746912382,0.9851729625031317
RipVIS-044_00330.jpg,0.8824705009494573,0.7722876938426244,0.871515044115859,0.9836962884860101,0.7823010222855723,0.9355279017826075,0.015550645817849196,0.9928319106866087,0.9883798469023197
RipVIS-044_00336.jpg,0.8754736656013211,0.7586005467558254,0.8627320719935544,0.978486143825988,0.7714680617625475,0.928646955122246,0.009072661580965664,0.9925265239196334,0.9856789751799935
RipVIS-044_00342.jpg,0.8847063004958339,0.7765084898729377,0.8741962048585272,0.9825953807550571,0.7873377071655916,0.9361622283411749,0.021764220938024385,0.9930748456788926,0.9879666405687406
RipVIS-044_00348.jpg,0.8905784125388824,0.7878418332505123,0.881332809869563,0.9667093285043654,0.8098128599782759,0.9306478224498285,0.023279098871649636,0.993476924189695,0.98043710866238
RipVIS-044_00354.jpg,0.894042243056567,0.7945417156486498,0.8855093294517894,0.9724026755162292,0.8128715898178843,0.9356762243085511,0.030012610337956065,0.9937000868054358,0.9833250326653007
RipVIS-044_00360.jpg,0.8230395898756661,0.6565546604710205,0.7926749127424958,0.99299343248027,0.6596104069677137,0.9018319083680298,0.022524977291323797,0.9897301793980288,0.9913288963106757
RipVIS-044_00366.jpg,0.8460360348949153,0.7010063395656592,0.8242254285126963,0.9944137016180724,0.7037778375107885,0.9185480014292855,0.017792653922505713,0.9912490354937076,0.9927980335190842
RipVIS-044_00372.jpg,0.8588619280587998,0.7258617256056314,0.8411586106075971,0.995136740074427,0.728445745355521,0.9272422766468272,0.017175223824486094,0.992033781828584,0.9935516636920128
RipVIS-044_00378.jpg,0.8546663328117885,0.7179307891878605,0.8358087458543741,0.9974562280241829,0.7192476666705029,0.9258328790056843,0.019959714336205848,0.9915860098378434,0.9944567190272602
RipVIS-044_00384.jpg,0.8920652520746352,0.7908144514521058,0.8831897138320091,0.9952578945782483,0.7938055056100956,0.947182592820836,0.026744489935818058,0.9934807822143864,0.9943467764018116
RipVIS-044_00390.jpg,0.8838791074641739,0.7752646722257082,0.8734074240926939,0.9990408566390899,0.7758421345163022,0.9446863003091784,0.021027438240787465,0.9926830150461766,0.9957795370363187
RipVIS-044_00396.jpg,0.8592055382145471,0.7277035760421735,0.8423940149608282,0.9983608267344273,0.7285740695738608,0.929521538579646,0.0158392233657635,0.9909326774690163,0.9945543618977426
RipVIS-044_00402.jpg,0.8810463108513215,0.7701657536440768,0.870162302099233,0.9988296179754272,0.7708614131749894,0.9430515579973514,0.021838496696983366,0.9921395158177816,0.9953939651391928
RipVIS-044_00408.jpg,0.8455095283230787,0.7018998190947338,0.8248426978129475,0.9986167208041401,0.7025829182170757,0.9210036174966283,0.01339103453797738,0.9893910349150041,0.9938855308013277
RipVIS-044_00414.jpg,0.8574832425338004,0.7256328740542343,0.8410049263252836,0.9980921052587802,0.7266407811608669,0.9287048207030185,0.009875344017332414,0.9896262538579054,0.9937395342320263
RipVIS-044_00420.jpg,0.8229820468745497,0.6598815658463627,0.795094757871949,0.997470612445696,0.660987615402663,0.9053000300553118,0.008426754946322567,0.9864484471449427,0.9918103318859744
RipVIS-044_00426.jpg,0.837254175164887,0.6872437628002568,0.8146348239090995,0.9974819539992866,0.6884381202663296,0.9153048327167685,0.005607329015510399,0.9876112798995723,0.9924081454820154
RipVIS-044_00432.jpg,0.8414781399477795,0.6954364028629667,0.8203627121473045,0.996803338056773,0.6969908348122471,0.9178409793456226,0.009032359408652815,0.9878656684026587,0.992206735022261
RipVIS-044_00438.jpg,0.8844737018177191,0.7782815600863086,0.8753187094270211,0.9962481306869735,0.7805694148613228,0.9440766673028821,0.02211170619570683,0.9909619743440163,0.9935181152284538
RipVIS-044_00444.jpg,0.8779734492849515,0.7658651684710439,0.8674106971985414,0.9988885908059675,0.7665183468543558,0.9417879372806235,0.010812457168140374,0.9903933979551275,0.99450303091821
RipVIS-044_00450.jpg,0.889654028134818,0.788509107583334,0.881750173079948,0.9980336742320698,0.789735978616508,0.9480242358745253,0.015650376493750895,0.9911041184412385,0.9944497962559098
RipVIS-044_00456.jpg,0.8719112804203317,0.7548799327857005,0.8603208899738256,0.9968104401483225,0.7567077140422016,0.9373277759513974,0.011310223265914349,0.9893067611881523,0.9929304178171994
RipVIS-044_00462.jpg,0.878820637466103,0.768184686289078,0.8688964362668262,0.9988406768984402,0.7688702170578995,0.9424622474552836,0.017479234379380336,0.989812524112535,0.9941686958368707
RipVIS-044_00468.jpg,0.8505890987643502,0.7140265653367914,0.8331569414112218,0.9964866034809431,0.7158286664629187,0.9240290195611799,0.024511255922355504,0.9875509982637698,0.9918749513987587
RipVIS-044_00474.jpg,0.834310947389873,0.6830020139450534,0.8116472924997368,0.9970440472912552,0.6843878357878721,0.91357261814706,0.008610709116598357,0.9860520351079057,0.9913772361438073
RipVIS-044_00480.jpg,0.8328145552208263,0.6804257730749819,0.8098254430243385,0.9983959769328147,0.681170409566229,0.9133274495043451,0.012888605621918518,0.985655261381054,0.9918245915213428
RipVIS-044_00486.jpg,0.8756093305829151,0.7625298047620405,0.8652674158494469,0.9976423107379614,0.7639064076670138,0.9401122313549258,0.011321517621718341,0.989085286458214,0.9932080194162471
RipVIS-044_00492.jpg,0.8349170096354963,0.6852942668678709,0.8132636303824782,0.9941047673333673,0.6880906168633358,0.9129055717238294,0.013505654280225805,0.9850432822143874,0.9894205585413988
RipVIS-044_00498.jpg,0.8834490769795924,0.7778968926176888,0.8750753723095284,0.9957795255170542,0.7804701095346583,0.9437109453120879,0.03401677539382127,0.9894092399690165,0.992471144099232
RipVIS-044_00504.jpg,0.8390875574638272,0.6936650567484615,0.8191289700221792,0.9899096979566173,0.6986046349763414,0.9137097256572497,0.01305674191500569,0.9850349633486466,0.9873859366156175
RipVIS-044_00510.jpg,0.8696499588823106,0.7520493699660702,0.858479655719558,0.9972807482108573,0.7535946819188387,0.9367014732325941,0.017818228431110226,0.9877252121912389,0.9923177012522453
RipVIS-044_00516.jpg,0.8480687385071195,0.7111513585913274,0.8311963228977817,0.9799612216794659,0.7216455340890091,0.9144920588280779,0.012557147210450646,0.985521315586301,0.9828462123240285
RipVIS-044_00522.jpg,0.8682868616234123,0.7500349379949549,0.8571656733371081,0.9828977128751472,0.7599527056190161,0.9284239333824242,0.010892085478547796,0.9870613908177822,0.9850651630445825
RipVIS-044_00528.jpg,0.8593639571733449,0.7333730639852281,0.8461802934667939,0.9797061308624216,0.7446857842392587,0.9215391925299031,0.009915101939027384,0.9859219473378441,0.9829419329445961
RipVIS-044_00534.jpg,0.8533637265902105,0.7222933414482609,0.8387576309630169,0.9762514784188939,0.7352115050339424,0.9161775000581946,0.013064271549453851,0.9850397858795108,0.9808280396532303
RipVIS-044_00540.jpg,0.8867379899921839,0.7859904725535277,0.8801731975980301,0.9716249286865156,0.8044558334363983,0.9328547494012155,0.018861588402145767,0.9880354214890784,0.9802188385574233
RipVIS-044_00546.jpg,0.8909365950050115,0.79379959884714,0.8850482510502381,0.9883279044490002,0.8013116774488285,0.9442525337399765,0.01490480961830506,0.9885971257714857,0.9884687718055631
RipVIS-044_00552.jpg,0.8273604110357371,0.6740874541549923,0.8053192830302199,0.9801121720104436,0.6834355985711034,0.9018171511424383,0.013282839700809245,0.9813792438270421,0.9807716209282923
RipVIS-044_00558.jpg,0.8351219462310187,0.688993680560774,0.8158629466653975,0.995998422249266,0.690906204766121,0.9151734704548837,0.007187726503552323,0.9819979745369186,0.9887062082777741
RipVIS-044_00564.jpg,0.8439845838898923,0.7053496155108505,0.8272199543077947,0.9947397813016197,0.7079903582311716,0.9202001079863217,0.009220153470393186,0.9833138020832147,0.9887877861943843
RipVIS-044_00570.jpg,0.8574511773326818,0.7320967792675628,0.8453301086064468,0.9944671528920027,0.7350908893416371,0.9289138436583692,0.010049103573709655,0.9835772328316715,0.9887648595500453
RipVIS-044_00576.jpg,0.8368572855225338,0.6939032992479839,0.8192950560472317,0.994092854734085,0.6967763483695609,0.9159271000814507,0.00436730758298637,0.980694806134141,0.9870853326908013
RipVIS-044_00582.jpg,0.8367936339268953,0.6948268222154719,0.819938430414025,0.9978171405297338,0.6958845857927617,0.9181437324910646,0.007412734413486046,0.9797401861495733,0.9883405707886355
RipVIS-044_00588.jpg,0.8415789650745615,0.7051850014766397,0.827106737234928,0.9956876185701129,0.7073453739977724,0.9206304642482046,0.004183033208989286,0.9790754002699437,0.9869418828901826
RipVIS-044_00594.jpg,0.8306647680497751,0.6854048461483733,0.8133414920631291,0.9940675296419258,0.6882199480219159,0.9129259699148292,0.006450930625716427,0.9771245659721044,0.9851489047457069
RipVIS-044_00600.jpg,0.8920277646843154,0.8004826077036169,0.8891867150270044,0.9951895555704419,0.8035919380376529,0.9498935935737557,0.018514698297136943,0.9845886381171652,0.9895379591168939
RipVIS-044_00606.jpg,0.9001774540820735,0.8161506222103849,0.8987697520562159,0.9939612510543232,0.8202176481850021,0.9535633090594304,0.021107498579702354,0.985239318094017,0.9892925007689473
RipVIS-044_00612.jpg,0.9049993311194855,0.8256196483588415,0.9044815540860773,0.9934293138154965,0.8301529213755219,0.9558303307454071,0.012759716450121745,0.985454764660375,0.9891450487168121
RipVIS-044_00618.jpg,0.854424646151788,0.7339986254135565,0.8465965481818059,0.9979105523576313,0.7351284169974321,0.9313273070876387,0.01056934888769721,0.9764826871140798,0.9864514447910187
RipVIS-044_00624.jpg,0.848989068083378,0.7256130849683864,0.8409916351343381,0.9994302881450404,0.7259133416169113,0.9293930701745438,0.0037532254279261917,0.9742470823687097,0.9859179241265948
RipVIS-044_00630.jpg,0.8242421020278073,0.6821989694683526,0.8110799992749453,0.9984517832121959,0.6829213839538809,0.9139932598799579,0.006925334800636336,0.9685605951001919,0.9824227345367981
RipVIS-044_00636.jpg,0.8673964542160235,0.7614526938037969,0.8645735380601858,0.9983960953732365,0.7623852888426773,0.9401856407380534,0.00830676664683639,0.97543101369587,0.9859346968357937
RipVIS-044_00642.jpg,0.8660613071366725,0.7594644575146364,0.8632904794080715,0.9953279566061768,0.7621815633696123,0.937945658766011,0.004122417887524201,0.9748309702930923,0.9841902094644922
RipVIS-044_00648.jpg,0.8588597701201421,0.7474225079402064,0.8554571141712475,0.9979464620758186,0.7485738285949756,0.935610423516436,0.00818289185050688,0.9726968798224136,0.9842095119376005
RipVIS-044_00654.jpg,0.8642962617889708,0.757038586531027,0.8617210712778602,0.9945816819893657,0.7601737117942562,0.9368067385429787,0.014051025172388206,0.9738699604551295,0.9833024881725045
RipVIS-044_00660.jpg,0.8689557310491021,0.7661811989196378,0.8676133563060303,0.9921190077780115,0.7708729115569648,0.9382614448047832,0.004597997507429934,0.9741270013501911,0.9822824239826032
RipVIS-044_00666.jpg,0.8803835479216223,0.7860560309262693,0.8802143015844934,0.9899968691941619,0.7923492416989336,0.9429538287574494,0.011190942738463272,0.976861014660376,0.9828119401283829
RipVIS-044_00672.jpg,0.8802104806255413,0.786914930761711,0.8807525385959718,0.9849986741575779,0.7964601483854462,0.9404728159336955,0.026660469831559046,0.9758672116125366,0.9799787460289364
RipVIS-046_00000.jpg,0.8283970112914489,0.6662201189904621,0.7996783995071611,0.9973434040630982,0.667404489670465,0.9076063254896756,0.046949152534415395,0.9907479745365593,0.9939834765208535
RipVIS-046_00006.jpg,0.7537668283368011,0.5232775780545579,0.6870416601586925,0.9866950505311701,0.5269960953199738,0.8401264983519917,0.012036743742154458,0.9845235339501425,0.9855902713484419
RipVIS-046_00012.jpg,0.750557374625805,0.5172342863783428,0.6818120194383261,0.9906573615209743,0.5197696736967405,0.8386936924059197,0.011102423766833083,0.9841541280859452,0.9873490491098167
RipVIS-046_00018.jpg,0.7506653944038999,0.5176054801617639,0.6821344373461165,0.9934401518257748,0.5193806368681683,0.8400844120896241,0.0090314543741776,0.9840046296291551,0.9886394527234437
RipVIS-046_00024.jpg,0.733423720780394,0.4846996546384434,0.6529262037936936,0.9939916405145132,0.4861239264605562,0.8221970391783071,0.005228356142514477,0.9824426118822422,0.9881195640951286
RipVIS-046_00030.jpg,0.7554398002085483,0.5260283219974834,0.6894083345831257,0.9998250320482962,0.5260767495661381,0.8472331361414641,0.0061417322824973645,0.9851017554007595,0.9923396040361148
RipVIS-046_00036.jpg,0.7678745333261578,0.5496659313365974,0.7093992585389121,0.9996536496377852,0.5497706312711349,0.8590583718196114,0.0050686723340306284,0.9863155864192774,0.9928712942105398
RipVIS-046_00042.jpg,0.7724105373504674,0.5586778151041857,0.7168611879766088,0.9970991045996737,0.5595873577345442,0.8622669271775575,0.010887495874152508,0.9863821373452033,0.9916463468508374
RipVIS-046_00048.jpg,0.75672093672585,0.5287220684045338,0.6917177155116756,0.9991423179999102,0.5289621456276172,0.848330671275506,0.009265279582369102,0.9849773341044633,0.9919383070045913
RipVIS-046_00054.jpg,0.73456047893954,0.4871726982554985,0.6551662746726965,0.9970055610723797,0.4878865691569738,0.8248551312784311,0.006488368411696729,0.982252604166193,0.989502199236143
RipVIS-046_00060.jpg,0.7402166783710041,0.4978904144312884,0.6647888385350605,0.9958229848443265,0.4989323943989744,0.8304188809444237,0.006731848051493533,0.982839988425452,0.9892186368771388
RipVIS-046_00066.jpg,0.7298947434778782,0.478236142699908,0.647036192507699,0.9964450866764033,0.47905348135337367,0.8194410773450461,0.004401274851358131,0.9818600501538475,0.9890288209250134
RipVIS-046_00072.jpg,0.7529557339852031,0.5216925867477223,0.6856740859370599,0.9964501746231094,0.522663965553116,0.8435223694016395,0.005289309183316347,0.9844859182094018,0.9903647055486744
RipVIS-046_00078.jpg,0.7636133867152815,0.5412977465152422,0.702392185726704,0.9971442029971989,0.5421382036953222,0.853824551142752,0.007082852906097372,0.9861588541661911,0.9915600591417388
RipVIS-046_00084.jpg,0.7811203550751344,0.5746486922514851,0.7298754256479054,0.9952257575908933,0.5762371898500499,0.86887237460098,0.013731140869006416,0.9877965856476718,0.9914485996904948
RipVIS-046_00090.jpg,0.7775924352902086,0.5678946490987182,0.7244040910850283,0.9952963860762717,0.5694228551276234,0.8657907443645327,0.010357327807637264,0.9874990354933509,0.9913322750416096
RipVIS-046_00096.jpg,0.7864975965022932,0.5850804075004618,0.7382343567328351,0.9917791796023241,0.5879317054911767,0.8719865079882949,0.009667779924473935,0.9881172839501408,0.9899167667345206
RipVIS-046_00102.jpg,0.8362554460631213,0.6805598816251254,0.809920418863045,0.9965507411346479,0.6821667609678193,0.9124483862043045,0.006784539472289362,0.9920867091044598,0.994280315330929
RipVIS-046_00108.jpg,0.8407902916948027,0.6892378734362525,0.8160341231684592,0.9977238020861001,0.6903233523246616,0.9161331287369702,0.0032989690714847484,0.9924705825612498,0.9950524809310107
RipVIS-046_00114.jpg,0.8421734131570412,0.691877031731511,0.8178809910592925,0.9983784566092839,0.6926553899173801,0.9173948211453932,0.007229911173883513,0.992595003857546,0.9954377539767043
RipVIS-046_00120.jpg,0.8316733841209492,0.6713581984382958,0.803368421042967,0.9985645074167544,0.6720067623186747,0.910111808285043,0.00980392156658241,0.9921175733019907,0.9952882081372432
RipVIS-046_00126.jpg,0.7300478653007431,0.47763132926861923,0.6464824070900441,0.9994197055464107,0.4777638264253086,0.8202897824125138,0.00400769477332355,0.9827411265427359,0.9909466267180407
RipVIS-046_00132.jpg,0.7610723258576244,0.5360812970910501,0.6979855794172518,0.9993614303655245,0.5362649914247163,0.8521799106980796,0.0052390307784480955,0.9862842399686602,0.9927174660452089
RipVIS-046_00138.jpg,0.8498914791068766,0.7066186989668725,0.8280920622686659,0.9977423283427579,0.7077503371395029,0.922172556944231,0.01589625601006144,0.9932749807093976,0.9954717944847187
RipVIS-046_00144.jpg,0.8202287931624167,0.6486650739626836,0.7868973319166288,0.9999676939652398,0.648678667966371,0.9022462150140206,0.002939323954873121,0.9919150270056944,0.9958803459352059
RipVIS-046_00150.jpg,0.8025939106770696,0.6149006815282246,0.7615337445350848,0.9997790054932982,0.6149842700000974,0.8885821071416546,0.0019555555552079012,0.9904354745365594,0.9950347700799277
RipVIS-046_00156.jpg,0.8480348744185793,0.7028467074722774,0.8254961581545882,0.998992274070938,0.7033453732218923,0.9215211267605634,0.0076174354617821755,0.9933299575612493,0.9961156877818987
RipVIS-046_00162.jpg,0.7722023316119344,0.557035102480077,0.7155074430792476,0.9998457979645383,0.5570829610186768,0.8627112870949887,0.004270696451335299,0.9875670331785361,0.9936088886693397
RipVIS-046_00168.jpg,0.7089317036306232,0.43796310245520714,0.6091437279682909,0.9999999999687275,0.43796310245520714,0.7957605227925404,0.00016033349364112017,0.9802102623452063,0.9899501523873833
RipVIS-046_00174.jpg,0.707068853258412,0.43447468060752265,0.6057613793831701,0.9999999999686521,0.43447468060752265,0.7934454935280716,0.000165864985873965,0.9799758873452065,0.9898315129389766
RipVIS-046_00180.jpg,0.8412969786443323,0.6951793910473268,0.8201838633937456,0.9060116819726897,0.7492100901177198,0.8696116154632357,0.015436502786945583,0.987765721450141,0.9481875584312817
RipVIS-046_00186.jpg,0.8409832050824397,0.694439382334142,0.819668604937086,0.8951110275784536,0.755954663870552,0.8633267380567596,0.01565583475652469,0.9878708526229804,0.9429646260033839
RipVIS-046_00192.jpg,0.844024544498626,0.7001801713380459,0.8236540845985779,0.9169957301852869,0.7475594755064572,0.8772304290408771,0.011221294361792629,0.9882031249995235,0.9537022153093214
RipVIS-046_00198.jpg,0.8397711570565745,0.6917827019926663,0.8178150789434718,0.9333232333277224,0.7277488285307501,0.8834139019983366,0.009980557354506732,0.9880869020056964,0.9615126588174497
RipVIS-046_00204.jpg,0.8407449088602701,0.6936302705860348,0.8191047156307886,0.9337608995567155,0.7295264147621615,0.8842508313115115,0.011585524601459837,0.9881843171291531,0.961775181864495
RipVIS-046_00210.jpg,0.8498499609040764,0.7110086513647004,0.8310988384513425,0.9668096246754714,0.7287977148697897,0.9075329177121867,0.024155227029546564,0.9889973958328564,0.9782230770118381
RipVIS-046_00216.jpg,0.8395171496712699,0.691261650082051,0.8174508658060267,0.9646648044524325,0.7092194940289662,0.8998439896948517,0.026053143224101988,0.9880984760797704,0.9767144943542048
RipVIS-046_00222.jpg,0.8387214234476428,0.6896019824926719,0.816289267695225,0.9739816782268615,0.702543955681039,0.9041179454366428,0.02429415626732841,0.9881606867279186,0.9812679533691759
RipVIS-046_00228.jpg,0.8333027871991392,0.6793178836819375,0.8090402541209406,0.9758969112694791,0.690910014984487,0.901524647023324,0.028031374562423637,0.987621045524215,0.9819208454830537
RipVIS-046_00234.jpg,0.8284924525174175,0.6702009342246831,0.8025392879280051,0.973365878154755,0.682721115830173,0.896993152724025,0.025063938615720722,0.9871296296291536,0.980437777070633
RipVIS-046_00240.jpg,0.8335701369493607,0.6797087917548236,0.8093174186993674,0.9673717856456082,0.6956572269696709,0.8972787325402827,0.02395514780530643,0.9877580054007582,0.9778461931726241
RipVIS-046_00246.jpg,0.8270173681571159,0.6672801661339923,0.8004415570794545,0.9873040406089036,0.6730554545028028,0.9029836931827744,0.019408854494556784,0.9870973186723635,0.9871978976885061
RipVIS-046_00252.jpg,0.825650910342532,0.6645536318224982,0.7984766836198446,0.9845028859712236,0.6715788674000586,0.9005775675611437,0.01777720935953738,0.9870871913575486,0.9858295100333083
RipVIS-046_00258.jpg,0.825893412698121,0.6649493626156983,0.7987622657436713,0.9808800029547572,0.6736813894935658,0.89890032047025,0.02772020725029531,0.9871725501538449,0.9841101104294865
RipVIS-046_00264.jpg,0.8262619132948825,0.6658162312769498,0.7993873739200643,0.9885620310989216,0.6709853007491223,0.9030769334647742,0.025257127974839585,0.9870505401229808,0.9877860331725475
RipVIS-046_00270.jpg,0.8383039135685224,0.6886409346448465,0.8156155882715005,0.9848848500213465,0.695996685474442,0.9093923399648126,0.026918075419126386,0.9882788387340913,0.9866277199482176
RipVIS-046_00276.jpg,0.8308393872557245,0.6743336007759354,0.8054949150676177,0.9982842813590324,0.6751160299806815,0.911061861630372,0.023413996072803922,0.9876683063266842,0.9928369610781611
RipVIS-046_00282.jpg,0.8297296654586793,0.6722211630038485,0.8039859533846856,0.9979055813238631,0.6731709179691313,0.9100999463098336,0.021011162177148893,0.9875636574069312,0.9925989911504525
RipVIS-046_00288.jpg,0.8513848621873537,0.7139168044687201,0.8330822156680119,0.9990565029907242,0.7143984622539762,0.9253164849152358,0.01880386523651033,0.9891546103390292,0.9939677005752816
RipVIS-046_00294.jpg,0.8534570051544381,0.7179020516123059,0.8357892709174332,0.999486143578576,0.7181671186392401,0.926871670495289,0.020719311959770743,0.989310860339029,0.9942561604620511
RipVIS-046_00300.jpg,0.8503367214295658,0.711834698046164,0.8316628922858385,0.9990483030885429,0.7123177179931081,0.9246112069452616,0.021967903180483042,0.9891382137340908,0.9939565097760585
RipVIS-046_00306.jpg,0.8640463046901545,0.738477692904253,0.8495682123715633,0.9987320586127245,0.73917069141489,0.9331934817360975,0.024701302184897127,0.989910783178535,0.9941919097329728
RipVIS-046_00312.jpg,0.8534326102331267,0.7182414827108029,0.8360192556609227,0.9990938931648927,0.7187096456725571,0.92678231027122,0.027296301347441477,0.9889443479933502,0.9938718165147307
RipVIS-046_00318.jpg,0.8509932056097586,0.7136743303783186,0.8329171041743556,0.9985880031132219,0.7143952486342966,0.9249938542802574,0.01852592296167854,0.988642939814338,0.9934703986304438
RipVIS-046_00324.jpg,0.8432265476166281,0.6985565584513743,0.8225296413894743,0.9997525977062318,0.698677336881446,0.920426258846498,0.015720410547522358,0.988226755400758,0.993827995719325
RipVIS-046_00330.jpg,0.8579381716832646,0.7266769613106013,0.8417057476217565,0.9987404020188294,0.727343553647558,0.929383429672447,0.02073822876995719,0.9895008680550783,0.9939878048034883
RipVIS-046_00336.jpg,0.8515326950051938,0.7146354000842701,0.8335712654120491,0.9978808490105294,0.7157216052472885,0.9249520019769483,0.01859212719341042,0.9887557870365602,0.9931858314008045
RipVIS-046_00342.jpg,0.8577118788933018,0.7264036606390503,0.841522382280124,0.9970971684491563,0.7279430901271804,0.928439781108431,0.021212909939977497,0.9893311149686587,0.9931006050791333
RipVIS-046_00348.jpg,0.8338132302610667,0.680963397986819,0.8102060982438579,0.9967178382711045,0.6824938165824476,0.9126774628536536,0.02025378233037411,0.9870322145056968,0.9917366998672065
RipVIS-046_00354.jpg,0.8304031125731115,0.6745087413331782,0.8056198509852636,0.9970743430159157,0.6758463572326852,0.9105207246634945,0.015496248921965779,0.9866758294748328,0.9917270055351821
RipVIS-046_00360.jpg,0.8146915022289162,0.6448667212444862,0.7840960157022179,0.9977127575171506,0.6458214700516387,0.8996712718226645,0.020777642767827745,0.9849397183637225,0.991146251192524
RipVIS-046_00366.jpg,0.8139358362079265,0.6432856536477445,0.7829261482564364,0.9981845041916917,0.6440391837035723,0.899284497881716,0.01731601731393506,0.9850028935180435,0.9914101516671827
RipVIS-046_00372.jpg,0.8287867709983859,0.6718694814957691,0.8037343691382757,0.9981043937276064,0.6727278949513156,0.9100701549705708,0.021170904787561097,0.9861106288575492,0.9919316279527135
RipVIS-046_00378.jpg,0.794326405778867,0.6065687949525345,0.7551108883207895,0.9957303129734935,0.6081505728247883,0.8831610437516241,0.013770805889860998,0.9825655864192793,0.9889653317421505
RipVIS-046_00384.jpg,0.7913570365376816,0.6004961398914223,0.7503874891346628,0.9985386607288469,0.6010243277781994,0.8818839751025143,0.011661113753967025,0.9826808449069335,0.9903975080680139
RipVIS-046_00390.jpg,0.8089892783969928,0.6334051039422847,0.7755640072551966,0.9930458200953102,0.6362271910674551,0.8928926837035268,0.01626016259962304,0.9849739583328583,0.9889015415932063
RipVIS-046_00396.jpg,0.8138628423099094,0.642523112979841,0.7823611222300367,0.9946860708216281,0.6447362104478334,0.8972808658471406,0.017815456442091725,0.9855859374995247,0.9900143238051015
RipVIS-046_00402.jpg,0.7947981712170231,0.6062648969410869,0.7548753609639803,0.9914590339156325,0.609447857076973,0.8810126152435608,0.018881987575294162,0.9837485532402663,0.9875039709625916
RipVIS-046_00408.jpg,0.7956699690016383,0.607617867180631,0.755923257118614,0.9896539006349427,0.6115022488682279,0.8807260842376564,0.0199620972811166,0.9841222993822415,0.9868176351704215
RipVIS-046_00414.jpg,0.7897936764537732,0.5964727839657382,0.7472382742210768,0.9962317010417822,0.5978215828970838,0.879063678366625,0.02196960020156219,0.9835257523143405,0.989719546970423
RipVIS-046_00420.jpg,0.7996170517803899,0.6149370249522392,0.761561615655478,0.9975223187753663,0.6158777180106612,0.8875265498647575,0.03218602206618681,0.9846812307094017,0.9909403553912881
RipVIS-046_00426.jpg,0.7893827525091799,0.59569973683197,0.7466313656410638,0.9987535119109107,0.5961429448651786,0.879903362106232,0.03235026633333113,0.9834780092587849,0.9909249468622452
RipVIS-046_00432.jpg,0.7782821085973679,0.5748700232916544,0.7300539279935137,0.9983257927371629,0.5754247705196569,0.8703894849151488,0.0177626606175658,0.9821363811723659,0.9900303702134541
RipVIS-046_00438.jpg,0.7832709782771516,0.5841298403801719,0.7374772262859309,0.9982627101521974,0.5847242528734462,0.8745587057000004,0.018308963761181313,0.9828361304007606,0.9903585322451676
RipVIS-046_00444.jpg,0.7761670748004525,0.5705450013328534,0.7265567059188454,0.998227022600403,0.5711237553276226,0.8683512618509037,0.0189393939370026,0.98221932870323,0.9900291806158001
RipVIS-046_00450.jpg,0.7895343395469694,0.5954644049548456,0.7464464930782311,0.996492444460377,0.5967151056222163,0.8787467900071213,0.02816358024329172,0.9839906442896489,0.9900901411398535
RipVIS-046_00456.jpg,0.7803351644612413,0.5787178570125778,0.7331491874142614,0.9983283249219222,0.5792792064506602,0.8721465950381613,0.03133977539418389,0.9823890817896497,0.990160781435874
RipVIS-046_00462.jpg,0.7451564427943247,0.5119237238049887,0.6771819447566493,0.9973958333116885,0.5126088847688174,0.8387504151778056,0.02622788568276285,0.9788681520057008,0.9879214508254262
RipVIS-046_00468.jpg,0.7754774208616935,0.5694688587808975,0.7256835401286506,0.9948816763815483,0.571142146011118,0.8663324803892781,0.032349165592766474,0.981928530092119,0.9882456642115547
RipVIS-046_00474.jpg,0.8150325380986307,0.6468253136911953,0.7855421073670534,0.8431982959783286,0.7352661030987586,0.8191491619489264,0.03781185030693713,0.9837389081785379,0.9160414011622193
RipVIS-046_00480.jpg,0.8333939362688781,0.6824683780631887,0.8112703774543775,0.9230874260855134,0.7236160465735796,0.8748550664623794,0.048845810477127174,0.9848307291661917,0.9550893780499761
RipVIS-046_00486.jpg,0.8336233200179729,0.6830429953604322,0.8116762284069339,0.9320717104147781,0.7188256849744243,0.8798676022499369,0.04854867710653112,0.9847236689810066,0.9593615599174422
RipVIS-046_00492.jpg,0.8358867079562937,0.6875154756530727,0.8148256837609178,0.9477873810272153,0.714579837548362,0.8897146094432923,0.050207576537336845,0.9847849151229818,0.9669634414233219
RipVIS-046_00498.jpg,0.8411786685238476,0.6973796624750241,0.8217132299772509,0.947350455345549,0.7254979871310139,0.8927509901155714,0.04702194356752587,0.9854803240735989,0.9671134120802423
RipVIS-046_00504.jpg,0.839536459458554,0.6943442958514083,0.8196023648221982,0.9492756591303914,0.7210985956321583,0.8927755091558158,0.038351534056376556,0.9852406442896483,0.9679165427572178
RipVIS-046_00510.jpg,0.8386756426352133,0.6926432102285885,0.8184160797065416,0.9431860074421663,0.7228000418465753,0.8889752551952765,0.04038436566155248,0.9852174961415002,0.9649711989565964
RipVIS-046_00516.jpg,0.8346796539903335,0.6851619956203026,0.8131704814148702,0.9413154193675322,0.7157347231087837,0.8854982814338339,0.04875828890277489,0.9847227044748338,0.9638136950281648
RipVIS-046_00522.jpg,0.834399379866559,0.6847723333791086,0.8128959857806741,0.9494941219712245,0.7106578234626363,0.8896929190474119,0.05495366139473258,0.9845621141970561,0.9676700883789213
RipVIS-046_00528.jpg,0.8302056266528741,0.6769054855635889,0.8073269380904775,0.9457119840393,0.7042716097013202,0.8850302706598212,0.05165048543020705,0.9840567129624884,0.9655863041980555
RipVIS-046_00534.jpg,0.8289343014411807,0.6746185610915394,0.8056981772037851,0.9502450879865886,0.6993207258918054,0.8866192410197873,0.05830115829365493,0.9838122106476737,0.9676431440247424
RipVIS-046_00540.jpg,0.8400029745357005,0.6952781152222007,0.8202525697455492,0.9608895494321845,0.715527135588667,0.8992190558612021,0.042764857875611774,0.9852420910489076,0.9735080141830147
RipVIS-046_00546.jpg,0.8389172416027477,0.6930882884260139,0.8187266938930232,0.9668570948364998,0.7099556862389863,0.9016068085017483,0.03413449245280817,0.9852541473760681,0.9763837333101953
RipVIS-046_00552.jpg,0.8366369848280197,0.6889815519234709,0.8158544433346057,0.9763224957156975,0.7006893640897511,0.9051128811165573,0.04911919762773316,0.9848206018513769,0.9807231128628819
RipVIS-046_00558.jpg,0.8399538249385963,0.6952499925572783,0.8202329988021367,0.9818953204936867,0.7042783971004893,0.9101421963337331,0.05557709705886298,0.9851765046291545,0.9835944326179402
RipVIS-046_00564.jpg,0.8392050014627866,0.6938334720337076,0.8192463822321964,0.9805651236245686,0.7035079964568081,0.9089705515866423,0.06376887037171149,0.9850974151229818,0.9829121029826211
RipVIS-046_00570.jpg,0.8362793971398299,0.6885079662172771,0.8155223191036812,0.9887143297069547,0.693961789442036,0.9113013132898323,0.0651696993076307,0.9845939429007597,0.9865806490319925
RipVIS-046_00576.jpg,0.8387705801523256,0.6931944960884188,0.8188007906827263,0.9917947856143859,0.6971928028593922,0.9145088156005661,0.06351247106408942,0.9848813657402657,0.9882147745434725
RipVIS-046_00582.jpg,0.8368194896003085,0.6895225826532233,0.8162336387009378,0.9893024167438279,0.6947022732567578,0.911956342158523,0.03683681166245451,0.9846576003081671,0.9868971680296812
RipVIS-046_00588.jpg,0.8292428163728869,0.6754361646128251,0.8062809898447082,0.9893024167438279,0.6804056201242246,0.9069530413619058,0.03838533927211672,0.9836270254624886,0.9863635002612169
RipVIS-046_00594.jpg,0.8320806750929972,0.680703850743161,0.8100223610985033,0.9890783835869239,0.6858590958454457,0.9087283617726365,0.02847324496459582,0.9840210262340934,0.9864595067296207
RipVIS-046_00600.jpg,0.8256502154661162,0.668689308839688,0.8014545371596545,0.9844576997257771,0.6758240173726047,0.9020669480761089,0.04252417554642646,0.9832007137340938,0.9838067883317732
RipVIS-046_00606.jpg,0.8211960350037795,0.6603524270591089,0.7954364583051261,0.9796549889246458,0.6695343451485241,0.8965963554348104,0.037469287464684364,0.9826456404316248,0.9812036530730329
RipVIS-046_00612.jpg,0.8203737809549185,0.6586158582435772,0.7941752817207849,0.9820362685324594,0.6666473715120002,0.8971485994874179,0.026265060237799388,0.9827271412032298,0.9823938383767332
RipVIS-046_00618.jpg,0.7475246499842568,0.5199423124627998,0.6841605871479747,0.9928326524476067,0.5219012740940676,0.8410503125415203,0.033796514362482745,0.9757605131168133,0.9840647335690319
RipVIS-046_00624.jpg,0.763744468340389,0.5506779807556226,0.7102415686424918,0.9952238702109274,0.5521371309589904,0.8575828504381974,0.023557692304860853,0.9774517746908866,0.9860840351120665
RipVIS-046_00630.jpg,0.8282822985857654,0.6736840101579504,0.8050313034828753,0.9758067851149584,0.6851274705212536,0.8994820601704779,0.03305497563986836,0.9834649884254516,0.9797746967016889
RipVIS-046_00636.jpg,0.7606554836278845,0.544605306504791,0.7051708345313803,0.9958182720073036,0.5458536490554804,0.8548776703518689,0.02399127589676587,0.9773369984563188,0.9863191016779904
RipVIS-046_00642.jpg,0.8064090734196653,0.6321440087953856,0.7746179324726908,0.9790678202479683,0.640804514814102,0.885573752195599,0.0345279199863641,0.9812953317896502,0.9802193821926213
RipVIS-046_00648.jpg,0.7661686204293784,0.5545321622829951,0.7134392915597266,0.9970313142515329,0.5554492831539444,0.86025138949324,0.01893576222208344,0.9784018132711331,0.9874584196903076
RipVIS-046_00654.jpg,0.813191520955707,0.6443465144416083,0.7837113513272076,0.9851083712509405,0.6506844541724259,0.8932862074903849,0.03245913206721638,0.9826027199069335,0.9838141357859924
RipVIS-046_00660.jpg,0.757356993549456,0.5380065824970477,0.6996154484899032,0.9974317875305557,0.5387529022811111,0.8523059778616164,0.025903685384916556,0.9773225308637262,0.9871037061074468
RipVIS-046_00666.jpg,0.8232172399592202,0.6634818801654697,0.7977025636125016,0.9845949418698589,0.6704416648371305,0.9002296333876265,0.037835305137889734,0.9835069444439701,0.984032363080575
RipVIS-046_00672.jpg,0.8244991601125496,0.6658565260710567,0.7994164150996695,0.9794933654863679,0.675270023839496,0.8985318664441091,0.03723590521334937,0.9836897183637231,0.9816635539610643
RipVIS-046_00678.jpg,0.8157981636915363,0.6490833707912576,0.787205040433846,0.9806496407507601,0.6575045793503133,0.8928841380788904,0.03859985614497724,0.9830608603390321,0.9818950413831518
RipVIS-046_00684.jpg,0.8155704619369298,0.6486232290017548,0.7868665412345277,0.9794666465063162,0.6575645382090829,0.8921213789307094,0.037090385303434115,0.983064236110637,0.9813247480454947
RipVIS-046_00690.jpg,0.8171844567522841,0.6515629885849727,0.7890259022372731,0.9787414579302282,0.660916364820217,0.8928680036049784,0.04696462714543922,0.9833415316353282,0.9811171051159309
RipVIS-046_00696.jpg,0.8014459741112957,0.6217410825580271,0.7667575166528232,0.9773671910382018,0.6308234293633372,0.8806138888103785,0.04161902583562554,0.9817173032402673,0.9796112450914849
RipVIS-046_00702.jpg,0.8100553801749042,0.6378198608616633,0.7788644845546124,0.9789575560640802,0.6466857779177665,0.8877328577090765,0.050276115962922675,0.9828264853390322,0.9809536884465723
RipVIS-046_00708.jpg,0.8190437241089901,0.6550351074434377,0.7915664199477702,0.980585469422409,0.6636418694820859,0.895089675109446,0.045628742509505535,0.9835807291661923,0.9821322800545668
RipVIS-046_00714.jpg,0.7640213922206088,0.5496864025319552,0.7094163072397744,0.9940032776930497,0.5515153393827923,0.8565577848318627,0.027337075905865624,0.9789134837958242,0.9862578114168603
RipVIS-046_00720.jpg,0.8820168957836406,0.7745857887012706,0.8729764361160027,0.9877748281126163,0.7820833423073051,0.9384134259714325,0.04730617607844867,0.9898172260797695,0.9888335304626212
RipVIS-046_00726.jpg,0.7892393369035192,0.5969697951361544,0.7476281604753306,0.9962155343125569,0.5983266768343418,0.8792718967014579,0.03727901613665398,0.9820018325612548,0.9889132732979204
RipVIS-046_00732.jpg,0.8822337171497621,0.7751299598176331,0.87332192838125,0.9904740089871666,0.780951875058101,0.9400335548155764,0.05500354860953353,0.989715470678535,0.990080661183253
RipVIS-046_00738.jpg,0.8918891194958355,0.7934365205772628,0.8848225309049413,0.9867241333308495,0.8019980754381387,0.943270979309994,0.056158017033803506,0.9906872106476704,0.9887802107445673
RipVIS-046_00744.jpg,0.8922170855478171,0.7940632186896929,0.8852120821802953,0.985686021949175,0.8033265878039183,0.9428783363944204,0.05929007930577427,0.9907156635797691,0.9882956206819444
RipVIS-046_00750.jpg,0.8937022992695749,0.7969117332678253,0.886979275068318,0.9864809449979963,0.8057110136259891,0.9441164108511036,0.0642461696840162,0.9908347800921148,0.9887402290056222
RipVIS-046_00756.jpg,0.8826734340346145,0.7758290850323744,0.8737654896763114,0.98651880842321,0.7841425870830772,0.9380968749919232,0.051385983256879444,0.9898847415118683,0.9882636941770377
RipVIS-046_00762.jpg,0.89564712833672,0.8006523407435763,0.8892914224774209,0.9856833540976881,0.8100727958931241,0.9447232388786175,0.0625314544460831,0.9909809027772999,0.9884331849876866
RipVIS-046_00768.jpg,0.8801739965905633,0.7711165873473497,0.8707688616956293,0.9927929652641059,0.7754574489593188,0.9400972264308783,0.04366143239580474,0.9896084104933499,0.9911424857100715
RipVIS-046_00774.jpg,0.8887673751398484,0.7876247841204286,0.8811969839721889,0.9877971473720577,0.7953636750234436,0.9422049783331654,0.055115184536151204,0.9902739197526088,0.9890824686144053
RipVIS-046_00780.jpg,0.8857845673820228,0.7819259852056583,0.8776189265969018,0.9865268864220975,0.7903661911774499,0.9398735138638528,0.03583141017419757,0.9900139853390287,0.9883361010531391
RipVIS-046_00786.jpg,0.8821260205341072,0.774888110622085,0.8731684053599215,0.9868885594800313,0.7829484712338791,0.9380219273528357,0.04136191676653696,0.989739583332856,0.9883669811637024
RipVIS-046_00792.jpg,0.890428234345829,0.7907100283587358,0.8831245883885022,0.9835077703644214,0.8013351278513988,0.9407351041427029,0.03809989009181831,0.9905000964501396,0.9871363514169822
RipVIS-046_00798.jpg,0.8722216061401249,0.7557229631789659,0.8608681198890634,0.988087162950256,0.7626719314045456,0.932939277089143,0.04704974931905775,0.9891005979933502,0.988611783764035
RipVIS-046_00804.jpg,0.8650039232495201,0.7419954044630104,0.8518913454788806,0.9832112114820629,0.751517062871093,0.9261070936546822,0.044044427416820575,0.9884119405859431,0.9859028081278283
RipVIS-046_00810.jpg,0.8806321494060659,0.7719612229597107,0.8713071290243046,0.9846722469699877,0.7813504129652008,0.935961354653716,0.039210850796644776,0.9896768904316214,0.9872666437626653
RipVIS-046_00816.jpg,0.8636920838188455,0.7394534530574817,0.8502135561692961,0.9901955129910868,0.7449074777019665,0.9290131974092171,0.04525862068391751,0.9883304398143382,0.9892307063756507
RipVIS-046_00822.jpg,0.8665693590707416,0.744912185887653,0.8538105148354033,0.9913982825190749,0.7497579601123745,0.9313642026858661,0.05349898579443471,0.9886178626538442,0.9899598465508487
RipVIS-046_00828.jpg,0.8630671923382194,0.7382547444075324,0.8494206580280722,0.9934632944272273,0.7418583256589442,0.9303562945368171,0.04533367100856861,0.9882802854933506,0.9907825949063042
RipVIS-046_00834.jpg,0.8655022226188768,0.7428809001787968,0.852474658598401,0.9943340319289683,0.7460389758190885,0.9322782700141753,0.039847231057944334,0.9885175540118689,0.9913254113065195
RipVIS-046_00840.jpg,0.8838655951673912,0.77793479796091,0.8750993555591725,0.9934200480170827,0.7819640066787378,0.9424492644831628,0.0492764958872016,0.9901485339501398,0.9917254194767355
RipVIS-046_00846.jpg,0.8813269602776104,0.773162973736879,0.872072093979568,0.9944113160311413,0.7765372203247002,0.9415754946399777,0.050508955025060046,0.9898543595674238,0.9920507484229697
RipVIS-046_00852.jpg,0.8773651898178775,0.7656718014466659,0.8672866620164957,0.9936142152982077,0.7694581810280644,0.9389101689579179,0.04789586755365906,0.9894362461414982,0.9914500495468216
RipVIS-046_00858.jpg,0.8644722913500815,0.7408719582142531,0.8511504303558576,0.9921505469807588,0.7452401451579146,0.9304929989522241,0.04448398575947077,0.9884659529316221,0.9902449107086787
RipVIS-046_00864.jpg,0.8739145561939929,0.7590317453417348,0.8630108550932084,0.9948062550002843,0.7620516027390423,0.9375356493825195,0.03463969658222001,0.9891792052464365,0.9918929112908861
RipVIS-046_00870.jpg,0.8723998134658698,0.7561106865628816,0.861119623436455,0.9954655594933406,0.7587238500420266,0.9369923307769257,0.04097000637639183,0.9890721450612514,0.9921562254379237
RipVIS-046_00876.jpg,0.8712159238310853,0.7538454914290068,0.859648692103185,0.9956213303621556,0.7563530720383145,0.9363777118759643,0.046747175685398365,0.9889718364192761,0.9921798406094701
RipVIS-046_00882.jpg,0.8788588666200121,0.768409553057063,0.8690402647154982,0.9939279468206517,0.7720337325222019,0.9398996607729719,0.04255043972548494,0.9896744791661893,0.9917252895117208
RipVIS-046_00888.jpg,0.8685945769522387,0.7486398020652169,0.8562538736462957,0.9962269648044837,0.7507684876081288,0.9350831902162617,0.03987138263152779,0.9889269868822391,0.9924520087030844
RipVIS-046_00894.jpg,0.8774104909569607,0.7652843190911043,0.8670380298683306,0.9944179555617745,0.768586034483809,0.9392239402701463,0.052410350708996405,0.9898818479933498,0.9920720768903806
RipVIS-046_00900.jpg,0.8786619539025415,0.7675958620447458,0.868519641313026,0.997449278746959,0.7691055623916954,0.9415414589865858,0.04208150802574253,0.9900651041661892,0.9936315998356678
RipVIS-046_00906.jpg,0.8495944578436063,0.712517326964395,0.8321286047685156,0.9333774386850966,0.750696252680282,0.8900584701125912,0.03802044377486656,0.9870978009254499,0.9611905015628412
RipVIS-046_00912.jpg,0.89123530443989,0.79169250543131,0.8837370285709015,0.9928171483372997,0.7962532460814868,0.9461058157427394,0.04459848286102557,0.9910903742279171,0.9919232740300015
RipVIS-046_00918.jpg,0.86127643343231,0.7345810012784428,0.8469837969365888,0.9655994796420381,0.7543217822255985,0.914377927364407,0.053151397004138866,0.9883593749995233,0.9773722210684181
RipVIS-046_00924.jpg,0.8905286793653836,0.7903220340808269,0.8828825418401196,0.9946831196014518,0.7936749208707911,0.9467289087341858,0.04074947588564603,0.9910479359563121,0.9928017052235844
RipVIS-046_00930.jpg,0.8722139603086859,0.7553473098618876,0.8606243398308668,0.9799452261091719,0.7672070518478541,0.9284551238223899,0.049108367620149744,0.9894367283945845,0.984854356893101
RipVIS-046_00936.jpg,0.8885209107373184,0.78652632051061,0.8805090767269653,0.9944041244586005,0.7900230185865,0.9454842543077837,0.03462212043181704,0.9908357445982876,0.9925572230699313
RipVIS-046_00942.jpg,0.8884564186257122,0.7864333142890655,0.8804507932075112,0.9948440465594658,0.7896517994581963,0.9456959349374554,0.031739654475460066,0.9908019868822382,0.9927517833096803
RipVIS-046_00948.jpg,0.868268678571553,0.7479690883625415,0.8558150065036015,0.9822864484692679,0.7581957166013885,0.9274626654090039,0.042241968551983325,0.9889433834871774,0.9857299466869163
RipVIS-046_00954.jpg,0.865506571914076,0.7424507560377973,0.8521913786832918,0.9938585822034949,0.745872727878995,0.9318919710413458,0.04932735425317722,0.9889274691353256,0.9913112128026644
RipVIS-046_00960.jpg,0.8545605347520822,0.7220338619265463,0.8385826526300268,0.9270816112728402,0.7655075134427021,0.8895313024604704,0.060418586276106544,0.9875062692896472,0.9583899119883585
RipVIS-046_00966.jpg,0.8729327155063569,0.7566168009120624,0.8614477562997408,0.9895241608116634,0.7627263215271276,0.9339800795481132,0.06306947607302542,0.9895963541661894,0.9895614771625304
RipVIS-046_00972.jpg,0.8620640293734045,0.7357572740764768,0.8477651628658069,0.9931436773559158,0.7395135706648378,0.9293931036453793,0.050842616388054464,0.9887355324069306,0.9908677274050892
RipVIS-046_00978.jpg,0.8449751662541153,0.7038821585828545,0.8262099054646881,0.9276383732809386,0.7447757347502463,0.8842184519359447,0.03360250064683479,0.9865147569439687,0.9581302220028145
RipVIS-046_00984.jpg,0.8534463190159962,0.7195053089524962,0.8368747746301648,0.9973143032382241,0.7209021121680766,0.9262822705710637,0.042890375102807445,0.9877826003081656,0.9923938328241798
RipVIS-046_00990.jpg,0.8515658117584475,0.7160879149582461,0.8345585429702989,0.9933542243669354,0.7195350622213988,0.923097267199928,0.046774424253071885,0.9874537037032275,0.9903068874856686
RipVIS-046_00996.jpg,0.8495080934298218,0.7122148263091418,0.8319222744314103,0.992089301635199,0.7162826253061453,0.9211509401104426,0.03865905848235962,0.9872188464501412,0.989573874169734
RipVIS-046_01002.jpg,0.8327401792244489,0.6807460401691113,0.8100522314490972,0.9289998010270728,0.7181070184803188,0.877461442435469,0.040142142663840204,0.9852155671291545,0.9580950072257359
RipVIS-046_01008.jpg,0.8552269816676106,0.7230337325007344,0.8392566191392613,0.9952150220985191,0.7255560079593539,0.9263573188859883,0.048829817964630186,0.9878202160489064,0.991395592953972
RipVIS-046_01014.jpg,0.8578686012385778,0.7281051478562092,0.8426630159159653,0.9943161421414037,0.7311482622004933,0.9275444823968031,0.03920711266007767,0.9880285493822396,0.9910676081115531
RipVIS-046_01020.jpg,0.895922824689891,0.8011523988625551,0.8895997910765245,0.9780872334188865,0.8157949164446112,0.9406606703100014,0.047240802669002116,0.9910296103390283,0.9848067147503352
RipVIS-046_01026.jpg,0.8577346215584382,0.7279248486880315,0.8425422543587192,0.9954301875410029,0.7303655486426496,0.9280672586120279,0.043192762287583134,0.9879460841044618,0.991562842496843
RipVIS-046_01032.jpg,0.8603504494790883,0.7330266411730648,0.845949651041588,0.9961842703738508,0.7350905881381501,0.9301117849694571,0.0426272292239195,0.9880777391970543,0.9919932880886801
RipVIS-046_01038.jpg,0.8583525883562415,0.7293193661177941,0.843475624464979,0.9939192440469267,0.7325881341279817,0.9277306532225573,0.03630315301760151,0.9878004436723631,0.9907552044180326
RipVIS-046_01044.jpg,0.8817748349550809,0.7741540623021623,0.8727021838200582,0.9907910689581269,0.779764776507888,0.9399174465819421,0.031088805237545127,0.9897675540118683,0.9902605300067475
RipVIS-046_01050.jpg,0.8684332847737795,0.7486232657337394,0.8562430574999924,0.9921640735361789,0.753075816452096,0.9329265373218494,0.03163569300161219,0.9886410108019924,0.9903403621959719
RipVIS-053_00000.jpg,0.8340649978437484,0.7038194783559264,0.8261667239948046,0.7345220254586606,0.9439400489860481,0.768626798352013,0.048010768763384566,0.9671006944433951,0.8646629840490154
RipVIS-053_00006.jpg,0.8182648956487486,0.6761431850641476,0.8067845170855984,0.7133245516190767,0.9284272996910199,0.7479838923892602,0.02425317952909595,0.9634125434017324,0.8533648313739419
RipVIS-053_00012.jpg,0.8210229378279528,0.6802263883909109,0.8096842105215808,0.7211625605425162,0.9229784680898211,0.7541422922317723,0.027443498675162385,0.9646874999989532,0.8570826338235058
RipVIS-053_00018.jpg,0.8418027635451519,0.7180643541339804,0.8358992518600189,0.7744391442833917,0.9079553086158135,0.7979057883768894,0.039732270002886316,0.9683213975683937,0.8826543299979392
RipVIS-053_00024.jpg,0.8642955651170201,0.7581469803467559,0.8624386798391883,0.8138936624400991,0.9171419852954353,0.8326407623821032,0.04430030360967426,0.9729503038183888,0.9026710752403555
RipVIS-053_00030.jpg,0.9163502551168918,0.8506996129716117,0.91932759590917,0.8735148464318255,0.9702117545755266,0.8912808868205835,0.049944855829534444,0.9836751302072659,0.9351592923968848
RipVIS-053_00036.jpg,0.8937963662907884,0.8111627016340898,0.8957369770283281,0.8564728239357876,0.9387741535084785,0.871758043673298,0.04562800729291056,0.9785970052072714,0.9248778397069333
RipVIS-053_00042.jpg,0.902167978766372,0.8260485989832757,0.9047388984534264,0.8675536039714024,0.9452546334294011,0.8820547897514454,0.04762689518002193,0.9803168402767141,0.9307432634161682
RipVIS-053_00048.jpg,0.9213825602851232,0.8597269827347322,0.9245733279306427,0.9029673713906384,0.9472385941830689,0.9114874345681709,0.05374753450793104,0.9846354166655983,0.9485557206607008
RipVIS-053_00054.jpg,0.9131676486110684,0.8456014535165723,0.9163424225803247,0.8930333610744073,0.9409008739082344,0.9022132235439886,0.061034425401457766,0.9825726996517116,0.9431604743798907
RipVIS-053_00060.jpg,0.937924326788965,0.8898070837537668,0.9416909179812393,0.9201707177546458,0.964241817026305,0.9286596781349414,0.05863994742795007,0.9874555121517063,0.9579747590566838
RipVIS-053_00066.jpg,0.9282448201215713,0.8720993143524588,0.9316806086797906,0.936176728361058,0.9272274690583161,0.93437308314134,0.04233483001245432,0.9858919270822636,0.9638810890647705
RipVIS-053_00072.jpg,0.8912725007192113,0.8074096072387761,0.89344396976209,0.8616676735877895,0.9276536759510834,0.8741030396682026,0.02869818383076415,0.9774826388878283,0.9266998329206702
RipVIS-053_00078.jpg,0.9102242078877771,0.841413026616549,0.9138775651680698,0.913492959411072,0.914262494911703,0.9136467628678109,0.047566371674838716,0.9811338975683799,0.9514754265666732
RipVIS-053_00084.jpg,0.9035228038399226,0.8295177477163148,0.9068157428390685,0.9311560776500077,0.8837155003756777,0.9212648096274495,0.042897727266633844,0.9797428385406036,0.9583254097236034
RipVIS-053_00090.jpg,0.9069431026160428,0.8352272727195185,0.9102167182616493,0.9499091945669859,0.8737083365620999,0.9336239103362391,0.03366100684634182,0.9807421874989358,0.9670914180527201
RipVIS-053_00096.jpg,0.8933748060508315,0.811875838586463,0.8961716043631873,0.9082648291333388,0.8843961821715627,0.903388583945058,0.021144994243218498,0.9773318142350507,0.9469668520709342
RipVIS-053_00102.jpg,0.9049714588605835,0.8319226452165537,0.9082508449675407,0.9314578848058648,0.8861720893680305,0.9220341955640392,0.03837309571164514,0.9801768663183809,0.9586854589737741
RipVIS-053_00108.jpg,0.8821404966160562,0.7924872001132537,0.8842319209455803,0.8925316947257519,0.876085086407327,0.8891931579156249,0.018936341657408495,0.9745366753461647,0.9385477702813609
RipVIS-053_00114.jpg,0.8962985565152075,0.8163229299109814,0.8988742216132124,0.931367667147686,0.8685715979402578,0.9180924013961095,0.027499647436539324,0.9785373263878271,0.9576435827551397
RipVIS-053_00120.jpg,0.9190262390033666,0.8562882766646794,0.92258113939418,0.9431733931922606,0.9028688524499914,0.9348271579383151,0.03242344464009651,0.9835514322905995,0.9657035601336479
RipVIS-053_00126.jpg,0.9185466111150218,0.8554095621382353,0.9220708781434035,0.9409344388882294,0.903948794083792,0.9332971485867232,0.0341069912207604,0.983474392360044,0.9646707111525841
RipVIS-053_00132.jpg,0.9216110526936017,0.8608087906146313,0.9251985426512342,0.940620122766199,0.9102744829438925,0.934390206592607,0.042081319300244335,0.9841384548600433,0.9649126610505763
RipVIS-053_00138.jpg,0.9387686710612921,0.8914936432625113,0.9426345644226785,0.929096432762357,0.9565730660085707,0.9344647514435142,0.05981035739463014,0.9874793836794841,0.9619224171712397
RipVIS-053_00144.jpg,0.9378072909869668,0.8895296484252369,0.941535528872579,0.9427208121731704,0.940353222334221,0.9422463409288317,0.05652509651636678,0.9874869791655951,0.967782469018797
RipVIS-053_00150.jpg,0.945433296434866,0.9030474377010738,0.9490540485863834,0.9479331751784391,0.9501775758522106,0.9483812066872555,0.07078097660716065,0.9890603298600379,0.9709734018883107
RipVIS-053_00156.jpg,0.9137181637794045,0.8465501468453316,0.9168991682046522,0.9464595243376457,0.8891293793906351,0.9344095713471824,0.04196680237363501,0.9827094184017114,0.966615924151148
RipVIS-053_00162.jpg,0.9427425253932986,0.8984144174870236,0.9464892483025662,0.950499030072965,0.9425131557871301,0.948891047304077,0.06653931867772377,0.9883973524294831,0.9717414558659652
RipVIS-053_00168.jpg,0.9262221721861801,0.8689988374004747,0.9299083766249259,0.9468683806023709,0.9135452459811709,0.9400106792453609,0.05622177230085317,0.9850835503461534,0.9682057378255831
RipVIS-053_00174.jpg,0.9315194867635703,0.8778409653746226,0.9349470818467276,0.9659638488436653,0.9058602216404341,0.9533134215305692,0.04006359299840006,0.9866210937489295,0.9774340942687076
RipVIS-053_00180.jpg,0.9182404561028444,0.8543462538277298,0.9214527783731798,0.9215159181855207,0.9213896472028777,0.9214906612300316,0.04162768942288311,0.9838292100683769,0.9562474721192311
RipVIS-053_00186.jpg,0.9260099016531325,0.8681549341278025,0.9294249831940449,0.9120990096875332,0.9474219410536227,0.9189513005957387,0.04209902163621419,0.9854144965267085,0.9530709429694835
RipVIS-053_00192.jpg,0.8939920405351425,0.8104512206053355,0.8953030177022456,0.8820792835985358,0.908929274732359,0.8873216227795537,0.03922751960784135,0.9795019531239372,0.9361645168031894
RipVIS-053_00198.jpg,0.8695713195490277,0.7676843824526886,0.8685763025043135,0.8474250781401306,0.8908103985724289,0.8557607360641255,0.03012490815134094,0.9739181857628321,0.9178323817015757
RipVIS-053_00204.jpg,0.906062774512904,0.8322419489587174,0.9084411034598234,0.8832220860875838,0.9351426302913535,0.8931397825116466,0.03474789294177911,0.9817089843739347,0.9381040362855522
RipVIS-053_00210.jpg,0.910344261622573,0.8399463806887107,0.9130118024138401,0.8927904252193397,0.9341704214050031,0.9007705282527027,0.031200506805321427,0.9825097656239339,0.9427905728372121
RipVIS-053_00216.jpg,0.9321033267868659,0.8780464724962881,0.9350636263320938,0.952973799514413,0.9178142412718262,0.9457280240624937,0.049037353949475504,0.9874142795128175,0.9720035143029738
RipVIS-053_00222.jpg,0.9170387683956038,0.8518118874116856,0.9199766922354948,0.9093885997001729,0.930814245464432,0.9135944552316535,0.03764294789745188,0.9839062499989324,0.9508669064149435
RipVIS-053_00228.jpg,0.9238744115191133,0.8635746187162866,0.9267937114438222,0.934446127110881,0.9192656128373234,0.9313700463703904,0.04021704436000366,0.9856152343739305,0.9627928907720951
RipVIS-053_00234.jpg,0.9302340362843464,0.8745542915265032,0.9330797144470311,0.9563991272751324,0.9108704061794876,0.9469328755569957,0.04478598578007172,0.987173394096151,0.97337331805385
RipVIS-053_00240.jpg,0.9174604074476239,0.8517548180118866,0.9199434068991514,0.9428995695896368,0.8980784742610792,0.9335809803421572,0.03154471544202525,0.9846506076378204,0.9659290827601135
RipVIS-053_00246.jpg,0.9320965102280796,0.8781244450852009,0.9351078384429045,0.9562205691558473,0.9149072784159531,0.9476620975741726,0.037462139321303656,0.9873394097211509,0.9734208466381633
RipVIS-053_00252.jpg,0.9228272973530833,0.8622794307292206,0.9260473122356017,0.9269315296378376,0.9251647801590285,0.9265776401357366,0.04978527118660962,0.9849424913183757,0.9592211165298288
RipVIS-053_00258.jpg,0.9283238101967138,0.8719180146601837,0.9315771394170446,0.9262971383337465,0.9369176788023006,0.9284019402062165,0.033839342183137354,0.9861675347211522,0.9596198167490511
RipVIS-053_00264.jpg,0.9425592588257667,0.8969074321968435,0.9456522938055216,0.9660262549893963,0.9261199753597197,0.9577722215891444,0.0396546210361921,0.989307725693371,0.9789073707897544
RipVIS-053_00270.jpg,0.9230667043466168,0.8627761031688218,0.9263336604985737,0.9318261871878508,0.9209055043258202,0.9296213789490274,0.029901884437018862,0.9849338107628202,0.9613848400207897
RipVIS-053_00276.jpg,0.9225956850848482,0.8621050572154739,0.9259467438476702,0.9357434835596354,0.916353012113827,0.9318000160704393,0.025565540745961336,0.9847037760405982,0.9630102152175786
RipVIS-053_00282.jpg,0.9296431493555906,0.8744757012873259,0.9330349821945046,0.9541171251965886,0.9128643590498421,0.9455709666074814,0.0303173107084013,0.9862641059017077,0.9719823959778648
RipVIS-053_00288.jpg,0.9231435513723136,0.8631272925850394,0.9265360407956594,0.9620189850602715,0.8935774812809327,0.947504599692854,0.024188514353278946,0.9847764756933759,0.974659094220891
RipVIS-053_00294.jpg,0.9218868569954382,0.8612514203242536,0.9254541443672479,0.9506334183411962,0.9015742915597824,0.9403990633334237,0.026360942126601006,0.9842328559017098,0.9693612322117149
RipVIS-053_00300.jpg,0.923295920412794,0.8638942831349037,0.9269777700931735,0.9479740545836056,0.9068914081055401,0.9394624285078539,0.044804276050180114,0.9844097222211541,0.9683152180549324
RipVIS-053_00306.jpg,0.9203265084742821,0.8579566136961193,0.9235485988979542,0.9857796868706746,0.8687080996456842,0.9599072751168417,0.0478163850736665,0.9843337673600431,0.9849799608826992
RipVIS-053_00312.jpg,0.9272429013316066,0.8701947376158744,0.9305926491111821,0.9826648462220482,0.8837614235588817,0.9611519768816498,0.06996420434917601,0.985787760415597,0.9843939531424896
RipVIS-053_00318.jpg,0.914874011158137,0.8482228909654784,0.9178794344684066,0.9730147448587786,0.8686574680142144,0.9501844205405262,0.04216488356794133,0.983254123262822,0.9786792560389161
RipVIS-053_00324.jpg,0.9195101158553691,0.8574242820250829,0.9232400914779298,0.9396531436953022,0.9073905740449819,0.9330183887026313,0.037698713090431685,0.9834299045128218,0.9641381398830764
RipVIS-053_00330.jpg,0.9085504030939295,0.8372883319414832,0.9114392307240217,0.9706438651948983,0.8590417892326684,0.9460624003246335,0.044953990036965756,0.981712239582268,0.9767722076948161
RipVIS-053_00336.jpg,0.9247800095695382,0.8666409404419265,0.9285566620399417,0.9422154003485065,0.9152882703686354,0.936703967446592,0.0564381903379576,0.9846256510405983,0.9659357990964261
RipVIS-053_00342.jpg,0.9112788587106835,0.8433757909663876,0.9150340316927443,0.9071706883498807,0.9230348856758739,0.9102997520847419,0.03780578205518076,0.9812803819433796,0.9488575436574882
RipVIS-053_00348.jpg,0.8813176993822494,0.7889771598733006,0.8820427421546038,0.9340402201944991,0.8355293094472256,0.9125225016289523,0.03068862274989691,0.9760199652767187,0.957258810334437
RipVIS-053_00354.jpg,0.8917363915598477,0.8088137989720666,0.8943029950697065,0.8789795114176618,0.9101702348924413,0.885045455356948,0.029127656408214048,0.9771126302072731,0.9341201576202364
RipVIS-053_00360.jpg,0.9089285522096289,0.838166859362661,0.9119594938767144,0.925566377181087,0.8987468877025038,0.9200751878121899,0.04432447790249688,0.9816232638878237,0.9568073603977278
RipVIS-053_00366.jpg,0.8949579697395902,0.8134427473597056,0.8971253694598774,0.9078252215338343,0.8866748014468205,0.9035147984860108,0.03301337986721736,0.978662109373938,0.9472880485653146
RipVIS-053_00372.jpg,0.8965914269677866,0.8158037988139297,0.8985594141248157,0.9291036101259939,0.8699595729152073,0.9166400894741211,0.03315554273703971,0.9794390190961595,0.9570061310283049
RipVIS-053_00378.jpg,0.9051030924802521,0.8307181296612322,0.9075325318539927,0.9215285370553081,0.8939553038163156,0.9158786493118115,0.026274453801760037,0.9813639322906018,0.9547423926988854
RipVIS-053_00384.jpg,0.904865497156459,0.8304534475427539,0.9073745619235224,0.91358277033313,0.9012501591787871,0.911089320505008,0.051814988282813966,0.9811870659711576,0.9511767907201025
RipVIS-053_00390.jpg,0.9043525313929618,0.8295295579191618,0.906822799695718,0.9078227541735864,0.9058250456570581,0.9074225078706706,0.058561151070710624,0.9810915798600466,0.9485889462035393
RipVIS-053_00396.jpg,0.8769319115037217,0.7819557236550048,0.8776376576305945,0.8489899447328262,0.9082862219252864,0.860221633429811,0.024916481065573984,0.9744791666656093,0.9193158842793557
RipVIS-053_00402.jpg,0.8811283801320999,0.7891269305669035,0.8821363281551639,0.8393608325441162,0.9295057898759287,0.8559633717656004,0.02991512452623972,0.975584852429497,0.915792592113613
RipVIS-053_00408.jpg,0.8683654856460822,0.7666731678251124,0.867928694212225,0.822998085810905,0.9180484658312699,0.8404002972706078,0.03729413365492117,0.9727398003461667,0.9070128406099396
RipVIS-053_00414.jpg,0.8764777600379227,0.7799994195925594,0.8764041280093233,0.8396138988010912,0.9165662582022353,0.8539530036727795,0.04085306743652498,0.9753222656239418,0.9153614982351039
RipVIS-053_00420.jpg,0.8306111469259571,0.6995881345670824,0.8232443147119062,0.7789583247374279,0.872869416591149,0.7960883852213844,0.019571428568632653,0.9647808159711754,0.8828035131765428
RipVIS-053_00426.jpg,0.8439077554066767,0.7223484668341114,0.8387947976194118,0.816545216130172,0.8622908768884947,0.8253018853986973,0.02346399023145748,0.9683138020822827,0.9009508514705051
RipVIS-053_00432.jpg,0.805722543675324,0.6553655116364501,0.7918076183532097,0.7634907840210277,0.8223058224236335,0.7745709488191552,0.010110294116319552,0.9594650607628478,0.8724816738499925
RipVIS-053_00438.jpg,0.8432253806523871,0.7210565433582885,0.8379231305803523,0.7869957255542002,0.8958977090996757,0.8066053121342551,0.02375265392466127,0.9682356770822828,0.8881716577021592
RipVIS-053_00444.jpg,0.8424817471381031,0.7198717157943291,0.8371225704608481,0.788730637272183,0.8918407410350205,0.8074001391995811,0.022458471757812827,0.9679654947906163,0.8887917249063155
RipVIS-053_00450.jpg,0.859373200574072,0.7481479984158373,0.8559321053981758,0.8304390747253771,0.8830398892918809,0.8404518619436876,0.018541753796383415,0.9729600694433888,0.9093303513611196
RipVIS-053_00456.jpg,0.8383645456415716,0.7110269552129846,0.8311113428654052,0.7955586613779292,0.8699902959622758,0.8094083764433971,0.02845872076240367,0.9683713107628381,0.8913339409040553
RipVIS-053_00462.jpg,0.8090634902459486,0.6597563663833563,0.7950038689364742,0.7324020087592842,0.869307705896632,0.7562211900566421,0.026292725675388148,0.9614800347211789,0.8599486784098715
RipVIS-053_00468.jpg,0.7881283798670381,0.621755780691049,0.7667686936514098,0.6823317870293832,0.8750545791824712,0.7137721485174963,0.01794403892671167,0.9576671006934053,0.835633711767092
RipVIS-053_00474.jpg,0.8083183578976976,0.6563724104444497,0.7925420712221681,0.7120873584290368,0.8934927506233287,0.7422261189616711,0.007550588944797555,0.9630674913183994,0.8513766801364822
RipVIS-053_00480.jpg,0.7991637408090849,0.6403283632704471,0.7807319285679799,0.6937225455965451,0.8926975287031995,0.7260904719735284,0.012537764348559249,0.9609212239572906,0.842213876714344
RipVIS-053_00486.jpg,0.796539216261719,0.6345463864619729,0.7764189401017471,0.7161285097734058,0.8477942284134635,0.7390850628401403,0.02229688454149406,0.9613172743045124,0.8514110626350186
RipVIS-053_00492.jpg,0.8183530473177627,0.6748377433781844,0.8058544728243607,0.7349550881844434,0.8918933185413531,0.7617631743269411,0.028177369119356758,0.9646647135406199,0.862540474849711
RipVIS-053_00498.jpg,0.825632172950767,0.6873178212623545,0.8146868510499612,0.7525939435643222,0.8879470963223562,0.7762595836640682,0.03150887573498389,0.9665939670128401,0.871162779382816
RipVIS-053_00504.jpg,0.8528402397941046,0.7351750743013347,0.8473785558467081,0.7912714979263141,0.9120496894290677,0.8127984673722286,0.057539979067771634,0.9727376302072779,0.8916007235501807
RipVIS-053_00510.jpg,0.8410193741404284,0.7154505749818143,0.8341255474403846,0.7766806585530712,0.9007466074648043,0.7986822447464238,0.03058361391265662,0.9691775173600595,0.8835973196404574
RipVIS-053_00516.jpg,0.8395256881049444,0.7117195422206524,0.8315842924797394,0.779920853592998,0.8905778617832977,0.7997962776484487,0.021350823329423552,0.9697699652767255,0.8848902871645836
RipVIS-053_00522.jpg,0.8346713573083502,0.7044066922976608,0.826571141126031,0.7667385909939936,0.8965321491983635,0.7896011608089221,0.0235842588751427,0.9676399739572834,0.8784218343727552
RipVIS-053_00528.jpg,0.8248358659422173,0.6877429560755878,0.8149854260683832,0.7447926459757152,0.8997854618765803,0.7713670590271767,0.03048440979531119,0.9648741319433974,0.8675886656077673
RipVIS-053_00534.jpg,0.8270972575276643,0.6921260896095339,0.8180549828520701,0.7553406767560048,0.892126304366296,0.7792360123191884,0.019484083422134455,0.9650488281239529,0.8723683759973575
RipVIS-053_00540.jpg,0.8297459463769741,0.6971432907100313,0.8215491226063398,0.7667289056634011,0.8848121531558412,0.7877549883075656,0.027852018564094524,0.9653515624989525,0.8775702069913451
RipVIS-053_00546.jpg,0.8324982718765954,0.7017552250160051,0.8247428475025308,0.7652789802459108,0.8942261984460074,0.7880050095486465,0.040052242049041904,0.9661675347211739,0.8773847649266816
RipVIS-053_00552.jpg,0.8405308441104813,0.7137124984493837,0.8329430976259684,0.8093382490105314,0.8579662106901581,0.8186178021345191,0.05304165417245405,0.9698068576378366,0.8977997831575096
RipVIS-053_00558.jpg,0.8437482463641126,0.719935857743046,0.8371659379062757,0.7957551349988699,0.883123350419761,0.8118179154764521,0.04760483509213478,0.970057508679503,0.892238837810701
RipVIS-053_00564.jpg,0.8152650792364298,0.6714274918700274,0.8034180305588016,0.7361378653168444,0.8842335729992259,0.7616508578751784,0.030268254191612644,0.9622569444434004,0.862429219770479
RipVIS-059_00000.jpg,0.7668470210881885,0.6106465843401526,0.7582626633021687,0.6273403031450935,0.9582424160411084,0.6738815151589223,0.031174187283942965,0.9313346354156561,0.8108374072747173
RipVIS-059_00006.jpg,0.7934751910752551,0.6526875140855194,0.7898498760628329,0.6837768900598952,0.9348752675387956,0.7225931863041519,0.05129463737252489,0.9414908854156451,0.8373248534264707
RipVIS-059_00012.jpg,0.8119135699686577,0.685420660607276,0.8133526265903388,0.7336118511293183,0.9125424693223942,0.7635553177961948,0.025313542742456157,0.9456944444434183,0.8600455148808773
RipVIS-059_00018.jpg,0.7959482793460783,0.6595174097033428,0.7948303595335452,0.7087843491379757,0.9046549473571845,0.7408659412543764,0.023958333330560376,0.940210503471202,0.8470972356956435
RipVIS-059_00024.jpg,0.8449156557154798,0.7442593904987936,0.8533815492728556,0.8286405660198802,0.8796453999659385,0.8383627915888298,0.02637736651495667,0.9530143229156326,0.9031172244872614
RipVIS-059_00030.jpg,0.8292285172301341,0.7228233881710031,0.8391149007309129,0.8684600456264688,0.8116880729397783,0.8564790867050827,0.010718002080050155,0.9448849826378636,0.9142508530036446
RipVIS-059_00036.jpg,0.8133203620982843,0.6955856255507121,0.8204665279876877,0.8211970825804894,0.8197372720683632,0.8209047046842644,0.005375766046083672,0.9404383680545351,0.8926616423402614
RipVIS-059_00042.jpg,0.8512804343669017,0.762001541075125,0.8649272129582504,0.9455813744492644,0.7969506357756897,0.911579582953377,0.010357815441585892,0.9500629340267469,0.9482781371274419
RipVIS-059_00048.jpg,0.8773548476432675,0.8023314558388386,0.8903261974811604,0.965827117036846,0.825773583648672,0.9341405418934985,0.021047663990462703,0.960092230901736,0.9623818473658656
RipVIS-059_00054.jpg,0.8683071130029734,0.7876303943749792,0.8812004951956117,0.9500822890552303,0.8216314957760104,0.9212765048416809,0.01633081844940017,0.957100694443406,0.9542973607544787
RipVIS-059_00060.jpg,0.8869162634790948,0.8160852495747836,0.8987301116683383,0.9115272096214925,0.8862873605871329,0.9063648855551445,0.026762338793099742,0.9644184027767313,0.9435131064302508
RipVIS-059_00066.jpg,0.8057948456998812,0.6796692862737463,0.8092894140864542,0.7703800838398444,0.8523381742980176,0.7854860448972646,0.009097413880292608,0.9405132378462017,0.8721146351295778
RipVIS-059_00072.jpg,0.7966622264131689,0.6669987280323563,0.8002390365584129,0.7486670541217171,0.8594417410538646,0.7684770781646969,0.009920440034385577,0.9357996961795402,0.8616374059865719
RipVIS-059_00078.jpg,0.699496772477915,0.49953046620248476,0.6662491726060498,0.5278571563120412,0.9029932528159462,0.5756896192709817,0.012807271223630729,0.9086317274295697,0.7580069671938666
RipVIS-059_00084.jpg,0.7458185251270557,0.572761832347635,0.7283516430363561,0.6245526523011665,0.8735300085916731,0.6623074048838385,0.01434691640785624,0.926832682290661,0.8038526502658121
RipVIS-059_00090.jpg,0.706124784571637,0.5056115415813934,0.6716361127921919,0.5432644834872427,0.8794464455710234,0.5882370172049405,0.008092615487457275,0.9147753906240074,0.7645168208404096
RipVIS-059_00096.jpg,0.41954101562454477,0.0,0.0,0.0,0.0,0.0,0.0,0.8390820312490895,0.4999999999993534
RipVIS-059_00102.jpg,0.42002766927037755,0.0,0.0,0.0,0.0,0.0,0.0,0.8400553385407551,0.4999999999993542
RipVIS-059_00108.jpg,0.5765533139167345,0.3007416881176822,0.4624156984664478,0.31416613852501,0.8755927564228447,0.3603811300290537,0.010523025629243277,0.8611794704851766,0.6518463309098674
RipVIS-059_00114.jpg,0.4054600694440045,0.0,0.0,0.0,0.0,0.0,0.0,0.810920138888009,0.499999999999331
RipVIS-059_00120.jpg,0.6775248178403415,0.48002437157347716,0.6486709013624454,0.5702313729209322,0.7521322340072419,0.5992150345276693,0.00619974813463143,0.8879524739573699,0.7642945036766745
RipVIS-059_00126.jpg,0.6866192194878294,0.4989734458139992,0.6657535491471469,0.5908616925019394,0.7623861735680179,0.618701234144876,0.0028487229859677087,0.8882573784712584,0.7740645246265295
RipVIS-059_00132.jpg,0.7002714297955794,0.5259158168248291,0.6893117051754144,0.6234231039816538,0.7707735408294294,0.6482069266652765,0.0018364585345218964,0.8899348958323677,0.7891337186795633
RipVIS-059_00138.jpg,0.6589587639896168,0.4672588299137266,0.6369139791664447,0.5467421370733185,0.7627033863732898,0.5795630647800935,0.015481207532856178,0.8679546440962804,0.7505125096549758
RipVIS-059_00144.jpg,0.38856553819402284,0.0,0.0,0.0,0.0,0.0,0.0,0.7771310763880457,0.4999999999993019
RipVIS-059_00150.jpg,0.6762098164467363,0.501347123419474,0.6678630352687576,0.5631160885592823,0.8204837232139259,0.6008081390575849,0.0039674465916615005,0.870467664929611,0.7630249140149103
RipVIS-059_00156.jpg,0.6591508692453044,0.4667010318341894,0.6363955867005212,0.516585713168517,0.8285607014569872,0.5586554171575757,0.0016964487670553664,0.8686577690962797,0.7429986108708275
RipVIS-059_00162.jpg,0.5272669501926416,0.23810748264221923,0.38463136033081563,0.25463396748963907,0.7858063299370492,0.2944397730404245,0.0026790914382435536,0.8263867187491033,0.6179198871229612
RipVIS-059_00168.jpg,0.49043217697041,0.1903334829553581,0.31979858700235575,0.20799149779169596,0.691540220317357,0.24180752677711845,0.0008919611995883642,0.8003613281241315,0.5904793950318096
RipVIS-059_00174.jpg,0.510518333009529,0.2387162419623697,0.3854252231071037,0.266388307087012,0.6967886217259468,0.3039360406300968,0.004438190083953433,0.7962293836796915,0.6149047694507641
RipVIS-059_00180.jpg,0.5140926642975836,0.23488129714483166,0.38041113374686386,0.25374697749850605,0.759569030999937,0.29273540901187894,0.016393442621031214,0.8056369357630148,0.6145269165077073
RipVIS-059_00186.jpg,0.5270495482862219,0.26236187189529153,0.41566824495639315,0.2911277024537783,0.7264217792730363,0.3307690866549539,0.00661078975249548,0.806100260415792,0.6285457361084683
RipVIS-059_00192.jpg,0.5217610297801697,0.27064552935118125,0.42599690173132493,0.2907783857495219,0.7962895032203257,0.33306676213635117,0.004186046511141157,0.7905305989574756,0.6318192833302312
RipVIS-059_00198.jpg,0.5325540132506126,0.29294314048382386,0.4531415671909648,0.32271697561557533,0.7604902129540929,0.36470520224849007,0.004240598147054949,0.7918164062491408,0.6428217875840567
RipVIS-059_00204.jpg,0.5239564994772712,0.2839830548116918,0.44234704460852964,0.3167875181666033,0.7327903261689874,0.35736220215664677,0.001189703655506197,0.7841406249991492,0.6370037624430149
RipVIS-059_00210.jpg,0.5728452011194817,0.3372272699164051,0.504367922346493,0.38561574126245984,0.7288076727781001,0.42570855193550705,0.000912616928939925,0.8254720052074377,0.6713429892149854
RipVIS-059_00216.jpg,0.6259104802329343,0.4218380602383147,0.5933700497053938,0.4967253227034684,0.7367063851310224,0.5313421108449042,0.003461969249214747,0.8487456597213012,0.723009273529124
RipVIS-059_00222.jpg,0.7063012384233388,0.5487897886297591,0.708669172096341,0.6538438495379101,0.7735302977456185,0.6747235128220188,0.0041399296207679645,0.8831651475684862,0.8003437457430307
RipVIS-059_00228.jpg,0.7848740019481473,0.6716869886908798,0.8036037765860543,0.8039795562390161,0.8032283480433785,0.8038292022158424,0.021223945938781387,0.9156521267351175,0.8750758570728037
RipVIS-059_00234.jpg,0.7762109176741006,0.6627602432609646,0.7971807672778793,0.8492473485215906,0.7511296902693367,0.8276253406653659,0.004394764497526057,0.9093240017351244,0.887262557999485
RipVIS-059_00240.jpg,0.8090324145329407,0.7125631415972276,0.8321598477620548,0.9336635565848919,0.7505621063078173,0.8902288578280289,0.0043474151777386436,0.923437499998998,0.9272459140381294
RipVIS-059_00246.jpg,0.8171896304986324,0.7213667643220627,0.8381325575391405,0.9203470588504878,0.769401964832928,0.8855988247779468,0.004652574086714618,0.9290017361101031,0.9257543326092579
RipVIS-059_00252.jpg,0.8393426386715631,0.7526558624518715,0.858874669667263,0.9158013153290725,0.8086110235580231,0.8921484947154343,0.0027339642478723487,0.9396202256934248,0.9306997737267908
RipVIS-059_00258.jpg,0.8503593625376442,0.7706536117144259,0.8704735998231125,0.9457609750784933,0.8062889091156248,0.9141354957494677,0.01038961038853095,0.9433723958323097,0.9442658824148594
RipVIS-059_00264.jpg,0.8489242719999925,0.7693681199585275,0.869652969644961,0.9353657444192013,0.8125672279832631,0.9079239022254681,0.003536509256965206,0.942256944443422,0.9397049435417761
RipVIS-066_00000.jpg,0.6514429820452889,0.41934093393459726,0.5908952865498351,0.777794514666028,0.4764155630280315,0.6904404352924235,0.0035666518050874343,0.8925792806942348,0.8415454099736535
RipVIS-066_00005.jpg,0.6061702185979606,0.3559923941594095,0.5250654733651245,0.779474431808637,0.3958619660300877,0.6529293865920481,0.0030042918450637634,0.8669159116114241,0.8277514984094766
RipVIS-066_00010.jpg,0.5911498151330256,0.3296977075810987,0.4958987380385332,0.7861827956883578,0.362172838892391,0.6370248070694375,0.004440624551720294,0.8625658746291807,0.8279671059156501
RipVIS-066_00015.jpg,0.6029264555423484,0.3365608952084682,0.5036222388594925,0.8044102257317326,0.36655766741353935,0.6492940750573187,0.009175714939719266,0.8774200258865599,0.8439735468386844
RipVIS-066_00020.jpg,0.5923560601602842,0.3295374440483845,0.4957174324401983,0.8560241770874928,0.34887389573616107,0.6632064590542099,0.004728132387008255,0.864798677883616,0.8607806702782804
RipVIS-066_00025.jpg,0.7117109750816046,0.46862019270862953,0.6381775152421625,0.4771069779416116,0.9634298660654884,0.5306829054441078,0.004671857618537963,0.9565343010343975,0.73776242230569
RipVIS-066_00030.jpg,0.5819011711481573,0.32436976550340524,0.4898477358098088,0.9020844561491882,0.33620703695277276,0.6748975050293917,0.0025492139919913305,0.8509245562120343,0.8743001059569919
RipVIS-066_00035.jpg,0.6059913144601138,0.35299828114715875,0.5218015219470407,0.9004384495360529,0.3673357816025045,0.697877106072443,0.004608294930190531,0.8690585706350903,0.8833964000899979
RipVIS-066_00040.jpg,0.7005181861102286,0.4858302046711439,0.6539511757720282,0.8891967526406973,0.5171374703859586,0.7773433904496151,0.0078036091679721,0.9214959319515977,0.9068161602506294
RipVIS-066_00045.jpg,0.5898923106984376,0.3397143270246028,0.5071444264973726,0.9159194698023514,0.3506494890951359,0.6926122066518566,0.004885538804454838,0.8522293361676542,0.8811917729720665
RipVIS-066_00050.jpg,0.6549153064484956,0.4189750600574788,0.5905319576800839,0.878859592938179,0.444654176641466,0.7352626037697174,0.0044621513937112105,0.898818879436831,0.8897427352192371
RipVIS-066_00055.jpg,0.6394426988704897,0.39875599942181034,0.5701580541375909,0.8744168175959931,0.42297965550149025,0.720600507962068,0.006352231220207681,0.8889573317297419,0.8823557073976438
RipVIS-066_00060.jpg,0.6369714219132852,0.39832882563759153,0.5697212534483322,0.8795794030291589,0.42130423652616594,0.7224170624434866,0.010779029885549725,0.8850776627208706,0.8825888472997522
RipVIS-066_00065.jpg,0.6118107111833649,0.36982166907162,0.5399559335665381,0.8877996208366298,0.38795392646171156,0.7059009366172754,0.002418207681021592,0.8653522559161597,0.8754793787360762
RipVIS-066_00070.jpg,0.6051302574739765,0.36534161746486277,0.5351651378549807,0.8762727362485633,0.38521290869079644,0.6982503126200018,0.002261484098620285,0.8576287444516716,0.8659889139195014
RipVIS-066_00075.jpg,0.5431252250416658,0.30483256402078013,0.4672362913467655,0.9551225422025402,0.30926208942411565,0.6737230046112486,0.0020523964744594476,0.8005362426026251,0.8700377545456758
RipVIS-066_00080.jpg,0.5576299117180894,0.32748783759625877,0.49339485955555806,0.9775890767739659,0.32996506884316007,0.7020181896925076,0.012836647368130298,0.8076507026617885,0.8836159409381991
RipVIS-066_00085.jpg,0.491912111144053,0.2648857375867083,0.4188295111811241,0.9671706735910839,0.26728898503121457,0.6347559029993618,0.006869583596822069,0.7447855029577192,0.8442945778481511
RipVIS-066_00090.jpg,0.5323966223188252,0.3072478184852387,0.4700682061053416,0.9707544226457282,0.3101183818550916,0.6807276263015031,0.004107031735643182,0.7810858912712867,0.8653809866662984
RipVIS-066_00095.jpg,0.5149871924792992,0.28840021796731036,0.44768731632522546,0.9557284991849883,0.2923052254617317,0.6573437332226462,0.0010849517195307635,0.7660745654576945,0.8504590156181424
RipVIS-066_00100.jpg,0.5314014221811602,0.3016535703091623,0.46349286352361024,0.9428404986491572,0.30727287915376067,0.6669391872513112,0.0031369815262998744,0.7834874260345975,0.8543902923031109
RipVIS-066_00105.jpg,0.5735079382616415,0.34468056307379924,0.5126579093043414,0.9486158645788386,0.3512383513920085,0.7078403780337381,0.0008603736478785184,0.8209504437860334,0.8777475982789604
RipVIS-066_00110.jpg,0.5643005465313665,0.2970954613986763,0.45809344067600716,0.8600089699378083,0.3121933747215289,0.636597436169836,0.003221044154714663,0.8427075628688485,0.8506335008628649
RipVIS-066_00115.jpg,0.5905343334068438,0.3216246928545069,0.48671108309855626,0.9913080153119889,0.32253426169358956,0.7007199168349584,0.004683155275181742,0.868225314348109,0.9256272298813866
RipVIS-066_00120.jpg,0.6068713547255842,0.27914691323800567,0.4364579398176852,0.3114472227033945,0.7291147876265013,0.35174622400247507,0.006769462202563094,0.9362113997770245,0.6507396283823518
RipVIS-066_00125.jpg,0.4611666371663318,0.002474713321691514,0.004937208467815756,0.0024767445208870673,0.7510916997768922,0.0030933805253711157,0.0,0.9198744914930197,0.5012025607714898
RipVIS-066_00130.jpg,0.6716876989839986,0.41494093119810443,0.5865134325384909,0.6720855442889196,0.5202708589999593,0.6350255395825547,0.005948749236432466,0.9318914108717041,0.812047952136147
RipVIS-066_00135.jpg,0.480398547954513,0.04172217262869296,0.08010230313791014,0.04853267728407859,0.22917923957233108,0.057615572514451305,0.0028749401047256967,0.9193590514042629,0.5179014349372223
RipVIS-066_00140.jpg,0.6464726791491621,0.3927964865260121,0.5640400307237222,0.8410765780063909,0.4242869958021911,0.7029674599710244,0.007818711899308413,0.9062072392741006,0.8761737671681861
RipVIS-066_00145.jpg,0.4593767335423685,0.0,0.0,0.0,0.0,0.0,0.0,0.918753467084737,0.49475114293583156
RipVIS-066_00150.jpg,0.45181270802462575,0.0,0.0,0.0,0.0,0.0,0.0,0.9036254160492515,0.49998976857738475
RipVIS-066_00155.jpg,0.46088087093142,0.0,0.0,0.0,0.0,0.0,0.0,0.92176174186284,0.4999999999993731
RipVIS-066_00160.jpg,0.4391237518486049,0.0,0.0,0.0,0.0,0.0,0.0,0.8782475036972098,0.499999999999342
RipVIS-066_00165.jpg,0.4446641549551074,0.0,0.0,0.0,0.0,0.0,0.0,0.8893283099102148,0.49999999999935024
RipVIS-066_00170.jpg,0.4426237749625062,0.0,0.0,0.0,0.0,0.0,0.0,0.8852475499250124,0.49999999999934724
RipVIS-066_00175.jpg,0.4666847725586322,0.0,0.0,0.0,0.0,0.0,0.0,0.9333695451172644,0.4999999999993809
RipVIS-066_00180.jpg,0.45387735761781867,0.0,0.0,0.0,0.0,0.0,0.0,0.9077547152356373,0.49999999999936345
RipVIS-066_00185.jpg,0.4666824611680997,0.0,0.0,0.0,0.0,0.0,0.0,0.9333649223361994,0.4999999999993809
RipVIS-066_00190.jpg,0.4449605907909059,0.0,0.0,0.0,0.0,0.0,0.0,0.8899211815818118,0.4999999999993507
RipVIS-066_00195.jpg,0.46095194619029567,0.0,0.0,0.0,0.0,0.0,0.0,0.9219038923805913,0.4999999999993732
RipVIS-066_00200.jpg,0.44372168546546353,0.0,0.0,0.0,0.0,0.0,0.0,0.8874433709309271,0.49999999999934885
RipVIS-066_00205.jpg,0.4914537603554081,0.09250048383885717,0.169337195190663,0.14076397478734815,0.2124647151605329,0.15095239448808204,0.0032936870991228384,0.8916177422326974,0.5481640013087881
RipVIS-066_00210.jpg,0.4945030993975914,0.2441265311408034,0.39244646750994255,0.9150505667799088,0.2497876374658711,0.5970331885518712,0.009389050514494967,0.7643005732239687,0.8328360122977325
RipVIS-066_00215.jpg,0.4660139681542159,0.21806881212700133,0.35805663843606317,0.9309702035806517,0.22165280888670258,0.5676558864794786,0.009904965866697233,0.7350915310642392,0.8245887580148472
RipVIS-066_00220.jpg,0.4534083394603764,0.20753278839262118,0.34373027446960436,0.888988966436487,0.21305415396166774,0.5438840595682541,0.011149228128994213,0.7212370562121843,0.7976089698110018
RipVIS-066_00225.jpg,0.48575969855463663,0.25083554223725046,0.4010687796552452,0.9296724833109754,0.25568723654116615,0.6087450807481212,0.013437719091675892,0.744571699333459,0.8277456158157857
RipVIS-066_00230.jpg,0.4934489154809608,0.25488215133790454,0.4062248412190093,0.9225836761526414,0.2604526619149576,0.6116118627061462,0.004556354915520821,0.7545187684902522,0.8301369082834995
RipVIS-066_00235.jpg,0.4969937517055508,0.25955747162781845,0.4121407358925406,0.91746865700231,0.2657626629631399,0.6155681299900262,0.0026615969578375667,0.7570474297328529,0.8290504851407116
RipVIS-066_00240.jpg,0.6319065555039622,0.42831492709493507,0.599748583410928,0.9775439391186688,0.43257108750822354,0.7808051317899585,0.020759717311431135,0.8535479844664692,0.9077071611927909
RipVIS-066_00245.jpg,0.5535976695818536,0.30697091886474054,0.4697440691815565,0.9430115022529559,0.3127731757514961,0.672139230273832,0.011235955054561228,0.8164651904576363,0.8737691021907408
RipVIS-066_00250.jpg,0.5272697984687084,0.25272931855261155,0.40348591640628634,0.7507804082882017,0.27587309482220446,0.5584941874682762,0.0041789577182670895,0.8142601238895915,0.785418430285683
RipVIS-066_00255.jpg,0.5427171945578854,0.2625042853547635,0.4158469613130855,0.7295402511237108,0.29080458466850245,0.5604350466901756,0.00330136770896064,0.8334284855759598,0.7860792748382064
RipVIS-066_00260.jpg,0.5015311837728491,0.20947992960442963,0.34639670237924786,0.7477546531460224,0.22540849796202886,0.5109476584649367,0.013294621024863292,0.8042876294369403,0.7781277180575694
RipVIS-066_00265.jpg,0.5700483705073242,0.3216240683309413,0.48671036800520046,0.9494322902111683,0.3272295159404258,0.6878522373656005,0.02172413792728894,0.8328575721144221,0.8858369934645846
RipVIS-066_00270.jpg,0.6578538688989717,0.4514998961986117,0.6221149548560932,0.9945468264016538,0.4526204065469705,0.802402179707835,0.00496635693608357,0.8778603457830091,0.92964232686534
RipVIS-066_00275.jpg,0.5511537159716711,0.2645880103086689,0.4184572495576429,0.6618277109845427,0.30595135082968977,0.5369206784145132,0.004096561813592309,0.8466715976321576,0.7626537254039891
RipVIS-066_00280.jpg,0.45940331453349276,0.0,0.0,0.0,0.0,0.0,0.0,0.9188066290669855,0.49999999999937106
RipVIS-066_00285.jpg,0.45239113350539434,0.0,0.0,0.0,0.0,0.0,0.0,0.9047822670107887,0.49999999999936134
RipVIS-066_00290.jpg,0.45641064164148437,0.0,0.0,0.0,0.0,0.0,0.0,0.9128212832829687,0.49999999999936695
RipVIS-066_00295.jpg,0.49296789005963804,0.08033058601729753,0.14871482314212905,0.09775370927944971,0.3106779065546769,0.11328125,0.005484460693266007,0.9063771264782424,0.5389764139749069
RipVIS-066_00300.jpg,0.600159691704601,0.3469669652991597,0.5151825905724403,0.8946389746982688,0.361748766618883,0.6910442451281303,0.0037718768853693607,0.8639527089487057,0.8779471967862369
RipVIS-066_00305.jpg,0.5784357837267111,0.33821814846917164,0.5054753574461229,0.9890973288996376,0.33948378740765306,0.7153341728427791,0.011634935023929444,0.834035225590752,0.9042939740142237
RipVIS-066_00310.jpg,0.5818988874002914,0.33857318479249343,0.5058717575385754,0.9999999999859265,0.33857318479249343,0.7190549823310112,0.0,0.8395767843925208,0.9126122949970079
RipVIS-066_00315.jpg,0.5722762141971681,0.32039468910822316,0.4853013901844962,0.9947140797544043,0.32094111718749696,0.7005654019684365,0.002199183160194913,0.837619036611458,0.9096175220674789
RipVIS-066_00320.jpg,0.588942272321593,0.35746318211839273,0.5266635395010163,0.928326758156808,0.36760867734792835,0.711327441958128,0.0009157509156111491,0.8367326183422282,0.8775627626432034
RipVIS-066_00325.jpg,0.5947304981787769,0.35713939746024825,0.52631203268964,0.9820726948098445,0.35948301919732695,0.7294168622066406,0.006393442621902714,0.8466103457830453,0.9079060220053496
RipVIS-066_00330.jpg,0.6282310677245126,0.4212249203205233,0.592763206298868,0.9320818116788693,0.4345631760127461,0.7584226433134575,0.003553155201314219,0.8528788369072984,0.8873406900090102
RipVIS-066_00335.jpg,0.6248650754344568,0.41760660494554597,0.5891713589491738,0.9353011599620188,0.43002914103136114,0.7573323601385499,0.0010017172293929999,0.8501606416410293,0.8872059678279209
RipVIS-066_00340.jpg,0.5949768282944248,0.357257590975958,0.5264403652648811,0.9706506691150287,0.3611589425073407,0.7257093061998616,0.007473598699029472,0.8469304733718023,0.9028473598028892
RipVIS-066_00345.jpg,0.5535329466143856,0.2909902830735238,0.45080166270616534,0.9443191889517777,0.2960702394112132,0.6567339779704529,0.00556070435502615,0.8289848372771484,0.8820216736871299
RipVIS-066_00350.jpg,0.5940242748694704,0.3592527103690501,0.5286032650565906,0.9788558659668714,0.36206237578178957,0.730101966103785,0.0038939643546661725,0.8437904493333444,0.9046868816018874
RipVIS-066_00355.jpg,0.6399290992954326,0.4296800031312806,0.6010855606711947,0.982887413054139,0.43291864801191315,0.7837549652787701,0.008905486927764222,0.8653742141262188,0.9173698472321234
RipVIS-066_00360.jpg,0.5938606397723716,0.3575714080648889,0.5267809942676662,0.9379047236466806,0.3662416324432464,0.7147693755523166,0.004421721707279021,0.8448201738155917,0.8866416066763976
RipVIS-066_00365.jpg,0.5686828706728091,0.3089960821235233,0.4721115461587224,0.9500154035589955,0.3141026620407424,0.6762120285154802,0.006314492529444864,0.8406030417889694,0.8908718129289607
RipVIS-066_00370.jpg,0.6531411311055323,0.4442555082905078,0.6152034812958416,0.9809191230901331,0.4481280857496357,0.7924793063835358,0.007641440116437702,0.8757327107978045,0.9223996427889736
RipVIS-066_00375.jpg,0.6107122958737867,0.37988300147176063,0.550601755462722,0.9302229512067284,0.39102544458885674,0.729136905782278,0.015348288073295706,0.8555623613155793,0.8889685591623235
RipVIS-066_00380.jpg,0.579437794985131,0.3332356403279927,0.49989008731571644,0.975979736846887,0.3359912414966187,0.706742369896961,0.015722790411277242,0.839616078031574,0.9016971139420831
RipVIS-066_00385.jpg,0.6051722823578113,0.37353649928012295,0.5439047298355671,0.9764322618287086,0.3769349046713944,0.7407929467783761,0.019311377242618055,0.8512793546587795,0.9076051467750539
RipVIS-066_00390.jpg,0.5637260535405276,0.3093452799013395,0.47251902863185025,0.9321054738755921,0.31647634583859396,0.671037027276321,0.0014209030626111613,0.8318093565079144,0.8775480823709756
RipVIS-066_00395.jpg,0.5828087973606055,0.33634979206770754,0.5033858561047556,0.9830382744264108,0.33831319622588424,0.7117581075972509,0.02211103937667672,0.8428647374250614,0.906773022806026
RipVIS-066_00400.jpg,0.5705449682169481,0.3186294289432085,0.483273650579099,0.9626721623011674,0.32261531876654825,0.6892019384226626,0.023741690404599287,0.836070404954655,0.8938944548851182
RipVIS-066_00405.jpg,0.5677927336226267,0.3120599469609904,0.475679404258605,0.9456494492554351,0.3177590930920841,0.6777882288286955,0.011338635977096185,0.8366054918629384,0.8864907220866357
RipVIS-066_00410.jpg,0.769785286541355,0.5803006478321869,0.7344180344774616,0.621937901923585,0.8965657978952332,0.6625256717746916,0.00711009174148851,0.9614413831349835,0.8076053098860636
RipVIS-066_00415.jpg,0.7153288892855552,0.5155864785374831,0.6803788313485296,0.9675731088679242,0.5246520336700873,0.827803640711155,0.01396276595512587,0.9221119175285201,0.9427124895349565
RipVIS-066_00420.jpg,0.7479917512671677,0.5660300690731876,0.7228853139559155,0.9417301541779334,0.5865738116399176,0.8400090917103085,0.014673514303985048,0.9358173076912262,0.9384852820196107
RipVIS-066_00425.jpg,0.7666553605221955,0.583453207835853,0.7369377319753878,0.730735574191451,0.7432460732887011,0.7332038674489711,0.013644821167325858,0.9531481139042239,0.8529143225229785
RipVIS-066_00430.jpg,0.455602810650361,0.0,0.0,0.0,0.0,0.0,0.0,0.911205621300722,0.49999999999936584
RipVIS-066_00435.jpg,0.44983011279533813,0.0,0.0,0.0,0.0,0.0,0.0,0.8996602255906763,0.4999999999993577
RipVIS-066_00440.jpg,0.6481013277598178,0.36508411131748475,0.5348888149685235,0.380955682667349,0.8975713351966463,0.4305139107995445,0.006919528445176954,0.93374283468827,0.6880624165148987
RipVIS-066_00445.jpg,0.44965155787669925,0.0,0.0,0.0,0.0,0.0,0.0,0.8993031157533985,0.49999999999935746
RipVIS-066_00450.jpg,0.7773390086123493,0.6011753224647703,0.7509175466673451,0.6360575520118958,0.9164025612684108,0.6775102091562025,0.006653225805110236,0.9565481693775927,0.814698354375218
RipVIS-066_00455.jpg,0.5904205056699994,0.24812883637716154,0.3976013199044166,0.252739569464016,0.9315129589706371,0.2958564048968902,0.0030977189515354214,0.934173909022589,0.6254961042607274
RipVIS-066_00460.jpg,0.8132988384169453,0.6643985177923112,0.7983647073581651,0.723194564478018,0.8909741632889515,0.7514975064428328,0.015552099530413666,0.964831037350956,0.8568835825851893
RipVIS-066_00465.jpg,0.6800976669101162,0.4775838895569311,0.6464389506847419,0.9889498201428275,0.4801461199736609,0.8160075978288581,0.0014903129655006984,0.8939880732238189,0.9363104354172669
RipVIS-066_00470.jpg,0.6644752296605184,0.46070041367743125,0.6307938429586403,0.996834145663499,0.4613754717354611,0.809043721301657,0.010663863020326845,0.8815782174546024,0.9326973261663765
RipVIS-066_00475.jpg,0.738574393526126,0.5652267900931751,0.7222298949528307,0.9913245165927952,0.5680365996998924,0.8627449458091364,0.010573756281751818,0.9209712463007108,0.9520806275109478
RipVIS-066_00480.jpg,0.4519271218559866,0.0,0.0,0.0,0.0,0.0,0.0,0.9038542437119732,0.4999999999993607
RipVIS-066_00485.jpg,0.45991933246988265,0.0,0.0,0.0,0.0,0.0,0.0,0.9198386649397653,0.4999999999993718
RipVIS-066_00490.jpg,0.44812083949652354,0.0,0.0,0.0,0.0,0.0,0.0,0.8962416789930471,0.49999999999935524
RipVIS-066_00495.jpg,0.4542257997405993,0.0,0.0,0.0,0.0,0.0,0.0,0.9084515994811986,0.4999999999993639
RipVIS-066_00500.jpg,0.45138683431900495,0.0,0.0,0.0,0.0,0.0,0.0,0.9027736686380099,0.4999999999993599
RipVIS-066_00505.jpg,0.4436072716341027,0.0,0.0,0.0,0.0,0.0,0.0,0.8872145432682054,0.4999999999993487
RipVIS-066_00510.jpg,0.4476724297332104,0.0,0.0,0.0,0.0,0.0,0.0,0.8953448594664208,0.4999999999993546
RipVIS-066_00515.jpg,0.45212994637521714,0.0,0.0,0.0,0.0,0.0,0.0,0.9042598927504343,0.49999999999936096
RipVIS-066_00520.jpg,0.4466086122406081,0.0,0.0,0.0,0.0,0.0,0.0,0.8932172244812162,0.4999999999993531
RipVIS-066_00525.jpg,0.4476348696370566,0.0,0.0,0.0,0.0,0.0,0.0,0.8952697392741132,0.49999999999935457
RipVIS-066_00530.jpg,0.44825201090924527,0.0,0.0,0.0,0.0,0.0,0.0,0.8965040218184905,0.49999999999935546
RipVIS-066_00535.jpg,0.44609721708528327,0.0,0.0,0.0,0.0,0.0,0.0,0.8921944341705665,0.49999999999935235
RipVIS-066_00540.jpg,0.44567827755126005,0.0,0.0,0.0,0.0,0.0,0.0,0.8913565551025201,0.49999999999935174
RipVIS-066_00545.jpg,0.44559622318735487,0.0,0.0,0.0,0.0,0.0,0.0,0.8911924463747097,0.4999999999993516
RipVIS-066_00550.jpg,0.4462243435645731,0.0,0.0,0.0,0.0,0.0,0.0,0.8924486871291462,0.4999999999993525
RipVIS-066_00555.jpg,0.4441666281429778,0.0,0.0,0.0,0.0,0.0,0.0,0.8883332562859556,0.4999999999993495
RipVIS-066_00560.jpg,0.4446716669743382,0.0,0.0,0.0,0.0,0.0,0.0,0.8893433339486764,0.49999999999935024
RipVIS-066_00565.jpg,0.44820404955569504,0.0,0.0,0.0,0.0,0.0,0.0,0.8964080991113901,0.49999999999935535
RipVIS-066_00570.jpg,0.4472858496666428,0.0,0.0,0.0,0.0,0.0,0.0,0.8945716993332856,0.49999999999935407
RipVIS-066_00575.jpg,0.45454766087225573,0.0,0.0,0.0,0.0,0.0,0.0,0.9090953217445115,0.49999999999936434
RipVIS-066_00580.jpg,0.45227094119770217,0.0,0.0,0.0,0.0,0.0,0.0,0.9045418823954043,0.4999999999993612
RipVIS-066_00585.jpg,0.44953541050243906,0.0,0.0,0.0,0.0,0.0,0.0,0.8990708210048781,0.4999999999993573
RipVIS-066_00590.jpg,0.4467842779210813,0.0,0.0,0.0,0.0,0.0,0.0,0.8935685558421625,0.4999999999993533
RipVIS-066_00595.jpg,0.4571433524403001,0.0,0.0,0.0,0.0,0.0,0.0,0.9142867048806002,0.49999999999936795
RipVIS-066_00600.jpg,0.4511978781429697,0.0,0.0,0.0,0.0,0.0,0.0,0.9023957562859394,0.4999999999993596
RipVIS-066_00605.jpg,0.45842212925242876,0.0,0.0,0.0,0.0,0.0,0.0,0.9168442585048575,0.4999999999993697
RipVIS-067_00000.jpg,0.5983315393524098,0.23409606358803367,0.37938061791951344,0.2562621371093075,0.7301954191545706,0.29448986163919977,0.09157227873074059,0.962990451387844,0.6259447154387625
RipVIS-067_00006.jpg,0.5834053140390225,0.213662603046538,0.35209555359158595,0.23208061219936535,0.7291666666207725,0.26871868621265543,0.05994944022030526,0.9537369791656318,0.6135720894788307
RipVIS-067_00012.jpg,0.5691246140555921,0.20585679639713833,0.3414282641391544,0.2238723872355664,0.7189509919051114,0.25962916195049823,0.05991538145763404,0.9335568576378759,0.6082891884520295
RipVIS-067_00018.jpg,0.8264692919246186,0.6633304634573349,0.7975931157763583,0.8848215139781404,0.7260198672611402,0.84773658778115,0.09582504968273856,0.9898166232628148,0.9385371117651269
RipVIS-067_00024.jpg,0.8372129984154659,0.6863343108303128,0.8139955481216264,0.8743602196408129,0.7614275953814156,0.8491709299372301,0.0730337078523466,0.9883940972211498,0.933082697230017
RipVIS-067_00030.jpg,0.8368659140492292,0.686087990468091,0.8138222848946568,0.8893863769491563,0.7500928562352949,0.8575371549893843,0.054095302687112885,0.987968749998928,0.9401793057969574
RipVIS-067_00036.jpg,0.8541898215808235,0.7204737644955785,0.8375294984016365,0.9157244280529936,0.7716382772255467,0.8827573969746706,0.09393939392357922,0.9882714843739276,0.9532363039924571
RipVIS-067_00042.jpg,0.854985793552949,0.7233140834406829,0.8394454503575461,0.8700840335890733,0.8108912441703416,0.8575640784954668,0.08330567539274715,0.98710720486004,0.9309535192208873
RipVIS-067_00048.jpg,0.8609463503762596,0.7358422097309146,0.847821542310557,0.8992070116626876,0.8019914849870415,0.8779230569407163,0.06876258323234279,0.9865722656239295,0.9447855804992855
RipVIS-067_00054.jpg,0.7525647946328899,0.539659843459668,0.7010117796500219,0.8466751676384557,0.5981116652943749,0.7817030683834847,0.04415382622761183,0.9668131510406176,0.9096373022156758
RipVIS-067_00060.jpg,0.7822413614740913,0.5949441504907379,0.7460375967493074,0.8910461913376293,0.6416204704592262,0.8267662104244435,0.06259484065976291,0.9708430989572799,0.9329590644180453
RipVIS-067_00066.jpg,0.7431194457326288,0.5271427634529853,0.6903647465952373,0.8828361815032545,0.5667949965369719,0.7942612098096951,0.06627393224517993,0.9608799913184018,0.9238858959821414
RipVIS-067_00072.jpg,0.7379456560981268,0.5203261016302587,0.6844927559584862,0.92836644831369,0.5420903846330495,0.8125649511260752,0.09539813856057418,0.9576085069434054,0.943749432768423
RipVIS-067_00078.jpg,0.7217788936032937,0.4923642467022959,0.659844602670269,0.9125062980369228,0.5167601230582974,0.7913063631251804,0.056851128191497395,0.95339952256841,0.9340184578080195
RipVIS-067_00084.jpg,0.8523249665228682,0.7245915084107534,0.8403050865981353,0.9009118540856768,0.7873386916970174,0.8756494657512837,0.09147674054144915,0.9810525173600466,0.9433292737379608
RipVIS-067_00090.jpg,0.8369629248430768,0.6976567853968643,0.8219055717245837,0.9138938762861692,0.7467419973975505,0.8747335359008954,0.05482753425895051,0.9775010850683837,0.9476129866489269
RipVIS-067_00096.jpg,0.8569648236187546,0.73596544490042,0.8479033347839906,0.9154750665021805,0.7896209653421733,0.8871939047112057,0.07355466512971455,0.9792393663183819,0.9495084938746048
RipVIS-067_00102.jpg,0.8996098261789653,0.8147728841527714,0.8979337208172459,0.9144211847325655,0.8820302808243977,0.9077540723877497,0.07066202089607497,0.9854427083322641,0.9526059133631111
RipVIS-067_00108.jpg,0.8875355239611902,0.7944712875104177,0.8854655887112436,0.9217876293848855,0.8518974929658678,0.9069070001015652,0.09624724060393712,0.9819531249989345,0.9543334181919938
RipVIS-067_00114.jpg,0.8926941449882608,0.80562896703479,0.8923527277675397,0.9184574776164495,0.8676908854156152,0.9078344180884722,0.11166440318218433,0.9813259548600463,0.9527845221321851
RipVIS-067_00120.jpg,0.877653300695022,0.7839924942192553,0.8789190501189423,0.9122725984304987,0.8479183537984026,0.8986319501173649,0.09829515182494737,0.9740190972211653,0.9467049399299069
RipVIS-067_00126.jpg,0.9034711896322007,0.8326876416941833,0.9087065605183277,0.8896680095798727,0.9285777651526864,0.8971868892926937,0.10291818654208987,0.9771788194433841,0.9398268276903612
RipVIS-067_00132.jpg,0.8792185694283001,0.7970025187207962,0.8870355054239387,0.9295224800898167,0.8482627806648729,0.9120484647802528,0.027663212953660272,0.9665060763878401,0.9510614758832154
RipVIS-067_00138.jpg,0.8173296974649615,0.7092870454998311,0.8299215130275802,0.7640422829298583,0.9082335779441439,0.7890977372557347,0.03432494278862014,0.9368674045128723,0.8722746600643249
RipVIS-072_00000.jpg,0.6447114874793795,0.33515171077573996,0.5020428885658434,0.8338754366608893,0.35913044981479464,0.6595102740813669,0.03050541515694848,0.955301649304519,0.8962746626935022
RipVIS-072_00006.jpg,0.6423584574256245,0.33087726635996595,0.49723182553855827,0.8258844315614229,0.3556889127102418,0.6531902054816273,0.024390243898096804,0.9548697916656306,0.892168197354778
RipVIS-072_00012.jpg,0.614956508084208,0.27969722670742536,0.43713031624998905,0.7234570967041907,0.313180905957691,0.5732596888037574,0.03513562715544591,0.951159939235079,0.840373384056639
RipVIS-072_00018.jpg,0.6287520305862717,0.30493011476591403,0.4673508739134497,0.8157026228584461,0.32749272102223803,0.628357719660933,0.028818443798843938,0.9535405815961876,0.8863878115644614
RipVIS-072_00024.jpg,0.6345725944244687,0.31422072451029115,0.4781856177581997,0.940965739899038,0.320539704360252,0.6783625305552322,0.032686980603381904,0.9558365885406295,0.9485645771484086
RipVIS-072_00030.jpg,0.631038937617891,0.30990308031363106,0.47316948096561584,0.9946104095578169,0.3104243764068114,0.6903148579612253,0.002147458839987928,0.9531803385406324,0.9734480153641355
RipVIS-072_00036.jpg,0.6353012761272598,0.31667871934263564,0.4810265628060587,0.9885588219697009,0.31784365153465227,0.695169029837284,0.00867638914368167,0.9548871527767416,0.9713592317155193
RipVIS-072_00042.jpg,0.6429445076185517,0.3280773233093801,0.49406358733971606,0.9539952815184124,0.3333512544743127,0.6951461970820378,0.003302894889585604,0.9586631944434042,0.9563796840309433
RipVIS-072_00048.jpg,0.6416492849743314,0.3244509835917307,0.48994034148680055,0.9182131290331459,0.3341064681393493,0.6803327391562686,0.004577114426949827,0.9596451822906253,0.939375855440912
RipVIS-072_00054.jpg,0.6281216582227612,0.3001901274505283,0.46176343153620886,0.9243779475836517,0.307747838793197,0.659922444019598,0.0052429925377610416,0.9568663194434062,0.9409539228087933
RipVIS-072_00060.jpg,0.6126729662057641,0.27371511993971737,0.42979017153014853,0.9114462489829054,0.28119301235140703,0.629334086037091,0.0035956851770683807,0.9524967447906332,0.9323827297141796
RipVIS-079_00000.jpg,0.8024960105210597,0.6627335854974966,0.797161483087748,0.8057104617374551,0.788792017329463,0.8022689606861556,0.026094592895986125,0.9481423611100823,0.8872374121704678
RipVIS-079_00006.jpg,0.8021775081014622,0.6566027375718194,0.7927099511307591,0.8369779324190642,0.7528894325401563,0.8186904005085823,0.024096385539046975,0.9524978298600776,0.9017689273574012
RipVIS-079_00012.jpg,0.7621244237493652,0.5924868048934598,0.7441026237364626,0.6832227223389031,0.8168935242392229,0.7063388007839434,0.00732555251957716,0.9379210069434267,0.829956079941814
RipVIS-079_00018.jpg,0.7286448679695107,0.5341203590975636,0.6963213230697968,0.6121449318120404,0.8073389531461911,0.6432491899786695,0.008357978653933652,0.9293891059017693,0.7949410977549767
RipVIS-079_00024.jpg,0.7448628276067649,0.5569742921779005,0.7154572750187199,0.5950617897442678,0.8969275521430115,0.6380067030533172,0.018062864454833898,0.9379937065962044,0.7923764874036188
RipVIS-079_00030.jpg,0.8153692747967163,0.6746612881950746,0.8057286484745995,0.6971970747292935,0.9542799022468802,0.7369012886553503,0.012619669275802194,0.9597439236100697,0.8463267373909054
RipVIS-079_00036.jpg,0.8062406873882049,0.6581516792816472,0.7938377260719296,0.6675539303931067,0.979048094730753,0.7129183855128782,0.008098427035025942,0.9580208333322938,0.8327930400878228
RipVIS-079_00042.jpg,0.7740021334514859,0.6042388762615944,0.7533028717888576,0.6058666045811575,0.9955734076427635,0.6573273917985171,0.012363067290710005,0.9482118055545267,0.8027311373782962
RipVIS-079_00048.jpg,0.7550342803239636,0.5729958479673188,0.7285408269929821,0.5752833849018352,0.9931082203017838,0.6281379764297268,0.009591584156931994,0.9419726562489779,0.7873292151958737
RipVIS-079_00054.jpg,0.7395700912609634,0.5460295989771958,0.7063637065402003,0.5471135524667179,0.9963847024857511,0.6013428017623615,0.0067247440001949035,0.9380913628462043,0.7734004023975278
RipVIS-079_00060.jpg,0.8292339867312499,0.7000540907118505,0.8235668435922792,0.7315598223432636,0.942046399841228,0.7657803190250426,0.009680258138797262,0.9620930989572893,0.8626841690507807
RipVIS-079_00066.jpg,0.8328826870732828,0.7045567403036814,0.8266744352296053,0.710128310121848,0.9889867562133074,0.7525676757351026,0.008763543656984776,0.9644932725683979,0.8545288653632493
RipVIS-079_00072.jpg,0.8316894618194988,0.6981734602483711,0.8222640108228493,0.7859277152481892,0.8621230958462104,0.8000699259949886,0.018452683254028664,0.9677973090267277,0.8863837036890158
RipVIS-079_00078.jpg,0.8600614081182021,0.7508156332032413,0.8576752674175873,0.8362453372118055,0.8802324269335414,0.8446875040602168,0.021933387486282145,0.9719053819433898,0.911715027969215
RipVIS-079_00084.jpg,0.8667454355574746,0.7632366024877124,0.8657222761946732,0.8222428419852533,0.914056743848811,0.8390997879332125,0.021402331892444924,0.9728569878461666,0.9065180559576851
RipVIS-079_00090.jpg,0.8704492932425705,0.7700572931269837,0.8700930711305962,0.8395764638331296,0.9029117659915543,0.8515225790370154,0.012185716487400012,0.9734353298600549,0.9144383667548981
RipVIS-079_00096.jpg,0.8702915911196765,0.7707276726402835,0.8705208424184986,0.8333775589347193,0.9111294967022916,0.8478479099009743,0.02253564310554413,0.9726291232628335,0.9116445579088837
RipVIS-079_00102.jpg,0.8545244052694718,0.7442849824990295,0.8533983723608004,0.7891849096828644,0.9289870934781589,0.8136747009679508,0.030574746430901845,0.9680414496517273,0.8905621906503314
RipVIS-079_00108.jpg,0.8744714671843492,0.7780923939692801,0.8751990578311006,0.8274770282358711,0.9287623891396197,0.8459274011545497,0.01906976743890391,0.9735536024294992,0.9097333621048551
RipVIS-079_00114.jpg,0.8714289602109322,0.7726352091017752,0.871736277305789,0.8394575894765277,0.9065965828704385,0.8520779001255675,0.01713227349635248,0.9729589843739442,0.9144133205851822
RipVIS-079_00120.jpg,0.8506177121787665,0.737818528010414,0.8491318467586192,0.7990321292154021,0.9059343899646577,0.818345443510258,0.00782865583340788,0.9668315972211732,0.8940291804226133
RipVIS-079_00126.jpg,0.830486928413381,0.7020444459732527,0.8249425538024817,0.7553646075173678,0.9086388575285935,0.7817381958157322,0.00918246445361634,0.9625531684017333,0.8726598822334121
RipVIS-079_00132.jpg,0.821381985694867,0.6927387986527751,0.8184828033765343,0.7013286639659918,0.9826266412455896,0.7439213566801703,0.006363259094430314,0.9550857204850748,0.8496180866714445
RipVIS-079_00138.jpg,0.8438929507217361,0.7303621383350806,0.8441725834776068,0.7419686375824006,0.9790311809628702,0.7797293604180202,0.015410479123646612,0.9618261718739564,0.8696977028741051
RipVIS-079_00144.jpg,0.8496196164138541,0.7395765014464882,0.8502948859466858,0.7731713886853167,0.9445092584188928,0.8022787215985608,0.011675824174220353,0.9638085937489542,0.8831036041117872
RipVIS-079_00150.jpg,0.8384311132045299,0.7201164133397825,0.8372879972020063,0.7673179248356559,0.9212993002293811,0.7938540883575865,0.012717079172334599,0.9610774739572905,0.8787395793991899
RipVIS-079_00156.jpg,0.8376432332997311,0.7190664973463077,0.8365778734636709,0.7466553032679404,0.9511255863398357,0.7802003555453992,0.01690921690687329,0.9606315104156243,0.870334766321314
RipVIS-079_00162.jpg,0.833920033753817,0.7127963692067839,0.8323188699155034,0.7447188767892645,0.9432746331568256,0.7774488892026498,0.019795030181132243,0.959556206596181,0.8688711567129124
RipVIS-079_00168.jpg,0.8242688801331088,0.7000643896728858,0.8235739704042471,0.7123479012116614,0.9759605425304468,0.7530273162489439,0.018686375677215677,0.9540049913184093,0.8546171798982909
RipVIS-079_00174.jpg,0.813999421847308,0.6827082688526382,0.8114398455035177,0.6884611019641345,0.9879083969365099,0.7328907587898265,0.013536379016703837,0.9510525173600791,0.8434696134654147
RipVIS-079_00180.jpg,0.7701981015698753,0.6113368884971728,0.7587946293060309,0.6221536268098955,0.972347179002645,0.6704462442893254,0.009710124231085231,0.9361805555545397,0.8093747864979164
RipVIS-079_00186.jpg,0.7651343413136196,0.6036141750723382,0.7528172105925784,0.6228398840272644,0.9513495741063492,0.669045379069354,0.00962763698008953,0.9340234374989865,0.8083569577412679
RipVIS-079_00192.jpg,0.7660175305819894,0.6037306581830755,0.7529077967082873,0.6336419365154815,0.927480838007895,0.676507333538078,0.006954300311246906,0.9353645833323184,0.8122627481726719
RipVIS-079_00198.jpg,0.7813430825875962,0.6285591877494674,0.7719205939553031,0.652222081088303,0.9454298105545454,0.6953522313502453,0.003159103962785884,0.9407335069434237,0.8226906688481644
RipVIS-079_00204.jpg,0.7888055127576445,0.6381983791103909,0.7791466372429923,0.6609129666166987,0.9488995051937714,0.703622170772131,0.009965337953500094,0.9452625868045299,0.8274118636183301
RipVIS-079_00210.jpg,0.818814076465067,0.6894634598885931,0.8161922128035345,0.7035489215605228,0.9717814852933543,0.7446571979275455,0.014961185601275767,0.953514539929521,0.8500183659479636
RipVIS-079_00216.jpg,0.852582944875879,0.7446288756596882,0.8536243851611423,0.787011138504932,0.9325567256875473,0.8123686683181003,0.04231227651336229,0.9646093749989533,0.8892108884618954
RipVIS-079_00222.jpg,0.8368842840579567,0.7185786539838197,0.8362476192964341,0.7573315191231205,0.9335234167569381,0.7870405027956195,0.022356580424303066,0.9597905815961808,0.8744368538797188
RipVIS-079_00228.jpg,0.8409846252336017,0.7259219531301391,0.8411990493702268,0.7314360957138507,0.9897216185774049,0.7717146376758058,0.015624999997820173,0.9606304253461798,0.8650865749425585
RipVIS-079_00234.jpg,0.8002436207079842,0.6579007825353012,0.7936551927181356,0.6682734379509051,0.9769512052006168,0.713351590268296,0.036863178235970843,0.9482953559017488,0.8327587220545954
RipVIS-079_00240.jpg,0.8307023446030477,0.7090127230553922,0.8297336976963064,0.7131403217468332,0.991902750155402,0.7556114367928517,0.00867768594921795,0.9573404947906279,0.8560735097746243
RipVIS-079_00246.jpg,0.810708451608679,0.6771111423304966,0.807473190345143,0.6916745010463986,0.9698421163753199,0.733765867934325,0.014780902548753316,0.9501302083323023,0.8439216396683292
RipVIS-079_00252.jpg,0.8133593342716339,0.6797404207176365,0.809339838862996,0.72311296239714,0.9189149227600183,0.755300789953413,0.027796795833520908,0.9523415798600777,0.8563677608930564
RipVIS-079_00258.jpg,0.8170313837367956,0.6861831811019528,0.8138892485613799,0.7320661837154809,0.9163046541598269,0.7627384644756492,0.016847826084667415,0.9532118055545212,0.8606017573709176
RipVIS-079_00264.jpg,0.8573147643330605,0.7523857118999835,0.8586987519822068,0.8242420028953427,0.8961620589873566,0.8376874569445181,0.024556616640578906,0.9661295572906183,0.9053078383415469
RipVIS-079_00270.jpg,0.7249636253259313,0.5449166280653953,0.7054317600914958,0.7556765263131028,0.6614519642936154,0.7347435212855319,0.02056289488563321,0.9147113715267853,0.8476194066698105
RipVIS-079_00276.jpg,0.7431077148027638,0.5698242611367227,0.7259720406207867,0.7503817604198109,0.7031003718556086,0.7404235089359096,0.02451433857255847,0.9247276475684411,0.8509129367675395
RipVIS-079_00282.jpg,0.7461064008189551,0.5764442579346674,0.731322094052192,0.7476356121319512,0.7157053000331057,0.7410236403920937,0.007361142091527867,0.924431423610108,0.8501332876254217
RipVIS-079_00288.jpg,0.7917309253183313,0.6440851701519597,0.7835180097055776,0.7437146961770357,0.8278227528295417,0.7591406665300212,0.022891418775506007,0.9453700086795298,0.8600001401569053
RipVIS-079_00294.jpg,0.8242229917687793,0.6962124170192694,0.8209023941031086,0.8162087443490543,0.8256503382137772,0.8180797486734644,0.01983921161568475,0.956946614582295,0.8962540800823067
RipVIS-079_00300.jpg,0.8136843923425024,0.6791998628626426,0.8089565487514582,0.7749602455779063,0.8460724332174755,0.7882100186645586,0.02130997515736567,0.9532942708322989,0.8771692159882452
RipVIS-079_00306.jpg,0.8053712169347677,0.6605783495824065,0.7956003397834558,0.8252613028598965,0.7679975117271957,0.8131354257726897,0.015097564447358273,0.9545703124989642,0.8976737448202472
RipVIS-079_00312.jpg,0.8266024245104877,0.6983462139054312,0.8223838086576581,0.8084461338697531,0.8368104871133852,0.8139641254265892,0.014919011080574167,0.9591297743045148,0.893774397826206
RipVIS-079_00318.jpg,0.8474095711439644,0.7329782325988091,0.8459174140919475,0.7996083491110111,0.8979201775566411,0.8175099169223861,0.015410716808226959,0.9654589843739524,0.8936895816425072
RipVIS-079_00324.jpg,0.8290078363566202,0.7004496160522999,0.8238404824700862,0.7729637819785836,0.8818865084235434,0.7925413032998817,0.026161479472836945,0.9613964843739569,0.8796376920339282
RipVIS-079_00330.jpg,0.8499500185876845,0.737120949239257,0.8486696905728605,0.7737739871999487,0.9396178783625558,0.8020879187671407,0.005968367650556794,0.9662966579850626,0.8834279557273148
RipVIS-079_00336.jpg,0.8422451531989235,0.723795426441125,0.8397695171235514,0.7647534500922862,0.931103128911898,0.7930920082571513,0.0065957127856999375,0.9643652343739536,0.8784413278534556
RipVIS-079_00342.jpg,0.8561582514077635,0.7490984663598652,0.8565537970184729,0.7690030863612146,0.9666009497056878,0.8017841065751343,0.018634444603488943,0.9668576388878398,0.8825395599517993
RipVIS-079_00348.jpg,0.8417612674501894,0.7243446725940959,0.8401390790443248,0.7583559130495932,0.9416939141341453,0.7890810875782611,0.017743464713836723,0.963132595485066,0.8757395853467855
RipVIS-079_00354.jpg,0.8323665467556358,0.7082686819093278,0.8292239849737192,0.7198078290011537,0.9778670692072785,0.7599162261755248,0.02560942207263634,0.9606260850684021,0.8586564310506923
RipVIS-079_00360.jpg,0.8434276902551436,0.72968884881911,0.84372267222198,0.7639648718625911,0.9420751553314719,0.7939873849131008,0.00976738208330968,0.9616059027767344,0.8782960146153362
RipVIS-079_00366.jpg,0.830212768288275,0.7087463087981408,0.829551238997722,0.7222826410767961,0.9742386640981601,0.7616795046824849,0.009243805365355783,0.9567632378461841,0.8595130780236164
RipVIS-079_00372.jpg,0.856003715832437,0.7541577627001753,0.859851694911751,0.8288833902766672,0.8932238540577033,0.8409991153334236,0.03052135184300218,0.9626757812489555,0.9065013203399375
RipVIS-079_00378.jpg,0.8473852237608875,0.7407225277337844,0.8510518085821729,0.7995379819170046,0.9096607920445219,0.8193765974269551,0.01679803591978317,0.9593804253461812,0.8930284005580611
RipVIS-079_00384.jpg,0.7882508852523977,0.648425719551305,0.7867211872037569,0.6923792417686035,0.9108285092157868,0.727264029151203,0.008419615427418408,0.9364995659712061,0.8392894889799345
RipVIS-079_00390.jpg,0.7731566413875033,0.6211331462195285,0.7662950420426685,0.7675157779142083,0.7650781831661899,0.7670270171450858,0.014491162584862096,0.9333550347212095,0.8641989039311169
RipVIS-079_00396.jpg,0.7808855513161713,0.632958542709592,0.7752291636985646,0.7913908064871994,0.75971441064582,0.7848459546945731,0.01489028212999437,0.9365961371517615,0.8756323517152423
RipVIS-079_00402.jpg,0.8334332861516993,0.7163642468367187,0.8347461771672151,0.7798566848606838,0.8979473734894831,0.8009228483165839,0.01613306653124899,0.9560026041656293,0.8825645060221623
RipVIS-079_00408.jpg,0.8246633546480204,0.6984801304811796,0.8224766577437679,0.8355520473882243,0.8098041912289209,0.8302723186745395,0.020395074394510635,0.9558713107628517,0.904097911516548
RipVIS-079_00414.jpg,0.8480340115464415,0.7392375823862756,0.8500708469880508,0.815829639365322,0.8873122533056017,0.829189681605817,0.014604918235600435,0.9615375434017345,0.8999228454727881
RipVIS-079_00420.jpg,0.8379732091295626,0.7211719520524765,0.8380010506126221,0.8235600307123171,0.8529575522898344,0.8292762982655423,0.016854660959826958,0.9595106336795144,0.9014382742036497
RipVIS-079_00426.jpg,0.8437324150204186,0.7311066404354831,0.844669673558139,0.8270193901997647,0.8630897725591266,0.8339902402402403,0.019778481010050305,0.9609874131934018,0.9038587881990634
RipVIS-079_00432.jpg,0.8392529908553972,0.7240193262279668,0.8399201971964784,0.8001807067032407,0.8838131372081725,0.8156165474669366,0.021342281876329895,0.9593413628461812,0.892000828356294
RipVIS-079_00438.jpg,0.8426521675277789,0.7291972332789681,0.8433939393902883,0.8067580438046564,0.883515486817981,0.8210237089854779,0.034600656450410196,0.9607465277767353,0.8953607164656487
RipVIS-079_00444.jpg,0.8530926256505555,0.7469657768233854,0.8551578820068689,0.8039978240859647,0.9132712348896683,0.8237092786866701,0.02354999326826134,0.9636013454850655,0.8961098768947682
RipVIS-079_00450.jpg,0.7866815904842082,0.636899962089411,0.7781782354939321,0.7187210776366013,0.848359940871133,0.7413792826805854,0.004108136760653573,0.9428342013878659,0.8489459606780834
RipVIS-079_00456.jpg,0.835429406670162,0.7208838086854926,0.8378064864659793,0.7342152903444212,0.9754310663714995,0.7724177537123637,0.017892382578885358,0.9556987847211852,0.8654006604161779
RipVIS-079_00462.jpg,0.845619572264779,0.7379021692611124,0.8491872354067426,0.7517368306388043,0.9756664600035041,0.7879039098116364,0.018176848432666825,0.9587554253461819,0.8741558558219177
RipVIS-079_00468.jpg,0.8479121386106255,0.7420968592974233,0.8519582081064152,0.7615849327250238,0.9666675593318634,0.7953315246210592,0.03212585932943868,0.959164496526737,0.878397067785256
RipVIS-079_00474.jpg,0.8122631671535918,0.6866295524480662,0.8142031561719698,0.7644248081717651,0.8709160769022469,0.7835874399989778,0.0232978964008937,0.9453352864573076,0.8716867451781045
RipVIS-079_00480.jpg,0.8218114333475748,0.6994208200929896,0.8231284586177053,0.716028098352933,0.9679031977904395,0.7553401658928329,0.027630180655203215,0.950614149304524,0.8557444092291261
RipVIS-079_00486.jpg,0.8179909315043445,0.6932424713877241,0.8188342580605908,0.7139119323319479,0.9599105486985936,0.7524799042243886,0.01787345074783125,0.9493001302073033,0.8541059911753159
RipVIS-079_00492.jpg,0.793501480308547,0.6540654405973028,0.7908579969618517,0.6964855371715291,0.9148134752881028,0.7313963148785755,0.00978353919410743,0.9404839409712017,0.8419939090650783
RipVIS-079_00498.jpg,0.8135229343353475,0.6805610672928606,0.8099212584867809,0.7739222475608094,0.8494326368799583,0.7879308846919818,0.03730064583665472,0.9519618055545226,0.8765081686426581
RipVIS-079_00504.jpg,0.8196993174142957,0.6966172191764902,0.821183719347864,0.7186736146504158,0.9578026973969429,0.7564450714658305,0.008298256162561845,0.9494259982628587,0.8562857541126436
RipVIS-079_00510.jpg,0.8343263754317082,0.7191161426671273,0.8366114712313185,0.7602855288718704,0.9299724828818002,0.78908139562729,0.024432166970603783,0.9553103298600745,0.8750719389253465
RipVIS-079_00516.jpg,0.8279368387580597,0.7063635848899793,0.8279168532953934,0.7522591439690671,0.9204946833443648,0.7807999499346804,0.027572121518053085,0.9549782986100749,0.8706657525960624
RipVIS-079_00522.jpg,0.8091955194885441,0.6720788058422258,0.8038841273437466,0.7682895035551458,0.8429371545545371,0.7821422761791423,0.011451888902007122,0.9516341145823007,0.8735416943191306
RipVIS-079_00528.jpg,0.7934391919458188,0.645573751463965,0.7846184358369086,0.7571579251734646,0.8141457748272329,0.7679081957483078,0.018343815511223292,0.9469737413184169,0.8659427438999446
RipVIS-079_00534.jpg,0.8004249139410491,0.6572589188469803,0.793187970053902,0.7622069526399705,0.8267942319811521,0.7743043302376423,0.013659425001475291,0.9490972222211924,0.8693770992509595
RipVIS-079_00540.jpg,0.7708288360375628,0.6053559832294899,0.7541704015226542,0.7405304397997714,0.7683222658190269,0.7459267867307542,0.013434198511355914,0.9419715711795335,0.8550116013581495
RipVIS-079_00546.jpg,0.8186157686267341,0.6884117647008204,0.8154548305019708,0.771012105733583,0.8653344917383097,0.788194923844193,0.01977364381165947,0.954019097221187,0.8764017375331863
RipVIS-079_00552.jpg,0.7688716449738862,0.6009586893366368,0.7507485275408902,0.7483885432361005,0.7531234429718715,0.749330754250716,0.01783119798998399,0.9422797309017553,0.8580744072499618
RipVIS-079_00558.jpg,0.7935887904485781,0.6404595268393464,0.7808294156129679,0.7907374964041657,0.7711665620853211,0.7867442423860442,0.016764236293671603,0.9513368055545233,0.8809238934726383
RipVIS-079_00564.jpg,0.7920469608189467,0.6367154580584621,0.7780405016932627,0.768440801809337,0.787883083083214,0.772252114216306,0.017318878897763235,0.9518218315961894,0.8714505399944407
RipVIS-079_00570.jpg,0.7807936508179449,0.6154221776891535,0.7619335504846283,0.7592546428937715,0.764631429191052,0.7603239422262811,0.020183223587148122,0.950435112846191,0.8659957052567757
RipVIS-079_00576.jpg,0.7897779474464433,0.6356296926957533,0.7772293392988532,0.6949585734659071,0.8815944860661586,0.7256844412237756,0.013886979236369177,0.948922526040637,0.8406156667188727
RipVIS-079_00582.jpg,0.8074873898723898,0.6650797068457374,0.7988562999252914,0.7013800701329495,0.9277998420170678,0.7373695220479667,0.04359160028333214,0.9544292534711866,0.8466473936076655
RipVIS-079_00588.jpg,0.8214722850942356,0.6858315150717958,0.8136418247497144,0.7429421624503932,0.8992124368764266,0.7696945455254968,0.02966550627672688,0.9607845052072909,0.8660486290964478
RipVIS-079_00594.jpg,0.8084640208858779,0.6669422473018249,0.8001983852546332,0.7056656461266892,0.9239766081769587,0.7406655378384057,0.010164638509639994,0.9545388454850754,0.8485330029537959
RipVIS-079_00600.jpg,0.7787587657068413,0.6145657546358596,0.7612768360424755,0.7141954252612748,0.8150037652512648,0.7323114398824352,0.02923199574418921,0.947708333332305,0.8463840718717646
RipVIS-079_00606.jpg,0.806238346244426,0.6590985754633047,0.794526118231704,0.7521542151475906,0.8419569756942341,0.7685488311861207,0.026613028001452415,0.957233072915628,0.8673582079685458
RipVIS-079_00612.jpg,0.8324080165971579,0.7057538798802139,0.8274979036597885,0.7852276084126472,0.8745781060850945,0.8016066960585555,0.03257229832076525,0.9627224392350665,0.8853788560448554
RipVIS-079_00618.jpg,0.8409764599713153,0.7201407811017944,0.8373044683476728,0.8151747318391066,0.8606692551680375,0.8238847546500195,0.012371756184011503,0.9652289496517305,0.8994521466172334
RipVIS-079_00624.jpg,0.8379658617159267,0.715840489748186,0.8343904856252012,0.768346216670454,0.9128563218914976,0.7934682829455684,0.031198440073316566,0.963736979165621,0.8792243812602714
RipVIS-079_00630.jpg,0.8477452150173377,0.7313008747488648,0.8447992898460751,0.7910480940153962,0.906387738367335,0.8117063436965689,0.02161405690847239,0.967369791665617,0.890358035488226
RipVIS-079_00636.jpg,0.8473998500066543,0.7321953183153136,0.8453957940810358,0.7580763875889394,0.9554497496316675,0.7907462907462908,0.014716703456259498,0.9660731336795073,0.8765741499182955
RipVIS-079_00642.jpg,0.8189903210081468,0.6826707880388603,0.8114133708050019,0.7771432417026993,0.848845390479078,0.7904979473047006,0.012708390268829134,0.9592296006934036,0.8797688879305825
RipVIS-079_00648.jpg,0.8448126888096696,0.7297623385503077,0.843771797184476,0.7990459893356588,0.8938014479728871,0.8163549996557834,0.025018288218724462,0.9637879774295097,0.8929034175832704
RipVIS-079_00654.jpg,0.8473677906650374,0.7344316442380212,0.8468845072999982,0.8082863425115413,0.8893538977739145,0.823295566404592,0.023094688218375476,0.9642306857628427,0.897131653127339
RipVIS-079_00660.jpg,0.7564113004651447,0.5879130297158045,0.7404851760943428,0.8095372101816525,0.6822873231625726,0.7804265448467187,0.017541737234751786,0.9321755642350996,0.8791808243246415
RipVIS-079_00666.jpg,0.7384273865091253,0.5575821900719526,0.7159586102434762,0.7726583565528552,0.6670115131655576,0.748933878464785,0.014788312460967405,0.92672743055455,0.8601495967104296
RipVIS-079_00672.jpg,0.7458433649698839,0.5687251995706141,0.7250794463253137,0.7989997461686801,0.6636785307065041,0.7676938473933889,0.014146219327222556,0.9300661892351019,0.8730839177731524
RipVIS-079_00678.jpg,0.7928737578886029,0.6427784563916429,0.7825503845521611,0.791972521529487,0.7733498029882216,0.7881765703710374,0.020281617359477894,0.9482769097211933,0.8805318818595164
RipVIS-079_00684.jpg,0.8077672603741104,0.6664892950993295,0.79987227887906,0.7866411755397317,0.8135560840873279,0.7918807400010786,0.021490371194321744,0.9537543402767429,0.8813211090848007
RipVIS-079_00690.jpg,0.8076151878409416,0.6682691585365123,0.8011526858444723,0.7554046021842965,0.8527990797464264,0.773062217587765,0.011115801321075586,0.9520811631934114,0.8681505301947067
RipVIS-079_00696.jpg,0.7406428705722647,0.5650402694173271,0.7220776109840223,0.7252742846085809,0.7189089926170272,0.723992224727161,0.008866755738021771,0.9244639756934413,0.8404521331684287
RipVIS-079_00702.jpg,0.7837859842463888,0.6303945266624938,0.7733030458007556,0.7392807114910501,0.8106079195789314,0.7525239656507807,0.014569365650519679,0.9432573784711987,0.8566314775710417
RipVIS-079_00708.jpg,0.7824833490320122,0.6289823348115041,0.772239601830042,0.7372106514520561,0.8107634520612959,0.7508338437366852,0.006184458186853393,0.9422515190961998,0.8554304899807551
RipVIS-079_00714.jpg,0.79094195480308,0.6445153104917566,0.78383619341194,0.7588946849855546,0.8104728476865521,0.7686783606981085,0.012186955937834879,0.9437554253461982,0.8656731842845821
RipVIS-079_00720.jpg,0.7982198696985738,0.6529160949508482,0.7900172270634991,0.7448475514761389,0.8410190138556902,0.7622810900753945,0.008830950377231434,0.9489474826378592,0.8620030216762243
RipVIS-079_00726.jpg,0.7916312044035358,0.6434496322854779,0.7830475843554255,0.7156931905494028,0.8643965574927542,0.7411949546141836,0.009794180268304586,0.9457096354156405,0.8489426845935399
RipVIS-079_00732.jpg,0.7652328424543944,0.6019665722832321,0.7515344985323487,0.7241543131781064,0.7810665276986185,0.7348634408461568,0.013552758952861475,0.9354763454850961,0.846271003926895
RipVIS-079_00738.jpg,0.7647186598553091,0.6002723337334769,0.7502127245217393,0.7003477710978474,0.8077228101766828,0.7194765671561806,0.024488209377495695,0.9359754774295399,0.8369091826253352
RipVIS-079_00744.jpg,0.766301722140817,0.6005260862795535,0.7504108698102949,0.6747696344127869,0.8451518390857471,0.7031193385816397,0.017436044016373296,0.9383702256934262,0.8275465907529972
RipVIS-079_00750.jpg,0.7766279220851575,0.6172691941523417,0.7633474951285035,0.6859435770531386,0.8604423780979893,0.7149417969417075,0.009791400594608854,0.9419769965267557,0.8341839322025026
RipVIS-079_00756.jpg,0.7917859062614074,0.6422253922920207,0.7821403752571134,0.7069951357737091,0.8751595023439354,0.7352512562814071,0.015472539724634438,0.9469335937489725,0.8456454483218379
RipVIS-079_00762.jpg,0.823869338074209,0.6955077555601076,0.8204123552715309,0.7532380137350501,0.9007411381248933,0.7787430169517148,0.02436292354741488,0.9569303385406284,0.8703842411994936
RipVIS-079_00768.jpg,0.7839253650271707,0.6270119437962407,0.7707527239575873,0.7254113695432044,0.8221400394396239,0.7428923298472243,0.007478188615499489,0.9461903211795288,0.8515271366744175
RipVIS-079_00774.jpg,0.814280845154747,0.6800926790935379,0.8095894798618717,0.7326033573468653,0.904655856348442,0.761571334593231,0.011764705880743541,0.9535568576378542,0.8602883477640415
RipVIS-079_00780.jpg,0.8190828240245956,0.6900261156998789,0.8165863347195947,0.739403100769462,0.9117613321265629,0.7684567218915461,0.024485402929572797,0.9535069444434098,0.8638783104143877
RipVIS-079_00786.jpg,0.8305187543300696,0.708064746090635,0.8290841991923683,0.7688596991511802,0.8995452508661251,0.7918681528951075,0.012754409767604558,0.9577875434017386,0.877834975263751
RipVIS-079_00792.jpg,0.7895040628959855,0.6417850820655472,0.7818137575694263,0.7372723100481313,0.8320830877419486,0.7544656593629047,0.010354159311642056,0.9435698784711983,0.8568136702330411
RipVIS-079_00798.jpg,0.7083109767119193,0.5206072786560557,0.6847360077299897,0.7435691510027468,0.6345303042597337,0.7188630046001329,0.0096010241082141,0.9065657552073496,0.8379460729896013
RipVIS-079_00804.jpg,0.7412570068650204,0.5700148765214519,0.7261267202567981,0.8070960349088596,0.6599221521776037,0.772633929075543,0.020129003556480316,0.9215939670128889,0.8728074898257308
RipVIS-079_00810.jpg,0.7096760628827994,0.5196182946546292,0.683880019716037,0.7896612722363243,0.6030912665993186,0.7436506863097614,0.006671770752852262,0.9095442708323465,0.8580803190536009
RipVIS-079_00816.jpg,0.7082020029136389,0.5159624440511174,0.6807061033415936,0.7812077572047427,0.6031158130198209,0.7376444697312241,0.00577467857858197,0.9099934895823459,0.8546161742667714
RipVIS-079_00822.jpg,0.7021005175300904,0.5049310476608843,0.6710354583297342,0.7677608577006093,0.5959548284508828,0.7259069503977815,0.007193448427712102,0.908654513887903,0.847936756163638
RipVIS-079_00828.jpg,0.718790185360316,0.5296230791323927,0.6924883474336654,0.7843069728590718,0.6199150448011868,0.7448048181406645,0.010107741862700461,0.916600477429561,0.8594505731757162
RipVIS-079_00834.jpg,0.7240551085238162,0.53597060995363,0.6978917519389393,0.7693123131215973,0.638605595663067,0.739058909546689,0.01360081604742142,0.9202343749990015,0.8550400181038007
RipVIS-079_00840.jpg,0.6985337184007016,0.4972438187893317,0.6642122178756458,0.7616266810832168,0.5888911729014021,0.7194220307896938,0.0076108537384060385,0.9088541666656805,0.8451230982205498
RipVIS-079_00846.jpg,0.7169536482737423,0.5260859939948954,0.6894578628793249,0.7844162036201022,0.6150074764160987,0.7434579179354551,0.012922465207320249,0.9163780381934501,0.8592533353862444
RipVIS-079_00852.jpg,0.7242031267495437,0.5333263555866646,0.6956462381847068,0.7618940816884701,0.6399974879844256,0.7339363648148415,0.013985205731162135,0.9225922309017767,0.8527980142745593
RipVIS-079_00858.jpg,0.7607153431641699,0.5887622978173546,0.7411584459502817,0.6792492371602518,0.8154846371303657,0.7027289078991416,0.017405275134903565,0.9385883246517593,0.8281988319738742
RipVIS-079_00864.jpg,0.7830513838962925,0.6221684398812888,0.7670824121406522,0.741132254988191,0.7949157558420342,0.7512987351197653,0.016930335828902257,0.9486729600684151,0.858259942557797
RipVIS-079_00870.jpg,0.7594649250909946,0.5815114518220273,0.7353869630878483,0.7063844871456976,0.7668729523036365,0.7177065629398607,0.0075757575747140826,0.9424251302073108,0.8394787116311165
RipVIS-079_00876.jpg,0.7477640220337143,0.5605164878779458,0.7183730415308319,0.6941440421883418,0.7443546344679179,0.7036368351753581,0.00963364993085025,0.9399858940962023,0.8322990457540269
RipVIS-079_00882.jpg,0.7451482928972155,0.5567808632497294,0.7152976714879028,0.6993236924159113,0.7320184658429989,0.7056268972203239,0.014484905913837158,0.9386404079850926,0.8338048965513207
RipVIS-079_00888.jpg,0.7327650765852143,0.538166825051908,0.6997509194540672,0.7233128834283082,0.6776755931564586,0.7137002179237306,0.01331926677920094,0.9330316840267654,0.8408535663958145
RipVIS-079_00894.jpg,0.7367856995580919,0.5449418373206498,0.7054528839295692,0.7405952113577944,0.6734945797383289,0.7261263388783041,0.009706190974592577,0.9342491319434307,0.8489412244433261
RipVIS-079_00900.jpg,0.7459566514548472,0.5589783689162863,0.7171085629685245,0.7410170883076819,0.6946946080062475,0.731264888427944,0.011384145493352194,0.9381890190962042,0.8512581513314319
RipVIS-079_00906.jpg,0.7340816647600046,0.5404713804673366,0.7016961007135003,0.7413557756376933,0.6660642329512854,0.7249658262225782,0.01750275633716886,0.9333593749989872,0.8487071659361192
RipVIS-079_00912.jpg,0.7783032022424021,0.618394278969195,0.7642071984622552,0.746300926207626,0.7829938576929691,0.7533617868215801,0.01186143684972888,0.943835720485087,0.8587864005085986
RipVIS-079_00918.jpg,0.8000117300203509,0.6530738072702698,0.7901326660649161,0.7801583083864276,0.8003653719160949,0.7841176790289118,0.015496688739669312,0.9517664930545228,0.8772638839311404
RipVIS-079_00924.jpg,0.8068009431261671,0.6641947725725589,0.798217592698994,0.7819533443323731,0.8151727893193912,0.7883788551889649,0.009819532907401866,0.9540093315961871,0.8793065734781047
RipVIS-079_00930.jpg,0.8062198434520382,0.6592843801318716,0.7946611057466533,0.7892567518749755,0.8001399813970966,0.7914096483886633,0.02010424422634337,0.9570486111100727,0.8830269385520335
RipVIS-079_00936.jpg,0.786923033049308,0.624579886803443,0.7689124947033282,0.7827439084187255,0.755561407196592,0.7771520567179185,0.017384494907222475,0.9532150607628546,0.8773911094180229
RipVIS-079_00942.jpg,0.810885044470403,0.6653477001026318,0.7990495919400229,0.8015642726153944,0.7965506401067053,0.8005565033980699,0.015058823527049596,0.9598969184017362,0.8894751313621011
RipVIS-079_00948.jpg,0.8052370219646072,0.6565563240179456,0.7926761251624463,0.8140232593570507,0.772420004339875,0.8053479029545793,0.0163960024958782,0.9576486545128498,0.8937672668460164
RipVIS-079_00954.jpg,0.8319341944164285,0.7030666139632162,0.8256478145938235,0.8534061668536199,0.7996383437287411,0.8420818208616732,0.01001094947442344,0.9641308593739538,0.9148869741868582
RipVIS-079_00960.jpg,0.8462883960926859,0.7290663929720319,0.8433064177701877,0.8426510139091038,0.8439628419467624,0.8429130531738385,0.013929282104097768,0.9667730034711732,0.9120788472225372
RipVIS-079_00966.jpg,0.8390896065589282,0.7170567517331137,0.8352161348299657,0.8451565407573961,0.8255068410983172,0.8411521193150133,0.024089219327272978,0.9646093749989533,0.9119737289735363
RipVIS-079_00972.jpg,0.8281854665254387,0.6979734222077526,0.8221252618904105,0.826673893692776,0.817626412299671,0.8248484143456867,0.03253349035293192,0.9620464409711783,0.9023940091373899
RipVIS-079_00978.jpg,0.8116974357322574,0.6711719095727163,0.8032350301344173,0.7939094857597737,0.8127822608580455,0.797613597623338,0.010222657889620129,0.9564680989572955,0.8854318265588037
RipVIS-079_00984.jpg,0.8344540650465062,0.7104115051201615,0.830690746634393,0.818008049248211,0.843772911910792,0.8230343702523939,0.02054292002633266,0.9623318142350669,0.8993598817522079
RipVIS-079_00990.jpg,0.7965551989995857,0.6477820005797128,0.7862472103127889,0.7872322522061461,0.7852646304426649,0.7868379394190856,0.012704865962049946,0.9503233506934132,0.8794841689138677
RipVIS-079_00996.jpg,0.7787455491229874,0.618139803577107,0.7640128525491173,0.7327984915261421,0.7980047459848129,0.7449730818683733,0.007915909679740993,0.9447732204850859,0.853512552269894
RipVIS-079_01002.jpg,0.7651828049767901,0.5937203025765483,0.7450746553415777,0.69459762344622,0.8034630342105449,0.7139448481147358,0.015022951729722777,0.9420138888878667,0.8354947117086653
RipVIS-079_01008.jpg,0.7326670291047106,0.5395340667022408,0.7009056549920326,0.6493428702243637,0.7613637537232485,0.6690299990742707,0.02257799671283826,0.9317350260406556,0.8103751312985731
RipVIS-079_01014.jpg,0.7281919685731054,0.5312575997602619,0.6938840334159806,0.6351957423880732,0.7645212263819741,0.6574380263270693,0.01166781056806207,0.9309830729156565,0.803859625486482
RipVIS-079_01020.jpg,0.7159117919527167,0.5051403561211555,0.6712202673549129,0.5722872762570586,0.811508061956225,0.6081415338775681,0.020986687545655962,0.9317881944434334,0.7769370081189417
RipVIS-079_01026.jpg,0.746118929454137,0.5649821032855734,0.722030114081729,0.6644949507549679,0.790473067628596,0.6863724602044778,0.005296905491316294,0.9335351562489871,0.8190989828985852
RipVIS-079_01032.jpg,0.7364448981004161,0.5515775052862597,0.710989303991612,0.6791962786912037,0.7459049470738861,0.691566072455043,0.015103338630749424,0.9282562934017705,0.8223226151555246
RipVIS-079_01038.jpg,0.7357706606083743,0.5472427837751214,0.707378039844403,0.6737098208776732,0.7445883690824362,0.6867850526443051,0.011870218938028195,0.9306445312489902,0.8204339499040619
RipVIS-079_01044.jpg,0.7376176782497723,0.5488343104745459,0.7087062919033464,0.6517888648806552,0.7765154622182705,0.673422349953405,0.011571582345052263,0.9324490017350994,0.8123634190043139
RipVIS-079_01050.jpg,0.7477955505076996,0.565939407224603,0.722811373944088,0.6689503831574991,0.7861051605552849,0.6895019457331897,0.017062517060188027,0.9355620659712071,0.8214033285956908
RipVIS-079_01056.jpg,0.7515486023744316,0.5722094635700654,0.7279048712386343,0.6555788128627882,0.8181684658796445,0.6827130988960965,0.020105518320247324,0.9367361111100947,0.8169925495545473
RipVIS-079_01062.jpg,0.725318097028564,0.5300443598569147,0.6928483562482892,0.6030776824191326,0.8140184606039563,0.6360418391352752,0.012539598731185375,0.927119140623994,0.7906667906955005
RipVIS-079_01068.jpg,0.726970350129649,0.5307680671867494,0.6934663435489566,0.6143418123557495,0.7959858272393815,0.6437212585438128,0.01803208859604826,0.9293153211795472,0.7953915541601312
RipVIS-079_01074.jpg,0.7125943059855101,0.5080810905242357,0.673811366930697,0.5952141119770433,0.7763239409457572,0.6243449965467359,0.013513513511630883,0.9236447482628867,0.7845105983667512
RipVIS-079_01080.jpg,0.710044737386706,0.5027273691994572,0.6690865948189569,0.577097376751587,0.7959629451144695,0.6106811185421619,0.009330176854291857,0.923733723957331,0.7771424990380744
RipVIS-079_01086.jpg,0.7188835455445599,0.516890750863998,0.6815134848301829,0.5878122727113255,0.810752930558941,0.6220209064054404,0.011881464913072202,0.9270518663184385,0.7834022895322919
RipVIS-079_01092.jpg,0.6777857777376313,0.45071183509974666,0.6213664549979452,0.5282128808044118,0.7544115485835068,0.5619088194829186,0.010774410772959675,0.9117491319434551,0.7504473339743638
RipVIS-079_01098.jpg,0.761897118432412,0.5836815123048193,0.7371198157833583,0.6655975235600079,0.8258636247850961,0.692473643979342,0.008107352528919856,0.9447515190961971,0.823557023900433
RipVIS-079_01104.jpg,0.7213862124456952,0.519674345530549,0.6839285627989201,0.6110665112813581,0.7765187248987899,0.6382654514896978,0.010894729673036261,0.9290049913184364,0.7928910753247178
RipVIS-079_01110.jpg,0.6865524609958786,0.46451993523814916,0.6343647826994071,0.5274579756615039,0.795624383127372,0.5655841769402961,0.014616657471784795,0.9153016493045624,0.7527648441225732
RipVIS-079_01116.jpg,0.7257743303975888,0.5290067631010664,0.6919613122288059,0.6309697949493078,0.7660058363456741,0.6540290159373077,0.008143322474464804,0.9287413194434367,0.801484631536103
RipVIS-079_01122.jpg,0.7486499527091166,0.5696804750419222,0.7258553369299029,0.6306945803120275,0.8548349456800023,0.6655990035878765,0.015524273119915237,0.9339485677073199,0.8067276321703225
RipVIS-079_01128.jpg,0.6771773327321299,0.4548586082145987,0.6252959643587644,0.5522553362824727,0.7206019079885136,0.5793235794974456,0.0044098573275733,0.9072721354156822,0.7586844137657758
RipVIS-079_01134.jpg,0.6684996994687653,0.4338491309087859,0.6051531106816079,0.5146623773378598,0.734253557499778,0.547404528963703,0.004266818375157614,0.9098415798601238,0.7428898301717015
RipVIS-079_01140.jpg,0.6891968393947536,0.47394339695785304,0.6430957904300111,0.5727020415798546,0.7332195733928912,0.5989255793131382,0.006232595145705795,0.9120236545128992,0.7696153410101607
RipVIS-079_01146.jpg,0.7679244940460356,0.6020383262714273,0.7515904162824956,0.6938647211066675,0.819792613433999,0.7158572074724562,0.022943781024695586,0.9398350694434247,0.8354181899863882
RipVIS-079_01152.jpg,0.7909497287551532,0.6393345395256842,0.7799927642720998,0.7373543214302272,0.8278651073636067,0.7538377920944404,0.026552344070453277,0.9478721788184159,0.8576941138199298
RipVIS-079_01158.jpg,0.7981082692358761,0.6520755562143342,0.7894016151519602,0.7613165854485116,0.8196381313386172,0.7723073277188465,0.01807391421390964,0.9494346788184143,0.8687488242655549
RipVIS-079_01164.jpg,0.710675249410502,0.5124301480383379,0.677624879010741,0.6245307021578042,0.7405853891794931,0.6447376429022162,0.007254825753691563,0.916877170137894,0.794476421315614
RipVIS-079_01170.jpg,0.7487807221141435,0.5767899458596248,0.7316002329595956,0.7797746175550019,0.6890319214989603,0.759763077355142,0.006402048654824578,0.9284928385406592,0.8647545612439949
RipVIS-079_01176.jpg,0.787621005360471,0.6365488452890217,0.7779160971838935,0.7733314871159882,0.7825553901323886,0.7751588312242582,0.011679015444973124,0.9446375868045306,0.871263435010011
RipVIS-079_01182.jpg,0.7845000694246271,0.6321289644252173,0.7746066373472301,0.7751259088576661,0.7740880611039903,0.7749181167364922,0.010920634919248173,0.9430490451378656,0.8712195016200223
RipVIS-079_01188.jpg,0.79541157772041,0.6492060739987487,0.7872952740522605,0.7724049610151323,0.8027709788576388,0.7782929811859339,0.021015761818534855,0.9473101128461943,0.8724931245654135
RipVIS-079_01194.jpg,0.7938268047393484,0.6467488966472107,0.7854857506982331,0.7734900194215095,0.7978594166972781,0.7782440747512874,0.008432797092834354,0.9466742621517505,0.8725908211979183
RipVIS-079_01200.jpg,0.7658946660381174,0.6004416856466066,0.7503449716807614,0.7407904010387913,0.7601492287136506,0.7445828805028621,0.008882121557050865,0.9377680121517602,0.8535092241684765
RipVIS-079_01206.jpg,0.7808477177500852,0.6267169665269138,0.7705298210111768,0.7511946268643949,0.7908866586962056,0.7588110794147419,0.01206140350730246,0.941378038193423,0.8606238664358336
RipVIS-079_01212.jpg,0.7925423594144757,0.644369319037242,0.7837282191746466,0.7552592892925495,0.8144274482219471,0.7663950096963191,0.01955990219797196,0.9464659288184174,0.8649503391347235
RipVIS-079_01218.jpg,0.7818591768316154,0.6263868237402322,0.7702802489505156,0.7252801827542729,0.8212337625745447,0.7426341714777762,0.010298919868086044,0.943289930554532,0.8507305425082899
RipVIS-079_01224.jpg,0.7986591371788643,0.6545875320067717,0.7912395317192474,0.74690407601779,0.8411705479756757,0.764028370043456,0.02251155998752597,0.9483376736100821,0.8628144973612277
RipVIS-079_01230.jpg,0.7614584460514917,0.5957050670292777,0.7466355523183255,0.7217344199676455,0.7733163539271505,0.7314928626448367,0.009520492278007605,0.934262152776764,0.8444701205652829
RipVIS-079_01236.jpg,0.7352333846572603,0.5534468879766014,0.7125404701765866,0.6784984012893973,0.7501789424001836,0.6917172926908577,0.007239607659126622,0.9247580295128854,0.8212477288256417
RipVIS-079_01242.jpg,0.771785782742406,0.61205628353848,0.7593485286940604,0.7004770293178132,0.8290237174857333,0.7228951521694014,0.011592356686421355,0.938193359373982,0.8385570197496429
RipVIS-079_01248.jpg,0.784750501738694,0.635611705139273,0.7772158919407469,0.6926079371951401,0.8853715644836251,0.724139975013147,0.014650164181024227,0.9407248263878681,0.83843618461184
RipVIS-079_01254.jpg,0.760264331783415,0.5940837036506328,0.7453607389500484,0.6678198370102978,0.8432736755807143,0.6968161329621959,0.006557798636163328,0.933593749998987,0.823340085988784
RipVIS-079_01260.jpg,0.6965132450579254,0.4840232655945347,0.6523122336638348,0.6226280569985945,0.6849685308672914,0.6341715225646141,0.004028704519195681,0.916159939235117,0.7906132471895154
RipVIS-079_01266.jpg,0.7895764458417387,0.6421881856033198,0.782112782485264,0.6942513230206921,0.8954352086334743,0.72691559686284,0.014645137061629097,0.9433713107628653,0.8401736783704077
RipVIS-079_01272.jpg,0.7671382619348648,0.6073840086617627,0.7557422562234446,0.6841401580966133,0.8440840829937075,0.7110887347858708,0.0132158590292635,0.934320746526764,0.8310490347596136
RipVIS-079_01278.jpg,0.7738588159717927,0.6167621392966917,0.7629596516467038,0.6749864510504094,0.8773011974710406,0.7076235139476246,0.006361481850272984,0.9378602430545379,0.8292836410098036
RipVIS-079_01284.jpg,0.7003122702659257,0.49216876154703215,0.6596690323911721,0.6450953444369946,0.6749164240206791,0.6508468583392841,0.005233597140000817,0.9159157986101173,0.8000843720862566
RipVIS-079_01290.jpg,0.7256582467932995,0.5340509945303374,0.6962623751550601,0.6822595257980285,0.7108520642547034,0.6877925291753693,0.01042202779073314,0.924431423610108,0.820952706415834
RipVIS-079_01296.jpg,0.7295520479341764,0.5364874338726853,0.6983297383962063,0.6897151336869684,0.7071622592834272,0.6931353443306892,0.006020066888826747,0.9289778645823253,0.825534097685174
RipVIS-079_01302.jpg,0.7707221509256452,0.6044855767391537,0.7534945598796453,0.7072795864127142,0.8061713034309843,0.7250681720926818,0.008916825024277616,0.9424989149295329,0.8415760529444675
RipVIS-079_01308.jpg,0.797235055856554,0.6477953270168033,0.7862570264592058,0.7371890168478338,0.8423228447086998,0.7560624792192119,0.004317789291261112,0.9514377170128565,0.8590820519142945
RipVIS-079_01314.jpg,0.8356825875468099,0.7146257100187651,0.8335646734364482,0.7865943642470979,0.8865007430064411,0.8047326282989303,0.013509501185642888,0.9609678819434018,0.8861522982760877
RipVIS-079_01320.jpg,0.7857418925617716,0.629306525288151,0.7724838948605511,0.7342115113747152,0.8149657710338435,0.7490561783041033,0.009994206255794582,0.9473459201378609,0.8555514894296099
RipVIS-079_01326.jpg,0.864524858011916,0.7655174029077816,0.8671876036418394,0.8561362147927865,0.8785280361192183,0.8605227959684468,0.03054032889106651,0.9674121093739503,0.9196692597050491
RipVIS-079_01332.jpg,0.7683842005250681,0.6075427106450657,0.7558650935019628,0.8270954138037637,0.6959308061095576,0.7970508016753465,0.010367935262312816,0.9362141927073174,0.8890514810488167
RipVIS-079_01338.jpg,0.8758381078344015,0.7852929274001892,0.879735661691958,0.8569887724350977,0.9037230088493895,0.8659448957419749,0.029258578426890534,0.9700640190961696,0.9218078486118477
RipVIS-079_01344.jpg,0.8348245488133573,0.7127783821778384,0.8323066073166147,0.8463511241477755,0.8187205968757468,0.8406768211220723,0.0103519668721751,0.9610405815961794,0.9110914677035507
RipVIS-079_01350.jpg,0.7846190754659502,0.6295228993558073,0.7726468889816449,0.7916905497033108,0.7544978766079182,0.7839615352221502,0.013808139533211222,0.945316840276752,0.8787178865196175
RipVIS-079_01356.jpg,0.8299259906141506,0.7049587621515622,0.826951100285785,0.7893425593282156,0.8683226806036383,0.8039678782270617,0.01155292853149477,0.9592816840267369,0.8862573778209434
RipVIS-079_01362.jpg,0.8050521809316729,0.6617125406157809,0.7964223948993849,0.7255492877870889,0.882640484636697,0.7523289934759694,0.00879566982289639,0.9531239149295213,0.8557968974144088
RipVIS-079_01368.jpg,0.7921642357747889,0.6388510185536164,0.7796328175302236,0.6976385948546701,0.8834677419258559,0.7282757901999396,0.011823619416911445,0.9502734374989689,0.8421809645776217
RipVIS-079_01374.jpg,0.787435809135436,0.6306136751952484,0.7734679093988821,0.6932519586140913,0.8746764239978737,0.7232553308707315,0.008896302473047497,0.9491015624989702,0.8395088638657549
RipVIS-079_01380.jpg,0.8468054583677199,0.7347441443490803,0.8470922317190179,0.800672720007469,0.8992253977859044,0.8186163487056928,0.01982411685499715,0.9630740017350661,0.8937656376590571
RipVIS-079_01386.jpg,0.8053056573639861,0.6647262874193101,0.7986012985351258,0.7435118190158155,0.8625076062621337,0.7646096807062309,0.01311706628869999,0.9511284722211901,0.8628756516897361
RipVIS-079_01392.jpg,0.7992572536437099,0.6532299663147948,0.7902469464316642,0.7364955013450062,0.8524619374680507,0.7570940754052125,0.009837962961539645,0.9503971354156354,0.8589868804582917
RipVIS-079_01398.jpg,0.800688519203649,0.6544599479136036,0.7911463178530566,0.7188180351181298,0.8796585554337574,0.7461021341004114,0.011614055983976464,0.9517664930545228,0.8522502937728187
RipVIS-079_01404.jpg,0.8126167284059833,0.6733422953526502,0.8047872778005004,0.7559093057860659,0.8604232420876451,0.7747303021324254,0.006016847171176768,0.9562315538184069,0.8696451817710428
RipVIS-079_01410.jpg,0.7914291362828423,0.6379233424337413,0.7789416340887725,0.7494321995646149,0.8108702356828384,0.7609635404509594,0.007088919709186481,0.9498046874989694,0.8630226322533773
RipVIS-079_01416.jpg,0.8068872689229858,0.6663291948582517,0.7997569710886975,0.8057864553054248,0.793817050713299,0.8033637847074998,0.007512402550317165,0.9524370659711887,0.8889098802345687
RipVIS-079_01422.jpg,0.8341361801506155,0.7152304727102412,0.8339759397815539,0.8120724648507682,0.8570937428299416,0.8206943239255435,0.012164736917460832,0.9579958767350716,0.895928023269458
RipVIS-079_01428.jpg,0.832656721023202,0.7137123457093987,0.8329429936083635,0.7773347225534291,0.8971203833380307,0.7986625906912578,0.015156017828357203,0.956812065971184,0.8815013019097098
RipVIS-079_01434.jpg,0.8717678993391259,0.778534305932957,0.8754785368332438,0.8977938626441834,0.8542456342150548,0.8887325976888463,0.010179994097052229,0.9688357204850598,0.9382516914930763
RipVIS-079_01440.jpg,0.8145756672614011,0.6804183265386747,0.8098201689340062,0.8086865030110415,0.8109570177954438,0.8091395882885085,0.009847668870618914,0.9537782118045206,0.8912837505357414
RipVIS-079_01446.jpg,0.7961514884855485,0.6477218316500267,0.7862028883860801,0.7648072366935458,0.8088300891094098,0.7732242172402217,0.011573297549216151,0.9497059461795251,0.8699722460875778
RipVIS-079_01452.jpg,0.7849947308080361,0.630301474359053,0.773233029930067,0.7568236464936557,0.7903697571671232,0.7633031076116231,0.014007910347065274,0.9453114149295299,0.8643095463141632
RipVIS-079_01458.jpg,0.7843329174651699,0.6293768632677458,0.7725368850586459,0.7493170943823462,0.7972417623028764,0.7584354747816286,0.018249959260510026,0.9449631076378635,0.8610801674719808
RipVIS-079_01464.jpg,0.7858932787407296,0.6318330923801666,0.7743844579822616,0.7490039147390257,0.8015454079895589,0.7589538358470774,0.018926415399098315,0.9455631510406407,0.861288667838134
RipVIS-079_01470.jpg,0.8138519965557025,0.6813159162262211,0.8104555600180853,0.738858915980019,0.8974167155840097,0.7659239838489117,0.013067729081582831,0.9519010416656338,0.8626019599305578
RipVIS-079_01476.jpg,0.8524261033993483,0.746433266238784,0.8548088045142936,0.8466359477988844,0.8631409898501118,0.8498862646608657,0.02222222221911639,0.9629535590267329,0.9133938125265872
RipVIS-079_01482.jpg,0.8479569582102207,0.7391550330584926,0.8500162653798705,0.8772072095562717,0.8244603255189853,0.8661247163112019,0.014411641246059655,0.9614789496517345,0.9253315167488705
RipVIS-079_01488.jpg,0.8519311525599452,0.7466068919510798,0.8549226450344172,0.9031153084566861,0.811612801631212,0.8832006223451376,0.022509378904750677,0.9620366753461783,0.936740711095378
RipVIS-079_01494.jpg,0.8429772232776809,0.7343881785315314,0.8468556089367743,0.8431261668060274,0.8506181909057113,0.8446139949528028,0.008601553827885466,0.9572862413184057,0.909503914358261
RipVIS-079_01500.jpg,0.8584791462677376,0.7607957956893672,0.8641499457823374,0.8737883636352285,0.8547218432556106,0.8699073102699234,0.015452538629214604,0.96152669270729,0.9248014015247985
RipVIS-079_01506.jpg,0.843570142425799,0.7368034950466893,0.8484592495904464,0.858780957027676,0.8383827091422517,0.8546222841488041,0.008092797409213271,0.9563986545128511,0.9156764190251301
RipVIS-079_01512.jpg,0.8626424089023068,0.7693909693156742,0.8696675665901495,0.867701567023614,0.8716424953301164,0.8684868992328929,0.010520636631977253,0.9615516493045122,0.9227672607730597
RipVIS-079_01518.jpg,0.8500412511489344,0.7486600773700971,0.8562671351153014,0.8446023345113854,0.8682586530657047,0.8492299079155319,0.013676371020490673,0.9575629340267388,0.911023461077724
RipVIS-079_01524.jpg,0.8119303471308732,0.6839604088036627,0.8123236214200181,0.7699488258935873,0.8596343360926184,0.7863569238433573,0.009668339247378737,0.9468174913184171,0.8739261693744997
RipVIS-079_01530.jpg,0.8625827129783907,0.7692137175592044,0.8695543222674156,0.878025183811523,0.8612453463693609,0.874617111306818,0.0310808935713777,0.9615907118045122,0.9269398505900461
RipVIS-079_01536.jpg,0.8722374499666727,0.7854322730727442,0.8798230937329351,0.8767768016047636,0.8828906278637504,0.8779927835608992,0.0237938740602348,0.9643825954850647,0.9282310634032798
RipVIS-079_01542.jpg,0.8356178675912747,0.7252549073964116,0.8407510151539246,0.8223475829860482,0.859997009115747,0.8296114207896225,0.01303129947472521,0.9527224392350774,0.8991978967861238
RipVIS-079_01548.jpg,0.7598282255216864,0.6022584323786886,0.7517619133195446,0.7461257246005846,0.7574839010124615,0.7483700280926371,0.01478991596472942,0.9265809461795501,0.8521507947323206
RipVIS-079_01554.jpg,0.7914096977530076,0.654655152994751,0.7912889302763713,0.8003796908794454,0.7824023573022538,0.7967184357896498,0.011307657858116025,0.9367740885406501,0.8805878326595161
RipVIS-079_01560.jpg,0.8055128976082551,0.6753529784259374,0.806221718196316,0.7797036622812433,0.8346070622835459,0.7900987596210002,0.017828599530575605,0.9432649739573098,0.8760715711466743
RipVIS-079_01566.jpg,0.7611527040768584,0.6006271220995564,0.7504897471832273,0.6962369252998757,0.8139121689506043,0.7169687627349882,0.022236260262509633,0.9299316406239909,0.8339235828813036
RipVIS-079_01572.jpg,0.8014765412905207,0.6690343446747633,0.8017023098528686,0.784638282186963,0.8195250420638897,0.7913759759120779,0.013116346852912759,0.9417057291656449,0.877050834894247
RipVIS-079_01578.jpg,0.8155939765885667,0.6932781584422266,0.8188591519777532,0.8193738080042523,0.8183451420596376,0.8191678679867224,0.013174890207546513,0.9455512152767518,0.8936132500590994
RipVIS-079_01584.jpg,0.8090692044385117,0.6819590100404369,0.8109103800621652,0.8015679190693528,0.8204731863471132,0.8052789517008294,0.01819560272704124,0.9438617621517537,0.8852872792480516
RipVIS-079_01590.jpg,0.7577106713571283,0.6118396553949143,0.7591817875271327,0.7037244971743382,0.8241274833371237,0.7249058885114228,0.01544689463987995,0.9163020833323391,0.8345371058629242
RipVIS-079_01596.jpg,0.7598545595000992,0.6045102466595906,0.7535137253477973,0.7638246850748018,0.7434774355424856,0.759666623086107,0.015106075750849041,0.9249294704851075,0.8586173755316642
RipVIS-079_01602.jpg,0.7691020517042573,0.6279003477534301,0.7714235685494614,0.6871880388381024,0.8791953614206051,0.7185738840379257,0.004135649296450945,0.9220952690962216,0.8324259734339811
RipVIS-079_01608.jpg,0.7561369069859587,0.5933209534500695,0.7447601215126588,0.7877484701691275,0.7062208307917629,0.7699710500366616,0.010965498795003276,0.9275227864573269,0.8684710795230103
RipVIS-079_01614.jpg,0.7529351550692251,0.5867630700742382,0.7395723799480486,0.8154274230877568,0.6766290405287851,0.7832917557614635,0.02096408064882306,0.9274414062489936,0.8795341492710427
RipVIS-079_01620.jpg,0.7322401303037384,0.5513737064307729,0.7108199709009015,0.7585774486823864,0.668719637829801,0.7387245340448793,0.011173184356090271,0.9214908854156668,0.8519053181141488
RipVIS-079_01626.jpg,0.7086642201178068,0.5134562920005477,0.6785214673386312,0.7240985130842574,0.63834219490988,0.7051521691813586,0.008906352323653392,0.9127256944434541,0.8321565569740529
RipVIS-079_01632.jpg,0.7051396886493138,0.507274931794439,0.6731020613346481,0.7138104296877421,0.6367863502790156,0.6969501610877337,0.002710726732578969,0.9118109809017884,0.8272381557404029
RipVIS-079_01638.jpg,0.742069023921025,0.5838324280757118,0.7372401495593105,0.6491704460609152,0.8529564843455835,0.6817466566505854,0.0033943508299921986,0.9125379774295653,0.8115441879887978
RipVIS-079_01644.jpg,0.6979087404383496,0.4971841745249386,0.6641590032604997,0.7162246316787984,0.6191501600225723,0.6944485801347904,0.004011387163042004,0.9078678385406815,0.8260104531550262
RipVIS-079_01650.jpg,0.7044026818965361,0.507399135271556,0.6732113922569668,0.724623466997078,0.6286113803287244,0.7031442668480699,0.002560163850158709,0.9104958767351231,0.8311075004937516
RipVIS-079_01656.jpg,0.7473634843579683,0.5907575988891072,0.7427374218443564,0.6650071418795006,0.8410440153450989,0.6940616107880737,0.0058422590061048855,0.9156608072906731,0.8184202611819997
RipVIS-079_01662.jpg,0.7479641482995745,0.5949021323319621,0.7460045607464766,0.6960783730176346,0.8036460337474325,0.7152248787909922,0.008888388837883844,0.9135861545128976,0.8290797619988681
RipVIS-079_01668.jpg,0.7440095836873188,0.5908353790047319,0.7427988927105379,0.7052023463493297,0.7846299747710788,0.7197748222901283,0.02256652071151156,0.9104752604156787,0.8308768020461451
RipVIS-079_01674.jpg,0.7594259555761609,0.5941934939579748,0.7454471445404589,0.8243115508149375,0.6803554578029055,0.7908446604792726,0.0118200134302458,0.9321440972212107,0.8856171586968093
RipVIS-079_01680.jpg,0.8003962176623487,0.665856713895731,0.7994165504649857,0.8218931141057212,0.7781366094031843,0.8127525060432409,0.026165493421946406,0.9424034288184219,0.8919284438428031
RipVIS-079_01686.jpg,0.7473598091385889,0.5919833371393074,0.7437054438057922,0.6720661858755178,0.8324398153497689,0.698999317995594,0.01502381824660757,0.914764539929563,0.8207801132837288
RipVIS-079_01692.jpg,0.7759533756734078,0.6286217906831779,0.7719678003564993,0.7835404645599678,0.7607320103656408,0.7788700101330533,0.021947527746979372,0.9321017795128775,0.8705894383016024
RipVIS-079_01698.jpg,0.7363236776481502,0.5594768045928765,0.7175185971925191,0.8131040363770866,0.6420425054314228,0.7719684115005887,0.007826767543982942,0.921794704860111,0.875011544728586
RipVIS-079_01704.jpg,0.769838961217751,0.6178503785012884,0.7637917408328454,0.805497783899193,0.7261918974099102,0.7882804936615263,0.01533819461713123,0.9305989583323235,0.8781718825153084
RipVIS-079_01710.jpg,0.7689358469178194,0.6171200198607298,0.7632334177816655,0.813263525299074,0.7190020595215629,0.7924845160927865,0.008863003290850468,0.9297276475684356,0.8809178623302494
RipVIS-079_01716.jpg,0.7636033358945884,0.6097012546688899,0.7575334278959773,0.819707511661202,0.704126091753143,0.7936521108081889,0.011203423966364121,0.9269227430545498,0.8819887493314487
RipVIS-079_01722.jpg,0.7223313925799949,0.5374324980339027,0.6991298788352417,0.7883058312531248,0.6280793180452899,0.7500380585616707,0.014234875442963637,0.9162565104156725,0.8612891820909634
RipVIS-079_01728.jpg,0.7621018977476002,0.6049173479703711,0.7538299074844802,0.7603438446941077,0.7474266332344239,0.7577248072909503,0.01038295576990521,0.9281640624989929,0.8584449812947449
RipVIS-079_01734.jpg,0.7105077411874687,0.5324733278593944,0.6949201897081881,0.6249232473264491,0.782575591952066,0.6511588521248236,0.007525870177728011,0.9010970052073556,0.7933731476962513
RipVIS-079_01740.jpg,0.7433397097048745,0.5636838049362304,0.7209690388258748,0.7502969227933212,0.6938476643699236,0.7382840305838773,0.016914959649764902,0.9299631076378798,0.8524490067653681
RipVIS-079_01746.jpg,0.7856504265745019,0.6367638965284725,0.7780766644218262,0.8457602339105891,0.7204234121987636,0.8173212771969482,0.01274238226970327,0.9412760416656453,0.9001367834237002
RipVIS-079_01752.jpg,0.7760007228057063,0.6203265546830279,0.7656809090614177,0.8896889179334607,0.6720133024443103,0.8355588057383784,0.02443848000784878,0.9385362413184261,0.9172201157858244
RipVIS-079_01758.jpg,0.8083184109509836,0.6782076088166591,0.8082523345188241,0.8295469684199962,0.7880236133075162,0.8208958696195012,0.01883313578047766,0.9455013020823074,0.8968419659214464
RipVIS-079_01764.jpg,0.8466438772739255,0.7350710172688286,0.8473094299343461,0.9122290505367803,0.791016044541458,0.8851029290497691,0.02779670254424353,0.9625575086795111,0.9406273796904652
RipVIS-079_01770.jpg,0.889253057395974,0.8095317082672261,0.8947416666629385,0.8838482371365928,0.9059069700651707,0.8881736227266034,0.046853881957222725,0.9725889756933891,0.9349551726207547
RipVIS-079_01776.jpg,0.8290253062370384,0.710686189983898,0.8308785026090465,0.7902001018423284,0.8759723386696002,0.805983944025604,0.014197952216491746,0.9533908420128544,0.8856211734632664
RipVIS-079_01782.jpg,0.8872355465794115,0.8055638533299205,0.8923127828952215,0.9256305996996566,0.8613101623914984,0.9120092959529652,0.04513481828177977,0.9724555121517225,0.952335435298455
RipVIS-079_01788.jpg,0.8726517160296654,0.7814856753718519,0.877341520255257,0.9206490369863841,0.8379253428069616,0.9028229033427498,0.031188258533560786,0.9679633246517274,0.947668784932215
RipVIS-079_01794.jpg,0.8636774661290891,0.7669584797756409,0.8681114905122449,0.9299734840779378,0.8139663135579558,0.9042000132734102,0.041311120135268706,0.9649631076378419,0.9499445473445074
RipVIS-079_01800.jpg,0.8556668739964093,0.7577457663346473,0.8621790259404151,0.8697885646153232,0.8547014799741409,0.8667286871393576,0.02964637064216347,0.9594715711795144,0.9222805997544563
RipVIS-079_01806.jpg,0.8470387731526966,0.7413156847218029,0.851443183135673,0.8861746655089545,0.819331459285682,0.871947513176459,0.02026049203785548,0.9583940972211823,0.9278980719311293
RipVIS-079_01812.jpg,0.8446046947313385,0.7383577141605823,0.8494888113602329,0.8369356943087647,0.8624242284489023,0.8419121562533282,0.016307206731153708,0.9568381076378506,0.9070979623955155
RipVIS-079_01818.jpg,0.8400299418252891,0.7283378502270287,0.8428188390728776,0.8530639937253911,0.8328168492037249,0.8489361873146265,0.019896640824302758,0.9572547743045169,0.9132440555340935
RipVIS-079_01824.jpg,0.8260174331482086,0.7054528276372961,0.8272909296642557,0.8445008159438004,0.8107684670926476,0.8375316475979874,0.013705457262184717,0.9526410590267441,0.9069599532560568
RipVIS-079_01830.jpg,0.8055010844697108,0.6724704871128329,0.8041642495871016,0.821757362120183,0.7873086540160752,0.8146285440238277,0.02306445580064026,0.9454199218739742,0.8933518599976489
RipVIS-079_01836.jpg,0.815206891388367,0.6915569663542678,0.8176573182099183,0.8045488446803096,0.8312000179480433,0.8097414721671182,0.009701673537508892,0.9462282986100844,0.8878749144907694
RipVIS-079_01842.jpg,0.8041798169337062,0.6740737118118992,0.8053094759875651,0.7952902993090855,0.8155843195205947,0.7992679037402145,0.007222824123363088,0.9421484374989777,0.8817226769545183
RipVIS-079_01848.jpg,0.7963653857265436,0.6617777482780483,0.7964696229249542,0.7737818943630735,0.8205279733034573,0.7827000937621752,0.011890317882566085,0.9391710069434254,0.871508363763484
RipVIS-079_01854.jpg,0.815214374565232,0.6911700194228791,0.8173867931489758,0.77923637801846,0.8594651039489147,0.79406106544866,0.009761245217021337,0.9465277777767507,0.8780588810543848
RipVIS-079_01860.jpg,0.8011673051831298,0.6718687849465835,0.8037338707392038,0.8115192493778197,0.7960964520075957,0.8083870686221104,0.020737054150878415,0.9391319444434254,0.8869028144050211
RipVIS-079_01866.jpg,0.807868808078649,0.6814963580187554,0.8105832103278977,0.8031496619249595,0.8181556465542117,0.8061066601994897,0.01155933002930416,0.942352430554533,0.8853799436389451
RipVIS-079_01872.jpg,0.8106051970397117,0.6858032423536855,0.8136219282579863,0.8045768304085475,0.822872709399222,0.8081706285448259,0.008922198428631668,0.9433886718739763,0.8865761824423689
RipVIS-079_01878.jpg,0.8114650583734802,0.686624730799215,0.8141997662679293,0.7883300388990205,0.841824975939661,0.7984781190706283,0.008551245506438066,0.9441059027767533,0.8805433532468298
RipVIS-079_01884.jpg,0.8245681733385843,0.7115242109122135,0.8314509445741152,0.7908612390878558,0.8764324578668309,0.8066120887789806,0.029812606469966828,0.9459320746517513,0.8841228079650516
RipVIS-079_01890.jpg,0.8219894615223373,0.7014771709892474,0.8245507879267109,0.8432328139468278,0.8066786286764323,0.8356593281023844,0.014717174300650476,0.9493457031239699,0.9050095206329132
RipVIS-079_01896.jpg,0.8113385296713087,0.6864945321951003,0.8141082216277045,0.7892174666090042,0.8406201411919222,0.7989888633551352,0.00869784444614927,0.944007161457309,0.8808475954150148
RipVIS-079_01902.jpg,0.828772126034295,0.717118762672029,0.8352581990963885,0.7868991143250303,0.8899503219805707,0.8055548523684599,0.00846387064066904,0.948242187498971,0.8837136564103769
RipVIS-079_01908.jpg,0.8502185656293029,0.7519089738351062,0.8583881754873386,0.8052523211944287,0.9190319600892737,0.8256972098328396,0.02132112491545832,0.9554741753461855,0.8954848304333973
RipVIS-079_01914.jpg,0.8174375708145334,0.694148361765565,0.8194658477751676,0.8267161943318552,0.8123415674815654,0.8238007143621777,0.00618062562989649,0.947754991318416,0.8973691027415744
RipVIS-079_01920.jpg,0.8596984341865413,0.7674057474087471,0.8683979313000044,0.8004395436825095,0.9489664520430063,0.8263052775005606,0.030919661729529643,0.9585557725684043,0.895785514272859
RipVIS-079_01926.jpg,0.8218173005595772,0.7040499957402455,0.8263255156834804,0.7547804324824698,0.912854305254967,0.781858442926197,0.01828153564660727,0.9471766493045278,0.8701938175642725
RipVIS-079_01932.jpg,0.7902182090797717,0.6548483995620281,0.7914300787133615,0.7371786582479621,0.8543009141251737,0.7579615378478851,0.016967379613219334,0.9347938368045412,0.855912260893402
RipVIS-079_01938.jpg,0.805225313166746,0.6785820934808938,0.8085182084526004,0.7506752598973302,0.8760195018641972,0.7727900138030367,0.009103807045506762,0.9404361979156463,0.8646483186076599
RipVIS-079_01944.jpg,0.8294580944896794,0.7113137626768593,0.8313072426463901,0.8485031482934079,0.8147944824110446,0.841540117679378,0.012243428158415144,0.9535937499989653,0.9092322489842585
RipVIS-079_01950.jpg,0.7906375217253513,0.6543579857421757,0.7910718132129287,0.7253835344049282,0.8698417382323308,0.7503047759394467,0.00934005161492687,0.9357996961795402,0.8517680086624467
RipVIS-079_01956.jpg,0.7947910594418895,0.6553524136036172,0.7917980584894894,0.8125475888260426,0.7720818762753822,0.8041186295933489,0.00815184328894612,0.9415407986100894,0.8872661013311616
RipVIS-079_01962.jpg,0.7778061077471506,0.6324000729164394,0.77481015029189,0.6927363145576937,0.8789456477247328,0.7233869947881211,0.005533393384952593,0.9321723090267663,0.836704969385279
RipVIS-079_01968.jpg,0.7876737927145934,0.6472866116181124,0.7858821980982283,0.706236406521541,0.8857755068329836,0.7360756511543813,0.00523834468239414,0.9364507378462061,0.8441113369867526
RipVIS-079_01974.jpg,0.7547220022309531,0.5923425981801573,0.7439888863830292,0.6442314569731373,0.8803010244348658,0.6807422706479065,0.008826583591793018,0.9260134548601063,0.8133427133220015
RipVIS-079_01980.jpg,0.7758620286728939,0.6260549850498962,0.7700292927433637,0.6804293586259961,0.8868050845906864,0.713645001581291,0.02715528604967634,0.9338953993045422,0.8317794283994439
RipVIS-079_01986.jpg,0.6858100220054637,0.47003100459687647,0.6394844777110971,0.4934237731235515,0.9083776383371392,0.5430364118682461,0.0049019607836271765,0.9094889322906798,0.7418768931831701
RipVIS-079_01992.jpg,0.6199410330698649,0.35231847817922807,0.5210584398041982,0.35419556171747174,0.9851809262202055,0.4062319800424908,0.007829418622717072,0.8940440538184743,0.6765800470160499
RipVIS-079_01998.jpg,0.6085456557093653,0.3339574222921917,0.500701771602784,0.3339574222921917,0.9999999999803976,0.38527999903328813,0.0,0.889602864582368,0.6669787111454455
RipVIS-079_02004.jpg,0.8281924325247215,0.712095498157972,0.8318408627604116,0.7124091225292345,0.9993821633148336,0.7558156858283628,0.006815448348681618,0.9510362413184125,0.8561594592746391
RipVIS-079_02010.jpg,0.8216709530867031,0.7011729196868318,0.8243405612357272,0.7028781524629116,0.9965519113723886,0.7468988588451708,0.018032566273982968,0.9490787760406368,0.8511900361137732
RipVIS-079_02016.jpg,0.8301923142385463,0.7175072506469209,0.8355216554418186,0.7455196674897655,0.9502380274162816,0.7790888990006686,0.024255646814135567,0.9501150173600802,0.8687629502022438
RipVIS-079_02022.jpg,0.8705580172346192,0.7858692827002625,0.8800972056723163,0.8297382158804437,0.9369640103130759,0.8491740449200431,0.02655424112426954,0.9615603298600678,0.9091514119089523
RipVIS-079_02028.jpg,0.8800110838050532,0.8012647343947918,0.8896690409741568,0.8387613624703888,0.9471555850228709,0.8584089412453355,0.013679365889327617,0.9646375868045088,0.9145888271903294
RipVIS-079_02034.jpg,0.8779313137295932,0.7993109489690732,0.8884633858611748,0.8412422421689041,0.941301096703353,0.8595152716734356,0.01924070247685425,0.962961154512844,0.9150434087748076
RipVIS-079_02040.jpg,0.8925297676692043,0.8230936922653351,0.9029636773550321,0.8447404517277121,0.9698070422171611,0.8671048695841536,0.026083519954408704,0.9676844618045055,0.9195229454318177
RipVIS-079_02046.jpg,0.8797901830298755,0.8021849464351211,0.8902359860700344,0.8217020014596608,0.9712423724257899,0.8478091182145734,0.02186800157793861,0.9636718749989543,0.9081935746776717
RipVIS-079_02052.jpg,0.8685966292841074,0.7845551980324512,0.8792725480248041,0.804137898303532,0.9698946886377496,0.8325963484857418,0.022034996756703173,0.959605034721181,0.8992748369722825
RipVIS-079_02058.jpg,0.8320822611390981,0.7248745151681218,0.8404953621770788,0.7413402867666437,0.9702700432819745,0.7780558674540795,0.019503546096820725,0.9476616753461939,0.868074745514964
RipVIS-079_02064.jpg,0.8262643162543182,0.7158708657821657,0.8344111203914426,0.7397095701828907,0.9569212662510417,0.7748879559350365,0.024123633619283373,0.945375434026752,0.8660487781319901
RipVIS-079_02070.jpg,0.8077611631842392,0.6862395214868574,0.8139288787179645,0.7200207638247438,0.9360067935844838,0.7548578507686833,0.029534267319256055,0.9387554253462036,0.8543848253548734
RipVIS-079_02076.jpg,0.8029518611121327,0.6770606377823091,0.8074372774947867,0.7150968883320675,0.9271615558015239,0.7493770849957971,0.01766965428711016,0.9380805121517599,0.8513181148773297
RipVIS-079_02082.jpg,0.7901579889377456,0.6560729326959273,0.7923237192554119,0.6924669883979335,0.9258328095463738,0.7292289413029828,0.011674150094717877,0.9338085937489867,0.8400481296652262
RipVIS-079_02088.jpg,0.8098144208196443,0.685419719174707,0.8133519637593107,0.7207255534233576,0.9332977932786235,0.7551236472002928,0.01028913779496104,0.942457682290644,0.8549390238523606
RipVIS-079_02094.jpg,0.805951488662235,0.6785906048235953,0.8085242498958334,0.7125656221372924,0.9343497404142214,0.7480795538251078,0.022234200239558792,0.9415429687489784,0.8510385376413445
RipVIS-079_02100.jpg,0.7801952191733998,0.6345445765640457,0.776417585255354,0.6809275512473302,0.9030581565080057,0.71615913890592,0.009806520009302077,0.9343044704850973,0.8331092530967428
RipVIS-079_02106.jpg,0.7712475297690746,0.618741311607573,0.7644721329723779,0.6475884777822956,0.9328412402131427,0.6897735351972714,0.005872712372866332,0.932149522568433,0.8190184137434865
RipVIS-079_02112.jpg,0.7623144504358165,0.6036348112422782,0.7528332598051598,0.6392399749372615,0.9155220097777699,0.6802995082884397,0.006848395326057688,0.9294791666656581,0.813664431448721
RipVIS-079_02118.jpg,0.7767032192208251,0.6170087089270725,0.7631482817881344,0.719693150494726,0.8121882763382813,0.73646750102317,0.014891179837501262,0.9423090277767553,0.8475070568910443
RipVIS-079_02124.jpg,0.743348235653553,0.561292397166336,0.71900996659569,0.6451286336339997,0.8120019416608147,0.6727810809542643,0.0074371560304273155,0.9319032118045444,0.8109038515017241
RipVIS-079_02130.jpg,0.8142353606818096,0.690254423473736,0.8167461819802911,0.7369679989907626,0.9158933762468516,0.7669330106033309,0.010221691223918533,0.9456933593739738,0.8618356036912405
RipVIS-079_02136.jpg,0.8002941568089059,0.6689992709326692,0.8016771278262086,0.7243873873244056,0.8974299365027782,0.7534431887319697,0.006790744465946838,0.9398990885406469,0.853853374754362
RipVIS-079_02142.jpg,0.8234786189004202,0.7034626163954211,0.8259208151969539,0.865771758733572,0.789577066641615,0.8493786422604354,0.018408697798565764,0.9501736111100801,0.914645216466901
RipVIS-079_02148.jpg,0.8357773783206282,0.7296582254781475,0.8437022005043112,0.8319072573340353,0.8558364159415273,0.8365854377149469,0.01714833912733561,0.9497732204850805,0.902313217010495
RipVIS-079_02154.jpg,0.8372172961840575,0.7309153136564791,0.8445419690839225,0.7865309841211228,0.9117916142832888,0.8087520237933441,0.01155279502962077,0.9510319010406347,0.8855220627765792
RipVIS-079_02160.jpg,0.8103387067133736,0.6859617001694569,0.8137334319047823,0.7660696802330706,0.8677218341138877,0.7844490578699977,0.015500992061569817,0.9428634982628659,0.8716706292784865
RipVIS-079_02166.jpg,0.8262119175782059,0.7119809287554812,0.8317626870680778,0.787338148648355,0.8815001975055229,0.8045260799233772,0.012756040719642335,0.9480859374989713,0.8833635848468222
RipVIS-079_02172.jpg,0.8493637090487531,0.7496139340534794,0.8568906768098091,0.7944342655147819,0.9300053430964812,0.8182914740260961,0.020979915565948585,0.9558409288184073,0.8912488913508203
RipVIS-079_02178.jpg,0.9018724723323067,0.8328250980108634,0.9087884042123993,0.9317439138315311,0.8869368135979515,0.9224239394553002,0.03946286653337039,0.9745996093739425,0.9565391643221197
RipVIS-079_02184.jpg,0.8906175329161091,0.814700713320137,0.8978898915288112,0.911473513756562,0.8847051955567178,0.9059910419483302,0.016533263349096803,0.9708268229156133,0.9460102728075024
RipVIS-079_02190.jpg,0.8376453770613975,0.7341847832234334,0.8467203614354867,0.8236019290292638,0.8711741415829684,0.832696137820223,0.024240315469236797,0.9493457031239699,0.8993396060318138
RipVIS-079_02196.jpg,0.7885570376253721,0.6617377193348107,0.7964406315573106,0.8381398148213055,0.7586940393622128,0.8209469121122266,0.032969432310811196,0.927395833332327,0.8918737985968574
RipVIS-079_02202.jpg,0.771529750447556,0.6359705689024812,0.7774841198141271,0.8086226611828915,0.7486548272027465,0.7958726574065714,0.01718941845996323,0.9200640190962239,0.8759752560509957
RipVIS-079_02208.jpg,0.8052198998466957,0.6859692644023905,0.8137387541824963,0.8554518522346468,0.7759045025932686,0.8382637424181313,0.033917215214334794,0.9351671006934297,0.9032170655810678
RipVIS-079_02214.jpg,0.771382265557282,0.6334569397982385,0.7756028633071672,0.7924633671107302,0.7594448634006407,0.7856319582855187,0.016491266136867605,0.9215961371517778,0.8703463371711933
RipVIS-079_02220.jpg,0.8109159348532982,0.6868528846227662,0.8143601506498515,0.7994301202251759,0.829858455849843,0.8053359545432905,0.016301090732793826,0.9430946180545322,0.8845525959543736
RipVIS-079_02226.jpg,0.812937104529292,0.6883970555608927,0.8154445108673851,0.7516767698440054,0.8910345267044992,0.7759484292053203,0.02091112770464138,0.9450651041656412,0.8669887701429375
RipVIS-079_02232.jpg,0.7735327770271108,0.6217223840759609,0.7667432973495169,0.6767266863700838,0.8843816949313,0.7100720195360746,0.020125624917302187,0.9335026041656538,0.8298432334478771
RipVIS-079_02238.jpg,0.7683138593146123,0.6126895697888413,0.7598357194919593,0.6693717454475595,0.8785726966014684,0.7028431845939728,0.007787151199508481,0.9321072048600997,0.825845579597636
RipVIS-079_02244.jpg,0.8146805449005977,0.6901308474575507,0.8166596669076936,0.7380258225689698,0.9140480053170761,0.7675894265716285,0.007764558546303749,0.946474609373973,0.8623282393769388
RipVIS-079_02250.jpg,0.8283500545675866,0.711323504530239,0.8313138955284769,0.7684289690406785,0.9054086508525362,0.7924056504627784,0.008663046287992882,0.9518565538184116,0.8768863385881047
RipVIS-079_02256.jpg,0.8661573220522567,0.7715049141753954,0.8710163974165631,0.848284118738445,0.8950005817067912,0.8572331409250245,0.012077294684369659,0.965389539929508,0.916191908419556
RipVIS-079_02262.jpg,0.862774111636351,0.7662901211429982,0.8676831874563371,0.845660891564371,0.8908831394608069,0.8543342888518988,0.025365008658084012,0.9640592447906206,0.9144451588020215
RipVIS-079_02268.jpg,0.7920991273197285,0.6491251116556597,0.7872357373831539,0.6517621610171219,0.9938055588975323,0.699942773934377,0.003086833981601552,0.9420355902767555,0.8254810638838446
RipVIS-090_00000.jpg,0.879985960400145,0.770830047832777,0.8705861398457228,0.9160679702572869,0.8294069402368313,0.8973166477985497,0.03471001757251381,0.9895244617452448,0.9542654266021557
RipVIS-090_00012.jpg,0.8537275241649543,0.7211251021376274,0.837969420400637,0.887636658956159,0.7935658633260154,0.8670796082140787,0.04284999374184599,0.986796664744092,0.9391999710000736
RipVIS-090_00024.jpg,0.8697416638140217,0.7514436211568039,0.8580848530659365,0.9005264495910527,0.81946372346086,0.8830557778323673,0.04075490626116027,0.9884570838136802,0.9462641807162999
RipVIS-090_00036.jpg,0.8714521498539309,0.7547106360483702,0.8602109322685679,0.9086294100003199,0.8166915803041329,0.8886223444888054,0.03823125857314262,0.988607506727944,0.950223035200863
RipVIS-090_00048.jpg,0.8728948319753967,0.7573975582554076,0.861953579823209,0.9065314613823668,0.8215543713826456,0.8881582159211849,0.04571357003909365,0.9887980584388244,0.9493152716370202
RipVIS-090_00060.jpg,0.8644105054128546,0.7412944054967258,0.8514291473707025,0.8942802876925349,0.8124968175162943,0.8766324538603253,0.038276345459969746,0.9879570357552413,0.9429985697705652
RipVIS-090_00072.jpg,0.8560495023309282,0.7254829919438807,0.8409042515412707,0.8713853169344828,0.8124835697339584,0.8589315102259792,0.03301857680472637,0.9870732410608932,0.9315895644150782
RipVIS-090_00084.jpg,0.8511806415848924,0.7161868979457346,0.8346257611021342,0.8599466731995467,0.8107533344073717,0.8496361539877717,0.03204813359331728,0.9866404748171409,0.925878254874333
RipVIS-090_00096.jpg,0.853694486790984,0.7208704874445475,0.8377974899378086,0.8582961455420122,0.8182551323884649,0.8499774786532842,0.03224823213653693,0.986972078046668,0.9252590793974267
RipVIS-090_00108.jpg,0.8547415871198528,0.7226039991976242,0.8389670516662072,0.8429752572592196,0.8349967823745128,0.8413673879371729,0.0359946038731914,0.9873128123796168,0.9180889289862997
RipVIS-090_00120.jpg,0.8603250532001245,0.7330970904788815,0.8459965624618473,0.853224095902026,0.838890447206368,0.8503183138636504,0.043073268314386515,0.9879644848132959,0.9233097209858974
RipVIS-090_00132.jpg,0.8692836263591186,0.7498471217530598,0.8570430095651281,0.8993953811021944,0.8184999879680411,0.8819618678333714,0.04341056302669341,0.9890890522873441,0.9459345975882889
RipVIS-090_00144.jpg,0.8742526999226272,0.7592939585069833,0.8631803171214828,0.9047707124961701,0.8252455262949614,0.8876627029493271,0.04544615951998978,0.989566512879424,0.9487690939898996
RipVIS-090_00156.jpg,0.87443564080785,0.7596626377963006,0.8634185002048552,0.9123161483646106,0.8194957702201184,0.8921072026016869,0.04780329505443065,0.9895645905418614,0.9523891945696825
RipVIS-090_00168.jpg,0.8543970408829884,0.7216365016025873,0.8383145930408088,0.8950238627581014,0.788363396905127,0.8714437234839032,0.04636374860807731,0.9875713667817697,0.9430256490881265
RipVIS-090_00180.jpg,0.8411404101748288,0.6964056243064448,0.8210366840668333,0.8717818642934834,0.7758741549492326,0.8507492241992511,0.03645928916397753,0.9863184832754263,0.9311887858451589
RipVIS-090_00192.jpg,0.8669338734617642,0.7454141128615968,0.8541401233882479,0.9073640697342576,0.8068142070299636,0.885297879177796,0.05186527525764761,0.988831218761777,0.9496205783214493
RipVIS-090_00204.jpg,0.8666684787179628,0.7449159406289955,0.853812981226446,0.9075374204026566,0.8060938055145914,0.885256243496358,0.04379881286824125,0.9887997404841915,0.9496876854767484
RipVIS-090_00216.jpg,0.8723759131917577,0.7558966373336315,0.8609807903971813,0.9255955357259729,0.8047987293001623,0.8986197486497822,0.054803149602847046,0.9892269800074517,0.9586008234448002
RipVIS-090_00228.jpg,0.8644057683668314,0.7407174936381109,0.8510484858631558,0.9126680934128536,0.7972232413718561,0.8869796222502997,0.04416384354517007,0.9884856785849221,0.9519942668324421
RipVIS-090_00240.jpg,0.8683326193492629,0.7481646358346449,0.8559429935813118,0.9162623300392144,0.8030749998492697,0.8911423782033249,0.04033499599480664,0.9888804786618155,0.9539294330249479
RipVIS-090_00252.jpg,0.8742920920875189,0.7593350611172077,0.8632068761649269,0.9012733597759489,0.8282256596856037,0.8856508641603724,0.036064575081567796,0.9896018358321345,0.9471059796154642
RipVIS-090_00264.jpg,0.8693649102715328,0.7500589263844957,0.8571813383839219,0.892921699517153,0.8241919745526244,0.8782737736105798,0.024960715579296463,0.9890433967702353,0.942819956494704
RipVIS-090_00276.jpg,0.8614601929769794,0.7352942740279822,0.8474577309832411,0.9025047641364339,0.7987397045017227,0.8796495370499945,0.03985357501093147,0.9880372933484747,0.946905854350606
RipVIS-090_00288.jpg,0.8408150315507004,0.6965608853071334,0.8211445770554034,0.9000900677407347,0.7549307802169108,0.8667577565737458,0.05181968805051593,0.9855639657821547,0.9444606110283094
RipVIS-090_00300.jpg,0.832254374621702,0.6804687810861929,0.8098559030014982,0.8930117178516629,0.7408675118973322,0.8577810161490776,0.027592446000927712,0.9845645905418626,0.9405375397771171
RipVIS-090_00312.jpg,0.8148106894805521,0.6481405417114091,0.7865112535104414,0.890192976079718,0.7044618345056859,0.845604313701818,0.044884598310869696,0.9820917435599332,0.9379106281371163
RipVIS-090_00324.jpg,0.8126475837295783,0.6442666194369884,0.7836522517955039,0.9319943907276405,0.6760481413888035,0.8663925744404821,0.030232814739587728,0.9816587370239857,0.9577443324891469
RipVIS-090_00336.jpg,0.8061675497927696,0.6319719562182239,0.7744887451163014,0.9229053925371679,0.6671941887349437,0.8571987851004312,0.03410861660794664,0.9810037004995721,0.9530189106090482
RipVIS-090_00348.jpg,0.8008930283669409,0.6205558531779534,0.7658555574755744,0.908419941651824,0.661968445898384,0.8454663526997788,0.019548968247649078,0.9817892156860386,0.9463480512310007
RipVIS-090_00360.jpg,0.7352929620836817,0.4938774638308766,0.6612021076539768,0.7328753011226317,0.602298925427533,0.7024188917817833,0.012568258645005785,0.9772260668971124,0.8588712533096643
RipVIS-090_00372.jpg,0.7427351179290608,0.5019458413603761,0.6683940626058027,0.9537788005366686,0.5144600107436672,0.8146466692394537,0.004415011036918459,0.9837934928871147,0.9690476201104079
RipVIS-090_00384.jpg,0.7298730584082089,0.47760586318877074,0.6464590796331382,0.9623334004870272,0.48670427661156174,0.804997507747654,0.004502046384106132,0.9824271914645852,0.9725508769614875
RipVIS-090_00396.jpg,0.7135499995469672,0.4468895211940602,0.6177244560113478,0.9820512820365566,0.4505696359252417,0.7945942404565705,0.015825914933470974,0.9805219146479767,0.981274144648275
RipVIS-090_00408.jpg,0.722566672120641,0.46370168745397955,0.6336013566542518,0.9721762270701927,0.4699383258619018,0.8009715242064952,0.02606191504304364,0.981725057669891,0.97702952478472
RipVIS-090_00420.jpg,0.7140790874913876,0.4478062502113285,0.6185996919766918,0.96836889111646,0.454453673851302,0.789751978917361,0.015343088504710457,0.9806600826602796,0.9746156606581127
RipVIS-090_00432.jpg,0.7265988329218903,0.4712475145516812,0.6406094282446823,0.9780162688371629,0.47629271395490375,0.807824818234205,0.030155210638557986,0.9822359188771189,0.980160809694313
RipVIS-090_00444.jpg,0.7279290568701782,0.4734846551475899,0.642673343754861,0.9641579189475412,0.4819680404913275,0.8034033013557283,0.02290748898342034,0.9826485005764652,0.9735552961595727
RipVIS-090_00456.jpg,0.7293979084383481,0.4764599464470912,0.6454085633594465,0.9778563260068933,0.4816567787585742,0.810800160578872,0.018160166713581397,0.9826153402535125,0.9802749657399337
RipVIS-090_00468.jpg,0.7384976758065789,0.4938322368384792,0.6611615744531223,0.9768482207556014,0.49968053016761255,0.8201991229225508,0.015211350005088291,0.9834352172239083,0.9801971236328268
RipVIS-090_00480.jpg,0.7320281911856505,0.4818254991453616,0.6503134133179015,0.982012717386516,0.48611570247584535,0.8156087373817758,0.015147015144765812,0.9825197039597794,0.9822704770614203
RipVIS-090_00492.jpg,0.7106801443513331,0.4422477333478426,0.6132756850603847,0.9844637074968499,0.445356016812629,0.7925788592643854,0.015111316182361135,0.9794528546710449,0.9819161206518799
RipVIS-090_00504.jpg,0.682587472925505,0.38984084431972515,0.5609863113650795,0.97574502809382,0.3936556130668175,0.7530434539207431,0.015585467056412766,0.9757167916183738,0.9757306817401309
RipVIS-090_00516.jpg,0.6632762239710295,0.3552075838526992,0.5242113283381796,0.9773469140878719,0.3581563033008542,0.7262386021650272,0.017508349355580575,0.9717901768548223,0.9745236538974795
RipVIS-090_00528.jpg,0.7648942339766999,0.5519885217207849,0.7113306754469568,0.8907746110793844,0.5920616006081401,0.8091286307053942,0.021316165949834324,0.9783910034599725,0.9359325204959206
RipVIS-090_00540.jpg,0.7715248126582084,0.5643766108625191,0.7215354754650161,0.8989283074576712,0.6026163009844647,0.8184412787856977,0.03818775025669674,0.9792464436752741,0.9403255937043006
RipVIS-090_00552.jpg,0.7525852709919354,0.5292233825677488,0.6921466001639597,0.8802857073919135,0.5702663876801147,0.793960097278464,0.02970714235341617,0.976580401768316,0.929917414232176
RipVIS-090_00564.jpg,0.7278924024933422,0.4827437894634422,0.6511492988793861,0.9340887474307317,0.49976757727199445,0.7957755806434019,0.03457968361651329,0.9737026624372901,0.9544301657283859
RipVIS-090_00576.jpg,0.7196855059954257,0.4671708474650187,0.6368322384161293,0.9257507198597122,0.48535675598603384,0.7835568743818002,0.029327048963778014,0.9728616397537071,0.9499275885391599
RipVIS-090_00588.jpg,0.7240662505922997,0.4758373841248848,0.6448371470235363,0.9270855088039747,0.49433757631565123,0.7889539187670871,0.040760157271247696,0.9729748173776979,0.9506538555303214
RipVIS-090_00600.jpg,0.7225632022730751,0.4729631425778139,0.6421927730657091,0.9147366522284025,0.49477545684022567,0.781987744289252,0.031693777431468256,0.9728416955014964,0.9445844259679341
RipVIS-090_00612.jpg,0.7221986702764536,0.472765407898477,0.6420104727650778,0.9281713314608654,0.49071886601184217,0.7877271027752131,0.018996100137187312,0.9723356401381748,0.9508598598361946
RipVIS-090_00624.jpg,0.7220542074619987,0.47240419334764006,0.6416773267584734,0.924415677805426,0.49138433602288245,0.7859009828347828,0.021173139655248776,0.972403402537252,0.9490685130155112
RipVIS-090_00636.jpg,0.7207066965980533,0.4700337622024362,0.6394870298736833,0.9259905083687533,0.48838091264831573,0.7852645700260683,0.0224747004394068,0.972088139177006,0.9496724351841914
RipVIS-102_00000.jpg,0.7808978777179589,0.5840468553843347,0.7374110852833684,0.613164547072302,0.9248060531874285,0.6574758403295385,0.0665794446818884,0.9784230324069355,0.8052865786015375
RipVIS-102_00006.jpg,0.8098994742921425,0.6393391291475785,0.7799961798996663,0.6775720546114217,0.9189003163388146,0.7151348333357369,0.06830892143353469,0.9811140046291564,0.8372318529000495
RipVIS-102_00012.jpg,0.8308673379693412,0.67896001787943,0.808786404261102,0.7243733725503949,0.9154681906560892,0.7559320205689015,0.05244921529638907,0.9833801118822418,0.8604811461331696
RipVIS-102_00018.jpg,0.8358258748992837,0.6882190801353897,0.8153196326630744,0.7358600641667336,0.9140169167416633,0.7657099435427992,0.06641210963681903,0.984017168209402,0.8661870325739504
RipVIS-102_00024.jpg,0.8135856876609031,0.6460579089514304,0.7849759178435968,0.6950823299768141,0.9015747517723908,0.7284505023033216,0.041496825924390454,0.9817428626538476,0.8456305011844445
RipVIS-102_00030.jpg,0.8274542656971622,0.6722224323034316,0.8039868612185368,0.7015925326528241,0.9413766168305062,0.7392524821957686,0.06596915550880024,0.9832798032402665,0.8496736917261587
RipVIS-102_00036.jpg,0.8277373774081814,0.672751865753514,0.8043654047284098,0.7017800055185917,0.9420771686167388,0.7395053744211242,0.08512391020216079,0.9833154899686616,0.8497813716104878
RipVIS-102_00042.jpg,0.8164662852836713,0.6511249868458188,0.7887046614074655,0.6810149116334696,0.9368499256929057,0.7203579891672309,0.07624510352012835,0.9824049961415016,0.8393446126827541
RipVIS-102_00048.jpg,0.8176808652936967,0.6534108319226539,0.7903792805842949,0.6866892755362562,0.9309530955697162,0.7247197216546087,0.07305999859795627,0.9825448495365632,0.8420628715695266
RipVIS-102_00054.jpg,0.8275618047769412,0.672270671520025,0.8040213620549341,0.7090398607168185,0.9283860171434997,0.7442059922640939,0.07616077615549821,0.98343557098718,0.853143443638531
RipVIS-102_00060.jpg,0.8221962618407104,0.662081915485573,0.796689873485745,0.6990067524660213,0.9261096222694278,0.7350572608346896,0.06977545115926605,0.9829031635797729,0.8480997903265638
RipVIS-102_00066.jpg,0.8321955788506314,0.680659758264798,0.809991141773451,0.7221881592409388,0.9220991176153109,0.7549215356972927,0.058167550075158836,0.9842766203698957,0.8596095342157842
RipVIS-102_00072.jpg,0.8250861776404401,0.6670981661207502,0.8003105991929108,0.701097655236268,0.9322314955538349,0.7376770071290848,0.05892452441048523,0.9836294367279207,0.8492979264378101
RipVIS-102_00078.jpg,0.8096225566968143,0.6384561969762175,0.7793387435739727,0.701252254566336,0.8769946636993505,0.7305307055028968,0.05971103439076134,0.9814192708328601,0.8482121030237811
RipVIS-102_00084.jpg,0.8143369855199298,0.6476036528093085,0.7861158254961229,0.7204051051442112,0.8650171241268549,0.7453255439989052,0.07453295277150149,0.9817066936723661,0.8574511848552768
RipVIS-102_00090.jpg,0.7749955248165363,0.5737233063030301,0.7291285628231728,0.6737453155928982,0.7944325481700384,0.694857343296315,0.04077913917431485,0.9770023148143436,0.8326751929557794
RipVIS-102_00096.jpg,0.8331503155001172,0.6820460677255865,0.8109719237925858,0.7115295748538951,0.942725944466114,0.7482290730216089,0.054154995327854144,0.98476900077113,0.8547245444809376
RipVIS-102_00102.jpg,0.8177339340531182,0.6527135824436509,0.7898689638389355,0.6888484450814347,0.9256110218400239,0.725988656462092,0.04055489180668028,0.9832957175921184,0.8431024049199696
RipVIS-102_00108.jpg,0.8213478812780153,0.6599086236371344,0.7951143987566802,0.709143238059518,0.9048062643323235,0.7411999168321912,0.04806002433094092,0.983343460647674,0.8527902474618245
RipVIS-102_00114.jpg,0.8394594958708234,0.6945676436977204,0.8197579438990142,0.753965314730613,0.8981307586510944,0.778973030293092,0.06385352408033511,0.9848890817896485,0.8749408129444036
RipVIS-102_00120.jpg,0.8373429548025415,0.690455658983925,0.8168870390826273,0.7455638206614795,0.9032998307663287,0.7725444705634692,0.062112202684713534,0.9847661072526115,0.8708762393994101
RipVIS-102_00126.jpg,0.8213613899281702,0.6601433698664526,0.7952847710009006,0.7181478620555287,0.8909864258028858,0.7471345348545361,0.04793377823101041,0.9831495949069333,0.8569760003087441
RipVIS-102_00132.jpg,0.8243737054018366,0.6658173475797744,0.7993881784784198,0.744208631122874,0.8634056182084058,0.7653403594921595,0.04626490897386912,0.9834915123452047,0.8693822557767814
RipVIS-102_00138.jpg,0.8278248382592439,0.6730585211111971,0.8045845529230753,0.793874208816958,0.8155878407473844,0.7981239459433,0.07652477571939763,0.9831934799377975,0.8928473073702686
RipVIS-102_00144.jpg,0.83711742357997,0.6906551386312288,0.8170266340542874,0.8080461923195552,0.8262089323445603,0.811614574110147,0.0829637841781865,0.9841603973760686,0.9001334908491886
RipVIS-102_00150.jpg,0.8404949850379864,0.6968393277051489,0.821338021022383,0.8031647034103959,0.8403527987451392,0.8103366619305864,0.05269491417742131,0.9847077546291547,0.8980906586915108
RipVIS-102_00156.jpg,0.8514936471891461,0.7168334013810042,0.8350646030120223,0.7693512867905148,0.9130519581719321,0.7943552036199095,0.06251226050725742,0.9866227816353267,0.8829889892758824
RipVIS-102_00162.jpg,0.8567041933682249,0.726209139863209,0.8413918372842776,0.748258280029579,0.9610054194286863,0.7829229368262262,0.08252932601634419,0.9876195987649559,0.8734323270448887
RipVIS-102_00168.jpg,0.8303929993149136,0.6762083921129101,0.8068309349776365,0.7111860978829051,0.9321989943532943,0.746587434373738,0.05680578286573883,0.9850588348760682,0.8544062361312892
RipVIS-102_00174.jpg,0.828786288746299,0.674024305891967,0.8052742167716949,0.7531908315952702,0.865095870943681,0.773194240429429,0.0418967815627565,0.9840895061723649,0.8739131541248311
RipVIS-102_00180.jpg,0.8064202098481665,0.6324757612176547,0.7748669551404481,0.7461168415060808,0.805921521988039,0.757357016430372,0.0609703203382508,0.9810064621908849,0.8689424389314999
RipVIS-102_00186.jpg,0.8092665546152393,0.6374890405154053,0.7786177797132046,0.7338057679358725,0.8292589194849224,0.7510970083224419,0.05057614450011983,0.9816555748452056,0.863429136199152
RipVIS-102_00192.jpg,0.7878020892540665,0.5970013587537178,0.7476529127309085,0.6990234803522162,0.8035543110740686,0.717695857102946,0.03403734312616851,0.9792602237649598,0.8455835398590796
RipVIS-102_00198.jpg,0.7990392253690002,0.6172171734184062,0.7633077159498105,0.7078463345301682,0.8281990046985686,0.7290347887565445,0.06345047922917249,0.981434220678539,0.8506810653091996
RipVIS-102_00204.jpg,0.7772759974051967,0.5763312694938005,0.7312311576219317,0.6803767517625418,0.7903018582922914,0.6998454093134437,0.036179276412300995,0.9788474151229848,0.8362022798833817
RipVIS-102_00210.jpg,0.7692023321648844,0.5604697330288648,0.7183346413787796,0.6541817972142006,0.7964379447194224,0.6784169513976726,0.03620451956865045,0.9785387731476762,0.8234409090504913
RipVIS-102_00216.jpg,0.7936012874535197,0.6050089563325713,0.7539010345649539,0.6702867230696988,0.8613492709046037,0.7014034694335162,0.08455044887548235,0.9826663773143409,0.8329183663677249
RipVIS-102_00222.jpg,0.7984870641962469,0.6136826683078809,0.7605989459518616,0.6660413923244548,0.8864474314950243,0.7008954833649258,0.07467811158264105,0.9837234760797725,0.8312977537335418
RipVIS-102_00228.jpg,0.7876711533334666,0.5922365988838801,0.7439052704843285,0.6505796816578165,0.8684900842770716,0.684951533975869,0.061001080298091384,0.983510320215575,0.8234072664081389
RipVIS-102_00234.jpg,0.7808281770409086,0.5791555317942971,0.7335003046042442,0.6432642076850396,0.8531835599031865,0.6765565295572039,0.05544207761486416,0.9829123263884149,0.819532039571444
RipVIS-102_00240.jpg,0.7873245631612683,0.5911389150668911,0.7430387246132306,0.680429513546581,0.818337429017569,0.704162911500579,0.04859149829469248,0.983894193672365,0.8375385340346114
RipVIS-102_00246.jpg,0.8111341715144476,0.6364831386743961,0.7778670291585991,0.7095992334041261,0.8606686264979034,0.7354161068336624,0.06257539203388304,0.9861304012340923,0.8527642992502156
RipVIS-102_00252.jpg,0.8107833730498535,0.6351906933619514,0.7769010622926181,0.6882233298858683,0.8918111288301012,0.721148939491268,0.03874245792007443,0.9866917438266847,0.8426571668530709
RipVIS-102_00258.jpg,0.8069099858404132,0.6281811903646293,0.7716354839155817,0.7111419967467116,0.8433776312481821,0.7341643499835591,0.031775270547872034,0.9859789737649566,0.8532956497623623
RipVIS-102_00264.jpg,0.8178624763963565,0.6493243243160464,0.7873822203953887,0.783717244444695,0.7910816351765798,0.7851791330085712,0.04702970296676945,0.986734664351376,0.8885102884730567
RipVIS-102_00270.jpg,0.8270913308052938,0.6662240595648823,0.7996812382349826,0.7957521950132315,0.8036492734345501,0.7973191701288319,0.04804597700781257,0.9882412229933506,0.8949217222433172
RipVIS-102_00276.jpg,0.7952870801720432,0.6051499853005696,0.7540105172006756,0.7408315756651979,0.7676668417266546,0.7460474796405273,0.02680813152775507,0.985742669752611,0.8670087280407262
RipVIS-102_00282.jpg,0.8494503107867597,0.7087820923224548,0.8295757493094145,0.8081212040621267,0.8522005424647441,0.8165684640484518,0.08290890873483268,0.9903505979933496,0.9019630903363067
RipVIS-102_00288.jpg,0.8380696531281038,0.6871699328913224,0.8145829527837916,0.8091012551615712,0.8201394345573682,0.8112850570074323,0.05573055487797992,0.989230324073597,0.9018784579367632
RipVIS-102_00294.jpg,0.8359856230597462,0.6830266138068655,0.8116646619888159,0.7958072869287667,0.8281668382968046,0.8020752985610554,0.07135514818645236,0.9892018711414983,0.8954170204576448
RipVIS-102_00300.jpg,0.8222930123476136,0.65693080172506,0.7929489886253761,0.7898035593397581,0.796119571709847,0.7910587317949938,0.06554995298986839,0.9879402970674248,0.8918557844714897
RipVIS-102_00306.jpg,0.822955965089951,0.6583136070435297,0.7939555030452685,0.7834534121139245,0.8047429778183509,0.7876207310761058,0.07909227431344132,0.9878877314810051,0.8888087232201505
RipVIS-102_00312.jpg,0.8017744235395645,0.6177702935556795,0.7637305444617715,0.7630613514893534,0.764400912195626,0.7633288879131538,0.043161978658005015,0.9860980902773022,0.8779630483359089
RipVIS-102_00318.jpg,0.8278101611514711,0.6673568460573406,0.8004967234643064,0.7812571653054267,0.820707809286845,0.7888409320169999,0.063299606985258,0.9885334683637208,0.8880395683610873
RipVIS-102_00324.jpg,0.8208149316560358,0.6537085483892568,0.7905970481025586,0.7677245777362409,0.8148742265716852,0.7767128949764938,0.06226853844955055,0.9881905864192765,0.8812542458041206
RipVIS-102_00330.jpg,0.8279155712701083,0.6677369566922838,0.8007701142710706,0.7625064912464395,0.843076869526341,0.7773645808600342,0.05664619907838397,0.9883723958328566,0.8790097724409217
RipVIS-102_00336.jpg,0.854065888983385,0.718957864255787,0.8365043486008374,0.7943283581976642,0.883410269367595,0.8106778933197158,0.06512325116046608,0.9894656635797697,0.8953234203315799
RipVIS-102_00342.jpg,0.8311097740446147,0.6751184834039023,0.8060546046056833,0.782805495288752,0.8307269685727547,0.791942322266145,0.06583760057987177,0.9874377893513756,0.8886513694605863
RipVIS-102_00348.jpg,0.8235615821991433,0.6595816464148505,0.7948770075153904,0.7839567560505589,0.8061057874551615,0.788288651546578,0.04294736841743601,0.9878351658945853,0.8890558261470018
RipVIS-102_00354.jpg,0.7986298557992404,0.6115316476001029,0.7589446332137473,0.7308481970882387,0.7892876939996313,0.7418333854329477,0.0343725710307995,0.9860416666661912,0.8624001175091358
RipVIS-102_00360.jpg,0.7682451586564191,0.553296171252345,0.712415547649551,0.6782368792397305,0.7502217806190301,0.6915071073926041,0.027162008233841933,0.9835368441353282,0.8356186365115108
RipVIS-102_00366.jpg,0.7287862187365349,0.4794594278303463,0.6481548852387011,0.6977777777658957,0.6051213136936793,0.6770439202027646,0.02335175527178705,0.9785455246908861,0.8422532415100372
RipVIS-102_00372.jpg,0.7549354383042562,0.5284037529214416,0.6914452439827279,0.6855457322907504,0.6974471743543955,0.6878934150875705,0.037173785345542186,0.9818441358019956,0.8382255546228543
RipVIS-102_00378.jpg,0.7087983971614535,0.4426355146277781,0.6136484373767614,0.6570402392144407,0.5756328843498074,0.6389673854634881,0.027102209503488937,0.9754494598760728,0.8211135607829199
RipVIS-102_00384.jpg,0.7054946164424121,0.43714058776344045,0.6083477030507409,0.6709525357498219,0.5564287832552853,0.6444255016205481,0.02942336514716231,0.974369212962493,0.8272994061196668
RipVIS-102_00390.jpg,0.7220471542227338,0.4676072976866762,0.6372376294717866,0.6795536263697394,0.599882759992567,0.6619702754725316,0.034639855468176904,0.9769627700612572,0.8328217994609921
RipVIS-102_00396.jpg,0.7444589878082211,0.5081461910988471,0.6738686131330648,0.6853080407776896,0.662804818000873,0.680685977767741,0.036162241404450055,0.9811463155859466,0.8375544081953936
RipVIS-102_00402.jpg,0.7675195696006111,0.5504639706645884,0.7100635436612415,0.6522218640132307,0.7791628661035945,0.6741896219697422,0.02716232501834038,0.9848611111106361,0.8234070058410495
RipVIS-102_00408.jpg,0.7987694055385586,0.6106059717162756,0.758231351974448,0.7271139673653189,0.7921311974279492,0.7392493164305245,0.030740646902226106,0.9871952160489066,0.8608476165029022
RipVIS-102_00414.jpg,0.7423886199787231,0.5030348404970316,0.669358855754382,0.6570849778097676,0.6820999963619503,0.6619401147039161,0.0329549305292312,0.9820736882711313,0.824194011615612
RipVIS-102_00420.jpg,0.781463936632023,0.5771246998099759,0.7318694582356263,0.6882443334493723,0.7813993140073872,0.7050550441319056,0.035224709349711544,0.9860730131168084,0.8413879966911018
RipVIS-102_00426.jpg,0.7354529215368157,0.4907355985195798,0.6583804653312361,0.6884096462217428,0.6308615933696112,0.6760751472828317,0.03870019594719953,0.9805420524686629,0.8385656004954349
RipVIS-102_00432.jpg,0.7599584095728247,0.5364472070160502,0.6982956584078015,0.6974073211249143,0.6991862616411434,0.6977623846862642,0.05411056284568783,0.9837798996908836,0.8445540691034414
RipVIS-102_00438.jpg,0.7542983770989894,0.5263088678109088,0.6896492301270074,0.7151920224330255,0.6658680243475115,0.7047511710632902,0.04875476595694372,0.9826297260797731,0.8526194122837506
RipVIS-102_00444.jpg,0.7849002269676195,0.584027268404251,0.7373954729865225,0.7262971508160059,0.7488382385345423,0.7306961478666436,0.04030710172393063,0.986051793981006,0.8597734269086571
RipVIS-102_00450.jpg,0.776365995504399,0.5678042589117501,0.7243305478783129,0.7201266298095165,0.7285838369814958,0.721802327665952,0.036925200583476384,0.9852203896600187,0.8563464388150852
RipVIS-102_00456.jpg,0.8011010043454587,0.6153580374792641,0.7618843912022363,0.7548875898353162,0.7690121080048034,0.7576708322254719,0.06513310932496484,0.987115162036561,0.8742610615496045
RipVIS-102_00462.jpg,0.7877965005573491,0.589855359611228,0.7420239282087486,0.7360613178260413,0.7480839301285501,0.7384348257472405,0.042912327843222006,0.98602430555508,0.8645514422434719
RipVIS-102_00468.jpg,0.7896080325650887,0.5935346815475181,0.7449284768262753,0.7564794527733576,0.7337249481559481,0.7518163406931128,0.04329514824433161,0.9859746334871788,0.8744200738627905
RipVIS-102_00474.jpg,0.7901551289870434,0.5945175068763767,0.7457020751575477,0.7537184488367495,0.7378544274973345,0.7504913054891417,0.05168767447325204,0.9860826581785368,0.8731335018391049
RipVIS-102_00480.jpg,0.8041602859065182,0.6213246894721706,0.766440791911268,0.7716560679603902,0.7612955380074636,0.7695614636590054,0.035793814430037624,0.9872675540118696,0.8824616739858772
RipVIS-102_00486.jpg,0.7987282791896317,0.6110248227865491,0.7585541999653052,0.7715238281878528,0.7460134121615319,0.766283117830594,0.04159761351992065,0.9867148919748328,0.8821106328862917
RipVIS-102_00492.jpg,0.7943903377426543,0.6025710150599823,0.7520053830967719,0.7571538091112847,0.7469264998021893,0.755086002425208,0.039430724149063984,0.986492091048907,0.8750108769104417
RipVIS-102_00498.jpg,0.8178245952238855,0.6481003833998175,0.7864816851299681,0.7547368933650251,0.8210141471799041,0.7671222477828789,0.053852739721416715,0.987827932098289,0.8748500682853496
RipVIS-102_00504.jpg,0.7939725874359964,0.6026057326036934,0.7520324186344479,0.7329941647719878,0.7720860156010806,0.7404926108374384,0.05858107515052345,0.9856582754624876,0.8631890578916546
RipVIS-102_00510.jpg,0.7829445541209861,0.5818704776079004,0.7356739832300343,0.733270484197239,0.7380932903463934,0.7342299967774801,0.03596469520449025,0.9843663194439697,0.8626572631244072
RipVIS-102_00516.jpg,0.7801374997623716,0.5772055199534598,0.7319344405673802,0.7614388114890133,0.7046312591082738,0.7493561545229145,0.034304257124754364,0.9834519675921183,0.8758396223164892
RipVIS-102_00522.jpg,0.7970437541065444,0.6096283888503056,0.7574771830232682,0.7986119012272059,0.7203724067044884,0.7816332958952837,0.03923107100516037,0.9848273533945868,0.8945665693670128
RipVIS-102_00528.jpg,0.787597933737084,0.5905951429130603,0.7426090109032117,0.7324577800053239,0.7530455707499366,0.7364847858844911,0.028629168067646583,0.9849353780859448,0.8625565653349199
RipVIS-102_00534.jpg,0.8009261302730233,0.6163377336215353,0.7626348389956606,0.7508558508231955,0.7747892808311324,0.7555235119762878,0.04041416165327203,0.9858439429007592,0.8720195753889468
RipVIS-102_00540.jpg,0.7780574210476556,0.5740684321470112,0.7294072105416515,0.7800742002646358,0.6849205905283956,0.7589855611328004,0.04188440838921423,0.9824705825612546,0.8844331033089219
RipVIS-102_00546.jpg,0.7559484921261638,0.5325861492078445,0.6950162631746671,0.7622216901961181,0.6387016530166547,0.7338379554506564,0.04499072355867419,0.9797873263884164,0.8743938538325131
RipVIS-102_00552.jpg,0.750313321000134,0.5212361403770591,0.6852797229072713,0.7262947889118778,0.6486494191340796,0.7093133816538072,0.052391055977444825,0.9798427854933546,0.8570186838246219
RipVIS-102_00558.jpg,0.7647412861288958,0.5487114148311958,0.7086038232513492,0.7560928896216409,0.6667276539953736,0.7363533774982669,0.047687286040308315,0.9812104552464403,0.8721586656818566
RipVIS-102_00564.jpg,0.7972185268361234,0.6103852191690571,0.7580611296022821,0.8177111980972318,0.7065220429858472,0.7927590511860175,0.07561296691824806,0.9844405864192783,0.9036373501888988
RipVIS-102_00570.jpg,0.7725275684004476,0.564040889951508,0.7212610534357521,0.8042514640566174,0.6537960783196282,0.7688643498971528,0.06019557550014463,0.9814694251538477,0.8955830381232446
RipVIS-102_00576.jpg,0.7912041558244973,0.5993205646271972,0.7494689656127809,0.8093942318212692,0.6978054202886398,0.7843098177849046,0.05463085035805613,0.9835050154316245,0.8991867450422342
RipVIS-102_00582.jpg,0.7958540376602974,0.6079582051026032,0.7561865764586954,0.8063725102310372,0.7118814508483097,0.7855194414905914,0.07567800257635143,0.984149305555081,0.8980556611163937
RipVIS-102_00588.jpg,0.8187506968915126,0.6519106984679488,0.789280799588692,0.832182784519027,0.7505854478228148,0.814474227050685,0.07546684940247843,0.9859693287032282,0.9115832045178723
RipVIS-102_00594.jpg,0.7896370327387133,0.5972382559209081,0.7478386567651583,0.8217362086746024,0.6861354825458308,0.7904913023037141,0.06937366430467092,0.9825019290118718,0.9047399967102354
RipVIS-102_00600.jpg,0.8381130992482364,0.6884710863479155,0.8154964475430212,0.8344278819592762,0.7974049856851334,0.8267508020095636,0.0642344600964611,0.9880777391970543,0.9137577301079507
RipVIS-102_00606.jpg,0.8038178525506492,0.6232548149134478,0.7679075511587868,0.7976968660150636,0.7402630534505887,0.7855080310413283,0.039040054078161225,0.9847743055550806,0.8942854677720705
RipVIS-102_00612.jpg,0.8085889790583809,0.6326331273829641,0.7749850432069155,0.8210336611762931,0.7338274840529393,0.8019727832295523,0.02394076511526608,0.9849455054007595,0.905661801715181
RipVIS-102_00618.jpg,0.8264889285432631,0.666569449499738,0.7999299995566643,0.8116242250149946,0.7885679782517206,0.8069057433118264,0.025440313109381406,0.986767939814339,0.9021463908309131
RipVIS-102_00624.jpg,0.8185115180098164,0.6516511910443781,0.7890905713964019,0.8172469407866292,0.7628097118917935,0.8057466636322789,0.029754314373054976,0.9857614776229814,0.9043428486436007
RipVIS-102_00630.jpg,0.8088745581844943,0.633322450495169,0.7755020452981182,0.8036784398324479,0.7492344193898912,0.7921657050515422,0.03816662358592516,0.9848345871908831,0.8973081017848743
RipVIS-102_00636.jpg,0.8709501521341265,0.7522185197038923,0.8585898519449614,0.7911092688096983,0.9386559756630155,0.8167873196365627,0.08744968897846234,0.9899951774686584,0.8945225324220905
RipVIS-102_00642.jpg,0.8591512161884655,0.7295268425754331,0.8436143627457054,0.7653841805684468,0.9396570335727777,0.7948681155261029,0.05860359968188822,0.9891054205242144,0.8817108912903979
RipVIS-102_00648.jpg,0.8561800526076514,0.7239849437666052,0.839897061032128,0.7924701323759449,0.8933620651869753,0.8107833110013452,0.05474606249012498,0.9887191358019923,0.8944005576902214
RipVIS-102_00654.jpg,0.8576368018004992,0.7267825327631261,0.8417765630280711,0.812678936594595,0.8730352207373959,0.8240732069514496,0.0443478973650014,0.9888329475303873,0.9040975077453428
RipVIS-102_00660.jpg,0.8520644841283355,0.7162130619401964,0.8346435274539983,0.8096576291205271,0.8612206519940326,0.8194702980741754,0.05492502691948264,0.9882735339501407,0.9023538482845271
RipVIS-102_00666.jpg,0.8645714566503226,0.7399895128141388,0.8505677848797271,0.8100661422147853,0.8953325739204457,0.8257949543175561,0.07571893412402436,0.9894782021600167,0.9032155466560686
RipVIS-102_00672.jpg,0.8647268758134319,0.7403419735724579,0.8508005723182476,0.8145278071202102,0.8904545259938325,0.8286593280581002,0.07284595299627102,0.9894396219131031,0.9053407178168189
RipVIS-102_00678.jpg,0.8485054467824743,0.7093544198585859,0.8299676317767621,0.7911236350724549,0.8728230518887587,0.8062165970911218,0.052236167575372444,0.9880174575612519,0.8933494403421918
RipVIS-102_00684.jpg,0.8561971716636947,0.7240228339498972,0.8399225575117161,0.8008427589161436,0.8830120828411535,0.8160300107409101,0.07457443933400212,0.9887157600303874,0.8983850209565702
RipVIS-102_00690.jpg,0.8638020328160542,0.7387006476764304,0.8497157330258284,0.8228118925440256,0.8784384183501381,0.833366366199714,0.06708282046183552,0.9892409336414982,0.9092206103564888
RipVIS-102_00696.jpg,0.8545328980909646,0.7209797780979432,0.8378712954951539,0.8079266303887921,0.8701211116296665,0.8196439253969179,0.06710992907206471,0.9884418402773011,0.9016487820593164
RipVIS-102_00702.jpg,0.8475878123506562,0.7075450648733775,0.828727837910205,0.7860227257799953,0.8763399415170781,0.8025655029105004,0.07770608015289411,0.987989969135326,0.8908826133535814
RipVIS-102_00708.jpg,0.8502089019640753,0.7126034074580793,0.8321873054261363,0.7933805591328014,0.8749856123262693,0.80846068766019,0.07456892659794448,0.9881717785489061,0.894514708557006
RipVIS-102_00714.jpg,0.8551493998845554,0.7219441017281729,0.8385221111459045,0.7939284828931167,0.888423357651264,0.8111843929279788,0.06582411795104229,0.9886964699069306,0.8950505702271929
RipVIS-102_00720.jpg,0.8403406792417363,0.693546289610773,0.8190461564179274,0.7653320809261825,0.8808690821051237,0.7859495030961038,0.045352258954011404,0.9874990354933509,0.8806795080210695
RipVIS-102_00726.jpg,0.8457856739933444,0.7039564247317611,0.8262610645604729,0.7738901282301556,0.886234612153606,0.7940211164294816,0.045036687185203955,0.98796923225261,0.8850384035975487
RipVIS-102_00732.jpg,0.7746500938129355,0.5702783108372651,0.7263404288290721,0.7604766095625147,0.6951371956793553,0.7464442064021563,0.02496817088520525,0.9795900848760708,0.8740795195358917
RipVIS-102_00738.jpg,0.7083980439301083,0.44856779777056804,0.6193259279419859,0.7073590142751696,0.5507796438566723,0.669304150193071,0.01069661719409703,0.9690287422834833,0.8430258988022774
RipVIS-102_00744.jpg,0.7008830817509262,0.4386542439904666,0.6098119069579214,0.7837312828708523,0.49906368649390054,0.7034780376525062,0.03758869781770832,0.9641454475303992,0.8772827769761017
RipVIS-102_00750.jpg,0.7065589512254769,0.4454669595639947,0.6163640844455741,0.7084985835598476,0.5454347193895087,0.6685259106137287,0.025494901017884306,0.9684702932094095,0.843303641182271
RipVIS-102_00756.jpg,0.727359791899268,0.48361714932659833,0.6519433258723225,0.737375509422993,0.5842520021750345,0.7006496021090911,0.03673498845000469,0.9718639081785436,0.8589648142531963
RipVIS-108_00000.jpg,0.4960795235337114,0.0,0.0,0.0,0.0,0.0,0.0,0.9921590470674228,0.49999999999975697
RipVIS-108_00006.jpg,0.4960537229935879,0.0,0.0,0.0,0.0,0.0,0.0,0.9921074459871758,0.49999999999975697
RipVIS-108_00012.jpg,0.4959712577158102,0.0,0.0,0.0,0.0,0.0,0.0,0.9919425154316204,0.4999999999997569
RipVIS-108_00018.jpg,0.49587890624976083,0.0,0.0,0.0,0.0,0.0,0.0,0.9917578124995217,0.49999999999975686
RipVIS-108_00024.jpg,0.49594859182074846,0.0,0.0,0.0,0.0,0.0,0.0,0.9918971836414969,0.4999999999997569
RipVIS-108_00030.jpg,0.49561680169729183,0.0,0.0,0.0,0.0,0.0,0.0,0.9912336033945837,0.49999999999975675
RipVIS-108_00036.jpg,0.4954229359565512,0.0,0.0,0.0,0.0,0.0,0.0,0.9908458719131024,0.49999999999975664
RipVIS-108_00042.jpg,0.4954101562497611,0.0,0.0,0.0,0.0,0.0,0.0,0.9908203124995222,0.49999999999975664
RipVIS-108_00048.jpg,0.4954622395830944,0.0,0.0,0.0,0.0,0.0,0.0,0.9909244791661888,0.49999999999975664
RipVIS-108_00054.jpg,0.4955037133485265,0.0,0.0,0.0,0.0,0.0,0.0,0.991007426697053,0.4999999999997567
RipVIS-108_00060.jpg,0.4956076388886499,0.0,0.0,0.0,0.0,0.0,0.0,0.9912152777772998,0.49999999999975675
RipVIS-108_00066.jpg,0.4957339891972918,0.0,0.0,0.0,0.0,0.0,0.0,0.9914679783945836,0.4999999999997568
RipVIS-108_00072.jpg,0.4957713638114893,0.0,0.0,0.0,0.0,0.0,0.0,0.9915427276229786,0.4999999999997568
RipVIS-108_00078.jpg,0.4952179783948229,0.0,0.0,0.0,0.0,0.0,0.0,0.9904359567896458,0.49999999999975653
RipVIS-108_00084.jpg,0.49523558063247725,0.0,0.0,0.0,0.0,0.0,0.0,0.9904711612649545,0.49999999999975653
RipVIS-108_00090.jpg,0.4952922453701315,0.0,0.0,0.0,0.0,0.0,0.0,0.990584490740263,0.4999999999997566
RipVIS-108_00096.jpg,0.4954000289349463,0.0,0.0,0.0,0.0,0.0,0.0,0.9908000578698926,0.49999999999975664
RipVIS-108_00102.jpg,0.4953831500769216,0.0,0.0,0.0,0.0,0.0,0.0,0.9907663001538431,0.49999999999975664
RipVIS-108_00108.jpg,0.49562210648124244,0.0,0.0,0.0,0.0,0.0,0.0,0.9912442129624849,0.49999999999975675
RipVIS-108_00114.jpg,0.4955601369596376,0.0,0.0,0.0,0.0,0.0,0.0,0.9911202739192752,0.4999999999997567
RipVIS-108_00120.jpg,0.4954528356479092,0.0,0.0,0.0,0.0,0.0,0.0,0.9909056712958184,0.49999999999975664
RipVIS-108_00126.jpg,0.4956187307096375,0.0,0.0,0.0,0.0,0.0,0.0,0.991237461419275,0.49999999999975675
RipVIS-108_00132.jpg,0.49540895061704504,0.0,0.0,0.0,0.0,0.0,0.0,0.9908179012340901,0.49999999999975664
RipVIS-108_00138.jpg,0.49541232638864996,0.0,0.0,0.0,0.0,0.0,0.0,0.9908246527772999,0.49999999999975664
RipVIS-108_00144.jpg,0.49513768325593405,0.0,0.0,0.0,0.0,0.0,0.0,0.9902753665118681,0.49999999999975653
RipVIS-108_00150.jpg,0.49508294753062543,0.0,0.0,0.0,0.0,0.0,0.0,0.9901658950612509,0.4999999999997565
RipVIS-108_00156.jpg,0.4951087480707489,0.0,0.0,0.0,0.0,0.0,0.0,0.9902174961414978,0.4999999999997565
RipVIS-108_00162.jpg,0.4950383391201316,0.0,0.0,0.0,0.0,0.0,0.0,0.9900766782402632,0.4999999999997565
RipVIS-108_00168.jpg,0.4950863233022304,0.0,0.0,0.0,0.0,0.0,0.0,0.9901726466044608,0.4999999999997565
RipVIS-108_00174.jpg,0.4959693287034645,0.0,0.0,0.0,0.0,0.0,0.0,0.991938657406929,0.4999999999997569
RipVIS-108_00180.jpg,0.4960706018516126,0.0,0.0,0.0,0.0,0.0,0.0,0.9921412037032252,0.49999999999975697
RipVIS-108_00186.jpg,0.4961376350306249,0.0,0.0,0.0,0.0,0.0,0.0,0.9922752700612498,0.49999999999975697
RipVIS-108_00192.jpg,0.4961930941355632,0.0,0.0,0.0,0.0,0.0,0.0,0.9923861882711263,0.499999999999757
RipVIS-108_00198.jpg,0.49635513117260016,0.0,0.0,0.0,0.0,0.0,0.0,0.9927102623452003,0.4999999999997571
RipVIS-108_00204.jpg,0.4965856481479087,0.0,0.0,0.0,0.0,0.0,0.0,0.9931712962958174,0.4999999999997572
RipVIS-108_00210.jpg,0.49659312307074815,0.0,0.0,0.0,0.0,0.0,0.0,0.9931862461414963,0.4999999999997572
RipVIS-108_00216.jpg,0.49661988811704444,0.0,0.0,0.0,0.0,0.0,0.0,0.9932397762340889,0.49999999999975725
RipVIS-108_00222.jpg,0.4968684895830937,0.0,0.0,0.0,0.0,0.0,0.0,0.9937369791661874,0.49999999999975736
RipVIS-108_00228.jpg,0.49686535493803197,0.0,0.0,0.0,0.0,0.0,0.0,0.9937307098760639,0.49999999999975736
RipVIS-108_00234.jpg,0.4945968364195146,0.0,0.0,0.0,0.0,0.0,0.0,0.9891936728390291,0.49999999999975625
RipVIS-108_00240.jpg,0.4945975597991442,0.0,0.0,0.0,0.0,0.0,0.0,0.9891951195982884,0.49999999999975625
RipVIS-108_00246.jpg,0.4948297646602552,0.0,0.0,0.0,0.0,0.0,0.0,0.9896595293205104,0.49999999999975636
RipVIS-108_00252.jpg,0.49494743441334155,0.0,0.0,0.0,0.0,0.0,0.0,0.9898948688266831,0.4999999999997564
RipVIS-108_00258.jpg,0.4948206018516132,0.0,0.0,0.0,0.0,0.0,0.0,0.9896412037032264,0.49999999999975636
RipVIS-108_00264.jpg,0.4954034047065512,0.0,0.0,0.0,0.0,0.0,0.0,0.9908068094131024,0.49999999999975664
RipVIS-108_00270.jpg,0.49513816550902046,0.0,0.0,0.0,0.0,0.0,0.0,0.9902763310180409,0.49999999999975653
RipVIS-108_00276.jpg,0.4950494309411193,0.0,0.0,0.0,0.0,0.0,0.0,0.9900988618822386,0.4999999999997565
RipVIS-108_00282.jpg,0.4955480806324771,0.0,0.0,0.0,0.0,0.0,0.0,0.9910961612649541,0.4999999999997567
RipVIS-108_00288.jpg,0.4956857638886498,0.0,0.0,0.0,0.0,0.0,0.0,0.9913715277772996,0.49999999999975675
RipVIS-108_00294.jpg,0.49557243441334126,0.0,0.0,0.0,0.0,0.0,0.0,0.9911448688266825,0.4999999999997567
RipVIS-108_00300.jpg,0.4959592013886497,0.0,0.0,0.0,0.0,0.0,0.0,0.9919184027772994,0.4999999999997569
RipVIS-108_00306.jpg,0.49591362847198306,0.0,0.0,0.0,0.0,0.0,0.0,0.9918272569439661,0.49999999999975686
RipVIS-108_00312.jpg,0.4959538966046991,0.0,0.0,0.0,0.0,0.0,0.0,0.9919077932093981,0.4999999999997569
RipVIS-108_00318.jpg,0.4963958815584026,0.0,0.0,0.0,0.0,0.0,0.0,0.9927917631168052,0.49999999999975714
RipVIS-108_00324.jpg,0.7314010836551292,0.4682569673845887,0.6378406202542277,0.6974110031871809,0.5876459777943182,0.6722956934554086,0.03422920891627049,0.9945712770056933,0.847016648702244
RipVIS-108_00330.jpg,0.7527970824579759,0.5107402968327307,0.6761457252494005,0.7950631457523634,0.5881728420963918,0.7428065753130783,0.04930624379353166,0.994881365740261,0.8956482559854179
RipVIS-108_00336.jpg,0.7898708963040555,0.5842195385461328,0.7375487100509842,0.8906979938931919,0.6293383816014106,0.8223913732952743,0.031588873165584896,0.9955502507711248,0.9434947383681012
RipVIS-108_00342.jpg,0.7534343982377276,0.5122476801744911,0.6774653211772628,0.9290157919182472,0.5331136436206182,0.8088776544770212,0.04683607373023516,0.9946513310180388,0.9620332008745034
RipVIS-108_00348.jpg,0.7448938468795725,0.4949374910636052,0.66215141973792,0.7728048689398942,0.5792167333901193,0.7243835921411477,0.023261694052272644,0.9948760609563103,0.8845666253181336
RipVIS-108_00354.jpg,0.7714436093830614,0.547424425608347,0.7075297721155399,0.7187400774294316,0.6966637941218353,0.714213595173789,0.08128961144081301,0.9954875578698903,0.8581726742768775
RipVIS-108_00360.jpg,0.7112704732151269,0.42836778330109915,0.5998003991816434,0.4964753827240624,0.7574357250245811,0.5332174036482362,0.037756801766308495,0.9941984953698909,0.7475354093222075
RipVIS-108_00366.jpg,0.8054678464390361,0.6147561034974922,0.7614228578123433,0.9483018867208829,0.6360737065588704,0.8635264040465129,0.0658266906490546,0.9962027391970505,0.9724063368613038
RipVIS-108_00372.jpg,0.49542582947506975,0.0,0.0,0.0,0.0,0.0,0.0,0.9908516589501395,0.49999999999975664
RipVIS-108_00378.jpg,0.49556761188247705,0.0,0.0,0.0,0.0,0.0,0.0,0.9911352237649541,0.4999999999997567
RipVIS-108_00384.jpg,0.4956838348763042,0.0,0.0,0.0,0.0,0.0,0.0,0.9913676697526084,0.49999999999975675
RipVIS-108_00390.jpg,0.49643928433618034,0.0,0.0,0.0,0.0,0.0,0.0,0.9928785686723607,0.49999999999975714
RipVIS-108_00396.jpg,0.49646436149667417,0.0,0.0,0.0,0.0,0.0,0.0,0.9929287229933483,0.49999999999975714
RipVIS-108_00402.jpg,0.4964605034719828,0.0,0.0,0.0,0.0,0.0,0.0,0.9929210069439656,0.49999999999975714
RipVIS-108_00408.jpg,0.49648533950593343,0.0,0.0,0.0,0.0,0.0,0.0,0.9929706790118669,0.49999999999975714
RipVIS-108_00414.jpg,0.49656442901210623,0.0,0.0,0.0,0.0,0.0,0.0,0.9931288580242125,0.4999999999997572
RipVIS-108_00420.jpg,0.4966059027775383,0.0,0.0,0.0,0.0,0.0,0.0,0.9932118055550766,0.49999999999975725
RipVIS-108_00426.jpg,0.4966138599534642,0.0,0.0,0.0,0.0,0.0,0.0,0.9932277199069284,0.49999999999975725
RipVIS-108_00432.jpg,0.4966878858022296,0.0,0.0,0.0,0.0,0.0,0.0,0.9933757716044592,0.49999999999975725
RipVIS-108_00438.jpg,0.4968219521602542,0.0,0.0,0.0,0.0,0.0,0.0,0.9936439043205084,0.4999999999997573
RipVIS-108_00444.jpg,0.6389898183462952,0.28205782310526717,0.4400079591138815,0.2827791986118688,0.9910367490316592,0.32993813038375075,0.01111993645308978,0.9959283371908777,0.6413823243562528
RipVIS-108_00450.jpg,0.4970869502312418,0.0,0.0,0.0,0.0,0.0,0.0,0.9941739004624836,0.49999999999975747
RipVIS-108_00456.jpg,0.4972024498454392,0.0,0.0,0.0,0.0,0.0,0.0,0.9944048996908784,0.4999999999997575
RipVIS-108_00462.jpg,0.4972759934411182,0.0,0.0,0.0,0.0,0.0,0.0,0.9945519868822364,0.4999999999997575
RipVIS-108_00468.jpg,0.49753375771580943,0.0,0.0,0.0,0.0,0.0,0.0,0.9950675154316189,0.4999999999997577
RipVIS-108_00474.jpg,0.497547019675686,0.0,0.0,0.0,0.0,0.0,0.0,0.995094039351372,0.4999999999997577
RipVIS-108_00480.jpg,0.49761525848741434,0.0,0.0,0.0,0.0,0.0,0.0,0.9952305169748287,0.4999999999997577
RipVIS-108_00486.jpg,0.4976191165121057,0.0,0.0,0.0,0.0,0.0,0.0,0.9952382330242114,0.4999999999997577
RipVIS-108_00492.jpg,0.49774377893494515,0.0,0.0,0.0,0.0,0.0,0.0,0.9954875578698903,0.4999999999997578
RipVIS-108_00498.jpg,0.4977387152775377,0.0,0.0,0.0,0.0,0.0,0.0,0.9954774305550754,0.49999999999975775
RipVIS-108_00504.jpg,0.4979212480707475,0.0,0.0,0.0,0.0,0.0,0.0,0.995842496141495,0.49999999999975786
RipVIS-108_00510.jpg,0.4979371624225994,0.0,0.0,0.0,0.0,0.0,0.0,0.9958743248451988,0.49999999999975786
RipVIS-108_00516.jpg,0.4980273437497598,0.0,0.0,0.0,0.0,0.0,0.0,0.9960546874995196,0.4999999999997579
RipVIS-108_00522.jpg,0.49720558449050095,0.0,0.0,0.0,0.0,0.0,0.0,0.9944111689810019,0.4999999999997575
RipVIS-108_00528.jpg,0.497818287036797,0.0,0.0,0.0,0.0,0.0,0.0,0.995636574073594,0.4999999999997578
RipVIS-108_00534.jpg,0.49781539351827847,0.0,0.0,0.0,0.0,0.0,0.0,0.9956307870365569,0.4999999999997578
RipVIS-108_00540.jpg,0.49778067129605624,0.0,0.0,0.0,0.0,0.0,0.0,0.9955613425921125,0.4999999999997578
RipVIS-108_00546.jpg,0.49784047067877224,0.0,0.0,0.0,0.0,0.0,0.0,0.9956809413575445,0.4999999999997578
RipVIS-108_00552.jpg,0.49790485146580926,0.0,0.0,0.0,0.0,0.0,0.0,0.9958097029316185,0.49999999999975786
RipVIS-108_00558.jpg,0.4984671585645744,0.0,0.0,0.0,0.0,0.0,0.0,0.9969343171291488,0.49999999999975814
RipVIS-108_00564.jpg,0.49830488040099424,0.0,0.0,0.0,0.0,0.0,0.0,0.9966097608019885,0.499999999999758
RipVIS-108_00570.jpg,0.49838204089482135,0.0,0.0,0.0,0.0,0.0,0.0,0.9967640817896427,0.4999999999997581
RipVIS-108_00576.jpg,0.4980842496139573,0.0,0.0,0.0,0.0,0.0,0.0,0.9961684992279146,0.49999999999975797
RipVIS-108_00582.jpg,0.4984010898917349,0.0,0.0,0.0,0.0,0.0,0.0,0.9968021797834699,0.4999999999997581
RipVIS-108_00588.jpg,0.4984211033948214,0.0,0.0,0.0,0.0,0.0,0.0,0.9968422067896427,0.4999999999997581
RipVIS-108_00594.jpg,0.49842664930531516,0.0,0.0,0.0,0.0,0.0,0.0,0.9968532986106303,0.49999999999975814
RipVIS-108_00600.jpg,0.498268952546056,0.0,0.0,0.0,0.0,0.0,0.0,0.996537905092112,0.499999999999758
RipVIS-108_00606.jpg,0.498496576002846,0.0,0.0,0.0,0.0,0.0,0.0,0.996993152005692,0.49999999999975814
RipVIS-108_00612.jpg,0.49850043402753735,0.0,0.0,0.0,0.0,0.0,0.0,0.9970008680550747,0.49999999999975814
RipVIS-108_00618.jpg,0.4983060860337103,0.0,0.0,0.0,0.0,0.0,0.0,0.9966121720674206,0.499999999999758
RipVIS-108_00624.jpg,0.49847029320963615,0.0,0.0,0.0,0.0,0.0,0.0,0.9969405864192723,0.49999999999975814
RipVIS-108_00630.jpg,0.49834201388864857,0.0,0.0,0.0,0.0,0.0,0.0,0.9966840277772971,0.4999999999997581
RipVIS-108_00636.jpg,0.4983559992281547,0.0,0.0,0.0,0.0,0.0,0.0,0.9967119984563094,0.4999999999997581
RipVIS-108_00642.jpg,0.49787229938247596,0.0,0.0,0.0,0.0,0.0,0.0,0.9957445987649519,0.49999999999975786
RipVIS-108_00648.jpg,0.49784529320963644,0.0,0.0,0.0,0.0,0.0,0.0,0.9956905864192729,0.4999999999997578
RipVIS-108_00654.jpg,0.497799961419513,0.0,0.0,0.0,0.0,0.0,0.0,0.995599922839026,0.4999999999997578
RipVIS-108_00660.jpg,0.4977741608793896,0.0,0.0,0.0,0.0,0.0,0.0,0.9955483217587792,0.4999999999997578
RipVIS-108_00666.jpg,0.4977536651232167,0.0,0.0,0.0,0.0,0.0,0.0,0.9955073302464335,0.4999999999997578
RipVIS-108_00672.jpg,0.4978308256170439,0.0,0.0,0.0,0.0,0.0,0.0,0.9956616512340878,0.4999999999997578
RipVIS-108_00678.jpg,0.4978308256170439,0.0,0.0,0.0,0.0,0.0,0.0,0.9956616512340878,0.4999999999997578
RipVIS-108_00684.jpg,0.49783058449050066,0.0,0.0,0.0,0.0,0.0,0.0,0.9956611689810013,0.4999999999997578
RipVIS-108_00690.jpg,0.4977302758485254,0.0,0.0,0.0,0.0,0.0,0.0,0.9954605516970508,0.49999999999975775
RipVIS-108_00696.jpg,0.4977302758485254,0.0,0.0,0.0,0.0,0.0,0.0,0.9954605516970508,0.49999999999975775
RipVIS-108_00702.jpg,0.4977281057096365,0.0,0.0,0.0,0.0,0.0,0.0,0.995456211419273,0.49999999999975775
RipVIS-108_00708.jpg,0.4977281057096365,0.0,0.0,0.0,0.0,0.0,0.0,0.995456211419273,0.49999999999975775
RipVIS-108_00714.jpg,0.49771677276210563,0.0,0.0,0.0,0.0,0.0,0.0,0.9954335455242113,0.49999999999975775
RipVIS-108_00720.jpg,0.4977201485337106,0.0,0.0,0.0,0.0,0.0,0.0,0.9954402970674212,0.49999999999975775
RipVIS-108_00726.jpg,0.4976410590275378,0.0,0.0,0.0,0.0,0.0,0.0,0.9952821180550756,0.49999999999975775
RipVIS-108_00732.jpg,0.4977531828701303,0.0,0.0,0.0,0.0,0.0,0.0,0.9955063657402606,0.4999999999997578
RipVIS-108_00738.jpg,0.4977524594905007,0.0,0.0,0.0,0.0,0.0,0.0,0.9955049189810014,0.4999999999997578
RipVIS-108_00744.jpg,0.49771701388864886,0.0,0.0,0.0,0.0,0.0,0.0,0.9954340277772977,0.49999999999975775
RipVIS-108_00750.jpg,0.4977182195213649,0.0,0.0,0.0,0.0,0.0,0.0,0.9954364390427298,0.49999999999975775
RipVIS-108_00756.jpg,0.4977158082559328,0.0,0.0,0.0,0.0,0.0,0.0,0.9954316165118656,0.49999999999975775
RipVIS-108_00762.jpg,0.49771701388864886,0.0,0.0,0.0,0.0,0.0,0.0,0.9954340277772977,0.49999999999975775
RipVIS-108_00768.jpg,0.49771846064790815,0.0,0.0,0.0,0.0,0.0,0.0,0.9954369212958163,0.49999999999975775
RipVIS-108_00774.jpg,0.4978421585645747,0.0,0.0,0.0,0.0,0.0,0.0,0.9956843171291494,0.4999999999997578
RipVIS-108_00780.jpg,0.49783757716025373,0.0,0.0,0.0,0.0,0.0,0.0,0.9956751543205075,0.4999999999997578
RipVIS-108_00786.jpg,0.4976678240738341,0.0,0.0,0.0,0.0,0.0,0.0,0.9953356481476682,0.49999999999975775
RipVIS-108_00792.jpg,0.4976678240738341,0.0,0.0,0.0,0.0,0.0,0.0,0.9953356481476682,0.49999999999975775
RipVIS-108_00798.jpg,0.49770158178988344,0.0,0.0,0.0,0.0,0.0,0.0,0.9954031635797669,0.49999999999975775
RipVIS-108_00804.jpg,0.4976984471448217,0.0,0.0,0.0,0.0,0.0,0.0,0.9953968942896434,0.49999999999975775
RipVIS-108_00810.jpg,0.4975634162806242,0.0,0.0,0.0,0.0,0.0,0.0,0.9951268325612485,0.4999999999997577
RipVIS-108_00816.jpg,0.4975634162806242,0.0,0.0,0.0,0.0,0.0,0.0,0.9951268325612485,0.4999999999997577
RipVIS-108_00822.jpg,0.4974727527003774,0.0,0.0,0.0,0.0,0.0,0.0,0.9949455054007548,0.49999999999975764
RipVIS-108_00828.jpg,0.49639322916642725,0.0,0.0,0.0,0.0,0.0,0.0,0.9927864583328545,0.49999999999975714
RipVIS-108_00834.jpg,0.4963705632713656,0.0,0.0,0.0,0.0,0.0,0.0,0.9927411265427312,0.4999999999997571
RipVIS-108_00840.jpg,0.49640094521580996,0.0,0.0,0.0,0.0,0.0,0.0,0.9928018904316199,0.49999999999975714
RipVIS-108_00846.jpg,0.49641300154297047,0.0,0.0,0.0,0.0,0.0,0.0,0.9928260030859409,0.49999999999975714
RipVIS-108_00852.jpg,0.496391782407168,0.0,0.0,0.0,0.0,0.0,0.0,0.992783564814336,0.49999999999975714
RipVIS-108_00858.jpg,0.49639732831766187,0.0,0.0,0.0,0.0,0.0,0.0,0.9927946566353237,0.49999999999975714
RipVIS-108_00864.jpg,0.49631606867260014,0.0,0.0,0.0,0.0,0.0,0.0,0.9926321373452003,0.4999999999997571
RipVIS-108_00870.jpg,0.49639756944420504,0.0,0.0,0.0,0.0,0.0,0.0,0.9927951388884101,0.49999999999975714
RipVIS-108_00876.jpg,0.49635489004605693,0.0,0.0,0.0,0.0,0.0,0.0,0.9927097800921139,0.4999999999997571
RipVIS-108_00882.jpg,0.49644796489173587,0.0,0.0,0.0,0.0,0.0,0.0,0.9928959297834717,0.49999999999975714
RipVIS-108_00888.jpg,0.4963845486108717,0.0,0.0,0.0,0.0,0.0,0.0,0.9927690972217434,0.49999999999975714
RipVIS-108_00894.jpg,0.4964330150460569,0.0,0.0,0.0,0.0,0.0,0.0,0.9928660300921138,0.49999999999975714
RipVIS-108_00900.jpg,0.49640046296272355,0.0,0.0,0.0,0.0,0.0,0.0,0.9928009259254471,0.49999999999975714
RipVIS-108_00906.jpg,0.49625916280840265,0.0,0.0,0.0,0.0,0.0,0.0,0.9925183256168053,0.499999999999757
RipVIS-108_00912.jpg,0.49626687885778537,0.0,0.0,0.0,0.0,0.0,0.0,0.9925337577155707,0.4999999999997571
RipVIS-108_00918.jpg,0.4962745949071681,0.0,0.0,0.0,0.0,0.0,0.0,0.9925491898143362,0.4999999999997571
RipVIS-108_00924.jpg,0.4968578800151925,0.0,0.0,0.0,0.0,0.0,0.0,0.993715760030385,0.49999999999975736
RipVIS-108_00930.jpg,0.49634066358000756,0.0,0.0,0.0,0.0,0.0,0.0,0.9926813271600151,0.4999999999997571
RipVIS-108_00936.jpg,0.4964626736108717,0.0,0.0,0.0,0.0,0.0,0.0,0.9929253472217434,0.49999999999975714
RipVIS-108_00942.jpg,0.496480275848526,0.0,0.0,0.0,0.0,0.0,0.0,0.992960551697052,0.49999999999975714
RipVIS-108_00948.jpg,0.49648099922815564,0.0,0.0,0.0,0.0,0.0,0.0,0.9929619984563113,0.49999999999975714
RipVIS-108_00954.jpg,0.4966606385028469,0.0,0.0,0.0,0.0,0.0,0.0,0.9933212770056938,0.49999999999975725
RipVIS-108_00960.jpg,0.4964793113423532,0.0,0.0,0.0,0.0,0.0,0.0,0.9929586226847064,0.49999999999975714
RipVIS-108_00966.jpg,0.4965224729935877,0.0,0.0,0.0,0.0,0.0,0.0,0.9930449459871754,0.4999999999997572
RipVIS-108_00972.jpg,0.49650824652753833,0.0,0.0,0.0,0.0,0.0,0.0,0.9930164930550767,0.4999999999997572
RipVIS-108_00978.jpg,0.49653766396580995,0.0,0.0,0.0,0.0,0.0,0.0,0.9930753279316199,0.4999999999997572
RipVIS-108_00984.jpg,0.49660325038556297,0.0,0.0,0.0,0.0,0.0,0.0,0.9932065007711259,0.49999999999975725
RipVIS-108_00990.jpg,0.4965393518516124,0.0,0.0,0.0,0.0,0.0,0.0,0.9930787037032248,0.4999999999997572
RipVIS-108_00996.jpg,0.49659215856457534,0.0,0.0,0.0,0.0,0.0,0.0,0.9931843171291507,0.4999999999997572
RipVIS-108_01002.jpg,0.4961906828701311,0.0,0.0,0.0,0.0,0.0,0.0,0.9923813657402621,0.499999999999757
RipVIS-108_01008.jpg,0.49619212962939035,0.0,0.0,0.0,0.0,0.0,0.0,0.9923842592587807,0.499999999999757
RipVIS-108_01014.jpg,0.4959321952158102,0.0,0.0,0.0,0.0,0.0,0.0,0.9918643904316204,0.4999999999997569
RipVIS-108_01020.jpg,0.4960057388114892,0.0,0.0,0.0,0.0,0.0,0.0,0.9920114776229784,0.4999999999997569
RipVIS-108_01026.jpg,0.4960575810182793,0.0,0.0,0.0,0.0,0.0,0.0,0.9921151620365586,0.49999999999975697
RipVIS-108_01032.jpg,0.4959348476077855,0.0,0.0,0.0,0.0,0.0,0.0,0.991869695215571,0.4999999999997569
RipVIS-108_01038.jpg,0.4959488329472917,0.0,0.0,0.0,0.0,0.0,0.0,0.9918976658945834,0.4999999999997569
RipVIS-108_01044.jpg,0.4962234760800076,0.0,0.0,0.0,0.0,0.0,0.0,0.9924469521600152,0.499999999999757
RipVIS-108_01050.jpg,0.49595534336395836,0.0,0.0,0.0,0.0,0.0,0.0,0.9919106867279167,0.4999999999997569
RipVIS-108_01056.jpg,0.49558521412013135,0.0,0.0,0.0,0.0,0.0,0.0,0.9911704282402627,0.49999999999975675
RipVIS-108_01062.jpg,0.49557195216025485,0.0,0.0,0.0,0.0,0.0,0.0,0.9911439043205097,0.4999999999997567
RipVIS-108_01068.jpg,0.4959268904318596,0.0,0.0,0.0,0.0,0.0,0.0,0.9918537808637192,0.4999999999997569
RipVIS-108_01074.jpg,0.49590543016951394,0.0,0.0,0.0,0.0,0.0,0.0,0.9918108603390279,0.49999999999975686
RipVIS-108_01080.jpg,0.49602912808618055,0.0,0.0,0.0,0.0,0.0,0.0,0.9920582561723611,0.4999999999997569
RipVIS-108_01086.jpg,0.4962360146602545,0.0,0.0,0.0,0.0,0.0,0.0,0.992472029320509,0.499999999999757
RipVIS-108_01092.jpg,0.49622371720655084,0.0,0.0,0.0,0.0,0.0,0.0,0.9924474344131017,0.499999999999757
RipVIS-108_01098.jpg,0.49547164351827955,0.0,0.0,0.0,0.0,0.0,0.0,0.9909432870365591,0.4999999999997567
RipVIS-108_01104.jpg,0.49540461033926725,0.0,0.0,0.0,0.0,0.0,0.0,0.9908092206785345,0.49999999999975664
RipVIS-108_01110.jpg,0.49626060956766194,0.0,0.0,0.0,0.0,0.0,0.0,0.9925212191353239,0.499999999999757
RipVIS-108_01116.jpg,0.4954877989966746,0.0,0.0,0.0,0.0,0.0,0.0,0.9909755979933492,0.4999999999997567
RipVIS-108_01122.jpg,0.4963888888886495,0.0,0.0,0.0,0.0,0.0,0.0,0.992777777777299,0.49999999999975714
RipVIS-108_01128.jpg,0.49671826774667405,0.0,0.0,0.0,0.0,0.0,0.0,0.9934365354933481,0.4999999999997573
RipVIS-108_01134.jpg,0.4959818672837114,0.0,0.0,0.0,0.0,0.0,0.0,0.9919637345674228,0.4999999999997569
RipVIS-108_01140.jpg,0.4947224633485269,0.0,0.0,0.0,0.0,0.0,0.0,0.9894449266970538,0.4999999999997563
RipVIS-108_01146.jpg,0.49349247685161385,0.0,0.0,0.0,0.0,0.0,0.0,0.9869849537032277,0.4999999999997557
RipVIS-108_01152.jpg,0.49323953510778684,0.0,0.0,0.0,0.0,0.0,0.0,0.9864790702155737,0.4999999999997556
RipVIS-108_01158.jpg,0.49331524884235467,0.0,0.0,0.0,0.0,0.0,0.0,0.9866304976847093,0.4999999999997556
RipVIS-108_01164.jpg,0.4932378472219844,0.0,0.0,0.0,0.0,0.0,0.0,0.9864756944439688,0.4999999999997556
RipVIS-108_01170.jpg,0.49331476658926826,0.0,0.0,0.0,0.0,0.0,0.0,0.9866295331785365,0.4999999999997556
RipVIS-108_01176.jpg,0.4932139756942066,0.0,0.0,0.0,0.0,0.0,0.0,0.9864279513884132,0.49999999999975553
RipVIS-108_01182.jpg,0.49358651620346566,0.0,0.0,0.0,0.0,0.0,0.0,0.9871730324069313,0.49999999999975575
RipVIS-108_01188.jpg,0.4935894097219842,0.0,0.0,0.0,0.0,0.0,0.0,0.9871788194439683,0.49999999999975575
RipVIS-108_01194.jpg,0.49388117283926797,0.0,0.0,0.0,0.0,0.0,0.0,0.9877623456785359,0.49999999999975586
RipVIS-108_01200.jpg,0.4934022955244534,0.0,0.0,0.0,0.0,0.0,0.0,0.9868045910489068,0.49999999999975564
RipVIS-108_01206.jpg,0.4911316068670471,0.0,0.0,0.0,0.0,0.0,0.0,0.9822632137340942,0.49999999999975453
RipVIS-108_01212.jpg,0.4934587191355645,0.0,0.0,0.0,0.0,0.0,0.0,0.986917438271129,0.4999999999997557
RipVIS-108_01218.jpg,0.4935042920522311,0.0,0.0,0.0,0.0,0.0,0.0,0.9870085841044622,0.4999999999997557
RipVIS-108_01224.jpg,0.49369719328679895,0.0,0.0,0.0,0.0,0.0,0.0,0.9873943865735979,0.4999999999997558
RipVIS-108_01230.jpg,0.49367259837939154,0.0,0.0,0.0,0.0,0.0,0.0,0.9873451967587831,0.4999999999997558
RipVIS-108_01236.jpg,0.4934247202929719,0.0,0.0,0.0,0.0,0.0,0.0,0.9868494405859438,0.49999999999975564
RipVIS-108_01242.jpg,0.49225429205223176,0.0,0.0,0.0,0.0,0.0,0.0,0.9845085841044635,0.4999999999997551
RipVIS-108_01248.jpg,0.4936762152775397,0.0,0.0,0.0,0.0,0.0,0.0,0.9873524305550794,0.4999999999997558
RipVIS-108_01254.jpg,0.4939682195213667,0.0,0.0,0.0,0.0,0.0,0.0,0.9879364390427334,0.4999999999997559
RipVIS-108_01260.jpg,0.4942443094133419,0.0,0.0,0.0,0.0,0.0,0.0,0.9884886188266838,0.4999999999997561
RipVIS-108_01266.jpg,0.49301335841025606,0.0,0.0,0.0,0.0,0.0,0.0,0.9860267168205121,0.4999999999997555
RipVIS-108_01272.jpg,0.49303168402754,0.0,0.0,0.0,0.0,0.0,0.0,0.98606336805508,0.4999999999997555
RipVIS-108_01278.jpg,0.49293957368803387,0.0,0.0,0.0,0.0,0.0,0.0,0.9858791473760677,0.4999999999997554
RipVIS-108_01284.jpg,0.4930613425923548,0.0,0.0,0.0,0.0,0.0,0.0,0.9861226851847096,0.4999999999997555
RipVIS-108_01290.jpg,0.4931860050151943,0.0,0.0,0.0,0.0,0.0,0.0,0.9863720100303885,0.49999999999975553
RipVIS-108_01296.jpg,0.49275800540099696,0.0,0.0,0.0,0.0,0.0,0.0,0.9855160108019939,0.4999999999997553
RipVIS-108_01302.jpg,0.49302059220655237,0.0,0.0,0.0,0.0,0.0,0.0,0.9860411844131047,0.4999999999997555
RipVIS-108_01308.jpg,0.49311583719112023,0.0,0.0,0.0,0.0,0.0,0.0,0.9862316743822405,0.49999999999975553
RipVIS-108_01314.jpg,0.4923791956016144,0.0,0.0,0.0,0.0,0.0,0.0,0.9847583912032288,0.49999999999975514
RipVIS-108_01320.jpg,0.4923073398917379,0.0,0.0,0.0,0.0,0.0,0.0,0.9846146797834758,0.4999999999997551
RipVIS-108_01326.jpg,0.4939954668207494,0.0,0.0,0.0,0.0,0.0,0.0,0.9879909336414988,0.4999999999997559
RipVIS-108_01332.jpg,0.4930560378084042,0.0,0.0,0.0,0.0,0.0,0.0,0.9861120756168084,0.4999999999997555
RipVIS-108_01338.jpg,0.49387924382692233,0.0,0.0,0.0,0.0,0.0,0.0,0.9877584876538447,0.49999999999975586
RipVIS-108_01344.jpg,0.4929762249226018,0.0,0.0,0.0,0.0,0.0,0.0,0.9859524498452036,0.4999999999997554
RipVIS-108_01350.jpg,0.4928966531633425,0.0,0.0,0.0,0.0,0.0,0.0,0.985793306326685,0.4999999999997554
RipVIS-108_01356.jpg,0.49255135995346616,0.0,0.0,0.0,0.0,0.0,0.0,0.9851027199069323,0.49999999999975525
RipVIS-108_01362.jpg,0.49257137345655255,0.0,0.0,0.0,0.0,0.0,0.0,0.9851427469131051,0.49999999999975525
RipVIS-108_01368.jpg,0.49255425347198467,0.0,0.0,0.0,0.0,0.0,0.0,0.9851085069439693,0.49999999999975525
RipVIS-108_01374.jpg,0.4928332368824784,0.0,0.0,0.0,0.0,0.0,0.0,0.9856664737649568,0.49999999999975536
RipVIS-108_01380.jpg,0.49273341049358954,0.0,0.0,0.0,0.0,0.0,0.0,0.9854668209871791,0.4999999999997553
RipVIS-108_01386.jpg,0.4927973090275401,0.0,0.0,0.0,0.0,0.0,0.0,0.9855946180550802,0.49999999999975536
RipVIS-108_01392.jpg,0.4928380594133426,0.0,0.0,0.0,0.0,0.0,0.0,0.9856761188266852,0.49999999999975536
RipVIS-108_01398.jpg,0.49265817901210807,0.0,0.0,0.0,0.0,0.0,0.0,0.9853163580242161,0.49999999999975525
RipVIS-108_01404.jpg,0.4928055073300093,0.0,0.0,0.0,0.0,0.0,0.0,0.9856110146600185,0.49999999999975536
RipVIS-108_01410.jpg,0.49275125385778706,0.0,0.0,0.0,0.0,0.0,0.0,0.9855025077155741,0.4999999999997553
RipVIS-108_01416.jpg,0.4929195601849475,0.0,0.0,0.0,0.0,0.0,0.0,0.985839120369895,0.4999999999997554
RipVIS-108_01422.jpg,0.49302517361087334,0.0,0.0,0.0,0.0,0.0,0.0,0.9860503472217467,0.4999999999997555
RipVIS-108_01428.jpg,0.49324098186704607,0.0,0.0,0.0,0.0,0.0,0.0,0.9864819637340921,0.4999999999997556
RipVIS-108_01434.jpg,0.4932378472219844,0.0,0.0,0.0,0.0,0.0,0.0,0.9864756944439688,0.4999999999997556
RipVIS-108_01440.jpg,0.49107084297815823,0.0,0.0,0.0,0.0,0.0,0.0,0.9821416859563165,0.4999999999997545
RipVIS-108_01446.jpg,0.49413941936704564,0.0,0.0,0.0,0.0,0.0,0.0,0.9882788387340913,0.49999999999975603
RipVIS-108_01452.jpg,0.4941825810182802,0.0,0.0,0.0,0.0,0.0,0.0,0.9883651620365604,0.49999999999975603
RipVIS-108_01458.jpg,0.4942418981479098,0.0,0.0,0.0,0.0,0.0,0.0,0.9884837962958196,0.4999999999997561
RipVIS-108_01464.jpg,0.4942862654318604,0.0,0.0,0.0,0.0,0.0,0.0,0.9885725308637208,0.4999999999997561
RipVIS-108_01470.jpg,0.49100188078680024,0.0,0.0,0.0,0.0,0.0,0.0,0.9820037615736005,0.4999999999997545
RipVIS-108_01476.jpg,0.4915374228392691,0.0,0.0,0.0,0.0,0.0,0.0,0.9830748456785382,0.4999999999997547
RipVIS-108_01482.jpg,0.49166232638865176,0.0,0.0,0.0,0.0,0.0,0.0,0.9833246527773035,0.4999999999997548
RipVIS-108_01488.jpg,0.49198760609544173,0.0,0.0,0.0,0.0,0.0,0.0,0.9839752121908835,0.4999999999997549
RipVIS-108_01494.jpg,0.49194540895038,0.0,0.0,0.0,0.0,0.0,0.0,0.98389081790076,0.4999999999997549
RipVIS-108_01500.jpg,0.4920527102621084,0.0,0.0,0.0,0.0,0.0,0.0,0.9841054205242168,0.499999999999755
RipVIS-108_01506.jpg,0.4917766203701332,0.0,0.0,0.0,0.0,0.0,0.0,0.9835532407402664,0.49999999999975486
RipVIS-108_01512.jpg,0.49200882523124423,0.0,0.0,0.0,0.0,0.0,0.0,0.9840176504624885,0.499999999999755
RipVIS-108_01518.jpg,0.49177782600284925,0.0,0.0,0.0,0.0,0.0,0.0,0.9835556520056985,0.49999999999975486
RipVIS-108_01524.jpg,0.49176745756149126,0.0,0.0,0.0,0.0,0.0,0.0,0.9835349151229825,0.4999999999997548
RipVIS-108_01530.jpg,0.4917566068670468,0.0,0.0,0.0,0.0,0.0,0.0,0.9835132137340936,0.4999999999997548
RipVIS-108_01536.jpg,0.48974151234544283,0.0,0.0,0.0,0.0,0.0,0.0,0.9794830246908857,0.4999999999997538
RipVIS-108_01542.jpg,0.49105806327136814,0.0,0.0,0.0,0.0,0.0,0.0,0.9821161265427363,0.4999999999997545
RipVIS-108_01548.jpg,0.49198495370346645,0.0,0.0,0.0,0.0,0.0,0.0,0.9839699074069329,0.4999999999997549
RipVIS-108_01554.jpg,0.4898943865738378,0.0,0.0,0.0,0.0,0.0,0.0,0.9797887731476757,0.4999999999997539
RipVIS-108_01560.jpg,0.4910744598763064,0.0,0.0,0.0,0.0,0.0,0.0,0.9821489197526128,0.4999999999997545
RipVIS-108_01566.jpg,0.49126326195963965,0.0,0.0,0.0,0.0,0.0,0.0,0.9825265239192793,0.4999999999997546
RipVIS-108_01572.jpg,0.4925812596448242,0.0,0.0,0.0,0.0,0.0,0.0,0.9851625192896484,0.49999999999975525
RipVIS-108_01578.jpg,0.4898148148145786,0.0,0.0,0.0,0.0,0.0,0.0,0.9796296296291572,0.49999999999975386
RipVIS-108_01584.jpg,0.49139781057075066,0.0,0.0,0.0,0.0,0.0,0.0,0.9827956211415013,0.49999999999975464
RipVIS-108_01590.jpg,0.4916553337188987,0.0,0.0,0.0,0.0,0.0,0.0,0.9833106674377974,0.49999999999975475
RipVIS-108_01596.jpg,0.4899158468361835,0.0,0.0,0.0,0.0,0.0,0.0,0.979831693672367,0.4999999999997539
RipVIS-108_01602.jpg,0.4934582368824781,0.0,0.0,0.0,0.0,0.0,0.0,0.9869164737649562,0.4999999999997557
RipVIS-108_01608.jpg,0.4915738329472938,0.0,0.0,0.0,0.0,0.0,0.0,0.9831476658945876,0.49999999999975475
RipVIS-108_01614.jpg,0.4931792534719844,0.0,0.0,0.0,0.0,0.0,0.0,0.9863585069439688,0.49999999999975553
RipVIS-108_01620.jpg,0.492952353394824,0.0,0.0,0.0,0.0,0.0,0.0,0.985904706789648,0.4999999999997554
RipVIS-108_01626.jpg,0.4929296874997623,0.0,0.0,0.0,0.0,0.0,0.0,0.9858593749995246,0.4999999999997554
RipVIS-108_01632.jpg,0.49316333912013255,0.0,0.0,0.0,0.0,0.0,0.0,0.9863266782402651,0.49999999999975553
RipVIS-108_01638.jpg,0.493219039351614,0.0,0.0,0.0,0.0,0.0,0.0,0.986438078703228,0.49999999999975553
RipVIS-108_01644.jpg,0.4907899305553189,0.0,0.0,0.0,0.0,0.0,0.0,0.9815798611106378,0.49999999999975436
RipVIS-108_01650.jpg,0.493199508101614,0.0,0.0,0.0,0.0,0.0,0.0,0.986399016203228,0.49999999999975553
RipVIS-108_01656.jpg,0.49543161651210676,0.0,0.0,0.0,0.0,0.0,0.0,0.9908632330242135,0.49999999999975664
RipVIS-108_01662.jpg,0.49338035300902133,0.0,0.0,0.0,0.0,0.0,0.0,0.9867607060180427,0.49999999999975564
RipVIS-108_01668.jpg,0.49543957368803265,0.0,0.0,0.0,0.0,0.0,0.0,0.9908791473760653,0.49999999999975664
RipVIS-108_01674.jpg,0.49365451388865084,0.0,0.0,0.0,0.0,0.0,0.0,0.9873090277773017,0.49999999999975575
RipVIS-108_01680.jpg,0.49393156828679885,0.0,0.0,0.0,0.0,0.0,0.0,0.9878631365735977,0.4999999999997559
RipVIS-108_01686.jpg,0.49376567322507053,0.0,0.0,0.0,0.0,0.0,0.0,0.9875313464501411,0.4999999999997558
RipVIS-108_01692.jpg,0.4942346643516135,0.0,0.0,0.0,0.0,0.0,0.0,0.988469328703227,0.4999999999997561
RipVIS-108_01698.jpg,0.4938100405090211,0.0,0.0,0.0,0.0,0.0,0.0,0.9876200810180422,0.49999999999975586
RipVIS-108_01704.jpg,0.49388310185161366,0.0,0.0,0.0,0.0,0.0,0.0,0.9877662037032273,0.49999999999975586
RipVIS-108_01710.jpg,0.4942997685182801,0.0,0.0,0.0,0.0,0.0,0.0,0.9885995370365602,0.4999999999997561
RipVIS-108_01716.jpg,0.4943137538577863,0.0,0.0,0.0,0.0,0.0,0.0,0.9886275077155726,0.4999999999997561
RipVIS-108_01722.jpg,0.4943400366509962,0.0,0.0,0.0,0.0,0.0,0.0,0.9886800733019924,0.4999999999997561
RipVIS-108_01728.jpg,0.494904272762107,0.0,0.0,0.0,0.0,0.0,0.0,0.989808545524214,0.49999999999975636
RipVIS-108_01734.jpg,0.4949804687497613,0.0,0.0,0.0,0.0,0.0,0.0,0.9899609374995226,0.4999999999997564
RipVIS-108_01740.jpg,0.49525318287013154,0.0,0.0,0.0,0.0,0.0,0.0,0.9905063657402631,0.4999999999997566
RipVIS-108_01746.jpg,0.49525318287013154,0.0,0.0,0.0,0.0,0.0,0.0,0.9905063657402631,0.4999999999997566
RipVIS-108_01752.jpg,0.4952358217590204,0.0,0.0,0.0,0.0,0.0,0.0,0.9904716435180408,0.49999999999975653
RipVIS-108_01758.jpg,0.4947171585645762,0.0,0.0,0.0,0.0,0.0,0.0,0.9894343171291524,0.4999999999997563
RipVIS-108_01764.jpg,0.49531539351827963,0.0,0.0,0.0,0.0,0.0,0.0,0.9906307870365593,0.4999999999997566
RipVIS-108_01770.jpg,0.495313464505934,0.0,0.0,0.0,0.0,0.0,0.0,0.990626929011868,0.4999999999997566
RipVIS-108_01776.jpg,0.49534746334852653,0.0,0.0,0.0,0.0,0.0,0.0,0.9906949266970531,0.4999999999997566
RipVIS-108_01782.jpg,0.49534746334852653,0.0,0.0,0.0,0.0,0.0,0.0,0.9906949266970531,0.4999999999997566
RipVIS-108_01788.jpg,0.4952748842590204,0.0,0.0,0.0,0.0,0.0,0.0,0.9905497685180408,0.4999999999997566
RipVIS-108_01794.jpg,0.4932257908948239,0.0,0.0,0.0,0.0,0.0,0.0,0.9864515817896478,0.4999999999997556
RipVIS-108_01800.jpg,0.4932257908948239,0.0,0.0,0.0,0.0,0.0,0.0,0.9864515817896478,0.4999999999997556
RipVIS-108_01806.jpg,0.4933989197528485,0.0,0.0,0.0,0.0,0.0,0.0,0.986797839505697,0.49999999999975564
RipVIS-108_01812.jpg,0.4932810088732189,0.0,0.0,0.0,0.0,0.0,0.0,0.9865620177464378,0.4999999999997556
RipVIS-108_01818.jpg,0.4932810088732189,0.0,0.0,0.0,0.0,0.0,0.0,0.9865620177464378,0.4999999999997556
RipVIS-108_01824.jpg,0.49465374228371206,0.0,0.0,0.0,0.0,0.0,0.0,0.9893074845674241,0.49999999999975625
RipVIS-108_01830.jpg,0.49465326003062565,0.0,0.0,0.0,0.0,0.0,0.0,0.9893065200612513,0.49999999999975625
RipVIS-108_01836.jpg,0.4930965470676634,0.0,0.0,0.0,0.0,0.0,0.0,0.9861930941353269,0.4999999999997555
RipVIS-108_01842.jpg,0.4928308256170463,0.0,0.0,0.0,0.0,0.0,0.0,0.9856616512340926,0.49999999999975536
RipVIS-108_01848.jpg,0.4945929783948232,0.0,0.0,0.0,0.0,0.0,0.0,0.9891859567896464,0.49999999999975625
RipVIS-108_01854.jpg,0.49470461998432935,0.0,0.0,0.0,0.0,0.0,0.0,0.9894092399686587,0.4999999999997563
RipVIS-108_01860.jpg,0.4930830439812437,0.0,0.0,0.0,0.0,0.0,0.0,0.9861660879624874,0.4999999999997555
RipVIS-108_01866.jpg,0.49359567901210766,0.0,0.0,0.0,0.0,0.0,0.0,0.9871913580242153,0.49999999999975575
RipVIS-108_01872.jpg,0.49359567901210766,0.0,0.0,0.0,0.0,0.0,0.0,0.9871913580242153,0.49999999999975575
RipVIS-108_01878.jpg,0.49361858603371256,0.0,0.0,0.0,0.0,0.0,0.0,0.9872371720674251,0.49999999999975575
RipVIS-108_01884.jpg,0.49356505594112,0.0,0.0,0.0,0.0,0.0,0.0,0.98713011188224,0.49999999999975575
RipVIS-108_01890.jpg,0.4937801408176631,0.0,0.0,0.0,0.0,0.0,0.0,0.9875602816353262,0.49999999999975586
RipVIS-108_01896.jpg,0.49467279128062563,0.0,0.0,0.0,0.0,0.0,0.0,0.9893455825612513,0.49999999999975625
RipVIS-108_01902.jpg,0.4938411458330952,0.0,0.0,0.0,0.0,0.0,0.0,0.9876822916661904,0.49999999999975586
RipVIS-108_01908.jpg,0.4951082658176625,0.0,0.0,0.0,0.0,0.0,0.0,0.990216531635325,0.4999999999997565
RipVIS-108_01914.jpg,0.49417872299358884,0.0,0.0,0.0,0.0,0.0,0.0,0.9883574459871777,0.49999999999975603
RipVIS-108_01920.jpg,0.4942303240738357,0.0,0.0,0.0,0.0,0.0,0.0,0.9884606481476714,0.4999999999997561
RipVIS-108_01926.jpg,0.4942303240738357,0.0,0.0,0.0,0.0,0.0,0.0,0.9884606481476714,0.4999999999997561
RipVIS-108_01932.jpg,0.4940494791664284,0.0,0.0,0.0,0.0,0.0,0.0,0.9880989583328568,0.499999999999756
RipVIS-108_01938.jpg,0.4971407214503775,0.0,0.0,0.0,0.0,0.0,0.0,0.994281442900755,0.49999999999975747
RipVIS-108_01944.jpg,0.49380835262321865,0.0,0.0,0.0,0.0,0.0,0.0,0.9876167052464373,0.49999999999975586
RipVIS-108_01950.jpg,0.49380835262321865,0.0,0.0,0.0,0.0,0.0,0.0,0.9876167052464373,0.49999999999975586
RipVIS-108_01956.jpg,0.4938071469905026,0.0,0.0,0.0,0.0,0.0,0.0,0.9876142939810052,0.49999999999975586
RipVIS-108_01962.jpg,0.49373601466025574,0.0,0.0,0.0,0.0,0.0,0.0,0.9874720293205115,0.4999999999997558
RipVIS-108_01968.jpg,0.49360508294729283,0.0,0.0,0.0,0.0,0.0,0.0,0.9872101658945857,0.49999999999975575
RipVIS-108_01974.jpg,0.49360797646581134,0.0,0.0,0.0,0.0,0.0,0.0,0.9872159529316227,0.49999999999975575
RipVIS-108_01980.jpg,0.49389660493803345,0.0,0.0,0.0,0.0,0.0,0.0,0.9877932098760669,0.4999999999997559
RipVIS-108_01986.jpg,0.49387490354914454,0.0,0.0,0.0,0.0,0.0,0.0,0.9877498070982891,0.49999999999975586
RipVIS-108_01992.jpg,0.49387490354914454,0.0,0.0,0.0,0.0,0.0,0.0,0.9877498070982891,0.49999999999975586
RipVIS-108_01998.jpg,0.49435715663556407,0.0,0.0,0.0,0.0,0.0,0.0,0.9887143132711281,0.49999999999975614
RipVIS-108_02004.jpg,0.49435715663556407,0.0,0.0,0.0,0.0,0.0,0.0,0.9887143132711281,0.49999999999975614
RipVIS-108_02010.jpg,0.494453607252848,0.0,0.0,0.0,0.0,0.0,0.0,0.988907214505696,0.49999999999975614
RipVIS-108_02016.jpg,0.4944511959874159,0.0,0.0,0.0,0.0,0.0,0.0,0.9889023919748318,0.49999999999975614
RipVIS-108_02022.jpg,0.4944666280861813,0.0,0.0,0.0,0.0,0.0,0.0,0.9889332561723626,0.4999999999997562
RipVIS-108_02028.jpg,0.4944666280861813,0.0,0.0,0.0,0.0,0.0,0.0,0.9889332561723626,0.4999999999997562
RipVIS-108_02034.jpg,0.4946173321756874,0.0,0.0,0.0,0.0,0.0,0.0,0.9892346643513747,0.49999999999975625
RipVIS-109_00000.jpg,0.49671826774667405,0.0,0.0,0.0,0.0,0.0,0.0,0.9934365354933481,0.4999999999997573
RipVIS-109_00006.jpg,0.49693431712938996,0.0,0.0,0.0,0.0,0.0,0.0,0.9938686342587799,0.49999999999975736
RipVIS-109_00012.jpg,0.49706380208309364,0.0,0.0,0.0,0.0,0.0,0.0,0.9941276041661873,0.49999999999975747
RipVIS-109_00018.jpg,0.4971026234565504,0.0,0.0,0.0,0.0,0.0,0.0,0.9942052469131007,0.49999999999975747
RipVIS-109_00024.jpg,0.49696879822506895,0.0,0.0,0.0,0.0,0.0,0.0,0.9939375964501379,0.4999999999997574
RipVIS-109_00030.jpg,0.4966432773917358,0.0,0.0,0.0,0.0,0.0,0.0,0.9932865547834716,0.49999999999975725
RipVIS-109_00036.jpg,0.496540075231242,0.0,0.0,0.0,0.0,0.0,0.0,0.993080150462484,0.4999999999997572
RipVIS-109_00042.jpg,0.4962487943670446,0.0,0.0,0.0,0.0,0.0,0.0,0.9924975887340892,0.499999999999757
RipVIS-109_00048.jpg,0.49616054205222987,0.0,0.0,0.0,0.0,0.0,0.0,0.9923210841044597,0.499999999999757
RipVIS-109_00054.jpg,0.49598066165099536,0.0,0.0,0.0,0.0,0.0,0.0,0.9919613233019907,0.4999999999997569
RipVIS-109_00060.jpg,0.49590301890408184,0.0,0.0,0.0,0.0,0.0,0.0,0.9918060378081637,0.49999999999975686
RipVIS-109_00066.jpg,0.4959396701386497,0.0,0.0,0.0,0.0,0.0,0.0,0.9918793402772994,0.4999999999997569
RipVIS-109_00072.jpg,0.49566912615716835,0.0,0.0,0.0,0.0,0.0,0.0,0.9913382523143367,0.49999999999975675
RipVIS-109_00078.jpg,0.4957050540121066,0.0,0.0,0.0,0.0,0.0,0.0,0.9914101080242133,0.4999999999997568
RipVIS-109_00084.jpg,0.4959637827929707,0.0,0.0,0.0,0.0,0.0,0.0,0.9919275655859414,0.4999999999997569
RipVIS-109_00090.jpg,0.4960013985337114,0.0,0.0,0.0,0.0,0.0,0.0,0.9920027970674228,0.4999999999997569
RipVIS-109_00096.jpg,0.49584876543185963,0.0,0.0,0.0,0.0,0.0,0.0,0.9916975308637193,0.49999999999975686
RipVIS-109_00102.jpg,0.4956105324071684,0.0,0.0,0.0,0.0,0.0,0.0,0.9912210648143368,0.49999999999975675
RipVIS-109_00108.jpg,0.49591555748432875,0.0,0.0,0.0,0.0,0.0,0.0,0.9918311149686575,0.49999999999975686
RipVIS-109_00114.jpg,0.4959018132713658,0.0,0.0,0.0,0.0,0.0,0.0,0.9918036265427316,0.49999999999975686
RipVIS-109_00120.jpg,0.4982093942898832,0.0,0.0,0.0,0.0,0.0,0.0,0.9964187885797664,0.499999999999758
RipVIS-109_00126.jpg,0.496356095678773,0.0,0.0,0.0,0.0,0.0,0.0,0.992712191357546,0.4999999999997571
RipVIS-109_00132.jpg,0.4964161361880322,0.0,0.0,0.0,0.0,0.0,0.0,0.9928322723760644,0.49999999999975714
RipVIS-109_00138.jpg,0.4965000482250692,0.0,0.0,0.0,0.0,0.0,0.0,0.9930000964501384,0.4999999999997572
RipVIS-109_00144.jpg,0.49655237268494573,0.0,0.0,0.0,0.0,0.0,0.0,0.9931047453698915,0.4999999999997572
RipVIS-109_00150.jpg,0.4964313271602544,0.0,0.0,0.0,0.0,0.0,0.0,0.9928626543205088,0.49999999999975714
RipVIS-109_00156.jpg,0.4965911940584025,0.0,0.0,0.0,0.0,0.0,0.0,0.993182388116805,0.4999999999997572
RipVIS-109_00162.jpg,0.49457561728371213,0.0,0.0,0.0,0.0,0.0,0.0,0.9891512345674243,0.49999999999975625
RipVIS-109_00168.jpg,0.49428240740716906,0.0,0.0,0.0,0.0,0.0,0.0,0.9885648148143381,0.4999999999997561
RipVIS-109_00174.jpg,0.49457851080223064,0.0,0.0,0.0,0.0,0.0,0.0,0.9891570216044613,0.49999999999975625
RipVIS-109_00180.jpg,0.49477671682074903,0.0,0.0,0.0,0.0,0.0,0.0,0.9895534336414981,0.4999999999997563
RipVIS-109_00186.jpg,0.49474995177445275,0.0,0.0,0.0,0.0,0.0,0.0,0.9894999035489055,0.4999999999997563
RipVIS-109_00192.jpg,0.49480613425902065,0.0,0.0,0.0,0.0,0.0,0.0,0.9896122685180413,0.49999999999975636
RipVIS-109_00198.jpg,0.4948890817898848,0.0,0.0,0.0,0.0,0.0,0.0,0.9897781635797696,0.49999999999975636
RipVIS-109_00204.jpg,0.4952871817127241,0.0,0.0,0.0,0.0,0.0,0.0,0.9905743634254482,0.4999999999997566
RipVIS-109_00210.jpg,0.4951632426695143,0.0,0.0,0.0,0.0,0.0,0.0,0.9903264853390286,0.49999999999975653
RipVIS-109_00216.jpg,0.4953117766201315,0.0,0.0,0.0,0.0,0.0,0.0,0.990623553240263,0.4999999999997566
RipVIS-109_00222.jpg,0.49547622492260057,0.0,0.0,0.0,0.0,0.0,0.0,0.9909524498452011,0.4999999999997567
RipVIS-109_00228.jpg,0.495566406249761,0.0,0.0,0.0,0.0,0.0,0.0,0.991132812499522,0.4999999999997567
RipVIS-109_00234.jpg,0.49553120177445237,0.0,0.0,0.0,0.0,0.0,0.0,0.9910624035489047,0.4999999999997567
RipVIS-109_00240.jpg,0.4956995081016128,0.0,0.0,0.0,0.0,0.0,0.0,0.9913990162032256,0.4999999999997568
RipVIS-109_00246.jpg,0.4953518036263043,0.0,0.0,0.0,0.0,0.0,0.0,0.9907036072526086,0.4999999999997566
RipVIS-109_00252.jpg,0.4953216628084031,0.0,0.0,0.0,0.0,0.0,0.0,0.9906433256168062,0.4999999999997566
RipVIS-109_00258.jpg,0.4953288966046994,0.0,0.0,0.0,0.0,0.0,0.0,0.9906577932093988,0.4999999999997566
RipVIS-109_00264.jpg,0.495338782792971,0.0,0.0,0.0,0.0,0.0,0.0,0.990677565585942,0.4999999999997566
RipVIS-109_00270.jpg,0.4953843557096376,0.0,0.0,0.0,0.0,0.0,0.0,0.9907687114192752,0.49999999999975664
RipVIS-109_00276.jpg,0.4954470486108722,0.0,0.0,0.0,0.0,0.0,0.0,0.9908940972217444,0.49999999999975664
RipVIS-109_00282.jpg,0.49521484374976116,0.0,0.0,0.0,0.0,0.0,0.0,0.9904296874995223,0.49999999999975653
RipVIS-109_00288.jpg,0.4951965181324772,0.0,0.0,0.0,0.0,0.0,0.0,0.9903930362649545,0.49999999999975653
RipVIS-109_00294.jpg,0.4950896990738353,0.0,0.0,0.0,0.0,0.0,0.0,0.9901793981476706,0.4999999999997565
RipVIS-109_00300.jpg,0.49506389853371185,0.0,0.0,0.0,0.0,0.0,0.0,0.9901277970674237,0.4999999999997565
RipVIS-109_00306.jpg,0.4950694444442057,0.0,0.0,0.0,0.0,0.0,0.0,0.9901388888884114,0.4999999999997565
RipVIS-109_00312.jpg,0.49523148148124263,0.0,0.0,0.0,0.0,0.0,0.0,0.9904629629624853,0.49999999999975653
RipVIS-109_00318.jpg,0.4950291763114897,0.0,0.0,0.0,0.0,0.0,0.0,0.9900583526229794,0.4999999999997565
RipVIS-109_00324.jpg,0.4951073013114896,0.0,0.0,0.0,0.0,0.0,0.0,0.9902146026229792,0.4999999999997565
RipVIS-109_00330.jpg,0.4951041666664279,0.0,0.0,0.0,0.0,0.0,0.0,0.9902083333328559,0.4999999999997565
RipVIS-109_00336.jpg,0.49518856095655134,0.0,0.0,0.0,0.0,0.0,0.0,0.9903771219131027,0.49999999999975653
RipVIS-109_00342.jpg,0.49463614004605777,0.0,0.0,0.0,0.0,0.0,0.0,0.9892722800921155,0.49999999999975625
RipVIS-109_00348.jpg,0.49464361496889725,0.0,0.0,0.0,0.0,0.0,0.0,0.9892872299377945,0.49999999999975625
RipVIS-109_00354.jpg,0.4948570119596379,0.0,0.0,0.0,0.0,0.0,0.0,0.9897140239192758,0.49999999999975636
RipVIS-109_00360.jpg,0.4950554591046995,0.0,0.0,0.0,0.0,0.0,0.0,0.990110918209399,0.4999999999997565
RipVIS-109_00366.jpg,0.49505570023124273,0.0,0.0,0.0,0.0,0.0,0.0,0.9901114004624855,0.4999999999997565
RipVIS-109_00372.jpg,0.49516179591025505,0.0,0.0,0.0,0.0,0.0,0.0,0.9903235918205101,0.49999999999975653
RipVIS-109_00378.jpg,0.4953354070213661,0.0,0.0,0.0,0.0,0.0,0.0,0.9906708140427322,0.4999999999997566
RipVIS-109_00384.jpg,0.4952859760800081,0.0,0.0,0.0,0.0,0.0,0.0,0.9905719521600161,0.4999999999997566
RipVIS-109_00390.jpg,0.4952866994596377,0.0,0.0,0.0,0.0,0.0,0.0,0.9905733989192754,0.4999999999997566
RipVIS-109_00396.jpg,0.4986627121911175,0.0,0.0,0.0,0.0,0.0,0.0,0.997325424382235,0.49999999999975825
RipVIS-109_00402.jpg,0.49532045717568707,0.0,0.0,0.0,0.0,0.0,0.0,0.9906409143513741,0.4999999999997566
RipVIS-109_00408.jpg,0.49540991512321786,0.0,0.0,0.0,0.0,0.0,0.0,0.9908198302464357,0.49999999999975664
RipVIS-109_00414.jpg,0.4954967206787734,0.0,0.0,0.0,0.0,0.0,0.0,0.9909934413575467,0.4999999999997567
RipVIS-109_00420.jpg,0.49535734953679816,0.0,0.0,0.0,0.0,0.0,0.0,0.9907146990735963,0.49999999999975664
RipVIS-109_00426.jpg,0.4953814621911191,0.0,0.0,0.0,0.0,0.0,0.0,0.9907629243822382,0.49999999999975664
RipVIS-109_00432.jpg,0.495413532021366,0.0,0.0,0.0,0.0,0.0,0.0,0.990827064042732,0.49999999999975664
RipVIS-109_00438.jpg,0.4955198688269215,0.0,0.0,0.0,0.0,0.0,0.0,0.991039737653843,0.4999999999997567
RipVIS-109_00444.jpg,0.49555242091025486,0.0,0.0,0.0,0.0,0.0,0.0,0.9911048418205097,0.4999999999997567
RipVIS-109_00450.jpg,0.4954275173608722,0.0,0.0,0.0,0.0,0.0,0.0,0.9908550347217444,0.49999999999975664
RipVIS-109_00456.jpg,0.4954805652003783,0.0,0.0,0.0,0.0,0.0,0.0,0.9909611304007566,0.4999999999997567
RipVIS-109_00462.jpg,0.4955316840275388,0.0,0.0,0.0,0.0,0.0,0.0,0.9910633680550776,0.4999999999997567
RipVIS-109_00468.jpg,0.49557532793185977,0.0,0.0,0.0,0.0,0.0,0.0,0.9911506558637195,0.4999999999997567
RipVIS-109_00474.jpg,0.49576943479914365,0.0,0.0,0.0,0.0,0.0,0.0,0.9915388695982873,0.4999999999997568
RipVIS-109_00480.jpg,0.49584900655840286,0.0,0.0,0.0,0.0,0.0,0.0,0.9916980131168057,0.49999999999975686
RipVIS-109_00486.jpg,0.4958895158176621,0.0,0.0,0.0,0.0,0.0,0.0,0.9917790316353242,0.49999999999975686
RipVIS-109_00492.jpg,0.4944104456016134,0.0,0.0,0.0,0.0,0.0,0.0,0.9888208912032268,0.49999999999975614
RipVIS-109_00498.jpg,0.49604624807074843,0.0,0.0,0.0,0.0,0.0,0.0,0.9920924961414969,0.49999999999975697
RipVIS-109_00504.jpg,0.4960648148145756,0.0,0.0,0.0,0.0,0.0,0.0,0.9921296296291512,0.49999999999975697
RipVIS-109_00510.jpg,0.49433690200593444,0.0,0.0,0.0,0.0,0.0,0.0,0.9886738040118689,0.4999999999997561
RipVIS-109_00516.jpg,0.4958451485337115,0.0,0.0,0.0,0.0,0.0,0.0,0.991690297067423,0.49999999999975686
RipVIS-109_00522.jpg,0.4957829378855634,0.0,0.0,0.0,0.0,0.0,0.0,0.9915658757711268,0.4999999999997568
RipVIS-109_00528.jpg,0.49562041859544,0.0,0.0,0.0,0.0,0.0,0.0,0.99124083719088,0.49999999999975675
RipVIS-109_00534.jpg,0.49543957368803265,0.0,0.0,0.0,0.0,0.0,0.0,0.9908791473760653,0.49999999999975664
RipVIS-109_00540.jpg,0.4953722993824772,0.0,0.0,0.0,0.0,0.0,0.0,0.9907445987649544,0.49999999999975664
RipVIS-109_00546.jpg,0.4956440489966746,0.0,0.0,0.0,0.0,0.0,0.0,0.9912880979933492,0.49999999999975675
RipVIS-109_00552.jpg,0.49565851658926713,0.0,0.0,0.0,0.0,0.0,0.0,0.9913170331785343,0.49999999999975675
RipVIS-109_00558.jpg,0.4957052951386498,0.0,0.0,0.0,0.0,0.0,0.0,0.9914105902772996,0.4999999999997568
RipVIS-109_00564.jpg,0.49568696952136587,0.0,0.0,0.0,0.0,0.0,0.0,0.9913739390427317,0.49999999999975675
RipVIS-109_00570.jpg,0.49567346643494614,0.0,0.0,0.0,0.0,0.0,0.0,0.9913469328698923,0.49999999999975675
RipVIS-109_00576.jpg,0.4961017071756867,0.0,0.0,0.0,0.0,0.0,0.0,0.9922034143513734,0.49999999999975697
RipVIS-109_00582.jpg,0.49618296682074836,0.0,0.0,0.0,0.0,0.0,0.0,0.9923659336414967,0.499999999999757
RipVIS-109_00588.jpg,0.4961070119596373,0.0,0.0,0.0,0.0,0.0,0.0,0.9922140239192746,0.49999999999975697
RipVIS-109_00594.jpg,0.4953464988423537,0.0,0.0,0.0,0.0,0.0,0.0,0.9906929976847074,0.4999999999997566
RipVIS-109_00600.jpg,0.4966131365738346,0.0,0.0,0.0,0.0,0.0,0.0,0.9932262731476692,0.49999999999975725
RipVIS-109_00606.jpg,0.4966951195985259,0.0,0.0,0.0,0.0,0.0,0.0,0.9933902391970518,0.49999999999975725
RipVIS-109_00612.jpg,0.4967491319442049,0.0,0.0,0.0,0.0,0.0,0.0,0.9934982638884098,0.4999999999997573
RipVIS-109_00618.jpg,0.49677010995346416,0.0,0.0,0.0,0.0,0.0,0.0,0.9935402199069283,0.4999999999997573
RipVIS-109_00624.jpg,0.4967980806324765,0.0,0.0,0.0,0.0,0.0,0.0,0.993596161264953,0.4999999999997573
RipVIS-109_00630.jpg,0.4971522955244516,0.0,0.0,0.0,0.0,0.0,0.0,0.9943045910489032,0.49999999999975747
RipVIS-109_00636.jpg,0.4972330729164269,0.0,0.0,0.0,0.0,0.0,0.0,0.9944661458328538,0.4999999999997575
RipVIS-109_00642.jpg,0.49744188850284654,0.0,0.0,0.0,0.0,0.0,0.0,0.9948837770056931,0.49999999999975764
RipVIS-109_00648.jpg,0.4966948784719827,0.0,0.0,0.0,0.0,0.0,0.0,0.9933897569439654,0.49999999999975725
RipVIS-109_00654.jpg,0.4963447627312421,0.0,0.0,0.0,0.0,0.0,0.0,0.9926895254624842,0.4999999999997571
RipVIS-121_00000.jpg,0.9539264733107131,0.9230235301963273,0.9599711243284611,0.9927214362661818,0.9293126943314123,0.9793567677838905,0.15914560765368665,0.987164351846139,0.989433062985168
RipVIS-121_00030.jpg,0.940302330237475,0.9002627393728735,0.9475139629059706,0.972005524206935,0.9242262918468119,0.9620585192847643,0.12584933526562797,0.9833043981424577,0.9786915689544651
RipVIS-121_00060.jpg,0.9259724371042042,0.8761323013613254,0.9339770982308678,0.9753873497555973,0.8959398068960839,0.9583902809415338,0.10097532986202659,0.9793460648091472,0.9777153875188456
RipVIS-121_00090.jpg,0.9261250253198621,0.8764496139828833,0.9341573655394492,0.9793060766263372,0.8929881489527022,0.9607328253544215,0.0787114845717895,0.9793460648091472,0.9793295883584932
RipVIS-121_00120.jpg,0.9112005058130608,0.8523305652004979,0.920279113472644,0.988696834298361,0.8607175463814724,0.9601442441891168,0.1812307691750059,0.9744791666610273,0.9803434530168083
RipVIS-121_00150.jpg,0.8317370516386882,0.7244101660728021,0.8401831308180986,0.9269173983632404,0.7682918974375792,0.8901599952240231,0.11406518007030728,0.9474768518463688,0.9389962275677733
RipVIS-121_00180.jpg,0.8497855941212463,0.7591192170607451,0.863067391565573,0.9902799941610954,0.7648179271494449,0.9351453544126914,0.11820996337793134,0.9498611111056142,0.9662337255594147
RipVIS-121_00210.jpg,0.8788442908503689,0.8070232926242586,0.8932074045954937,0.9973340532177865,0.8087679929722301,0.9528999058513999,0.0756893640754954,0.9591030092537088,0.9742619611924523
RipVIS-121_00240.jpg,0.837980008578944,0.749964161113634,0.8571194516765136,0.9936057737648822,0.7536012676281186,0.9341074659556233,0.05422993490937366,0.9394386574019707,0.9604631351636154
RipVIS-121_00270.jpg,0.8494875605821095,0.7683550020020357,0.8690053763324059,0.9984865332036543,0.7692509042268881,0.9423242852478896,0.035896062138790236,0.9435995370315764,0.9647156929643758
RipVIS-121_00300.jpg,0.855307943573719,0.7852525380813198,0.8797103169787521,0.9973349843599296,0.7869036999110721,0.946702167891493,0.038931297700017485,0.941365740735293,0.9616868357910946
RipVIS-121_00330.jpg,0.8936952759759622,0.8462600552117849,0.9167289871466241,0.9722739499052285,0.8671874999822181,0.9492673598017561,0.11541587642497539,0.9555381944389146,0.9610911523462173
RipVIS-121_00360.jpg,0.9317896762507112,0.9065542202883686,0.9509870851207697,0.9568842216019857,0.9451621897770208,0.9545166122873481,0.060963855406996656,0.9696701388832774,0.9661159308263332
RipVIS-121_00390.jpg,0.9376775822084089,0.9170729247063667,0.9567428686593469,0.9374173038759788,0.9768820284904934,0.9450530794389933,0.06119199270673521,0.9714525462906745,0.9630762624218743
RipVIS-121_00420.jpg,0.9448222161629036,0.9274804134418414,0.9623759670643488,0.9715349735181887,0.9533880382209053,0.9678505302137688,0.11632453565094708,0.9745023148091753,0.9737682533120435
RipVIS-121_00450.jpg,0.9319674816043331,0.9128121098484268,0.9544189992824325,0.9301582253171637,0.9799792252885006,0.9397130078270592,0.10847132226818541,0.9676678240684741,0.9596430939123274
RipVIS-121_00480.jpg,0.9520830963736324,0.9393228965691475,0.9687122224266025,0.9681424369927963,0.9692826789169473,0.9683702707258046,0.15072247131272484,0.977233796290641,0.9752901092512896
RipVIS-121_00510.jpg,0.8640694280450842,0.8188558113633662,0.9004076147735687,0.8227705103092262,0.9942230839038851,0.85216135005528,0.062277157104284005,0.9356655092538445,0.9100784283226058
RipVIS-128_00000.jpg,0.7076383925387607,0.5206708082425837,0.6847909559654336,0.6965879956042286,0.6733868386418397,0.6918207383260178,0.00425572158110284,0.9054324604551377,0.8190727061714898
RipVIS-128_00030.jpg,0.7360043770167679,0.5671988714689844,0.7238377742543054,0.6746696901066359,0.7807356562970218,0.6935129754663107,0.010130111523849749,0.9153677179782846,0.8186961015373185
RipVIS-128_00060.jpg,0.8063627135238443,0.6825038639872046,0.8112954491168944,0.7654180798869386,0.8630230307838707,0.7831319893996744,0.019144144143545292,0.939323037229825,0.8702317148251955
RipVIS-128_00090.jpg,0.8478103651150029,0.7511778265941951,0.8579115326684268,0.8306868567271053,0.8869811815221502,0.8413667160463695,0.012271839845911809,0.9524227189427864,0.904279584867878
RipVIS-128_00120.jpg,0.8471366872646585,0.7506688889175188,0.8575795156577846,0.8295398247766101,0.8875810883433408,0.8405327546148743,0.01298196284846454,0.9517901234566754,0.9036284787846283
RipVIS-128_00150.jpg,0.8221602135078847,0.7053654736643636,0.8272308599619135,0.7471709443367688,0.9265067375897047,0.7772604434269239,0.011950904392378846,0.9467387635029723,0.8674876310859319
RipVIS-128_00180.jpg,0.7944276234720926,0.65039293743104,0.7881673784225293,0.6881057140636403,0.9222820586362829,0.7249184781730126,0.01517768549427887,0.9447835889273553,0.8389653395719077
RipVIS-128_00210.jpg,0.8306710966199025,0.7106161542955777,0.8308306366815594,0.9004937593595507,0.7711719797776692,0.8712721416630448,0.005817956485616292,0.9560445601850699,0.9320518762887022
RipVIS-128_00240.jpg,0.9113727410642596,0.8506841979069985,0.9193185945706632,0.9550447983959323,0.8861688925537063,0.9404262065241354,0.019574356278915715,0.9758977141202527,0.967222103570077
RipVIS-128_00270.jpg,0.8017083662964506,0.6742812153280526,0.805457541009246,0.7797775119189562,0.8328865850713348,0.7898504865651391,0.012680521309914485,0.9382013165508127,0.8745355661050063
RipVIS-128_00300.jpg,0.6700588804704268,0.4779482363780801,0.6467726333222055,0.5363172497844404,0.8145254305018663,0.5756402258343921,0.015137084154869819,0.8776130883486596,0.752032436678784
RipVIS-128_00330.jpg,0.6479288162490795,0.4464065902377147,0.6172629373381775,0.48116502586038834,0.8607175961641735,0.5277057430560951,0.012237762237350801,0.865749059606377,0.729280515059471
RipVIS-128_00360.jpg,0.6127176665688694,0.38383424612128986,0.5547402041785396,0.3963760855485616,0.9238432566024828,0.4474729066874202,0.006065705970826209,0.8558270640431067,0.6934017986741956
RipVIS-128_00390.jpg,0.6779220499352286,0.49473121970906253,0.6619667980245412,0.5959887708629497,0.7443712849125439,0.6207362055391021,0.00458040789018454,0.8777391975307584,0.7722725533750794
RipVIS-128_00420.jpg,0.6844877703220444,0.5013589641202076,0.6678735413739015,0.6140960028232254,0.7319738654004052,0.6345331848318528,0.006444783461301884,0.88316755883477,0.7804541059647624
RipVIS-128_00450.jpg,0.8143692992151793,0.7052279168137677,0.8271362553476042,0.8209282297625099,0.8334388890723934,0.8234002237653023,0.009944126645937737,0.9353427613810601,0.8914180464753023
RipVIS-128_00480.jpg,0.7585565632850086,0.6168205102833618,0.7630043116848619,0.8400073225197964,0.6989334641239394,0.8074133978613142,0.005068512304073388,0.9140826340662478,0.884345064831904
RipVIS-128_00510.jpg,0.7776578227004926,0.6389109743073348,0.779677461830851,0.7891519471672336,0.7704277771484764,0.7853346549989749,0.005297038807971417,0.927176287615629,0.8716315496480107
RipVIS-128_00570.jpg,0.8698812595455492,0.7958554220986426,0.8863246030892659,0.8804673001684933,0.8922603592574965,0.8828009067557431,0.015140747149054761,0.9539723186727245,0.9266271422795955
RipVIS-128_00600.jpg,0.7910601810942408,0.6700415609509054,0.8024250133863619,0.8037608254697809,0.8010936340471211,0.8032259672915836,0.003942591331860036,0.9253982204859995,0.8787049843892942
RipVIS-129_00000.jpg,0.47360050154315275,0.0,0.0,0.0,0.0,0.0,0.0,0.9472010030863055,0.49999999999993633
RipVIS-129_00030.jpg,0.47360050154315275,0.0,0.0,0.0,0.0,0.0,0.0,0.9472010030863055,0.49999999999993633
RipVIS-129_00060.jpg,0.4730632716048812,0.0,0.0,0.0,0.0,0.0,0.0,0.9461265432097624,0.4999999999999363
RipVIS-129_00090.jpg,0.4730632716048812,0.0,0.0,0.0,0.0,0.0,0.0,0.9461265432097624,0.4999999999999363
RipVIS-129_00120.jpg,0.4730632716048812,0.0,0.0,0.0,0.0,0.0,0.0,0.9461265432097624,0.4999999999999363
RipVIS-129_00150.jpg,0.4748551432291094,0.0,0.0,0.0,0.0,0.0,0.0,0.9497102864582188,0.4999999999999365
RipVIS-129_00180.jpg,0.4748551432291094,0.0,0.0,0.0,0.0,0.0,0.0,0.9497102864582188,0.4999999999999365
RipVIS-129_00210.jpg,0.4748551432291094,0.0,0.0,0.0,0.0,0.0,0.0,0.9497102864582188,0.4999999999999365
RipVIS-129_00240.jpg,0.47545808015040564,0.0,0.0,0.0,0.0,0.0,0.0,0.9509161603008113,0.4999999999999366
RipVIS-129_00270.jpg,0.47545808015040564,0.0,0.0,0.0,0.0,0.0,0.0,0.9509161603008113,0.4999999999999366
RipVIS-129_00300.jpg,0.47471601321367735,0.0,0.0,0.0,0.0,0.0,0.0,0.9494320264273547,0.4999999999999365
RipVIS-129_00330.jpg,0.47471601321367735,0.0,0.0,0.0,0.0,0.0,0.0,0.9494320264273547,0.4999999999999365
RipVIS-129_00360.jpg,0.4750245949073501,0.0,0.0,0.0,0.0,0.0,0.0,0.9500491898147002,0.49999999999993655
RipVIS-129_00390.jpg,0.4750245949073501,0.0,0.0,0.0,0.0,0.0,0.0,0.9500491898147002,0.49999999999993655
RipVIS-129_00420.jpg,0.4750021701388316,0.0,0.0,0.0,0.0,0.0,0.0,0.9500043402776632,0.49999999999993655
RipVIS-129_00450.jpg,0.47543487172062165,0.0,0.0,0.0,0.0,0.0,0.0,0.9508697434412433,0.4999999999999366
RipVIS-129_00480.jpg,0.47578649450225746,0.0,0.0,0.0,0.0,0.0,0.0,0.9515729890045149,0.49999999999993666
RipVIS-129_00510.jpg,0.4760916401426895,0.0,0.0,0.0,0.0,0.0,0.0,0.952183280285379,0.49999999999993666
RipVIS-129_00540.jpg,0.4769388382522573,0.0,0.0,0.0,0.0,0.0,0.0,0.9538776765045146,0.4999999999999368
RipVIS-129_00570.jpg,0.4773838975693869,0.0,0.0,0.0,0.0,0.0,0.0,0.9547677951387737,0.49999999999993683
RipVIS-129_00600.jpg,0.4773838975693869,0.0,0.0,0.0,0.0,0.0,0.0,0.9547677951387737,0.49999999999993683
RipVIS-129_00630.jpg,0.4773838975693869,0.0,0.0,0.0,0.0,0.0,0.0,0.9547677951387737,0.49999999999993683
RipVIS-129_00660.jpg,0.4773838975693869,0.0,0.0,0.0,0.0,0.0,0.0,0.9547677951387737,0.49999999999993683
RipVIS-129_00690.jpg,0.4775180242090474,0.0,0.0,0.0,0.0,0.0,0.0,0.9550360484180948,0.4999999999999369
RipVIS-129_00720.jpg,0.477313066647319,0.0,0.0,0.0,0.0,0.0,0.0,0.954626133294638,0.49999999999993683
RipVIS-129_00750.jpg,0.4774866174767943,0.0,0.0,0.0,0.0,0.0,0.0,0.9549732349535885,0.4999999999999369
RipVIS-129_00780.jpg,0.4774866174767943,0.0,0.0,0.0,0.0,0.0,0.0,0.9549732349535885,0.4999999999999369
RipVIS-129_00810.jpg,0.47592387635025124,0.0,0.0,0.0,0.0,0.0,0.0,0.9518477527005025,0.49999999999993666
RipVIS-129_00840.jpg,0.47592387635025124,0.0,0.0,0.0,0.0,0.0,0.0,0.9518477527005025,0.49999999999993666
RipVIS-129_00870.jpg,0.4760230396411463,0.0,0.0,0.0,0.0,0.0,0.0,0.9520460792822926,0.49999999999993666
RipVIS-129_00900.jpg,0.4760230396411463,0.0,0.0,0.0,0.0,0.0,0.0,0.9520460792822926,0.49999999999993666
RipVIS-129_00930.jpg,0.4760230396411463,0.0,0.0,0.0,0.0,0.0,0.0,0.9520460792822926,0.49999999999993666
RipVIS-129_00960.jpg,0.4757368224343562,0.0,0.0,0.0,0.0,0.0,0.0,0.9514736448687124,0.4999999999999366
RipVIS-129_00990.jpg,0.47580801504623893,0.0,0.0,0.0,0.0,0.0,0.0,0.9516160300924779,0.49999999999993666
RipVIS-129_01020.jpg,0.47580801504623893,0.0,0.0,0.0,0.0,0.0,0.0,0.9516160300924779,0.49999999999993666
RipVIS-129_01050.jpg,0.47449315200611564,0.0,0.0,0.0,0.0,0.0,0.0,0.9489863040122313,0.49999999999993644
RipVIS-129_01080.jpg,0.4737820698301898,0.0,0.0,0.0,0.0,0.0,0.0,0.9475641396603796,0.4999999999999364
RipVIS-129_01110.jpg,0.4742355082946959,0.0,0.0,0.0,0.0,0.0,0.0,0.9484710165893918,0.49999999999993644
RipVIS-129_01140.jpg,0.4742355082946959,0.0,0.0,0.0,0.0,0.0,0.0,0.9484710165893918,0.49999999999993644
RipVIS-129_01170.jpg,0.47279996141969605,0.0,0.0,0.0,0.0,0.0,0.0,0.9455999228393921,0.4999999999999362
RipVIS-129_01200.jpg,0.47306134259253557,0.0,0.0,0.0,0.0,0.0,0.0,0.9461226851850711,0.4999999999999363
RipVIS-129_01230.jpg,0.4740582200038009,0.0,0.0,0.0,0.0,0.0,0.0,0.9481164400076018,0.4999999999999364
RipVIS-129_01260.jpg,0.4740582200038009,0.0,0.0,0.0,0.0,0.0,0.0,0.9481164400076018,0.4999999999999364
RipVIS-129_01290.jpg,0.4773499590084301,0.0,0.0,0.0,0.0,0.0,0.0,0.9546999180168602,0.49999999999993683
RipVIS-129_01320.jpg,0.47685661410102276,0.0,0.0,0.0,0.0,0.0,0.0,0.9537132282020455,0.4999999999999368
RipVIS-129_01350.jpg,0.47719509548605354,0.0,0.0,0.0,0.0,0.0,0.0,0.9543901909721071,0.49999999999993683
RipVIS-129_01380.jpg,0.47960111641583725,0.0,0.0,0.0,0.0,0.0,0.0,0.9592022328316745,0.49999999999993716
RipVIS-129_01410.jpg,0.47980969087571373,0.0,0.0,0.0,0.0,0.0,0.0,0.9596193817514275,0.49999999999993716
RipVIS-129_01440.jpg,0.47980969087571373,0.0,0.0,0.0,0.0,0.0,0.0,0.9596193817514275,0.49999999999993716
RipVIS-129_01470.jpg,0.4768438343942326,0.0,0.0,0.0,0.0,0.0,0.0,0.9536876687884652,0.4999999999999368
RipVIS-129_01500.jpg,0.4768438343942326,0.0,0.0,0.0,0.0,0.0,0.0,0.9536876687884652,0.4999999999999368
RipVIS-129_01530.jpg,0.4772576075423807,0.0,0.0,0.0,0.0,0.0,0.0,0.9545152150847614,0.49999999999993683
RipVIS-129_01560.jpg,0.4782072241511769,0.0,0.0,0.0,0.0,0.0,0.0,0.9564144483023538,0.49999999999993694
RipVIS-129_01590.jpg,0.4788561559605904,0.0,0.0,0.0,0.0,0.0,0.0,0.9577123119211808,0.49999999999993705
RipVIS-129_01620.jpg,0.4788561559605904,0.0,0.0,0.0,0.0,0.0,0.0,0.9577123119211808,0.49999999999993705
RipVIS-129_01650.jpg,0.48364010657787376,0.0,0.0,0.0,0.0,0.0,0.0,0.9672802131557475,0.49999999999993766
RipVIS-129_01680.jpg,0.48364010657787376,0.0,0.0,0.0,0.0,0.0,0.0,0.9672802131557475,0.49999999999993766
RipVIS-129_01710.jpg,0.48364010657787376,0.0,0.0,0.0,0.0,0.0,0.0,0.9672802131557475,0.49999999999993766
RipVIS-129_01740.jpg,0.48364010657787376,0.0,0.0,0.0,0.0,0.0,0.0,0.9672802131557475,0.49999999999993766
RipVIS-129_01770.jpg,0.48164098668975674,0.0,0.0,0.0,0.0,0.0,0.0,0.9632819733795135,0.4999999999999374
RipVIS-129_01800.jpg,0.4812211853780284,0.0,0.0,0.0,0.0,0.0,0.0,0.9624423707560568,0.49999999999993733
RipVIS-129_01830.jpg,0.4812211853780284,0.0,0.0,0.0,0.0,0.0,0.0,0.9624423707560568,0.49999999999993733
RipVIS-129_01860.jpg,0.4812211853780284,0.0,0.0,0.0,0.0,0.0,0.0,0.9624423707560568,0.49999999999993733
RipVIS-129_01890.jpg,0.4812211853780284,0.0,0.0,0.0,0.0,0.0,0.0,0.9624423707560568,0.49999999999993733
RipVIS-129_01920.jpg,0.4812211853780284,0.0,0.0,0.0,0.0,0.0,0.0,0.9624423707560568,0.49999999999993733
RipVIS-129_01950.jpg,0.48143548659330615,0.0,0.0,0.0,0.0,0.0,0.0,0.9628709731866123,0.4999999999999374
RipVIS-129_01980.jpg,0.48143548659330615,0.0,0.0,0.0,0.0,0.0,0.0,0.9628709731866123,0.4999999999999374
RipVIS-129_02010.jpg,0.4819944782021024,0.0,0.0,0.0,0.0,0.0,0.0,0.9639889564042048,0.49999999999993744
RipVIS-129_02040.jpg,0.4789723186727817,0.0,0.0,0.0,0.0,0.0,0.0,0.9579446373455635,0.49999999999993705
RipVIS-133_00000.jpg,0.8101545984021328,0.6277258662379968,0.771291873230224,0.9407529843807094,0.6535632491840438,0.8647546311067894,0.03747126436494473,0.9926749373069791,0.967059346017183
RipVIS-133_00030.jpg,0.7948039113777023,0.5982732753950334,0.7486495389809513,0.8876010011852409,0.6473142913107427,0.8262586299913212,0.03533863034163158,0.9914449508100657,0.9402791188570923
RipVIS-133_00060.jpg,0.79044707977569,0.5908169440212263,0.7427843237924967,0.9135988271827323,0.6257825018661158,0.836639644889285,0.022164368138040784,0.9902173755785842,0.9525096989995897
RipVIS-133_00090.jpg,0.7891803286763877,0.5904282556270615,0.7424770699817228,0.9750237181799899,0.5994952953384586,0.8664709203011708,0.03823823823568647,0.9881387442128438,0.9816982823090467
RipVIS-133_00120.jpg,0.7820645445719809,0.5773689881454506,0.7320658545775985,0.9759908334593335,0.5856875993617421,0.861208645808008,0.010386134827935125,0.9869953221449427,0.981595092836046
RipVIS-133_00150.jpg,0.8022558282527805,0.6151253779094117,0.7617060400668318,0.9554108458545593,0.6333063264688605,0.8671981065729648,0.016554780680665137,0.9895633198301276,0.9727905124943124
RipVIS-133_00180.jpg,0.4896419270832743,0.0,0.0,0.0,0.0,0.0,0.0,0.9792838541665486,0.49999999999993844
RipVIS-133_00210.jpg,0.4884440706982436,0.0,0.0,0.0,0.0,0.0,0.0,0.9768881413964872,0.49999999999993827
RipVIS-133_00240.jpg,0.48897069106861385,0.0,0.0,0.0,0.0,0.0,0.0,0.9779413821372277,0.4999999999999383
RipVIS-133_00270.jpg,0.4886199725115152,0.0,0.0,0.0,0.0,0.0,0.0,0.9772399450230304,0.4999999999999383
RipVIS-133_00300.jpg,0.4856807002314229,0.0,0.0,0.0,0.0,0.0,0.0,0.9713614004628458,0.49999999999993794
RipVIS-133_00330.jpg,0.486731047453645,0.0,0.0,0.0,0.0,0.0,0.0,0.97346209490729,0.49999999999993805
RipVIS-133_00360.jpg,0.4868602309991697,0.0,0.0,0.0,0.0,0.0,0.0,0.9737204619983394,0.49999999999993805
RipVIS-133_00390.jpg,0.4840832971642935,0.0,0.0,0.0,0.0,0.0,0.0,0.968166594328587,0.4999999999999377
RipVIS-133_00420.jpg,0.4818605324073493,0.0,0.0,0.0,0.0,0.0,0.0,0.9637210648146985,0.49999999999993744
RipVIS-133_00450.jpg,0.48302209924762696,0.0,0.0,0.0,0.0,0.0,0.0,0.9660441984952539,0.4999999999999376
RipVIS-134_00000.jpg,0.8123449787603527,0.6341433340891088,0.7761171506324297,0.8921908777863554,0.6867687693204793,0.8418302464083807,0.007929345022696665,0.990699025848646,0.9423513281261768
RipVIS-134_00060.jpg,0.8248282689317623,0.6587079496174417,0.7942422290426276,0.9769033948581283,0.6691287024476154,0.8946061803032359,0.02590103848345137,0.9911039978779669,0.9841307209103998
RipVIS-134_00120.jpg,0.6793719016878608,0.3859949658345854,0.5569933157760875,0.9615853196797864,0.3920403203616933,0.7450948182250677,0.029555426772516127,0.9732078269674752,0.9675001767401308
RipVIS-134_00180.jpg,0.6118115199064501,0.2627980538072377,0.41621548752775167,0.7818828924350166,0.2835882401122974,0.5785634192861564,0.006412790442025177,0.9613645351079088,0.8732328335567636
RipVIS-134_00240.jpg,0.6912295818029381,0.4040662366042131,0.5755657761295685,0.9019309555300191,0.42263471785855017,0.7351818157263421,0.006791778373244335,0.9787049093363017,0.9409424627149888
RipVIS-134_00300.jpg,0.7850038337876704,0.580088497825336,0.7342481115756585,0.949659058694006,0.5984922511132204,0.8499204712637161,0.019079271293754353,0.9900576292437078,0.9701547737245987
RipVIS-134_00360.jpg,0.7508980420583931,0.5183483126389706,0.6827791862040582,0.6354038544844178,0.737788236247057,0.6535425413807479,0.00924623115531426,0.9837374614196345,0.8145037875091292
RipVIS-134_00420.jpg,0.6645680127319957,0.35096253250936427,0.5195740430453892,0.41782040541177107,0.686844234941811,0.4533327710775632,0.022477494890237062,0.9784280960646968,0.7061746261083148
RipVIS-134_00480.jpg,0.6411203947648241,0.32773681555650863,0.4936773790054782,0.7520726427835589,0.36743497611292425,0.6218746803846718,0.03277928101921997,0.9554911747684033,0.8568035801641831
RipVIS-134_00540.jpg,0.6721884305240172,0.36459794430635867,0.5343668379797951,0.45222533309667956,0.652971577996438,0.4818530190267517,0.045581188005929946,0.9800108506943263,0.7229854503724789
RipVIS-134_00600.jpg,0.5977379995012095,0.2277629797818792,0.3710210904426242,0.6351319538536118,0.262050856085508,0.4943663466933564,0.0308789759109357,0.9680175781248833,0.8040840128658413
RipVIS-134_00660.jpg,0.6831130241649758,0.38795735642773016,0.5590335389355758,0.7425597100922908,0.4482476096518755,0.6563676432218868,0.015008241519258773,0.9785639708717956,0.8627613490360453
RipVIS-134_00720.jpg,0.6126493286275504,0.270026082712062,0.42522919235711765,0.9287026272096152,0.27574226281848313,0.6302262482306851,0.0415853911582658,0.9560005545909341,0.942595061915132
RipVIS-134_00780.jpg,0.6285769630901783,0.28293571890602254,0.4410754408604132,0.6553065963671679,0.33240609193486065,0.5487039817957036,0.02811102749001235,0.9744778404705615,0.8173829226106041
RipVIS-134_00840.jpg,0.6062854099760656,0.2387616234693806,0.38548437236969707,0.4575558564627112,0.3330278077537807,0.4257183497138192,0.011818808921047651,0.9740225935569813,0.7204710064101898
RipVIS-137_00000.jpg,0.8187282754444455,0.7480331898690206,0.8558569645065726,0.7985989307899521,0.9219597346668198,0.82055751105949,0.009012146806173009,0.9167518446178069,0.8841517000923391
RipVIS-137_00030.jpg,0.79135951580414,0.7029676550810426,0.8255795733801992,0.7158557312437243,0.9750285042282069,0.7560488705078183,0.008203980794844358,0.9063910590275319,0.8538195309821366
RipVIS-137_00060.jpg,0.7295461806032215,0.6112201638219419,0.7587047103135542,0.63121847788905,0.9507202223456657,0.6767013117448337,0.006487930540669405,0.8772338867185121,0.8084039044960739
RipVIS-137_00090.jpg,0.7856948872008245,0.6950443648070107,0.8200898799320158,0.7153208269194585,0.9608151120530596,0.7538431575416962,0.0169700557438227,0.903532714843505,0.8511874887119125
RipVIS-137_00120.jpg,0.7665457060907781,0.6920933383241941,0.8180321057343393,0.7397968283385901,0.9147713564041744,0.7692237585068733,0.028518413939392584,0.882862413194205,0.850855546184426
RipVIS-137_00150.jpg,0.7930168450320703,0.7554848390147235,0.8607136014216381,0.8372193847872735,0.8855644879406602,0.8464614596769494,0.007630161579628844,0.888779296874759,0.8809480024993646
RipVIS-143_00000.jpg,0.8937634527752287,0.8084844342101879,0.8941016233443824,0.9865937893274408,0.8174651002331491,0.9473918369996844,0.0114141645651426,0.9807459249613015,0.9834073392009477
RipVIS-143_00012.jpg,0.8995238970510133,0.8188188284559331,0.9003852562391392,0.9783234542109526,0.8339486832482215,0.9455832235324204,0.01152332771165808,0.9818506462190174,0.9802484420047786
RipVIS-143_00024.jpg,0.9279064779264858,0.8698675387499895,0.930405518811774,0.958208734369192,0.9041702736928968,0.9468904017010895,0.015501205648565464,0.9871524160878439,0.974105304144661
RipVIS-143_00036.jpg,0.911745953790497,0.8400062957654116,0.9130471973912275,0.964629348631126,0.8667015905641737,0.9433125574975034,0.010369702434106317,0.984803240740622,0.9756258399018387
RipVIS-143_00048.jpg,0.930655727582739,0.8746468003601371,0.9331323641254547,0.957283104000047,0.9101702081570621,0.9474743321639134,0.019680901881165523,0.9877998408563624,0.9740307519322575
RipVIS-143_00060.jpg,0.7662764127971775,0.5896546972067817,0.7418651336581175,0.9914111338422583,0.5926823200822128,0.8738359773511215,0.009908838683713483,0.9472282503856883,0.9674900011763274
RipVIS-143_00072.jpg,0.7612476219850242,0.586566851309303,0.7394164964750686,0.9585982402401102,0.6018130397449434,0.8569853862005857,0.005260273972410584,0.9412673611109976,0.9491078267074773
RipVIS-143_00084.jpg,0.7565781951545091,0.5772071995661002,0.7319357909663279,0.970095893856466,0.587663464774266,0.8583753016026963,0.007370482463686292,0.9410996576001952,0.9542873935388596
RipVIS-143_00096.jpg,0.7573804249223312,0.5814561203792359,0.7353427172418817,0.9681962844260792,0.5927781312809207,0.8593478724618245,0.00835028369523783,0.9389603829088374,0.9521751390829334
RipVIS-143_00108.jpg,0.7505974979788465,0.5707420932481492,0.7267164936898168,0.9424094522421931,0.5913678154621298,0.8423983015318515,0.007732690124583829,0.9363395785106896,0.9390750326897124
RipVIS-143_00120.jpg,0.7495191772487865,0.5710850519230241,0.7269944440296343,0.9745639398295028,0.5797260339598276,0.8577281982057124,0.00892195930426625,0.9342596209489614,0.9524231977206419
RipVIS-143_00132.jpg,0.7417547356570156,0.5557520850490365,0.7144481314084429,0.9598912598788892,0.568964532667462,0.8439220968169999,0.009690605398206688,0.9337451774690232,0.9455827069380414
RipVIS-143_00144.jpg,0.7395770123745053,0.5541393686713942,0.7131141258523268,0.9462686766887525,0.5721419965704265,0.8368274914323598,0.015228247871730032,0.9314072145060606,0.9381022169262154
RipVIS-143_00156.jpg,0.743709588528795,0.5586005403220268,0.7167975704751299,0.9563760215308976,0.5732057736368118,0.843592894318645,0.010084275732547566,0.9347008825230354,0.9445134440395955
RipVIS-143_00168.jpg,0.7358203082470809,0.5459861801231629,0.7063273749053387,0.9076025652979192,0.578120116589853,0.8147356694057876,0.008868944559949509,0.931755883487542,0.9208798005940197
RipVIS-143_00180.jpg,0.7385437899121465,0.5503552343445738,0.7099730721743153,0.9787842375876049,0.5569998498582168,0.8500459262152017,0.008719878427935455,0.9327621045523566,0.9536607492546842
RipVIS-143_00192.jpg,0.7396261063200846,0.5473804856602322,0.7074930706867192,0.9717540732790767,0.5562304915829744,0.8454395115125302,0.004940014114142554,0.9370576533563685,0.9529314370995097
RipVIS-143_00204.jpg,0.7464508104307543,0.5579973989888678,0.7163008094249774,0.9864760735335326,0.5622988563205316,0.8571549493501761,0.007793721319550087,0.9398474874613064,0.9612173813298932
RipVIS-143_00216.jpg,0.7437412566826991,0.5542954655920633,0.7132433669951173,0.9715832226329966,0.5634297796902482,0.8486319469246779,0.007541150025105462,0.9383127170137757,0.953521833439176
RipVIS-143_00228.jpg,0.7647005544831126,0.5894922278304049,0.7417365338552663,0.9337139731356533,0.6152394505335869,0.8461166643166244,0.012508401164494497,0.944682315779207,0.9397081005726342
RipVIS-143_00240.jpg,0.7641785619422482,0.589494994324122,0.7417387238451599,0.9401716483821203,0.6124705057857492,0.8492895110296235,0.01602055467331593,0.9437965374227257,0.9421542941389547
RipVIS-143_00252.jpg,0.7848018191458961,0.6228989792948136,0.7676374034882656,0.9661873931914572,0.6367800953968075,0.875597783981803,0.015048938062785835,0.9510168306326013,0.9579088465067098
RipVIS-143_00264.jpg,0.7653051035494935,0.5913517367466554,0.7432068261107495,0.9381750272622634,0.6153309368696174,0.8490782858389564,0.016433791509847636,0.9441661844134663,0.9414528998929768
RipVIS-143_00276.jpg,0.7568463536977315,0.5766166853816178,0.7314608436254733,0.9393670261291267,0.598907210798178,0.8434698386146742,0.008923464134198091,0.9420428240739604,0.9408276595897238
RipVIS-143_00288.jpg,0.7373728196839118,0.5433092135486454,0.704083418642171,0.9751098598735538,0.550949910601345,0.8450015480771154,0.006232605542462757,0.9366072289736525,0.9542448165561821
RipVIS-143_00300.jpg,0.7490817583998807,0.564487633267824,0.7216262005072553,0.9411722546321959,0.5851329758550236,0.8390624133417811,0.011314021033018944,0.9389261429397016,0.9399460658162145
RipVIS-143_00312.jpg,0.7759266620826615,0.6085468211877825,0.7566417255276655,0.9626387577380319,0.6232674516550607,0.8681018584562966,0.019884338112180766,0.94789846161254,0.9545915165647985
RipVIS-143_00324.jpg,0.7778558671021216,0.610511398265522,0.7581584320645313,0.9787294663779995,0.6187206602648581,0.8767054938723283,0.025633958102628997,0.9495351080245769,0.9628487907143743
RipVIS-143_00336.jpg,0.8016145368791345,0.6494175685093118,0.7874507716032557,0.9320506422946834,0.6816919590851124,0.868274050794479,0.013710964678356691,0.9574518952545141,0.9459244652284795
RipVIS-143_00348.jpg,0.7997409277480846,0.64559128724423,0.7846313872083777,0.9162724652048903,0.6860643610325113,0.8586487461422331,0.015373806669613018,0.9574633487653167,0.9387704550988925
RipVIS-143_00360.jpg,0.7583903488662311,0.5791564209093116,0.7335010176836328,0.9236897044267837,0.6082597019488701,0.8368910715639524,0.011347964852383942,0.942555338541553,0.9340053917964437
RipVIS-143_00372.jpg,0.761203410857511,0.5845675696747324,0.7378259922291958,0.9475857367058248,0.6041008478231187,0.8508311488961844,0.015104166666061531,0.9428390239196394,0.9449922391332684
RipVIS-143_00384.jpg,0.7828937449793467,0.6186208062975627,0.7643801486928832,0.9582993634381607,0.6357344203486947,0.8700123449735759,0.009521785334345514,0.951337046681984,0.9545057262413184
RipVIS-143_00396.jpg,0.7946959410222811,0.6370091380581455,0.7782597216455115,0.9586062717755669,0.6550268245445817,0.877288458431476,0.005877034357805481,0.9560549286264279,0.9572189954022823
RipVIS-143_00408.jpg,0.8000344961916276,0.6461379526363622,0.7850349985571305,0.9661698607748037,0.6610947728692348,0.8845328689762658,0.01673902153879032,0.95750566647365,0.9614594731085142
RipVIS-143_00420.jpg,0.773506138765875,0.6040312738605126,0.7531415175051499,0.9624790998682368,0.618597585128066,0.8661767012738004,0.018372160383234488,0.9475436439042068,0.9543342132991286
RipVIS-143_00432.jpg,0.7623285646501365,0.585588088869843,0.7386383550436881,0.9628649584250331,0.5991188985771176,0.8586068966742003,0.012362977004353293,0.9438992573301331,0.9525313302426176
RipVIS-143_00444.jpg,0.7546152471972125,0.572591204423752,0.7282136677517128,0.9825077741528935,0.5784884394655729,0.862090128328908,0.018197754496506624,0.9415967399690223,0.960282341552603
RipVIS-143_00456.jpg,0.7485869124283674,0.5628791846231661,0.7203105526789453,0.9838067883752754,0.5681429434445021,0.8582277426604711,0.015359841446163761,0.9394202112267386,0.9597021878314944
RipVIS-143_00468.jpg,0.7771562012046471,0.6092520289776545,0.757186591045913,0.9708500222504511,0.6206047019726015,0.872382253389554,0.023584905659401485,0.9493952546295151,0.9591736824373165
RipVIS-143_00480.jpg,0.7860806634932731,0.6233493296273155,0.7679792860978635,0.9625777154322901,0.6388307865261965,0.8739931897545716,0.01984619201108715,0.9528097270446382,0.957262467399932
RipVIS-143_00492.jpg,0.7758921627643032,0.6048336432439156,0.7537649098897762,0.961041305379387,0.6200361531885679,0.8658066844100671,0.018034046337874164,0.9509346064813669,0.9555595998757822
RipVIS-143_00504.jpg,0.7566694115603302,0.5687549773014201,0.7251036465615494,0.926617994647948,0.595580909647129,0.8339161721762528,0.018014705881617046,0.9483581693671695,0.9383504463460718
RipVIS-143_00516.jpg,0.7685122828236401,0.5864816816499497,0.7393488225341569,0.8832670474839268,0.6357591654253899,0.8194619750892844,0.019696330661337143,0.9537846016588356,0.9213520609668414
RipVIS-143_00528.jpg,0.7638972646299909,0.576190052875587,0.7311174839917192,0.8538331346231,0.6392433665983716,0.8001145056537167,0.012172325348338377,0.9545921344520454,0.9081390849031529
RipVIS-143_00540.jpg,0.7541568713764638,0.5581713345993881,0.7164441062482979,0.8572814043690218,0.6153518694956931,0.7947863351526178,0.008302499774013965,0.9530966676310579,0.9087462026413782
RipVIS-143_00552.jpg,0.7544040053136251,0.5558717334910471,0.7145469919217422,0.8239883706587329,0.6307688521959461,0.7764211156900326,0.016507221908811327,0.9555543499227243,0.8945339616569152
RipVIS-143_00564.jpg,0.7428518052400395,0.5357101841178854,0.6976709403351365,0.8105037267633652,0.6124147470793558,0.7612571491254487,0.009071234516320336,0.9527213541665518,0.8867439277067147
RipVIS-143_00576.jpg,0.7499694912285295,0.5463661953603997,0.706645291393042,0.7868005574389506,0.6413116956109279,0.7526510643154046,0.011999811026031095,0.956031418788465,0.8775221282116785
RipVIS-143_00588.jpg,0.7530553133431699,0.5484056951053643,0.708348847900675,0.8384167978811493,0.6132172697092811,0.7810498372579928,0.006757085216724657,0.9597711709103781,0.9028482853022433
RipVIS-143_00600.jpg,0.7499898391424282,0.5431132973438833,0.7039188869394472,0.8378708641830107,0.6068936651540665,0.7786051180903836,0.014628239282410839,0.958970148533835,0.9021630142371695
RipVIS-143_00612.jpg,0.7426930177715176,0.5278885244606377,0.6910039783785777,0.8439392308294446,0.5849937738330253,0.7753022615480786,0.00459275907536069,0.95942575713723,0.9049629609082547
RipVIS-143_00624.jpg,0.7443854684130773,0.5279150838726927,0.6910267323686937,0.86177782181929,0.5767504480878888,0.7842620904667361,0.01357994645833147,0.9624974681711802,0.9147137262632379
RipVIS-143_00636.jpg,0.7475877436111972,0.5331490943724124,0.6954954300653383,0.8307737167155518,0.5981037473966029,0.7708032611242579,0.009582780480142376,0.9636047212575999,0.9006869987612892
RipVIS-143_00648.jpg,0.7603625779621415,0.5559935021188541,0.7146475886457587,0.8455055299663177,0.618866340195637,0.7878041243966017,0.022341063573453564,0.9662233555168588,0.9090428483756665
RipVIS-143_00660.jpg,0.7498145455524506,0.5350200870733289,0.6970854539022989,0.88308776512283,0.575805209688817,0.7979241796487391,0.021128536129235615,0.965993803047723,0.9264626747476918
RipVIS-143_00672.jpg,0.5977941155580176,0.33525710480971416,0.5021611247782745,0.4079656356203744,0.6529126010344224,0.44105922868775876,0.01428971700716476,0.8695220871912531,0.6831278710071054
RipVIS-143_00684.jpg,0.5954855421878256,0.33584861563555957,0.5028243645344083,0.4107707588021191,0.6480528072441155,0.4432280054610586,0.005060451884537982,0.8650119357637845,0.6831555886401566
RipVIS-143_00696.jpg,0.5986394923292454,0.3391992907850631,0.5065702963241839,0.39675336476998063,0.7004459744146736,0.43442404197256235,0.011030216772196458,0.8677165316356978,0.6808587423258234
RipVIS-143_00708.jpg,0.5930129942177661,0.32827331641769786,0.4942857954913051,0.3868418144685745,0.6843661299568343,0.4236803423650322,0.013375446305592545,0.8669984567900189,0.675405132735242
RipVIS-143_00720.jpg,0.6254590892139856,0.3877784133397013,0.5588477376680173,0.46948170591061067,0.6902340710071477,0.5015639928695509,0.007745913967518652,0.8740573157792156,0.7131767137641025
RipVIS-143_00732.jpg,0.642581100606737,0.4075194118344421,0.579060449764335,0.4736119692820243,0.7449135188283161,0.510820704285916,0.008563101286823577,0.8871409625770535,0.7209093340667467
RipVIS-143_00744.jpg,0.6184806872546178,0.3777074592942321,0.5483130061409742,0.4326799629622098,0.748293190643672,0.47254143121705683,0.011161274140678173,0.8703311873069938,0.7001598286027354
RipVIS-143_00756.jpg,0.6504495068149829,0.4097082215425542,0.5812666980039835,0.4405374577554993,0.8541118570582249,0.4877751368879822,0.010025218717580709,0.8988312596449534,0.7131346656872707
RipVIS-143_00768.jpg,0.6185933007021046,0.36092335365220285,0.5304095233337296,0.4005515528131038,0.7848592360358283,0.4440361684853033,0.007736554500784108,0.8843453414350786,0.6895794279520697
RipVIS-143_00780.jpg,0.6443972372909923,0.40052871544918184,0.5719678733195028,0.4189687078487281,0.9009927929069005,0.469169062345851,0.013991977511323332,0.8960276813270525,0.7049089265045354
RipVIS-143_00792.jpg,0.6168919599159446,0.3538056802268758,0.5226831079148431,0.37189414403742416,0.8791417138205885,0.4204075278193155,0.011756957022501006,0.8873790750384732,0.6808661623384565
RipVIS-143_00804.jpg,0.613232416136625,0.34915604767717195,0.5175917912213496,0.36365540341918356,0.8975106577195586,0.41275863441640565,0.012795584268556872,0.8848855854551402,0.6775804508916852
RipVIS-143_00816.jpg,0.6170912285991393,0.35777873455635706,0.5270059479510972,0.37604467606658054,0.880463762765043,0.42470783452100824,0.013174209547018778,0.8843657166279798,0.6827454087227718
RipVIS-143_00828.jpg,0.6035639811106319,0.3418405772528912,0.5095099716729851,0.3780539485604112,0.781118723005409,0.4215597229426624,0.011703471929366886,0.8740966194057588,0.6779487201290781
RipVIS-143_00840.jpg,0.6269804363765442,0.37595238410483445,0.5464613288190509,0.39064401509313634,0.9090612197836727,0.44093509181624607,0.012068273711779121,0.8863601948301401,0.6911700717671955
RipVIS-143_00852.jpg,0.626439229910725,0.3766648156930503,0.5472135430488606,0.3971127155399489,0.8797368328796138,0.4460537868003705,0.010361598646335329,0.8848285590276711,0.6927885986603848
RipVIS-143_00864.jpg,0.6147692225020187,0.35392803370541137,0.5228166119535705,0.3713197420974829,0.8831298014401895,0.4200013557033918,0.013172966780795057,0.8835458863810662,0.6805629654253832
RipVIS-143_00876.jpg,0.6000525325436793,0.33104461460241613,0.4974207640685273,0.3516313260294961,0.8497236620363158,0.39833007436570084,0.012855016939085742,0.8770287181711905,0.6693083182959133
RipVIS-143_00888.jpg,0.572892747425026,0.2933888372655329,0.4536746086131562,0.3266780157630176,0.7422098599940462,0.36786885155248317,0.001665304145042986,0.8609202594520566,0.6511571076335829
RipVIS-143_00900.jpg,0.5606959337726185,0.28303221002062057,0.44119268060475547,0.33378417907140956,0.6505254376677412,0.36979484961837655,0.011039448027267453,0.8480551938656384,0.6472506884972836
RipVIS-143_00912.jpg,0.5424997290516655,0.2578517856788687,0.4099875495898825,0.3152605915201316,0.5860916331771946,0.347363721172284,0.014791902734364626,0.8369403452931089,0.6332429913619682
RipVIS-143_00924.jpg,0.5373545871046347,0.2432121731376075,0.3912641436317196,0.29421789258298064,0.5838411187668674,0.3266231658689067,0.019831010781895735,0.8401531153548369,0.6249277071176961
RipVIS-143_00936.jpg,0.54774373149719,0.250917100025949,0.40117302740644284,0.2840726871070949,0.682521998814953,0.3216249540833533,0.012669625055866305,0.8522621286650207,0.6280987627168946
RipVIS-143_00948.jpg,0.5327814603597447,0.22258897290459517,0.3641272379150845,0.26459216091857707,0.5837084385581178,0.29707458905528167,0.007848349631069073,0.849730058834774,0.6139742399390082
RipVIS-143_00960.jpg,0.6248854597216418,0.38131851358708757,0.552108018297471,0.4602093532005115,0.6898666864801284,0.49303577721144803,0.015281371280312598,0.8783181423610051,0.7099648551787913
RipVIS-143_00972.jpg,0.6544733961962644,0.428713884670103,0.6001395930565835,0.5252373536788475,0.6999581460215697,0.5528367390517548,0.012890698740247277,0.8901095920137816,0.7416520149208881
RipVIS-143_00984.jpg,0.6255258441226086,0.381794971634501,0.5526072673182223,0.47585611652178506,0.6588781668240327,0.5038477074090238,0.008882131711373873,0.8790248842591533,0.714985387335652
RipVIS-143_00996.jpg,0.6823805480866622,0.4710251799857765,0.6404039664233768,0.5999516353602413,0.6867057813936042,0.6155034114750552,0.014126536534231486,0.9029217303239652,0.7769374584700343
RipVIS-143_01008.jpg,0.739338368207229,0.5703802496978908,0.7264231065152793,0.753278419663863,0.7014167272449814,0.7423014896757035,0.012173733621887606,0.9182495418594572,0.8496494818131498
RipVIS-143_01020.jpg,0.7309250276355174,0.5516781913965784,0.7110729459953856,0.7742775924461512,0.6574083880317712,0.7476937004526653,0.016075793080452646,0.91911289544742,0.8573779546011214
RipVIS-143_01032.jpg,0.7079200415057524,0.5124337288983144,0.677628009885208,0.7169379729721739,0.6424047308710528,0.7006790998741524,0.012237044637962107,0.9123087866511246,0.8290334706499263
RipVIS-143_01044.jpg,0.7124226298387906,0.5184024395405378,0.6828261415299152,0.8073638116142516,0.5915744605214851,0.7524680690896731,0.008218893050139958,0.915002652391865,0.8680617127593686
RipVIS-143_01056.jpg,0.7103550220447461,0.5121353952196568,0.6773671151917752,0.7727395558043927,0.6029502712434862,0.7315396117215541,0.009374672671798086,0.9165807050539018,0.8538520593827923
RipVIS-143_01068.jpg,0.7093038141356651,0.5097310996810082,0.6752607796033473,0.7545828208597406,0.6110291557667479,0.7207180794399176,0.007582527689560957,0.916762514467482,0.84617749851486
RipVIS-143_01080.jpg,0.7708594965701211,0.6059549639592986,0.7546350645666747,0.8621728276858427,0.6709484805643222,0.815678190904598,0.013149556400159761,0.9415388695986519,0.9064753585226465
RipVIS-143_01092.jpg,0.7421915690398897,0.5574915363375156,0.7158838726642103,0.8051701554099071,0.6444230310383015,0.7669100146140327,0.009067150247771424,0.9330573640045171,0.8765951450313814
RipVIS-143_01104.jpg,0.7644444795750842,0.5900273816440157,0.7421600262430127,0.8962663474219622,0.6332733855392391,0.8275328960110773,0.010837028824533341,0.9438060619211824,0.9223937850787964
RipVIS-143_01116.jpg,0.7541873812785428,0.571051961112463,0.7269676309217687,0.853238213414936,0.633252672368812,0.7978081267914349,0.0073783853345331775,0.9421498842591457,0.9021048482478866
RipVIS-143_01128.jpg,0.7859593491063719,0.623103728174521,0.7677928617357264,0.8637731184850934,0.6910096402311061,0.822638555405382,0.01705121153295744,0.9528084008486505,0.9127110313318174
RipVIS-143_01140.jpg,0.7913177011103427,0.6305589545021807,0.7734267476329233,0.8370766045869094,0.7187725280069697,0.8103995767785394,0.013888075006918016,0.955699990354823,0.9022777420874103
RipVIS-143_01152.jpg,0.7671904294312122,0.5832795422703525,0.7367991901593771,0.7977358887150302,0.6845113789340782,0.7721904025555205,0.014978666746906568,0.9542336998455639,0.8828168429076633
RipVIS-143_01164.jpg,0.7704245990686829,0.5883855416844528,0.7408598558011061,0.7923683835164406,0.6956392793063871,0.7709287524186793,0.00879045784901564,0.9554882812498848,0.8810494739847967
RipVIS-143_01176.jpg,0.7732977593779021,0.5911767232697963,0.7430685914697832,0.7829103122576889,0.7070855368441623,0.7664716945605865,0.011835278858241398,0.958118730709761,0.8778593214097865
RipVIS-143_01188.jpg,0.7660960986969176,0.5771343742882082,0.7318772372185222,0.7471115856070274,0.7172517603673697,0.7409423683668719,0.013642213641774703,0.9576551649304401,0.8612094378490118
RipVIS-143_01200.jpg,0.7656815878674583,0.5748727735361786,0.7300561457359811,0.718268439556032,0.7422372101775168,0.7229375464103233,0.013454832554330718,0.9589080584489584,0.8486767833787348
RipVIS-143_01212.jpg,0.8486694218105557,0.7223649982752113,0.8388059429895438,0.8082436333309293,0.8717704056706213,0.8201973519051945,0.019596561293589772,0.9765037856866107,0.8992578086810838
RipVIS-143_01224.jpg,0.8326655581609548,0.6925738363712741,0.8183676498935964,0.7644862911607611,0.8804200772071209,0.7851643931553356,0.015762128764454042,0.9743325617282775,0.8779949561573175
RipVIS-143_01236.jpg,0.8431648157860702,0.708943201240514,0.8296860898898165,0.8825403295643846,0.7828048817952538,0.8606106282174965,0.019730197661963274,0.9785669849535857,0.9335723962078979
RipVIS-143_01248.jpg,0.8350455113522633,0.6935705171745181,0.8190630506861232,0.8530587288144115,0.7876730890092709,0.8391273455725327,0.025153057460162533,0.9777053192514253,0.9193004726748932
RipVIS-143_01260.jpg,0.833026814078943,0.6897274389025541,0.8163771541172569,0.8703664446725624,0.7686946205450474,0.8479359013786831,0.012565675863887802,0.9775097656248821,0.9272028765758105
RipVIS-143_01272.jpg,0.8306118335888666,0.685475201542406,0.8133910257654535,0.8479424744052085,0.781545097404726,0.8337755354182844,0.01973977695093904,0.9769659047066723,0.9165137980953065
RipVIS-143_01284.jpg,0.8277745164677168,0.6803688422748428,0.8097851199785112,0.8476044239786751,0.7751965849519383,0.8320605712156384,0.011819192293004105,0.9764256606866106,0.916068289028761
RipVIS-143_01296.jpg,0.8280766035585967,0.6799056528086894,0.8094569497661167,0.8112619666779799,0.8076599471641497,0.8105389947689572,0.01747075464418263,0.977388358410376,0.8995521830699652
RipVIS-143_01308.jpg,0.8560864359824701,0.7307551861115287,0.844435067391951,0.846570339552335,0.8423105395612379,0.845714936158754,0.030078414542578768,0.9823098717205605,0.9185207203373332
RipVIS-143_01320.jpg,0.8478776660842114,0.7158271123634854,0.8343813979923201,0.8485898501505097,0.8206409117804325,0.8428487937042561,0.018863601648890192,0.9808942177853756,0.9187193804265477
RipVIS-143_01332.jpg,0.8315470678567549,0.6858254233926324,0.813637537880341,0.8335689429013489,0.7946370309108483,0.8254803372655153,0.019143576825454617,0.9783433400847585,0.9103083631636493
RipVIS-143_01344.jpg,0.8557966167638227,0.7285493465910441,0.8429604257788204,0.8973452735109017,0.7947910200002756,0.8747704265825422,0.0232489326616541,0.9837819492668567,0.9427668917288357
RipVIS-143_01356.jpg,0.8410076568371869,0.7006601673433301,0.8239860976315564,0.8620715366870672,0.7891234312842088,0.8464225472549012,0.00865487102926221,0.9821348138501902,0.9251636013645285
RipVIS-143_01368.jpg,0.6258394371959323,0.3321656422054982,0.4986851960174766,0.3629048483473436,0.7968108895945931,0.4072597845520822,0.014522390128430528,0.9226112798995801,0.6759624197135201
RipVIS-143_01380.jpg,0.6020112193751185,0.2916521939316581,0.45159555382149497,0.3207716474743318,0.7626258092431838,0.36281339496558307,0.004385373093901451,0.9154218508872353,0.6543061803752473
RipVIS-143_01392.jpg,0.6038947569562884,0.2972759189582232,0.45830792757943195,0.31889138816769697,0.8143227435304752,0.3630694464012396,0.008449287510194492,0.9137776089890873,0.6547502144809341
RipVIS-143_01404.jpg,0.6278661439104857,0.3424730417602281,0.5102121697895449,0.3663710429800192,0.8400082469956094,0.4129379087812795,0.01349409633243287,0.9170087046680993,0.6785183569960409
RipVIS-143_01416.jpg,0.6241932173048982,0.3356760262610873,0.5026309069883269,0.34839332571648474,0.9019215671109517,0.3971399548752768,0.014862692345061757,0.9163978105708771,0.6715828869102636
RipVIS-143_01428.jpg,0.6254163991102815,0.3341192821218065,0.5008836714966257,0.3499952138158192,0.8804667963299846,0.397946947583152,0.01881273682048751,0.9200544945986545,0.6719221333110528
RipVIS-143_01440.jpg,0.6103659274571512,0.30579464858057775,0.4683656023755068,0.3151149788615666,0.9118067815154568,0.36256835865637477,0.012361585068167645,0.9180093798224201,0.6555847226673724
RipVIS-143_01452.jpg,0.564625074167614,0.2248080170470561,0.3670910280111584,0.23067220303857858,0.8984048941715034,0.27094825407693796,0.011156334035498353,0.9070188319829153,0.6136096408264416
RipVIS-144_00000.jpg,0.701717231486378,0.4829072793211425,0.6512980090598945,0.9835358810680935,0.48684278712841283,0.8168586460570935,0.009105851413244383,0.9260180362653204,0.9526040761967733
RipVIS-144_00060.jpg,0.6992841706940969,0.4798407398955023,0.6485032165412419,0.9928311659764548,0.4815090419657087,0.8189087219234652,0.01245641838312341,0.9243958574458762,0.9560281943589624
RipVIS-144_00120.jpg,0.6698695286726215,0.43631632046457314,0.6075490673578751,0.9901486456086984,0.4382186592771226,0.7909185727626826,0.007705479451834889,0.9101402150847668,0.9471219089583345
RipVIS-144_00180.jpg,0.7136832780438082,0.4967291855344884,0.663752922486247,0.9121238593265859,0.5216954692916844,0.7933741948832598,0.009131955052818278,0.9350817418980354,0.9244700928544398
RipVIS-144_00240.jpg,0.7124741758557112,0.48705617129182366,0.6550608923786814,0.8768551458092843,0.5228178477113982,0.7722641107546991,0.009395017793259963,0.9413509114582198,0.9112899881971894
RipVIS-144_00300.jpg,0.6355376852796397,0.3746003949444791,0.5450316998630128,0.9424652095968332,0.38336734548452406,0.7296444478995856,0.0013208554646510734,0.9025196518131627,0.9211733351104182
RipVIS-144_00360.jpg,0.5875081899196263,0.30421182389329493,0.46650677186037265,0.8587198776208841,0.3202398876381898,0.642611116182759,0.00023884874902254587,0.8777121913579189,0.8688465525968965
RipVIS-144_00420.jpg,0.5728557093279882,0.2445741873162767,0.3930246823512569,0.4575552492321445,0.3444462594793794,0.42935687514437126,0.0002932674179775748,0.9042034384643971,0.6971177747031476
RipVIS-144_00480.jpg,0.5542549710411792,0.2191522082605091,0.35951574672238223,0.4510112262170444,0.29888227383417776,0.40934090423460967,0.003961810742223751,0.8926900077159418,0.6876530430349868
RipVIS-144_00540.jpg,0.5488168484453997,0.280449697969598,0.43804875492462614,0.9941113403530059,0.2809163718054151,0.659328563960955,0.0023863924853418025,0.8293438946758259,0.905820198853285
RipVIS-144_00600.jpg,0.5070944086621032,0.17744191252846994,0.3014024057414883,0.40875258941575704,0.23871023413659836,0.35778046927383367,0.00042737651869993964,0.8423005883486638,0.6452056378639378
RipVIS-144_00660.jpg,0.49616291315207844,0.15003335989202612,0.2609200134961518,0.33216768223661264,0.21483861712789667,0.29945916432009495,0.000282775440942958,0.8465638261958855,0.6121987304403449
RipVIS-144_00720.jpg,0.49637673930606485,0.1503233644334204,0.26135844768737804,0.3325975199189581,0.2152533306793646,0.2998997721075294,0.0015060745004348848,0.8467035590276757,0.6124723285007705
RipVIS-144_00780.jpg,0.4948773862734921,0.14442646980318832,0.2523997366611521,0.31842493169113834,0.20905278297231186,0.28826233753462377,0.001662384766447696,0.8492639612267494,0.6068960896008005
RipVIS-146_00000.jpg,0.6924101900466129,0.40706506489390637,0.5786016226969566,0.4175398671360334,0.9419487814382421,0.4698562596785953,0.01703703703588976,0.978089916087845,0.7082891063124467
RipVIS-146_00030.jpg,0.7475540735463048,0.5145217618716764,0.6794511308121715,0.5478501035287269,0.8942659421947169,0.5938592952260271,0.00576897862817825,0.9809777681325977,0.7726876901139881
RipVIS-146_00060.jpg,0.6746154104703009,0.37346864576793454,0.5438327943178063,0.3912522190708008,0.8915000716875976,0.4407115553502823,0.0215807930926908,0.9761073736495737,0.694726700691616
RipVIS-146_00090.jpg,0.6038733879814513,0.2365043790521207,0.38253706668377546,0.239556312987627,0.9488857216772625,0.28166787690073414,0.0021605738482274157,0.9714963107637717,0.6195312448916095
RipVIS-146_00120.jpg,0.7668716899092227,0.5511104321406257,0.7106011547869744,0.5663117134541015,0.9535557342150426,0.6163742839934903,0.006928863665901487,0.9829955150461778,0.7826279816164561
RipVIS-146_00150.jpg,0.738939928037593,0.4970758916341949,0.6640623824241685,0.5051648905183693,0.9687917547441627,0.5586329881319699,0.006150554886605792,0.981161385995252,0.7522710672370654
RipVIS-146_00180.jpg,0.7324895972012598,0.4855032055908071,0.6536548743396553,0.4899622242588961,0.9815999451799107,0.5445057401683249,0.007211538461056922,0.9798659336418571,0.7447958564495804
RipVIS-146_00210.jpg,0.7505446217490273,0.5208180039825774,0.6849182513866977,0.5413683212320134,0.9320661192366093,0.5909068696321454,0.00967117988334241,0.9806854021989558,0.7698882635839859
RipVIS-146_00240.jpg,0.7323779287058075,0.4862616372000004,0.6543419072782891,0.5121547337518659,0.9058207835810118,0.5609084419145917,0.01679399367644929,0.9789232494211783,0.754998247694044
RipVIS-146_00270.jpg,0.6908550753061834,0.4089890511132281,0.5805425539539714,0.4756533904480703,0.7447779856316104,0.5127065659376222,0.007902389682140448,0.973226514274574,0.7345234765333577
RipVIS-146_00300.jpg,0.7200870803186479,0.47081284239112264,0.6402076849230051,0.5154315422162794,0.8446913438073237,0.5590120007619531,0.00970496894356117,0.9701743344906237,0.7551438873118723
RipVIS-146_00330.jpg,0.6872214872315472,0.4074458617611864,0.5789861945401368,0.4152242967873462,0.9560440702040088,0.4681944056506195,0.007123671610000953,0.9677294319057475,0.7070732463120285
RipVIS-146_00360.jpg,0.6238688731913662,0.2893300736768346,0.44880683322888815,0.29583616256017237,0.9293587241711233,0.34253594454822417,0.004409227426390873,0.9591002363038967,0.6472475008287009
RipVIS-146_00390.jpg,0.7245759009412951,0.48779602832380486,0.6557297089620145,0.5956502827304173,0.7292883505468547,0.6183106873595564,0.010915947205968246,0.9627275028934025,0.7908195395246598
RipVIS-146_00420.jpg,0.7246952478669786,0.48416992266752557,0.6524454043608675,0.5203282201882795,0.8744876485331508,0.5661884388375527,0.01692232108647184,0.966320047260686,0.757748723089184
RipVIS-146_00450.jpg,0.8161193045989437,0.6621751642713652,0.7967573797333661,0.9244521929356175,0.7000581692806804,0.8687584753513727,0.02132639791826651,0.9717227285878458,0.9495949242843482
RipVIS-146_00480.jpg,0.8529704685113293,0.7292449459601494,0.8434258520330583,0.9280467866374508,0.7729471724299846,0.8922394260093868,0.01157492274595009,0.9780723138501907,0.9547595071461922
RipVIS-146_00510.jpg,0.8419943948041824,0.7095565980619215,0.8301060039384794,0.8253011334484915,0.8349671495899307,0.8272163913123873,0.006791500921374235,0.9759353298609934,0.9063949435042865
RipVIS-147_00000.jpg,0.4578399884258707,0.0,0.0,0.0,0.0,0.0,0.0,0.9156799768517414,0.49999999999993416
RipVIS-147_00025.jpg,0.4578399884258707,0.0,0.0,0.0,0.0,0.0,0.0,0.9156799768517414,0.49999999999993416
RipVIS-147_00050.jpg,0.4578399884258707,0.0,0.0,0.0,0.0,0.0,0.0,0.9156799768517414,0.49999999999993416
RipVIS-147_00075.jpg,0.456745575327877,0.0,0.0,0.0,0.0,0.0,0.0,0.913491150655754,0.499999999999934
RipVIS-147_00100.jpg,0.45521387924377227,0.0,0.0,0.0,0.0,0.0,0.0,0.9104277584875445,0.4999999999999338
RipVIS-147_00125.jpg,0.45678090036645724,0.0,0.0,0.0,0.0,0.0,0.0,0.9135618007329145,0.499999999999934
RipVIS-147_00150.jpg,0.4537822506750996,0.0,0.0,0.0,0.0,0.0,0.0,0.9075645013501992,0.49999999999993355
RipVIS-147_00175.jpg,0.4537822506750996,0.0,0.0,0.0,0.0,0.0,0.0,0.9075645013501992,0.49999999999993355
RipVIS-147_00200.jpg,0.45378803771213666,0.0,0.0,0.0,0.0,0.0,0.0,0.9075760754242733,0.49999999999993355
RipVIS-147_00225.jpg,0.4531355492862108,0.0,0.0,0.0,0.0,0.0,0.0,0.9062710985724216,0.49999999999993344
RipVIS-147_00250.jpg,0.4537413194443897,0.0,0.0,0.0,0.0,0.0,0.0,0.9074826388887794,0.49999999999993355
RipVIS-147_00275.jpg,0.4550330343363649,0.0,0.0,0.0,0.0,0.0,0.0,0.9100660686727298,0.4999999999999337
RipVIS-147_00300.jpg,0.45503219039346365,0.0,0.0,0.0,0.0,0.0,0.0,0.9100643807869273,0.4999999999999337
RipVIS-147_00325.jpg,0.45503219039346365,0.0,0.0,0.0,0.0,0.0,0.0,0.9100643807869273,0.4999999999999337
RipVIS-147_00350.jpg,0.45457724488806245,0.0,0.0,0.0,0.0,0.0,0.0,0.9091544897761249,0.49999999999993366
RipVIS-147_00375.jpg,0.45492802372679697,0.0,0.0,0.0,0.0,0.0,0.0,0.9098560474535939,0.4999999999999337
RipVIS-NR-004_00000.jpg,0.49999999999975886,0.0,0.0,0.0,0.0,0.0,0.0,0.9999999999995177,0.49999999999975886
RipVIS-NR-004_00006.jpg,0.49999999999975886,0.0,0.0,0.0,0.0,0.0,0.0,0.9999999999995177,0.49999999999975886
RipVIS-NR-004_00012.jpg,0.49999999999975886,0.0,0.0,0.0,0.0,0.0,0.0,0.9999999999995177,0.49999999999975886
RipVIS-NR-004_00018.jpg,0.49999999999975886,0.0,0.0,0.0,0.0,0.0,0.0,0.9999999999995177,0.49999999999975886
RipVIS-NR-004_00024.jpg,0.49999999999975886,0.0,0.0,0.0,0.0,0.0,0.0,0.9999999999995177,0.49999999999975886
RipVIS-NR-004_00030.jpg,0.49999999999975886,0.0,0.0,0.0,0.0,0.0,0.0,0.9999999999995177,0.49999999999975886
RipVIS-NR-004_00036.jpg,0.49999999999975886,0.0,0.0,0.0,0.0,0.0,0.0,0.9999999999995177,0.49999999999975886
RipVIS-NR-004_00042.jpg,0.49999999999975886,0.0,0.0,0.0,0.0,0.0,0.0,0.9999999999995177,0.49999999999975886
RipVIS-NR-004_00048.jpg,0.49999999999975886,0.0,0.0,0.0,0.0,0.0,0.0,0.9999999999995177,0.49999999999975886
RipVIS-NR-004_00054.jpg,0.49999999999975886,0.0,0.0,0.0,0.0,0.0,0.0,0.9999999999995177,0.49999999999975886
RipVIS-NR-004_00060.jpg,0.49999999999975886,0.0,0.0,0.0,0.0,0.0,0.0,0.9999999999995177,0.49999999999975886
RipVIS-NR-004_00066.jpg,0.49999999999975886,0.0,0.0,0.0,0.0,0.0,0.0,0.9999999999995177,0.49999999999975886
RipVIS-NR-004_00072.jpg,0.49999999999975886,0.0,0.0,0.0,0.0,0.0,0.0,0.9999999999995177,0.49999999999975886
RipVIS-NR-004_00078.jpg,0.49999999999975886,0.0,0.0,0.0,0.0,0.0,0.0,0.9999999999995177,0.49999999999975886
RipVIS-NR-004_00084.jpg,0.49999999999975886,0.0,0.0,0.0,0.0,0.0,0.0,0.9999999999995177,0.49999999999975886
RipVIS-NR-004_00090.jpg,0.49999999999975886,0.0,0.0,0.0,0.0,0.0,0.0,0.9999999999995177,0.49999999999975886
RipVIS-NR-004_00096.jpg,0.49999999999975886,0.0,0.0,0.0,0.0,0.0,0.0,0.9999999999995177,0.49999999999975886
RipVIS-NR-004_00102.jpg,0.49999999999975886,0.0,0.0,0.0,0.0,0.0,0.0,0.9999999999995177,0.49999999999975886
RipVIS-NR-004_00108.jpg,0.49999999999975886,0.0,0.0,0.0,0.0,0.0,0.0,0.9999999999995177,0.49999999999975886
RipVIS-NR-004_00114.jpg,0.49999999999975886,0.0,0.0,0.0,0.0,0.0,0.0,0.9999999999995177,0.49999999999975886
RipVIS-NR-004_00120.jpg,0.49999999999975886,0.0,0.0,0.0,0.0,0.0,0.0,0.9999999999995177,0.49999999999975886
RipVIS-NR-004_00126.jpg,0.49999999999975886,0.0,0.0,0.0,0.0,0.0,0.0,0.9999999999995177,0.49999999999975886
RipVIS-NR-004_00132.jpg,0.49999999999975886,0.0,0.0,0.0,0.0,0.0,0.0,0.9999999999995177,0.49999999999975886
RipVIS-NR-004_00138.jpg,0.49999999999975886,0.0,0.0,0.0,0.0,0.0,0.0,0.9999999999995177,0.49999999999975886
RipVIS-NR-004_00144.jpg,0.49999999999975886,0.0,0.0,0.0,0.0,0.0,0.0,0.9999999999995177,0.49999999999975886
RipVIS-NR-004_00150.jpg,0.49999999999975886,0.0,0.0,0.0,0.0,0.0,0.0,0.9999999999995177,0.49999999999975886
RipVIS-NR-004_00156.jpg,0.49999999999975886,0.0,0.0,0.0,0.0,0.0,0.0,0.9999999999995177,0.49999999999975886
RipVIS-NR-004_00162.jpg,0.49999999999975886,0.0,0.0,0.0,0.0,0.0,0.0,0.9999999999995177,0.49999999999975886
RipVIS-NR-004_00168.jpg,0.49999999999975886,0.0,0.0,0.0,0.0,0.0,0.0,0.9999999999995177,0.49999999999975886
RipVIS-NR-004_00174.jpg,0.49999999999975886,0.0,0.0,0.0,0.0,0.0,0.0,0.9999999999995177,0.49999999999975886
RipVIS-NR-004_00180.jpg,0.49999999999975886,0.0,0.0,0.0,0.0,0.0,0.0,0.9999999999995177,0.49999999999975886
RipVIS-NR-004_00186.jpg,0.49999999999975886,0.0,0.0,0.0,0.0,0.0,0.0,0.9999999999995177,0.49999999999975886
RipVIS-NR-004_00192.jpg,0.49999999999975886,0.0,0.0,0.0,0.0,0.0,0.0,0.9999999999995177,0.49999999999975886
RipVIS-NR-004_00198.jpg,0.49999999999975886,0.0,0.0,0.0,0.0,0.0,0.0,0.9999999999995177,0.49999999999975886
RipVIS-NR-004_00204.jpg,0.49999999999975886,0.0,0.0,0.0,0.0,0.0,0.0,0.9999999999995177,0.49999999999975886
RipVIS-NR-004_00210.jpg,0.49999999999975886,0.0,0.0,0.0,0.0,0.0,0.0,0.9999999999995177,0.49999999999975886
RipVIS-NR-004_00216.jpg,0.49999999999975886,0.0,0.0,0.0,0.0,0.0,0.0,0.9999999999995177,0.49999999999975886
RipVIS-NR-004_00222.jpg,0.49999999999975886,0.0,0.0,0.0,0.0,0.0,0.0,0.9999999999995177,0.49999999999975886
RipVIS-NR-004_00228.jpg,0.49999999999975886,0.0,0.0,0.0,0.0,0.0,0.0,0.9999999999995177,0.49999999999975886
RipVIS-NR-004_00234.jpg,0.49999999999975886,0.0,0.0,0.0,0.0,0.0,0.0,0.9999999999995177,0.49999999999975886
RipVIS-NR-004_00240.jpg,0.49999999999975886,0.0,0.0,0.0,0.0,0.0,0.0,0.9999999999995177,0.49999999999975886
RipVIS-NR-004_00246.jpg,0.49999999999975886,0.0,0.0,0.0,0.0,0.0,0.0,0.9999999999995177,0.49999999999975886
RipVIS-NR-004_00252.jpg,0.49999999999975886,0.0,0.0,0.0,0.0,0.0,0.0,0.9999999999995177,0.49999999999975886
RipVIS-NR-004_00258.jpg,0.49999999999975886,0.0,0.0,0.0,0.0,0.0,0.0,0.9999999999995177,0.49999999999975886
RipVIS-NR-004_00264.jpg,0.49999999999975886,0.0,0.0,0.0,0.0,0.0,0.0,0.9999999999995177,0.49999999999975886
RipVIS-NR-004_00270.jpg,0.49999999999975886,0.0,0.0,0.0,0.0,0.0,0.0,0.9999999999995177,0.49999999999975886
RipVIS-NR-004_00276.jpg,0.49999999999975886,0.0,0.0,0.0,0.0,0.0,0.0,0.9999999999995177,0.49999999999975886
RipVIS-NR-004_00282.jpg,0.49999999999975886,0.0,0.0,0.0,0.0,0.0,0.0,0.9999999999995177,0.49999999999975886
RipVIS-NR-004_00288.jpg,0.49999999999975886,0.0,0.0,0.0,0.0,0.0,0.0,0.9999999999995177,0.49999999999975886
RipVIS-NR-004_00294.jpg,0.49999999999975886,0.0,0.0,0.0,0.0,0.0,0.0,0.9999999999995177,0.49999999999975886
RipVIS-NR-004_00300.jpg,0.49999999999975886,0.0,0.0,0.0,0.0,0.0,0.0,0.9999999999995177,0.49999999999975886
RipVIS-NR-004_00306.jpg,0.49999999999975886,0.0,0.0,0.0,0.0,0.0,0.0,0.9999999999995177,0.49999999999975886
RipVIS-NR-004_00312.jpg,0.49999999999975886,0.0,0.0,0.0,0.0,0.0,0.0,0.9999999999995177,0.49999999999975886
RipVIS-NR-004_00318.jpg,0.49999999999975886,0.0,0.0,0.0,0.0,0.0,0.0,0.9999999999995177,0.49999999999975886
RipVIS-NR-004_00324.jpg,0.49999999999975886,0.0,0.0,0.0,0.0,0.0,0.0,0.9999999999995177,0.49999999999975886
RipVIS-NR-004_00330.jpg,0.49999999999975886,0.0,0.0,0.0,0.0,0.0,0.0,0.9999999999995177,0.49999999999975886
RipVIS-NR-004_00336.jpg,0.49999999999975886,0.0,0.0,0.0,0.0,0.0,0.0,0.9999999999995177,0.49999999999975886
RipVIS-NR-004_00342.jpg,0.49999999999975886,0.0,0.0,0.0,0.0,0.0,0.0,0.9999999999995177,0.49999999999975886
RipVIS-NR-004_00348.jpg,0.49999999999975886,0.0,0.0,0.0,0.0,0.0,0.0,0.9999999999995177,0.49999999999975886
RipVIS-NR-004_00354.jpg,0.49999999999975886,0.0,0.0,0.0,0.0,0.0,0.0,0.9999999999995177,0.49999999999975886
RipVIS-NR-004_00360.jpg,0.49999999999975886,0.0,0.0,0.0,0.0,0.0,0.0,0.9999999999995177,0.49999999999975886
RipVIS-NR-004_00366.jpg,0.49999999999975886,0.0,0.0,0.0,0.0,0.0,0.0,0.9999999999995177,0.49999999999975886
RipVIS-NR-004_00372.jpg,0.49999999999975886,0.0,0.0,0.0,0.0,0.0,0.0,0.9999999999995177,0.49999999999975886
RipVIS-NR-004_00378.jpg,0.49999999999975886,0.0,0.0,0.0,0.0,0.0,0.0,0.9999999999995177,0.49999999999975886
RipVIS-NR-004_00384.jpg,0.49999999999975886,0.0,0.0,0.0,0.0,0.0,0.0,0.9999999999995177,0.49999999999975886
RipVIS-NR-004_00390.jpg,0.49999999999975886,0.0,0.0,0.0,0.0,0.0,0.0,0.9999999999995177,0.49999999999975886
RipVIS-NR-004_00396.jpg,0.49999999999975886,0.0,0.0,0.0,0.0,0.0,0.0,0.9999999999995177,0.49999999999975886
RipVIS-NR-004_00402.jpg,0.49999999999975886,0.0,0.0,0.0,0.0,0.0,0.0,0.9999999999995177,0.49999999999975886
RipVIS-NR-004_00408.jpg,0.49999999999975886,0.0,0.0,0.0,0.0,0.0,0.0,0.9999999999995177,0.49999999999975886
RipVIS-NR-004_00414.jpg,0.49999999999975886,0.0,0.0,0.0,0.0,0.0,0.0,0.9999999999995177,0.49999999999975886
RipVIS-NR-004_00420.jpg,0.49999999999975886,0.0,0.0,0.0,0.0,0.0,0.0,0.9999999999995177,0.49999999999975886
RipVIS-NR-004_00426.jpg,0.49999999999975886,0.0,0.0,0.0,0.0,0.0,0.0,0.9999999999995177,0.49999999999975886
RipVIS-NR-004_00432.jpg,0.49999999999975886,0.0,0.0,0.0,0.0,0.0,0.0,0.9999999999995177,0.49999999999975886
RipVIS-NR-004_00438.jpg,0.49999999999975886,0.0,0.0,0.0,0.0,0.0,0.0,0.9999999999995177,0.49999999999975886
RipVIS-NR-004_00444.jpg,0.49999999999975886,0.0,0.0,0.0,0.0,0.0,0.0,0.9999999999995177,0.49999999999975886
RipVIS-NR-004_00450.jpg,0.49999999999975886,0.0,0.0,0.0,0.0,0.0,0.0,0.9999999999995177,0.49999999999975886
RipVIS-NR-004_00456.jpg,0.49999999999975886,0.0,0.0,0.0,0.0,0.0,0.0,0.9999999999995177,0.49999999999975886
RipVIS-NR-004_00462.jpg,0.49999999999975886,0.0,0.0,0.0,0.0,0.0,0.0,0.9999999999995177,0.49999999999975886
RipVIS-NR-004_00468.jpg,0.49999999999975886,0.0,0.0,0.0,0.0,0.0,0.0,0.9999999999995177,0.49999999999975886
RipVIS-NR-004_00474.jpg,0.49999999999975886,0.0,0.0,0.0,0.0,0.0,0.0,0.9999999999995177,0.49999999999975886
RipVIS-NR-004_00480.jpg,0.49999999999975886,0.0,0.0,0.0,0.0,0.0,0.0,0.9999999999995177,0.49999999999975886
RipVIS-NR-004_00486.jpg,0.49999999999975886,0.0,0.0,0.0,0.0,0.0,0.0,0.9999999999995177,0.49999999999975886
RipVIS-NR-004_00492.jpg,0.49999999999975886,0.0,0.0,0.0,0.0,0.0,0.0,0.9999999999995177,0.49999999999975886
RipVIS-NR-004_00498.jpg,0.49999999999975886,0.0,0.0,0.0,0.0,0.0,0.0,0.9999999999995177,0.49999999999975886
RipVIS-NR-004_00504.jpg,0.49999999999975886,0.0,0.0,0.0,0.0,0.0,0.0,0.9999999999995177,0.49999999999975886
RipVIS-NR-004_00510.jpg,0.49999999999975886,0.0,0.0,0.0,0.0,0.0,0.0,0.9999999999995177,0.49999999999975886
RipVIS-NR-004_00516.jpg,0.49999999999975886,0.0,0.0,0.0,0.0,0.0,0.0,0.9999999999995177,0.49999999999975886
RipVIS-NR-004_00522.jpg,0.49999999999975886,0.0,0.0,0.0,0.0,0.0,0.0,0.9999999999995177,0.49999999999975886
RipVIS-NR-004_00528.jpg,0.49999999999975886,0.0,0.0,0.0,0.0,0.0,0.0,0.9999999999995177,0.49999999999975886
RipVIS-NR-004_00534.jpg,0.49999999999975886,0.0,0.0,0.0,0.0,0.0,0.0,0.9999999999995177,0.49999999999975886
RipVIS-NR-004_00540.jpg,0.49999999999975886,0.0,0.0,0.0,0.0,0.0,0.0,0.9999999999995177,0.49999999999975886
RipVIS-NR-004_00546.jpg,0.49999999999975886,0.0,0.0,0.0,0.0,0.0,0.0,0.9999999999995177,0.49999999999975886
RipVIS-NR-004_00552.jpg,0.49999999999975886,0.0,0.0,0.0,0.0,0.0,0.0,0.9999999999995177,0.49999999999975886
RipVIS-NR-004_00558.jpg,0.49999999999975886,0.0,0.0,0.0,0.0,0.0,0.0,0.9999999999995177,0.49999999999975886
RipVIS-NR-004_00564.jpg,0.49999999999975886,0.0,0.0,0.0,0.0,0.0,0.0,0.9999999999995177,0.49999999999975886
RipVIS-NR-004_00570.jpg,0.49999999999975886,0.0,0.0,0.0,0.0,0.0,0.0,0.9999999999995177,0.49999999999975886
RipVIS-NR-004_00576.jpg,0.49999999999975886,0.0,0.0,0.0,0.0,0.0,0.0,0.9999999999995177,0.49999999999975886
RipVIS-NR-019_00000.jpg,0.49999999999945743,0.0,0.0,0.0,0.0,0.0,0.0,0.9999999999989149,0.49999999999945743
RipVIS-NR-019_00006.jpg,0.49999999999945743,0.0,0.0,0.0,0.0,0.0,0.0,0.9999999999989149,0.49999999999945743
RipVIS-NR-019_00012.jpg,0.49999999999945743,0.0,0.0,0.0,0.0,0.0,0.0,0.9999999999989149,0.49999999999945743
RipVIS-NR-019_00018.jpg,0.49999999999945743,0.0,0.0,0.0,0.0,0.0,0.0,0.9999999999989149,0.49999999999945743
RipVIS-NR-019_00024.jpg,0.49999999999945743,0.0,0.0,0.0,0.0,0.0,0.0,0.9999999999989149,0.49999999999945743
RipVIS-NR-019_00030.jpg,0.49999999999945743,0.0,0.0,0.0,0.0,0.0,0.0,0.9999999999989149,0.49999999999945743
RipVIS-NR-019_00036.jpg,0.49999999999945743,0.0,0.0,0.0,0.0,0.0,0.0,0.9999999999989149,0.49999999999945743
RipVIS-NR-019_00042.jpg,0.49999999999945743,0.0,0.0,0.0,0.0,0.0,0.0,0.9999999999989149,0.49999999999945743
RipVIS-NR-019_00048.jpg,0.49999999999945743,0.0,0.0,0.0,0.0,0.0,0.0,0.9999999999989149,0.49999999999945743
RipVIS-NR-019_00054.jpg,0.49999999999945743,0.0,0.0,0.0,0.0,0.0,0.0,0.9999999999989149,0.49999999999945743
RipVIS-NR-019_00060.jpg,0.49999999999945743,0.0,0.0,0.0,0.0,0.0,0.0,0.9999999999989149,0.49999999999945743
RipVIS-NR-019_00066.jpg,0.49999999999945743,0.0,0.0,0.0,0.0,0.0,0.0,0.9999999999989149,0.49999999999945743
RipVIS-NR-019_00072.jpg,0.49999999999945743,0.0,0.0,0.0,0.0,0.0,0.0,0.9999999999989149,0.49999999999945743
RipVIS-NR-019_00078.jpg,0.49999999999945743,0.0,0.0,0.0,0.0,0.0,0.0,0.9999999999989149,0.49999999999945743
RipVIS-NR-019_00084.jpg,0.49999999999945743,0.0,0.0,0.0,0.0,0.0,0.0,0.9999999999989149,0.49999999999945743
RipVIS-NR-019_00090.jpg,0.49999999999945743,0.0,0.0,0.0,0.0,0.0,0.0,0.9999999999989149,0.49999999999945743
RipVIS-NR-019_00096.jpg,0.49999999999945743,0.0,0.0,0.0,0.0,0.0,0.0,0.9999999999989149,0.49999999999945743
RipVIS-NR-019_00102.jpg,0.49999999999945743,0.0,0.0,0.0,0.0,0.0,0.0,0.9999999999989149,0.49999999999945743
RipVIS-NR-019_00108.jpg,0.49999999999945743,0.0,0.0,0.0,0.0,0.0,0.0,0.9999999999989149,0.49999999999945743
RipVIS-NR-019_00114.jpg,0.49999999999945743,0.0,0.0,0.0,0.0,0.0,0.0,0.9999999999989149,0.49999999999945743
RipVIS-NR-019_00120.jpg,0.49999999999945743,0.0,0.0,0.0,0.0,0.0,0.0,0.9999999999989149,0.49999999999945743
RipVIS-NR-019_00126.jpg,0.49999999999945743,0.0,0.0,0.0,0.0,0.0,0.0,0.9999999999989149,0.49999999999945743
RipVIS-NR-019_00132.jpg,0.49999999999945743,0.0,0.0,0.0,0.0,0.0,0.0,0.9999999999989149,0.49999999999945743
RipVIS-NR-019_00138.jpg,0.49999999999945743,0.0,0.0,0.0,0.0,0.0,0.0,0.9999999999989149,0.49999999999945743
RipVIS-NR-019_00144.jpg,0.49999999999945743,0.0,0.0,0.0,0.0,0.0,0.0,0.9999999999989149,0.49999999999945743
RipVIS-NR-019_00150.jpg,0.49999999999945743,0.0,0.0,0.0,0.0,0.0,0.0,0.9999999999989149,0.49999999999945743
RipVIS-NR-019_00156.jpg,0.49999999999945743,0.0,0.0,0.0,0.0,0.0,0.0,0.9999999999989149,0.49999999999945743
RipVIS-NR-019_00162.jpg,0.49999999999945743,0.0,0.0,0.0,0.0,0.0,0.0,0.9999999999989149,0.49999999999945743
RipVIS-NR-019_00168.jpg,0.49999999999945743,0.0,0.0,0.0,0.0,0.0,0.0,0.9999999999989149,0.49999999999945743
RipVIS-NR-019_00174.jpg,0.49999999999945743,0.0,0.0,0.0,0.0,0.0,0.0,0.9999999999989149,0.49999999999945743
RipVIS-NR-019_00180.jpg,0.49999999999945743,0.0,0.0,0.0,0.0,0.0,0.0,0.9999999999989149,0.49999999999945743
RipVIS-NR-019_00186.jpg,0.49999999999945743,0.0,0.0,0.0,0.0,0.0,0.0,0.9999999999989149,0.49999999999945743
RipVIS-NR-019_00192.jpg,0.49999999999945743,0.0,0.0,0.0,0.0,0.0,0.0,0.9999999999989149,0.49999999999945743
RipVIS-NR-019_00198.jpg,0.49999999999945743,0.0,0.0,0.0,0.0,0.0,0.0,0.9999999999989149,0.49999999999945743
RipVIS-NR-019_00204.jpg,0.49999999999945743,0.0,0.0,0.0,0.0,0.0,0.0,0.9999999999989149,0.49999999999945743
RipVIS-NR-019_00210.jpg,0.49999999999945743,0.0,0.0,0.0,0.0,0.0,0.0,0.9999999999989149,0.49999999999945743
RipVIS-NR-019_00216.jpg,0.49999999999945743,0.0,0.0,0.0,0.0,0.0,0.0,0.9999999999989149,0.49999999999945743
RipVIS-NR-019_00222.jpg,0.49999999999945743,0.0,0.0,0.0,0.0,0.0,0.0,0.9999999999989149,0.49999999999945743
RipVIS-NR-019_00228.jpg,0.49999999999945743,0.0,0.0,0.0,0.0,0.0,0.0,0.9999999999989149,0.49999999999945743
RipVIS-NR-019_00234.jpg,0.49999999999945743,0.0,0.0,0.0,0.0,0.0,0.0,0.9999999999989149,0.49999999999945743
RipVIS-NR-019_00240.jpg,0.49999999999945743,0.0,0.0,0.0,0.0,0.0,0.0,0.9999999999989149,0.49999999999945743
RipVIS-NR-019_00246.jpg,0.49999999999945743,0.0,0.0,0.0,0.0,0.0,0.0,0.9999999999989149,0.49999999999945743
RipVIS-NR-019_00252.jpg,0.49999999999945743,0.0,0.0,0.0,0.0,0.0,0.0,0.9999999999989149,0.49999999999945743
RipVIS-NR-019_00258.jpg,0.49999999999945743,0.0,0.0,0.0,0.0,0.0,0.0,0.9999999999989149,0.49999999999945743
RipVIS-NR-019_00264.jpg,0.49999999999945743,0.0,0.0,0.0,0.0,0.0,0.0,0.9999999999989149,0.49999999999945743
RipVIS-NR-019_00270.jpg,0.49999999999945743,0.0,0.0,0.0,0.0,0.0,0.0,0.9999999999989149,0.49999999999945743
RipVIS-NR-019_00276.jpg,0.49999999999945743,0.0,0.0,0.0,0.0,0.0,0.0,0.9999999999989149,0.49999999999945743
RipVIS-NR-019_00282.jpg,0.49999999999945743,0.0,0.0,0.0,0.0,0.0,0.0,0.9999999999989149,0.49999999999945743
RipVIS-NR-019_00288.jpg,0.49999999999945743,0.0,0.0,0.0,0.0,0.0,0.0,0.9999999999989149,0.49999999999945743
RipVIS-NR-019_00294.jpg,0.49999999999945743,0.0,0.0,0.0,0.0,0.0,0.0,0.9999999999989149,0.49999999999945743
RipVIS-NR-019_00300.jpg,0.49999999999945743,0.0,0.0,0.0,0.0,0.0,0.0,0.9999999999989149,0.49999999999945743
RipVIS-NR-019_00306.jpg,0.49999999999945743,0.0,0.0,0.0,0.0,0.0,0.0,0.9999999999989149,0.49999999999945743
RipVIS-NR-019_00312.jpg,0.49999999999945743,0.0,0.0,0.0,0.0,0.0,0.0,0.9999999999989149,0.49999999999945743
RipVIS-NR-019_00318.jpg,0.49999999999945743,0.0,0.0,0.0,0.0,0.0,0.0,0.9999999999989149,0.49999999999945743
RipVIS-NR-019_00324.jpg,0.49999999999945743,0.0,0.0,0.0,0.0,0.0,0.0,0.9999999999989149,0.49999999999945743
RipVIS-NR-019_00330.jpg,0.49999999999945743,0.0,0.0,0.0,0.0,0.0,0.0,0.9999999999989149,0.49999999999945743
RipVIS-NR-019_00336.jpg,0.49999999999945743,0.0,0.0,0.0,0.0,0.0,0.0,0.9999999999989149,0.49999999999945743
RipVIS-NR-019_00342.jpg,0.49999999999945743,0.0,0.0,0.0,0.0,0.0,0.0,0.9999999999989149,0.49999999999945743
RipVIS-NR-019_00348.jpg,0.49999999999945743,0.0,0.0,0.0,0.0,0.0,0.0,0.9999999999989149,0.49999999999945743
RipVIS-NR-019_00354.jpg,0.49999999999945743,0.0,0.0,0.0,0.0,0.0,0.0,0.9999999999989149,0.49999999999945743
RipVIS-NR-019_00360.jpg,0.49999999999945743,0.0,0.0,0.0,0.0,0.0,0.0,0.9999999999989149,0.49999999999945743
RipVIS-NR-019_00366.jpg,0.49999999999945743,0.0,0.0,0.0,0.0,0.0,0.0,0.9999999999989149,0.49999999999945743
RipVIS-NR-019_00372.jpg,0.49999999999945743,0.0,0.0,0.0,0.0,0.0,0.0,0.9999999999989149,0.49999999999945743
RipVIS-NR-019_00378.jpg,0.49999999999945743,0.0,0.0,0.0,0.0,0.0,0.0,0.9999999999989149,0.49999999999945743
RipVIS-NR-019_00384.jpg,0.49999999999945743,0.0,0.0,0.0,0.0,0.0,0.0,0.9999999999989149,0.49999999999945743
RipVIS-NR-019_00390.jpg,0.49999999999945743,0.0,0.0,0.0,0.0,0.0,0.0,0.9999999999989149,0.49999999999945743
RipVIS-NR-019_00396.jpg,0.49999999999945743,0.0,0.0,0.0,0.0,0.0,0.0,0.9999999999989149,0.49999999999945743
RipVIS-NR-019_00402.jpg,0.49999999999945743,0.0,0.0,0.0,0.0,0.0,0.0,0.9999999999989149,0.49999999999945743
RipVIS-NR-019_00408.jpg,0.49999999999945743,0.0,0.0,0.0,0.0,0.0,0.0,0.9999999999989149,0.49999999999945743
RipVIS-NR-019_00414.jpg,0.49999999999945743,0.0,0.0,0.0,0.0,0.0,0.0,0.9999999999989149,0.49999999999945743
RipVIS-NR-019_00420.jpg,0.49999999999945743,0.0,0.0,0.0,0.0,0.0,0.0,0.9999999999989149,0.49999999999945743
RipVIS-NR-019_00426.jpg,0.49999999999945743,0.0,0.0,0.0,0.0,0.0,0.0,0.9999999999989149,0.49999999999945743
RipVIS-NR-019_00432.jpg,0.49999999999945743,0.0,0.0,0.0,0.0,0.0,0.0,0.9999999999989149,0.49999999999945743
RipVIS-NR-019_00438.jpg,0.49999999999945743,0.0,0.0,0.0,0.0,0.0,0.0,0.9999999999989149,0.49999999999945743
RipVIS-NR-019_00444.jpg,0.49999999999945743,0.0,0.0,0.0,0.0,0.0,0.0,0.9999999999989149,0.49999999999945743
RipVIS-NR-019_00450.jpg,0.49999999999945743,0.0,0.0,0.0,0.0,0.0,0.0,0.9999999999989149,0.49999999999945743
RipVIS-NR-019_00456.jpg,0.49999999999945743,0.0,0.0,0.0,0.0,0.0,0.0,0.9999999999989149,0.49999999999945743
RipVIS-NR-019_00462.jpg,0.49999999999945743,0.0,0.0,0.0,0.0,0.0,0.0,0.9999999999989149,0.49999999999945743
RipVIS-NR-019_00468.jpg,0.49999999999945743,0.0,0.0,0.0,0.0,0.0,0.0,0.9999999999989149,0.49999999999945743
RipVIS-NR-019_00474.jpg,0.49999999999945743,0.0,0.0,0.0,0.0,0.0,0.0,0.9999999999989149,0.49999999999945743
RipVIS-NR-019_00480.jpg,0.49999999999945743,0.0,0.0,0.0,0.0,0.0,0.0,0.9999999999989149,0.49999999999945743
RipVIS-NR-019_00486.jpg,0.49999999999945743,0.0,0.0,0.0,0.0,0.0,0.0,0.9999999999989149,0.49999999999945743
RipVIS-NR-019_00492.jpg,0.49999999999945743,0.0,0.0,0.0,0.0,0.0,0.0,0.9999999999989149,0.49999999999945743
RipVIS-NR-019_00498.jpg,0.49999999999945743,0.0,0.0,0.0,0.0,0.0,0.0,0.9999999999989149,0.49999999999945743
RipVIS-NR-019_00504.jpg,0.49999999999945743,0.0,0.0,0.0,0.0,0.0,0.0,0.9999999999989149,0.49999999999945743
RipVIS-NR-019_00510.jpg,0.49999999999945743,0.0,0.0,0.0,0.0,0.0,0.0,0.9999999999989149,0.49999999999945743
RipVIS-NR-019_00516.jpg,0.49999999999945743,0.0,0.0,0.0,0.0,0.0,0.0,0.9999999999989149,0.49999999999945743
RipVIS-NR-019_00522.jpg,0.49999999999945743,0.0,0.0,0.0,0.0,0.0,0.0,0.9999999999989149,0.49999999999945743
RipVIS-NR-019_00528.jpg,0.49999999999945743,0.0,0.0,0.0,0.0,0.0,0.0,0.9999999999989149,0.49999999999945743
RipVIS-NR-019_00534.jpg,0.49999999999945743,0.0,0.0,0.0,0.0,0.0,0.0,0.9999999999989149,0.49999999999945743
RipVIS-NR-019_00540.jpg,0.49999999999945743,0.0,0.0,0.0,0.0,0.0,0.0,0.9999999999989149,0.49999999999945743
RipVIS-NR-019_00546.jpg,0.49999999999945743,0.0,0.0,0.0,0.0,0.0,0.0,0.9999999999989149,0.49999999999945743
RipVIS-NR-019_00552.jpg,0.49999999999945743,0.0,0.0,0.0,0.0,0.0,0.0,0.9999999999989149,0.49999999999945743
RipVIS-NR-019_00558.jpg,0.49999999999945743,0.0,0.0,0.0,0.0,0.0,0.0,0.9999999999989149,0.49999999999945743
RipVIS-NR-019_00564.jpg,0.49999999999945743,0.0,0.0,0.0,0.0,0.0,0.0,0.9999999999989149,0.49999999999945743
RipVIS-NR-019_00570.jpg,0.49999999999945743,0.0,0.0,0.0,0.0,0.0,0.0,0.9999999999989149,0.49999999999945743
RipVIS-NR-019_00576.jpg,0.49999999999945743,0.0,0.0,0.0,0.0,0.0,0.0,0.9999999999989149,0.49999999999945743
RipVIS-NR-019_00582.jpg,0.49999999999945743,0.0,0.0,0.0,0.0,0.0,0.0,0.9999999999989149,0.49999999999945743
RipVIS-NR-019_00588.jpg,0.49999999999945743,0.0,0.0,0.0,0.0,0.0,0.0,0.9999999999989149,0.49999999999945743
RipVIS-NR-019_00594.jpg,0.49999999999945743,0.0,0.0,0.0,0.0,0.0,0.0,0.9999999999989149,0.49999999999945743
RipVIS-NR-019_00600.jpg,0.49999999999945743,0.0,0.0,0.0,0.0,0.0,0.0,0.9999999999989149,0.49999999999945743
RipVIS-NR-019_00606.jpg,0.49999999999945743,0.0,0.0,0.0,0.0,0.0,0.0,0.9999999999989149,0.49999999999945743
RipVIS-NR-019_00612.jpg,0.49999999999945743,0.0,0.0,0.0,0.0,0.0,0.0,0.9999999999989149,0.49999999999945743
RipVIS-NR-019_00618.jpg,0.49999999999945743,0.0,0.0,0.0,0.0,0.0,0.0,0.9999999999989149,0.49999999999945743
RipVIS-NR-019_00624.jpg,0.49999999999945743,0.0,0.0,0.0,0.0,0.0,0.0,0.9999999999989149,0.49999999999945743
RipVIS-NR-019_00630.jpg,0.49999999999945743,0.0,0.0,0.0,0.0,0.0,0.0,0.9999999999989149,0.49999999999945743
RipVIS-NR-019_00636.jpg,0.49999999999945743,0.0,0.0,0.0,0.0,0.0,0.0,0.9999999999989149,0.49999999999945743
RipVIS-NR-019_00642.jpg,0.49999999999945743,0.0,0.0,0.0,0.0,0.0,0.0,0.9999999999989149,0.49999999999945743
RipVIS-NR-019_00648.jpg,0.49999999999945743,0.0,0.0,0.0,0.0,0.0,0.0,0.9999999999989149,0.49999999999945743
RipVIS-NR-019_00654.jpg,0.49999999999945743,0.0,0.0,0.0,0.0,0.0,0.0,0.9999999999989149,0.49999999999945743
RipVIS-NR-019_00660.jpg,0.49999999999945743,0.0,0.0,0.0,0.0,0.0,0.0,0.9999999999989149,0.49999999999945743
RipVIS-NR-019_00666.jpg,0.49999999999945743,0.0,0.0,0.0,0.0,0.0,0.0,0.9999999999989149,0.49999999999945743
RipVIS-NR-019_00672.jpg,0.49999999999945743,0.0,0.0,0.0,0.0,0.0,0.0,0.9999999999989149,0.49999999999945743
RipVIS-NR-019_00678.jpg,0.49999999999945743,0.0,0.0,0.0,0.0,0.0,0.0,0.9999999999989149,0.49999999999945743
RipVIS-NR-019_00684.jpg,0.49999999999945743,0.0,0.0,0.0,0.0,0.0,0.0,0.9999999999989149,0.49999999999945743
RipVIS-NR-019_00690.jpg,0.49999999999945743,0.0,0.0,0.0,0.0,0.0,0.0,0.9999999999989149,0.49999999999945743
RipVIS-NR-019_00696.jpg,0.49999999999945743,0.0,0.0,0.0,0.0,0.0,0.0,0.9999999999989149,0.49999999999945743
RipVIS-NR-019_00702.jpg,0.49999999999945743,0.0,0.0,0.0,0.0,0.0,0.0,0.9999999999989149,0.49999999999945743
RipVIS-NR-019_00708.jpg,0.49999999999945743,0.0,0.0,0.0,0.0,0.0,0.0,0.9999999999989149,0.49999999999945743
RipVIS-NR-019_00714.jpg,0.49999999999945743,0.0,0.0,0.0,0.0,0.0,0.0,0.9999999999989149,0.49999999999945743
RipVIS-NR-019_00720.jpg,0.49999999999945743,0.0,0.0,0.0,0.0,0.0,0.0,0.9999999999989149,0.49999999999945743
RipVIS-NR-019_00726.jpg,0.49999999999945743,0.0,0.0,0.0,0.0,0.0,0.0,0.9999999999989149,0.49999999999945743
RipVIS-NR-019_00732.jpg,0.49999999999945743,0.0,0.0,0.0,0.0,0.0,0.0,0.9999999999989149,0.49999999999945743
RipVIS-NR-019_00738.jpg,0.49999999999945743,0.0,0.0,0.0,0.0,0.0,0.0,0.9999999999989149,0.49999999999945743
RipVIS-NR-019_00744.jpg,0.49999999999945743,0.0,0.0,0.0,0.0,0.0,0.0,0.9999999999989149,0.49999999999945743
RipVIS-NR-019_00750.jpg,0.49999999999945743,0.0,0.0,0.0,0.0,0.0,0.0,0.9999999999989149,0.49999999999945743
RipVIS-NR-019_00756.jpg,0.49999999999945743,0.0,0.0,0.0,0.0,0.0,0.0,0.9999999999989149,0.49999999999945743
RipVIS-NR-019_00762.jpg,0.49999999999945743,0.0,0.0,0.0,0.0,0.0,0.0,0.9999999999989149,0.49999999999945743
RipVIS-NR-019_00768.jpg,0.49999999999945743,0.0,0.0,0.0,0.0,0.0,0.0,0.9999999999989149,0.49999999999945743
RipVIS-NR-019_00774.jpg,0.49999999999945743,0.0,0.0,0.0,0.0,0.0,0.0,0.9999999999989149,0.49999999999945743
RipVIS-NR-019_00780.jpg,0.49999999999945743,0.0,0.0,0.0,0.0,0.0,0.0,0.9999999999989149,0.49999999999945743
RipVIS-NR-019_00786.jpg,0.49999999999945743,0.0,0.0,0.0,0.0,0.0,0.0,0.9999999999989149,0.49999999999945743
RipVIS-NR-019_00792.jpg,0.49999999999945743,0.0,0.0,0.0,0.0,0.0,0.0,0.9999999999989149,0.49999999999945743
RipVIS-NR-019_00798.jpg,0.49999999999945743,0.0,0.0,0.0,0.0,0.0,0.0,0.9999999999989149,0.49999999999945743
RipVIS-NR-019_00804.jpg,0.49999999999945743,0.0,0.0,0.0,0.0,0.0,0.0,0.9999999999989149,0.49999999999945743
RipVIS-NR-019_00810.jpg,0.49999999999945743,0.0,0.0,0.0,0.0,0.0,0.0,0.9999999999989149,0.49999999999945743
RipVIS-NR-019_00816.jpg,0.49999999999945743,0.0,0.0,0.0,0.0,0.0,0.0,0.9999999999989149,0.49999999999945743
RipVIS-NR-019_00822.jpg,0.49999999999945743,0.0,0.0,0.0,0.0,0.0,0.0,0.9999999999989149,0.49999999999945743
RipVIS-NR-019_00828.jpg,0.49999999999945743,0.0,0.0,0.0,0.0,0.0,0.0,0.9999999999989149,0.49999999999945743
RipVIS-NR-019_00834.jpg,0.49999999999945743,0.0,0.0,0.0,0.0,0.0,0.0,0.9999999999989149,0.49999999999945743
RipVIS-NR-019_00840.jpg,0.49999999999945743,0.0,0.0,0.0,0.0,0.0,0.0,0.9999999999989149,0.49999999999945743
RipVIS-NR-019_00846.jpg,0.49999999999945743,0.0,0.0,0.0,0.0,0.0,0.0,0.9999999999989149,0.49999999999945743
RipVIS-NR-019_00852.jpg,0.49999999999945743,0.0,0.0,0.0,0.0,0.0,0.0,0.9999999999989149,0.49999999999945743
RipVIS-NR-019_00858.jpg,0.49999999999945743,0.0,0.0,0.0,0.0,0.0,0.0,0.9999999999989149,0.49999999999945743
RipVIS-NR-019_00864.jpg,0.49999999999945743,0.0,0.0,0.0,0.0,0.0,0.0,0.9999999999989149,0.49999999999945743
RipVIS-NR-019_00870.jpg,0.49999999999945743,0.0,0.0,0.0,0.0,0.0,0.0,0.9999999999989149,0.49999999999945743
RipVIS-NR-019_00876.jpg,0.49999999999945743,0.0,0.0,0.0,0.0,0.0,0.0,0.9999999999989149,0.49999999999945743
RipVIS-NR-019_00882.jpg,0.49999999999945743,0.0,0.0,0.0,0.0,0.0,0.0,0.9999999999989149,0.49999999999945743
RipVIS-NR-019_00888.jpg,0.49999999999945743,0.0,0.0,0.0,0.0,0.0,0.0,0.9999999999989149,0.49999999999945743
RipVIS-NR-019_00894.jpg,0.49999999999945743,0.0,0.0,0.0,0.0,0.0,0.0,0.9999999999989149,0.49999999999945743
RipVIS-NR-020_00000.jpg,0.49999999999945743,0.0,0.0,0.0,0.0,0.0,0.0,0.9999999999989149,0.49999999999945743
RipVIS-NR-020_00006.jpg,0.49999999999945743,0.0,0.0,0.0,0.0,0.0,0.0,0.9999999999989149,0.49999999999945743
RipVIS-NR-020_00012.jpg,0.49999999999945743,0.0,0.0,0.0,0.0,0.0,0.0,0.9999999999989149,0.49999999999945743
RipVIS-NR-020_00018.jpg,0.49999999999945743,0.0,0.0,0.0,0.0,0.0,0.0,0.9999999999989149,0.49999999999945743
RipVIS-NR-020_00024.jpg,0.49999999999945743,0.0,0.0,0.0,0.0,0.0,0.0,0.9999999999989149,0.49999999999945743
RipVIS-NR-020_00030.jpg,0.49999999999945743,0.0,0.0,0.0,0.0,0.0,0.0,0.9999999999989149,0.49999999999945743
RipVIS-NR-020_00036.jpg,0.49999999999945743,0.0,0.0,0.0,0.0,0.0,0.0,0.9999999999989149,0.49999999999945743
RipVIS-NR-020_00042.jpg,0.49999999999945743,0.0,0.0,0.0,0.0,0.0,0.0,0.9999999999989149,0.49999999999945743
RipVIS-NR-020_00048.jpg,0.49999999999945743,0.0,0.0,0.0,0.0,0.0,0.0,0.9999999999989149,0.49999999999945743
RipVIS-NR-020_00054.jpg,0.49999999999945743,0.0,0.0,0.0,0.0,0.0,0.0,0.9999999999989149,0.49999999999945743
RipVIS-NR-020_00060.jpg,0.49999999999945743,0.0,0.0,0.0,0.0,0.0,0.0,0.9999999999989149,0.49999999999945743
RipVIS-NR-020_00066.jpg,0.49999999999945743,0.0,0.0,0.0,0.0,0.0,0.0,0.9999999999989149,0.49999999999945743
RipVIS-NR-020_00072.jpg,0.49999999999945743,0.0,0.0,0.0,0.0,0.0,0.0,0.9999999999989149,0.49999999999945743
RipVIS-NR-020_00078.jpg,0.49999999999945743,0.0,0.0,0.0,0.0,0.0,0.0,0.9999999999989149,0.49999999999945743
RipVIS-NR-020_00084.jpg,0.49999999999945743,0.0,0.0,0.0,0.0,0.0,0.0,0.9999999999989149,0.49999999999945743
RipVIS-NR-020_00090.jpg,0.49999999999945743,0.0,0.0,0.0,0.0,0.0,0.0,0.9999999999989149,0.49999999999945743
RipVIS-NR-020_00096.jpg,0.49999999999945743,0.0,0.0,0.0,0.0,0.0,0.0,0.9999999999989149,0.49999999999945743
RipVIS-NR-020_00102.jpg,0.49999999999945743,0.0,0.0,0.0,0.0,0.0,0.0,0.9999999999989149,0.49999999999945743
RipVIS-NR-020_00108.jpg,0.49999999999945743,0.0,0.0,0.0,0.0,0.0,0.0,0.9999999999989149,0.49999999999945743
RipVIS-NR-020_00114.jpg,0.49999999999945743,0.0,0.0,0.0,0.0,0.0,0.0,0.9999999999989149,0.49999999999945743
RipVIS-NR-020_00120.jpg,0.49999999999945743,0.0,0.0,0.0,0.0,0.0,0.0,0.9999999999989149,0.49999999999945743
RipVIS-NR-020_00126.jpg,0.49999999999945743,0.0,0.0,0.0,0.0,0.0,0.0,0.9999999999989149,0.49999999999945743
RipVIS-NR-020_00132.jpg,0.49999999999945743,0.0,0.0,0.0,0.0,0.0,0.0,0.9999999999989149,0.49999999999945743
RipVIS-NR-020_00138.jpg,0.49999999999945743,0.0,0.0,0.0,0.0,0.0,0.0,0.9999999999989149,0.49999999999945743
RipVIS-NR-020_00144.jpg,0.49999999999945743,0.0,0.0,0.0,0.0,0.0,0.0,0.9999999999989149,0.49999999999945743
RipVIS-NR-020_00150.jpg,0.49999999999945743,0.0,0.0,0.0,0.0,0.0,0.0,0.9999999999989149,0.49999999999945743
RipVIS-NR-020_00156.jpg,0.49999999999945743,0.0,0.0,0.0,0.0,0.0,0.0,0.9999999999989149,0.49999999999945743
RipVIS-NR-020_00162.jpg,0.47337185329809744,0.0,0.0,0.0,0.0,0.0,0.0,0.9467437065961949,0.47337185329809744
RipVIS-NR-020_00168.jpg,0.49999999999945743,0.0,0.0,0.0,0.0,0.0,0.0,0.9999999999989149,0.49999999999945743
RipVIS-NR-020_00174.jpg,0.49999999999945743,0.0,0.0,0.0,0.0,0.0,0.0,0.9999999999989149,0.49999999999945743
RipVIS-NR-020_00180.jpg,0.49999999999945743,0.0,0.0,0.0,0.0,0.0,0.0,0.9999999999989149,0.49999999999945743
RipVIS-NR-020_00186.jpg,0.49999999999945743,0.0,0.0,0.0,0.0,0.0,0.0,0.9999999999989149,0.49999999999945743
RipVIS-NR-020_00192.jpg,0.49999999999945743,0.0,0.0,0.0,0.0,0.0,0.0,0.9999999999989149,0.49999999999945743
RipVIS-NR-020_00198.jpg,0.49999999999945743,0.0,0.0,0.0,0.0,0.0,0.0,0.9999999999989149,0.49999999999945743
RipVIS-NR-020_00204.jpg,0.49999999999945743,0.0,0.0,0.0,0.0,0.0,0.0,0.9999999999989149,0.49999999999945743
RipVIS-NR-020_00210.jpg,0.49999999999945743,0.0,0.0,0.0,0.0,0.0,0.0,0.9999999999989149,0.49999999999945743
RipVIS-NR-020_00216.jpg,0.49999999999945743,0.0,0.0,0.0,0.0,0.0,0.0,0.9999999999989149,0.49999999999945743
RipVIS-NR-020_00222.jpg,0.49999999999945743,0.0,0.0,0.0,0.0,0.0,0.0,0.9999999999989149,0.49999999999945743
RipVIS-NR-020_00228.jpg,0.49999999999945743,0.0,0.0,0.0,0.0,0.0,0.0,0.9999999999989149,0.49999999999945743
RipVIS-NR-020_00234.jpg,0.49999999999945743,0.0,0.0,0.0,0.0,0.0,0.0,0.9999999999989149,0.49999999999945743
RipVIS-NR-020_00240.jpg,0.49999999999945743,0.0,0.0,0.0,0.0,0.0,0.0,0.9999999999989149,0.49999999999945743
RipVIS-NR-020_00246.jpg,0.49999999999945743,0.0,0.0,0.0,0.0,0.0,0.0,0.9999999999989149,0.49999999999945743
RipVIS-NR-020_00252.jpg,0.49999999999945743,0.0,0.0,0.0,0.0,0.0,0.0,0.9999999999989149,0.49999999999945743
RipVIS-NR-020_00258.jpg,0.49999999999945743,0.0,0.0,0.0,0.0,0.0,0.0,0.9999999999989149,0.49999999999945743
RipVIS-NR-020_00264.jpg,0.49999999999945743,0.0,0.0,0.0,0.0,0.0,0.0,0.9999999999989149,0.49999999999945743
RipVIS-NR-020_00270.jpg,0.49999999999945743,0.0,0.0,0.0,0.0,0.0,0.0,0.9999999999989149,0.49999999999945743
RipVIS-NR-020_00276.jpg,0.49999999999945743,0.0,0.0,0.0,0.0,0.0,0.0,0.9999999999989149,0.49999999999945743
RipVIS-NR-020_00282.jpg,0.49999999999945743,0.0,0.0,0.0,0.0,0.0,0.0,0.9999999999989149,0.49999999999945743
RipVIS-NR-020_00288.jpg,0.49999999999945743,0.0,0.0,0.0,0.0,0.0,0.0,0.9999999999989149,0.49999999999945743
RipVIS-NR-020_00294.jpg,0.49999999999945743,0.0,0.0,0.0,0.0,0.0,0.0,0.9999999999989149,0.49999999999945743
RipVIS-NR-020_00300.jpg,0.49999999999945743,0.0,0.0,0.0,0.0,0.0,0.0,0.9999999999989149,0.49999999999945743
RipVIS-NR-020_00306.jpg,0.49999999999945743,0.0,0.0,0.0,0.0,0.0,0.0,0.9999999999989149,0.49999999999945743
RipVIS-NR-020_00312.jpg,0.49999999999945743,0.0,0.0,0.0,0.0,0.0,0.0,0.9999999999989149,0.49999999999945743
RipVIS-NR-020_00318.jpg,0.49999999999945743,0.0,0.0,0.0,0.0,0.0,0.0,0.9999999999989149,0.49999999999945743
RipVIS-NR-020_00324.jpg,0.49999999999945743,0.0,0.0,0.0,0.0,0.0,0.0,0.9999999999989149,0.49999999999945743
RipVIS-NR-020_00330.jpg,0.49999999999945743,0.0,0.0,0.0,0.0,0.0,0.0,0.9999999999989149,0.49999999999945743
RipVIS-NR-020_00336.jpg,0.49999999999945743,0.0,0.0,0.0,0.0,0.0,0.0,0.9999999999989149,0.49999999999945743
RipVIS-NR-020_00342.jpg,0.49999999999945743,0.0,0.0,0.0,0.0,0.0,0.0,0.9999999999989149,0.49999999999945743
RipVIS-NR-020_00348.jpg,0.49999999999945743,0.0,0.0,0.0,0.0,0.0,0.0,0.9999999999989149,0.49999999999945743
RipVIS-NR-020_00354.jpg,0.49999999999945743,0.0,0.0,0.0,0.0,0.0,0.0,0.9999999999989149,0.49999999999945743
RipVIS-NR-020_00360.jpg,0.49999999999945743,0.0,0.0,0.0,0.0,0.0,0.0,0.9999999999989149,0.49999999999945743
RipVIS-NR-020_00366.jpg,0.49999999999945743,0.0,0.0,0.0,0.0,0.0,0.0,0.9999999999989149,0.49999999999945743
RipVIS-NR-020_00372.jpg,0.49999999999945743,0.0,0.0,0.0,0.0,0.0,0.0,0.9999999999989149,0.49999999999945743
RipVIS-NR-020_00378.jpg,0.49999999999945743,0.0,0.0,0.0,0.0,0.0,0.0,0.9999999999989149,0.49999999999945743
RipVIS-NR-020_00384.jpg,0.49999999999945743,0.0,0.0,0.0,0.0,0.0,0.0,0.9999999999989149,0.49999999999945743
RipVIS-NR-020_00390.jpg,0.49999999999945743,0.0,0.0,0.0,0.0,0.0,0.0,0.9999999999989149,0.49999999999945743
RipVIS-NR-020_00396.jpg,0.49999999999945743,0.0,0.0,0.0,0.0,0.0,0.0,0.9999999999989149,0.49999999999945743
RipVIS-NR-020_00402.jpg,0.49999999999945743,0.0,0.0,0.0,0.0,0.0,0.0,0.9999999999989149,0.49999999999945743
RipVIS-NR-020_00408.jpg,0.49999999999945743,0.0,0.0,0.0,0.0,0.0,0.0,0.9999999999989149,0.49999999999945743
RipVIS-NR-020_00414.jpg,0.49999999999945743,0.0,0.0,0.0,0.0,0.0,0.0,0.9999999999989149,0.49999999999945743
RipVIS-NR-020_00420.jpg,0.49999999999945743,0.0,0.0,0.0,0.0,0.0,0.0,0.9999999999989149,0.49999999999945743
RipVIS-NR-020_00426.jpg,0.49999999999945743,0.0,0.0,0.0,0.0,0.0,0.0,0.9999999999989149,0.49999999999945743
RipVIS-NR-020_00432.jpg,0.49999999999945743,0.0,0.0,0.0,0.0,0.0,0.0,0.9999999999989149,0.49999999999945743
RipVIS-NR-020_00438.jpg,0.49999999999945743,0.0,0.0,0.0,0.0,0.0,0.0,0.9999999999989149,0.49999999999945743
RipVIS-NR-020_00444.jpg,0.49999999999945743,0.0,0.0,0.0,0.0,0.0,0.0,0.9999999999989149,0.49999999999945743
RipVIS-NR-020_00450.jpg,0.49999999999945743,0.0,0.0,0.0,0.0,0.0,0.0,0.9999999999989149,0.49999999999945743
RipVIS-NR-020_00456.jpg,0.49999999999945743,0.0,0.0,0.0,0.0,0.0,0.0,0.9999999999989149,0.49999999999945743
RipVIS-NR-020_00462.jpg,0.49999999999945743,0.0,0.0,0.0,0.0,0.0,0.0,0.9999999999989149,0.49999999999945743
RipVIS-NR-020_00468.jpg,0.49999999999945743,0.0,0.0,0.0,0.0,0.0,0.0,0.9999999999989149,0.49999999999945743
RipVIS-NR-020_00474.jpg,0.49999999999945743,0.0,0.0,0.0,0.0,0.0,0.0,0.9999999999989149,0.49999999999945743
RipVIS-NR-020_00480.jpg,0.49999999999945743,0.0,0.0,0.0,0.0,0.0,0.0,0.9999999999989149,0.49999999999945743
RipVIS-NR-020_00486.jpg,0.49999999999945743,0.0,0.0,0.0,0.0,0.0,0.0,0.9999999999989149,0.49999999999945743
RipVIS-NR-020_00492.jpg,0.49999999999945743,0.0,0.0,0.0,0.0,0.0,0.0,0.9999999999989149,0.49999999999945743
RipVIS-NR-020_00498.jpg,0.49999999999945743,0.0,0.0,0.0,0.0,0.0,0.0,0.9999999999989149,0.49999999999945743
RipVIS-NR-020_00504.jpg,0.49999999999945743,0.0,0.0,0.0,0.0,0.0,0.0,0.9999999999989149,0.49999999999945743
RipVIS-NR-020_00510.jpg,0.49999999999945743,0.0,0.0,0.0,0.0,0.0,0.0,0.9999999999989149,0.49999999999945743
RipVIS-NR-020_00516.jpg,0.49999999999945743,0.0,0.0,0.0,0.0,0.0,0.0,0.9999999999989149,0.49999999999945743
RipVIS-NR-020_00522.jpg,0.49999999999945743,0.0,0.0,0.0,0.0,0.0,0.0,0.9999999999989149,0.49999999999945743
RipVIS-NR-020_00528.jpg,0.49999999999945743,0.0,0.0,0.0,0.0,0.0,0.0,0.9999999999989149,0.49999999999945743
RipVIS-NR-020_00534.jpg,0.49999999999945743,0.0,0.0,0.0,0.0,0.0,0.0,0.9999999999989149,0.49999999999945743
RipVIS-NR-020_00540.jpg,0.49999999999945743,0.0,0.0,0.0,0.0,0.0,0.0,0.9999999999989149,0.49999999999945743
RipVIS-NR-020_00546.jpg,0.49999999999945743,0.0,0.0,0.0,0.0,0.0,0.0,0.9999999999989149,0.49999999999945743
RipVIS-NR-020_00552.jpg,0.49999999999945743,0.0,0.0,0.0,0.0,0.0,0.0,0.9999999999989149,0.49999999999945743
RipVIS-NR-020_00558.jpg,0.49999999999945743,0.0,0.0,0.0,0.0,0.0,0.0,0.9999999999989149,0.49999999999945743
RipVIS-NR-020_00564.jpg,0.49999999999945743,0.0,0.0,0.0,0.0,0.0,0.0,0.9999999999989149,0.49999999999945743
RipVIS-NR-020_00570.jpg,0.49999999999945743,0.0,0.0,0.0,0.0,0.0,0.0,0.9999999999989149,0.49999999999945743
RipVIS-NR-020_00576.jpg,0.49999999999945743,0.0,0.0,0.0,0.0,0.0,0.0,0.9999999999989149,0.49999999999945743
RipVIS-NR-020_00582.jpg,0.49999999999945743,0.0,0.0,0.0,0.0,0.0,0.0,0.9999999999989149,0.49999999999945743
RipVIS-NR-020_00588.jpg,0.49999999999945743,0.0,0.0,0.0,0.0,0.0,0.0,0.9999999999989149,0.49999999999945743
RipVIS-NR-020_00594.jpg,0.49999999999945743,0.0,0.0,0.0,0.0,0.0,0.0,0.9999999999989149,0.49999999999945743
RipVIS-NR-020_00600.jpg,0.49999999999945743,0.0,0.0,0.0,0.0,0.0,0.0,0.9999999999989149,0.49999999999945743
RipVIS-NR-020_00606.jpg,0.49999999999945743,0.0,0.0,0.0,0.0,0.0,0.0,0.9999999999989149,0.49999999999945743
RipVIS-NR-020_00612.jpg,0.49999999999945743,0.0,0.0,0.0,0.0,0.0,0.0,0.9999999999989149,0.49999999999945743
RipVIS-NR-020_00618.jpg,0.49999999999945743,0.0,0.0,0.0,0.0,0.0,0.0,0.9999999999989149,0.49999999999945743
RipVIS-NR-020_00624.jpg,0.49999999999945743,0.0,0.0,0.0,0.0,0.0,0.0,0.9999999999989149,0.49999999999945743
RipVIS-NR-020_00630.jpg,0.49999999999945743,0.0,0.0,0.0,0.0,0.0,0.0,0.9999999999989149,0.49999999999945743
RipVIS-NR-020_00636.jpg,0.49999999999945743,0.0,0.0,0.0,0.0,0.0,0.0,0.9999999999989149,0.49999999999945743
RipVIS-NR-020_00642.jpg,0.49999999999945743,0.0,0.0,0.0,0.0,0.0,0.0,0.9999999999989149,0.49999999999945743
RipVIS-NR-020_00648.jpg,0.49999999999945743,0.0,0.0,0.0,0.0,0.0,0.0,0.9999999999989149,0.49999999999945743
RipVIS-NR-020_00654.jpg,0.49999999999945743,0.0,0.0,0.0,0.0,0.0,0.0,0.9999999999989149,0.49999999999945743
RipVIS-NR-020_00660.jpg,0.49999999999945743,0.0,0.0,0.0,0.0,0.0,0.0,0.9999999999989149,0.49999999999945743
RipVIS-NR-020_00666.jpg,0.49999999999945743,0.0,0.0,0.0,0.0,0.0,0.0,0.9999999999989149,0.49999999999945743
RipVIS-NR-020_00672.jpg,0.49999999999945743,0.0,0.0,0.0,0.0,0.0,0.0,0.9999999999989149,0.49999999999945743
RipVIS-NR-020_00678.jpg,0.49999999999945743,0.0,0.0,0.0,0.0,0.0,0.0,0.9999999999989149,0.49999999999945743
RipVIS-NR-020_00684.jpg,0.49999999999945743,0.0,0.0,0.0,0.0,0.0,0.0,0.9999999999989149,0.49999999999945743
RipVIS-NR-020_00690.jpg,0.49999999999945743,0.0,0.0,0.0,0.0,0.0,0.0,0.9999999999989149,0.49999999999945743
RipVIS-NR-020_00696.jpg,0.49999999999945743,0.0,0.0,0.0,0.0,0.0,0.0,0.9999999999989149,0.49999999999945743
RipVIS-NR-020_00702.jpg,0.49999999999945743,0.0,0.0,0.0,0.0,0.0,0.0,0.9999999999989149,0.49999999999945743
RipVIS-NR-020_00708.jpg,0.49999999999945743,0.0,0.0,0.0,0.0,0.0,0.0,0.9999999999989149,0.49999999999945743
RipVIS-NR-020_00714.jpg,0.49999999999945743,0.0,0.0,0.0,0.0,0.0,0.0,0.9999999999989149,0.49999999999945743
RipVIS-NR-020_00720.jpg,0.49999999999945743,0.0,0.0,0.0,0.0,0.0,0.0,0.9999999999989149,0.49999999999945743
RipVIS-NR-020_00726.jpg,0.49999999999945743,0.0,0.0,0.0,0.0,0.0,0.0,0.9999999999989149,0.49999999999945743
RipVIS-NR-020_00732.jpg,0.49999999999945743,0.0,0.0,0.0,0.0,0.0,0.0,0.9999999999989149,0.49999999999945743
RipVIS-NR-020_00738.jpg,0.49999999999945743,0.0,0.0,0.0,0.0,0.0,0.0,0.9999999999989149,0.49999999999945743
RipVIS-NR-020_00744.jpg,0.49999999999945743,0.0,0.0,0.0,0.0,0.0,0.0,0.9999999999989149,0.49999999999945743
RipVIS-NR-020_00750.jpg,0.49999999999945743,0.0,0.0,0.0,0.0,0.0,0.0,0.9999999999989149,0.49999999999945743
RipVIS-NR-020_00756.jpg,0.49999999999945743,0.0,0.0,0.0,0.0,0.0,0.0,0.9999999999989149,0.49999999999945743
RipVIS-NR-020_00762.jpg,0.49999999999945743,0.0,0.0,0.0,0.0,0.0,0.0,0.9999999999989149,0.49999999999945743
RipVIS-NR-020_00768.jpg,0.49999999999945743,0.0,0.0,0.0,0.0,0.0,0.0,0.9999999999989149,0.49999999999945743
RipVIS-NR-020_00774.jpg,0.49999999999945743,0.0,0.0,0.0,0.0,0.0,0.0,0.9999999999989149,0.49999999999945743
RipVIS-NR-020_00780.jpg,0.49999999999945743,0.0,0.0,0.0,0.0,0.0,0.0,0.9999999999989149,0.49999999999945743
RipVIS-NR-020_00786.jpg,0.49999999999945743,0.0,0.0,0.0,0.0,0.0,0.0,0.9999999999989149,0.49999999999945743
RipVIS-NR-020_00792.jpg,0.49999999999945743,0.0,0.0,0.0,0.0,0.0,0.0,0.9999999999989149,0.49999999999945743
RipVIS-NR-020_00798.jpg,0.49999999999945743,0.0,0.0,0.0,0.0,0.0,0.0,0.9999999999989149,0.49999999999945743
RipVIS-NR-020_00804.jpg,0.49999999999945743,0.0,0.0,0.0,0.0,0.0,0.0,0.9999999999989149,0.49999999999945743
RipVIS-NR-020_00810.jpg,0.49999999999945743,0.0,0.0,0.0,0.0,0.0,0.0,0.9999999999989149,0.49999999999945743
RipVIS-NR-020_00816.jpg,0.49999999999945743,0.0,0.0,0.0,0.0,0.0,0.0,0.9999999999989149,0.49999999999945743
RipVIS-NR-020_00822.jpg,0.49999999999945743,0.0,0.0,0.0,0.0,0.0,0.0,0.9999999999989149,0.49999999999945743
RipVIS-NR-020_00828.jpg,0.49999999999945743,0.0,0.0,0.0,0.0,0.0,0.0,0.9999999999989149,0.49999999999945743
RipVIS-NR-020_00834.jpg,0.49999999999945743,0.0,0.0,0.0,0.0,0.0,0.0,0.9999999999989149,0.49999999999945743
RipVIS-NR-020_00840.jpg,0.49999999999945743,0.0,0.0,0.0,0.0,0.0,0.0,0.9999999999989149,0.49999999999945743
RipVIS-NR-020_00846.jpg,0.49999999999945743,0.0,0.0,0.0,0.0,0.0,0.0,0.9999999999989149,0.49999999999945743
RipVIS-NR-020_00852.jpg,0.49999999999945743,0.0,0.0,0.0,0.0,0.0,0.0,0.9999999999989149,0.49999999999945743
RipVIS-NR-020_00858.jpg,0.49999999999945743,0.0,0.0,0.0,0.0,0.0,0.0,0.9999999999989149,0.49999999999945743
RipVIS-NR-020_00864.jpg,0.49999999999945743,0.0,0.0,0.0,0.0,0.0,0.0,0.9999999999989149,0.49999999999945743
RipVIS-NR-020_00870.jpg,0.49999999999945743,0.0,0.0,0.0,0.0,0.0,0.0,0.9999999999989149,0.49999999999945743
RipVIS-NR-020_00876.jpg,0.49999999999945743,0.0,0.0,0.0,0.0,0.0,0.0,0.9999999999989149,0.49999999999945743
RipVIS-NR-020_00882.jpg,0.49999999999945743,0.0,0.0,0.0,0.0,0.0,0.0,0.9999999999989149,0.49999999999945743
RipVIS-NR-020_00888.jpg,0.49999999999945743,0.0,0.0,0.0,0.0,0.0,0.0,0.9999999999989149,0.49999999999945743
RipVIS-NR-020_00894.jpg,0.49999999999945743,0.0,0.0,0.0,0.0,0.0,0.0,0.9999999999989149,0.49999999999945743
RipVIS-NR-020_00900.jpg,0.49999999999945743,0.0,0.0,0.0,0.0,0.0,0.0,0.9999999999989149,0.49999999999945743
RipVIS-NR-020_00906.jpg,0.49999999999945743,0.0,0.0,0.0,0.0,0.0,0.0,0.9999999999989149,0.49999999999945743
RipVIS-NR-020_00912.jpg,0.49999999999945743,0.0,0.0,0.0,0.0,0.0,0.0,0.9999999999989149,0.49999999999945743
RipVIS-NR-020_00918.jpg,0.49999999999945743,0.0,0.0,0.0,0.0,0.0,0.0,0.9999999999989149,0.49999999999945743
RipVIS-NR-020_00924.jpg,0.49999999999945743,0.0,0.0,0.0,0.0,0.0,0.0,0.9999999999989149,0.49999999999945743
RipVIS-NR-020_00930.jpg,0.49999999999945743,0.0,0.0,0.0,0.0,0.0,0.0,0.9999999999989149,0.49999999999945743
RipVIS-NR-020_00936.jpg,0.49999999999945743,0.0,0.0,0.0,0.0,0.0,0.0,0.9999999999989149,0.49999999999945743
RipVIS-NR-020_00942.jpg,0.49999999999945743,0.0,0.0,0.0,0.0,0.0,0.0,0.9999999999989149,0.49999999999945743
RipVIS-NR-020_00948.jpg,0.49999999999945743,0.0,0.0,0.0,0.0,0.0,0.0,0.9999999999989149,0.49999999999945743
RipVIS-NR-020_00954.jpg,0.49999999999945743,0.0,0.0,0.0,0.0,0.0,0.0,0.9999999999989149,0.49999999999945743
RipVIS-NR-020_00960.jpg,0.49999999999945743,0.0,0.0,0.0,0.0,0.0,0.0,0.9999999999989149,0.49999999999945743
RipVIS-NR-020_00966.jpg,0.49999999999945743,0.0,0.0,0.0,0.0,0.0,0.0,0.9999999999989149,0.49999999999945743
RipVIS-NR-020_00972.jpg,0.49999999999945743,0.0,0.0,0.0,0.0,0.0,0.0,0.9999999999989149,0.49999999999945743
RipVIS-NR-020_00978.jpg,0.49999999999945743,0.0,0.0,0.0,0.0,0.0,0.0,0.9999999999989149,0.49999999999945743
RipVIS-NR-020_00984.jpg,0.49999999999945743,0.0,0.0,0.0,0.0,0.0,0.0,0.9999999999989149,0.49999999999945743
RipVIS-NR-020_00990.jpg,0.49999999999945743,0.0,0.0,0.0,0.0,0.0,0.0,0.9999999999989149,0.49999999999945743
RipVIS-NR-020_00996.jpg,0.49999999999945743,0.0,0.0,0.0,0.0,0.0,0.0,0.9999999999989149,0.49999999999945743
RipVIS-NR-020_01002.jpg,0.49999999999945743,0.0,0.0,0.0,0.0,0.0,0.0,0.9999999999989149,0.49999999999945743
RipVIS-NR-020_01008.jpg,0.49999999999945743,0.0,0.0,0.0,0.0,0.0,0.0,0.9999999999989149,0.49999999999945743
RipVIS-NR-020_01014.jpg,0.49999999999945743,0.0,0.0,0.0,0.0,0.0,0.0,0.9999999999989149,0.49999999999945743
RipVIS-NR-020_01020.jpg,0.49999999999945743,0.0,0.0,0.0,0.0,0.0,0.0,0.9999999999989149,0.49999999999945743
RipVIS-NR-020_01026.jpg,0.49999999999945743,0.0,0.0,0.0,0.0,0.0,0.0,0.9999999999989149,0.49999999999945743
RipVIS-NR-020_01032.jpg,0.49999999999945743,0.0,0.0,0.0,0.0,0.0,0.0,0.9999999999989149,0.49999999999945743
RipVIS-NR-020_01038.jpg,0.49999999999945743,0.0,0.0,0.0,0.0,0.0,0.0,0.9999999999989149,0.49999999999945743
RipVIS-NR-020_01044.jpg,0.49999999999945743,0.0,0.0,0.0,0.0,0.0,0.0,0.9999999999989149,0.49999999999945743
RipVIS-NR-020_01050.jpg,0.49999999999945743,0.0,0.0,0.0,0.0,0.0,0.0,0.9999999999989149,0.49999999999945743
RipVIS-NR-020_01056.jpg,0.49999999999945743,0.0,0.0,0.0,0.0,0.0,0.0,0.9999999999989149,0.49999999999945743
RipVIS-NR-020_01062.jpg,0.49999999999945743,0.0,0.0,0.0,0.0,0.0,0.0,0.9999999999989149,0.49999999999945743
RipVIS-NR-020_01068.jpg,0.49999999999945743,0.0,0.0,0.0,0.0,0.0,0.0,0.9999999999989149,0.49999999999945743
RipVIS-NR-020_01074.jpg,0.49999999999945743,0.0,0.0,0.0,0.0,0.0,0.0,0.9999999999989149,0.49999999999945743
RipVIS-NR-020_01080.jpg,0.49999999999945743,0.0,0.0,0.0,0.0,0.0,0.0,0.9999999999989149,0.49999999999945743
RipVIS-NR-020_01086.jpg,0.49999999999945743,0.0,0.0,0.0,0.0,0.0,0.0,0.9999999999989149,0.49999999999945743
RipVIS-NR-020_01092.jpg,0.49999999999945743,0.0,0.0,0.0,0.0,0.0,0.0,0.9999999999989149,0.49999999999945743
RipVIS-NR-020_01098.jpg,0.49999999999945743,0.0,0.0,0.0,0.0,0.0,0.0,0.9999999999989149,0.49999999999945743
RipVIS-NR-020_01104.jpg,0.49999999999945743,0.0,0.0,0.0,0.0,0.0,0.0,0.9999999999989149,0.49999999999945743
RipVIS-NR-020_01110.jpg,0.49999999999945743,0.0,0.0,0.0,0.0,0.0,0.0,0.9999999999989149,0.49999999999945743
RipVIS-NR-020_01116.jpg,0.49999999999945743,0.0,0.0,0.0,0.0,0.0,0.0,0.9999999999989149,0.49999999999945743
RipVIS-NR-020_01122.jpg,0.49999999999945743,0.0,0.0,0.0,0.0,0.0,0.0,0.9999999999989149,0.49999999999945743
RipVIS-NR-020_01128.jpg,0.49999999999945743,0.0,0.0,0.0,0.0,0.0,0.0,0.9999999999989149,0.49999999999945743
RipVIS-NR-020_01134.jpg,0.49999999999945743,0.0,0.0,0.0,0.0,0.0,0.0,0.9999999999989149,0.49999999999945743
RipVIS-NR-020_01140.jpg,0.49999999999945743,0.0,0.0,0.0,0.0,0.0,0.0,0.9999999999989149,0.49999999999945743
RipVIS-NR-020_01146.jpg,0.49999999999945743,0.0,0.0,0.0,0.0,0.0,0.0,0.9999999999989149,0.49999999999945743
RipVIS-NR-020_01152.jpg,0.49999999999945743,0.0,0.0,0.0,0.0,0.0,0.0,0.9999999999989149,0.49999999999945743
RipVIS-NR-020_01158.jpg,0.49999999999945743,0.0,0.0,0.0,0.0,0.0,0.0,0.9999999999989149,0.49999999999945743
RipVIS-NR-020_01164.jpg,0.49999999999945743,0.0,0.0,0.0,0.0,0.0,0.0,0.9999999999989149,0.49999999999945743
RipVIS-NR-020_01170.jpg,0.49999999999945743,0.0,0.0,0.0,0.0,0.0,0.0,0.9999999999989149,0.49999999999945743
RipVIS-NR-020_01176.jpg,0.49999999999945743,0.0,0.0,0.0,0.0,0.0,0.0,0.9999999999989149,0.49999999999945743
RipVIS-NR-020_01182.jpg,0.49999999999945743,0.0,0.0,0.0,0.0,0.0,0.0,0.9999999999989149,0.49999999999945743
RipVIS-NR-020_01188.jpg,0.49999999999945743,0.0,0.0,0.0,0.0,0.0,0.0,0.9999999999989149,0.49999999999945743
RipVIS-NR-020_01194.jpg,0.46114854600644406,0.0,0.0,0.0,0.0,0.0,0.0,0.9222970920128881,0.46114854600644406
RipVIS-NR-020_01200.jpg,0.4628879123258866,0.0,0.0,0.0,0.0,0.0,0.0,0.9257758246517732,0.4628879123258866
RipVIS-NR-020_01206.jpg,0.49999999999945743,0.0,0.0,0.0,0.0,0.0,0.0,0.9999999999989149,0.49999999999945743
RipVIS-NR-020_01212.jpg,0.49999999999945743,0.0,0.0,0.0,0.0,0.0,0.0,0.9999999999989149,0.49999999999945743
RipVIS-NR-020_01218.jpg,0.49999999999945743,0.0,0.0,0.0,0.0,0.0,0.0,0.9999999999989149,0.49999999999945743
RipVIS-NR-020_01224.jpg,0.49999999999945743,0.0,0.0,0.0,0.0,0.0,0.0,0.9999999999989149,0.49999999999945743
RipVIS-NR-020_01230.jpg,0.49999999999945743,0.0,0.0,0.0,0.0,0.0,0.0,0.9999999999989149,0.49999999999945743
RipVIS-NR-020_01236.jpg,0.49999999999945743,0.0,0.0,0.0,0.0,0.0,0.0,0.9999999999989149,0.49999999999945743
RipVIS-NR-020_01242.jpg,0.49999999999945743,0.0,0.0,0.0,0.0,0.0,0.0,0.9999999999989149,0.49999999999945743
RipVIS-NR-020_01248.jpg,0.49999999999945743,0.0,0.0,0.0,0.0,0.0,0.0,0.9999999999989149,0.49999999999945743
RipVIS-NR-020_01254.jpg,0.49999999999945743,0.0,0.0,0.0,0.0,0.0,0.0,0.9999999999989149,0.49999999999945743
RipVIS-NR-020_01260.jpg,0.49999999999945743,0.0,0.0,0.0,0.0,0.0,0.0,0.9999999999989149,0.49999999999945743
RipVIS-NR-020_01266.jpg,0.49999999999945743,0.0,0.0,0.0,0.0,0.0,0.0,0.9999999999989149,0.49999999999945743
RipVIS-NR-020_01272.jpg,0.49999999999945743,0.0,0.0,0.0,0.0,0.0,0.0,0.9999999999989149,0.49999999999945743
RipVIS-NR-020_01278.jpg,0.49999999999945743,0.0,0.0,0.0,0.0,0.0,0.0,0.9999999999989149,0.49999999999945743
RipVIS-NR-020_01284.jpg,0.49999999999945743,0.0,0.0,0.0,0.0,0.0,0.0,0.9999999999989149,0.49999999999945743
RipVIS-NR-020_01290.jpg,0.49999999999945743,0.0,0.0,0.0,0.0,0.0,0.0,0.9999999999989149,0.49999999999945743
RipVIS-NR-020_01296.jpg,0.49999999999945743,0.0,0.0,0.0,0.0,0.0,0.0,0.9999999999989149,0.49999999999945743
RipVIS-NR-020_01302.jpg,0.49999999999945743,0.0,0.0,0.0,0.0,0.0,0.0,0.9999999999989149,0.49999999999945743
RipVIS-NR-020_01308.jpg,0.49999999999945743,0.0,0.0,0.0,0.0,0.0,0.0,0.9999999999989149,0.49999999999945743
RipVIS-NR-020_01314.jpg,0.49999999999945743,0.0,0.0,0.0,0.0,0.0,0.0,0.9999999999989149,0.49999999999945743
RipVIS-NR-020_01320.jpg,0.49999999999945743,0.0,0.0,0.0,0.0,0.0,0.0,0.9999999999989149,0.49999999999945743
RipVIS-NR-020_01326.jpg,0.48566460503419523,0.0,0.0,0.0,0.0,0.0,0.0,0.9713292100683905,0.48566460503419523
RipVIS-NR-020_01332.jpg,0.49999999999945743,0.0,0.0,0.0,0.0,0.0,0.0,0.9999999999989149,0.49999999999945743
RipVIS-NR-020_01338.jpg,0.49999999999945743,0.0,0.0,0.0,0.0,0.0,0.0,0.9999999999989149,0.49999999999945743
RipVIS-NR-020_01344.jpg,0.49999999999945743,0.0,0.0,0.0,0.0,0.0,0.0,0.9999999999989149,0.49999999999945743
RipVIS-NR-020_01350.jpg,0.49999999999945743,0.0,0.0,0.0,0.0,0.0,0.0,0.9999999999989149,0.49999999999945743
RipVIS-NR-020_01356.jpg,0.49999999999945743,0.0,0.0,0.0,0.0,0.0,0.0,0.9999999999989149,0.49999999999945743
RipVIS-NR-020_01362.jpg,0.49999999999945743,0.0,0.0,0.0,0.0,0.0,0.0,0.9999999999989149,0.49999999999945743
RipVIS-NR-020_01368.jpg,0.49999999999945743,0.0,0.0,0.0,0.0,0.0,0.0,0.9999999999989149,0.49999999999945743
RipVIS-NR-020_01374.jpg,0.49999999999945743,0.0,0.0,0.0,0.0,0.0,0.0,0.9999999999989149,0.49999999999945743
RipVIS-NR-020_01380.jpg,0.49999999999945743,0.0,0.0,0.0,0.0,0.0,0.0,0.9999999999989149,0.49999999999945743
RipVIS-NR-020_01386.jpg,0.49999999999945743,0.0,0.0,0.0,0.0,0.0,0.0,0.9999999999989149,0.49999999999945743
RipVIS-NR-020_01392.jpg,0.49999999999945743,0.0,0.0,0.0,0.0,0.0,0.0,0.9999999999989149,0.49999999999945743
RipVIS-NR-020_01398.jpg,0.49999999999945743,0.0,0.0,0.0,0.0,0.0,0.0,0.9999999999989149,0.49999999999945743
RipVIS-NR-020_01404.jpg,0.49999999999945743,0.0,0.0,0.0,0.0,0.0,0.0,0.9999999999989149,0.49999999999945743
RipVIS-NR-020_01410.jpg,0.49999999999945743,0.0,0.0,0.0,0.0,0.0,0.0,0.9999999999989149,0.49999999999945743
RipVIS-NR-020_01416.jpg,0.49999999999945743,0.0,0.0,0.0,0.0,0.0,0.0,0.9999999999989149,0.49999999999945743
RipVIS-NR-020_01422.jpg,0.49999999999945743,0.0,0.0,0.0,0.0,0.0,0.0,0.9999999999989149,0.49999999999945743
RipVIS-NR-020_01428.jpg,0.49999999999945743,0.0,0.0,0.0,0.0,0.0,0.0,0.9999999999989149,0.49999999999945743
RipVIS-NR-020_01434.jpg,0.49999999999945743,0.0,0.0,0.0,0.0,0.0,0.0,0.9999999999989149,0.49999999999945743
RipVIS-NR-020_01440.jpg,0.49999999999945743,0.0,0.0,0.0,0.0,0.0,0.0,0.9999999999989149,0.49999999999945743
RipVIS-NR-020_01446.jpg,0.49999999999945743,0.0,0.0,0.0,0.0,0.0,0.0,0.9999999999989149,0.49999999999945743
RipVIS-NR-020_01452.jpg,0.49999999999945743,0.0,0.0,0.0,0.0,0.0,0.0,0.9999999999989149,0.49999999999945743
RipVIS-NR-020_01458.jpg,0.49999999999945743,0.0,0.0,0.0,0.0,0.0,0.0,0.9999999999989149,0.49999999999945743
RipVIS-NR-020_01464.jpg,0.49999999999945743,0.0,0.0,0.0,0.0,0.0,0.0,0.9999999999989149,0.49999999999945743
RipVIS-NR-020_01470.jpg,0.49999999999945743,0.0,0.0,0.0,0.0,0.0,0.0,0.9999999999989149,0.49999999999945743
RipVIS-NR-020_01476.jpg,0.49999999999945743,0.0,0.0,0.0,0.0,0.0,0.0,0.9999999999989149,0.49999999999945743
RipVIS-NR-020_01482.jpg,0.49999999999945743,0.0,0.0,0.0,0.0,0.0,0.0,0.9999999999989149,0.49999999999945743
RipVIS-NR-020_01488.jpg,0.49999999999945743,0.0,0.0,0.0,0.0,0.0,0.0,0.9999999999989149,0.49999999999945743
RipVIS-NR-020_01494.jpg,0.49999999999945743,0.0,0.0,0.0,0.0,0.0,0.0,0.9999999999989149,0.49999999999945743
RipVIS-NR-020_01500.jpg,0.49999999999945743,0.0,0.0,0.0,0.0,0.0,0.0,0.9999999999989149,0.49999999999945743
RipVIS-NR-020_01506.jpg,0.49999999999945743,0.0,0.0,0.0,0.0,0.0,0.0,0.9999999999989149,0.49999999999945743
RipVIS-NR-020_01512.jpg,0.49999999999945743,0.0,0.0,0.0,0.0,0.0,0.0,0.9999999999989149,0.49999999999945743
RipVIS-NR-020_01518.jpg,0.49999999999945743,0.0,0.0,0.0,0.0,0.0,0.0,0.9999999999989149,0.49999999999945743
RipVIS-NR-020_01524.jpg,0.49999999999945743,0.0,0.0,0.0,0.0,0.0,0.0,0.9999999999989149,0.49999999999945743
RipVIS-NR-020_01530.jpg,0.49999999999945743,0.0,0.0,0.0,0.0,0.0,0.0,0.9999999999989149,0.49999999999945743
RipVIS-NR-020_01536.jpg,0.49999999999945743,0.0,0.0,0.0,0.0,0.0,0.0,0.9999999999989149,0.49999999999945743
RipVIS-NR-020_01542.jpg,0.49999999999945743,0.0,0.0,0.0,0.0,0.0,0.0,0.9999999999989149,0.49999999999945743
RipVIS-NR-020_01548.jpg,0.49999999999945743,0.0,0.0,0.0,0.0,0.0,0.0,0.9999999999989149,0.49999999999945743
RipVIS-NR-020_01554.jpg,0.49999999999945743,0.0,0.0,0.0,0.0,0.0,0.0,0.9999999999989149,0.49999999999945743
RipVIS-NR-020_01560.jpg,0.49999999999945743,0.0,0.0,0.0,0.0,0.0,0.0,0.9999999999989149,0.49999999999945743
RipVIS-NR-020_01566.jpg,0.49999999999945743,0.0,0.0,0.0,0.0,0.0,0.0,0.9999999999989149,0.49999999999945743
RipVIS-NR-020_01572.jpg,0.49999999999945743,0.0,0.0,0.0,0.0,0.0,0.0,0.9999999999989149,0.49999999999945743
RipVIS-NR-020_01578.jpg,0.49999999999945743,0.0,0.0,0.0,0.0,0.0,0.0,0.9999999999989149,0.49999999999945743
RipVIS-NR-020_01584.jpg,0.49999999999945743,0.0,0.0,0.0,0.0,0.0,0.0,0.9999999999989149,0.49999999999945743
RipVIS-NR-020_01590.jpg,0.49999999999945743,0.0,0.0,0.0,0.0,0.0,0.0,0.9999999999989149,0.49999999999945743
RipVIS-NR-020_01596.jpg,0.49999999999945743,0.0,0.0,0.0,0.0,0.0,0.0,0.9999999999989149,0.49999999999945743
RipVIS-NR-020_01602.jpg,0.49999999999945743,0.0,0.0,0.0,0.0,0.0,0.0,0.9999999999989149,0.49999999999945743
RipVIS-NR-020_01608.jpg,0.49999999999945743,0.0,0.0,0.0,0.0,0.0,0.0,0.9999999999989149,0.49999999999945743
RipVIS-NR-020_01614.jpg,0.49999999999945743,0.0,0.0,0.0,0.0,0.0,0.0,0.9999999999989149,0.49999999999945743
RipVIS-NR-020_01620.jpg,0.49999999999945743,0.0,0.0,0.0,0.0,0.0,0.0,0.9999999999989149,0.49999999999945743
RipVIS-NR-020_01626.jpg,0.49999999999945743,0.0,0.0,0.0,0.0,0.0,0.0,0.9999999999989149,0.49999999999945743
RipVIS-NR-020_01632.jpg,0.49999999999945743,0.0,0.0,0.0,0.0,0.0,0.0,0.9999999999989149,0.49999999999945743
RipVIS-NR-020_01638.jpg,0.49999999999945743,0.0,0.0,0.0,0.0,0.0,0.0,0.9999999999989149,0.49999999999945743
RipVIS-NR-020_01644.jpg,0.49999999999945743,0.0,0.0,0.0,0.0,0.0,0.0,0.9999999999989149,0.49999999999945743
RipVIS-NR-020_01650.jpg,0.49999999999945743,0.0,0.0,0.0,0.0,0.0,0.0,0.9999999999989149,0.49999999999945743
RipVIS-NR-020_01656.jpg,0.49999999999945743,0.0,0.0,0.0,0.0,0.0,0.0,0.9999999999989149,0.49999999999945743
RipVIS-NR-020_01662.jpg,0.49999999999945743,0.0,0.0,0.0,0.0,0.0,0.0,0.9999999999989149,0.49999999999945743
RipVIS-NR-020_01668.jpg,0.49999999999945743,0.0,0.0,0.0,0.0,0.0,0.0,0.9999999999989149,0.49999999999945743
RipVIS-NR-020_01674.jpg,0.49999999999945743,0.0,0.0,0.0,0.0,0.0,0.0,0.9999999999989149,0.49999999999945743
RipVIS-NR-020_01680.jpg,0.49999999999945743,0.0,0.0,0.0,0.0,0.0,0.0,0.9999999999989149,0.49999999999945743
RipVIS-NR-020_01686.jpg,0.49999999999945743,0.0,0.0,0.0,0.0,0.0,0.0,0.9999999999989149,0.49999999999945743
RipVIS-NR-020_01692.jpg,0.49999999999945743,0.0,0.0,0.0,0.0,0.0,0.0,0.9999999999989149,0.49999999999945743
RipVIS-NR-020_01698.jpg,0.49999999999945743,0.0,0.0,0.0,0.0,0.0,0.0,0.9999999999989149,0.49999999999945743
RipVIS-NR-020_01704.jpg,0.49999999999945743,0.0,0.0,0.0,0.0,0.0,0.0,0.9999999999989149,0.49999999999945743
RipVIS-NR-020_01710.jpg,0.49999999999945743,0.0,0.0,0.0,0.0,0.0,0.0,0.9999999999989149,0.49999999999945743
RipVIS-NR-020_01716.jpg,0.49999999999945743,0.0,0.0,0.0,0.0,0.0,0.0,0.9999999999989149,0.49999999999945743
RipVIS-NR-020_01722.jpg,0.49999999999945743,0.0,0.0,0.0,0.0,0.0,0.0,0.9999999999989149,0.49999999999945743
RipVIS-NR-020_01728.jpg,0.49999999999945743,0.0,0.0,0.0,0.0,0.0,0.0,0.9999999999989149,0.49999999999945743
RipVIS-NR-020_01734.jpg,0.49999999999945743,0.0,0.0,0.0,0.0,0.0,0.0,0.9999999999989149,0.49999999999945743
RipVIS-NR-020_01740.jpg,0.49999999999945743,0.0,0.0,0.0,0.0,0.0,0.0,0.9999999999989149,0.49999999999945743
RipVIS-NR-020_01746.jpg,0.49999999999945743,0.0,0.0,0.0,0.0,0.0,0.0,0.9999999999989149,0.49999999999945743
RipVIS-NR-020_01752.jpg,0.49999999999945743,0.0,0.0,0.0,0.0,0.0,0.0,0.9999999999989149,0.49999999999945743
RipVIS-NR-020_01758.jpg,0.49999999999945743,0.0,0.0,0.0,0.0,0.0,0.0,0.9999999999989149,0.49999999999945743
RipVIS-NR-020_01764.jpg,0.49999999999945743,0.0,0.0,0.0,0.0,0.0,0.0,0.9999999999989149,0.49999999999945743
RipVIS-NR-020_01770.jpg,0.49999999999945743,0.0,0.0,0.0,0.0,0.0,0.0,0.9999999999989149,0.49999999999945743
RipVIS-NR-020_01776.jpg,0.49999999999945743,0.0,0.0,0.0,0.0,0.0,0.0,0.9999999999989149,0.49999999999945743
RipVIS-NR-020_01782.jpg,0.49999999999945743,0.0,0.0,0.0,0.0,0.0,0.0,0.9999999999989149,0.49999999999945743
RipVIS-NR-020_01788.jpg,0.49999999999945743,0.0,0.0,0.0,0.0,0.0,0.0,0.9999999999989149,0.49999999999945743
RipVIS-NR-020_01794.jpg,0.49999999999945743,0.0,0.0,0.0,0.0,0.0,0.0,0.9999999999989149,0.49999999999945743
RipVIS-NR-020_01800.jpg,0.49999999999945743,0.0,0.0,0.0,0.0,0.0,0.0,0.9999999999989149,0.49999999999945743
RipVIS-NR-020_01806.jpg,0.49999999999945743,0.0,0.0,0.0,0.0,0.0,0.0,0.9999999999989149,0.49999999999945743
RipVIS-NR-020_01812.jpg,0.49999999999945743,0.0,0.0,0.0,0.0,0.0,0.0,0.9999999999989149,0.49999999999945743
RipVIS-NR-020_01818.jpg,0.49999999999945743,0.0,0.0,0.0,0.0,0.0,0.0,0.9999999999989149,0.49999999999945743
RipVIS-NR-020_01824.jpg,0.49999999999945743,0.0,0.0,0.0,0.0,0.0,0.0,0.9999999999989149,0.49999999999945743
RipVIS-NR-020_01830.jpg,0.49999999999945743,0.0,0.0,0.0,0.0,0.0,0.0,0.9999999999989149,0.49999999999945743
RipVIS-NR-020_01836.jpg,0.49999999999945743,0.0,0.0,0.0,0.0,0.0,0.0,0.9999999999989149,0.49999999999945743
RipVIS-NR-020_01842.jpg,0.49999999999945743,0.0,0.0,0.0,0.0,0.0,0.0,0.9999999999989149,0.49999999999945743
RipVIS-NR-020_01848.jpg,0.49999999999945743,0.0,0.0,0.0,0.0,0.0,0.0,0.9999999999989149,0.49999999999945743
RipVIS-NR-020_01854.jpg,0.49999999999945743,0.0,0.0,0.0,0.0,0.0,0.0,0.9999999999989149,0.49999999999945743
RipVIS-NR-020_01860.jpg,0.49999999999945743,0.0,0.0,0.0,0.0,0.0,0.0,0.9999999999989149,0.49999999999945743
RipVIS-NR-020_01866.jpg,0.49999999999945743,0.0,0.0,0.0,0.0,0.0,0.0,0.9999999999989149,0.49999999999945743
RipVIS-NR-020_01872.jpg,0.49999999999945743,0.0,0.0,0.0,0.0,0.0,0.0,0.9999999999989149,0.49999999999945743
RipVIS-NR-020_01878.jpg,0.49999999999945743,0.0,0.0,0.0,0.0,0.0,0.0,0.9999999999989149,0.49999999999945743
RipVIS-NR-020_01884.jpg,0.49999999999945743,0.0,0.0,0.0,0.0,0.0,0.0,0.9999999999989149,0.49999999999945743
RipVIS-NR-020_01890.jpg,0.49999999999945743,0.0,0.0,0.0,0.0,0.0,0.0,0.9999999999989149,0.49999999999945743
RipVIS-NR-020_01896.jpg,0.49999999999945743,0.0,0.0,0.0,0.0,0.0,0.0,0.9999999999989149,0.49999999999945743
RipVIS-NR-020_01902.jpg,0.49999999999945743,0.0,0.0,0.0,0.0,0.0,0.0,0.9999999999989149,0.49999999999945743
RipVIS-NR-020_01908.jpg,0.49999999999945743,0.0,0.0,0.0,0.0,0.0,0.0,0.9999999999989149,0.49999999999945743
RipVIS-NR-020_01914.jpg,0.49999999999945743,0.0,0.0,0.0,0.0,0.0,0.0,0.9999999999989149,0.49999999999945743
RipVIS-NR-020_01920.jpg,0.49999999999945743,0.0,0.0,0.0,0.0,0.0,0.0,0.9999999999989149,0.49999999999945743
RipVIS-NR-020_01926.jpg,0.49999999999945743,0.0,0.0,0.0,0.0,0.0,0.0,0.9999999999989149,0.49999999999945743
RipVIS-NR-020_01932.jpg,0.49999999999945743,0.0,0.0,0.0,0.0,0.0,0.0,0.9999999999989149,0.49999999999945743
RipVIS-NR-020_01938.jpg,0.49999999999945743,0.0,0.0,0.0,0.0,0.0,0.0,0.9999999999989149,0.49999999999945743
RipVIS-NR-020_01944.jpg,0.49999999999945743,0.0,0.0,0.0,0.0,0.0,0.0,0.9999999999989149,0.49999999999945743
RipVIS-NR-020_01950.jpg,0.49999999999945743,0.0,0.0,0.0,0.0,0.0,0.0,0.9999999999989149,0.49999999999945743
RipVIS-NR-020_01956.jpg,0.49999999999945743,0.0,0.0,0.0,0.0,0.0,0.0,0.9999999999989149,0.49999999999945743
RipVIS-NR-020_01962.jpg,0.49999999999945743,0.0,0.0,0.0,0.0,0.0,0.0,0.9999999999989149,0.49999999999945743
RipVIS-NR-020_01968.jpg,0.49999999999945743,0.0,0.0,0.0,0.0,0.0,0.0,0.9999999999989149,0.49999999999945743
RipVIS-NR-020_01974.jpg,0.49999999999945743,0.0,0.0,0.0,0.0,0.0,0.0,0.9999999999989149,0.49999999999945743
RipVIS-NR-020_01980.jpg,0.49999999999945743,0.0,0.0,0.0,0.0,0.0,0.0,0.9999999999989149,0.49999999999945743
RipVIS-NR-020_01986.jpg,0.49999999999945743,0.0,0.0,0.0,0.0,0.0,0.0,0.9999999999989149,0.49999999999945743
RipVIS-NR-020_01992.jpg,0.49999999999945743,0.0,0.0,0.0,0.0,0.0,0.0,0.9999999999989149,0.49999999999945743
RipVIS-NR-020_01998.jpg,0.49999999999945743,0.0,0.0,0.0,0.0,0.0,0.0,0.9999999999989149,0.49999999999945743
RipVIS-NR-020_02004.jpg,0.49999999999945743,0.0,0.0,0.0,0.0,0.0,0.0,0.9999999999989149,0.49999999999945743
RipVIS-NR-020_02010.jpg,0.49999999999945743,0.0,0.0,0.0,0.0,0.0,0.0,0.9999999999989149,0.49999999999945743
RipVIS-NR-020_02016.jpg,0.49999999999945743,0.0,0.0,0.0,0.0,0.0,0.0,0.9999999999989149,0.49999999999945743
RipVIS-NR-020_02022.jpg,0.49999999999945743,0.0,0.0,0.0,0.0,0.0,0.0,0.9999999999989149,0.49999999999945743
RipVIS-NR-020_02028.jpg,0.49999999999945743,0.0,0.0,0.0,0.0,0.0,0.0,0.9999999999989149,0.49999999999945743
RipVIS-NR-020_02034.jpg,0.49999999999945743,0.0,0.0,0.0,0.0,0.0,0.0,0.9999999999989149,0.49999999999945743
RipVIS-NR-020_02040.jpg,0.49999999999945743,0.0,0.0,0.0,0.0,0.0,0.0,0.9999999999989149,0.49999999999945743
RipVIS-NR-020_02046.jpg,0.49999999999945743,0.0,0.0,0.0,0.0,0.0,0.0,0.9999999999989149,0.49999999999945743
RipVIS-NR-020_02052.jpg,0.49999999999945743,0.0,0.0,0.0,0.0,0.0,0.0,0.9999999999989149,0.49999999999945743
RipVIS-NR-020_02058.jpg,0.49999999999945743,0.0,0.0,0.0,0.0,0.0,0.0,0.9999999999989149,0.49999999999945743
RipVIS-NR-020_02064.jpg,0.49999999999945743,0.0,0.0,0.0,0.0,0.0,0.0,0.9999999999989149,0.49999999999945743
RipVIS-NR-020_02070.jpg,0.49999999999945743,0.0,0.0,0.0,0.0,0.0,0.0,0.9999999999989149,0.49999999999945743
RipVIS-NR-020_02076.jpg,0.49999999999945743,0.0,0.0,0.0,0.0,0.0,0.0,0.9999999999989149,0.49999999999945743
RipVIS-NR-020_02082.jpg,0.49999999999945743,0.0,0.0,0.0,0.0,0.0,0.0,0.9999999999989149,0.49999999999945743
RipVIS-NR-020_02088.jpg,0.49999999999945743,0.0,0.0,0.0,0.0,0.0,0.0,0.9999999999989149,0.49999999999945743
RipVIS-NR-020_02094.jpg,0.49999999999945743,0.0,0.0,0.0,0.0,0.0,0.0,0.9999999999989149,0.49999999999945743
RipVIS-NR-020_02100.jpg,0.49999999999945743,0.0,0.0,0.0,0.0,0.0,0.0,0.9999999999989149,0.49999999999945743
RipVIS-NR-020_02106.jpg,0.49999999999945743,0.0,0.0,0.0,0.0,0.0,0.0,0.9999999999989149,0.49999999999945743
RipVIS-NR-020_02112.jpg,0.49999999999945743,0.0,0.0,0.0,0.0,0.0,0.0,0.9999999999989149,0.49999999999945743
RipVIS-NR-020_02118.jpg,0.49999999999945743,0.0,0.0,0.0,0.0,0.0,0.0,0.9999999999989149,0.49999999999945743
RipVIS-NR-020_02124.jpg,0.49999999999945743,0.0,0.0,0.0,0.0,0.0,0.0,0.9999999999989149,0.49999999999945743
RipVIS-NR-020_02130.jpg,0.49999999999945743,0.0,0.0,0.0,0.0,0.0,0.0,0.9999999999989149,0.49999999999945743
RipVIS-NR-020_02136.jpg,0.49999999999945743,0.0,0.0,0.0,0.0,0.0,0.0,0.9999999999989149,0.49999999999945743
RipVIS-NR-020_02142.jpg,0.49999999999945743,0.0,0.0,0.0,0.0,0.0,0.0,0.9999999999989149,0.49999999999945743
RipVIS-NR-020_02148.jpg,0.49999999999945743,0.0,0.0,0.0,0.0,0.0,0.0,0.9999999999989149,0.49999999999945743
RipVIS-NR-020_02154.jpg,0.49999999999945743,0.0,0.0,0.0,0.0,0.0,0.0,0.9999999999989149,0.49999999999945743
RipVIS-NR-020_02160.jpg,0.49999999999945743,0.0,0.0,0.0,0.0,0.0,0.0,0.9999999999989149,0.49999999999945743
RipVIS-NR-020_02166.jpg,0.49999999999945743,0.0,0.0,0.0,0.0,0.0,0.0,0.9999999999989149,0.49999999999945743
RipVIS-NR-020_02172.jpg,0.49999999999945743,0.0,0.0,0.0,0.0,0.0,0.0,0.9999999999989149,0.49999999999945743
RipVIS-NR-020_02178.jpg,0.49999999999945743,0.0,0.0,0.0,0.0,0.0,0.0,0.9999999999989149,0.49999999999945743
RipVIS-NR-020_02184.jpg,0.49999999999945743,0.0,0.0,0.0,0.0,0.0,0.0,0.9999999999989149,0.49999999999945743
RipVIS-NR-020_02190.jpg,0.49999999999945743,0.0,0.0,0.0,0.0,0.0,0.0,0.9999999999989149,0.49999999999945743
RipVIS-NR-020_02196.jpg,0.49999999999945743,0.0,0.0,0.0,0.0,0.0,0.0,0.9999999999989149,0.49999999999945743
RipVIS-NR-020_02202.jpg,0.49999999999945743,0.0,0.0,0.0,0.0,0.0,0.0,0.9999999999989149,0.49999999999945743
RipVIS-NR-020_02208.jpg,0.49999999999945743,0.0,0.0,0.0,0.0,0.0,0.0,0.9999999999989149,0.49999999999945743
RipVIS-NR-020_02214.jpg,0.49999999999945743,0.0,0.0,0.0,0.0,0.0,0.0,0.9999999999989149,0.49999999999945743
RipVIS-NR-020_02220.jpg,0.49999999999945743,0.0,0.0,0.0,0.0,0.0,0.0,0.9999999999989149,0.49999999999945743
RipVIS-NR-020_02226.jpg,0.49999999999945743,0.0,0.0,0.0,0.0,0.0,0.0,0.9999999999989149,0.49999999999945743
RipVIS-NR-020_02232.jpg,0.49999999999945743,0.0,0.0,0.0,0.0,0.0,0.0,0.9999999999989149,0.49999999999945743
RipVIS-NR-020_02238.jpg,0.49999999999945743,0.0,0.0,0.0,0.0,0.0,0.0,0.9999999999989149,0.49999999999945743
RipVIS-NR-020_02244.jpg,0.49999999999945743,0.0,0.0,0.0,0.0,0.0,0.0,0.9999999999989149,0.49999999999945743
RipVIS-NR-020_02250.jpg,0.49999999999945743,0.0,0.0,0.0,0.0,0.0,0.0,0.9999999999989149,0.49999999999945743
RipVIS-NR-020_02256.jpg,0.49999999999945743,0.0,0.0,0.0,0.0,0.0,0.0,0.9999999999989149,0.49999999999945743
RipVIS-NR-020_02262.jpg,0.49999999999945743,0.0,0.0,0.0,0.0,0.0,0.0,0.9999999999989149,0.49999999999945743
RipVIS-NR-020_02268.jpg,0.49999999999945743,0.0,0.0,0.0,0.0,0.0,0.0,0.9999999999989149,0.49999999999945743
RipVIS-NR-020_02274.jpg,0.49999999999945743,0.0,0.0,0.0,0.0,0.0,0.0,0.9999999999989149,0.49999999999945743
RipVIS-NR-020_02280.jpg,0.49999999999945743,0.0,0.0,0.0,0.0,0.0,0.0,0.9999999999989149,0.49999999999945743
RipVIS-NR-020_02286.jpg,0.49999999999945743,0.0,0.0,0.0,0.0,0.0,0.0,0.9999999999989149,0.49999999999945743
RipVIS-NR-020_02292.jpg,0.49999999999945743,0.0,0.0,0.0,0.0,0.0,0.0,0.9999999999989149,0.49999999999945743
RipVIS-NR-020_02298.jpg,0.49999999999945743,0.0,0.0,0.0,0.0,0.0,0.0,0.9999999999989149,0.49999999999945743
RipVIS-NR-020_02304.jpg,0.49999999999945743,0.0,0.0,0.0,0.0,0.0,0.0,0.9999999999989149,0.49999999999945743
RipVIS-NR-020_02310.jpg,0.49999999999945743,0.0,0.0,0.0,0.0,0.0,0.0,0.9999999999989149,0.49999999999945743
RipVIS-NR-020_02316.jpg,0.49999999999945743,0.0,0.0,0.0,0.0,0.0,0.0,0.9999999999989149,0.49999999999945743
RipVIS-NR-020_02322.jpg,0.49999999999945743,0.0,0.0,0.0,0.0,0.0,0.0,0.9999999999989149,0.49999999999945743
RipVIS-NR-020_02328.jpg,0.49999999999945743,0.0,0.0,0.0,0.0,0.0,0.0,0.9999999999989149,0.49999999999945743
RipVIS-NR-020_02334.jpg,0.49999999999945743,0.0,0.0,0.0,0.0,0.0,0.0,0.9999999999989149,0.49999999999945743
RipVIS-NR-020_02340.jpg,0.49999999999945743,0.0,0.0,0.0,0.0,0.0,0.0,0.9999999999989149,0.49999999999945743
RipVIS-NR-020_02346.jpg,0.49999999999945743,0.0,0.0,0.0,0.0,0.0,0.0,0.9999999999989149,0.49999999999945743
RipVIS-NR-020_02352.jpg,0.49999999999945743,0.0,0.0,0.0,0.0,0.0,0.0,0.9999999999989149,0.49999999999945743
RipVIS-NR-020_02358.jpg,0.49999999999945743,0.0,0.0,0.0,0.0,0.0,0.0,0.9999999999989149,0.49999999999945743
RipVIS-NR-020_02364.jpg,0.49999999999945743,0.0,0.0,0.0,0.0,0.0,0.0,0.9999999999989149,0.49999999999945743
RipVIS-NR-020_02370.jpg,0.49999999999945743,0.0,0.0,0.0,0.0,0.0,0.0,0.9999999999989149,0.49999999999945743
RipVIS-NR-020_02376.jpg,0.49999999999945743,0.0,0.0,0.0,0.0,0.0,0.0,0.9999999999989149,0.49999999999945743
RipVIS-NR-020_02382.jpg,0.49999999999945743,0.0,0.0,0.0,0.0,0.0,0.0,0.9999999999989149,0.49999999999945743
RipVIS-NR-020_02388.jpg,0.49999999999945743,0.0,0.0,0.0,0.0,0.0,0.0,0.9999999999989149,0.49999999999945743
RipVIS-NR-020_02394.jpg,0.49999999999945743,0.0,0.0,0.0,0.0,0.0,0.0,0.9999999999989149,0.49999999999945743
RipVIS-NR-020_02400.jpg,0.49999999999945743,0.0,0.0,0.0,0.0,0.0,0.0,0.9999999999989149,0.49999999999945743
RipVIS-NR-020_02406.jpg,0.49999999999945743,0.0,0.0,0.0,0.0,0.0,0.0,0.9999999999989149,0.49999999999945743
RipVIS-NR-020_02412.jpg,0.49999999999945743,0.0,0.0,0.0,0.0,0.0,0.0,0.9999999999989149,0.49999999999945743
RipVIS-NR-020_02418.jpg,0.49999999999945743,0.0,0.0,0.0,0.0,0.0,0.0,0.9999999999989149,0.49999999999945743
RipVIS-NR-020_02424.jpg,0.49999999999945743,0.0,0.0,0.0,0.0,0.0,0.0,0.9999999999989149,0.49999999999945743
RipVIS-NR-020_02430.jpg,0.49999999999945743,0.0,0.0,0.0,0.0,0.0,0.0,0.9999999999989149,0.49999999999945743
RipVIS-NR-020_02436.jpg,0.49999999999945743,0.0,0.0,0.0,0.0,0.0,0.0,0.9999999999989149,0.49999999999945743
RipVIS-NR-020_02442.jpg,0.49999999999945743,0.0,0.0,0.0,0.0,0.0,0.0,0.9999999999989149,0.49999999999945743
RipVIS-NR-020_02448.jpg,0.49999999999945743,0.0,0.0,0.0,0.0,0.0,0.0,0.9999999999989149,0.49999999999945743
RipVIS-NR-020_02454.jpg,0.49999999999945743,0.0,0.0,0.0,0.0,0.0,0.0,0.9999999999989149,0.49999999999945743
RipVIS-NR-020_02460.jpg,0.49999999999945743,0.0,0.0,0.0,0.0,0.0,0.0,0.9999999999989149,0.49999999999945743
RipVIS-NR-020_02466.jpg,0.49999999999945743,0.0,0.0,0.0,0.0,0.0,0.0,0.9999999999989149,0.49999999999945743
RipVIS-NR-020_02472.jpg,0.49999999999945743,0.0,0.0,0.0,0.0,0.0,0.0,0.9999999999989149,0.49999999999945743
RipVIS-NR-020_02478.jpg,0.49999999999945743,0.0,0.0,0.0,0.0,0.0,0.0,0.9999999999989149,0.49999999999945743
RipVIS-NR-020_02484.jpg,0.49999999999945743,0.0,0.0,0.0,0.0,0.0,0.0,0.9999999999989149,0.49999999999945743
RipVIS-NR-020_02490.jpg,0.49999999999945743,0.0,0.0,0.0,0.0,0.0,0.0,0.9999999999989149,0.49999999999945743
RipVIS-NR-020_02496.jpg,0.49999999999945743,0.0,0.0,0.0,0.0,0.0,0.0,0.9999999999989149,0.49999999999945743
RipVIS-NR-020_02502.jpg,0.49999999999945743,0.0,0.0,0.0,0.0,0.0,0.0,0.9999999999989149,0.49999999999945743
RipVIS-NR-020_02508.jpg,0.49999999999945743,0.0,0.0,0.0,0.0,0.0,0.0,0.9999999999989149,0.49999999999945743
RipVIS-NR-020_02514.jpg,0.49999999999945743,0.0,0.0,0.0,0.0,0.0,0.0,0.9999999999989149,0.49999999999945743
RipVIS-NR-020_02520.jpg,0.49999999999945743,0.0,0.0,0.0,0.0,0.0,0.0,0.9999999999989149,0.49999999999945743
RipVIS-NR-020_02526.jpg,0.49999999999945743,0.0,0.0,0.0,0.0,0.0,0.0,0.9999999999989149,0.49999999999945743
RipVIS-NR-020_02532.jpg,0.49999999999945743,0.0,0.0,0.0,0.0,0.0,0.0,0.9999999999989149,0.49999999999945743
RipVIS-NR-020_02538.jpg,0.49999999999945743,0.0,0.0,0.0,0.0,0.0,0.0,0.9999999999989149,0.49999999999945743
RipVIS-NR-020_02544.jpg,0.49999999999945743,0.0,0.0,0.0,0.0,0.0,0.0,0.9999999999989149,0.49999999999945743
RipVIS-NR-020_02550.jpg,0.49999999999945743,0.0,0.0,0.0,0.0,0.0,0.0,0.9999999999989149,0.49999999999945743
RipVIS-NR-020_02556.jpg,0.49999999999945743,0.0,0.0,0.0,0.0,0.0,0.0,0.9999999999989149,0.49999999999945743
RipVIS-NR-020_02562.jpg,0.49999999999945743,0.0,0.0,0.0,0.0,0.0,0.0,0.9999999999989149,0.49999999999945743
RipVIS-NR-020_02568.jpg,0.49999999999945743,0.0,0.0,0.0,0.0,0.0,0.0,0.9999999999989149,0.49999999999945743
RipVIS-NR-022_00000.jpg,0.49999999999975886,0.0,0.0,0.0,0.0,0.0,0.0,0.9999999999995177,0.49999999999975886
RipVIS-NR-022_00006.jpg,0.49999999999975886,0.0,0.0,0.0,0.0,0.0,0.0,0.9999999999995177,0.49999999999975886
RipVIS-NR-022_00012.jpg,0.49999999999975886,0.0,0.0,0.0,0.0,0.0,0.0,0.9999999999995177,0.49999999999975886
RipVIS-NR-022_00018.jpg,0.49999999999975886,0.0,0.0,0.0,0.0,0.0,0.0,0.9999999999995177,0.49999999999975886
RipVIS-NR-022_00024.jpg,0.49999999999975886,0.0,0.0,0.0,0.0,0.0,0.0,0.9999999999995177,0.49999999999975886
RipVIS-NR-022_00030.jpg,0.49999999999975886,0.0,0.0,0.0,0.0,0.0,0.0,0.9999999999995177,0.49999999999975886
RipVIS-NR-022_00036.jpg,0.49999999999975886,0.0,0.0,0.0,0.0,0.0,0.0,0.9999999999995177,0.49999999999975886
RipVIS-NR-022_00042.jpg,0.49999999999975886,0.0,0.0,0.0,0.0,0.0,0.0,0.9999999999995177,0.49999999999975886
RipVIS-NR-022_00048.jpg,0.49999999999975886,0.0,0.0,0.0,0.0,0.0,0.0,0.9999999999995177,0.49999999999975886
RipVIS-NR-022_00054.jpg,0.49999999999975886,0.0,0.0,0.0,0.0,0.0,0.0,0.9999999999995177,0.49999999999975886
RipVIS-NR-022_00060.jpg,0.49999999999975886,0.0,0.0,0.0,0.0,0.0,0.0,0.9999999999995177,0.49999999999975886
RipVIS-NR-022_00066.jpg,0.49999999999975886,0.0,0.0,0.0,0.0,0.0,0.0,0.9999999999995177,0.49999999999975886
RipVIS-NR-022_00072.jpg,0.49999999999975886,0.0,0.0,0.0,0.0,0.0,0.0,0.9999999999995177,0.49999999999975886
RipVIS-NR-022_00078.jpg,0.49999999999975886,0.0,0.0,0.0,0.0,0.0,0.0,0.9999999999995177,0.49999999999975886
RipVIS-NR-022_00084.jpg,0.49999999999975886,0.0,0.0,0.0,0.0,0.0,0.0,0.9999999999995177,0.49999999999975886
RipVIS-NR-022_00090.jpg,0.49999999999975886,0.0,0.0,0.0,0.0,0.0,0.0,0.9999999999995177,0.49999999999975886
RipVIS-NR-022_00096.jpg,0.49616560570963725,0.0,0.0,0.0,0.0,0.0,0.0,0.9923312114192745,0.49616560570963725
RipVIS-NR-022_00102.jpg,0.49999999999975886,0.0,0.0,0.0,0.0,0.0,0.0,0.9999999999995177,0.49999999999975886
RipVIS-NR-022_00108.jpg,0.49999999999975886,0.0,0.0,0.0,0.0,0.0,0.0,0.9999999999995177,0.49999999999975886
RipVIS-NR-022_00114.jpg,0.49999999999975886,0.0,0.0,0.0,0.0,0.0,0.0,0.9999999999995177,0.49999999999975886
RipVIS-NR-022_00120.jpg,0.49999999999975886,0.0,0.0,0.0,0.0,0.0,0.0,0.9999999999995177,0.49999999999975886
RipVIS-NR-022_00126.jpg,0.49999999999975886,0.0,0.0,0.0,0.0,0.0,0.0,0.9999999999995177,0.49999999999975886
RipVIS-NR-022_00132.jpg,0.49999999999975886,0.0,0.0,0.0,0.0,0.0,0.0,0.9999999999995177,0.49999999999975886
RipVIS-NR-022_00138.jpg,0.49999999999975886,0.0,0.0,0.0,0.0,0.0,0.0,0.9999999999995177,0.49999999999975886
RipVIS-NR-022_00144.jpg,0.49999999999975886,0.0,0.0,0.0,0.0,0.0,0.0,0.9999999999995177,0.49999999999975886
RipVIS-NR-022_00150.jpg,0.49999999999975886,0.0,0.0,0.0,0.0,0.0,0.0,0.9999999999995177,0.49999999999975886
RipVIS-NR-022_00156.jpg,0.49999999999975886,0.0,0.0,0.0,0.0,0.0,0.0,0.9999999999995177,0.49999999999975886
RipVIS-NR-022_00162.jpg,0.49999999999975886,0.0,0.0,0.0,0.0,0.0,0.0,0.9999999999995177,0.49999999999975886
RipVIS-NR-022_00168.jpg,0.49999999999975886,0.0,0.0,0.0,0.0,0.0,0.0,0.9999999999995177,0.49999999999975886
RipVIS-NR-022_00174.jpg,0.49999999999975886,0.0,0.0,0.0,0.0,0.0,0.0,0.9999999999995177,0.49999999999975886
RipVIS-NR-022_00180.jpg,0.49999999999975886,0.0,0.0,0.0,0.0,0.0,0.0,0.9999999999995177,0.49999999999975886
RipVIS-NR-022_00186.jpg,0.49999999999975886,0.0,0.0,0.0,0.0,0.0,0.0,0.9999999999995177,0.49999999999975886
RipVIS-NR-022_00192.jpg,0.49999999999975886,0.0,0.0,0.0,0.0,0.0,0.0,0.9999999999995177,0.49999999999975886
RipVIS-NR-022_00198.jpg,0.49999999999975886,0.0,0.0,0.0,0.0,0.0,0.0,0.9999999999995177,0.49999999999975886
RipVIS-NR-022_00204.jpg,0.49999999999975886,0.0,0.0,0.0,0.0,0.0,0.0,0.9999999999995177,0.49999999999975886
RipVIS-NR-022_00210.jpg,0.49999999999975886,0.0,0.0,0.0,0.0,0.0,0.0,0.9999999999995177,0.49999999999975886
RipVIS-NR-022_00216.jpg,0.49999999999975886,0.0,0.0,0.0,0.0,0.0,0.0,0.9999999999995177,0.49999999999975886
RipVIS-NR-022_00222.jpg,0.49999999999975886,0.0,0.0,0.0,0.0,0.0,0.0,0.9999999999995177,0.49999999999975886
RipVIS-NR-022_00228.jpg,0.49999999999975886,0.0,0.0,0.0,0.0,0.0,0.0,0.9999999999995177,0.49999999999975886
RipVIS-NR-022_00234.jpg,0.49999999999975886,0.0,0.0,0.0,0.0,0.0,0.0,0.9999999999995177,0.49999999999975886
RipVIS-NR-022_00240.jpg,0.49999999999975886,0.0,0.0,0.0,0.0,0.0,0.0,0.9999999999995177,0.49999999999975886
RipVIS-NR-022_00246.jpg,0.49999999999975886,0.0,0.0,0.0,0.0,0.0,0.0,0.9999999999995177,0.49999999999975886
RipVIS-NR-022_00252.jpg,0.49999999999975886,0.0,0.0,0.0,0.0,0.0,0.0,0.9999999999995177,0.49999999999975886
RipVIS-NR-022_00258.jpg,0.49999999999975886,0.0,0.0,0.0,0.0,0.0,0.0,0.9999999999995177,0.49999999999975886
RipVIS-NR-022_00264.jpg,0.49999999999975886,0.0,0.0,0.0,0.0,0.0,0.0,0.9999999999995177,0.49999999999975886
RipVIS-NR-022_00270.jpg,0.49999999999975886,0.0,0.0,0.0,0.0,0.0,0.0,0.9999999999995177,0.49999999999975886
RipVIS-NR-022_00276.jpg,0.49999999999975886,0.0,0.0,0.0,0.0,0.0,0.0,0.9999999999995177,0.49999999999975886
RipVIS-NR-022_00282.jpg,0.49999999999975886,0.0,0.0,0.0,0.0,0.0,0.0,0.9999999999995177,0.49999999999975886
RipVIS-NR-022_00288.jpg,0.49999999999975886,0.0,0.0,0.0,0.0,0.0,0.0,0.9999999999995177,0.49999999999975886
RipVIS-NR-022_00294.jpg,0.49999999999975886,0.0,0.0,0.0,0.0,0.0,0.0,0.9999999999995177,0.49999999999975886
RipVIS-NR-022_00300.jpg,0.49999999999975886,0.0,0.0,0.0,0.0,0.0,0.0,0.9999999999995177,0.49999999999975886
RipVIS-NR-022_00306.jpg,0.49999999999975886,0.0,0.0,0.0,0.0,0.0,0.0,0.9999999999995177,0.49999999999975886
RipVIS-NR-022_00312.jpg,0.49999999999975886,0.0,0.0,0.0,0.0,0.0,0.0,0.9999999999995177,0.49999999999975886
RipVIS-NR-022_00318.jpg,0.49999999999975886,0.0,0.0,0.0,0.0,0.0,0.0,0.9999999999995177,0.49999999999975886
RipVIS-NR-022_00324.jpg,0.49999999999975886,0.0,0.0,0.0,0.0,0.0,0.0,0.9999999999995177,0.49999999999975886
RipVIS-NR-022_00330.jpg,0.49999999999975886,0.0,0.0,0.0,0.0,0.0,0.0,0.9999999999995177,0.49999999999975886
RipVIS-NR-022_00336.jpg,0.49999999999975886,0.0,0.0,0.0,0.0,0.0,0.0,0.9999999999995177,0.49999999999975886
RipVIS-NR-022_00342.jpg,0.49999999999975886,0.0,0.0,0.0,0.0,0.0,0.0,0.9999999999995177,0.49999999999975886
RipVIS-NR-022_00348.jpg,0.49999999999975886,0.0,0.0,0.0,0.0,0.0,0.0,0.9999999999995177,0.49999999999975886
RipVIS-NR-022_00354.jpg,0.49999999999975886,0.0,0.0,0.0,0.0,0.0,0.0,0.9999999999995177,0.49999999999975886
RipVIS-NR-022_00360.jpg,0.49999999999975886,0.0,0.0,0.0,0.0,0.0,0.0,0.9999999999995177,0.49999999999975886
RipVIS-NR-022_00366.jpg,0.49999999999975886,0.0,0.0,0.0,0.0,0.0,0.0,0.9999999999995177,0.49999999999975886
RipVIS-NR-022_00372.jpg,0.49999999999975886,0.0,0.0,0.0,0.0,0.0,0.0,0.9999999999995177,0.49999999999975886
RipVIS-NR-022_00378.jpg,0.49999999999975886,0.0,0.0,0.0,0.0,0.0,0.0,0.9999999999995177,0.49999999999975886
RipVIS-NR-022_00384.jpg,0.49999999999975886,0.0,0.0,0.0,0.0,0.0,0.0,0.9999999999995177,0.49999999999975886
RipVIS-NR-022_00390.jpg,0.49999999999975886,0.0,0.0,0.0,0.0,0.0,0.0,0.9999999999995177,0.49999999999975886
RipVIS-NR-022_00396.jpg,0.49999999999975886,0.0,0.0,0.0,0.0,0.0,0.0,0.9999999999995177,0.49999999999975886
RipVIS-NR-022_00402.jpg,0.49999999999975886,0.0,0.0,0.0,0.0,0.0,0.0,0.9999999999995177,0.49999999999975886
RipVIS-NR-022_00408.jpg,0.49999999999975886,0.0,0.0,0.0,0.0,0.0,0.0,0.9999999999995177,0.49999999999975886
RipVIS-NR-022_00414.jpg,0.49999999999975886,0.0,0.0,0.0,0.0,0.0,0.0,0.9999999999995177,0.49999999999975886
RipVIS-NR-022_00420.jpg,0.49999999999975886,0.0,0.0,0.0,0.0,0.0,0.0,0.9999999999995177,0.49999999999975886
RipVIS-NR-022_00426.jpg,0.49999999999975886,0.0,0.0,0.0,0.0,0.0,0.0,0.9999999999995177,0.49999999999975886
RipVIS-NR-022_00432.jpg,0.49999999999975886,0.0,0.0,0.0,0.0,0.0,0.0,0.9999999999995177,0.49999999999975886
RipVIS-NR-022_00438.jpg,0.49999999999975886,0.0,0.0,0.0,0.0,0.0,0.0,0.9999999999995177,0.49999999999975886
RipVIS-NR-022_00444.jpg,0.49999999999975886,0.0,0.0,0.0,0.0,0.0,0.0,0.9999999999995177,0.49999999999975886
RipVIS-NR-022_00450.jpg,0.49999999999975886,0.0,0.0,0.0,0.0,0.0,0.0,0.9999999999995177,0.49999999999975886
RipVIS-NR-022_00456.jpg,0.49999999999975886,0.0,0.0,0.0,0.0,0.0,0.0,0.9999999999995177,0.49999999999975886
RipVIS-NR-022_00462.jpg,0.49999999999975886,0.0,0.0,0.0,0.0,0.0,0.0,0.9999999999995177,0.49999999999975886
RipVIS-NR-022_00468.jpg,0.49999999999975886,0.0,0.0,0.0,0.0,0.0,0.0,0.9999999999995177,0.49999999999975886
RipVIS-NR-022_00474.jpg,0.49999999999975886,0.0,0.0,0.0,0.0,0.0,0.0,0.9999999999995177,0.49999999999975886
RipVIS-NR-022_00480.jpg,0.49999999999975886,0.0,0.0,0.0,0.0,0.0,0.0,0.9999999999995177,0.49999999999975886
RipVIS-NR-022_00486.jpg,0.49999999999975886,0.0,0.0,0.0,0.0,0.0,0.0,0.9999999999995177,0.49999999999975886
RipVIS-NR-022_00492.jpg,0.49999999999975886,0.0,0.0,0.0,0.0,0.0,0.0,0.9999999999995177,0.49999999999975886
RipVIS-NR-022_00498.jpg,0.49999999999975886,0.0,0.0,0.0,0.0,0.0,0.0,0.9999999999995177,0.49999999999975886
RipVIS-NR-022_00504.jpg,0.49999999999975886,0.0,0.0,0.0,0.0,0.0,0.0,0.9999999999995177,0.49999999999975886
RipVIS-NR-022_00510.jpg,0.49999999999975886,0.0,0.0,0.0,0.0,0.0,0.0,0.9999999999995177,0.49999999999975886
RipVIS-NR-022_00516.jpg,0.49999999999975886,0.0,0.0,0.0,0.0,0.0,0.0,0.9999999999995177,0.49999999999975886
RipVIS-NR-022_00522.jpg,0.49999999999975886,0.0,0.0,0.0,0.0,0.0,0.0,0.9999999999995177,0.49999999999975886
RipVIS-NR-022_00528.jpg,0.49999999999975886,0.0,0.0,0.0,0.0,0.0,0.0,0.9999999999995177,0.49999999999975886
RipVIS-NR-022_00534.jpg,0.49999999999975886,0.0,0.0,0.0,0.0,0.0,0.0,0.9999999999995177,0.49999999999975886
RipVIS-NR-022_00540.jpg,0.49999999999975886,0.0,0.0,0.0,0.0,0.0,0.0,0.9999999999995177,0.49999999999975886
RipVIS-NR-022_00546.jpg,0.49999999999975886,0.0,0.0,0.0,0.0,0.0,0.0,0.9999999999995177,0.49999999999975886
RipVIS-NR-022_00552.jpg,0.49999999999975886,0.0,0.0,0.0,0.0,0.0,0.0,0.9999999999995177,0.49999999999975886
RipVIS-NR-022_00558.jpg,0.49999999999975886,0.0,0.0,0.0,0.0,0.0,0.0,0.9999999999995177,0.49999999999975886
RipVIS-NR-022_00564.jpg,0.49999999999975886,0.0,0.0,0.0,0.0,0.0,0.0,0.9999999999995177,0.49999999999975886
RipVIS-NR-022_00570.jpg,0.49999999999975886,0.0,0.0,0.0,0.0,0.0,0.0,0.9999999999995177,0.49999999999975886
RipVIS-NR-022_00576.jpg,0.49999999999975886,0.0,0.0,0.0,0.0,0.0,0.0,0.9999999999995177,0.49999999999975886
RipVIS-NR-022_00582.jpg,0.49999999999975886,0.0,0.0,0.0,0.0,0.0,0.0,0.9999999999995177,0.49999999999975886
RipVIS-NR-022_00588.jpg,0.49999999999975886,0.0,0.0,0.0,0.0,0.0,0.0,0.9999999999995177,0.49999999999975886
RipVIS-NR-022_00594.jpg,0.49999999999975886,0.0,0.0,0.0,0.0,0.0,0.0,0.9999999999995177,0.49999999999975886
RipVIS-NR-022_00600.jpg,0.49999999999975886,0.0,0.0,0.0,0.0,0.0,0.0,0.9999999999995177,0.49999999999975886
RipVIS-NR-022_00606.jpg,0.49999999999975886,0.0,0.0,0.0,0.0,0.0,0.0,0.9999999999995177,0.49999999999975886
RipVIS-NR-022_00612.jpg,0.49999999999975886,0.0,0.0,0.0,0.0,0.0,0.0,0.9999999999995177,0.49999999999975886
RipVIS-NR-022_00618.jpg,0.49999999999975886,0.0,0.0,0.0,0.0,0.0,0.0,0.9999999999995177,0.49999999999975886
RipVIS-NR-022_00624.jpg,0.49999999999975886,0.0,0.0,0.0,0.0,0.0,0.0,0.9999999999995177,0.49999999999975886
RipVIS-NR-022_00630.jpg,0.49999999999975886,0.0,0.0,0.0,0.0,0.0,0.0,0.9999999999995177,0.49999999999975886
RipVIS-NR-022_00636.jpg,0.49999999999975886,0.0,0.0,0.0,0.0,0.0,0.0,0.9999999999995177,0.49999999999975886
RipVIS-NR-022_00642.jpg,0.49999999999975886,0.0,0.0,0.0,0.0,0.0,0.0,0.9999999999995177,0.49999999999975886
RipVIS-NR-022_00648.jpg,0.49999999999975886,0.0,0.0,0.0,0.0,0.0,0.0,0.9999999999995177,0.49999999999975886
RipVIS-NR-022_00654.jpg,0.49999999999975886,0.0,0.0,0.0,0.0,0.0,0.0,0.9999999999995177,0.49999999999975886
RipVIS-NR-022_00660.jpg,0.49999999999975886,0.0,0.0,0.0,0.0,0.0,0.0,0.9999999999995177,0.49999999999975886
RipVIS-NR-022_00666.jpg,0.49999999999975886,0.0,0.0,0.0,0.0,0.0,0.0,0.9999999999995177,0.49999999999975886
RipVIS-NR-022_00672.jpg,0.49999999999975886,0.0,0.0,0.0,0.0,0.0,0.0,0.9999999999995177,0.49999999999975886
RipVIS-NR-022_00678.jpg,0.49999999999975886,0.0,0.0,0.0,0.0,0.0,0.0,0.9999999999995177,0.49999999999975886
RipVIS-NR-022_00684.jpg,0.49999999999975886,0.0,0.0,0.0,0.0,0.0,0.0,0.9999999999995177,0.49999999999975886
RipVIS-NR-022_00690.jpg,0.49999999999975886,0.0,0.0,0.0,0.0,0.0,0.0,0.9999999999995177,0.49999999999975886
RipVIS-NR-022_00696.jpg,0.49999999999975886,0.0,0.0,0.0,0.0,0.0,0.0,0.9999999999995177,0.49999999999975886
RipVIS-NR-022_00702.jpg,0.49999999999975886,0.0,0.0,0.0,0.0,0.0,0.0,0.9999999999995177,0.49999999999975886
RipVIS-NR-022_00708.jpg,0.49999999999975886,0.0,0.0,0.0,0.0,0.0,0.0,0.9999999999995177,0.49999999999975886
RipVIS-NR-022_00714.jpg,0.49999999999975886,0.0,0.0,0.0,0.0,0.0,0.0,0.9999999999995177,0.49999999999975886
RipVIS-NR-022_00720.jpg,0.49999999999975886,0.0,0.0,0.0,0.0,0.0,0.0,0.9999999999995177,0.49999999999975886
RipVIS-NR-022_00726.jpg,0.49999999999975886,0.0,0.0,0.0,0.0,0.0,0.0,0.9999999999995177,0.49999999999975886
RipVIS-NR-022_00732.jpg,0.49999999999975886,0.0,0.0,0.0,0.0,0.0,0.0,0.9999999999995177,0.49999999999975886
RipVIS-NR-022_00738.jpg,0.49999999999975886,0.0,0.0,0.0,0.0,0.0,0.0,0.9999999999995177,0.49999999999975886
RipVIS-NR-022_00744.jpg,0.49999999999975886,0.0,0.0,0.0,0.0,0.0,0.0,0.9999999999995177,0.49999999999975886
RipVIS-NR-022_00750.jpg,0.49999999999975886,0.0,0.0,0.0,0.0,0.0,0.0,0.9999999999995177,0.49999999999975886
RipVIS-NR-022_00756.jpg,0.49999999999975886,0.0,0.0,0.0,0.0,0.0,0.0,0.9999999999995177,0.49999999999975886
RipVIS-NR-022_00762.jpg,0.49999999999975886,0.0,0.0,0.0,0.0,0.0,0.0,0.9999999999995177,0.49999999999975886
RipVIS-NR-022_00768.jpg,0.49999999999975886,0.0,0.0,0.0,0.0,0.0,0.0,0.9999999999995177,0.49999999999975886
RipVIS-NR-022_00774.jpg,0.49999999999975886,0.0,0.0,0.0,0.0,0.0,0.0,0.9999999999995177,0.49999999999975886
RipVIS-NR-022_00780.jpg,0.49999999999975886,0.0,0.0,0.0,0.0,0.0,0.0,0.9999999999995177,0.49999999999975886
RipVIS-NR-022_00786.jpg,0.49999999999975886,0.0,0.0,0.0,0.0,0.0,0.0,0.9999999999995177,0.49999999999975886
RipVIS-NR-022_00792.jpg,0.49999999999975886,0.0,0.0,0.0,0.0,0.0,0.0,0.9999999999995177,0.49999999999975886
RipVIS-NR-022_00798.jpg,0.49999999999975886,0.0,0.0,0.0,0.0,0.0,0.0,0.9999999999995177,0.49999999999975886
RipVIS-NR-022_00804.jpg,0.49999999999975886,0.0,0.0,0.0,0.0,0.0,0.0,0.9999999999995177,0.49999999999975886
RipVIS-NR-022_00810.jpg,0.49999999999975886,0.0,0.0,0.0,0.0,0.0,0.0,0.9999999999995177,0.49999999999975886
RipVIS-NR-022_00816.jpg,0.49999999999975886,0.0,0.0,0.0,0.0,0.0,0.0,0.9999999999995177,0.49999999999975886
RipVIS-NR-022_00822.jpg,0.49999999999975886,0.0,0.0,0.0,0.0,0.0,0.0,0.9999999999995177,0.49999999999975886
RipVIS-NR-022_00828.jpg,0.49999999999975886,0.0,0.0,0.0,0.0,0.0,0.0,0.9999999999995177,0.49999999999975886
RipVIS-NR-022_00834.jpg,0.49999999999975886,0.0,0.0,0.0,0.0,0.0,0.0,0.9999999999995177,0.49999999999975886
RipVIS-NR-022_00840.jpg,0.49999999999975886,0.0,0.0,0.0,0.0,0.0,0.0,0.9999999999995177,0.49999999999975886
RipVIS-NR-022_00846.jpg,0.49999999999975886,0.0,0.0,0.0,0.0,0.0,0.0,0.9999999999995177,0.49999999999975886
RipVIS-NR-022_00852.jpg,0.49999999999975886,0.0,0.0,0.0,0.0,0.0,0.0,0.9999999999995177,0.49999999999975886
RipVIS-NR-022_00858.jpg,0.49999999999975886,0.0,0.0,0.0,0.0,0.0,0.0,0.9999999999995177,0.49999999999975886
RipVIS-NR-022_00864.jpg,0.49999999999975886,0.0,0.0,0.0,0.0,0.0,0.0,0.9999999999995177,0.49999999999975886
RipVIS-NR-022_00870.jpg,0.49999999999975886,0.0,0.0,0.0,0.0,0.0,0.0,0.9999999999995177,0.49999999999975886
RipVIS-NR-022_00876.jpg,0.49999999999975886,0.0,0.0,0.0,0.0,0.0,0.0,0.9999999999995177,0.49999999999975886
RipVIS-NR-022_00882.jpg,0.49999999999975886,0.0,0.0,0.0,0.0,0.0,0.0,0.9999999999995177,0.49999999999975886
RipVIS-NR-022_00888.jpg,0.49999999999975886,0.0,0.0,0.0,0.0,0.0,0.0,0.9999999999995177,0.49999999999975886
RipVIS-NR-022_00894.jpg,0.49999999999975886,0.0,0.0,0.0,0.0,0.0,0.0,0.9999999999995177,0.49999999999975886
RipVIS-NR-022_00900.jpg,0.49999999999975886,0.0,0.0,0.0,0.0,0.0,0.0,0.9999999999995177,0.49999999999975886
RipVIS-NR-022_00906.jpg,0.49999999999975886,0.0,0.0,0.0,0.0,0.0,0.0,0.9999999999995177,0.49999999999975886
RipVIS-NR-022_00912.jpg,0.49999999999975886,0.0,0.0,0.0,0.0,0.0,0.0,0.9999999999995177,0.49999999999975886
RipVIS-NR-022_00918.jpg,0.49999999999975886,0.0,0.0,0.0,0.0,0.0,0.0,0.9999999999995177,0.49999999999975886
RipVIS-NR-022_00924.jpg,0.49999999999975886,0.0,0.0,0.0,0.0,0.0,0.0,0.9999999999995177,0.49999999999975886
RipVIS-NR-022_00930.jpg,0.49999999999975886,0.0,0.0,0.0,0.0,0.0,0.0,0.9999999999995177,0.49999999999975886
RipVIS-NR-022_00936.jpg,0.49999999999975886,0.0,0.0,0.0,0.0,0.0,0.0,0.9999999999995177,0.49999999999975886
RipVIS-NR-022_00942.jpg,0.49999999999975886,0.0,0.0,0.0,0.0,0.0,0.0,0.9999999999995177,0.49999999999975886
RipVIS-NR-022_00948.jpg,0.49999999999975886,0.0,0.0,0.0,0.0,0.0,0.0,0.9999999999995177,0.49999999999975886
RipVIS-NR-022_00954.jpg,0.49999999999975886,0.0,0.0,0.0,0.0,0.0,0.0,0.9999999999995177,0.49999999999975886
RipVIS-NR-022_00960.jpg,0.49999999999975886,0.0,0.0,0.0,0.0,0.0,0.0,0.9999999999995177,0.49999999999975886
RipVIS-NR-022_00966.jpg,0.49999999999975886,0.0,0.0,0.0,0.0,0.0,0.0,0.9999999999995177,0.49999999999975886
RipVIS-NR-022_00972.jpg,0.49999999999975886,0.0,0.0,0.0,0.0,0.0,0.0,0.9999999999995177,0.49999999999975886
RipVIS-NR-022_00978.jpg,0.49999999999975886,0.0,0.0,0.0,0.0,0.0,0.0,0.9999999999995177,0.49999999999975886
RipVIS-NR-022_00984.jpg,0.49999999999975886,0.0,0.0,0.0,0.0,0.0,0.0,0.9999999999995177,0.49999999999975886
RipVIS-NR-022_00990.jpg,0.49999999999975886,0.0,0.0,0.0,0.0,0.0,0.0,0.9999999999995177,0.49999999999975886
RipVIS-NR-022_00996.jpg,0.49999999999975886,0.0,0.0,0.0,0.0,0.0,0.0,0.9999999999995177,0.49999999999975886
RipVIS-NR-022_01002.jpg,0.49999999999975886,0.0,0.0,0.0,0.0,0.0,0.0,0.9999999999995177,0.49999999999975886
RipVIS-NR-022_01008.jpg,0.49999999999975886,0.0,0.0,0.0,0.0,0.0,0.0,0.9999999999995177,0.49999999999975886
RipVIS-NR-022_01014.jpg,0.49999999999975886,0.0,0.0,0.0,0.0,0.0,0.0,0.9999999999995177,0.49999999999975886
RipVIS-NR-022_01020.jpg,0.49999999999975886,0.0,0.0,0.0,0.0,0.0,0.0,0.9999999999995177,0.49999999999975886
RipVIS-NR-022_01026.jpg,0.49999999999975886,0.0,0.0,0.0,0.0,0.0,0.0,0.9999999999995177,0.49999999999975886
RipVIS-NR-022_01032.jpg,0.49999999999975886,0.0,0.0,0.0,0.0,0.0,0.0,0.9999999999995177,0.49999999999975886
RipVIS-NR-022_01038.jpg,0.49999999999975886,0.0,0.0,0.0,0.0,0.0,0.0,0.9999999999995177,0.49999999999975886
RipVIS-NR-022_01044.jpg,0.49999999999975886,0.0,0.0,0.0,0.0,0.0,0.0,0.9999999999995177,0.49999999999975886
RipVIS-NR-022_01050.jpg,0.49999999999975886,0.0,0.0,0.0,0.0,0.0,0.0,0.9999999999995177,0.49999999999975886
RipVIS-NR-022_01056.jpg,0.49999999999975886,0.0,0.0,0.0,0.0,0.0,0.0,0.9999999999995177,0.49999999999975886
RipVIS-NR-022_01062.jpg,0.49999999999975886,0.0,0.0,0.0,0.0,0.0,0.0,0.9999999999995177,0.49999999999975886
RipVIS-NR-022_01068.jpg,0.49999999999975886,0.0,0.0,0.0,0.0,0.0,0.0,0.9999999999995177,0.49999999999975886
RipVIS-NR-022_01074.jpg,0.49999999999975886,0.0,0.0,0.0,0.0,0.0,0.0,0.9999999999995177,0.49999999999975886
RipVIS-NR-022_01080.jpg,0.49999999999975886,0.0,0.0,0.0,0.0,0.0,0.0,0.9999999999995177,0.49999999999975886
RipVIS-NR-022_01086.jpg,0.49999999999975886,0.0,0.0,0.0,0.0,0.0,0.0,0.9999999999995177,0.49999999999975886
RipVIS-NR-022_01092.jpg,0.49999999999975886,0.0,0.0,0.0,0.0,0.0,0.0,0.9999999999995177,0.49999999999975886
RipVIS-NR-022_01098.jpg,0.49999999999975886,0.0,0.0,0.0,0.0,0.0,0.0,0.9999999999995177,0.49999999999975886
RipVIS-NR-022_01104.jpg,0.49999999999975886,0.0,0.0,0.0,0.0,0.0,0.0,0.9999999999995177,0.49999999999975886
RipVIS-NR-022_01110.jpg,0.49999999999975886,0.0,0.0,0.0,0.0,0.0,0.0,0.9999999999995177,0.49999999999975886
RipVIS-NR-022_01116.jpg,0.49999999999975886,0.0,0.0,0.0,0.0,0.0,0.0,0.9999999999995177,0.49999999999975886
RipVIS-NR-022_01122.jpg,0.49999999999975886,0.0,0.0,0.0,0.0,0.0,0.0,0.9999999999995177,0.49999999999975886
RipVIS-NR-022_01128.jpg,0.49999999999975886,0.0,0.0,0.0,0.0,0.0,0.0,0.9999999999995177,0.49999999999975886
RipVIS-NR-022_01134.jpg,0.49999999999975886,0.0,0.0,0.0,0.0,0.0,0.0,0.9999999999995177,0.49999999999975886
RipVIS-NR-022_01140.jpg,0.49999999999975886,0.0,0.0,0.0,0.0,0.0,0.0,0.9999999999995177,0.49999999999975886
RipVIS-NR-022_01146.jpg,0.49999999999975886,0.0,0.0,0.0,0.0,0.0,0.0,0.9999999999995177,0.49999999999975886
RipVIS-NR-022_01152.jpg,0.49999999999975886,0.0,0.0,0.0,0.0,0.0,0.0,0.9999999999995177,0.49999999999975886
RipVIS-NR-022_01158.jpg,0.49999999999975886,0.0,0.0,0.0,0.0,0.0,0.0,0.9999999999995177,0.49999999999975886
RipVIS-NR-022_01164.jpg,0.49999999999975886,0.0,0.0,0.0,0.0,0.0,0.0,0.9999999999995177,0.49999999999975886
RipVIS-NR-022_01170.jpg,0.49999999999975886,0.0,0.0,0.0,0.0,0.0,0.0,0.9999999999995177,0.49999999999975886
RipVIS-NR-022_01176.jpg,0.49999999999975886,0.0,0.0,0.0,0.0,0.0,0.0,0.9999999999995177,0.49999999999975886
RipVIS-NR-022_01182.jpg,0.49999999999975886,0.0,0.0,0.0,0.0,0.0,0.0,0.9999999999995177,0.49999999999975886
RipVIS-NR-022_01188.jpg,0.49999999999975886,0.0,0.0,0.0,0.0,0.0,0.0,0.9999999999995177,0.49999999999975886
RipVIS-NR-022_01194.jpg,0.49999999999975886,0.0,0.0,0.0,0.0,0.0,0.0,0.9999999999995177,0.49999999999975886
RipVIS-NR-022_01200.jpg,0.49999999999975886,0.0,0.0,0.0,0.0,0.0,0.0,0.9999999999995177,0.49999999999975886
RipVIS-NR-022_01206.jpg,0.49999999999975886,0.0,0.0,0.0,0.0,0.0,0.0,0.9999999999995177,0.49999999999975886
RipVIS-NR-022_01212.jpg,0.49999999999975886,0.0,0.0,0.0,0.0,0.0,0.0,0.9999999999995177,0.49999999999975886
RipVIS-NR-022_01218.jpg,0.49999999999975886,0.0,0.0,0.0,0.0,0.0,0.0,0.9999999999995177,0.49999999999975886
RipVIS-NR-022_01224.jpg,0.49999999999975886,0.0,0.0,0.0,0.0,0.0,0.0,0.9999999999995177,0.49999999999975886
RipVIS-NR-022_01230.jpg,0.49999999999975886,0.0,0.0,0.0,0.0,0.0,0.0,0.9999999999995177,0.49999999999975886
RipVIS-NR-022_01236.jpg,0.49999999999975886,0.0,0.0,0.0,0.0,0.0,0.0,0.9999999999995177,0.49999999999975886
RipVIS-NR-022_01242.jpg,0.49999999999975886,0.0,0.0,0.0,0.0,0.0,0.0,0.9999999999995177,0.49999999999975886
RipVIS-NR-022_01248.jpg,0.49999999999975886,0.0,0.0,0.0,0.0,0.0,0.0,0.9999999999995177,0.49999999999975886
RipVIS-NR-022_01254.jpg,0.49999999999975886,0.0,0.0,0.0,0.0,0.0,0.0,0.9999999999995177,0.49999999999975886
RipVIS-NR-022_01260.jpg,0.49999999999975886,0.0,0.0,0.0,0.0,0.0,0.0,0.9999999999995177,0.49999999999975886
RipVIS-NR-022_01266.jpg,0.49999999999975886,0.0,0.0,0.0,0.0,0.0,0.0,0.9999999999995177,0.49999999999975886
RipVIS-NR-022_01272.jpg,0.49999999999975886,0.0,0.0,0.0,0.0,0.0,0.0,0.9999999999995177,0.49999999999975886
RipVIS-NR-022_01278.jpg,0.49999999999975886,0.0,0.0,0.0,0.0,0.0,0.0,0.9999999999995177,0.49999999999975886
RipVIS-NR-022_01284.jpg,0.49999999999975886,0.0,0.0,0.0,0.0,0.0,0.0,0.9999999999995177,0.49999999999975886
RipVIS-NR-022_01290.jpg,0.49999999999975886,0.0,0.0,0.0,0.0,0.0,0.0,0.9999999999995177,0.49999999999975886
RipVIS-NR-022_01296.jpg,0.49999999999975886,0.0,0.0,0.0,0.0,0.0,0.0,0.9999999999995177,0.49999999999975886
RipVIS-NR-022_01302.jpg,0.49999999999975886,0.0,0.0,0.0,0.0,0.0,0.0,0.9999999999995177,0.49999999999975886
RipVIS-NR-022_01308.jpg,0.49999999999975886,0.0,0.0,0.0,0.0,0.0,0.0,0.9999999999995177,0.49999999999975886
RipVIS-NR-022_01314.jpg,0.49999999999975886,0.0,0.0,0.0,0.0,0.0,0.0,0.9999999999995177,0.49999999999975886
RipVIS-NR-022_01320.jpg,0.49999999999975886,0.0,0.0,0.0,0.0,0.0,0.0,0.9999999999995177,0.49999999999975886
RipVIS-NR-022_01326.jpg,0.49999999999975886,0.0,0.0,0.0,0.0,0.0,0.0,0.9999999999995177,0.49999999999975886
RipVIS-NR-022_01332.jpg,0.49999999999975886,0.0,0.0,0.0,0.0,0.0,0.0,0.9999999999995177,0.49999999999975886
RipVIS-NR-022_01338.jpg,0.49999999999975886,0.0,0.0,0.0,0.0,0.0,0.0,0.9999999999995177,0.49999999999975886
RipVIS-NR-022_01344.jpg,0.49999999999975886,0.0,0.0,0.0,0.0,0.0,0.0,0.9999999999995177,0.49999999999975886
RipVIS-NR-022_01350.jpg,0.49999999999975886,0.0,0.0,0.0,0.0,0.0,0.0,0.9999999999995177,0.49999999999975886
RipVIS-NR-022_01356.jpg,0.49999999999975886,0.0,0.0,0.0,0.0,0.0,0.0,0.9999999999995177,0.49999999999975886
RipVIS-NR-022_01362.jpg,0.49999999999975886,0.0,0.0,0.0,0.0,0.0,0.0,0.9999999999995177,0.49999999999975886
RipVIS-NR-022_01368.jpg,0.49999999999975886,0.0,0.0,0.0,0.0,0.0,0.0,0.9999999999995177,0.49999999999975886
RipVIS-NR-022_01374.jpg,0.49999999999975886,0.0,0.0,0.0,0.0,0.0,0.0,0.9999999999995177,0.49999999999975886
RipVIS-NR-022_01380.jpg,0.49999999999975886,0.0,0.0,0.0,0.0,0.0,0.0,0.9999999999995177,0.49999999999975886
RipVIS-NR-022_01386.jpg,0.49999999999975886,0.0,0.0,0.0,0.0,0.0,0.0,0.9999999999995177,0.49999999999975886
RipVIS-NR-022_01392.jpg,0.49999999999975886,0.0,0.0,0.0,0.0,0.0,0.0,0.9999999999995177,0.49999999999975886
RipVIS-NR-022_01398.jpg,0.49999999999975886,0.0,0.0,0.0,0.0,0.0,0.0,0.9999999999995177,0.49999999999975886
RipVIS-NR-022_01404.jpg,0.49999999999975886,0.0,0.0,0.0,0.0,0.0,0.0,0.9999999999995177,0.49999999999975886
RipVIS-NR-022_01410.jpg,0.49999999999975886,0.0,0.0,0.0,0.0,0.0,0.0,0.9999999999995177,0.49999999999975886
RipVIS-NR-022_01416.jpg,0.49999999999975886,0.0,0.0,0.0,0.0,0.0,0.0,0.9999999999995177,0.49999999999975886
RipVIS-NR-022_01422.jpg,0.49999999999975886,0.0,0.0,0.0,0.0,0.0,0.0,0.9999999999995177,0.49999999999975886
RipVIS-NR-022_01428.jpg,0.49999999999975886,0.0,0.0,0.0,0.0,0.0,0.0,0.9999999999995177,0.49999999999975886
RipVIS-NR-022_01434.jpg,0.49999999999975886,0.0,0.0,0.0,0.0,0.0,0.0,0.9999999999995177,0.49999999999975886
RipVIS-NR-022_01440.jpg,0.49999999999975886,0.0,0.0,0.0,0.0,0.0,0.0,0.9999999999995177,0.49999999999975886
RipVIS-NR-022_01446.jpg,0.49999999999975886,0.0,0.0,0.0,0.0,0.0,0.0,0.9999999999995177,0.49999999999975886
RipVIS-NR-022_01452.jpg,0.49999999999975886,0.0,0.0,0.0,0.0,0.0,0.0,0.9999999999995177,0.49999999999975886
RipVIS-NR-022_01458.jpg,0.49999999999975886,0.0,0.0,0.0,0.0,0.0,0.0,0.9999999999995177,0.49999999999975886
RipVIS-NR-022_01464.jpg,0.49999999999975886,0.0,0.0,0.0,0.0,0.0,0.0,0.9999999999995177,0.49999999999975886
RipVIS-NR-022_01470.jpg,0.49999999999975886,0.0,0.0,0.0,0.0,0.0,0.0,0.9999999999995177,0.49999999999975886
RipVIS-NR-022_01476.jpg,0.49999999999975886,0.0,0.0,0.0,0.0,0.0,0.0,0.9999999999995177,0.49999999999975886
RipVIS-NR-022_01482.jpg,0.49999999999975886,0.0,0.0,0.0,0.0,0.0,0.0,0.9999999999995177,0.49999999999975886
RipVIS-NR-022_01488.jpg,0.49999999999975886,0.0,0.0,0.0,0.0,0.0,0.0,0.9999999999995177,0.49999999999975886
RipVIS-NR-022_01494.jpg,0.49999999999975886,0.0,0.0,0.0,0.0,0.0,0.0,0.9999999999995177,0.49999999999975886
RipVIS-NR-022_01500.jpg,0.49999999999975886,0.0,0.0,0.0,0.0,0.0,0.0,0.9999999999995177,0.49999999999975886
RipVIS-NR-022_01506.jpg,0.49999999999975886,0.0,0.0,0.0,0.0,0.0,0.0,0.9999999999995177,0.49999999999975886
RipVIS-NR-022_01512.jpg,0.49999999999975886,0.0,0.0,0.0,0.0,0.0,0.0,0.9999999999995177,0.49999999999975886
RipVIS-NR-022_01518.jpg,0.49999999999975886,0.0,0.0,0.0,0.0,0.0,0.0,0.9999999999995177,0.49999999999975886
RipVIS-NR-022_01524.jpg,0.49999999999975886,0.0,0.0,0.0,0.0,0.0,0.0,0.9999999999995177,0.49999999999975886
RipVIS-NR-022_01530.jpg,0.49999999999975886,0.0,0.0,0.0,0.0,0.0,0.0,0.9999999999995177,0.49999999999975886
RipVIS-NR-022_01536.jpg,0.49999999999975886,0.0,0.0,0.0,0.0,0.0,0.0,0.9999999999995177,0.49999999999975886
RipVIS-NR-022_01542.jpg,0.49999999999975886,0.0,0.0,0.0,0.0,0.0,0.0,0.9999999999995177,0.49999999999975886
RipVIS-NR-022_01548.jpg,0.49999999999975886,0.0,0.0,0.0,0.0,0.0,0.0,0.9999999999995177,0.49999999999975886
RipVIS-NR-022_01554.jpg,0.49999999999975886,0.0,0.0,0.0,0.0,0.0,0.0,0.9999999999995177,0.49999999999975886
RipVIS-NR-022_01560.jpg,0.49999999999975886,0.0,0.0,0.0,0.0,0.0,0.0,0.9999999999995177,0.49999999999975886
RipVIS-NR-022_01566.jpg,0.49999999999975886,0.0,0.0,0.0,0.0,0.0,0.0,0.9999999999995177,0.49999999999975886
RipVIS-NR-022_01572.jpg,0.49999999999975886,0.0,0.0,0.0,0.0,0.0,0.0,0.9999999999995177,0.49999999999975886
RipVIS-NR-022_01578.jpg,0.49999999999975886,0.0,0.0,0.0,0.0,0.0,0.0,0.9999999999995177,0.49999999999975886
RipVIS-NR-022_01584.jpg,0.49999999999975886,0.0,0.0,0.0,0.0,0.0,0.0,0.9999999999995177,0.49999999999975886
RipVIS-NR-022_01590.jpg,0.49999999999975886,0.0,0.0,0.0,0.0,0.0,0.0,0.9999999999995177,0.49999999999975886
RipVIS-NR-022_01596.jpg,0.49999999999975886,0.0,0.0,0.0,0.0,0.0,0.0,0.9999999999995177,0.49999999999975886
RipVIS-NR-022_01602.jpg,0.49999999999975886,0.0,0.0,0.0,0.0,0.0,0.0,0.9999999999995177,0.49999999999975886
RipVIS-NR-022_01608.jpg,0.49999999999975886,0.0,0.0,0.0,0.0,0.0,0.0,0.9999999999995177,0.49999999999975886
RipVIS-NR-022_01614.jpg,0.49999999999975886,0.0,0.0,0.0,0.0,0.0,0.0,0.9999999999995177,0.49999999999975886
RipVIS-NR-022_01620.jpg,0.49999999999975886,0.0,0.0,0.0,0.0,0.0,0.0,0.9999999999995177,0.49999999999975886
RipVIS-NR-022_01626.jpg,0.49999999999975886,0.0,0.0,0.0,0.0,0.0,0.0,0.9999999999995177,0.49999999999975886
RipVIS-NR-022_01632.jpg,0.49999999999975886,0.0,0.0,0.0,0.0,0.0,0.0,0.9999999999995177,0.49999999999975886
RipVIS-NR-022_01638.jpg,0.49999999999975886,0.0,0.0,0.0,0.0,0.0,0.0,0.9999999999995177,0.49999999999975886
RipVIS-NR-022_01644.jpg,0.49999999999975886,0.0,0.0,0.0,0.0,0.0,0.0,0.9999999999995177,0.49999999999975886
RipVIS-NR-022_01650.jpg,0.49999999999975886,0.0,0.0,0.0,0.0,0.0,0.0,0.9999999999995177,0.49999999999975886
RipVIS-NR-022_01656.jpg,0.49999999999975886,0.0,0.0,0.0,0.0,0.0,0.0,0.9999999999995177,0.49999999999975886
RipVIS-NR-022_01662.jpg,0.49999999999975886,0.0,0.0,0.0,0.0,0.0,0.0,0.9999999999995177,0.49999999999975886
RipVIS-NR-022_01668.jpg,0.49999999999975886,0.0,0.0,0.0,0.0,0.0,0.0,0.9999999999995177,0.49999999999975886
RipVIS-NR-022_01674.jpg,0.49999999999975886,0.0,0.0,0.0,0.0,0.0,0.0,0.9999999999995177,0.49999999999975886
RipVIS-NR-022_01680.jpg,0.49999999999975886,0.0,0.0,0.0,0.0,0.0,0.0,0.9999999999995177,0.49999999999975886
RipVIS-NR-022_01686.jpg,0.49999999999975886,0.0,0.0,0.0,0.0,0.0,0.0,0.9999999999995177,0.49999999999975886
RipVIS-NR-022_01692.jpg,0.49999999999975886,0.0,0.0,0.0,0.0,0.0,0.0,0.9999999999995177,0.49999999999975886
RipVIS-NR-022_01698.jpg,0.49999999999975886,0.0,0.0,0.0,0.0,0.0,0.0,0.9999999999995177,0.49999999999975886
RipVIS-NR-022_01704.jpg,0.49999999999975886,0.0,0.0,0.0,0.0,0.0,0.0,0.9999999999995177,0.49999999999975886
RipVIS-NR-022_01710.jpg,0.49999999999975886,0.0,0.0,0.0,0.0,0.0,0.0,0.9999999999995177,0.49999999999975886
RipVIS-NR-022_01716.jpg,0.49999999999975886,0.0,0.0,0.0,0.0,0.0,0.0,0.9999999999995177,0.49999999999975886
RipVIS-NR-022_01722.jpg,0.49999999999975886,0.0,0.0,0.0,0.0,0.0,0.0,0.9999999999995177,0.49999999999975886
RipVIS-NR-022_01728.jpg,0.49999999999975886,0.0,0.0,0.0,0.0,0.0,0.0,0.9999999999995177,0.49999999999975886
RipVIS-NR-022_01734.jpg,0.49999999999975886,0.0,0.0,0.0,0.0,0.0,0.0,0.9999999999995177,0.49999999999975886
RipVIS-NR-022_01740.jpg,0.49999999999975886,0.0,0.0,0.0,0.0,0.0,0.0,0.9999999999995177,0.49999999999975886
RipVIS-NR-022_01746.jpg,0.49999999999975886,0.0,0.0,0.0,0.0,0.0,0.0,0.9999999999995177,0.49999999999975886
RipVIS-NR-022_01752.jpg,0.49999999999975886,0.0,0.0,0.0,0.0,0.0,0.0,0.9999999999995177,0.49999999999975886
RipVIS-NR-022_01758.jpg,0.49999999999975886,0.0,0.0,0.0,0.0,0.0,0.0,0.9999999999995177,0.49999999999975886
RipVIS-NR-022_01764.jpg,0.49999999999975886,0.0,0.0,0.0,0.0,0.0,0.0,0.9999999999995177,0.49999999999975886
RipVIS-NR-022_01770.jpg,0.49999999999975886,0.0,0.0,0.0,0.0,0.0,0.0,0.9999999999995177,0.49999999999975886
RipVIS-NR-022_01776.jpg,0.49999999999975886,0.0,0.0,0.0,0.0,0.0,0.0,0.9999999999995177,0.49999999999975886
RipVIS-NR-022_01782.jpg,0.49999999999975886,0.0,0.0,0.0,0.0,0.0,0.0,0.9999999999995177,0.49999999999975886
RipVIS-NR-022_01788.jpg,0.49999999999975886,0.0,0.0,0.0,0.0,0.0,0.0,0.9999999999995177,0.49999999999975886
RipVIS-NR-022_01794.jpg,0.49999999999975886,0.0,0.0,0.0,0.0,0.0,0.0,0.9999999999995177,0.49999999999975886
RipVIS-NR-022_01800.jpg,0.49999999999975886,0.0,0.0,0.0,0.0,0.0,0.0,0.9999999999995177,0.49999999999975886
RipVIS-NR-022_01806.jpg,0.49999999999975886,0.0,0.0,0.0,0.0,0.0,0.0,0.9999999999995177,0.49999999999975886
RipVIS-NR-022_01812.jpg,0.49999999999975886,0.0,0.0,0.0,0.0,0.0,0.0,0.9999999999995177,0.49999999999975886
RipVIS-NR-022_01818.jpg,0.49999999999975886,0.0,0.0,0.0,0.0,0.0,0.0,0.9999999999995177,0.49999999999975886
RipVIS-NR-022_01824.jpg,0.49999999999975886,0.0,0.0,0.0,0.0,0.0,0.0,0.9999999999995177,0.49999999999975886
RipVIS-NR-022_01830.jpg,0.49999999999975886,0.0,0.0,0.0,0.0,0.0,0.0,0.9999999999995177,0.49999999999975886
RipVIS-NR-024_00000.jpg,0.49999999999975886,0.0,0.0,0.0,0.0,0.0,0.0,0.9999999999995177,0.49999999999975886
RipVIS-NR-024_00006.jpg,0.49999999999975886,0.0,0.0,0.0,0.0,0.0,0.0,0.9999999999995177,0.49999999999975886
RipVIS-NR-024_00012.jpg,0.49999999999975886,0.0,0.0,0.0,0.0,0.0,0.0,0.9999999999995177,0.49999999999975886
RipVIS-NR-024_00018.jpg,0.49999999999975886,0.0,0.0,0.0,0.0,0.0,0.0,0.9999999999995177,0.49999999999975886
RipVIS-NR-024_00024.jpg,0.49999999999975886,0.0,0.0,0.0,0.0,0.0,0.0,0.9999999999995177,0.49999999999975886
RipVIS-NR-024_00030.jpg,0.49999999999975886,0.0,0.0,0.0,0.0,0.0,0.0,0.9999999999995177,0.49999999999975886
RipVIS-NR-024_00036.jpg,0.49999999999975886,0.0,0.0,0.0,0.0,0.0,0.0,0.9999999999995177,0.49999999999975886
RipVIS-NR-024_00042.jpg,0.49999999999975886,0.0,0.0,0.0,0.0,0.0,0.0,0.9999999999995177,0.49999999999975886
RipVIS-NR-024_00048.jpg,0.49999999999975886,0.0,0.0,0.0,0.0,0.0,0.0,0.9999999999995177,0.49999999999975886
RipVIS-NR-024_00054.jpg,0.49999999999975886,0.0,0.0,0.0,0.0,0.0,0.0,0.9999999999995177,0.49999999999975886
RipVIS-NR-024_00060.jpg,0.49999999999975886,0.0,0.0,0.0,0.0,0.0,0.0,0.9999999999995177,0.49999999999975886
RipVIS-NR-024_00066.jpg,0.49999999999975886,0.0,0.0,0.0,0.0,0.0,0.0,0.9999999999995177,0.49999999999975886
RipVIS-NR-024_00072.jpg,0.49999999999975886,0.0,0.0,0.0,0.0,0.0,0.0,0.9999999999995177,0.49999999999975886
RipVIS-NR-024_00078.jpg,0.49999999999975886,0.0,0.0,0.0,0.0,0.0,0.0,0.9999999999995177,0.49999999999975886
RipVIS-NR-024_00084.jpg,0.49999999999975886,0.0,0.0,0.0,0.0,0.0,0.0,0.9999999999995177,0.49999999999975886
RipVIS-NR-024_00090.jpg,0.49999999999975886,0.0,0.0,0.0,0.0,0.0,0.0,0.9999999999995177,0.49999999999975886
RipVIS-NR-024_00096.jpg,0.49999999999975886,0.0,0.0,0.0,0.0,0.0,0.0,0.9999999999995177,0.49999999999975886
RipVIS-NR-024_00102.jpg,0.49999999999975886,0.0,0.0,0.0,0.0,0.0,0.0,0.9999999999995177,0.49999999999975886
RipVIS-NR-024_00108.jpg,0.49999999999975886,0.0,0.0,0.0,0.0,0.0,0.0,0.9999999999995177,0.49999999999975886
RipVIS-NR-024_00114.jpg,0.49999999999975886,0.0,0.0,0.0,0.0,0.0,0.0,0.9999999999995177,0.49999999999975886
RipVIS-NR-024_00120.jpg,0.49999999999975886,0.0,0.0,0.0,0.0,0.0,0.0,0.9999999999995177,0.49999999999975886
RipVIS-NR-024_00126.jpg,0.49999999999975886,0.0,0.0,0.0,0.0,0.0,0.0,0.9999999999995177,0.49999999999975886
RipVIS-NR-024_00132.jpg,0.49999999999975886,0.0,0.0,0.0,0.0,0.0,0.0,0.9999999999995177,0.49999999999975886
RipVIS-NR-024_00138.jpg,0.49999999999975886,0.0,0.0,0.0,0.0,0.0,0.0,0.9999999999995177,0.49999999999975886
RipVIS-NR-024_00144.jpg,0.49999999999975886,0.0,0.0,0.0,0.0,0.0,0.0,0.9999999999995177,0.49999999999975886
RipVIS-NR-024_00150.jpg,0.49999999999975886,0.0,0.0,0.0,0.0,0.0,0.0,0.9999999999995177,0.49999999999975886
RipVIS-NR-024_00156.jpg,0.49999999999975886,0.0,0.0,0.0,0.0,0.0,0.0,0.9999999999995177,0.49999999999975886
RipVIS-NR-024_00162.jpg,0.49999999999975886,0.0,0.0,0.0,0.0,0.0,0.0,0.9999999999995177,0.49999999999975886
RipVIS-NR-024_00168.jpg,0.49999999999975886,0.0,0.0,0.0,0.0,0.0,0.0,0.9999999999995177,0.49999999999975886
RipVIS-NR-024_00174.jpg,0.49999999999975886,0.0,0.0,0.0,0.0,0.0,0.0,0.9999999999995177,0.49999999999975886
RipVIS-NR-024_00180.jpg,0.49999999999975886,0.0,0.0,0.0,0.0,0.0,0.0,0.9999999999995177,0.49999999999975886
RipVIS-NR-024_00186.jpg,0.49999999999975886,0.0,0.0,0.0,0.0,0.0,0.0,0.9999999999995177,0.49999999999975886
RipVIS-NR-024_00192.jpg,0.49999999999975886,0.0,0.0,0.0,0.0,0.0,0.0,0.9999999999995177,0.49999999999975886
RipVIS-NR-024_00198.jpg,0.49999999999975886,0.0,0.0,0.0,0.0,0.0,0.0,0.9999999999995177,0.49999999999975886
RipVIS-NR-024_00204.jpg,0.49999999999975886,0.0,0.0,0.0,0.0,0.0,0.0,0.9999999999995177,0.49999999999975886
RipVIS-NR-024_00210.jpg,0.49999999999975886,0.0,0.0,0.0,0.0,0.0,0.0,0.9999999999995177,0.49999999999975886
RipVIS-NR-024_00216.jpg,0.49999999999975886,0.0,0.0,0.0,0.0,0.0,0.0,0.9999999999995177,0.49999999999975886
RipVIS-NR-024_00222.jpg,0.49999999999975886,0.0,0.0,0.0,0.0,0.0,0.0,0.9999999999995177,0.49999999999975886
RipVIS-NR-024_00228.jpg,0.49999999999975886,0.0,0.0,0.0,0.0,0.0,0.0,0.9999999999995177,0.49999999999975886
RipVIS-NR-024_00234.jpg,0.49999999999975886,0.0,0.0,0.0,0.0,0.0,0.0,0.9999999999995177,0.49999999999975886
RipVIS-NR-024_00240.jpg,0.49999999999975886,0.0,0.0,0.0,0.0,0.0,0.0,0.9999999999995177,0.49999999999975886
RipVIS-NR-024_00246.jpg,0.49999999999975886,0.0,0.0,0.0,0.0,0.0,0.0,0.9999999999995177,0.49999999999975886
RipVIS-NR-024_00252.jpg,0.49999999999975886,0.0,0.0,0.0,0.0,0.0,0.0,0.9999999999995177,0.49999999999975886
RipVIS-NR-024_00258.jpg,0.49999999999975886,0.0,0.0,0.0,0.0,0.0,0.0,0.9999999999995177,0.49999999999975886
RipVIS-NR-024_00264.jpg,0.49999999999975886,0.0,0.0,0.0,0.0,0.0,0.0,0.9999999999995177,0.49999999999975886
RipVIS-NR-024_00270.jpg,0.49999999999975886,0.0,0.0,0.0,0.0,0.0,0.0,0.9999999999995177,0.49999999999975886
RipVIS-NR-024_00276.jpg,0.49999999999975886,0.0,0.0,0.0,0.0,0.0,0.0,0.9999999999995177,0.49999999999975886
RipVIS-NR-024_00282.jpg,0.49999999999975886,0.0,0.0,0.0,0.0,0.0,0.0,0.9999999999995177,0.49999999999975886
RipVIS-NR-024_00288.jpg,0.49999999999975886,0.0,0.0,0.0,0.0,0.0,0.0,0.9999999999995177,0.49999999999975886
RipVIS-NR-024_00294.jpg,0.49999999999975886,0.0,0.0,0.0,0.0,0.0,0.0,0.9999999999995177,0.49999999999975886
RipVIS-NR-024_00300.jpg,0.49999999999975886,0.0,0.0,0.0,0.0,0.0,0.0,0.9999999999995177,0.49999999999975886
RipVIS-NR-024_00306.jpg,0.49999999999975886,0.0,0.0,0.0,0.0,0.0,0.0,0.9999999999995177,0.49999999999975886
RipVIS-NR-024_00312.jpg,0.49999999999975886,0.0,0.0,0.0,0.0,0.0,0.0,0.9999999999995177,0.49999999999975886
RipVIS-NR-024_00318.jpg,0.49999999999975886,0.0,0.0,0.0,0.0,0.0,0.0,0.9999999999995177,0.49999999999975886
RipVIS-NR-024_00324.jpg,0.49999999999975886,0.0,0.0,0.0,0.0,0.0,0.0,0.9999999999995177,0.49999999999975886
RipVIS-NR-024_00330.jpg,0.49999999999975886,0.0,0.0,0.0,0.0,0.0,0.0,0.9999999999995177,0.49999999999975886
RipVIS-NR-024_00336.jpg,0.49999999999975886,0.0,0.0,0.0,0.0,0.0,0.0,0.9999999999995177,0.49999999999975886
RipVIS-NR-024_00342.jpg,0.49999999999975886,0.0,0.0,0.0,0.0,0.0,0.0,0.9999999999995177,0.49999999999975886
RipVIS-NR-024_00348.jpg,0.49999999999975886,0.0,0.0,0.0,0.0,0.0,0.0,0.9999999999995177,0.49999999999975886
RipVIS-NR-024_00354.jpg,0.49999999999975886,0.0,0.0,0.0,0.0,0.0,0.0,0.9999999999995177,0.49999999999975886
RipVIS-NR-024_00360.jpg,0.49999999999975886,0.0,0.0,0.0,0.0,0.0,0.0,0.9999999999995177,0.49999999999975886
RipVIS-NR-024_00366.jpg,0.49999999999975886,0.0,0.0,0.0,0.0,0.0,0.0,0.9999999999995177,0.49999999999975886
RipVIS-NR-024_00372.jpg,0.49999999999975886,0.0,0.0,0.0,0.0,0.0,0.0,0.9999999999995177,0.49999999999975886
RipVIS-NR-024_00378.jpg,0.49999999999975886,0.0,0.0,0.0,0.0,0.0,0.0,0.9999999999995177,0.49999999999975886
RipVIS-NR-024_00384.jpg,0.49999999999975886,0.0,0.0,0.0,0.0,0.0,0.0,0.9999999999995177,0.49999999999975886
RipVIS-NR-024_00390.jpg,0.49999999999975886,0.0,0.0,0.0,0.0,0.0,0.0,0.9999999999995177,0.49999999999975886
RipVIS-NR-024_00396.jpg,0.49999999999975886,0.0,0.0,0.0,0.0,0.0,0.0,0.9999999999995177,0.49999999999975886
RipVIS-NR-024_00402.jpg,0.49999999999975886,0.0,0.0,0.0,0.0,0.0,0.0,0.9999999999995177,0.49999999999975886
RipVIS-NR-024_00408.jpg,0.49999999999975886,0.0,0.0,0.0,0.0,0.0,0.0,0.9999999999995177,0.49999999999975886
RipVIS-NR-024_00414.jpg,0.49999999999975886,0.0,0.0,0.0,0.0,0.0,0.0,0.9999999999995177,0.49999999999975886
RipVIS-NR-024_00420.jpg,0.49999999999975886,0.0,0.0,0.0,0.0,0.0,0.0,0.9999999999995177,0.49999999999975886
RipVIS-NR-024_00426.jpg,0.49999999999975886,0.0,0.0,0.0,0.0,0.0,0.0,0.9999999999995177,0.49999999999975886
RipVIS-NR-024_00432.jpg,0.49999999999975886,0.0,0.0,0.0,0.0,0.0,0.0,0.9999999999995177,0.49999999999975886
RipVIS-NR-024_00438.jpg,0.49999999999975886,0.0,0.0,0.0,0.0,0.0,0.0,0.9999999999995177,0.49999999999975886
RipVIS-NR-024_00444.jpg,0.49999999999975886,0.0,0.0,0.0,0.0,0.0,0.0,0.9999999999995177,0.49999999999975886
RipVIS-NR-024_00450.jpg,0.49999999999975886,0.0,0.0,0.0,0.0,0.0,0.0,0.9999999999995177,0.49999999999975886
RipVIS-NR-024_00456.jpg,0.49999999999975886,0.0,0.0,0.0,0.0,0.0,0.0,0.9999999999995177,0.49999999999975886
RipVIS-NR-024_00462.jpg,0.49999999999975886,0.0,0.0,0.0,0.0,0.0,0.0,0.9999999999995177,0.49999999999975886
RipVIS-NR-024_00468.jpg,0.49999999999975886,0.0,0.0,0.0,0.0,0.0,0.0,0.9999999999995177,0.49999999999975886
RipVIS-NR-024_00474.jpg,0.49999999999975886,0.0,0.0,0.0,0.0,0.0,0.0,0.9999999999995177,0.49999999999975886
RipVIS-NR-024_00480.jpg,0.49999999999975886,0.0,0.0,0.0,0.0,0.0,0.0,0.9999999999995177,0.49999999999975886
RipVIS-NR-024_00486.jpg,0.49999999999975886,0.0,0.0,0.0,0.0,0.0,0.0,0.9999999999995177,0.49999999999975886
RipVIS-NR-024_00492.jpg,0.49999999999975886,0.0,0.0,0.0,0.0,0.0,0.0,0.9999999999995177,0.49999999999975886
RipVIS-NR-024_00498.jpg,0.49999999999975886,0.0,0.0,0.0,0.0,0.0,0.0,0.9999999999995177,0.49999999999975886
RipVIS-NR-024_00504.jpg,0.49999999999975886,0.0,0.0,0.0,0.0,0.0,0.0,0.9999999999995177,0.49999999999975886
RipVIS-NR-024_00510.jpg,0.49999999999975886,0.0,0.0,0.0,0.0,0.0,0.0,0.9999999999995177,0.49999999999975886
RipVIS-NR-024_00516.jpg,0.49999999999975886,0.0,0.0,0.0,0.0,0.0,0.0,0.9999999999995177,0.49999999999975886
RipVIS-NR-024_00522.jpg,0.49999999999975886,0.0,0.0,0.0,0.0,0.0,0.0,0.9999999999995177,0.49999999999975886
RipVIS-NR-024_00528.jpg,0.49999999999975886,0.0,0.0,0.0,0.0,0.0,0.0,0.9999999999995177,0.49999999999975886
RipVIS-NR-024_00534.jpg,0.49999999999975886,0.0,0.0,0.0,0.0,0.0,0.0,0.9999999999995177,0.49999999999975886
RipVIS-NR-024_00540.jpg,0.49999999999975886,0.0,0.0,0.0,0.0,0.0,0.0,0.9999999999995177,0.49999999999975886
RipVIS-NR-024_00546.jpg,0.49999999999975886,0.0,0.0,0.0,0.0,0.0,0.0,0.9999999999995177,0.49999999999975886
RipVIS-NR-024_00552.jpg,0.49999999999975886,0.0,0.0,0.0,0.0,0.0,0.0,0.9999999999995177,0.49999999999975886
RipVIS-NR-024_00558.jpg,0.49999999999975886,0.0,0.0,0.0,0.0,0.0,0.0,0.9999999999995177,0.49999999999975886
RipVIS-NR-024_00564.jpg,0.49999999999975886,0.0,0.0,0.0,0.0,0.0,0.0,0.9999999999995177,0.49999999999975886
RipVIS-NR-024_00570.jpg,0.49999999999975886,0.0,0.0,0.0,0.0,0.0,0.0,0.9999999999995177,0.49999999999975886
RipVIS-NR-024_00576.jpg,0.49999999999975886,0.0,0.0,0.0,0.0,0.0,0.0,0.9999999999995177,0.49999999999975886
RipVIS-NR-024_00582.jpg,0.49999999999975886,0.0,0.0,0.0,0.0,0.0,0.0,0.9999999999995177,0.49999999999975886
RipVIS-NR-024_00588.jpg,0.49999999999975886,0.0,0.0,0.0,0.0,0.0,0.0,0.9999999999995177,0.49999999999975886
RipVIS-NR-024_00594.jpg,0.49999999999975886,0.0,0.0,0.0,0.0,0.0,0.0,0.9999999999995177,0.49999999999975886
RipVIS-NR-024_00600.jpg,0.49999999999975886,0.0,0.0,0.0,0.0,0.0,0.0,0.9999999999995177,0.49999999999975886
RipVIS-NR-024_00606.jpg,0.49999999999975886,0.0,0.0,0.0,0.0,0.0,0.0,0.9999999999995177,0.49999999999975886
RipVIS-NR-024_00612.jpg,0.49999999999975886,0.0,0.0,0.0,0.0,0.0,0.0,0.9999999999995177,0.49999999999975886
RipVIS-NR-024_00618.jpg,0.49999999999975886,0.0,0.0,0.0,0.0,0.0,0.0,0.9999999999995177,0.49999999999975886
RipVIS-NR-024_00624.jpg,0.49999999999975886,0.0,0.0,0.0,0.0,0.0,0.0,0.9999999999995177,0.49999999999975886
RipVIS-NR-024_00630.jpg,0.49999999999975886,0.0,0.0,0.0,0.0,0.0,0.0,0.9999999999995177,0.49999999999975886
RipVIS-NR-024_00636.jpg,0.49999999999975886,0.0,0.0,0.0,0.0,0.0,0.0,0.9999999999995177,0.49999999999975886
RipVIS-NR-024_00642.jpg,0.49999999999975886,0.0,0.0,0.0,0.0,0.0,0.0,0.9999999999995177,0.49999999999975886
RipVIS-NR-024_00648.jpg,0.49999999999975886,0.0,0.0,0.0,0.0,0.0,0.0,0.9999999999995177,0.49999999999975886
RipVIS-NR-024_00654.jpg,0.49999999999975886,0.0,0.0,0.0,0.0,0.0,0.0,0.9999999999995177,0.49999999999975886
RipVIS-NR-024_00660.jpg,0.49999999999975886,0.0,0.0,0.0,0.0,0.0,0.0,0.9999999999995177,0.49999999999975886
RipVIS-NR-024_00666.jpg,0.49999999999975886,0.0,0.0,0.0,0.0,0.0,0.0,0.9999999999995177,0.49999999999975886
RipVIS-NR-024_00672.jpg,0.49999999999975886,0.0,0.0,0.0,0.0,0.0,0.0,0.9999999999995177,0.49999999999975886
RipVIS-NR-024_00678.jpg,0.49999999999975886,0.0,0.0,0.0,0.0,0.0,0.0,0.9999999999995177,0.49999999999975886
RipVIS-NR-024_00684.jpg,0.49999999999975886,0.0,0.0,0.0,0.0,0.0,0.0,0.9999999999995177,0.49999999999975886
RipVIS-NR-024_00690.jpg,0.49999999999975886,0.0,0.0,0.0,0.0,0.0,0.0,0.9999999999995177,0.49999999999975886
RipVIS-NR-024_00696.jpg,0.49999999999975886,0.0,0.0,0.0,0.0,0.0,0.0,0.9999999999995177,0.49999999999975886
RipVIS-NR-024_00702.jpg,0.49999999999975886,0.0,0.0,0.0,0.0,0.0,0.0,0.9999999999995177,0.49999999999975886
RipVIS-NR-024_00708.jpg,0.49999999999975886,0.0,0.0,0.0,0.0,0.0,0.0,0.9999999999995177,0.49999999999975886
RipVIS-NR-024_00714.jpg,0.49999999999975886,0.0,0.0,0.0,0.0,0.0,0.0,0.9999999999995177,0.49999999999975886
RipVIS-NR-024_00720.jpg,0.49999999999975886,0.0,0.0,0.0,0.0,0.0,0.0,0.9999999999995177,0.49999999999975886
RipVIS-NR-024_00726.jpg,0.49999999999975886,0.0,0.0,0.0,0.0,0.0,0.0,0.9999999999995177,0.49999999999975886
RipVIS-NR-024_00732.jpg,0.49999999999975886,0.0,0.0,0.0,0.0,0.0,0.0,0.9999999999995177,0.49999999999975886
RipVIS-NR-024_00738.jpg,0.49999999999975886,0.0,0.0,0.0,0.0,0.0,0.0,0.9999999999995177,0.49999999999975886
RipVIS-NR-024_00744.jpg,0.49999999999975886,0.0,0.0,0.0,0.0,0.0,0.0,0.9999999999995177,0.49999999999975886
RipVIS-NR-024_00750.jpg,0.49999999999975886,0.0,0.0,0.0,0.0,0.0,0.0,0.9999999999995177,0.49999999999975886
RipVIS-NR-024_00756.jpg,0.49999999999975886,0.0,0.0,0.0,0.0,0.0,0.0,0.9999999999995177,0.49999999999975886
RipVIS-NR-024_00762.jpg,0.49999999999975886,0.0,0.0,0.0,0.0,0.0,0.0,0.9999999999995177,0.49999999999975886
RipVIS-NR-024_00768.jpg,0.49999999999975886,0.0,0.0,0.0,0.0,0.0,0.0,0.9999999999995177,0.49999999999975886
RipVIS-NR-024_00774.jpg,0.49999999999975886,0.0,0.0,0.0,0.0,0.0,0.0,0.9999999999995177,0.49999999999975886
RipVIS-NR-024_00780.jpg,0.49999999999975886,0.0,0.0,0.0,0.0,0.0,0.0,0.9999999999995177,0.49999999999975886
RipVIS-NR-024_00786.jpg,0.49999999999975886,0.0,0.0,0.0,0.0,0.0,0.0,0.9999999999995177,0.49999999999975886
RipVIS-NR-024_00792.jpg,0.49999999999975886,0.0,0.0,0.0,0.0,0.0,0.0,0.9999999999995177,0.49999999999975886
RipVIS-NR-024_00798.jpg,0.49999999999975886,0.0,0.0,0.0,0.0,0.0,0.0,0.9999999999995177,0.49999999999975886
RipVIS-NR-024_00804.jpg,0.49999999999975886,0.0,0.0,0.0,0.0,0.0,0.0,0.9999999999995177,0.49999999999975886
RipVIS-NR-024_00810.jpg,0.49999999999975886,0.0,0.0,0.0,0.0,0.0,0.0,0.9999999999995177,0.49999999999975886
RipVIS-NR-024_00816.jpg,0.49999999999975886,0.0,0.0,0.0,0.0,0.0,0.0,0.9999999999995177,0.49999999999975886
RipVIS-NR-024_00822.jpg,0.49999999999975886,0.0,0.0,0.0,0.0,0.0,0.0,0.9999999999995177,0.49999999999975886
RipVIS-NR-024_00828.jpg,0.49999999999975886,0.0,0.0,0.0,0.0,0.0,0.0,0.9999999999995177,0.49999999999975886
RipVIS-NR-024_00834.jpg,0.49999999999975886,0.0,0.0,0.0,0.0,0.0,0.0,0.9999999999995177,0.49999999999975886
RipVIS-NR-024_00840.jpg,0.49999999999975886,0.0,0.0,0.0,0.0,0.0,0.0,0.9999999999995177,0.49999999999975886
RipVIS-NR-024_00846.jpg,0.49999999999975886,0.0,0.0,0.0,0.0,0.0,0.0,0.9999999999995177,0.49999999999975886
RipVIS-NR-024_00852.jpg,0.49999999999975886,0.0,0.0,0.0,0.0,0.0,0.0,0.9999999999995177,0.49999999999975886
RipVIS-NR-024_00858.jpg,0.49999999999975886,0.0,0.0,0.0,0.0,0.0,0.0,0.9999999999995177,0.49999999999975886
RipVIS-NR-024_00864.jpg,0.49999999999975886,0.0,0.0,0.0,0.0,0.0,0.0,0.9999999999995177,0.49999999999975886
RipVIS-NR-024_00870.jpg,0.49999999999975886,0.0,0.0,0.0,0.0,0.0,0.0,0.9999999999995177,0.49999999999975886
RipVIS-NR-024_00876.jpg,0.49999999999975886,0.0,0.0,0.0,0.0,0.0,0.0,0.9999999999995177,0.49999999999975886
RipVIS-NR-024_00882.jpg,0.49999999999975886,0.0,0.0,0.0,0.0,0.0,0.0,0.9999999999995177,0.49999999999975886
RipVIS-NR-024_00888.jpg,0.49999999999975886,0.0,0.0,0.0,0.0,0.0,0.0,0.9999999999995177,0.49999999999975886
RipVIS-NR-024_00894.jpg,0.49999999999975886,0.0,0.0,0.0,0.0,0.0,0.0,0.9999999999995177,0.49999999999975886
RipVIS-NR-024_00900.jpg,0.49999999999975886,0.0,0.0,0.0,0.0,0.0,0.0,0.9999999999995177,0.49999999999975886
RipVIS-NR-024_00906.jpg,0.49999999999975886,0.0,0.0,0.0,0.0,0.0,0.0,0.9999999999995177,0.49999999999975886
RipVIS-NR-024_00912.jpg,0.49999999999975886,0.0,0.0,0.0,0.0,0.0,0.0,0.9999999999995177,0.49999999999975886
RipVIS-NR-024_00918.jpg,0.49999999999975886,0.0,0.0,0.0,0.0,0.0,0.0,0.9999999999995177,0.49999999999975886
RipVIS-NR-024_00924.jpg,0.49999999999975886,0.0,0.0,0.0,0.0,0.0,0.0,0.9999999999995177,0.49999999999975886
RipVIS-NR-024_00930.jpg,0.49999999999975886,0.0,0.0,0.0,0.0,0.0,0.0,0.9999999999995177,0.49999999999975886
RipVIS-NR-024_00936.jpg,0.49999999999975886,0.0,0.0,0.0,0.0,0.0,0.0,0.9999999999995177,0.49999999999975886
RipVIS-NR-024_00942.jpg,0.49999999999975886,0.0,0.0,0.0,0.0,0.0,0.0,0.9999999999995177,0.49999999999975886
RipVIS-NR-024_00948.jpg,0.49999999999975886,0.0,0.0,0.0,0.0,0.0,0.0,0.9999999999995177,0.49999999999975886
RipVIS-NR-024_00954.jpg,0.49999999999975886,0.0,0.0,0.0,0.0,0.0,0.0,0.9999999999995177,0.49999999999975886
RipVIS-NR-024_00960.jpg,0.49999999999975886,0.0,0.0,0.0,0.0,0.0,0.0,0.9999999999995177,0.49999999999975886
RipVIS-NR-024_00966.jpg,0.49999999999975886,0.0,0.0,0.0,0.0,0.0,0.0,0.9999999999995177,0.49999999999975886
RipVIS-NR-024_00972.jpg,0.49999999999975886,0.0,0.0,0.0,0.0,0.0,0.0,0.9999999999995177,0.49999999999975886
RipVIS-NR-024_00978.jpg,0.49999999999975886,0.0,0.0,0.0,0.0,0.0,0.0,0.9999999999995177,0.49999999999975886
RipVIS-NR-024_00984.jpg,0.49999999999975886,0.0,0.0,0.0,0.0,0.0,0.0,0.9999999999995177,0.49999999999975886
RipVIS-NR-024_00990.jpg,0.49999999999975886,0.0,0.0,0.0,0.0,0.0,0.0,0.9999999999995177,0.49999999999975886
RipVIS-NR-024_00996.jpg,0.49999999999975886,0.0,0.0,0.0,0.0,0.0,0.0,0.9999999999995177,0.49999999999975886
RipVIS-NR-024_01002.jpg,0.49999999999975886,0.0,0.0,0.0,0.0,0.0,0.0,0.9999999999995177,0.49999999999975886
RipVIS-NR-024_01008.jpg,0.49999999999975886,0.0,0.0,0.0,0.0,0.0,0.0,0.9999999999995177,0.49999999999975886
RipVIS-NR-024_01014.jpg,0.49999999999975886,0.0,0.0,0.0,0.0,0.0,0.0,0.9999999999995177,0.49999999999975886
RipVIS-NR-024_01020.jpg,0.49999999999975886,0.0,0.0,0.0,0.0,0.0,0.0,0.9999999999995177,0.49999999999975886
RipVIS-NR-024_01026.jpg,0.49999999999975886,0.0,0.0,0.0,0.0,0.0,0.0,0.9999999999995177,0.49999999999975886
RipVIS-NR-024_01032.jpg,0.49999999999975886,0.0,0.0,0.0,0.0,0.0,0.0,0.9999999999995177,0.49999999999975886
RipVIS-NR-024_01038.jpg,0.49999999999975886,0.0,0.0,0.0,0.0,0.0,0.0,0.9999999999995177,0.49999999999975886
RipVIS-NR-024_01044.jpg,0.49999999999975886,0.0,0.0,0.0,0.0,0.0,0.0,0.9999999999995177,0.49999999999975886
RipVIS-NR-024_01050.jpg,0.49999999999975886,0.0,0.0,0.0,0.0,0.0,0.0,0.9999999999995177,0.49999999999975886
RipVIS-NR-024_01056.jpg,0.49999999999975886,0.0,0.0,0.0,0.0,0.0,0.0,0.9999999999995177,0.49999999999975886
RipVIS-NR-024_01062.jpg,0.49999999999975886,0.0,0.0,0.0,0.0,0.0,0.0,0.9999999999995177,0.49999999999975886
RipVIS-NR-024_01068.jpg,0.49999999999975886,0.0,0.0,0.0,0.0,0.0,0.0,0.9999999999995177,0.49999999999975886
RipVIS-NR-024_01074.jpg,0.49999999999975886,0.0,0.0,0.0,0.0,0.0,0.0,0.9999999999995177,0.49999999999975886
RipVIS-NR-024_01080.jpg,0.49999999999975886,0.0,0.0,0.0,0.0,0.0,0.0,0.9999999999995177,0.49999999999975886
RipVIS-NR-024_01086.jpg,0.49999999999975886,0.0,0.0,0.0,0.0,0.0,0.0,0.9999999999995177,0.49999999999975886
RipVIS-NR-024_01092.jpg,0.49999999999975886,0.0,0.0,0.0,0.0,0.0,0.0,0.9999999999995177,0.49999999999975886
RipVIS-NR-024_01098.jpg,0.49999999999975886,0.0,0.0,0.0,0.0,0.0,0.0,0.9999999999995177,0.49999999999975886
RipVIS-NR-024_01104.jpg,0.49999999999975886,0.0,0.0,0.0,0.0,0.0,0.0,0.9999999999995177,0.49999999999975886
RipVIS-NR-024_01110.jpg,0.49999999999975886,0.0,0.0,0.0,0.0,0.0,0.0,0.9999999999995177,0.49999999999975886
RipVIS-NR-024_01116.jpg,0.49999999999975886,0.0,0.0,0.0,0.0,0.0,0.0,0.9999999999995177,0.49999999999975886
RipVIS-NR-024_01122.jpg,0.49999999999975886,0.0,0.0,0.0,0.0,0.0,0.0,0.9999999999995177,0.49999999999975886
RipVIS-NR-024_01128.jpg,0.49999999999975886,0.0,0.0,0.0,0.0,0.0,0.0,0.9999999999995177,0.49999999999975886
RipVIS-NR-024_01134.jpg,0.49999999999975886,0.0,0.0,0.0,0.0,0.0,0.0,0.9999999999995177,0.49999999999975886
RipVIS-NR-024_01140.jpg,0.49999999999975886,0.0,0.0,0.0,0.0,0.0,0.0,0.9999999999995177,0.49999999999975886
RipVIS-NR-024_01146.jpg,0.49999999999975886,0.0,0.0,0.0,0.0,0.0,0.0,0.9999999999995177,0.49999999999975886
RipVIS-NR-024_01152.jpg,0.49999999999975886,0.0,0.0,0.0,0.0,0.0,0.0,0.9999999999995177,0.49999999999975886
RipVIS-NR-024_01158.jpg,0.49999999999975886,0.0,0.0,0.0,0.0,0.0,0.0,0.9999999999995177,0.49999999999975886
RipVIS-NR-024_01164.jpg,0.49999999999975886,0.0,0.0,0.0,0.0,0.0,0.0,0.9999999999995177,0.49999999999975886
RipVIS-NR-024_01170.jpg,0.49999999999975886,0.0,0.0,0.0,0.0,0.0,0.0,0.9999999999995177,0.49999999999975886
RipVIS-NR-024_01176.jpg,0.49999999999975886,0.0,0.0,0.0,0.0,0.0,0.0,0.9999999999995177,0.49999999999975886
RipVIS-NR-024_01182.jpg,0.49999999999975886,0.0,0.0,0.0,0.0,0.0,0.0,0.9999999999995177,0.49999999999975886
RipVIS-NR-024_01188.jpg,0.49999999999975886,0.0,0.0,0.0,0.0,0.0,0.0,0.9999999999995177,0.49999999999975886
RipVIS-NR-024_01194.jpg,0.49999999999975886,0.0,0.0,0.0,0.0,0.0,0.0,0.9999999999995177,0.49999999999975886
RipVIS-NR-024_01200.jpg,0.49999999999975886,0.0,0.0,0.0,0.0,0.0,0.0,0.9999999999995177,0.49999999999975886
RipVIS-NR-024_01206.jpg,0.49999999999975886,0.0,0.0,0.0,0.0,0.0,0.0,0.9999999999995177,0.49999999999975886
RipVIS-NR-024_01212.jpg,0.49999999999975886,0.0,0.0,0.0,0.0,0.0,0.0,0.9999999999995177,0.49999999999975886
RipVIS-NR-024_01218.jpg,0.49999999999975886,0.0,0.0,0.0,0.0,0.0,0.0,0.9999999999995177,0.49999999999975886
RipVIS-NR-024_01224.jpg,0.49999999999975886,0.0,0.0,0.0,0.0,0.0,0.0,0.9999999999995177,0.49999999999975886
RipVIS-NR-024_01230.jpg,0.49999999999975886,0.0,0.0,0.0,0.0,0.0,0.0,0.9999999999995177,0.49999999999975886
RipVIS-NR-024_01236.jpg,0.49999999999975886,0.0,0.0,0.0,0.0,0.0,0.0,0.9999999999995177,0.49999999999975886
RipVIS-NR-024_01242.jpg,0.49999999999975886,0.0,0.0,0.0,0.0,0.0,0.0,0.9999999999995177,0.49999999999975886
RipVIS-NR-024_01248.jpg,0.49999999999975886,0.0,0.0,0.0,0.0,0.0,0.0,0.9999999999995177,0.49999999999975886
RipVIS-NR-024_01254.jpg,0.49999999999975886,0.0,0.0,0.0,0.0,0.0,0.0,0.9999999999995177,0.49999999999975886
RipVIS-NR-024_01260.jpg,0.49999999999975886,0.0,0.0,0.0,0.0,0.0,0.0,0.9999999999995177,0.49999999999975886
RipVIS-NR-024_01266.jpg,0.49999999999975886,0.0,0.0,0.0,0.0,0.0,0.0,0.9999999999995177,0.49999999999975886
RipVIS-NR-024_01272.jpg,0.49999999999975886,0.0,0.0,0.0,0.0,0.0,0.0,0.9999999999995177,0.49999999999975886
RipVIS-NR-024_01278.jpg,0.49999999999975886,0.0,0.0,0.0,0.0,0.0,0.0,0.9999999999995177,0.49999999999975886
RipVIS-NR-024_01284.jpg,0.49999999999975886,0.0,0.0,0.0,0.0,0.0,0.0,0.9999999999995177,0.49999999999975886
RipVIS-NR-024_01290.jpg,0.49999999999975886,0.0,0.0,0.0,0.0,0.0,0.0,0.9999999999995177,0.49999999999975886
RipVIS-NR-024_01296.jpg,0.49999999999975886,0.0,0.0,0.0,0.0,0.0,0.0,0.9999999999995177,0.49999999999975886
RipVIS-NR-024_01302.jpg,0.49999999999975886,0.0,0.0,0.0,0.0,0.0,0.0,0.9999999999995177,0.49999999999975886
RipVIS-NR-024_01308.jpg,0.49999999999975886,0.0,0.0,0.0,0.0,0.0,0.0,0.9999999999995177,0.49999999999975886
RipVIS-NR-024_01314.jpg,0.49999999999975886,0.0,0.0,0.0,0.0,0.0,0.0,0.9999999999995177,0.49999999999975886
RipVIS-NR-024_01320.jpg,0.49999999999975886,0.0,0.0,0.0,0.0,0.0,0.0,0.9999999999995177,0.49999999999975886
RipVIS-NR-024_01326.jpg,0.49999999999975886,0.0,0.0,0.0,0.0,0.0,0.0,0.9999999999995177,0.49999999999975886
RipVIS-NR-024_01332.jpg,0.49999999999975886,0.0,0.0,0.0,0.0,0.0,0.0,0.9999999999995177,0.49999999999975886
RipVIS-NR-024_01338.jpg,0.49999999999975886,0.0,0.0,0.0,0.0,0.0,0.0,0.9999999999995177,0.49999999999975886
RipVIS-NR-024_01344.jpg,0.49999999999975886,0.0,0.0,0.0,0.0,0.0,0.0,0.9999999999995177,0.49999999999975886
RipVIS-NR-024_01350.jpg,0.49999999999975886,0.0,0.0,0.0,0.0,0.0,0.0,0.9999999999995177,0.49999999999975886
RipVIS-NR-024_01356.jpg,0.49999999999975886,0.0,0.0,0.0,0.0,0.0,0.0,0.9999999999995177,0.49999999999975886
RipVIS-NR-024_01362.jpg,0.49999999999975886,0.0,0.0,0.0,0.0,0.0,0.0,0.9999999999995177,0.49999999999975886
RipVIS-NR-024_01368.jpg,0.49999999999975886,0.0,0.0,0.0,0.0,0.0,0.0,0.9999999999995177,0.49999999999975886
RipVIS-NR-024_01374.jpg,0.49999999999975886,0.0,0.0,0.0,0.0,0.0,0.0,0.9999999999995177,0.49999999999975886
RipVIS-NR-024_01380.jpg,0.49999999999975886,0.0,0.0,0.0,0.0,0.0,0.0,0.9999999999995177,0.49999999999975886
RipVIS-NR-024_01386.jpg,0.49999999999975886,0.0,0.0,0.0,0.0,0.0,0.0,0.9999999999995177,0.49999999999975886
RipVIS-NR-024_01392.jpg,0.49999999999975886,0.0,0.0,0.0,0.0,0.0,0.0,0.9999999999995177,0.49999999999975886
RipVIS-NR-024_01398.jpg,0.49999999999975886,0.0,0.0,0.0,0.0,0.0,0.0,0.9999999999995177,0.49999999999975886
RipVIS-NR-024_01404.jpg,0.49999999999975886,0.0,0.0,0.0,0.0,0.0,0.0,0.9999999999995177,0.49999999999975886
RipVIS-NR-024_01410.jpg,0.49999999999975886,0.0,0.0,0.0,0.0,0.0,0.0,0.9999999999995177,0.49999999999975886
RipVIS-NR-024_01416.jpg,0.49999999999975886,0.0,0.0,0.0,0.0,0.0,0.0,0.9999999999995177,0.49999999999975886
RipVIS-NR-024_01422.jpg,0.49999999999975886,0.0,0.0,0.0,0.0,0.0,0.0,0.9999999999995177,0.49999999999975886
RipVIS-NR-024_01428.jpg,0.49999999999975886,0.0,0.0,0.0,0.0,0.0,0.0,0.9999999999995177,0.49999999999975886
RipVIS-NR-024_01434.jpg,0.49999999999975886,0.0,0.0,0.0,0.0,0.0,0.0,0.9999999999995177,0.49999999999975886
RipVIS-NR-024_01440.jpg,0.49999999999975886,0.0,0.0,0.0,0.0,0.0,0.0,0.9999999999995177,0.49999999999975886
RipVIS-NR-024_01446.jpg,0.49999999999975886,0.0,0.0,0.0,0.0,0.0,0.0,0.9999999999995177,0.49999999999975886
RipVIS-NR-024_01452.jpg,0.49999999999975886,0.0,0.0,0.0,0.0,0.0,0.0,0.9999999999995177,0.49999999999975886
RipVIS-NR-024_01458.jpg,0.49999999999975886,0.0,0.0,0.0,0.0,0.0,0.0,0.9999999999995177,0.49999999999975886
RipVIS-NR-024_01464.jpg,0.49999999999975886,0.0,0.0,0.0,0.0,0.0,0.0,0.9999999999995177,0.49999999999975886
RipVIS-NR-024_01470.jpg,0.49999999999975886,0.0,0.0,0.0,0.0,0.0,0.0,0.9999999999995177,0.49999999999975886
RipVIS-NR-024_01476.jpg,0.49999999999975886,0.0,0.0,0.0,0.0,0.0,0.0,0.9999999999995177,0.49999999999975886
RipVIS-NR-024_01482.jpg,0.49999999999975886,0.0,0.0,0.0,0.0,0.0,0.0,0.9999999999995177,0.49999999999975886
RipVIS-NR-024_01488.jpg,0.49999999999975886,0.0,0.0,0.0,0.0,0.0,0.0,0.9999999999995177,0.49999999999975886
RipVIS-NR-024_01494.jpg,0.49999999999975886,0.0,0.0,0.0,0.0,0.0,0.0,0.9999999999995177,0.49999999999975886
RipVIS-NR-024_01500.jpg,0.49999999999975886,0.0,0.0,0.0,0.0,0.0,0.0,0.9999999999995177,0.49999999999975886
RipVIS-NR-024_01506.jpg,0.49999999999975886,0.0,0.0,0.0,0.0,0.0,0.0,0.9999999999995177,0.49999999999975886
RipVIS-NR-024_01512.jpg,0.49999999999975886,0.0,0.0,0.0,0.0,0.0,0.0,0.9999999999995177,0.49999999999975886
RipVIS-NR-024_01518.jpg,0.49999999999975886,0.0,0.0,0.0,0.0,0.0,0.0,0.9999999999995177,0.49999999999975886
RipVIS-NR-024_01524.jpg,0.49999999999975886,0.0,0.0,0.0,0.0,0.0,0.0,0.9999999999995177,0.49999999999975886
RipVIS-NR-024_01530.jpg,0.49999999999975886,0.0,0.0,0.0,0.0,0.0,0.0,0.9999999999995177,0.49999999999975886
RipVIS-NR-024_01536.jpg,0.49999999999975886,0.0,0.0,0.0,0.0,0.0,0.0,0.9999999999995177,0.49999999999975886
RipVIS-NR-024_01542.jpg,0.49999999999975886,0.0,0.0,0.0,0.0,0.0,0.0,0.9999999999995177,0.49999999999975886
RipVIS-NR-024_01548.jpg,0.49999999999975886,0.0,0.0,0.0,0.0,0.0,0.0,0.9999999999995177,0.49999999999975886
RipVIS-NR-024_01554.jpg,0.49999999999975886,0.0,0.0,0.0,0.0,0.0,0.0,0.9999999999995177,0.49999999999975886
RipVIS-NR-024_01560.jpg,0.49999999999975886,0.0,0.0,0.0,0.0,0.0,0.0,0.9999999999995177,0.49999999999975886
RipVIS-NR-024_01566.jpg,0.49999999999975886,0.0,0.0,0.0,0.0,0.0,0.0,0.9999999999995177,0.49999999999975886
RipVIS-NR-024_01572.jpg,0.49999999999975886,0.0,0.0,0.0,0.0,0.0,0.0,0.9999999999995177,0.49999999999975886
RipVIS-NR-024_01578.jpg,0.49999999999975886,0.0,0.0,0.0,0.0,0.0,0.0,0.9999999999995177,0.49999999999975886
RipVIS-NR-024_01584.jpg,0.49999999999975886,0.0,0.0,0.0,0.0,0.0,0.0,0.9999999999995177,0.49999999999975886
RipVIS-NR-024_01590.jpg,0.49999999999975886,0.0,0.0,0.0,0.0,0.0,0.0,0.9999999999995177,0.49999999999975886
RipVIS-NR-024_01596.jpg,0.49999999999975886,0.0,0.0,0.0,0.0,0.0,0.0,0.9999999999995177,0.49999999999975886
RipVIS-NR-024_01602.jpg,0.49999999999975886,0.0,0.0,0.0,0.0,0.0,0.0,0.9999999999995177,0.49999999999975886
RipVIS-NR-024_01608.jpg,0.49999999999975886,0.0,0.0,0.0,0.0,0.0,0.0,0.9999999999995177,0.49999999999975886
RipVIS-NR-024_01614.jpg,0.49999999999975886,0.0,0.0,0.0,0.0,0.0,0.0,0.9999999999995177,0.49999999999975886
RipVIS-NR-024_01620.jpg,0.49999999999975886,0.0,0.0,0.0,0.0,0.0,0.0,0.9999999999995177,0.49999999999975886
RipVIS-NR-024_01626.jpg,0.49999999999975886,0.0,0.0,0.0,0.0,0.0,0.0,0.9999999999995177,0.49999999999975886
RipVIS-NR-024_01632.jpg,0.49999999999975886,0.0,0.0,0.0,0.0,0.0,0.0,0.9999999999995177,0.49999999999975886
RipVIS-NR-024_01638.jpg,0.49999999999975886,0.0,0.0,0.0,0.0,0.0,0.0,0.9999999999995177,0.49999999999975886
RipVIS-NR-024_01644.jpg,0.49999999999975886,0.0,0.0,0.0,0.0,0.0,0.0,0.9999999999995177,0.49999999999975886
RipVIS-NR-024_01650.jpg,0.49999999999975886,0.0,0.0,0.0,0.0,0.0,0.0,0.9999999999995177,0.49999999999975886
RipVIS-NR-024_01656.jpg,0.49999999999975886,0.0,0.0,0.0,0.0,0.0,0.0,0.9999999999995177,0.49999999999975886
RipVIS-NR-024_01662.jpg,0.49999999999975886,0.0,0.0,0.0,0.0,0.0,0.0,0.9999999999995177,0.49999999999975886
RipVIS-NR-024_01668.jpg,0.49999999999975886,0.0,0.0,0.0,0.0,0.0,0.0,0.9999999999995177,0.49999999999975886
RipVIS-NR-024_01674.jpg,0.49999999999975886,0.0,0.0,0.0,0.0,0.0,0.0,0.9999999999995177,0.49999999999975886
RipVIS-NR-024_01680.jpg,0.49999999999975886,0.0,0.0,0.0,0.0,0.0,0.0,0.9999999999995177,0.49999999999975886
RipVIS-NR-024_01686.jpg,0.49999999999975886,0.0,0.0,0.0,0.0,0.0,0.0,0.9999999999995177,0.49999999999975886
RipVIS-NR-024_01692.jpg,0.49999999999975886,0.0,0.0,0.0,0.0,0.0,0.0,0.9999999999995177,0.49999999999975886
RipVIS-NR-024_01698.jpg,0.49999999999975886,0.0,0.0,0.0,0.0,0.0,0.0,0.9999999999995177,0.49999999999975886
RipVIS-NR-024_01704.jpg,0.49999999999975886,0.0,0.0,0.0,0.0,0.0,0.0,0.9999999999995177,0.49999999999975886
RipVIS-NR-024_01710.jpg,0.49999999999975886,0.0,0.0,0.0,0.0,0.0,0.0,0.9999999999995177,0.49999999999975886
RipVIS-NR-024_01716.jpg,0.49999999999975886,0.0,0.0,0.0,0.0,0.0,0.0,0.9999999999995177,0.49999999999975886
RipVIS-NR-024_01722.jpg,0.49999999999975886,0.0,0.0,0.0,0.0,0.0,0.0,0.9999999999995177,0.49999999999975886
RipVIS-NR-024_01728.jpg,0.49999999999975886,0.0,0.0,0.0,0.0,0.0,0.0,0.9999999999995177,0.49999999999975886
RipVIS-NR-024_01734.jpg,0.49999999999975886,0.0,0.0,0.0,0.0,0.0,0.0,0.9999999999995177,0.49999999999975886
RipVIS-NR-024_01740.jpg,0.49999999999975886,0.0,0.0,0.0,0.0,0.0,0.0,0.9999999999995177,0.49999999999975886
RipVIS-NR-024_01746.jpg,0.49999999999975886,0.0,0.0,0.0,0.0,0.0,0.0,0.9999999999995177,0.49999999999975886
RipVIS-NR-024_01752.jpg,0.49999999999975886,0.0,0.0,0.0,0.0,0.0,0.0,0.9999999999995177,0.49999999999975886
RipVIS-NR-024_01758.jpg,0.49999999999975886,0.0,0.0,0.0,0.0,0.0,0.0,0.9999999999995177,0.49999999999975886
RipVIS-NR-024_01764.jpg,0.49999999999975886,0.0,0.0,0.0,0.0,0.0,0.0,0.9999999999995177,0.49999999999975886
RipVIS-NR-024_01770.jpg,0.49999999999975886,0.0,0.0,0.0,0.0,0.0,0.0,0.9999999999995177,0.49999999999975886
RipVIS-NR-024_01776.jpg,0.49999999999975886,0.0,0.0,0.0,0.0,0.0,0.0,0.9999999999995177,0.49999999999975886
RipVIS-NR-024_01782.jpg,0.49999999999975886,0.0,0.0,0.0,0.0,0.0,0.0,0.9999999999995177,0.49999999999975886
RipVIS-NR-024_01788.jpg,0.49999999999975886,0.0,0.0,0.0,0.0,0.0,0.0,0.9999999999995177,0.49999999999975886
RipVIS-NR-024_01794.jpg,0.49999999999975886,0.0,0.0,0.0,0.0,0.0,0.0,0.9999999999995177,0.49999999999975886
RipVIS-NR-024_01800.jpg,0.49999999999975886,0.0,0.0,0.0,0.0,0.0,0.0,0.9999999999995177,0.49999999999975886
RipVIS-NR-024_01806.jpg,0.49999999999975886,0.0,0.0,0.0,0.0,0.0,0.0,0.9999999999995177,0.49999999999975886
RipVIS-NR-024_01812.jpg,0.49999999999975886,0.0,0.0,0.0,0.0,0.0,0.0,0.9999999999995177,0.49999999999975886
RipVIS-NR-026_00000.jpg,0.49999999999975886,0.0,0.0,0.0,0.0,0.0,0.0,0.9999999999995177,0.49999999999975886
RipVIS-NR-026_00006.jpg,0.49999999999975886,0.0,0.0,0.0,0.0,0.0,0.0,0.9999999999995177,0.49999999999975886
RipVIS-NR-026_00012.jpg,0.49999999999975886,0.0,0.0,0.0,0.0,0.0,0.0,0.9999999999995177,0.49999999999975886
RipVIS-NR-026_00018.jpg,0.49999999999975886,0.0,0.0,0.0,0.0,0.0,0.0,0.9999999999995177,0.49999999999975886
RipVIS-NR-026_00024.jpg,0.49999999999975886,0.0,0.0,0.0,0.0,0.0,0.0,0.9999999999995177,0.49999999999975886
RipVIS-NR-026_00030.jpg,0.49999999999975886,0.0,0.0,0.0,0.0,0.0,0.0,0.9999999999995177,0.49999999999975886
RipVIS-NR-026_00036.jpg,0.49999999999975886,0.0,0.0,0.0,0.0,0.0,0.0,0.9999999999995177,0.49999999999975886
RipVIS-NR-026_00042.jpg,0.49999999999975886,0.0,0.0,0.0,0.0,0.0,0.0,0.9999999999995177,0.49999999999975886
RipVIS-NR-026_00048.jpg,0.49999999999975886,0.0,0.0,0.0,0.0,0.0,0.0,0.9999999999995177,0.49999999999975886
RipVIS-NR-026_00054.jpg,0.49999999999975886,0.0,0.0,0.0,0.0,0.0,0.0,0.9999999999995177,0.49999999999975886
RipVIS-NR-026_00060.jpg,0.49999999999975886,0.0,0.0,0.0,0.0,0.0,0.0,0.9999999999995177,0.49999999999975886
RipVIS-NR-026_00066.jpg,0.49999999999975886,0.0,0.0,0.0,0.0,0.0,0.0,0.9999999999995177,0.49999999999975886
RipVIS-NR-026_00072.jpg,0.49999999999975886,0.0,0.0,0.0,0.0,0.0,0.0,0.9999999999995177,0.49999999999975886
RipVIS-NR-026_00078.jpg,0.49999999999975886,0.0,0.0,0.0,0.0,0.0,0.0,0.9999999999995177,0.49999999999975886
RipVIS-NR-026_00084.jpg,0.49999999999975886,0.0,0.0,0.0,0.0,0.0,0.0,0.9999999999995177,0.49999999999975886
RipVIS-NR-026_00090.jpg,0.49999999999975886,0.0,0.0,0.0,0.0,0.0,0.0,0.9999999999995177,0.49999999999975886
RipVIS-NR-026_00096.jpg,0.49999999999975886,0.0,0.0,0.0,0.0,0.0,0.0,0.9999999999995177,0.49999999999975886
RipVIS-NR-026_00102.jpg,0.49999999999975886,0.0,0.0,0.0,0.0,0.0,0.0,0.9999999999995177,0.49999999999975886
RipVIS-NR-026_00108.jpg,0.49999999999975886,0.0,0.0,0.0,0.0,0.0,0.0,0.9999999999995177,0.49999999999975886
RipVIS-NR-026_00114.jpg,0.49999999999975886,0.0,0.0,0.0,0.0,0.0,0.0,0.9999999999995177,0.49999999999975886
RipVIS-NR-026_00120.jpg,0.49999999999975886,0.0,0.0,0.0,0.0,0.0,0.0,0.9999999999995177,0.49999999999975886
RipVIS-NR-026_00126.jpg,0.49999999999975886,0.0,0.0,0.0,0.0,0.0,0.0,0.9999999999995177,0.49999999999975886
RipVIS-NR-026_00132.jpg,0.49999999999975886,0.0,0.0,0.0,0.0,0.0,0.0,0.9999999999995177,0.49999999999975886
RipVIS-NR-026_00138.jpg,0.49999999999975886,0.0,0.0,0.0,0.0,0.0,0.0,0.9999999999995177,0.49999999999975886
RipVIS-NR-026_00144.jpg,0.49999999999975886,0.0,0.0,0.0,0.0,0.0,0.0,0.9999999999995177,0.49999999999975886
RipVIS-NR-026_00150.jpg,0.49999999999975886,0.0,0.0,0.0,0.0,0.0,0.0,0.9999999999995177,0.49999999999975886
RipVIS-NR-026_00156.jpg,0.49999999999975886,0.0,0.0,0.0,0.0,0.0,0.0,0.9999999999995177,0.49999999999975886
RipVIS-NR-026_00162.jpg,0.49999999999975886,0.0,0.0,0.0,0.0,0.0,0.0,0.9999999999995177,0.49999999999975886
RipVIS-NR-026_00168.jpg,0.49999999999975886,0.0,0.0,0.0,0.0,0.0,0.0,0.9999999999995177,0.49999999999975886
RipVIS-NR-026_00174.jpg,0.49999999999975886,0.0,0.0,0.0,0.0,0.0,0.0,0.9999999999995177,0.49999999999975886
RipVIS-NR-026_00180.jpg,0.49999999999975886,0.0,0.0,0.0,0.0,0.0,0.0,0.9999999999995177,0.49999999999975886
RipVIS-NR-026_00186.jpg,0.49999999999975886,0.0,0.0,0.0,0.0,0.0,0.0,0.9999999999995177,0.49999999999975886
RipVIS-NR-026_00192.jpg,0.49999999999975886,0.0,0.0,0.0,0.0,0.0,0.0,0.9999999999995177,0.49999999999975886
RipVIS-NR-026_00198.jpg,0.49999999999975886,0.0,0.0,0.0,0.0,0.0,0.0,0.9999999999995177,0.49999999999975886
RipVIS-NR-026_00204.jpg,0.49999999999975886,0.0,0.0,0.0,0.0,0.0,0.0,0.9999999999995177,0.49999999999975886
RipVIS-NR-026_00210.jpg,0.49999999999975886,0.0,0.0,0.0,0.0,0.0,0.0,0.9999999999995177,0.49999999999975886
RipVIS-NR-026_00216.jpg,0.49999999999975886,0.0,0.0,0.0,0.0,0.0,0.0,0.9999999999995177,0.49999999999975886
RipVIS-NR-026_00222.jpg,0.49999999999975886,0.0,0.0,0.0,0.0,0.0,0.0,0.9999999999995177,0.49999999999975886
RipVIS-NR-026_00228.jpg,0.49999999999975886,0.0,0.0,0.0,0.0,0.0,0.0,0.9999999999995177,0.49999999999975886
RipVIS-NR-026_00234.jpg,0.49999999999975886,0.0,0.0,0.0,0.0,0.0,0.0,0.9999999999995177,0.49999999999975886
RipVIS-NR-026_00240.jpg,0.49999999999975886,0.0,0.0,0.0,0.0,0.0,0.0,0.9999999999995177,0.49999999999975886
RipVIS-NR-026_00246.jpg,0.49999999999975886,0.0,0.0,0.0,0.0,0.0,0.0,0.9999999999995177,0.49999999999975886
RipVIS-NR-026_00252.jpg,0.49999999999975886,0.0,0.0,0.0,0.0,0.0,0.0,0.9999999999995177,0.49999999999975886
RipVIS-NR-026_00258.jpg,0.49999999999975886,0.0,0.0,0.0,0.0,0.0,0.0,0.9999999999995177,0.49999999999975886
RipVIS-NR-026_00264.jpg,0.49999999999975886,0.0,0.0,0.0,0.0,0.0,0.0,0.9999999999995177,0.49999999999975886
RipVIS-NR-026_00270.jpg,0.49999999999975886,0.0,0.0,0.0,0.0,0.0,0.0,0.9999999999995177,0.49999999999975886
RipVIS-NR-026_00276.jpg,0.49999999999975886,0.0,0.0,0.0,0.0,0.0,0.0,0.9999999999995177,0.49999999999975886
RipVIS-NR-026_00282.jpg,0.49999999999975886,0.0,0.0,0.0,0.0,0.0,0.0,0.9999999999995177,0.49999999999975886
RipVIS-NR-026_00288.jpg,0.49999999999975886,0.0,0.0,0.0,0.0,0.0,0.0,0.9999999999995177,0.49999999999975886
RipVIS-NR-026_00294.jpg,0.49999999999975886,0.0,0.0,0.0,0.0,0.0,0.0,0.9999999999995177,0.49999999999975886
RipVIS-NR-026_00300.jpg,0.49999999999975886,0.0,0.0,0.0,0.0,0.0,0.0,0.9999999999995177,0.49999999999975886
RipVIS-NR-026_00306.jpg,0.49999999999975886,0.0,0.0,0.0,0.0,0.0,0.0,0.9999999999995177,0.49999999999975886
RipVIS-NR-026_00312.jpg,0.49999999999975886,0.0,0.0,0.0,0.0,0.0,0.0,0.9999999999995177,0.49999999999975886
RipVIS-NR-026_00318.jpg,0.49999999999975886,0.0,0.0,0.0,0.0,0.0,0.0,0.9999999999995177,0.49999999999975886
RipVIS-NR-026_00324.jpg,0.49999999999975886,0.0,0.0,0.0,0.0,0.0,0.0,0.9999999999995177,0.49999999999975886
RipVIS-NR-026_00330.jpg,0.49999999999975886,0.0,0.0,0.0,0.0,0.0,0.0,0.9999999999995177,0.49999999999975886
RipVIS-NR-026_00336.jpg,0.49999999999975886,0.0,0.0,0.0,0.0,0.0,0.0,0.9999999999995177,0.49999999999975886
RipVIS-NR-026_00342.jpg,0.49999999999975886,0.0,0.0,0.0,0.0,0.0,0.0,0.9999999999995177,0.49999999999975886
RipVIS-NR-026_00348.jpg,0.49999999999975886,0.0,0.0,0.0,0.0,0.0,0.0,0.9999999999995177,0.49999999999975886
RipVIS-NR-026_00354.jpg,0.49999999999975886,0.0,0.0,0.0,0.0,0.0,0.0,0.9999999999995177,0.49999999999975886
RipVIS-NR-026_00360.jpg,0.49999999999975886,0.0,0.0,0.0,0.0,0.0,0.0,0.9999999999995177,0.49999999999975886
RipVIS-NR-026_00366.jpg,0.49999999999975886,0.0,0.0,0.0,0.0,0.0,0.0,0.9999999999995177,0.49999999999975886
RipVIS-NR-026_00372.jpg,0.49999999999975886,0.0,0.0,0.0,0.0,0.0,0.0,0.9999999999995177,0.49999999999975886
RipVIS-NR-026_00378.jpg,0.49999999999975886,0.0,0.0,0.0,0.0,0.0,0.0,0.9999999999995177,0.49999999999975886
RipVIS-NR-026_00384.jpg,0.49999999999975886,0.0,0.0,0.0,0.0,0.0,0.0,0.9999999999995177,0.49999999999975886
RipVIS-NR-026_00390.jpg,0.49999999999975886,0.0,0.0,0.0,0.0,0.0,0.0,0.9999999999995177,0.49999999999975886
RipVIS-NR-026_00396.jpg,0.49999999999975886,0.0,0.0,0.0,0.0,0.0,0.0,0.9999999999995177,0.49999999999975886
RipVIS-NR-026_00402.jpg,0.49999999999975886,0.0,0.0,0.0,0.0,0.0,0.0,0.9999999999995177,0.49999999999975886
RipVIS-NR-026_00408.jpg,0.49999999999975886,0.0,0.0,0.0,0.0,0.0,0.0,0.9999999999995177,0.49999999999975886
RipVIS-NR-026_00414.jpg,0.49999999999975886,0.0,0.0,0.0,0.0,0.0,0.0,0.9999999999995177,0.49999999999975886
RipVIS-NR-026_00420.jpg,0.49999999999975886,0.0,0.0,0.0,0.0,0.0,0.0,0.9999999999995177,0.49999999999975886
RipVIS-NR-026_00426.jpg,0.49999999999975886,0.0,0.0,0.0,0.0,0.0,0.0,0.9999999999995177,0.49999999999975886
RipVIS-NR-026_00432.jpg,0.49999999999975886,0.0,0.0,0.0,0.0,0.0,0.0,0.9999999999995177,0.49999999999975886
RipVIS-NR-026_00438.jpg,0.49999999999975886,0.0,0.0,0.0,0.0,0.0,0.0,0.9999999999995177,0.49999999999975886
RipVIS-NR-026_00444.jpg,0.49999999999975886,0.0,0.0,0.0,0.0,0.0,0.0,0.9999999999995177,0.49999999999975886
RipVIS-NR-026_00450.jpg,0.49999999999975886,0.0,0.0,0.0,0.0,0.0,0.0,0.9999999999995177,0.49999999999975886
RipVIS-NR-026_00456.jpg,0.49999999999975886,0.0,0.0,0.0,0.0,0.0,0.0,0.9999999999995177,0.49999999999975886
RipVIS-NR-026_00462.jpg,0.49999999999975886,0.0,0.0,0.0,0.0,0.0,0.0,0.9999999999995177,0.49999999999975886
RipVIS-NR-026_00468.jpg,0.49999999999975886,0.0,0.0,0.0,0.0,0.0,0.0,0.9999999999995177,0.49999999999975886
RipVIS-NR-026_00474.jpg,0.49999999999975886,0.0,0.0,0.0,0.0,0.0,0.0,0.9999999999995177,0.49999999999975886
RipVIS-NR-026_00480.jpg,0.49999999999975886,0.0,0.0,0.0,0.0,0.0,0.0,0.9999999999995177,0.49999999999975886
RipVIS-NR-026_00486.jpg,0.49999999999975886,0.0,0.0,0.0,0.0,0.0,0.0,0.9999999999995177,0.49999999999975886
RipVIS-NR-026_00492.jpg,0.49999999999975886,0.0,0.0,0.0,0.0,0.0,0.0,0.9999999999995177,0.49999999999975886
RipVIS-NR-026_00498.jpg,0.49999999999975886,0.0,0.0,0.0,0.0,0.0,0.0,0.9999999999995177,0.49999999999975886
RipVIS-NR-026_00504.jpg,0.49999999999975886,0.0,0.0,0.0,0.0,0.0,0.0,0.9999999999995177,0.49999999999975886
RipVIS-NR-026_00510.jpg,0.49999999999975886,0.0,0.0,0.0,0.0,0.0,0.0,0.9999999999995177,0.49999999999975886
RipVIS-NR-026_00516.jpg,0.49999999999975886,0.0,0.0,0.0,0.0,0.0,0.0,0.9999999999995177,0.49999999999975886
RipVIS-NR-026_00522.jpg,0.49999999999975886,0.0,0.0,0.0,0.0,0.0,0.0,0.9999999999995177,0.49999999999975886
RipVIS-NR-026_00528.jpg,0.49999999999975886,0.0,0.0,0.0,0.0,0.0,0.0,0.9999999999995177,0.49999999999975886
RipVIS-NR-026_00534.jpg,0.49999999999975886,0.0,0.0,0.0,0.0,0.0,0.0,0.9999999999995177,0.49999999999975886
RipVIS-NR-026_00540.jpg,0.49999999999975886,0.0,0.0,0.0,0.0,0.0,0.0,0.9999999999995177,0.49999999999975886
RipVIS-NR-026_00546.jpg,0.49999999999975886,0.0,0.0,0.0,0.0,0.0,0.0,0.9999999999995177,0.49999999999975886
RipVIS-NR-026_00552.jpg,0.49999999999975886,0.0,0.0,0.0,0.0,0.0,0.0,0.9999999999995177,0.49999999999975886
RipVIS-NR-026_00558.jpg,0.49999999999975886,0.0,0.0,0.0,0.0,0.0,0.0,0.9999999999995177,0.49999999999975886
RipVIS-NR-026_00564.jpg,0.49999999999975886,0.0,0.0,0.0,0.0,0.0,0.0,0.9999999999995177,0.49999999999975886
RipVIS-NR-026_00570.jpg,0.49999999999975886,0.0,0.0,0.0,0.0,0.0,0.0,0.9999999999995177,0.49999999999975886
RipVIS-NR-026_00576.jpg,0.49999999999975886,0.0,0.0,0.0,0.0,0.0,0.0,0.9999999999995177,0.49999999999975886
RipVIS-NR-026_00582.jpg,0.49999999999975886,0.0,0.0,0.0,0.0,0.0,0.0,0.9999999999995177,0.49999999999975886
RipVIS-NR-026_00588.jpg,0.49999999999975886,0.0,0.0,0.0,0.0,0.0,0.0,0.9999999999995177,0.49999999999975886
RipVIS-NR-026_00594.jpg,0.49999999999975886,0.0,0.0,0.0,0.0,0.0,0.0,0.9999999999995177,0.49999999999975886
RipVIS-NR-026_00600.jpg,0.49999999999975886,0.0,0.0,0.0,0.0,0.0,0.0,0.9999999999995177,0.49999999999975886
RipVIS-NR-026_00606.jpg,0.49999999999975886,0.0,0.0,0.0,0.0,0.0,0.0,0.9999999999995177,0.49999999999975886
RipVIS-NR-026_00612.jpg,0.49999999999975886,0.0,0.0,0.0,0.0,0.0,0.0,0.9999999999995177,0.49999999999975886
RipVIS-NR-026_00618.jpg,0.49999999999975886,0.0,0.0,0.0,0.0,0.0,0.0,0.9999999999995177,0.49999999999975886
RipVIS-NR-026_00624.jpg,0.49999999999975886,0.0,0.0,0.0,0.0,0.0,0.0,0.9999999999995177,0.49999999999975886
RipVIS-NR-026_00630.jpg,0.49999999999975886,0.0,0.0,0.0,0.0,0.0,0.0,0.9999999999995177,0.49999999999975886
RipVIS-NR-026_00636.jpg,0.49999999999975886,0.0,0.0,0.0,0.0,0.0,0.0,0.9999999999995177,0.49999999999975886
RipVIS-NR-026_00642.jpg,0.49999999999975886,0.0,0.0,0.0,0.0,0.0,0.0,0.9999999999995177,0.49999999999975886
RipVIS-NR-026_00648.jpg,0.49999999999975886,0.0,0.0,0.0,0.0,0.0,0.0,0.9999999999995177,0.49999999999975886
RipVIS-NR-026_00654.jpg,0.49999999999975886,0.0,0.0,0.0,0.0,0.0,0.0,0.9999999999995177,0.49999999999975886
RipVIS-NR-026_00660.jpg,0.49999999999975886,0.0,0.0,0.0,0.0,0.0,0.0,0.9999999999995177,0.49999999999975886
RipVIS-NR-026_00666.jpg,0.49999999999975886,0.0,0.0,0.0,0.0,0.0,0.0,0.9999999999995177,0.49999999999975886
RipVIS-NR-026_00672.jpg,0.49999999999975886,0.0,0.0,0.0,0.0,0.0,0.0,0.9999999999995177,0.49999999999975886
RipVIS-NR-026_00678.jpg,0.49999999999975886,0.0,0.0,0.0,0.0,0.0,0.0,0.9999999999995177,0.49999999999975886
RipVIS-NR-026_00684.jpg,0.49999999999975886,0.0,0.0,0.0,0.0,0.0,0.0,0.9999999999995177,0.49999999999975886
RipVIS-NR-026_00690.jpg,0.49999999999975886,0.0,0.0,0.0,0.0,0.0,0.0,0.9999999999995177,0.49999999999975886
RipVIS-NR-026_00696.jpg,0.49999999999975886,0.0,0.0,0.0,0.0,0.0,0.0,0.9999999999995177,0.49999999999975886
RipVIS-NR-026_00702.jpg,0.49999999999975886,0.0,0.0,0.0,0.0,0.0,0.0,0.9999999999995177,0.49999999999975886
RipVIS-NR-026_00708.jpg,0.49999999999975886,0.0,0.0,0.0,0.0,0.0,0.0,0.9999999999995177,0.49999999999975886
RipVIS-NR-026_00714.jpg,0.49999999999975886,0.0,0.0,0.0,0.0,0.0,0.0,0.9999999999995177,0.49999999999975886
RipVIS-NR-026_00720.jpg,0.49999999999975886,0.0,0.0,0.0,0.0,0.0,0.0,0.9999999999995177,0.49999999999975886
RipVIS-NR-026_00726.jpg,0.49999999999975886,0.0,0.0,0.0,0.0,0.0,0.0,0.9999999999995177,0.49999999999975886
RipVIS-NR-026_00732.jpg,0.49999999999975886,0.0,0.0,0.0,0.0,0.0,0.0,0.9999999999995177,0.49999999999975886
RipVIS-NR-026_00738.jpg,0.49999999999975886,0.0,0.0,0.0,0.0,0.0,0.0,0.9999999999995177,0.49999999999975886
RipVIS-NR-026_00744.jpg,0.49999999999975886,0.0,0.0,0.0,0.0,0.0,0.0,0.9999999999995177,0.49999999999975886
RipVIS-NR-026_00750.jpg,0.49999999999975886,0.0,0.0,0.0,0.0,0.0,0.0,0.9999999999995177,0.49999999999975886
RipVIS-NR-026_00756.jpg,0.49999999999975886,0.0,0.0,0.0,0.0,0.0,0.0,0.9999999999995177,0.49999999999975886
RipVIS-NR-026_00762.jpg,0.49999999999975886,0.0,0.0,0.0,0.0,0.0,0.0,0.9999999999995177,0.49999999999975886
RipVIS-NR-026_00768.jpg,0.49999999999975886,0.0,0.0,0.0,0.0,0.0,0.0,0.9999999999995177,0.49999999999975886
RipVIS-NR-026_00774.jpg,0.49999999999975886,0.0,0.0,0.0,0.0,0.0,0.0,0.9999999999995177,0.49999999999975886
RipVIS-NR-026_00780.jpg,0.49999999999975886,0.0,0.0,0.0,0.0,0.0,0.0,0.9999999999995177,0.49999999999975886
RipVIS-NR-026_00786.jpg,0.49999999999975886,0.0,0.0,0.0,0.0,0.0,0.0,0.9999999999995177,0.49999999999975886
RipVIS-NR-026_00792.jpg,0.49999999999975886,0.0,0.0,0.0,0.0,0.0,0.0,0.9999999999995177,0.49999999999975886
RipVIS-NR-026_00798.jpg,0.49999999999975886,0.0,0.0,0.0,0.0,0.0,0.0,0.9999999999995177,0.49999999999975886
RipVIS-NR-026_00804.jpg,0.49999999999975886,0.0,0.0,0.0,0.0,0.0,0.0,0.9999999999995177,0.49999999999975886
RipVIS-NR-026_00810.jpg,0.49999999999975886,0.0,0.0,0.0,0.0,0.0,0.0,0.9999999999995177,0.49999999999975886
RipVIS-NR-026_00816.jpg,0.49999999999975886,0.0,0.0,0.0,0.0,0.0,0.0,0.9999999999995177,0.49999999999975886
RipVIS-NR-026_00822.jpg,0.49999999999975886,0.0,0.0,0.0,0.0,0.0,0.0,0.9999999999995177,0.49999999999975886
RipVIS-NR-026_00828.jpg,0.49999999999975886,0.0,0.0,0.0,0.0,0.0,0.0,0.9999999999995177,0.49999999999975886
RipVIS-NR-026_00834.jpg,0.49999999999975886,0.0,0.0,0.0,0.0,0.0,0.0,0.9999999999995177,0.49999999999975886
RipVIS-NR-026_00840.jpg,0.49999999999975886,0.0,0.0,0.0,0.0,0.0,0.0,0.9999999999995177,0.49999999999975886
RipVIS-NR-026_00846.jpg,0.49999999999975886,0.0,0.0,0.0,0.0,0.0,0.0,0.9999999999995177,0.49999999999975886
RipVIS-NR-026_00852.jpg,0.49999999999975886,0.0,0.0,0.0,0.0,0.0,0.0,0.9999999999995177,0.49999999999975886
RipVIS-NR-026_00858.jpg,0.49999999999975886,0.0,0.0,0.0,0.0,0.0,0.0,0.9999999999995177,0.49999999999975886
RipVIS-NR-026_00864.jpg,0.49999999999975886,0.0,0.0,0.0,0.0,0.0,0.0,0.9999999999995177,0.49999999999975886
RipVIS-NR-026_00870.jpg,0.49999999999975886,0.0,0.0,0.0,0.0,0.0,0.0,0.9999999999995177,0.49999999999975886
RipVIS-NR-026_00876.jpg,0.49999999999975886,0.0,0.0,0.0,0.0,0.0,0.0,0.9999999999995177,0.49999999999975886
RipVIS-NR-026_00882.jpg,0.49999999999975886,0.0,0.0,0.0,0.0,0.0,0.0,0.9999999999995177,0.49999999999975886
RipVIS-NR-026_00888.jpg,0.49999999999975886,0.0,0.0,0.0,0.0,0.0,0.0,0.9999999999995177,0.49999999999975886
RipVIS-NR-026_00894.jpg,0.49999999999975886,0.0,0.0,0.0,0.0,0.0,0.0,0.9999999999995177,0.49999999999975886
RipVIS-NR-026_00900.jpg,0.49999999999975886,0.0,0.0,0.0,0.0,0.0,0.0,0.9999999999995177,0.49999999999975886
RipVIS-NR-026_00906.jpg,0.49999999999975886,0.0,0.0,0.0,0.0,0.0,0.0,0.9999999999995177,0.49999999999975886
RipVIS-NR-026_00912.jpg,0.49999999999975886,0.0,0.0,0.0,0.0,0.0,0.0,0.9999999999995177,0.49999999999975886
RipVIS-NR-026_00918.jpg,0.49999999999975886,0.0,0.0,0.0,0.0,0.0,0.0,0.9999999999995177,0.49999999999975886
RipVIS-NR-026_00924.jpg,0.49999999999975886,0.0,0.0,0.0,0.0,0.0,0.0,0.9999999999995177,0.49999999999975886
RipVIS-NR-026_00930.jpg,0.49999999999975886,0.0,0.0,0.0,0.0,0.0,0.0,0.9999999999995177,0.49999999999975886
RipVIS-NR-026_00936.jpg,0.49999999999975886,0.0,0.0,0.0,0.0,0.0,0.0,0.9999999999995177,0.49999999999975886
RipVIS-NR-026_00942.jpg,0.49999999999975886,0.0,0.0,0.0,0.0,0.0,0.0,0.9999999999995177,0.49999999999975886
RipVIS-NR-026_00948.jpg,0.49999999999975886,0.0,0.0,0.0,0.0,0.0,0.0,0.9999999999995177,0.49999999999975886
RipVIS-NR-026_00954.jpg,0.49999999999975886,0.0,0.0,0.0,0.0,0.0,0.0,0.9999999999995177,0.49999999999975886
RipVIS-NR-026_00960.jpg,0.49999999999975886,0.0,0.0,0.0,0.0,0.0,0.0,0.9999999999995177,0.49999999999975886
RipVIS-NR-026_00966.jpg,0.49999999999975886,0.0,0.0,0.0,0.0,0.0,0.0,0.9999999999995177,0.49999999999975886
RipVIS-NR-026_00972.jpg,0.49999999999975886,0.0,0.0,0.0,0.0,0.0,0.0,0.9999999999995177,0.49999999999975886
RipVIS-NR-026_00978.jpg,0.49999999999975886,0.0,0.0,0.0,0.0,0.0,0.0,0.9999999999995177,0.49999999999975886
RipVIS-NR-026_00984.jpg,0.49999999999975886,0.0,0.0,0.0,0.0,0.0,0.0,0.9999999999995177,0.49999999999975886
RipVIS-NR-026_00990.jpg,0.49999999999975886,0.0,0.0,0.0,0.0,0.0,0.0,0.9999999999995177,0.49999999999975886
RipVIS-NR-026_00996.jpg,0.49999999999975886,0.0,0.0,0.0,0.0,0.0,0.0,0.9999999999995177,0.49999999999975886
RipVIS-NR-026_01002.jpg,0.49999999999975886,0.0,0.0,0.0,0.0,0.0,0.0,0.9999999999995177,0.49999999999975886
RipVIS-NR-026_01008.jpg,0.49999999999975886,0.0,0.0,0.0,0.0,0.0,0.0,0.9999999999995177,0.49999999999975886
RipVIS-NR-026_01014.jpg,0.49999999999975886,0.0,0.0,0.0,0.0,0.0,0.0,0.9999999999995177,0.49999999999975886
RipVIS-NR-026_01020.jpg,0.49999999999975886,0.0,0.0,0.0,0.0,0.0,0.0,0.9999999999995177,0.49999999999975886
RipVIS-NR-026_01026.jpg,0.49999999999975886,0.0,0.0,0.0,0.0,0.0,0.0,0.9999999999995177,0.49999999999975886
RipVIS-NR-026_01032.jpg,0.49999999999975886,0.0,0.0,0.0,0.0,0.0,0.0,0.9999999999995177,0.49999999999975886
RipVIS-NR-026_01038.jpg,0.49999999999975886,0.0,0.0,0.0,0.0,0.0,0.0,0.9999999999995177,0.49999999999975886
RipVIS-NR-026_01044.jpg,0.49999999999975886,0.0,0.0,0.0,0.0,0.0,0.0,0.9999999999995177,0.49999999999975886
RipVIS-NR-026_01050.jpg,0.49999999999975886,0.0,0.0,0.0,0.0,0.0,0.0,0.9999999999995177,0.49999999999975886
RipVIS-NR-026_01056.jpg,0.49999999999975886,0.0,0.0,0.0,0.0,0.0,0.0,0.9999999999995177,0.49999999999975886
RipVIS-NR-026_01062.jpg,0.49999999999975886,0.0,0.0,0.0,0.0,0.0,0.0,0.9999999999995177,0.49999999999975886
RipVIS-NR-026_01068.jpg,0.49999999999975886,0.0,0.0,0.0,0.0,0.0,0.0,0.9999999999995177,0.49999999999975886
RipVIS-NR-026_01074.jpg,0.49999999999975886,0.0,0.0,0.0,0.0,0.0,0.0,0.9999999999995177,0.49999999999975886
RipVIS-NR-026_01080.jpg,0.49999999999975886,0.0,0.0,0.0,0.0,0.0,0.0,0.9999999999995177,0.49999999999975886
RipVIS-NR-026_01086.jpg,0.49999999999975886,0.0,0.0,0.0,0.0,0.0,0.0,0.9999999999995177,0.49999999999975886
RipVIS-NR-026_01092.jpg,0.49999999999975886,0.0,0.0,0.0,0.0,0.0,0.0,0.9999999999995177,0.49999999999975886
RipVIS-NR-026_01098.jpg,0.49999999999975886,0.0,0.0,0.0,0.0,0.0,0.0,0.9999999999995177,0.49999999999975886
RipVIS-NR-026_01104.jpg,0.49999999999975886,0.0,0.0,0.0,0.0,0.0,0.0,0.9999999999995177,0.49999999999975886
RipVIS-NR-026_01110.jpg,0.49999999999975886,0.0,0.0,0.0,0.0,0.0,0.0,0.9999999999995177,0.49999999999975886
RipVIS-NR-026_01116.jpg,0.49999999999975886,0.0,0.0,0.0,0.0,0.0,0.0,0.9999999999995177,0.49999999999975886
RipVIS-NR-026_01122.jpg,0.49999999999975886,0.0,0.0,0.0,0.0,0.0,0.0,0.9999999999995177,0.49999999999975886
RipVIS-NR-026_01128.jpg,0.49999999999975886,0.0,0.0,0.0,0.0,0.0,0.0,0.9999999999995177,0.49999999999975886
RipVIS-NR-026_01134.jpg,0.49999999999975886,0.0,0.0,0.0,0.0,0.0,0.0,0.9999999999995177,0.49999999999975886
RipVIS-NR-026_01140.jpg,0.49999999999975886,0.0,0.0,0.0,0.0,0.0,0.0,0.9999999999995177,0.49999999999975886
RipVIS-NR-026_01146.jpg,0.49999999999975886,0.0,0.0,0.0,0.0,0.0,0.0,0.9999999999995177,0.49999999999975886
RipVIS-NR-026_01152.jpg,0.49999999999975886,0.0,0.0,0.0,0.0,0.0,0.0,0.9999999999995177,0.49999999999975886
RipVIS-NR-026_01158.jpg,0.49999999999975886,0.0,0.0,0.0,0.0,0.0,0.0,0.9999999999995177,0.49999999999975886
RipVIS-NR-026_01164.jpg,0.49999999999975886,0.0,0.0,0.0,0.0,0.0,0.0,0.9999999999995177,0.49999999999975886
RipVIS-NR-026_01170.jpg,0.49999999999975886,0.0,0.0,0.0,0.0,0.0,0.0,0.9999999999995177,0.49999999999975886
RipVIS-NR-026_01176.jpg,0.49999999999975886,0.0,0.0,0.0,0.0,0.0,0.0,0.9999999999995177,0.49999999999975886
RipVIS-NR-026_01182.jpg,0.49999999999975886,0.0,0.0,0.0,0.0,0.0,0.0,0.9999999999995177,0.49999999999975886
RipVIS-NR-026_01188.jpg,0.49999999999975886,0.0,0.0,0.0,0.0,0.0,0.0,0.9999999999995177,0.49999999999975886
RipVIS-NR-026_01194.jpg,0.49999999999975886,0.0,0.0,0.0,0.0,0.0,0.0,0.9999999999995177,0.49999999999975886
RipVIS-NR-026_01200.jpg,0.49999999999975886,0.0,0.0,0.0,0.0,0.0,0.0,0.9999999999995177,0.49999999999975886
RipVIS-NR-026_01206.jpg,0.49999999999975886,0.0,0.0,0.0,0.0,0.0,0.0,0.9999999999995177,0.49999999999975886
RipVIS-NR-026_01212.jpg,0.49999999999975886,0.0,0.0,0.0,0.0,0.0,0.0,0.9999999999995177,0.49999999999975886
