image,miou,iou,dice,recall,precision,f2,biou,aacc,macc
RipVIS-001_00003.jpg,0.8835631772037584,0.7947838023264778,0.8856596558273414,0.8292814493700892,0.9502627007454706,0.8509489026017282,0.017463058910484924,0.9750184461794976,0.9117742917382052
RipVIS-001_00004.jpg,0.8960275811769615,0.8156829379954965,0.8984860968027883,0.8651283169959033,0.9345194738320567,0.8781697172720904,0.01026733823900284,0.9786089409711604,0.9288401528245283
RipVIS-001_00005.jpg,0.8981796932574062,0.8193387339787177,0.9006994889697127,0.8839263030508834,0.9181215562823987,0.8905600491450804,0.02055857253286296,0.9791894531239375,0.9372516426150651
RipVIS-001_00006.jpg,0.887453314458699,0.7997752657837388,0.8887501467417541,0.862024346809014,0.9171861576655156,0.8725194358877643,0.019389518137955555,0.9773784722211617,0.9264551816124311
RipVIS-001_00007.jpg,0.862399992699606,0.7544448040093511,0.8600382323630283,0.8081791728298491,0.9190089950077168,0.8281537616930579,0.019530479380641057,0.9728298611100555,0.8999874914417505
RipVIS-001_00008.jpg,0.8533879195218663,0.7374125061789832,0.8488628964698117,0.7788374350521241,0.9327243691991988,0.8054139206908496,0.021490259083854133,0.9717903645822789,0.8862382242288982
RipVIS-001_00009.jpg,0.8579703245422292,0.7452974851692364,0.8540635524917026,0.7878895949424212,0.9323724629962737,0.8130892820099884,0.021670606772720525,0.9729654947906109,0.8907556742623823
RipVIS-001_00010.jpg,0.8687091103775153,0.7639822434327536,0.866201739022072,0.8040438543242352,0.9387752476400518,0.8278048780487804,0.03170874925979472,0.9755392795128304,0.899157975401564
RipVIS-001_00011.jpg,0.8745803635192162,0.77462081643782,0.8729986814791333,0.828216268125711,0.922900772847595,0.8455663524888312,0.01963663057081361,0.976588541665607,0.9103854592167245
RipVIS-001_00012.jpg,0.8876720371962885,0.7976673265122501,0.887447098523893,0.8504962920610326,0.9277544772196021,0.8649011140477688,0.025208526408673118,0.9794824218739372,0.9217677215440405
RipVIS-001_00013.jpg,0.8844836550916221,0.7918566111318168,0.8838392605886525,0.8605399356453055,0.9084353657674469,0.8697106854814958,0.022039061096212315,0.9789442274294933,0.9258186079468727
RipVIS-001_00014.jpg,0.900473244287187,0.820627802681737,0.9014778325069778,0.9001986566916541,0.9027606488840865,0.9007098911500236,0.040512915807375406,0.9819444444433789,0.9452010687804877
RipVIS-001_00015.jpg,0.8932329613474372,0.8080839928029334,0.89385669694495,0.9070425858097554,0.8810486874118431,0.901721820753323,0.03691045795678222,0.9801855468739364,0.9473187189047896
RipVIS-001_00016.jpg,0.8974296086852439,0.8151784657982818,0.8981799653950625,0.9090265868671493,0.8875891382900951,0.904656652719066,0.030054167389471576,0.9813519965267129,0.9487868253395528
RipVIS-001_00017.jpg,0.8996925838826977,0.8192288216763893,0.900633072558166,0.9118927410638122,0.8896480718727813,0.9073552575056083,0.033796866742862725,0.9817936197906013,0.9503201156295193
RipVIS-001_00018.jpg,0.9114739352395043,0.8398815840826691,0.9129735210664859,0.932698152754318,0.8940658817826845,0.9247069010474321,0.03356189100801842,0.9844476996517095,0.9610529561948332
RipVIS-001_00019.jpg,0.9083401277388075,0.8341191791185716,0.9095583194538392,0.9217561750105853,0.8976790827375265,0.9168379825122102,0.026559496762788834,0.9839670138878213,0.9558429683063279
RipVIS-001_00020.jpg,0.9166138958397861,0.8488017778495144,0.9182182622485596,0.9469628228437262,0.8911673441790205,0.9352517077554565,0.02436343652237343,0.9856781684017082,0.9681165167686223
RipVIS-001_00021.jpg,0.9038257066460893,0.8256749060163382,0.9045147121159467,0.9420372728804353,0.8698667946613481,0.9266607689829564,0.022431506845474056,0.9833940972211551,0.9645994399402382
RipVIS-001_00022.jpg,0.8416527280144627,0.7161497999480478,0.8346005692157263,0.9370598708387095,0.7523388911921962,0.8931986453523274,0.01550759392238088,0.9696690538183923,0.9548143749689362
RipVIS-001_00023.jpg,0.885808398173667,0.7929272770724615,0.8845057880620499,0.9474953668245464,0.8293692447059812,0.9212527691508644,0.018525052925454293,0.9802973090267141,0.9653152794013944
RipVIS-001_00024.jpg,0.8721321432045531,0.7685109526548484,0.8691051095851876,0.9430525795156441,0.805911283781462,0.9120132621696081,0.01659254190615933,0.9775596788183837,0.9617860223667289
RipVIS-001_00025.jpg,0.8348880758336606,0.7035650752120478,0.8259914287389026,0.9521430559288597,0.729357211376939,0.8973245901639344,0.018629617932013006,0.9687196180545045,0.9611322524207517
RipVIS-001_00026.jpg,0.8021280702040039,0.6466164680115618,0.7853880737539441,0.9430298719638261,0.6729022238845231,0.8729435559265882,0.019830481365771552,0.960686848957291,0.952587413368873
RipVIS-001_00027.jpg,0.8771042565573517,0.7762735552857872,0.874047303103481,0.9572354968604716,0.8041619121139107,0.9221297059709095,0.024087591236480365,0.9795041232628261,0.9692633929489145
RipVIS-001_00028.jpg,0.8991177498237151,0.8154481722481792,0.8983436538850463,0.9739242247394827,0.8336490222070027,0.9422155619329754,0.046468053204709,0.9840039062489323,0.9793584348989353
RipVIS-001_00029.jpg,0.9544283395371678,0.9154167727877941,0.9558408235670302,0.980012832836381,0.9328325164378967,0.9701987911819167,0.0777385158827471,0.9938747829850327,0.9874466556932673
RipVIS-001_00030.jpg,0.921420509989654,0.8546181057695228,0.9216108729995629,0.9932255862948247,0.8596289039866943,0.963284387793318,0.0627506487231067,0.9889854600683713,0.9909576785297833
RipVIS-001_00031.jpg,0.9000082541379492,0.8149879221757932,0.8980642925698283,0.9854138222873786,0.8249395969151039,0.9485113334287074,0.04427141267090736,0.9859548611100413,0.9857024641876216
RipVIS-001_00032.jpg,0.883348069867846,0.7835004152215047,0.8786097368238589,0.9922808203554901,0.7883051580730174,0.9434565370343254,0.047329276527534526,0.9841590711794876,0.9879709497254745
RipVIS-001_00033.jpg,0.8807713824357735,0.7781209662428834,0.8752171320346442,0.9592884476762913,0.8046943283359338,0.923793469575402,0.05022097226793471,0.9843326822905986,0.9725713635936135
RipVIS-001_00034.jpg,0.9138025635116243,0.838698372952212,0.9122740143676734,0.9684001618341702,0.8622973320603535,0.9451408712920442,0.07549857548065085,0.9895117187489263,0.9795858514284501
RipVIS-001_00035.jpg,0.9019048545350099,0.8169704909521022,0.8992666584518997,0.9877914501325595,0.825303829938745,0.9503692937883558,0.0314764492682345,0.9875694444433728,0.9876738410948809
RipVIS-001_00036.jpg,0.8669623588024185,0.7528868014725248,0.859025010445691,0.9875610665112605,0.7600948325215172,0.9317914238535643,0.01631033722364771,0.9820735677072677,0.9846566908924581
RipVIS-001_00037.jpg,0.8405998488313757,0.7052418333656166,0.8271458271390032,0.9671071669534657,0.7225737636288313,0.9057990654712215,0.008832399825757776,0.9772656249989395,0.972489100541125
RipVIS-001_00038.jpg,0.7237468085401608,0.5084383082400644,0.6741254255645006,0.9997987596092315,0.5084903465874996,0.8378843305664496,0.008970285926187574,0.9426692708323104,0.9694329917421689
RipVIS-001_00039.jpg,0.7488777526824657,0.5502246946276185,0.7098644429216612,0.9999999999820102,0.5502246946276185,0.8594846833697205,0.0026223776219191646,0.9506955295128573,0.9737654053596615
RipVIS-001_00040.jpg,0.8087913223106684,0.6528527502488003,0.7899708551176476,0.9412527706930259,0.6805845759250573,0.8742816880787673,0.01624419849763581,0.9669238281239508,0.9549965745535092
RipVIS-001_00041.jpg,0.8400202430008984,0.7093192363546098,0.829943548599317,0.8992785752828003,0.7705347627011406,0.8701993469327647,0.013842124950646814,0.9726736111100557,0.9389151615507467
RipVIS-001_00042.jpg,0.802971772996145,0.644601720781351,0.7839000928140831,0.8885112268489964,0.701327510706016,0.8434860832129717,0.01009573542034887,0.9638747829850652,0.9291930224895997
RipVIS-001_00043.jpg,0.7713256148073635,0.588778204011583,0.7411710489544083,0.8581326840283445,0.6522682873813046,0.8071812909811151,0.010592858361422713,0.9567306857628508,0.9112677159426383
RipVIS-001_00044.jpg,0.7927001281803068,0.6254385964844549,0.7695628710148403,0.8760143795277199,0.6861796925042633,0.8300850307870091,0.009957805905492353,0.9624707031239557,0.9225731396062827
RipVIS-001_00045.jpg,0.783876188172463,0.6087813146589093,0.7568229555027892,0.9000504466827219,0.6529217329636062,0.8367119093291056,0.01961490012243748,0.9614333767350679,0.9329345797430042
RipVIS-001_00046.jpg,0.7950867228413487,0.6273612699660629,0.7710165917604096,0.901603958408302,0.6734716658107895,0.8443975853028168,0.02553763440369861,0.9650032552072862,0.9355199994828165
RipVIS-001_00047.jpg,0.7500427944904731,0.550616373076838,0.7101903251340854,0.8756151614758072,0.5973386397425647,0.8009856358334974,0.025432525947157,0.9524153645822999,0.916754588179508
RipVIS-001_00048.jpg,0.7107672807438532,0.48712471495473486,0.6551228825076206,0.831976108729361,0.5402763060505401,0.7508933583047588,0.01624721248546556,0.9382562934017596,0.8891459423426116
RipVIS-001_00049.jpg,0.7118402031320084,0.4904099683375479,0.6580873434234571,0.8744987655736559,0.5275379916093311,0.7728397120542538,0.015694696841947017,0.9372970920128718,0.908225144056292
RipVIS-001_00050.jpg,0.7870455022911297,0.6152590735110001,0.7618085341240586,0.8846841246268602,0.6689031985068635,0.8310655742491576,0.02335575485363308,0.961374782985068,0.9259076291512047
RipVIS-001_00051.jpg,0.7789212155956375,0.6032135683937919,0.7525055679239693,0.9119153503923951,0.6405351256959377,0.8406799405108601,0.014243197275883673,0.9575564236100721,0.9364735616492382
RipVIS-001_00052.jpg,0.7804331036001202,0.6076310239728225,0.7559334385961621,0.9194811334556707,0.6417802709938564,0.846246308312348,0.01812434140819297,0.9563932291656289,0.9394001108968271
RipVIS-001_00053.jpg,0.7656418324906547,0.5835644648053991,0.7370264713247554,0.9220419469591811,0.6138519183422403,0.8379062333510922,0.024124066623755682,0.9512879774295233,0.9378341063368392
RipVIS-001_00054.jpg,0.778371622542372,0.6055232777427232,0.7543002161813005,0.9129692832634675,0.642616912229314,0.8421129952988583,0.014742898235393221,0.9546180555545197,0.9355138682076206
RipVIS-001_00055.jpg,0.7881858049171415,0.6176936751631252,0.7636719913624415,0.8534542710318653,0.6909816230120639,0.8151218464356172,0.025913262547073372,0.9612641059017347,0.9116249771274171
RipVIS-001_00056.jpg,0.7334812773616812,0.5271677351836751,0.6903861613083014,0.8839450450453037,0.5663677042366067,0.7948107645649038,0.006117308383210272,0.9435818142350872,0.9160478643077359
RipVIS-001_00057.jpg,0.7456163563105753,0.5501363680734332,0.7097909311774461,0.9732656461042142,0.5585773303696616,0.8474379115736002,0.010331384013580627,0.9450542534711968,0.9581138935735081
RipVIS-001_00058.jpg,0.7697891133714738,0.5895768892905872,0.7418035494385045,0.9333222505866294,0.6155019135642691,0.8459584890359769,0.01866618339639975,0.9533517795128544,0.9441116736128432
RipVIS-001_00059.jpg,0.7401892801490584,0.535778201265942,0.6977286183959376,0.8895473964715308,0.5739616149832744,0.8014174750538282,0.016660758593289478,0.9479296874989714,0.920853541090991
RipVIS-001_00060.jpg,0.7330209512032217,0.5200400187790184,0.6842451676986027,0.8929166155253744,0.5546300832864649,0.795835533572261,0.01175088131379732,0.9489865451378592,0.9228015194407995
RipVIS-001_00061.jpg,0.7565945038859178,0.5551669893446858,0.7139644721736556,0.8349378514470702,0.623610167179236,0.7819413292610595,0.03041740674280253,0.960111762151736,0.9014930600054041
RipVIS-001_00062.jpg,0.7417870671173195,0.5299435158973802,0.6927621972848385,0.8279235456713636,0.5955385015531278,0.767988218086177,0.010539116333494301,0.9559342447906294,0.8960147360729913
RipVIS-001_00063.jpg,0.7602275491958774,0.5630330083335718,0.7204364915285437,0.8825284012284339,0.6086476190398903,0.8096616823313986,0.015022731762201475,0.9596365017350699,0.9234967666902514
RipVIS-001_00064.jpg,0.772824270623336,0.5817870095538176,0.7356072670212724,0.8270496259617344,0.662372372362427,0.7878738087413737,0.03340848533851025,0.9655913628461745,0.9005759416155898
RipVIS-001_00065.jpg,0.7589504390759219,0.5565858111560175,0.7151366884716265,0.820276763389962,0.6338873293731693,0.7747169167432084,0.018402580152076915,0.9631065538183994,0.8959647096496186
RipVIS-001_00066.jpg,0.8165293571869705,0.6602599774458819,0.7953693836089641,0.8261412936597071,0.7668075233943689,0.813551157041939,0.01360544217406608,0.9741644965267208,0.9049420777277833
RipVIS-001_00067.jpg,0.6723988093123006,0.4078003618132617,0.5793440218867546,0.7249801354435472,0.482431734915181,0.6587420280886321,0.02396780965290976,0.9396169704850915,0.838828267094572
RipVIS-001_00068.jpg,0.5961218525929023,0.27396225664807694,0.43009477748406655,0.6625489677554723,0.31838865405125094,0.5447747626688588,0.012432795696835888,0.9207259114573343,0.7977411863775725
RipVIS-001_00069.jpg,0.6621928711755756,0.3808245162355941,0.5515900272017163,0.7208001118869586,0.44672089696079065,0.6420197103664235,0.007094653052933958,0.9454546440961963,0.8386106292177278
RipVIS-001_00070.jpg,0.7197518965067647,0.48434330298459893,0.6526028069257565,0.8268253157629404,0.5390237195829315,0.7470505882777682,0.018711419749476963,0.9569726562489617,0.8952431918018585
RipVIS-001_00071.jpg,0.7602530682884139,0.5556415105071968,0.7143567547590538,0.8217024702169039,0.6318172932717825,0.7751123119474332,0.020464931448347917,0.9663433159711736,0.8979269146039597
RipVIS-001_00072.jpg,0.7811274059270295,0.600581242368496,0.7504539306980411,0.9928232502769311,0.6031999615547777,0.8792384380766954,0.01585153682276212,0.9637619357628431,0.9774487999444619
RipVIS-001_00073.jpg,0.8178859796749265,0.665979748630413,0.7995052150878892,0.9289212207074358,0.7017398064404775,0.8724328936229778,0.018490967052392993,0.9715082465267236,0.9516017503836667
RipVIS-001_00074.jpg,0.8192774175370183,0.6704830053587302,0.8027414863939263,0.9011059464513367,0.7237384139968623,0.859002566923359,0.01852622813935757,0.9700195312489475,0.9380647573058263
RipVIS-001_00075.jpg,0.7360435647270002,0.5270310455520496,0.6902689334145373,0.8692858544099586,0.5723928559832446,0.7875838777051949,0.005134788189045518,0.9482259114573044,0.9115616056418684
RipVIS-001_00076.jpg,0.7571673941877911,0.5546377213016013,0.7135266483013646,0.7994119568623287,0.6443053158093048,0.7626907332885432,0.008932882663222385,0.9616232638878455,0.885674850977926
RipVIS-001_00077.jpg,0.7742441827415409,0.5848754587258937,0.7380711910273181,0.7726014680721905,0.7064954255241536,0.7584087641496061,0.020339794204273797,0.9653873697906191,0.8754886116722539
RipVIS-001_00078.jpg,0.740764819178438,0.5257054172559824,0.6891309571430586,0.7350533959720623,0.6486091217391843,0.7159690438545394,0.0072975517873593325,0.9578862847211829,0.8540249744967787
RipVIS-001_00079.jpg,0.7010298844308052,0.4597194816227431,0.6298737358929833,0.7736533180023037,0.5311602686483313,0.708923678159407,0.005923418657515672,0.9450368923600857,0.8648584852508466
RipVIS-001_00080.jpg,0.7090794787711591,0.47201284509531233,0.6413162040916153,0.7764632513293263,0.5462404996251954,0.71610059105534,0.005259697566237191,0.9486197916656374,0.8679538200150414
RipVIS-001_00081.jpg,0.6969007261023329,0.4527841712898539,0.6233330184040339,0.8057606673655043,0.508260642830802,0.7213188099627272,0.0037962037954453135,0.9437619357628648,0.8789903642334507
RipVIS-001_00082.jpg,0.698179468004042,0.4536767175482012,0.6241782812802849,0.7834930020061468,0.5187052498511173,0.710911980224243,0.015852613535592842,0.9452864583323076,0.8693697622597166
RipVIS-001_00083.jpg,0.6920396832120089,0.4425101828533397,0.6135279849159023,0.7741978280087524,0.5080847782219946,0.700789157659976,0.005696202530443839,0.944159071179531,0.8643391788636338
RipVIS-001_00084.jpg,0.7175214095691409,0.4872778088263021,0.6552613182749516,0.8027811032175562,0.5535419471114077,0.7364609593068444,0.012615643395160712,0.9502354600684134,0.8811237481192563
RipVIS-001_00085.jpg,0.7667474216941254,0.5758182110837897,0.7308180690306442,0.822294845042578,0.6576565927123783,0.7830871198496132,0.0136384650916231,0.9599761284711805,0.8960058005750462
RipVIS-001_00086.jpg,0.7772193723261624,0.5946778095378714,0.7458281616274646,0.8312596068144769,0.6763203622679649,0.7948413287786524,0.01236546828203218,0.962004123262845,0.9013310461447681
RipVIS-001_00087.jpg,0.7686703624803499,0.5804520532552261,0.7345392757213739,0.8272205389758057,0.660533520078175,0.7874762808349146,0.013849197622807386,0.9593153211795146,0.8980902378185569
RipVIS-001_00088.jpg,0.770532329351858,0.5851369677180891,0.7382793785453543,0.8383722195321472,0.6595375227672875,0.7952457764317667,0.018642965528150233,0.9585069444434043,0.9029472950205115
RipVIS-001_00089.jpg,0.7873462762796843,0.616294588037792,0.7626018086046846,0.8467778608920951,0.6936480088359052,0.810971806211962,0.02593537414414639,0.9610036892350683,0.9084527493130854
RipVIS-001_00090.jpg,0.7657227308522359,0.5798935956577004,0.7340919632202118,0.823847349569689,0.6619723151594861,0.7854342056603363,0.020121567801274037,0.9545887586795198,0.8946014624924888
RipVIS-001_00091.jpg,0.7488723405751126,0.554049580692272,0.7130397737316246,0.8621015280595477,0.6079262263594657,0.7955751791740827,0.0022873778327537164,0.9473763020823054,0.9082377811759352
RipVIS-001_00092.jpg,0.7454098138911206,0.5481954687892578,0.7081734572159232,0.8794903375138634,0.592717391298491,0.8018946118799598,0.005946060733500518,0.9463585069434176,0.9155964128417833
RipVIS-001_00093.jpg,0.7532702368550082,0.5640127698284915,0.72123806238531,0.9267094824194777,0.5903457212885608,0.8319093819050775,0.014075887390029398,0.9465049913184174,0.9374060183293713
RipVIS-001_00094.jpg,0.776981889310334,0.6052273444134539,0.7540705639232709,0.8726835607423954,0.6638427015098772,0.8210256309938918,0.019337584855104385,0.9524717881934109,0.9162121408749805
RipVIS-001_00095.jpg,0.8091470596033894,0.6618657698433446,0.7965333685231812,0.8946315191232722,0.7178226653644635,0.8526288526288526,0.01826035734964454,0.9598524305545141,0.930382353585181
RipVIS-001_00096.jpg,0.7997775973558459,0.6458543346716064,0.7848256325800207,0.8657625809772118,0.7177279001308515,0.8314639289935344,0.0162193473612243,0.9573057725684057,0.9160573796814049
RipVIS-001_00097.jpg,0.8241869721025639,0.6893921057052113,0.8161422127842072,0.8429539176476197,0.7909835222399151,0.832020582774693,0.021164021160021914,0.9624045138878446,0.9092408766817244
RipVIS-001_00098.jpg,0.8145987159875534,0.6733467635922454,0.8047904693068434,0.860555449824135,0.7558129245941443,0.8373471010467384,0.03373768005425745,0.9595334201378477,0.9153564316245948
RipVIS-001_00099.jpg,0.7979225217517619,0.6441902677484156,0.7835957679406308,0.8310626092319382,0.7412581821741743,0.811402117386063,0.021460014669578132,0.9555457899295187,0.8999783147601823
RipVIS-001_00100.jpg,0.8155938764113183,0.6749267674709056,0.8059179428961265,0.8222238892253872,0.7902461633454502,0.8156229669222232,0.016974445063052703,0.9599023437489584,0.8988184855894967
RipVIS-001_00101.jpg,0.8520033233242437,0.7381569106661849,0.8493558966241671,0.8524736936258812,0.8462608222756467,0.8512238321217017,0.019264792604823118,0.9688487413183932,0.9173438423038478
RipVIS-001_00102.jpg,0.8850887198636308,0.7963497263616736,0.8866310548276144,0.8953195140488316,0.8781096059023183,0.8918237761304794,0.007450980390695886,0.9762575954850518,0.9404705769305299
RipVIS-001_00103.jpg,0.8891442678301411,0.8041175185597412,0.8914247661667654,0.9397536537011536,0.8478235835938909,0.9198066063664985,0.016875124078444485,0.9766471354156069,0.9602959494547649
RipVIS-001_00104.jpg,0.886020564821272,0.7995221908882549,0.8885938666792499,0.954872547981172,0.8309189327269407,0.9272089815857935,0.03163819875162302,0.9752332899294973,0.9662274681517091
RipVIS-001_00105.jpg,0.8697354093090373,0.7701239153968243,0.8701355975117468,0.9203285508919308,0.825134353030513,0.8995721613503015,0.024151917399677005,0.9722016059017229,0.9491851146639587
RipVIS-001_00106.jpg,0.8503940674489419,0.7369915346148297,0.8485839106616652,0.9189157004652992,0.7882527742880787,0.8894288702095868,0.017250577980215082,0.9671310763878395,0.9457089009093808
RipVIS-001_00107.jpg,0.8305531213924746,0.704505062686859,0.8266388620475295,0.9701923184766065,0.720091327999866,0.9071764950418967,0.019420783642347395,0.9606705729156243,0.9649220872234187
RipVIS-001_00108.jpg,0.85355006338388,0.7426131437424778,0.8522983387438752,0.954616884915524,0.769790056433388,0.9108765377482092,0.020714285710586734,0.9677875434017277,0.9619124995571043
RipVIS-001_00109.jpg,0.9200832479857103,0.8565095099087539,0.9227095313407262,0.9491442939301167,0.8977073470005074,0.938390688722907,0.021816656173313055,0.98510959201282,0.9689849127232324
RipVIS-001_00110.jpg,0.8756880982274873,0.7791924026373267,0.8758944805320849,0.8943231535767246,0.8582099659239459,0.8868594043033303,0.029267334506134876,0.9746701388878313,0.938957730805484
RipVIS-001_00111.jpg,0.8651300879751584,0.762893333791312,0.8655014108546419,0.9766355140077997,0.7770757722238554,0.928924360940858,0.015474239938926953,0.9704676649295025,0.9732192035122949
RipVIS-001_00112.jpg,0.8852814545236916,0.7973160825999899,0.8872296757580845,0.9800100508014964,0.8104975386217201,0.940662832053819,0.021921463968371812,0.9757942708322745,0.977675311619222
RipVIS-001_00113.jpg,0.8702106158374923,0.7705976942504466,0.8704379281106727,0.9770318835125205,0.7848148113807047,0.9314077519584137,0.02186727514320835,0.972600911457278,0.9745859910139292
RipVIS-001_00114.jpg,0.8398936647288344,0.7194668424639564,0.8368487541556509,0.9849463111984526,0.7274661789653504,0.9198329835814735,0.009589288943443226,0.9639854600683985,0.9733813713519768
RipVIS-001_00115.jpg,0.826114528061189,0.6969510217264276,0.8214156010435355,0.9916009045065347,0.701089793781804,0.9157120452763288,0.013162513160203138,0.9594487847211811,0.9738559399378015
RipVIS-001_00116.jpg,0.8152140459717789,0.6779160224338605,0.808045233933133,0.9909595427588664,0.6821347408492199,0.9086815464241924,0.01430842607060441,0.9568272569434062,0.9721704776461633
RipVIS-001_00117.jpg,0.8039753961341323,0.6560458831347602,0.7923039932841941,0.947451488964844,0.6808183288729004,0.8786307524734501,0.022946225254344678,0.9559461805545183,0.9521121775556999
RipVIS-001_00118.jpg,0.8099344701973962,0.6639286003413083,0.7980253482091982,0.9454473242419197,0.6903761775950232,0.8803921708983233,0.014508138709393464,0.9594683159711811,0.9531064979315544
RipVIS-001_00119.jpg,0.867646340682387,0.7626209809633098,0.865326112873706,0.9875990812036115,0.7699944100456514,0.9347651242868273,0.010913268234556142,0.97487738715172,0.9806721352297412
RipVIS-001_00120.jpg,0.8603354735401696,0.7483190986654519,0.8560440702577324,0.987390691100319,0.7555392468917024,0.930294984545138,0.02192402191987828,0.9744520399294982,0.9803821916763065
RipVIS-001_00121.jpg,0.8545327104315654,0.7362903316927012,0.8481189099001607,0.9980990050284674,0.7373243185003532,0.9321621350743811,0.021760061617223173,0.9746983506933868,0.9855074745841819
RipVIS-001_00122.jpg,0.8508775392704419,0.7284110023842261,0.842867814865136,0.968285961720049,0.7462137760212343,0.9138913989489453,0.038312693491038566,0.9751226128461641,0.9719572671564278
RipVIS-001_00123.jpg,0.8123881737711984,0.659140994437134,0.7945569383761125,0.9783634597853661,0.6688913737196999,0.8955002775681289,0.015424164521117358,0.9677766927072832,0.9727100059555969
RipVIS-001_00124.jpg,0.8164440463218459,0.6654355441996861,0.7991129365735455,0.9340857185567859,0.6982218290027761,0.8749715020971334,0.006101409634735659,0.9694314236100592,0.9529889859031235
RipVIS-001_00125.jpg,0.796013333700795,0.6261134316261624,0.77007350096116,0.9491350866639495,0.6478513870543259,0.8683680627048079,0.007971470524864386,0.9677539062489499,0.959006091964764
RipVIS-001_00126.jpg,0.793198742408703,0.6195580864326823,0.7650952338453648,0.9355854963159187,0.6471636308725359,0.8590176937378794,0.020059121617386162,0.9685384114572824,0.9530165379476747
RipVIS-001_00127.jpg,0.7698342408864516,0.577950118966902,0.7325328120578248,0.9508481948476387,0.5957485465038966,0.8495699036169552,0.025210084028038458,0.9636252170128433,0.9575898761002943
RipVIS-001_00128.jpg,0.7177124821881156,0.49006022490550494,0.6577723728402763,0.9612570042451857,0.49993475565451023,0.8114934656904622,0.020576131683210635,0.948090277776749,0.9543132848800242
RipVIS-001_00129.jpg,0.717759035790008,0.49013252587623674,0.6578374974910718,0.955936785174549,0.5014617012402485,0.8092517093024074,0.031471886388126674,0.948109809026749,0.9518078449112619
RipVIS-001_00130.jpg,0.7456147468707754,0.5351572395259876,0.6972018575650645,0.9814392849814959,0.5406288081825418,0.843832739888615,0.0373976543400315,0.9581868489572937,0.9692134073022678
RipVIS-001_00131.jpg,0.7254273721437214,0.498927458247918,0.6657126140461922,0.9158726014681314,0.5228909976087678,0.7961955699458347,0.03431578946645983,0.9541232638878536,0.936001908053473
RipVIS-001_00132.jpg,0.6974538642460248,0.451496439141306,0.6221116731204765,0.9629768751974885,0.4594721749209218,0.789864896091692,0.03527435609644002,0.9459299045128625,0.9540403570980958
RipVIS-001_00133.jpg,0.7122277278554313,0.47087009724388657,0.6402606159798911,0.8728331980117274,0.5055525591488536,0.7621009268795057,0.017153996098020662,0.95542643229063,0.9160958825939229
RipVIS-001_00134.jpg,0.6865028854075435,0.43174815512854586,0.6031062845543286,0.7062273558721127,0.5262630312680264,0.6610181442135941,0.012825210697540269,0.9437673611100871,0.8326452574542622
RipVIS-001_00135.jpg,0.6681541114014645,0.39993386172407613,0.5713610802035192,0.6916903435169977,0.48669384151408907,0.6379492240675197,0.01150726277843666,0.9389626736100922,0.8230522900588901
RipVIS-001_00136.jpg,0.6586506881394825,0.3851320174274788,0.5560943109852604,0.6549373136296197,0.4831738190737474,0.6114634749879531,0.024120420742814577,0.9349338107628744,0.8042254091929075
RipVIS-001_00137.jpg,0.6751194579772506,0.41145691689697855,0.5830244082852308,0.7285334565906134,0.4859635373108327,0.6624052118176564,0.013379872016020967,0.9412944878462008,0.8412646424748839
RipVIS-001_00138.jpg,0.7501230756033035,0.5493225475953943,0.7091132165448223,0.9898761156065791,0.5524261636924797,0.854539241745713,0.031890254760040926,0.953693576387854,0.9706909192573633
RipVIS-001_00139.jpg,0.727343945182567,0.5066423547743918,0.6725449515857499,0.9908513934964053,0.5090234992583935,0.8331280854116916,0.024501520779908494,0.9506770833323017,0.9696820910533634
RipVIS-001_00140.jpg,0.8054690880787779,0.6375371470926582,0.7786536607423709,0.9557731575794558,0.6569168447472662,0.8760623771726092,0.03385018562265774,0.9745898437489425,0.9656430374962475
RipVIS-001_00141.jpg,0.7630120427775441,0.5610694610018592,0.7188270285446202,0.9024986296157843,0.5972732356807499,0.8188109989846454,0.01405249018101829,0.9664572482628402,0.9360730136234927
RipVIS-001_00142.jpg,0.7441886980948025,0.5290188550171061,0.6919716565708245,0.9825632509284321,0.5340323865073795,0.841250857267116,0.012324929969687221,0.9611328124989571,0.9713498022236169
RipVIS-001_00143.jpg,0.7533284149254319,0.5462260461407089,0.7065280623154132,0.9958171922666583,0.5474821647823519,0.855674271571054,0.012906647805355966,0.9622298177072892,0.9782200831547256
RipVIS-001_00144.jpg,0.7221326761155334,0.49477784484453385,0.6620085339784973,0.985123704538061,0.4985024614656542,0.8242104344460424,0.022879804755509485,0.9518684895823005,0.9676605128998488
RipVIS-001_00145.jpg,0.7114457271058918,0.4746239734189049,0.6437220362266222,0.9887068095298018,0.4772110500257787,0.8141734402330054,0.016952054791617797,0.950577256943413,0.9687403808616002
RipVIS-001_00146.jpg,0.718848774924988,0.4865950623995781,0.654643722028975,0.9941547528923219,0.48799120111315425,0.8233521459720917,0.010085470083746073,0.9532682291656323,0.9727582362806539
RipVIS-001_00147.jpg,0.7832417213485658,0.6018235907661165,0.7514230583634715,0.9730354391168734,0.6120308038791415,0.8703596093243636,0.01232876712117658,0.966451822915618,0.9695626590821828
RipVIS-001_00148.jpg,0.8043052161423663,0.6387266595289584,0.779540206800024,0.9636784842393646,0.6544826229784722,0.8804853157954416,0.008500303580550433,0.971406249998946,0.9677562834381465
RipVIS-001_00149.jpg,0.8142047949354677,0.6572969594780684,0.7932156705157664,0.9740683323406135,0.6690035675672862,0.8926581400326207,0.01552393272627772,0.9726291232628335,0.9733077359820392
RipVIS-001_00150.jpg,0.8044804339407983,0.6416604780464755,0.7817212957578553,0.9886163094930939,0.6464367232989293,0.8939744668911336,0.015132408571851112,0.9691091579850596,0.9782846614382501
RipVIS-001_00151.jpg,0.7689385561894475,0.5812615893607527,0.7351871357296875,0.9586851020793209,0.5961961163874928,0.8547473263123521,0.009572536720651503,0.9590798611100705,0.9588949129327745
RipVIS-001_00152.jpg,0.7826978166486541,0.6042624907762572,0.7533212229924687,0.9826798629428496,0.6107673926086763,0.875996375889485,0.014676113357848158,0.9633105468739548,0.9724097080110411
RipVIS-001_00153.jpg,0.7874300107161435,0.6119926066322765,0.7592995204994542,0.9478047510883713,0.6333374735978967,0.8621855787245267,0.04064877852610156,0.964921874998953,0.9568938874322857
RipVIS-001_00154.jpg,0.7974122358850666,0.6290071390226006,0.772258296424659,0.9928807425858858,0.631856922934233,0.8910562562435358,0.02667728448602881,0.9676898871517278,0.9795497985460722
RipVIS-001_00155.jpg,0.7328164695036683,0.5264292932891212,0.6897526083960054,0.9022036650289615,0.5582870813343705,0.8032409957043727,0.0050808314079937135,0.9430523003461989,0.924169218021581
RipVIS-001_00156.jpg,0.7170051064623766,0.4984083592567091,0.6652503720733998,0.8704925241727841,0.5383255633203349,0.7748680266630877,0.00493630573169804,0.9394748263878695,0.9075434711756486
RipVIS-001_00157.jpg,0.7098483588600034,0.4735583872565042,0.6427412600028467,0.858164745690776,0.5137704324686198,0.7567153624465631,0.006386554620775369,0.9486273871517484,0.9059703921849116
RipVIS-001_00158.jpg,0.5942798264073417,0.27532134397824953,0.43176779762723877,0.7612206864222907,0.3013464218347678,0.5832156682320091,0.013427440176721046,0.9160069444434505,0.8420001362490863
RipVIS-001_00159.jpg,0.6476136761462569,0.39508472202496087,0.5663953103170634,0.5512774168281835,0.5823657511989518,0.5572266847846482,0.02078614256884928,0.9062565104156833,0.7509421890572751
RipVIS-001_00160.jpg,0.6574874182744548,0.4083141756811949,0.579862338577534,0.5474033431106153,0.6164133738533694,0.5599408834154286,0.028381018036495342,0.9123090277767879,0.7525328319889699
RipVIS-001_00161.jpg,0.6228471537468203,0.32381768935166494,0.4892179519224486,0.8312117043683578,0.3466091001017155,0.6495745204804771,0.014559386970948753,0.9246940104156633,0.8800727680142584
RipVIS-001_00162.jpg,0.6264023103778025,0.3243079859971969,0.4897772865924307,0.7820916135762528,0.3565232598769206,0.6313644359654121,0.01713421803844545,0.93086914062399,0.8597761538353607
RipVIS-001_00163.jpg,0.659186238069787,0.37345926860192147,0.5438228524710091,0.7450476795741883,0.42817893520937383,0.6489919238726426,0.019124678186994357,0.9466644965267506,0.8503493477064188
RipVIS-001_00164.jpg,0.6541996747214393,0.3773725458143458,0.5479600228146427,0.8887954239355702,0.3960736432820736,0.7117178147890116,0.01961805555214964,0.933794487846209,0.9123587843406386
RipVIS-001_00165.jpg,0.6751495606540308,0.4131488182101489,0.584720891227055,0.8952110221935488,0.43414455178678396,0.7383778755138392,0.015102305941035675,0.9398133680545357,0.9186201936797621
RipVIS-001_00166.jpg,0.7569821500506986,0.55344729930805,0.7125408110781374,0.9115851072658896,0.5848409826620121,0.8199641454018385,0.021184139051025865,0.962358940971178,0.9383413050561678
RipVIS-001_00167.jpg,0.8259109995609855,0.6802166616905286,0.8096773198358089,0.8918280665835571,0.7413846675224369,0.8570453625213882,0.03180778031308746,0.973222656248944,0.9353019137650505
RipVIS-001_00168.jpg,0.6773290399494809,0.4314557263293028,0.6028209163488266,0.867335429611263,0.46194103886936316,0.7378326592679388,0.022303648236051674,0.9274316406239936,0.8994207585412751
RipVIS-001_00169.jpg,0.6727643599114396,0.42146085256747234,0.5929967776547921,0.9180349676754459,0.4379402565573824,0.7529497950340571,0.013500931096601344,0.9280479600684375,0.9233446260038668
RipVIS-001_00170.jpg,0.6631343136053985,0.3993283568090464,0.5707428922824853,0.8603877781187442,0.4269967491830258,0.7152047822168014,0.02212175035974136,0.9303244357628794,0.8973458092775559
RipVIS-001_00171.jpg,0.7019710166800135,0.46210979887628284,0.6321136746794821,0.873904207824476,0.4951236031098869,0.7579365353644966,0.024537757037404913,0.9446006944434194,0.9112884652946509
RipVIS-001_00172.jpg,0.7190243070997222,0.48939109168169437,0.657169355201548,0.9973695140293191,0.4900235806220522,0.8262731304480807,0.023742755650823937,0.9510655381934124,0.9730750870067639
RipVIS-001_00173.jpg,0.711634901469508,0.47049502439664714,0.6399137930979318,0.9414793769737334,0.4846692261421731,0.792155071585292,0.04023437499214172,0.9546766493045197,0.9483728872285293
RipVIS-001_00174.jpg,0.701162782860274,0.4472486267285536,0.6180674397868193,0.8955256960549792,0.4718694344621782,0.7591999323568925,0.035841584151318495,0.9566525607628509,0.9273349565977635
RipVIS-001_00175.jpg,0.6385608916991619,0.3424505928815082,0.5101872570914566,0.9000623311596551,0.35598652312837087,0.6893478883549219,0.026148063404780507,0.9368207465267613,0.9191389232436544
RipVIS-001_00176.jpg,0.612981415409178,0.3059659312358115,0.4685664823526929,0.9229525545028234,0.31398569928182424,0.6650018850580556,0.012384996459238323,0.9227224392351099,0.9228330871005734
RipVIS-001_00177.jpg,0.6075703365225482,0.30332297776993455,0.4654609531843576,0.9931217393549263,0.3039615353710074,0.6832847397402014,0.016214427528753402,0.9150781249990071,0.9525909793706342
RipVIS-001_00178.jpg,0.6455692300162507,0.36429104770529463,0.5340371445198934,0.984886315315956,0.36633898137265886,0.7362583248281422,0.02374862988239886,0.9297905815962133,0.9561651697124066
RipVIS-001_00179.jpg,0.6070968869891689,0.31144582661380105,0.4749655994833809,0.9861594331466044,0.3128131595457248,0.6893760252231524,0.016764604214178257,0.906845703124016,0.944732529977111
RipVIS-001_00180.jpg,0.6308167013642586,0.3494499204522736,0.5179146186249787,0.9858235182136725,0.35121484890231114,0.7241358860220756,0.015354747614656768,0.9161393229156726,0.9493130971575472
RipVIS-001_00181.jpg,0.6257895926844947,0.3320722914099441,0.4985799848121743,0.7992877589019026,0.3622822700070258,0.6439370553435045,0.009682625065504281,0.9226041666656656,0.8640643925866126
RipVIS-001_00182.jpg,0.6005106885607769,0.29701079091828664,0.4579927830947378,0.8284475401704812,0.31647532533620737,0.6259301211117888,0.0040705563085732584,0.9077517361101262,0.870057178378326
RipVIS-001_00183.jpg,0.7364915282302478,0.5059009714210162,0.6718914205143675,0.8335830004207284,0.5627364320655692,0.7603876714408624,0.008660213956021342,0.9681553819433939,0.9036081975917865
RipVIS-001_00184.jpg,0.7227468915300992,0.476328502406435,0.6452879581069028,0.8611206246708295,0.5159655243070805,0.7595062891941856,0.019299136612671627,0.9700065104156141,0.9173448556236561
RipVIS-001_00185.jpg,0.6934280174839432,0.42133656896730753,0.5928737473819248,0.9105615620094174,0.43952641519600555,0.7498421979336235,0.008168028002284706,0.9663639322906181,0.9392339395256875
RipVIS-001_00186.jpg,0.6668479775722008,0.3785395393326659,0.5491892376419065,0.9583105201033121,0.3848775660799963,0.7383080140044713,0.03096057157159022,0.9563487413184067,0.9573016390786103
RipVIS-001_00187.jpg,0.6673040562833168,0.38900727551932357,0.5601227327968906,0.9609406634181299,0.3952570689096479,0.7470952618502177,0.02716274822479736,0.947421874998972,0.9539372989202651
RipVIS-001_00188.jpg,0.7222161228452717,0.4870701363545517,0.6550735226901537,0.978579419843955,0.4923190972297638,0.8171589246733597,0.0031668696703612983,0.9590212673600705,0.9683953799400699
RipVIS-001_00189.jpg,0.7759051105373546,0.5832657961791496,0.7367882229082803,0.9824556968176945,0.589404877447989,0.8668430256419407,0.0065293822183502305,0.9698708767350587,0.9758810909372901
RipVIS-001_00190.jpg,0.751800029366795,0.5428680971384753,0.7037129073383801,0.9854328157386683,0.5472598357960969,0.8494133417181061,0.007161613748588776,0.9624815538184001,0.9734137580019233
RipVIS-001_00191.jpg,0.70493395630764,0.45990303947465594,0.6300460058500206,0.9291441541230814,0.4766189554086258,0.7808657717842495,0.005348693683326744,0.9520095486100781,0.9411028062790956
RipVIS-001_00192.jpg,0.726626922644793,0.4952393887878406,0.6624215393219688,0.922201426452471,0.5168322725975304,0.7971543631204061,0.0056908718402706865,0.9596755642350698,0.9417783753401452
RipVIS-001_00193.jpg,0.7355047760931092,0.5127876562060717,0.677937388109174,0.9522839899673156,0.5263107941300516,0.8196122482590867,0.005255985983014213,0.9599815538184028,0.9563108796134305
RipVIS-001_00194.jpg,0.7497246280216672,0.5386556641491929,0.7001640155103125,0.9685714285481736,0.5482380441059995,0.8397971546695645,0.004937163374116435,0.9625097656239556,0.9653971410591529
RipVIS-001_00195.jpg,0.7078422179118602,0.4691732545366778,0.6386901654898931,0.9853160599439804,0.47247680373783435,0.8095701414699644,0.007878913537657285,0.9489257812489703,0.9662472869113079
RipVIS-001_00196.jpg,0.7249204637722116,0.4986261327039039,0.6654443317417068,0.989833577025977,0.501192896676329,0.8283188109657795,0.00905722519368933,0.9534722222211877,0.970761308311153
RipVIS-001_00197.jpg,0.7658743662637955,0.5706549800323567,0.7266458735840264,0.9873406688966697,0.5748610864362665,0.8634330007697995,0.016026344672661615,0.9630067274295107,0.9745360369389214
RipVIS-001_00198.jpg,0.7829290301846441,0.6018407160233212,0.7514364068824918,0.9857957490723526,0.6071054580669796,0.8764555356444916,0.02165267343754912,0.9658734809017298,0.9752845927265499
RipVIS-001_00199.jpg,0.7324510454680018,0.5168001364856013,0.6814347178040449,0.9880935390938023,0.5200386286762162,0.837361908283257,0.0188343994280678,0.9508311631934128,0.9684150299689573
RipVIS-001_00200.jpg,0.7162961514629054,0.4905065204634823,0.6581742699266504,0.9922934208446188,0.49238224343949927,0.8248091810035113,0.007352941174968762,0.9451443142350856,0.9673936633219437
RipVIS-007_00000.jpg,0.8813518573511543,0.7864023988177445,0.8804314182943237,0.8360236932443026,0.9298214734607768,0.8532381470987273,0.04724409448130007,0.9782031249989386,0.9146618533431469
RipVIS-007_00001.jpg,0.8674819066496919,0.7630849600147241,0.8656247172664343,0.7844668552373174,0.9655128916574309,0.8150326686032149,0.05028987460559662,0.9742144097211651,0.8905745034067407
RipVIS-007_00002.jpg,0.8650173019413221,0.7588664416368014,0.8629039973388771,0.7815086646199643,0.9632254092575576,0.8121518751337414,0.03600960255588029,0.9735666232628325,0.8889771616961409
RipVIS-007_00003.jpg,0.8594207743715301,0.7487827371728882,0.8563473566572175,0.7664386203458613,0.9701532808139411,0.8000372958001962,0.043990254460748474,0.9725119357628337,0.8818081506523743
RipVIS-007_00005.jpg,0.8605179062172033,0.7509670561064701,0.8577740551856577,0.7677739426125028,0.9716760061007174,0.8014083678562726,0.03555674374608251,0.9725466579850558,0.8825345467318958
RipVIS-007_00007.jpg,0.8568032401852244,0.7445390957685853,0.8535653887889125,0.7563463866705402,0.9794633218400831,0.7924496127899916,0.04341889677178879,0.9716254340267235,0.8771997931100126
RipVIS-007_00008.jpg,0.8577121126439329,0.7462019573141355,0.8546571078890348,0.7594137273518489,0.9772166779414865,0.794844878657174,0.048524951744068796,0.9717762586795011,0.8786208552162671
RipVIS-007_00009.jpg,0.8539388393995552,0.7393686228784754,0.850157480310179,0.7518802228337458,0.9779891304221275,0.7883323598130841,0.04442604855899199,0.9710915798600575,0.874904280559345
RipVIS-007_00010.jpg,0.8563517742431472,0.743889758109796,0.8531385136593712,0.7630054922523948,0.967418641377979,0.7966724741214404,0.040799673597062464,0.9714040798600571,0.879933239126125
RipVIS-007_00011.jpg,0.8491225313820603,0.7310867440191714,0.8446563946550268,0.7455390628010586,0.9741695037530413,0.782257062380913,0.03481836874094334,0.9698502604156143,0.8715486008838511
RipVIS-007_00012.jpg,0.8510450596825938,0.7344957861015743,0.8469271496501187,0.7465440510343573,0.97849989674558,0.7836996427862671,0.04088962563325188,0.9702604166656139,0.8722562164545289
RipVIS-007_00013.jpg,0.8439933659608988,0.722164062267961,0.8386704589769747,0.7340935495451972,0.977992534097551,0.7726304021241659,0.027968193031537126,0.96861111111006,0.8660140258898852
RipVIS-007_00014.jpg,0.8469603353030377,0.7275841938470531,0.8423140202815119,0.7450388561611768,0.9688049544948799,0.7811222120391413,0.022889457382134177,0.9691134982628373,0.8710259383044063
RipVIS-007_00015.jpg,0.8465249753556376,0.7264530609015706,0.8415555306464106,0.7420598059100139,0.971863432803926,0.7788947851017132,0.021285249454814907,0.9693185763878371,0.8697049492119837
RipVIS-007_00016.jpg,0.8432940078599649,0.7205862383293509,0.8376054884979474,0.735641858431342,0.9723825604249633,0.7732958886485564,0.030510329726294933,0.9687424045128378,0.8665353033650879
RipVIS-007_00017.jpg,0.8432875944189437,0.7208353382665689,0.8377737511976949,0.7386712162529101,0.9675885855890303,0.7753589433040382,0.039580747477647116,0.9685243055545046,0.8678061012622691
RipVIS-007_00019.jpg,0.8406113830815634,0.7159998843382519,0.8344987559417766,0.7369893454421839,0.961745096757567,0.7731245303911101,0.02469641151252607,0.9680262586795052,0.8666945952349161
RipVIS-007_00021.jpg,0.8408827427809202,0.7167374583790922,0.8349994984740657,0.7423532325911087,0.954067923939512,0.7768300952452051,0.03137845984771465,0.9678710937489498,0.8689790350356186
RipVIS-007_00023.jpg,0.8412175720259647,0.7176777004241354,0.8356372097593439,0.7425889085900789,0.9553443102327929,0.7772056862704876,0.03202943982117631,0.9676551649295055,0.8691335307711139
RipVIS-007_00024.jpg,0.8409245265870657,0.7178033295775481,0.8357223638099179,0.7588341653162334,0.9299485783676352,0.7878268498964487,0.036892419545322144,0.9670583767350618,0.8758694219058486
RipVIS-007_00025.jpg,0.8314885444102718,0.7022557742365215,0.8250884324965678,0.7611681505507495,0.9007285134532839,0.7855097872066653,0.034988861219369824,0.9640516493045095,0.8753260716554667
RipVIS-007_00026.jpg,0.8311570565746034,0.7018659084953656,0.824819282167643,0.7639153789190387,0.8962757455256853,0.787164790912956,0.034682843197325224,0.9638172743045097,0.8764101805560338
RipVIS-007_00027.jpg,0.831946988970216,0.7026948526344686,0.8253914100312627,0.7540249140401661,0.9116795025682226,0.7810375093319344,0.02840079628023878,0.9644585503461757,0.8724332942858034
RipVIS-007_00029.jpg,0.8340644099798524,0.7064594886438754,0.827982724870075,0.7590817331529918,0.9106405381584015,0.7852186773034406,0.0450852965008008,0.9649066840267307,0.8748781988071468
RipVIS-007_00031.jpg,0.8293861249698822,0.6987408062709569,0.8226573514823833,0.7565922528255331,0.9013637987975819,0.7817027156188575,0.03153393906580252,0.9634223090267324,0.8730679529365264
RipVIS-007_00032.jpg,0.834812837236239,0.7079758700967366,0.8290232695812477,0.7583675127615852,0.9141974228801331,0.7851335679476985,0.025944347355028315,0.964912109373953,0.8746874326351001
RipVIS-007_00033.jpg,0.8330152953186857,0.7048978121841641,0.8269091638766448,0.7565564424100212,0.9116876462741865,0.7832103893193764,0.03423545331065826,0.964434678818398,0.8736431703435226
RipVIS-007_00035.jpg,0.8328105273357758,0.7041913120841699,0.8264228400776987,0.7533437013923665,0.9152034008275941,0.7809675436563517,0.027834351659492957,0.9646733940961755,0.8722863464938972
RipVIS-007_00036.jpg,0.8281536024306126,0.6972453701609818,0.8216199995818504,0.7657951334230348,0.886223869092869,0.7871893247677682,0.0314615690918012,0.9625889756934,0.8766658525799487
RipVIS-007_00037.jpg,0.8308225531524995,0.701260139691259,0.8244008348053369,0.7551403669210273,0.9076492105279941,0.78139948338542,0.037097654113871024,0.9637554253461764,0.8726922539813905
RipVIS-007_00038.jpg,0.8277798580336235,0.6959993583226003,0.8207542708164308,0.7521163384142908,0.9031780542986634,0.7781462232567038,0.03217049001870904,0.9629871961795107,0.8709393392248217
RipVIS-007_00039.jpg,0.8227892916567952,0.6880486040228372,0.8151999917338029,0.7401312705040776,0.9072154284559212,0.7684362393109142,0.022826808225238644,0.9611675347211793,0.8651125706462408
RipVIS-007_00040.jpg,0.8205015321518654,0.6842114392204657,0.8125006436687684,0.739058343006529,0.9021497998753328,0.7667822611684116,0.027711797304339956,0.9604904513878467,0.8642785247594451
RipVIS-007_00041.jpg,0.8147904110324342,0.6758354455653363,0.8065654027712081,0.7530169170243024,0.8683128012761832,0.7735598047037536,0.029388611909027994,0.9578135850684052,0.8689570768046502
RipVIS-007_00043.jpg,0.8282629261970663,0.6996188225052881,0.8232655619499781,0.7741442345697539,0.8790429681280884,0.7930721521877364,0.019981474127301644,0.9608376736100686,0.8799584548951085
RipVIS-007_00045.jpg,0.8398932934224882,0.7181227449406408,0.8359388140984666,0.7520750598373697,0.9408531827878649,0.7835169161150265,0.016144479406739024,0.9650748697906195,0.8728654837975689
RipVIS-007_00047.jpg,0.8230561542548006,0.6906584484815368,0.8170289499950164,0.7648370198368379,0.8768656323862545,0.7848926430907642,0.01711556321917002,0.9594835069434033,0.8752150799357427
RipVIS-007_00048.jpg,0.8204386084263471,0.6867792908369658,0.8143084214606305,0.7695693465247327,0.864570402658481,0.7868617963910836,0.01421800947680121,0.958295355901738,0.876656899561244
RipVIS-007_00049.jpg,0.8319386635531708,0.7053656139815553,0.827230956457158,0.7626160863044473,0.9038087898392059,0.7872116746364439,0.022575819390374563,0.9622601996517337,0.8758539273929007
RipVIS-007_00050.jpg,0.8310625376974519,0.7039417562588879,0.8262509603666696,0.7632347689053833,0.9006094398242933,0.7872514867346245,0.02055540429886259,0.961965060762845,0.8759563730525123
RipVIS-007_00051.jpg,0.8323541877625464,0.7061599749582922,0.8277769790907848,0.7637281716740574,0.9035518711618412,0.7881203297097482,0.024757215151859222,0.9623036024295114,0.8763782995137064
RipVIS-007_00052.jpg,0.82974247234586,0.7018098368313833,0.8247805620140145,0.7626494688021244,0.8979328443191086,0.7863437202135395,0.018394876683690574,0.9615093315961789,0.8754820665484253
RipVIS-007_00053.jpg,0.8327353088387544,0.7067395727305296,0.8281750584828256,0.7593037870852751,0.9107862737929404,0.7854304336274681,0.021209633275696547,0.962464192707289,0.8746223667831716
RipVIS-007_00054.jpg,0.8357310713938629,0.712034031873431,0.831798922938783,0.7685377431765141,0.906408776594574,0.792651290033489,0.02701961321807439,0.9631271701378438,0.8789282762922472
RipVIS-007_00055.jpg,0.8358872853529843,0.7122603088349546,0.8319533019130557,0.7676838803415819,0.9079670329572125,0.7921620805495792,0.02214022139918816,0.9632020399295104,0.8786040143617166
RipVIS-007_00056.jpg,0.8312002908176654,0.7047525445127955,0.8268092008793078,0.7718846925673063,0.8901489648113728,0.7929549271276914,0.01743950249865628,0.96153645833229,0.8795123849539486
RipVIS-007_00057.jpg,0.8334330619284771,0.7077645414667778,0.8288783661697151,0.7573953165965368,0.9152607742133219,0.7844561347172769,0.017776562283908576,0.9627875434017331,0.8739620633739206
RipVIS-007_00058.jpg,0.8273912661696173,0.6993455603078343,0.8230763379063982,0.7903107994522633,0.8586762429977117,0.8030989051772128,0.01933739012585025,0.959622395832292,0.8863840532013099
RipVIS-007_00059.jpg,0.8329339757441987,0.7079152823861469,0.8289817295821732,0.7836076123859189,0.8799335143359185,0.8011478673466894,0.017304809917249652,0.9618413628461786,0.8846497887471308
RipVIS-007_00060.jpg,0.8276015476006909,0.699212778648569,0.8229843695086524,0.7826906535313896,0.8676519816103747,0.7983252101420734,0.01578095494796588,0.960074869790625,0.8833146048064473
RipVIS-007_00061.jpg,0.823078047397406,0.6918038347788473,0.8178298459398868,0.7862224057938757,0.8520850742026573,0.7985676034487902,0.013410999727253996,0.9585948350684043,0.8839627942850535
RipVIS-007_00062.jpg,0.824828222834884,0.6948997957925139,0.8199892377325911,0.790357375627309,0.851929546795449,0.8019493584107066,0.012303948078379671,0.958983289929515,0.8859719647641264
RipVIS-007_00063.jpg,0.8211517977211846,0.6888734286481714,0.8157786332153592,0.7912430079010293,0.8418846018447101,0.8008779954482574,0.01617250673636489,0.9577832031239607,0.8856679771198691
RipVIS-007_00064.jpg,0.8139101335879199,0.6769558820004804,0.807362780698707,0.7915631612771041,0.8238059672830844,0.7978082181618558,0.01868530716242972,0.9554513888878522,0.8844635995576345
RipVIS-007_00065.jpg,0.8149867459477929,0.6785074721424502,0.8084652387950372,0.7877190561539238,0.8303337664523949,0.7958884348986701,0.0176264800837424,0.9559754774295183,0.8830973755228322
RipVIS-007_00066.jpg,0.8116085641624248,0.6726318206599733,0.8042795938135049,0.776620740720096,0.8339813069349477,0.7874528154965404,0.01677627163913887,0.9551399739572969,0.8779006419727131
RipVIS-012_00000.jpg,0.8190862290034566,0.6567192113992281,0.7927948283337377,0.9109239333974407,0.7017867460620075,0.859685516099877,0.063559322018056,0.9820887586794899,0.9478971337288202
RipVIS-012_00001.jpg,0.8185640688302629,0.6560746137542384,0.7923249451508106,0.9197733970152564,0.6958978244248101,0.8641713127489933,0.06430155209058844,0.981714409721157,0.9519647361521841
RipVIS-012_00002.jpg,0.7983470684554892,0.6187111967338372,0.7644491469290444,0.890201898549741,0.6698272229104545,0.8352425592735834,0.03006106152417542,0.9787424045128269,0.9362567261267208
RipVIS-012_00003.jpg,0.8074100512017279,0.6359943516908912,0.7775018917804402,0.9111542191794054,0.6780433482362079,0.852534084249939,0.03936269914729083,0.9795811631933815,0.94676190036062
RipVIS-012_00004.jpg,0.8093351979001717,0.6395754918194952,0.780172056743463,0.8917412827415874,0.6934160706627384,0.8434915663637108,0.04966571154496998,0.9798426649294923,0.9376327619332283
RipVIS-012_00005.jpg,0.8049349869163076,0.6315869863939287,0.774199588083058,0.9004300723800852,0.6790098115546819,0.8453007614861757,0.03847039851682322,0.9790624999989377,0.9413786300606222
RipVIS-012_00006.jpg,0.79224055032409,0.6084365054432856,0.7565564489293911,0.9129906696595541,0.6458882574521865,0.8432469366838168,0.03808894759179019,0.97690429687394,0.9462550296022803
RipVIS-012_00007.jpg,0.803703231524914,0.6292835484919758,0.7724665839465757,0.9048258842636461,0.6738890703995694,0.846788265725078,0.046857650444846174,0.9789062499989378,0.9433922333088355
RipVIS-012_00008.jpg,0.7936912720564916,0.6104812104089629,0.7581351542175874,0.901576456727198,0.6540719523705675,0.8381447217030492,0.033490768563011857,0.9777083333322725,0.941176957399593
RipVIS-012_00009.jpg,0.8046693051537602,0.6306956301777349,0.7735295520587043,0.8968253968005966,0.6800377437475353,0.8430731316744481,0.04142011833411788,0.9793945312489373,0.9397960589512444
RipVIS-012_00010.jpg,0.81260961113224,0.6455256128094452,0.7845828807335596,0.898147135961463,0.6965137225665675,0.8489922656843345,0.03572984748676909,0.9804177517350473,0.9409832456328071
RipVIS-012_00011.jpg,0.8128656212225251,0.6454943237826811,0.7845597696123454,0.8527664561961489,0.7264557708726352,0.8241084944033117,0.06966845876575527,0.9809233940961578,0.9195658252259953
RipVIS-012_00012.jpg,0.8182586473093899,0.6555320188883915,0.7919291338485246,0.849025245974384,0.7420284508624714,0.8252265372998088,0.052794345029203806,0.9816493055544904,0.9181818044783958
RipVIS-012_00013.jpg,0.8082064015344741,0.6372518306645798,0.7784408222721753,0.8412251227489991,0.7243773786311372,0.8149340731430059,0.044692737420920184,0.9798969184017146,0.9135993890234184
RipVIS-012_00014.jpg,0.8273013273948968,0.6730581216569952,0.8045842675093667,0.8798841879889435,0.7411565671938051,0.8481339193225589,0.03916172734141369,0.9822200520822676,0.9332730648723162
RipVIS-012_00015.jpg,0.8280029205391984,0.6746419014506012,0.8057148228122273,0.8678748607657215,0.7518638715737246,0.8418943605256438,0.05224043714705127,0.9820572916656011,0.9275231334608917
RipVIS-012_00016.jpg,0.837687451548931,0.6927673644863301,0.8185027417474465,0.9142023499483689,0.7409403693998393,0.8733570721858662,0.05044381899752244,0.983263888887822,0.95021989849684
RipVIS-012_00017.jpg,0.838637953963067,0.6946204102568735,0.8197946939062085,0.9321518987093363,0.7316098805561145,0.8837053018781169,0.058287409907103134,0.9833138020822664,0.9588186465234686
RipVIS-012_00018.jpg,0.8285263236915439,0.6758896348194363,0.8066039920251169,0.9545653841676377,0.6983560545168733,0.8893121196029574,0.05949656749334375,0.9818749999989346,0.9687831643420162
RipVIS-012_00019.jpg,0.8460084044435471,0.7079793814287014,0.829025676921798,0.9400700870355344,0.7414437174593197,0.8922641166229244,0.053754444665602495,0.984632161457265,0.9632706373771583
RipVIS-012_00020.jpg,0.8157440904816908,0.6501671678059977,0.7880015800707469,0.9651641902558008,0.6657910036246896,0.8855285391070252,0.05095839175994427,0.9819476996517122,0.973858158457249
RipVIS-012_00021.jpg,0.8077472596450392,0.6348810680503003,0.7766694231861605,0.9597317579128299,0.6522560062362511,0.8770434873961841,0.060046728957933004,0.9812456597211575,0.9708670752020094
RipVIS-012_00022.jpg,0.7876039553705558,0.5978704348572421,0.7483340599022441,0.967721151956455,0.6100359441827258,0.8661503595504322,0.04525063389014031,0.9780761718739387,0.9730791333316069
RipVIS-012_00023.jpg,0.7819826949758295,0.5869538956998801,0.7397239419372308,0.9467121285615615,0.6070082658267504,0.8514155213803013,0.038320816476348774,0.9777387152767169,0.9627617142260669
RipVIS-012_00024.jpg,0.7592975317068071,0.5448242377054802,0.7053543366392347,0.9336683751270163,0.5667616219050293,0.8266393998149468,0.018132366270510902,0.974569227429498,0.9548079950945293
RipVIS-012_00025.jpg,0.7743160662522872,0.5720166294502853,0.7277488275048496,0.9445722015236871,0.5918838736895129,0.8439898471021937,0.025506376589364894,0.9773242187489395,0.9614910602357523
RipVIS-012_00026.jpg,0.7775026935937894,0.5777768557201407,0.7323936254045602,0.9361973913898011,0.6014599170568102,0.8424281289323395,0.01961137099323293,0.9779166666656055,0.9577528087086185
RipVIS-012_00027.jpg,0.7826321612835175,0.587367585286823,0.7400523870224942,0.9472655591553302,0.6072230862146357,0.8518581367724419,0.0365767045389601,0.9785709635406048,0.9634390745151319
RipVIS-012_00028.jpg,0.7832752200918376,0.5884872150021311,0.7409404488047349,0.9594085837169071,0.6035136066008544,0.858192505510654,0.03824091777537964,0.978730468748938,0.969385840790985
RipVIS-012_00029.jpg,0.777459000444918,0.5777169858124489,0.7323455233195101,0.9468428381866498,0.5970826996680643,0.8475472937227503,0.025551885968094577,0.9778906249989389,0.9628790157767755
RipVIS-012_00030.jpg,0.7373527509289035,0.5042236071387554,0.6704104426307463,0.9700964281494421,0.5121844252819735,0.8229473039215687,0.014777550697252388,0.9713422309017238,0.9707386239695699
RipVIS-012_00031.jpg,0.7564663821606734,0.5385575142771762,0.7000810945051916,0.9696728141972654,0.5477842595323348,0.8402459011246397,0.04093859210501937,0.9751193576378309,0.9724801569372932
RipVIS-012_00032.jpg,0.756978518456962,0.5389884196774999,0.700445062205792,0.9380347234316079,0.5588875143847014,0.8259680002017323,0.044336623716858516,0.975680338540608,0.9574459115633549
RipVIS-012_00033.jpg,0.7542573138092786,0.5329755744259252,0.6953477711156828,0.9277188820176544,0.5560665644525302,0.8183310336709805,0.034577670732052694,0.9762033420128297,0.9526921547130633
RipVIS-012_00034.jpg,0.7496146157864507,0.5255672674500007,0.6890122496250082,0.9750335870661653,0.5327365780940657,0.836187086739168,0.036194587408900115,0.9744086371517204,0.974711754663691
RipVIS-012_00035.jpg,0.7342189373724133,0.4965785536060533,0.6636184280598324,0.9736358301985669,0.5033467472750127,0.8203426251227663,0.021202003335358596,0.9726193576378335,0.973113093300485
RipVIS-012_00036.jpg,0.7424924434359248,0.5128885075749154,0.678025518743678,0.9604206221352264,0.5239631887071439,0.8232657711231017,0.02256272099300173,0.9728927951378332,0.9668477080154436
RipVIS-012_00037.jpg,0.7792072635503546,0.5840935161307316,0.7374482758535926,0.9751345107160186,0.5929246067576118,0.8637736885471025,0.02017699114687133,0.9752148437489419,0.9751761640704952
RipVIS-012_00038.jpg,0.7534955242919126,0.5433751029957183,0.7041387436417986,0.9913940587642854,0.5459502669291412,0.8523127390068014,0.043824701187944105,0.9651258680545083,0.9776861530953889
RipVIS-012_00039.jpg,0.8573097918437538,0.7331737076762468,0.8460475766843356,0.9729906196057851,0.7484054574244847,0.9179009785523339,0.0428100987847036,0.982345920137823,0.9779137141245915
RipVIS-012_00040.jpg,0.8581754714110272,0.7371769786985352,0.8487068246216527,0.9889176209634103,0.7433176962201571,0.9276186446551089,0.04227812717640144,0.9803233506933807,0.9843664948681621
RipVIS-012_00041.jpg,0.9122799222432615,0.836614880149323,0.9110400761658899,0.9797758150752505,0.8513163539164696,0.9510733544679023,0.04453441294727007,0.9886458333322605,0.9844905954653704
RipVIS-012_00042.jpg,0.8757161146168975,0.7700991111127979,0.8701197647951636,0.9890400466666234,0.7767275331073867,0.9377734127793782,0.04983561168890195,0.982431640623934,0.9855268025713846
RipVIS-012_00043.jpg,0.9248808816261104,0.8599873677426182,0.9247238800189763,0.97323135753519,0.8808222279583254,0.953230232851202,0.04815351193914672,0.9903786892350365,0.9823592855130214
RipVIS-012_00044.jpg,0.8404882318404614,0.7070799896362014,0.828408737644319,0.981600273103308,0.7165774699522985,0.9139930667094978,0.030637254897267575,0.9754437934017194,0.9783241998020752
RipVIS-012_00045.jpg,0.8129089376050447,0.6587448719556658,0.7942690682491796,0.98956124903896,0.6633545309936003,0.9009520382123929,0.04678362572397906,0.9690407986100597,0.9786415528489942
RipVIS-012_00046.jpg,0.8093450246911208,0.6519293671693531,0.789294482107864,0.9924664204290012,0.6551715772412372,0.8998177474652904,0.041666666660376404,0.96870876736006,0.9798420928296028
RipVIS-012_00047.jpg,0.8687661775505577,0.7574571372343708,0.8619921603622677,0.9891170920102396,0.7638228635998328,0.9340182142807713,0.04561630539540338,0.9812424045128242,0.9849318826903708
RipVIS-012_00048.jpg,0.8410039454779403,0.7075455516906899,0.8287281718372066,0.9825213902093674,0.7165648926266177,0.9146276985840641,0.04504080350831123,0.9759483506933855,0.9790279758672877
RipVIS-012_00049.jpg,0.8500061731679073,0.7230807473902712,0.8392882904477095,0.9783802974628452,0.7348219047248601,0.9175551489916515,0.04396647160462336,0.9782421874989385,0.9783069853503568
RipVIS-012_00050.jpg,0.8596023712918763,0.7401299350219158,0.8506605399126064,0.9727695829866613,0.7557885220932611,0.9199476090413449,0.042593769859727626,0.9802517361100475,0.9767402389461065
RipVIS-012_00051.jpg,0.8327475057198646,0.6904294652916606,0.8168687064059622,0.9574434518338472,0.7122883718096258,0.8957815186827947,0.037796284427002516,0.9763791232628295,0.9674625671927104
RipVIS-012_00052.jpg,0.8702968549070446,0.7585867441779554,0.8627231459458702,0.9725881517517435,0.7751599264295119,0.9254470736146817,0.03267761339088317,0.9829698350683779,0.9780812320324426
RipVIS-012_00053.jpg,0.8797330173398776,0.7753792958463205,0.8734801601667868,0.9834819141103908,0.7856102152609379,0.9363159229703627,0.027554935467813926,0.9849153645822646,0.9842387085569713
RipVIS-012_00054.jpg,0.8914268048128199,0.7967193317769159,0.8868600873670993,0.973501383318506,0.814380496822946,0.9368898145627966,0.05459387482317027,0.9868489583322625,0.9805482753113932
RipVIS-012_00055.jpg,0.8817211287429517,0.7783493777351339,0.8753615993347971,0.9632711379861474,0.8021556927997383,0.9260703218742804,0.05069214270799529,0.985834418401708,0.9751670927314222
RipVIS-012_00056.jpg,0.8451037492923249,0.7109724735576249,0.8310741225185231,0.9270751397034346,0.7530897412057458,0.886130797630495,0.03234734474444779,0.9802441406239364,0.9551302824666659
RipVIS-012_00057.jpg,0.8568641457657585,0.7317445250401426,0.8450952371547766,0.9225541735922863,0.7796359170559193,0.8899269422959579,0.05842741135701576,0.9828276909711557,0.9543029691054861
RipVIS-012_00058.jpg,0.832033481950363,0.6849976950933909,0.8130547562030048,0.8969394826653341,0.7435184670272322,0.8613908152092234,0.038581449719684045,0.9799804687489366,0.9405780266061889
RipVIS-012_00059.jpg,0.8330339804729994,0.6869360934137936,0.8144186328050698,0.9223525108934524,0.7290992862818846,0.8759187465540221,0.03906099672136598,0.9800455729156032,0.952636651344787
RipVIS-012_00060.jpg,0.8282092233144441,0.6783135142234141,0.8083275365118918,0.9296441061297482,0.7150190748982082,0.876995131039301,0.04755327544444489,0.9790711805544932,0.9555892789374986
RipVIS-012_00061.jpg,0.8095193844281787,0.644017391012849,0.7834678568893748,0.8926075268617247,0.6981095712686702,0.8454954018256895,0.047987309131868466,0.976101345485052,0.9364794841017137
RipVIS-012_00062.jpg,0.8273687893267072,0.6775592828115552,0.8077917600336361,0.9298849053902658,0.7140390085210274,0.8768712574850299,0.04980468749027252,0.9782226562489386,0.9553047482143247
RipVIS-012_00063.jpg,0.8200147376297666,0.6640549260077867,0.7981165953469007,0.9212638355840441,0.7040101095079357,0.8677097264563933,0.03967642526200377,0.9770638020822732,0.9506079062695842
RipVIS-012_00064.jpg,0.8067928672142657,0.6396623942920844,0.7802367078965122,0.924224221934306,0.6750662251543863,0.8606903423003529,0.029161143717257875,0.9750770399294976,0.9509289883306018
RipVIS-012_00065.jpg,0.7956826900915778,0.6194639948271281,0.7650234853084877,0.9113743754174363,0.6591719266007265,0.8465922932820337,0.02001853567747571,0.9731304253461663,0.9438090611730323
RipVIS-012_00066.jpg,0.7837122224909647,0.5972286020426086,0.7478310885227645,0.8985049871945243,0.640434125826868,0.8314929140303904,0.020841086709929086,0.9714572482628347,0.9367842208217121
RipVIS-012_00067.jpg,0.7836382363578362,0.5965770933256971,0.7473201210509879,0.8910462354870082,0.6435200753136808,0.8273956730020926,0.02577993647939848,0.9719162326378343,0.9334579629479574
RipVIS-012_00068.jpg,0.7777742982408915,0.5853876973747287,0.7384789201330154,0.8673697443575134,0.6429384965720484,0.8107666997440852,0.02789217521005388,0.971367187498946,0.9219105057097939
RipVIS-012_00069.jpg,0.7903055366020134,0.6086489220362798,0.7567206414011485,0.8761774743827946,0.6659288209340793,0.8241377243971133,0.029817780226427795,0.9731336805544997,0.9270832110699492
RipVIS-012_00070.jpg,0.7943263043866728,0.6154620266419604,0.7619640901387367,0.8713776858354274,0.6769620795422951,0.8240463854793282,0.032133676086644566,0.9742936197906095,0.9253857401423677
RipVIS-012_00071.jpg,0.8023096359286239,0.6302114012594049,0.7731652481052959,0.8961377384621653,0.679870084009746,0.8425353936615159,0.038178885098014176,0.9754774305544971,0.9377481389944733
RipVIS-012_00072.jpg,0.794219784648227,0.6153535092018285,0.7618809204257517,0.8851326198025795,0.6687585697593651,0.8313374649266191,0.035528440689838785,0.9741970486100541,0.9318432441840407
RipVIS-012_00073.jpg,0.7987637630444372,0.6236611727780169,0.7682159101100614,0.8852276934263877,0.678526453935217,0.8343911535693254,0.04299334411890747,0.9749511718739421,0.9322966050506754
RipVIS-012_00074.jpg,0.7978267685808922,0.6216465473127641,0.766685623748155,0.8849165416146634,0.6763240879976291,0.8335026232577859,0.04989910107321609,0.9750716145822753,0.9321817344176531
RipVIS-012_00075.jpg,0.8022271831015828,0.6303058777682862,0.7732363433923299,0.8867640689971791,0.6854781873161343,0.8375744893389825,0.03796151845415817,0.975239800346164,0.9332131551084263
RipVIS-012_00076.jpg,0.8180549761324543,0.659148836262339,0.7945626357997417,0.8895048877423628,0.7179332639176313,0.8489294707607518,0.07169740307269526,0.9779437934017167,0.9359515211527982
RipVIS-012_00077.jpg,0.8138168498755416,0.6509264286573414,0.7885589779875584,0.8899482682420501,0.7079089164321688,0.8464169093636925,0.06543967278947022,0.9776768663183836,0.9359649559027683
RipVIS-012_00078.jpg,0.8001682010614418,0.625934254900689,0.7699379639909495,0.8788336080403307,0.6850534773750827,0.8317768920100725,0.04363957596402127,0.9754535590267194,0.9295121568089925
RipVIS-012_00079.jpg,0.8045647277322758,0.6333698105356445,0.7755375499782726,0.8831088329745355,0.6913271495363781,0.836687582726858,0.030412092850384723,0.9767339409711624,0.9321535718373872
RipVIS-012_00080.jpg,0.7996092007225859,0.625766773152943,0.7698112465902567,0.9079173040164114,0.6681733672084846,0.8471266505486331,0.05277001478665625,0.9745800781239425,0.9428857899112844
RipVIS-012_00081.jpg,0.8435620023236271,0.7050407957843403,0.827007538502928,0.883720930211924,0.7771344092485497,0.8601270828220022,0.06275914058372424,0.9828190104156003,0.9356848017934147
RipVIS-012_00082.jpg,0.8287614702949486,0.6772325228400645,0.8075594929357846,0.8545577659275577,0.7654612762059385,0.8351169423844838,0.03169276658618703,0.981073133679491,0.9208983883639354
RipVIS-012_00083.jpg,0.8420203914163709,0.7013699696290696,0.824476724227102,0.8853352984307213,0.771446917791707,0.8599446459247948,0.026843100183961605,0.9833485243044885,0.936606733549961
RipVIS-012_00084.jpg,0.8548244581068138,0.7248889613152502,0.840505073164261,0.930096985833004,0.7666566109126303,0.8920619797412497,0.04085070540306365,0.9853483072905975,0.9589189651086373
RipVIS-012_00085.jpg,0.8521715020982374,0.7199057619123849,0.8371455900140862,0.9543631027448275,0.7455723360240298,0.903745933321775,0.04478916319755535,0.9850358072905978,0.9703434729532975
RipVIS-012_00086.jpg,0.7826895127703777,0.5929791271248547,0.7444907683066938,0.9480281015235502,0.6129032257959071,0.8545747635976338,0.03325272067044483,0.9734667968739437,0.9612881231259388
RipVIS-012_00087.jpg,0.7498569645714843,0.5345690174723543,0.6967024765726899,0.9479450590308389,0.5507358877142343,0.8284446520317609,0.015427539797238217,0.9664865451378402,0.9576081775404963
RipVIS-012_00088.jpg,0.6988882495495371,0.4479239184429647,0.6187119540433352,0.9641949208979583,0.4555004930285518,0.788155465530366,0.04805725970551171,0.9518131510406339,0.9577423993840813
RipVIS-012_00089.jpg,0.662891332874052,0.3891639014264357,0.560285076551198,0.9738633269541557,0.3932713979397145,0.7518654755648976,0.015362457990820538,0.9390787760406477,0.9557491168877836
RipVIS-012_00090.jpg,0.6531078742955372,0.3725226523188879,0.5428291499444587,0.9633749171736758,0.3778742476034094,0.7354614412136536,0.026247987113325603,0.9362044270823174,0.9492337218350381
RipVIS-012_00091.jpg,0.6654688025653532,0.39150820525735297,0.5627105952780859,0.9540223540512206,0.39903729611341165,0.7464017515146543,0.021006350753784993,0.941701388887867,0.9476097437179116
RipVIS-012_00092.jpg,0.7147324459959891,0.4728169979373158,0.6420580406112875,0.9612619140248241,0.48200111793624933,0.80181135163282,0.029407012436676844,0.9582703993045157,0.9597055608925645
RipVIS-012_00093.jpg,0.8497728173498698,0.7146947779087368,0.8336116574407342,0.9562120437891988,0.7388768282626389,0.90308488113425,0.026343743355355057,0.9854047309017085,0.9713886761594559
RipVIS-012_00094.jpg,0.8184258652037198,0.6565088233429106,0.7926415049429629,0.9612293688693946,0.674365969472075,0.8858632461388988,0.03175675675139244,0.9810546874989354,0.9715300588409144
RipVIS-012_00095.jpg,0.8607896372802896,0.7349617776029116,0.8472368522358601,0.9713974313370037,0.7512187343215814,0.9176081028437865,0.03907203906249767,0.9870963541655956,0.9795470931852608
RipVIS-012_00096.jpg,0.6549497149550197,0.3865058616665315,0.5575250308743231,0.978326531530785,0.38984390073235414,0.7514566545647746,0.02630826422271829,0.9269205729156609,0.9513542205158481
RipVIS-012_00097.jpg,0.759298077169735,0.570405131207793,0.726443285076503,0.9938676004725991,0.572419782865405,0.8663033032769887,0.025596778828645847,0.9515256076378564,0.9712306292807733
RipVIS-012_00098.jpg,0.7288509983520319,0.5321383922257408,0.6946348905893575,0.996164072439537,0.5332310383640719,0.8487865543997433,0.0449260042223935,0.931373697915656,0.9610147595447237
RipVIS-012_00099.jpg,0.8399043598993137,0.7124996131514406,0.8321165244998306,0.7943439408311079,0.8736607763907857,0.80903385411176,0.02168632893447496,0.969759114582281,0.8911886169334386
RipVIS-012_00100.jpg,0.8086281762397762,0.660013642431157,0.7951906244150383,0.737222239609886,0.8630532000578792,0.7593649346572462,0.037154281899841005,0.9605197482628467,0.8618248826420682
RipVIS-012_00101.jpg,0.7765030310598073,0.6088619094763061,0.756885231591435,0.7783126933268055,0.736605983086503,0.7695977517861692,0.0046222505571210945,0.9486121961795262,0.8732163262729427
RipVIS-012_00102.jpg,0.8651108760530852,0.7642791023428296,0.8663925127582416,0.9740147940210219,0.7801869445229324,0.9279092654241489,0.027597168035313223,0.9693294270822815,0.9714057351528801
RipVIS-012_00103.jpg,0.6953649279923408,0.502583299316298,0.6689589848961881,0.9958602928550586,0.5036354927397588,0.8330291857092752,0.007385332986863781,0.8995041232629128,0.9422121461563409
RipVIS-012_00104.jpg,0.6785684460037422,0.4790429042879587,0.6477741827490524,0.9991718025555897,0.4792331938709201,0.8210204424332948,0.016077953713023393,0.8903819444434783,0.9386736934925801
RipVIS-014_00000.jpg,0.7639778074814045,0.578547123115683,0.7330121662427995,0.8375555901051932,0.6516708205257983,0.7923529100248902,0.04312101910553369,0.9526938657402813,0.8999634759170347
RipVIS-014_00001.jpg,0.757123774395508,0.5662766985056723,0.7230864112911037,0.7835007454793759,0.6713219800655985,0.7581627515042547,0.03539596024139814,0.9512803819439857,0.8748030171913785
RipVIS-014_00002.jpg,0.7578949968505302,0.5683242313420456,0.7247534916370187,0.7763642993108248,0.679576876114274,0.7548623374109327,0.03548549177016169,0.9508641975304056,0.8715451105683224
RipVIS-014_00003.jpg,0.7482465430275842,0.5527589981568983,0.7119701110256196,0.7801727879223196,0.6547333456325466,0.7513815603216322,0.04222962357555272,0.9473924575612716,0.8713841406311016
RipVIS-014_00004.jpg,0.7411995636783508,0.5424468700652145,0.7033589040798273,0.7533854152388603,0.659562451836393,0.7325444793510559,0.033021463949549225,0.9439429012341127,0.8578820450173539
RipVIS-014_00005.jpg,0.7370722353602142,0.534753048041947,0.6968587535619365,0.736768597066277,0.6610504674694745,0.7202683819215548,0.044946579881803596,0.943338638116829,0.8500687357004306
RipVIS-014_00006.jpg,0.7519935437291013,0.5577813714426598,0.7161227906148332,0.7036174689428295,0.7290806671126889,0.7085668190373756,0.020794794921171474,0.9496238425921346,0.8388312362232249
RipVIS-014_00007.jpg,0.7717943067635411,0.590425340341648,0.7424747649139135,0.7079087140474787,0.7805897127573858,0.7213415908565897,0.025299947833509393,0.9561255787032426,0.8441933822816965
RipVIS-014_00008.jpg,0.7706592030062231,0.5891961687763034,0.7415021258577413,0.718793325740988,0.765692612701401,0.7277078638675858,0.024560956984947764,0.9551986882711443,0.8486000495321422
RipVIS-014_00009.jpg,0.7577152596441046,0.5673363015350481,0.7239496730591888,0.7143822545117106,0.7337768349933154,0.718178715300348,0.02276707530505585,0.9514019097217634,0.8444988515360144
RipVIS-014_00010.jpg,0.7439272390915184,0.5456329894209264,0.7060317593575026,0.7147334757024897,0.6975393772192913,0.7112271761310172,0.023674824743348,0.9459702932094204,0.8418954384400524
RipVIS-014_00011.jpg,0.8163130643241594,0.6661612927975713,0.7996360204467983,0.6935280033664113,0.9440774669288767,0.7324025832145118,0.04539231932809335,0.9685681905859527,0.8447216585873285
RipVIS-014_00012.jpg,0.8171537916248128,0.6673415597763669,0.8004857263509637,0.7374019419877815,0.8753727338739505,0.761403475603776,0.02350126653366864,0.9690190972217549,0.8638695773624958
RipVIS-014_00013.jpg,0.811026961998852,0.6569418025787317,0.7929570025408497,0.7765571927428087,0.810064438852888,0.7830350348467142,0.030802632469583917,0.9672969714501508,0.8802927635658655
RipVIS-014_00014.jpg,0.8128100219301793,0.6603145002738757,0.7954089422997319,0.777197738633708,0.814494069077074,0.7843812265307687,0.0557662593021656,0.9674975887341013,0.8807672300082177
RipVIS-014_00015.jpg,0.7984088836294986,0.6349251701989471,0.7767024225600316,0.7755433605267796,0.7778649542477738,0.7760065699794327,0.04250970774286329,0.9642611882711399,0.878123528736352
RipVIS-014_00016.jpg,0.8242565376890771,0.6801976391335872,0.8096638434563433,0.7619277641290495,0.8637812159742435,0.7803304210788574,0.032853477762766994,0.970315875771137,0.8755357922912422
RipVIS-014_00017.jpg,0.7857301525658974,0.6137065200995063,0.7606172652282067,0.7871516000097343,0.7358135021341197,0.7763187656995917,0.02927764192523444,0.9604108796291665,0.8813042825253121
RipVIS-014_00018.jpg,0.7848317014571297,0.6111878087585506,0.7586797832457308,0.7448019555272208,0.7730845989049534,0.7502917125297027,0.025016722406353397,0.9610199652773144,0.862602274973505
RipVIS-014_00019.jpg,0.7738310897731913,0.5916178965600796,0.7434169945421287,0.7164549510252012,0.7724876943803478,0.727001629250135,0.02873524451745462,0.958675733024229,0.8486078456895694
RipVIS-014_00020.jpg,0.7801953566412871,0.6034655666641273,0.7527016222987385,0.7045597640548289,0.8079049530984104,0.7230581228341244,0.024423246057477623,0.9595751350304015,0.844266304492648
RipVIS-014_00021.jpg,0.7827426513841884,0.6077357554449503,0.7560144798505845,0.7121869409620294,0.8055899835537776,0.7290936977771674,0.02296663722069942,0.9603452932094134,0.8479803983645585
RipVIS-014_00022.jpg,0.8387626218883616,0.7056717735559174,0.8274414626499454,0.7227122867719911,0.9676674023860595,0.7612529689487163,0.044137516886042824,0.9736328124995305,0.8601987714550136
RipVIS-014_00023.jpg,0.7949415978030151,0.6305445957441189,0.7734159462916894,0.7395670167645547,0.8105119231855578,0.7527447139153891,0.040773547904471324,0.9619772376538571,0.8614682941223197
RipVIS-014_00024.jpg,0.8181242483567972,0.6706193009836886,0.8028391634034358,0.7566828658586223,0.8549921509979573,0.7744935336089007,0.049690305515367086,0.9678771219131135,0.8722705588192526
RipVIS-014_00025.jpg,0.8493224117121798,0.7249851919620646,0.8405697571669453,0.7507402182417057,0.9548181663384004,0.7842651835351901,0.03381996918539946,0.9753698881168136,0.8736884506796463
RipVIS-014_00026.jpg,0.8289723458262404,0.6893353073274998,0.8161024094358351,0.7601758751491325,0.8809115284941975,0.7816007455558964,0.04221394956506189,0.9706534529316306,0.875274052995719
RipVIS-014_00027.jpg,0.8560710900961939,0.7365766686436057,0.848308838813234,0.7680110266819865,0.9473578934517237,0.7982341986177439,0.04946943655287181,0.9771281828698991,0.8820672495032792
RipVIS-014_00028.jpg,0.8589287390306404,0.7416445178035327,0.8516600376509145,0.7793942102400967,0.9386964496849219,0.8067771643526268,0.038352484700913854,0.9777334104933556,0.8874234477622621
RipVIS-014_00029.jpg,0.8590737036688876,0.7416507282582719,0.8516641324520395,0.7807217145737934,0.9367879350944407,0.8076315406779703,0.029161694508564907,0.9779822530859481,0.8880404768743824
RipVIS-014_00030.jpg,0.8352115784121282,0.6975098131175542,0.8218035710044534,0.7251609142025367,0.9481662971963741,0.7609557375841632,0.031877213692886486,0.9745056905859498,0.8608318328568461
RipVIS-014_00031.jpg,0.8371297693331422,0.7005252713861297,0.8238928090908271,0.7087026091843631,0.983795746067917,0.7506845271227846,0.040755219159880625,0.9752546296291593,0.8538321990394067
RipVIS-014_00032.jpg,0.8519952376749037,0.7270329430410497,0.841944499056112,0.7424978016624196,0.9721497024358093,0.77931759744801,0.031674945034469916,0.9782899305550837,0.8703506803273595
RipVIS-014_00033.jpg,0.8768173221333022,0.7722593507405849,0.8714969966645978,0.8029254174925174,0.9528745590618783,0.8290170783709861,0.07424024379291964,0.9824816743822422,0.8998764040859297
RipVIS-014_00034.jpg,0.8676524059187287,0.7562181609163895,0.8611893188962322,0.7883858083390746,0.9488069218738588,0.8159783899142599,0.05251569762272562,0.9803607253081692,0.8924117489793366
RipVIS-014_00036.jpg,0.835811911616335,0.699169496650532,0.8229543880451734,0.719428442917989,0.9612833136786533,0.7575476062967457,0.03372055501502738,0.974111689814345,0.8583919776069686
RipVIS-014_00037.jpg,0.8311113340199683,0.6921439351778423,0.8180674477967488,0.7789001322941389,0.861382419227982,0.7941082117573292,0.044024689518552484,0.9719646990736054,0.8839319052504295
RipVIS-014_00038.jpg,0.7976525509588179,0.6354521004908705,0.7770965597832473,0.7877946489725025,0.7666851334654273,0.783480260193412,0.03795335040865894,0.9624787808637334,0.8830445314011522
RipVIS-014_00039.jpg,0.71895353709293,0.508952056483991,0.6745768419838336,0.8468381564794162,0.5605511783069691,0.7683547080351518,0.027668999163659946,0.9338276427464632,0.894165958585378
RipVIS-014_00040.jpg,0.7489113185992857,0.5564880087969795,0.7150559537263547,0.8257834054492738,0.6305120074478102,0.7776173364181831,0.03668749168970573,0.9453568672834947,0.8909835123313402
RipVIS-014_00041.jpg,0.7337586684499078,0.5321804336650741,0.6946707084518293,0.8069620432852633,0.6098132545866157,0.7579537100954157,0.02869955156766819,0.9397675540118925,0.8795262087829334
RipVIS-014_00042.jpg,0.7271195522140084,0.5226057716999026,0.6864623547518055,0.8233962350183721,0.5885793951327556,0.7625514538043334,0.03846889951907694,0.9363937114193015,0.8851141165859798
RipVIS-014_00043.jpg,0.7431057399782139,0.5484338474142825,0.7083723316047474,0.8184851855551146,0.6243737705734338,0.7705725610330153,0.04747020902210912,0.9421494020057185,0.8861235031813048
RipVIS-014_00044.jpg,0.7298550581292009,0.5283837187717447,0.6914280913648698,0.8227022824411467,0.596282491967686,0.7646331367177096,0.039974699554713805,0.9362326388884373,0.8848656881247822
RipVIS-014_00045.jpg,0.7582432209986241,0.5734560678542057,0.728912715861529,0.7876650524014348,0.6783167265155194,0.7630630733150087,0.03542411439483756,0.9470833333328766,0.8752883942943237
RipVIS-014_00046.jpg,0.7408322016290162,0.5451224728902668,0.7056042254962153,0.787194155717846,0.6393389698861375,0.7523940370354397,0.03848863272247911,0.9410267168205338,0.8716969859349744
RipVIS-014_00047.jpg,0.7620129455496871,0.5795247160230188,0.7337963251150205,0.7701470849540025,0.7007223942175138,0.755183000271643,0.02645604571845784,0.9484447337958389,0.8683571312269955
RipVIS-014_00048.jpg,0.726472674835658,0.5228809566803648,0.686699711342062,0.7718258014213014,0.6184857753357419,0.7353623956591829,0.023599003734520608,0.9350429205242404,0.8617260743707273
RipVIS-014_00049.jpg,0.7438137069495069,0.5518774613870824,0.7112384516414192,0.812219212910398,0.6325903982865511,0.7685709115282856,0.039400455347875,0.9404610339501638,0.8827031551293283
RipVIS-014_00050.jpg,0.7405266397210517,0.5486098035504626,0.7085190889179152,0.8267023959603472,0.6198997683300241,0.7749937936659929,0.04351626396681549,0.9375694444439923,0.8877379062760858
RipVIS-014_00051.jpg,0.7267822721705828,0.5262970292978532,0.6896390665714224,0.8288868691144734,0.5904475724731104,0.7669441553250516,0.03716444498819556,0.932705439814365,0.8859426182564185
RipVIS-014_00052.jpg,0.725210671809639,0.5240129615687277,0.6876752032729959,0.8028786790685991,0.601383825951375,0.752456282718964,0.03937007873771653,0.931923707561279,0.8740441631573879
RipVIS-014_00053.jpg,0.7398697009600668,0.5478499244474131,0.7078850679183217,0.8582403144498227,0.602357899226853,0.7910338719281829,0.04720339956085888,0.9370818865736221,0.9015040997082329
RipVIS-014_00054.jpg,0.747885064518415,0.5607545917609115,0.7185685625672178,0.8575315399892165,0.6183628663050887,0.7959597214817428,0.025526811716890706,0.9399937307094233,0.902807252572617
RipVIS-014_00055.jpg,0.7562150751442471,0.574229449895529,0.7295371712600558,0.8598353984830152,0.6335325536579094,0.8025032923495756,0.038865426318978116,0.9429552469131255,0.9054793998430901
RipVIS-014_00056.jpg,0.7372148051021821,0.540738686896929,0.7019213465535611,0.8187825783471528,0.6142518805732565,0.7676602027013901,0.04214447872157026,0.9384929591044857,0.8844454634494319
RipVIS-014_00057.jpg,0.7432777918248276,0.5508250249050954,0.7103638593126311,0.8430574878911288,0.6137605795268078,0.7844448057697904,0.05111175281252603,0.9404258294748551,0.8963607053373545
RipVIS-014_00058.jpg,0.7625366578509144,0.5822364791052324,0.7359664459695581,0.8453871399005194,0.6516249100320185,0.7979336433772185,0.04951068388155014,0.9470548804007779,0.9010823629687335
RipVIS-014_00059.jpg,0.7727502434464293,0.5984126043925905,0.7487586155765983,0.8541981376634377,0.6664892821615702,0.808648852860006,0.0247156214624075,0.9509548611106525,0.9071028975657474
RipVIS-014_00060.jpg,0.7694656914665126,0.5903324485078815,0.7424013124573505,0.8106646409169671,0.6847415423627038,0.7819063252185268,0.04346711116531176,0.9521436149686766,0.8879812606881675
RipVIS-014_00061.jpg,0.76209985909862,0.5789717055569238,0.7333528568236287,0.8256420751001873,0.6596212362020999,0.7860725705366479,0.036293294028721855,0.949064429011888,0.8930738296345163
RipVIS-014_00062.jpg,0.7641162197802561,0.5828596795778621,0.7364641188324499,0.8212488621023168,0.6675473359723109,0.7850955075315822,0.050791267901995917,0.9492467206785545,0.8912965305198526
RipVIS-014_00064.jpg,0.7570156521439508,0.569211504279491,0.7254745491314079,0.8601285486643993,0.6272741436460759,0.8006832120968997,0.034979423866131724,0.9485696373452216,0.908142536071184
RipVIS-014_00065.jpg,0.7520346822541537,0.5599479314950985,0.7179059251784493,0.8236371142854019,0.6362321185059914,0.7778153228239851,0.047091235260950076,0.9478308256168269,0.8911775619644428
RipVIS-014_00066.jpg,0.75167629869152,0.5579564992381609,0.716267109525845,0.844419462403721,0.621887122428431,0.7880231700100667,0.044528003163498385,0.9489168595674436,0.90098759159057
RipVIS-014_00067.jpg,0.7603295602442384,0.5731126328589963,0.7286352177051857,0.8440141062869269,0.6410078094867868,0.7937389013403341,0.04341622502762493,0.9509972993822574,0.9020276601611049
RipVIS-014_00068.jpg,0.7502567731290561,0.5550140242109854,0.7138379661786005,0.8265738119640611,0.6281632089675069,0.7774603417705861,0.047281486576236646,0.9489684606476905,0.8928767434047915
RipVIS-014_00069.jpg,0.7474780975878657,0.5504369308816638,0.7100410470339545,0.8259690650583883,0.6226497037759452,0.7753337369723546,0.06227285434286603,0.948048321758802,0.8921016278991545
RipVIS-014_00071.jpg,0.738602591144859,0.5360334378583195,0.6979450116733228,0.7831193030716915,0.6294808744442667,0.7466710573516249,0.045591663235596346,0.9449156057094209,0.8711731916975183
RipVIS-014_00072.jpg,0.7632169486894773,0.5779334797245685,0.7325194466695111,0.8700254777014648,0.6325465516333821,0.8092608150076486,0.041588785043952685,0.9518928433637385,0.9143122797040772
RipVIS-014_00073.jpg,0.7586079696994716,0.5686694352565178,0.7250341244310988,0.842753776168725,0.6361709012028176,0.7913584355697384,0.02626731254511378,0.9518152006168249,0.9017301573583119
RipVIS-014_00074.jpg,0.7548837494328414,0.5612105323125971,0.7189427956026976,0.8333235686564897,0.6321718174334441,0.7834651645013061,0.03324099722761489,0.9517327353390472,0.8972650182074259
RipVIS-014_00075.jpg,0.7582954273136551,0.5657921552085023,0.7226912631110494,0.8313337192766033,0.6391625993766606,0.7841793270715486,0.038491807967482874,0.9537630208328733,0.8973313867762669
RipVIS-014_00076.jpg,0.7619592734582065,0.5719292786913084,0.7276781296006669,0.827692613311077,0.6492284199065625,0.7845596275108683,0.04163936812683706,0.9548832947526259,0.8962832340213078
RipVIS-014_00077.jpg,0.7784225502088234,0.600790273837355,0.7506170966383533,0.8763046025500973,0.6564614740762431,0.8212956743600418,0.025742845404235052,0.9587808641970685,0.9206843282706858
RipVIS-014_00078.jpg,0.7562135352674462,0.5629033334049549,0.7203303254573126,0.8698873516232645,0.6146546616518805,0.8031836446664686,0.023724320740641198,0.9526046489192936,0.914366974255502
RipVIS-014_00079.jpg,0.8033809628355342,0.6432516092689896,0.7829009332966897,0.8686231933170345,0.712578350270468,0.8321761697103971,0.041501976281430375,0.9657629243822503,0.9209089915695681
RipVIS-014_00080.jpg,0.8423214967245822,0.7107593497742937,0.8309284995204809,0.862367163411496,0.8017014783705703,0.8495104739286268,0.04849903162939807,0.9754586226847147,0.9231645149360224
RipVIS-014_00081.jpg,0.9213912022616754,0.8538384791270771,0.9211573594363267,0.8747488092280029,0.9727660758948629,0.8927395456042146,0.0985607940348823,0.9896146797834734,0.9364618677249184
RipVIS-014_00082.jpg,0.9169592107570493,0.8457745678972335,0.9164440583453997,0.8620682610531837,0.9781412742734764,0.8830254431414565,0.05806822536814218,0.9888676697526095,0.9302999934915717
RipVIS-014_00083.jpg,0.9363065118349017,0.8811814994140782,0.9368383642817402,0.9343937131323107,0.9392958408444201,0.9353700409797698,0.07696083242593886,0.9919434799377932,0.9651342663420663
RipVIS-014_00084.jpg,0.9176898882476725,0.8470305938755145,0.9171809028872019,0.941417955164948,0.894160506030936,0.9315710272129519,0.07227837909721098,0.9890552662032267,0.9668754360134841
RipVIS-014_00085.jpg,0.9171253484468518,0.8457814139388846,0.916448077276922,0.9263256722177683,0.9067789133085303,0.9223491930538313,0.08954668155175029,0.9891550925921155,0.9598958272550573
RipVIS-014_00086.jpg,0.9437255950188835,0.8948005368825606,0.9444799275334174,0.9128238894349167,0.9784104579278338,0.9252282014178975,0.05424972725833088,0.9930830439810026,0.9557181127595896
RipVIS-014_00087.jpg,0.9420105235334995,0.8915155512343059,0.9426468110743775,0.9119522123690506,0.975479623104816,0.9239870106329705,0.0436445664923848,0.9929402970674224,0.9551974002884036
RipVIS-014_00088.jpg,0.8910062066811325,0.7976509088929086,0.8874369377802562,0.8895973402224632,0.8852870030594645,0.8887319182355121,0.0568982431056008,0.9852695794748335,0.940773905503727
RipVIS-014_00089.jpg,0.9315104289676094,0.8720011670675663,0.931624597684979,0.8883497309924178,0.9793315310806969,0.9051681057850439,0.04495614034639592,0.991537422839028,0.9435242818014404
RipVIS-014_00090.jpg,0.7200768707902007,0.5006481086605867,0.6672425144458997,0.8668713674681663,0.5423472211397988,0.7742176859199789,0.028247297089367497,0.9429648919748539,0.9076051320291065
RipVIS-014_00091.jpg,0.7282149919160421,0.5137634576490047,0.6787896154487971,0.8835987914440404,0.5510596226740593,0.7884411841062953,0.04157757186651005,0.9459413580242352,0.9169243599532613
RipVIS-014_00092.jpg,0.7761153100929868,0.5948879176898543,0.7459933843520878,0.9063164997078178,0.6338655562379297,0.8345725541604364,0.05574678867804997,0.9598572530859568,0.9349491739168749
RipVIS-014_00093.jpg,0.6623636183112726,0.4146189922622138,0.5861917513197928,0.9052071178463739,0.4334383271741986,0.7433826118829101,0.03797382055917822,0.9154890046291881,0.9107120857344847
RipVIS-014_00094.jpg,0.5898296342348461,0.31586968946384675,0.48009265961973535,0.8599102887520331,0.3330058245883079,0.6532021236043349,0.04339410589139647,0.8718489583329129,0.8663207110486719
RipVIS-014_00095.jpg,0.5743424606456635,0.2908461371989998,0.4506286672245932,0.804365428616058,0.3129863013690055,0.6121530382595649,0.021375753431841435,0.8656708140427924,0.8372719549533909
RipVIS-014_00096.jpg,0.589308699285153,0.3141917714508544,0.4781520905491439,0.8583826485767592,0.33136854646671376,0.6512354795572574,0.040442467514898606,0.8723538773143941,0.8658789638863179
RipVIS-014_00097.jpg,0.5627383458796151,0.2755235908145458,0.4320164562986988,0.7828628975803363,0.2983213096921158,0.5909088509636449,0.02779164586299486,0.8580531442897097,0.8232424496539192
RipVIS-014_00098.jpg,0.6271703881647133,0.36236770628344206,0.5319675512156496,0.8412816430110664,0.38895897314367683,0.6825365029756655,0.029790388890625435,0.8982214506168508,0.8718534626150061
RipVIS-014_00099.jpg,0.5999231290592311,0.3269853144456001,0.49282431521438647,0.8577584061485786,0.34573222632585504,0.6617494594034183,0.03597359735736148,0.8802575231477237,0.869826476140898
RipVIS-014_00100.jpg,0.5836729028314783,0.3061613944604593,0.46879565689035924,0.8769729032571993,0.3199012102801183,0.6504395537507717,0.03553719008080903,0.8691965663576056,0.8728108063683355
RipVIS-014_00101.jpg,0.7363984701037696,0.5262879274592275,0.6896312523880413,0.845880299608422,0.5821059848535334,0.7755904094225463,0.05879682178896732,0.9495095486106532,0.9013750366119119
RipVIS-014_00102.jpg,0.9011619441352399,0.8161773696095845,0.8987859702106458,0.8494771893299293,0.954171861467722,0.868536897421626,0.05978667664111277,0.9869492669748327,0.9232451829110826
RipVIS-014_00103.jpg,0.8802027332241731,0.7770328053858513,0.8745283745250075,0.8018228541518869,0.961733873008267,0.8294044791858363,0.05862884160202091,0.9842833719131056,0.8997418857719068
RipVIS-014_00104.jpg,0.7827807807131344,0.6029786336540016,0.7523227334347026,0.794398649172519,0.7144797800785954,0.7770158677063952,0.028580377415348808,0.9645949074069422,0.8856751535178369
RipVIS-014_00105.jpg,0.866916805354387,0.7518461948015649,0.858347264768558,0.7658238236897693,0.9762994368184265,0.8003317437279701,0.057720057714505044,0.9829195601847112,0.8822382557045805
RipVIS-014_00106.jpg,0.724297948264738,0.5075033464604155,0.6733031109377264,0.8520970509822707,0.5565278969729704,0.7702788138112603,0.03419404770040146,0.9444637345674458,0.9016054745787663
RipVIS-014_00107.jpg,0.692466537253498,0.4568125956481905,0.6271398215704436,0.8706697799745827,0.4900662526202951,0.7536130429127744,0.039172107234395605,0.9322178819439949,0.9035997974432419
RipVIS-014_00108.jpg,0.678214819436092,0.43296980880765606,0.6042971821826743,0.8411857620332719,0.4715131099387166,0.7271644156988966,0.02711150370135819,0.9276861496909107,0.887474431067105
RipVIS-014_00109.jpg,0.7580833678311162,0.5640669497384557,0.721282359214584,0.8892905956462142,0.6066682373906214,0.8134956112106713,0.05854710730617463,0.9548953510797864,0.9243969280046285
RipVIS-014_00110.jpg,0.7430475069334952,0.5388126013286628,0.700296580445772,0.8780874109476958,0.5823792811299413,0.7971367877583961,0.04941298855332048,0.9503409529316404,0.916770041222174
RipVIS-014_00111.jpg,0.7649138574833199,0.574941062463782,0.7301112100847311,0.9095596198658452,0.6098023674961788,0.8281425125100518,0.0404585300037118,0.9574811921291678,0.9351377121260502
RipVIS-014_00112.jpg,0.8022283545032007,0.6398281864029277,0.7803600300424564,0.926313801043286,0.6741398177591866,0.8618367309636391,0.06452392459605898,0.9667197145057066,0.9478940937288802
RipVIS-014_00113.jpg,0.8005381499818865,0.6362703237481083,0.7777080773434077,0.9367123116874896,0.6648514468278903,0.8658983361318883,0.06640882158768854,0.9668470293205214,0.9527740976885744
RipVIS-014_00114.jpg,0.8165502686965909,0.6639913618414854,0.7980706836202174,0.9316371474015898,0.6980001638209976,0.8731822427033531,0.06611847624885732,0.9708863811723712,0.9525534165314592
RipVIS-014_00115.jpg,0.8093922108415367,0.6513230384623956,0.7888499382517732,0.9412058271272195,0.6789467368346165,0.8737078036964646,0.05710513285549553,0.9693258101847178,0.9561772517838154
RipVIS-014_00116.jpg,0.7759688508568674,0.5928067808659719,0.7443549186093704,0.9240804666037846,0.6231564526798427,0.8426927263043327,0.0429204941366075,0.9614260223760795,0.9439614331465811
RipVIS-014_00117.jpg,0.759936271647774,0.5654936841872872,0.722447736326523,0.9261357750131398,0.5922026833501036,0.8322746510645307,0.04559981292028998,0.9569357638884274,0.9425277545674234
RipVIS-014_00118.jpg,0.7554561289321915,0.557622741514694,0.7159920392179683,0.9223871045084406,0.5850746420096762,0.8270261973277635,0.030515370702944893,0.9558868634254649,0.9402115113475779
RipVIS-014_00119.jpg,0.7577279358805518,0.5616267622341229,0.7192842436058642,0.9336568926938442,0.5849716121442174,0.8342073416700282,0.07158694963006121,0.956407696758798,0.9457560316568203
RipVIS-014_00120.jpg,0.7509096069661774,0.550168225362349,0.7098174460823414,0.9394947617773455,0.5703777786508238,0.8318316635339966,0.05794435501970228,0.9543504050921323,0.9473918905740211
RipVIS-014_00121.jpg,0.7332280774823765,0.5209972811189532,0.6850732576401066,0.9294747626672526,0.5424407333852974,0.8134015866945172,0.035975013168060885,0.9485132137341105,0.9396042902854554
RipVIS-014_00122.jpg,0.7270788329481965,0.5105556097149252,0.6759838650511889,0.9426920968364246,0.5269096031221043,0.814196227417791,0.03479460453442714,0.9467356288575681,0.9448404880026129
RipVIS-014_00123.jpg,0.6923492454990372,0.4546304846189636,0.625080375292771,0.9372307692230792,0.4689077907024322,0.7811880213049414,0.05016008537504497,0.9339202353390558,0.9354721395332284
RipVIS-014_00124.jpg,0.7384072061296516,0.527838445969273,0.6909610729613602,0.9278819841706231,0.5504195893604807,0.8159683229541908,0.0530057178138614,0.9517293595674422,0.9405419344272825
RipVIS-014_00125.jpg,0.7647711965777106,0.5728444153592749,0.7284184115927622,0.9436420019158267,0.5931371271591462,0.8439037267403147,0.05973377703330002,0.959074556326698,0.9518347849080699
RipVIS-014_00126.jpg,0.7846502232644337,0.6070597733107052,0.755491218674587,0.9462137706576854,0.6287565807172985,0.8594291626626243,0.053819742484650664,0.9643219521600288,0.9558279120352797
RipVIS-014_00127.jpg,0.7945360712982509,0.6242635637756532,0.7686727421558757,0.9488005698871078,0.6460260343779834,0.8674871251136019,0.05547752808501777,0.9667525077155832,0.9583314203558976
RipVIS-014_00128.jpg,0.7723633646305863,0.586359646226671,0.7392518432013714,0.9444562498901184,0.6073018325497169,0.8500699576428908,0.05644885391238036,0.9606872106476848,0.953080616122245
RipVIS-014_00129.jpg,0.7783330573067802,0.5973033639516343,0.7478896963867164,0.9650119519224188,0.6105250073770838,0.8646089889057909,0.04119173020665107,0.9616729359563263,0.9632379364989032
RipVIS-014_00130.jpg,0.9265122536308683,0.8625396825333146,0.926197375145468,0.9674483695122021,0.8883203187304624,0.9505147526632572,0.049025284689343245,0.9910209297834727,0.9799635041463954
RipVIS-014_00131.jpg,0.8577285553956588,0.7367125298992651,0.848398934441956,0.9649275506402324,0.7569826044496375,0.9146748721946067,0.05038929227098335,0.9799377893513793,0.9728962666509905
RipVIS-014_00132.jpg,0.7481032933338202,0.5441527909035888,0.704791383481123,0.9723848792403903,0.5526939002567479,0.8441785998438823,0.04138032956170987,0.9546494020057125,0.9629943389579002
RipVIS-014_00133.jpg,0.6335599391043529,0.36428828372603755,0.5340341745530818,0.9292985079620595,0.3746724172765854,0.7170185621998245,0.03445725204743529,0.9079566936724016,0.9179855049701082
RipVIS-014_00134.jpg,0.6374676691122367,0.370386795272415,0.5405580330315237,0.9442184328322081,0.3786726569517594,0.7270494635796004,0.036615186612830426,0.9096233603390675,0.925888803004665
RipVIS-014_00135.jpg,0.7564438887540532,0.5580156558871437,0.7163158518704437,0.9518517572239239,0.5742240077235802,0.8412104700693891,0.04906560024232365,0.9573046874995383,0.9547418921401869
RipVIS-014_00136.jpg,0.6441408220610326,0.37986640135329885,0.550584318859777,0.9233806406105793,0.3922295456716546,0.7265925854587815,0.029473953993113734,0.9132802854933867,0.9180222002687671
RipVIS-014_00137.jpg,0.7315196581203032,0.5175326406723029,0.6820711816030839,0.9289700824118294,0.5388557150696703,0.8114738415969275,0.04271678769452394,0.948516107252629,0.9393608056924653
RipVIS-014_00138.jpg,0.7989696259303994,0.6326198055358896,0.7749750473328836,0.9517119494319154,0.6535989753133415,0.8721524712541591,0.056583242650323655,0.9672738233020026,0.9599826171053557
RipVIS-014_00139.jpg,0.7912622095475023,0.6203250359976326,0.7656797521686123,0.9437650133334604,0.6441338723510751,0.863436249489953,0.014943768293410585,0.9643981481476831,0.9547591890747702
RipVIS-014_00140.jpg,0.7940602815270134,0.6261197833834182,0.7700783051549496,0.9574525556948018,0.6440392881582945,0.8725313678050977,0.04856787048189851,0.9642742091044733,0.961090720316316
RipVIS-014_00141.jpg,0.8223894294042742,0.675627104736877,0.8064170158466976,0.9417743039551212,0.7050789609998812,0.8825217121588089,0.06500243150713224,0.9710141782402725,0.9573956704315131
RipVIS-014_00142.jpg,0.775319116467063,0.5946623052460167,0.7458159677942285,0.9505394868003253,0.613650332182406,0.8564974305485581,0.04423715638158171,0.9586467978390438,0.9548695068515437
RipVIS-014_00143.jpg,0.7826635872984591,0.6076239596512273,0.7559279718411895,0.9566878311571675,0.6248119010826418,0.8648164204601735,0.05566078973804016,0.9603033371908949,0.9586197203525068
RipVIS-014_00144.jpg,0.7592181963032797,0.5675067975019227,0.7240884676306822,0.9490879101684275,0.5853257927814859,0.8441635351501513,0.036969739322316744,0.9538980516970709,0.9516567136625629
RipVIS-014_00145.jpg,0.7713286001872113,0.5897934582386375,0.7419749467230554,0.947428661918372,0.6097485267382151,0.852954976721036,0.04769442532362736,0.9558555169748477,0.9519446259321748
RipVIS-014_00146.jpg,0.8274003442995472,0.686028021647186,0.8137800948017013,0.9725950947204244,0.6995505273739941,0.9021691894182028,0.05700984506929636,0.9707672646600257,0.9716169411929974
RipVIS-014_00147.jpg,0.8342094373427893,0.6983538068180959,0.8223890734834309,0.9568814524673771,0.7210442732326059,0.8981298817944153,0.05072520579766952,0.9720052083328645,0.9649927268541854
RipVIS-014_00148.jpg,0.7486385829157323,0.567507168154678,0.7240887693327317,0.926275722229377,0.5943535949868051,0.8332126931275085,0.049628201594622515,0.9356958912032525,0.9314578705376555
RipVIS-014_00149.jpg,0.7544304415149146,0.5775859553075272,0.7322402349796976,0.9251401058471787,0.6059039234741647,0.8369466951600686,0.03756303982160089,0.937178337190906,0.9317752965430515
RipVIS-014_00150.jpg,0.7321555323234235,0.5431700400882982,0.7039665441628438,0.8972838184994256,0.5791831614597553,0.8084770014308442,0.035537634406691526,0.9279012345674538,0.9142095925921199
RipVIS-014_00151.jpg,0.7340562089639884,0.5481382788024636,0.7081257356758425,0.9065379465674592,0.5809699614010804,0.8151752338420829,0.03113920147828276,0.9270553626538739,0.9179063150492066
RipVIS-014_00152.jpg,0.9047850582177062,0.8291912471281471,0.9066206154550407,0.8909699954996172,0.9228308983398263,0.8971649517873649,0.04819359703515503,0.9820852623452054,0.9414554915030072
RipVIS-014_00153.jpg,0.9178396321209096,0.8526601684711205,0.920471204575813,0.8919367167063657,0.9508917589127158,0.9031355506489562,0.034281447285704876,0.9845384837958215,0.9434002603374433
RipVIS-014_00154.jpg,0.864983244007635,0.7610846359487672,0.864336239625122,0.8790369962967082,0.8501190974014486,0.8730970912947996,0.023084565482842347,0.971688368055087,0.9306591011739134
RipVIS-014_00155.jpg,0.7090391033690541,0.5150610020440005,0.6799211402697594,0.8902128442013045,0.5499973018170121,0.7922049338533753,0.024890190335534884,0.9120741705242515,0.9024245728167043
RipVIS-014_00156.jpg,0.8055069030517542,0.6633788992340435,0.7976281285514897,0.8959518882524575,0.7187508105697954,0.8538501833420639,0.05962384953640749,0.9525332754625035,0.9275406319409771
RipVIS-014_00157.jpg,0.7454365550293158,0.5689746284677587,0.7252821277593409,0.7972643314034298,0.6652215998000067,0.7668223500327616,0.04264631043039968,0.9291980131168358,0.8719913023378674
RipVIS-014_00158.jpg,0.7698842913590322,0.6076466438478815,0.7559455259316028,0.7960787320824932,0.7196646308066823,0.7795247211099642,0.048431592926921854,0.9385788001538683,0.8769978959751564
RipVIS-014_00159.jpg,0.749048053133694,0.5727454909802249,0.7283384301718864,0.7679480185291135,0.6926144333202642,0.7515982040824133,0.05291427355600328,0.9321412037032542,0.8610759811741807
RipVIS-014_00160.jpg,0.8534132842288658,0.7415227455846322,0.851579742457744,0.7571565135637677,0.9729089570908723,0.7922964716290205,0.05917437340442472,0.9684447337958293,0.8771467345917844
RipVIS-014_00161.jpg,0.8343907317116084,0.7089470069834727,0.8296886961227218,0.7850394235964474,0.8797231227672502,0.8023097796591773,0.05269228434087948,0.9634138695983008,0.8856475297597965
RipVIS-014_00162.jpg,0.863172320147539,0.7573028863263878,0.861892269362303,0.7831541218604416,0.9582327884625645,0.8128575547968857,0.04821914173587457,0.971768904320519,0.8894138924994945
RipVIS-014_00163.jpg,0.8207175596016851,0.6860712278155311,0.8138104921040649,0.7794426752232833,0.8513488543937021,0.7928354859913757,0.04804516244982012,0.9593311149686732,0.8809632020437093
RipVIS-014_00164.jpg,0.7296278593404963,0.5417213244923683,0.7027486950934366,0.7943912737778058,0.6300633203660675,0.7550082599908997,0.042547351081935365,0.9248591820983194,0.8678373699822808
RipVIS-014_00165.jpg,0.8690646802774091,0.7671878373711692,0.8682583946621333,0.7849506614536246,0.971348778364595,0.8162788183464418,0.04775658247932855,0.9734809027773083,0.8910250494615166
RipVIS-014_00166.jpg,0.8695564500169799,0.7679070163455045,0.8687187835623492,0.7857886596781066,0.9712187215567671,0.816985263409645,0.046745245108040095,0.973710455246444,0.8914450859129994
RipVIS-014_00167.jpg,0.8613365109460854,0.7535915460338243,0.8594835527557779,0.7768097967928986,0.9618507103609183,0.8078943523116972,0.037292634370451716,0.9717525077155807,0.8864773283661085
RipVIS-014_00168.jpg,0.8552836784219557,0.7428324109876719,0.8524427320773832,0.7829988528265869,0.9354033060250629,0.8093729397113765,0.06439368263645404,0.9704856288575566,0.8881960868687924
RipVIS-014_00169.jpg,0.8652705205031302,0.7601078397776442,0.8637059873259461,0.807633372584754,0.9281455586685261,0.8291654568387874,0.038118517537284895,0.9729658564810123,0.9001075599153142
RipVIS-014_00170.jpg,0.9089553276743512,0.8366823192819878,0.9110800604963313,0.8837840857706493,0.9401158614368466,0.8945038259523578,0.040011037524833676,0.9828751929007605,0.9387899296038483
RipVIS-014_00171.jpg,0.8862055740848668,0.7972082152020378,0.887162887926614,0.8943961540285805,0.8800456786778026,0.891488739680622,0.03117797695062881,0.9774054783945904,0.9404771359484203
RipVIS-014_00172.jpg,0.6558141519100522,0.4393649743972371,0.6104983547779186,0.9247836187331536,0.45564769291586016,0.7668694951018803,0.02618914948451501,0.883886959876117,0.9021036242192323
RipVIS-014_00173.jpg,0.6481879577368972,0.42818691055933833,0.5996230708929299,0.9205164822629922,0.44462584254538623,0.7582112005105646,0.017669079110672867,0.8800303819440201,0.8980841963447018
RipVIS-014_00174.jpg,0.6725555009354913,0.4596460477484491,0.6298048057026809,0.9449674557986932,0.472288569338296,0.7873644285490657,0.039215686272470185,0.8956331983020372,0.9177425862695059
RipVIS-014_00175.jpg,0.6680554583783392,0.45814070505973586,0.6283902554396726,0.9460154241599097,0.4704398366004831,0.7869144073958658,0.047091689112686234,0.8893831983020403,0.9145927622537261
RipVIS-014_00176.jpg,0.6937878602422768,0.4923443645861417,0.6598267481281763,0.9433670046909236,0.5073397172325331,0.8049977861319263,0.04132529499452129,0.9048948688267241,0.9220463309113962
RipVIS-014_00177.jpg,0.703553666387079,0.5054348406371645,0.6714801956134386,0.9613375236673182,0.5159221264001419,0.8197868292737839,0.06402800215056392,0.9106510416662275,0.9333344050391703
RipVIS-014_00178.jpg,0.8960160280393388,0.813851194523276,0.8973737172934694,0.9349559400612233,0.8626961074656384,0.9195515262122317,0.03717871283556951,0.9800810185180459,0.9598359325223863
RipVIS-014_00179.jpg,0.8936141710615816,0.8093737226903611,0.8946451609642058,0.9217941821444439,0.8690495928177254,0.9107392167323852,0.04942912837305562,0.9797579089501448,0.9537560725766847
RipVIS-015_00000.jpg,0.8179552529951415,0.6591967693742339,0.7945974600985392,0.7389938211998756,0.8592494135271429,0.7602745494357419,0.0032504612138056347,0.9777173755785858,0.8657482464363713
RipVIS-015_00030.jpg,0.8041469301362528,0.6326002096073777,0.7749603434872901,0.6745433711363701,0.9105039651500787,0.7114166412580144,0.002745241581007939,0.9766700424381538,0.8351724487801087
RipVIS-015_00060.jpg,0.47022852768127044,0.0,0.0,0.0,0.0,0.0,0.0,0.9404570553625409,0.4999999999999359
RipVIS-015_00090.jpg,0.47022852768127044,0.0,0.0,0.0,0.0,0.0,0.0,0.9404570553625409,0.4999999999999359
RipVIS-015_00120.jpg,0.4712356529706222,0.0,0.0,0.0,0.0,0.0,0.0,0.9424713059412444,0.499999999999936
RipVIS-015_00150.jpg,0.47037133487648647,0.0,0.0,0.0,0.0,0.0,0.0,0.9407426697529729,0.4999999999999359
RipVIS-024_00000.jpg,0.7456767122678759,0.5964955799131026,0.7472561620816638,0.6063209146619869,0.973551769145219,0.6557950537013545,0.015185601798351555,0.9090017361106727,0.8008122044209338
RipVIS-024_00002.jpg,0.7421298097150894,0.5907340200969824,0.7427187859614232,0.6055953591960905,0.9601152573444925,0.6538843565241433,0.010849056602750089,0.9077092978390684,0.7992504775441633
RipVIS-024_00003.jpg,0.7489035979965,0.6004036523807244,0.7503152738842822,0.6151705296344743,0.9615563548461228,0.6629327892490373,0.012241846555252607,0.9111067708328939,0.8041747984149379
RipVIS-024_00004.jpg,0.75100356962125,0.6034925302994765,0.7527225963276113,0.618693260247177,0.9608810847283464,0.6661381228177757,0.01296776583799854,0.9120929783946219,0.805871611186814
RipVIS-024_00005.jpg,0.7524421394998372,0.6063288591897936,0.7549249404578539,0.6200600571347832,0.9647639279545079,0.6677786500150378,0.01606796564631379,0.9122636959872144,0.8068746919043177
RipVIS-024_00006.jpg,0.7491840396374339,0.6014950316351418,0.7511669031167829,0.6149654202075119,0.9648631282180936,0.6630554722012254,0.014351425941642003,0.9107634066353633,0.8043424134687628
RipVIS-024_00007.jpg,0.7501110325763993,0.6037054932449283,0.7528882276550593,0.6137554637342418,0.9735928422398207,0.6627452471447194,0.014815496455800542,0.9106086033946226,0.804504350919183
RipVIS-024_00008.jpg,0.7503734005044903,0.603962092411835,0.753087738505931,0.6137267789042479,0.9743326630562603,0.662787002836302,0.015000465851579197,0.91082175925882,0.804562112706327
RipVIS-024_00009.jpg,0.7504514807272298,0.6046093512002577,0.7535907113441738,0.6128814232735129,0.9781639222193872,0.6623506580427394,0.014032153144314455,0.9104885223761041,0.8044736194494915
RipVIS-024_00010.jpg,0.7519476009764181,0.6072680058552747,0.7556524532847022,0.6140414961997326,0.9821591209784742,0.6638005806193552,0.01237324402154868,0.9108733603390669,0.805406839948372
RipVIS-024_00011.jpg,0.7467335083782141,0.6001132752260783,0.7500884900055452,0.6065256797570222,0.9826877299252114,0.6568095754338162,0.011914657798844125,0.9080671296291917,0.8016897325229867
RipVIS-024_00012.jpg,0.746651421551315,0.6000783769668112,0.7500612290059814,0.6062786231648752,0.9832432543763838,0.6566273624927194,0.01526149264700712,0.9079692322526486,0.8016155486871267
RipVIS-024_00013.jpg,0.7469638432473734,0.6008037872502262,0.7506276434818465,0.6065850641140045,0.9843842074214949,0.6570166596847337,0.008586464776236131,0.9079330632711671,0.8018680876150241
RipVIS-024_00014.jpg,0.7467723716256414,0.6008592096258961,0.7506708972443749,0.6067768438535924,0.984028197172148,0.6571649016820713,0.011139992572304122,0.9076109182094388,0.8019240581160727
RipVIS-024_00015.jpg,0.7496399081132126,0.6053582380341751,0.7541721513516637,0.6101503545967167,0.9871920478402112,0.6606123491504712,0.012551134249483903,0.9087668788575864,0.8038971356194635
RipVIS-024_00016.jpg,0.746592026208443,0.6007994528952608,0.7506242606575537,0.6053609352930223,0.9876134860912685,0.6561533330942082,0.01002852148219445,0.9073847415119081,0.8015449198955542
RipVIS-024_00017.jpg,0.7447744366043337,0.5978141508244295,0.7482899691631512,0.6019984166797172,0.9885068934532332,0.653068689663947,0.009760102160926744,0.9067423804007972,0.7999522958854854
RipVIS-024_00018.jpg,0.7455616401588274,0.5992537824744788,0.7494167455364975,0.6030098468738773,0.9897125691795784,0.6541261772856952,0.009597971748497105,0.9069198495365997,0.8005644674659529
RipVIS-024_00019.jpg,0.7459146327719013,0.6003791202992482,0.7502961175686744,0.6045523728716408,0.9886328860806796,0.6554829523166255,0.006240390702157874,0.9066705246909208,0.8012266869805059
RipVIS-024_00020.jpg,0.7462266090448981,0.6005803128540735,0.7504532050418004,0.6043465031644186,0.9897302001706864,0.6553856543166461,0.007329653424366152,0.9069941165119083,0.8012292610588206
RipVIS-024_00021.jpg,0.7446111269254319,0.597399730057243,0.7479652322663597,0.6054785960662585,0.978152922716806,0.6554214510706523,0.013476845150734728,0.9067853009254886,0.8007373004104636
RipVIS-024_00022.jpg,0.7446700765522714,0.5972986848188815,0.747886028450101,0.6055009382596677,0.9778237860445375,0.6554128292464206,0.009204114779894954,0.9069425154316614,0.8007231935118612
RipVIS-024_00023.jpg,0.7463678338245137,0.6000909424630387,0.7500710447611331,0.6080533281468975,0.9786445151951906,0.6578781282013757,0.007474110760245465,0.9075395447526488,0.8020653455972551
RipVIS-024_00024.jpg,0.7448367603877589,0.5977783007361976,0.7482618839682117,0.6057933392414718,0.9783462285661463,0.6557338474964247,0.011781635038062628,0.9068595679007972,0.8009110841024158
RipVIS-024_00025.jpg,0.7463917845605184,0.6003388687433124,0.7502646851472609,0.6083403817301127,0.9785604017134762,0.6581393215516804,0.014938886372572305,0.9074045138884513,0.8021948823771392
RipVIS-024_00026.jpg,0.746351343725913,0.6003000740808404,0.7502343889168823,0.6082091676334797,0.9787969679868527,0.6580378463062942,0.014090909089628099,0.9073712384254884,0.8021509178085913
RipVIS-024_00027.jpg,0.7449304464046118,0.5983512210284682,0.7487105626802796,0.6071006215977091,0.9764806622882481,0.6567903393018367,0.010900172585075831,0.9066044560180813,0.8013765392031593
RipVIS-024_00028.jpg,0.7460807833652661,0.6002276676288971,0.7501778400298147,0.6095128807087086,0.975248125160952,0.6589353563698974,0.010223642171590722,0.907020158178575,0.8024585855814671
RipVIS-024_00029.jpg,0.7442289771501982,0.5972631365081725,0.7478581616976002,0.6064431931787477,0.9752816443665192,0.6560662893244457,0.009678597515551625,0.9063122106477111,0.800937616044498
RipVIS-024_00030.jpg,0.7445891390974939,0.5980536769728594,0.7484775831882353,0.6087175329789984,0.9715410131339786,0.6578527570225531,0.009328699468691358,0.9063030478390691,0.8017103563796926
RipVIS-024_00031.jpg,0.7432832127376691,0.5957866076522453,0.7466995960428306,0.6053547968726728,0.9741561270748308,0.6549453523159493,0.007080459769463866,0.9059244791662298,0.8002915966464861
RipVIS-024_00032.jpg,0.7444336464787158,0.5975426122798918,0.7480772126974744,0.6071279550528166,0.9742585641304851,0.6566144623017266,0.007522245664845221,0.9064236111106739,0.8011838500273072
RipVIS-024_00033.jpg,0.7438609832903745,0.5969267481666427,0.7475944013736967,0.6071247547145932,0.9726306638960193,0.6564633678208807,0.005390096838535529,0.9059977816353656,0.8010209711768912
RipVIS-024_00034.jpg,0.7415935445182185,0.5932560241387651,0.7447089672351307,0.6051126595056417,0.9680279156692639,0.6541619364764146,0.0036503011495117445,0.9051572145057363,0.7995948922080839
RipVIS-024_00035.jpg,0.7423506517322678,0.5945225755624624,0.7457060623337322,0.6063428076251023,0.9682511893145952,0.6553322064348063,0.0035639221416829095,0.9054099151230202,0.80022323714672
RipVIS-024_00036.jpg,0.7413235723535991,0.592964274058744,0.744479061728006,0.6050378906006756,0.9674424717001302,0.6540385436357531,0.005649194294716688,0.9049570794748723,0.7994978256034022
RipVIS-024_00037.jpg,0.7423407147955217,0.5946660557036285,0.7458189174801727,0.6070314129604393,0.9668796606382876,0.6558495483116663,0.005290514200362863,0.9052965856477115,0.8004296901458173
RipVIS-024_00038.jpg,0.7432252692742085,0.5958488762533215,0.7467484987077658,0.6084383675077673,0.9664393720730795,0.6571223218563899,0.008797110842782006,0.9057957175921557,0.8010943829397064
RipVIS-024_00039.jpg,0.7436890816317855,0.5965704848947853,0.7473149360319028,0.6083646900160001,0.9685258415306744,0.6572460929751756,0.005028401154201658,0.9059876543205507,0.8012543893445893
RipVIS-024_00040.jpg,0.7443606608490767,0.5979745968469932,0.7484156481922466,0.6094996183570495,0.9693475570980525,0.658381402583338,0.003904797322061659,0.906019000771168,0.8018818905062046
RipVIS-024_00041.jpg,0.7438506697731405,0.597113215684152,0.7477406232949714,0.6086825723727736,0.9691501726686971,0.6576004072884635,0.0025102268498967805,0.905854552468699,0.801460022409349
RipVIS-024_00042.jpg,0.7428071872756415,0.5953901390089554,0.7463881397421792,0.6058369625261169,0.9718532947316867,0.6551879258520449,0.0038953811905123926,0.9054909336415387,0.8003045587452693
RipVIS-024_00043.jpg,0.7426486732458086,0.5950872597993612,0.7461501007464814,0.6053428361899927,0.9723186894375235,0.6547677759500075,0.0038185712951645176,0.9054639274686991,0.8001045599203277
RipVIS-024_00044.jpg,0.7414842447782708,0.5932325547764632,0.744690475973479,0.603596012740476,0.9718717753498372,0.6530918194884685,0.002801643630668505,0.9050110918205512,0.7991961151323603
RipVIS-024_00045.jpg,0.7418775392934492,0.5938107606053408,0.7451458796523713,0.6038269449351835,0.9728245783850026,0.6533941318074299,0.004384328357799969,0.9051972415119092,0.7994010464739989
RipVIS-024_00046.jpg,0.7421382170816104,0.5942450561516205,0.7454877201702984,0.6044779569676395,0.9723016597337244,0.653956578716423,0.0035270094669085754,0.905285493826724,0.7996747603728809
RipVIS-024_00047.jpg,0.7417429381066886,0.5936268394035544,0.7450010563649024,0.6040312325932847,0.9718017908315351,0.6534930700706,0.00287276434038803,0.9051239390427733,0.7994061151963915
RipVIS-024_00048.jpg,0.7428219974429768,0.595292921190546,0.7463117441106512,0.6052070264793725,0.9732188417665317,0.6547222013826844,0.0029659838721877853,0.9055796682094398,0.8001234523034171
RipVIS-024_00049.jpg,0.7436322292819064,0.5964520068711907,0.747221970098742,0.6059318826059951,0.9744401382458642,0.6555114008115293,0.0032362459543933196,0.9059847608020323,0.8006012108907137
RipVIS-024_00050.jpg,0.7413592737250503,0.5927092159194216,0.7442780012762957,0.6021927230543167,0.9741176790994841,0.6519787328489615,0.002860306329317189,0.905185667437835,0.7987184819998205
RipVIS-024_00051.jpg,0.7407897411934928,0.5917122593285974,0.7434914895713481,0.6008037014882565,0.9750642269501248,0.6507601736497456,0.003051881993613994,0.9050260416662302,0.7981188414128491
RipVIS-024_00052.jpg,0.7507295207813902,0.6061681487116388,0.7548003603456669,0.6132226227902354,0.9813753337368971,0.6629633810084332,0.016091308820648208,0.909823977623018,0.8049089773708161
RipVIS-024_00053.jpg,0.7501246657198604,0.6052784418020326,0.7541102229250235,0.6122588857325654,0.9815120659499157,0.6620744960980515,0.014942099363565362,0.909539930555117,0.8044403316165784
RipVIS-024_00054.jpg,0.7499168262730753,0.6050150873159189,0.7539057945276901,0.6120068406306909,0.981467268388674,0.6618346264523148,0.01769662921182616,0.9094130979933885,0.8043092798644613
RipVIS-024_00055.jpg,0.7519454073685194,0.6083140450334822,0.7564617705254426,0.6139947716399434,0.9850184843479244,0.6640174292498943,0.02270586018252253,0.9101485339501784,0.805624068063701
RipVIS-024_00056.jpg,0.7521170109377378,0.6086386444426052,0.7567126980882634,0.6145633539832501,0.9844074985352822,0.6644937151414713,0.018673960198182217,0.9101793981477092,0.8058499671777981
RipVIS-024_00057.jpg,0.7527431317551254,0.6096493439895744,0.7574933587442546,0.6156635735325677,0.98422923747741,0.6655061743573558,0.01872588689011707,0.910411361882277,0.8063810968067193
RipVIS-024_00058.jpg,0.7509248182937465,0.6065716931092829,0.7551131340243555,0.6122403466279847,0.9849652320958638,0.6623704292637418,0.019169027382514726,0.9098355516970921,0.804747558232385
RipVIS-024_00059.jpg,0.7505228060182811,0.6059639771894679,0.7546420539892069,0.6118544571012653,0.9843609587720282,0.6619544392775688,0.016965127236855313,0.9096580825612897,0.804499375527154
RipVIS-024_00060.jpg,0.7504685376311773,0.6059367728008149,0.7546209577654021,0.612204068021374,0.9833857574628196,0.6621934174870228,0.015624999998529274,0.909596354166228,0.8045827768803182
RipVIS-024_00061.jpg,0.7485614992973085,0.6026384868505378,0.7520579242232311,0.6084154509418975,0.9844885204003851,0.6587432266562884,0.01919077330126765,0.9090403163575863,0.8028023104912279
RipVIS-024_00062.jpg,0.7488174829351602,0.6030105423768973,0.7523475690718426,0.6085850421156118,0.9850372175938873,0.6589514006413829,0.022148288971278678,0.9091637731477097,0.8029373435685334
RipVIS-024_00063.jpg,0.7533719617520975,0.6094186657799485,0.7573152700880539,0.6139583453935402,0.9880123809916942,0.6642547100432203,0.028368794323558506,0.9115027006168444,0.8058984386932828
RipVIS-024_00064.jpg,0.7522354263501528,0.607640439877039,0.7559407250585394,0.6118349050226023,0.9888436202989036,0.6623399447536101,0.026430466083134666,0.911043595678573,0.8049144606513136
RipVIS-024_00065.jpg,0.745985415186806,0.5987575995651414,0.7490286203837307,0.6027500682005859,0.9890585418295136,0.6538244845188185,0.021115575070436737,0.9078911072526485,0.8003901764810939
RipVIS-024_00066.jpg,0.7463733907316032,0.5994908933696532,0.7496021338473564,0.6037288450796242,0.9884262062488506,0.6546901777909987,0.031087593307088008,0.9079615162032658,0.8008193869739253
RipVIS-024_00067.jpg,0.7457741770757719,0.5981420235499607,0.7485467683545483,0.6025221799464784,0.9879921362550218,0.6535167284944838,0.024896265557818157,0.9080025077156115,0.8001842280565192
RipVIS-024_00068.jpg,0.7453486056183098,0.5973094189311147,0.7478944428072318,0.6010639765793513,0.9896504718595258,0.6522882002550738,0.02510578279030505,0.9079451195983276,0.7996081406652532
RipVIS-024_00069.jpg,0.7435226515651525,0.5943895196788707,0.7456013882963655,0.5980381547693505,0.9898399609437638,0.6494517967820741,0.01999812224016542,0.9072463348761057,0.7981163176794629
RipVIS-024_00070.jpg,0.7395303213961204,0.5880305650991806,0.7405783969434557,0.5946731379299879,0.9813582920757574,0.6455461171111329,0.011798322424942545,0.9056978202156126,0.7956840761690158
RipVIS-024_00071.jpg,0.7401074572235974,0.5889226346404484,0.7412854745740514,0.5956072626804999,0.9812991883988899,0.6464214345169271,0.010596148529383936,0.905940875771168,0.7961441965886021
RipVIS-024_00072.jpg,0.7415092146886006,0.5912683620268704,0.7431409762634194,0.5984562651067346,0.9800909052791389,0.648998585258953,0.011238025054233785,0.9064062499995629,0.7974509190294061
RipVIS-024_00073.jpg,0.7412519181291498,0.5910126015333143,0.7429389320533788,0.5983807409066267,0.9795906987084578,0.6488836519513236,0.011603278385523226,0.9061993634254889,0.7973647963292689
RipVIS-024_00074.jpg,0.7426213774530079,0.5931247289997492,0.7446055141861307,0.600654817984046,0.9793011892398876,0.6509963045754328,0.012365045675706832,0.9067785493822788,0.7984713351177286
RipVIS-024_00075.jpg,0.7434501875804241,0.5944017944574091,0.745611045501476,0.6020402285964745,0.979100966889121,0.6522800297874524,0.011951824950634198,0.9071296296291922,0.7991432788219976
RipVIS-024_00076.jpg,0.7444654865421232,0.595982331022297,0.7468532945982479,0.6035801259668975,0.9793156467592459,0.6537447760938706,0.014907518172917316,0.9075482253082043,0.7999293953109075
RipVIS-024_00077.jpg,0.7449580787975392,0.5968485828719156,0.7475330964674053,0.6043412155305304,0.979650248362446,0.6544888200384374,0.013437643809163584,0.9076822916662289,0.8003362547926922
RipVIS-024_00078.jpg,0.7443353027018687,0.595407156407972,0.7464015113841154,0.6060454702019332,0.9713625148778572,0.655338347965163,0.009798534797637497,0.9077531828699326,0.8004439964111875
RipVIS-024_00079.jpg,0.7474680978903098,0.6004742283729007,0.7503703811380509,0.6111335953935203,0.9717729374801997,0.6601304332256389,0.010507080857879663,0.9089105902773394,0.8030044607556688
RipVIS-024_00080.jpg,0.7478528887499518,0.6009918139340944,0.7507743746138036,0.6120451894056069,0.9708267631663656,0.6608935386449526,0.014724829742800954,0.9091251929007962,0.8033736115281498
RipVIS-024_00081.jpg,0.7438808045467454,0.5945717624927069,0.7457447528899488,0.6107433199494331,0.9573649885589892,0.65842061208843,0.008120437955463463,0.907654803240303,0.801496949508787
RipVIS-024_00082.jpg,0.7423233115325516,0.5922277361636368,0.7438982787607616,0.6084198961233294,0.956994682391942,0.6562243999908197,0.007190265486062844,0.9069565007711675,0.800306778409865
RipVIS-024_00083.jpg,0.7426119097863446,0.5928717909755075,0.7444061654358517,0.6105954134766337,0.9533255305041191,0.6578997273413038,0.006888317413033769,0.9069401041662293,0.80103399237898
RipVIS-024_00084.jpg,0.7434627719014847,0.5949550606511597,0.7460461743771791,0.6092915578676377,0.9619557669279664,0.6575010708373369,0.007648183555708988,0.906765046295859,0.8011525119715232
RipVIS-026_00000.jpg,0.870567800154395,0.7974907092699817,0.8873377816721714,0.818651937446866,0.9686048485384714,0.8448094859957739,0.03679665289723775,0.9538802083328733,0.9055433436984905
RipVIS-026_00001.jpg,0.855480346227447,0.7748850566361016,0.8731664664580852,0.8026691105594644,0.957239536405118,0.8294564359158616,0.02551671344600578,0.9476046489192961,0.8961388598754347
RipVIS-026_00002.jpg,0.8606864461004531,0.7825256369733565,0.8779965019768778,0.8133210968455238,0.9538465069871587,0.8380131496452213,0.030345182893851356,0.9498765432094185,0.9010538119111866
RipVIS-026_00003.jpg,0.8579550913691746,0.7781856768794919,0.8752580644391612,0.8090112319437902,0.9533219490657895,0.8342690074225657,0.03078112915541216,0.948890817900777,0.8988659638735329
RipVIS-026_00004.jpg,0.8592600054372258,0.7797755558867953,0.8762627998880032,0.8063844688646276,0.9594009827844607,0.8329543328878481,0.034698162727837364,0.9496624228390482,0.8983509355523779
RipVIS-026_00005.jpg,0.8578300092741524,0.7774301425757358,0.8747799690728039,0.8035030797127416,0.9599334310626512,0.8305730471483062,0.032616129200241144,0.9491922260797891,0.8969978967890484
RipVIS-026_00006.jpg,0.8612964821652627,0.7824429920223293,0.8779444790372598,0.8094827738186546,0.9590563106264043,0.8355449372280614,0.027069728247995063,0.950750868055097,0.8999014983252323
RipVIS-026_00007.jpg,0.8631101077892164,0.7852538670881747,0.879711150962476,0.8132079556079511,0.95806019283318,0.8385650305929581,0.027511899156466766,0.9514472415118869,0.9016326287653652
RipVIS-026_00008.jpg,0.8637803472063161,0.7862087241578432,0.8803100259501002,0.8116948019407235,0.9615969720865464,0.8378160239983748,0.02668833892477515,0.9517568479933681,0.9013138768987465
RipVIS-026_00009.jpg,0.8656401702107551,0.7889609344987657,0.8820326025954481,0.8130839881940978,0.963758223961799,0.8393281486528609,0.02659183887409043,0.9525511188267011,0.9022760577465366
RipVIS-026_00010.jpg,0.8616663297717895,0.7825217886563947,0.8779940796642194,0.8040760347425776,0.9668784125407198,0.832097650343462,0.027906243429267067,0.9512032214501586,0.89819055126305
RipVIS-026_00011.jpg,0.8600368883252731,0.7799595298225241,0.8763789476722453,0.8016766868967125,0.9664336818320635,0.8299754225618687,0.02901738948098589,0.9506004050921342,0.8969476998120028
RipVIS-026_00012.jpg,0.8592383024296715,0.7783379833016479,0.875354393383188,0.7981358407424767,0.96911494042297,0.827328643518978,0.03482190324110463,0.9505357831785539,0.8955304614609924
RipVIS-026_00013.jpg,0.8612392479048152,0.7818643933045686,0.8775801303875395,0.8047134994553589,0.9649567527696655,0.8323582179129084,0.03373657315498297,0.9510363618822574,0.8982811764611112
RipVIS-026_00014.jpg,0.8606309777023806,0.7808875289530303,0.8769644531253559,0.8029532051958317,0.9660047846864274,0.8310062508803735,0.034151937012662184,0.9508241705242328,0.8975318324639829
RipVIS-026_00015.jpg,0.85781861437908,0.7762713251573312,0.8740458894573145,0.8004503924259441,0.9625447660123795,0.8283495200968218,0.03156912549730086,0.9499049961415172,0.8959053615029411
RipVIS-026_00016.jpg,0.8535464021767531,0.7696259624764664,0.8698176663269895,0.795613550122904,0.9592870413475344,0.8237222367810068,0.03394390975711767,0.9482730516970735,0.8931222388973779
RipVIS-026_00017.jpg,0.8541210392147417,0.7701823226129951,0.8701728774198991,0.7981589129910651,0.9564705219379326,0.8254851892285467,0.02580378799474615,0.9487070794748511,0.8940942565955347
RipVIS-026_00018.jpg,0.8526942297944397,0.7682736167527805,0.868953322013164,0.7996039329529131,0.9514743860799669,0.8259715743982106,0.028255843820793432,0.9479639274686786,0.8941922663222355
RipVIS-026_00019.jpg,0.8499067492337183,0.7633497246927413,0.8657950422463733,0.7925110834957733,0.9540131947292645,0.8202837729909104,0.026887280246800038,0.9472704475304073,0.8910359287007914
RipVIS-026_00020.jpg,0.8511379209964798,0.7654116360618012,0.8671197361871321,0.7948471098286973,0.9538499240546092,0.822260593893178,0.02938745997162548,0.9476485339501602,0.8921603032644605
RipVIS-026_00021.jpg,0.8453889062115785,0.7564281236992294,0.8613254519132946,0.7872183029902257,0.9508351632258749,0.8152763648300849,0.02887600910635086,0.9454677854933712,0.8880306877198008
RipVIS-026_00022.jpg,0.8454308745805911,0.75662650602247,0.8614540466381777,0.7915438291117882,0.9449097488404662,0.8181005983392274,0.02838551006669132,0.9453988233020132,0.8894725985111513
RipVIS-026_00023.jpg,0.8453030659571926,0.7562648553932895,0.8612195968858412,0.7887615802633429,0.9483366615389337,0.8162307466528609,0.026241607297102065,0.945453800153865,0.8885112481392297
RipVIS-026_00024.jpg,0.8481062868073941,0.7605428882103399,0.8639867773780407,0.7923311674400235,0.9498915910838734,0.8195181927499223,0.027924567400895006,0.946583719135346,0.8904715309029043
RipVIS-026_00025.jpg,0.845904561991256,0.757208538373852,0.861831162139224,0.7928459225938826,0.9439652392596845,0.8190709217476945,0.0291302110123968,0.9456799768513958,0.8900283912075139
RipVIS-026_00026.jpg,0.8478373716096925,0.7601313164697565,0.8637211432546175,0.7965755441288325,0.9432285367156191,0.822140803113229,0.033436532506014624,0.9464761766970744,0.8918024497433801
RipVIS-026_00027.jpg,0.847301655462178,0.7592034031046004,0.8631217990651636,0.7923358323530116,0.9477963501179139,0.819209699079738,0.038024794247420314,0.9463310185180621,0.8902424581075723
RipVIS-026_00028.jpg,0.84405818247941,0.7541392855815426,0.8598396852294724,0.7873212985302858,0.9470723835843379,0.8148095260761261,0.04036410923067027,0.9450959683637418,0.8876743408441934
RipVIS-026_00029.jpg,0.8455666568688538,0.756047065993064,0.8610783624589368,0.7888419971907635,0.947878086522464,0.8162316567979193,0.03907841805344139,0.9459582368822599,0.8885750092064515
RipVIS-026_00030.jpg,0.8474120603072858,0.759157721930197,0.8630922770213326,0.7962909816444219,0.9421279141500494,0.8217309937011953,0.028546712801315554,0.9465128279316423,0.8915764527554424
RipVIS-026_00031.jpg,0.8520130600227797,0.7657869747549836,0.8673605431495975,0.8012313509193706,0.9453875920583508,0.8264349296448223,0.029720553667812975,0.9486154513884314,0.8944754856977728
RipVIS-026_00032.jpg,0.8528624452481892,0.7670719413992827,0.8681841677502561,0.8039014871027551,0.9436408828982811,0.8284373757984554,0.02700452676897838,0.9489636381168263,0.8956049894291565
RipVIS-026_00033.jpg,0.8518308746476131,0.7652952748942116,0.8670450612746055,0.8025603959690473,0.9427976002843605,0.8271679513927295,0.03017422334014619,0.9486800733020117,0.8948664693818509
RipVIS-026_00034.jpg,0.8508435217372801,0.7636239947503725,0.8659714281767386,0.8004602768125125,0.9431615129623855,0.8254381939632923,0.02698312899366116,0.9483897569439871,0.8938845278568006
RipVIS-026_00035.jpg,0.8534432717860513,0.767384389526064,0.8683842565021673,0.8031759852473292,0.9451163886481133,0.8280477214784576,0.031828002316919006,0.9495674189810236,0.8954951641203376
RipVIS-026_00036.jpg,0.8530301328709413,0.7668167111157249,0.8680206682350076,0.8003179893413302,0.9482364700816457,0.8260909090909091,0.030864521545805233,0.949361014660036,0.8944195292536119
RipVIS-026_00037.jpg,0.8547687673119824,0.7691268975723835,0.8694988455919,0.7943140216033082,0.9604047883335046,0.8227717710797252,0.04128613887915233,0.950280671295838,0.8928431020405223
RipVIS-026_00038.jpg,0.8551212813108993,0.7695253367814143,0.8697533974631889,0.7917315611160342,0.9648337289793253,0.8211980179557449,0.04324353800614879,0.9505126350304058,0.8920604264903615
RipVIS-026_00039.jpg,0.854562503530911,0.7682914982666519,0.8689647595091206,0.7886742221307232,0.9674560842017852,0.8189416235746151,0.041813186810889386,0.9505372299378132,0.8908543795075538
RipVIS-026_00040.jpg,0.852345919262252,0.7648185065562142,0.86673899181695,0.7864778999100541,0.965243328008364,0.8167299783213573,0.04107045330196229,0.9497072723760852,0.8895211745312541
RipVIS-026_00041.jpg,0.8478508942126401,0.7575871661787609,0.8620763518953781,0.7793416450969411,0.9644635523217955,0.8104538120744833,0.03885882931415757,0.9481438078699131,0.8859013480461579
RipVIS-026_00042.jpg,0.8482502594999561,0.7579085518424774,0.8622843902182599,0.7775026159730787,0.9678189664875904,0.8093327969489994,0.03817775293246631,0.9484939236106537,0.8853689953094096
RipVIS-026_00043.jpg,0.8475164029923294,0.7568541328334407,0.8616015623480274,0.777596270923119,0.9659557025757916,0.8091529110567007,0.03402995082509891,0.9481553819439872,0.8852095197163807
RipVIS-026_00044.jpg,0.8462060963971945,0.7543465442764615,0.8599743838952569,0.7705806703656239,0.9728307780809121,0.8040112238173208,0.03444180522370536,0.9479624807094194,0.8824751682042296
RipVIS-026_00045.jpg,0.8436023266437074,0.7506439676972017,0.8575632527778898,0.7713380332315609,0.9654923095210751,0.8036602102114441,0.03062360801611227,0.946733217592136,0.8820514200706422
RipVIS-026_00046.jpg,0.8439124273586984,0.7510730389757793,0.857843187871923,0.7712720031176394,0.9663058902870518,0.803715510235672,0.029313753175412946,0.9468875385797902,0.8821092975885938
RipVIS-026_00047.jpg,0.8422546265475709,0.7483813356224887,0.8560847915435302,0.7686158418352462,0.96601825588307,0.8013671504320579,0.03144224196676679,0.9463247492279387,0.8807638937215914
RipVIS-026_00048.jpg,0.8438737981716153,0.7511096568903631,0.857867071813413,0.7712187210362113,0.9664501630282061,0.8036891790808731,0.03426063162499939,0.9468089313267039,0.8820907856091553
RipVIS-026_00049.jpg,0.8519343476166512,0.7635555758083135,0.8659274323785833,0.7841941447642596,0.9666805137231087,0.8149632955944985,0.03291804777500754,0.9499585262341098,0.8885891849500878
RipVIS-026_00050.jpg,0.85279868083514,0.7647240498898105,0.8666783341424512,0.7836176562272842,0.9694349866273515,0.814855281261305,0.036298891503285344,0.9504046103390479,0.8886094347807316
RipVIS-026_00051.jpg,0.8550566611191821,0.768320219108061,0.8689831296456034,0.7873496322630905,0.9695024865530368,0.8180906674261381,0.03726244473576032,0.9512109374995412,0.8904717384573688
RipVIS-026_00052.jpg,0.8582472970868056,0.7735312487828028,0.8723063090246503,0.7926061373261303,0.9698268320010274,0.8226722357914079,0.03657489553908907,0.9522632137341087,0.8931097449224552
RipVIS-026_00053.jpg,0.8603293844867976,0.7767967856445627,0.8743788731729011,0.797311953172565,0.9679382641624051,0.8264489210668137,0.03780837636042408,0.953037229937812,0.8952511311870721
RipVIS-026_00054.jpg,0.8589238810034612,0.7745224331480342,0.872936198134185,0.7944140119882581,0.9686837065804101,0.8240644455153281,0.03518793556293911,0.9525607638884295,0.8938931883084038
RipVIS-026_00055.jpg,0.8589866738767276,0.7745507126608953,0.8729541591961331,0.7932676711859306,0.9704380233707255,0.8233303275520839,0.035730593605266515,0.9526302083328739,0.8935152630979879
RipVIS-026_00056.jpg,0.8601658965323693,0.7763860671619145,0.8741186181473786,0.7971353736501636,0.9675606626464508,0.8262420853258615,0.03503457735411587,0.9530777391970713,0.8951351703531871
RipVIS-026_00057.jpg,0.8607285172036552,0.7772518170927011,0.8746670670047877,0.7975049502127648,0.9683601798464336,0.8266763217187297,0.03480344610972765,0.9532976466044786,0.8954064762128279
RipVIS-026_00058.jpg,0.8595128865294686,0.7752546523224217,0.8734010653719103,0.7954280343976646,0.9683223189644435,0.8248847249192524,0.03327045103565595,0.9529055748452194,0.8943748377761185
RipVIS-026_00059.jpg,0.8559073565839391,0.7696027269352247,0.8698028266130667,0.7890155942420788,0.9690207721961892,0.8194601576070921,0.03163183738542698,0.9515620177464547,0.8912542977738038
RipVIS-026_00060.jpg,0.8616071898118773,0.7791805941938913,0.8758870198299588,0.8027917393418735,0.9636265265954574,0.8305152912581275,0.03082230516735537,0.9532634066353427,0.8974787257019388
RipVIS-026_00061.jpg,0.8585066861797132,0.7740646625415835,0.8726453763332763,0.7965968684780441,0.9647465903275367,0.8253682458240804,0.029910891649360866,0.9522767168205284,0.8945396174483482
RipVIS-026_00062.jpg,0.8628551635436124,0.7809497867803044,0.8770037118139606,0.8034395546410122,0.9653969349845918,0.8313328460038987,0.02716439825904081,0.9538493441353425,0.8980116645309911
RipVIS-026_00063.jpg,0.8624585331469379,0.7804945368261582,0.8767165758536255,0.8043730722917974,0.9633589075780576,0.8318288853049017,0.023865414709151274,0.9535932677464537,0.8982386504213273
RipVIS-026_00064.jpg,0.8649802772484225,0.7846232016788461,0.8793152537081538,0.8075990393887194,0.9650098222440541,0.8348343965628844,0.0281318434483614,0.9544150270057126,0.9000094609035261
RipVIS-026_00065.jpg,0.8627159619408009,0.7809286225702876,0.8769903663440805,0.803823955346182,0.964810218584676,0.8315749345001493,0.029101573513670882,0.9536689814810215,0.8981211951224681
RipVIS-026_00066.jpg,0.8673560109870695,0.7879512971755953,0.8814012981453268,0.8105807783139237,0.9657817408589652,0.8374979335952899,0.028939633731124823,0.955553626542749,0.9016158646887011
RipVIS-026_00067.jpg,0.8687117920748691,0.7901027623553369,0.8827457048507709,0.8130468881408633,0.965514912771622,0.8395625732779797,0.030121503247803248,0.9560382908946007,0.902812996993955
RipVIS-026_00068.jpg,0.8656198888178935,0.7851901574205872,0.8796711702187567,0.8073291276551015,0.9662539286464902,0.8347895624664864,0.03137789904323682,0.9549363425921321,0.9000508563978988
RipVIS-026_00069.jpg,0.8654973423605312,0.7850672812480544,0.8795940517145816,0.8075798720139612,0.9657090578434722,0.8349226065447785,0.03146754202097077,0.9548456790118852,0.9001101813236587
RipVIS-026_00070.jpg,0.8650460907883812,0.7839747027368752,0.8789078696397933,0.8087272727253443,0.9624263268238102,0.8354101998077739,0.029229808727553788,0.954930555555095,0.9003614601166983
RipVIS-026_00071.jpg,0.8690438576929161,0.7904134142797562,0.8829395579542416,0.8152746964364244,0.9628528765398014,0.8410567505045036,0.02873890279827345,0.9562982253081808,0.9036525439674545
RipVIS-026_00072.jpg,0.8706106770440122,0.7929187975822254,0.8845005124063475,0.816374960089927,0.9650312623191432,0.8423258384318724,0.03179768224971184,0.9568451003081805,0.904433896061245
RipVIS-026_00073.jpg,0.8716962989926124,0.794662882985724,0.8855845747070541,0.816877715436738,0.9669105636076275,0.8430401591988198,0.03064082775792369,0.9572183641970693,0.9048856997653942
RipVIS-026_00074.jpg,0.8713766620046215,0.7942692218868753,0.8853400729368942,0.8191247696178686,0.9632021056141479,0.8443856862048177,0.029388313018032332,0.9570302854933657,0.9055887315027797
RipVIS-026_00075.jpg,0.8718455469130044,0.794933956370041,0.8857528752508135,0.818887392913489,0.9645089492432659,0.8443844241417252,0.030315094981781646,0.9572492283946001,0.9056210410637645
RipVIS-026_00076.jpg,0.869743943319884,0.7918897748111376,0.8838599181075204,0.8158560511554771,0.9642312716220278,0.8417619983639982,0.035264627127256615,0.9563097993822549,0.9040553643008408
RipVIS-026_00077.jpg,0.8705584345198767,0.7931993043523965,0.884675007878007,0.8182130567885589,0.9628886967650309,0.8435623892598823,0.034133576059043484,0.9565895061723781,0.9050780788884004
RipVIS-026_00078.jpg,0.8700436055840446,0.7922563829793486,0.8840882258846752,0.8193368955414766,0.9599522384035577,0.8440648912355032,0.0375978515491916,0.9564877507711437,0.9053280125114094
RipVIS-026_00079.jpg,0.8663902196340716,0.786374808975783,0.8804141270069192,0.8132927737809801,0.9596111934906095,0.838874550957597,0.03660698964499188,0.9552367862649714,0.9022976720305339
RipVIS-026_00080.jpg,0.8663493172479533,0.7861268739256777,0.8802587155501128,0.8129769442587245,0.9596817394905811,0.8386164988504002,0.0335581980314682,0.9553419174378109,0.9021680189830175
RipVIS-026_00081.jpg,0.8666452800467325,0.7866794587632716,0.8806050295197396,0.814948872322212,0.9577673201412966,0.8400003743130616,0.030477056915308064,0.9553935185180578,0.9029304372242251
RipVIS-026_00082.jpg,0.8652833266779802,0.7839303028024688,0.8788799669706288,0.8167165251830437,0.9512860108465235,0.8404959363327139,0.027557269220483255,0.9552922453699096,0.9031758303864879
RipVIS-026_00083.jpg,0.8655889510126863,0.7843273701226556,0.8791294504088009,0.8152992094045539,0.9538032520575165,0.839685763456602,0.02905390038497533,0.9554595871908973,0.9027544143739218
RipVIS-026_00084.jpg,0.8681968353113643,0.7885420778589598,0.8817707870791759,0.82124429848368,0.9519288519913041,0.8444296254866952,0.025409882245455526,0.9563416280859586,0.9054950082962934
RipVIS-026_00085.jpg,0.8587687216630242,0.7738988151542469,0.8725399763987707,0.8044326738758083,0.9532466129564524,0.8303585843628573,0.026065951349583397,0.952753182869911,0.8972526763533619
RipVIS-026_00086.jpg,0.8605605460854977,0.7761474019614905,0.8739673307568405,0.806880388583347,0.953221609180795,0.8324400900609711,0.02956143861686995,0.9537900270057129,0.8985348177531802
RipVIS-026_00087.jpg,0.8580975873438539,0.7726061796615673,0.8717178000689089,0.8024300459524037,0.9541020374273965,0.8287799975945267,0.031525922570097016,0.9526620370365776,0.8963765759593709
RipVIS-026_00088.jpg,0.8602551811152195,0.7759884297234045,0.8738665373447937,0.8082717130028768,0.9510483143578777,0.8332913692828136,0.029512813290368187,0.9534649884254661,0.8989537711854323
RipVIS-026_00089.jpg,0.8612212165569016,0.7775186307105282,0.8748359845879425,0.8121854510315212,0.9479599177482682,0.8361371114972725,0.028009635312979123,0.9538136574069475,0.9005633912143307
RipVIS-026_00090.jpg,0.8589685961091388,0.7737837649175827,0.8724668476752417,0.806990129182462,0.949506946146787,0.8319649863265361,0.026828310039466334,0.9531105324069478,0.8981726885830945
RipVIS-026_00091.jpg,0.8591841146107962,0.7740388201055945,0.8726289541505322,0.8078354487630737,0.9487224901131569,0.8325628735309454,0.026564610534299603,0.9532455632711452,0.8985192086572729
RipVIS-026_00092.jpg,0.8581419603100485,0.7724244991417191,0.8716021466818573,0.8078589545715916,0.9462662055292084,0.8322036949831018,0.022902900659485782,0.9528448109563306,0.8982624686217049
RipVIS-026_00093.jpg,0.8581024042202628,0.7722515286757705,0.8714920158684227,0.807476785921327,0.9465312177512397,0.8319201822098217,0.026081568272528076,0.9529036458328738,0.898115923762817
RipVIS-026_00094.jpg,0.8596657296426193,0.7747847340759779,0.8731027703811765,0.8077171825213165,0.9500068632582473,0.8326599319847928,0.027952755903939665,0.9534307484563304,0.8986002459457081
RipVIS-026_00095.jpg,0.8589209310703392,0.7734778230263547,0.8722723374194237,0.8055696830896908,0.9510184147750552,0.8309879378225024,0.02770426262584018,0.9532460455242316,0.89765751853643
RipVIS-026_00096.jpg,0.8608079889087821,0.7763954490909984,0.8741245644243107,0.8107146701615403,0.9482953017034154,0.8349416812215852,0.030443927818529618,0.9539747299378115,0.8999310269161438
RipVIS-026_00097.jpg,0.8604871707826995,0.7759890400180111,0.8738669243253229,0.8102229870728272,0.9483618243766351,0.8345347328065781,0.02799558254953089,0.9537914737649721,0.8996806924531414
RipVIS-026_00098.jpg,0.8629372201861567,0.779929581581771,0.8763600421637697,0.8156670752603496,0.9468113204840976,0.838906718913644,0.02650933040469213,0.9546354166662063,0.9022091183763927
RipVIS-026_00099.jpg,0.8636933011682733,0.781015562320177,0.8770451857284469,0.8186803188774825,0.9443706956189104,0.8410686100349426,0.02651201325454228,0.9549816743822555,0.903457474784177
RipVIS-026_00100.jpg,0.8663580065186289,0.7852567566914049,0.8797129642536258,0.8238739738164734,0.9436713578937367,0.8453367707886451,0.02421558980954326,0.9559268904316378,0.9059572630519959
RipVIS-026_00101.jpg,0.8682917751687316,0.7883390771456067,0.8816438529139404,0.831317381012926,0.9384563254672736,0.8507423963021332,0.026468020081506876,0.956608796295835,0.9090806489588776
RipVIS-026_00102.jpg,0.868754864190431,0.7889804434680978,0.8820447941159032,0.8347322446332074,0.9350429451940635,0.853034831044809,0.018430146452831433,0.9568359374995385,0.9104168494969691
RipVIS-026_00103.jpg,0.8673543220791102,0.7868030815694299,0.8806824766368158,0.8325112972878226,0.9347706363002827,0.851133261076411,0.018524608132274217,0.9563059413575635,0.9092778890747285
RipVIS-026_00104.jpg,0.870740336920184,0.7921519758111486,0.8840232151099926,0.8382865320761018,0.9350386681201525,0.8560012976440415,0.024656627501535848,0.9575303819439827,0.9121752600564711
RipVIS-026_00105.jpg,0.8660819041670611,0.7845684214981017,0.8792808524981919,0.8322718791849828,0.9319181155330007,0.8504591100328593,0.026965544025580337,0.95599392361065,0.9088857671325795
RipVIS-026_00106.jpg,0.8669330725201179,0.7858594077044401,0.8800910131157422,0.8316891907092842,0.9344746411941419,0.8503966874714942,0.022922318807213203,0.9563377700612672,0.9088862338217997
RipVIS-026_00107.jpg,0.8671959191356751,0.786311208192882,0.8803742646706585,0.8324290233431295,0.9341800380260634,0.8509665003512733,0.026298342539983515,0.9564086612649708,0.9092149441600159
RipVIS-026_00108.jpg,0.86623536730153,0.7846476370939603,0.8793305981360501,0.8287833181937333,0.9364440800606795,0.848288461971854,0.028232949511280282,0.9561578896600327,0.9076766272344462
RipVIS-026_00109.jpg,0.8653597466146319,0.7832906325609739,0.8784778187682111,0.8317064470893597,0.9308230557926777,0.8498043497342821,0.024984998089303094,0.9558232060180576,0.9085100336390561
RipVIS-026_00110.jpg,0.8649472703853798,0.7826919942245635,0.8781012050991112,0.8327757516021587,0.9286445034267101,0.8503325936659629,0.026975476837767003,0.9556385030859589,0.9087918785434363
RipVIS-026_00111.jpg,0.8632577146438657,0.7800230688106824,0.8764190559977997,0.8334929628563095,0.9240067395548762,0.8501487226816872,0.02342638204578947,0.9550255594131197,0.9086369211099316
RipVIS-026_00112.jpg,0.8642146916533842,0.7816684679829671,0.8774567008730829,0.8388381407198099,0.9198027208973988,0.8538703321690013,0.02424042996466818,0.9552840470674405,0.9107937719875835
RipVIS-026_00113.jpg,0.8850089357645798,0.8141619078288462,0.897562565188263,0.867839839672149,0.9293934457488393,0.8794895349963228,0.03205090781528105,0.9630097415118812,0.9263507839073959
RipVIS-026_00114.jpg,0.8813046532309843,0.8086295401120345,0.894190349298336,0.8585216117492382,0.9329513986741922,0.8724420966666494,0.03464741163252504,0.9614718364192895,0.9220419373749078
RipVIS-026_00115.jpg,0.8831615247622133,0.8115365310656089,0.8959648532047375,0.8604088637192381,0.9345861854361209,0.8742871513114967,0.03294145035310549,0.9621547067896594,0.9231687184447678
RipVIS-026_00116.jpg,0.8811855308922967,0.8083548106853835,0.894022352150029,0.858934313155832,0.9320992266054259,0.8726337500796586,0.032743980456395025,0.961486304011882,0.9221700548999349
RipVIS-026_00117.jpg,0.8827270511942409,0.8108306716918161,0.8955345017811922,0.8598977712897272,0.934252723441586,0.8738066092303551,0.0314124032780106,0.9620119598760792,0.9228811602914815
RipVIS-026_00118.jpg,0.8778583778124844,0.8030318633007962,0.8907572624154207,0.8513158763262821,0.9340308244240711,0.8666657362076247,0.03311561819450466,0.9603361304007715,0.9186082429163835
RipVIS-026_00119.jpg,0.87676856247665,0.8012764195120753,0.8896762438372705,0.8476749074348066,0.9360568035926314,0.8639903936249352,0.033554338424124856,0.9599667245365741,0.9170272622275704
RipVIS-026_00120.jpg,0.8717532912018353,0.7932552089529744,0.8847097780534331,0.8435278501776728,0.9301191872072297,0.8595318227404077,0.030967154321684568,0.9582253086415132,0.9143302258504593
RipVIS-026_00121.jpg,0.8734190377387725,0.7958399341415536,0.8863149983597849,0.8455368061872598,0.9312257612854569,0.8613893647562957,0.0313783660411126,0.9588570601847227,0.9154598128141992
RipVIS-026_00122.jpg,0.8703276178637559,0.7910151875430893,0.8833148853731411,0.8429667285369674,0.9277196983008533,0.8586554323642471,0.03170439641719197,0.9577025462958344,0.9137844348256866
RipVIS-026_00123.jpg,0.8698494816911928,0.7902024368707165,0.882807911100819,0.8434878441092719,0.9259731151674198,0.8587879331281314,0.03327806049326559,0.9575679976847233,0.9138621058630328
RipVIS-026_00124.jpg,0.868773999829173,0.7885339128884252,0.8817656821669857,0.8437472140905302,0.9233719679078697,0.858554285566182,0.03303490480320519,0.9571590470674396,0.9136969216335
RipVIS-026_00125.jpg,0.8727348293960657,0.7946173089403841,0.8855562742895406,0.8546696110226278,0.9187590475689591,0.8667620727004443,0.030060904060453655,0.9587046682094142,0.9186469078903112
RipVIS-026_00126.jpg,0.876493673382606,0.8002728189005828,0.8890572700967682,0.8557929483436909,0.9250121124344317,0.8687954362166135,0.0310925332093969,0.9602464313266974,0.9199635402896069
RipVIS-026_00127.jpg,0.8775741194276887,0.8017200785604974,0.8899496521135957,0.8521087680333064,0.9313076404175014,0.8668522792144547,0.030891737729096303,0.9608082561723762,0.9188750587668902
RipVIS-026_00128.jpg,0.8805988399134399,0.8063957113171729,0.8928228806845117,0.8581750549195616,0.930386145761373,0.8717063978310027,0.029902642557376992,0.9619627700612645,0.9218184101333748
RipVIS-026_00129.jpg,0.8781082577499808,0.8021346085093429,0.8902049877093677,0.8513306701595252,0.9327994129524436,0.866465729789602,0.028015609527170155,0.9612880979933636,0.9187347725521631
RipVIS-026_00130.jpg,0.8757797743705857,0.7981409805862193,0.8877401596464524,0.8504608082250631,0.9284375674676403,0.8649904118222902,0.018412367551478643,0.9606635802464503,0.9178946608440741
RipVIS-026_00131.jpg,0.8762545449568473,0.7989939568211828,0.8882675272939803,0.8463603959130118,0.9345408729397814,0.8626396138399621,0.0184056203902685,0.9607648533945984,0.9164843579374853
RipVIS-026_00132.jpg,0.874836203291046,0.7964827237164435,0.8867134798477029,0.8423340696914047,0.9360293410196004,0.8595418653824634,0.017831213334620944,0.9604374035489195,0.9146847009925139
RipVIS-026_00133.jpg,0.866354843827756,0.7826377725522875,0.8780670808200677,0.8223469154031358,0.941886981429047,0.8437642698255443,0.02156460591728306,0.9576798804007727,0.9054035484807857
RipVIS-026_00134.jpg,0.8663634580727838,0.7825086763484489,0.8779858260790674,0.822657396716457,0.9412931933546067,0.8439303322896644,0.02488381669363587,0.957780189042748,0.9055190226824523
RipVIS-026_00135.jpg,0.8659349199126928,0.7818093747651792,0.8775454724141993,0.8217292885598616,0.9414969038830312,0.8431814747779346,0.021167114956077236,0.9576403356476864,0.9050805586336469
RipVIS-026_00136.jpg,0.862499062090943,0.7761674118212216,0.8739800163604691,0.8158600360801961,0.9410158037987514,0.8381550798122872,0.02382212810870995,0.9565417631168226,0.9021370597359739
RipVIS-026_00137.jpg,0.8621264048472845,0.7751540632359787,0.8733372266550525,0.8111655573585997,0.9458302524368722,0.8349408717173581,0.025878993394855197,0.9566975308637362,0.9003436505569256
RipVIS-026_00138.jpg,0.852343270736681,0.7599429895043583,0.8635995529814023,0.7999730509187304,0.9382217791904578,0.8242644310354035,0.023454907938111006,0.9529701967587997,0.8939640817239487
RipVIS-026_00139.jpg,0.858025192159136,0.7687349653827126,0.8692483389860238,0.809611389255738,0.9383697873461951,0.8324564905492241,0.022666108484979002,0.9551668595674406,0.8988077290183561
RipVIS-026_00140.jpg,0.8580267385077158,0.7683911284748635,0.8690284814282653,0.8051376127505881,0.9439333427661522,0.8295324632342205,0.026575276573678735,0.9554055748452183,0.897185858462157
RipVIS-026_00141.jpg,0.85698270428968,0.7667540209631143,0.8679805019434818,0.8064340512356922,0.9396975222539045,0.8299746699487281,0.024557602020912627,0.9550173611106505,0.8974070239227121
RipVIS-026_00142.jpg,0.8594146407476144,0.7707126731355448,0.870511274729605,0.8134498490258449,0.9361820503437426,0.8353525675109652,0.026691683813903178,0.9558212770057118,0.9005330827236133
RipVIS-026_00143.jpg,0.8549515803119156,0.7633819449116376,0.8658157662489737,0.8110853263347313,0.928466882305904,0.8321256466827934,0.02093797276726548,0.9543904320983052,0.8986179915057372
RipVIS-026_00144.jpg,0.8535095364993451,0.7611814135551841,0.8643986447922317,0.8114707688360129,0.9247126819753766,0.8318445941600732,0.022344677242197852,0.9538112461415154,0.8984142261111443
RipVIS-026_00145.jpg,0.8565485363847891,0.7657573616473454,0.867341547915666,0.8180619165917183,0.9229389160264418,0.8370861626147837,0.02583002973080835,0.9550737847217616,0.9015579593094853
RipVIS-026_00146.jpg,0.8526518941648802,0.7595927956128216,0.8633733867366451,0.8154610184310266,0.9172673824875458,0.833973351089019,0.023613263091192237,0.9536598186723796,0.8996824654741181
RipVIS-026_00147.jpg,0.8425333147441246,0.7438998911093536,0.8531451775435731,0.8023042195402633,0.910865521784282,0.8218957106063289,0.0231794236118265,0.9497535686723815,0.8924229283781837
RipVIS-026_00148.jpg,0.8460963901236869,0.7498699896954573,0.8570579461460022,0.8059606263276659,0.9150729054073181,0.82565055782163,0.024213075059029424,0.9508256172834921,0.8946078833085751
RipVIS-026_00149.jpg,0.8392737642858019,0.7393025653448012,0.8501138100698898,0.7967493065393036,0.9111399451660598,0.8172704322301022,0.026557458424760642,0.9481741898143575,0.8895868664067509
RipVIS-026_00150.jpg,0.8359603184942193,0.7345467452992449,0.8469610257433801,0.7990180220585038,0.9010246739580392,0.8175288085012106,0.023356134835560722,0.9466237461415188,0.8895571802210306
RipVIS-026_00151.jpg,0.8351846609951764,0.7333481855164048,0.8461637328773888,0.7978160874586664,0.9007491187676886,0.8164766477874633,0.026514215078707402,0.9463189621909016,0.888927482921651
RipVIS-026_00152.jpg,0.8325893564338052,0.7292493565998713,0.8434288020019907,0.7987588466832815,0.8933909846165524,0.81604674171725,0.021305502376254833,0.9453587962958404,0.8886149465581201
RipVIS-026_00153.jpg,0.8313273777758821,0.7275364660413106,0.8422820361164093,0.7969470218476713,0.8930859984515521,0.8144825146365273,0.01656644987013336,0.9446990740736185,0.8876245925301662
RipVIS-026_00154.jpg,0.8350853530016695,0.7331195802299969,0.8460115373374374,0.7948689280734822,0.9041878266398179,0.8145655907755486,0.020299542021271225,0.9463315007711486,0.8878447773457304
RipVIS-026_00155.jpg,0.8337208593423772,0.7311519874679313,0.8446999371064472,0.7935875275005154,0.9028495614331751,0.8132718106813366,0.02118487498329937,0.9456983024686797,0.8870318176532348
RipVIS-026_00156.jpg,0.835655677001797,0.7342144538183462,0.8467400928435036,0.7948144350696359,0.9059246405526066,0.8148012485666964,0.02170294099379105,0.9464091435180622,0.8879611788969757
RipVIS-026_00157.jpg,0.8363462865435854,0.7354052226502835,0.8475314157775603,0.8000935830593859,0.9009490021108097,0.8184168793030279,0.023039487462388993,0.9465957754625065,0.8900291174605479
RipVIS-026_00158.jpg,0.8389691746802685,0.7395711118223448,0.8502913238741735,0.8028430771129359,0.9037002577602317,0.8211724144898422,0.021249155559709566,0.9475477430550986,0.8916771878756067
RipVIS-026_00159.jpg,0.8341908915130553,0.7319299183764155,0.8452188632003743,0.7966889619919324,0.9000446216235812,0.8154164570010926,0.019742911616966424,0.9458478009254698,0.8882634514154975
RipVIS-026_00160.jpg,0.8341630559528568,0.731761227446472,0.8451063759239758,0.7948985796452629,0.9020842917274081,0.8142483885598932,0.018395471882712226,0.9459230324069512,0.8876184429199284
RipVIS-026_00161.jpg,0.8368746039208419,0.7359050730420813,0.8478632668000062,0.806208981636399,0.8940563494610263,0.8223697112287512,0.026364534451323505,0.9470201581785557,0.8923969014320465
RipVIS-026_00162.jpg,0.8411382802669662,0.7427313178822289,0.8523761640833972,0.8115245434460078,0.8975586879050111,0.8273861149524052,0.026082130963985563,0.9485286458328759,0.8953815304064907
RipVIS-026_00163.jpg,0.8423844798711106,0.7452594541990366,0.8540385813765019,0.8221402447524314,0.8885120886360854,0.8346093060707035,0.027499388900788353,0.9486048418205302,0.899525370749505
RipVIS-026_00164.jpg,0.8423222348032371,0.7450200062276996,0.8538813349633143,0.8225728797396366,0.8876673927105482,0.8348166511757273,0.02677702044627696,0.9486781442896659,0.8996827408402894
RipVIS-026_00165.jpg,0.8465936110854029,0.7522393757886081,0.8586034376154311,0.8323371000083633,0.8865815864491667,0.8426483968468309,0.029924287944362197,0.9499257330242332,0.9042706717380986
RipVIS-026_00166.jpg,0.8524547569682246,0.7617624932813618,0.8647731986421676,0.8397147325002772,0.8913732394341287,0.8495618072335366,0.025461298824259446,0.951892361110652,0.9083825052022079
RipVIS-026_00167.jpg,0.8514301951034353,0.7604210436337556,0.8639081501367878,0.8479408938433349,0.8804882942935744,0.8542564409461922,0.024483364643083243,0.9513310185180597,0.9111514234173801
RipVIS-026_00168.jpg,0.8506983368832031,0.7592183678781508,0.8631314699082732,0.8473022316650662,0.8795634091034935,0.8535637407318823,0.02325018164063634,0.9510947145057141,0.9107447254829151
RipVIS-026_00169.jpg,0.8550985362479379,0.7662518210972151,0.8676586338874499,0.8541979587373105,0.8815503349431125,0.8595317975815487,0.02910855063498432,0.9526466049378122,0.9143542060514738
RipVIS-026_00170.jpg,0.8743352144431812,0.7957355432469221,0.8862502568815108,0.8905554000202608,0.8819865375299721,0.8888283333517767,0.027709322592552182,0.9602271412032406,0.9327286073662547
RipVIS-026_00171.jpg,0.8703343991902683,0.7895604368590677,0.8824071214324096,0.8940574009866482,0.8710565611265313,0.889360567076346,0.023968918109744834,0.9586868248452167,0.9331496483523761
RipVIS-026_00172.jpg,0.865944752086057,0.7825451643913361,0.8780087932958963,0.892172675519332,0.8642876065741851,0.8864526367972708,0.020834577038932923,0.9571547067896619,0.9314519425727036
RipVIS-026_00173.jpg,0.8671920362782891,0.7843686842590655,0.8791554023318491,0.89189710556746,0.8667726290884059,0.8867563596458311,0.024115176963160456,0.957705439814353,0.931660240963442
RipVIS-026_00174.jpg,0.867114876712527,0.7841010807872423,0.878987282986516,0.8887466565277979,0.8694399177516066,0.8848170161613463,0.02158661629660091,0.9577763310180566,0.9304586417564031
RipVIS-026_00175.jpg,0.8677403329302198,0.7853489114140906,0.8797707903404189,0.8942422980475232,0.8657602078067328,0.888396937747603,0.022981662299179466,0.9578264853390442,0.9326640528917011
RipVIS-026_00176.jpg,0.8606292427281819,0.7743634341952312,0.8728352030613689,0.8929842498983339,0.8535753672275488,0.884814020705763,0.02207492454151181,0.9550815007711444,0.930511152317193
RipVIS-026_00177.jpg,0.8658433635643568,0.7825947099830328,0.8780399780166315,0.8949603718665492,0.861747516540651,0.8881145568885128,0.02319147683658888,0.9569762731476866,0.9324571273663318
RipVIS-026_00178.jpg,0.8614724634404842,0.7759392073187321,0.8738353251294287,0.8965845116543283,0.8522120094119007,0.8873441629117113,0.028264589601211743,0.9552232831785517,0.9320351106539956
RipVIS-026_00179.jpg,0.854018161070365,0.7639117463048845,0.8661564252351723,0.892464715685061,0.8413547662181836,0.8817519229316543,0.02366794230063774,0.9526798804007751,0.9288073485137122
RipVIS-026_00180.jpg,0.854715897753199,0.7662258157920688,0.8676419616802541,0.9140607664172022,0.8257098852338651,0.8949097151066253,0.029229039700063367,0.9521190200612693,0.9370342374661412
RipVIS-026_00181.jpg,0.8537829841661467,0.7645437670901023,0.8665625430769637,0.9101062633506406,0.8269952410003678,0.892173997395209,0.02319678904360779,0.9519179205242323,0.9353410446840984
RipVIS-026_00182.jpg,0.8494121201917153,0.7580350864059257,0.8623662772915754,0.9121247048214547,0.8177558787186083,0.8915478251312066,0.02409850483587813,0.9500540123452208,0.9350163538540883
RipVIS-026_00183.jpg,0.855256794262105,0.7669774137953624,0.8681236192464289,0.9127103601655,0.8276901917815049,0.8943371344092591,0.025029515937129307,0.9523852237649728,0.9366601970136232
RipVIS-026_00184.jpg,0.8518915057800723,0.761744871823206,0.8647618437905672,0.9141127474590115,0.820466681849466,0.8937115365318178,0.027729944775979457,0.9511000192896648,0.9364219628188393
RipVIS-026_00185.jpg,0.8499533483666044,0.7588115650969598,0.8628685188968814,0.9157449044128334,0.8157651061068191,0.8938352954150699,0.02890517909119106,0.9503047839501589,0.936582511942072
RipVIS-026_00186.jpg,0.8479716926809611,0.7553520269410887,0.8606274016242544,0.9164076712052658,0.8112480311760145,0.893249814344603,0.02997909823648975,0.9497993827155914,0.9365021675871761
RipVIS-026_00187.jpg,0.8486927990618571,0.7565228018944823,0.861386827519166,0.9159220770325421,0.8129808396582837,0.8932998005126503,0.03271112177944234,0.9500424382711468,0.9364635260666269
RipVIS-026_00188.jpg,0.8502297612492924,0.7587714638487519,0.8628425914852159,0.9151290462171259,0.8162080481496966,0.8934720323287497,0.034810888940326974,0.9507257908946032,0.9365564344324311
RipVIS-026_00189.jpg,0.8506065893103707,0.7594499692234636,0.863281119108659,0.9166894384452661,0.8157535443681034,0.8945522544359008,0.032623688153965595,0.9508077739192946,0.937228332183718
RipVIS-026_00190.jpg,0.8479451596239362,0.7553214736334631,0.8606075695866355,0.9159592989268641,0.8115644558201949,0.8929856230023073,0.030243261010684162,0.9497820216044802,0.9363159462522312
RipVIS-026_00191.jpg,0.8473348397662436,0.7543608747093822,0.8599836961529884,0.9152245388678887,0.8110316933303094,0.8922979231908961,0.02489255014178053,0.9495558449069494,0.9358877275455826
RipVIS-026_00192.jpg,0.8487599249204059,0.7564716890837307,0.8613536942099496,0.9144601690711925,0.8140768904909992,0.8924506696668155,0.0250659630591829,0.9501726466044801,0.9359544645382093
RipVIS-026_00193.jpg,0.8792040103852116,0.804933070465675,0.8919256715242092,0.9402745557305899,0.8483058166094785,0.9203193442926522,0.01632890150920815,0.9609683641970674,0.9527601474047276
RipVIS-026_00194.jpg,0.8814495845877492,0.808451119673482,0.8940812509430157,0.9393773387695687,0.8529525053355212,0.9207190914212486,0.01953657428314814,0.9617934992279312,0.9529081258027131
RipVIS-026_00195.jpg,0.8813482767793916,0.8082755952145482,0.893973902378136,0.9395549408510447,0.8526108218537801,0.9207759041057019,0.02444604222338414,0.9617674575612646,0.952961025428175
RipVIS-026_00196.jpg,0.8789726665106145,0.8042556288800362,0.8915096242534828,0.9451767704822369,0.8436094703146755,0.922952785129936,0.02216376191896325,0.9610927854933636,0.9547546975612349
RipVIS-026_00197.jpg,0.8796176230630581,0.8052716566483208,0.8921334954578454,0.9459495692824863,0.8441111190277744,0.9236623744705313,0.02198091477315032,0.9613261959871907,0.9552022109041522
RipVIS-026_00198.jpg,0.87718323515329,0.8010188126049328,0.8895174298000432,0.948748147973919,0.8372477265683222,0.9241338526524908,0.02144469525816992,0.9607238618822528,0.9559334432576203
RipVIS-026_00199.jpg,0.8667678016068161,0.7844688283143573,0.8792183039200312,0.9411440345911102,0.8249386936902201,0.9153556420163171,0.02282832304580076,0.9570322145057113,0.950671263693547
RipVIS-026_00200.jpg,0.8665323599552059,0.7835090656309144,0.8786151758121273,0.9451353090853273,0.8208429382044784,0.9173540835514555,0.020453031311095732,0.9573432677464518,0.9524309776041995
RipVIS-026_00201.jpg,0.8694412921477976,0.7901732961080401,0.8827897252471939,0.9057971796604753,0.8609221078634332,0.8964517726181936,0.01968332815773466,0.9570124421291681,0.9369773305977487
RipVIS-026_00202.jpg,0.872344938410158,0.7945395145478727,0.8855079624680807,0.904073743357934,0.867689360102353,0.8965547868136902,0.022404269842834713,0.9582069830242292,0.9370322531112778
RipVIS-026_00203.jpg,0.8709512896372862,0.79200913459516,0.8839342604959276,0.8983690156206274,0.8699560375660943,0.8925389075947646,0.02284011916442154,0.9579219714501553,0.934609115237592
RipVIS-026_00204.jpg,0.8679670912943653,0.7871026547724684,0.8808701085754711,0.8958113818287842,0.8664190708304448,0.8897744584802489,0.02015628876084369,0.9569714506168224,0.9329945047978299
RipVIS-026_00205.jpg,0.8678676793012479,0.7867651636675683,0.8806587229993116,0.8944986972938761,0.8672404964370101,0.8889108332296238,0.02080975732297185,0.9570558449069458,0.9325106206366529
RipVIS-026_00206.jpg,0.8699839813672388,0.790050695560438,0.8827132075307901,0.8976716505895327,0.8682451165199425,0.891627846440018,0.022624434387698397,0.9578592785489208,0.9342223064350506
RipVIS-026_00207.jpg,0.8778006622748733,0.8024918261119327,0.890424926744826,0.9004080923827266,0.8806607078382607,0.896388083311363,0.025644305171986678,0.9606134259254626,0.937017382527245
RipVIS-026_00208.jpg,0.8716472980076448,0.792311330477468,0.8841224367715155,0.9036953839489438,0.8653793680752103,0.8957631231850477,0.015818995398259345,0.9587051504625006,0.9370073359715205
RipVIS-026_00209.jpg,0.8757822487575958,0.7986369011023802,0.8880468321459407,0.9047814510735944,0.871920010474779,0.8980124852110424,0.01729179910888164,0.9603332368822529,0.9384036032276357
RipVIS-026_00210.jpg,0.8789721578398209,0.8036905083643242,0.8911623192973949,0.9101442177905429,0.8729560151245594,0.9024552419788715,0.017242492733791248,0.9614699074069437,0.9411873116148366
RipVIS-026_00211.jpg,0.8854376246449205,0.813925032012826,0.8974186007121278,0.9119891870263441,0.8833062729810023,0.9061045421455516,0.01853645934130747,0.9637721836415105,0.9433257081156523
RipVIS-026_00212.jpg,0.887842308504296,0.8175457427402772,0.8996150396827757,0.9157216350698548,0.8840652473745729,0.9092102801221693,0.020446825188107733,0.9647506751538557,0.9453458111824399
RipVIS-026_00213.jpg,0.8949256062260522,0.8285922739584272,0.9062624684120973,0.914502600232303,0.8981695060442598,0.9111886311820121,0.029014800806610497,0.9673697916662002,0.9464458523729383
RipVIS-026_00214.jpg,0.892280317607826,0.8239811860231145,0.9034974618566844,0.9170865898051166,0.8903051733094195,0.9116021787630988,0.026253918493583207,0.9667206790118795,0.946982040470441
RipVIS-026_00215.jpg,0.8923710656755861,0.8240597353592042,0.9035446804563401,0.9148696532856482,0.892496658075295,0.9103057669409925,0.023391429693133833,0.9667968749995337,0.946150585071514
RipVIS-026_00216.jpg,0.8909737596744991,0.8216597878168262,0.9021001542791335,0.9085567784220497,0.8957346501002778,0.9059630695107648,0.02288824763753356,0.9664298804007685,0.9434298795295528
RipVIS-026_00217.jpg,0.8892537709255537,0.8189097156159081,0.9004402017156897,0.908536031945145,0.8924873786599302,0.9052802930104792,0.022774869108457142,0.9658391203699046,0.9430572484292443
RipVIS-026_00218.jpg,0.8876111415522892,0.8161364584992942,0.8987611637659454,0.902931985525916,0.8946286965405981,0.9012590201688685,0.02390543485280952,0.9653742283945962,0.9405577852504297
RipVIS-026_00219.jpg,0.8881611872700886,0.8169184134792002,0.8992351086528875,0.9011258051053657,0.8973523295129411,0.9003685732551377,0.026991002997201533,0.9656298225303985,0.9399924767307691
RipVIS-026_00220.jpg,0.8909003901549231,0.8214564462771853,0.9019775882713341,0.9060952159764548,0.8978972152740302,0.9044436617369285,0.02739090064813696,0.9664631558637314,0.9424741482640392
RipVIS-026_00221.jpg,0.8925932166767339,0.8239671216982708,0.9034890068973243,0.9144158624978777,0.8928202095703649,0.9100135569245148,0.02411226035811896,0.9671773726847187,0.9461240374991553
RipVIS-026_00222.jpg,0.8826337439820601,0.80686709941708,0.8931117287789305,0.9246367209235957,0.8636655170643467,0.9117633782472295,0.03760671699445377,0.9645597029316336,0.9484040712200076
RipVIS-026_00223.jpg,0.8826071416403749,0.8066491411416752,0.8929781912518218,0.9213552924691931,0.8662968516567515,0.9097907439612721,0.03995409224302746,0.9646720679007693,0.9471380660189999
RipVIS-026_00224.jpg,0.882980296609333,0.8074225015097221,0.8934518640055549,0.9310773484822552,0.8587492100043659,0.9156531737029735,0.038196663114079044,0.9646783371908928,0.9510554908594497
RipVIS-026_00225.jpg,0.8850184778922243,0.8108345965180419,0.8955368956139372,0.934492144564978,0.8596994554521128,0.9185103137299949,0.03504176695207123,0.9652748842587937,0.9527994907902403
RipVIS-026_00226.jpg,0.8846664980661519,0.8102233532409086,0.8951639606132982,0.9319898634930659,0.8611376552810018,0.9169017956276129,0.032949975302832855,0.9651871141970654,0.9517377739059936
RipVIS-026_00227.jpg,0.8836395166705915,0.8084844370395291,0.8941016250745403,0.9339509944254446,0.8575136474740795,0.9175924598623854,0.032126250526128906,0.9649001736106457,0.9523436324535888
RipVIS-026_00228.jpg,0.8839662937264463,0.8089369681061187,0.8943782811327493,0.9314259860351951,0.86016500002563,0.9162445979384646,0.03187138626203135,0.9650612461415099,0.9514188184108776
RipVIS-026_00229.jpg,0.8792189427994865,0.8016595957054279,0.8899123870195284,0.9363937532424508,0.8478273420830357,0.9172304622737307,0.024735964422961648,0.963206018518054,0.952330990640682
RipVIS-026_00230.jpg,0.8744819090796639,0.7939720491644696,0.8851554287417763,0.9351584882489705,0.8402283001103663,0.9144943146387237,0.022263836869034274,0.9616444830242276,0.9508876325454161
RipVIS-026_00231.jpg,0.870118221171142,0.7870099699413368,0.8808120639272901,0.9333203014012379,0.833897324496409,0.911583255769552,0.022157076627886754,0.9601191165118826,0.9492320110667727
RipVIS-026_00232.jpg,0.8683405606559164,0.7840902069797546,0.8789804505537003,0.9298715889842223,0.8333707281012577,0.9088239822682465,0.022281095032791177,0.9595543981476854,0.9474970839793546
RipVIS-026_00233.jpg,0.8705172824368523,0.7875446806731865,0.8811468481745569,0.9279984174779269,0.8387986785220631,0.9086723646859484,0.025240466605823013,0.9603293788575615,0.9472079009524847
RipVIS-026_00234.jpg,0.8679688777142107,0.78345537008743,0.8785814136173453,0.9257524574669778,0.8359844341699709,0.9062889918807508,0.023443870615422406,0.9594531249995373,0.9457757536643014
RipVIS-026_00235.jpg,0.8686020909892739,0.7843051032450218,0.8791154627296054,0.9240432262401213,0.8383539827389981,0.9055321050119788,0.024177484715696307,0.9597863618822532,0.9452745094809847
RipVIS-026_00236.jpg,0.8629109278606313,0.7751433473681059,0.8733304254187274,0.9233819442075322,0.8284259549433152,0.902688323437603,0.02288375860517863,0.957845775462501,0.9438322246996875
RipVIS-026_00237.jpg,0.8595218726857703,0.7695877401232113,0.8697932548624315,0.9199509772273877,0.8248221618160154,0.8992093615626143,0.024093123983209723,0.9567563657402793,0.941781079685003
RipVIS-026_00238.jpg,0.8531507092768351,0.7596020178640619,0.8633793439111014,0.9189579739926427,0.8141401044850701,0.8958894090988112,0.022345621193393617,0.9543822337958361,0.9399651485118536
RipVIS-026_00239.jpg,0.8460133211076721,0.7487891121134983,0.8563515256662932,0.9194220003832513,0.8013785883468921,0.8931108768391621,0.027051335268641806,0.9514515817896646,0.9384282061965038
RipVIS-026_00240.jpg,0.8287726306701522,0.7223370701837779,0.8387871139610351,0.9168717947117829,0.7729586826389229,0.8839559719877623,0.02764725910605058,0.9445539158946062,0.9332968463987877
RipVIS-026_00241.jpg,0.8324043956106731,0.7278915864747422,0.8425199730959884,0.9256320993274746,0.7731033414223697,0.8904942404838898,0.02422263046715502,0.9460252700612721,0.9377131158644973
RipVIS-026_00242.jpg,0.8328078764323901,0.7286065470215596,0.8429987127804998,0.9308584427525941,0.770293973376828,0.8936048254136226,0.028136310863338364,0.9461207561723832,0.9398935999764074
RipVIS-026_00243.jpg,0.8280112446592899,0.7213388014270253,0.8381136831738419,0.9299815177723028,0.7627643285513936,0.8909191267778693,0.03219632237116711,0.9441300154316434,0.9383584967097294
RipVIS-026_00244.jpg,0.8251383909119893,0.7170632541256075,0.8352205457809564,0.9337713322229881,0.7554860906598523,0.8916859903123331,0.03909465020307993,0.9428814621909033,0.939162107807027
RipVIS-026_00245.jpg,0.8239845916615778,0.7153488992581163,0.8340564413076578,0.9332618492589486,0.7539154887123606,0.8908763476909018,0.029730461869854362,0.9423775077155949,0.9386567830074907
RipVIS-026_00246.jpg,0.8194025900080317,0.7084380983393219,0.8293400844056982,0.9350453078034905,0.745107046546389,0.8896865842102579,0.032819055350330285,0.9404436728390526,0.9382387099617819
RipVIS-026_00247.jpg,0.8200666685499063,0.7093802127063863,0.8299852864018542,0.9350082331191838,0.746172894810303,0.8899633050725201,0.03606846895557204,0.9407653356476945,0.9384133412692969
RipVIS-026_00248.jpg,0.8140062048407549,0.7001342388779688,0.823622303307101,0.9265897745917384,0.7412506758849994,0.8824604587271909,0.0369016182519533,0.938272569443992,0.9335071003995885
RipVIS-026_00249.jpg,0.8413191247948231,0.7473161841429917,0.855387468993803,0.8942244423830205,0.8197835314489512,0.8782740079850765,0.03129302791142239,0.9457074652773217,0.9255998670761786
RipVIS-026_00250.jpg,0.8413694477813742,0.7472372427091623,0.8553357545773699,0.8918261289908772,0.8217141160292943,0.8768626270468103,0.030025700493322528,0.9458304398143587,0.9247381083598335
RipVIS-026_00251.jpg,0.8356192953209983,0.738049661641328,0.8492848943618221,0.8878570347442976,0.8139246778968932,0.8720152391631202,0.029641283824440447,0.943773148147693,0.9218870618257566
RipVIS-026_00252.jpg,0.83767191444554,0.7412649728036894,0.8514097330174226,0.8886185287770169,0.8171917638282877,0.8733514467393748,0.03326834790055541,0.9445510223760877,0.9226726572102413
RipVIS-026_00253.jpg,0.839061396766636,0.7431338458596092,0.8526411756902581,0.8836160138656118,0.8237644136041261,0.8709598849991006,0.034337197578481776,0.9452806712958405,0.9211778665821212
RipVIS-026_00254.jpg,0.8398587748982601,0.7443714130981882,0.8534551844966386,0.8856951835592857,0.8234798715649735,0.8725112404161012,0.03206501196723793,0.9455897955242354,0.9221667402656728
RipVIS-026_00255.jpg,0.8419423294145412,0.7475748006435069,0.8555568555557433,0.8871024268182631,0.8261777791147545,0.8742091045692875,0.034450182640480526,0.9464168595674448,0.923220695666632
RipVIS-026_00256.jpg,0.8446236492151891,0.7515702218742324,0.8581673888815372,0.8867924019623581,0.8313325785201541,0.8751162582817399,0.027901715576704473,0.9475636574069505,0.923797772167662
RipVIS-026_00257.jpg,0.8450543304902293,0.7520511632795864,0.858480824123715,0.8855255128742,0.8330391138341592,0.874505704892155,0.025610445042645757,0.9478544560180614,0.9234665688224033
RipVIS-026_00258.jpg,0.8456717632634091,0.7529871149445206,0.859090301948228,0.8836522038951858,0.8358569127878566,0.8736608113118296,0.03216207660448483,0.9481076388884316,0.9229071560393713
RipVIS-026_00259.jpg,0.8462199456476476,0.753730278538003,0.8595737756963974,0.8822800529018329,0.8380069080188358,0.8730550944184822,0.03184350468271439,0.9483907214501599,0.9225438163591314
RipVIS-026_00260.jpg,0.8455159501618285,0.7525519191473895,0.8588069898819356,0.8822382930683472,0.8365881067001575,0.8727139987684446,0.03047812559334065,0.9481761188267033,0.9223780674671931
RipVIS-026_00261.jpg,0.8457933814576506,0.753053529070349,0.8591335251122607,0.8839424357049737,0.835679180972374,0.8738488991025057,0.03283069287823181,0.9482359182094192,0.9230779042217891
RipVIS-026_00262.jpg,0.8476638776651091,0.7559970783594675,0.8610459409941097,0.886430072780483,0.8370751544755487,0.8760989119556708,0.027661729331075975,0.9489303626538633,0.924470517887008
RipVIS-026_00263.jpg,0.8451517904664487,0.7518720005886352,0.8583640817776682,0.8869085023302542,0.831599728606693,0.8752659097522972,0.021240388250268475,0.9481119791662095,0.924104253069892
RipVIS-026_00264.jpg,0.8450146431734327,0.7514677375311672,0.8581005763662203,0.8850076824978341,0.8327813211356597,0.8740448567554188,0.02019242942016759,0.9481867283946045,0.923391981640963
RipVIS-026_00265.jpg,0.8501911821344028,0.7594041072551914,0.8632514885280351,0.886667610601633,0.8410403429907509,0.8771503563185943,0.022304124037471937,0.9502469135797886,0.925299340972122
RipVIS-026_00266.jpg,0.8524665253960214,0.7627995310650345,0.8654410415053516,0.8915018853009593,0.8408605707824617,0.8808914458756494,0.026818210840507107,0.9512123842588005,0.927733441339238
RipVIS-026_00267.jpg,0.8575424099363538,0.7707285661701433,0.8705214123665824,0.8942661109094847,0.8480050451288844,0.8846144683081395,0.029720056242507984,0.9531245177464539,0.9299902668879418
RipVIS-026_00268.jpg,0.8585687727907589,0.7722236421102113,0.8714742583963205,0.8957419475240167,0.8484868183249863,0.8858744724529924,0.03401797175648152,0.9535826581785525,0.9308260045286705
RipVIS-026_00269.jpg,0.8575254110628926,0.7705229178875723,0.8703902221236317,0.8935415791861354,0.8484082540934372,0.8841348005098657,0.03320299980557637,0.9532378472217625,0.9297528229494625
RipVIS-026_00270.jpg,0.8549235707907624,0.7667597306600503,0.8679841603290264,0.8997915823472734,0.8383487288124957,0.8867929136016194,0.029488567605280645,0.9520572916662076,0.9314739369380272
RipVIS-026_00271.jpg,0.8561835063335844,0.7687979143524976,0.8692885808087701,0.9019590569191877,0.8389021326913857,0.8886005458146345,0.032569129571966976,0.9524850501538616,0.9325872447115252
RipVIS-026_00272.jpg,0.8548217361032406,0.766468825981483,0.8677977382993087,0.8986212467477617,0.8390186518926318,0.8860327657089795,0.03069951493293978,0.9521069637341087,0.9310337823776446
RipVIS-026_00273.jpg,0.8549516108554017,0.7663693960208624,0.8677340059755099,0.8989721894697302,0.8385938943484091,0.8862108515480529,0.03276481148802483,0.9523582175921333,0.9312819356685496
RipVIS-026_00274.jpg,0.8549293345888397,0.7662070453131986,0.8676299274724367,0.8982354248849601,0.8390413447939015,0.8857377261208491,0.038402061853195744,0.9524353780859605,0.9310259949121185
RipVIS-026_00275.jpg,0.8587155050040272,0.7721174962942454,0.8714066622657415,0.900780859220528,0.8438877332901771,0.8887967005216716,0.038513557027209794,0.9538623649686758,0.9328947768271799
RipVIS-026_00276.jpg,0.8618251087970932,0.7769722743083479,0.874490036273379,0.9024410570943935,0.8482184355214968,0.8910489421487059,0.041316978693265526,0.9550313464501567,0.9342597790748868
RipVIS-026_00277.jpg,0.8617814067582232,0.7781083411801235,0.8752091457640833,0.8806201878420102,0.869864194754673,0.8784477618241014,0.03843932490287882,0.9542124807094163,0.9256213935153568
RipVIS-039_00000.jpg,0.83377674372801,0.7079049126397055,0.8289746196064054,0.9255900185352227,0.7506227421755924,0.8843617533649505,0.02521557355466321,0.9632431520057083,0.9464214720240861
RipVIS-039_00001.jpg,0.8110302480017777,0.6653005630589967,0.7990155985258344,0.9265619971832587,0.702335254769567,0.8709502809927882,0.019729863516036356,0.9601822916662036,0.944942199843596
RipVIS-039_00002.jpg,0.7893715427273164,0.6293240411675992,0.7724970911453755,0.9258111319946151,0.6627464768783053,0.857719992510092,0.003372908796318611,0.9534191743822562,0.9409044386399801
RipVIS-039_00003.jpg,0.831101283102928,0.7016436051652111,0.8246657561376832,0.9775235344701478,0.7131488954769244,0.9100498022799848,0.038953733649349336,0.9639067322526216,0.970067730388587
RipVIS-039_00004.jpg,0.8131356247222405,0.6706640087046714,0.8028711999663682,0.9560183511694368,0.692015392787077,0.8882454574012533,0.03249806976679314,0.9592877121908954,0.9578082541444841
RipVIS-039_00005.jpg,0.8038416369779084,0.6523861590150011,0.7896291740955915,0.9692910675296412,0.6661547784049583,0.8884340065051379,0.016470095609151365,0.9587572337958339,0.9635670610287969
RipVIS-039_00006.jpg,0.784612729927713,0.6205100039814018,0.7658206397453665,0.9619722616912691,0.6361134791116905,0.8725743693278668,0.010217557516492837,0.95268325617238,0.9569215460665875
RipVIS-039_00007.jpg,0.8181152199810124,0.677629645350248,0.8078417632024804,0.981255984956428,0.6865159942900828,0.9036625980810037,0.014942926322037847,0.961915027005709,0.9707264578423289
RipVIS-039_00008.jpg,0.8458737653850049,0.7260016325675708,0.8412525444574267,0.9769110128411859,0.7386764504386487,0.9177155269618793,0.028601845278310726,0.968596161264965,0.9723665038536251
RipVIS-039_00009.jpg,0.8077245800936926,0.6572500042684336,0.7931814784439432,0.9842019085566543,0.6642579018680261,0.8977231093780264,0.03078972108815499,0.9613011188266969,0.971817757285715
RipVIS-039_00010.jpg,0.7645744399899221,0.5858975236248188,0.7388844674978212,0.992241973172085,0.5885938412983888,0.8725639286494786,0.00947125065184046,0.9474691358020122,0.9680429248668685
RipVIS-039_00011.jpg,0.7755499999142629,0.6040358202414629,0.7531450515245159,0.9975148561320762,0.6049461769402072,0.882923471265966,0.02214611871977579,0.9510194830242327,0.9723848030486535
RipVIS-039_00012.jpg,0.7673234996663674,0.5924659427130401,0.744086170789527,0.9986831970918614,0.5929291327526637,0.8784542038325832,0.01738805970019492,0.946664255400778,0.9704843442473561
RipVIS-039_00013.jpg,0.7668715261151161,0.5909765963141027,0.742910483640361,0.9837325150874323,0.5968090197548477,0.8708186113924454,0.009449981542307126,0.947137827931642,0.9638949681390762
RipVIS-039_00014.jpg,0.7628146842950223,0.5841397959124156,0.7374851606148423,0.9861730374167992,0.5889634796245528,0.8689635231758553,0.01391082036138726,0.9459331597217661,0.9643743835629638
RipVIS-039_00015.jpg,0.7245253380633272,0.519507179588799,0.6837837774868366,0.9950579286620134,0.5208510759079911,0.8417790338638563,0.004283489096239604,0.9345307677464629,0.9624766225670585
RipVIS-039_00016.jpg,0.7122812041853634,0.5009347506692512,0.6674970386899092,0.999939045032171,0.5009500478399951,0.8338265625388277,0.005173099880209065,0.9290653935180705,0.9617855094313938
RipVIS-039_00017.jpg,0.7254700008870424,0.5238526148898155,0.6875371145098483,0.9994872327379208,0.5239934393187374,0.8459559889950513,0.0044653348997676975,0.932501929011896,0.9633063873329217
RipVIS-039_00018.jpg,0.7291548673198416,0.5305114638429979,0.6932472920012294,0.9999999999936068,0.5305114638429979,0.8496215116935939,0.0008699778550403371,0.933244598764982,0.963899135395146
RipVIS-039_00019.jpg,0.7322158176629203,0.5350900669050092,0.6971448495967896,0.9994552574004918,0.5352461688928483,0.8517192000550511,0.005832793259410824,0.9346556712958456,0.9644190104173187
RipVIS-039_00020.jpg,0.7335762945362618,0.538402709862042,0.699950287932506,0.9999748599953492,0.5384099976632237,0.853617971017603,0.0005552030456412434,0.9342168209872038,0.9643633398345637
RipVIS-039_00021.jpg,0.75102706175847,0.5652458027525699,0.7222454157149687,0.9980790322824135,0.5658614083433705,0.8658134840976962,0.0052364588442778215,0.9416059027773237,0.9675177560187825
RipVIS-039_00022.jpg,0.7006682802760102,0.4877347601246244,0.655674348946136,0.9992265410472175,0.4879189665245075,0.8260889618945888,0.0031097998562228052,0.9201687885798031,0.9564432592438817
RipVIS-039_00023.jpg,0.6914126921549776,0.4732104599380876,0.6424207169394853,0.9993197409817592,0.47336294188493594,0.8176258150424626,0.0032151819319937904,0.9164023919748667,0.9544924709441884
RipVIS-039_00024.jpg,0.7099606150960437,0.5001784509146414,0.6668252708331978,0.9978251723292156,0.5007243269914097,0.8325250688014931,0.011615713478130538,0.925709394289677,0.958864490828261
RipVIS-039_00025.jpg,0.7414044736580168,0.5552044867862824,0.7139954796987146,0.99195941031255,0.5577144006887897,0.8583019851726363,0.006083590107759849,0.933604359567451,0.9601219123447966
RipVIS-039_00026.jpg,0.7554003587289084,0.5781103495616321,0.7326615020581035,0.9916861581272806,0.5809258718596365,0.8688211758074695,0.013286440014592697,0.9383743248452264,0.9625491407061648
RipVIS-039_00027.jpg,0.7590630987533442,0.5860430198970704,0.7390001564208554,0.9912639243073743,0.589085550497663,0.87217437253832,0.009157368217840911,0.9380406057094242,0.9620688006833021
RipVIS-039_00028.jpg,0.757020645874381,0.5829552508124254,0.7365404050597555,0.987978201334013,0.5871199548841146,0.8692777091275161,0.009242144176737358,0.9371412037032517,0.9600784460723183
RipVIS-039_00029.jpg,0.7494497553866829,0.5736320968945537,0.729054901748095,0.9856144677301782,0.5784753500142649,0.8639959573588929,0.0054703752210901934,0.9320949074069579,0.956120853082093
RipVIS-039_00030.jpg,0.760346407448669,0.5904213532166046,0.7424716123466097,0.9853595342470078,0.5956466495977644,0.8713412894855492,0.00955021564929527,0.9366401427464619,0.9585112015976058
RipVIS-039_00031.jpg,0.7440901585630695,0.5654927392683025,0.7224469652061226,0.986275213696763,0.5699780510521363,0.8605679224417978,0.012380161545075853,0.9297554976847368,0.9551282701492112
RipVIS-039_00032.jpg,0.7153832091694897,0.5234836278217126,0.6872192365732123,0.9943715016367031,0.5250393743908267,0.8435600236234125,0.0031446540878148654,0.9158535879625213,0.9510888393996999
RipVIS-039_00033.jpg,0.725749439228321,0.5387026230857009,0.7002036845890226,0.9994732779788504,0.5388556020712335,0.8535492588656872,0.008479149001119313,0.920855999227951,0.9561592618577672
RipVIS-039_00034.jpg,0.7409665999016612,0.5612784980392488,0.7189985627088792,0.9965684842870136,0.5623653635608693,0.8632631377325146,0.006685194921754285,0.9279668209872068,0.9587725493816788
RipVIS-039_00035.jpg,0.7342709040022373,0.5506448989061392,0.7102140526107258,0.9885372773113785,0.55418340437562,0.8545782426400974,0.005830258302152749,0.9254021990736278,0.9537531453743724
RipVIS-039_00036.jpg,0.7319173660894422,0.5466703048830109,0.7068995934778236,0.9917165185101754,0.5491779375811442,0.8540710130231056,0.01824017535476435,0.924687499999554,0.9548234151392081
RipVIS-039_00037.jpg,0.8344882869471184,0.7229914865138086,0.8392281589001506,0.9853057677035106,0.7308719241873503,0.9211695743276379,0.005061666785124284,0.9526591435180591,0.9666419749570837
RipVIS-039_00038.jpg,0.8396342989895378,0.7295257350319196,0.8436136222262755,0.956785757076596,0.7543824895443357,0.9080587365220607,0.0076396396390890344,0.9557421874995391,0.9561895922764507
RipVIS-039_00039.jpg,0.8545258440911048,0.7537851467108266,0.8596094545840223,0.9654595281956876,0.7746762813033273,0.92013815978999,0.006877990430107806,0.9606548996908948,0.9627147659351573
RipVIS-039_00040.jpg,0.8421439175012426,0.735980228597696,0.847913146098688,0.9735410880995525,0.7510021336655058,0.919072675036493,0.01856183505481311,0.9548181905859593,0.9627885684051032
RipVIS-039_00041.jpg,0.8297822605687597,0.7161558895297382,0.8346047045015001,0.9795902163067306,0.7270036001786705,0.9159439862263531,0.01364810033097395,0.9504793595674429,0.9629068824476638
RipVIS-039_00042.jpg,0.8397509939772498,0.7314641744527476,0.8449082403728471,0.9721151991977793,0.747140532370257,0.9168970446005974,0.036343366775448284,0.9544806134254656,0.9620088775410947
RipVIS-039_00043.jpg,0.7019320655274707,0.48776346622676053,0.655700287443968,0.5891393678690074,0.7392169618082678,0.61407350180332,0.024475524473079366,0.9223075810180738,0.7796461505321481
RipVIS-039_00044.jpg,0.7078905020284889,0.49815990694500645,0.6650290194467107,0.6019816429179232,0.7428276260757716,0.6257095366516097,0.0028857426275691457,0.9238483796291841,0.7860262007032384
RipVIS-039_00045.jpg,0.7859311191873076,0.6325464989126895,0.7749200397464684,0.7937737521367566,0.7569411746514672,0.7861232381889922,0.014092017061693173,0.9450554591044825,0.8796469598779006
RipVIS-039_00046.jpg,0.7009886120182478,0.48464917964644305,0.6528804060793113,0.6169639726934195,0.6932370619907718,0.6308456737902107,0.0011217049914823607,0.923291859567456,0.7904077759480346
RipVIS-044_00000.jpg,0.7089885395402773,0.43125110876667716,0.6026211698634636,0.46821925878662024,0.8452491741831889,0.5140812394028396,0.01734455826987072,0.9868582417051279,0.733177612430195
RipVIS-044_00006.jpg,0.8241612812274426,0.6575881662034111,0.7934276795780588,0.8520394373429613,0.7423607164941851,0.8275854197222967,0.017350657580625047,0.9908963879242633,0.9229223698351148
RipVIS-044_00012.jpg,0.883370375671243,0.7722689118109488,0.8715030847342744,0.904405534317516,0.840910593467831,0.8909508643797106,0.0388625592380225,0.9945735677082134,0.9504259214106413
RipVIS-044_00018.jpg,0.7185736526870544,0.4598009681981064,0.6299502167965514,0.9441766705722888,0.4726500489480453,0.7871257079506178,0.014850843059996703,0.9777748842591414,0.9613192426870326
RipVIS-044_00024.jpg,0.8149074081492396,0.6406376875435457,0.78096180821342,0.959154249821557,0.6586055447626816,0.8789354000423224,0.023138832996325177,0.9893819926696338,0.9745723965419439
RipVIS-044_00030.jpg,0.8742104788123622,0.7547944363220593,0.8602653629379654,0.9893867632046185,0.7609557003935472,0.9333503321196356,0.02123161764510739,0.9937491560569789,0.9916112204758278
RipVIS-044_00036.jpg,0.869431123330836,0.7453380741620836,0.85409020200274,0.9641660833856354,0.766572924840424,0.9168978493473398,0.014355387870216675,0.9936446277004974,0.9791952999780797
RipVIS-044_00042.jpg,0.8633249495395563,0.7334005829341192,0.8461986111631455,0.9554995324326111,0.7593369954871138,0.9085572909281854,0.023401081482062176,0.9933723958332136,0.9748043248197675
RipVIS-044_00048.jpg,0.868907878499047,0.74438323146756,0.8534629524514588,0.9834341060230897,0.7538356482790248,0.9269680987908413,0.0264554946003844,0.9935557725693246,0.9885933907954627
RipVIS-044_00054.jpg,0.8590918737600004,0.7252655101238081,0.840758139391266,0.9836635518786678,0.7341078654034265,0.9210429184289665,0.022239462113417853,0.9930482011958679,0.9884450840725179
RipVIS-044_00060.jpg,0.8413511277289556,0.6910421889257312,0.8172973961870577,0.9807009387971132,0.7005691671861712,0.9080794432753013,0.020629015892743574,0.9918127893517322,0.9863625816576675
RipVIS-044_00066.jpg,0.8338597141367803,0.6758886742946021,0.8066033080378566,0.9072298912061535,0.7260702788540173,0.8641096128968057,0.008795669823342721,0.991967592592473,0.9503957256741055
RipVIS-044_00072.jpg,0.8297588683248357,0.6676095042016618,0.8006784592191059,0.8739952033255541,0.7387103420966062,0.8431141987275235,0.012078882496953255,0.9920376398532754,0.9341165293602604
RipVIS-044_00078.jpg,0.85835120019701,0.7236660707204233,0.839682445472701,0.9645920586931295,0.7434142044962396,0.9104191487588313,0.009824966974089747,0.9931610484180902,0.9791467964161606
RipVIS-044_00084.jpg,0.8654333206742255,0.7380656133879153,0.8492954554796638,0.9587279439495437,0.7622855716436281,0.9117367040009907,0.0187021572704678,0.9929441550924728,0.9761983416403082
RipVIS-044_00090.jpg,0.8747094159296533,0.7560184658733494,0.8610598129414845,0.952065112171005,0.7859344857548798,0.9134482228035082,0.024055595151099823,0.9935326244211765,0.9732446826268415
RipVIS-044_00096.jpg,0.8822903306680815,0.7705949415156178,0.8704361719863422,0.9530634389142733,0.8009928898126335,0.9181989548464135,0.02071775311886982,0.9941048177082135,0.9740195492086619
RipVIS-044_00102.jpg,0.9172318628591591,0.8385619773740441,0.9121933203162765,0.9577698865944027,0.8707573445302129,0.9390034466914261,0.03156728816396831,0.9959871720677811,0.9773036423944532
RipVIS-044_00108.jpg,0.900681908565844,0.8060969590708704,0.8926397389933699,0.9740745023279753,0.8237707027307344,0.9397803575999981,0.018913210443652725,0.9953581934798182,0.984931430104043
RipVIS-044_00114.jpg,0.9061185277440638,0.8166921310073929,0.8990980002258505,0.9578480178899216,0.8471384040510126,0.9334501381998173,0.040230436866036445,0.9956316309798182,0.9771316463576211
RipVIS-044_00120.jpg,0.916050923872658,0.8359933671839777,0.9106714459063795,0.9615510695432644,0.8649057251104927,0.9405318934347574,0.03700207664366603,0.9961841724535836,0.9792251360141049
RipVIS-044_00126.jpg,0.864247089627997,0.734659954403418,0.8470362765203527,0.9439479822023219,0.7681709584645068,0.9026386527816138,0.041432517378661535,0.993937717013769,0.9693953453516428
RipVIS-044_00132.jpg,0.8984859929487972,0.8013325358940604,0.8897108334262477,0.9534970337003279,0.8339237413789726,0.9269156217389787,0.045390070917693606,0.9957148196372256,0.9749956407605336
RipVIS-044_00138.jpg,0.8944242509498455,0.7933770979847362,0.8847855800949777,0.9184872751715746,0.8534695548466997,0.9047031314216863,0.014775016788374267,0.9955488040122257,0.957748623300812
RipVIS-044_00144.jpg,0.9037648301109013,0.8116826746457374,0.8960539127576044,0.9704011709069895,0.8322881776584008,0.9392293298201014,0.03718102072994607,0.9959200183254971,0.9833960867310472
RipVIS-044_00150.jpg,0.9178109243693425,0.8392053126073175,0.9125738239823075,0.9837461400249121,0.8510050911156818,0.9539853279289325,0.03863874345145144,0.9964823254242625,0.9902353371786434
RipVIS-044_00156.jpg,0.9040490869912226,0.8123802862325816,0.8964788376961295,0.9658845204068148,0.836379045789071,0.9368713662565229,0.02388410336492912,0.9957958381557441,0.9811274582316767
RipVIS-044_00162.jpg,0.9004100474362989,0.8052860936185421,0.8921423551260119,0.9873189238086069,0.8137022611662138,0.9469111337174168,0.028794004533202446,0.9956149932483367,0.9915445760530552
RipVIS-044_00168.jpg,0.8885105316697799,0.7822576114286036,0.8778277690188341,0.9902116077079373,0.7883537423329146,0.9419731871694985,0.040917968746004105,0.9948601466048183,0.992580043469069
RipVIS-044_00174.jpg,0.8862727539912163,0.7783721049910459,0.8753759719988017,0.9874672730128564,0.7861383143608626,0.9393538243280487,0.022241992880763346,0.9942902440199418,0.9909494735009083
RipVIS-044_00180.jpg,0.8760101791348271,0.7586119873782847,0.8627394704720662,0.9840297425527624,0.768068331139728,0.931639068449482,0.027726727924272734,0.9935421489196333,0.9888861058879301
RipVIS-044_00186.jpg,0.829456957978223,0.6684914841820713,0.8013124316421423,0.9852918126870008,0.6752296494862415,0.9024149074714215,0.02245123297589612,0.9906039014273497,0.9879999347964119
RipVIS-044_00192.jpg,0.8450966128453183,0.6986759594023534,0.8226124064864839,0.9836341727265908,0.7068933522992263,0.9122101628584265,0.016356090811591173,0.9916808931325964,0.9877380105831803
RipVIS-044_00198.jpg,0.8366789954221037,0.6826817232445759,0.8114210950460877,0.9849218617848305,0.6898918891453918,0.9073194339370745,0.015889515888336092,0.9908596161264237,0.9879512224435263
RipVIS-044_00204.jpg,0.8683287681067756,0.7435643383494043,0.8529244628314904,0.9800146835749703,0.7550129118666112,0.9248893376844798,0.013327882255655937,0.993228804976732,0.9867568178109805
RipVIS-044_00210.jpg,0.8865375969419318,0.7788617045246969,0.8756855044364508,0.9771270164205542,0.7933255437503313,0.9338550133820966,0.028858882708599515,0.9943290653933986,0.9859075223495452
RipVIS-044_00216.jpg,0.8483329330434086,0.7042852719053654,0.8264875411590983,0.8958327021027624,0.7671068676503277,0.8667435891121907,0.018116507885513312,0.9925163966048186,0.9451558689135129
RipVIS-044_00222.jpg,0.8647584305285123,0.7369699023063588,0.8485695708691393,0.9755344472626436,0.7508474876273407,0.9204467283108045,0.019078563690820748,0.9926994116511149,0.9843007422081136
RipVIS-044_00228.jpg,0.8677171948762569,0.7432523261527803,0.852719156030704,0.9744294806749384,0.7580371411903928,0.9218012596403868,0.014053886170195365,0.9923550829474111,0.9836005741233884
RipVIS-044_00234.jpg,0.8146936500483274,0.6403523625195922,0.7807497671244326,0.9938367392847248,0.6429054259147036,0.8960180610542159,0.012648221342873658,0.989244912229819,0.9914957185460314
RipVIS-044_00240.jpg,0.8350909653448169,0.6807060847425831,0.8100239428202463,0.9884544368361656,0.6861617105951574,0.9084130545884307,0.01755907218602796,0.9897067901233374,0.989094830553761
RipVIS-044_00246.jpg,0.8162675232697909,0.6435079590139866,0.7830907729829987,0.9896306216037544,0.6478763919750987,0.8951884019315296,0.019223345941540695,0.9892402102622264,0.9894315081048606
RipVIS-044_00252.jpg,0.8117153506112381,0.6345268065997162,0.77640428292481,0.9937561408450206,0.6370666569111916,0.8936827115691351,0.011339948302231305,0.9891136188270412,0.9913898747349149
RipVIS-044_00258.jpg,0.8591997480913045,0.7273506619463772,0.842157505097198,0.9818794603379359,0.7372468910398104,0.920773426068811,0.017331779783182948,0.9912575954859916,0.986682615588967
RipVIS-044_00264.jpg,0.8200644387204081,0.651567552155519,0.7890292483709009,0.9920160820493654,0.6550023378910127,0.8994577487251503,0.007887817703192534,0.9888008777004981,0.990373810084952
RipVIS-044_00270.jpg,0.8061096960268652,0.625198301187939,0.7693809435204925,0.9916444755315058,0.6285092094936707,0.8889251898297575,0.010253799722910784,0.987296127507597,0.989422825755174
RipVIS-044_00276.jpg,0.8140339413476037,0.6408211033684518,0.7810980758998116,0.9407347363221341,0.6677800737502477,0.8696416469592445,0.006360619468586793,0.987530502507597,0.9646993520666607
RipVIS-044_00282.jpg,0.8268558772240986,0.6654722086686573,0.7991393734520752,0.9913730452052881,0.6693483763218709,0.9043556315288924,0.008491875560668582,0.9885083912035845,0.9899069105287929
RipVIS-044_00288.jpg,0.8370676169203715,0.6850143288976216,0.8130664732634945,0.9976944734968659,0.6861004040618082,0.9146191933389249,0.012966889576499193,0.9893723476079054,0.9934347298814548
RipVIS-044_00294.jpg,0.833429333510295,0.6783542484359336,0.8083564587965802,0.9196653581991939,0.7210824390109922,0.8716553513490475,0.006664669761370026,0.9887765239196339,0.9551338317656065
RipVIS-044_00300.jpg,0.8433602252504984,0.697134096422837,0.8215427383048083,0.9902385287362095,0.7019580480231453,0.9150776220414549,0.007210078930843193,0.9898301263501893,0.9900293834136782
RipVIS-044_00306.jpg,0.8653271504154997,0.7391447830066528,0.8500094876848735,0.9844397292058985,0.7478823560990528,0.9258687324730663,0.013240536410351337,0.9917089843748804,0.9881632151536225
RipVIS-044_00312.jpg,0.8774213149524972,0.7623148453545925,0.865129006163718,0.9859616331994882,0.7706798259513328,0.9337924890614597,0.01565920188452103,0.9927026668594482,0.9894141033219854
RipVIS-044_00318.jpg,0.8691677421146377,0.7463771782636676,0.8547720246845549,0.9830312102644104,0.7561188156261711,0.9273701733021621,0.006617523872791294,0.9921442177853742,0.9876974526317415
RipVIS-044_00324.jpg,0.892028031905397,0.7904707742413627,0.8829753443770024,0.9762102819750237,0.8059969731332725,0.9366492957315674,0.01244154976516019,0.9937368586032752,0.9851909395792091
RipVIS-044_00330.jpg,0.8827418418957176,0.7728086278959041,0.8718466457523152,0.9836962884860101,0.7828355572434754,0.9356807097813024,0.015550645817849196,0.9928531298224111,0.9883907253143089
RipVIS-044_00336.jpg,0.8759944508562176,0.7596003868200977,0.8633782903319622,0.978486143825988,0.7725021315377927,0.9289463218021362,0.010048231510446284,0.9925672743054359,0.9856998514419419
RipVIS-044_00342.jpg,0.8850966210716371,0.7772584941784001,0.8746712948334677,0.9825953807550571,0.7881087869051803,0.9363800922810999,0.021764220938024385,0.9931047453702506,0.9879819656842692
RipVIS-044_00348.jpg,0.8909352836895255,0.788525864502699,0.8817606501004661,0.9663725244858139,0.8107725160731512,0.9306512014545899,0.023712114884886688,0.9935058593748802,0.9802878742501208
RipVIS-044_00354.jpg,0.8947339711824859,0.7958721468350006,0.8863349746112221,0.972330494196755,0.814314788317592,0.9360046323103648,0.03218197135364937,0.9937518084489543,0.9833163948627013
RipVIS-044_00360.jpg,0.8234951723273681,0.6574252389058156,0.7933090717742767,0.9929751385703127,0.6604972073130585,0.9021510416147273,0.0238635332525303,0.9897699652776584,0.9913402280252256
RipVIS-044_00366.jpg,0.8464610211394447,0.7018216010429694,0.8247886859737292,0.9944137016180724,0.704599561943564,0.9188277154164709,0.017971984845566735,0.9912830343363002,0.9928153910674697
RipVIS-044_00372.jpg,0.8593484054592324,0.7267965004664096,0.841785931660275,0.995136740074427,0.7293871918523099,0.927547065778103,0.017175223824486094,0.9920711564427815,0.9935707556724941
RipVIS-044_00378.jpg,0.8550857310049775,0.7187354587028508,0.8363537914616467,0.9974562280241829,0.720055292512323,0.9261002944684968,0.019959714336205848,0.9916194058640779,0.9944737834153239
RipVIS-044_00384.jpg,0.892628373401215,0.7918952850336654,0.8838633503282951,0.9949949852430208,0.795062323957007,0.9473493908883573,0.026469307790468497,0.9935250289350653,0.994241344709085
RipVIS-044_00390.jpg,0.8847216003556795,0.776879256273675,0.8744311168366975,0.9989120164867727,0.7775371712317949,0.9450958260908824,0.020940170938381183,0.9927516155477197,0.9957519760784257
RipVIS-044_00396.jpg,0.8595561458450949,0.7283734077416573,0.8428426455523532,0.9983608267344273,0.7292455055032228,0.92973996645385,0.0158392233657635,0.9909633005400039,0.99457005431839
RipVIS-044_00402.jpg,0.881441273212525,0.7709212550608656,0.8706443077101917,0.9988296179754272,0.7716182807064645,0.9432779422279175,0.021838496696983366,0.9921730324072877,0.9954111773376141
RipVIS-044_00408.jpg,0.8461163012023726,0.7030522486299732,0.8256379088727855,0.9985010458892098,0.7037950515846275,0.92134088905769,0.013142857141784257,0.989450593171177,0.9938597203623005
RipVIS-044_00414.jpg,0.857769885361193,0.7261770280855266,0.8413702838936712,0.9980921052587802,0.7271864484748555,0.9288829892753844,0.009875344017332414,0.9896545862267325,0.9937541008292692
RipVIS-044_00420.jpg,0.8234231692508704,0.6607103897972804,0.7956960995203167,0.9973242464392017,0.6618836721478492,0.9055393450397898,0.008808251147420895,0.9865004099150045,0.9917658148799016
RipVIS-044_00426.jpg,0.8374259657893481,0.6875681337867844,0.814862665418942,0.9974819539992866,0.6887636199449444,0.9154198681253102,0.005607329015510399,0.9876299672066711,0.9924177512918074
RipVIS-044_00432.jpg,0.8418841364423364,0.6962032602319419,0.8208960288600575,0.996803338056773,0.6977611260537107,0.9181079185090134,0.009270170476135582,0.9879095534335228,0.9922293048949284
RipVIS-044_00438.jpg,0.8849157772797233,0.779119486423997,0.8758484096984573,0.9961496961743194,0.7814728463422935,0.9442699903462086,0.02116927779738867,0.9910067033177817,0.9934936169571166
RipVIS-044_00444.jpg,0.8786559582762914,0.767158608588967,0.8682396756695477,0.9988732610240337,0.7678230538970098,0.9421704377197853,0.013148894123801103,0.9904627218363004,0.9945314027585684
RipVIS-044_00450.jpg,0.8900383142273572,0.7892375266428472,0.8822054253732274,0.9980336742320698,0.7904666672390733,0.9482346777334661,0.015646911210004655,0.9911429398146953,0.9944698741756977
RipVIS-044_00456.jpg,0.8723616767063158,0.7557299851680102,0.8608726758126108,0.9968104401483225,0.7575618901792289,0.9375896759240825,0.011310223265914349,0.9893558304396955,0.9929557906766682
RipVIS-044_00462.jpg,0.8793391357510063,0.7691637869918385,0.8695224180454998,0.9988406768984402,0.7698510671620009,0.9427567143525705,0.01748302268332011,0.9898684654705596,0.9941976449443398
RipVIS-044_00468.jpg,0.8506479619386552,0.7141373235515486,0.8332323364523865,0.9964866034809431,0.7159399845026174,0.92406611311947,0.024505811799473916,0.9875577498069796,0.9918784358598047
RipVIS-044_00474.jpg,0.8347435124160928,0.6838133226508034,0.8122198743198988,0.9970440472912552,0.6852024421133335,0.9138626733118297,0.008610709116598357,0.9861042390045107,0.9914041492893064
RipVIS-044_00480.jpg,0.8332659767741967,0.6812711611415352,0.8104238945952912,0.9983959769328147,0.6820176501292745,0.9136318063459777,0.012885868025142603,0.9857109616125355,0.9918533204955581
RipVIS-044_00486.jpg,0.8759953858769419,0.7632565613263302,0.8657351154300595,0.9976423107379614,0.7646357918971105,0.9403330079205345,0.011323806955289579,0.9891290509258066,0.9932306983747843
RipVIS-044_00492.jpg,0.8351290872463686,0.6856866488593452,0.8135398703232647,0.9938766122615177,0.6885956860927831,0.9129292861005949,0.012740913205746933,0.9850739052853751,0.9893261752338809
RipVIS-044_00498.jpg,0.8839900195175512,0.7789103931013708,0.8757162767972931,0.9954332135773847,0.7817037618769956,0.9438222038915454,0.03324893389970356,0.9894749469520412,0.9923388124807472
RipVIS-044_00504.jpg,0.83941746970485,0.6942786561247671,0.819556633868898,0.9898146061049328,0.6992744608201398,0.9138738804358854,0.013409728147421082,0.9850795717591405,0.9873631707774206
RipVIS-044_00510.jpg,0.8698749637619926,0.7524697946652619,0.85875351113711,0.9972161579071539,0.7540537636490856,0.9367976641797203,0.017883469007250595,0.9877536651233376,0.9923014366465992
RipVIS-044_00516.jpg,0.8483500975110875,0.7116754323659891,0.8315541824214477,0.979938020976816,0.7221977957538931,0.9146531605219979,0.013483831603814287,0.9855585696372269,0.9828543800481375
RipVIS-044_00522.jpg,0.8687060848710371,0.7508161399825793,0.8576755980671391,0.9828122472247081,0.7608059222555785,0.9286173670534151,0.010920529407625347,0.9871163676696341,0.9850528063448329
RipVIS-044_00528.jpg,0.8596779132770239,0.7339560246164919,0.8465682107235963,0.9796207215229107,0.745336310171357,0.9216778191427689,0.010290744528529494,0.9859651089890786,0.9829234545193446
RipVIS-044_00534.jpg,0.8535337006345958,0.7226054240460381,0.8389680120114679,0.9760306604243455,0.7356602508840835,0.9161611664533363,0.013024179417531586,0.9850664303625355,0.9807360891552852
RipVIS-044_00540.jpg,0.8869379852324006,0.7863594084153892,0.8804044748340295,0.9713556800767456,0.805027152898434,0.9328096855553292,0.018445839873377112,0.9880649594906216,0.9801060596673121
RipVIS-044_00546.jpg,0.891347277506274,0.7945620522385376,0.8855219592405852,0.9880564603664819,0.8022675077233625,0.9443193999524727,0.015773660489748768,0.9886533082560536,0.9883687550380864
RipVIS-044_00552.jpg,0.8275111476768251,0.6743608096994462,0.8055143261750093,0.9799158096236594,0.6838121787075269,0.9018151959624413,0.013456971615206549,0.9814061294366101,0.9806914482062858
RipVIS-044_00558.jpg,0.8354804323660989,0.6896530156538253,0.8163250197105805,0.995998422249266,0.6915692070950883,0.9154059621628143,0.007187726503552323,0.9820533130785852,0.9887350316764961
RipVIS-044_00564.jpg,0.8443156416886997,0.7059595677609568,0.8276392724682412,0.9946737283271343,0.7086384102828662,0.9203736701765616,0.008623765908848354,0.9833638358409308,0.9887822048564094
RipVIS-044_00570.jpg,0.8578665843198459,0.7328606923041292,0.8458391324344346,0.9944671528920027,0.7358610669050699,0.9291596254795703,0.010091164496869951,0.9836411313656221,0.9887983187657867
RipVIS-044_00576.jpg,0.8372986033982708,0.6947094038018367,0.8198566695191,0.994092854734085,0.6975891458702278,0.9162077559404309,0.00436557432790761,0.9807679880400052,0.9871236086990337
RipVIS-044_00582.jpg,0.837178525201635,0.6955265827282328,0.8204254534412276,0.9978171405297338,0.6965864795520192,0.918387921412369,0.007411504424368833,0.9798069782020423,0.9883755855112517
RipVIS-044_00588.jpg,0.8419510547350298,0.7058578487203496,0.8275693654660022,0.9956828217053437,0.7080247776852305,0.9208571973612412,0.004593008420281041,0.9791431568285857,0.9869752827943432
RipVIS-044_00594.jpg,0.8308913906280803,0.6858079685904447,0.8136252543210715,0.9938655322727016,0.6887233581617945,0.9129666822474086,0.006352903806111869,0.9771719473378451,0.9850781781173975
RipVIS-044_00600.jpg,0.8924147095596986,0.8011809577964603,0.889617397217672,0.9949741625363694,0.8044364675802685,0.9499723390151059,0.018820253685736813,0.9846592881943257,0.9894750623398778
RipVIS-044_00606.jpg,0.9005445075571334,0.8168136844513596,0.8991716557859598,0.9938844408012518,0.8209397351931345,0.9537017895881761,0.02114569330880231,0.9853056278933997,0.9892923010320045
RipVIS-044_00612.jpg,0.9052453673515679,0.8260580852821786,0.9047445882911538,0.9930675608440791,0.8308492387643442,0.9557467968643032,0.01138417941020256,0.9855043161650047,0.9890042659065107
RipVIS-044_00618.jpg,0.8547180304143236,0.7345184792966983,0.8469422356278686,0.9979105523576313,0.7356498730284916,0.9314946071091599,0.010570929942130594,0.9765452594520427,0.986484906974174
RipVIS-044_00624.jpg,0.8494836862178703,0.7264794895299994,0.8415732638999024,0.9993382849886246,0.7268291239163631,0.929629326057252,0.003711708325328335,0.9743613763501912,0.9859366122796167
RipVIS-044_00630.jpg,0.8246233735363697,0.6828570243469209,0.8115449078176115,0.9983893551159854,0.6836100991316792,0.9141979294978773,0.006785878037286296,0.968657889660377,0.9824459571756579
RipVIS-044_00636.jpg,0.8677826198498229,0.7621262536311251,0.8650075464918019,0.9983960953732365,0.7630605003070318,0.9403908790079266,0.00830676664683639,0.9755220389659317,0.9859840893083809
RipVIS-044_00642.jpg,0.8664967910326353,0.7602221350793963,0.8637797695290382,0.9953279566061768,0.7629446747820315,0.9381766144950574,0.004125745548942744,0.9749352575230306,0.9842468775414188
RipVIS-044_00648.jpg,0.8592561681088876,0.7481060310037666,0.855904639347537,0.9978898743738155,0.7492913618256204,0.9357946295082389,0.008566846724824153,0.9727971884643889,0.9842382831628248
RipVIS-044_00654.jpg,0.8650124820992438,0.7582767921905191,0.8625226648710218,0.9944830064507374,0.7614800463704091,0.9371329170561863,0.014461036731270981,0.9740481529705616,0.9833545894989604
RipVIS-044_00660.jpg,0.8694800733603367,0.7670866468122229,0.8681935865409053,0.9921020776121241,0.7717997348286799,0.9385236799733496,0.004735867739926126,0.9742580536264257,0.9823463987284615
RipVIS-044_00666.jpg,0.8807541043403098,0.7866989775644693,0.8806172583552428,0.9899407112668387,0.7930385647935637,0.9431081780572917,0.011479202129480197,0.9769507137344501,0.9828355617240502
RipVIS-044_00672.jpg,0.880424675564724,0.787272855135773,0.8809766822939484,0.9845256353697304,0.7971366458613559,0.940316176659617,0.02350508503086867,0.975930266203586,0.9798004190924483
RipVIS-046_00000.jpg,0.8297196958925961,0.6687568775974436,0.8015030668341236,0.9971871337154008,0.6700208249362123,0.9084675142248354,0.04585300066657906,0.990854552468658,0.993961109684838
RipVIS-046_00006.jpg,0.7543091003809382,0.5242978552320494,0.687920478838742,0.9866950505311701,0.5280309389535911,0.8406517879302774,0.012032932233686995,0.9845867091044634,0.9856224122936015
RipVIS-046_00012.jpg,0.7510386328479488,0.518132426336291,0.6825918705744267,0.9902633948393105,0.5207855440866528,0.8389957799871254,0.011576971212206355,0.9842173032402661,0.987187638744122
RipVIS-046_00018.jpg,0.7509856583597421,0.5182007545335363,0.6826511618916331,0.9930493523617393,0.5200871319476027,0.8402299502120946,0.008097165990641985,0.9840489969131057,0.9884700617382165
RipVIS-046_00024.jpg,0.7338728393292252,0.48553806889996404,0.6536864710030668,0.9939916405145132,0.48696727954599545,0.8226789858310392,0.005228356142514477,0.9825014467587855,0.9881494785495968
RipVIS-046_00030.jpg,0.756109059070222,0.5272903434088355,0.6904912948404426,0.9998250320482962,0.5273390036370897,0.8478868363132774,0.00614947965844379,0.985176986882241,0.9923778523046449
RipVIS-046_00036.jpg,0.7683682642965313,0.5506009156722848,0.7101774674672677,0.9996536496377852,0.5507059721339644,0.859514592019059,0.005073649753670434,0.9863671874995243,0.9928975331674945
RipVIS-046_00042.jpg,0.773103978266592,0.5599880916851822,0.7179389312904989,0.9968759588017942,0.5609725470410621,0.8627898779893102,0.010396039602244877,0.9864573688266848,0.9915750144329383
RipVIS-046_00048.jpg,0.757124650661532,0.5294803994282806,0.6923663743925065,0.99897078160561,0.5297693952040001,0.8486464693567268,0.008781915757231758,0.9850255594131052,0.9918785367609608
RipVIS-046_00054.jpg,0.7349249199002267,0.4878525278674893,0.6557807561300703,0.9970055610723797,0.4885683939783028,0.8252445518752124,0.00649042266796099,0.9823008294748349,0.9895267266541172
RipVIS-046_00060.jpg,0.7405553140276362,0.4985235316487203,0.6653529572541712,0.9958229848443265,0.49956816604369925,0.8307708246019675,0.006731848051493533,0.9828833912032297,0.9892407155281626
RipVIS-046_00066.jpg,0.7304944693856689,0.4793532061553953,0.6480578189993698,0.9964450866764033,0.4801743708238023,0.8200960033491753,0.00516560315934889,0.981941068672366,0.9890700175900453
RipVIS-046_00072.jpg,0.7533479943629707,0.5224305048833073,0.6863111363146932,0.9964501746231094,0.5234046361686894,0.8439078358747415,0.005302908564148657,0.9845317322526116,0.9903880082875558
RipVIS-046_00078.jpg,0.7643189131062129,0.5426332991453693,0.703515604707862,0.9971442029971989,0.5434779120245273,0.8544880236952715,0.007751937983217559,0.9862331211414996,0.9915978110129078
RipVIS-046_00084.jpg,0.7819344066860625,0.5761983415260534,0.7311241565806829,0.9952257575908933,0.5777954299523763,0.8695795942453656,0.014227642274012933,0.9878737461414989,0.9914878298188411
RipVIS-046_00090.jpg,0.7780794734596839,0.5688186767214051,0.7251554117269314,0.9951210961174699,0.5704094448535475,0.8661401304982429,0.010008628125969175,0.9875482253081658,0.991271108814726
RipVIS-046_00096.jpg,0.7871193613143266,0.5862650805604275,0.7391766833236978,0.9917791796023241,0.5891279651289634,0.8725120411432934,0.009667779924473935,0.9881751543205111,0.9899461991740726
RipVIS-046_00102.jpg,0.8365606486995785,0.6811467103078979,0.8103358334302038,0.9963226909636168,0.6828634507417919,0.9125444510007676,0.006784539472289362,0.9921098572526079,0.9941800257005475
RipVIS-046_00108.jpg,0.8413633577861651,0.6903427785062445,0.816808031228199,0.9974933010344457,0.6915424873019148,0.9164063740801525,0.0045417010725553875,0.992511091820509,0.9949597916675941
RipVIS-046_00114.jpg,0.843225696218481,0.693909998375988,0.8192997255359072,0.9983784566092839,0.6946929400246878,0.9181081311377628,0.008486855721695951,0.9926654128081632,0.9954735546990942
RipVIS-046_00120.jpg,0.8320795178994091,0.6721420375491245,0.8039293582192215,0.9985645074167544,0.6727921174983822,0.9103996597248352,0.009816207182578068,0.992145543981003,0.9953024226947145
RipVIS-046_00126.jpg,0.7305337298903795,0.47853936034163674,0.647313657217842,0.9994197055464107,0.4786723618314463,0.8208247629559022,0.004010909673670638,0.9828038194439704,0.990978476067677
RipVIS-046_00132.jpg,0.762184574564666,0.5381881898185866,0.6997689793497379,0.9993614303655245,0.5383733311403329,0.8532418777811817,0.005249343831159884,0.9863999807094008,0.9927762689935887
RipVIS-046_00138.jpg,0.8503989211606695,0.7076012303394513,0.8287663627400743,0.9977423283427579,0.7087360202424828,0.9225068940134694,0.015912897819113713,0.9933068094131012,0.9954879714548899
RipVIS-046_00144.jpg,0.8210333956607594,0.6502184690225565,0.7880392581082777,0.9999676939652398,0.6502321282135531,0.9028462422485255,0.003365586873503242,0.9919700038575463,0.9959082509172733
RipVIS-046_00150.jpg,0.8037601202907452,0.6171415208204946,0.763249861406531,0.9997790054932982,0.617225719675342,0.8895155808479441,0.0019534718518995787,0.9905256558637199,0.9950805602044426
RipVIS-046_00156.jpg,0.8485969693382529,0.7039356185160429,0.8262467324077659,0.998992274070938,0.7044358311648485,0.9218950785670808,0.0076174354617821755,0.9933646797834715,0.9961333274649137
RipVIS-046_00162.jpg,0.7728172666704571,0.5582052032480207,0.7164720052076103,0.9998457979645383,0.5582532630685288,0.8632718054682756,0.004276315788770343,0.9876258680550792,0.9936387734170953
RipVIS-046_00168.jpg,0.7095267560368551,0.43906357269752766,0.6102073334738118,0.9999999999687275,0.43906357269752766,0.7964859667825723,0.00016048788313906468,0.980298514660021,0.989994969672455
RipVIS-046_00174.jpg,0.7075310152431208,0.4353284751161969,0.6065907318963416,0.9999999999686521,0.4353284751161969,0.794014277322554,0.0001660853678515055,0.9800453317896508,0.9898667776693484
RipVIS-046_00180.jpg,0.8414124615591403,0.6953923478260902,0.8203320590867996,0.9056358539766417,0.7497148042422905,0.8694704368324834,0.01518297430376551,0.987783082561252,0.9480145717298596
RipVIS-046_00186.jpg,0.8412396363950935,0.6949204071372729,0.8200035874380627,0.8948604716575079,0.756703788540902,0.8633354383908095,0.015668202762913995,0.9879017168205112,0.9428592510951437
RipVIS-046_00192.jpg,0.8441677595274961,0.700447660505299,0.8238391298643751,0.9167389001104893,0.7480353119826579,0.8771733120353874,0.011221294361792629,0.9882214506168073,0.9535872244121064
RipVIS-046_00198.jpg,0.8402348338921091,0.6926584872099171,0.8184267440169296,0.933222233428724,0.7287796926459653,0.8836449417427756,0.009989621171511465,0.9881370563266839,0.9614894650757935
RipVIS-046_00204.jpg,0.8410967311998785,0.6942942266199202,0.8195674820955058,0.9336262330247176,0.7303432928098085,0.8843939852981041,0.011573472040107481,0.9882228973760666,0.9617296935647703
RipVIS-046_00210.jpg,0.8502684832954007,0.711802077115969,0.8316406278875507,0.9668096246754714,0.7296313627524356,0.9077912332453553,0.02418715304993561,0.9890398341044613,0.9782449073789703
RipVIS-046_00216.jpg,0.8398533921800981,0.691892365887156,0.8178917049777658,0.9642283519384737,0.7101199583333104,0.8998295845185844,0.02662337661991904,0.9881389853390297,0.9765232975369966
RipVIS-046_00222.jpg,0.8391922490701165,0.6904900595075284,0.8169111147671357,0.9737316737625006,0.7035961754254431,0.9042936035423473,0.025951785005144012,0.9882127700612519,0.9811731850633267
RipVIS-046_00228.jpg,0.8337524775783474,0.6801636657030223,0.8096397744899748,0.9755738616813731,0.6919473509929995,0.9016567474140276,0.02761721258476336,0.9876731288575484,0.9817905415588142
RipVIS-046_00234.jpg,0.8289033767745664,0.6709731709648677,0.8030926918801796,0.9731146128544974,0.683646450628122,0.8971414577969568,0.026463819991502963,0.9871778549377955,0.9803403918601463
RipVIS-046_00240.jpg,0.8339652350398616,0.6804518403310407,0.8098439050737627,0.9670485562245538,0.6966031975902028,0.897370525894821,0.02357288480841324,0.9878038194439681,0.9777125777009139
RipVIS-046_00246.jpg,0.8273975321332029,0.6679948698070205,0.8009555447665189,0.9870832413154654,0.6738854623252493,0.9031343539877239,0.019959318583783456,0.987141685956314,0.9871132501519744
RipVIS-046_00252.jpg,0.8262055708921959,0.6655955010962845,0.7992282647956165,0.9840945787757448,0.6728336315216563,0.9007545926185145,0.01838376100875989,0.9871527777773017,0.9856644707876148
RipVIS-046_00258.jpg,0.826239694923496,0.6656033287017324,0.7992339078963562,0.9808800029547572,0.6743526526146275,0.8991391673735237,0.02772020725029531,0.9872101658945857,0.9841294194440237
RipVIS-046_00264.jpg,0.8266771158730253,0.6665960390279986,0.7999491459451378,0.9882663808531678,0.6719138671741512,0.9032154558043706,0.026305508526330835,0.9870997299377956,0.9876674234623358
RipVIS-046_00270.jpg,0.8389046150170479,0.6897764316244029,0.816411471618541,0.9847016360824334,0.6972484205246651,0.9096940830786,0.02657980455679742,0.9883429783945851,0.986571526216576
RipVIS-046_00276.jpg,0.8313077451821296,0.6752193429826157,0.8061264882250379,0.9982842813590324,0.6760038301860709,0.9113849098564105,0.02342318764414771,0.9877179783945854,0.9928624490490761
RipVIS-046_00282.jpg,0.8304933403432668,0.6736643652305208,0.8050172773293576,0.9978489754142071,0.6746440781666245,0.9105999035746264,0.022882693316296332,0.9876456404316225,0.9926134972198657
RipVIS-046_00288.jpg,0.8517736530402458,0.7146532181972614,0.8335833865562947,0.9989674938405851,0.7151814844933323,0.925517878348067,0.01880386523651033,0.989194637345202,0.9939450059699457
RipVIS-046_00294.jpg,0.8538861172472935,0.7187161550817539,0.8363407220636344,0.999486143578576,0.7189818237346856,0.9271428477504783,0.02073822876995719,0.9893537808637204,0.9942782211373358
RipVIS-046_00300.jpg,0.851058256322257,0.7132034354478503,0.8325963171576422,0.9990483030885429,0.713688315344181,0.9250724102727814,0.021993941785592788,0.9892105516970539,0.9939936769440689
RipVIS-046_00306.jpg,0.8646210389938506,0.7395680751081118,0.850289316860622,0.9986813409579097,0.7402909883737449,0.9335147486891634,0.02528581035302141,0.9899681712958189,0.994196832138796
RipVIS-046_00312.jpg,0.8539320526304284,0.7191872700109629,0.836659603704926,0.9990938931648927,0.719656667150391,0.9270969502366961,0.028430836518803876,0.9889959490735971,0.9938983659602194
RipVIS-046_00318.jpg,0.8515270230210072,0.7146823512133041,0.8336032043574683,0.9984178830084308,0.7154926486636495,0.9252445184358388,0.01744573178619713,0.9887008101847083,0.9934175995564593
RipVIS-046_00324.jpg,0.8442233089758742,0.7004420012541887,0.8238352154764069,0.9997525977062318,0.7005634325961172,0.9210796237142104,0.016327063738724258,0.9883318865735975,0.9938820360522531
RipVIS-046_00330.jpg,0.8586078099148577,0.7279472797151704,0.8425572796817771,0.9987404020188294,0.7286162057284197,0.929798464953849,0.020770738076973123,0.9895679012340907,0.9940222850815135
RipVIS-046_00336.jpg,0.8523245100524713,0.7161341754986676,0.8345899589005925,0.9978808490105294,0.7172249450231882,0.9254533754719194,0.019295086182236288,0.988838252314338,0.993228261351685
RipVIS-046_00342.jpg,0.8585584487555193,0.7280074372391943,0.8425975740038693,0.997012290334131,0.7295991254459112,0.9289187077509007,0.02126271849448699,0.9894179205242142,0.9931040787467419
RipVIS-046_00348.jpg,0.8346726796117829,0.6825831004259668,0.8113514277579067,0.9967178382711045,0.6841208162405346,0.9132583568828126,0.021042329334347645,0.9871286651229807,0.9917863026481368
RipVIS-046_00354.jpg,0.831126708787391,0.6758706173925645,0.8065904496185161,0.9970395137663125,0.6772297137369621,0.9109988798085491,0.017279684026502137,0.9867587770056969,0.9917527418837324
RipVIS-046_00360.jpg,0.8153699764022025,0.6461378940937965,0.7850349553486188,0.9977127575171506,0.6470964134441696,0.900165406802315,0.020818115410175538,0.9850231481476731,0.991189141705688
RipVIS-046_00366.jpg,0.8146933579310947,0.6447055307040742,0.7839768501636706,0.9981845041916917,0.645462392810664,0.8998385839026753,0.017584005778925205,0.985095486110636,0.9914577372679781
RipVIS-046_00372.jpg,0.8297394855739526,0.6736582356493059,0.8050129008422751,0.9980366935041968,0.6745521517230485,0.9106914509164366,0.02107506511708796,0.9862239583328577,0.9919570973003725
RipVIS-046_00378.jpg,0.7949278211234212,0.6076868560147448,0.7559766427662719,0.9956767185758955,0.6092945459249255,0.8836091408060829,0.014020371478248007,0.9826480516970569,0.9889816545696795
RipVIS-046_00384.jpg,0.792222163004251,0.6021060381206053,0.751643179407678,0.9984646688679529,0.6026640167857324,0.8825424127872755,0.012768496418524046,0.9827980324069334,0.9904216646772541
RipVIS-046_00390.jpg,0.809721940108528,0.6347793276582111,0.7765932892820706,0.9930458200953102,0.6376137009589065,0.8934379978757302,0.016664609305435795,0.9850626929007595,0.9889470999504908
RipVIS-046_00396.jpg,0.8152277599302036,0.645088079534024,0.7842596242223663,0.9946675553890154,0.64732675414034,0.8982693754702784,0.018488845061199452,0.9857465277773024,0.9900877560988021
RipVIS-046_00402.jpg,0.7951395238432948,0.6069030854451929,0.7553698675947843,0.9914590339156325,0.6100927678615173,0.8812819511200938,0.018903121499949865,0.983791956018044,0.9875262342592218
RipVIS-046_00408.jpg,0.7962945843539746,0.6087849618958991,0.7568257738790228,0.9894986120894171,0.6127438606539884,0.8811419444722932,0.019865873716327233,0.9842023533945871,0.9867830158377824
RipVIS-046_00414.jpg,0.7901862139495898,0.5972064528266959,0.7478137241053276,0.9962317010417822,0.5985585756380489,0.8793821075912993,0.02196960020156219,0.9835759066353281,0.9897452524625991
RipVIS-046_00420.jpg,0.8002401465948166,0.6161040727754431,0.7624559372805323,0.9974043339560821,0.6170934971638532,0.8879559960925875,0.033017626935935594,0.9847583912032288,0.990922396309607
RipVIS-046_00426.jpg,0.7901442482086257,0.597120344510469,0.747746212817158,0.998595227711634,0.5976223461499578,0.8804483970120821,0.03367572486884986,0.9835778356476738,0.9908989421417626
RipVIS-046_00432.jpg,0.7789358532185264,0.5760865814740465,0.7310341807938714,0.9983257927371629,0.5766436802715006,0.8709464276399298,0.018839297001031825,0.982225115740267,0.9900758376308603
RipVIS-046_00438.jpg,0.7839764612698763,0.585444409301788,0.7385240452039704,0.9981828347578141,0.5860690334312003,0.8751102925729332,0.018308963761181313,0.9829301697526124,0.9903677662397095
RipVIS-046_00444.jpg,0.7769865853853373,0.5720709146901328,0.7277927596579093,0.998227022600403,0.5726527701395577,0.8690568702384881,0.019994937987851815,0.9823297646600201,0.9900857369523326
RipVIS-046_00450.jpg,0.790393731157718,0.5970720142660231,0.7477083173865812,0.9963700878724969,0.5983736053715312,0.8793884831228109,0.028266735188453455,0.9840991512340933,0.9900860121943407
RipVIS-046_00456.jpg,0.780938422389512,0.5798393156397915,0.7340484692330529,0.9982089195606239,0.5804432100841238,0.8726005615651454,0.03186210498408695,0.9824720293205138,0.9901450651915871
RipVIS-046_00462.jpg,0.7456067058906164,0.5127486972280623,0.6779033400162434,0.9972005208116926,0.5134878419395508,0.8391098872202419,0.025903540147292025,0.978941936727923,0.9878637448595191
RipVIS-046_00468.jpg,0.776134936602537,0.570689972818264,0.7266742421412216,0.9947813170953056,0.5724036773471727,0.8668511340898597,0.0335993820760042,0.9820201581785387,0.988243661765647
RipVIS-046_00474.jpg,0.8146333762992922,0.6460559956342884,0.7849745055426723,0.8418602110782253,0.7352899086419815,0.8181444229187124,0.037287254769743115,0.9837099729933527,0.9153818569977271
RipVIS-046_00480.jpg,0.8332962393292074,0.6822642424663481,0.8111261301804624,0.9217493411854102,0.7242104359688872,0.8740664781496328,0.048085485301095854,0.9848384452155744,0.9544488304566029
RipVIS-046_00486.jpg,0.833777020241504,0.6833201454273048,0.8118718798483177,0.931498245457591,0.7194743835742816,0.8796527910299192,0.04878675053937774,0.9847526041661918,0.9591003228369293
RipVIS-046_00492.jpg,0.8360850091556864,0.6878773757875901,0.815079798633613,0.9473094935628927,0.7152429846733548,0.8895829807312582,0.04939071816834447,0.9848181905859448,0.9667504929990076
RipVIS-046_00498.jpg,0.8413171433393575,0.6976309038710565,0.8218876108820472,0.9468725678812263,0.7260506313134614,0.8925785774963317,0.04645093945114158,0.9855049189810062,0.9668959644680313
RipVIS-046_00504.jpg,0.8397589444687981,0.6947505249405584,0.8198853043163106,0.9487021941732042,0.721868409288834,0.892605258357335,0.03784135240080086,0.9852777777773026,0.9676595549097184
RipVIS-046_00510.jpg,0.8389810584091931,0.6932058915001535,0.8188087402483393,0.9427217739053958,0.7236861413252449,0.8889129214495753,0.04328552802564726,0.9852637924377965,0.9647715763230198
RipVIS-046_00516.jpg,0.8350262243776129,0.6858041213452025,0.8136225468448361,0.941083302599147,0.7165699789915729,0.885589322149755,0.04892648014978185,0.9847718942896485,0.9637273812750663
RipVIS-046_00522.jpg,0.8349559497483914,0.6858044786358312,0.8136227982865374,0.949221043420183,0.7119230729771132,0.8898970064540574,0.055584483200262366,0.984640239197056,0.9675790408921326
RipVIS-046_00528.jpg,0.8303459271212996,0.6771568042350826,0.8075056578194191,0.9451385190821129,0.7048622778809138,0.8848146926713042,0.05143819641727932,0.9840846836415007,0.9653245672077762
RipVIS-046_00534.jpg,0.8290137096685221,0.6747550208530635,0.8057954894314824,0.949589699464089,0.6998228984211816,0.8863238974955013,0.05841482243201044,0.9838334297834762,0.9673384456127417
RipVIS-046_00540.jpg,0.8403424440047893,0.6959049166854863,0.8206886009217758,0.9604629400137553,0.7164281754838282,0.8992042918764591,0.04303993795488691,0.9852922453698952,0.9733284437199071
RipVIS-046_00546.jpg,0.8391371133320242,0.6934939420051288,0.8190096519436247,0.9665490492457568,0.7105477153577439,0.901583246478119,0.034447432445326234,0.9852869405859446,0.9762521859940759
RipVIS-046_00552.jpg,0.8365914020824614,0.6888803172745366,0.8157834634324244,0.9752723402927096,0.7011264004439053,0.904536186901809,0.04785118665197547,0.9848297646600189,0.9802215095408291
RipVIS-046_00558.jpg,0.8403695982940933,0.6960178748689572,0.8207671454202509,0.9813912458906524,0.7053265037012275,0.9101451006770672,0.056828478957044855,0.9852377507711298,0.9833831009066241
RipVIS-046_00564.jpg,0.8394092904743349,0.6942052848685308,0.8195055121934655,0.9799630345153889,0.7042008351290014,0.9087875301578727,0.0619963607925661,0.9851326195982903,0.9826400268235118
RipVIS-046_00570.jpg,0.8365767477731922,0.6890591450254826,0.8159088413864711,0.9885603069115831,0.694597758815712,0.9114157726914786,0.0657452854474625,0.9846358989192783,0.9865281109339368
RipVIS-046_00576.jpg,0.8392555028231892,0.6940979333389441,0.8194307066663229,0.9917947856143859,0.6981066989868415,0.9148229945626203,0.06357786356968109,0.9849455054007595,0.9882479883072562
RipVIS-046_00582.jpg,0.8375591015036536,0.6908978885224507,0.8171964649221659,0.9891763980930695,0.6961607441938533,0.9123724654526669,0.03781671498325769,0.9847579089501424,0.9868883495820544
RipVIS-046_00588.jpg,0.829477969251062,0.675866292805766,0.806587370015323,0.9889103587192458,0.6810279157159151,0.9069102694817619,0.03944430661877396,0.9836656057094022,0.9861944418240284
RipVIS-046_00594.jpg,0.832460571565521,0.6814081599116146,0.8105208195818839,0.9889663670084718,0.6866281047908752,0.9089224449666312,0.028739867350928535,0.984074556326686,0.9864332160185169
RipVIS-046_00600.jpg,0.8260574023057805,0.6694411641397524,0.8019943182420678,0.984261670713486,0.6766846361120843,0.9022415492668501,0.041956305853779005,0.9832609953698962,0.9837434859546949
RipVIS-046_00606.jpg,0.8217970143689937,0.661462962606503,0.79624159851123,0.9795149682015807,0.6707416462853374,0.8969348688478769,0.03755522827226863,0.9827338927464396,0.9811818401281188
RipVIS-046_00612.jpg,0.820688169005094,0.6591904711849053,0.7945928844614766,0.9815814905209826,0.667446197846296,0.8971338167024734,0.0272913899254569,0.9827792245365631,0.9822013928324742
RipVIS-046_00618.jpg,0.7478963862717869,0.5206133302674414,0.6847412421090341,0.9926138021412202,0.5226380126511428,0.8413068411924555,0.03429177468367997,0.9758309220674306,0.9839944411938497
RipVIS-046_00624.jpg,0.7640242720236379,0.5511843599015646,0.7106626061347624,0.994980721786186,0.5527212032865467,0.8577199134030621,0.02368927368642505,0.9775033757711336,0.9859924704928451
RipVIS-046_00630.jpg,0.8288428816564235,0.6747242901061402,0.8057735760951765,0.9758067851149584,0.6862034200561654,0.8998525373741483,0.0347593582847292,0.9835431134254516,0.9798151752682879
RipVIS-046_00636.jpg,0.7608753110784872,0.5450021824477909,0.7055034467127139,0.9955879225849531,0.54632168484388,0.8549712407559573,0.02362777171651184,0.9773784722217509,0.9862284663696599
RipVIS-046_00642.jpg,0.8067547961955072,0.6327774823308443,0.7750933475975346,0.9788034137670756,0.6415690201265002,0.8856923350940668,0.035441527442071415,0.9813512731476749,0.9801205866966884
RipVIS-046_00648.jpg,0.7665728752387904,0.5552722274184188,0.7140514922459712,0.9969418960066359,0.5562196302190494,0.8605672896128636,0.019048760031262876,0.978468364197059,0.987449147254395
RipVIS-046_00654.jpg,0.8134581593804497,0.6448352776233708,0.784072771779428,0.9847767762791311,0.651327857079399,0.8933102905145257,0.03195864175397031,0.9826456404316248,0.9836759880145732
RipVIS-046_00660.jpg,0.7576853949238243,0.5386007890308374,0.7001176560816679,0.9971403591672955,0.5394340105971324,0.8524762219163236,0.02546869472639209,0.9773832947526151,0.9869931631104119
RipVIS-046_00666.jpg,0.8239296539762033,0.6648029267553689,0.7986566050205617,0.9844197184600139,0.6718721970792703,0.9006273411742074,0.039047842396922154,0.9836072530859454,0.9839996110446192
RipVIS-046_00672.jpg,0.82493391385176,0.6666600702452218,0.7999952505577621,0.9792026973857428,0.6762350201670491,0.8986773799424855,0.03808856174341762,0.9837533757711305,0.981556129061472
RipVIS-046_00678.jpg,0.8163016090361316,0.6500165100646393,0.7878909163632246,0.9805288896790961,0.6585165587014717,0.8931768122159067,0.038710450618562986,0.9831322337958222,0.9818735230858254
RipVIS-046_00684.jpg,0.8159516562917852,0.6493277496077773,0.7873847387363637,0.9792551182144104,0.6583842098245815,0.8922823605860438,0.039437297097578775,0.9831201774686616,0.9812513638508722
RipVIS-046_00690.jpg,0.8175918668850057,0.6523149036695763,0.7895769773919847,0.9784081094446959,0.661842482876247,0.8929835818914015,0.04760765549669765,0.9834022955242171,0.9809872907503416
RipVIS-046_00696.jpg,0.8018035976885025,0.6224015822691027,0.7672595848909457,0.9772730837244965,0.6315426717957476,0.8808328244102146,0.04196601664477523,0.9817703510797734,0.9795930494101059
RipVIS-046_00702.jpg,0.8104086973476574,0.6384716437300685,0.7793502514044778,0.978692183996836,0.6474719101056731,0.8878541730392323,0.05107216969667141,0.9828795331785384,0.9808526017001498
RipVIS-046_00708.jpg,0.8194640377895129,0.6558133871703095,0.7921344183489868,0.9803579553923806,0.6645452489084684,0.8952662459624026,0.04667863554198939,0.9836410108019947,0.9820533893273389
RipVIS-046_00714.jpg,0.764286313602874,0.5501706203100015,0.7098194393594931,0.9938542908038988,0.5520487436453047,0.856726376050319,0.02735042734708786,0.9789578510797748,0.9862080716239434
RipVIS-046_00720.jpg,0.8824426075415093,0.7753871805477135,0.873485163172693,0.9876250765640512,0.782994430764765,0.9385673476991865,0.04772727272156372,0.9898654513884115,0.9887864026766096
RipVIS-046_00726.jpg,0.7901197530691986,0.5986052756897973,0.7489094209719774,0.9962155343125569,0.5999696107946779,0.8799801335888799,0.03757560159084087,0.9821238425921189,0.988975955708691
RipVIS-046_00732.jpg,0.8827813323821672,0.7761595978289102,0.8739750625761888,0.9902314802205634,0.7821482924046471,0.9402049458211266,0.05462284227304057,0.989778645832856,0.9899966583137592
RipVIS-046_00738.jpg,0.8923637580877928,0.7943327728847565,0.8853795515396001,0.9866975283876515,0.8029314021498076,0.9435095083635439,0.057956015516435186,0.9907383294748309,0.9887939295387045
RipVIS-046_00744.jpg,0.8926543448381916,0.7948866253141514,0.8857234926189566,0.985420456493933,0.8043461767647067,0.9429644557049521,0.059213089201504594,0.990764853394584,0.9881933640694148
RipVIS-046_00750.jpg,0.8943067388032506,0.7980520175447068,0.8876851278579474,0.986308980502053,0.8069917203224527,0.9443415749918309,0.06354730599851156,0.9909008487649542,0.9886917842388255
RipVIS-046_00756.jpg,0.8832045274581266,0.7768287200482005,0.8743991036199901,0.98630136984961,0.7853015646217696,0.938270838827782,0.05126863718921414,0.9899450231476707,0.98819022460824
RipVIS-046_00762.jpg,0.8960258481318546,0.8013677438542066,0.889732534168287,0.9856702315991646,0.810814020004417,0.9449150730012403,0.06314595411354348,0.9910214120365591,0.9884479014526476
RipVIS-046_00768.jpg,0.880663877613925,0.7720393512281624,0.8713568924900889,0.9927245873255649,0.7764324601758803,0.9403344689560476,0.044350715740752715,0.9896633873452018,0.9911380396471178
RipVIS-046_00774.jpg,0.8890663258829097,0.7881860631722214,0.881548155871418,0.9875330163630808,0.7961076154801484,0.9422212813786047,0.05552801189197719,0.9903091242279175,0.9889736777810683
RipVIS-046_00780.jpg,0.8861357356734991,0.7825862359704965,0.8780346444719761,0.9863408671026649,0.7911604211877994,0.939962823395936,0.03562310029962029,0.990054494598288,0.9882676117575853
RipVIS-046_00786.jpg,0.8825036129271453,0.7755966820897318,0.8736180799537404,0.986578628203927,0.7838674104047723,0.9380613518313042,0.04191919191389909,0.989784432869893,0.9882410243733488
RipVIS-046_00792.jpg,0.8908248474898404,0.7914561371699363,0.8835897466295144,0.983243471812781,0.8022773099189973,0.9408010034671205,0.037871407691442836,0.990545428240263,0.9870327316977827
RipVIS-046_00798.jpg,0.8726218617482124,0.7564760111584705,0.8613564960213063,0.9879599796367086,0.7635148417451509,0.9331005653698928,0.047918807804738076,0.9891464120365601,0.9885741552914661
RipVIS-046_00804.jpg,0.8652953088837909,0.742541163312599,0.852250929786951,0.9829835668921821,0.7522101733216596,0.9261558012590217,0.04457785157177445,0.9884476273143381,0.9858114486008499
RipVIS-046_00810.jpg,0.8811239129676092,0.7728877558556935,0.8718969977686547,0.9846043048023617,0.7823425252026351,0.9361966582770436,0.039220522935468606,0.9897318672834733,0.9872624225598527
RipVIS-046_00816.jpg,0.8642190152858449,0.7404423738421341,0.8508668657699499,0.9899504008162243,0.7460502010132996,0.9291955155445604,0.044768547870035695,0.9883931327155727,0.98914482246985
RipVIS-046_00822.jpg,0.8669979447850126,0.7457174084694596,0.854339201581612,0.9912256728040273,0.7506726652714009,0.9315242928169177,0.05387931033799704,0.9886680169748319,0.9899024826682066
RipVIS-046_00828.jpg,0.8636171754053059,0.7392898744473523,0.8501054198136543,0.9934632944272273,0.7429035929036699,0.9306847343480563,0.04578893961874823,0.9883429783945851,0.9908150202469573
RipVIS-046_00834.jpg,0.8659714030782344,0.7437643929730492,0.8530560618971699,0.9943340319289683,0.7469300007519253,0.9325563047492009,0.03986753279329161,0.9885706018513751,0.9913528507339834
RipVIS-046_00840.jpg,0.8844057139789154,0.7789545870076746,0.8757442069591336,0.9933922845066648,0.7830116421482952,0.9427333087421615,0.04975902044421531,0.9902068865735966,0.9917422637091672
RipVIS-046_00846.jpg,0.882028913716095,0.7744869302141447,0.8729136484771739,0.9943419775205334,0.7779152020051869,0.9419303647809317,0.049929041407569465,0.989931520061251,0.9920572984592935
RipVIS-046_00852.jpg,0.877973110913953,0.7668166720157847,0.8680206431841209,0.9935031581732006,0.7706812258968073,0.9391945449105255,0.04825227962914738,0.9895047260797697,0.9914319916635115
RipVIS-046_00858.jpg,0.8649092626400432,0.7416929735982286,0.8516919857188575,0.9919909462727143,0.7461611498461606,0.9306675160692263,0.04438509474190702,0.9885170717587826,0.9901942920985575
RipVIS-046_00864.jpg,0.8744824067758433,0.7601015261100644,0.8637019113209188,0.9947640294312954,0.7631547689666971,0.9378392078493194,0.03491902833566308,0.9892428626538439,0.9919055054794405
RipVIS-046_00870.jpg,0.8732132588925288,0.7576437345560687,0.862112975070489,0.9954655594933406,0.7602675237734677,0.9374624686738531,0.04396728015797964,0.9891628086414983,0.992203154364065
RipVIS-046_00876.jpg,0.8717095086197071,0.7547747359263336,0.8602525674361194,0.9955502480630707,0.7573296419181186,0.9366264434998702,0.048462741004629654,0.9890277777773008,0.9921745002477438
RipVIS-046_00882.jpg,0.8792584075793106,0.7691616312480328,0.8695210405455576,0.9937600559497202,0.7728944504812526,0.9400344097406035,0.042280837853338395,0.9897198109563128,0.9916678159498893
RipVIS-046_00888.jpg,0.869151745582295,0.7496903057394876,0.8569405720318477,0.9962269648044837,0.7518249780040477,0.9354106253761558,0.0400206558171933,0.9889887152773008,0.9924839296190151
RipVIS-046_00894.jpg,0.8778224269027773,0.7660622893086125,0.8675371123048153,0.9943598092656943,0.7694055452362701,0.9394269830501026,0.05236842104574099,0.9899262152773004,0.992066946184709
RipVIS-046_00900.jpg,0.8791918952413201,0.7685963485090317,0.8691597143203156,0.9972733669374154,0.7702148857553811,0.9417481104128022,0.04335682935984082,0.9901224922834732,0.9935763060045937
RipVIS-046_00906.jpg,0.8499821107631101,0.7132437578588676,0.8326237928340641,0.9332648292427964,0.7515756778730438,0.8902235326974306,0.03942115767971293,0.987145061727919,0.9611606629914856
RipVIS-046_00912.jpg,0.8916717394539799,0.7925184273708107,0.8842513586130801,0.992732311506805,0.7971434085993263,0.94629528294512,0.046347211305793765,0.9911357060180406,0.9919058197163759
RipVIS-046_00918.jpg,0.8615385541744387,0.7350671085437052,0.8473068331756567,0.9649635036356875,0.7552234753701375,0.9141861044698046,0.05325520832639906,0.9883960262340913,0.9770841669861126
RipVIS-046_00924.jpg,0.8910075930953067,0.791228427305521,0.8834478230068475,0.9945978220551791,0.7946434656096564,0.9469424216994667,0.041239821376249035,0.9910976080242134,0.9927862621323921
RipVIS-046_00930.jpg,0.8726298959664736,0.7561292054317721,0.8611316332454771,0.9796119459074697,0.768218542962373,0.9285115851062369,0.05172650982917505,0.9894849537032265,0.9847183963978947
RipVIS-046_00936.jpg,0.8889507270914365,0.7873400355263103,0.8810187427983904,0.9944041244586005,0.7908439886053535,0.9457192409932788,0.034775576218523306,0.9908801118822382,0.9925801864318873
RipVIS-046_00942.jpg,0.8891274107804958,0.7877034195710362,0.8812461965979206,0.9948440465594658,0.7909323303101282,0.9460628086349077,0.03192488262482564,0.9908714313266827,0.9927877293546667
RipVIS-046_00948.jpg,0.8685382316806207,0.7484731438298673,0.8561448558373698,0.981911100189379,0.7589377371037834,0.9274167157536488,0.0412793876378787,0.9889771412032268,0.985566220687274
RipVIS-046_00954.jpg,0.8656696238468014,0.7427522400042359,0.8523899415586813,0.9933030016217953,0.7464904757521612,0.9316937273946209,0.050818983613213076,0.9889510995365601,0.9910548474922457
RipVIS-046_00960.jpg,0.8548453644531766,0.7225670654360858,0.8389421578232257,0.9269300710733603,0.7662103992442412,0.8896093250054209,0.060255229567128636,0.9875414737649558,0.9583351312679926
RipVIS-046_00966.jpg,0.8732933526824895,0.7572961373305027,0.8618878983947535,0.989317594968804,0.7635396738548381,0.9340764970076564,0.06314891195233267,0.9896368634254487,0.9894826230920722
RipVIS-046_00972.jpg,0.8621762847307237,0.7359605911246707,0.8479001135018467,0.9923954372472034,0.7401346134050801,0.9290646309559549,0.05039257672371269,0.9887557870365602,0.9905162654382011
RipVIS-046_00978.jpg,0.8452745982183445,0.7044421126193261,0.8265955263646525,0.9275406815958979,0.7454657618670242,0.8843417932730306,0.0345456915611334,0.9865523726847094,0.9581026055041426
RipVIS-046_00984.jpg,0.8538275621199609,0.7202229881665516,0.8373600319504854,0.9973143032382241,0.7216225819983386,0.9265199860847348,0.04349723595526662,0.9878260030859434,0.9924162382731849
RipVIS-046_00990.jpg,0.8516905230193174,0.7163156974887903,0.8347132156827094,0.9928243789304265,0.7200434772982582,0.9228983141482086,0.044786763650722185,0.9874744405859436,0.9900613914994941
RipVIS-046_00996.jpg,0.8499407186759897,0.7130277862252357,0.832476614750584,0.992089301635199,0.7171049035071656,0.9214226912454309,0.03864803193972503,0.9872694830242152,0.9896000262693492
RipVIS-046_01002.jpg,0.8330028729488788,0.681234495834137,0.8103979516505763,0.9288434755289652,0.7187441579070903,0.8775399504295124,0.03908923400380505,0.9852512538575495,0.9580380601709046
RipVIS-046_01008.jpg,0.8556583483312176,0.7238425722489256,0.8398012485613466,0.99497350901908,0.7264992119482151,0.9264970047255339,0.049739733943068284,0.9878722993822396,0.9913057228910069
RipVIS-046_01014.jpg,0.8579490698344023,0.7282530080793362,0.8427620315716012,0.9940169917285807,0.7314592643061235,0.9274362366653828,0.03818128824858914,0.9880410879624865,0.9909294942574616
RipVIS-046_01020.jpg,0.8961949330102017,0.8016665953446401,0.889916699811254,0.9780872334188865,0.8163280866966253,0.9408023741316066,0.04720133666844871,0.9910585455242135,0.9848217374496337
RipVIS-046_01026.jpg,0.8581413976772481,0.728688506716268,0.8430535679333565,0.9952813337154618,0.731214662998751,0.9282376492735194,0.04305940737949797,0.9879943094131037,0.9915158275915285
RipVIS-046_01032.jpg,0.8606938244328157,0.733669917179467,0.8463778599482019,0.9959494562439141,0.7358656285838969,0.9301958999720378,0.042645778932021206,0.9881196952155729,0.9919015609047965
RipVIS-046_01038.jpg,0.8588859081348209,0.730321668123242,0.8441455500183043,0.9938900797498595,0.7336153357579772,0.9280394319404164,0.03714409596225696,0.9878626543205112,0.9907732902239313
RipVIS-046_01044.jpg,0.8820984528889493,0.7747643142394167,0.8730898046836663,0.9907910689581269,0.7803839096902286,0.9400972527770812,0.03169063241216102,0.9898032407402634,0.9902790282216698
RipVIS-046_01050.jpg,0.868660406619491,0.7490495108638874,0.8565217922206423,0.9920509193636203,0.7535724262333888,0.9329988240740248,0.03176854346450595,0.9886680169748319,0.9902997619432838
RipVIS-053_00000.jpg,0.8335449323809228,0.7028767417703798,0.8255168733347553,0.7333088662493674,0.9442489957606627,0.7676046117530553,0.047095528146323645,0.9670062934017285,0.8640758334973604
RipVIS-053_00006.jpg,0.8179045083349787,0.6754837717800546,0.8063149081562423,0.7123619414255512,0.9288158433508764,0.7471872734886311,0.02425676674689295,0.9633517795128436,0.8529072226716815
RipVIS-053_00012.jpg,0.8205711393187873,0.6794023688929139,0.8091001673896479,0.7200270847364965,0.9233225129787559,0.7531944756221681,0.027574068637786144,0.9646093749989533,0.8565373037305262
RipVIS-053_00018.jpg,0.841151076333167,0.7168819624861897,0.8350975525982977,0.7727831357846483,0.9083430250240762,0.7965586023133029,0.04042129233697391,0.9682042100683939,0.8818572129002391
RipVIS-053_00024.jpg,0.8636903166674165,0.757041740693474,0.8617231146650878,0.812060615520366,0.9178556293153711,0.8312224951386756,0.04571191823702363,0.972848307290611,0.9018042135354869
RipVIS-053_00030.jpg,0.9159661865469637,0.8500044676901006,0.9189215296884214,0.8723939758210644,0.9706916099663188,0.8904279129363997,0.051169361159759945,0.983606770832266,0.9346273951418331
RipVIS-053_00036.jpg,0.8936085405955366,0.8108198699392752,0.8955279135151809,0.8558157870709721,0.939104874927191,0.8712703577698607,0.045778736101214336,0.9785655381933827,0.9245712012241043
RipVIS-053_00042.jpg,0.9019649906642095,0.8256777758511706,0.9045164341404349,0.8667982637158028,0.9456665055053657,0.8815016469200138,0.04769763986669456,0.9802832031239364,0.9303923472865709
RipVIS-053_00048.jpg,0.9211291947130329,0.8592690950804702,0.9243084794493188,0.9022182453710025,0.947507594124134,0.9109264107100087,0.05260570303955986,0.9845898437489317,0.9481993287206016
RipVIS-053_00054.jpg,0.9131739981233067,0.8456049240157184,0.9163444603039178,0.8926678714197988,0.9413112367148284,0.9019901518260156,0.06104457750148959,0.9825802951378227,0.9430038502520866
RipVIS-053_00060.jpg,0.937567714625448,0.889169606245694,0.9413338043403329,0.9192836162110979,0.9644677924637339,0.927978555949351,0.05695059903874108,0.9873860677072619,0.9575470591212243
RipVIS-053_00066.jpg,0.9281629714994448,0.8719452782749674,0.9315927002721802,0.9355325821715591,0.9276858638646316,0.9339526371717239,0.04165999037948085,0.9858821614572636,0.9635904586699331
RipVIS-053_00072.jpg,0.8904612205811042,0.8059586478306738,0.892554930644503,0.8597759663963496,0.927932357741468,0.872594331941482,0.02769699487222033,0.9773220486100507,0.9257801786125733
RipVIS-053_00078.jpg,0.9100354517841232,0.8410642570204357,0.9136718110877973,0.9124730160525967,0.9148737601799538,0.9129521563809656,0.047480620148466136,0.9811056857628243,0.9510123709770952
RipVIS-053_00084.jpg,0.9030640367399654,0.8286954138422374,0.9063241560835777,0.929833733102386,0.8839740778552456,0.9202850470039425,0.043854669309699876,0.9796538628461592,0.9576927552752537
RipVIS-053_00090.jpg,0.9068779286705364,0.8351055432171405,0.9101444288082844,0.9494974025325263,0.8739236914140808,0.933354783800054,0.03411799761112664,0.9807335069433802,0.9669042669259961
RipVIS-053_00096.jpg,0.893286355943137,0.8117106566902829,0.8960709633106133,0.9077611218477217,0.8846780685993219,0.9030486460483855,0.021096440869532655,0.9773198784711618,0.9467387113629844
RipVIS-053_00102.jpg,0.9049635612170093,0.8318957184468982,0.9082347975049461,0.930870734134768,0.8866736003366759,0.9216822986573758,0.03909169300961603,0.9801855468739364,0.9584313004632672
RipVIS-053_00108.jpg,0.8818381930686567,0.7919431028007011,0.8838931342886287,0.8915955423121811,0.8763226671540381,0.8884985262155001,0.01853842020170091,0.9744791666656093,0.9381046578770618
RipVIS-053_00114.jpg,0.8960559777981554,0.8158821288814333,0.8986069259726777,0.930467119402773,0.8688563513962322,0.9174557276214513,0.026886261257476594,0.9784950086794938,0.9572211130878879
RipVIS-053_00120.jpg,0.9187807903230745,0.8558449194736838,0.9223237464436421,0.9423275726941751,0.903151552748695,0.9342228130001512,0.032400996949265994,0.9835069444433773,0.9653048677973843
RipVIS-053_00126.jpg,0.9186941423736825,0.8556579572365258,0.922215167832745,0.9404749472530706,0.9046509291722286,0.9330849472214049,0.03524416135382248,0.9835156249989329,0.9644906116353865
RipVIS-053_00132.jpg,0.9214404090025337,0.860498566399058,0.9250193275499571,0.9399230048804503,0.9105809065800743,0.9339042731579024,0.04292211483187576,0.9841091579850433,0.9645883301419603
RipVIS-053_00138.jpg,0.9386317306528049,0.8912466843417496,0.942496493683952,0.9285770286071289,0.9568396178684706,0.9340951840153316,0.059234463679342965,0.9874544270822618,0.9616810175974082
RipVIS-053_00144.jpg,0.9376384416819576,0.8892274085911587,0.9413661950355425,0.9422741116655607,0.9404600263355917,0.9419107349448943,0.05586419752224318,0.9874544270822618,0.9675676231994473
RipVIS-053_00150.jpg,0.9452578002850712,0.9027318199220592,0.9488797217455872,0.9473376066123522,0.9504268656922473,0.9479538507847427,0.06859320418091565,0.9890277777767046,0.9706932460344526
RipVIS-053_00156.jpg,0.913771487637737,0.8466355788418507,0.9169492763405249,0.9460719399573004,0.889566018435464,0.9342036720070591,0.0426733605204466,0.982727864582267,0.9664541091015433
RipVIS-053_00162.jpg,0.9426588699733779,0.8982607869141014,0.9464039852757583,0.9499663292799497,0.9428682588042651,0.9485381783731489,0.06556333544469074,0.9883843315961498,0.9715000413962894
RipVIS-053_00168.jpg,0.9263943211887031,0.8692957531525268,0.9300783481548902,0.946650330180809,0.9140765991486458,0.9399511724388212,0.05572851804861013,0.9851258680544867,0.9681330633851961
RipVIS-053_00174.jpg,0.9318104376820424,0.8783479597314855,0.9352345556432978,0.9656694939170392,0.9066594333349712,0.9532608695652174,0.0401593625434009,0.9866883680544849,0.977340539403524
RipVIS-053_00180.jpg,0.9181833366669105,0.854234304705122,0.9213876612437827,0.9208728652654347,0.921903033107606,0.9210787146189112,0.043213728542400354,0.9838259548600435,0.9559610231926328
RipVIS-053_00186.jpg,0.9259289596271943,0.8680013739548752,0.929336975932913,0.9114188847918775,0.9479737188935791,0.9185025640599589,0.04381405019399762,0.985405815971153,0.9527660508369393
RipVIS-053_00192.jpg,0.8939664531910421,0.8103874194050091,0.8952640862598857,0.8812929998811697,0.9096852736843981,0.8868287794071105,0.040708232439360136,0.9795117187489372,0.9358201683616116
RipVIS-053_00198.jpg,0.8695016166314202,0.7675428416621451,0.8684857006808056,0.8467529419205306,0.8913634321553082,0.8553142054124889,0.030633284237020133,0.9739181857628321,0.9175343630899451
RipVIS-053_00204.jpg,0.9057558548448044,0.8316857310592273,0.9081096357924675,0.8823243631354577,0.9354473893319063,0.8924607354452475,0.03462562887916164,0.9816547309017126,0.9376763377813024
RipVIS-053_00210.jpg,0.9105186059971826,0.8402467982708199,0.9131892516377197,0.8925687869962473,0.9347850115957248,0.9007042043513268,0.03087397086274953,0.9825531684017116,0.9427166406617644
RipVIS-053_00216.jpg,0.9323024668635944,0.8783914626609864,0.9352592152613709,0.9524260543984798,0.9187002608623244,0.9454842458940996,0.04660321627065914,0.987462022568373,0.9717847997366806
RipVIS-053_00222.jpg,0.9173073079509193,0.8522752275142287,0.920246856249317,0.9089832750137706,0.931793083078039,0.9134554575370071,0.03788602355334511,0.9839724392350434,0.9507240376570383
RipVIS-053_00228.jpg,0.9237964719224048,0.8634285949507554,0.9267096118309519,0.9339227651225567,0.9196070261516238,0.931024070974073,0.039031384413090425,0.9856054687489305,0.9625540519171112
RipVIS-053_00234.jpg,0.9303531224863465,0.8747583950970163,0.9331958692754632,0.9559117073512684,0.911534588261661,0.946693944165412,0.045665122427917745,0.9872037760405955,0.9731715025848271
RipVIS-053_00240.jpg,0.9175129894174934,0.8518402013122383,0.9199932053625502,0.9424703302713203,0.898563227915867,0.9333489580820161,0.03076171874499321,0.9846679687489316,0.9657461843940827
RipVIS-053_00246.jpg,0.9323733214793952,0.8786095138434019,0.9353828002775051,0.9558793421033704,0.9157468045361199,0.9475738708244351,0.03665338644834209,0.9874012586794841,0.973302411280579
RipVIS-053_00252.jpg,0.9230531530587107,0.8626707056576187,0.926272908074808,0.9266434804774507,0.9259026319337601,0.9264952159489701,0.04866412212966537,0.9849967447905978,0.9591235970603658
RipVIS-053_00258.jpg,0.9284258751360772,0.8720875275195632,0.9316738824439925,0.925667381804032,0.9377588425378978,0.9280606643023627,0.03418262382747545,0.9861979166655965,0.9593574802367691
RipVIS-053_00264.jpg,0.9429075534975476,0.8975210246756228,0.9459932332808296,0.9656656712945444,0.9271063222020955,0.9576993223308956,0.038148443728946775,0.9893825954850376,0.9787877137467061
RipVIS-053_00270.jpg,0.923146808013397,0.8629104824350308,0.926411108393261,0.9314739504847901,0.921403004921061,0.9294421877096829,0.02926525528809694,0.9849565972211535,0.9612413337915475
RipVIS-053_00276.jpg,0.9226852451320005,0.8622559334390776,0.9260337614784522,0.9354037266981431,0.9168496529236158,0.9316330782034173,0.024439288472631198,0.9847287326378203,0.9628735728292053
RipVIS-053_00282.jpg,0.9298246418638272,0.8747929087918296,0.933215508432418,0.9540089363854767,0.913309166225652,0.9455813534531199,0.030674846620941505,0.9863053385405964,0.9719572462144745
RipVIS-053_00288.jpg,0.9233830975023452,0.8635409445428726,0.9267743186127843,0.9616819076303275,0.8943121492401607,0.9474079993487059,0.02417342482467663,0.9848350694433758,0.9745417829763787
RipVIS-053_00294.jpg,0.9220866680403164,0.8615911002287867,0.9256502140807382,0.9501275268127767,0.9024024023933694,0.9401828846041533,0.028924327700293257,0.9842860243044875,0.9691669521593922
RipVIS-053_00300.jpg,0.9233426232018584,0.8639702049747068,0.9270214756318279,0.9476622107549982,0.9072607129261065,0.9392965913446282,0.04499685335981799,0.9844249131933762,0.9681859499488521
RipVIS-053_00306.jpg,0.9205008170955715,0.8582553903627228,0.9237216744413105,0.985395354083701,0.8693133089923083,0.959763331850671,0.04845393687464872,0.9843782552072652,0.9848328052017621
RipVIS-053_00312.jpg,0.9274653389203051,0.8705803009028279,0.9308130749400556,0.9823403017034968,0.884422009280855,0.9610596641360448,0.07146345432663788,0.9858409288183747,0.984278542140249
RipVIS-053_00318.jpg,0.9151945057456765,0.8487810159265285,0.9182061137740063,0.9728793673246819,0.8693508876188862,0.9502469361624292,0.04301244681849496,0.9833289930544886,0.9786601891127986
RipVIS-053_00324.jpg,0.9196306854746368,0.8576273086436514,0.9233577743534023,0.9393052642253102,0.907942755972071,0.9328606181066597,0.03753594671749115,0.9834635416655996,0.9640036483586489
RipVIS-053_00330.jpg,0.9086703469475461,0.8374903400228219,0.9115589037735241,0.9702969188820462,0.8595265004970999,0.9459161629607,0.04351099065891132,0.9817458767350459,0.9766359830060962
RipVIS-053_00336.jpg,0.9248137171944952,0.8666917788787392,0.9285858422747568,0.9417651573196034,0.9157703061630885,0.9364487921220841,0.055597522275933293,0.984639756943376,0.9657452702082832
RipVIS-053_00342.jpg,0.9110512484995672,0.8429670259738009,0.9147933892397099,0.9064675839486493,0.9232735555264796,0.9097796534751476,0.037822604562767335,0.9812369791656019,0.9485255227783983
RipVIS-053_00348.jpg,0.8810975001055312,0.7885763407919331,0.8817922084810457,0.933271537242313,0.8356951979832812,0.9119749737100238,0.029944602480918608,0.9759819878461632,0.9568942735243233
RipVIS-053_00354.jpg,0.8915615524996428,0.8084984859675391,0.8941102160060651,0.8784377462482424,0.9103520788792443,0.8846403367979986,0.029626321269967792,0.9770800781239398,0.9338645174509008
RipVIS-053_00360.jpg,0.9090762012506424,0.8384157128160263,0.9121067742961878,0.9251865061262102,0.8993917137577381,0.9199098545208084,0.044995016368361805,0.9816644965267126,0.9566621740391037
RipVIS-053_00366.jpg,0.8948484165440087,0.813240206490916,0.8970021771850558,0.9073064340143853,0.8869293424733037,0.9031564525478211,0.032867946475731824,0.9786458333322714,0.9470492073299841
RipVIS-053_00372.jpg,0.896629735638516,0.8158629207066366,0.8985952754507993,0.9287825615148094,0.8703085126157151,0.9164674884316407,0.03274668204951721,0.9794542100683816,0.9568714707309602
RipVIS-053_00378.jpg,0.9050842766735698,0.8306759355043073,0.9075073522234026,0.9210911873942589,0.894318350698589,0.9156091453314726,0.027011576386020926,0.9813671874989351,0.9545496171142711
RipVIS-053_00384.jpg,0.9047438088064692,0.8302291002207831,0.907240629187495,0.913023365883719,0.9015306826897789,0.910701447533613,0.05151470802699916,0.981168619790602,0.9509182073353332
RipVIS-053_00390.jpg,0.9045388250598339,0.8298503371981065,0.9070144375509807,0.9076407549658202,0.9063889839109392,0.9073901242390253,0.05903527716932537,0.9811382378461576,0.9485341700403276
RipVIS-053_00396.jpg,0.8767527849107843,0.7816301928710903,0.8774325850545854,0.8484162212675422,0.9085039879186408,0.8597893852104516,0.024627800191369443,0.9744476996517204,0.91904604901923
RipVIS-053_00402.jpg,0.8812110197464625,0.7892535241576308,0.8822154194489641,0.8388424809023421,0.9303181727626162,0.8556696208864286,0.030970982138536413,0.9756184895822747,0.9155839470483007
RipVIS-053_00408.jpg,0.8684294616135791,0.7667633335121042,0.8679864687794654,0.8224298133591639,0.9188861041390267,0.8400663148611686,0.03637106660722367,0.9727723524295,0.9067816694539099
RipVIS-053_00414.jpg,0.8760459606248385,0.7792165060118916,0.8759097089971394,0.838406031000152,0.9169257399141708,0.8530153974586884,0.04031587696864562,0.9752452256933862,0.9147848184630291
RipVIS-053_00420.jpg,0.8303730915620362,0.6991433995397589,0.8229363098242719,0.7780308339092912,0.8733428961331544,0.7953918118797277,0.019420248462170463,0.9647482638878421,0.8823761506266306
RipVIS-053_00426.jpg,0.8437069672157353,0.7219733074520137,0.8385418105235443,0.8157176328882041,0.8626800186314301,0.8246965630399113,0.023041474651254883,0.9682866753461715,0.9005684396684355
RipVIS-053_00432.jpg,0.8054296853763829,0.6548296896424468,0.7914164143186644,0.7626202375112836,0.8224725873284829,0.7738835302996593,0.010099685203292276,0.9594151475684034,0.8720675217035563
RipVIS-053_00438.jpg,0.8429936195656571,0.7206197854520084,0.8376281518379738,0.7859869166766925,0.8965324981802849,0.805859985626209,0.023676509706879952,0.9682074652767272,0.8877102602644606
RipVIS-053_00444.jpg,0.8422422929788989,0.7194258264119903,0.8368210077584459,0.7878157812580537,0.8923272573019132,0.8067125982575519,0.021935655407878802,0.9679318576378386,0.88836882519428
RipVIS-053_00450.jpg,0.8592635752963571,0.7479400256726089,0.8557959823419008,0.8298893899527733,0.883372141609847,0.8400615017044694,0.01794158553297057,0.9729481336794998,0.9090783329491202
RipVIS-053_00456.jpg,0.8381229502680502,0.7105808614172883,0.8308065142603572,0.7947600190698617,0.8702781489023409,0.808796637031485,0.027867698799737127,0.9683344184017271,0.8909574714771911
RipVIS-053_00462.jpg,0.8087951924945268,0.65926565045864,0.79464749996652,0.7316678724865764,0.8694904539022698,0.7556225579177307,0.025554906538324342,0.9614344618045123,0.8595979222651272
RipVIS-053_00468.jpg,0.7879930495918056,0.6214989525892088,0.7665733629945299,0.6818317231914518,0.8753688121397202,0.7133760797933921,0.018414244404441598,0.9576519097211831,0.8354036167267601
RipVIS-053_00474.jpg,0.8080714349678303,0.6559189732234405,0.7922114352571457,0.7114301986735074,0.8936875705003483,0.7416817008837836,0.007397342994052333,0.963027343748955,0.8510619507075925
RipVIS-053_00480.jpg,0.7988444734359423,0.63973945272446,0.7802940298368988,0.6928353493530734,0.8930229963477343,0.7253557342250193,0.011924528300086864,0.9608713107628463,0.8417919869433284
RipVIS-053_00486.jpg,0.7964239734130341,0.634317948711443,0.7762479133409295,0.7155037773093063,0.848262903059317,0.7386237421086952,0.023071046596933376,0.9613129340267347,0.8511286306792718
RipVIS-053_00492.jpg,0.8180866700128264,0.6743475264367967,0.8055048498466569,0.7341938711070903,0.8921586764510261,0.7611474877567034,0.027539236004213912,0.9646223958322866,0.8621785490681755
RipVIS-053_00498.jpg,0.8255164781542821,0.6870935620154539,0.8145292916590005,0.7520045373077257,0.8883940301528143,0.7758260670032124,0.030857817801438384,0.9665852864572845,0.870895129961537
RipVIS-053_00504.jpg,0.8524171821075067,0.7344044870298215,0.8468664518822754,0.7902504878069809,0.9122207380514887,0.8119635205639766,0.05666866027860815,0.9726649305545001,0.8911040165256738
RipVIS-053_00510.jpg,0.8408473770862012,0.7151289220183074,0.8339069009188733,0.7760281867724829,0.9011149975262825,0.7981880208042056,0.03211781205720648,0.9691547309017262,0.8832945878639857
RipVIS-053_00516.jpg,0.8393271507238618,0.7113455426303009,0.831328945453036,0.7791157827807927,0.8910430147849125,0.7991937228556075,0.020952647014813152,0.9697460937489477,0.8845171490892034
RipVIS-053_00522.jpg,0.8343525585879867,0.7038142653056192,0.826163132493052,0.7656381486593415,0.8970787141678308,0.7887518366457791,0.023985745610747566,0.9675944010406168,0.8779078053131368
RipVIS-053_00528.jpg,0.824686216337079,0.6874469070904371,0.8147775247942589,0.7439047320511449,0.900576660416554,0.7707209586230184,0.030492898909705805,0.9648676215267308,0.867192536996191
RipVIS-053_00534.jpg,0.8266684516889907,0.6913396067564519,0.8175053714756445,0.7540785246301782,0.8925819833947479,0.7782303902993558,0.019376116528875068,0.964978298610064,0.8717712092415801
RipVIS-053_00540.jpg,0.829495301835921,0.6966653693846485,0.8212171733514159,0.7655710515530311,0.8855867269878059,0.7868993423295728,0.027383794407051847,0.9653255208322858,0.8770439604030906
RipVIS-053_00546.jpg,0.8320995212228555,0.7010286589091334,0.8242408559520704,0.7641941439623209,0.8945286267122368,0.7871314467936059,0.03946604758568397,0.9660980902767294,0.8768665676892224
RipVIS-053_00552.jpg,0.8405693236718409,0.7137441929861277,0.8329646815519861,0.8084165577654423,0.8590503347277579,0.8180601074832117,0.05424492861694291,0.9698459201378365,0.8974077266550384
RipVIS-053_00558.jpg,0.8435624602735027,0.7195811794741428,0.8369260934737546,0.7948464826088999,0.883710198419989,0.8111601347220727,0.04832935560138285,0.9700390624989474,0.8918229520396659
RipVIS-053_00564.jpg,0.8148789687848268,0.6707207590255936,0.8029118635202387,0.7350504359997614,0.8845779949039762,0.7607702993560116,0.02952981650952841,0.9621918402767338,0.8619127764508512
RipVIS-059_00000.jpg,0.7667411832593582,0.6104433242821418,0.7581059390019181,0.6269231255412125,0.9587159510414415,0.6735431453880192,0.03114773966414401,0.9313216145823228,0.8106641868408804
RipVIS-059_00006.jpg,0.7929955738565347,0.6518545721588557,0.7892396620689537,0.6827107344281713,0.9351603660140941,0.7216744130310111,0.05051495830670488,0.9413671874989785,0.8368202212871245
RipVIS-059_00012.jpg,0.8113486920564794,0.6844461491019017,0.8126661092333866,0.7323201743714356,0.9128148794073658,0.7624735930784446,0.02533103050946102,0.9455447048600851,0.8594346073388788
RipVIS-059_00018.jpg,0.7953756387151916,0.658530253483626,0.7941130432808562,0.7074960487647756,0.9048973975597533,0.7397719697811355,0.02386468952457545,0.9400564236100911,0.8464868073351062
RipVIS-059_00024.jpg,0.8446293295193663,0.7437556504893031,0.8530503115853452,0.8276542300607079,0.8800542570014609,0.837629020343788,0.027378289120338947,0.9529459635406327,0.9026805851059478
RipVIS-059_00030.jpg,0.8292880425445457,0.7228757099130467,0.8391501554683015,0.8678830872461522,0.8122587731359199,0.8561569855057466,0.010927255696646139,0.9449359809017525,0.9140501414723392
RipVIS-059_00036.jpg,0.8131753099254313,0.6953120231669211,0.8202761658801264,0.8204507064331047,0.8201016995685941,0.8203808813035594,0.0051601806057664824,0.9404155815962018,0.8923489332601985
RipVIS-059_00042.jpg,0.8514443085148751,0.7622133650770629,0.8650636525432671,0.9449588972466937,0.7976253026558388,0.9112929477714007,0.010100056634878228,0.9501540798600802,0.948085080071292
RipVIS-059_00048.jpg,0.8774184739773889,0.8024009423009977,0.8903689778109295,0.9651995574672135,0.8263065777476,0.9338070344109282,0.020463975856236893,0.9601356336795137,0.9621573727348042
RipVIS-059_00054.jpg,0.8688457186251257,0.7884380564015189,0.8817057471790996,0.949712960197042,0.8227874392292509,0.9212888351406324,0.016081171626679318,0.9573242187489612,0.9542840840839975
RipVIS-059_00060.jpg,0.8864604885603998,0.8153054294152117,0.8982570273894424,0.9099360399865318,0.8868740154541593,0.9052281797718078,0.025288247260411952,0.9642957899295093,0.942810045061887
RipVIS-059_00066.jpg,0.8038423544529059,0.6763665491415319,0.8069435046743202,0.7661348539285521,0.852344147178017,0.7819527831140757,0.010396975424238923,0.9399392361100912,0.8700646901600594
RipVIS-059_00072.jpg,0.7963974975148054,0.6664826125134294,0.7998674663736506,0.7472709354579568,0.8604285776570765,0.7674570693767176,0.010718851410097468,0.9357703993045402,0.8610664257738891
RipVIS-059_00078.jpg,0.69895796191821,0.49857590514458827,0.6653996016257632,0.5266136173760912,0.9035160501179541,0.5745482701676728,0.011875258156559763,0.9084982638879031,0.7574343859883916
RipVIS-059_00084.jpg,0.7454949710641617,0.5721846161610626,0.7278847665590503,0.6237097732474077,0.8738372486872276,0.6615841906316917,0.01405642508084374,0.9267588975684389,0.8034659661253739
RipVIS-059_00090.jpg,0.705657082942619,0.5047644239518282,0.6708883010753411,0.5420538624860199,0.880059295038102,0.5871557885544658,0.0082114735648806,0.914676649304563,0.763968376840518
RipVIS-059_00096.jpg,0.41954101562454477,0.0,0.0,0.0,0.0,0.0,0.0,0.8390820312490895,0.4999999999993534
RipVIS-059_00102.jpg,0.42002766927037755,0.0,0.0,0.0,0.0,0.0,0.0,0.8400553385407551,0.4999999999993542
RipVIS-059_00108.jpg,0.571231914638836,0.2915982844247598,0.4515309255843882,0.30433988226589503,0.8744504232417736,0.3499739996428234,0.01017197986470512,0.8594911024296229,0.6470437248867407
RipVIS-059_00114.jpg,0.4054600694440045,0.0,0.0,0.0,0.0,0.0,0.0,0.810920138888009,0.499999999999331
RipVIS-059_00120.jpg,0.6777706774271628,0.48028979223247764,0.6489131989596922,0.5698485428496324,0.7534522849083863,0.599043944352078,0.006294789850252296,0.8881467013879252,0.764264138660642
RipVIS-059_00126.jpg,0.6864010344678132,0.49854441718026565,0.6653715585132287,0.5899917615779164,0.762834455628666,0.6179968523551818,0.002651998821073372,0.8882302517351474,0.7737137811737342
RipVIS-059_00132.jpg,0.7005298459706885,0.5261551568348578,0.6895172544920897,0.6227361119540893,0.7723418582546185,0.6478337148798532,0.0024215420377352243,0.8901616753462563,0.7890148877933001
RipVIS-059_00138.jpg,0.6499469155576288,0.4524613455160254,0.6230270387750341,0.5285421575631157,0.7586465501973513,0.5626750486428004,0.014032998808127828,0.8645138888879508,0.7416754676682599
RipVIS-059_00144.jpg,0.38856553819402284,0.0,0.0,0.0,0.0,0.0,0.0,0.7771310763880457,0.4999999999993019
RipVIS-059_00150.jpg,0.6761353394350595,0.5011410849063259,0.6676801933478466,0.5625249250462725,0.8211886057079567,0.6003450972851879,0.004064214590117434,0.870496961804611,0.7628373127965012
RipVIS-059_00156.jpg,0.659169726324347,0.46664432962215135,0.6363428681340513,0.5161906991235751,0.8293997805921534,0.5583619245361051,0.0018113891088179113,0.8687282986101684,0.7429029817511787
RipVIS-059_00162.jpg,0.5271769417632006,0.23789834706693708,0.3843584533909603,0.25431824662762087,0.7865377346480639,0.29412249705535926,0.0020983912331431114,0.8264019097213255,0.6178144242960026
RipVIS-059_00168.jpg,0.4904454813537745,0.19027366863821554,0.3197141525543557,0.20783280274586752,0.6925073708387945,0.24165950936711578,0.0008915635795284114,0.8004361979157981,0.5904715107109512
RipVIS-059_00174.jpg,0.5104435730089357,0.23853318897078082,0.38518659184095266,0.26609878899891837,0.6972110609264397,0.3036505378397827,0.004441074522915828,0.7962456597213582,0.6148163952396253
RipVIS-059_00180.jpg,0.5140703898787199,0.23476573850813306,0.38025956047627524,0.25351163777869984,0.7604717477262469,0.29251155925944067,0.016893477238750176,0.8056922743046813,0.6144815981569715
RipVIS-059_00186.jpg,0.5269118838306117,0.2620749458025722,0.41530805547512845,0.29071088310603377,0.7268188220660443,0.33035499576828303,0.006616257088065187,0.806090494790792,0.6283956246941796
RipVIS-059_00192.jpg,0.5217594843412672,0.27057854238057044,0.425913917723829,0.29061195992672956,0.7969588351760252,0.33291544912941823,0.00442168955033492,0.7905794270824755,0.6317997511031506
RipVIS-059_00198.jpg,0.5325442913764216,0.2928561948849321,0.45303753974121946,0.32250586639903495,0.7610776320380824,0.36451646355844863,0.004579982126387401,0.7918652343741408,0.6427880548220669
RipVIS-059_00204.jpg,0.5239428763217278,0.28388260582979974,0.4422251762595079,0.31655464816427553,0.7333686795333058,0.3571525641165023,0.0011898323416776816,0.7841927083324824,0.6369661338665075
RipVIS-059_00210.jpg,0.5728198722894093,0.33708930640108065,0.504213600074916,0.3852387952788211,0.7295114878364533,0.42538889056537804,0.0007990867578996476,0.8255349392352154,0.6712517859054747
RipVIS-059_00216.jpg,0.6256228832863815,0.42128198211109424,0.5928197042016182,0.49576807177186283,0.7371180434476508,0.5305082761590595,0.003457744329964635,0.8486924913185235,0.722633180402858
RipVIS-059_00222.jpg,0.7063670898431814,0.5488114257416845,0.7086872121683546,0.6534394440140322,0.7741401236165135,0.6744716003549633,0.0038345942580749717,0.8832476128462639,0.8002503733526676
RipVIS-059_00228.jpg,0.7848217898920578,0.6715276016541063,0.803489695281822,0.8031403713605252,0.8038393232064327,0.8032800644767885,0.020863103741939306,0.9156792534712287,0.8747882091643536
RipVIS-059_00234.jpg,0.7763388035510843,0.6629063321368784,0.797286436795302,0.8490094785950729,0.7515036114102753,0.8275353173267097,0.004393505252684479,0.909408637151791,0.8872287624932834
RipVIS-059_00240.jpg,0.8091318561726154,0.7126545487128068,0.8322221772609335,0.9331404658660186,0.7510019975481624,0.8899719704289553,0.004342900301704786,0.9235145399295535,0.9270994517836757
RipVIS-059_00246.jpg,0.8172131598688278,0.7213539447415278,0.8381239046683611,0.9197820287789386,0.7697827006198885,0.8852809800757396,0.00455235204809789,0.929040798610103,0.9255667278087384
RipVIS-059_00252.jpg,0.8394348467074482,0.7527618166582785,0.8589436505337088,0.915433541012702,0.8090203426085527,0.891968802698145,0.0023116528315318217,0.9396788194434248,0.9305986878022081
RipVIS-059_00258.jpg,0.8503254495456337,0.7705587729563449,0.8704130975214387,0.9450544709257628,0.806699168124598,0.9137126773253965,0.010913626441023425,0.9433843315961986,0.9440090741429983
RipVIS-059_00264.jpg,0.849031795362282,0.7694826599088779,0.8697261378628073,0.9347914284611241,0.8131290446733407,0.9076310275110707,0.0036416605968534323,0.9423296440961997,0.9395380355186684
RipVIS-066_00000.jpg,0.652426321994859,0.42065113829843637,0.5921948421514165,0.7775975342597872,0.47818186999987045,0.6910559896530561,0.004032860342937586,0.8931825536232281,0.841792886339507
RipVIS-066_00005.jpg,0.6069867383498836,0.3569541142327391,0.5261108102164106,0.7791193181722778,0.39714373099890055,0.6534254875581527,0.0031518624637318247,0.8675330528836128,0.8279331736641485
RipVIS-066_00010.jpg,0.5920192376581529,0.3306936069579565,0.4970244167835772,0.7857795698819117,0.3634611558716088,0.6376077548598751,0.00502152080272288,0.8632535133126118,0.8281606224884532
RipVIS-066_00015.jpg,0.6058903635926816,0.34015643307045723,0.5076369066723331,0.8029451337897602,0.37113893610589754,0.6513750563945337,0.010419859023840046,0.8795927329871491,0.8444797438379241
RipVIS-066_00020.jpg,0.5934914183357898,0.3308674526762143,0.4972207442760429,0.8556222179086865,0.35043230125513436,0.6641359865030392,0.0053372868783784595,0.8656723835049167,0.8610702251898033
RipVIS-066_00025.jpg,0.6954112073874565,0.4379898636528234,0.6091696120030066,0.4413038162165552,0.9831437269353263,0.4959729178320039,0.019164955505552143,0.9545049001468259,0.7203214068641859
RipVIS-066_00030.jpg,0.5835745572773272,0.3262082274392527,0.49194119096836136,0.9011959039066992,0.3383075871478425,0.6761840434205723,0.0027042413887412124,0.8523137019220919,0.8746485451398591
RipVIS-066_00035.jpg,0.6088342434723337,0.35640637808797926,0.5255156328450441,0.8992731351196739,0.37122601516285797,0.7001022891448764,0.004938641124672457,0.871160780324437,0.8840056402392971
RipVIS-066_00040.jpg,0.7076554294369425,0.49635483720473134,0.6634186288754182,0.8866337868043747,0.5299904765804315,0.7814610130335081,0.008319738987223534,0.9249503051024813,0.9075356910785599
RipVIS-066_00045.jpg,0.5916616420801849,0.3417470884439919,0.5094061189136798,0.9155713967348579,0.3528673152337538,0.6941761408620198,0.00459866220671702,0.8536161704871792,0.8817896759031411
RipVIS-066_00050.jpg,0.6563491974770208,0.4208977729118847,0.5924392041931734,0.878205306667063,0.44698971891444955,0.7361676107256301,0.004952076676525227,0.899689117972333,0.8899197221694058
RipVIS-066_00055.jpg,0.6405819643882696,0.4001973799979872,0.5716299511981126,0.8736072232165102,0.4247929913965504,0.721208853202591,0.006061572817664448,0.8897247133865457,0.8824071168903516
RipVIS-066_00060.jpg,0.6375766453431964,0.3990119980312846,0.5704196941738622,0.8784437377965632,0.42233056481335096,0.7224054691328453,0.008981058130473374,0.8855526534753079,0.8823347663692367
RipVIS-066_00065.jpg,0.6126113061555782,0.37065993430316985,0.5408488641518653,0.8864622016661068,0.38913366886651846,0.7060023123204487,0.0018510607999642516,0.8660375832090583,0.8752521444903569
RipVIS-066_00070.jpg,0.6056691279696567,0.36580677167118414,0.5356640181591538,0.8747034400840908,0.38603494535487404,0.6979908654187472,0.0028312570777418943,0.85816845414102,0.8655829223588264
RipVIS-066_00075.jpg,0.5442332380273294,0.3059082731982863,0.4684988669978934,0.9549837199203037,0.31038400643028086,0.6747302719572001,0.0019476567252650447,0.8015740569517363,0.870546556782468
RipVIS-066_00080.jpg,0.5587791369683188,0.3285869600479968,0.49464125409770127,0.9769859841148171,0.3311501414563969,0.7028391933636459,0.012344123943526372,0.8087254992594204,0.8839406935398255
RipVIS-066_00085.jpg,0.49308164728532944,0.26578780283954623,0.4199563342975869,0.9667331112992351,0.26824119009868624,0.635676596724152,0.0072479215511353735,0.7460787259606763,0.8448133389432815
RipVIS-066_00090.jpg,0.5332460773709078,0.30800431277804585,0.4709530538532878,0.9704539939571029,0.31091992107125727,0.6813804472872481,0.0038586009454993028,0.7819295488156643,0.8657161736834204
RipVIS-066_00095.jpg,0.5165418367757166,0.2897647586637636,0.4493296265343285,0.9556119952355057,0.2937180630295898,0.6587246645904172,0.0010932546188812447,0.767650933800888,0.8512821588907935
RipVIS-066_00100.jpg,0.5326216315740506,0.3027888893451076,0.4648318569823159,0.9427589420838547,0.3084597028113551,0.6680222440171322,0.00313443231911604,0.7846685465967262,0.8550095948466825
RipVIS-066_00105.jpg,0.5748194395861774,0.3460749461652159,0.5141986293573568,0.9485576587163448,0.3526944552640233,0.7089941841646393,0.0008611145281263237,0.822062222632186,0.8783388618450991
RipVIS-066_00110.jpg,0.5652335005231848,0.29810548140314574,0.45929315556224004,0.859799671088955,0.3133366385704297,0.6374540851726974,0.0034922766952998957,0.8435038369073092,0.8509691124637513
RipVIS-066_00115.jpg,0.5917980640688542,0.3231647537044287,0.4884724336854848,0.9913080153119889,0.324083066554416,0.7021780130826263,0.004978038066621077,0.869151026256392,0.9261212187583105
RipVIS-066_00120.jpg,0.5893945360443915,0.24522126386342916,0.3938597436131223,0.26637815468516673,0.7553507974235455,0.30599503203733336,0.004087989097899944,0.9349713387563159,0.6294729001403717
RipVIS-066_00125.jpg,0.4598707932686993,0.0,0.0,0.0,0.0,0.0,0.0,0.9197415865373986,0.4999999999993717
RipVIS-066_00130.jpg,0.6663317632739051,0.40423085070560355,0.5757327586165536,0.6443318861449697,0.5203350214190322,0.615019799244866,0.0067391637300139124,0.9317469489634203,0.7991678980209003
RipVIS-066_00135.jpg,0.4762162545979531,0.031176051318158576,0.060466980935614326,0.03493777657020404,0.22453798765661828,0.042036997170623695,0.0023364485975242866,0.9214554826172783,0.5127640421621678
RipVIS-066_00140.jpg,0.6479759584856389,0.3945484207157403,0.5658439891434414,0.8368952258757306,0.4274142741392444,0.7023240055821307,0.0070189378880917835,0.9073560003687738,0.8748646719513217
RipVIS-066_00145.jpg,0.4597581129802379,0.0,0.0,0.0,0.0,0.0,0.0,0.9195162259604758,0.49516189058367843
RipVIS-066_00150.jpg,0.4518219535867559,0.0,0.0,0.0,0.0,0.0,0.0,0.9036439071735118,0.4999999999993605
RipVIS-066_00155.jpg,0.46088087093142,0.0,0.0,0.0,0.0,0.0,0.0,0.92176174186284,0.4999999999993731
RipVIS-066_00160.jpg,0.4391237518486049,0.0,0.0,0.0,0.0,0.0,0.0,0.8782475036972098,0.499999999999342
RipVIS-066_00165.jpg,0.4446641549551074,0.0,0.0,0.0,0.0,0.0,0.0,0.8893283099102148,0.49999999999935024
RipVIS-066_00170.jpg,0.4426237749625062,0.0,0.0,0.0,0.0,0.0,0.0,0.8852475499250124,0.49999999999934724
RipVIS-066_00175.jpg,0.4666847725586322,0.0,0.0,0.0,0.0,0.0,0.0,0.9333695451172644,0.4999999999993809
RipVIS-066_00180.jpg,0.45387735761781867,0.0,0.0,0.0,0.0,0.0,0.0,0.9077547152356373,0.49999999999936345
RipVIS-066_00185.jpg,0.4666824611680997,0.0,0.0,0.0,0.0,0.0,0.0,0.9333649223361994,0.4999999999993809
RipVIS-066_00190.jpg,0.4449605907909059,0.0,0.0,0.0,0.0,0.0,0.0,0.8899211815818118,0.4999999999993507
RipVIS-066_00195.jpg,0.46095194619029567,0.0,0.0,0.0,0.0,0.0,0.0,0.9219038923805913,0.4999999999993732
RipVIS-066_00200.jpg,0.44372168546546353,0.0,0.0,0.0,0.0,0.0,0.0,0.8874433709309271,0.49999999999934885
RipVIS-066_00205.jpg,0.4858571292856039,0.07823568588590854,0.14511796801017196,0.1141691700519207,0.19908584340705426,0.12481687193109554,0.0030372057701144256,0.8944330159013332,0.5375265870018506
RipVIS-066_00210.jpg,0.4952284544583626,0.2446237058781635,0.39308861742363405,0.9141614803162625,0.2503747726623303,0.5973996027322146,0.009260484189805466,0.7651627218926068,0.8329019972924471
RipVIS-066_00215.jpg,0.4664886371361324,0.21837139917972442,0.3584644211555594,0.9305478693832385,0.22198945239953727,0.5679713138797728,0.011563802607023827,0.7356809356500373,0.8247158978000263
RipVIS-066_00220.jpg,0.45368788464117443,0.20764703753710637,0.3438869654507411,0.8883415897195405,0.2132118235578994,0.5438954154653726,0.011172498463944445,0.7216334596885151,0.7975301745809151
RipVIS-066_00225.jpg,0.4864255240288743,0.25134193074872485,0.4017158293390481,0.9294463498168389,0.2562306051193608,0.6092826601134514,0.013426736717638442,0.7453205898660026,0.8280563852057751
RipVIS-066_00230.jpg,0.4939455944548426,0.2552494614351096,0.4066912104360298,0.9222408451302474,0.2608636313018369,0.6119439955649394,0.004554716528280628,0.7550839034754587,0.8302935183633839
RipVIS-066_00235.jpg,0.4974107281858746,0.2597871424428517,0.41243021728114926,0.9165598037758923,0.26607994795335377,0.6155805366209337,0.002539360080937105,0.7575778938600712,0.8289349297296924
RipVIS-066_00240.jpg,0.6331331522341466,0.4297634408582693,0.601167198120953,0.9773586071169821,0.43408513051073694,0.7816946874670602,0.021556178942631597,0.854439025516764,0.9081280620799659
RipVIS-066_00245.jpg,0.554704103034921,0.30807279800783327,0.4710331083667843,0.9426629487499979,0.31395582463660937,0.6730870474990763,0.01092896174706227,0.8174798909014221,0.87416648093841
RipVIS-066_00250.jpg,0.5281904758423234,0.2532650017055477,0.40416831453983565,0.74812840132672,0.2768729808189339,0.558132872782431,0.002971400272010474,0.815440088756454,0.7848573577782765
RipVIS-066_00255.jpg,0.5432668085403405,0.26288360725464854,0.41632278025387426,0.7280897598053485,0.29150203254180945,0.5602657760775268,0.003147623543728734,0.8340849204872017,0.7857754345596795
RipVIS-066_00260.jpg,0.5021140148548411,0.20986995227894992,0.3469297702346143,0.7467548697657715,0.22595152743421135,0.5111304748500768,0.012563199017532832,0.8050087832830933,0.7780525302234316
RipVIS-066_00265.jpg,0.5705947012361359,0.3221739620923484,0.48733974700652266,0.9490168928143311,0.32784830713438706,0.6882237404957283,0.020876466525038564,0.8333510539931197,0.8859174192460284
RipVIS-066_00270.jpg,0.6588799114021462,0.45282439410108255,0.623371132725593,0.9945239619421699,0.4539562601407171,0.8032283143220669,0.004963971176146682,0.8785144693037185,0.9299960233048836
RipVIS-066_00275.jpg,0.5510823366795798,0.26370779003530753,0.4173556452127903,0.656170708364098,0.3059898358982427,0.5339565929676816,0.004111600586767753,0.847292205990145,0.7604209447392372
RipVIS-066_00280.jpg,0.45940331453349276,0.0,0.0,0.0,0.0,0.0,0.0,0.9188066290669855,0.49999999999937106
RipVIS-066_00285.jpg,0.45239113350539434,0.0,0.0,0.0,0.0,0.0,0.0,0.9047822670107887,0.49999999999936134
RipVIS-066_00290.jpg,0.45641064164148437,0.0,0.0,0.0,0.0,0.0,0.0,0.9128212832829687,0.49999999999936695
RipVIS-066_00295.jpg,0.4887375254666793,0.07110192392000483,0.13276406723234507,0.08505788412006386,0.3023324330811523,0.09933561142141725,0.007559395246339256,0.9070393398658156,0.5335693585589699
RipVIS-066_00300.jpg,0.6009381395712101,0.3471691569265051,0.5154054413160009,0.8877016821019611,0.3631166916286562,0.6887096058238636,0.0036242826935028263,0.8651280510345031,0.8754227675046076
RipVIS-066_00305.jpg,0.5790784108061464,0.3389213703144129,0.5062603044939458,0.9890299452711648,0.34020025959419525,0.7159413729591358,0.011322463766406632,0.8345668454132367,0.9045541849504111
RipVIS-066_00310.jpg,0.5826049834543334,0.3393671641774836,0.5067574795831161,0.9999999999859265,0.3393671641774836,0.7197702569920684,0.0,0.8401442307682598,0.9129214013585549
RipVIS-066_00315.jpg,0.5731038798988184,0.32131163444824856,0.48635253950885166,0.9947140797544043,0.32186119735707514,0.7014407915776276,0.002199874292551874,0.8383008968185578,0.9099868778108976
RipVIS-066_00320.jpg,0.5894325583516502,0.3579701824395448,0.5272136120050357,0.9279605962423761,0.36820250364219637,0.7115994616107837,0.0009168704155078131,0.8371567585049496,0.8776346079111063
RipVIS-066_00325.jpg,0.5954341291198987,0.3579290822824282,0.5271690354857346,0.9818462726790821,0.3603135966824036,0.7299997227272548,0.007061914927399915,0.8471720136824529,0.9081110851974652
RipVIS-066_00330.jpg,0.6288186855891262,0.4218507228726262,0.5933825767874464,0.9314379420222394,0.43536979911013385,0.7585718686706475,0.003418316478647156,0.8533572947475345,0.8873308141036869
RipVIS-066_00335.jpg,0.6253260392505182,0.4181104877404491,0.5896726543594594,0.9349490437435493,0.4306381282909383,0.7575248736955881,0.0010034403668286352,0.8505269970404372,0.8872597104318515
RipVIS-066_00340.jpg,0.5956103484633046,0.3579309405417444,0.5271710509798804,0.9700969081551837,0.3619241099080055,0.7260783067613495,0.007801072646221181,0.8474655602800857,0.9028903283289009
RipVIS-066_00345.jpg,0.5539546706381319,0.2913900609118683,0.4512812506952605,0.9438993671428187,0.29652551521193954,0.6570189166899364,0.005100463677727904,0.8293916420108758,0.8820483518056685
RipVIS-066_00350.jpg,0.5948340282388345,0.36013995987392133,0.5295630898268803,0.9784683742010765,0.36301688238700097,0.7307041590545621,0.003287998803872665,0.8444526627209176,0.9048758184071355
RipVIS-066_00355.jpg,0.641031668091791,0.4310289776027478,0.6024042620364058,0.9826858249881547,0.43432743472127544,0.7845737308852642,0.008575103614609817,0.8661404400877564,0.917707848078955
RipVIS-066_00360.jpg,0.5948427169734923,0.3586721712814619,0.5279745605493226,0.9376411826597857,0.36743696548965804,0.7155553682694316,0.0041482300879219815,0.8456048909013896,0.8869553577996583
RipVIS-066_00365.jpg,0.5691923701283553,0.30947514325304976,0.47267051207133176,0.9492144177302955,0.3146856360797722,0.6764265516878007,0.0063213074304160795,0.8410942122771344,0.8907693109187034
RipVIS-066_00370.jpg,0.653815208519247,0.4450787401551747,0.6159923716092889,0.9804968788047007,0.44905425675688176,0.7928369866325606,0.007498897219894295,0.8761996116853779,0.9224720661350547
RipVIS-066_00375.jpg,0.6110714450726891,0.3802407411069904,0.55097741978262,0.9295790049094275,0.39151860645806114,0.7291626956594668,0.014918759229701808,0.85588133320907,0.8888566821214667
RipVIS-066_00380.jpg,0.5798703855233432,0.3336350244064855,0.5003393256786501,0.975191725871031,0.33649098103791364,0.7068531154697428,0.014506031452968998,0.8400332840226978,0.9015656318262895
RipVIS-066_00385.jpg,0.6058422321615526,0.37428264688476337,0.5446952964634906,0.9760250438907636,0.3777556689435482,0.7412382771124392,0.019596020497498336,0.8518144415670629,0.9077161439192273
RipVIS-066_00390.jpg,0.5643910375135269,0.31002045962644514,0.4733062867046337,0.9317193845316635,0.3172277806162894,0.671551338526518,0.0015812776721092223,0.832409162351109,0.8776982836743575
RipVIS-066_00395.jpg,0.5833253083229929,0.33687155756705406,0.5039699672870891,0.9824391217994204,0.33891231920621784,0.7120362118201237,0.020444301348930407,0.8433270155315697,0.9067513706381024
RipVIS-066_00400.jpg,0.5714195940081268,0.3193557103962663,0.48410858099874876,0.9605097020309638,0.32360462557600367,0.6892134789336988,0.016914321843674623,0.8369845599102753,0.8934033974948339
RipVIS-066_00405.jpg,0.5680678064734856,0.3120601985130339,0.4756796965058367,0.9429216001276498,0.3180685497693716,0.6769462681574417,0.0120338983030451,0.837077015531577,0.8854986025389127
RipVIS-066_00410.jpg,0.7609806928075546,0.5640167258231659,0.7212412968618546,0.6019306216466649,0.8995426429814933,0.6445824009239876,0.007489786652862054,0.9601146449693045,0.7978140304017247
RipVIS-066_00415.jpg,0.7174019159340344,0.5185295204384883,0.6829363716139789,0.965374446949318,0.5283560713402997,0.8283449074074074,0.014060930697345006,0.923199426774081,0.9423108823781461
RipVIS-066_00420.jpg,0.7529981374941005,0.5736862586220215,0.729098644000822,0.9391559842827537,0.595831374387814,0.8421094352907713,0.01439645625426422,0.9379611224101586,0.9385002638890398
RipVIS-066_00425.jpg,0.7708972867204569,0.5897020862364087,0.7419026386667427,0.7173135327029738,0.7682373857688681,0.7269509558177204,0.01582827406421763,0.9551786704870617,0.8479809170316923
RipVIS-066_00430.jpg,0.455602810650361,0.0,0.0,0.0,0.0,0.0,0.0,0.911205621300722,0.49999999999936584
RipVIS-066_00435.jpg,0.44983011279533813,0.0,0.0,0.0,0.0,0.0,0.0,0.8996602255906763,0.4999999999993577
RipVIS-066_00440.jpg,0.637467743374281,0.34567572662269014,0.5137578389561204,0.36022418674108486,0.8953869132850178,0.40913076119426495,0.006196746706378325,0.9318082008125326,0.6777737155954072
RipVIS-066_00445.jpg,0.44965155787669925,0.0,0.0,0.0,0.0,0.0,0.0,0.8993031157533985,0.49999999999935746
RipVIS-066_00450.jpg,0.7651554702760217,0.5787499061992438,0.7331749049379876,0.6059459944714379,0.9280312145325031,0.6511435504334444,0.007090719497999849,0.9545834874249323,0.8002758066421988
RipVIS-066_00455.jpg,0.5700139338115057,0.21032165908091313,0.3475467162020813,0.21381415298275164,0.9279337106303359,0.25271033502951096,0.002867794665079497,0.9309980584308767,0.6061263273002582
RipVIS-066_00460.jpg,0.799611838114652,0.639294031124143,0.7799626168171285,0.6887544415551624,0.8990144309725794,0.7225523062082375,0.015069551774522884,0.9625866771438579,0.8402562503123804
RipVIS-066_00465.jpg,0.6850277529103967,0.4842891557884637,0.6525536535786469,0.9886078188455852,0.487006988860304,0.8197457124920059,0.0014916467778204583,0.8968333949693778,0.9377352373785592
RipVIS-066_00470.jpg,0.6670110529300862,0.4640098398350978,0.6338889633246764,0.99669749008112,0.4647243417150404,0.8110211850349995,0.009856630822900742,0.8831603642741273,0.9335171378227257
RipVIS-066_00475.jpg,0.7411347947749936,0.5689669524645162,0.7252758913382963,0.990822721280684,0.5719812547437849,0.8642507265717098,0.009467040671552062,0.922205528845088,0.952547237029963
RipVIS-066_00480.jpg,0.4519271218559866,0.0,0.0,0.0,0.0,0.0,0.0,0.9038542437119732,0.4999999999993607
RipVIS-066_00485.jpg,0.45991933246988265,0.0,0.0,0.0,0.0,0.0,0.0,0.9198386649397653,0.4999999999993718
RipVIS-066_00490.jpg,0.44812083949652354,0.0,0.0,0.0,0.0,0.0,0.0,0.8962416789930471,0.49999999999935524
RipVIS-066_00495.jpg,0.4542257997405993,0.0,0.0,0.0,0.0,0.0,0.0,0.9084515994811986,0.4999999999993639
RipVIS-066_00500.jpg,0.45138683431900495,0.0,0.0,0.0,0.0,0.0,0.0,0.9027736686380099,0.4999999999993599
RipVIS-066_00505.jpg,0.4436072716341027,0.0,0.0,0.0,0.0,0.0,0.0,0.8872145432682054,0.4999999999993487
RipVIS-066_00510.jpg,0.4476724297332104,0.0,0.0,0.0,0.0,0.0,0.0,0.8953448594664208,0.4999999999993546
RipVIS-066_00515.jpg,0.45212994637521714,0.0,0.0,0.0,0.0,0.0,0.0,0.9042598927504343,0.49999999999936096
RipVIS-066_00520.jpg,0.4466086122406081,0.0,0.0,0.0,0.0,0.0,0.0,0.8932172244812162,0.4999999999993531
RipVIS-066_00525.jpg,0.4476348696370566,0.0,0.0,0.0,0.0,0.0,0.0,0.8952697392741132,0.49999999999935457
RipVIS-066_00530.jpg,0.44825201090924527,0.0,0.0,0.0,0.0,0.0,0.0,0.8965040218184905,0.49999999999935546
RipVIS-066_00535.jpg,0.44609721708528327,0.0,0.0,0.0,0.0,0.0,0.0,0.8921944341705665,0.49999999999935235
RipVIS-066_00540.jpg,0.44567827755126005,0.0,0.0,0.0,0.0,0.0,0.0,0.8913565551025201,0.49999999999935174
RipVIS-066_00545.jpg,0.44559622318735487,0.0,0.0,0.0,0.0,0.0,0.0,0.8911924463747097,0.4999999999993516
RipVIS-066_00550.jpg,0.4462243435645731,0.0,0.0,0.0,0.0,0.0,0.0,0.8924486871291462,0.4999999999993525
RipVIS-066_00555.jpg,0.4441666281429778,0.0,0.0,0.0,0.0,0.0,0.0,0.8883332562859556,0.4999999999993495
RipVIS-066_00560.jpg,0.4446716669743382,0.0,0.0,0.0,0.0,0.0,0.0,0.8893433339486764,0.49999999999935024
RipVIS-066_00565.jpg,0.44820404955569504,0.0,0.0,0.0,0.0,0.0,0.0,0.8964080991113901,0.49999999999935535
RipVIS-066_00570.jpg,0.4472858496666428,0.0,0.0,0.0,0.0,0.0,0.0,0.8945716993332856,0.49999999999935407
RipVIS-066_00575.jpg,0.45454766087225573,0.0,0.0,0.0,0.0,0.0,0.0,0.9090953217445115,0.49999999999936434
RipVIS-066_00580.jpg,0.45227094119770217,0.0,0.0,0.0,0.0,0.0,0.0,0.9045418823954043,0.4999999999993612
RipVIS-066_00585.jpg,0.44953541050243906,0.0,0.0,0.0,0.0,0.0,0.0,0.8990708210048781,0.4999999999993573
RipVIS-066_00590.jpg,0.4467842779210813,0.0,0.0,0.0,0.0,0.0,0.0,0.8935685558421625,0.4999999999993533
RipVIS-066_00595.jpg,0.4571433524403001,0.0,0.0,0.0,0.0,0.0,0.0,0.9142867048806002,0.49999999999936795
RipVIS-066_00600.jpg,0.4511978781429697,0.0,0.0,0.0,0.0,0.0,0.0,0.9023957562859394,0.4999999999993596
RipVIS-066_00605.jpg,0.45842212925242876,0.0,0.0,0.0,0.0,0.0,0.0,0.9168442585048575,0.4999999999993697
RipVIS-067_00000.jpg,0.5981197475712781,0.23366145270959948,0.3788096842880001,0.25557385511035685,0.7315648747022541,0.293806800198942,0.09183282206828358,0.963000217012844,0.625621575235047
RipVIS-067_00006.jpg,0.5834646315175489,0.21374257132970834,0.3522041269353253,0.2320004807838455,0.7308930261450999,0.26867950092104104,0.06015173409318068,0.9537749565961873,0.6135543943144569
RipVIS-067_00012.jpg,0.5682043862289953,0.20411605937656863,0.33903054076406847,0.22185551888209284,0.7185273158816678,0.2574468085106383,0.060917180005350145,0.9334483506934316,0.6073060276390481
RipVIS-067_00018.jpg,0.8266489388156167,0.6636595622088323,0.7978309712928225,0.8835773757831573,0.727254824705504,0.8471582463159054,0.0963567588898354,0.9898459201378148,0.9379444641633132
RipVIS-067_00024.jpg,0.8371894409581189,0.6862802641031173,0.813957535662827,0.8736503903734579,0.7619001074915486,0.8487525497056496,0.07420432564195457,0.9884006076378165,0.9327417516833089
RipVIS-067_00030.jpg,0.8369060305244365,0.6861500084844336,0.8138659135092821,0.8883587785933514,0.7508996153135966,0.8569830345257314,0.05500848895500705,0.9879861111100391,0.9396901054347337
RipVIS-067_00036.jpg,0.8542693126005755,0.720611082322097,0.8376222723726469,0.9147383644190528,0.7724976405714623,0.8822485132067815,0.09642012831874026,0.988292100693372,0.9527707639391787
RipVIS-067_00042.jpg,0.8546452036036478,0.7226546115318392,0.8390011633141385,0.8686834733650228,0.8112802804161754,0.8565620408118171,0.08344414892229984,0.9870855034711512,0.930270171042489
RipVIS-067_00048.jpg,0.8608365280877306,0.7356184289098295,0.8476729869385906,0.8979549248513681,0.8027236265086577,0.877142915384145,0.06879454600731413,0.9865755208322629,0.9441884072841915
RipVIS-067_00054.jpg,0.7526025033376187,0.5397014295747451,0.7010468642921335,0.8460139793887311,0.5984932010190356,0.7813822223385415,0.04402434286624053,0.9668446180545065,0.9093391220062781
RipVIS-067_00060.jpg,0.7823807448146594,0.5951709046918409,0.7462158480213974,0.8903914751232584,0.642224393410809,0.8265153864853764,0.06198608474864186,0.9708919270822799,0.9326738808770887
RipVIS-067_00066.jpg,0.7429681043489791,0.5268461659512039,0.6901103433992463,0.8819575626920451,0.5668144216301023,0.7936997414427023,0.06408528365836474,0.9608723958322907,0.923465420601973
RipVIS-067_00072.jpg,0.7381609361244144,0.5206701987667868,0.6847904288372759,0.9278626037606987,0.5426360561578529,0.8125009591332505,0.09445664813354998,0.9576898871517386,0.9435534496940061
RipVIS-067_00078.jpg,0.7225210669522429,0.49359331475738055,0.6609474076784548,0.9122215163330583,0.5182060280181413,0.7918114955467496,0.05697000251361608,0.9536425781239652,0.9340113484958079
RipVIS-067_00084.jpg,0.8524521057402414,0.7248181287265885,0.8404574565339391,0.9006961466633847,0.7877712031423073,0.8755933431191262,0.09201687234931778,0.9810785590267133,0.9432415209910868
RipVIS-067_00090.jpg,0.8372638204545855,0.6981930700192925,0.8222776106504317,0.9137028689132883,0.7474842177519301,0.8747970096411277,0.05451807228094607,0.977562934026717,0.9475560221102075
RipVIS-067_00096.jpg,0.8572464831880842,0.7364588514793504,0.848230697608452,0.9149257574300073,0.7905986709269225,0.8870275200042604,0.07209269059189062,0.9793044704850485,0.9492871204717848
RipVIS-067_00102.jpg,0.8995958156320669,0.8147334383437702,0.8979097658412495,0.9135689604271415,0.8827783434017672,0.9072401949922446,0.06923934242557267,0.985452473957264,0.9522171380222786
RipVIS-067_00108.jpg,0.8875193798508185,0.7944311184649172,0.8854406394206198,0.9212284575327442,0.8523294067593611,0.9065716994762507,0.09581984102210482,0.9819596354156012,0.9540802452427948
RipVIS-067_00114.jpg,0.8928828988311501,0.8059564848736259,0.8925536042802533,0.9181355822968116,0.8683585615540222,0.9077288130414968,0.11186594201209753,0.9813715277767129,0.9526632694725734
RipVIS-067_00120.jpg,0.8778066252930046,0.7842454005381747,0.8790779567671867,0.9119576741697867,0.8484866242701858,0.8985149897296615,0.09731096910312687,0.9740668402767209,0.9465922536118991
RipVIS-067_00126.jpg,0.903543387839507,0.8327973508602297,0.9087718841031207,0.889226035656338,0.929196308820893,0.896942605481054,0.10222685244143419,0.9772081163183841,0.939654973381782
RipVIS-067_00132.jpg,0.8795376284972392,0.7974839453265438,0.887333594717217,0.9286404564976098,0.8495449793304176,0.9116646512531454,0.02752662246056594,0.9666373697906178,0.95076960124021
RipVIS-067_00138.jpg,0.8167528174991208,0.7083229192666417,0.8292611558132282,0.7626644276477283,0.9086012542101607,0.7879769290142337,0.032151690021786965,0.9366861979156503,0.8716462104853524
RipVIS-072_00000.jpg,0.6446778187620956,0.3350509635366752,0.5019298479049725,0.8329116973524109,0.3591937103806464,0.6590703999796642,0.030911062901136828,0.9553331163184078,0.8958223459428636
RipVIS-072_00006.jpg,0.6423671041400163,0.3308535819472352,0.4972050816636757,0.8250813154710243,0.3558106914583301,0.6528701885497493,0.0243859024520495,0.9549088541656305,0.8917978650190435
RipVIS-072_00012.jpg,0.6147124820441777,0.27920570101242365,0.43652979468657327,0.7216772217094384,0.31289818918696904,0.5721758763955709,0.03476519839192479,0.9511610243045234,0.8395079607055966
RipVIS-072_00018.jpg,0.628585222292754,0.30457108499805696,0.4669290750047716,0.8139221816565085,0.32736577356468777,0.6274185557623555,0.02998554912753151,0.9535633680545209,0.885532090146641
RipVIS-072_00024.jpg,0.6344575544013099,0.3139487802356185,0.4778706521259085,0.938947474598166,0.3204911821383217,0.6774792485801661,0.03097916281929206,0.9558756510406294,0.9475975833321242
RipVIS-072_00030.jpg,0.631416736103073,0.3105166997834714,0.473884384433676,0.9945077506932293,0.31105010515000964,0.6908934009428244,0.002152852529215491,0.9533192274295211,0.9734687385901413
RipVIS-072_00036.jpg,0.6359438145506702,0.3177388235629732,0.482248557728388,0.9885588219697009,0.3189115826356564,0.6961888106834704,0.009977827049154134,0.9551074218739636,0.9714717458352098
RipVIS-072_00042.jpg,0.6432030812736802,0.32847850678152435,0.49451836082364936,0.9531233972226318,0.3338723006659144,0.695227976715998,0.0036886041538170054,0.9587760416656264,0.9560108074698713
RipVIS-072_00048.jpg,0.6417976665126672,0.32465145061474554,0.4901688673863317,0.9169279802129785,0.33448974233329914,0.6800851011911117,0.004578936889393004,0.9597384982628475,0.9387948009383378
RipVIS-072_00054.jpg,0.6282616273505897,0.30037392408105734,0.4619808479985083,0.9231853417399477,0.308073590327103,0.6597348663872252,0.005244050019111728,0.9569596354156283,0.9404174104207711
RipVIS-072_00060.jpg,0.6128072213598453,0.27388312723916564,0.4299972601611284,0.910341398690181,0.28147578785068794,0.6291952074408376,0.003794687436829501,0.952594401040633,0.9318911790799912
RipVIS-079_00000.jpg,0.8021984687457486,0.6621925990732099,0.7967700005913024,0.8046380342764577,0.7890543496484179,0.8014722470996014,0.025863151283633,0.9480859374989713,0.88674653768935
RipVIS-079_00006.jpg,0.8022752470694042,0.6567235666337669,0.7927980018635677,0.8362980072108439,0.753599553089997,0.8183374752949925,0.02381877022345388,0.9525618489572998,0.90150625400619
RipVIS-079_00012.jpg,0.7618099917079565,0.5918937606435957,0.7436347516109311,0.6820235239947924,0.8174828203987489,0.7054009236007517,0.007204968943204351,0.937877604165649,0.8294227430282763
RipVIS-079_00018.jpg,0.7284085954448798,0.5336676217726815,0.6959364782779265,0.6112670047046123,0.8078332718786425,0.6425360596411458,0.008496395467495314,0.9293619791656582,0.7945534020168283
RipVIS-079_00024.jpg,0.7445292853441767,0.5563502653011734,0.7149422308139776,0.5940264387188647,0.897664405325836,0.6371286125986546,0.018127319437892187,0.9379448784712044,0.7919087576997146
RipVIS-079_00030.jpg,0.8147983574536077,0.6736298154896551,0.8049926085865896,0.6958015024993811,0.9548331737286903,0.7357193915781445,0.011908219574221867,0.9596354166656254,0.8456622332071886
RipVIS-079_00036.jpg,0.8057546781148637,0.6572809785096263,0.7932040336343104,0.6665411950217646,0.9793005372250698,0.7120208325355187,0.007766387075525569,0.9579220920128495,0.832300252296994
RipVIS-079_00042.jpg,0.7736946410666676,0.6036934762909032,0.7528788826742047,0.6052846001579287,0.9956644829383637,0.6567871919280133,0.012840588785962951,0.9481434461795267,0.8024445029271188
RipVIS-079_00048.jpg,0.7546063059789916,0.5722317613658728,0.7279229124194104,0.574401564825204,0.9934419410607496,0.6273233956641038,0.010223048325554051,0.9418804253462002,0.7869039917667157
RipVIS-079_00054.jpg,0.7390620873538871,0.5451282785798229,0.7056090890794748,0.5461409061512215,0.9966102187936947,0.6004189601374329,0.006423982868396454,0.9379763454850933,0.7729241273577043
RipVIS-079_00060.jpg,0.8295614596069721,0.700542122014452,0.823904463106852,0.7304293212441755,0.9448151801666012,0.7651531528144591,0.009683098590128654,0.9622395833322892,0.8622800007766316
RipVIS-079_00066.jpg,0.8322093877038642,0.7033538622631496,0.8258458536955359,0.7087815087750589,0.9892298313225307,0.7513853087810827,0.00828421220196205,0.9643554687489536,0.8538684003442141
RipVIS-079_00072.jpg,0.8315355217691103,0.6978729900193581,0.822055588517727,0.7850461939943784,0.8627270897178965,0.7994427345644469,0.018458933104410002,0.9677875434017277,0.8859836981825717
RipVIS-079_00078.jpg,0.8600404820981519,0.7507560435254671,0.8576363866363501,0.8355593191180857,0.8809117517331996,0.844252334525416,0.022294548409716102,0.9719194878461677,0.9114184992171246
RipVIS-079_00084.jpg,0.8664981668408791,0.7627831224834977,0.8654304806468198,0.8213965249936639,0.9144530717782041,0.8384612182022565,0.021269790497158197,0.9728168402767222,0.9061228260811964
RipVIS-079_00090.jpg,0.8703243131814717,0.7698191933168269,0.8699410608991135,0.8388596473176844,0.9034143543947306,0.8510218328997781,0.011713933413730898,0.9734223090267216,0.9141151549784983
RipVIS-079_00096.jpg,0.8699348422994188,0.7700792986725649,0.8701071180823031,0.8322375209989854,0.9115874006834501,0.8469827844880355,0.023320036817532978,0.9725661892350558,0.9111099113083673
RipVIS-079_00102.jpg,0.8541457549056473,0.7436031059396564,0.8529499671187112,0.7881538489791748,0.929354551562826,0.812853903909036,0.02987490801620678,0.9679687499989497,0.8900743364603318
RipVIS-079_00108.jpg,0.8742843193225027,0.7777464018876139,0.8749801445940788,0.8267024273973732,0.9292462070815912,0.8453597836031034,0.018598884064073326,0.9735253906239436,0.9093790560728943
RipVIS-079_00114.jpg,0.8713668247466749,0.7725060938242557,0.8716540907992498,0.8387736288488767,0.9072176001275065,0.8516235779100008,0.01776336113411131,0.9729611545128332,0.9141145951326548
RipVIS-079_00120.jpg,0.8501396092147786,0.7369658284582318,0.8485668703251099,0.797889633000512,0.9061181434503575,0.8174163932429449,0.007985803015677934,0.9667328559017287,0.8934775897596268
RipVIS-079_00126.jpg,0.829745132607228,0.7007236864770742,0.8240300197483255,0.7537482582373085,0.9087661137577838,0.7803715038075582,0.009190631483962253,0.9623969184017335,0.871870136243791
RipVIS-079_00132.jpg,0.8209815420807441,0.6920375663484759,0.8179931463837847,0.7005095215855252,0.9828242463757703,0.7432065022396497,0.006085753802754391,0.9549902343739638,0.8492218313306228
RipVIS-079_00138.jpg,0.8433765403504734,0.7294620820694322,0.8435710613517188,0.7410031611509336,0.9790950803380682,0.778884273035889,0.01571047832575249,0.9617013888878454,0.8692206381239513
RipVIS-079_00144.jpg,0.8492485000165164,0.7389168332859057,0.8498587386604658,0.7722163724010724,0.9448594770494692,0.8015063456292255,0.011691884455063015,0.9637293836795099,0.8826536273209915
RipVIS-079_00150.jpg,0.8377752122820158,0.7189578194704881,0.8365043182874116,0.7657964748855521,0.9215976627286575,0.7925949892094873,0.011917808217545504,0.9609309895822906,0.8780088050056785
RipVIS-079_00156.jpg,0.8370118086256462,0.7179578528278723,0.83582708579965,0.7453367209047941,0.9513263892354527,0.7790751812340218,0.017368347920332313,0.9604850260406245,0.8696936632524921
RipVIS-079_00162.jpg,0.8333050311396435,0.7117182382126953,0.8315834023663168,0.7434549494369208,0.9434149231678713,0.7763656112127407,0.018936737267648093,0.9594118923600701,0.8682542422476602
RipVIS-079_00168.jpg,0.8236875832074233,0.6990530383406298,0.8228737097263966,0.7111527107731935,0.9762394243597668,0.7519916678848122,0.018433179720928197,0.9538606770822983,0.8540406652836232
RipVIS-079_00174.jpg,0.813617049209664,0.682038834946658,0.8109668109634189,0.6876312205591583,0.9882162261242168,0.7321720689327031,0.013833992092908809,0.9509602864573015,0.8430751693963545
RipVIS-079_00180.jpg,0.7697703124066217,0.6105808003978834,0.7582119447183816,0.621158320887832,0.9728673597184266,0.6695706889477523,0.009721229448217121,0.9360796440962065,0.8089127137268699
RipVIS-079_00186.jpg,0.7649786541420056,0.6033320292083768,0.7525977379822739,0.6224026476303643,0.9516693065542996,0.6686733056788124,0.009635822586136343,0.9339919704850976,0.808161627279625
RipVIS-079_00192.jpg,0.7655996756334522,0.6030046773391505,0.7523430041889663,0.6327831538922207,0.9276078768430401,0.6757375396654975,0.006957262529183975,0.9352560763878741,0.8118481312497029
RipVIS-079_00198.jpg,0.7807963246087819,0.6276142090508415,0.7712075816994012,0.6511706676782028,0.9455014907842755,0.6944036842224078,0.003157743648176009,0.9405891927073127,0.8221752200526036
RipVIS-079_00204.jpg,0.7883821741999155,0.6374476266957653,0.7785868888913194,0.6599177052491872,0.9492927048063028,0.7027626441909173,0.010861694422757176,0.9451671006934189,0.8269434592504574
RipVIS-079_00210.jpg,0.8184809503489328,0.6888766439925114,0.8157808877787593,0.702787064700858,0.9720698968635204,0.7440080936153153,0.014695492438223047,0.9534374999989654,0.8496577832946024
RipVIS-079_00216.jpg,0.8524099679077821,0.744309013138665,0.8534141686275809,0.7862911901426136,0.9330668840068244,0.811832173902642,0.044029850739697035,0.9645822482628422,0.8888896275998663
RipVIS-079_00222.jpg,0.8364683294426558,0.7178370903842315,0.8357452454629113,0.7562109812649576,0.9339758797851525,0.7861362577381349,0.02240383260216939,0.9597026909711809,0.8739136145492113
RipVIS-079_00228.jpg,0.8403747962532995,0.7248644075423784,0.8404885675334675,0.7303705169523658,0.9897067772209361,0.7707636873025078,0.015485491069268206,0.9604785156239578,0.864553785561816
RipVIS-079_00234.jpg,0.7997854420743102,0.6570968992757537,0.7930699762493584,0.6673035412120989,0.9772523388335977,0.7124992992269695,0.03689883913254576,0.94818576388786,0.8322941695693029
RipVIS-079_00240.jpg,0.8298374195207641,0.7075129533626386,0.8287058109507393,0.7115844171260314,0.9919778326553895,0.7542222558887489,0.008821502410913645,0.9571234809017393,0.8553012733975782
RipVIS-079_00246.jpg,0.8104393128763034,0.6766219160703126,0.8071252195679125,0.6908348463812977,0.9704909769032112,0.7330838519439139,0.014809960679579296,0.9500792100684136,0.8435465546647064
RipVIS-079_00252.jpg,0.8131427986688743,0.67933105193921,0.8090495928777729,0.7221821453725038,0.9196720501711891,0.754590208312058,0.027404768425951662,0.9523133680545223,0.8559616448325569
RipVIS-079_00258.jpg,0.8165212248731784,0.6852792986902574,0.8132530901232021,0.7307772937913491,0.9167137430513616,0.7616753150481839,0.015754447913112257,0.9530978732628547,0.8599957833103447
RipVIS-079_00264.jpg,0.8566825294134461,0.7512581561800373,0.8579639198583175,0.8224518349150327,0.8966810994069307,0.8362979575462278,0.023701876966200592,0.9659982638878407,0.9044654494254564
RipVIS-079_00270.jpg,0.7251839746246882,0.5451297458411433,0.7056103182382054,0.7546327520252865,0.6625685563983915,0.7342284773281921,0.019979331723506792,0.9149023437490073,0.8472894768887844
RipVIS-079_00276.jpg,0.7436498498211909,0.5705323111133669,0.7265464162388491,0.7492875166321031,0.7051450528283947,0.7400223562449896,0.02517401391819327,0.9250542534712185,0.8506379821132588
RipVIS-079_00282.jpg,0.7462182890241063,0.5765046296261177,0.7313706776273039,0.7464997594141959,0.7168426474321186,0.7403736329072332,0.007461024498055565,0.9245648871517745,0.849733323190142
RipVIS-079_00288.jpg,0.7918388657542388,0.6441905409090677,0.7835959700302092,0.7428004701673132,0.8291329542894059,0.7585980953143131,0.02116207950811473,0.9454622395823075,0.8596662920577118
RipVIS-079_00294.jpg,0.8240248085183807,0.6958333971781124,0.8206388650394405,0.8151585598935889,0.8261933570398178,0.8173418749111252,0.019872710739073554,0.9569249131934061,0.8957888502820757
RipVIS-079_00300.jpg,0.8135896676687752,0.679003967420286,0.8088175854206527,0.7742459416415874,0.8466209179419901,0.787713779475786,0.02117093570031744,0.9532953559017434,0.8768649245193623
RipVIS-079_00306.jpg,0.8053264259013906,0.6604627766546013,0.7955165101445528,0.8244814454624,0.7685176443860005,0.8126459959670174,0.014521640089048741,0.9545898437489642,0.8973415413348999
RipVIS-079_00312.jpg,0.8263793721294461,0.6979250983699086,0.8220917389582743,0.807389208225409,0.837339666536823,0.8132066591713014,0.015086820379293079,0.9591015624989593,0.8933000063290272
RipVIS-079_00318.jpg,0.8474058534962134,0.732944958819994,0.8458952548834265,0.7989952507682123,0.8986445457540562,0.8171170176328453,0.015271493210510252,0.9654796006933968,0.893435967340291
RipVIS-079_00324.jpg,0.8289487437165319,0.7003209853602002,0.823751505027555,0.7723598386935094,0.8824697177098797,0.7921273258484356,0.02556775454571097,0.9614029947906235,0.8793793335780531
RipVIS-079_00330.jpg,0.8494096888511513,0.7361613151661645,0.8480333120378367,0.7725835110094831,0.939814764771376,0.8010929102697086,0.005670795402824833,0.9661816406239516,0.8828500220916884
RipVIS-079_00336.jpg,0.8418737171180133,0.7231193880323896,0.8393143191988702,0.7635893471180579,0.9317119715383596,0.7921782435619211,0.006299685014804306,0.9642990451378426,0.8779025360716564
RipVIS-079_00342.jpg,0.85576084213859,0.7483872558223279,0.8560886649454958,0.7679574317308286,0.9670701921953163,0.8009389390586688,0.020420070008690186,0.966777343748951,0.8820478653441306
RipVIS-079_00348.jpg,0.8409763967291795,0.7229491695965473,0.839199649477571,0.756495740282878,0.9422063770714703,0.7875408966310019,0.018601493548051393,0.9629654947906218,0.8748499284363893
RipVIS-079_00354.jpg,0.8320725339312777,0.7077269619025162,0.828852594930121,0.7187946826096789,0.9787068351617713,0.7591137833677336,0.026196680835798014,0.9605783420128466,0.8581999073413846
RipVIS-079_00360.jpg,0.8430591659249229,0.7290145497027439,0.8432717351373101,0.7626291710595816,0.9429857093315237,0.7929617266024314,0.010179100630050366,0.9615418836795122,0.8776959546960477
RipVIS-079_00366.jpg,0.8295567294098585,0.7075963528095494,0.8287630172614553,0.7208524521726889,0.9746696478831817,0.7604592317847488,0.00899280575424039,0.9566080729156287,0.8588291005306865
RipVIS-079_00372.jpg,0.8560739730307947,0.7542241274376544,0.8598948283071768,0.8278543654936739,0.8945152693060949,0.8403796899071507,0.03087636315452945,0.9627354600683998,0.9061038929105769
RipVIS-079_00378.jpg,0.847374451942601,0.7406572835003767,0.851008743100711,0.7986259073960374,0.9107456476809492,0.8187856601945617,0.017866390468945312,0.9594129774295145,0.8926688297075925
RipVIS-079_00384.jpg,0.7882146102694872,0.648245439824705,0.7865884827124381,0.6909808198044071,0.9129023509592615,0.7262923536249551,0.009261376628257332,0.9365776909712059,0.8387796447293662
RipVIS-079_00390.jpg,0.7736690281975255,0.6218351788954931,0.7668290674505865,0.7666011158818363,0.7670571546182289,0.7666922802491836,0.015184859153258708,0.9336328124989869,0.863979425962233
RipVIS-079_00396.jpg,0.781323739912755,0.6335877382253302,0.7757008985800012,0.7908489032287158,0.7611222808365623,0.784719256629334,0.01489862215583078,0.9368109809017613,0.875529478739256
RipVIS-079_00402.jpg,0.8331724930782228,0.7158914348853187,0.8344250927893526,0.77892764945835,0.8984374313717189,0.8002165453814344,0.015734265732300915,0.955952690971185,0.882148072483464
RipVIS-079_00408.jpg,0.8248514568803209,0.6987545830993012,0.8226668996818304,0.8349755660529212,0.8107158541871339,0.8300081637834816,0.020041109966592866,0.9559592013878516,0.903899922775404
RipVIS-079_00414.jpg,0.848105724330424,0.7393260246888232,0.8501293192816953,0.8152369818239626,0.888142009314381,0.8288444744527114,0.014360639358846074,0.9615831163184011,0.8996985333949514
RipVIS-079_00420.jpg,0.8380751584571384,0.7213076744671301,0.8380926724101515,0.8229456438192427,0.8538077447380898,0.8289382755099585,0.016869971448628344,0.9595681423600699,0.9012087774540705
RipVIS-079_00426.jpg,0.8438134124467529,0.7311963219988529,0.8447295234021845,0.8261310953874139,0.8641846387944656,0.8334713177368281,0.01953279661877619,0.9610470920128461,0.9035142180872733
RipVIS-079_00432.jpg,0.8391003634617817,0.7237293006955131,0.8397250083333773,0.7993829923989273,0.884355272984553,0.8150455389732941,0.02108514638449031,0.9593229166656257,0.8916526754929689
RipVIS-079_00438.jpg,0.8426013310112106,0.7290872460044706,0.8433203676555087,0.8062197192363558,0.8840003269050953,0.8206612364504527,0.03392148816387341,0.960750868054513,0.8951346331408605
RipVIS-079_00444.jpg,0.8527866767018044,0.7464130721857699,0.8547955624857717,0.8029423465635849,0.9138083973895458,0.8229099405550415,0.022320828287976224,0.9635427517350655,0.8956297313568042
RipVIS-079_00450.jpg,0.7865046526354401,0.6365473620273518,0.7779149895653471,0.7177488975421907,0.8490909759968986,0.7406628613987891,0.003979835499604691,0.9428244357628659,0.8485330084843827
RipVIS-079_00456.jpg,0.8350066917811874,0.7201332503319621,0.8372993780487485,0.7330246483725593,0.9761608930997686,0.7714544910951917,0.018035808317794128,0.9556054687489631,0.8648599680839398
RipVIS-079_00462.jpg,0.8451293074663947,0.7370573428451636,0.8486275319361898,0.7507674367909497,0.9758228714816177,0.7870721537426008,0.018338579441858686,0.9586284722211821,0.8736846335137393
RipVIS-079_00468.jpg,0.8475271121277484,0.7414134764998291,0.8515076821273261,0.7604456040849823,0.9673456972278077,0.7944287786191118,0.030282993912948558,0.9590798611100705,0.8778812903105582
RipVIS-079_00474.jpg,0.8131731674480224,0.6879626508838709,0.8151396602568568,0.763302955591512,0.8745299036729041,0.783225846794021,0.023998188813221848,0.9457530381934183,0.8714777249708703
RipVIS-079_00480.jpg,0.8215843098510007,0.6990048764969868,0.8228403416218523,0.7152100277825202,0.9686032138353835,0.754696790045245,0.027264263861249596,0.9505729166656353,0.8553890129289925
RipVIS-079_00486.jpg,0.8174722694414731,0.6923440639853662,0.8182072176918191,0.7127760988126971,0.9602426428308309,0.7515108485986425,0.018003913891976007,0.9491666666656368,0.8535671557931397
RipVIS-079_00492.jpg,0.7932994645326876,0.6536857184285688,0.7905803516882762,0.6956729057905313,0.9154742861102134,0.7307635327233349,0.009779951099048905,0.9404535590267573,0.8416477718912372
RipVIS-079_00498.jpg,0.8131358710137914,0.6798657233563393,0.8094286512352675,0.772724289013467,0.8497938116345297,0.7869991994210427,0.03679767870788741,0.9518825954850783,0.8759548300009032
RipVIS-079_00504.jpg,0.8191868834726279,0.6957187141769842,0.8205591037717016,0.7173775819877153,0.9584084690175535,0.7553713678833707,0.007830381880757693,0.9493023003461921,0.8556888582911008
RipVIS-079_00510.jpg,0.834214666145978,0.7188967136101178,0.836462956637171,0.7596077583044227,0.9306208261109977,0.7885904030756149,0.023321468022177307,0.955301649304519,0.8747879769405971
RipVIS-079_00516.jpg,0.827663889026968,0.7058615244020858,0.8275718917448406,0.7512190710132328,0.9212014787345546,0.780004757939812,0.026440158382112635,0.9549316406239639,0.8702059252402707
RipVIS-079_00522.jpg,0.8091587356647756,0.6719661266519,0.8038035172369279,0.7674316903061432,0.8437945000199379,0.7815781449670591,0.012534635174490745,0.9516634114573007,0.8731931422012713
RipVIS-079_00528.jpg,0.7934479421891463,0.6455452730854977,0.7845974020211075,0.7565369762273819,0.8148195651900102,0.7675167975201976,0.018627836807211355,0.947010633679528,0.8656988085705755
RipVIS-079_00534.jpg,0.8003544317891624,0.6571017077972782,0.7930734784779605,0.7615291416306309,0.8273440232623268,0.7738408874103309,0.013539903656615036,0.9491069878461924,0.8690935714157733
RipVIS-079_00540.jpg,0.7708739614704315,0.6053989795647634,0.7542037677498611,0.7401512963029885,0.7688001650216714,0.7457089742283793,0.012244366287319999,0.9420117187489778,0.8548707454839797
RipVIS-079_00546.jpg,0.8185475325465219,0.6882701291007594,0.8153554543636446,0.770485053110677,0.8657752278641024,0.78782724386773,0.020041644973966467,0.9540201822906315,0.8761788275907548
RipVIS-079_00552.jpg,0.7687402311130553,0.6006891012363235,0.7505381285752112,0.7475477831890258,0.7535524940367675,0.7487410573434111,0.017972776527293143,0.9422797309017553,0.8577092721825599
RipVIS-079_00558.jpg,0.7936648706271998,0.640560573724586,0.7809045078662509,0.7903613742238486,0.7716712731133993,0.7865512744236627,0.015429635539315026,0.9513812934017455,0.8807839697115769
RipVIS-079_00564.jpg,0.7920945579810825,0.6367611296200185,0.7780745987874791,0.7679174483976705,0.7885040455783617,0.7719483190591337,0.016501650162838066,0.9518641493045227,0.8712449382828169
RipVIS-079_00570.jpg,0.7808908156635931,0.6155511927079302,0.7620324202492957,0.758787236686622,0.7653054810513189,0.7600819876810387,0.01989978525126703,0.9504926215267464,0.8658213727761319
RipVIS-079_00576.jpg,0.7894775298723038,0.635075898384177,0.7768151912847285,0.693976862072139,0.8821105851884455,0.7248976315584755,0.013452299243177446,0.9488726128461926,0.8401683737566827
RipVIS-079_00582.jpg,0.8074077114548646,0.664916703894612,0.7987387024698873,0.7008670641703107,0.9283812536797668,0.7369891845523926,0.04332077658022011,0.9544292534711866,0.8464288877186341
RipVIS-079_00588.jpg,0.8212814741394601,0.685480995811467,0.8133951050352192,0.7423300751384981,0.89950706313586,0.7692120043558529,0.028735632179562064,0.960753038193402,0.8657646603332529
RipVIS-079_00594.jpg,0.8081052600767773,0.6663035613422734,0.7997385071967793,0.7048329576363016,0.9241789266942655,0.7399574740128779,0.009594730057340007,0.9544618055545199,0.8481340996709444
RipVIS-079_00600.jpg,0.7795743660302428,0.6158399640607688,0.7622536609542703,0.7136098744252437,0.8180142554169765,0.7323028558456992,0.029188324666241727,0.9480316840267491,0.8463130384738001
RipVIS-079_00606.jpg,0.806116188436993,0.6588509209193771,0.7943461496277499,0.7513448422142139,0.8425684051974391,0.767974317791104,0.02549443757331668,0.9572319878461836,0.8670028944652226
RipVIS-079_00612.jpg,0.8323685180561451,0.7056559786693952,0.8274306044058037,0.784560554219265,0.8752564715794903,0.8011642186675905,0.033862111038154036,0.9627365451378442,0.8850961456273003
RipVIS-079_00618.jpg,0.8407690331653881,0.7197500655359631,0.8370403117986237,0.8142059215974079,0.861192437985056,0.8231885274739333,0.012526411105866825,0.9652029079850638,0.8990128389739723
RipVIS-079_00624.jpg,0.8375904625309696,0.7151630628883895,0.8339301123754752,0.7673058143815785,0.9132243523498266,0.7926359037403108,0.030266706618179994,0.9636653645822877,0.8787337357833175
RipVIS-079_00630.jpg,0.8476762545040231,0.7311578006193012,0.8447038165529892,0.7904198561742208,0.906993767041823,0.8112741110507081,0.022104607717605133,0.9673719618045059,0.8900848633051
RipVIS-079_00636.jpg,0.847102856092069,0.7316567413501422,0.8450366910242064,0.7572073390197736,0.9559142914609866,0.7900531834180247,0.01427940526802894,0.9660188802072851,0.8761692980135487
RipVIS-079_00642.jpg,0.8186466536764697,0.682046689247936,0.8109723631427704,0.7761049099557161,0.8491201127512742,0.7896858082528403,0.012878476501866217,0.9591666666656259,0.8792802998426966
RipVIS-079_00648.jpg,0.8449039336477404,0.7298889699268184,0.8438564354308771,0.7985051468626837,0.8946693952068797,0.816047856878792,0.02412280701401713,0.9638357204850653,0.8926979062827012
RipVIS-079_00654.jpg,0.8473686988557179,0.7344102663254143,0.8468702942832125,0.8077809695995338,0.8899351410399905,0.8229755314997615,0.023101357201400323,0.9642491319433981,0.8969247127779707
RipVIS-079_00660.jpg,0.7566197778415644,0.5881929778208276,0.7407071886539782,0.809047005203353,0.6830133731794229,0.7802516822297357,0.018765133169641023,0.9322949218739884,0.8790367765011364
RipVIS-079_00666.jpg,0.7384536238982813,0.5575492857949504,0.7159314840048678,0.7718231091108081,0.6675880482102353,0.7484509616451236,0.014927155479468933,0.9267968749989943,0.8598280968560994
RipVIS-079_00672.jpg,0.7459596464173833,0.5688566204257861,0.7251862445803352,0.7984356932605225,0.6642473917140023,0.7674291683081716,0.014656144304815715,0.9301529947906574,0.8728877569736704
RipVIS-079_00678.jpg,0.7934993024297345,0.6437265214076354,0.7832525824993909,0.7911138195544805,0.7755460412504364,0.7879504643279522,0.0196534781458943,0.9485460069434152,0.8803121713846422
RipVIS-079_00684.jpg,0.8084800823382275,0.667615820267429,0.8006830016284758,0.7860593130255368,0.8158611169614463,0.7918442157756648,0.021034917960870154,0.9540223524295204,0.8812207530821824
RipVIS-079_00690.jpg,0.807581299836366,0.6681750529889489,0.8010850561417373,0.7547762588031351,0.8534477792417627,0.7726420900016341,0.009990150554384389,0.9521006944434114,0.8678935845345055
RipVIS-079_00696.jpg,0.7407100634484896,0.56509532473838,0.7221225644295384,0.7248011035486591,0.7194637497653948,0.723727306943855,0.008867832846347444,0.9245301649295524,0.8402908332602679
RipVIS-079_00702.jpg,0.7841415809112181,0.6309063619456061,0.7736880260776714,0.7386259086364466,0.8122447863423122,0.7522623670437278,0.01570205034833869,0.943432074651754,0.8564538976688479
RipVIS-079_00708.jpg,0.782528090462149,0.6290099769718202,0.7722604353118719,0.7366468660826996,0.8114924526700377,0.7504907208393615,0.005645161289563822,0.9423025173600886,0.8552211686881838
RipVIS-079_00714.jpg,0.7908961087241564,0.644405409666291,0.7837549133301186,0.7583698057077928,0.8108983214684422,0.7683239305722813,0.012056262556991793,0.9437673611100871,0.8654583778997292
RipVIS-079_00720.jpg,0.7983968922031106,0.6531679220155577,0.7902015437357499,0.7443762781123451,0.8420391260808031,0.7620534398891708,0.009843903809612725,0.9490364583323035,0.8618533370629694
RipVIS-079_00726.jpg,0.7916465604407079,0.6434277155649138,0.7830313551012996,0.7150670164730146,0.8652721029630617,0.740786055173637,0.00965086573805693,0.9457519531239738,0.8487037706199629
RipVIS-079_00732.jpg,0.766124073116683,0.6032961868917609,0.7525698518142732,0.7236309173862128,0.7839198171567551,0.7349352463386949,0.013882123719692873,0.9358799913184289,0.8462833178015405
RipVIS-079_00738.jpg,0.7651278191087453,0.6008484066881539,0.7506624664495162,0.6996996522233663,0.809632251389601,0.719231225453795,0.023948220061624826,0.9361881510406508,0.8367599483629196
RipVIS-079_00744.jpg,0.7661750061401089,0.6002800410872329,0.7502187438136161,0.6742085381413156,0.8455454572401009,0.7026862740899005,0.017441029304154247,0.9383582899295374,0.827303775523626
RipVIS-079_00750.jpg,0.7764889907051997,0.6169996419576298,0.7631413464144687,0.6853152415060542,0.860908227997593,0.7144598433501769,0.00952516349025801,0.9419639756934224,0.8339118566775786
RipVIS-079_00756.jpg,0.791807746716122,0.6422307782350366,0.7821443694110577,0.7065924685057292,0.8757873092153781,0.7349913130307889,0.0159017994119261,0.9469650607628614,0.8454936489404701
RipVIS-079_00762.jpg,0.823856403390753,0.6954566039999736,0.820376767366656,0.7527146144644902,0.9014048073772146,0.7783944465445548,0.02467405018580204,0.9569498697906283,0.8701730886585046
RipVIS-079_00768.jpg,0.7841030404851076,0.6272688262658581,0.7709467743019086,0.7250371994611513,0.8230633976645884,0.7427288837227545,0.007209205599998723,0.9462771267350844,0.8514162901371823
RipVIS-079_00774.jpg,0.8142828039116777,0.6800679035837833,0.8095719251979259,0.7321605410351262,0.9052880977889411,0.7612779437174353,0.012038303691923624,0.9535796440961876,0.8601145947853426
RipVIS-079_00780.jpg,0.818921671029057,0.6897320297807338,0.8163803699338482,0.7388527131725671,0.9120852831040289,0.7680270234118024,0.024209818423105604,0.9534776475684098,0.8636308733658771
RipVIS-079_00786.jpg,0.830325143682382,0.7077003942128199,0.8288343747077963,0.7679796613421557,0.900163322213731,0.7912167618945279,0.012476267966846179,0.9577615017350719,0.8774475300939015
RipVIS-079_00792.jpg,0.7903843651791727,0.6431206477240858,0.7828039269239092,0.7366234629386711,0.8351619761827702,0.7544260015332774,0.01050023595911984,0.9439463975684201,0.8567589826765601
RipVIS-079_00798.jpg,0.7085141931503227,0.5208278752918308,0.6849267872498582,0.7429648301083567,0.6352992371144097,0.7186080065465039,0.009498399145197609,0.9067241753462384,0.837783387989073
RipVIS-079_00804.jpg,0.7414772846867788,0.5702742803310058,0.7263371596595148,0.8063630082671388,0.6607612590485935,0.7723259030670628,0.018781951542700383,0.9217480468739998,0.8725835820641206
RipVIS-079_00810.jpg,0.7099716894040482,0.5200050769884209,0.6842149212010589,0.7893109850007942,0.6038171927715592,0.7436225331661277,0.006786339754073299,0.909724392360124,0.8580327441495468
RipVIS-079_00816.jpg,0.7084076431317063,0.5161978208131557,0.680910912451137,0.7806246410674504,0.6037858338702033,0.7374285356591411,0.005779086249506151,0.910145399304568,0.8544520260062064
RipVIS-079_00822.jpg,0.7022611119513561,0.5050816718258389,0.6711684572081941,0.7670007958226374,0.5966237505957708,0.7255612830971356,0.0073073516378091945,0.9087999131934583,0.8476919493076287
RipVIS-079_00828.jpg,0.7190124974114789,0.5298861421903234,0.6927131733237226,0.7836544561383367,0.6206842097662784,0.744555539865193,0.010226767451064165,0.9167578124990052,0.859258057718346
RipVIS-079_00834.jpg,0.7243108069513384,0.5362989368795663,0.6981700292898242,0.7687777475693688,0.6394411201664021,0.7388875149344972,0.014425261243250198,0.9203949652767791,0.8549003193667382
RipVIS-079_00840.jpg,0.698718085734507,0.49743807942554585,0.6643855078353228,0.7609574536283958,0.5895647479928577,0.7191448512950602,0.007511322212801135,0.9090049913184581,0.844918942980879
RipVIS-079_00846.jpg,0.717041281491972,0.526148940619953,0.6895119167153115,0.783728521384316,0.6155170054756312,0.7431122471157943,0.01359867329866239,0.9164724392351167,0.859009181913729
RipVIS-079_00852.jpg,0.7244246909256629,0.5336023266137396,0.6958809560389188,0.7612959899748494,0.640818092423671,0.7337076445592476,0.013533834584900655,0.9227387152767765,0.8526211153058267
RipVIS-079_00858.jpg,0.7607170004024773,0.5886893200309269,0.7411006199997202,0.678360661228931,0.8166286556116755,0.7021372223051321,0.016503421438816123,0.9386501736100926,0.827856125944328
RipVIS-079_00864.jpg,0.7828812929955653,0.6218391355725373,0.7668320759235068,0.7403139866723092,0.7953205016733417,0.7506980477817807,0.017085706345730558,0.9486577690961928,0.857894899030597
RipVIS-079_00870.jpg,0.7592012953940446,0.5810193404778621,0.7349933370229985,0.7054360114132726,0.7671358469649091,0.7169690065141823,0.007443142659208388,0.9423860677073108,0.8390430189827274
RipVIS-079_00876.jpg,0.7478062093468798,0.5605130000273645,0.7183701770091444,0.6932682561950222,0.7453581743660631,0.7030955284593414,0.009380097878007055,0.9400607638878689,0.831957496923118
RipVIS-079_00882.jpg,0.7449915027078594,0.5564275008000029,0.7150059999762269,0.6980143924484106,0.7328454931554284,0.7047131949979825,0.014221861030174473,0.9386675347212037,0.8332465857987343
RipVIS-079_00888.jpg,0.7327274877526815,0.5380229988347902,0.6996293283551647,0.7222970934253014,0.6783410312291298,0.7130559797296626,0.012542909953453536,0.933087022568432,0.8404381096978248
RipVIS-079_00894.jpg,0.7368290765296481,0.5449495215216087,0.7054593226902225,0.7398603825116873,0.6741151964824145,0.7257050529966004,0.010237563983431217,0.9343164062489862,0.8486551584123667
RipVIS-079_00900.jpg,0.7461411717029506,0.5592123115047547,0.7173010466612768,0.7402883973855362,0.6956983024624258,0.730918892626971,0.011532583019100654,0.9383083767350929,0.8510036139791721
RipVIS-079_00906.jpg,0.7342872702286305,0.5407319156548073,0.7019156417292719,0.7406476112203968,0.6670333123759842,0.7246529618740059,0.017568128369405432,0.9334928385406538,0.8484695652572616
RipVIS-079_00912.jpg,0.7784583529535072,0.6186023513043003,0.7643660603925589,0.7457759824833773,0.7839066270057432,0.7531024370258294,0.011885467313359608,0.9439246961795313,0.8586110509773487
RipVIS-079_00918.jpg,0.7999027574338753,0.6528412419398334,0.7899624299955579,0.7792353089178602,0.8009890173001266,0.7834910064456618,0.014581124070177476,0.951774088540634,0.8768674674973412
RipVIS-079_00924.jpg,0.8068353737395524,0.6641859727018075,0.7982112379225272,0.780834056199636,0.8163794700680068,0.7876933383767386,0.009408958387303344,0.9540733506934092,0.8788568277527007
RipVIS-079_00930.jpg,0.806577441979161,0.6598410125477666,0.795065319581357,0.7885972775996312,0.8016403402103152,0.7911718246026102,0.020721526532390948,0.9571907552072947,0.882815447300314
RipVIS-079_00936.jpg,0.7870845726885414,0.6248114991969665,0.769087982828492,0.7821546653778013,0.7564507107574485,0.7768750718034201,0.01723057643840373,0.9532964409711878,0.8771742027671263
RipVIS-079_00942.jpg,0.8111053380083779,0.6656968312607344,0.7993013119402779,0.8011715681909289,0.7974397672034241,0.8004224164049268,0.014599686025965512,0.9599793836795139,0.8893462548827029
RipVIS-079_00948.jpg,0.8052254369153524,0.6565091831106684,0.7926417671622508,0.8134777770415933,0.7728464671720563,0.8050132900336623,0.01622718052485143,0.9576681857628497,0.8935354926038886
RipVIS-079_00954.jpg,0.8320013401745867,0.7031479000449289,0.8257038628605066,0.8526538444671307,0.800405309961819,0.8416654648306918,0.010815047020248424,0.9641764322906204,0.9145776898101323
RipVIS-079_00960.jpg,0.8462086101596993,0.7289025426665406,0.843196796439817,0.8419249608765615,0.8444724803491038,0.842433234421365,0.013182096871063443,0.9667740885406176,0.9117595200499262
RipVIS-079_00966.jpg,0.8391155865496908,0.71706567326858,0.835222186817799,0.8443385615749747,0.8263005693504278,0.840668234431787,0.02348045771682561,0.9646451822906199,0.9116333241567485
RipVIS-079_00972.jpg,0.8282219857898824,0.698000034565539,0.8221437224459582,0.825927327386446,0.8183946250968435,0.824409714069885,0.03096888364091301,0.9620855034711783,0.9020868812926118
RipVIS-079_00978.jpg,0.8115934214333511,0.6709513887694539,0.8030770892306635,0.7929981385170927,0.8134155437241966,0.7969992068302246,0.010106681638109674,0.9564746093739621,0.8850372435764222
RipVIS-079_00984.jpg,0.8341896732826162,0.7099160168908728,0.8303519118812719,0.816816989877755,0.8443429479139717,0.8221776618434461,0.02028516830511757,0.9622960069434002,0.8988200101720845
RipVIS-079_00990.jpg,0.7969388533297477,0.6483568147435925,0.786670469578453,0.7865123367261001,0.786828666023282,0.7865755822433996,0.012465021621411216,0.9504937065961908,0.8792678323674226
RipVIS-079_00996.jpg,0.7788257571683361,0.6182211440927488,0.7640749799241472,0.732158104447736,0.7989013868457682,0.7445994424413903,0.007936507935475344,0.9448404947906415,0.8532751598300916
RipVIS-079_01002.jpg,0.7650747599164307,0.5934669771786119,0.7448751504463592,0.69355699444381,0.8043944707983868,0.7132116750934754,0.014914970725548512,0.9420399305545334,0.8350615237374268
RipVIS-079_01008.jpg,0.7326329440447036,0.5393838126188009,0.7007788547564375,0.6483210598582827,0.7624730648023116,0.6683326553146975,0.022914379799270804,0.9318012152767667,0.8099737455171729
RipVIS-079_01014.jpg,0.728116406443635,0.5310304622429671,0.6936902633080271,0.6340678996516547,0.7656891745146338,0.6566431728673994,0.011985121915968436,0.9310427517351009,0.8034089314180551
RipVIS-079_01020.jpg,0.7134696235220422,0.5006551528124159,0.6672487704775149,0.5656609797593338,0.8133126458490844,0.6023433909082967,0.022909323930966143,0.9313574218739894,0.7738375796945077
RipVIS-079_01026.jpg,0.7453801030710712,0.5635516014194765,0.720860892480752,0.6613626681980491,0.7921226915225182,0.6839431140103862,0.005875769445176864,0.9334624565962093,0.8177248905452128
RipVIS-079_01032.jpg,0.7365863220632596,0.551745441210663,0.7111288057404498,0.678711907997305,0.7467976402629262,0.6913174253740231,0.015380535664892529,0.9283561197906594,0.8221739626953617
RipVIS-079_01038.jpg,0.7359484106874554,0.5474741887866783,0.7075713349583351,0.6732738022509612,0.7455507594779152,0.6865859319558989,0.012151631222803905,0.930754123262879,0.820309505552053
RipVIS-079_01044.jpg,0.7377995795074345,0.5490691161279506,0.7089020243336882,0.6513068998403378,0.777671589020998,0.6731841836053908,0.011718749998421504,0.9325629340267658,0.8122223857025024
RipVIS-079_01050.jpg,0.7478204445849235,0.5659241376746338,0.7227989198953404,0.6683456158633196,0.7869124273878065,0.6891117861374144,0.016937576831452316,0.9356163194434293,0.8211754002152563
RipVIS-079_01056.jpg,0.7514415549393587,0.571989634486812,0.7277269797946757,0.6549903748295212,0.8186364639172651,0.6822675411328949,0.020114122679013677,0.9367361111100947,0.8167419365834558
RipVIS-079_01062.jpg,0.7253462291459758,0.5300333314623128,0.6928389343724155,0.6025841068622719,0.8148933650476936,0.6357091626171804,0.012143611402832152,0.927175564235105,0.7904916122167311
RipVIS-079_01068.jpg,0.7269884965082504,0.5307395071836243,0.6934419667002922,0.6137998882751491,0.796833059130695,0.6433557511482721,0.018119560562402687,0.9293695746517694,0.7951923185564491
RipVIS-079_01074.jpg,0.7124326100200921,0.5077600979156652,0.6735290297409983,0.5945262019949838,0.776745878039687,0.623793819889706,0.013247803651757383,0.9236349826378867,0.7842135482189279
RipVIS-079_01080.jpg,0.7098143340460292,0.5022967109930546,0.6687050664725537,0.5763745634648227,0.796259312440577,0.610068288724452,0.008911166804662883,0.9236979166656644,0.7768161594604555
RipVIS-079_01086.jpg,0.7185726902824157,0.5163279829171393,0.6810241435020122,0.5869950722765815,0.8109237056513929,0.6213087358620475,0.01188478747037405,0.9269889322906608,0.7830199645720108
RipVIS-079_01092.jpg,0.6774240883375995,0.45005708726278343,0.6207439572083865,0.5272710003678299,0.7544992241655115,0.5610655841257275,0.010096930531758625,0.9116731770823441,0.750007201406933
RipVIS-079_01098.jpg,0.7619291564754963,0.5836818542630016,0.7371200884721,0.6649448489928771,0.8268713477318098,0.6920497154790277,0.00813122108395749,0.9448057725684192,0.8233043651011537
RipVIS-079_01104.jpg,0.721290783972064,0.5194510362827438,0.6837351436523459,0.6103241400094064,0.7772208114766875,0.6377119828844284,0.01116253743381942,0.9290277777767697,0.7925862870427762
RipVIS-079_01110.jpg,0.6862825335125127,0.4640185568959467,0.6338970974244642,0.5266790259972373,0.7959270158823317,0.5648980219295461,0.014226519335051585,0.9152560763878957,0.7524119290429427
RipVIS-079_01116.jpg,0.7255380840610275,0.5285356417341133,0.6915581518720665,0.6298834056113303,0.766621551267396,0.6531844003590855,0.008145533531340546,0.9287293836795478,0.8010135135069509
RipVIS-079_01122.jpg,0.7485738883156995,0.5694930842932576,0.7257032095171038,0.629974564659519,0.8557380534645646,0.6650665520973619,0.01580194890495102,0.9339735243045422,0.8064400584447831
RipVIS-079_01128.jpg,0.6770362185970108,0.45454139187768827,0.6249961594986503,0.5514266241166748,0.7212188129871533,0.5786733378523139,0.004415584415010963,0.9072927517351266,0.7583495545559996
RipVIS-079_01134.jpg,0.6683576834958619,0.433541067212819,0.6048533622489615,0.5139429993977114,0.7348372780980165,0.5468180254557964,0.004269247188804718,0.9098546006934571,0.7425934337686986
RipVIS-079_01140.jpg,0.6891594888976907,0.4738185052656857,0.6429808060800136,0.5721610687696228,0.7338086092574856,0.5985306154585552,0.006636580832673668,0.9120627170128992,0.7694109711817928
RipVIS-079_01146.jpg,0.7677705861185306,0.6017420151611202,0.7513594692096413,0.6931946960427725,0.8201793019670349,0.7153454274778143,0.02323083120407804,0.939818793401758,0.8351243909289987
RipVIS-079_01152.jpg,0.7907997442881213,0.6390497435040592,0.7797807797313828,0.7367049370466284,0.8282068253856737,0.7533512776469338,0.025417875393643062,0.9478537326378604,0.8574053970457554
RipVIS-079_01158.jpg,0.798108939898573,0.6520443152821099,0.7893787221691618,0.7608197278548756,0.8201653824392017,0.7719917071168787,0.01808367071280922,0.9494607204850809,0.8685505888682429
RipVIS-079_01164.jpg,0.71047432836791,0.5120502257195939,0.6772926150332157,0.6238015451873794,0.7408178493386566,0.6441509923632327,0.006996631250713056,0.9168478732628941,0.7941541043116476
RipVIS-079_01170.jpg,0.7490766707167624,0.5771948890380801,0.7319258933055599,0.7792797485650599,0.6899973863391142,0.7596214713937043,0.006287843501829548,0.9286566840267702,0.8646360921243006
RipVIS-079_01176.jpg,0.7877873996996267,0.6367585380421926,0.7780726640398049,0.7725612711093486,0.7836632576852596,0.774756432220203,0.011070574913690958,0.9447428385406416,0.8709937047509446
RipVIS-079_01182.jpg,0.784825950539505,0.6325971892636739,0.7749580771347337,0.7744985131514646,0.7754181868178615,0.7746822733274648,0.01056786350769444,0.9432096354156432,0.8710430289130258
RipVIS-079_01188.jpg,0.7955578694003345,0.6493891633407637,0.7874298895300793,0.7716571978583749,0.8038608240889292,0.7778898373518821,0.020819251044907495,0.9474034288184164,0.8722266626427204
RipVIS-079_01194.jpg,0.7942444696276437,0.6473752042981173,0.7859474910258089,0.7729312449428939,0.7994096360833319,0.778085662807623,0.008310609010737487,0.946858723957306,0.872457347026709
RipVIS-079_01200.jpg,0.7659371071117302,0.6004366355306905,0.7503410284426425,0.739896515559281,0.7610846366647416,0.7440392331082074,0.0072362574575046005,0.9378417968739824,0.8531690800289145
RipVIS-079_01206.jpg,0.7808106964117008,0.626592433773936,0.7704356921421901,0.750308491161415,0.7916724921286992,0.7582318440803701,0.012312568570972501,0.9414160156239785,0.8602694542768505
RipVIS-079_01212.jpg,0.7923274585682779,0.6439682963194313,0.7834315269475307,0.754397526226708,0.8147898055387421,0.76574900049225,0.01955990219797196,0.9464333767350842,0.8645642761985325
RipVIS-079_01218.jpg,0.7815780561863921,0.6258628459386271,0.7698839388599352,0.7242124257062575,0.8217036063033274,0.7418149816188939,0.01109430156188927,0.9432465277767543,0.8502522343863621
RipVIS-079_01224.jpg,0.7983483981452155,0.6540005954192002,0.7908105924876602,0.7455630608196289,0.8419050289695093,0.7630261811330473,0.022287175737146853,0.9482964409711933,0.8622214127262977
RipVIS-079_01230.jpg,0.7615502856646097,0.5957601801749944,0.746678840061872,0.7207318650696879,0.7745638120327527,0.7308912079550821,0.009530450951937419,0.9343684895823194,0.8441079555040741
RipVIS-079_01236.jpg,0.7352563939263668,0.553392048894548,0.7124950192559084,0.6776141791285863,0.7511617933998656,0.6911484998945119,0.007601450121903701,0.9248394097212187,0.8209232374248325
RipVIS-079_01242.jpg,0.771573534526085,0.611656638201203,0.7590408821619513,0.6996430074617703,0.8294598715443381,0.7222505636547681,0.01185619581694847,0.9381629774295376,0.8381898004530979
RipVIS-079_01248.jpg,0.7845034407913327,0.6351538045648478,0.7768734693845841,0.6917211803991007,0.8859337181075598,0.7234393529358105,0.014403032215489194,0.9406835937489793,0.8380463762758084
RipVIS-079_01254.jpg,0.760051774807279,0.5936882058592873,0.7450493812736495,0.6670742527331847,0.8436666069378904,0.6962201633825701,0.006560329301960338,0.9335590277767648,0.8230104697144114
RipVIS-079_01260.jpg,0.696564590186844,0.4839986626513942,0.6522898905941806,0.6217690464070013,0.685961769911713,0.6336281078696222,0.003906249999507781,0.9162673611101169,0.7903073156722322
RipVIS-079_01266.jpg,0.7893534246738654,0.6417528426007058,0.7817898357758931,0.6931765961495636,0.8963798606299409,0.7260968470741687,0.01454727865380646,0.9433517795128653,0.8397170337004944
RipVIS-079_01272.jpg,0.7670683380667411,0.6071764896859414,0.7555815973945584,0.6830369536896486,0.845367163685604,0.7103164171302578,0.012269207860361023,0.934369574651764,0.8306223169106701
RipVIS-079_01278.jpg,0.774012299172923,0.616943724157826,0.7630985728698219,0.6743492844643088,0.8787482582802509,0.7072509409324833,0.006754221387522924,0.9379665798600934,0.8290828834060653
RipVIS-079_01284.jpg,0.7005135494336027,0.49236152598464844,0.6598421594389364,0.6441934375481516,0.6762700860188978,0.6503630037913344,0.005920967948780928,0.9160980902767838,0.7998029459524985
RipVIS-079_01290.jpg,0.7257215351656117,0.5340608399114796,0.696270742355038,0.6814048103328142,0.7117997892831218,0.6872743511139771,0.010055433800431167,0.9245290798601079,0.8206434194809626
RipVIS-079_01296.jpg,0.7296123122147942,0.5365080715447851,0.6983472218344898,0.6889503919238814,0.708003929450269,0.6926786135992926,0.006027323867395215,0.9290624999989919,0.8252515101137015
RipVIS-079_01302.jpg,0.770627163842403,0.6042906533008439,0.7533431078184116,0.7067032276031622,0.8065741082115897,0.7246485822404416,0.00892334698523649,0.9424989149295329,0.8413287612743623
RipVIS-079_01308.jpg,0.7970552492892196,0.6474594151958978,0.7860095480639309,0.7364994357907212,0.8426558737553906,0.755535670647119,0.004317789291261112,0.9514116753461899,0.8587699799395041
RipVIS-079_01314.jpg,0.8355754182954196,0.7144172460812585,0.8334228411598668,0.7859656476149288,0.8869793155011779,0.804284848798952,0.014272970559876155,0.9609592013878462,0.8858775890162937
RipVIS-079_01320.jpg,0.785401781836566,0.6286884682061592,0.7720180752536401,0.7331598367165189,0.8152259010691506,0.7482240797504162,0.010273477064061138,0.9472819010406388,0.8550620989412501
RipVIS-079_01326.jpg,0.8644021098825145,0.7652853181208039,0.8670386710466405,0.8554289456375863,0.8789678623259078,0.8600353256384775,0.030882583472192728,0.967396918401728,0.9193571330418311
RipVIS-079_01332.jpg,0.7685869830265222,0.6078169277615367,0.7560772837586209,0.8265682656751444,0.6966646749651709,0.7968512878386951,0.010367935262312816,0.936328124998984,0.8888883291271581
RipVIS-079_01338.jpg,0.8755777295645691,0.784825008753184,0.8794419675925934,0.8560715438243671,0.9041242106692727,0.8652690601436636,0.028816676880929384,0.9700130208322808,0.9213871765198693
RipVIS-079_01344.jpg,0.8349090867770612,0.7128915006668091,0.8323837211980893,0.8457812099198722,0.8194040563844057,0.8403707926249189,0.010496747485142408,0.9610883246517349,0.9108702110211694
RipVIS-079_01350.jpg,0.7848374962064248,0.6298090728981466,0.7728623964256284,0.7907752898249841,0.7557430641389314,0.7835114061893141,0.01367873138679594,0.9454470486100852,0.8783948710666939
RipVIS-079_01356.jpg,0.8296561499241467,0.7044607033222842,0.8266083247905572,0.7882949503416764,0.8688362344911914,0.8031860502664011,0.012098400320997661,0.9592382812489592,0.8857824589822711
RipVIS-079_01362.jpg,0.8047538048140184,0.6611581256804485,0.7960206984023547,0.7244588688773455,0.8832698266384383,0.7514819987032512,0.008659180082714222,0.9530783420128547,0.8553044744005012
RipVIS-079_01368.jpg,0.791765437159001,0.6381456055814834,0.779107306953907,0.6967694187647651,0.8835128381304929,0.7275239959097779,0.011826909696420354,0.9501833767350801,0.8417575511320599
RipVIS-079_01374.jpg,0.7870594706049827,0.6299380065961139,0.7729594672274032,0.6922910444471083,0.87490700624836,0.7224498793056098,0.008624287104100114,0.9490245225684146,0.8390532180614709
RipVIS-079_01380.jpg,0.8467304877315133,0.7345849941051724,0.8469864510549693,0.7999252533249533,0.8999311979120487,0.8181078996198564,0.020134228184916593,0.9630783420128439,0.8934491275718369
RipVIS-079_01386.jpg,0.8048690693945226,0.6639485873384868,0.7980397860735391,0.7423544790659489,0.8627566720127078,0.7636692853496507,0.011680270192558363,0.9510340711795237,0.8623294210127664
RipVIS-079_01392.jpg,0.7989014949202038,0.6525896414293106,0.7897782063608864,0.7354777462220291,0.8527358546610403,0.7562765811496776,0.009121181408843031,0.9503255208323022,0.8585109354062852
RipVIS-079_01398.jpg,0.8002940947009733,0.6537462475256743,0.7906246178986718,0.7176825155539058,0.8800711929971202,0.7451823773144003,0.012364069713635621,0.9516905381934118,0.8517216900593378
RipVIS-079_01404.jpg,0.8124009843401329,0.6729119711975021,0.8044798325112336,0.7545819847925872,0.8614440950186149,0.7737794475467759,0.008244640982124922,0.9562228732628513,0.8690665381051716
RipVIS-079_01410.jpg,0.7910606069757863,0.6372436911555849,0.7784347493265479,0.7481356836064464,0.8112915931196338,0.7599677937003432,0.007565230815568128,0.9497439236100805,0.8624266596367289
RipVIS-079_01416.jpg,0.8067334802127667,0.6660165178384633,0.7995317101688425,0.8046910238987721,0.7944381333139962,0.8026193287510995,0.007080147266060585,0.9524348958322999,0.88843412317163
RipVIS-079_01422.jpg,0.8340811027383946,0.7150935477405322,0.8338828499268718,0.811170412682092,0.8579038028279855,0.8201052839576229,0.013072855462239592,0.9580143229156272,0.8955549397022018
RipVIS-079_01428.jpg,0.8321903750891531,0.7128812632194313,0.8323767426582056,0.7759716096422536,0.8976248085537919,0.7975907689086795,0.015338793743061982,0.9567122395822952,0.8808713859205991
RipVIS-079_01434.jpg,0.8719013149007251,0.7787448111910039,0.8756116181382707,0.8974826381090222,0.8547812020896977,0.8886044165215446,0.010332103319508176,0.9688845486100598,0.9381455143672076
RipVIS-079_01440.jpg,0.8137555459253131,0.6789772300806104,0.8087986161051293,0.8066891958091619,0.8109190972087292,0.8075316421800525,0.009579728057852328,0.9535861545128542,0.8903141290294734
RipVIS-079_01446.jpg,0.7961342130312874,0.6476715453286624,0.7861658437506983,0.7644572474624484,0.8091434107713944,0.7729952123933315,0.011746937403633674,0.9497178819434139,0.8698281092694242
RipVIS-079_01452.jpg,0.7849332152250295,0.6301723695074725,0.7731358735982844,0.7563744616320703,0.790656993437517,0.7629910514382379,0.014344600162515316,0.9453135850684187,0.8641177484372471
RipVIS-079_01458.jpg,0.7843958815288588,0.6294533517526122,0.7725945036420747,0.7489865158699524,0.7977391707130161,0.7582544365669999,0.01892332789250843,0.9450054253461968,0.8609626064746322
RipVIS-079_01464.jpg,0.7858441522713032,0.631728086913583,0.7743055867947924,0.7486211396194118,0.8018150646565372,0.7586876944019297,0.01892950391336007,0.945566406248974,0.86112641311165
RipVIS-079_01470.jpg,0.813459065190741,0.6806264651267698,0.8099675677491252,0.7379467348535993,0.8975667115434449,0.7651614363551115,0.01228266070947796,0.9518077256934117,0.8621654071168008
RipVIS-079_01476.jpg,0.8522046654855127,0.7460343405619457,0.8545471566405058,0.8458441087949234,0.863431160939494,0.8493039684540132,0.02066173390748824,0.9629101562489552,0.9130315215834737
RipVIS-079_01482.jpg,0.84770182406427,0.73869642239664,0.8497129376713296,0.876282906489512,0.8247068188651514,0.8654579840400154,0.014129826522925317,0.9614279513878456,0.9249059240274655
RipVIS-079_01488.jpg,0.851950215433652,0.746607909074955,0.8549233118615343,0.9024232123692252,0.81217377591412,0.8828036351544529,0.02155172413493441,0.9620659722211783,0.9364603014657242
RipVIS-079_01494.jpg,0.8428161793231155,0.7340925353337152,0.8466590108381312,0.8424057447781611,0.8509554439108961,0.844101912884727,0.009030286189353948,0.9572580295128502,0.909185974157656
RipVIS-079_01500.jpg,0.8585152959880271,0.7608297948413869,0.8641718774527226,0.8732614809983399,0.855269548317939,0.8696027900373445,0.015182884746006502,0.9615570746517345,0.9245985250492199
RipVIS-079_01506.jpg,0.8437243471215642,0.7370342454482252,0.8486122221016322,0.8584984884045982,0.8389510593789992,0.8545164682853287,0.007558374948365721,0.9564648437489621,0.9155971620172496
RipVIS-079_01512.jpg,0.8626126832556342,0.7693159248476585,0.869619624221602,0.867114389512517,0.872139376931403,0.8681147492798778,0.011201079620620636,0.9615614149295122,0.9225303342912599
RipVIS-079_01518.jpg,0.8499974425803047,0.7485646317500976,0.8562047043132477,0.8441093308138613,0.8686517499356975,0.8489062388352657,0.013813651135724045,0.9575661892350721,0.9108222589086741
RipVIS-079_01524.jpg,0.8113963667062933,0.6830133892519243,0.8116553244481485,0.7683373861229751,0.8601495205520873,0.78509760873435,0.009421265140166247,0.9466959635406395,0.8731906173178821
RipVIS-079_01530.jpg,0.8624310097240714,0.7689417903096759,0.8693805466318514,0.8774000535760619,0.8615063097758766,0.8741745620526175,0.030067895243166425,0.9615592447906233,0.9266622181728801
RipVIS-079_01536.jpg,0.8722383046427301,0.785408735915745,0.8798083263694852,0.8762003444085388,0.8834461447845537,0.8776399803536346,0.02487169364062749,0.9644010416656202,0.9280040159063252
RipVIS-079_01542.jpg,0.8356541535310414,0.725265569668407,0.8407581794005218,0.8215610990696498,0.8608738649580383,0.8291337628151842,0.012808001950133202,0.9527701822906328,0.8989031534278373
RipVIS-079_01548.jpg,0.7599887851676793,0.602387360061466,0.7518623462411224,0.7449386815757454,0.7589159191853894,0.7476927889879555,0.01389822909505736,0.92673719617955,0.8517529931376857
RipVIS-079_01554.jpg,0.7913810228710929,0.6545117869058797,0.7911841935316631,0.7990899012311036,0.7834333818720318,0.7959087346436814,0.011791128578125644,0.9368359374989834,0.880092888128418
RipVIS-079_01560.jpg,0.8050353388660165,0.6745257822842292,0.8056320056942988,0.7784778821905014,0.8347489219683876,0.7891168721325483,0.018213142995543545,0.9431401909711988,0.8754944822870898
RipVIS-079_01566.jpg,0.7605529595217698,0.5995854858130999,0.7496760768722769,0.6947887616717343,0.8139792712971899,0.7157501366301827,0.02276176023991379,0.9297732204851022,0.8332353015206201
RipVIS-079_01572.jpg,0.8012706967549876,0.6686375210351077,0.8014173391238752,0.7835545376327872,0.820113582219919,0.7906032440313469,0.014240506327380659,0.941681857637867,0.8765906795929668
RipVIS-079_01578.jpg,0.81557502466495,0.693207743351826,0.8188100321104976,0.8187597526381353,0.8188603177525785,0.818779863690809,0.012790697672766058,0.9455740017350851,0.8933738955427364
RipVIS-079_01584.jpg,0.8087524355782122,0.6813997109518071,0.8105148425011686,0.8005708092427704,0.8207090160230756,0.8045189978565329,0.017821031342540313,0.9437868923600871,0.8848327743858329
RipVIS-079_01590.jpg,0.7576449917159763,0.6116597754837927,0.7590432978327364,0.7029547098787269,0.8248585652038164,0.7243651449708413,0.015878090364889377,0.9163302951378945,0.8342583785423645
RipVIS-079_01596.jpg,0.7597846840236151,0.6043100833713624,0.7533582062906948,0.7627773604475125,0.7441688394000129,0.7589815754446588,0.0147597380962424,0.9249696180545519,0.8582099103291805
RipVIS-079_01602.jpg,0.7689864093976486,0.627671599378687,0.7712509078837292,0.6866208367326514,0.8796761910234595,0.7181417798174716,0.004142992423752013,0.9220833333323328,0.8322020802020408
RipVIS-079_01608.jpg,0.7562212891064957,0.5934034463392149,0.7448251071660943,0.7872392023023173,0.7067476559500512,0.769706808467589,0.0116310160412258,0.9275944010406602,0.8682972834964422
RipVIS-079_01614.jpg,0.7530104107670188,0.5868410475182461,0.739634317420817,0.8150066127272376,0.6770228430331087,0.7830865000280555,0.02096408064882306,0.9275021701378825,0.8793889486841673
RipVIS-079_01620.jpg,0.7325195381580387,0.5517609524129966,0.7111416891306684,0.7582959411669912,0.6695086313328901,0.7387032223322851,0.01106050748066877,0.9216427951378888,0.8518721013976782
RipVIS-079_01626.jpg,0.7087025142138383,0.5134647628124771,0.6785288636100172,0.7236549141318371,0.6387004479867582,0.7049028846265707,0.008915694242963722,0.9127821180545651,0.8319994038017524
RipVIS-079_01632.jpg,0.7051860372431136,0.507297631754663,0.6731220444685657,0.7134009537316619,0.6371483863054495,0.6967244527979951,0.0027096774190052027,0.9118695746517883,0.8270968208681204
RipVIS-079_01638.jpg,0.741941602801669,0.5835889966604502,0.7370460364288349,0.648665250584714,0.8533096703481228,0.681345916121446,0.0033984706877778284,0.9125184461795655,0.8113384186313717
RipVIS-079_01644.jpg,0.6979832131463171,0.49722306191951193,0.6641936990765398,0.7156189484937631,0.6196638965789868,0.6941219692619323,0.0038789759498475593,0.9079600694434592,0.825804581018373
RipVIS-079_01650.jpg,0.7044735963834479,0.507441276669013,0.6732484834040154,0.7240691149067489,0.6290939269048498,0.7028471518547218,0.0025618035093426662,0.9105794270823453,0.8309185949192549
RipVIS-079_01656.jpg,0.747285539323622,0.5905985832007448,0.7426117304999599,0.6646041144321485,0.841366787712406,0.6937542689143842,0.006211936661849947,0.9156564670128954,0.8182612510810934
RipVIS-079_01662.jpg,0.7480436663703707,0.5949441205641661,0.7460375732207114,0.695465339812665,0.8045415111692219,0.7148485389805043,0.008892390813947276,0.9136773003462308,0.828897319320556
RipVIS-079_01668.jpg,0.7440069378776721,0.5907579457219604,0.742737695965236,0.704574915795833,0.7852713382803679,0.719359548633354,0.022576659550423827,0.9105262586795676,0.8306647266930272
RipVIS-079_01674.jpg,0.7594684537596583,0.5941997921499467,0.745452100892079,0.8235553594985412,0.6808797261038934,0.7904291056382324,0.01221968577786764,0.9322081163184329,0.8853272783382286
RipVIS-079_01680.jpg,0.8003955285020063,0.6658077928581232,0.7993812920226026,0.8212015726676313,0.7786905779318418,0.8123320563983053,0.026221216554476078,0.9424392361100885,0.8916596057081128
RipVIS-079_01686.jpg,0.7472691257680477,0.5917880546877944,0.7435513200956453,0.6715059882141989,0.8329139847803326,0.6985811948194717,0.014522821574991112,0.9147667100684519,0.8205645076759618
RipVIS-079_01692.jpg,0.7758227763564483,0.6283518532778921,0.7717642252969003,0.7826601568221433,0.7611675072069097,0.7782650720814692,0.020673137524180873,0.9320996093739886,0.8702236721644364
RipVIS-079_01698.jpg,0.7363978353751093,0.5595350971062271,0.7175665339554901,0.8125177657687916,0.6424853725133808,0.7716734185630187,0.007302125439131291,0.9218695746517774,0.8748018432904301
RipVIS-079_01704.jpg,0.7700352211687118,0.6180948108232804,0.7639784846832258,0.8048824184578095,0.7270309443681872,0.7880062595135761,0.014190631669698526,0.9307237413184345,0.8779864860174977
RipVIS-079_01710.jpg,0.7690156786612751,0.6171960051082903,0.7632915282485647,0.812733732230018,0.7195199337790072,0.7922076344040292,0.00873417721408428,0.9297960069434356,0.8807355377026154
RipVIS-079_01716.jpg,0.7635627250750456,0.6095771641954777,0.757437639841474,0.8189517479892873,0.7045189484784607,0.7931848435363472,0.011379441141562847,0.9269520399295498,0.8816890266704328
RipVIS-079_01722.jpg,0.7223771971900976,0.537451644822398,0.6991460793350452,0.7878047279467266,0.6284239610609655,0.7497732574289567,0.014787430681966274,0.9163161892351168,0.8611079501514243
RipVIS-079_01728.jpg,0.7618889705797365,0.6045186945426702,0.7535202881696231,0.7594437276789023,0.7476885357224788,0.7570632114805975,0.010529157665965285,0.9281293402767706,0.8580507402336462
RipVIS-079_01734.jpg,0.7103106845173126,0.5321066080985821,0.6946078102997703,0.6242430079785198,0.7828509308270836,0.6506059472930005,0.00861952861836774,0.9010590277768,0.7930846506949645
RipVIS-079_01740.jpg,0.743429844275872,0.5637832243012577,0.7210503547295334,0.7498560374235212,0.6943759373379905,0.7380619221368097,0.01692546583588114,0.9300325520823242,0.8522982775765073
RipVIS-079_01746.jpg,0.7855649739309363,0.6365761106777489,0.7779364571246565,0.844949008693081,0.72077230764003,0.8168047210818227,0.01260038770249233,0.9412847222212009,0.8997923254137719
RipVIS-079_01752.jpg,0.7759917194792503,0.6202636080046935,0.7656329561935045,0.8889487041366517,0.672362269414087,0.8351441127542091,0.02519818799190286,0.9385709635406483,0.9169166693569052
RipVIS-079_01758.jpg,0.8084284366829199,0.6783382713155672,0.8083451148186606,0.8289200435647816,0.7887668433906119,0.8205656516133436,0.01857462784632135,0.9455750868045295,0.8966217033079431
RipVIS-079_01764.jpg,0.847082984772372,0.7357762332333638,0.8477777482443999,0.9118002953559926,0.7921560836640911,0.8850649338638285,0.027133896914762215,0.9627105034711776,0.9405268826724129
RipVIS-079_01770.jpg,0.8892682055268581,0.8095414117426237,0.8947475934944418,0.88337902023491,0.9064125954379822,0.8878916049431747,0.04812753796839712,0.9726052517350557,0.9347655573646925
RipVIS-079_01776.jpg,0.8288184036547908,0.7103226197566014,0.8306299777029067,0.7896309498787584,0.8761196510105849,0.8055350982003979,0.014067194753610053,0.9533420138878544,0.8853562658349738
RipVIS-079_01782.jpg,0.8874958428772084,0.8059874271634009,0.8925725783477199,0.9252873563136956,0.862092151758804,0.9119178265176368,0.045287996475848157,0.9725401475683891,0.9522362165669411
RipVIS-079_01788.jpg,0.8726446450239139,0.7814554824893263,0.8773224929509384,0.9201433391669924,0.838309939702132,0.9025230005079867,0.030764888508218333,0.9679752604156163,0.9474586918791419
RipVIS-079_01794.jpg,0.8640439496795509,0.7675462046387617,0.8684878535275713,0.9296584435164683,0.8148702135430868,0.9041845120963075,0.04275244299094022,0.9650900607628417,0.9498817839720466
RipVIS-079_01800.jpg,0.855782368389666,0.7579087427743368,0.8622845137890413,0.8693493150620208,0.8553336116725241,0.8665095480713149,0.028165271684845852,0.9595279947906254,0.9221314708623697
RipVIS-079_01806.jpg,0.8470563508255318,0.7413086484721093,0.8514385420672685,0.8854488414970891,0.8199442880232709,0.8715238033247023,0.021195365979305505,0.9584266493045156,0.9276103853192835
RipVIS-079_01812.jpg,0.844532431032519,0.7382079041709947,0.8493896528713221,0.8362870456601208,0.8629093678532245,0.8414792786656003,0.015518148340936592,0.9568381076378506,0.9068288779200776
RipVIS-079_01818.jpg,0.8400608803201265,0.728366014870711,0.8428376959555014,0.8526439919484639,0.833254400498593,0.8486942176400408,0.020173283328569342,0.9572819010406279,0.9130823128987313
RipVIS-079_01824.jpg,0.8261555232888027,0.7056427645040416,0.8274215201320013,0.8439756992063145,0.811504252916367,0.837275170991067,0.012333374858311525,0.9527137586795218,0.9067801205214809
RipVIS-079_01830.jpg,0.8055577879751845,0.6725167159738766,0.8041973028440342,0.8211128527827597,0.7879646314957701,0.8142619525558964,0.022075330503607465,0.9454741753461963,0.8931118997217364
RipVIS-079_01836.jpg,0.8151894047459063,0.6914840606387485,0.8176063573163392,0.8038681834251463,0.8318222688383649,0.8093076761573723,0.010077707623837091,0.9462554253461954,0.8876105252492009
RipVIS-079_01842.jpg,0.8041210964416374,0.6739337884418879,0.8052096123457683,0.7946051208020584,0.8161009792677217,0.7988132216160719,0.0071075773994569835,0.942161458332311,0.8814484190120718
RipVIS-079_01848.jpg,0.7962460169815516,0.6615155138431252,0.7962796715788997,0.77275196286058,0.8212850502262611,0.7819942090895592,0.011027629664199269,0.9391807725684254,0.8710927769898005
RipVIS-079_01854.jpg,0.8149144182342478,0.6906450015315376,0.8170195409513996,0.7783956025267182,0.8596766390369425,0.7933985118781849,0.0092311749954858,0.9464539930545286,0.8776711829339804
RipVIS-079_01860.jpg,0.8012131501266084,0.671874359525968,0.80373785948421,0.8106572839553569,0.7969355578035136,0.8078752665035022,0.020282291540709013,0.9391981336795364,0.8865891299120103
RipVIS-079_01866.jpg,0.8084031786095671,0.6822749304734597,0.8111336834597423,0.8025632511123961,0.8198891358892233,0.8059695985832349,0.011688311686931721,0.9426009114573105,0.8852867225928606
RipVIS-079_01872.jpg,0.8105313240173435,0.685631286797577,0.8135009027984572,0.8037502031185485,0.8234910891316181,0.8076222983890433,0.00892007611692197,0.9434016927073097,0.8862455546386048
RipVIS-079_01878.jpg,0.8114479303838302,0.6865610771548869,0.814155012177879,0.7878061897955045,0.842327338982836,0.7981383776684574,0.008556547617986538,0.9441265190961978,0.8803418067128486
RipVIS-079_01884.jpg,0.8244884970095813,0.711344924878698,0.8313285235927748,0.7900440143060021,0.8771656581037431,0.806055791540012,0.029683698293225827,0.9459407552073069,0.8838022931366283
RipVIS-079_01890.jpg,0.8218411327647734,0.7011995777441463,0.8243589839987651,0.8424948689698558,0.8069874461524353,0.8351455928946218,0.014077297157143934,0.9493229166656366,0.904687926001154
RipVIS-079_01896.jpg,0.8112725133095462,0.6863465045550982,0.8140041239462517,0.7885679164050639,0.8411359775841021,0.7985492239706223,0.008954470928369974,0.9440147569434201,0.8805870526594265
RipVIS-079_01902.jpg,0.828576013633961,0.7167624913181274,0.8350164859063275,0.7861117076262218,0.8904097472459411,0.8049697139315914,0.008594539938246392,0.9482031249989711,0.8833752965749081
RipVIS-079_01908.jpg,0.8499482665712328,0.751436486138656,0.8580802011214548,0.8044106030534658,0.9194233530118598,0.8250521310648019,0.021736283878258964,0.9554079861100744,0.8951089427767389
RipVIS-079_01914.jpg,0.8172951163768805,0.693878458933218,0.8192777412969917,0.8259747923255362,0.8126884169565017,0.8232828761927455,0.005930599368336832,0.947735460068416,0.8970490719790225
RipVIS-079_01920.jpg,0.8595104904269094,0.7670663644514691,0.8681805956841707,0.7996519220457858,0.9495557466251108,0.8257228534773837,0.02983104540260942,0.9585177951378488,0.8954499370273951
RipVIS-079_01926.jpg,0.8213700437749226,0.7032750494103496,0.8257915239864679,0.7536333893771189,0.9132306137043569,0.7809285834880972,0.016566657968097226,0.9470605468739723,0.8696652084128873
RipVIS-079_01932.jpg,0.7901068723675103,0.6546119183335558,0.7912573469105056,0.7363833859156856,0.8549680208925999,0.7573935850441833,0.01707462686363288,0.9347960069434301,0.8555961178375102
RipVIS-079_01938.jpg,0.8054039956334696,0.6788165444605887,0.8086846019005555,0.7501959387197578,0.8770645119696101,0.7725459015759218,0.009346900140872349,0.9405381944434239,0.8645181449293223
RipVIS-079_01944.jpg,0.8296663276499112,0.7116013734507286,0.8315036251882434,0.8477060083349622,0.8159089852223762,0.8411498697687797,0.012623226735678861,0.9537022569434096,0.9089584586028815
RipVIS-079_01950.jpg,0.7905159063747291,0.6541033825537309,0.7908857323583683,0.7245675726385705,0.8705669068262978,0.749713882910434,0.009225092249787811,0.9357996961795402,0.8514421466012928
RipVIS-079_01956.jpg,0.7950985054875712,0.6557924134266657,0.7921191184461366,0.8120320431407676,0.773159440859898,0.8039479284290738,0.008287629493200777,0.941691623262867,0.8871365465094412
RipVIS-079_01962.jpg,0.7772997060865241,0.6315213554498674,0.7741502780093674,0.691493062261228,0.8792510320352594,0.7223433462532299,0.005808700141240648,0.9320377604156553,0.8361283611267641
RipVIS-079_01968.jpg,0.7871178428305063,0.6463280920498443,0.785175318541884,0.7049485172800242,0.8860075813185065,0.7349880452431029,0.005771248687595586,0.9362999131934285,0.8435044335909279
RipVIS-079_01974.jpg,0.7543067548139437,0.5916070029332926,0.7434083939602872,0.6431390653507478,0.8807176884298944,0.6798159096813747,0.008312767890854297,0.9259136284712175,0.8128460089859
RipVIS-079_01980.jpg,0.7756169809371785,0.6255790236731568,0.7696691634954774,0.6793152677108479,0.8877458501805714,0.7127857358854033,0.026934248742152857,0.9338693576378756,0.8313150352869458
RipVIS-079_01986.jpg,0.6811717700529889,0.4618832653083792,0.631901706886215,0.4838262168655286,0.9105880876054656,0.5338673331361008,0.006089788980868179,0.9082953559017922,0.7372977696715706
RipVIS-079_01992.jpg,0.6121760749510428,0.3386416052404432,0.5059481251960898,0.33974581243772173,0.9904937791409313,0.3911412656299899,0.0072604922955090325,0.8920290798601432,0.6695560453311583
RipVIS-079_01998.jpg,0.6007529413132286,0.32045877084814695,0.4853748983655315,0.32045877084814695,0.9999999999795718,0.3708619707383299,0.0,0.887365451387926,0.6602293854234231
RipVIS-079_02004.jpg,0.8255292470970337,0.7075900262823954,0.8287586778928359,0.7078836002431406,0.9994142402606233,0.7517403593918401,0.006824568445493835,0.9502712673600799,0.8538993127396689
RipVIS-079_02010.jpg,0.8204499879693938,0.6990981925594575,0.8229049923316819,0.7006823563911027,0.9967764197283405,0.7449394525895181,0.017470770055440024,0.9487337239573039,0.850109132941498
RipVIS-079_02016.jpg,0.8297157092201239,0.7166839811361367,0.8349632069867868,0.7443576859920936,0.9506833229969122,0.7781331425398317,0.023327351958045712,0.9499902343739692,0.8682257519631893
RipVIS-079_02022.jpg,0.8700976007061112,0.7850832370803521,0.8796040663789092,0.8285575708015076,0.9373533467554899,0.8482482950751552,0.02653420522805153,0.9614355468739567,0.9086068466259314
RipVIS-079_02028.jpg,0.8798294295975612,0.8009467686590233,0.8894730067512263,0.8381166377231761,0.9475340270993783,0.8579307100197336,0.013688115643637186,0.9645941840267311,0.9143063370165181
RipVIS-079_02034.jpg,0.8777883814381973,0.7990517591232945,0.8883032464976824,0.8405244692450358,0.9418412768783586,0.8590056534331643,0.01924070247685425,0.9629329427072885,0.9147437336961959
RipVIS-079_02040.jpg,0.8923680265981487,0.8228018140594575,0.902788013170826,0.8438991678553729,0.9705121463808285,0.8665080905135989,0.026663146775783637,0.9676519097211722,0.9191735845078384
RipVIS-079_02046.jpg,0.8794354579458927,0.8015896466091385,0.8898692864025393,0.8209515278745199,0.9714185453538383,0.8471966842878413,0.02118978678320745,0.9635687934017322,0.9078375083715424
RipVIS-079_02052.jpg,0.8681815463567358,0.7838599700121909,0.878835764229671,0.8032718817424533,0.9700924804904826,0.8318825872382668,0.021821015713492528,0.9594824218739589,0.8988637406931456
RipVIS-079_02058.jpg,0.8316334785635968,0.7241166838733882,0.83998570473385,0.7403836057497674,0.9705518000721061,0.777248810742753,0.01951095907519182,0.9475303819434163,0.8676250650240684
RipVIS-079_02064.jpg,0.8257954841831668,0.7150745257412202,0.8338699164483008,0.7386364961757821,0.9572953198621561,0.7739946026810595,0.023609192512418786,0.945240885415641,0.865552234196304
RipVIS-079_02070.jpg,0.8075555599191533,0.6858901299255233,0.8136830719280901,0.7195541609271425,0.9361455108288096,0.7544655525005137,0.029801742640509943,0.9386957465267592,0.8541681872844994
RipVIS-079_02076.jpg,0.8027793986283804,0.6767493206483427,0.8072158578679685,0.7145051582088239,0.9275732298667114,0.7489108494059008,0.01715309779606335,0.9380436197906488,0.8510653364636196
RipVIS-079_02082.jpg,0.789916248079958,0.6556529290978341,0.7920173577140949,0.6918481139163933,0.9261032340216179,0.7287132957599582,0.011671155571159272,0.9337445746517646,0.8397685509745514
RipVIS-079_02088.jpg,0.8095400914289106,0.6849379287386068,0.8130126541235512,0.719958333068944,0.9336919592223452,0.7545012655315232,0.010026041665361193,0.9423904079850886,0.8545954777250906
RipVIS-079_02094.jpg,0.8057107560607359,0.6781583125384789,0.808217326662891,0.7117888063303485,0.9348670352740351,0.747460659965265,0.022527991363479292,0.9414908854156451,0.8507000002058938
RipVIS-079_02100.jpg,0.7794719491352964,0.6332896492959224,0.775477453823234,0.6792240178729849,0.9035154230492546,0.7147082878953108,0.00980781974687769,0.9341134982628753,0.8323141849881954
RipVIS-079_02106.jpg,0.7706379854499591,0.6176954883053551,0.7636733770611337,0.6463441093471447,0.93304714703343,0.6886662369556881,0.0061517429930072805,0.9319791666656554,0.8184210695691065
RipVIS-079_02112.jpg,0.7615504993577129,0.6023301207722195,0.7518177596036644,0.6377416250596579,0.9155949521931999,0.6789494456110242,0.006852996505394652,0.9292599826378806,0.8129348192692073
RipVIS-079_02118.jpg,0.7760588482307913,0.6158569986981702,0.7622667094852341,0.7179202796202366,0.8124524570134218,0.7350249125994439,0.015452854483409235,0.9421701388878666,0.8466723294370138
RipVIS-079_02124.jpg,0.7422009502161832,0.5592740243351568,0.71735181322426,0.642485256539004,0.8119675476903429,0.6704749543458247,0.007481669907604119,0.9316243489573225,0.8096273245197267
RipVIS-079_02130.jpg,0.8132461117574366,0.6885770525856159,0.8155707807721768,0.7350451635022364,0.9159105504889431,0.7652687772595314,0.011026969574727385,0.9454090711795297,0.8608930107349388
RipVIS-079_02136.jpg,0.8000160912825101,0.6684594675401229,0.801289429614565,0.7229897180673146,0.8986086536842641,0.7523986144331674,0.0068164604889148625,0.9398687065962024,0.8532770864294157
RipVIS-079_02142.jpg,0.8238045294484173,0.7039159997625433,0.8262332179058599,0.8647465089779711,0.7910041947410016,0.8489182251558489,0.017773389284402197,0.9503407118045244,0.9143104052228194
RipVIS-079_02148.jpg,0.8356055351598038,0.7293116149584927,0.8434704406654874,0.830608806818326,0.8567366534051969,0.8357061026510254,0.017036592679419725,0.9497634548600805,0.9017845484914379
RipVIS-079_02154.jpg,0.8368962120982262,0.7303386877298473,0.8441569189995166,0.7853247269830397,0.9125177066956496,0.8078453321646474,0.012189054724852107,0.9509635416656348,0.8850005539613461
RipVIS-079_02160.jpg,0.8102489263754427,0.6857666346336723,0.8135961651449979,0.7653037437591809,0.8683938058716556,0.7839160257118726,0.01488649050801557,0.942868923610088,0.8713654359531697
RipVIS-079_02166.jpg,0.8261960726227454,0.7118941297662882,0.8317034533712405,0.7864128083028564,0.8825296029219488,0.8039239705191809,0.013382443215054335,0.9481249999989713,0.8830143470068249
RipVIS-079_02172.jpg,0.8489933104788708,0.7489689642815437,0.8564691307592317,0.7933649350851658,0.9304794022885707,0.8174568516664763,0.020763906687930798,0.9557486979156296,0.8907656428286042
RipVIS-079_02178.jpg,0.9021254021707854,0.8332308747992535,0.9090299386218834,0.9313124695317926,0.8877887537347556,0.9222696422609072,0.03872562482302587,0.9746853298600535,0.9564069388367784
RipVIS-079_02184.jpg,0.8907973090698589,0.814966117829782,0.8980510543130857,0.9106330480306066,0.8858120068338348,0.9055581796210305,0.017098513742325593,0.9709049479156132,0.9457043206077312
RipVIS-079_02190.jpg,0.8376167639212093,0.7340845102489821,0.8466536733478823,0.8227204496769651,0.8720210691594539,0.8321295114248944,0.024041811843897583,0.9493739149295254,0.8990060495932517
RipVIS-079_02196.jpg,0.7885968423017371,0.6617298817971698,0.7964349549777674,0.8373714607637607,0.75931441709336,0.8205020421735503,0.03248310442200969,0.9274598524295492,0.8916065505301476
RipVIS-079_02202.jpg,0.7715727304182629,0.6359684478591727,0.7774825348146545,0.8079566730701552,0.7492236612847358,0.7954847721168348,0.017197096592161128,0.9201291232628904,0.8757511233053176
RipVIS-079_02208.jpg,0.8052456394142857,0.6859270172817704,0.8137090280309932,0.8543966127411687,0.7767204909683804,0.8376428767873253,0.033548818542850106,0.9352343749989852,0.9028344340532232
RipVIS-079_02214.jpg,0.7713775833373608,0.6333511083993126,0.775523529683704,0.7914226060859679,0.7602506736197695,0.7849853842028537,0.01625663812547343,0.9216634114573332,0.869973857965448
RipVIS-079_02220.jpg,0.8108768114173807,0.6867089553536244,0.8142589783187029,0.7982556119202289,0.8309171404948789,0.804580873473299,0.016945078714463997,0.9431401909711988,0.8841009964803791
RipVIS-079_02226.jpg,0.8128767398059668,0.6882434471882942,0.8153367316005731,0.7508568663506844,0.8919313763769675,0.775384999757098,0.020804783851899242,0.9450857204850857,0.866670044868258
RipVIS-079_02232.jpg,0.7734887925252196,0.6215753636224121,0.7666314838847632,0.675873421118813,0.8855447671116335,0.7094698000871701,0.0198172693321558,0.9335449218739871,0.8295240080379359
RipVIS-079_02238.jpg,0.7679665157300681,0.6120421021291931,0.7593376144714892,0.6681138838123479,0.8794117908788474,0.701840382710945,0.00808028150552844,0.9320496961795443,0.8253025960743059
RipVIS-079_02244.jpg,0.8144538145344367,0.6897087110073186,0.8163640354273244,0.7370786365846416,0.9147623533651132,0.7668700508110904,0.008150470218413733,0.946437717012862,0.8619238807177568
RipVIS-079_02250.jpg,0.828125275656036,0.71090072080643,0.8310250994240603,0.7673676516013427,0.9061994206384001,0.791623343382885,0.00867426203927055,0.9518240017350783,0.8764333112515329
RipVIS-079_02256.jpg,0.8661949164325362,0.7715408162478472,0.8710392774149945,0.8476855097167817,0.8957162950496808,0.8568751124607283,0.011941500065484837,0.9654210069433969,0.9159586716451429
RipVIS-079_02262.jpg,0.863505034133127,0.7674324811911934,0.8684150476559854,0.8445551878462562,0.8936622503386917,0.8539400505142757,0.026233992288171828,0.9643348524295092,0.9141419365959407
RipVIS-079_02268.jpg,0.791374110608576,0.6478689084642615,0.7863112231033543,0.6502914951946139,0.9942826604183209,0.6986325634122148,0.002827140548892415,0.9418467881934225,0.8247775504767778
RipVIS-090_00000.jpg,0.88007550902006,0.7709885899500495,0.8706872470271478,0.9151871056355645,0.8303142287066387,0.8968522563645447,0.037020713968581455,0.9895439254130648,0.9538527336809781
RipVIS-090_00012.jpg,0.853772316675073,0.721198636570093,0.8380190656056488,0.8869432123390583,0.7942101141150469,0.8667037018949013,0.041843882909566935,0.9868118031523966,0.9388749893753291
RipVIS-090_00024.jpg,0.8699784632380105,0.751882892865458,0.8583711798631068,0.9000737897494244,0.8203618196055117,0.8829157618778246,0.04131349280835603,0.9884900038444376,0.9460640986234781
RipVIS-090_00036.jpg,0.8715247872100582,0.7548381416939589,0.8602937487617037,0.9079130954697284,0.8174206609531485,0.8882464567034697,0.03732087227181801,0.9886243271816156,0.9498879968321785
RipVIS-090_00048.jpg,0.8729945276668699,0.7575774938366544,0.8620700896469968,0.9059210444302198,0.8222683303228633,0.8878560013088126,0.04591868696072676,0.9888165609378632,0.9490319323984027
RipVIS-090_00060.jpg,0.8646415184488709,0.7417166844986496,0.8517076182366038,0.893427156951811,0.8137105327290408,0.8762583108676771,0.039846228945579314,0.9879950019221002,0.9426088700455457
RipVIS-090_00072.jpg,0.8560789210572426,0.7255241539933509,0.8409319015491992,0.8704475526136628,0.8133522710955841,0.8583961035899631,0.032542917127791594,0.9870898212223695,0.9311484430397332
RipVIS-090_00084.jpg,0.8512326543471598,0.716272082003177,0.8346836023425465,0.8591620950635376,0.8115613094432903,0.8492004061582903,0.03162613608255796,0.9866582564395938,0.9255112255629094
RipVIS-090_00096.jpg,0.8539753351689441,0.7213893929359051,0.8381478309280666,0.8577996272995672,0.8193762954760965,0.8498293515358362,0.033486098378644295,0.9870131680120658,0.9250423323768507
RipVIS-090_00108.jpg,0.8547947554148317,0.7226917716321419,0.8390262071634985,0.8421784884631421,0.8358974358923509,0.8409147378096768,0.036302211299981436,0.9873303537098743,0.9177159294820233
RipVIS-090_00120.jpg,0.860542508778704,0.7334976630987179,0.8462632268999456,0.8526349084225737,0.8399860692696757,0.8500747567160469,0.0442832124065372,0.9879974048440533,0.9230441246291574
RipVIS-090_00132.jpg,0.8697420193090224,0.7507050415257004,0.8576031069990839,0.898827105422415,0.8199946950831907,0.8818708961339378,0.04361894094682229,0.9891457612454371,0.9456906067212303
RipVIS-090_00144.jpg,0.8748714796458676,0.7604572876003485,0.8639315397840931,0.9043083061334616,0.8270062586036113,0.8877130184421446,0.04550492610557236,0.9896381199536262,0.948583773600952
RipVIS-090_00156.jpg,0.8747088032057533,0.7601693834864389,0.8637457174499201,0.9115252457386862,0.8207256428466747,0.8917928450577475,0.048306461689269685,0.9896025567087203,0.9520282721025171
RipVIS-090_00168.jpg,0.8545777587680061,0.7219665700298414,0.8385372661646153,0.8943296732577223,0.7892972648126414,0.871144886093957,0.048703508877486014,0.9876014033061834,0.9427070952492769
RipVIS-090_00180.jpg,0.8411420802637546,0.69639588191912,0.8210299132903961,0.8709608517113041,0.7765135059494247,0.8502770113789054,0.036098874202392384,0.986330738177387,0.9307999656613757
RipVIS-090_00192.jpg,0.8671525342636925,0.7458204249445054,0.8544068041456359,0.9068840217294604,0.8076706114233344,0.885138133842824,0.05216412308905653,0.9888610149939955,0.9494049833831558
RipVIS-090_00204.jpg,0.8670743979615649,0.7456777269323742,0.8543131592137924,0.9072573923998583,0.8072074744131265,0.8853112821480388,0.045933074317211865,0.9888480392154487,0.9495779585293163
RipVIS-090_00216.jpg,0.8721644413411456,0.7554813147484264,0.8607113142149194,0.9241954517209419,0.8053881952346056,0.8977102143427956,0.05350960024844132,0.9892190503650065,0.9579228424158241
RipVIS-090_00228.jpg,0.8646556165117842,0.7411827158982434,0.8513554713479695,0.9122480682113443,0.798083372699446,0.8868748306674393,0.043786180561412355,0.9885188389078747,0.9518093065236731
RipVIS-090_00240.jpg,0.8684709419520007,0.748417393953146,0.8561083829771166,0.9156091708816608,0.8038690197500007,0.890843207237866,0.0405347132359678,0.9889033064203698,0.9536269089258349
RipVIS-090_00252.jpg,0.8743817152573773,0.7594953622726541,0.8633104452081659,0.9005010264712255,0.8290699582424498,0.8852467952503384,0.03644341519675523,0.9896198577467826,0.9467437524500644
RipVIS-090_00264.jpg,0.8696100967702021,0.7505145246848336,0.8574787744991238,0.8923670249153803,0.8252158852906819,0.8780765007673192,0.026095906997693392,0.9890767973853833,0.9425705608167818
RipVIS-090_00276.jpg,0.8618683745912676,0.7360472366215152,0.847957614395241,0.9014018325573563,0.8004961082118631,0.8792356022942116,0.040349737104014315,0.9880980872738879,0.9464070283859138
RipVIS-090_00288.jpg,0.8412569504305039,0.6973718844241765,0.82170783058629,0.8991763369780367,0.7565290926221993,0.8664997861581424,0.050786388329952165,0.9856338908109896,0.9440575079879747
RipVIS-090_00300.jpg,0.832465070012377,0.6808397171004598,0.8101185498816573,0.8917518033691826,0.7421776949491615,0.8572007675731711,0.02660929626753047,0.9846126489809246,0.9399566044061174
RipVIS-090_00312.jpg,0.8154105988342362,0.6492444814472214,0.7873235154044664,0.8898946931518785,0.705953764952798,0.8458179971451886,0.04614187235678553,0.9821842560551274,0.937815262403199
RipVIS-090_00324.jpg,0.8132356913834575,0.6453471810336027,0.7844510732722043,0.9316910049422779,0.6773983245639738,0.8666254447762541,0.030284642540253495,0.9817510092269844,0.9576460872304922
RipVIS-090_00336.jpg,0.8066225753436633,0.6327965366320231,0.7751076419322831,0.9221779566467097,0.6684950544787197,0.8571249837288744,0.03364302613920924,0.9810858804303679,0.9527111148341074
RipVIS-090_00348.jpg,0.8011197986159755,0.6209570237043118,0.7661609957866277,0.9074597985831846,0.6629364488648022,0.8451157996764571,0.020494428076053898,0.9818394367548583,0.9459102140216598
RipVIS-090_00360.jpg,0.7355479234952464,0.49433431548962137,0.6616114083248524,0.7325503993855985,0.6031986323230005,0.7024243907109348,0.012572617704623895,0.977277729719104,0.8587405216625995
RipVIS-090_00372.jpg,0.7432992422965625,0.5030044696999748,0.6693319678555354,0.9537788005366686,0.5155721415637708,0.8152035730219572,0.004413184387751594,0.9838619761627778,0.9690824583412223
RipVIS-090_00384.jpg,0.7301264023481542,0.47807114805120376,0.6468851633854398,0.9619016091286178,0.4872982077458526,0.805080253844041,0.004503889722327843,0.9824678008455925,0.9723592962953738
RipVIS-090_00396.jpg,0.713837572499317,0.4474169741666843,0.618228170806514,0.9817813765034972,0.4511627906945656,0.794821370042609,0.015825914933470974,0.980568771626062,0.9811651997793548
RipVIS-090_00408.jpg,0.7228713015679116,0.4642620033021325,0.6341242240188592,0.9718066232854553,0.4706004481670788,0.8011549365126183,0.026551226547395203,0.9817731161089529,0.9768722023987461
RipVIS-090_00420.jpg,0.7144676893027545,0.4485263295301123,0.6192864021679327,0.96836889111646,0.4551953078656299,0.7901994445480234,0.015299617507394869,0.980716311033982,0.9746442376834544
RipVIS-090_00432.jpg,0.7270931381273269,0.47216946990151876,0.6414607551032894,0.9780162688371629,0.4772345357056552,0.8083659688073574,0.030008826120916616,0.9823015186464383,0.9801941492803452
RipVIS-090_00444.jpg,0.7279999289083323,0.47361240807405147,0.6427910154380997,0.963890662336656,0.48216726084015027,0.8033654750472721,0.02290748898342034,0.9826621972315979,0.9734308270430314
RipVIS-090_00456.jpg,0.7295752402710798,0.4767911712277377,0.6457123803514547,0.9778563260068933,0.4819952709641662,0.8109919075714093,0.018160166713581397,0.9826384083042622,0.9802866894501852
RipVIS-090_00468.jpg,0.7388360421195354,0.4944627467093092,0.6617264268354333,0.9766303558318573,0.5003832444020242,0.8204544400762362,0.01552886023798288,0.9834806324488218,0.9801131132893348
RipVIS-090_00480.jpg,0.732482966513189,0.48267446838530986,0.6510862346081417,0.9819981998057259,0.486983441321188,0.8160886812667097,0.01602611663213739,0.982579296424216,0.9822936381533627
RipVIS-090_00492.jpg,0.7110467456989429,0.44292377642188896,0.6139253973903397,0.9844637074968499,0.4460416036179753,0.79301270205151,0.015123528051821343,0.9795090830447474,0.9819447079343508
RipVIS-090_00504.jpg,0.68307557118901,0.39072551119588783,0.5619016952668139,0.97574502809382,0.39455769841610716,0.7537027352614327,0.015580736542332989,0.9758069011916148,0.9757764645008093
RipVIS-090_00516.jpg,0.6635345058028203,0.3556595833611733,0.524703380887647,0.9770748957115235,0.35865248069384786,0.7265259798633585,0.016557294294138585,0.971853613994384,0.9744220733453355
RipVIS-090_00528.jpg,0.7651973917493123,0.5525309886397306,0.7117809469604695,0.8901796840383472,0.5929494045037221,0.8090668092991716,0.021843443384527435,0.9784527585541671,0.9356760505811426
RipVIS-090_00540.jpg,0.771743141124873,0.5647654786106759,0.7218531931214638,0.8983498827010963,0.6033202766684831,0.8183168679107208,0.040184208568656,0.9792925797767735,0.9400690778693941
RipVIS-090_00552.jpg,0.7526712964766471,0.5293465848581814,0.6922519592343008,0.8789680467216847,0.5709640717282991,0.7933718757977304,0.02895902157665291,0.976627018454206,0.9293029222487201
RipVIS-090_00564.jpg,0.7282179248278329,0.4833168403535811,0.6516704013666722,0.9335400204772687,0.5005393901924126,0.7958475620214873,0.034261802011621434,0.9737783544788126,0.9542020727735563
RipVIS-090_00576.jpg,0.7198409008161311,0.467424586071731,0.6370679495332952,0.9248158258766986,0.4858883049241815,0.7832973840993529,0.028855591177854113,0.972916666666433,0.9495007123905105
RipVIS-090_00588.jpg,0.7240860212637173,0.47584994028737565,0.644848676410447,0.9262501248451702,0.49458898596581463,0.7885976603449182,0.04069195989511225,0.9730005286425959,0.9502607225320893
RipVIS-090_00600.jpg,0.7227657401047005,0.4733118850925092,0.6425141748758648,0.9141774891692445,0.49532112019226004,0.7819329397080672,0.031829039961790366,0.9728962418298316,0.9443405171088928
RipVIS-090_00612.jpg,0.7224102008910561,0.4731179835828017,0.6423354936338791,0.9272003092802101,0.4913710130816996,0.7875027108921355,0.018288084463405727,0.9724036428294472,0.9504226158577925
RipVIS-090_00624.jpg,0.7223554468457128,0.47293772340824614,0.6421693407565264,0.9241459906425374,0.49203804126485756,0.7860790254033164,0.02097687007744975,0.9724704440597433,0.94897181419157
RipVIS-090_00636.jpg,0.721032696014748,0.4705944210990888,0.6400057206083745,0.9251366218367987,0.48922467060626446,0.7852083880063228,0.022136789234071013,0.9721765667048798,0.94930264755734
RipVIS-102_00000.jpg,0.7807362934796696,0.5837263602397815,0.737155578002002,0.6124520530504265,0.9256254425164382,0.6569029772622587,0.06698181817694678,0.9784196566353306,0.8049470731461339
RipVIS-102_00006.jpg,0.809443697524393,0.6384606168900991,0.7793420364316566,0.6761861073359928,0.9196378792985952,0.7139883173043231,0.06826211585439224,0.9810807291661935,0.8365573964373955
RipVIS-102_00012.jpg,0.8306119181593334,0.6784716010670239,0.8084397741799284,0.7237174262982398,0.9156282613774143,0.7553822502442941,0.051787413344312395,0.9833579282402665,0.8601582414770528
RipVIS-102_00018.jpg,0.8356538268326136,0.6878870005393269,0.8150865553434891,0.7352766629375733,0.9143318156687557,0.765248651636461,0.06619401458407567,0.9840051118822415,0.8659036898471648
RipVIS-102_00024.jpg,0.813214644219443,0.6453468253982124,0.7844508105359772,0.694096583072371,0.9018493105809078,0.7276199273276351,0.04264577893535209,0.9817119984563167,0.8451462388893447
RipVIS-102_00030.jpg,0.8273491330353058,0.6720115790605062,0.8038360349610804,0.7009215771332348,0.9421727654821522,0.7387544224181501,0.06616695059174331,0.9832798032402665,0.8493554531426964
RipVIS-102_00036.jpg,0.8273408518557903,0.6719934148839376,0.8038230400932342,0.7008031732180132,0.9423510680517136,0.7386711096134886,0.08581243558324889,0.9832812499995258,0.8493000539445708
RipVIS-102_00042.jpg,0.8160040903045446,0.6502414996829398,0.7880561721516158,0.6799347928204109,0.9370658286341237,0.7194163908335943,0.07659455295970072,0.9823644868822423,0.8388106335017605
RipVIS-102_00048.jpg,0.8171581153052428,0.6524100540188091,0.7896466769033381,0.6854011733736664,0.9312905078221992,0.7236123565184502,0.07176232651706797,0.9825004822526126,0.8414279379715632
RipVIS-102_00054.jpg,0.8272034378414581,0.6715799522608918,0.8035271676386736,0.7079328979208428,0.9289685316871267,0.7433047837011396,0.07626766416761792,0.9834095293205134,0.852604144992392
RipVIS-102_00060.jpg,0.8218584549568748,0.6614313641285327,0.7962187044367877,0.698000422651498,0.9266047692081144,0.7342290177182066,0.06910317295965977,0.9828780864192791,0.8476087820637441
RipVIS-102_00066.jpg,0.8319792051410861,0.6802445188906499,0.809697054497483,0.7216062019940183,0.9222861241227499,0.7544377733883533,0.057007289227272225,0.9842592592587845,0.8593236128071235
RipVIS-102_00072.jpg,0.8249066818445445,0.6667516823226272,0.8000612081501008,0.7005410976480233,0.9325394103072903,0.7372225247132782,0.0597979242518525,0.9836168981476738,0.849026730602847
RipVIS-102_00078.jpg,0.8096680789316821,0.6385278539438928,0.7793921261783536,0.7007781499541276,0.8778727469803509,0.7302406605491976,0.06037131881815804,0.981437596450144,0.8479962995951544
RipVIS-102_00084.jpg,0.8143987682160074,0.6477058249207596,0.7861910968869805,0.7199297266499258,0.8658860963921511,0.7450472071424599,0.07707818394190984,0.9817269483019957,0.857235753409114
RipVIS-102_00090.jpg,0.7749475113531987,0.5736197690694689,0.7290449450932716,0.6732624418643832,0.7949061163686572,0.6945187411881656,0.040839406883586366,0.9770090663575535,0.8324489203431131
RipVIS-102_00096.jpg,0.8327364508463553,0.6812519511315974,0.8104103024809199,0.7104793311973778,0.9430535032070838,0.7473409073835943,0.05396211312340167,0.9847357253081671,0.85420725732987
RipVIS-102_00102.jpg,0.8172645630250019,0.6518137417070152,0.7892097338207377,0.687705672588404,0.9258657777266001,0.7250041831669363,0.03977159550894552,0.9832571373452048,0.8425380926209645
RipVIS-102_00108.jpg,0.8206346739293866,0.658549794199782,0.7941272508101204,0.7076830287628675,0.9046285775996237,0.7398995486326223,0.04694994257603526,0.9832769097217481,0.8520601428134993
RipVIS-102_00114.jpg,0.8392070475198486,0.6940681605178983,0.8194099584584752,0.7525051054339625,0.899372739447867,0.7779117133593815,0.0637751744067543,0.984882812499525,0.8742422884188922
RipVIS-102_00120.jpg,0.8369866314811043,0.6897556667580242,0.816396926878066,0.7437861745612094,0.9047183896094431,0.7712233720409721,0.062301664395939274,0.9847526041661918,0.8700227860868265
RipVIS-102_00126.jpg,0.8209644800513618,0.6593769161079217,0.7947283220674107,0.7168675336142628,0.891563252564298,0.7461064233277609,0.04804419037522999,0.9831221064810074,0.8563520051109919
RipVIS-102_00132.jpg,0.8241261352712542,0.6653348702654606,0.7990403397478895,0.7431829341399621,0.8639765577320888,0.7645617989636562,0.04649993715932513,0.9834784915118714,0.8688863097881572
RipVIS-102_00138.jpg,0.8275392277381677,0.6724960552946081,0.8041825308534419,0.7923029256761795,0.8164237987638091,0.797012400097954,0.07716421509059777,0.9831838348760691,0.8920924237359311
RipVIS-102_00144.jpg,0.8370831072577125,0.6905769575110936,0.8169719271789636,0.8073079084439037,0.8268701187211992,0.8111459495845955,0.08219431104037715,0.9841690779316241,0.8997857827169627
RipVIS-102_00150.jpg,0.840349638629806,0.6965483583822495,0.8211358726566992,0.8020848255027264,0.841113935742534,0.809598170590643,0.05431472080873637,0.9847072723760684,0.8975751794923019
RipVIS-102_00156.jpg,0.8512701649926329,0.71639106350064,0.8347643829367593,0.7679817689703639,0.9142678266194386,0.7933701707484364,0.062495909949447294,0.986617476851376,0.8823329844512833
RipVIS-102_00162.jpg,0.8564289226326645,0.7256759929068691,0.8410338857232189,0.7473022570850388,0.9616504991521021,0.7821708386431914,0.08153493858292034,0.9876022376538447,0.8729671774841106
RipVIS-102_00168.jpg,0.8296839000000065,0.6748420700259922,0.8058575576806702,0.7092076193329317,0.9330065359342212,0.7449454132338271,0.05712333446825259,0.9850072337958212,0.8534354068297669
RipVIS-102_00174.jpg,0.8285852268759724,0.6736258084867217,0.8049897474941646,0.7520315329157794,0.8659716483266675,0.7723560641624881,0.04099244875683784,0.9840851658945872,0.8733577101921701
RipVIS-102_00180.jpg,0.8063010322828997,0.6322222533651779,0.7746766741621314,0.7447738355946679,0.8070811661878242,0.7564536038211774,0.059423695272110826,0.9810199652773047,0.8683087620555137
RipVIS-102_00186.jpg,0.8092172688221475,0.637375741727525,0.778533265742727,0.7329062407361544,0.8302184556399556,0.7504998764350386,0.05031446540567193,0.9816690779316254,0.8630071161740072
RipVIS-102_00192.jpg,0.7874999012887587,0.596412261694879,0.7471907802332712,0.6978494623579345,0.8040403018747199,0.7167827833287879,0.032996632994613,0.979244309413108,0.8450151945424167
RipVIS-102_00198.jpg,0.7989602850767533,0.6170496501834435,0.7631795970067379,0.7070139229311492,0.8290390297927632,0.7284580698674975,0.06318347508708937,0.9814429012340946,0.850287771001339
RipVIS-102_00204.jpg,0.7769314628616175,0.5756526783931962,0.7306847331103827,0.6788601662465209,0.7910759131935757,0.6986820641012099,0.03587712982746118,0.9788358410489106,0.8354714305604233
RipVIS-102_00210.jpg,0.768606367104859,0.5593151646297627,0.7173856540573876,0.6522796702904804,0.7969295774535644,0.6768505670127757,0.0364683301321696,0.9785006751538491,0.8225114878322776
RipVIS-102_00216.jpg,0.7939589341793674,0.6056379952747819,0.7543892173168655,0.6688378888333982,0.8650363745021724,0.7006193150803732,0.08432765785733157,0.982749324845205,0.8322670110407684
RipVIS-102_00222.jpg,0.798235822061715,0.6131899345930754,0.7602203825400776,0.6650724241513445,0.8871379333053765,0.7001229272375372,0.07558389453535005,0.9837133487649578,0.8308275689653355
RipVIS-102_00228.jpg,0.7872580572850922,0.5914272413599028,0.7432664541478097,0.6490862644835386,0.8694156869473695,0.6837413407667043,0.06070218440914842,0.983492959104464,0.8226800845237658
RipVIS-102_00234.jpg,0.7808037799788337,0.5790894281806508,0.7334472865768585,0.6424726927254173,0.8544360427226015,0.6760129367183487,0.0552554744485215,0.9829287229933531,0.8191598080172029
RipVIS-102_00240.jpg,0.7869257593678711,0.5903496297676857,0.7424148988595954,0.6785975987729188,0.8194813150769267,0.7027610764111843,0.04830183213496257,0.983885030863723,0.8366502901214221
RipVIS-102_00246.jpg,0.8107767427830486,0.635786464978237,0.7773465285234472,0.7084014429751931,0.8611586953395033,0.7344579115921364,0.06196822527957471,0.9861120756168084,0.8521771385696335
RipVIS-102_00252.jpg,0.8105493701221416,0.6347250711224148,0.776552684405345,0.6869915205585111,0.8929661900340153,0.7202170727019365,0.03921256076837391,0.9866888503081661,0.8420612244208503
RipVIS-102_00258.jpg,0.8066275425147669,0.6276281271914054,0.7712180893241565,0.7100706509047072,0.843889261672708,0.7333279506708891,0.03178991015650849,0.9859669174377961,0.8527721991700079
RipVIS-102_00264.jpg,0.8179392606654936,0.6494542669222002,0.7874777493941068,0.7828247857209247,0.7921863564754179,0.7846793572647042,0.04759045188052916,0.9867573302464377,0.8880901965763155
RipVIS-102_00270.jpg,0.8271140588272774,0.6662508396415721,0.7997005298252567,0.7946403753896333,0.8048255419079466,0.7966567332500631,0.04936660268334997,0.9882590663575481,0.8943919001787741
RipVIS-102_00276.jpg,0.7952034975114199,0.6049775449020935,0.7538766468399385,0.7400467618132462,0.7682332773092956,0.7455173754204262,0.02689565780728324,0.9857474922834752,0.866630731489425
RipVIS-102_00282.jpg,0.8494052015550226,0.708680125344965,0.8295059032209318,0.8067936676378681,0.8535339348889868,0.8157276601456327,0.083333333326361,0.9903616898143373,0.901324901535086
RipVIS-102_00288.jpg,0.8380268005135457,0.6870785492887094,0.8145187425664194,0.8083590360915014,0.8207730439305203,0.8108117050703443,0.05689154292633219,0.9892356288575477,0.9015212581897978
RipVIS-102_00294.jpg,0.835994052818716,0.6830288168410179,0.8116662174840683,0.7947846739877816,0.8292804653341374,0.8014523173542942,0.0708411855344491,0.9892158564810044,0.8949283173927651
RipVIS-102_00300.jpg,0.8223537191648996,0.6570341578560751,0.7930242774309099,0.7890283527554631,0.797060881722199,0.790621880515909,0.06345957010717676,0.9879576581785359,0.8914887974723738
RipVIS-102_00306.jpg,0.82271800646268,0.6578431372459445,0.7936132465931269,0.7821905609846646,0.8053744977944326,0.7867199484118067,0.0785654712194691,0.987881944443968,0.888193700591149
RipVIS-102_00312.jpg,0.8018719957911447,0.6179399346687653,0.7638601673989508,0.7622588358485004,0.7654682411636876,0.7628985621275005,0.042919495631836446,0.9861226851847096,0.8775866347174915
RipVIS-102_00318.jpg,0.8275999697941578,0.6669420099030194,0.80019821438398,0.7801926037410299,0.8212567881937547,0.7880735978718688,0.06240080193280421,0.9885276813266838,0.8875204550059539
RipVIS-102_00324.jpg,0.8204898646336616,0.6530687351283396,0.7901289538061914,0.7662464916086851,0.815548052943709,0.7756241069177103,0.06384449243508902,0.9881799768513753,0.8805318413696772
RipVIS-102_00330.jpg,0.8276917274095776,0.6672876818102277,0.8004469643603821,0.7609013800689112,0.8443284207437953,0.7762412668242064,0.05906331309114802,0.9883733603390296,0.8782330868167804
RipVIS-102_00336.jpg,0.8541106585611045,0.7190352944113644,0.8365567556977681,0.7937597725544597,0.8842316949441944,0.810342125426641,0.06617218100956979,0.9894772376538438,0.8950551015521591
RipVIS-102_00342.jpg,0.8308067806590937,0.6745308912981021,0.8056356497254026,0.781851048434102,0.83091275145879,0.7911943500542926,0.06438533895034176,0.9874194637340917,0.8881811304928388
RipVIS-102_00348.jpg,0.8234812946143653,0.6594097137671369,0.794752143845376,0.782673553176205,0.8072093831029924,0.7874606632776567,0.04408293998279813,0.9878457754624865,0.8884395819990014
RipVIS-102_00354.jpg,0.7985327140612761,0.6113305389782991,0.7587897382816653,0.7299018349684027,0.7900585099781229,0.741188964501764,0.034461910516975135,0.9860479359563146,0.8619448357121658
RipVIS-102_00360.jpg,0.7680100385524398,0.5528338199218021,0.7120321734744828,0.677306557155824,0.7505109930016083,0.6907822627347949,0.026982041171530264,0.983528645832859,0.8351636681054031
RipVIS-102_00366.jpg,0.7289759491891196,0.47979330465908404,0.6484598938898689,0.6972669220826349,0.6060386294589502,0.6768882350023969,0.023670481972773456,0.9785898919748367,0.8420280884993516
RipVIS-102_00372.jpg,0.7555352091902883,0.529510029258456,0.6923917060095062,0.6851394396300277,0.6997991467772222,0.6880220386394273,0.037336024214822065,0.981935281635329,0.8380755874096997
RipVIS-102_00378.jpg,0.7086666566487775,0.44236647493352654,0.6133898459528652,0.6561951504801372,0.5758271534430145,0.638375578659786,0.02818920210000086,0.975454282406937,0.8207064234497252
RipVIS-102_00384.jpg,0.7052105788590833,0.43656625419689576,0.6077913259085368,0.6692620285977038,0.5566627007658231,0.6432396795440627,0.029216677192891925,0.9743740354933572,0.826482481437091
RipVIS-102_00390.jpg,0.7222756283298642,0.4679971855787088,0.6375995678686761,0.678695215563495,0.6011965394958294,0.6616372300414628,0.034827044022419255,0.9770278742279239,0.8324393170373247
RipVIS-102_00396.jpg,0.74484641554338,0.5088383360396074,0.6744769454562033,0.6842730372994168,0.664957377686937,0.680320651018735,0.03550777750341984,0.9812268518513787,0.8370934916022592
RipVIS-102_00402.jpg,0.7677539541956251,0.5508921911677249,0.7104197110605573,0.6516449768286197,0.7808478194412758,0.6739479105614302,0.027258349611381676,0.9849006558637226,0.8231473511826749
RipVIS-102_00408.jpg,0.7986453848896125,0.6103526233798651,0.758035991022681,0.7260661520602483,0.792950869682771,0.7385249396049453,0.030774433544912543,0.9872000385797708,0.8603410670512242
RipVIS-102_00414.jpg,0.7424870552161844,0.5032054284767429,0.6695098606537906,0.656595997334068,0.6829418923458678,0.6617012963699529,0.033138401556645616,0.9820992476847116,0.8239696072958971
RipVIS-102_00420.jpg,0.781699911063989,0.5775620628388703,0.7322210345240302,0.687807774234488,0.7827659532029101,0.7049104634140231,0.03590055632511296,0.9861067708328578,0.8411932746886993
RipVIS-102_00426.jpg,0.7351429699729013,0.490120774161275,0.6578269126368538,0.686922341430523,0.6310960731263445,0.6749806879945439,0.037754351553668845,0.9805362654316259,0.83783979530986
RipVIS-102_00432.jpg,0.7604368017560663,0.5373169416213224,0.6990320955607816,0.6961889233180522,0.7018985855320574,0.6973234123352033,0.05513658454372913,0.9838647762340934,0.8440053324188053
RipVIS-102_00438.jpg,0.7542360479051645,0.5261709802200288,0.6895308416153615,0.7142806083114842,0.6664387901312829,0.7041705132451498,0.04909518785611497,0.9826422646600199,0.8521827868940188
RipVIS-102_00444.jpg,0.7844655799011602,0.5831810661019613,0.7367206172290123,0.7249736187740342,0.7488545669385742,0.7296271762452659,0.0403106186161495,0.9860286458328578,0.8591181039024273
RipVIS-102_00450.jpg,0.7762161030008125,0.5675031048807794,0.7240854619218663,0.7191965802665093,0.7290412647630531,0.7211441893830703,0.03585279668742111,0.9852213541661915,0.8558947956896132
RipVIS-102_00456.jpg,0.8007330639707295,0.6146424354048755,0.7613356640794002,0.753792628423895,0.7690311886133757,0.756791835258322,0.06451056489309956,0.9870949074069314,0.8737185387586346
RipVIS-102_00462.jpg,0.7874672079933671,0.5892060344133551,0.7415099384905829,0.734595482388171,0.7485557974922425,0.7373457326304071,0.043898746947784145,0.9860146604933516,0.86383414195597
RipVIS-102_00468.jpg,0.7896112774583497,0.5935190369457795,0.744916154981554,0.755285986555598,0.7348272156816952,0.7511036002522515,0.04329514824433161,0.9859958526229813,0.8738508505793794
RipVIS-102_00474.jpg,0.7901733444191159,0.5945318436299422,0.7457133528001473,0.7526140472621063,0.7389380530844216,0.7498385001455273,0.05055372389461884,0.9861038773143392,0.8726075716959247
RipVIS-102_00480.jpg,0.8043571279238677,0.6216876121993296,0.7667168541248188,0.7710326154585755,0.762449137750569,0.769300493731494,0.03639815120201402,0.9872974537032275,0.8821739878527217
RipVIS-102_00486.jpg,0.7989161446238846,0.6113687782718982,0.758819193366222,0.7708463334919352,0.7471615946783631,0.7659900149881477,0.041981249477973846,0.9867457561723636,0.881797164210915
RipVIS-102_00492.jpg,0.7942120957446817,0.6022201402407203,0.7517320811486513,0.7563693415686432,0.7471513358210115,0.7545075888267997,0.04012733517298087,0.98648630401187,0.8746265737030683
RipVIS-102_00498.jpg,0.8177474991566621,0.6479419561790437,0.7863650218377556,0.7539737948603858,0.8216642779903097,0.7666047061387146,0.05352402157630179,0.9878317901229804,0.8744821869639388
RipVIS-102_00504.jpg,0.793745928822728,0.6021628991858762,0.751687483828092,0.7321814605800728,0.7722612720594504,0.7398611138485393,0.058266058260945414,0.9856476658945864,0.8627896637799095
RipVIS-102_00510.jpg,0.7827490186345947,0.5814773211374744,0.7353596708162061,0.7320189197416898,0.7387310543806389,0.7333515710489292,0.03577625381841062,0.984367766203229,0.862051360851525
RipVIS-102_00516.jpg,0.7804569684149212,0.577786831603914,0.7324016401082006,0.7606748695486131,0.7061548443452665,0.7491076144894594,0.03462935765365777,0.983507908950143,0.8754981567543823
RipVIS-102_00522.jpg,0.7975021661982679,0.6104848432044833,0.7581379555112895,0.7983843440534697,0.7217544632911359,0.7817836872546928,0.039221838716722475,0.98488618827113,0.8944865867034617
RipVIS-102_00528.jpg,0.7874936627335694,0.5903777273305819,0.7424371168999198,0.7314012645558344,0.7538111032808354,0.7357760002092967,0.028376557761167348,0.9849435763884139,0.8620486845639399
RipVIS-102_00534.jpg,0.8008300575592473,0.6161412687950799,0.7624844197617036,0.7500278648989693,0.7753617224280199,0.7549613255418111,0.040528118990513236,0.9858478009254505,0.8716205018841434
RipVIS-102_00540.jpg,0.7780001313816614,0.573938953140629,0.7293026860989676,0.7790392178593533,0.6855357367948895,0.7583521658126176,0.041484716153970314,0.9824845679007608,0.8839389859227325
RipVIS-102_00546.jpg,0.7559547510704903,0.5325764172579925,0.6950079764516421,0.7613917484516576,0.6392715480188778,0.7333724834278265,0.04517326732323845,0.9798085455242188,0.874002752335129
RipVIS-102_00552.jpg,0.7501805457966795,0.5209630266492294,0.6850436434302304,0.7252573617313023,0.6490551484673972,0.7086183182536935,0.051072856322829985,0.9798495370365645,0.856519612740718
RipVIS-102_00558.jpg,0.764913197411683,0.5490189256824727,0.7088601908986797,0.7556140770767598,0.6675549915303504,0.7361914536294085,0.047748106811658184,0.981245659721749,0.8719448692595114
RipVIS-102_00564.jpg,0.7971641703040773,0.6102621143170246,0.7579661831339312,0.8165787685505456,0.7072043040784152,0.7920785864482315,0.07698019801345048,0.9844540895056981,0.9030954918828937
RipVIS-102_00570.jpg,0.7724510176056613,0.5638656894430559,0.7211177957921272,0.8027793056459253,0.6545361015029608,0.767991456959792,0.06084443730447548,0.9814901620365637,0.8948802626589524
RipVIS-102_00576.jpg,0.791400946295788,0.5996762501249291,0.749747019221041,0.8087930516096,0.6987357342896366,0.784092686832249,0.055019384636227055,0.9835416666661924,0.89891450762998
RipVIS-102_00582.jpg,0.7961258319681821,0.6084509398490918,0.7565676077209764,0.8055340220410775,0.7132131501069714,0.7852060439136778,0.07659831121173545,0.9841984953698958,0.8976749667363697
RipVIS-102_00588.jpg,0.8187939601907748,0.65197546540657,0.7893282667440964,0.8311900543583727,0.7514809240309928,0.8139235773573619,0.07592116537481396,0.9859900655859443,0.9111137302072386
RipVIS-102_00594.jpg,0.7899267162267611,0.5977627540742143,0.7482497042191645,0.8210336611762931,0.6873194057242014,0.790284548303824,0.06991106718791905,0.982554976851378,0.9044275651839713
RipVIS-102_00600.jpg,0.8381650977888351,0.6885609786771528,0.8155595058421675,0.8338322438628836,0.7980704575237821,0.8264257645755251,0.06388312585893126,0.9880912422834741,0.9134765932965085
RipVIS-102_00606.jpg,0.8037847177799926,0.6231736891702824,0.7678459715408892,0.7966888630827068,0.7410185382379286,0.7848955308321722,0.039614017264295406,0.9847882908945869,0.8938051202236781
RipVIS-102_00612.jpg,0.8085908606130462,0.6326206043396052,0.7749756467094203,0.8201478404175553,0.7345196897682295,0.8014614358248784,0.023968371631334456,0.984960937499525,0.9052413003105566
RipVIS-102_00618.jpg,0.8268174292478396,0.667185751123325,0.8003736244432093,0.8114466655695746,0.7895987214261502,0.806980884971379,0.024902260749200895,0.9868074845674253,0.9020810406205153
RipVIS-102_00624.jpg,0.8185481039869387,0.6517071557562423,0.789131600580679,0.8165071097640457,0.7635322116343324,0.8053321035364444,0.031516183983686864,0.9857778742279196,0.9039938701433115
RipVIS-102_00630.jpg,0.8089167881339054,0.6333897414876187,0.7755524911167319,0.8030421851530261,0.749882554498164,0.7918157254322947,0.03907530405942592,0.9848509837958214,0.897009166705249
RipVIS-102_00636.jpg,0.8708544127758809,0.7520236258982027,0.8584628823286168,0.7900541382373033,0.9398413101483819,0.8160662433472508,0.08859946802819411,0.9899980709871768,0.8940175349634989
RipVIS-102_00642.jpg,0.85848009431666,0.7282350968705454,0.8427500381044446,0.7638642901010682,0.9398055851617321,0.7935774668472743,0.059172113284603735,0.9890557484563132,0.8809554596222298
RipVIS-102_00648.jpg,0.856172189061078,0.7239579026857236,0.8398788642783936,0.791617694532882,0.8944065842530039,0.8102409399646244,0.05497382198488652,0.9887297453698936,0.8939963809243126
RipVIS-102_00654.jpg,0.8573647868705114,0.7262519039717769,0.8414205392629076,0.811491523176839,0.8736417482085475,0.8232039466463945,0.044548363274710935,0.9888194444439676,0.9035193180664052
RipVIS-102_00660.jpg,0.8518622971324935,0.7158187274405842,0.8343757018066137,0.8087868592808394,0.8616366345140749,0.8188317135331236,0.05402270278780158,0.9882634066353259,0.9019297257251239
RipVIS-102_00666.jpg,0.8645097261767032,0.7398601899038525,0.8504823481761926,0.809113798536142,0.8963090351913939,0.825168703167575,0.07560439559774906,0.9894835069439673,0.902760406922256
RipVIS-102_00672.jpg,0.8646903941668309,0.7402606651859999,0.8507468794703584,0.813588509245384,0.8914618980103284,0.8280554161388749,0.0742677824203044,0.9894473379624857,0.9048931025137485
RipVIS-102_00678.jpg,0.8483764734757402,0.7090985707681159,0.8297924799614423,0.7903017494319818,0.8734374324023035,0.8056382308115829,0.05340536710181513,0.9880150462958198,0.8929530196900449
RipVIS-102_00684.jpg,0.8556889181097065,0.7230404304949015,0.8392611313098737,0.7993033540657339,0.8834241716284076,0.8148210210497758,0.07344734472786252,0.988682002314338,0.8976273368773706
RipVIS-102_00690.jpg,0.863675173697142,0.7384480131199338,0.8495485715384334,0.8218465030615653,0.8791832975007791,0.8327076713212396,0.06653190366790895,0.989239486882239,0.9087556927520579
RipVIS-102_00696.jpg,0.8543725363116841,0.7206666821877907,0.8376598322592944,0.8072091111788553,0.8704980303760482,0.8191198119102338,0.06737683088616273,0.9884341242279184,0.9012997873604773
RipVIS-102_00702.jpg,0.8474481662106521,0.7072683471331187,0.8285379955890105,0.7851617027280712,0.8769871916173375,0.8019555536604671,0.0781335273714632,0.9879870756168075,0.8904671247601258
RipVIS-102_00708.jpg,0.8501483687927678,0.7124821231717291,0.832104596633247,0.7929109101953883,0.8753744670918976,0.8081368137771112,0.07447192633377217,0.9881717785489061,0.8942888978478032
RipVIS-102_00714.jpg,0.8550167686709356,0.7216835008756759,0.8383463052397447,0.793237055290814,0.8888953862217284,0.8106854107558078,0.06483024826170451,0.9886916473760664,0.8947156228610046
RipVIS-102_00720.jpg,0.8402611178880666,0.6933817699807905,0.8189314214580874,0.7644449662666244,0.8817811084393214,0.7853457172342622,0.04517133955995402,0.9875038580242151,0.8802554805035488
RipVIS-102_00726.jpg,0.8468000735208092,0.7058536120229538,0.8275664535902227,0.7727160058866227,0.8907988930865248,0.793759916806038,0.04580087320898888,0.9880965470674247,0.8845399777275704
RipVIS-102_00732.jpg,0.7759236106176629,0.5725954666063652,0.7282171146557056,0.7593257057645478,0.699557163341863,0.7465686861828881,0.025023038206208048,0.9798128858019967,0.8736408350747564
RipVIS-102_00738.jpg,0.7088595745146747,0.4493462644876975,0.6200675097424404,0.7063841310580681,0.5525487994688187,0.6691258141223126,0.010594072682674394,0.969168595678545,0.8426289687339479
RipVIS-102_00744.jpg,0.701283939036355,0.43931537232542284,0.610450469400108,0.7828679346987338,0.5002715400155142,0.7033997939518817,0.03734439833786502,0.9642809606476831,0.876937375752351
RipVIS-102_00750.jpg,0.7068292297516441,0.4459237860533929,0.6168012316479403,0.7079859705826523,0.5464247043088204,0.668457439220721,0.02622285671153183,0.968551311727928,0.8430988483447908
RipVIS-102_00756.jpg,0.7277117191372571,0.48422574436140897,0.6524960858561957,0.7367547434517726,0.5855319605256807,0.7005682051492629,0.036603855314662925,0.9719560185180498,0.8587136961430699
RipVIS-108_00000.jpg,0.4960795235337114,0.0,0.0,0.0,0.0,0.0,0.0,0.9921590470674228,0.49999999999975697
RipVIS-108_00006.jpg,0.4960537229935879,0.0,0.0,0.0,0.0,0.0,0.0,0.9921074459871758,0.49999999999975697
RipVIS-108_00012.jpg,0.4959712577158102,0.0,0.0,0.0,0.0,0.0,0.0,0.9919425154316204,0.4999999999997569
RipVIS-108_00018.jpg,0.49587890624976083,0.0,0.0,0.0,0.0,0.0,0.0,0.9917578124995217,0.49999999999975686
RipVIS-108_00024.jpg,0.49594859182074846,0.0,0.0,0.0,0.0,0.0,0.0,0.9918971836414969,0.4999999999997569
RipVIS-108_00030.jpg,0.49561680169729183,0.0,0.0,0.0,0.0,0.0,0.0,0.9912336033945837,0.49999999999975675
RipVIS-108_00036.jpg,0.4954229359565512,0.0,0.0,0.0,0.0,0.0,0.0,0.9908458719131024,0.49999999999975664
RipVIS-108_00042.jpg,0.4954101562497611,0.0,0.0,0.0,0.0,0.0,0.0,0.9908203124995222,0.49999999999975664
RipVIS-108_00048.jpg,0.4954622395830944,0.0,0.0,0.0,0.0,0.0,0.0,0.9909244791661888,0.49999999999975664
RipVIS-108_00054.jpg,0.4955037133485265,0.0,0.0,0.0,0.0,0.0,0.0,0.991007426697053,0.4999999999997567
RipVIS-108_00060.jpg,0.4956076388886499,0.0,0.0,0.0,0.0,0.0,0.0,0.9912152777772998,0.49999999999975675
RipVIS-108_00066.jpg,0.4957339891972918,0.0,0.0,0.0,0.0,0.0,0.0,0.9914679783945836,0.4999999999997568
RipVIS-108_00072.jpg,0.4957713638114893,0.0,0.0,0.0,0.0,0.0,0.0,0.9915427276229786,0.4999999999997568
RipVIS-108_00078.jpg,0.4952179783948229,0.0,0.0,0.0,0.0,0.0,0.0,0.9904359567896458,0.49999999999975653
RipVIS-108_00084.jpg,0.49523558063247725,0.0,0.0,0.0,0.0,0.0,0.0,0.9904711612649545,0.49999999999975653
RipVIS-108_00090.jpg,0.4952922453701315,0.0,0.0,0.0,0.0,0.0,0.0,0.990584490740263,0.4999999999997566
RipVIS-108_00096.jpg,0.4954000289349463,0.0,0.0,0.0,0.0,0.0,0.0,0.9908000578698926,0.49999999999975664
RipVIS-108_00102.jpg,0.4953831500769216,0.0,0.0,0.0,0.0,0.0,0.0,0.9907663001538431,0.49999999999975664
RipVIS-108_00108.jpg,0.49562210648124244,0.0,0.0,0.0,0.0,0.0,0.0,0.9912442129624849,0.49999999999975675
RipVIS-108_00114.jpg,0.4955601369596376,0.0,0.0,0.0,0.0,0.0,0.0,0.9911202739192752,0.4999999999997567
RipVIS-108_00120.jpg,0.4954528356479092,0.0,0.0,0.0,0.0,0.0,0.0,0.9909056712958184,0.49999999999975664
RipVIS-108_00126.jpg,0.4956187307096375,0.0,0.0,0.0,0.0,0.0,0.0,0.991237461419275,0.49999999999975675
RipVIS-108_00132.jpg,0.49540895061704504,0.0,0.0,0.0,0.0,0.0,0.0,0.9908179012340901,0.49999999999975664
RipVIS-108_00138.jpg,0.49541232638864996,0.0,0.0,0.0,0.0,0.0,0.0,0.9908246527772999,0.49999999999975664
RipVIS-108_00144.jpg,0.49513768325593405,0.0,0.0,0.0,0.0,0.0,0.0,0.9902753665118681,0.49999999999975653
RipVIS-108_00150.jpg,0.49508294753062543,0.0,0.0,0.0,0.0,0.0,0.0,0.9901658950612509,0.4999999999997565
RipVIS-108_00156.jpg,0.4951087480707489,0.0,0.0,0.0,0.0,0.0,0.0,0.9902174961414978,0.4999999999997565
RipVIS-108_00162.jpg,0.4950383391201316,0.0,0.0,0.0,0.0,0.0,0.0,0.9900766782402632,0.4999999999997565
RipVIS-108_00168.jpg,0.4950863233022304,0.0,0.0,0.0,0.0,0.0,0.0,0.9901726466044608,0.4999999999997565
RipVIS-108_00174.jpg,0.4959693287034645,0.0,0.0,0.0,0.0,0.0,0.0,0.991938657406929,0.4999999999997569
RipVIS-108_00180.jpg,0.4960706018516126,0.0,0.0,0.0,0.0,0.0,0.0,0.9921412037032252,0.49999999999975697
RipVIS-108_00186.jpg,0.4961376350306249,0.0,0.0,0.0,0.0,0.0,0.0,0.9922752700612498,0.49999999999975697
RipVIS-108_00192.jpg,0.4961930941355632,0.0,0.0,0.0,0.0,0.0,0.0,0.9923861882711263,0.499999999999757
RipVIS-108_00198.jpg,0.49635513117260016,0.0,0.0,0.0,0.0,0.0,0.0,0.9927102623452003,0.4999999999997571
RipVIS-108_00204.jpg,0.4965856481479087,0.0,0.0,0.0,0.0,0.0,0.0,0.9931712962958174,0.4999999999997572
RipVIS-108_00210.jpg,0.49659312307074815,0.0,0.0,0.0,0.0,0.0,0.0,0.9931862461414963,0.4999999999997572
RipVIS-108_00216.jpg,0.49661988811704444,0.0,0.0,0.0,0.0,0.0,0.0,0.9932397762340889,0.49999999999975725
RipVIS-108_00222.jpg,0.4968684895830937,0.0,0.0,0.0,0.0,0.0,0.0,0.9937369791661874,0.49999999999975736
RipVIS-108_00228.jpg,0.49686535493803197,0.0,0.0,0.0,0.0,0.0,0.0,0.9937307098760639,0.49999999999975736
RipVIS-108_00234.jpg,0.4945968364195146,0.0,0.0,0.0,0.0,0.0,0.0,0.9891936728390291,0.49999999999975625
RipVIS-108_00240.jpg,0.4945975597991442,0.0,0.0,0.0,0.0,0.0,0.0,0.9891951195982884,0.49999999999975625
RipVIS-108_00246.jpg,0.4948297646602552,0.0,0.0,0.0,0.0,0.0,0.0,0.9896595293205104,0.49999999999975636
RipVIS-108_00252.jpg,0.49494743441334155,0.0,0.0,0.0,0.0,0.0,0.0,0.9898948688266831,0.4999999999997564
RipVIS-108_00258.jpg,0.4948206018516132,0.0,0.0,0.0,0.0,0.0,0.0,0.9896412037032264,0.49999999999975636
RipVIS-108_00264.jpg,0.4954034047065512,0.0,0.0,0.0,0.0,0.0,0.0,0.9908068094131024,0.49999999999975664
RipVIS-108_00270.jpg,0.49513816550902046,0.0,0.0,0.0,0.0,0.0,0.0,0.9902763310180409,0.49999999999975653
RipVIS-108_00276.jpg,0.4950494309411193,0.0,0.0,0.0,0.0,0.0,0.0,0.9900988618822386,0.4999999999997565
RipVIS-108_00282.jpg,0.4955480806324771,0.0,0.0,0.0,0.0,0.0,0.0,0.9910961612649541,0.4999999999997567
RipVIS-108_00288.jpg,0.4956857638886498,0.0,0.0,0.0,0.0,0.0,0.0,0.9913715277772996,0.49999999999975675
RipVIS-108_00294.jpg,0.49557243441334126,0.0,0.0,0.0,0.0,0.0,0.0,0.9911448688266825,0.4999999999997567
RipVIS-108_00300.jpg,0.4959592013886497,0.0,0.0,0.0,0.0,0.0,0.0,0.9919184027772994,0.4999999999997569
RipVIS-108_00306.jpg,0.49591362847198306,0.0,0.0,0.0,0.0,0.0,0.0,0.9918272569439661,0.49999999999975686
RipVIS-108_00312.jpg,0.4959538966046991,0.0,0.0,0.0,0.0,0.0,0.0,0.9919077932093981,0.4999999999997569
RipVIS-108_00318.jpg,0.4963958815584026,0.0,0.0,0.0,0.0,0.0,0.0,0.9927917631168052,0.49999999999975714
RipVIS-108_00324.jpg,0.7314928560942482,0.46843225346566886,0.6380032205913686,0.6968481778037957,0.5883226419227653,0.6720539542962601,0.03427265802633342,0.9945794753081624,0.8467413057808616
RipVIS-108_00330.jpg,0.7530519002102065,0.5112382886181179,0.6765819691950714,0.7948478759475568,0.5889515099644326,0.7429042815752763,0.049014778313050546,0.994892939814335,0.895547175550151
RipVIS-108_00336.jpg,0.790488806281281,0.5854330352846819,0.7385149952795843,0.8906979938931919,0.6307467769092315,0.8228715774508435,0.03353802549987293,0.9955724344131002,0.9435059086005003
RipVIS-108_00342.jpg,0.7539053220479159,0.5131642778163985,0.6782664451435905,0.9280587014732765,0.5344233683674999,0.8088981578032672,0.04589673234075911,0.9946764081785326,0.9615701816284321
RipVIS-108_00348.jpg,0.7454236024354698,0.4959717785910296,0.6630763837779843,0.7722110887870399,0.5809693991187754,0.7245125348189415,0.023279352220830125,0.9949011381168041,0.8842842974507352
RipVIS-108_00354.jpg,0.7705867525508997,0.5457105403434621,0.7060966799413859,0.7137867529869951,0.6985705406650982,0.7106907104377956,0.08367968964154068,0.9954875578698903,0.8557149638466764
RipVIS-108_00360.jpg,0.7092816121022734,0.4244086226428649,0.5959085277866573,0.49008701396133453,0.7600136646374572,0.5275607355853025,0.034809245325867655,0.9941796874995206,0.7443599557053214
RipVIS-108_00366.jpg,0.806589046859052,0.6169606445921013,0.7631115162332691,0.9476981131360228,0.6387080365900962,0.864093036058354,0.06589446587750464,0.9962403549377912,0.9721253203093669
RipVIS-108_00372.jpg,0.49542582947506975,0.0,0.0,0.0,0.0,0.0,0.0,0.9908516589501395,0.49999999999975664
RipVIS-108_00378.jpg,0.49556761188247705,0.0,0.0,0.0,0.0,0.0,0.0,0.9911352237649541,0.4999999999997567
RipVIS-108_00384.jpg,0.4956838348763042,0.0,0.0,0.0,0.0,0.0,0.0,0.9913676697526084,0.49999999999975675
RipVIS-108_00390.jpg,0.49643928433618034,0.0,0.0,0.0,0.0,0.0,0.0,0.9928785686723607,0.49999999999975714
RipVIS-108_00396.jpg,0.49646436149667417,0.0,0.0,0.0,0.0,0.0,0.0,0.9929287229933483,0.49999999999975714
RipVIS-108_00402.jpg,0.4964605034719828,0.0,0.0,0.0,0.0,0.0,0.0,0.9929210069439656,0.49999999999975714
RipVIS-108_00408.jpg,0.49648533950593343,0.0,0.0,0.0,0.0,0.0,0.0,0.9929706790118669,0.49999999999975714
RipVIS-108_00414.jpg,0.49656442901210623,0.0,0.0,0.0,0.0,0.0,0.0,0.9931288580242125,0.4999999999997572
RipVIS-108_00420.jpg,0.4966059027775383,0.0,0.0,0.0,0.0,0.0,0.0,0.9932118055550766,0.49999999999975725
RipVIS-108_00426.jpg,0.4966138599534642,0.0,0.0,0.0,0.0,0.0,0.0,0.9932277199069284,0.49999999999975725
RipVIS-108_00432.jpg,0.4966878858022296,0.0,0.0,0.0,0.0,0.0,0.0,0.9933757716044592,0.49999999999975725
RipVIS-108_00438.jpg,0.4968219521602542,0.0,0.0,0.0,0.0,0.0,0.0,0.9936439043205084,0.4999999999997573
RipVIS-108_00444.jpg,0.6242432380550399,0.2527247956188075,0.403480152229236,0.25302642794091845,0.9953051639854779,0.297382870426035,0.011226944662699702,0.9957677469131,0.6265098189938119
RipVIS-108_00450.jpg,0.4970869502312418,0.0,0.0,0.0,0.0,0.0,0.0,0.9941739004624836,0.49999999999975747
RipVIS-108_00456.jpg,0.4972024498454392,0.0,0.0,0.0,0.0,0.0,0.0,0.9944048996908784,0.4999999999997575
RipVIS-108_00462.jpg,0.4972759934411182,0.0,0.0,0.0,0.0,0.0,0.0,0.9945519868822364,0.4999999999997575
RipVIS-108_00468.jpg,0.49753375771580943,0.0,0.0,0.0,0.0,0.0,0.0,0.9950675154316189,0.4999999999997577
RipVIS-108_00474.jpg,0.497547019675686,0.0,0.0,0.0,0.0,0.0,0.0,0.995094039351372,0.4999999999997577
RipVIS-108_00480.jpg,0.49761525848741434,0.0,0.0,0.0,0.0,0.0,0.0,0.9952305169748287,0.4999999999997577
RipVIS-108_00486.jpg,0.4976191165121057,0.0,0.0,0.0,0.0,0.0,0.0,0.9952382330242114,0.4999999999997577
RipVIS-108_00492.jpg,0.49774377893494515,0.0,0.0,0.0,0.0,0.0,0.0,0.9954875578698903,0.4999999999997578
RipVIS-108_00498.jpg,0.4977387152775377,0.0,0.0,0.0,0.0,0.0,0.0,0.9954774305550754,0.49999999999975775
RipVIS-108_00504.jpg,0.4979212480707475,0.0,0.0,0.0,0.0,0.0,0.0,0.995842496141495,0.49999999999975786
RipVIS-108_00510.jpg,0.4979371624225994,0.0,0.0,0.0,0.0,0.0,0.0,0.9958743248451988,0.49999999999975786
RipVIS-108_00516.jpg,0.4980273437497598,0.0,0.0,0.0,0.0,0.0,0.0,0.9960546874995196,0.4999999999997579
RipVIS-108_00522.jpg,0.49720558449050095,0.0,0.0,0.0,0.0,0.0,0.0,0.9944111689810019,0.4999999999997575
RipVIS-108_00528.jpg,0.497818287036797,0.0,0.0,0.0,0.0,0.0,0.0,0.995636574073594,0.4999999999997578
RipVIS-108_00534.jpg,0.49781539351827847,0.0,0.0,0.0,0.0,0.0,0.0,0.9956307870365569,0.4999999999997578
RipVIS-108_00540.jpg,0.49778067129605624,0.0,0.0,0.0,0.0,0.0,0.0,0.9955613425921125,0.4999999999997578
RipVIS-108_00546.jpg,0.49784047067877224,0.0,0.0,0.0,0.0,0.0,0.0,0.9956809413575445,0.4999999999997578
RipVIS-108_00552.jpg,0.49790485146580926,0.0,0.0,0.0,0.0,0.0,0.0,0.9958097029316185,0.49999999999975786
RipVIS-108_00558.jpg,0.4984671585645744,0.0,0.0,0.0,0.0,0.0,0.0,0.9969343171291488,0.49999999999975814
RipVIS-108_00564.jpg,0.49830488040099424,0.0,0.0,0.0,0.0,0.0,0.0,0.9966097608019885,0.499999999999758
RipVIS-108_00570.jpg,0.49838204089482135,0.0,0.0,0.0,0.0,0.0,0.0,0.9967640817896427,0.4999999999997581
RipVIS-108_00576.jpg,0.4980842496139573,0.0,0.0,0.0,0.0,0.0,0.0,0.9961684992279146,0.49999999999975797
RipVIS-108_00582.jpg,0.4984010898917349,0.0,0.0,0.0,0.0,0.0,0.0,0.9968021797834699,0.4999999999997581
RipVIS-108_00588.jpg,0.4984211033948214,0.0,0.0,0.0,0.0,0.0,0.0,0.9968422067896427,0.4999999999997581
RipVIS-108_00594.jpg,0.49842664930531516,0.0,0.0,0.0,0.0,0.0,0.0,0.9968532986106303,0.49999999999975814
RipVIS-108_00600.jpg,0.498268952546056,0.0,0.0,0.0,0.0,0.0,0.0,0.996537905092112,0.499999999999758
RipVIS-108_00606.jpg,0.498496576002846,0.0,0.0,0.0,0.0,0.0,0.0,0.996993152005692,0.49999999999975814
RipVIS-108_00612.jpg,0.49850043402753735,0.0,0.0,0.0,0.0,0.0,0.0,0.9970008680550747,0.49999999999975814
RipVIS-108_00618.jpg,0.4983060860337103,0.0,0.0,0.0,0.0,0.0,0.0,0.9966121720674206,0.499999999999758
RipVIS-108_00624.jpg,0.49847029320963615,0.0,0.0,0.0,0.0,0.0,0.0,0.9969405864192723,0.49999999999975814
RipVIS-108_00630.jpg,0.49834201388864857,0.0,0.0,0.0,0.0,0.0,0.0,0.9966840277772971,0.4999999999997581
RipVIS-108_00636.jpg,0.4983559992281547,0.0,0.0,0.0,0.0,0.0,0.0,0.9967119984563094,0.4999999999997581
RipVIS-108_00642.jpg,0.49787229938247596,0.0,0.0,0.0,0.0,0.0,0.0,0.9957445987649519,0.49999999999975786
RipVIS-108_00648.jpg,0.49784529320963644,0.0,0.0,0.0,0.0,0.0,0.0,0.9956905864192729,0.4999999999997578
RipVIS-108_00654.jpg,0.497799961419513,0.0,0.0,0.0,0.0,0.0,0.0,0.995599922839026,0.4999999999997578
RipVIS-108_00660.jpg,0.4977741608793896,0.0,0.0,0.0,0.0,0.0,0.0,0.9955483217587792,0.4999999999997578
RipVIS-108_00666.jpg,0.4977536651232167,0.0,0.0,0.0,0.0,0.0,0.0,0.9955073302464335,0.4999999999997578
RipVIS-108_00672.jpg,0.4978308256170439,0.0,0.0,0.0,0.0,0.0,0.0,0.9956616512340878,0.4999999999997578
RipVIS-108_00678.jpg,0.4978308256170439,0.0,0.0,0.0,0.0,0.0,0.0,0.9956616512340878,0.4999999999997578
RipVIS-108_00684.jpg,0.49783058449050066,0.0,0.0,0.0,0.0,0.0,0.0,0.9956611689810013,0.4999999999997578
RipVIS-108_00690.jpg,0.4977302758485254,0.0,0.0,0.0,0.0,0.0,0.0,0.9954605516970508,0.49999999999975775
RipVIS-108_00696.jpg,0.4977302758485254,0.0,0.0,0.0,0.0,0.0,0.0,0.9954605516970508,0.49999999999975775
RipVIS-108_00702.jpg,0.4977281057096365,0.0,0.0,0.0,0.0,0.0,0.0,0.995456211419273,0.49999999999975775
RipVIS-108_00708.jpg,0.4977281057096365,0.0,0.0,0.0,0.0,0.0,0.0,0.995456211419273,0.49999999999975775
RipVIS-108_00714.jpg,0.49771677276210563,0.0,0.0,0.0,0.0,0.0,0.0,0.9954335455242113,0.49999999999975775
RipVIS-108_00720.jpg,0.4977201485337106,0.0,0.0,0.0,0.0,0.0,0.0,0.9954402970674212,0.49999999999975775
RipVIS-108_00726.jpg,0.4976410590275378,0.0,0.0,0.0,0.0,0.0,0.0,0.9952821180550756,0.49999999999975775
RipVIS-108_00732.jpg,0.4977531828701303,0.0,0.0,0.0,0.0,0.0,0.0,0.9955063657402606,0.4999999999997578
RipVIS-108_00738.jpg,0.4977524594905007,0.0,0.0,0.0,0.0,0.0,0.0,0.9955049189810014,0.4999999999997578
RipVIS-108_00744.jpg,0.49771701388864886,0.0,0.0,0.0,0.0,0.0,0.0,0.9954340277772977,0.49999999999975775
RipVIS-108_00750.jpg,0.4977182195213649,0.0,0.0,0.0,0.0,0.0,0.0,0.9954364390427298,0.49999999999975775
RipVIS-108_00756.jpg,0.4977158082559328,0.0,0.0,0.0,0.0,0.0,0.0,0.9954316165118656,0.49999999999975775
RipVIS-108_00762.jpg,0.49771701388864886,0.0,0.0,0.0,0.0,0.0,0.0,0.9954340277772977,0.49999999999975775
RipVIS-108_00768.jpg,0.49771846064790815,0.0,0.0,0.0,0.0,0.0,0.0,0.9954369212958163,0.49999999999975775
RipVIS-108_00774.jpg,0.4978421585645747,0.0,0.0,0.0,0.0,0.0,0.0,0.9956843171291494,0.4999999999997578
RipVIS-108_00780.jpg,0.49783757716025373,0.0,0.0,0.0,0.0,0.0,0.0,0.9956751543205075,0.4999999999997578
RipVIS-108_00786.jpg,0.4976678240738341,0.0,0.0,0.0,0.0,0.0,0.0,0.9953356481476682,0.49999999999975775
RipVIS-108_00792.jpg,0.4976678240738341,0.0,0.0,0.0,0.0,0.0,0.0,0.9953356481476682,0.49999999999975775
RipVIS-108_00798.jpg,0.49770158178988344,0.0,0.0,0.0,0.0,0.0,0.0,0.9954031635797669,0.49999999999975775
RipVIS-108_00804.jpg,0.4976984471448217,0.0,0.0,0.0,0.0,0.0,0.0,0.9953968942896434,0.49999999999975775
RipVIS-108_00810.jpg,0.4975634162806242,0.0,0.0,0.0,0.0,0.0,0.0,0.9951268325612485,0.4999999999997577
RipVIS-108_00816.jpg,0.4975634162806242,0.0,0.0,0.0,0.0,0.0,0.0,0.9951268325612485,0.4999999999997577
RipVIS-108_00822.jpg,0.4974727527003774,0.0,0.0,0.0,0.0,0.0,0.0,0.9949455054007548,0.49999999999975764
RipVIS-108_00828.jpg,0.49639322916642725,0.0,0.0,0.0,0.0,0.0,0.0,0.9927864583328545,0.49999999999975714
RipVIS-108_00834.jpg,0.4963705632713656,0.0,0.0,0.0,0.0,0.0,0.0,0.9927411265427312,0.4999999999997571
RipVIS-108_00840.jpg,0.49640094521580996,0.0,0.0,0.0,0.0,0.0,0.0,0.9928018904316199,0.49999999999975714
RipVIS-108_00846.jpg,0.49641300154297047,0.0,0.0,0.0,0.0,0.0,0.0,0.9928260030859409,0.49999999999975714
RipVIS-108_00852.jpg,0.496391782407168,0.0,0.0,0.0,0.0,0.0,0.0,0.992783564814336,0.49999999999975714
RipVIS-108_00858.jpg,0.49639732831766187,0.0,0.0,0.0,0.0,0.0,0.0,0.9927946566353237,0.49999999999975714
RipVIS-108_00864.jpg,0.49631606867260014,0.0,0.0,0.0,0.0,0.0,0.0,0.9926321373452003,0.4999999999997571
RipVIS-108_00870.jpg,0.49639756944420504,0.0,0.0,0.0,0.0,0.0,0.0,0.9927951388884101,0.49999999999975714
RipVIS-108_00876.jpg,0.49635489004605693,0.0,0.0,0.0,0.0,0.0,0.0,0.9927097800921139,0.4999999999997571
RipVIS-108_00882.jpg,0.49644796489173587,0.0,0.0,0.0,0.0,0.0,0.0,0.9928959297834717,0.49999999999975714
RipVIS-108_00888.jpg,0.4963845486108717,0.0,0.0,0.0,0.0,0.0,0.0,0.9927690972217434,0.49999999999975714
RipVIS-108_00894.jpg,0.4964330150460569,0.0,0.0,0.0,0.0,0.0,0.0,0.9928660300921138,0.49999999999975714
RipVIS-108_00900.jpg,0.49640046296272355,0.0,0.0,0.0,0.0,0.0,0.0,0.9928009259254471,0.49999999999975714
RipVIS-108_00906.jpg,0.49625916280840265,0.0,0.0,0.0,0.0,0.0,0.0,0.9925183256168053,0.499999999999757
RipVIS-108_00912.jpg,0.49626687885778537,0.0,0.0,0.0,0.0,0.0,0.0,0.9925337577155707,0.4999999999997571
RipVIS-108_00918.jpg,0.4962745949071681,0.0,0.0,0.0,0.0,0.0,0.0,0.9925491898143362,0.4999999999997571
RipVIS-108_00924.jpg,0.4968578800151925,0.0,0.0,0.0,0.0,0.0,0.0,0.993715760030385,0.49999999999975736
RipVIS-108_00930.jpg,0.49634066358000756,0.0,0.0,0.0,0.0,0.0,0.0,0.9926813271600151,0.4999999999997571
RipVIS-108_00936.jpg,0.4964626736108717,0.0,0.0,0.0,0.0,0.0,0.0,0.9929253472217434,0.49999999999975714
RipVIS-108_00942.jpg,0.496480275848526,0.0,0.0,0.0,0.0,0.0,0.0,0.992960551697052,0.49999999999975714
RipVIS-108_00948.jpg,0.49648099922815564,0.0,0.0,0.0,0.0,0.0,0.0,0.9929619984563113,0.49999999999975714
RipVIS-108_00954.jpg,0.4966606385028469,0.0,0.0,0.0,0.0,0.0,0.0,0.9933212770056938,0.49999999999975725
RipVIS-108_00960.jpg,0.4964793113423532,0.0,0.0,0.0,0.0,0.0,0.0,0.9929586226847064,0.49999999999975714
RipVIS-108_00966.jpg,0.4965224729935877,0.0,0.0,0.0,0.0,0.0,0.0,0.9930449459871754,0.4999999999997572
RipVIS-108_00972.jpg,0.49650824652753833,0.0,0.0,0.0,0.0,0.0,0.0,0.9930164930550767,0.4999999999997572
RipVIS-108_00978.jpg,0.49653766396580995,0.0,0.0,0.0,0.0,0.0,0.0,0.9930753279316199,0.4999999999997572
RipVIS-108_00984.jpg,0.49660325038556297,0.0,0.0,0.0,0.0,0.0,0.0,0.9932065007711259,0.49999999999975725
RipVIS-108_00990.jpg,0.4965393518516124,0.0,0.0,0.0,0.0,0.0,0.0,0.9930787037032248,0.4999999999997572
RipVIS-108_00996.jpg,0.49659215856457534,0.0,0.0,0.0,0.0,0.0,0.0,0.9931843171291507,0.4999999999997572
RipVIS-108_01002.jpg,0.4961906828701311,0.0,0.0,0.0,0.0,0.0,0.0,0.9923813657402621,0.499999999999757
RipVIS-108_01008.jpg,0.49619212962939035,0.0,0.0,0.0,0.0,0.0,0.0,0.9923842592587807,0.499999999999757
RipVIS-108_01014.jpg,0.4959321952158102,0.0,0.0,0.0,0.0,0.0,0.0,0.9918643904316204,0.4999999999997569
RipVIS-108_01020.jpg,0.4960057388114892,0.0,0.0,0.0,0.0,0.0,0.0,0.9920114776229784,0.4999999999997569
RipVIS-108_01026.jpg,0.4960575810182793,0.0,0.0,0.0,0.0,0.0,0.0,0.9921151620365586,0.49999999999975697
RipVIS-108_01032.jpg,0.4959348476077855,0.0,0.0,0.0,0.0,0.0,0.0,0.991869695215571,0.4999999999997569
RipVIS-108_01038.jpg,0.4959488329472917,0.0,0.0,0.0,0.0,0.0,0.0,0.9918976658945834,0.4999999999997569
RipVIS-108_01044.jpg,0.4962234760800076,0.0,0.0,0.0,0.0,0.0,0.0,0.9924469521600152,0.499999999999757
RipVIS-108_01050.jpg,0.49595534336395836,0.0,0.0,0.0,0.0,0.0,0.0,0.9919106867279167,0.4999999999997569
RipVIS-108_01056.jpg,0.49558521412013135,0.0,0.0,0.0,0.0,0.0,0.0,0.9911704282402627,0.49999999999975675
RipVIS-108_01062.jpg,0.49557195216025485,0.0,0.0,0.0,0.0,0.0,0.0,0.9911439043205097,0.4999999999997567
RipVIS-108_01068.jpg,0.4959268904318596,0.0,0.0,0.0,0.0,0.0,0.0,0.9918537808637192,0.4999999999997569
RipVIS-108_01074.jpg,0.49590543016951394,0.0,0.0,0.0,0.0,0.0,0.0,0.9918108603390279,0.49999999999975686
RipVIS-108_01080.jpg,0.49602912808618055,0.0,0.0,0.0,0.0,0.0,0.0,0.9920582561723611,0.4999999999997569
RipVIS-108_01086.jpg,0.4962360146602545,0.0,0.0,0.0,0.0,0.0,0.0,0.992472029320509,0.499999999999757
RipVIS-108_01092.jpg,0.49622371720655084,0.0,0.0,0.0,0.0,0.0,0.0,0.9924474344131017,0.499999999999757
RipVIS-108_01098.jpg,0.49547164351827955,0.0,0.0,0.0,0.0,0.0,0.0,0.9909432870365591,0.4999999999997567
RipVIS-108_01104.jpg,0.49540461033926725,0.0,0.0,0.0,0.0,0.0,0.0,0.9908092206785345,0.49999999999975664
RipVIS-108_01110.jpg,0.49626060956766194,0.0,0.0,0.0,0.0,0.0,0.0,0.9925212191353239,0.499999999999757
RipVIS-108_01116.jpg,0.4954877989966746,0.0,0.0,0.0,0.0,0.0,0.0,0.9909755979933492,0.4999999999997567
RipVIS-108_01122.jpg,0.4963888888886495,0.0,0.0,0.0,0.0,0.0,0.0,0.992777777777299,0.49999999999975714
RipVIS-108_01128.jpg,0.49671826774667405,0.0,0.0,0.0,0.0,0.0,0.0,0.9934365354933481,0.4999999999997573
RipVIS-108_01134.jpg,0.4959818672837114,0.0,0.0,0.0,0.0,0.0,0.0,0.9919637345674228,0.4999999999997569
RipVIS-108_01140.jpg,0.4947224633485269,0.0,0.0,0.0,0.0,0.0,0.0,0.9894449266970538,0.4999999999997563
RipVIS-108_01146.jpg,0.49349247685161385,0.0,0.0,0.0,0.0,0.0,0.0,0.9869849537032277,0.4999999999997557
RipVIS-108_01152.jpg,0.49323953510778684,0.0,0.0,0.0,0.0,0.0,0.0,0.9864790702155737,0.4999999999997556
RipVIS-108_01158.jpg,0.49331524884235467,0.0,0.0,0.0,0.0,0.0,0.0,0.9866304976847093,0.4999999999997556
RipVIS-108_01164.jpg,0.4932378472219844,0.0,0.0,0.0,0.0,0.0,0.0,0.9864756944439688,0.4999999999997556
RipVIS-108_01170.jpg,0.49331476658926826,0.0,0.0,0.0,0.0,0.0,0.0,0.9866295331785365,0.4999999999997556
RipVIS-108_01176.jpg,0.4932139756942066,0.0,0.0,0.0,0.0,0.0,0.0,0.9864279513884132,0.49999999999975553
RipVIS-108_01182.jpg,0.49358651620346566,0.0,0.0,0.0,0.0,0.0,0.0,0.9871730324069313,0.49999999999975575
RipVIS-108_01188.jpg,0.4935894097219842,0.0,0.0,0.0,0.0,0.0,0.0,0.9871788194439683,0.49999999999975575
RipVIS-108_01194.jpg,0.49388117283926797,0.0,0.0,0.0,0.0,0.0,0.0,0.9877623456785359,0.49999999999975586
RipVIS-108_01200.jpg,0.4934022955244534,0.0,0.0,0.0,0.0,0.0,0.0,0.9868045910489068,0.49999999999975564
RipVIS-108_01206.jpg,0.4911316068670471,0.0,0.0,0.0,0.0,0.0,0.0,0.9822632137340942,0.49999999999975453
RipVIS-108_01212.jpg,0.4934587191355645,0.0,0.0,0.0,0.0,0.0,0.0,0.986917438271129,0.4999999999997557
RipVIS-108_01218.jpg,0.4935042920522311,0.0,0.0,0.0,0.0,0.0,0.0,0.9870085841044622,0.4999999999997557
RipVIS-108_01224.jpg,0.49369719328679895,0.0,0.0,0.0,0.0,0.0,0.0,0.9873943865735979,0.4999999999997558
RipVIS-108_01230.jpg,0.49367259837939154,0.0,0.0,0.0,0.0,0.0,0.0,0.9873451967587831,0.4999999999997558
RipVIS-108_01236.jpg,0.4934247202929719,0.0,0.0,0.0,0.0,0.0,0.0,0.9868494405859438,0.49999999999975564
RipVIS-108_01242.jpg,0.49225429205223176,0.0,0.0,0.0,0.0,0.0,0.0,0.9845085841044635,0.4999999999997551
RipVIS-108_01248.jpg,0.4936762152775397,0.0,0.0,0.0,0.0,0.0,0.0,0.9873524305550794,0.4999999999997558
RipVIS-108_01254.jpg,0.4939682195213667,0.0,0.0,0.0,0.0,0.0,0.0,0.9879364390427334,0.4999999999997559
RipVIS-108_01260.jpg,0.4942443094133419,0.0,0.0,0.0,0.0,0.0,0.0,0.9884886188266838,0.4999999999997561
RipVIS-108_01266.jpg,0.49301335841025606,0.0,0.0,0.0,0.0,0.0,0.0,0.9860267168205121,0.4999999999997555
RipVIS-108_01272.jpg,0.49303168402754,0.0,0.0,0.0,0.0,0.0,0.0,0.98606336805508,0.4999999999997555
RipVIS-108_01278.jpg,0.49293957368803387,0.0,0.0,0.0,0.0,0.0,0.0,0.9858791473760677,0.4999999999997554
RipVIS-108_01284.jpg,0.4930613425923548,0.0,0.0,0.0,0.0,0.0,0.0,0.9861226851847096,0.4999999999997555
RipVIS-108_01290.jpg,0.4931860050151943,0.0,0.0,0.0,0.0,0.0,0.0,0.9863720100303885,0.49999999999975553
RipVIS-108_01296.jpg,0.49275800540099696,0.0,0.0,0.0,0.0,0.0,0.0,0.9855160108019939,0.4999999999997553
RipVIS-108_01302.jpg,0.49302059220655237,0.0,0.0,0.0,0.0,0.0,0.0,0.9860411844131047,0.4999999999997555
RipVIS-108_01308.jpg,0.49311583719112023,0.0,0.0,0.0,0.0,0.0,0.0,0.9862316743822405,0.49999999999975553
RipVIS-108_01314.jpg,0.4923791956016144,0.0,0.0,0.0,0.0,0.0,0.0,0.9847583912032288,0.49999999999975514
RipVIS-108_01320.jpg,0.4923073398917379,0.0,0.0,0.0,0.0,0.0,0.0,0.9846146797834758,0.4999999999997551
RipVIS-108_01326.jpg,0.4939954668207494,0.0,0.0,0.0,0.0,0.0,0.0,0.9879909336414988,0.4999999999997559
RipVIS-108_01332.jpg,0.4930560378084042,0.0,0.0,0.0,0.0,0.0,0.0,0.9861120756168084,0.4999999999997555
RipVIS-108_01338.jpg,0.49387924382692233,0.0,0.0,0.0,0.0,0.0,0.0,0.9877584876538447,0.49999999999975586
RipVIS-108_01344.jpg,0.4929762249226018,0.0,0.0,0.0,0.0,0.0,0.0,0.9859524498452036,0.4999999999997554
RipVIS-108_01350.jpg,0.4928966531633425,0.0,0.0,0.0,0.0,0.0,0.0,0.985793306326685,0.4999999999997554
RipVIS-108_01356.jpg,0.49255135995346616,0.0,0.0,0.0,0.0,0.0,0.0,0.9851027199069323,0.49999999999975525
RipVIS-108_01362.jpg,0.49257137345655255,0.0,0.0,0.0,0.0,0.0,0.0,0.9851427469131051,0.49999999999975525
RipVIS-108_01368.jpg,0.49255425347198467,0.0,0.0,0.0,0.0,0.0,0.0,0.9851085069439693,0.49999999999975525
RipVIS-108_01374.jpg,0.4928332368824784,0.0,0.0,0.0,0.0,0.0,0.0,0.9856664737649568,0.49999999999975536
RipVIS-108_01380.jpg,0.49273341049358954,0.0,0.0,0.0,0.0,0.0,0.0,0.9854668209871791,0.4999999999997553
RipVIS-108_01386.jpg,0.4927973090275401,0.0,0.0,0.0,0.0,0.0,0.0,0.9855946180550802,0.49999999999975536
RipVIS-108_01392.jpg,0.4928380594133426,0.0,0.0,0.0,0.0,0.0,0.0,0.9856761188266852,0.49999999999975536
RipVIS-108_01398.jpg,0.49265817901210807,0.0,0.0,0.0,0.0,0.0,0.0,0.9853163580242161,0.49999999999975525
RipVIS-108_01404.jpg,0.4928055073300093,0.0,0.0,0.0,0.0,0.0,0.0,0.9856110146600185,0.49999999999975536
RipVIS-108_01410.jpg,0.49275125385778706,0.0,0.0,0.0,0.0,0.0,0.0,0.9855025077155741,0.4999999999997553
RipVIS-108_01416.jpg,0.4929195601849475,0.0,0.0,0.0,0.0,0.0,0.0,0.985839120369895,0.4999999999997554
RipVIS-108_01422.jpg,0.49302517361087334,0.0,0.0,0.0,0.0,0.0,0.0,0.9860503472217467,0.4999999999997555
RipVIS-108_01428.jpg,0.49324098186704607,0.0,0.0,0.0,0.0,0.0,0.0,0.9864819637340921,0.4999999999997556
RipVIS-108_01434.jpg,0.4932378472219844,0.0,0.0,0.0,0.0,0.0,0.0,0.9864756944439688,0.4999999999997556
RipVIS-108_01440.jpg,0.49107084297815823,0.0,0.0,0.0,0.0,0.0,0.0,0.9821416859563165,0.4999999999997545
RipVIS-108_01446.jpg,0.49413941936704564,0.0,0.0,0.0,0.0,0.0,0.0,0.9882788387340913,0.49999999999975603
RipVIS-108_01452.jpg,0.4941825810182802,0.0,0.0,0.0,0.0,0.0,0.0,0.9883651620365604,0.49999999999975603
RipVIS-108_01458.jpg,0.4942418981479098,0.0,0.0,0.0,0.0,0.0,0.0,0.9884837962958196,0.4999999999997561
RipVIS-108_01464.jpg,0.4942862654318604,0.0,0.0,0.0,0.0,0.0,0.0,0.9885725308637208,0.4999999999997561
RipVIS-108_01470.jpg,0.49100188078680024,0.0,0.0,0.0,0.0,0.0,0.0,0.9820037615736005,0.4999999999997545
RipVIS-108_01476.jpg,0.4915374228392691,0.0,0.0,0.0,0.0,0.0,0.0,0.9830748456785382,0.4999999999997547
RipVIS-108_01482.jpg,0.49166232638865176,0.0,0.0,0.0,0.0,0.0,0.0,0.9833246527773035,0.4999999999997548
RipVIS-108_01488.jpg,0.49198760609544173,0.0,0.0,0.0,0.0,0.0,0.0,0.9839752121908835,0.4999999999997549
RipVIS-108_01494.jpg,0.49194540895038,0.0,0.0,0.0,0.0,0.0,0.0,0.98389081790076,0.4999999999997549
RipVIS-108_01500.jpg,0.4920527102621084,0.0,0.0,0.0,0.0,0.0,0.0,0.9841054205242168,0.499999999999755
RipVIS-108_01506.jpg,0.4917766203701332,0.0,0.0,0.0,0.0,0.0,0.0,0.9835532407402664,0.49999999999975486
RipVIS-108_01512.jpg,0.49200882523124423,0.0,0.0,0.0,0.0,0.0,0.0,0.9840176504624885,0.499999999999755
RipVIS-108_01518.jpg,0.49177782600284925,0.0,0.0,0.0,0.0,0.0,0.0,0.9835556520056985,0.49999999999975486
RipVIS-108_01524.jpg,0.49176745756149126,0.0,0.0,0.0,0.0,0.0,0.0,0.9835349151229825,0.4999999999997548
RipVIS-108_01530.jpg,0.4917566068670468,0.0,0.0,0.0,0.0,0.0,0.0,0.9835132137340936,0.4999999999997548
RipVIS-108_01536.jpg,0.48974151234544283,0.0,0.0,0.0,0.0,0.0,0.0,0.9794830246908857,0.4999999999997538
RipVIS-108_01542.jpg,0.49105806327136814,0.0,0.0,0.0,0.0,0.0,0.0,0.9821161265427363,0.4999999999997545
RipVIS-108_01548.jpg,0.49198495370346645,0.0,0.0,0.0,0.0,0.0,0.0,0.9839699074069329,0.4999999999997549
RipVIS-108_01554.jpg,0.4898943865738378,0.0,0.0,0.0,0.0,0.0,0.0,0.9797887731476757,0.4999999999997539
RipVIS-108_01560.jpg,0.4910744598763064,0.0,0.0,0.0,0.0,0.0,0.0,0.9821489197526128,0.4999999999997545
RipVIS-108_01566.jpg,0.49126326195963965,0.0,0.0,0.0,0.0,0.0,0.0,0.9825265239192793,0.4999999999997546
RipVIS-108_01572.jpg,0.4925812596448242,0.0,0.0,0.0,0.0,0.0,0.0,0.9851625192896484,0.49999999999975525
RipVIS-108_01578.jpg,0.4898148148145786,0.0,0.0,0.0,0.0,0.0,0.0,0.9796296296291572,0.49999999999975386
RipVIS-108_01584.jpg,0.49139781057075066,0.0,0.0,0.0,0.0,0.0,0.0,0.9827956211415013,0.49999999999975464
RipVIS-108_01590.jpg,0.4916553337188987,0.0,0.0,0.0,0.0,0.0,0.0,0.9833106674377974,0.49999999999975475
RipVIS-108_01596.jpg,0.4899158468361835,0.0,0.0,0.0,0.0,0.0,0.0,0.979831693672367,0.4999999999997539
RipVIS-108_01602.jpg,0.4934582368824781,0.0,0.0,0.0,0.0,0.0,0.0,0.9869164737649562,0.4999999999997557
RipVIS-108_01608.jpg,0.4915738329472938,0.0,0.0,0.0,0.0,0.0,0.0,0.9831476658945876,0.49999999999975475
RipVIS-108_01614.jpg,0.4931792534719844,0.0,0.0,0.0,0.0,0.0,0.0,0.9863585069439688,0.49999999999975553
RipVIS-108_01620.jpg,0.492952353394824,0.0,0.0,0.0,0.0,0.0,0.0,0.985904706789648,0.4999999999997554
RipVIS-108_01626.jpg,0.4929296874997623,0.0,0.0,0.0,0.0,0.0,0.0,0.9858593749995246,0.4999999999997554
RipVIS-108_01632.jpg,0.49316333912013255,0.0,0.0,0.0,0.0,0.0,0.0,0.9863266782402651,0.49999999999975553
RipVIS-108_01638.jpg,0.493219039351614,0.0,0.0,0.0,0.0,0.0,0.0,0.986438078703228,0.49999999999975553
RipVIS-108_01644.jpg,0.4907899305553189,0.0,0.0,0.0,0.0,0.0,0.0,0.9815798611106378,0.49999999999975436
RipVIS-108_01650.jpg,0.493199508101614,0.0,0.0,0.0,0.0,0.0,0.0,0.986399016203228,0.49999999999975553
RipVIS-108_01656.jpg,0.49543161651210676,0.0,0.0,0.0,0.0,0.0,0.0,0.9908632330242135,0.49999999999975664
RipVIS-108_01662.jpg,0.49338035300902133,0.0,0.0,0.0,0.0,0.0,0.0,0.9867607060180427,0.49999999999975564
RipVIS-108_01668.jpg,0.49543957368803265,0.0,0.0,0.0,0.0,0.0,0.0,0.9908791473760653,0.49999999999975664
RipVIS-108_01674.jpg,0.49365451388865084,0.0,0.0,0.0,0.0,0.0,0.0,0.9873090277773017,0.49999999999975575
RipVIS-108_01680.jpg,0.49393156828679885,0.0,0.0,0.0,0.0,0.0,0.0,0.9878631365735977,0.4999999999997559
RipVIS-108_01686.jpg,0.49376567322507053,0.0,0.0,0.0,0.0,0.0,0.0,0.9875313464501411,0.4999999999997558
RipVIS-108_01692.jpg,0.4942346643516135,0.0,0.0,0.0,0.0,0.0,0.0,0.988469328703227,0.4999999999997561
RipVIS-108_01698.jpg,0.4938100405090211,0.0,0.0,0.0,0.0,0.0,0.0,0.9876200810180422,0.49999999999975586
RipVIS-108_01704.jpg,0.49388310185161366,0.0,0.0,0.0,0.0,0.0,0.0,0.9877662037032273,0.49999999999975586
RipVIS-108_01710.jpg,0.4942997685182801,0.0,0.0,0.0,0.0,0.0,0.0,0.9885995370365602,0.4999999999997561
RipVIS-108_01716.jpg,0.4943137538577863,0.0,0.0,0.0,0.0,0.0,0.0,0.9886275077155726,0.4999999999997561
RipVIS-108_01722.jpg,0.4943400366509962,0.0,0.0,0.0,0.0,0.0,0.0,0.9886800733019924,0.4999999999997561
RipVIS-108_01728.jpg,0.494904272762107,0.0,0.0,0.0,0.0,0.0,0.0,0.989808545524214,0.49999999999975636
RipVIS-108_01734.jpg,0.4949804687497613,0.0,0.0,0.0,0.0,0.0,0.0,0.9899609374995226,0.4999999999997564
RipVIS-108_01740.jpg,0.49525318287013154,0.0,0.0,0.0,0.0,0.0,0.0,0.9905063657402631,0.4999999999997566
RipVIS-108_01746.jpg,0.49525318287013154,0.0,0.0,0.0,0.0,0.0,0.0,0.9905063657402631,0.4999999999997566
RipVIS-108_01752.jpg,0.4952358217590204,0.0,0.0,0.0,0.0,0.0,0.0,0.9904716435180408,0.49999999999975653
RipVIS-108_01758.jpg,0.4947171585645762,0.0,0.0,0.0,0.0,0.0,0.0,0.9894343171291524,0.4999999999997563
RipVIS-108_01764.jpg,0.49531539351827963,0.0,0.0,0.0,0.0,0.0,0.0,0.9906307870365593,0.4999999999997566
RipVIS-108_01770.jpg,0.495313464505934,0.0,0.0,0.0,0.0,0.0,0.0,0.990626929011868,0.4999999999997566
RipVIS-108_01776.jpg,0.49534746334852653,0.0,0.0,0.0,0.0,0.0,0.0,0.9906949266970531,0.4999999999997566
RipVIS-108_01782.jpg,0.49534746334852653,0.0,0.0,0.0,0.0,0.0,0.0,0.9906949266970531,0.4999999999997566
RipVIS-108_01788.jpg,0.4952748842590204,0.0,0.0,0.0,0.0,0.0,0.0,0.9905497685180408,0.4999999999997566
RipVIS-108_01794.jpg,0.4932257908948239,0.0,0.0,0.0,0.0,0.0,0.0,0.9864515817896478,0.4999999999997556
RipVIS-108_01800.jpg,0.4932257908948239,0.0,0.0,0.0,0.0,0.0,0.0,0.9864515817896478,0.4999999999997556
RipVIS-108_01806.jpg,0.4933989197528485,0.0,0.0,0.0,0.0,0.0,0.0,0.986797839505697,0.49999999999975564
RipVIS-108_01812.jpg,0.4932810088732189,0.0,0.0,0.0,0.0,0.0,0.0,0.9865620177464378,0.4999999999997556
RipVIS-108_01818.jpg,0.4932810088732189,0.0,0.0,0.0,0.0,0.0,0.0,0.9865620177464378,0.4999999999997556
RipVIS-108_01824.jpg,0.49465374228371206,0.0,0.0,0.0,0.0,0.0,0.0,0.9893074845674241,0.49999999999975625
RipVIS-108_01830.jpg,0.49465326003062565,0.0,0.0,0.0,0.0,0.0,0.0,0.9893065200612513,0.49999999999975625
RipVIS-108_01836.jpg,0.4930965470676634,0.0,0.0,0.0,0.0,0.0,0.0,0.9861930941353269,0.4999999999997555
RipVIS-108_01842.jpg,0.4928308256170463,0.0,0.0,0.0,0.0,0.0,0.0,0.9856616512340926,0.49999999999975536
RipVIS-108_01848.jpg,0.4945929783948232,0.0,0.0,0.0,0.0,0.0,0.0,0.9891859567896464,0.49999999999975625
RipVIS-108_01854.jpg,0.49470461998432935,0.0,0.0,0.0,0.0,0.0,0.0,0.9894092399686587,0.4999999999997563
RipVIS-108_01860.jpg,0.4930830439812437,0.0,0.0,0.0,0.0,0.0,0.0,0.9861660879624874,0.4999999999997555
RipVIS-108_01866.jpg,0.49359567901210766,0.0,0.0,0.0,0.0,0.0,0.0,0.9871913580242153,0.49999999999975575
RipVIS-108_01872.jpg,0.49359567901210766,0.0,0.0,0.0,0.0,0.0,0.0,0.9871913580242153,0.49999999999975575
RipVIS-108_01878.jpg,0.49361858603371256,0.0,0.0,0.0,0.0,0.0,0.0,0.9872371720674251,0.49999999999975575
RipVIS-108_01884.jpg,0.49356505594112,0.0,0.0,0.0,0.0,0.0,0.0,0.98713011188224,0.49999999999975575
RipVIS-108_01890.jpg,0.4937801408176631,0.0,0.0,0.0,0.0,0.0,0.0,0.9875602816353262,0.49999999999975586
RipVIS-108_01896.jpg,0.49467279128062563,0.0,0.0,0.0,0.0,0.0,0.0,0.9893455825612513,0.49999999999975625
RipVIS-108_01902.jpg,0.4938411458330952,0.0,0.0,0.0,0.0,0.0,0.0,0.9876822916661904,0.49999999999975586
RipVIS-108_01908.jpg,0.4951082658176625,0.0,0.0,0.0,0.0,0.0,0.0,0.990216531635325,0.4999999999997565
RipVIS-108_01914.jpg,0.49417872299358884,0.0,0.0,0.0,0.0,0.0,0.0,0.9883574459871777,0.49999999999975603
RipVIS-108_01920.jpg,0.4942303240738357,0.0,0.0,0.0,0.0,0.0,0.0,0.9884606481476714,0.4999999999997561
RipVIS-108_01926.jpg,0.4942303240738357,0.0,0.0,0.0,0.0,0.0,0.0,0.9884606481476714,0.4999999999997561
RipVIS-108_01932.jpg,0.4940494791664284,0.0,0.0,0.0,0.0,0.0,0.0,0.9880989583328568,0.499999999999756
RipVIS-108_01938.jpg,0.4971407214503775,0.0,0.0,0.0,0.0,0.0,0.0,0.994281442900755,0.49999999999975747
RipVIS-108_01944.jpg,0.49380835262321865,0.0,0.0,0.0,0.0,0.0,0.0,0.9876167052464373,0.49999999999975586
RipVIS-108_01950.jpg,0.49380835262321865,0.0,0.0,0.0,0.0,0.0,0.0,0.9876167052464373,0.49999999999975586
RipVIS-108_01956.jpg,0.4938071469905026,0.0,0.0,0.0,0.0,0.0,0.0,0.9876142939810052,0.49999999999975586
RipVIS-108_01962.jpg,0.49373601466025574,0.0,0.0,0.0,0.0,0.0,0.0,0.9874720293205115,0.4999999999997558
RipVIS-108_01968.jpg,0.49360508294729283,0.0,0.0,0.0,0.0,0.0,0.0,0.9872101658945857,0.49999999999975575
RipVIS-108_01974.jpg,0.49360797646581134,0.0,0.0,0.0,0.0,0.0,0.0,0.9872159529316227,0.49999999999975575
RipVIS-108_01980.jpg,0.49389660493803345,0.0,0.0,0.0,0.0,0.0,0.0,0.9877932098760669,0.4999999999997559
RipVIS-108_01986.jpg,0.49387490354914454,0.0,0.0,0.0,0.0,0.0,0.0,0.9877498070982891,0.49999999999975586
RipVIS-108_01992.jpg,0.49387490354914454,0.0,0.0,0.0,0.0,0.0,0.0,0.9877498070982891,0.49999999999975586
RipVIS-108_01998.jpg,0.49435715663556407,0.0,0.0,0.0,0.0,0.0,0.0,0.9887143132711281,0.49999999999975614
RipVIS-108_02004.jpg,0.49435715663556407,0.0,0.0,0.0,0.0,0.0,0.0,0.9887143132711281,0.49999999999975614
RipVIS-108_02010.jpg,0.494453607252848,0.0,0.0,0.0,0.0,0.0,0.0,0.988907214505696,0.49999999999975614
RipVIS-108_02016.jpg,0.4944511959874159,0.0,0.0,0.0,0.0,0.0,0.0,0.9889023919748318,0.49999999999975614
RipVIS-108_02022.jpg,0.4944666280861813,0.0,0.0,0.0,0.0,0.0,0.0,0.9889332561723626,0.4999999999997562
RipVIS-108_02028.jpg,0.4944666280861813,0.0,0.0,0.0,0.0,0.0,0.0,0.9889332561723626,0.4999999999997562
RipVIS-108_02034.jpg,0.4946173321756874,0.0,0.0,0.0,0.0,0.0,0.0,0.9892346643513747,0.49999999999975625
RipVIS-109_00000.jpg,0.49671826774667405,0.0,0.0,0.0,0.0,0.0,0.0,0.9934365354933481,0.4999999999997573
RipVIS-109_00006.jpg,0.49693431712938996,0.0,0.0,0.0,0.0,0.0,0.0,0.9938686342587799,0.49999999999975736
RipVIS-109_00012.jpg,0.49706380208309364,0.0,0.0,0.0,0.0,0.0,0.0,0.9941276041661873,0.49999999999975747
RipVIS-109_00018.jpg,0.4971026234565504,0.0,0.0,0.0,0.0,0.0,0.0,0.9942052469131007,0.49999999999975747
RipVIS-109_00024.jpg,0.49696879822506895,0.0,0.0,0.0,0.0,0.0,0.0,0.9939375964501379,0.4999999999997574
RipVIS-109_00030.jpg,0.4966432773917358,0.0,0.0,0.0,0.0,0.0,0.0,0.9932865547834716,0.49999999999975725
RipVIS-109_00036.jpg,0.496540075231242,0.0,0.0,0.0,0.0,0.0,0.0,0.993080150462484,0.4999999999997572
RipVIS-109_00042.jpg,0.4962487943670446,0.0,0.0,0.0,0.0,0.0,0.0,0.9924975887340892,0.499999999999757
RipVIS-109_00048.jpg,0.49616054205222987,0.0,0.0,0.0,0.0,0.0,0.0,0.9923210841044597,0.499999999999757
RipVIS-109_00054.jpg,0.49598066165099536,0.0,0.0,0.0,0.0,0.0,0.0,0.9919613233019907,0.4999999999997569
RipVIS-109_00060.jpg,0.49590301890408184,0.0,0.0,0.0,0.0,0.0,0.0,0.9918060378081637,0.49999999999975686
RipVIS-109_00066.jpg,0.4959396701386497,0.0,0.0,0.0,0.0,0.0,0.0,0.9918793402772994,0.4999999999997569
RipVIS-109_00072.jpg,0.49566912615716835,0.0,0.0,0.0,0.0,0.0,0.0,0.9913382523143367,0.49999999999975675
RipVIS-109_00078.jpg,0.4957050540121066,0.0,0.0,0.0,0.0,0.0,0.0,0.9914101080242133,0.4999999999997568
RipVIS-109_00084.jpg,0.4959637827929707,0.0,0.0,0.0,0.0,0.0,0.0,0.9919275655859414,0.4999999999997569
RipVIS-109_00090.jpg,0.4960013985337114,0.0,0.0,0.0,0.0,0.0,0.0,0.9920027970674228,0.4999999999997569
RipVIS-109_00096.jpg,0.49584876543185963,0.0,0.0,0.0,0.0,0.0,0.0,0.9916975308637193,0.49999999999975686
RipVIS-109_00102.jpg,0.4956105324071684,0.0,0.0,0.0,0.0,0.0,0.0,0.9912210648143368,0.49999999999975675
RipVIS-109_00108.jpg,0.49591555748432875,0.0,0.0,0.0,0.0,0.0,0.0,0.9918311149686575,0.49999999999975686
RipVIS-109_00114.jpg,0.4959018132713658,0.0,0.0,0.0,0.0,0.0,0.0,0.9918036265427316,0.49999999999975686
RipVIS-109_00120.jpg,0.4982093942898832,0.0,0.0,0.0,0.0,0.0,0.0,0.9964187885797664,0.499999999999758
RipVIS-109_00126.jpg,0.496356095678773,0.0,0.0,0.0,0.0,0.0,0.0,0.992712191357546,0.4999999999997571
RipVIS-109_00132.jpg,0.4964161361880322,0.0,0.0,0.0,0.0,0.0,0.0,0.9928322723760644,0.49999999999975714
RipVIS-109_00138.jpg,0.4965000482250692,0.0,0.0,0.0,0.0,0.0,0.0,0.9930000964501384,0.4999999999997572
RipVIS-109_00144.jpg,0.49655237268494573,0.0,0.0,0.0,0.0,0.0,0.0,0.9931047453698915,0.4999999999997572
RipVIS-109_00150.jpg,0.4964313271602544,0.0,0.0,0.0,0.0,0.0,0.0,0.9928626543205088,0.49999999999975714
RipVIS-109_00156.jpg,0.4965911940584025,0.0,0.0,0.0,0.0,0.0,0.0,0.993182388116805,0.4999999999997572
RipVIS-109_00162.jpg,0.49457561728371213,0.0,0.0,0.0,0.0,0.0,0.0,0.9891512345674243,0.49999999999975625
RipVIS-109_00168.jpg,0.49428240740716906,0.0,0.0,0.0,0.0,0.0,0.0,0.9885648148143381,0.4999999999997561
RipVIS-109_00174.jpg,0.49457851080223064,0.0,0.0,0.0,0.0,0.0,0.0,0.9891570216044613,0.49999999999975625
RipVIS-109_00180.jpg,0.49477671682074903,0.0,0.0,0.0,0.0,0.0,0.0,0.9895534336414981,0.4999999999997563
RipVIS-109_00186.jpg,0.49474995177445275,0.0,0.0,0.0,0.0,0.0,0.0,0.9894999035489055,0.4999999999997563
RipVIS-109_00192.jpg,0.49480613425902065,0.0,0.0,0.0,0.0,0.0,0.0,0.9896122685180413,0.49999999999975636
RipVIS-109_00198.jpg,0.4948890817898848,0.0,0.0,0.0,0.0,0.0,0.0,0.9897781635797696,0.49999999999975636
RipVIS-109_00204.jpg,0.4952871817127241,0.0,0.0,0.0,0.0,0.0,0.0,0.9905743634254482,0.4999999999997566
RipVIS-109_00210.jpg,0.4951632426695143,0.0,0.0,0.0,0.0,0.0,0.0,0.9903264853390286,0.49999999999975653
RipVIS-109_00216.jpg,0.4953117766201315,0.0,0.0,0.0,0.0,0.0,0.0,0.990623553240263,0.4999999999997566
RipVIS-109_00222.jpg,0.49547622492260057,0.0,0.0,0.0,0.0,0.0,0.0,0.9909524498452011,0.4999999999997567
RipVIS-109_00228.jpg,0.495566406249761,0.0,0.0,0.0,0.0,0.0,0.0,0.991132812499522,0.4999999999997567
RipVIS-109_00234.jpg,0.49553120177445237,0.0,0.0,0.0,0.0,0.0,0.0,0.9910624035489047,0.4999999999997567
RipVIS-109_00240.jpg,0.4956995081016128,0.0,0.0,0.0,0.0,0.0,0.0,0.9913990162032256,0.4999999999997568
RipVIS-109_00246.jpg,0.4953518036263043,0.0,0.0,0.0,0.0,0.0,0.0,0.9907036072526086,0.4999999999997566
RipVIS-109_00252.jpg,0.4953216628084031,0.0,0.0,0.0,0.0,0.0,0.0,0.9906433256168062,0.4999999999997566
RipVIS-109_00258.jpg,0.4953288966046994,0.0,0.0,0.0,0.0,0.0,0.0,0.9906577932093988,0.4999999999997566
RipVIS-109_00264.jpg,0.495338782792971,0.0,0.0,0.0,0.0,0.0,0.0,0.990677565585942,0.4999999999997566
RipVIS-109_00270.jpg,0.4953843557096376,0.0,0.0,0.0,0.0,0.0,0.0,0.9907687114192752,0.49999999999975664
RipVIS-109_00276.jpg,0.4954470486108722,0.0,0.0,0.0,0.0,0.0,0.0,0.9908940972217444,0.49999999999975664
RipVIS-109_00282.jpg,0.49521484374976116,0.0,0.0,0.0,0.0,0.0,0.0,0.9904296874995223,0.49999999999975653
RipVIS-109_00288.jpg,0.4951965181324772,0.0,0.0,0.0,0.0,0.0,0.0,0.9903930362649545,0.49999999999975653
RipVIS-109_00294.jpg,0.4950896990738353,0.0,0.0,0.0,0.0,0.0,0.0,0.9901793981476706,0.4999999999997565
RipVIS-109_00300.jpg,0.49506389853371185,0.0,0.0,0.0,0.0,0.0,0.0,0.9901277970674237,0.4999999999997565
RipVIS-109_00306.jpg,0.4950694444442057,0.0,0.0,0.0,0.0,0.0,0.0,0.9901388888884114,0.4999999999997565
RipVIS-109_00312.jpg,0.49523148148124263,0.0,0.0,0.0,0.0,0.0,0.0,0.9904629629624853,0.49999999999975653
RipVIS-109_00318.jpg,0.4950291763114897,0.0,0.0,0.0,0.0,0.0,0.0,0.9900583526229794,0.4999999999997565
RipVIS-109_00324.jpg,0.4951073013114896,0.0,0.0,0.0,0.0,0.0,0.0,0.9902146026229792,0.4999999999997565
RipVIS-109_00330.jpg,0.4951041666664279,0.0,0.0,0.0,0.0,0.0,0.0,0.9902083333328559,0.4999999999997565
RipVIS-109_00336.jpg,0.49518856095655134,0.0,0.0,0.0,0.0,0.0,0.0,0.9903771219131027,0.49999999999975653
RipVIS-109_00342.jpg,0.49463614004605777,0.0,0.0,0.0,0.0,0.0,0.0,0.9892722800921155,0.49999999999975625
RipVIS-109_00348.jpg,0.49464361496889725,0.0,0.0,0.0,0.0,0.0,0.0,0.9892872299377945,0.49999999999975625
RipVIS-109_00354.jpg,0.4948570119596379,0.0,0.0,0.0,0.0,0.0,0.0,0.9897140239192758,0.49999999999975636
RipVIS-109_00360.jpg,0.4950554591046995,0.0,0.0,0.0,0.0,0.0,0.0,0.990110918209399,0.4999999999997565
RipVIS-109_00366.jpg,0.49505570023124273,0.0,0.0,0.0,0.0,0.0,0.0,0.9901114004624855,0.4999999999997565
RipVIS-109_00372.jpg,0.49516179591025505,0.0,0.0,0.0,0.0,0.0,0.0,0.9903235918205101,0.49999999999975653
RipVIS-109_00378.jpg,0.4953354070213661,0.0,0.0,0.0,0.0,0.0,0.0,0.9906708140427322,0.4999999999997566
RipVIS-109_00384.jpg,0.4952859760800081,0.0,0.0,0.0,0.0,0.0,0.0,0.9905719521600161,0.4999999999997566
RipVIS-109_00390.jpg,0.4952866994596377,0.0,0.0,0.0,0.0,0.0,0.0,0.9905733989192754,0.4999999999997566
RipVIS-109_00396.jpg,0.4986627121911175,0.0,0.0,0.0,0.0,0.0,0.0,0.997325424382235,0.49999999999975825
RipVIS-109_00402.jpg,0.49532045717568707,0.0,0.0,0.0,0.0,0.0,0.0,0.9906409143513741,0.4999999999997566
RipVIS-109_00408.jpg,0.49540991512321786,0.0,0.0,0.0,0.0,0.0,0.0,0.9908198302464357,0.49999999999975664
RipVIS-109_00414.jpg,0.4954967206787734,0.0,0.0,0.0,0.0,0.0,0.0,0.9909934413575467,0.4999999999997567
RipVIS-109_00420.jpg,0.49535734953679816,0.0,0.0,0.0,0.0,0.0,0.0,0.9907146990735963,0.49999999999975664
RipVIS-109_00426.jpg,0.4953814621911191,0.0,0.0,0.0,0.0,0.0,0.0,0.9907629243822382,0.49999999999975664
RipVIS-109_00432.jpg,0.495413532021366,0.0,0.0,0.0,0.0,0.0,0.0,0.990827064042732,0.49999999999975664
RipVIS-109_00438.jpg,0.4955198688269215,0.0,0.0,0.0,0.0,0.0,0.0,0.991039737653843,0.4999999999997567
RipVIS-109_00444.jpg,0.49555242091025486,0.0,0.0,0.0,0.0,0.0,0.0,0.9911048418205097,0.4999999999997567
RipVIS-109_00450.jpg,0.4954275173608722,0.0,0.0,0.0,0.0,0.0,0.0,0.9908550347217444,0.49999999999975664
RipVIS-109_00456.jpg,0.4954805652003783,0.0,0.0,0.0,0.0,0.0,0.0,0.9909611304007566,0.4999999999997567
RipVIS-109_00462.jpg,0.4955316840275388,0.0,0.0,0.0,0.0,0.0,0.0,0.9910633680550776,0.4999999999997567
RipVIS-109_00468.jpg,0.49557532793185977,0.0,0.0,0.0,0.0,0.0,0.0,0.9911506558637195,0.4999999999997567
RipVIS-109_00474.jpg,0.49576943479914365,0.0,0.0,0.0,0.0,0.0,0.0,0.9915388695982873,0.4999999999997568
RipVIS-109_00480.jpg,0.49584900655840286,0.0,0.0,0.0,0.0,0.0,0.0,0.9916980131168057,0.49999999999975686
RipVIS-109_00486.jpg,0.4958895158176621,0.0,0.0,0.0,0.0,0.0,0.0,0.9917790316353242,0.49999999999975686
RipVIS-109_00492.jpg,0.4944104456016134,0.0,0.0,0.0,0.0,0.0,0.0,0.9888208912032268,0.49999999999975614
RipVIS-109_00498.jpg,0.49604624807074843,0.0,0.0,0.0,0.0,0.0,0.0,0.9920924961414969,0.49999999999975697
RipVIS-109_00504.jpg,0.4960648148145756,0.0,0.0,0.0,0.0,0.0,0.0,0.9921296296291512,0.49999999999975697
RipVIS-109_00510.jpg,0.49433690200593444,0.0,0.0,0.0,0.0,0.0,0.0,0.9886738040118689,0.4999999999997561
RipVIS-109_00516.jpg,0.4958451485337115,0.0,0.0,0.0,0.0,0.0,0.0,0.991690297067423,0.49999999999975686
RipVIS-109_00522.jpg,0.4957829378855634,0.0,0.0,0.0,0.0,0.0,0.0,0.9915658757711268,0.4999999999997568
RipVIS-109_00528.jpg,0.49562041859544,0.0,0.0,0.0,0.0,0.0,0.0,0.99124083719088,0.49999999999975675
RipVIS-109_00534.jpg,0.49543957368803265,0.0,0.0,0.0,0.0,0.0,0.0,0.9908791473760653,0.49999999999975664
RipVIS-109_00540.jpg,0.4953722993824772,0.0,0.0,0.0,0.0,0.0,0.0,0.9907445987649544,0.49999999999975664
RipVIS-109_00546.jpg,0.4956440489966746,0.0,0.0,0.0,0.0,0.0,0.0,0.9912880979933492,0.49999999999975675
RipVIS-109_00552.jpg,0.49565851658926713,0.0,0.0,0.0,0.0,0.0,0.0,0.9913170331785343,0.49999999999975675
RipVIS-109_00558.jpg,0.4957052951386498,0.0,0.0,0.0,0.0,0.0,0.0,0.9914105902772996,0.4999999999997568
RipVIS-109_00564.jpg,0.49568696952136587,0.0,0.0,0.0,0.0,0.0,0.0,0.9913739390427317,0.49999999999975675
RipVIS-109_00570.jpg,0.49567346643494614,0.0,0.0,0.0,0.0,0.0,0.0,0.9913469328698923,0.49999999999975675
RipVIS-109_00576.jpg,0.4961017071756867,0.0,0.0,0.0,0.0,0.0,0.0,0.9922034143513734,0.49999999999975697
RipVIS-109_00582.jpg,0.49618296682074836,0.0,0.0,0.0,0.0,0.0,0.0,0.9923659336414967,0.499999999999757
RipVIS-109_00588.jpg,0.4961070119596373,0.0,0.0,0.0,0.0,0.0,0.0,0.9922140239192746,0.49999999999975697
RipVIS-109_00594.jpg,0.4953464988423537,0.0,0.0,0.0,0.0,0.0,0.0,0.9906929976847074,0.4999999999997566
RipVIS-109_00600.jpg,0.4966131365738346,0.0,0.0,0.0,0.0,0.0,0.0,0.9932262731476692,0.49999999999975725
RipVIS-109_00606.jpg,0.4966951195985259,0.0,0.0,0.0,0.0,0.0,0.0,0.9933902391970518,0.49999999999975725
RipVIS-109_00612.jpg,0.4967491319442049,0.0,0.0,0.0,0.0,0.0,0.0,0.9934982638884098,0.4999999999997573
RipVIS-109_00618.jpg,0.49677010995346416,0.0,0.0,0.0,0.0,0.0,0.0,0.9935402199069283,0.4999999999997573
RipVIS-109_00624.jpg,0.4967980806324765,0.0,0.0,0.0,0.0,0.0,0.0,0.993596161264953,0.4999999999997573
RipVIS-109_00630.jpg,0.4971522955244516,0.0,0.0,0.0,0.0,0.0,0.0,0.9943045910489032,0.49999999999975747
RipVIS-109_00636.jpg,0.4972330729164269,0.0,0.0,0.0,0.0,0.0,0.0,0.9944661458328538,0.4999999999997575
RipVIS-109_00642.jpg,0.49744188850284654,0.0,0.0,0.0,0.0,0.0,0.0,0.9948837770056931,0.49999999999975764
RipVIS-109_00648.jpg,0.4966948784719827,0.0,0.0,0.0,0.0,0.0,0.0,0.9933897569439654,0.49999999999975725
RipVIS-109_00654.jpg,0.4963447627312421,0.0,0.0,0.0,0.0,0.0,0.0,0.9926895254624842,0.4999999999997571
RipVIS-121_00000.jpg,0.9542363284822497,0.9235337013951616,0.9602469670537217,0.9926841102985076,0.9298625921845438,0.979449784554193,0.1609403254487823,0.9872569444387311,0.9894726155907805
RipVIS-121_00030.jpg,0.9404425354210144,0.9004877036110654,0.9476385476213006,0.9717442424332147,0.9246998649952156,0.9619562807608744,0.12688553678589604,0.9833506944387537,0.978612294764178
RipVIS-121_00060.jpg,0.9260158185242209,0.8761977502820373,0.9340142851683133,0.9751555194553859,0.8962039699976491,0.9582716330637506,0.10040160639690143,0.9793634259202583,0.977630101490909
RipVIS-121_00090.jpg,0.9261890003037043,0.8765496225196845,0.9342141683871082,0.9791126754736738,0.8932528759653733,0.9606451612903226,0.07843137252705004,0.9793692129572953,0.9792635110681079
RipVIS-121_00120.jpg,0.9113429404447866,0.8525529348414449,0.9204087168655319,0.9884249368425548,0.86115059218744,0.9600467818607108,0.1812307691750059,0.9745312499943604,0.9802619057033416
RipVIS-121_00150.jpg,0.8316574095020908,0.7242427004307039,0.8400704845666948,0.9261403372085577,0.7686379465765304,0.8896793168313876,0.11193603651857909,0.9474768518463688,0.9386756955216633
RipVIS-121_00180.jpg,0.8500452138688805,0.7595070520277212,0.8633179971088346,0.9902074568043592,0.7652549261214436,0.935224197581612,0.11912137422722575,0.9499710648093173,0.9662697569884635
RipVIS-121_00210.jpg,0.8791296757140191,0.8074537555450298,0.8934709981573451,0.9972665608950404,0.8092447559885743,0.9529829087391164,0.07631653053328175,0.9592187499944489,0.9743050483795459
RipVIS-121_00240.jpg,0.8382772913308664,0.750388486438825,0.8573965062641546,0.9935741191797165,0.7540479507818659,0.9342222751354248,0.05456026057150916,0.9395775462908589,0.9605358291409226
RipVIS-121_00270.jpg,0.8497922604317879,0.7687935503634142,0.869285791103726,0.9984865332036543,0.7696904761721503,0.9424561526261778,0.036748927028769064,0.9437384259204644,0.9648011484420713
RipVIS-121_00300.jpg,0.8556502403062595,0.7857218604681813,0.8800047508654908,0.9972542263110462,0.787425340600093,0.9467948619651501,0.038686688715019936,0.9415335648093661,0.9617644056358172
RipVIS-121_00330.jpg,0.8938596154397381,0.8464787604426777,0.9168572946268189,0.9721360093576077,0.867526978768464,0.9492434786512818,0.11526986706935995,0.9556192129574327,0.9610995197985224
RipVIS-121_00360.jpg,0.9317393250481165,0.9064707141166713,0.9509411368395115,0.956489009316537,0.9454572512659897,0.9542621104018025,0.06123432978273039,0.9696527777721663,0.9659935352732593
RipVIS-121_00390.jpg,0.9375674901561238,0.9169105034655617,0.9566544727131383,0.9369361628844929,0.9772205892720406,0.944725133067199,0.061689050748534244,0.9714062499943784,0.9629229481540439
RipVIS-121_00420.jpg,0.9448254528143363,0.9274718037222776,0.96237133215767,0.9711901518771885,0.9537112284817535,0.9676432998474583,0.11450195309704542,0.9745081018462123,0.9736873067029033
RipVIS-121_00450.jpg,0.9318054175754947,0.9125901414024196,0.9542976528502408,0.9297288701450309,0.9802001776957735,0.9394029956264239,0.10868522070329048,0.967592592586993,0.9594921019014776
RipVIS-121_00480.jpg,0.9519819277929766,0.9391844983579015,0.9686386201552266,0.9677609092923017,0.9695179245278859,0.9681118027041039,0.1515831463097524,0.977187499994345,0.9751721421615858
RipVIS-121_00510.jpg,0.8551107176816584,0.8064905217387411,0.8928809888938656,0.8100820249052852,0.9945327731905985,0.8412878697711746,0.04565571860105853,0.9312962962909068,0.9038236943074526
RipVIS-128_00000.jpg,0.7076016330505386,0.5205270081909136,0.6846665733484394,0.695811313720048,0.6738732133406965,0.6913101608621771,0.004417379231867687,0.9054834587190266,0.8187814485165363
RipVIS-128_00030.jpg,0.7355249525522288,0.5663529897997549,0.7231486050563334,0.6733158889027365,0.7809472125365177,0.6924014515428638,0.01073867163219309,0.9152460696372353,0.8180795832963899
RipVIS-128_00060.jpg,0.8061027339172206,0.6820444659861444,0.8109707915316939,0.7645853585365863,0.8633478943039147,0.782487871986098,0.019598634982636778,0.939260464891862,0.8698631672319692
RipVIS-128_00090.jpg,0.8475588391598687,0.7507260715031363,0.8576168296375216,0.8296256164705397,0.8875628192239415,0.8405999403439506,0.011835786211871858,0.9523685860338358,0.9038271691260668
RipVIS-128_00120.jpg,0.8469871642132563,0.7503945830141835,0.8574004859201545,0.8288121987598464,0.8880314267693888,0.8400156487134786,0.012985458679522905,0.9517617910878482,0.9033246531650121
RipVIS-128_00150.jpg,0.8218908874569693,0.7048809361740587,0.8268975518676271,0.7462299274450923,0.9271193655828922,0.7765316062061893,0.012584109730441766,0.9466817370755031,0.8670795598576178
RipVIS-128_00180.jpg,0.7945356597844051,0.6505153213235734,0.7882572344762184,0.6874975771431879,0.9236235132761571,0.7245437476274537,0.015534123536202087,0.9448620756171701,0.8387607582004681
RipVIS-128_00210.jpg,0.8310120717379406,0.7111309140999492,0.8311823581002888,0.899775600501605,0.7723065553652435,0.8710231602299373,0.0050254715680495155,0.956189477237539,0.9318240263029041
RipVIS-128_00240.jpg,0.9124371666421345,0.8524071837980617,0.9203237724983754,0.9542180090804658,0.8887548168308421,0.9403650771667119,0.01970378641030824,0.97624457465266,0.9670806808745198
RipVIS-128_00270.jpg,0.801682753406485,0.6741587401758868,0.8053701527790129,0.7787148954426696,0.8339148952237684,0.7891624281861289,0.013993195968483432,0.9382511091819856,0.8741383150561358
RipVIS-128_00300.jpg,0.669840003802793,0.4775040063893925,0.6463657686536892,0.5354475932381835,0.8152438456489325,0.5749100638072968,0.016356496499356103,0.8775937982252028,0.7517002521175205
RipVIS-128_00330.jpg,0.6476016390390664,0.4458144249494941,0.6166966067793487,0.480314614640748,0.861239596524013,0.5269263626254529,0.011211063372341196,0.8656647858795252,0.7289243796342922
RipVIS-128_00360.jpg,0.6126341525336272,0.3835169291279732,0.5544087261291452,0.3955502676722655,0.9265065857027328,0.4467549466690065,0.005489671675212384,0.8559342447915634,0.6931791454331574
RipVIS-128_00390.jpg,0.6780673228428125,0.49481916976996293,0.6620455233339166,0.59540774647133,0.745479236275572,0.6203855539836868,0.004586081076403907,0.8779013551310669,0.7721565182797724
RipVIS-128_00420.jpg,0.6845288611602076,0.5012600792164985,0.6677857969527894,0.6131405125356966,0.7331244837788156,0.6338891124597181,0.006046439145829938,0.8833031925153256,0.780173221779467
RipVIS-128_00450.jpg,0.814761608620171,0.7057632432184594,0.8275043398013605,0.8204509217286354,0.8346800860249936,0.8232578104616118,0.00990429185947563,0.935546633873344,0.891360407951568
RipVIS-128_00480.jpg,0.7588065179584718,0.6171320494330974,0.7632426178795226,0.8395928678645044,0.6996210200542082,0.8072902621751853,0.005108824970078073,0.9142381606866181,0.8842717721966629
RipVIS-128_00510.jpg,0.7779765088119852,0.6393250859802151,0.7799857288195383,0.7885479566952207,0.7716074447633978,0.78510060629015,0.005689164726968518,0.9273625578702586,0.8714997975535039
RipVIS-128_00570.jpg,0.8698824067978856,0.7957700199395771,0.8862716395792738,0.8789581818639126,0.8937078231301463,0.8818690329374552,0.014077984624924269,0.9540270543980331,0.9261000964453519
RipVIS-128_00600.jpg,0.7909345665929945,0.6697299043435452,0.8022014849244132,0.8023318218128374,0.8020711903744308,0.802279681975883,0.0032588058600907135,0.925425829475197,0.8781734400179768
RipVIS-129_00000.jpg,0.47360050154315275,0.0,0.0,0.0,0.0,0.0,0.0,0.9472010030863055,0.49999999999993633
RipVIS-129_00030.jpg,0.47360050154315275,0.0,0.0,0.0,0.0,0.0,0.0,0.9472010030863055,0.49999999999993633
RipVIS-129_00060.jpg,0.4730632716048812,0.0,0.0,0.0,0.0,0.0,0.0,0.9461265432097624,0.4999999999999363
RipVIS-129_00090.jpg,0.4730632716048812,0.0,0.0,0.0,0.0,0.0,0.0,0.9461265432097624,0.4999999999999363
RipVIS-129_00120.jpg,0.4730632716048812,0.0,0.0,0.0,0.0,0.0,0.0,0.9461265432097624,0.4999999999999363
RipVIS-129_00150.jpg,0.4748551432291094,0.0,0.0,0.0,0.0,0.0,0.0,0.9497102864582188,0.4999999999999365
RipVIS-129_00180.jpg,0.4748551432291094,0.0,0.0,0.0,0.0,0.0,0.0,0.9497102864582188,0.4999999999999365
RipVIS-129_00210.jpg,0.4748551432291094,0.0,0.0,0.0,0.0,0.0,0.0,0.9497102864582188,0.4999999999999365
RipVIS-129_00240.jpg,0.47545808015040564,0.0,0.0,0.0,0.0,0.0,0.0,0.9509161603008113,0.4999999999999366
RipVIS-129_00270.jpg,0.47545808015040564,0.0,0.0,0.0,0.0,0.0,0.0,0.9509161603008113,0.4999999999999366
RipVIS-129_00300.jpg,0.47471601321367735,0.0,0.0,0.0,0.0,0.0,0.0,0.9494320264273547,0.4999999999999365
RipVIS-129_00330.jpg,0.47471601321367735,0.0,0.0,0.0,0.0,0.0,0.0,0.9494320264273547,0.4999999999999365
RipVIS-129_00360.jpg,0.4750245949073501,0.0,0.0,0.0,0.0,0.0,0.0,0.9500491898147002,0.49999999999993655
RipVIS-129_00390.jpg,0.4750245949073501,0.0,0.0,0.0,0.0,0.0,0.0,0.9500491898147002,0.49999999999993655
RipVIS-129_00420.jpg,0.4750021701388316,0.0,0.0,0.0,0.0,0.0,0.0,0.9500043402776632,0.49999999999993655
RipVIS-129_00450.jpg,0.47543487172062165,0.0,0.0,0.0,0.0,0.0,0.0,0.9508697434412433,0.4999999999999366
RipVIS-129_00480.jpg,0.47578649450225746,0.0,0.0,0.0,0.0,0.0,0.0,0.9515729890045149,0.49999999999993666
RipVIS-129_00510.jpg,0.4760916401426895,0.0,0.0,0.0,0.0,0.0,0.0,0.952183280285379,0.49999999999993666
RipVIS-129_00540.jpg,0.4769388382522573,0.0,0.0,0.0,0.0,0.0,0.0,0.9538776765045146,0.4999999999999368
RipVIS-129_00570.jpg,0.4773838975693869,0.0,0.0,0.0,0.0,0.0,0.0,0.9547677951387737,0.49999999999993683
RipVIS-129_00600.jpg,0.4773838975693869,0.0,0.0,0.0,0.0,0.0,0.0,0.9547677951387737,0.49999999999993683
RipVIS-129_00630.jpg,0.4773838975693869,0.0,0.0,0.0,0.0,0.0,0.0,0.9547677951387737,0.49999999999993683
RipVIS-129_00660.jpg,0.4773838975693869,0.0,0.0,0.0,0.0,0.0,0.0,0.9547677951387737,0.49999999999993683
RipVIS-129_00690.jpg,0.4775180242090474,0.0,0.0,0.0,0.0,0.0,0.0,0.9550360484180948,0.4999999999999369
RipVIS-129_00720.jpg,0.477313066647319,0.0,0.0,0.0,0.0,0.0,0.0,0.954626133294638,0.49999999999993683
RipVIS-129_00750.jpg,0.4774866174767943,0.0,0.0,0.0,0.0,0.0,0.0,0.9549732349535885,0.4999999999999369
RipVIS-129_00780.jpg,0.4774866174767943,0.0,0.0,0.0,0.0,0.0,0.0,0.9549732349535885,0.4999999999999369
RipVIS-129_00810.jpg,0.47592387635025124,0.0,0.0,0.0,0.0,0.0,0.0,0.9518477527005025,0.49999999999993666
RipVIS-129_00840.jpg,0.47592387635025124,0.0,0.0,0.0,0.0,0.0,0.0,0.9518477527005025,0.49999999999993666
RipVIS-129_00870.jpg,0.4760230396411463,0.0,0.0,0.0,0.0,0.0,0.0,0.9520460792822926,0.49999999999993666
RipVIS-129_00900.jpg,0.4760230396411463,0.0,0.0,0.0,0.0,0.0,0.0,0.9520460792822926,0.49999999999993666
RipVIS-129_00930.jpg,0.4760230396411463,0.0,0.0,0.0,0.0,0.0,0.0,0.9520460792822926,0.49999999999993666
RipVIS-129_00960.jpg,0.4757368224343562,0.0,0.0,0.0,0.0,0.0,0.0,0.9514736448687124,0.4999999999999366
RipVIS-129_00990.jpg,0.47580801504623893,0.0,0.0,0.0,0.0,0.0,0.0,0.9516160300924779,0.49999999999993666
RipVIS-129_01020.jpg,0.47580801504623893,0.0,0.0,0.0,0.0,0.0,0.0,0.9516160300924779,0.49999999999993666
RipVIS-129_01050.jpg,0.47449315200611564,0.0,0.0,0.0,0.0,0.0,0.0,0.9489863040122313,0.49999999999993644
RipVIS-129_01080.jpg,0.4737820698301898,0.0,0.0,0.0,0.0,0.0,0.0,0.9475641396603796,0.4999999999999364
RipVIS-129_01110.jpg,0.4742355082946959,0.0,0.0,0.0,0.0,0.0,0.0,0.9484710165893918,0.49999999999993644
RipVIS-129_01140.jpg,0.4742355082946959,0.0,0.0,0.0,0.0,0.0,0.0,0.9484710165893918,0.49999999999993644
RipVIS-129_01170.jpg,0.47279996141969605,0.0,0.0,0.0,0.0,0.0,0.0,0.9455999228393921,0.4999999999999362
RipVIS-129_01200.jpg,0.47306134259253557,0.0,0.0,0.0,0.0,0.0,0.0,0.9461226851850711,0.4999999999999363
RipVIS-129_01230.jpg,0.4740582200038009,0.0,0.0,0.0,0.0,0.0,0.0,0.9481164400076018,0.4999999999999364
RipVIS-129_01260.jpg,0.4740582200038009,0.0,0.0,0.0,0.0,0.0,0.0,0.9481164400076018,0.4999999999999364
RipVIS-129_01290.jpg,0.4773499590084301,0.0,0.0,0.0,0.0,0.0,0.0,0.9546999180168602,0.49999999999993683
RipVIS-129_01320.jpg,0.47685661410102276,0.0,0.0,0.0,0.0,0.0,0.0,0.9537132282020455,0.4999999999999368
RipVIS-129_01350.jpg,0.47719509548605354,0.0,0.0,0.0,0.0,0.0,0.0,0.9543901909721071,0.49999999999993683
RipVIS-129_01380.jpg,0.47960111641583725,0.0,0.0,0.0,0.0,0.0,0.0,0.9592022328316745,0.49999999999993716
RipVIS-129_01410.jpg,0.47980969087571373,0.0,0.0,0.0,0.0,0.0,0.0,0.9596193817514275,0.49999999999993716
RipVIS-129_01440.jpg,0.47980969087571373,0.0,0.0,0.0,0.0,0.0,0.0,0.9596193817514275,0.49999999999993716
RipVIS-129_01470.jpg,0.4768438343942326,0.0,0.0,0.0,0.0,0.0,0.0,0.9536876687884652,0.4999999999999368
RipVIS-129_01500.jpg,0.4768438343942326,0.0,0.0,0.0,0.0,0.0,0.0,0.9536876687884652,0.4999999999999368
RipVIS-129_01530.jpg,0.4772576075423807,0.0,0.0,0.0,0.0,0.0,0.0,0.9545152150847614,0.49999999999993683
RipVIS-129_01560.jpg,0.4782072241511769,0.0,0.0,0.0,0.0,0.0,0.0,0.9564144483023538,0.49999999999993694
RipVIS-129_01590.jpg,0.4788561559605904,0.0,0.0,0.0,0.0,0.0,0.0,0.9577123119211808,0.49999999999993705
RipVIS-129_01620.jpg,0.4788561559605904,0.0,0.0,0.0,0.0,0.0,0.0,0.9577123119211808,0.49999999999993705
RipVIS-129_01650.jpg,0.48364010657787376,0.0,0.0,0.0,0.0,0.0,0.0,0.9672802131557475,0.49999999999993766
RipVIS-129_01680.jpg,0.48364010657787376,0.0,0.0,0.0,0.0,0.0,0.0,0.9672802131557475,0.49999999999993766
RipVIS-129_01710.jpg,0.48364010657787376,0.0,0.0,0.0,0.0,0.0,0.0,0.9672802131557475,0.49999999999993766
RipVIS-129_01740.jpg,0.48364010657787376,0.0,0.0,0.0,0.0,0.0,0.0,0.9672802131557475,0.49999999999993766
RipVIS-129_01770.jpg,0.48164098668975674,0.0,0.0,0.0,0.0,0.0,0.0,0.9632819733795135,0.4999999999999374
RipVIS-129_01800.jpg,0.4812211853780284,0.0,0.0,0.0,0.0,0.0,0.0,0.9624423707560568,0.49999999999993733
RipVIS-129_01830.jpg,0.4812211853780284,0.0,0.0,0.0,0.0,0.0,0.0,0.9624423707560568,0.49999999999993733
RipVIS-129_01860.jpg,0.4812211853780284,0.0,0.0,0.0,0.0,0.0,0.0,0.9624423707560568,0.49999999999993733
RipVIS-129_01890.jpg,0.4812211853780284,0.0,0.0,0.0,0.0,0.0,0.0,0.9624423707560568,0.49999999999993733
RipVIS-129_01920.jpg,0.4812211853780284,0.0,0.0,0.0,0.0,0.0,0.0,0.9624423707560568,0.49999999999993733
RipVIS-129_01950.jpg,0.48143548659330615,0.0,0.0,0.0,0.0,0.0,0.0,0.9628709731866123,0.4999999999999374
RipVIS-129_01980.jpg,0.48143548659330615,0.0,0.0,0.0,0.0,0.0,0.0,0.9628709731866123,0.4999999999999374
RipVIS-129_02010.jpg,0.4819944782021024,0.0,0.0,0.0,0.0,0.0,0.0,0.9639889564042048,0.49999999999993744
RipVIS-129_02040.jpg,0.4789723186727817,0.0,0.0,0.0,0.0,0.0,0.0,0.9579446373455635,0.49999999999993705
RipVIS-133_00000.jpg,0.8102654851201014,0.6279296755065749,0.7714457018067165,0.9393112947572149,0.6544822864705746,0.864100437072241,0.036169559204717434,0.9926925395446333,0.9663570095433504
RipVIS-133_00030.jpg,0.7950720145848376,0.5987789170231065,0.749045300319597,0.8863495103152552,0.6485747298769032,0.8257999993739612,0.03486876937940634,0.9914749710646953,0.9396777149114218
RipVIS-133_00060.jpg,0.7912020416770212,0.5922627176049107,0.7439258748654182,0.9131465466752459,0.6276181798658612,0.8369905194300222,0.022842639592298177,0.9902805507329052,0.95231919360536
RipVIS-133_00090.jpg,0.7898412794494509,0.5916802337691852,0.7434662078677126,0.9744187325484028,0.601015990397275,0.8667222724331967,0.03740498732915022,0.988207344714387,0.9814361014748576
RipVIS-133_00120.jpg,0.7826130023657738,0.5784053116989418,0.7328983340487697,0.9756662957599768,0.5868713870794,0.8615174075525326,0.010572574994549864,0.987054759837844,0.9814661024041716
RipVIS-133_00150.jpg,0.8024739717417926,0.6155261844470094,0.7620132565758474,0.9538570964847017,0.6344166521194785,0.8665884537686488,0.014525794683785448,0.9895979214890782,0.9720450504364498
RipVIS-133_00180.jpg,0.4896419270832743,0.0,0.0,0.0,0.0,0.0,0.0,0.9792838541665486,0.49999999999993844
RipVIS-133_00210.jpg,0.4884440706982436,0.0,0.0,0.0,0.0,0.0,0.0,0.9768881413964872,0.49999999999993827
RipVIS-133_00240.jpg,0.48897069106861385,0.0,0.0,0.0,0.0,0.0,0.0,0.9779413821372277,0.4999999999999383
RipVIS-133_00270.jpg,0.4886199725115152,0.0,0.0,0.0,0.0,0.0,0.0,0.9772399450230304,0.4999999999999383
RipVIS-133_00300.jpg,0.4856807002314229,0.0,0.0,0.0,0.0,0.0,0.0,0.9713614004628458,0.49999999999993794
RipVIS-133_00330.jpg,0.486731047453645,0.0,0.0,0.0,0.0,0.0,0.0,0.97346209490729,0.49999999999993805
RipVIS-133_00360.jpg,0.4868602309991697,0.0,0.0,0.0,0.0,0.0,0.0,0.9737204619983394,0.49999999999993805
RipVIS-133_00390.jpg,0.4840832971642935,0.0,0.0,0.0,0.0,0.0,0.0,0.968166594328587,0.4999999999999377
RipVIS-133_00420.jpg,0.4818605324073493,0.0,0.0,0.0,0.0,0.0,0.0,0.9637210648146985,0.49999999999993744
RipVIS-133_00450.jpg,0.48302209924762696,0.0,0.0,0.0,0.0,0.0,0.0,0.9660441984952539,0.4999999999999376
RipVIS-134_00000.jpg,0.8091909481056394,0.6278975076254789,0.771421425101089,0.8745763164157397,0.6900331124048346,0.8301719016597358,0.011326860840690818,0.9906347656248805,0.9336733981555333
RipVIS-134_00060.jpg,0.8263341528318586,0.6616017991865469,0.7963421795889248,0.9766976039005845,0.6722124913216395,0.8955665111387586,0.02627207284647314,0.9912198591819792,0.9840886332664749
RipVIS-134_00120.jpg,0.6823011837800831,0.3912427003811178,0.5624363028448459,0.9610346702576279,0.39754902379395185,0.7487727103553535,0.029301463011361984,0.9738081114967961,0.9675352537572387
RipVIS-134_00180.jpg,0.6121567346146064,0.2633413938543214,0.4168966443043469,0.7811436980200462,0.28431885444310506,0.5788460914232851,0.0062472503296855586,0.9615090904705631,0.8729434371765681
RipVIS-134_00240.jpg,0.6925427166404532,0.4064642773437625,0.5779944558725769,0.901336004331084,0.4253913303082823,0.7365252731130706,0.007031529917277341,0.9789296392745733,0.940764019914908
RipVIS-134_00300.jpg,0.7860215412289172,0.5820378994260285,0.7358077826545051,0.9491338923913478,0.6007777502197604,0.8505024881642264,0.01998647069553001,0.9901423852236461,0.9699390439471651
RipVIS-134_00360.jpg,0.7506151521480784,0.5177647353522608,0.6822727176252278,0.6332765767433686,0.7394862201466946,0.6520056025640564,0.009270922557098256,0.9837539785878443,0.8134787678247899
RipVIS-134_00420.jpg,0.6648579392038603,0.3514838531470498,0.5201451017392306,0.41765630532799436,0.6892902195787266,0.4533905257483065,0.022266533730903593,0.9784858458717955,0.7061246367537729
RipVIS-134_00480.jpg,0.6409620208655099,0.32736065732213343,0.49325050507759205,0.7498579236768104,0.3674918390660544,0.6206944976735241,0.03378089122265885,0.9555463927467983,0.8557575482778299
RipVIS-134_00540.jpg,0.6722890219967891,0.36475412983402034,0.53453456833046,0.45153132768724347,0.6549272954125791,0.48143444047880907,0.045231729052738874,0.9800549768517337,0.7226701150533348
RipVIS-134_00600.jpg,0.597722895775523,0.22768816342171377,0.37092181908330796,0.6339954702961027,0.2621456334785747,0.49388243447995,0.02998632545272581,0.9680612220292042,0.803546488680668
RipVIS-134_00660.jpg,0.6835808376545329,0.38877791524551325,0.5598849333326037,0.7412024378142565,0.44984184997360893,0.6561989969422956,0.015300117692546092,0.9786769386572894,0.8621528991084771
RipVIS-134_00720.jpg,0.612800757132513,0.2702356644626361,0.4254890206959467,0.9277670383733978,0.27604353227918943,0.6301956338685002,0.04143965659396402,0.9560915798609958,0.942181936533377
RipVIS-134_00780.jpg,0.6285640225679439,0.2828488283243308,0.44096985097424235,0.653494319959726,0.33275408866704714,0.5478753772122992,0.027544910178418945,0.974537519290006,0.8165212319206141
RipVIS-134_00840.jpg,0.6059134918815215,0.2380034109155055,0.3844955657101164,0.4554163845602206,0.3326870669215494,0.42412422902267,0.01187735935862824,0.9740358555168579,0.7194274160148137
RipVIS-137_00000.jpg,0.818857307708825,0.7481163398471802,0.855911386209662,0.7979125962110493,0.9230027478367896,0.8201425976133063,0.00853435513330426,0.9168600802948902,0.8840407020295047
RipVIS-137_00030.jpg,0.790818408078201,0.7021513068909986,0.825016323811409,0.7149099394038313,0.9752131335705102,0.7552268625194501,0.00811264453524279,0.9061488172740598,0.8533831693059726
RipVIS-137_00060.jpg,0.7291809557199007,0.6106458461673333,0.7582620942032865,0.6305105195681006,0.9509372867509387,0.6760722283209446,0.006782575467769269,0.8770749240449011,0.8080913442863321
RipVIS-137_00090.jpg,0.7852872346384261,0.6944265050831763,0.8196596346904856,0.7145856573980166,0.9609611070878847,0.7532078056759826,0.01609885781724602,0.9033506944441995,0.8508516272550523
RipVIS-137_00120.jpg,0.7667641021264224,0.692233069309829,0.8181297031290776,0.7391352399471803,0.9160296041592088,0.768828932052413,0.02860374919082887,0.8830438910587883,0.850848411885133
RipVIS-137_00150.jpg,0.7930495278776344,0.7554362419306637,0.860682061684929,0.8367052099519685,0.8860736282188647,0.8461338370660598,0.007493870221103917,0.888818359374759,0.8809030352899119
RipVIS-143_00000.jpg,0.8941804337479844,0.8092134173126362,0.8945472209847117,0.9863157432595979,0.8184017106564947,0.9474379818623111,0.011387638901120965,0.980841893325499,0.9833330903246338
RipVIS-143_00012.jpg,0.8999768950595721,0.8196138162387817,0.9008656770181686,0.9780876207553888,0.8349451159172001,0.9456628432394856,0.012406598053836806,0.9819521604937087,0.9801967182493823
RipVIS-143_00024.jpg,0.9281504964138516,0.8702957868182776,0.9306504275442049,0.9577930681935232,0.9050037686817936,0.9467482136336934,0.016612442077461674,0.9872065489967945,0.9739476629846666
RipVIS-143_00036.jpg,0.9121532018591116,0.8407278124318223,0.9134732541701752,0.964391756272563,0.8676619473007459,0.9433580249166744,0.011083805606545774,0.9848884789736466,0.9755642177409484
RipVIS-143_00048.jpg,0.9307059000902862,0.874729791368105,0.933179592489178,0.9568058656913694,0.9106920024506749,0.9472132347157882,0.020046887707762934,0.9878151523918561,0.9738238259907941
RipVIS-143_00060.jpg,0.7671181797992359,0.5910132716621003,0.7429394615227569,0.991329169988318,0.5940843303610517,0.8743934822806456,0.009461339693521711,0.9475282118054413,0.9676148161567619
RipVIS-143_00072.jpg,0.7616986251857256,0.5872664039892884,0.7399720708676344,0.9583527505922842,0.6026464883264584,0.8571659660279541,0.005266430164749061,0.9414515817900099,0.9490976470327075
RipVIS-143_00084.jpg,0.7569478074218161,0.5777806467483823,0.7323966711584646,0.9698806308355988,0.5883370698678331,0.8585275704276035,0.007576296506808839,0.9412509645060594,0.9542719813107615
RipVIS-143_00096.jpg,0.7577736514355651,0.5820540669408022,0.7358207018377225,0.9678659134194392,0.5935237709341289,0.8594526195561188,0.008327971977685039,0.9391309799381583,0.952119296354877
RipVIS-143_00108.jpg,0.7509189717210589,0.5712231176117873,0.7271063049021702,0.9420926592610372,0.5920092787848232,0.8424557853767402,0.007809172227466663,0.9364858217591463,0.9390126036584169
RipVIS-143_00120.jpg,0.7498245632920666,0.571528481677664,0.7273536411730018,0.9741062008185956,0.5803453396891284,0.8577152603193402,0.007920304139400158,0.9344093605322947,0.952299170511975
RipVIS-143_00132.jpg,0.7421403125172559,0.5563149299515122,0.7149130542220584,0.9593564952939888,0.569742912770305,0.8439332570826652,0.009705996540793209,0.9339328944829121,0.9454433234294706
RipVIS-143_00144.jpg,0.7398990606311543,0.5546107782547441,0.713504352359332,0.9459247512549988,0.5727705731533893,0.8368808819295002,0.015663498767488085,0.9315628616897025,0.9380328095464893
RipVIS-143_00156.jpg,0.7438881208788259,0.5588335842232321,0.716989407822772,0.9556755821516945,0.5737032904805441,0.843371980771504,0.01061532925474576,0.9348103539736528,0.9442562604095828
RipVIS-143_00168.jpg,0.735893627595414,0.5460571733144002,0.7063867788844781,0.9069932400889228,0.5784472789110727,0.8144725625233474,0.009016335478077352,0.9318212287807518,0.9206413461256333
RipVIS-143_00180.jpg,0.7387998509398969,0.5507392565306906,0.7102925320441076,0.9786064358480159,0.5574508820560374,0.8501485579440756,0.00853248490514724,0.932878568672727,0.9536435872858287
RipVIS-143_00192.jpg,0.7400905531615876,0.5480951744182297,0.7080897653778974,0.9715170488286198,0.557046387585243,0.8456724426023757,0.004759425894074536,0.9372542920523561,0.9529296727608502
RipVIS-143_00204.jpg,0.7470743658964474,0.5589798662478453,0.7171097951292966,0.9863946324013757,0.5633231010309551,0.8575811133926285,0.007915663529294679,0.9400916280863064,0.9613123077457117
RipVIS-143_00216.jpg,0.7440588878135919,0.5547787926273615,0.7136433751966246,0.9712961690547519,0.5640259256627146,0.8487269049728356,0.007071879306336698,0.938451485339393,0.953465943619634
RipVIS-143_00228.jpg,0.7650394202256177,0.5900064061493753,0.7421434327151337,0.9331981395968375,0.6160241202790184,0.8460740488725437,0.01274861671853041,0.9448302469134663,0.9395550100815073
RipVIS-143_00240.jpg,0.7644398644793376,0.5898850104510716,0.7420473890545246,0.9396885274207103,0.613097010719356,0.849214655433038,0.015678718500295487,0.9439158950616146,0.9420007009581535
RipVIS-143_00252.jpg,0.7851547607015852,0.6234465193662232,0.7680530426214598,0.9656158354590881,0.6376012784151014,0.8755321712482498,0.014640381114115947,0.9511598186727248,0.9577272150221627
RipVIS-143_00264.jpg,0.7654629127452031,0.5915567370899858,0.743368707259023,0.9373350711079759,0.6159150324988033,0.848749743306316,0.015613186147905142,0.9442634789736516,0.9411257308994346
RipVIS-143_00276.jpg,0.7569325011822307,0.5767040845830277,0.7315311607574629,0.9385090191158532,0.5993509010320166,0.8430919657714254,0.009083276085448315,0.942116488232911,0.940478222399934
RipVIS-143_00288.jpg,0.7376304645291865,0.5436958453382488,0.7044079920019688,0.9748214728300826,0.5514397377127584,0.8450584888414177,0.006552360026423182,0.9367246576001956,0.954176345953115
RipVIS-143_00300.jpg,0.7493926288216315,0.5649533876780221,0.7220066643854024,0.9407737625948701,0.5857878314013436,0.8390779439680566,0.011701238507267637,0.9390675636572942,0.939842320911841
RipVIS-143_00312.jpg,0.7762600570778249,0.609074932850603,0.7570498059671824,0.9624338540928966,0.6239075125602974,0.8682166213861902,0.020674300253630953,0.9480249324844536,0.9545675218128518
RipVIS-143_00324.jpg,0.7782260229717229,0.6111002935638392,0.758612354556839,0.9784684141735259,0.6194300823942966,0.8768224413502261,0.02547017308577573,0.9496733940971077,0.9628049640978167
RipVIS-143_00336.jpg,0.8020865345468304,0.6501917065758737,0.7880196027951358,0.9318082664410217,0.6826750425384548,0.8684242766176098,0.013885485583031713,0.9576074218748846,0.9458994183576988
RipVIS-143_00348.jpg,0.8001194460407453,0.6461999511085966,0.7850807560447656,0.9157977126322453,0.687018712458837,0.8586136044295879,0.015233455805836045,0.9575983796295141,0.9386287592711828
RipVIS-143_00360.jpg,0.7586967578194435,0.5796232642000358,0.7338753199403819,0.9233262616943709,0.6089326359399391,0.8369067969525285,0.01172430127855186,0.9426878375770468,0.933913128935335
RipVIS-143_00372.jpg,0.76153007949502,0.5850698922179133,0.7382259862361686,0.947268995588425,0.6047663481055442,0.8508905312209664,0.015445719328594811,0.9429762249227258,0.9449235218253058
RipVIS-143_00384.jpg,0.7832622063446875,0.6192102913012283,0.7648299848732052,0.9580388259405213,0.6364719267190762,0.8701164418088734,0.009824770329626371,0.9514717158563667,0.9544605295251894
RipVIS-143_00396.jpg,0.7950430383462326,0.6375652538098876,0.7786746235932354,0.9581656738212009,0.6558211098567486,0.8772777167947311,0.0050488465641142415,0.9561806761187118,0.9570863441298373
RipVIS-143_00408.jpg,0.800565791136542,0.6470095474843603,0.7856779561145856,0.9658666130213897,0.662149659191156,0.8847065948067585,0.016817593789725093,0.9576807243440203,0.9614162616415279
RipVIS-143_00420.jpg,0.7739983676769167,0.6048112314931345,0.7537475057803669,0.9621861717617853,0.619537023030621,0.866354706740434,0.016929556527503116,0.9477303964119227,0.9543028737374912
RipVIS-143_00432.jpg,0.7627669322092542,0.5862758773223269,0.739185264938877,0.9626248012099199,0.5999320999986311,0.8587877060246291,0.012383389746042129,0.9440720244983429,0.9525161584906485
RipVIS-143_00444.jpg,0.7549216697843373,0.5730695314868501,0.7286003829025794,0.9823533508331557,0.5790303121157631,0.8622354822180692,0.019686520375352706,0.9417199556326025,0.9602787490938793
RipVIS-143_00456.jpg,0.7488713613820467,0.5633206176325084,0.7206718970873688,0.9836729853120977,0.5686373780331133,0.858371746633822,0.016000330755529816,0.9395370370369237,0.9597044914308538
RipVIS-143_00468.jpg,0.7772084982293919,0.6093046611806028,0.7572272371765959,0.970201750480685,0.6209245515707266,0.8720896586356895,0.0227169468414061,0.9494402247298238,0.9589026940663108
RipVIS-143_00480.jpg,0.7861351697610914,0.6234057654871779,0.7680221159003906,0.9618793166971359,0.6391981017020498,0.8736697845282406,0.019341003751934472,0.9528552999613048,0.956968900622136
RipVIS-143_00492.jpg,0.7759883289989976,0.6049620509027075,0.7538646170013152,0.9604473052436165,0.6204187072810134,0.8655699191816608,0.01749212248454827,0.9509912712190212,0.9553185095529589
RipVIS-143_00504.jpg,0.7566717615656837,0.5687106363676437,0.7250676105371424,0.9256978081174465,0.5959129972930751,0.8334497548060409,0.017678834505742393,0.9484001253856881,0.9379494962581904
RipVIS-143_00516.jpg,0.7687085077581794,0.5867834549661808,0.739588572252522,0.882779651542961,0.6363668304329935,0.8193279148254224,0.018987341771350745,0.9538675491896997,0.9211726952613074
RipVIS-143_00528.jpg,0.7640617363170502,0.5764373111758968,0.7313165034718957,0.8532912015059849,0.6398521041514872,0.799924153653568,0.01169006127453435,0.9546668836804404,0.907929524287261
RipVIS-143_00540.jpg,0.7543920430308109,0.558541216599706,0.7167487271440716,0.8568645167577362,0.6160167335255949,0.7947211324570272,0.008332201240396133,0.9531897424767369,0.9086032287478101
RipVIS-143_00552.jpg,0.7546103915756769,0.5562089367590757,0.7148255271138892,0.8238008582695218,0.6313131589599077,0.7764526949236302,0.016602570114595133,0.9556251205631564,0.894484940457242
RipVIS-143_00564.jpg,0.7428939663906942,0.5357594711771321,0.6977127359227445,0.8101186008630221,0.6126992685631357,0.7610731519167683,0.009071234516320336,0.9527531828702555,0.8865823233442939
RipVIS-143_00576.jpg,0.7500711065838206,0.5465240308912912,0.7067772889068126,0.786546198405802,0.6416983666057633,0.7525712591414454,0.011613634217183758,0.9560736159335267,0.8774267475238214
RipVIS-143_00588.jpg,0.7532391264807998,0.5487077373204531,0.7086007567442228,0.838151951481716,0.6137368772707851,0.7810343531099426,0.0071515446359936,0.9598328993054398,0.9027568294386294
RipVIS-143_00600.jpg,0.750061421234699,0.5432203742727068,0.7040088160172421,0.8375477657519027,0.6071970726409929,0.7784816730341937,0.014184053830944277,0.9590036651233411,0.9020292443106834
RipVIS-143_00612.jpg,0.7429284540288876,0.5282776151046207,0.6913372411967921,0.8436454324424207,0.5856131168561239,0.7753211714487702,0.004103365736695649,0.9595031587576004,0.9048653066930291
RipVIS-143_00624.jpg,0.7445324661945601,0.528145250122645,0.6912238873631383,0.8611931424019889,0.5772876058494399,0.7840729514545676,0.01217018790710884,0.9625575086804394,0.9144678966499393
RipVIS-143_00636.jpg,0.7476572894593824,0.533249344546146,0.695580723961101,0.8302797062907281,0.598486335503026,0.7705899114007908,0.008984681853447335,0.963641010802353,0.9004721024745368
RipVIS-143_00648.jpg,0.7604607753144024,0.556150665572488,0.7147774028267209,0.8451199143913055,0.6192679506775867,0.7876662788137991,0.021629452019500003,0.9662602478779699,0.9088796110711835
RipVIS-143_00660.jpg,0.7502068872792128,0.535707152653899,0.6976683695561726,0.88308776512283,0.5766010972444914,0.7982295452264817,0.0211210807530436,0.9660876012730316,0.9265117482488212
RipVIS-143_00672.jpg,0.5976937413800799,0.3349921811223685,0.5018638848367343,0.4073377845974635,0.6535181811960107,0.440527110262244,0.013851502915717488,0.869567901234463,0.6829016332318587
RipVIS-143_00684.jpg,0.595469070720734,0.33574870912200383,0.5027123841919243,0.41042251456973305,0.6485485978943795,0.4429498912558694,0.00506266761520818,0.8650659481094636,0.6830485567749549
RipVIS-143_00696.jpg,0.5986453627675914,0.3391455562342272,0.5065103709680802,0.3964941298792187,0.7010257917619044,0.43421990575732045,0.01122980005447193,0.8677712673610065,0.6807889081073346
RipVIS-143_00708.jpg,0.5928632938913895,0.32793273112231913,0.49389961319074144,0.38617880345139843,0.684963498818058,0.4230895857677064,0.013231370175412446,0.8670211226850806,0.6751541980856814
RipVIS-143_00720.jpg,0.6252509346342112,0.3872892976184083,0.5583396315148929,0.4683627384543289,0.6911079840512749,0.5006337558574635,0.007542995071720231,0.8740983072915612,0.7127564444079393
RipVIS-143_00732.jpg,0.6422745882782489,0.4069303055518146,0.57846547756637,0.4726321828931116,0.7453714015248327,0.5099515043924144,0.007953929189165253,0.8870992476850782,0.7204905303729624
RipVIS-143_00744.jpg,0.6184249524483818,0.377488660003766,0.54808242124147,0.43200522819991505,0.7494569810552799,0.4719899186619315,0.011337982240221292,0.8704128086418703,0.6999473569760019
RipVIS-143_00756.jpg,0.6504421735787844,0.40961826558053593,0.5811761603583352,0.44010177932248973,0.855361962611718,0.48742908651026884,0.010441666926084166,0.8988937114196447,0.712995279508806
RipVIS-143_00768.jpg,0.6188139111407898,0.3611560815482274,0.5306607911378328,0.4002979568144496,0.7869388336478347,0.44391949806737707,0.008195297115481429,0.8845351080245847,0.6895907054383297
RipVIS-143_00780.jpg,0.6442911927715292,0.400266164668414,0.5717001164035095,0.4183666420650432,0.9024540589361524,0.4686439093111542,0.015486445401080363,0.8960634886187191,0.7046891899018968
RipVIS-143_00792.jpg,0.6168430235543636,0.35368786125543206,0.5225545288223479,0.37165637168082394,0.8797440248937515,0.4201919285820218,0.011746461213193438,0.8873930603779794,0.6807792888322607
RipVIS-143_00804.jpg,0.6131492324598015,0.3489533105719595,0.5173689968913786,0.36325001739371343,0.8986437355742808,0.41238856683024117,0.012995573970775793,0.8849112654319921,0.6774346860852207
RipVIS-143_00816.jpg,0.6170927171978844,0.3577095993940611,0.5269309424544175,0.3757336045236448,0.8817536042055025,0.42445023121923126,0.013072098366358066,0.8844266010801403,0.6826587606585217
RipVIS-143_00828.jpg,0.603699916183887,0.34195665147171395,0.5096388934719951,0.3778274203663638,0.7826953926468014,0.42142595812056755,0.011436138196357405,0.874236955053907,0.6779439884751641
RipVIS-143_00840.jpg,0.626818620752567,0.37563655510162985,0.546127614461188,0.3901775917279402,0.9097424282752901,0.44049160145128113,0.01254674124625153,0.8863429542823005,0.6909759637839535
RipVIS-143_00852.jpg,0.6261655428153988,0.3761628256105072,0.5466836025651689,0.3964584845365544,0.8802111414362319,0.44541763903253995,0.009181238862940375,0.88477213541656,0.6924967861246483
RipVIS-143_00864.jpg,0.6146687681011402,0.35369996981887203,0.5225677442634469,0.37089729662943893,0.8841023101909006,0.41961278652671263,0.01319470939802891,0.8835622829860046,0.6804054594546598
RipVIS-143_00876.jpg,0.6000245931592272,0.3309094799378508,0.4972681988159003,0.351230060370731,0.8511813615821531,0.3979819256137794,0.013765105140861902,0.8770940634644004,0.669189184916446
RipVIS-143_00888.jpg,0.5728889564872706,0.29329842123245764,0.4535665031632172,0.3263710990888487,0.7432181830030671,0.367606863371415,0.0016639941910972077,0.8609903067128591,0.6510791449905347
RipVIS-143_00900.jpg,0.5606748409789292,0.2828998041132858,0.44103179875192267,0.3334044488811153,0.6512704984088119,0.369469939443955,0.011402166411276077,0.8481289785878607,0.6471473918070496
RipVIS-143_00912.jpg,0.5425174291975604,0.2577759156920418,0.40989163884603524,0.3149513059764467,0.5867703103177596,0.3471108490653232,0.014084507041822274,0.8370357108409484,0.6331803550781998
RipVIS-143_00924.jpg,0.5373660573259365,0.24311312115854425,0.39113595861971134,0.2938657334678255,0.5846596209133496,0.326326976442109,0.019474994484622477,0.8402584876542196,0.6248527056632565
RipVIS-143_00936.jpg,0.5476976956467363,0.2507598161393262,0.40097197384120825,0.28373357103735347,0.6833183883397669,0.3213124107522129,0.01225789846173805,0.8523149353779836,0.6279969471793598
RipVIS-143_00948.jpg,0.5327282925369146,0.22240661880386037,0.3638832044634836,0.26420291305666027,0.5843512683386803,0.2967151626031898,0.007504512206468936,0.8497928722992802,0.6138549149903618
RipVIS-143_00960.jpg,0.6245416345946331,0.3806389115029588,0.5513953117380948,0.4590101110682732,0.6903404981622197,0.4919823836053978,0.014751657869407181,0.8782849874613139,0.7094621702815732
RipVIS-143_00972.jpg,0.65440157885777,0.4284854773864136,0.5999157627704826,0.5244471985965153,0.7007552632948802,0.5522353737573643,0.013419013418651106,0.8901725260415593,0.7413678478841697
RipVIS-143_00984.jpg,0.6255177530958511,0.3816503960938403,0.5524558125164378,0.47515426837285246,0.6597962547895694,0.5033250679768899,0.008534471262607429,0.8791292920523631,0.7147617493333434
RipVIS-143_00996.jpg,0.6821693205897151,0.4706138698981579,0.6400237064685764,0.5991048357940176,0.6869418464968138,0.6148280467170494,0.014881197072682694,0.9028985821758171,0.7765718107620531
RipVIS-143_01008.jpg,0.7392321833227214,0.570152504893793,0.7262383789049317,0.7525420722149728,0.7017113769814555,0.7417952131388764,0.012032637884423863,0.9182535204474201,0.8493456100943075
RipVIS-143_01020.jpg,0.7313346139442276,0.5522467266950065,0.711545036233811,0.7739324611884202,0.6584655109399344,0.7477091602060206,0.01723310170518678,0.9193346113039015,0.8573580562079026
RipVIS-143_01032.jpg,0.7078931691676982,0.5123273979812566,0.6775350346295933,0.7163067954274644,0.6427449772525631,0.7002775180999233,0.012042005802448404,0.9123486930940258,0.8287873326725825
RipVIS-143_01044.jpg,0.7125431297218611,0.5185287238119562,0.6829356806768803,0.8068350589598501,0.5920232755291623,0.7522455787719157,0.008173677634106266,0.9151012731480378,0.8678867380626359
RipVIS-143_01056.jpg,0.7105710729181247,0.5124164747414308,0.6776129238198569,0.7723671947801661,0.6035671054114288,0.7314539347795598,0.009220211121638153,0.9167146508486549,0.8537652064616403
RipVIS-143_01068.jpg,0.7094456847666537,0.5098883570296758,0.6753987533657819,0.7540593101845385,0.6115990962180913,0.7204942616710158,0.007305194804997154,0.9168725887344573,0.8460118193736494
RipVIS-143_01080.jpg,0.7710699167829885,0.6062568992567258,0.7548691613866538,0.8617114882753171,0.6715986435930965,0.815539694243333,0.013631320335667794,0.9416440007714914,0.9063302258912782
RipVIS-143_01092.jpg,0.7424415804225506,0.5578515462630009,0.7161806240154065,0.8048329063036752,0.6451206359363757,0.7668625331949129,0.008725584373766528,0.9331829909335294,0.8765164121315526
RipVIS-143_01104.jpg,0.7648023496668299,0.5905931413894113,0.7426074286646523,0.8961701468116229,0.6339732998598886,0.827706087988398,0.011486917676771263,0.9439433834875405,0.9224259263438225
RipVIS-143_01116.jpg,0.7544785659014754,0.5714995261370939,0.7273301921278946,0.8529817582925793,0.6339446763515638,0.7978481372286652,0.007436007435794766,0.9422728587961826,0.9020569309972666
RipVIS-143_01128.jpg,0.7860971794027787,0.6233075519075653,0.7679475786028472,0.8633459870994797,0.6915341183054214,0.8224770508042233,0.01691925034657221,0.952872661072416,0.9125539915224313
RipVIS-143_01140.jpg,0.7914781906897315,0.6307911438588022,0.773601385112032,0.836413240060762,0.7195644834950641,0.8101030116466609,0.013964926661768746,0.9557792004242674,0.9020225323951363
RipVIS-143_01152.jpg,0.7670690740707533,0.5830101445908337,0.7365842178371212,0.7965017378693684,0.6850506970513001,0.7714018328474744,0.015820200247562834,0.954253833911922,0.8822645914213167
RipVIS-143_01164.jpg,0.7705809010853482,0.5886119256534859,0.7410392886372882,0.7917152744922764,0.6964603640004537,0.7706353103480528,0.008886403181429083,0.9555665268131563,0.8807939701776175
RipVIS-143_01176.jpg,0.773346737894876,0.5912193167954675,0.7431022368256754,0.7821263530298043,0.7077872621301039,0.7660349800822113,0.011267970469781506,0.9581680410878474,0.8775269279465069
RipVIS-143_01188.jpg,0.76607222383084,0.5770377344154595,0.7317995274594272,0.7460673456812168,0.7180671852910021,0.7402939722754736,0.012979085680824395,0.957697603202045,0.8607540909628361
RipVIS-143_01200.jpg,0.7659169238920378,0.5752518510278528,0.7303617521890238,0.7178912951315363,0.7432731156966927,0.722828024534209,0.013593127735457554,0.9589932966819831,0.8485502151347408
RipVIS-143_01212.jpg,0.8487500500004048,0.7224849674236355,0.8388868188548253,0.8074450602423654,0.8728764640084486,0.8197346315331944,0.019477000202578518,0.9765410397375366,0.8989113457134902
RipVIS-143_01224.jpg,0.8327858374617938,0.6927666082642451,0.8185022139284809,0.7638742111886881,0.8815454006966525,0.784826383134268,0.017299578058463445,0.9743763261958701,0.8777376312475603
RipVIS-143_01236.jpg,0.843458892882202,0.7094595813108395,0.8300396090872358,0.8819757665911566,0.78387993732253,0.860440423522394,0.019809482571270496,0.9786342592591413,0.933343614606916
RipVIS-143_01248.jpg,0.8353731885998843,0.6941423101106703,0.8194616307827473,0.8523514964977685,0.7890157160900534,0.8388837403364345,0.026692756404537665,0.9777836853779686,0.9190107360207335
RipVIS-143_01260.jpg,0.8332152975779749,0.6900499094889814,0.816602995703992,0.8697073941670468,0.7696105198626148,0.8476578258083891,0.012565675863887802,0.9775606433254994,0.926920422444063
RipVIS-143_01272.jpg,0.8310087857781057,0.6861775883520009,0.8138853144438268,0.8475229660445707,0.7828158475347409,0.8337396753404158,0.019358674245927295,0.9770522280091415,0.9163631211137646
RipVIS-143_01284.jpg,0.8278944253319749,0.6805615794656867,0.8099216211786333,0.8467898446376307,0.7761298499118515,0.8316469736927896,0.01183190534431839,0.97646918402766,0.9157097604734984
RipVIS-143_01296.jpg,0.8282236505526657,0.6801521473890589,0.8096316139535448,0.8105879022732657,0.8086775793291725,0.8102051159922081,0.017224916930175117,0.9774327256943266,0.8992599393295877
RipVIS-143_01308.jpg,0.8561862278369345,0.7309160270261309,0.8445424452876669,0.8455478294494696,0.843539449154258,0.8451453886770002,0.02885327718529055,0.9823456790122272,0.9180591841697078
RipVIS-143_01320.jpg,0.8481888030367661,0.7163769474756597,0.834754799671788,0.8478543231326481,0.8220538980763187,0.842565485573675,0.018579402094251112,0.9809623360338323,0.9184098353021263
RipVIS-143_01332.jpg,0.8316821568329252,0.6860441489181972,0.8137914411771224,0.8325761940072988,0.7958356362556167,0.8249591788933394,0.019143576825454617,0.9783910831403141,0.9098671396121585
RipVIS-143_01344.jpg,0.8561614657532429,0.7292078117120533,0.8434010149307382,0.8965921772413398,0.7961676318931507,0.8745304114923848,0.023758190656361946,0.9838494646989554,0.942445018792333
RipVIS-143_01356.jpg,0.8409298595030139,0.7004985625372496,0.8238743365852215,0.8611693124433346,0.7896755666454943,0.8458533455787036,0.008655978167804196,0.982139756944326,0.924738084584614
RipVIS-143_01368.jpg,0.6256891666822828,0.3318544550597292,0.4983344145435871,0.3623694647182616,0.7976041252259953,0.40676159880203916,0.013355477129148313,0.9226169463733456,0.6757296587123667
RipVIS-143_01380.jpg,0.6018481462591114,0.2913194044563805,0.45119651025304636,0.3202496937682945,0.7633034759479632,0.36230968166028754,0.004316595285323016,0.9154232976464945,0.6540777977950768
RipVIS-143_01392.jpg,0.6037979660199302,0.2970528809990246,0.4580428220786597,0.31846238819088657,0.8154506785256581,0.36266919224656574,0.008450987625056139,0.9138016010801367,0.6545769632152478
RipVIS-143_01404.jpg,0.6276728618257102,0.34208164603325625,0.5097776980176058,0.3657425999552776,0.8409612623832762,0.4123449928952317,0.013467487422633269,0.9170068962190252,0.6782451426693592
RipVIS-143_01416.jpg,0.6238189498925255,0.3349794719830572,0.5018496224297126,0.34755014114358146,0.9025475371546324,0.39628740261035983,0.014664392099774805,0.9163390962576056,0.6711860590224575
RipVIS-143_01428.jpg,0.6250511850614417,0.333436132552394,0.5001156402056511,0.34915473890015686,0.8810452832168576,0.39710103384448114,0.019130608973720264,0.9200010850693335,0.6715261341609955
RipVIS-143_01440.jpg,0.6098971027969267,0.3049164825016596,0.46733486256086404,0.3140714855995678,0.9127434916026341,0.36149233072977205,0.012549238330513848,0.9179418643903214,0.655092388814346
RipVIS-143_01452.jpg,0.5641011467068567,0.22384161091617066,0.3658016019713569,0.2296191784549421,0.8989509896516262,0.2697954975431494,0.011246622361380026,0.9069278067128536,0.6131012859972313
RipVIS-144_00000.jpg,0.7020677687269992,0.4834252465452528,0.651768934998378,0.9833230643530572,0.4874215093844299,0.8170666976982707,0.009147444966959052,0.9261873070986537,0.9525967375821497
RipVIS-144_00060.jpg,0.699697174156353,0.48046404891609756,0.6490722274112134,0.9928311659764548,0.48213669557581956,0.8192714980804299,0.012466692043761366,0.9245844184026663,0.9561295982057472
RipVIS-144_00120.jpg,0.670381248475644,0.4370383896177729,0.6082487326368747,0.9899735866979428,0.4389814565359971,0.7913255033833264,0.0074556517265845215,0.9104194396218038,0.9471911534809141
RipVIS-144_00180.jpg,0.7139975856863523,0.4971954306995772,0.664169046344549,0.9117153885348226,0.5223437676679606,0.7934263521245869,0.010107885511686761,0.9352317226079119,0.9243619447353708
RipVIS-144_00240.jpg,0.7127653448746096,0.48747880919510594,0.6554430304239253,0.876124287648922,0.523565513328958,0.7721360283636685,0.009384664604550685,0.9414988425924791,0.9110283231776178
RipVIS-144_00300.jpg,0.6359279891692604,0.3751074191883215,0.5455681700993723,0.9420370799202471,0.3839694777584365,0.7298746868377153,0.0013489966836785735,0.9027745225693355,0.9211092599193693
RipVIS-144_00360.jpg,0.587687875473486,0.3042565347510753,0.4665593411178796,0.8569113247536342,0.32054176562724634,0.6420425512653,0.00023892008122569227,0.8779955150461904,0.8681533853672857
RipVIS-144_00420.jpg,0.5730451937733406,0.24482114425398988,0.39334348614508635,0.4575552492321445,0.34493628877904153,0.42950899376128454,0.0002935502809572444,0.9043313560955699,0.6971863841177043
RipVIS-144_00480.jpg,0.5548529553155018,0.2197285106163476,0.3602908494863589,0.4500272621236111,0.3003920273704515,0.4092546030511766,0.0039749771926243,0.893283781828596,0.6875143965143937
RipVIS-144_00540.jpg,0.5492982061622417,0.2809492889243951,0.43865794119032836,0.9940536790590505,0.2814222494291457,0.6598650522052517,0.0023894862603932613,0.8297755111881715,0.9060247185736146
RipVIS-144_00600.jpg,0.5073897934737358,0.17760875005267857,0.301643054273728,0.40817748547694777,0.2392093507355867,0.35765130517740085,0.0004863665379674023,0.8427023051696515,0.6451632828872043
RipVIS-144_00660.jpg,0.4963400528760586,0.1501918465066485,0.26115964386777685,0.33216768223661264,0.21516373423217297,0.2995853606103782,0.00028323597095828514,0.8467543161650214,0.6123024308789189
RipVIS-144_00720.jpg,0.49670812012371784,0.15058784921850002,0.26175810794592,0.33244818873047427,0.215858963170971,0.3000371225066739,0.0017773306505104852,0.8470891203702682,0.6126141881043777
RipVIS-144_00780.jpg,0.49503972465923024,0.14456172367578282,0.25260625213207366,0.3183841956051521,0.2093538904765544,0.28834999135056605,0.0011712256309063312,0.8494480613424902,0.606977535110069
RipVIS-146_00000.jpg,0.6918381821235862,0.40595390796474407,0.5774782596570354,0.41625474807845836,0.9425436303078747,0.46858341100422624,0.017017555659042338,0.9780565200616105,0.7076532379679925
RipVIS-146_00030.jpg,0.7463373895538736,0.5121764313023005,0.6774030076122922,0.5452454590708946,0.8941218187338129,0.5913967413514329,0.005770491802900296,0.9808896363810545,0.7713893733044044
RipVIS-146_00060.jpg,0.6728513818616921,0.3700473705683201,0.540196461111878,0.3873175061591263,0.8924622041707626,0.4367598011570538,0.02124072825210784,0.975998625578586,0.6927772360719966
RipVIS-146_00090.jpg,0.6033729329936434,0.23553879143231346,0.3812730010026836,0.23857826509272292,0.9486869317393286,0.280582430898844,0.0021587082288093682,0.9714602623455618,0.6190422209441574
RipVIS-146_00120.jpg,0.7664770067497843,0.5503410415282535,0.7099612624403635,0.5652259229201053,0.9543341174339068,0.6154098150508841,0.007018008474111625,0.9829752604165481,0.7820953509354347
RipVIS-146_00150.jpg,0.7383530537142882,0.4959384145795432,0.6630465662838593,0.5038466822349229,0.96932225787572,0.55737808134713,0.006162502511476823,0.9811248553239558,0.7516182219500569
RipVIS-146_00180.jpg,0.731595069298709,0.48377942857345924,0.6520907612778758,0.48817448349685766,0.9817301920706925,0.5427466477148601,0.007212501669078903,0.9798004677853757,0.74390399290057
RipVIS-146_00210.jpg,0.7499646957976729,0.5196923445246912,0.6839441501394593,0.5398977101355887,0.9328247965355062,0.5895653886242569,0.008549141965145139,0.9806508005400052,0.7691646227468243
RipVIS-146_00240.jpg,0.7320519282663648,0.48559956669035653,0.6537422029170126,0.5105916727522546,0.9084320895143595,0.5596067107755602,0.01874753321808002,0.9789318094134623,0.7542528467367128
RipVIS-146_00270.jpg,0.6898477129388414,0.4070362467656892,0.578572510411627,0.4729451164388427,0.7449491994737371,0.5102033320600593,0.007993909401852944,0.9731628568671666,0.7331911050690887
RipVIS-146_00300.jpg,0.7196560670572243,0.4699725544084855,0.6394303798380803,0.5140966944943056,0.8455769630732631,0.5578326331849012,0.008800575634648776,0.970151065779204,0.7545004231274488
RipVIS-146_00330.jpg,0.6856248906181857,0.404409420224779,0.57591385304159,0.4120477741771903,0.9561705224201694,0.46496702428334524,0.00659276546052551,0.9675705295137722,0.7054907166528195
RipVIS-146_00360.jpg,0.6230786753734765,0.28782831330289504,0.44699795823668664,0.29426179118417517,0.9294035666865382,0.34084796528822603,0.0038390172113481977,0.9590192177853781,0.6464643393899339
RipVIS-146_00390.jpg,0.7246077474945931,0.4877757613886938,0.6557113969021818,0.594355483171461,0.7311932062811737,0.617466391303964,0.01036809207211191,0.9628055073301308,0.7902546385288534
RipVIS-146_00420.jpg,0.7236741489240763,0.48222881269716966,0.6506806622112163,0.5178794673853157,0.875079636519213,0.5639166792713758,0.016836121131691476,0.9662169656634637,0.756548671279158
RipVIS-146_00450.jpg,0.8166706826205778,0.6631425409763821,0.7974572529268245,0.9242732268768326,0.7012424710272641,0.8689962309125668,0.021224447224591967,0.9718502845292037,0.9495789942520384
RipVIS-146_00480.jpg,0.853070938929932,0.7293996464113103,0.8435293113710215,0.9269972321297677,0.773850869200932,0.8917033206544797,0.009418253719980318,0.9781142698687092,0.9542927993818298
RipVIS-146_00510.jpg,0.8413334839629705,0.7082986578197957,0.8292445288504259,0.8225085512238746,0.8360917467796479,0.8251897674974598,0.0068112651559436126,0.9758701051310552,0.9050706322028419
RipVIS-147_00000.jpg,0.4578399884258707,0.0,0.0,0.0,0.0,0.0,0.0,0.9156799768517414,0.49999999999993416
RipVIS-147_00025.jpg,0.4578399884258707,0.0,0.0,0.0,0.0,0.0,0.0,0.9156799768517414,0.49999999999993416
RipVIS-147_00050.jpg,0.4578399884258707,0.0,0.0,0.0,0.0,0.0,0.0,0.9156799768517414,0.49999999999993416
RipVIS-147_00075.jpg,0.456745575327877,0.0,0.0,0.0,0.0,0.0,0.0,0.913491150655754,0.499999999999934
RipVIS-147_00100.jpg,0.45521387924377227,0.0,0.0,0.0,0.0,0.0,0.0,0.9104277584875445,0.4999999999999338
RipVIS-147_00125.jpg,0.45678090036645724,0.0,0.0,0.0,0.0,0.0,0.0,0.9135618007329145,0.499999999999934
RipVIS-147_00150.jpg,0.4537822506750996,0.0,0.0,0.0,0.0,0.0,0.0,0.9075645013501992,0.49999999999993355
RipVIS-147_00175.jpg,0.4537822506750996,0.0,0.0,0.0,0.0,0.0,0.0,0.9075645013501992,0.49999999999993355
RipVIS-147_00200.jpg,0.45378803771213666,0.0,0.0,0.0,0.0,0.0,0.0,0.9075760754242733,0.49999999999993355
RipVIS-147_00225.jpg,0.4531355492862108,0.0,0.0,0.0,0.0,0.0,0.0,0.9062710985724216,0.49999999999993344
RipVIS-147_00250.jpg,0.4537413194443897,0.0,0.0,0.0,0.0,0.0,0.0,0.9074826388887794,0.49999999999993355
RipVIS-147_00275.jpg,0.4550330343363649,0.0,0.0,0.0,0.0,0.0,0.0,0.9100660686727298,0.4999999999999337
RipVIS-147_00300.jpg,0.45503219039346365,0.0,0.0,0.0,0.0,0.0,0.0,0.9100643807869273,0.4999999999999337
RipVIS-147_00325.jpg,0.45503219039346365,0.0,0.0,0.0,0.0,0.0,0.0,0.9100643807869273,0.4999999999999337
RipVIS-147_00350.jpg,0.45457724488806245,0.0,0.0,0.0,0.0,0.0,0.0,0.9091544897761249,0.49999999999993366
RipVIS-147_00375.jpg,0.45492802372679697,0.0,0.0,0.0,0.0,0.0,0.0,0.9098560474535939,0.4999999999999337
RipVIS-NR-004_00000.jpg,0.49999999999975886,0.0,0.0,0.0,0.0,0.0,0.0,0.9999999999995177,0.49999999999975886
RipVIS-NR-004_00006.jpg,0.49999999999975886,0.0,0.0,0.0,0.0,0.0,0.0,0.9999999999995177,0.49999999999975886
RipVIS-NR-004_00012.jpg,0.49999999999975886,0.0,0.0,0.0,0.0,0.0,0.0,0.9999999999995177,0.49999999999975886
RipVIS-NR-004_00018.jpg,0.49999999999975886,0.0,0.0,0.0,0.0,0.0,0.0,0.9999999999995177,0.49999999999975886
RipVIS-NR-004_00024.jpg,0.49999999999975886,0.0,0.0,0.0,0.0,0.0,0.0,0.9999999999995177,0.49999999999975886
RipVIS-NR-004_00030.jpg,0.49999999999975886,0.0,0.0,0.0,0.0,0.0,0.0,0.9999999999995177,0.49999999999975886
RipVIS-NR-004_00036.jpg,0.49999999999975886,0.0,0.0,0.0,0.0,0.0,0.0,0.9999999999995177,0.49999999999975886
RipVIS-NR-004_00042.jpg,0.49999999999975886,0.0,0.0,0.0,0.0,0.0,0.0,0.9999999999995177,0.49999999999975886
RipVIS-NR-004_00048.jpg,0.49999999999975886,0.0,0.0,0.0,0.0,0.0,0.0,0.9999999999995177,0.49999999999975886
RipVIS-NR-004_00054.jpg,0.49999999999975886,0.0,0.0,0.0,0.0,0.0,0.0,0.9999999999995177,0.49999999999975886
RipVIS-NR-004_00060.jpg,0.49999999999975886,0.0,0.0,0.0,0.0,0.0,0.0,0.9999999999995177,0.49999999999975886
RipVIS-NR-004_00066.jpg,0.49999999999975886,0.0,0.0,0.0,0.0,0.0,0.0,0.9999999999995177,0.49999999999975886
RipVIS-NR-004_00072.jpg,0.49999999999975886,0.0,0.0,0.0,0.0,0.0,0.0,0.9999999999995177,0.49999999999975886
RipVIS-NR-004_00078.jpg,0.49999999999975886,0.0,0.0,0.0,0.0,0.0,0.0,0.9999999999995177,0.49999999999975886
RipVIS-NR-004_00084.jpg,0.49999999999975886,0.0,0.0,0.0,0.0,0.0,0.0,0.9999999999995177,0.49999999999975886
RipVIS-NR-004_00090.jpg,0.49999999999975886,0.0,0.0,0.0,0.0,0.0,0.0,0.9999999999995177,0.49999999999975886
RipVIS-NR-004_00096.jpg,0.49999999999975886,0.0,0.0,0.0,0.0,0.0,0.0,0.9999999999995177,0.49999999999975886
RipVIS-NR-004_00102.jpg,0.49999999999975886,0.0,0.0,0.0,0.0,0.0,0.0,0.9999999999995177,0.49999999999975886
RipVIS-NR-004_00108.jpg,0.49999999999975886,0.0,0.0,0.0,0.0,0.0,0.0,0.9999999999995177,0.49999999999975886
RipVIS-NR-004_00114.jpg,0.49999999999975886,0.0,0.0,0.0,0.0,0.0,0.0,0.9999999999995177,0.49999999999975886
RipVIS-NR-004_00120.jpg,0.49999999999975886,0.0,0.0,0.0,0.0,0.0,0.0,0.9999999999995177,0.49999999999975886
RipVIS-NR-004_00126.jpg,0.49999999999975886,0.0,0.0,0.0,0.0,0.0,0.0,0.9999999999995177,0.49999999999975886
RipVIS-NR-004_00132.jpg,0.49999999999975886,0.0,0.0,0.0,0.0,0.0,0.0,0.9999999999995177,0.49999999999975886
RipVIS-NR-004_00138.jpg,0.49999999999975886,0.0,0.0,0.0,0.0,0.0,0.0,0.9999999999995177,0.49999999999975886
RipVIS-NR-004_00144.jpg,0.49999999999975886,0.0,0.0,0.0,0.0,0.0,0.0,0.9999999999995177,0.49999999999975886
RipVIS-NR-004_00150.jpg,0.49999999999975886,0.0,0.0,0.0,0.0,0.0,0.0,0.9999999999995177,0.49999999999975886
RipVIS-NR-004_00156.jpg,0.49999999999975886,0.0,0.0,0.0,0.0,0.0,0.0,0.9999999999995177,0.49999999999975886
RipVIS-NR-004_00162.jpg,0.49999999999975886,0.0,0.0,0.0,0.0,0.0,0.0,0.9999999999995177,0.49999999999975886
RipVIS-NR-004_00168.jpg,0.49999999999975886,0.0,0.0,0.0,0.0,0.0,0.0,0.9999999999995177,0.49999999999975886
RipVIS-NR-004_00174.jpg,0.49999999999975886,0.0,0.0,0.0,0.0,0.0,0.0,0.9999999999995177,0.49999999999975886
RipVIS-NR-004_00180.jpg,0.49999999999975886,0.0,0.0,0.0,0.0,0.0,0.0,0.9999999999995177,0.49999999999975886
RipVIS-NR-004_00186.jpg,0.49999999999975886,0.0,0.0,0.0,0.0,0.0,0.0,0.9999999999995177,0.49999999999975886
RipVIS-NR-004_00192.jpg,0.49999999999975886,0.0,0.0,0.0,0.0,0.0,0.0,0.9999999999995177,0.49999999999975886
RipVIS-NR-004_00198.jpg,0.49999999999975886,0.0,0.0,0.0,0.0,0.0,0.0,0.9999999999995177,0.49999999999975886
RipVIS-NR-004_00204.jpg,0.49999999999975886,0.0,0.0,0.0,0.0,0.0,0.0,0.9999999999995177,0.49999999999975886
RipVIS-NR-004_00210.jpg,0.49999999999975886,0.0,0.0,0.0,0.0,0.0,0.0,0.9999999999995177,0.49999999999975886
RipVIS-NR-004_00216.jpg,0.49999999999975886,0.0,0.0,0.0,0.0,0.0,0.0,0.9999999999995177,0.49999999999975886
RipVIS-NR-004_00222.jpg,0.49999999999975886,0.0,0.0,0.0,0.0,0.0,0.0,0.9999999999995177,0.49999999999975886
RipVIS-NR-004_00228.jpg,0.49999999999975886,0.0,0.0,0.0,0.0,0.0,0.0,0.9999999999995177,0.49999999999975886
RipVIS-NR-004_00234.jpg,0.49999999999975886,0.0,0.0,0.0,0.0,0.0,0.0,0.9999999999995177,0.49999999999975886
RipVIS-NR-004_00240.jpg,0.49999999999975886,0.0,0.0,0.0,0.0,0.0,0.0,0.9999999999995177,0.49999999999975886
RipVIS-NR-004_00246.jpg,0.49999999999975886,0.0,0.0,0.0,0.0,0.0,0.0,0.9999999999995177,0.49999999999975886
RipVIS-NR-004_00252.jpg,0.49999999999975886,0.0,0.0,0.0,0.0,0.0,0.0,0.9999999999995177,0.49999999999975886
RipVIS-NR-004_00258.jpg,0.49999999999975886,0.0,0.0,0.0,0.0,0.0,0.0,0.9999999999995177,0.49999999999975886
RipVIS-NR-004_00264.jpg,0.49999999999975886,0.0,0.0,0.0,0.0,0.0,0.0,0.9999999999995177,0.49999999999975886
RipVIS-NR-004_00270.jpg,0.49999999999975886,0.0,0.0,0.0,0.0,0.0,0.0,0.9999999999995177,0.49999999999975886
RipVIS-NR-004_00276.jpg,0.49999999999975886,0.0,0.0,0.0,0.0,0.0,0.0,0.9999999999995177,0.49999999999975886
RipVIS-NR-004_00282.jpg,0.49999999999975886,0.0,0.0,0.0,0.0,0.0,0.0,0.9999999999995177,0.49999999999975886
RipVIS-NR-004_00288.jpg,0.49999999999975886,0.0,0.0,0.0,0.0,0.0,0.0,0.9999999999995177,0.49999999999975886
RipVIS-NR-004_00294.jpg,0.49999999999975886,0.0,0.0,0.0,0.0,0.0,0.0,0.9999999999995177,0.49999999999975886
RipVIS-NR-004_00300.jpg,0.49999999999975886,0.0,0.0,0.0,0.0,0.0,0.0,0.9999999999995177,0.49999999999975886
RipVIS-NR-004_00306.jpg,0.49999999999975886,0.0,0.0,0.0,0.0,0.0,0.0,0.9999999999995177,0.49999999999975886
RipVIS-NR-004_00312.jpg,0.49999999999975886,0.0,0.0,0.0,0.0,0.0,0.0,0.9999999999995177,0.49999999999975886
RipVIS-NR-004_00318.jpg,0.49999999999975886,0.0,0.0,0.0,0.0,0.0,0.0,0.9999999999995177,0.49999999999975886
RipVIS-NR-004_00324.jpg,0.49999999999975886,0.0,0.0,0.0,0.0,0.0,0.0,0.9999999999995177,0.49999999999975886
RipVIS-NR-004_00330.jpg,0.49999999999975886,0.0,0.0,0.0,0.0,0.0,0.0,0.9999999999995177,0.49999999999975886
RipVIS-NR-004_00336.jpg,0.49999999999975886,0.0,0.0,0.0,0.0,0.0,0.0,0.9999999999995177,0.49999999999975886
RipVIS-NR-004_00342.jpg,0.49999999999975886,0.0,0.0,0.0,0.0,0.0,0.0,0.9999999999995177,0.49999999999975886
RipVIS-NR-004_00348.jpg,0.49999999999975886,0.0,0.0,0.0,0.0,0.0,0.0,0.9999999999995177,0.49999999999975886
RipVIS-NR-004_00354.jpg,0.49999999999975886,0.0,0.0,0.0,0.0,0.0,0.0,0.9999999999995177,0.49999999999975886
RipVIS-NR-004_00360.jpg,0.49999999999975886,0.0,0.0,0.0,0.0,0.0,0.0,0.9999999999995177,0.49999999999975886
RipVIS-NR-004_00366.jpg,0.49999999999975886,0.0,0.0,0.0,0.0,0.0,0.0,0.9999999999995177,0.49999999999975886
RipVIS-NR-004_00372.jpg,0.49999999999975886,0.0,0.0,0.0,0.0,0.0,0.0,0.9999999999995177,0.49999999999975886
RipVIS-NR-004_00378.jpg,0.49999999999975886,0.0,0.0,0.0,0.0,0.0,0.0,0.9999999999995177,0.49999999999975886
RipVIS-NR-004_00384.jpg,0.49999999999975886,0.0,0.0,0.0,0.0,0.0,0.0,0.9999999999995177,0.49999999999975886
RipVIS-NR-004_00390.jpg,0.49999999999975886,0.0,0.0,0.0,0.0,0.0,0.0,0.9999999999995177,0.49999999999975886
RipVIS-NR-004_00396.jpg,0.49999999999975886,0.0,0.0,0.0,0.0,0.0,0.0,0.9999999999995177,0.49999999999975886
RipVIS-NR-004_00402.jpg,0.49999999999975886,0.0,0.0,0.0,0.0,0.0,0.0,0.9999999999995177,0.49999999999975886
RipVIS-NR-004_00408.jpg,0.49999999999975886,0.0,0.0,0.0,0.0,0.0,0.0,0.9999999999995177,0.49999999999975886
RipVIS-NR-004_00414.jpg,0.49999999999975886,0.0,0.0,0.0,0.0,0.0,0.0,0.9999999999995177,0.49999999999975886
RipVIS-NR-004_00420.jpg,0.49999999999975886,0.0,0.0,0.0,0.0,0.0,0.0,0.9999999999995177,0.49999999999975886
RipVIS-NR-004_00426.jpg,0.49999999999975886,0.0,0.0,0.0,0.0,0.0,0.0,0.9999999999995177,0.49999999999975886
RipVIS-NR-004_00432.jpg,0.49999999999975886,0.0,0.0,0.0,0.0,0.0,0.0,0.9999999999995177,0.49999999999975886
RipVIS-NR-004_00438.jpg,0.49999999999975886,0.0,0.0,0.0,0.0,0.0,0.0,0.9999999999995177,0.49999999999975886
RipVIS-NR-004_00444.jpg,0.49999999999975886,0.0,0.0,0.0,0.0,0.0,0.0,0.9999999999995177,0.49999999999975886
RipVIS-NR-004_00450.jpg,0.49999999999975886,0.0,0.0,0.0,0.0,0.0,0.0,0.9999999999995177,0.49999999999975886
RipVIS-NR-004_00456.jpg,0.49999999999975886,0.0,0.0,0.0,0.0,0.0,0.0,0.9999999999995177,0.49999999999975886
RipVIS-NR-004_00462.jpg,0.49999999999975886,0.0,0.0,0.0,0.0,0.0,0.0,0.9999999999995177,0.49999999999975886
RipVIS-NR-004_00468.jpg,0.49999999999975886,0.0,0.0,0.0,0.0,0.0,0.0,0.9999999999995177,0.49999999999975886
RipVIS-NR-004_00474.jpg,0.49999999999975886,0.0,0.0,0.0,0.0,0.0,0.0,0.9999999999995177,0.49999999999975886
RipVIS-NR-004_00480.jpg,0.49999999999975886,0.0,0.0,0.0,0.0,0.0,0.0,0.9999999999995177,0.49999999999975886
RipVIS-NR-004_00486.jpg,0.49999999999975886,0.0,0.0,0.0,0.0,0.0,0.0,0.9999999999995177,0.49999999999975886
RipVIS-NR-004_00492.jpg,0.49999999999975886,0.0,0.0,0.0,0.0,0.0,0.0,0.9999999999995177,0.49999999999975886
RipVIS-NR-004_00498.jpg,0.49999999999975886,0.0,0.0,0.0,0.0,0.0,0.0,0.9999999999995177,0.49999999999975886
RipVIS-NR-004_00504.jpg,0.49999999999975886,0.0,0.0,0.0,0.0,0.0,0.0,0.9999999999995177,0.49999999999975886
RipVIS-NR-004_00510.jpg,0.49999999999975886,0.0,0.0,0.0,0.0,0.0,0.0,0.9999999999995177,0.49999999999975886
RipVIS-NR-004_00516.jpg,0.49999999999975886,0.0,0.0,0.0,0.0,0.0,0.0,0.9999999999995177,0.49999999999975886
RipVIS-NR-004_00522.jpg,0.49999999999975886,0.0,0.0,0.0,0.0,0.0,0.0,0.9999999999995177,0.49999999999975886
RipVIS-NR-004_00528.jpg,0.49999999999975886,0.0,0.0,0.0,0.0,0.0,0.0,0.9999999999995177,0.49999999999975886
RipVIS-NR-004_00534.jpg,0.49999999999975886,0.0,0.0,0.0,0.0,0.0,0.0,0.9999999999995177,0.49999999999975886
RipVIS-NR-004_00540.jpg,0.49999999999975886,0.0,0.0,0.0,0.0,0.0,0.0,0.9999999999995177,0.49999999999975886
RipVIS-NR-004_00546.jpg,0.49999999999975886,0.0,0.0,0.0,0.0,0.0,0.0,0.9999999999995177,0.49999999999975886
RipVIS-NR-004_00552.jpg,0.49999999999975886,0.0,0.0,0.0,0.0,0.0,0.0,0.9999999999995177,0.49999999999975886
RipVIS-NR-004_00558.jpg,0.49999999999975886,0.0,0.0,0.0,0.0,0.0,0.0,0.9999999999995177,0.49999999999975886
RipVIS-NR-004_00564.jpg,0.49999999999975886,0.0,0.0,0.0,0.0,0.0,0.0,0.9999999999995177,0.49999999999975886
RipVIS-NR-004_00570.jpg,0.49999999999975886,0.0,0.0,0.0,0.0,0.0,0.0,0.9999999999995177,0.49999999999975886
RipVIS-NR-004_00576.jpg,0.49999999999975886,0.0,0.0,0.0,0.0,0.0,0.0,0.9999999999995177,0.49999999999975886
RipVIS-NR-019_00000.jpg,0.49999999999945743,0.0,0.0,0.0,0.0,0.0,0.0,0.9999999999989149,0.49999999999945743
RipVIS-NR-019_00006.jpg,0.49999999999945743,0.0,0.0,0.0,0.0,0.0,0.0,0.9999999999989149,0.49999999999945743
RipVIS-NR-019_00012.jpg,0.49999999999945743,0.0,0.0,0.0,0.0,0.0,0.0,0.9999999999989149,0.49999999999945743
RipVIS-NR-019_00018.jpg,0.49999999999945743,0.0,0.0,0.0,0.0,0.0,0.0,0.9999999999989149,0.49999999999945743
RipVIS-NR-019_00024.jpg,0.49999999999945743,0.0,0.0,0.0,0.0,0.0,0.0,0.9999999999989149,0.49999999999945743
RipVIS-NR-019_00030.jpg,0.49999999999945743,0.0,0.0,0.0,0.0,0.0,0.0,0.9999999999989149,0.49999999999945743
RipVIS-NR-019_00036.jpg,0.49999999999945743,0.0,0.0,0.0,0.0,0.0,0.0,0.9999999999989149,0.49999999999945743
RipVIS-NR-019_00042.jpg,0.49999999999945743,0.0,0.0,0.0,0.0,0.0,0.0,0.9999999999989149,0.49999999999945743
RipVIS-NR-019_00048.jpg,0.49999999999945743,0.0,0.0,0.0,0.0,0.0,0.0,0.9999999999989149,0.49999999999945743
RipVIS-NR-019_00054.jpg,0.49999999999945743,0.0,0.0,0.0,0.0,0.0,0.0,0.9999999999989149,0.49999999999945743
RipVIS-NR-019_00060.jpg,0.49999999999945743,0.0,0.0,0.0,0.0,0.0,0.0,0.9999999999989149,0.49999999999945743
RipVIS-NR-019_00066.jpg,0.49999999999945743,0.0,0.0,0.0,0.0,0.0,0.0,0.9999999999989149,0.49999999999945743
RipVIS-NR-019_00072.jpg,0.49999999999945743,0.0,0.0,0.0,0.0,0.0,0.0,0.9999999999989149,0.49999999999945743
RipVIS-NR-019_00078.jpg,0.49999999999945743,0.0,0.0,0.0,0.0,0.0,0.0,0.9999999999989149,0.49999999999945743
RipVIS-NR-019_00084.jpg,0.49999999999945743,0.0,0.0,0.0,0.0,0.0,0.0,0.9999999999989149,0.49999999999945743
RipVIS-NR-019_00090.jpg,0.49999999999945743,0.0,0.0,0.0,0.0,0.0,0.0,0.9999999999989149,0.49999999999945743
RipVIS-NR-019_00096.jpg,0.49999999999945743,0.0,0.0,0.0,0.0,0.0,0.0,0.9999999999989149,0.49999999999945743
RipVIS-NR-019_00102.jpg,0.49999999999945743,0.0,0.0,0.0,0.0,0.0,0.0,0.9999999999989149,0.49999999999945743
RipVIS-NR-019_00108.jpg,0.49999999999945743,0.0,0.0,0.0,0.0,0.0,0.0,0.9999999999989149,0.49999999999945743
RipVIS-NR-019_00114.jpg,0.49999999999945743,0.0,0.0,0.0,0.0,0.0,0.0,0.9999999999989149,0.49999999999945743
RipVIS-NR-019_00120.jpg,0.49999999999945743,0.0,0.0,0.0,0.0,0.0,0.0,0.9999999999989149,0.49999999999945743
RipVIS-NR-019_00126.jpg,0.49999999999945743,0.0,0.0,0.0,0.0,0.0,0.0,0.9999999999989149,0.49999999999945743
RipVIS-NR-019_00132.jpg,0.49999999999945743,0.0,0.0,0.0,0.0,0.0,0.0,0.9999999999989149,0.49999999999945743
RipVIS-NR-019_00138.jpg,0.49999999999945743,0.0,0.0,0.0,0.0,0.0,0.0,0.9999999999989149,0.49999999999945743
RipVIS-NR-019_00144.jpg,0.49999999999945743,0.0,0.0,0.0,0.0,0.0,0.0,0.9999999999989149,0.49999999999945743
RipVIS-NR-019_00150.jpg,0.49999999999945743,0.0,0.0,0.0,0.0,0.0,0.0,0.9999999999989149,0.49999999999945743
RipVIS-NR-019_00156.jpg,0.49999999999945743,0.0,0.0,0.0,0.0,0.0,0.0,0.9999999999989149,0.49999999999945743
RipVIS-NR-019_00162.jpg,0.49999999999945743,0.0,0.0,0.0,0.0,0.0,0.0,0.9999999999989149,0.49999999999945743
RipVIS-NR-019_00168.jpg,0.49999999999945743,0.0,0.0,0.0,0.0,0.0,0.0,0.9999999999989149,0.49999999999945743
RipVIS-NR-019_00174.jpg,0.49999999999945743,0.0,0.0,0.0,0.0,0.0,0.0,0.9999999999989149,0.49999999999945743
RipVIS-NR-019_00180.jpg,0.49999999999945743,0.0,0.0,0.0,0.0,0.0,0.0,0.9999999999989149,0.49999999999945743
RipVIS-NR-019_00186.jpg,0.49999999999945743,0.0,0.0,0.0,0.0,0.0,0.0,0.9999999999989149,0.49999999999945743
RipVIS-NR-019_00192.jpg,0.49999999999945743,0.0,0.0,0.0,0.0,0.0,0.0,0.9999999999989149,0.49999999999945743
RipVIS-NR-019_00198.jpg,0.49999999999945743,0.0,0.0,0.0,0.0,0.0,0.0,0.9999999999989149,0.49999999999945743
RipVIS-NR-019_00204.jpg,0.49999999999945743,0.0,0.0,0.0,0.0,0.0,0.0,0.9999999999989149,0.49999999999945743
RipVIS-NR-019_00210.jpg,0.49999999999945743,0.0,0.0,0.0,0.0,0.0,0.0,0.9999999999989149,0.49999999999945743
RipVIS-NR-019_00216.jpg,0.49999999999945743,0.0,0.0,0.0,0.0,0.0,0.0,0.9999999999989149,0.49999999999945743
RipVIS-NR-019_00222.jpg,0.49999999999945743,0.0,0.0,0.0,0.0,0.0,0.0,0.9999999999989149,0.49999999999945743
RipVIS-NR-019_00228.jpg,0.49999999999945743,0.0,0.0,0.0,0.0,0.0,0.0,0.9999999999989149,0.49999999999945743
RipVIS-NR-019_00234.jpg,0.49999999999945743,0.0,0.0,0.0,0.0,0.0,0.0,0.9999999999989149,0.49999999999945743
RipVIS-NR-019_00240.jpg,0.49999999999945743,0.0,0.0,0.0,0.0,0.0,0.0,0.9999999999989149,0.49999999999945743
RipVIS-NR-019_00246.jpg,0.49999999999945743,0.0,0.0,0.0,0.0,0.0,0.0,0.9999999999989149,0.49999999999945743
RipVIS-NR-019_00252.jpg,0.49999999999945743,0.0,0.0,0.0,0.0,0.0,0.0,0.9999999999989149,0.49999999999945743
RipVIS-NR-019_00258.jpg,0.49999999999945743,0.0,0.0,0.0,0.0,0.0,0.0,0.9999999999989149,0.49999999999945743
RipVIS-NR-019_00264.jpg,0.49999999999945743,0.0,0.0,0.0,0.0,0.0,0.0,0.9999999999989149,0.49999999999945743
RipVIS-NR-019_00270.jpg,0.49999999999945743,0.0,0.0,0.0,0.0,0.0,0.0,0.9999999999989149,0.49999999999945743
RipVIS-NR-019_00276.jpg,0.49999999999945743,0.0,0.0,0.0,0.0,0.0,0.0,0.9999999999989149,0.49999999999945743
RipVIS-NR-019_00282.jpg,0.49999999999945743,0.0,0.0,0.0,0.0,0.0,0.0,0.9999999999989149,0.49999999999945743
RipVIS-NR-019_00288.jpg,0.49999999999945743,0.0,0.0,0.0,0.0,0.0,0.0,0.9999999999989149,0.49999999999945743
RipVIS-NR-019_00294.jpg,0.49999999999945743,0.0,0.0,0.0,0.0,0.0,0.0,0.9999999999989149,0.49999999999945743
RipVIS-NR-019_00300.jpg,0.49999999999945743,0.0,0.0,0.0,0.0,0.0,0.0,0.9999999999989149,0.49999999999945743
RipVIS-NR-019_00306.jpg,0.49999999999945743,0.0,0.0,0.0,0.0,0.0,0.0,0.9999999999989149,0.49999999999945743
RipVIS-NR-019_00312.jpg,0.49999999999945743,0.0,0.0,0.0,0.0,0.0,0.0,0.9999999999989149,0.49999999999945743
RipVIS-NR-019_00318.jpg,0.49999999999945743,0.0,0.0,0.0,0.0,0.0,0.0,0.9999999999989149,0.49999999999945743
RipVIS-NR-019_00324.jpg,0.49999999999945743,0.0,0.0,0.0,0.0,0.0,0.0,0.9999999999989149,0.49999999999945743
RipVIS-NR-019_00330.jpg,0.49999999999945743,0.0,0.0,0.0,0.0,0.0,0.0,0.9999999999989149,0.49999999999945743
RipVIS-NR-019_00336.jpg,0.49999999999945743,0.0,0.0,0.0,0.0,0.0,0.0,0.9999999999989149,0.49999999999945743
RipVIS-NR-019_00342.jpg,0.49999999999945743,0.0,0.0,0.0,0.0,0.0,0.0,0.9999999999989149,0.49999999999945743
RipVIS-NR-019_00348.jpg,0.49999999999945743,0.0,0.0,0.0,0.0,0.0,0.0,0.9999999999989149,0.49999999999945743
RipVIS-NR-019_00354.jpg,0.49999999999945743,0.0,0.0,0.0,0.0,0.0,0.0,0.9999999999989149,0.49999999999945743
RipVIS-NR-019_00360.jpg,0.49999999999945743,0.0,0.0,0.0,0.0,0.0,0.0,0.9999999999989149,0.49999999999945743
RipVIS-NR-019_00366.jpg,0.49999999999945743,0.0,0.0,0.0,0.0,0.0,0.0,0.9999999999989149,0.49999999999945743
RipVIS-NR-019_00372.jpg,0.49999999999945743,0.0,0.0,0.0,0.0,0.0,0.0,0.9999999999989149,0.49999999999945743
RipVIS-NR-019_00378.jpg,0.49999999999945743,0.0,0.0,0.0,0.0,0.0,0.0,0.9999999999989149,0.49999999999945743
RipVIS-NR-019_00384.jpg,0.49999999999945743,0.0,0.0,0.0,0.0,0.0,0.0,0.9999999999989149,0.49999999999945743
RipVIS-NR-019_00390.jpg,0.49999999999945743,0.0,0.0,0.0,0.0,0.0,0.0,0.9999999999989149,0.49999999999945743
RipVIS-NR-019_00396.jpg,0.49999999999945743,0.0,0.0,0.0,0.0,0.0,0.0,0.9999999999989149,0.49999999999945743
RipVIS-NR-019_00402.jpg,0.49999999999945743,0.0,0.0,0.0,0.0,0.0,0.0,0.9999999999989149,0.49999999999945743
RipVIS-NR-019_00408.jpg,0.49999999999945743,0.0,0.0,0.0,0.0,0.0,0.0,0.9999999999989149,0.49999999999945743
RipVIS-NR-019_00414.jpg,0.49999999999945743,0.0,0.0,0.0,0.0,0.0,0.0,0.9999999999989149,0.49999999999945743
RipVIS-NR-019_00420.jpg,0.49999999999945743,0.0,0.0,0.0,0.0,0.0,0.0,0.9999999999989149,0.49999999999945743
RipVIS-NR-019_00426.jpg,0.49999999999945743,0.0,0.0,0.0,0.0,0.0,0.0,0.9999999999989149,0.49999999999945743
RipVIS-NR-019_00432.jpg,0.49999999999945743,0.0,0.0,0.0,0.0,0.0,0.0,0.9999999999989149,0.49999999999945743
RipVIS-NR-019_00438.jpg,0.49999999999945743,0.0,0.0,0.0,0.0,0.0,0.0,0.9999999999989149,0.49999999999945743
RipVIS-NR-019_00444.jpg,0.49999999999945743,0.0,0.0,0.0,0.0,0.0,0.0,0.9999999999989149,0.49999999999945743
RipVIS-NR-019_00450.jpg,0.49999999999945743,0.0,0.0,0.0,0.0,0.0,0.0,0.9999999999989149,0.49999999999945743
RipVIS-NR-019_00456.jpg,0.49999999999945743,0.0,0.0,0.0,0.0,0.0,0.0,0.9999999999989149,0.49999999999945743
RipVIS-NR-019_00462.jpg,0.49999999999945743,0.0,0.0,0.0,0.0,0.0,0.0,0.9999999999989149,0.49999999999945743
RipVIS-NR-019_00468.jpg,0.49999999999945743,0.0,0.0,0.0,0.0,0.0,0.0,0.9999999999989149,0.49999999999945743
RipVIS-NR-019_00474.jpg,0.49999999999945743,0.0,0.0,0.0,0.0,0.0,0.0,0.9999999999989149,0.49999999999945743
RipVIS-NR-019_00480.jpg,0.49999999999945743,0.0,0.0,0.0,0.0,0.0,0.0,0.9999999999989149,0.49999999999945743
RipVIS-NR-019_00486.jpg,0.49999999999945743,0.0,0.0,0.0,0.0,0.0,0.0,0.9999999999989149,0.49999999999945743
RipVIS-NR-019_00492.jpg,0.49999999999945743,0.0,0.0,0.0,0.0,0.0,0.0,0.9999999999989149,0.49999999999945743
RipVIS-NR-019_00498.jpg,0.49999999999945743,0.0,0.0,0.0,0.0,0.0,0.0,0.9999999999989149,0.49999999999945743
RipVIS-NR-019_00504.jpg,0.49999999999945743,0.0,0.0,0.0,0.0,0.0,0.0,0.9999999999989149,0.49999999999945743
RipVIS-NR-019_00510.jpg,0.49999999999945743,0.0,0.0,0.0,0.0,0.0,0.0,0.9999999999989149,0.49999999999945743
RipVIS-NR-019_00516.jpg,0.49999999999945743,0.0,0.0,0.0,0.0,0.0,0.0,0.9999999999989149,0.49999999999945743
RipVIS-NR-019_00522.jpg,0.49999999999945743,0.0,0.0,0.0,0.0,0.0,0.0,0.9999999999989149,0.49999999999945743
RipVIS-NR-019_00528.jpg,0.49999999999945743,0.0,0.0,0.0,0.0,0.0,0.0,0.9999999999989149,0.49999999999945743
RipVIS-NR-019_00534.jpg,0.49999999999945743,0.0,0.0,0.0,0.0,0.0,0.0,0.9999999999989149,0.49999999999945743
RipVIS-NR-019_00540.jpg,0.49999999999945743,0.0,0.0,0.0,0.0,0.0,0.0,0.9999999999989149,0.49999999999945743
RipVIS-NR-019_00546.jpg,0.49999999999945743,0.0,0.0,0.0,0.0,0.0,0.0,0.9999999999989149,0.49999999999945743
RipVIS-NR-019_00552.jpg,0.49999999999945743,0.0,0.0,0.0,0.0,0.0,0.0,0.9999999999989149,0.49999999999945743
RipVIS-NR-019_00558.jpg,0.49999999999945743,0.0,0.0,0.0,0.0,0.0,0.0,0.9999999999989149,0.49999999999945743
RipVIS-NR-019_00564.jpg,0.49999999999945743,0.0,0.0,0.0,0.0,0.0,0.0,0.9999999999989149,0.49999999999945743
RipVIS-NR-019_00570.jpg,0.49999999999945743,0.0,0.0,0.0,0.0,0.0,0.0,0.9999999999989149,0.49999999999945743
RipVIS-NR-019_00576.jpg,0.49999999999945743,0.0,0.0,0.0,0.0,0.0,0.0,0.9999999999989149,0.49999999999945743
RipVIS-NR-019_00582.jpg,0.49999999999945743,0.0,0.0,0.0,0.0,0.0,0.0,0.9999999999989149,0.49999999999945743
RipVIS-NR-019_00588.jpg,0.49999999999945743,0.0,0.0,0.0,0.0,0.0,0.0,0.9999999999989149,0.49999999999945743
RipVIS-NR-019_00594.jpg,0.49999999999945743,0.0,0.0,0.0,0.0,0.0,0.0,0.9999999999989149,0.49999999999945743
RipVIS-NR-019_00600.jpg,0.49999999999945743,0.0,0.0,0.0,0.0,0.0,0.0,0.9999999999989149,0.49999999999945743
RipVIS-NR-019_00606.jpg,0.49999999999945743,0.0,0.0,0.0,0.0,0.0,0.0,0.9999999999989149,0.49999999999945743
RipVIS-NR-019_00612.jpg,0.49999999999945743,0.0,0.0,0.0,0.0,0.0,0.0,0.9999999999989149,0.49999999999945743
RipVIS-NR-019_00618.jpg,0.49999999999945743,0.0,0.0,0.0,0.0,0.0,0.0,0.9999999999989149,0.49999999999945743
RipVIS-NR-019_00624.jpg,0.49999999999945743,0.0,0.0,0.0,0.0,0.0,0.0,0.9999999999989149,0.49999999999945743
RipVIS-NR-019_00630.jpg,0.49999999999945743,0.0,0.0,0.0,0.0,0.0,0.0,0.9999999999989149,0.49999999999945743
RipVIS-NR-019_00636.jpg,0.49999999999945743,0.0,0.0,0.0,0.0,0.0,0.0,0.9999999999989149,0.49999999999945743
RipVIS-NR-019_00642.jpg,0.49999999999945743,0.0,0.0,0.0,0.0,0.0,0.0,0.9999999999989149,0.49999999999945743
RipVIS-NR-019_00648.jpg,0.49999999999945743,0.0,0.0,0.0,0.0,0.0,0.0,0.9999999999989149,0.49999999999945743
RipVIS-NR-019_00654.jpg,0.49999999999945743,0.0,0.0,0.0,0.0,0.0,0.0,0.9999999999989149,0.49999999999945743
RipVIS-NR-019_00660.jpg,0.49999999999945743,0.0,0.0,0.0,0.0,0.0,0.0,0.9999999999989149,0.49999999999945743
RipVIS-NR-019_00666.jpg,0.49999999999945743,0.0,0.0,0.0,0.0,0.0,0.0,0.9999999999989149,0.49999999999945743
RipVIS-NR-019_00672.jpg,0.49999999999945743,0.0,0.0,0.0,0.0,0.0,0.0,0.9999999999989149,0.49999999999945743
RipVIS-NR-019_00678.jpg,0.49999999999945743,0.0,0.0,0.0,0.0,0.0,0.0,0.9999999999989149,0.49999999999945743
RipVIS-NR-019_00684.jpg,0.49999999999945743,0.0,0.0,0.0,0.0,0.0,0.0,0.9999999999989149,0.49999999999945743
RipVIS-NR-019_00690.jpg,0.49999999999945743,0.0,0.0,0.0,0.0,0.0,0.0,0.9999999999989149,0.49999999999945743
RipVIS-NR-019_00696.jpg,0.49999999999945743,0.0,0.0,0.0,0.0,0.0,0.0,0.9999999999989149,0.49999999999945743
RipVIS-NR-019_00702.jpg,0.49999999999945743,0.0,0.0,0.0,0.0,0.0,0.0,0.9999999999989149,0.49999999999945743
RipVIS-NR-019_00708.jpg,0.49999999999945743,0.0,0.0,0.0,0.0,0.0,0.0,0.9999999999989149,0.49999999999945743
RipVIS-NR-019_00714.jpg,0.49999999999945743,0.0,0.0,0.0,0.0,0.0,0.0,0.9999999999989149,0.49999999999945743
RipVIS-NR-019_00720.jpg,0.49999999999945743,0.0,0.0,0.0,0.0,0.0,0.0,0.9999999999989149,0.49999999999945743
RipVIS-NR-019_00726.jpg,0.49999999999945743,0.0,0.0,0.0,0.0,0.0,0.0,0.9999999999989149,0.49999999999945743
RipVIS-NR-019_00732.jpg,0.49999999999945743,0.0,0.0,0.0,0.0,0.0,0.0,0.9999999999989149,0.49999999999945743
RipVIS-NR-019_00738.jpg,0.49999999999945743,0.0,0.0,0.0,0.0,0.0,0.0,0.9999999999989149,0.49999999999945743
RipVIS-NR-019_00744.jpg,0.49999999999945743,0.0,0.0,0.0,0.0,0.0,0.0,0.9999999999989149,0.49999999999945743
RipVIS-NR-019_00750.jpg,0.49999999999945743,0.0,0.0,0.0,0.0,0.0,0.0,0.9999999999989149,0.49999999999945743
RipVIS-NR-019_00756.jpg,0.49999999999945743,0.0,0.0,0.0,0.0,0.0,0.0,0.9999999999989149,0.49999999999945743
RipVIS-NR-019_00762.jpg,0.49999999999945743,0.0,0.0,0.0,0.0,0.0,0.0,0.9999999999989149,0.49999999999945743
RipVIS-NR-019_00768.jpg,0.49999999999945743,0.0,0.0,0.0,0.0,0.0,0.0,0.9999999999989149,0.49999999999945743
RipVIS-NR-019_00774.jpg,0.49999999999945743,0.0,0.0,0.0,0.0,0.0,0.0,0.9999999999989149,0.49999999999945743
RipVIS-NR-019_00780.jpg,0.49999999999945743,0.0,0.0,0.0,0.0,0.0,0.0,0.9999999999989149,0.49999999999945743
RipVIS-NR-019_00786.jpg,0.49999999999945743,0.0,0.0,0.0,0.0,0.0,0.0,0.9999999999989149,0.49999999999945743
RipVIS-NR-019_00792.jpg,0.49999999999945743,0.0,0.0,0.0,0.0,0.0,0.0,0.9999999999989149,0.49999999999945743
RipVIS-NR-019_00798.jpg,0.49999999999945743,0.0,0.0,0.0,0.0,0.0,0.0,0.9999999999989149,0.49999999999945743
RipVIS-NR-019_00804.jpg,0.49999999999945743,0.0,0.0,0.0,0.0,0.0,0.0,0.9999999999989149,0.49999999999945743
RipVIS-NR-019_00810.jpg,0.49999999999945743,0.0,0.0,0.0,0.0,0.0,0.0,0.9999999999989149,0.49999999999945743
RipVIS-NR-019_00816.jpg,0.49999999999945743,0.0,0.0,0.0,0.0,0.0,0.0,0.9999999999989149,0.49999999999945743
RipVIS-NR-019_00822.jpg,0.49999999999945743,0.0,0.0,0.0,0.0,0.0,0.0,0.9999999999989149,0.49999999999945743
RipVIS-NR-019_00828.jpg,0.49999999999945743,0.0,0.0,0.0,0.0,0.0,0.0,0.9999999999989149,0.49999999999945743
RipVIS-NR-019_00834.jpg,0.49999999999945743,0.0,0.0,0.0,0.0,0.0,0.0,0.9999999999989149,0.49999999999945743
RipVIS-NR-019_00840.jpg,0.49999999999945743,0.0,0.0,0.0,0.0,0.0,0.0,0.9999999999989149,0.49999999999945743
RipVIS-NR-019_00846.jpg,0.49999999999945743,0.0,0.0,0.0,0.0,0.0,0.0,0.9999999999989149,0.49999999999945743
RipVIS-NR-019_00852.jpg,0.49999999999945743,0.0,0.0,0.0,0.0,0.0,0.0,0.9999999999989149,0.49999999999945743
RipVIS-NR-019_00858.jpg,0.49999999999945743,0.0,0.0,0.0,0.0,0.0,0.0,0.9999999999989149,0.49999999999945743
RipVIS-NR-019_00864.jpg,0.49999999999945743,0.0,0.0,0.0,0.0,0.0,0.0,0.9999999999989149,0.49999999999945743
RipVIS-NR-019_00870.jpg,0.49999999999945743,0.0,0.0,0.0,0.0,0.0,0.0,0.9999999999989149,0.49999999999945743
RipVIS-NR-019_00876.jpg,0.49999999999945743,0.0,0.0,0.0,0.0,0.0,0.0,0.9999999999989149,0.49999999999945743
RipVIS-NR-019_00882.jpg,0.49999999999945743,0.0,0.0,0.0,0.0,0.0,0.0,0.9999999999989149,0.49999999999945743
RipVIS-NR-019_00888.jpg,0.49999999999945743,0.0,0.0,0.0,0.0,0.0,0.0,0.9999999999989149,0.49999999999945743
RipVIS-NR-019_00894.jpg,0.49999999999945743,0.0,0.0,0.0,0.0,0.0,0.0,0.9999999999989149,0.49999999999945743
RipVIS-NR-020_00000.jpg,0.49999999999945743,0.0,0.0,0.0,0.0,0.0,0.0,0.9999999999989149,0.49999999999945743
RipVIS-NR-020_00006.jpg,0.49999999999945743,0.0,0.0,0.0,0.0,0.0,0.0,0.9999999999989149,0.49999999999945743
RipVIS-NR-020_00012.jpg,0.49999999999945743,0.0,0.0,0.0,0.0,0.0,0.0,0.9999999999989149,0.49999999999945743
RipVIS-NR-020_00018.jpg,0.49999999999945743,0.0,0.0,0.0,0.0,0.0,0.0,0.9999999999989149,0.49999999999945743
RipVIS-NR-020_00024.jpg,0.49999999999945743,0.0,0.0,0.0,0.0,0.0,0.0,0.9999999999989149,0.49999999999945743
RipVIS-NR-020_00030.jpg,0.49999999999945743,0.0,0.0,0.0,0.0,0.0,0.0,0.9999999999989149,0.49999999999945743
RipVIS-NR-020_00036.jpg,0.49999999999945743,0.0,0.0,0.0,0.0,0.0,0.0,0.9999999999989149,0.49999999999945743
RipVIS-NR-020_00042.jpg,0.49999999999945743,0.0,0.0,0.0,0.0,0.0,0.0,0.9999999999989149,0.49999999999945743
RipVIS-NR-020_00048.jpg,0.49999999999945743,0.0,0.0,0.0,0.0,0.0,0.0,0.9999999999989149,0.49999999999945743
RipVIS-NR-020_00054.jpg,0.49999999999945743,0.0,0.0,0.0,0.0,0.0,0.0,0.9999999999989149,0.49999999999945743
RipVIS-NR-020_00060.jpg,0.49999999999945743,0.0,0.0,0.0,0.0,0.0,0.0,0.9999999999989149,0.49999999999945743
RipVIS-NR-020_00066.jpg,0.49999999999945743,0.0,0.0,0.0,0.0,0.0,0.0,0.9999999999989149,0.49999999999945743
RipVIS-NR-020_00072.jpg,0.49999999999945743,0.0,0.0,0.0,0.0,0.0,0.0,0.9999999999989149,0.49999999999945743
RipVIS-NR-020_00078.jpg,0.49999999999945743,0.0,0.0,0.0,0.0,0.0,0.0,0.9999999999989149,0.49999999999945743
RipVIS-NR-020_00084.jpg,0.49999999999945743,0.0,0.0,0.0,0.0,0.0,0.0,0.9999999999989149,0.49999999999945743
RipVIS-NR-020_00090.jpg,0.49999999999945743,0.0,0.0,0.0,0.0,0.0,0.0,0.9999999999989149,0.49999999999945743
RipVIS-NR-020_00096.jpg,0.49999999999945743,0.0,0.0,0.0,0.0,0.0,0.0,0.9999999999989149,0.49999999999945743
RipVIS-NR-020_00102.jpg,0.49999999999945743,0.0,0.0,0.0,0.0,0.0,0.0,0.9999999999989149,0.49999999999945743
RipVIS-NR-020_00108.jpg,0.49999999999945743,0.0,0.0,0.0,0.0,0.0,0.0,0.9999999999989149,0.49999999999945743
RipVIS-NR-020_00114.jpg,0.49999999999945743,0.0,0.0,0.0,0.0,0.0,0.0,0.9999999999989149,0.49999999999945743
RipVIS-NR-020_00120.jpg,0.49999999999945743,0.0,0.0,0.0,0.0,0.0,0.0,0.9999999999989149,0.49999999999945743
RipVIS-NR-020_00126.jpg,0.49999999999945743,0.0,0.0,0.0,0.0,0.0,0.0,0.9999999999989149,0.49999999999945743
RipVIS-NR-020_00132.jpg,0.49999999999945743,0.0,0.0,0.0,0.0,0.0,0.0,0.9999999999989149,0.49999999999945743
RipVIS-NR-020_00138.jpg,0.49999999999945743,0.0,0.0,0.0,0.0,0.0,0.0,0.9999999999989149,0.49999999999945743
RipVIS-NR-020_00144.jpg,0.49999999999945743,0.0,0.0,0.0,0.0,0.0,0.0,0.9999999999989149,0.49999999999945743
RipVIS-NR-020_00150.jpg,0.49999999999945743,0.0,0.0,0.0,0.0,0.0,0.0,0.9999999999989149,0.49999999999945743
RipVIS-NR-020_00156.jpg,0.49999999999945743,0.0,0.0,0.0,0.0,0.0,0.0,0.9999999999989149,0.49999999999945743
RipVIS-NR-020_00162.jpg,0.47344184027726405,0.0,0.0,0.0,0.0,0.0,0.0,0.9468836805545281,0.47344184027726405
RipVIS-NR-020_00168.jpg,0.49999999999945743,0.0,0.0,0.0,0.0,0.0,0.0,0.9999999999989149,0.49999999999945743
RipVIS-NR-020_00174.jpg,0.49999999999945743,0.0,0.0,0.0,0.0,0.0,0.0,0.9999999999989149,0.49999999999945743
RipVIS-NR-020_00180.jpg,0.49999999999945743,0.0,0.0,0.0,0.0,0.0,0.0,0.9999999999989149,0.49999999999945743
RipVIS-NR-020_00186.jpg,0.49999999999945743,0.0,0.0,0.0,0.0,0.0,0.0,0.9999999999989149,0.49999999999945743
RipVIS-NR-020_00192.jpg,0.49999999999945743,0.0,0.0,0.0,0.0,0.0,0.0,0.9999999999989149,0.49999999999945743
RipVIS-NR-020_00198.jpg,0.49999999999945743,0.0,0.0,0.0,0.0,0.0,0.0,0.9999999999989149,0.49999999999945743
RipVIS-NR-020_00204.jpg,0.49999999999945743,0.0,0.0,0.0,0.0,0.0,0.0,0.9999999999989149,0.49999999999945743
RipVIS-NR-020_00210.jpg,0.49999999999945743,0.0,0.0,0.0,0.0,0.0,0.0,0.9999999999989149,0.49999999999945743
RipVIS-NR-020_00216.jpg,0.49999999999945743,0.0,0.0,0.0,0.0,0.0,0.0,0.9999999999989149,0.49999999999945743
RipVIS-NR-020_00222.jpg,0.49999999999945743,0.0,0.0,0.0,0.0,0.0,0.0,0.9999999999989149,0.49999999999945743
RipVIS-NR-020_00228.jpg,0.49999999999945743,0.0,0.0,0.0,0.0,0.0,0.0,0.9999999999989149,0.49999999999945743
RipVIS-NR-020_00234.jpg,0.49999999999945743,0.0,0.0,0.0,0.0,0.0,0.0,0.9999999999989149,0.49999999999945743
RipVIS-NR-020_00240.jpg,0.49999999999945743,0.0,0.0,0.0,0.0,0.0,0.0,0.9999999999989149,0.49999999999945743
RipVIS-NR-020_00246.jpg,0.49999999999945743,0.0,0.0,0.0,0.0,0.0,0.0,0.9999999999989149,0.49999999999945743
RipVIS-NR-020_00252.jpg,0.49999999999945743,0.0,0.0,0.0,0.0,0.0,0.0,0.9999999999989149,0.49999999999945743
RipVIS-NR-020_00258.jpg,0.49999999999945743,0.0,0.0,0.0,0.0,0.0,0.0,0.9999999999989149,0.49999999999945743
RipVIS-NR-020_00264.jpg,0.49999999999945743,0.0,0.0,0.0,0.0,0.0,0.0,0.9999999999989149,0.49999999999945743
RipVIS-NR-020_00270.jpg,0.49999999999945743,0.0,0.0,0.0,0.0,0.0,0.0,0.9999999999989149,0.49999999999945743
RipVIS-NR-020_00276.jpg,0.49999999999945743,0.0,0.0,0.0,0.0,0.0,0.0,0.9999999999989149,0.49999999999945743
RipVIS-NR-020_00282.jpg,0.49999999999945743,0.0,0.0,0.0,0.0,0.0,0.0,0.9999999999989149,0.49999999999945743
RipVIS-NR-020_00288.jpg,0.49999999999945743,0.0,0.0,0.0,0.0,0.0,0.0,0.9999999999989149,0.49999999999945743
RipVIS-NR-020_00294.jpg,0.49999999999945743,0.0,0.0,0.0,0.0,0.0,0.0,0.9999999999989149,0.49999999999945743
RipVIS-NR-020_00300.jpg,0.49999999999945743,0.0,0.0,0.0,0.0,0.0,0.0,0.9999999999989149,0.49999999999945743
RipVIS-NR-020_00306.jpg,0.49999999999945743,0.0,0.0,0.0,0.0,0.0,0.0,0.9999999999989149,0.49999999999945743
RipVIS-NR-020_00312.jpg,0.49999999999945743,0.0,0.0,0.0,0.0,0.0,0.0,0.9999999999989149,0.49999999999945743
RipVIS-NR-020_00318.jpg,0.49999999999945743,0.0,0.0,0.0,0.0,0.0,0.0,0.9999999999989149,0.49999999999945743
RipVIS-NR-020_00324.jpg,0.49999999999945743,0.0,0.0,0.0,0.0,0.0,0.0,0.9999999999989149,0.49999999999945743
RipVIS-NR-020_00330.jpg,0.49999999999945743,0.0,0.0,0.0,0.0,0.0,0.0,0.9999999999989149,0.49999999999945743
RipVIS-NR-020_00336.jpg,0.49999999999945743,0.0,0.0,0.0,0.0,0.0,0.0,0.9999999999989149,0.49999999999945743
RipVIS-NR-020_00342.jpg,0.49999999999945743,0.0,0.0,0.0,0.0,0.0,0.0,0.9999999999989149,0.49999999999945743
RipVIS-NR-020_00348.jpg,0.49999999999945743,0.0,0.0,0.0,0.0,0.0,0.0,0.9999999999989149,0.49999999999945743
RipVIS-NR-020_00354.jpg,0.49999999999945743,0.0,0.0,0.0,0.0,0.0,0.0,0.9999999999989149,0.49999999999945743
RipVIS-NR-020_00360.jpg,0.49999999999945743,0.0,0.0,0.0,0.0,0.0,0.0,0.9999999999989149,0.49999999999945743
RipVIS-NR-020_00366.jpg,0.49999999999945743,0.0,0.0,0.0,0.0,0.0,0.0,0.9999999999989149,0.49999999999945743
RipVIS-NR-020_00372.jpg,0.49999999999945743,0.0,0.0,0.0,0.0,0.0,0.0,0.9999999999989149,0.49999999999945743
RipVIS-NR-020_00378.jpg,0.49999999999945743,0.0,0.0,0.0,0.0,0.0,0.0,0.9999999999989149,0.49999999999945743
RipVIS-NR-020_00384.jpg,0.49999999999945743,0.0,0.0,0.0,0.0,0.0,0.0,0.9999999999989149,0.49999999999945743
RipVIS-NR-020_00390.jpg,0.49999999999945743,0.0,0.0,0.0,0.0,0.0,0.0,0.9999999999989149,0.49999999999945743
RipVIS-NR-020_00396.jpg,0.49999999999945743,0.0,0.0,0.0,0.0,0.0,0.0,0.9999999999989149,0.49999999999945743
RipVIS-NR-020_00402.jpg,0.49999999999945743,0.0,0.0,0.0,0.0,0.0,0.0,0.9999999999989149,0.49999999999945743
RipVIS-NR-020_00408.jpg,0.49999999999945743,0.0,0.0,0.0,0.0,0.0,0.0,0.9999999999989149,0.49999999999945743
RipVIS-NR-020_00414.jpg,0.49999999999945743,0.0,0.0,0.0,0.0,0.0,0.0,0.9999999999989149,0.49999999999945743
RipVIS-NR-020_00420.jpg,0.49999999999945743,0.0,0.0,0.0,0.0,0.0,0.0,0.9999999999989149,0.49999999999945743
RipVIS-NR-020_00426.jpg,0.49999999999945743,0.0,0.0,0.0,0.0,0.0,0.0,0.9999999999989149,0.49999999999945743
RipVIS-NR-020_00432.jpg,0.49999999999945743,0.0,0.0,0.0,0.0,0.0,0.0,0.9999999999989149,0.49999999999945743
RipVIS-NR-020_00438.jpg,0.49999999999945743,0.0,0.0,0.0,0.0,0.0,0.0,0.9999999999989149,0.49999999999945743
RipVIS-NR-020_00444.jpg,0.49999999999945743,0.0,0.0,0.0,0.0,0.0,0.0,0.9999999999989149,0.49999999999945743
RipVIS-NR-020_00450.jpg,0.49999999999945743,0.0,0.0,0.0,0.0,0.0,0.0,0.9999999999989149,0.49999999999945743
RipVIS-NR-020_00456.jpg,0.49999999999945743,0.0,0.0,0.0,0.0,0.0,0.0,0.9999999999989149,0.49999999999945743
RipVIS-NR-020_00462.jpg,0.49999999999945743,0.0,0.0,0.0,0.0,0.0,0.0,0.9999999999989149,0.49999999999945743
RipVIS-NR-020_00468.jpg,0.49999999999945743,0.0,0.0,0.0,0.0,0.0,0.0,0.9999999999989149,0.49999999999945743
RipVIS-NR-020_00474.jpg,0.49999999999945743,0.0,0.0,0.0,0.0,0.0,0.0,0.9999999999989149,0.49999999999945743
RipVIS-NR-020_00480.jpg,0.49999999999945743,0.0,0.0,0.0,0.0,0.0,0.0,0.9999999999989149,0.49999999999945743
RipVIS-NR-020_00486.jpg,0.49999999999945743,0.0,0.0,0.0,0.0,0.0,0.0,0.9999999999989149,0.49999999999945743
RipVIS-NR-020_00492.jpg,0.49999999999945743,0.0,0.0,0.0,0.0,0.0,0.0,0.9999999999989149,0.49999999999945743
RipVIS-NR-020_00498.jpg,0.49999999999945743,0.0,0.0,0.0,0.0,0.0,0.0,0.9999999999989149,0.49999999999945743
RipVIS-NR-020_00504.jpg,0.49999999999945743,0.0,0.0,0.0,0.0,0.0,0.0,0.9999999999989149,0.49999999999945743
RipVIS-NR-020_00510.jpg,0.49999999999945743,0.0,0.0,0.0,0.0,0.0,0.0,0.9999999999989149,0.49999999999945743
RipVIS-NR-020_00516.jpg,0.49999999999945743,0.0,0.0,0.0,0.0,0.0,0.0,0.9999999999989149,0.49999999999945743
RipVIS-NR-020_00522.jpg,0.49999999999945743,0.0,0.0,0.0,0.0,0.0,0.0,0.9999999999989149,0.49999999999945743
RipVIS-NR-020_00528.jpg,0.49999999999945743,0.0,0.0,0.0,0.0,0.0,0.0,0.9999999999989149,0.49999999999945743
RipVIS-NR-020_00534.jpg,0.49999999999945743,0.0,0.0,0.0,0.0,0.0,0.0,0.9999999999989149,0.49999999999945743
RipVIS-NR-020_00540.jpg,0.49999999999945743,0.0,0.0,0.0,0.0,0.0,0.0,0.9999999999989149,0.49999999999945743
RipVIS-NR-020_00546.jpg,0.49999999999945743,0.0,0.0,0.0,0.0,0.0,0.0,0.9999999999989149,0.49999999999945743
RipVIS-NR-020_00552.jpg,0.49999999999945743,0.0,0.0,0.0,0.0,0.0,0.0,0.9999999999989149,0.49999999999945743
RipVIS-NR-020_00558.jpg,0.49999999999945743,0.0,0.0,0.0,0.0,0.0,0.0,0.9999999999989149,0.49999999999945743
RipVIS-NR-020_00564.jpg,0.49999999999945743,0.0,0.0,0.0,0.0,0.0,0.0,0.9999999999989149,0.49999999999945743
RipVIS-NR-020_00570.jpg,0.49999999999945743,0.0,0.0,0.0,0.0,0.0,0.0,0.9999999999989149,0.49999999999945743
RipVIS-NR-020_00576.jpg,0.49999999999945743,0.0,0.0,0.0,0.0,0.0,0.0,0.9999999999989149,0.49999999999945743
RipVIS-NR-020_00582.jpg,0.49999999999945743,0.0,0.0,0.0,0.0,0.0,0.0,0.9999999999989149,0.49999999999945743
RipVIS-NR-020_00588.jpg,0.49999999999945743,0.0,0.0,0.0,0.0,0.0,0.0,0.9999999999989149,0.49999999999945743
RipVIS-NR-020_00594.jpg,0.49999999999945743,0.0,0.0,0.0,0.0,0.0,0.0,0.9999999999989149,0.49999999999945743
RipVIS-NR-020_00600.jpg,0.49999999999945743,0.0,0.0,0.0,0.0,0.0,0.0,0.9999999999989149,0.49999999999945743
RipVIS-NR-020_00606.jpg,0.49999999999945743,0.0,0.0,0.0,0.0,0.0,0.0,0.9999999999989149,0.49999999999945743
RipVIS-NR-020_00612.jpg,0.49999999999945743,0.0,0.0,0.0,0.0,0.0,0.0,0.9999999999989149,0.49999999999945743
RipVIS-NR-020_00618.jpg,0.49999999999945743,0.0,0.0,0.0,0.0,0.0,0.0,0.9999999999989149,0.49999999999945743
RipVIS-NR-020_00624.jpg,0.49999999999945743,0.0,0.0,0.0,0.0,0.0,0.0,0.9999999999989149,0.49999999999945743
RipVIS-NR-020_00630.jpg,0.49999999999945743,0.0,0.0,0.0,0.0,0.0,0.0,0.9999999999989149,0.49999999999945743
RipVIS-NR-020_00636.jpg,0.49999999999945743,0.0,0.0,0.0,0.0,0.0,0.0,0.9999999999989149,0.49999999999945743
RipVIS-NR-020_00642.jpg,0.49999999999945743,0.0,0.0,0.0,0.0,0.0,0.0,0.9999999999989149,0.49999999999945743
RipVIS-NR-020_00648.jpg,0.49999999999945743,0.0,0.0,0.0,0.0,0.0,0.0,0.9999999999989149,0.49999999999945743
RipVIS-NR-020_00654.jpg,0.49999999999945743,0.0,0.0,0.0,0.0,0.0,0.0,0.9999999999989149,0.49999999999945743
RipVIS-NR-020_00660.jpg,0.49999999999945743,0.0,0.0,0.0,0.0,0.0,0.0,0.9999999999989149,0.49999999999945743
RipVIS-NR-020_00666.jpg,0.49999999999945743,0.0,0.0,0.0,0.0,0.0,0.0,0.9999999999989149,0.49999999999945743
RipVIS-NR-020_00672.jpg,0.49999999999945743,0.0,0.0,0.0,0.0,0.0,0.0,0.9999999999989149,0.49999999999945743
RipVIS-NR-020_00678.jpg,0.49999999999945743,0.0,0.0,0.0,0.0,0.0,0.0,0.9999999999989149,0.49999999999945743
RipVIS-NR-020_00684.jpg,0.49999999999945743,0.0,0.0,0.0,0.0,0.0,0.0,0.9999999999989149,0.49999999999945743
RipVIS-NR-020_00690.jpg,0.49999999999945743,0.0,0.0,0.0,0.0,0.0,0.0,0.9999999999989149,0.49999999999945743
RipVIS-NR-020_00696.jpg,0.49999999999945743,0.0,0.0,0.0,0.0,0.0,0.0,0.9999999999989149,0.49999999999945743
RipVIS-NR-020_00702.jpg,0.49999999999945743,0.0,0.0,0.0,0.0,0.0,0.0,0.9999999999989149,0.49999999999945743
RipVIS-NR-020_00708.jpg,0.49999999999945743,0.0,0.0,0.0,0.0,0.0,0.0,0.9999999999989149,0.49999999999945743
RipVIS-NR-020_00714.jpg,0.49999999999945743,0.0,0.0,0.0,0.0,0.0,0.0,0.9999999999989149,0.49999999999945743
RipVIS-NR-020_00720.jpg,0.49999999999945743,0.0,0.0,0.0,0.0,0.0,0.0,0.9999999999989149,0.49999999999945743
RipVIS-NR-020_00726.jpg,0.49999999999945743,0.0,0.0,0.0,0.0,0.0,0.0,0.9999999999989149,0.49999999999945743
RipVIS-NR-020_00732.jpg,0.49999999999945743,0.0,0.0,0.0,0.0,0.0,0.0,0.9999999999989149,0.49999999999945743
RipVIS-NR-020_00738.jpg,0.49999999999945743,0.0,0.0,0.0,0.0,0.0,0.0,0.9999999999989149,0.49999999999945743
RipVIS-NR-020_00744.jpg,0.49999999999945743,0.0,0.0,0.0,0.0,0.0,0.0,0.9999999999989149,0.49999999999945743
RipVIS-NR-020_00750.jpg,0.49999999999945743,0.0,0.0,0.0,0.0,0.0,0.0,0.9999999999989149,0.49999999999945743
RipVIS-NR-020_00756.jpg,0.49999999999945743,0.0,0.0,0.0,0.0,0.0,0.0,0.9999999999989149,0.49999999999945743
RipVIS-NR-020_00762.jpg,0.49999999999945743,0.0,0.0,0.0,0.0,0.0,0.0,0.9999999999989149,0.49999999999945743
RipVIS-NR-020_00768.jpg,0.49999999999945743,0.0,0.0,0.0,0.0,0.0,0.0,0.9999999999989149,0.49999999999945743
RipVIS-NR-020_00774.jpg,0.49999999999945743,0.0,0.0,0.0,0.0,0.0,0.0,0.9999999999989149,0.49999999999945743
RipVIS-NR-020_00780.jpg,0.49999999999945743,0.0,0.0,0.0,0.0,0.0,0.0,0.9999999999989149,0.49999999999945743
RipVIS-NR-020_00786.jpg,0.49999999999945743,0.0,0.0,0.0,0.0,0.0,0.0,0.9999999999989149,0.49999999999945743
RipVIS-NR-020_00792.jpg,0.49999999999945743,0.0,0.0,0.0,0.0,0.0,0.0,0.9999999999989149,0.49999999999945743
RipVIS-NR-020_00798.jpg,0.49999999999945743,0.0,0.0,0.0,0.0,0.0,0.0,0.9999999999989149,0.49999999999945743
RipVIS-NR-020_00804.jpg,0.49999999999945743,0.0,0.0,0.0,0.0,0.0,0.0,0.9999999999989149,0.49999999999945743
RipVIS-NR-020_00810.jpg,0.49999999999945743,0.0,0.0,0.0,0.0,0.0,0.0,0.9999999999989149,0.49999999999945743
RipVIS-NR-020_00816.jpg,0.49999999999945743,0.0,0.0,0.0,0.0,0.0,0.0,0.9999999999989149,0.49999999999945743
RipVIS-NR-020_00822.jpg,0.49999999999945743,0.0,0.0,0.0,0.0,0.0,0.0,0.9999999999989149,0.49999999999945743
RipVIS-NR-020_00828.jpg,0.49999999999945743,0.0,0.0,0.0,0.0,0.0,0.0,0.9999999999989149,0.49999999999945743
RipVIS-NR-020_00834.jpg,0.49999999999945743,0.0,0.0,0.0,0.0,0.0,0.0,0.9999999999989149,0.49999999999945743
RipVIS-NR-020_00840.jpg,0.49999999999945743,0.0,0.0,0.0,0.0,0.0,0.0,0.9999999999989149,0.49999999999945743
RipVIS-NR-020_00846.jpg,0.49999999999945743,0.0,0.0,0.0,0.0,0.0,0.0,0.9999999999989149,0.49999999999945743
RipVIS-NR-020_00852.jpg,0.49999999999945743,0.0,0.0,0.0,0.0,0.0,0.0,0.9999999999989149,0.49999999999945743
RipVIS-NR-020_00858.jpg,0.49999999999945743,0.0,0.0,0.0,0.0,0.0,0.0,0.9999999999989149,0.49999999999945743
RipVIS-NR-020_00864.jpg,0.49999999999945743,0.0,0.0,0.0,0.0,0.0,0.0,0.9999999999989149,0.49999999999945743
RipVIS-NR-020_00870.jpg,0.49999999999945743,0.0,0.0,0.0,0.0,0.0,0.0,0.9999999999989149,0.49999999999945743
RipVIS-NR-020_00876.jpg,0.49999999999945743,0.0,0.0,0.0,0.0,0.0,0.0,0.9999999999989149,0.49999999999945743
RipVIS-NR-020_00882.jpg,0.49999999999945743,0.0,0.0,0.0,0.0,0.0,0.0,0.9999999999989149,0.49999999999945743
RipVIS-NR-020_00888.jpg,0.49999999999945743,0.0,0.0,0.0,0.0,0.0,0.0,0.9999999999989149,0.49999999999945743
RipVIS-NR-020_00894.jpg,0.49999999999945743,0.0,0.0,0.0,0.0,0.0,0.0,0.9999999999989149,0.49999999999945743
RipVIS-NR-020_00900.jpg,0.49999999999945743,0.0,0.0,0.0,0.0,0.0,0.0,0.9999999999989149,0.49999999999945743
RipVIS-NR-020_00906.jpg,0.49999999999945743,0.0,0.0,0.0,0.0,0.0,0.0,0.9999999999989149,0.49999999999945743
RipVIS-NR-020_00912.jpg,0.49999999999945743,0.0,0.0,0.0,0.0,0.0,0.0,0.9999999999989149,0.49999999999945743
RipVIS-NR-020_00918.jpg,0.49999999999945743,0.0,0.0,0.0,0.0,0.0,0.0,0.9999999999989149,0.49999999999945743
RipVIS-NR-020_00924.jpg,0.49999999999945743,0.0,0.0,0.0,0.0,0.0,0.0,0.9999999999989149,0.49999999999945743
RipVIS-NR-020_00930.jpg,0.49999999999945743,0.0,0.0,0.0,0.0,0.0,0.0,0.9999999999989149,0.49999999999945743
RipVIS-NR-020_00936.jpg,0.49999999999945743,0.0,0.0,0.0,0.0,0.0,0.0,0.9999999999989149,0.49999999999945743
RipVIS-NR-020_00942.jpg,0.49999999999945743,0.0,0.0,0.0,0.0,0.0,0.0,0.9999999999989149,0.49999999999945743
RipVIS-NR-020_00948.jpg,0.49999999999945743,0.0,0.0,0.0,0.0,0.0,0.0,0.9999999999989149,0.49999999999945743
RipVIS-NR-020_00954.jpg,0.49999999999945743,0.0,0.0,0.0,0.0,0.0,0.0,0.9999999999989149,0.49999999999945743
RipVIS-NR-020_00960.jpg,0.49999999999945743,0.0,0.0,0.0,0.0,0.0,0.0,0.9999999999989149,0.49999999999945743
RipVIS-NR-020_00966.jpg,0.49999999999945743,0.0,0.0,0.0,0.0,0.0,0.0,0.9999999999989149,0.49999999999945743
RipVIS-NR-020_00972.jpg,0.49999999999945743,0.0,0.0,0.0,0.0,0.0,0.0,0.9999999999989149,0.49999999999945743
RipVIS-NR-020_00978.jpg,0.49999999999945743,0.0,0.0,0.0,0.0,0.0,0.0,0.9999999999989149,0.49999999999945743
RipVIS-NR-020_00984.jpg,0.49999999999945743,0.0,0.0,0.0,0.0,0.0,0.0,0.9999999999989149,0.49999999999945743
RipVIS-NR-020_00990.jpg,0.49999999999945743,0.0,0.0,0.0,0.0,0.0,0.0,0.9999999999989149,0.49999999999945743
RipVIS-NR-020_00996.jpg,0.49999999999945743,0.0,0.0,0.0,0.0,0.0,0.0,0.9999999999989149,0.49999999999945743
RipVIS-NR-020_01002.jpg,0.49999999999945743,0.0,0.0,0.0,0.0,0.0,0.0,0.9999999999989149,0.49999999999945743
RipVIS-NR-020_01008.jpg,0.49999999999945743,0.0,0.0,0.0,0.0,0.0,0.0,0.9999999999989149,0.49999999999945743
RipVIS-NR-020_01014.jpg,0.49999999999945743,0.0,0.0,0.0,0.0,0.0,0.0,0.9999999999989149,0.49999999999945743
RipVIS-NR-020_01020.jpg,0.49999999999945743,0.0,0.0,0.0,0.0,0.0,0.0,0.9999999999989149,0.49999999999945743
RipVIS-NR-020_01026.jpg,0.49999999999945743,0.0,0.0,0.0,0.0,0.0,0.0,0.9999999999989149,0.49999999999945743
RipVIS-NR-020_01032.jpg,0.49999999999945743,0.0,0.0,0.0,0.0,0.0,0.0,0.9999999999989149,0.49999999999945743
RipVIS-NR-020_01038.jpg,0.49999999999945743,0.0,0.0,0.0,0.0,0.0,0.0,0.9999999999989149,0.49999999999945743
RipVIS-NR-020_01044.jpg,0.49999999999945743,0.0,0.0,0.0,0.0,0.0,0.0,0.9999999999989149,0.49999999999945743
RipVIS-NR-020_01050.jpg,0.49999999999945743,0.0,0.0,0.0,0.0,0.0,0.0,0.9999999999989149,0.49999999999945743
RipVIS-NR-020_01056.jpg,0.49999999999945743,0.0,0.0,0.0,0.0,0.0,0.0,0.9999999999989149,0.49999999999945743
RipVIS-NR-020_01062.jpg,0.49999999999945743,0.0,0.0,0.0,0.0,0.0,0.0,0.9999999999989149,0.49999999999945743
RipVIS-NR-020_01068.jpg,0.49999999999945743,0.0,0.0,0.0,0.0,0.0,0.0,0.9999999999989149,0.49999999999945743
RipVIS-NR-020_01074.jpg,0.49999999999945743,0.0,0.0,0.0,0.0,0.0,0.0,0.9999999999989149,0.49999999999945743
RipVIS-NR-020_01080.jpg,0.49999999999945743,0.0,0.0,0.0,0.0,0.0,0.0,0.9999999999989149,0.49999999999945743
RipVIS-NR-020_01086.jpg,0.49999999999945743,0.0,0.0,0.0,0.0,0.0,0.0,0.9999999999989149,0.49999999999945743
RipVIS-NR-020_01092.jpg,0.49999999999945743,0.0,0.0,0.0,0.0,0.0,0.0,0.9999999999989149,0.49999999999945743
RipVIS-NR-020_01098.jpg,0.49999999999945743,0.0,0.0,0.0,0.0,0.0,0.0,0.9999999999989149,0.49999999999945743
RipVIS-NR-020_01104.jpg,0.49999999999945743,0.0,0.0,0.0,0.0,0.0,0.0,0.9999999999989149,0.49999999999945743
RipVIS-NR-020_01110.jpg,0.49999999999945743,0.0,0.0,0.0,0.0,0.0,0.0,0.9999999999989149,0.49999999999945743
RipVIS-NR-020_01116.jpg,0.49999999999945743,0.0,0.0,0.0,0.0,0.0,0.0,0.9999999999989149,0.49999999999945743
RipVIS-NR-020_01122.jpg,0.49999999999945743,0.0,0.0,0.0,0.0,0.0,0.0,0.9999999999989149,0.49999999999945743
RipVIS-NR-020_01128.jpg,0.49999999999945743,0.0,0.0,0.0,0.0,0.0,0.0,0.9999999999989149,0.49999999999945743
RipVIS-NR-020_01134.jpg,0.49999999999945743,0.0,0.0,0.0,0.0,0.0,0.0,0.9999999999989149,0.49999999999945743
RipVIS-NR-020_01140.jpg,0.49999999999945743,0.0,0.0,0.0,0.0,0.0,0.0,0.9999999999989149,0.49999999999945743
RipVIS-NR-020_01146.jpg,0.49999999999945743,0.0,0.0,0.0,0.0,0.0,0.0,0.9999999999989149,0.49999999999945743
RipVIS-NR-020_01152.jpg,0.49999999999945743,0.0,0.0,0.0,0.0,0.0,0.0,0.9999999999989149,0.49999999999945743
RipVIS-NR-020_01158.jpg,0.49999999999945743,0.0,0.0,0.0,0.0,0.0,0.0,0.9999999999989149,0.49999999999945743
RipVIS-NR-020_01164.jpg,0.49999999999945743,0.0,0.0,0.0,0.0,0.0,0.0,0.9999999999989149,0.49999999999945743
RipVIS-NR-020_01170.jpg,0.49999999999945743,0.0,0.0,0.0,0.0,0.0,0.0,0.9999999999989149,0.49999999999945743
RipVIS-NR-020_01176.jpg,0.49999999999945743,0.0,0.0,0.0,0.0,0.0,0.0,0.9999999999989149,0.49999999999945743
RipVIS-NR-020_01182.jpg,0.49999999999945743,0.0,0.0,0.0,0.0,0.0,0.0,0.9999999999989149,0.49999999999945743
RipVIS-NR-020_01188.jpg,0.49999999999945743,0.0,0.0,0.0,0.0,0.0,0.0,0.9999999999989149,0.49999999999945743
RipVIS-NR-020_01194.jpg,0.4612326388883884,0.0,0.0,0.0,0.0,0.0,0.0,0.9224652777767768,0.4612326388883884
RipVIS-NR-020_01200.jpg,0.46303602430505314,0.0,0.0,0.0,0.0,0.0,0.0,0.9260720486101063,0.46303602430505314
RipVIS-NR-020_01206.jpg,0.49999999999945743,0.0,0.0,0.0,0.0,0.0,0.0,0.9999999999989149,0.49999999999945743
RipVIS-NR-020_01212.jpg,0.49999999999945743,0.0,0.0,0.0,0.0,0.0,0.0,0.9999999999989149,0.49999999999945743
RipVIS-NR-020_01218.jpg,0.49999999999945743,0.0,0.0,0.0,0.0,0.0,0.0,0.9999999999989149,0.49999999999945743
RipVIS-NR-020_01224.jpg,0.49999999999945743,0.0,0.0,0.0,0.0,0.0,0.0,0.9999999999989149,0.49999999999945743
RipVIS-NR-020_01230.jpg,0.49999999999945743,0.0,0.0,0.0,0.0,0.0,0.0,0.9999999999989149,0.49999999999945743
RipVIS-NR-020_01236.jpg,0.49999999999945743,0.0,0.0,0.0,0.0,0.0,0.0,0.9999999999989149,0.49999999999945743
RipVIS-NR-020_01242.jpg,0.49999999999945743,0.0,0.0,0.0,0.0,0.0,0.0,0.9999999999989149,0.49999999999945743
RipVIS-NR-020_01248.jpg,0.49999999999945743,0.0,0.0,0.0,0.0,0.0,0.0,0.9999999999989149,0.49999999999945743
RipVIS-NR-020_01254.jpg,0.49999999999945743,0.0,0.0,0.0,0.0,0.0,0.0,0.9999999999989149,0.49999999999945743
RipVIS-NR-020_01260.jpg,0.49999999999945743,0.0,0.0,0.0,0.0,0.0,0.0,0.9999999999989149,0.49999999999945743
RipVIS-NR-020_01266.jpg,0.49999999999945743,0.0,0.0,0.0,0.0,0.0,0.0,0.9999999999989149,0.49999999999945743
RipVIS-NR-020_01272.jpg,0.49999999999945743,0.0,0.0,0.0,0.0,0.0,0.0,0.9999999999989149,0.49999999999945743
RipVIS-NR-020_01278.jpg,0.49999999999945743,0.0,0.0,0.0,0.0,0.0,0.0,0.9999999999989149,0.49999999999945743
RipVIS-NR-020_01284.jpg,0.49999999999945743,0.0,0.0,0.0,0.0,0.0,0.0,0.9999999999989149,0.49999999999945743
RipVIS-NR-020_01290.jpg,0.49999999999945743,0.0,0.0,0.0,0.0,0.0,0.0,0.9999999999989149,0.49999999999945743
RipVIS-NR-020_01296.jpg,0.49999999999945743,0.0,0.0,0.0,0.0,0.0,0.0,0.9999999999989149,0.49999999999945743
RipVIS-NR-020_01302.jpg,0.49999999999945743,0.0,0.0,0.0,0.0,0.0,0.0,0.9999999999989149,0.49999999999945743
RipVIS-NR-020_01308.jpg,0.49999999999945743,0.0,0.0,0.0,0.0,0.0,0.0,0.9999999999989149,0.49999999999945743
RipVIS-NR-020_01314.jpg,0.49999999999945743,0.0,0.0,0.0,0.0,0.0,0.0,0.9999999999989149,0.49999999999945743
RipVIS-NR-020_01320.jpg,0.49999999999945743,0.0,0.0,0.0,0.0,0.0,0.0,0.9999999999989149,0.49999999999945743
RipVIS-NR-020_01326.jpg,0.48676812065919406,0.0,0.0,0.0,0.0,0.0,0.0,0.9735362413183881,0.48676812065919406
RipVIS-NR-020_01332.jpg,0.49999999999945743,0.0,0.0,0.0,0.0,0.0,0.0,0.9999999999989149,0.49999999999945743
RipVIS-NR-020_01338.jpg,0.49999999999945743,0.0,0.0,0.0,0.0,0.0,0.0,0.9999999999989149,0.49999999999945743
RipVIS-NR-020_01344.jpg,0.49999999999945743,0.0,0.0,0.0,0.0,0.0,0.0,0.9999999999989149,0.49999999999945743
RipVIS-NR-020_01350.jpg,0.49999999999945743,0.0,0.0,0.0,0.0,0.0,0.0,0.9999999999989149,0.49999999999945743
RipVIS-NR-020_01356.jpg,0.49999999999945743,0.0,0.0,0.0,0.0,0.0,0.0,0.9999999999989149,0.49999999999945743
RipVIS-NR-020_01362.jpg,0.49999999999945743,0.0,0.0,0.0,0.0,0.0,0.0,0.9999999999989149,0.49999999999945743
RipVIS-NR-020_01368.jpg,0.49999999999945743,0.0,0.0,0.0,0.0,0.0,0.0,0.9999999999989149,0.49999999999945743
RipVIS-NR-020_01374.jpg,0.49999999999945743,0.0,0.0,0.0,0.0,0.0,0.0,0.9999999999989149,0.49999999999945743
RipVIS-NR-020_01380.jpg,0.49999999999945743,0.0,0.0,0.0,0.0,0.0,0.0,0.9999999999989149,0.49999999999945743
RipVIS-NR-020_01386.jpg,0.49999999999945743,0.0,0.0,0.0,0.0,0.0,0.0,0.9999999999989149,0.49999999999945743
RipVIS-NR-020_01392.jpg,0.49999999999945743,0.0,0.0,0.0,0.0,0.0,0.0,0.9999999999989149,0.49999999999945743
RipVIS-NR-020_01398.jpg,0.49999999999945743,0.0,0.0,0.0,0.0,0.0,0.0,0.9999999999989149,0.49999999999945743
RipVIS-NR-020_01404.jpg,0.49999999999945743,0.0,0.0,0.0,0.0,0.0,0.0,0.9999999999989149,0.49999999999945743
RipVIS-NR-020_01410.jpg,0.49999999999945743,0.0,0.0,0.0,0.0,0.0,0.0,0.9999999999989149,0.49999999999945743
RipVIS-NR-020_01416.jpg,0.49999999999945743,0.0,0.0,0.0,0.0,0.0,0.0,0.9999999999989149,0.49999999999945743
RipVIS-NR-020_01422.jpg,0.49999999999945743,0.0,0.0,0.0,0.0,0.0,0.0,0.9999999999989149,0.49999999999945743
RipVIS-NR-020_01428.jpg,0.49999999999945743,0.0,0.0,0.0,0.0,0.0,0.0,0.9999999999989149,0.49999999999945743
RipVIS-NR-020_01434.jpg,0.49999999999945743,0.0,0.0,0.0,0.0,0.0,0.0,0.9999999999989149,0.49999999999945743
RipVIS-NR-020_01440.jpg,0.49999999999945743,0.0,0.0,0.0,0.0,0.0,0.0,0.9999999999989149,0.49999999999945743
RipVIS-NR-020_01446.jpg,0.49999999999945743,0.0,0.0,0.0,0.0,0.0,0.0,0.9999999999989149,0.49999999999945743
RipVIS-NR-020_01452.jpg,0.49999999999945743,0.0,0.0,0.0,0.0,0.0,0.0,0.9999999999989149,0.49999999999945743
RipVIS-NR-020_01458.jpg,0.49999999999945743,0.0,0.0,0.0,0.0,0.0,0.0,0.9999999999989149,0.49999999999945743
RipVIS-NR-020_01464.jpg,0.49999999999945743,0.0,0.0,0.0,0.0,0.0,0.0,0.9999999999989149,0.49999999999945743
RipVIS-NR-020_01470.jpg,0.49999999999945743,0.0,0.0,0.0,0.0,0.0,0.0,0.9999999999989149,0.49999999999945743
RipVIS-NR-020_01476.jpg,0.49999999999945743,0.0,0.0,0.0,0.0,0.0,0.0,0.9999999999989149,0.49999999999945743
RipVIS-NR-020_01482.jpg,0.49999999999945743,0.0,0.0,0.0,0.0,0.0,0.0,0.9999999999989149,0.49999999999945743
RipVIS-NR-020_01488.jpg,0.49999999999945743,0.0,0.0,0.0,0.0,0.0,0.0,0.9999999999989149,0.49999999999945743
RipVIS-NR-020_01494.jpg,0.49999999999945743,0.0,0.0,0.0,0.0,0.0,0.0,0.9999999999989149,0.49999999999945743
RipVIS-NR-020_01500.jpg,0.49999999999945743,0.0,0.0,0.0,0.0,0.0,0.0,0.9999999999989149,0.49999999999945743
RipVIS-NR-020_01506.jpg,0.49999999999945743,0.0,0.0,0.0,0.0,0.0,0.0,0.9999999999989149,0.49999999999945743
RipVIS-NR-020_01512.jpg,0.49999999999945743,0.0,0.0,0.0,0.0,0.0,0.0,0.9999999999989149,0.49999999999945743
RipVIS-NR-020_01518.jpg,0.49999999999945743,0.0,0.0,0.0,0.0,0.0,0.0,0.9999999999989149,0.49999999999945743
RipVIS-NR-020_01524.jpg,0.49999999999945743,0.0,0.0,0.0,0.0,0.0,0.0,0.9999999999989149,0.49999999999945743
RipVIS-NR-020_01530.jpg,0.49999999999945743,0.0,0.0,0.0,0.0,0.0,0.0,0.9999999999989149,0.49999999999945743
RipVIS-NR-020_01536.jpg,0.49999999999945743,0.0,0.0,0.0,0.0,0.0,0.0,0.9999999999989149,0.49999999999945743
RipVIS-NR-020_01542.jpg,0.49999999999945743,0.0,0.0,0.0,0.0,0.0,0.0,0.9999999999989149,0.49999999999945743
RipVIS-NR-020_01548.jpg,0.49999999999945743,0.0,0.0,0.0,0.0,0.0,0.0,0.9999999999989149,0.49999999999945743
RipVIS-NR-020_01554.jpg,0.49999999999945743,0.0,0.0,0.0,0.0,0.0,0.0,0.9999999999989149,0.49999999999945743
RipVIS-NR-020_01560.jpg,0.49999999999945743,0.0,0.0,0.0,0.0,0.0,0.0,0.9999999999989149,0.49999999999945743
RipVIS-NR-020_01566.jpg,0.49999999999945743,0.0,0.0,0.0,0.0,0.0,0.0,0.9999999999989149,0.49999999999945743
RipVIS-NR-020_01572.jpg,0.49999999999945743,0.0,0.0,0.0,0.0,0.0,0.0,0.9999999999989149,0.49999999999945743
RipVIS-NR-020_01578.jpg,0.49999999999945743,0.0,0.0,0.0,0.0,0.0,0.0,0.9999999999989149,0.49999999999945743
RipVIS-NR-020_01584.jpg,0.49999999999945743,0.0,0.0,0.0,0.0,0.0,0.0,0.9999999999989149,0.49999999999945743
RipVIS-NR-020_01590.jpg,0.49999999999945743,0.0,0.0,0.0,0.0,0.0,0.0,0.9999999999989149,0.49999999999945743
RipVIS-NR-020_01596.jpg,0.49999999999945743,0.0,0.0,0.0,0.0,0.0,0.0,0.9999999999989149,0.49999999999945743
RipVIS-NR-020_01602.jpg,0.49999999999945743,0.0,0.0,0.0,0.0,0.0,0.0,0.9999999999989149,0.49999999999945743
RipVIS-NR-020_01608.jpg,0.49999999999945743,0.0,0.0,0.0,0.0,0.0,0.0,0.9999999999989149,0.49999999999945743
RipVIS-NR-020_01614.jpg,0.49999999999945743,0.0,0.0,0.0,0.0,0.0,0.0,0.9999999999989149,0.49999999999945743
RipVIS-NR-020_01620.jpg,0.49999999999945743,0.0,0.0,0.0,0.0,0.0,0.0,0.9999999999989149,0.49999999999945743
RipVIS-NR-020_01626.jpg,0.49999999999945743,0.0,0.0,0.0,0.0,0.0,0.0,0.9999999999989149,0.49999999999945743
RipVIS-NR-020_01632.jpg,0.49999999999945743,0.0,0.0,0.0,0.0,0.0,0.0,0.9999999999989149,0.49999999999945743
RipVIS-NR-020_01638.jpg,0.49999999999945743,0.0,0.0,0.0,0.0,0.0,0.0,0.9999999999989149,0.49999999999945743
RipVIS-NR-020_01644.jpg,0.49999999999945743,0.0,0.0,0.0,0.0,0.0,0.0,0.9999999999989149,0.49999999999945743
RipVIS-NR-020_01650.jpg,0.49999999999945743,0.0,0.0,0.0,0.0,0.0,0.0,0.9999999999989149,0.49999999999945743
RipVIS-NR-020_01656.jpg,0.49999999999945743,0.0,0.0,0.0,0.0,0.0,0.0,0.9999999999989149,0.49999999999945743
RipVIS-NR-020_01662.jpg,0.49999999999945743,0.0,0.0,0.0,0.0,0.0,0.0,0.9999999999989149,0.49999999999945743
RipVIS-NR-020_01668.jpg,0.49999999999945743,0.0,0.0,0.0,0.0,0.0,0.0,0.9999999999989149,0.49999999999945743
RipVIS-NR-020_01674.jpg,0.49999999999945743,0.0,0.0,0.0,0.0,0.0,0.0,0.9999999999989149,0.49999999999945743
RipVIS-NR-020_01680.jpg,0.49999999999945743,0.0,0.0,0.0,0.0,0.0,0.0,0.9999999999989149,0.49999999999945743
RipVIS-NR-020_01686.jpg,0.49999999999945743,0.0,0.0,0.0,0.0,0.0,0.0,0.9999999999989149,0.49999999999945743
RipVIS-NR-020_01692.jpg,0.49999999999945743,0.0,0.0,0.0,0.0,0.0,0.0,0.9999999999989149,0.49999999999945743
RipVIS-NR-020_01698.jpg,0.49999999999945743,0.0,0.0,0.0,0.0,0.0,0.0,0.9999999999989149,0.49999999999945743
RipVIS-NR-020_01704.jpg,0.49999999999945743,0.0,0.0,0.0,0.0,0.0,0.0,0.9999999999989149,0.49999999999945743
RipVIS-NR-020_01710.jpg,0.49999999999945743,0.0,0.0,0.0,0.0,0.0,0.0,0.9999999999989149,0.49999999999945743
RipVIS-NR-020_01716.jpg,0.49999999999945743,0.0,0.0,0.0,0.0,0.0,0.0,0.9999999999989149,0.49999999999945743
RipVIS-NR-020_01722.jpg,0.49999999999945743,0.0,0.0,0.0,0.0,0.0,0.0,0.9999999999989149,0.49999999999945743
RipVIS-NR-020_01728.jpg,0.49999999999945743,0.0,0.0,0.0,0.0,0.0,0.0,0.9999999999989149,0.49999999999945743
RipVIS-NR-020_01734.jpg,0.49999999999945743,0.0,0.0,0.0,0.0,0.0,0.0,0.9999999999989149,0.49999999999945743
RipVIS-NR-020_01740.jpg,0.49999999999945743,0.0,0.0,0.0,0.0,0.0,0.0,0.9999999999989149,0.49999999999945743
RipVIS-NR-020_01746.jpg,0.49999999999945743,0.0,0.0,0.0,0.0,0.0,0.0,0.9999999999989149,0.49999999999945743
RipVIS-NR-020_01752.jpg,0.49999999999945743,0.0,0.0,0.0,0.0,0.0,0.0,0.9999999999989149,0.49999999999945743
RipVIS-NR-020_01758.jpg,0.49999999999945743,0.0,0.0,0.0,0.0,0.0,0.0,0.9999999999989149,0.49999999999945743
RipVIS-NR-020_01764.jpg,0.49999999999945743,0.0,0.0,0.0,0.0,0.0,0.0,0.9999999999989149,0.49999999999945743
RipVIS-NR-020_01770.jpg,0.49999999999945743,0.0,0.0,0.0,0.0,0.0,0.0,0.9999999999989149,0.49999999999945743
RipVIS-NR-020_01776.jpg,0.49999999999945743,0.0,0.0,0.0,0.0,0.0,0.0,0.9999999999989149,0.49999999999945743
RipVIS-NR-020_01782.jpg,0.49999999999945743,0.0,0.0,0.0,0.0,0.0,0.0,0.9999999999989149,0.49999999999945743
RipVIS-NR-020_01788.jpg,0.49999999999945743,0.0,0.0,0.0,0.0,0.0,0.0,0.9999999999989149,0.49999999999945743
RipVIS-NR-020_01794.jpg,0.49999999999945743,0.0,0.0,0.0,0.0,0.0,0.0,0.9999999999989149,0.49999999999945743
RipVIS-NR-020_01800.jpg,0.49999999999945743,0.0,0.0,0.0,0.0,0.0,0.0,0.9999999999989149,0.49999999999945743
RipVIS-NR-020_01806.jpg,0.49999999999945743,0.0,0.0,0.0,0.0,0.0,0.0,0.9999999999989149,0.49999999999945743
RipVIS-NR-020_01812.jpg,0.49999999999945743,0.0,0.0,0.0,0.0,0.0,0.0,0.9999999999989149,0.49999999999945743
RipVIS-NR-020_01818.jpg,0.49999999999945743,0.0,0.0,0.0,0.0,0.0,0.0,0.9999999999989149,0.49999999999945743
RipVIS-NR-020_01824.jpg,0.49999999999945743,0.0,0.0,0.0,0.0,0.0,0.0,0.9999999999989149,0.49999999999945743
RipVIS-NR-020_01830.jpg,0.49999999999945743,0.0,0.0,0.0,0.0,0.0,0.0,0.9999999999989149,0.49999999999945743
RipVIS-NR-020_01836.jpg,0.49999999999945743,0.0,0.0,0.0,0.0,0.0,0.0,0.9999999999989149,0.49999999999945743
RipVIS-NR-020_01842.jpg,0.49999999999945743,0.0,0.0,0.0,0.0,0.0,0.0,0.9999999999989149,0.49999999999945743
RipVIS-NR-020_01848.jpg,0.49999999999945743,0.0,0.0,0.0,0.0,0.0,0.0,0.9999999999989149,0.49999999999945743
RipVIS-NR-020_01854.jpg,0.49999999999945743,0.0,0.0,0.0,0.0,0.0,0.0,0.9999999999989149,0.49999999999945743
RipVIS-NR-020_01860.jpg,0.49999999999945743,0.0,0.0,0.0,0.0,0.0,0.0,0.9999999999989149,0.49999999999945743
RipVIS-NR-020_01866.jpg,0.49999999999945743,0.0,0.0,0.0,0.0,0.0,0.0,0.9999999999989149,0.49999999999945743
RipVIS-NR-020_01872.jpg,0.49999999999945743,0.0,0.0,0.0,0.0,0.0,0.0,0.9999999999989149,0.49999999999945743
RipVIS-NR-020_01878.jpg,0.49999999999945743,0.0,0.0,0.0,0.0,0.0,0.0,0.9999999999989149,0.49999999999945743
RipVIS-NR-020_01884.jpg,0.49999999999945743,0.0,0.0,0.0,0.0,0.0,0.0,0.9999999999989149,0.49999999999945743
RipVIS-NR-020_01890.jpg,0.49999999999945743,0.0,0.0,0.0,0.0,0.0,0.0,0.9999999999989149,0.49999999999945743
RipVIS-NR-020_01896.jpg,0.49999999999945743,0.0,0.0,0.0,0.0,0.0,0.0,0.9999999999989149,0.49999999999945743
RipVIS-NR-020_01902.jpg,0.49999999999945743,0.0,0.0,0.0,0.0,0.0,0.0,0.9999999999989149,0.49999999999945743
RipVIS-NR-020_01908.jpg,0.49999999999945743,0.0,0.0,0.0,0.0,0.0,0.0,0.9999999999989149,0.49999999999945743
RipVIS-NR-020_01914.jpg,0.49999999999945743,0.0,0.0,0.0,0.0,0.0,0.0,0.9999999999989149,0.49999999999945743
RipVIS-NR-020_01920.jpg,0.49999999999945743,0.0,0.0,0.0,0.0,0.0,0.0,0.9999999999989149,0.49999999999945743
RipVIS-NR-020_01926.jpg,0.49999999999945743,0.0,0.0,0.0,0.0,0.0,0.0,0.9999999999989149,0.49999999999945743
RipVIS-NR-020_01932.jpg,0.49999999999945743,0.0,0.0,0.0,0.0,0.0,0.0,0.9999999999989149,0.49999999999945743
RipVIS-NR-020_01938.jpg,0.49999999999945743,0.0,0.0,0.0,0.0,0.0,0.0,0.9999999999989149,0.49999999999945743
RipVIS-NR-020_01944.jpg,0.49999999999945743,0.0,0.0,0.0,0.0,0.0,0.0,0.9999999999989149,0.49999999999945743
RipVIS-NR-020_01950.jpg,0.49999999999945743,0.0,0.0,0.0,0.0,0.0,0.0,0.9999999999989149,0.49999999999945743
RipVIS-NR-020_01956.jpg,0.49999999999945743,0.0,0.0,0.0,0.0,0.0,0.0,0.9999999999989149,0.49999999999945743
RipVIS-NR-020_01962.jpg,0.49999999999945743,0.0,0.0,0.0,0.0,0.0,0.0,0.9999999999989149,0.49999999999945743
RipVIS-NR-020_01968.jpg,0.49999999999945743,0.0,0.0,0.0,0.0,0.0,0.0,0.9999999999989149,0.49999999999945743
RipVIS-NR-020_01974.jpg,0.49999999999945743,0.0,0.0,0.0,0.0,0.0,0.0,0.9999999999989149,0.49999999999945743
RipVIS-NR-020_01980.jpg,0.49999999999945743,0.0,0.0,0.0,0.0,0.0,0.0,0.9999999999989149,0.49999999999945743
RipVIS-NR-020_01986.jpg,0.49999999999945743,0.0,0.0,0.0,0.0,0.0,0.0,0.9999999999989149,0.49999999999945743
RipVIS-NR-020_01992.jpg,0.49999999999945743,0.0,0.0,0.0,0.0,0.0,0.0,0.9999999999989149,0.49999999999945743
RipVIS-NR-020_01998.jpg,0.49999999999945743,0.0,0.0,0.0,0.0,0.0,0.0,0.9999999999989149,0.49999999999945743
RipVIS-NR-020_02004.jpg,0.49999999999945743,0.0,0.0,0.0,0.0,0.0,0.0,0.9999999999989149,0.49999999999945743
RipVIS-NR-020_02010.jpg,0.49999999999945743,0.0,0.0,0.0,0.0,0.0,0.0,0.9999999999989149,0.49999999999945743
RipVIS-NR-020_02016.jpg,0.49999999999945743,0.0,0.0,0.0,0.0,0.0,0.0,0.9999999999989149,0.49999999999945743
RipVIS-NR-020_02022.jpg,0.49999999999945743,0.0,0.0,0.0,0.0,0.0,0.0,0.9999999999989149,0.49999999999945743
RipVIS-NR-020_02028.jpg,0.49999999999945743,0.0,0.0,0.0,0.0,0.0,0.0,0.9999999999989149,0.49999999999945743
RipVIS-NR-020_02034.jpg,0.49999999999945743,0.0,0.0,0.0,0.0,0.0,0.0,0.9999999999989149,0.49999999999945743
RipVIS-NR-020_02040.jpg,0.49999999999945743,0.0,0.0,0.0,0.0,0.0,0.0,0.9999999999989149,0.49999999999945743
RipVIS-NR-020_02046.jpg,0.49999999999945743,0.0,0.0,0.0,0.0,0.0,0.0,0.9999999999989149,0.49999999999945743
RipVIS-NR-020_02052.jpg,0.49999999999945743,0.0,0.0,0.0,0.0,0.0,0.0,0.9999999999989149,0.49999999999945743
RipVIS-NR-020_02058.jpg,0.49999999999945743,0.0,0.0,0.0,0.0,0.0,0.0,0.9999999999989149,0.49999999999945743
RipVIS-NR-020_02064.jpg,0.49999999999945743,0.0,0.0,0.0,0.0,0.0,0.0,0.9999999999989149,0.49999999999945743
RipVIS-NR-020_02070.jpg,0.49999999999945743,0.0,0.0,0.0,0.0,0.0,0.0,0.9999999999989149,0.49999999999945743
RipVIS-NR-020_02076.jpg,0.49999999999945743,0.0,0.0,0.0,0.0,0.0,0.0,0.9999999999989149,0.49999999999945743
RipVIS-NR-020_02082.jpg,0.49999999999945743,0.0,0.0,0.0,0.0,0.0,0.0,0.9999999999989149,0.49999999999945743
RipVIS-NR-020_02088.jpg,0.49999999999945743,0.0,0.0,0.0,0.0,0.0,0.0,0.9999999999989149,0.49999999999945743
RipVIS-NR-020_02094.jpg,0.49999999999945743,0.0,0.0,0.0,0.0,0.0,0.0,0.9999999999989149,0.49999999999945743
RipVIS-NR-020_02100.jpg,0.49999999999945743,0.0,0.0,0.0,0.0,0.0,0.0,0.9999999999989149,0.49999999999945743
RipVIS-NR-020_02106.jpg,0.49999999999945743,0.0,0.0,0.0,0.0,0.0,0.0,0.9999999999989149,0.49999999999945743
RipVIS-NR-020_02112.jpg,0.49999999999945743,0.0,0.0,0.0,0.0,0.0,0.0,0.9999999999989149,0.49999999999945743
RipVIS-NR-020_02118.jpg,0.49999999999945743,0.0,0.0,0.0,0.0,0.0,0.0,0.9999999999989149,0.49999999999945743
RipVIS-NR-020_02124.jpg,0.49999999999945743,0.0,0.0,0.0,0.0,0.0,0.0,0.9999999999989149,0.49999999999945743
RipVIS-NR-020_02130.jpg,0.49999999999945743,0.0,0.0,0.0,0.0,0.0,0.0,0.9999999999989149,0.49999999999945743
RipVIS-NR-020_02136.jpg,0.49999999999945743,0.0,0.0,0.0,0.0,0.0,0.0,0.9999999999989149,0.49999999999945743
RipVIS-NR-020_02142.jpg,0.49999999999945743,0.0,0.0,0.0,0.0,0.0,0.0,0.9999999999989149,0.49999999999945743
RipVIS-NR-020_02148.jpg,0.49999999999945743,0.0,0.0,0.0,0.0,0.0,0.0,0.9999999999989149,0.49999999999945743
RipVIS-NR-020_02154.jpg,0.49999999999945743,0.0,0.0,0.0,0.0,0.0,0.0,0.9999999999989149,0.49999999999945743
RipVIS-NR-020_02160.jpg,0.49999999999945743,0.0,0.0,0.0,0.0,0.0,0.0,0.9999999999989149,0.49999999999945743
RipVIS-NR-020_02166.jpg,0.49999999999945743,0.0,0.0,0.0,0.0,0.0,0.0,0.9999999999989149,0.49999999999945743
RipVIS-NR-020_02172.jpg,0.49999999999945743,0.0,0.0,0.0,0.0,0.0,0.0,0.9999999999989149,0.49999999999945743
RipVIS-NR-020_02178.jpg,0.49999999999945743,0.0,0.0,0.0,0.0,0.0,0.0,0.9999999999989149,0.49999999999945743
RipVIS-NR-020_02184.jpg,0.49999999999945743,0.0,0.0,0.0,0.0,0.0,0.0,0.9999999999989149,0.49999999999945743
RipVIS-NR-020_02190.jpg,0.49999999999945743,0.0,0.0,0.0,0.0,0.0,0.0,0.9999999999989149,0.49999999999945743
RipVIS-NR-020_02196.jpg,0.49999999999945743,0.0,0.0,0.0,0.0,0.0,0.0,0.9999999999989149,0.49999999999945743
RipVIS-NR-020_02202.jpg,0.49999999999945743,0.0,0.0,0.0,0.0,0.0,0.0,0.9999999999989149,0.49999999999945743
RipVIS-NR-020_02208.jpg,0.49999999999945743,0.0,0.0,0.0,0.0,0.0,0.0,0.9999999999989149,0.49999999999945743
RipVIS-NR-020_02214.jpg,0.49999999999945743,0.0,0.0,0.0,0.0,0.0,0.0,0.9999999999989149,0.49999999999945743
RipVIS-NR-020_02220.jpg,0.49999999999945743,0.0,0.0,0.0,0.0,0.0,0.0,0.9999999999989149,0.49999999999945743
RipVIS-NR-020_02226.jpg,0.49999999999945743,0.0,0.0,0.0,0.0,0.0,0.0,0.9999999999989149,0.49999999999945743
RipVIS-NR-020_02232.jpg,0.49999999999945743,0.0,0.0,0.0,0.0,0.0,0.0,0.9999999999989149,0.49999999999945743
RipVIS-NR-020_02238.jpg,0.49999999999945743,0.0,0.0,0.0,0.0,0.0,0.0,0.9999999999989149,0.49999999999945743
RipVIS-NR-020_02244.jpg,0.49999999999945743,0.0,0.0,0.0,0.0,0.0,0.0,0.9999999999989149,0.49999999999945743
RipVIS-NR-020_02250.jpg,0.49999999999945743,0.0,0.0,0.0,0.0,0.0,0.0,0.9999999999989149,0.49999999999945743
RipVIS-NR-020_02256.jpg,0.49999999999945743,0.0,0.0,0.0,0.0,0.0,0.0,0.9999999999989149,0.49999999999945743
RipVIS-NR-020_02262.jpg,0.49999999999945743,0.0,0.0,0.0,0.0,0.0,0.0,0.9999999999989149,0.49999999999945743
RipVIS-NR-020_02268.jpg,0.49999999999945743,0.0,0.0,0.0,0.0,0.0,0.0,0.9999999999989149,0.49999999999945743
RipVIS-NR-020_02274.jpg,0.49999999999945743,0.0,0.0,0.0,0.0,0.0,0.0,0.9999999999989149,0.49999999999945743
RipVIS-NR-020_02280.jpg,0.49999999999945743,0.0,0.0,0.0,0.0,0.0,0.0,0.9999999999989149,0.49999999999945743
RipVIS-NR-020_02286.jpg,0.49999999999945743,0.0,0.0,0.0,0.0,0.0,0.0,0.9999999999989149,0.49999999999945743
RipVIS-NR-020_02292.jpg,0.49999999999945743,0.0,0.0,0.0,0.0,0.0,0.0,0.9999999999989149,0.49999999999945743
RipVIS-NR-020_02298.jpg,0.49999999999945743,0.0,0.0,0.0,0.0,0.0,0.0,0.9999999999989149,0.49999999999945743
RipVIS-NR-020_02304.jpg,0.49999999999945743,0.0,0.0,0.0,0.0,0.0,0.0,0.9999999999989149,0.49999999999945743
RipVIS-NR-020_02310.jpg,0.49999999999945743,0.0,0.0,0.0,0.0,0.0,0.0,0.9999999999989149,0.49999999999945743
RipVIS-NR-020_02316.jpg,0.49999999999945743,0.0,0.0,0.0,0.0,0.0,0.0,0.9999999999989149,0.49999999999945743
RipVIS-NR-020_02322.jpg,0.49999999999945743,0.0,0.0,0.0,0.0,0.0,0.0,0.9999999999989149,0.49999999999945743
RipVIS-NR-020_02328.jpg,0.49999999999945743,0.0,0.0,0.0,0.0,0.0,0.0,0.9999999999989149,0.49999999999945743
RipVIS-NR-020_02334.jpg,0.49999999999945743,0.0,0.0,0.0,0.0,0.0,0.0,0.9999999999989149,0.49999999999945743
RipVIS-NR-020_02340.jpg,0.49999999999945743,0.0,0.0,0.0,0.0,0.0,0.0,0.9999999999989149,0.49999999999945743
RipVIS-NR-020_02346.jpg,0.49999999999945743,0.0,0.0,0.0,0.0,0.0,0.0,0.9999999999989149,0.49999999999945743
RipVIS-NR-020_02352.jpg,0.49999999999945743,0.0,0.0,0.0,0.0,0.0,0.0,0.9999999999989149,0.49999999999945743
RipVIS-NR-020_02358.jpg,0.49999999999945743,0.0,0.0,0.0,0.0,0.0,0.0,0.9999999999989149,0.49999999999945743
RipVIS-NR-020_02364.jpg,0.49999999999945743,0.0,0.0,0.0,0.0,0.0,0.0,0.9999999999989149,0.49999999999945743
RipVIS-NR-020_02370.jpg,0.49999999999945743,0.0,0.0,0.0,0.0,0.0,0.0,0.9999999999989149,0.49999999999945743
RipVIS-NR-020_02376.jpg,0.49999999999945743,0.0,0.0,0.0,0.0,0.0,0.0,0.9999999999989149,0.49999999999945743
RipVIS-NR-020_02382.jpg,0.49999999999945743,0.0,0.0,0.0,0.0,0.0,0.0,0.9999999999989149,0.49999999999945743
RipVIS-NR-020_02388.jpg,0.49999999999945743,0.0,0.0,0.0,0.0,0.0,0.0,0.9999999999989149,0.49999999999945743
RipVIS-NR-020_02394.jpg,0.49999999999945743,0.0,0.0,0.0,0.0,0.0,0.0,0.9999999999989149,0.49999999999945743
RipVIS-NR-020_02400.jpg,0.49999999999945743,0.0,0.0,0.0,0.0,0.0,0.0,0.9999999999989149,0.49999999999945743
RipVIS-NR-020_02406.jpg,0.49999999999945743,0.0,0.0,0.0,0.0,0.0,0.0,0.9999999999989149,0.49999999999945743
RipVIS-NR-020_02412.jpg,0.49999999999945743,0.0,0.0,0.0,0.0,0.0,0.0,0.9999999999989149,0.49999999999945743
RipVIS-NR-020_02418.jpg,0.49999999999945743,0.0,0.0,0.0,0.0,0.0,0.0,0.9999999999989149,0.49999999999945743
RipVIS-NR-020_02424.jpg,0.49999999999945743,0.0,0.0,0.0,0.0,0.0,0.0,0.9999999999989149,0.49999999999945743
RipVIS-NR-020_02430.jpg,0.49999999999945743,0.0,0.0,0.0,0.0,0.0,0.0,0.9999999999989149,0.49999999999945743
RipVIS-NR-020_02436.jpg,0.49999999999945743,0.0,0.0,0.0,0.0,0.0,0.0,0.9999999999989149,0.49999999999945743
RipVIS-NR-020_02442.jpg,0.49999999999945743,0.0,0.0,0.0,0.0,0.0,0.0,0.9999999999989149,0.49999999999945743
RipVIS-NR-020_02448.jpg,0.49999999999945743,0.0,0.0,0.0,0.0,0.0,0.0,0.9999999999989149,0.49999999999945743
RipVIS-NR-020_02454.jpg,0.49999999999945743,0.0,0.0,0.0,0.0,0.0,0.0,0.9999999999989149,0.49999999999945743
RipVIS-NR-020_02460.jpg,0.49999999999945743,0.0,0.0,0.0,0.0,0.0,0.0,0.9999999999989149,0.49999999999945743
RipVIS-NR-020_02466.jpg,0.49999999999945743,0.0,0.0,0.0,0.0,0.0,0.0,0.9999999999989149,0.49999999999945743
RipVIS-NR-020_02472.jpg,0.49999999999945743,0.0,0.0,0.0,0.0,0.0,0.0,0.9999999999989149,0.49999999999945743
RipVIS-NR-020_02478.jpg,0.49999999999945743,0.0,0.0,0.0,0.0,0.0,0.0,0.9999999999989149,0.49999999999945743
RipVIS-NR-020_02484.jpg,0.49999999999945743,0.0,0.0,0.0,0.0,0.0,0.0,0.9999999999989149,0.49999999999945743
RipVIS-NR-020_02490.jpg,0.49999999999945743,0.0,0.0,0.0,0.0,0.0,0.0,0.9999999999989149,0.49999999999945743
RipVIS-NR-020_02496.jpg,0.49999999999945743,0.0,0.0,0.0,0.0,0.0,0.0,0.9999999999989149,0.49999999999945743
RipVIS-NR-020_02502.jpg,0.49999999999945743,0.0,0.0,0.0,0.0,0.0,0.0,0.9999999999989149,0.49999999999945743
RipVIS-NR-020_02508.jpg,0.49999999999945743,0.0,0.0,0.0,0.0,0.0,0.0,0.9999999999989149,0.49999999999945743
RipVIS-NR-020_02514.jpg,0.49999999999945743,0.0,0.0,0.0,0.0,0.0,0.0,0.9999999999989149,0.49999999999945743
RipVIS-NR-020_02520.jpg,0.49999999999945743,0.0,0.0,0.0,0.0,0.0,0.0,0.9999999999989149,0.49999999999945743
RipVIS-NR-020_02526.jpg,0.49999999999945743,0.0,0.0,0.0,0.0,0.0,0.0,0.9999999999989149,0.49999999999945743
RipVIS-NR-020_02532.jpg,0.49999999999945743,0.0,0.0,0.0,0.0,0.0,0.0,0.9999999999989149,0.49999999999945743
RipVIS-NR-020_02538.jpg,0.49999999999945743,0.0,0.0,0.0,0.0,0.0,0.0,0.9999999999989149,0.49999999999945743
RipVIS-NR-020_02544.jpg,0.49999999999945743,0.0,0.0,0.0,0.0,0.0,0.0,0.9999999999989149,0.49999999999945743
RipVIS-NR-020_02550.jpg,0.49999999999945743,0.0,0.0,0.0,0.0,0.0,0.0,0.9999999999989149,0.49999999999945743
RipVIS-NR-020_02556.jpg,0.49999999999945743,0.0,0.0,0.0,0.0,0.0,0.0,0.9999999999989149,0.49999999999945743
RipVIS-NR-020_02562.jpg,0.49999999999945743,0.0,0.0,0.0,0.0,0.0,0.0,0.9999999999989149,0.49999999999945743
RipVIS-NR-020_02568.jpg,0.49999999999945743,0.0,0.0,0.0,0.0,0.0,0.0,0.9999999999989149,0.49999999999945743
RipVIS-NR-022_00000.jpg,0.49999999999975886,0.0,0.0,0.0,0.0,0.0,0.0,0.9999999999995177,0.49999999999975886
RipVIS-NR-022_00006.jpg,0.49999999999975886,0.0,0.0,0.0,0.0,0.0,0.0,0.9999999999995177,0.49999999999975886
RipVIS-NR-022_00012.jpg,0.49999999999975886,0.0,0.0,0.0,0.0,0.0,0.0,0.9999999999995177,0.49999999999975886
RipVIS-NR-022_00018.jpg,0.49999999999975886,0.0,0.0,0.0,0.0,0.0,0.0,0.9999999999995177,0.49999999999975886
RipVIS-NR-022_00024.jpg,0.49999999999975886,0.0,0.0,0.0,0.0,0.0,0.0,0.9999999999995177,0.49999999999975886
RipVIS-NR-022_00030.jpg,0.49999999999975886,0.0,0.0,0.0,0.0,0.0,0.0,0.9999999999995177,0.49999999999975886
RipVIS-NR-022_00036.jpg,0.49999999999975886,0.0,0.0,0.0,0.0,0.0,0.0,0.9999999999995177,0.49999999999975886
RipVIS-NR-022_00042.jpg,0.49999999999975886,0.0,0.0,0.0,0.0,0.0,0.0,0.9999999999995177,0.49999999999975886
RipVIS-NR-022_00048.jpg,0.49999999999975886,0.0,0.0,0.0,0.0,0.0,0.0,0.9999999999995177,0.49999999999975886
RipVIS-NR-022_00054.jpg,0.49999999999975886,0.0,0.0,0.0,0.0,0.0,0.0,0.9999999999995177,0.49999999999975886
RipVIS-NR-022_00060.jpg,0.49999999999975886,0.0,0.0,0.0,0.0,0.0,0.0,0.9999999999995177,0.49999999999975886
RipVIS-NR-022_00066.jpg,0.49999999999975886,0.0,0.0,0.0,0.0,0.0,0.0,0.9999999999995177,0.49999999999975886
RipVIS-NR-022_00072.jpg,0.49999999999975886,0.0,0.0,0.0,0.0,0.0,0.0,0.9999999999995177,0.49999999999975886
RipVIS-NR-022_00078.jpg,0.49999999999975886,0.0,0.0,0.0,0.0,0.0,0.0,0.9999999999995177,0.49999999999975886
RipVIS-NR-022_00084.jpg,0.49999999999975886,0.0,0.0,0.0,0.0,0.0,0.0,0.9999999999995177,0.49999999999975886
RipVIS-NR-022_00090.jpg,0.49999999999975886,0.0,0.0,0.0,0.0,0.0,0.0,0.9999999999995177,0.49999999999975886
RipVIS-NR-022_00096.jpg,0.4967763792435876,0.0,0.0,0.0,0.0,0.0,0.0,0.9935527584871752,0.4967763792435876
RipVIS-NR-022_00102.jpg,0.49999999999975886,0.0,0.0,0.0,0.0,0.0,0.0,0.9999999999995177,0.49999999999975886
RipVIS-NR-022_00108.jpg,0.49999999999975886,0.0,0.0,0.0,0.0,0.0,0.0,0.9999999999995177,0.49999999999975886
RipVIS-NR-022_00114.jpg,0.49999999999975886,0.0,0.0,0.0,0.0,0.0,0.0,0.9999999999995177,0.49999999999975886
RipVIS-NR-022_00120.jpg,0.49999999999975886,0.0,0.0,0.0,0.0,0.0,0.0,0.9999999999995177,0.49999999999975886
RipVIS-NR-022_00126.jpg,0.49999999999975886,0.0,0.0,0.0,0.0,0.0,0.0,0.9999999999995177,0.49999999999975886
RipVIS-NR-022_00132.jpg,0.49999999999975886,0.0,0.0,0.0,0.0,0.0,0.0,0.9999999999995177,0.49999999999975886
RipVIS-NR-022_00138.jpg,0.49999999999975886,0.0,0.0,0.0,0.0,0.0,0.0,0.9999999999995177,0.49999999999975886
RipVIS-NR-022_00144.jpg,0.49999999999975886,0.0,0.0,0.0,0.0,0.0,0.0,0.9999999999995177,0.49999999999975886
RipVIS-NR-022_00150.jpg,0.49999999999975886,0.0,0.0,0.0,0.0,0.0,0.0,0.9999999999995177,0.49999999999975886
RipVIS-NR-022_00156.jpg,0.49999999999975886,0.0,0.0,0.0,0.0,0.0,0.0,0.9999999999995177,0.49999999999975886
RipVIS-NR-022_00162.jpg,0.49999999999975886,0.0,0.0,0.0,0.0,0.0,0.0,0.9999999999995177,0.49999999999975886
RipVIS-NR-022_00168.jpg,0.49999999999975886,0.0,0.0,0.0,0.0,0.0,0.0,0.9999999999995177,0.49999999999975886
RipVIS-NR-022_00174.jpg,0.49999999999975886,0.0,0.0,0.0,0.0,0.0,0.0,0.9999999999995177,0.49999999999975886
RipVIS-NR-022_00180.jpg,0.49999999999975886,0.0,0.0,0.0,0.0,0.0,0.0,0.9999999999995177,0.49999999999975886
RipVIS-NR-022_00186.jpg,0.49999999999975886,0.0,0.0,0.0,0.0,0.0,0.0,0.9999999999995177,0.49999999999975886
RipVIS-NR-022_00192.jpg,0.49999999999975886,0.0,0.0,0.0,0.0,0.0,0.0,0.9999999999995177,0.49999999999975886
RipVIS-NR-022_00198.jpg,0.49999999999975886,0.0,0.0,0.0,0.0,0.0,0.0,0.9999999999995177,0.49999999999975886
RipVIS-NR-022_00204.jpg,0.49999999999975886,0.0,0.0,0.0,0.0,0.0,0.0,0.9999999999995177,0.49999999999975886
RipVIS-NR-022_00210.jpg,0.49999999999975886,0.0,0.0,0.0,0.0,0.0,0.0,0.9999999999995177,0.49999999999975886
RipVIS-NR-022_00216.jpg,0.49999999999975886,0.0,0.0,0.0,0.0,0.0,0.0,0.9999999999995177,0.49999999999975886
RipVIS-NR-022_00222.jpg,0.49999999999975886,0.0,0.0,0.0,0.0,0.0,0.0,0.9999999999995177,0.49999999999975886
RipVIS-NR-022_00228.jpg,0.49999999999975886,0.0,0.0,0.0,0.0,0.0,0.0,0.9999999999995177,0.49999999999975886
RipVIS-NR-022_00234.jpg,0.49999999999975886,0.0,0.0,0.0,0.0,0.0,0.0,0.9999999999995177,0.49999999999975886
RipVIS-NR-022_00240.jpg,0.49999999999975886,0.0,0.0,0.0,0.0,0.0,0.0,0.9999999999995177,0.49999999999975886
RipVIS-NR-022_00246.jpg,0.49999999999975886,0.0,0.0,0.0,0.0,0.0,0.0,0.9999999999995177,0.49999999999975886
RipVIS-NR-022_00252.jpg,0.49999999999975886,0.0,0.0,0.0,0.0,0.0,0.0,0.9999999999995177,0.49999999999975886
RipVIS-NR-022_00258.jpg,0.49999999999975886,0.0,0.0,0.0,0.0,0.0,0.0,0.9999999999995177,0.49999999999975886
RipVIS-NR-022_00264.jpg,0.49999999999975886,0.0,0.0,0.0,0.0,0.0,0.0,0.9999999999995177,0.49999999999975886
RipVIS-NR-022_00270.jpg,0.49999999999975886,0.0,0.0,0.0,0.0,0.0,0.0,0.9999999999995177,0.49999999999975886
RipVIS-NR-022_00276.jpg,0.49999999999975886,0.0,0.0,0.0,0.0,0.0,0.0,0.9999999999995177,0.49999999999975886
RipVIS-NR-022_00282.jpg,0.49999999999975886,0.0,0.0,0.0,0.0,0.0,0.0,0.9999999999995177,0.49999999999975886
RipVIS-NR-022_00288.jpg,0.49999999999975886,0.0,0.0,0.0,0.0,0.0,0.0,0.9999999999995177,0.49999999999975886
RipVIS-NR-022_00294.jpg,0.49999999999975886,0.0,0.0,0.0,0.0,0.0,0.0,0.9999999999995177,0.49999999999975886
RipVIS-NR-022_00300.jpg,0.49999999999975886,0.0,0.0,0.0,0.0,0.0,0.0,0.9999999999995177,0.49999999999975886
RipVIS-NR-022_00306.jpg,0.49999999999975886,0.0,0.0,0.0,0.0,0.0,0.0,0.9999999999995177,0.49999999999975886
RipVIS-NR-022_00312.jpg,0.49999999999975886,0.0,0.0,0.0,0.0,0.0,0.0,0.9999999999995177,0.49999999999975886
RipVIS-NR-022_00318.jpg,0.49999999999975886,0.0,0.0,0.0,0.0,0.0,0.0,0.9999999999995177,0.49999999999975886
RipVIS-NR-022_00324.jpg,0.49999999999975886,0.0,0.0,0.0,0.0,0.0,0.0,0.9999999999995177,0.49999999999975886
RipVIS-NR-022_00330.jpg,0.49999999999975886,0.0,0.0,0.0,0.0,0.0,0.0,0.9999999999995177,0.49999999999975886
RipVIS-NR-022_00336.jpg,0.49999999999975886,0.0,0.0,0.0,0.0,0.0,0.0,0.9999999999995177,0.49999999999975886
RipVIS-NR-022_00342.jpg,0.49999999999975886,0.0,0.0,0.0,0.0,0.0,0.0,0.9999999999995177,0.49999999999975886
RipVIS-NR-022_00348.jpg,0.49999999999975886,0.0,0.0,0.0,0.0,0.0,0.0,0.9999999999995177,0.49999999999975886
RipVIS-NR-022_00354.jpg,0.49999999999975886,0.0,0.0,0.0,0.0,0.0,0.0,0.9999999999995177,0.49999999999975886
RipVIS-NR-022_00360.jpg,0.49999999999975886,0.0,0.0,0.0,0.0,0.0,0.0,0.9999999999995177,0.49999999999975886
RipVIS-NR-022_00366.jpg,0.49999999999975886,0.0,0.0,0.0,0.0,0.0,0.0,0.9999999999995177,0.49999999999975886
RipVIS-NR-022_00372.jpg,0.49999999999975886,0.0,0.0,0.0,0.0,0.0,0.0,0.9999999999995177,0.49999999999975886
RipVIS-NR-022_00378.jpg,0.49999999999975886,0.0,0.0,0.0,0.0,0.0,0.0,0.9999999999995177,0.49999999999975886
RipVIS-NR-022_00384.jpg,0.49999999999975886,0.0,0.0,0.0,0.0,0.0,0.0,0.9999999999995177,0.49999999999975886
RipVIS-NR-022_00390.jpg,0.49999999999975886,0.0,0.0,0.0,0.0,0.0,0.0,0.9999999999995177,0.49999999999975886
RipVIS-NR-022_00396.jpg,0.49999999999975886,0.0,0.0,0.0,0.0,0.0,0.0,0.9999999999995177,0.49999999999975886
RipVIS-NR-022_00402.jpg,0.49999999999975886,0.0,0.0,0.0,0.0,0.0,0.0,0.9999999999995177,0.49999999999975886
RipVIS-NR-022_00408.jpg,0.49999999999975886,0.0,0.0,0.0,0.0,0.0,0.0,0.9999999999995177,0.49999999999975886
RipVIS-NR-022_00414.jpg,0.49999999999975886,0.0,0.0,0.0,0.0,0.0,0.0,0.9999999999995177,0.49999999999975886
RipVIS-NR-022_00420.jpg,0.49999999999975886,0.0,0.0,0.0,0.0,0.0,0.0,0.9999999999995177,0.49999999999975886
RipVIS-NR-022_00426.jpg,0.49999999999975886,0.0,0.0,0.0,0.0,0.0,0.0,0.9999999999995177,0.49999999999975886
RipVIS-NR-022_00432.jpg,0.49999999999975886,0.0,0.0,0.0,0.0,0.0,0.0,0.9999999999995177,0.49999999999975886
RipVIS-NR-022_00438.jpg,0.49999999999975886,0.0,0.0,0.0,0.0,0.0,0.0,0.9999999999995177,0.49999999999975886
RipVIS-NR-022_00444.jpg,0.49999999999975886,0.0,0.0,0.0,0.0,0.0,0.0,0.9999999999995177,0.49999999999975886
RipVIS-NR-022_00450.jpg,0.49999999999975886,0.0,0.0,0.0,0.0,0.0,0.0,0.9999999999995177,0.49999999999975886
RipVIS-NR-022_00456.jpg,0.49999999999975886,0.0,0.0,0.0,0.0,0.0,0.0,0.9999999999995177,0.49999999999975886
RipVIS-NR-022_00462.jpg,0.49999999999975886,0.0,0.0,0.0,0.0,0.0,0.0,0.9999999999995177,0.49999999999975886
RipVIS-NR-022_00468.jpg,0.49999999999975886,0.0,0.0,0.0,0.0,0.0,0.0,0.9999999999995177,0.49999999999975886
RipVIS-NR-022_00474.jpg,0.49999999999975886,0.0,0.0,0.0,0.0,0.0,0.0,0.9999999999995177,0.49999999999975886
RipVIS-NR-022_00480.jpg,0.49999999999975886,0.0,0.0,0.0,0.0,0.0,0.0,0.9999999999995177,0.49999999999975886
RipVIS-NR-022_00486.jpg,0.49999999999975886,0.0,0.0,0.0,0.0,0.0,0.0,0.9999999999995177,0.49999999999975886
RipVIS-NR-022_00492.jpg,0.49999999999975886,0.0,0.0,0.0,0.0,0.0,0.0,0.9999999999995177,0.49999999999975886
RipVIS-NR-022_00498.jpg,0.49999999999975886,0.0,0.0,0.0,0.0,0.0,0.0,0.9999999999995177,0.49999999999975886
RipVIS-NR-022_00504.jpg,0.49999999999975886,0.0,0.0,0.0,0.0,0.0,0.0,0.9999999999995177,0.49999999999975886
RipVIS-NR-022_00510.jpg,0.49999999999975886,0.0,0.0,0.0,0.0,0.0,0.0,0.9999999999995177,0.49999999999975886
RipVIS-NR-022_00516.jpg,0.49999999999975886,0.0,0.0,0.0,0.0,0.0,0.0,0.9999999999995177,0.49999999999975886
RipVIS-NR-022_00522.jpg,0.49999999999975886,0.0,0.0,0.0,0.0,0.0,0.0,0.9999999999995177,0.49999999999975886
RipVIS-NR-022_00528.jpg,0.49999999999975886,0.0,0.0,0.0,0.0,0.0,0.0,0.9999999999995177,0.49999999999975886
RipVIS-NR-022_00534.jpg,0.49999999999975886,0.0,0.0,0.0,0.0,0.0,0.0,0.9999999999995177,0.49999999999975886
RipVIS-NR-022_00540.jpg,0.49999999999975886,0.0,0.0,0.0,0.0,0.0,0.0,0.9999999999995177,0.49999999999975886
RipVIS-NR-022_00546.jpg,0.49999999999975886,0.0,0.0,0.0,0.0,0.0,0.0,0.9999999999995177,0.49999999999975886
RipVIS-NR-022_00552.jpg,0.49999999999975886,0.0,0.0,0.0,0.0,0.0,0.0,0.9999999999995177,0.49999999999975886
RipVIS-NR-022_00558.jpg,0.49999999999975886,0.0,0.0,0.0,0.0,0.0,0.0,0.9999999999995177,0.49999999999975886
RipVIS-NR-022_00564.jpg,0.49999999999975886,0.0,0.0,0.0,0.0,0.0,0.0,0.9999999999995177,0.49999999999975886
RipVIS-NR-022_00570.jpg,0.49999999999975886,0.0,0.0,0.0,0.0,0.0,0.0,0.9999999999995177,0.49999999999975886
RipVIS-NR-022_00576.jpg,0.49999999999975886,0.0,0.0,0.0,0.0,0.0,0.0,0.9999999999995177,0.49999999999975886
RipVIS-NR-022_00582.jpg,0.49999999999975886,0.0,0.0,0.0,0.0,0.0,0.0,0.9999999999995177,0.49999999999975886
RipVIS-NR-022_00588.jpg,0.49999999999975886,0.0,0.0,0.0,0.0,0.0,0.0,0.9999999999995177,0.49999999999975886
RipVIS-NR-022_00594.jpg,0.49999999999975886,0.0,0.0,0.0,0.0,0.0,0.0,0.9999999999995177,0.49999999999975886
RipVIS-NR-022_00600.jpg,0.49999999999975886,0.0,0.0,0.0,0.0,0.0,0.0,0.9999999999995177,0.49999999999975886
RipVIS-NR-022_00606.jpg,0.49999999999975886,0.0,0.0,0.0,0.0,0.0,0.0,0.9999999999995177,0.49999999999975886
RipVIS-NR-022_00612.jpg,0.49999999999975886,0.0,0.0,0.0,0.0,0.0,0.0,0.9999999999995177,0.49999999999975886
RipVIS-NR-022_00618.jpg,0.49999999999975886,0.0,0.0,0.0,0.0,0.0,0.0,0.9999999999995177,0.49999999999975886
RipVIS-NR-022_00624.jpg,0.49999999999975886,0.0,0.0,0.0,0.0,0.0,0.0,0.9999999999995177,0.49999999999975886
RipVIS-NR-022_00630.jpg,0.49999999999975886,0.0,0.0,0.0,0.0,0.0,0.0,0.9999999999995177,0.49999999999975886
RipVIS-NR-022_00636.jpg,0.49999999999975886,0.0,0.0,0.0,0.0,0.0,0.0,0.9999999999995177,0.49999999999975886
RipVIS-NR-022_00642.jpg,0.49999999999975886,0.0,0.0,0.0,0.0,0.0,0.0,0.9999999999995177,0.49999999999975886
RipVIS-NR-022_00648.jpg,0.49999999999975886,0.0,0.0,0.0,0.0,0.0,0.0,0.9999999999995177,0.49999999999975886
RipVIS-NR-022_00654.jpg,0.49999999999975886,0.0,0.0,0.0,0.0,0.0,0.0,0.9999999999995177,0.49999999999975886
RipVIS-NR-022_00660.jpg,0.49999999999975886,0.0,0.0,0.0,0.0,0.0,0.0,0.9999999999995177,0.49999999999975886
RipVIS-NR-022_00666.jpg,0.49999999999975886,0.0,0.0,0.0,0.0,0.0,0.0,0.9999999999995177,0.49999999999975886
RipVIS-NR-022_00672.jpg,0.49999999999975886,0.0,0.0,0.0,0.0,0.0,0.0,0.9999999999995177,0.49999999999975886
RipVIS-NR-022_00678.jpg,0.49999999999975886,0.0,0.0,0.0,0.0,0.0,0.0,0.9999999999995177,0.49999999999975886
RipVIS-NR-022_00684.jpg,0.49999999999975886,0.0,0.0,0.0,0.0,0.0,0.0,0.9999999999995177,0.49999999999975886
RipVIS-NR-022_00690.jpg,0.49999999999975886,0.0,0.0,0.0,0.0,0.0,0.0,0.9999999999995177,0.49999999999975886
RipVIS-NR-022_00696.jpg,0.49999999999975886,0.0,0.0,0.0,0.0,0.0,0.0,0.9999999999995177,0.49999999999975886
RipVIS-NR-022_00702.jpg,0.49999999999975886,0.0,0.0,0.0,0.0,0.0,0.0,0.9999999999995177,0.49999999999975886
RipVIS-NR-022_00708.jpg,0.49999999999975886,0.0,0.0,0.0,0.0,0.0,0.0,0.9999999999995177,0.49999999999975886
RipVIS-NR-022_00714.jpg,0.49999999999975886,0.0,0.0,0.0,0.0,0.0,0.0,0.9999999999995177,0.49999999999975886
RipVIS-NR-022_00720.jpg,0.49999999999975886,0.0,0.0,0.0,0.0,0.0,0.0,0.9999999999995177,0.49999999999975886
RipVIS-NR-022_00726.jpg,0.49999999999975886,0.0,0.0,0.0,0.0,0.0,0.0,0.9999999999995177,0.49999999999975886
RipVIS-NR-022_00732.jpg,0.49999999999975886,0.0,0.0,0.0,0.0,0.0,0.0,0.9999999999995177,0.49999999999975886
RipVIS-NR-022_00738.jpg,0.49999999999975886,0.0,0.0,0.0,0.0,0.0,0.0,0.9999999999995177,0.49999999999975886
RipVIS-NR-022_00744.jpg,0.49999999999975886,0.0,0.0,0.0,0.0,0.0,0.0,0.9999999999995177,0.49999999999975886
RipVIS-NR-022_00750.jpg,0.49999999999975886,0.0,0.0,0.0,0.0,0.0,0.0,0.9999999999995177,0.49999999999975886
RipVIS-NR-022_00756.jpg,0.49999999999975886,0.0,0.0,0.0,0.0,0.0,0.0,0.9999999999995177,0.49999999999975886
RipVIS-NR-022_00762.jpg,0.49999999999975886,0.0,0.0,0.0,0.0,0.0,0.0,0.9999999999995177,0.49999999999975886
RipVIS-NR-022_00768.jpg,0.49999999999975886,0.0,0.0,0.0,0.0,0.0,0.0,0.9999999999995177,0.49999999999975886
RipVIS-NR-022_00774.jpg,0.49999999999975886,0.0,0.0,0.0,0.0,0.0,0.0,0.9999999999995177,0.49999999999975886
RipVIS-NR-022_00780.jpg,0.49999999999975886,0.0,0.0,0.0,0.0,0.0,0.0,0.9999999999995177,0.49999999999975886
RipVIS-NR-022_00786.jpg,0.49999999999975886,0.0,0.0,0.0,0.0,0.0,0.0,0.9999999999995177,0.49999999999975886
RipVIS-NR-022_00792.jpg,0.49999999999975886,0.0,0.0,0.0,0.0,0.0,0.0,0.9999999999995177,0.49999999999975886
RipVIS-NR-022_00798.jpg,0.49999999999975886,0.0,0.0,0.0,0.0,0.0,0.0,0.9999999999995177,0.49999999999975886
RipVIS-NR-022_00804.jpg,0.49999999999975886,0.0,0.0,0.0,0.0,0.0,0.0,0.9999999999995177,0.49999999999975886
RipVIS-NR-022_00810.jpg,0.49999999999975886,0.0,0.0,0.0,0.0,0.0,0.0,0.9999999999995177,0.49999999999975886
RipVIS-NR-022_00816.jpg,0.49999999999975886,0.0,0.0,0.0,0.0,0.0,0.0,0.9999999999995177,0.49999999999975886
RipVIS-NR-022_00822.jpg,0.49999999999975886,0.0,0.0,0.0,0.0,0.0,0.0,0.9999999999995177,0.49999999999975886
RipVIS-NR-022_00828.jpg,0.49999999999975886,0.0,0.0,0.0,0.0,0.0,0.0,0.9999999999995177,0.49999999999975886
RipVIS-NR-022_00834.jpg,0.49999999999975886,0.0,0.0,0.0,0.0,0.0,0.0,0.9999999999995177,0.49999999999975886
RipVIS-NR-022_00840.jpg,0.49999999999975886,0.0,0.0,0.0,0.0,0.0,0.0,0.9999999999995177,0.49999999999975886
RipVIS-NR-022_00846.jpg,0.49999999999975886,0.0,0.0,0.0,0.0,0.0,0.0,0.9999999999995177,0.49999999999975886
RipVIS-NR-022_00852.jpg,0.49999999999975886,0.0,0.0,0.0,0.0,0.0,0.0,0.9999999999995177,0.49999999999975886
RipVIS-NR-022_00858.jpg,0.49999999999975886,0.0,0.0,0.0,0.0,0.0,0.0,0.9999999999995177,0.49999999999975886
RipVIS-NR-022_00864.jpg,0.49999999999975886,0.0,0.0,0.0,0.0,0.0,0.0,0.9999999999995177,0.49999999999975886
RipVIS-NR-022_00870.jpg,0.49999999999975886,0.0,0.0,0.0,0.0,0.0,0.0,0.9999999999995177,0.49999999999975886
RipVIS-NR-022_00876.jpg,0.49999999999975886,0.0,0.0,0.0,0.0,0.0,0.0,0.9999999999995177,0.49999999999975886
RipVIS-NR-022_00882.jpg,0.49999999999975886,0.0,0.0,0.0,0.0,0.0,0.0,0.9999999999995177,0.49999999999975886
RipVIS-NR-022_00888.jpg,0.49999999999975886,0.0,0.0,0.0,0.0,0.0,0.0,0.9999999999995177,0.49999999999975886
RipVIS-NR-022_00894.jpg,0.49999999999975886,0.0,0.0,0.0,0.0,0.0,0.0,0.9999999999995177,0.49999999999975886
RipVIS-NR-022_00900.jpg,0.49999999999975886,0.0,0.0,0.0,0.0,0.0,0.0,0.9999999999995177,0.49999999999975886
RipVIS-NR-022_00906.jpg,0.49999999999975886,0.0,0.0,0.0,0.0,0.0,0.0,0.9999999999995177,0.49999999999975886
RipVIS-NR-022_00912.jpg,0.49999999999975886,0.0,0.0,0.0,0.0,0.0,0.0,0.9999999999995177,0.49999999999975886
RipVIS-NR-022_00918.jpg,0.49999999999975886,0.0,0.0,0.0,0.0,0.0,0.0,0.9999999999995177,0.49999999999975886
RipVIS-NR-022_00924.jpg,0.49999999999975886,0.0,0.0,0.0,0.0,0.0,0.0,0.9999999999995177,0.49999999999975886
RipVIS-NR-022_00930.jpg,0.49999999999975886,0.0,0.0,0.0,0.0,0.0,0.0,0.9999999999995177,0.49999999999975886
RipVIS-NR-022_00936.jpg,0.49999999999975886,0.0,0.0,0.0,0.0,0.0,0.0,0.9999999999995177,0.49999999999975886
RipVIS-NR-022_00942.jpg,0.49999999999975886,0.0,0.0,0.0,0.0,0.0,0.0,0.9999999999995177,0.49999999999975886
RipVIS-NR-022_00948.jpg,0.49999999999975886,0.0,0.0,0.0,0.0,0.0,0.0,0.9999999999995177,0.49999999999975886
RipVIS-NR-022_00954.jpg,0.49999999999975886,0.0,0.0,0.0,0.0,0.0,0.0,0.9999999999995177,0.49999999999975886
RipVIS-NR-022_00960.jpg,0.49999999999975886,0.0,0.0,0.0,0.0,0.0,0.0,0.9999999999995177,0.49999999999975886
RipVIS-NR-022_00966.jpg,0.49999999999975886,0.0,0.0,0.0,0.0,0.0,0.0,0.9999999999995177,0.49999999999975886
RipVIS-NR-022_00972.jpg,0.49999999999975886,0.0,0.0,0.0,0.0,0.0,0.0,0.9999999999995177,0.49999999999975886
RipVIS-NR-022_00978.jpg,0.49999999999975886,0.0,0.0,0.0,0.0,0.0,0.0,0.9999999999995177,0.49999999999975886
RipVIS-NR-022_00984.jpg,0.49999999999975886,0.0,0.0,0.0,0.0,0.0,0.0,0.9999999999995177,0.49999999999975886
RipVIS-NR-022_00990.jpg,0.49999999999975886,0.0,0.0,0.0,0.0,0.0,0.0,0.9999999999995177,0.49999999999975886
RipVIS-NR-022_00996.jpg,0.49999999999975886,0.0,0.0,0.0,0.0,0.0,0.0,0.9999999999995177,0.49999999999975886
RipVIS-NR-022_01002.jpg,0.49999999999975886,0.0,0.0,0.0,0.0,0.0,0.0,0.9999999999995177,0.49999999999975886
RipVIS-NR-022_01008.jpg,0.49999999999975886,0.0,0.0,0.0,0.0,0.0,0.0,0.9999999999995177,0.49999999999975886
RipVIS-NR-022_01014.jpg,0.49999999999975886,0.0,0.0,0.0,0.0,0.0,0.0,0.9999999999995177,0.49999999999975886
RipVIS-NR-022_01020.jpg,0.49999999999975886,0.0,0.0,0.0,0.0,0.0,0.0,0.9999999999995177,0.49999999999975886
RipVIS-NR-022_01026.jpg,0.49999999999975886,0.0,0.0,0.0,0.0,0.0,0.0,0.9999999999995177,0.49999999999975886
RipVIS-NR-022_01032.jpg,0.49999999999975886,0.0,0.0,0.0,0.0,0.0,0.0,0.9999999999995177,0.49999999999975886
RipVIS-NR-022_01038.jpg,0.49999999999975886,0.0,0.0,0.0,0.0,0.0,0.0,0.9999999999995177,0.49999999999975886
RipVIS-NR-022_01044.jpg,0.49999999999975886,0.0,0.0,0.0,0.0,0.0,0.0,0.9999999999995177,0.49999999999975886
RipVIS-NR-022_01050.jpg,0.49999999999975886,0.0,0.0,0.0,0.0,0.0,0.0,0.9999999999995177,0.49999999999975886
RipVIS-NR-022_01056.jpg,0.49999999999975886,0.0,0.0,0.0,0.0,0.0,0.0,0.9999999999995177,0.49999999999975886
RipVIS-NR-022_01062.jpg,0.49999999999975886,0.0,0.0,0.0,0.0,0.0,0.0,0.9999999999995177,0.49999999999975886
RipVIS-NR-022_01068.jpg,0.49999999999975886,0.0,0.0,0.0,0.0,0.0,0.0,0.9999999999995177,0.49999999999975886
RipVIS-NR-022_01074.jpg,0.49999999999975886,0.0,0.0,0.0,0.0,0.0,0.0,0.9999999999995177,0.49999999999975886
RipVIS-NR-022_01080.jpg,0.49999999999975886,0.0,0.0,0.0,0.0,0.0,0.0,0.9999999999995177,0.49999999999975886
RipVIS-NR-022_01086.jpg,0.49999999999975886,0.0,0.0,0.0,0.0,0.0,0.0,0.9999999999995177,0.49999999999975886
RipVIS-NR-022_01092.jpg,0.49999999999975886,0.0,0.0,0.0,0.0,0.0,0.0,0.9999999999995177,0.49999999999975886
RipVIS-NR-022_01098.jpg,0.49999999999975886,0.0,0.0,0.0,0.0,0.0,0.0,0.9999999999995177,0.49999999999975886
RipVIS-NR-022_01104.jpg,0.49999999999975886,0.0,0.0,0.0,0.0,0.0,0.0,0.9999999999995177,0.49999999999975886
RipVIS-NR-022_01110.jpg,0.49999999999975886,0.0,0.0,0.0,0.0,0.0,0.0,0.9999999999995177,0.49999999999975886
RipVIS-NR-022_01116.jpg,0.49999999999975886,0.0,0.0,0.0,0.0,0.0,0.0,0.9999999999995177,0.49999999999975886
RipVIS-NR-022_01122.jpg,0.49999999999975886,0.0,0.0,0.0,0.0,0.0,0.0,0.9999999999995177,0.49999999999975886
RipVIS-NR-022_01128.jpg,0.49999999999975886,0.0,0.0,0.0,0.0,0.0,0.0,0.9999999999995177,0.49999999999975886
RipVIS-NR-022_01134.jpg,0.49999999999975886,0.0,0.0,0.0,0.0,0.0,0.0,0.9999999999995177,0.49999999999975886
RipVIS-NR-022_01140.jpg,0.49999999999975886,0.0,0.0,0.0,0.0,0.0,0.0,0.9999999999995177,0.49999999999975886
RipVIS-NR-022_01146.jpg,0.49999999999975886,0.0,0.0,0.0,0.0,0.0,0.0,0.9999999999995177,0.49999999999975886
RipVIS-NR-022_01152.jpg,0.49999999999975886,0.0,0.0,0.0,0.0,0.0,0.0,0.9999999999995177,0.49999999999975886
RipVIS-NR-022_01158.jpg,0.49999999999975886,0.0,0.0,0.0,0.0,0.0,0.0,0.9999999999995177,0.49999999999975886
RipVIS-NR-022_01164.jpg,0.49999999999975886,0.0,0.0,0.0,0.0,0.0,0.0,0.9999999999995177,0.49999999999975886
RipVIS-NR-022_01170.jpg,0.49999999999975886,0.0,0.0,0.0,0.0,0.0,0.0,0.9999999999995177,0.49999999999975886
RipVIS-NR-022_01176.jpg,0.49999999999975886,0.0,0.0,0.0,0.0,0.0,0.0,0.9999999999995177,0.49999999999975886
RipVIS-NR-022_01182.jpg,0.49999999999975886,0.0,0.0,0.0,0.0,0.0,0.0,0.9999999999995177,0.49999999999975886
RipVIS-NR-022_01188.jpg,0.49999999999975886,0.0,0.0,0.0,0.0,0.0,0.0,0.9999999999995177,0.49999999999975886
RipVIS-NR-022_01194.jpg,0.49999999999975886,0.0,0.0,0.0,0.0,0.0,0.0,0.9999999999995177,0.49999999999975886
RipVIS-NR-022_01200.jpg,0.49999999999975886,0.0,0.0,0.0,0.0,0.0,0.0,0.9999999999995177,0.49999999999975886
RipVIS-NR-022_01206.jpg,0.49999999999975886,0.0,0.0,0.0,0.0,0.0,0.0,0.9999999999995177,0.49999999999975886
RipVIS-NR-022_01212.jpg,0.49999999999975886,0.0,0.0,0.0,0.0,0.0,0.0,0.9999999999995177,0.49999999999975886
RipVIS-NR-022_01218.jpg,0.49999999999975886,0.0,0.0,0.0,0.0,0.0,0.0,0.9999999999995177,0.49999999999975886
RipVIS-NR-022_01224.jpg,0.49999999999975886,0.0,0.0,0.0,0.0,0.0,0.0,0.9999999999995177,0.49999999999975886
RipVIS-NR-022_01230.jpg,0.49999999999975886,0.0,0.0,0.0,0.0,0.0,0.0,0.9999999999995177,0.49999999999975886
RipVIS-NR-022_01236.jpg,0.49999999999975886,0.0,0.0,0.0,0.0,0.0,0.0,0.9999999999995177,0.49999999999975886
RipVIS-NR-022_01242.jpg,0.49999999999975886,0.0,0.0,0.0,0.0,0.0,0.0,0.9999999999995177,0.49999999999975886
RipVIS-NR-022_01248.jpg,0.49999999999975886,0.0,0.0,0.0,0.0,0.0,0.0,0.9999999999995177,0.49999999999975886
RipVIS-NR-022_01254.jpg,0.49999999999975886,0.0,0.0,0.0,0.0,0.0,0.0,0.9999999999995177,0.49999999999975886
RipVIS-NR-022_01260.jpg,0.49999999999975886,0.0,0.0,0.0,0.0,0.0,0.0,0.9999999999995177,0.49999999999975886
RipVIS-NR-022_01266.jpg,0.49999999999975886,0.0,0.0,0.0,0.0,0.0,0.0,0.9999999999995177,0.49999999999975886
RipVIS-NR-022_01272.jpg,0.49999999999975886,0.0,0.0,0.0,0.0,0.0,0.0,0.9999999999995177,0.49999999999975886
RipVIS-NR-022_01278.jpg,0.49999999999975886,0.0,0.0,0.0,0.0,0.0,0.0,0.9999999999995177,0.49999999999975886
RipVIS-NR-022_01284.jpg,0.49999999999975886,0.0,0.0,0.0,0.0,0.0,0.0,0.9999999999995177,0.49999999999975886
RipVIS-NR-022_01290.jpg,0.49999999999975886,0.0,0.0,0.0,0.0,0.0,0.0,0.9999999999995177,0.49999999999975886
RipVIS-NR-022_01296.jpg,0.49999999999975886,0.0,0.0,0.0,0.0,0.0,0.0,0.9999999999995177,0.49999999999975886
RipVIS-NR-022_01302.jpg,0.49999999999975886,0.0,0.0,0.0,0.0,0.0,0.0,0.9999999999995177,0.49999999999975886
RipVIS-NR-022_01308.jpg,0.49999999999975886,0.0,0.0,0.0,0.0,0.0,0.0,0.9999999999995177,0.49999999999975886
RipVIS-NR-022_01314.jpg,0.49999999999975886,0.0,0.0,0.0,0.0,0.0,0.0,0.9999999999995177,0.49999999999975886
RipVIS-NR-022_01320.jpg,0.49999999999975886,0.0,0.0,0.0,0.0,0.0,0.0,0.9999999999995177,0.49999999999975886
RipVIS-NR-022_01326.jpg,0.49999999999975886,0.0,0.0,0.0,0.0,0.0,0.0,0.9999999999995177,0.49999999999975886
RipVIS-NR-022_01332.jpg,0.49999999999975886,0.0,0.0,0.0,0.0,0.0,0.0,0.9999999999995177,0.49999999999975886
RipVIS-NR-022_01338.jpg,0.49999999999975886,0.0,0.0,0.0,0.0,0.0,0.0,0.9999999999995177,0.49999999999975886
RipVIS-NR-022_01344.jpg,0.49999999999975886,0.0,0.0,0.0,0.0,0.0,0.0,0.9999999999995177,0.49999999999975886
RipVIS-NR-022_01350.jpg,0.49999999999975886,0.0,0.0,0.0,0.0,0.0,0.0,0.9999999999995177,0.49999999999975886
RipVIS-NR-022_01356.jpg,0.49999999999975886,0.0,0.0,0.0,0.0,0.0,0.0,0.9999999999995177,0.49999999999975886
RipVIS-NR-022_01362.jpg,0.49999999999975886,0.0,0.0,0.0,0.0,0.0,0.0,0.9999999999995177,0.49999999999975886
RipVIS-NR-022_01368.jpg,0.49999999999975886,0.0,0.0,0.0,0.0,0.0,0.0,0.9999999999995177,0.49999999999975886
RipVIS-NR-022_01374.jpg,0.49999999999975886,0.0,0.0,0.0,0.0,0.0,0.0,0.9999999999995177,0.49999999999975886
RipVIS-NR-022_01380.jpg,0.49999999999975886,0.0,0.0,0.0,0.0,0.0,0.0,0.9999999999995177,0.49999999999975886
RipVIS-NR-022_01386.jpg,0.49999999999975886,0.0,0.0,0.0,0.0,0.0,0.0,0.9999999999995177,0.49999999999975886
RipVIS-NR-022_01392.jpg,0.49999999999975886,0.0,0.0,0.0,0.0,0.0,0.0,0.9999999999995177,0.49999999999975886
RipVIS-NR-022_01398.jpg,0.49999999999975886,0.0,0.0,0.0,0.0,0.0,0.0,0.9999999999995177,0.49999999999975886
RipVIS-NR-022_01404.jpg,0.49999999999975886,0.0,0.0,0.0,0.0,0.0,0.0,0.9999999999995177,0.49999999999975886
RipVIS-NR-022_01410.jpg,0.49999999999975886,0.0,0.0,0.0,0.0,0.0,0.0,0.9999999999995177,0.49999999999975886
RipVIS-NR-022_01416.jpg,0.49999999999975886,0.0,0.0,0.0,0.0,0.0,0.0,0.9999999999995177,0.49999999999975886
RipVIS-NR-022_01422.jpg,0.49999999999975886,0.0,0.0,0.0,0.0,0.0,0.0,0.9999999999995177,0.49999999999975886
RipVIS-NR-022_01428.jpg,0.49999999999975886,0.0,0.0,0.0,0.0,0.0,0.0,0.9999999999995177,0.49999999999975886
RipVIS-NR-022_01434.jpg,0.49999999999975886,0.0,0.0,0.0,0.0,0.0,0.0,0.9999999999995177,0.49999999999975886
RipVIS-NR-022_01440.jpg,0.49999999999975886,0.0,0.0,0.0,0.0,0.0,0.0,0.9999999999995177,0.49999999999975886
RipVIS-NR-022_01446.jpg,0.49999999999975886,0.0,0.0,0.0,0.0,0.0,0.0,0.9999999999995177,0.49999999999975886
RipVIS-NR-022_01452.jpg,0.49999999999975886,0.0,0.0,0.0,0.0,0.0,0.0,0.9999999999995177,0.49999999999975886
RipVIS-NR-022_01458.jpg,0.49999999999975886,0.0,0.0,0.0,0.0,0.0,0.0,0.9999999999995177,0.49999999999975886
RipVIS-NR-022_01464.jpg,0.49999999999975886,0.0,0.0,0.0,0.0,0.0,0.0,0.9999999999995177,0.49999999999975886
RipVIS-NR-022_01470.jpg,0.49999999999975886,0.0,0.0,0.0,0.0,0.0,0.0,0.9999999999995177,0.49999999999975886
RipVIS-NR-022_01476.jpg,0.49999999999975886,0.0,0.0,0.0,0.0,0.0,0.0,0.9999999999995177,0.49999999999975886
RipVIS-NR-022_01482.jpg,0.49999999999975886,0.0,0.0,0.0,0.0,0.0,0.0,0.9999999999995177,0.49999999999975886
RipVIS-NR-022_01488.jpg,0.49999999999975886,0.0,0.0,0.0,0.0,0.0,0.0,0.9999999999995177,0.49999999999975886
RipVIS-NR-022_01494.jpg,0.49999999999975886,0.0,0.0,0.0,0.0,0.0,0.0,0.9999999999995177,0.49999999999975886
RipVIS-NR-022_01500.jpg,0.49999999999975886,0.0,0.0,0.0,0.0,0.0,0.0,0.9999999999995177,0.49999999999975886
RipVIS-NR-022_01506.jpg,0.49999999999975886,0.0,0.0,0.0,0.0,0.0,0.0,0.9999999999995177,0.49999999999975886
RipVIS-NR-022_01512.jpg,0.49999999999975886,0.0,0.0,0.0,0.0,0.0,0.0,0.9999999999995177,0.49999999999975886
RipVIS-NR-022_01518.jpg,0.49999999999975886,0.0,0.0,0.0,0.0,0.0,0.0,0.9999999999995177,0.49999999999975886
RipVIS-NR-022_01524.jpg,0.49999999999975886,0.0,0.0,0.0,0.0,0.0,0.0,0.9999999999995177,0.49999999999975886
RipVIS-NR-022_01530.jpg,0.49999999999975886,0.0,0.0,0.0,0.0,0.0,0.0,0.9999999999995177,0.49999999999975886
RipVIS-NR-022_01536.jpg,0.49999999999975886,0.0,0.0,0.0,0.0,0.0,0.0,0.9999999999995177,0.49999999999975886
RipVIS-NR-022_01542.jpg,0.49999999999975886,0.0,0.0,0.0,0.0,0.0,0.0,0.9999999999995177,0.49999999999975886
RipVIS-NR-022_01548.jpg,0.49999999999975886,0.0,0.0,0.0,0.0,0.0,0.0,0.9999999999995177,0.49999999999975886
RipVIS-NR-022_01554.jpg,0.49999999999975886,0.0,0.0,0.0,0.0,0.0,0.0,0.9999999999995177,0.49999999999975886
RipVIS-NR-022_01560.jpg,0.49999999999975886,0.0,0.0,0.0,0.0,0.0,0.0,0.9999999999995177,0.49999999999975886
RipVIS-NR-022_01566.jpg,0.49999999999975886,0.0,0.0,0.0,0.0,0.0,0.0,0.9999999999995177,0.49999999999975886
RipVIS-NR-022_01572.jpg,0.49999999999975886,0.0,0.0,0.0,0.0,0.0,0.0,0.9999999999995177,0.49999999999975886
RipVIS-NR-022_01578.jpg,0.49999999999975886,0.0,0.0,0.0,0.0,0.0,0.0,0.9999999999995177,0.49999999999975886
RipVIS-NR-022_01584.jpg,0.49999999999975886,0.0,0.0,0.0,0.0,0.0,0.0,0.9999999999995177,0.49999999999975886
RipVIS-NR-022_01590.jpg,0.49999999999975886,0.0,0.0,0.0,0.0,0.0,0.0,0.9999999999995177,0.49999999999975886
RipVIS-NR-022_01596.jpg,0.49999999999975886,0.0,0.0,0.0,0.0,0.0,0.0,0.9999999999995177,0.49999999999975886
RipVIS-NR-022_01602.jpg,0.49999999999975886,0.0,0.0,0.0,0.0,0.0,0.0,0.9999999999995177,0.49999999999975886
RipVIS-NR-022_01608.jpg,0.49999999999975886,0.0,0.0,0.0,0.0,0.0,0.0,0.9999999999995177,0.49999999999975886
RipVIS-NR-022_01614.jpg,0.49999999999975886,0.0,0.0,0.0,0.0,0.0,0.0,0.9999999999995177,0.49999999999975886
RipVIS-NR-022_01620.jpg,0.49999999999975886,0.0,0.0,0.0,0.0,0.0,0.0,0.9999999999995177,0.49999999999975886
RipVIS-NR-022_01626.jpg,0.49999999999975886,0.0,0.0,0.0,0.0,0.0,0.0,0.9999999999995177,0.49999999999975886
RipVIS-NR-022_01632.jpg,0.49999999999975886,0.0,0.0,0.0,0.0,0.0,0.0,0.9999999999995177,0.49999999999975886
RipVIS-NR-022_01638.jpg,0.49999999999975886,0.0,0.0,0.0,0.0,0.0,0.0,0.9999999999995177,0.49999999999975886
RipVIS-NR-022_01644.jpg,0.49999999999975886,0.0,0.0,0.0,0.0,0.0,0.0,0.9999999999995177,0.49999999999975886
RipVIS-NR-022_01650.jpg,0.49999999999975886,0.0,0.0,0.0,0.0,0.0,0.0,0.9999999999995177,0.49999999999975886
RipVIS-NR-022_01656.jpg,0.49999999999975886,0.0,0.0,0.0,0.0,0.0,0.0,0.9999999999995177,0.49999999999975886
RipVIS-NR-022_01662.jpg,0.49999999999975886,0.0,0.0,0.0,0.0,0.0,0.0,0.9999999999995177,0.49999999999975886
RipVIS-NR-022_01668.jpg,0.49999999999975886,0.0,0.0,0.0,0.0,0.0,0.0,0.9999999999995177,0.49999999999975886
RipVIS-NR-022_01674.jpg,0.49999999999975886,0.0,0.0,0.0,0.0,0.0,0.0,0.9999999999995177,0.49999999999975886
RipVIS-NR-022_01680.jpg,0.49999999999975886,0.0,0.0,0.0,0.0,0.0,0.0,0.9999999999995177,0.49999999999975886
RipVIS-NR-022_01686.jpg,0.49999999999975886,0.0,0.0,0.0,0.0,0.0,0.0,0.9999999999995177,0.49999999999975886
RipVIS-NR-022_01692.jpg,0.49999999999975886,0.0,0.0,0.0,0.0,0.0,0.0,0.9999999999995177,0.49999999999975886
RipVIS-NR-022_01698.jpg,0.49999999999975886,0.0,0.0,0.0,0.0,0.0,0.0,0.9999999999995177,0.49999999999975886
RipVIS-NR-022_01704.jpg,0.49999999999975886,0.0,0.0,0.0,0.0,0.0,0.0,0.9999999999995177,0.49999999999975886
RipVIS-NR-022_01710.jpg,0.49999999999975886,0.0,0.0,0.0,0.0,0.0,0.0,0.9999999999995177,0.49999999999975886
RipVIS-NR-022_01716.jpg,0.49999999999975886,0.0,0.0,0.0,0.0,0.0,0.0,0.9999999999995177,0.49999999999975886
RipVIS-NR-022_01722.jpg,0.49999999999975886,0.0,0.0,0.0,0.0,0.0,0.0,0.9999999999995177,0.49999999999975886
RipVIS-NR-022_01728.jpg,0.49999999999975886,0.0,0.0,0.0,0.0,0.0,0.0,0.9999999999995177,0.49999999999975886
RipVIS-NR-022_01734.jpg,0.49999999999975886,0.0,0.0,0.0,0.0,0.0,0.0,0.9999999999995177,0.49999999999975886
RipVIS-NR-022_01740.jpg,0.49999999999975886,0.0,0.0,0.0,0.0,0.0,0.0,0.9999999999995177,0.49999999999975886
RipVIS-NR-022_01746.jpg,0.49999999999975886,0.0,0.0,0.0,0.0,0.0,0.0,0.9999999999995177,0.49999999999975886
RipVIS-NR-022_01752.jpg,0.49999999999975886,0.0,0.0,0.0,0.0,0.0,0.0,0.9999999999995177,0.49999999999975886
RipVIS-NR-022_01758.jpg,0.49999999999975886,0.0,0.0,0.0,0.0,0.0,0.0,0.9999999999995177,0.49999999999975886
RipVIS-NR-022_01764.jpg,0.49999999999975886,0.0,0.0,0.0,0.0,0.0,0.0,0.9999999999995177,0.49999999999975886
RipVIS-NR-022_01770.jpg,0.49999999999975886,0.0,0.0,0.0,0.0,0.0,0.0,0.9999999999995177,0.49999999999975886
RipVIS-NR-022_01776.jpg,0.49999999999975886,0.0,0.0,0.0,0.0,0.0,0.0,0.9999999999995177,0.49999999999975886
RipVIS-NR-022_01782.jpg,0.49999999999975886,0.0,0.0,0.0,0.0,0.0,0.0,0.9999999999995177,0.49999999999975886
RipVIS-NR-022_01788.jpg,0.49999999999975886,0.0,0.0,0.0,0.0,0.0,0.0,0.9999999999995177,0.49999999999975886
RipVIS-NR-022_01794.jpg,0.49999999999975886,0.0,0.0,0.0,0.0,0.0,0.0,0.9999999999995177,0.49999999999975886
RipVIS-NR-022_01800.jpg,0.49999999999975886,0.0,0.0,0.0,0.0,0.0,0.0,0.9999999999995177,0.49999999999975886
RipVIS-NR-022_01806.jpg,0.49999999999975886,0.0,0.0,0.0,0.0,0.0,0.0,0.9999999999995177,0.49999999999975886
RipVIS-NR-022_01812.jpg,0.49999999999975886,0.0,0.0,0.0,0.0,0.0,0.0,0.9999999999995177,0.49999999999975886
RipVIS-NR-022_01818.jpg,0.49999999999975886,0.0,0.0,0.0,0.0,0.0,0.0,0.9999999999995177,0.49999999999975886
RipVIS-NR-022_01824.jpg,0.49999999999975886,0.0,0.0,0.0,0.0,0.0,0.0,0.9999999999995177,0.49999999999975886
RipVIS-NR-022_01830.jpg,0.49999999999975886,0.0,0.0,0.0,0.0,0.0,0.0,0.9999999999995177,0.49999999999975886
RipVIS-NR-024_00000.jpg,0.49999999999975886,0.0,0.0,0.0,0.0,0.0,0.0,0.9999999999995177,0.49999999999975886
RipVIS-NR-024_00006.jpg,0.49999999999975886,0.0,0.0,0.0,0.0,0.0,0.0,0.9999999999995177,0.49999999999975886
RipVIS-NR-024_00012.jpg,0.49999999999975886,0.0,0.0,0.0,0.0,0.0,0.0,0.9999999999995177,0.49999999999975886
RipVIS-NR-024_00018.jpg,0.49999999999975886,0.0,0.0,0.0,0.0,0.0,0.0,0.9999999999995177,0.49999999999975886
RipVIS-NR-024_00024.jpg,0.49999999999975886,0.0,0.0,0.0,0.0,0.0,0.0,0.9999999999995177,0.49999999999975886
RipVIS-NR-024_00030.jpg,0.49999999999975886,0.0,0.0,0.0,0.0,0.0,0.0,0.9999999999995177,0.49999999999975886
RipVIS-NR-024_00036.jpg,0.49999999999975886,0.0,0.0,0.0,0.0,0.0,0.0,0.9999999999995177,0.49999999999975886
RipVIS-NR-024_00042.jpg,0.49999999999975886,0.0,0.0,0.0,0.0,0.0,0.0,0.9999999999995177,0.49999999999975886
RipVIS-NR-024_00048.jpg,0.49999999999975886,0.0,0.0,0.0,0.0,0.0,0.0,0.9999999999995177,0.49999999999975886
RipVIS-NR-024_00054.jpg,0.49999999999975886,0.0,0.0,0.0,0.0,0.0,0.0,0.9999999999995177,0.49999999999975886
RipVIS-NR-024_00060.jpg,0.49999999999975886,0.0,0.0,0.0,0.0,0.0,0.0,0.9999999999995177,0.49999999999975886
RipVIS-NR-024_00066.jpg,0.49999999999975886,0.0,0.0,0.0,0.0,0.0,0.0,0.9999999999995177,0.49999999999975886
RipVIS-NR-024_00072.jpg,0.49999999999975886,0.0,0.0,0.0,0.0,0.0,0.0,0.9999999999995177,0.49999999999975886
RipVIS-NR-024_00078.jpg,0.49999999999975886,0.0,0.0,0.0,0.0,0.0,0.0,0.9999999999995177,0.49999999999975886
RipVIS-NR-024_00084.jpg,0.49999999999975886,0.0,0.0,0.0,0.0,0.0,0.0,0.9999999999995177,0.49999999999975886
RipVIS-NR-024_00090.jpg,0.49999999999975886,0.0,0.0,0.0,0.0,0.0,0.0,0.9999999999995177,0.49999999999975886
RipVIS-NR-024_00096.jpg,0.49999999999975886,0.0,0.0,0.0,0.0,0.0,0.0,0.9999999999995177,0.49999999999975886
RipVIS-NR-024_00102.jpg,0.49999999999975886,0.0,0.0,0.0,0.0,0.0,0.0,0.9999999999995177,0.49999999999975886
RipVIS-NR-024_00108.jpg,0.49999999999975886,0.0,0.0,0.0,0.0,0.0,0.0,0.9999999999995177,0.49999999999975886
RipVIS-NR-024_00114.jpg,0.49999999999975886,0.0,0.0,0.0,0.0,0.0,0.0,0.9999999999995177,0.49999999999975886
RipVIS-NR-024_00120.jpg,0.49999999999975886,0.0,0.0,0.0,0.0,0.0,0.0,0.9999999999995177,0.49999999999975886
RipVIS-NR-024_00126.jpg,0.49999999999975886,0.0,0.0,0.0,0.0,0.0,0.0,0.9999999999995177,0.49999999999975886
RipVIS-NR-024_00132.jpg,0.49999999999975886,0.0,0.0,0.0,0.0,0.0,0.0,0.9999999999995177,0.49999999999975886
RipVIS-NR-024_00138.jpg,0.49999999999975886,0.0,0.0,0.0,0.0,0.0,0.0,0.9999999999995177,0.49999999999975886
RipVIS-NR-024_00144.jpg,0.49999999999975886,0.0,0.0,0.0,0.0,0.0,0.0,0.9999999999995177,0.49999999999975886
RipVIS-NR-024_00150.jpg,0.49999999999975886,0.0,0.0,0.0,0.0,0.0,0.0,0.9999999999995177,0.49999999999975886
RipVIS-NR-024_00156.jpg,0.49999999999975886,0.0,0.0,0.0,0.0,0.0,0.0,0.9999999999995177,0.49999999999975886
RipVIS-NR-024_00162.jpg,0.49999999999975886,0.0,0.0,0.0,0.0,0.0,0.0,0.9999999999995177,0.49999999999975886
RipVIS-NR-024_00168.jpg,0.49999999999975886,0.0,0.0,0.0,0.0,0.0,0.0,0.9999999999995177,0.49999999999975886
RipVIS-NR-024_00174.jpg,0.49999999999975886,0.0,0.0,0.0,0.0,0.0,0.0,0.9999999999995177,0.49999999999975886
RipVIS-NR-024_00180.jpg,0.49999999999975886,0.0,0.0,0.0,0.0,0.0,0.0,0.9999999999995177,0.49999999999975886
RipVIS-NR-024_00186.jpg,0.49999999999975886,0.0,0.0,0.0,0.0,0.0,0.0,0.9999999999995177,0.49999999999975886
RipVIS-NR-024_00192.jpg,0.49999999999975886,0.0,0.0,0.0,0.0,0.0,0.0,0.9999999999995177,0.49999999999975886
RipVIS-NR-024_00198.jpg,0.49999999999975886,0.0,0.0,0.0,0.0,0.0,0.0,0.9999999999995177,0.49999999999975886
RipVIS-NR-024_00204.jpg,0.49999999999975886,0.0,0.0,0.0,0.0,0.0,0.0,0.9999999999995177,0.49999999999975886
RipVIS-NR-024_00210.jpg,0.49999999999975886,0.0,0.0,0.0,0.0,0.0,0.0,0.9999999999995177,0.49999999999975886
RipVIS-NR-024_00216.jpg,0.49999999999975886,0.0,0.0,0.0,0.0,0.0,0.0,0.9999999999995177,0.49999999999975886
RipVIS-NR-024_00222.jpg,0.49999999999975886,0.0,0.0,0.0,0.0,0.0,0.0,0.9999999999995177,0.49999999999975886
RipVIS-NR-024_00228.jpg,0.49999999999975886,0.0,0.0,0.0,0.0,0.0,0.0,0.9999999999995177,0.49999999999975886
RipVIS-NR-024_00234.jpg,0.49999999999975886,0.0,0.0,0.0,0.0,0.0,0.0,0.9999999999995177,0.49999999999975886
RipVIS-NR-024_00240.jpg,0.49999999999975886,0.0,0.0,0.0,0.0,0.0,0.0,0.9999999999995177,0.49999999999975886
RipVIS-NR-024_00246.jpg,0.49999999999975886,0.0,0.0,0.0,0.0,0.0,0.0,0.9999999999995177,0.49999999999975886
RipVIS-NR-024_00252.jpg,0.49999999999975886,0.0,0.0,0.0,0.0,0.0,0.0,0.9999999999995177,0.49999999999975886
RipVIS-NR-024_00258.jpg,0.49999999999975886,0.0,0.0,0.0,0.0,0.0,0.0,0.9999999999995177,0.49999999999975886
RipVIS-NR-024_00264.jpg,0.49999999999975886,0.0,0.0,0.0,0.0,0.0,0.0,0.9999999999995177,0.49999999999975886
RipVIS-NR-024_00270.jpg,0.49999999999975886,0.0,0.0,0.0,0.0,0.0,0.0,0.9999999999995177,0.49999999999975886
RipVIS-NR-024_00276.jpg,0.49999999999975886,0.0,0.0,0.0,0.0,0.0,0.0,0.9999999999995177,0.49999999999975886
RipVIS-NR-024_00282.jpg,0.49999999999975886,0.0,0.0,0.0,0.0,0.0,0.0,0.9999999999995177,0.49999999999975886
RipVIS-NR-024_00288.jpg,0.49999999999975886,0.0,0.0,0.0,0.0,0.0,0.0,0.9999999999995177,0.49999999999975886
RipVIS-NR-024_00294.jpg,0.49999999999975886,0.0,0.0,0.0,0.0,0.0,0.0,0.9999999999995177,0.49999999999975886
RipVIS-NR-024_00300.jpg,0.49999999999975886,0.0,0.0,0.0,0.0,0.0,0.0,0.9999999999995177,0.49999999999975886
RipVIS-NR-024_00306.jpg,0.49999999999975886,0.0,0.0,0.0,0.0,0.0,0.0,0.9999999999995177,0.49999999999975886
RipVIS-NR-024_00312.jpg,0.49999999999975886,0.0,0.0,0.0,0.0,0.0,0.0,0.9999999999995177,0.49999999999975886
RipVIS-NR-024_00318.jpg,0.49999999999975886,0.0,0.0,0.0,0.0,0.0,0.0,0.9999999999995177,0.49999999999975886
RipVIS-NR-024_00324.jpg,0.49999999999975886,0.0,0.0,0.0,0.0,0.0,0.0,0.9999999999995177,0.49999999999975886
RipVIS-NR-024_00330.jpg,0.49999999999975886,0.0,0.0,0.0,0.0,0.0,0.0,0.9999999999995177,0.49999999999975886
RipVIS-NR-024_00336.jpg,0.49999999999975886,0.0,0.0,0.0,0.0,0.0,0.0,0.9999999999995177,0.49999999999975886
RipVIS-NR-024_00342.jpg,0.49999999999975886,0.0,0.0,0.0,0.0,0.0,0.0,0.9999999999995177,0.49999999999975886
RipVIS-NR-024_00348.jpg,0.49999999999975886,0.0,0.0,0.0,0.0,0.0,0.0,0.9999999999995177,0.49999999999975886
RipVIS-NR-024_00354.jpg,0.49999999999975886,0.0,0.0,0.0,0.0,0.0,0.0,0.9999999999995177,0.49999999999975886
RipVIS-NR-024_00360.jpg,0.49999999999975886,0.0,0.0,0.0,0.0,0.0,0.0,0.9999999999995177,0.49999999999975886
RipVIS-NR-024_00366.jpg,0.49999999999975886,0.0,0.0,0.0,0.0,0.0,0.0,0.9999999999995177,0.49999999999975886
RipVIS-NR-024_00372.jpg,0.49999999999975886,0.0,0.0,0.0,0.0,0.0,0.0,0.9999999999995177,0.49999999999975886
RipVIS-NR-024_00378.jpg,0.49999999999975886,0.0,0.0,0.0,0.0,0.0,0.0,0.9999999999995177,0.49999999999975886
RipVIS-NR-024_00384.jpg,0.49999999999975886,0.0,0.0,0.0,0.0,0.0,0.0,0.9999999999995177,0.49999999999975886
RipVIS-NR-024_00390.jpg,0.49999999999975886,0.0,0.0,0.0,0.0,0.0,0.0,0.9999999999995177,0.49999999999975886
RipVIS-NR-024_00396.jpg,0.49999999999975886,0.0,0.0,0.0,0.0,0.0,0.0,0.9999999999995177,0.49999999999975886
RipVIS-NR-024_00402.jpg,0.49999999999975886,0.0,0.0,0.0,0.0,0.0,0.0,0.9999999999995177,0.49999999999975886
RipVIS-NR-024_00408.jpg,0.49999999999975886,0.0,0.0,0.0,0.0,0.0,0.0,0.9999999999995177,0.49999999999975886
RipVIS-NR-024_00414.jpg,0.49999999999975886,0.0,0.0,0.0,0.0,0.0,0.0,0.9999999999995177,0.49999999999975886
RipVIS-NR-024_00420.jpg,0.49999999999975886,0.0,0.0,0.0,0.0,0.0,0.0,0.9999999999995177,0.49999999999975886
RipVIS-NR-024_00426.jpg,0.49999999999975886,0.0,0.0,0.0,0.0,0.0,0.0,0.9999999999995177,0.49999999999975886
RipVIS-NR-024_00432.jpg,0.49999999999975886,0.0,0.0,0.0,0.0,0.0,0.0,0.9999999999995177,0.49999999999975886
RipVIS-NR-024_00438.jpg,0.49999999999975886,0.0,0.0,0.0,0.0,0.0,0.0,0.9999999999995177,0.49999999999975886
RipVIS-NR-024_00444.jpg,0.49999999999975886,0.0,0.0,0.0,0.0,0.0,0.0,0.9999999999995177,0.49999999999975886
RipVIS-NR-024_00450.jpg,0.49999999999975886,0.0,0.0,0.0,0.0,0.0,0.0,0.9999999999995177,0.49999999999975886
RipVIS-NR-024_00456.jpg,0.49999999999975886,0.0,0.0,0.0,0.0,0.0,0.0,0.9999999999995177,0.49999999999975886
RipVIS-NR-024_00462.jpg,0.49999999999975886,0.0,0.0,0.0,0.0,0.0,0.0,0.9999999999995177,0.49999999999975886
RipVIS-NR-024_00468.jpg,0.49999999999975886,0.0,0.0,0.0,0.0,0.0,0.0,0.9999999999995177,0.49999999999975886
RipVIS-NR-024_00474.jpg,0.49999999999975886,0.0,0.0,0.0,0.0,0.0,0.0,0.9999999999995177,0.49999999999975886
RipVIS-NR-024_00480.jpg,0.49999999999975886,0.0,0.0,0.0,0.0,0.0,0.0,0.9999999999995177,0.49999999999975886
RipVIS-NR-024_00486.jpg,0.49999999999975886,0.0,0.0,0.0,0.0,0.0,0.0,0.9999999999995177,0.49999999999975886
RipVIS-NR-024_00492.jpg,0.49999999999975886,0.0,0.0,0.0,0.0,0.0,0.0,0.9999999999995177,0.49999999999975886
RipVIS-NR-024_00498.jpg,0.49999999999975886,0.0,0.0,0.0,0.0,0.0,0.0,0.9999999999995177,0.49999999999975886
RipVIS-NR-024_00504.jpg,0.49999999999975886,0.0,0.0,0.0,0.0,0.0,0.0,0.9999999999995177,0.49999999999975886
RipVIS-NR-024_00510.jpg,0.49999999999975886,0.0,0.0,0.0,0.0,0.0,0.0,0.9999999999995177,0.49999999999975886
RipVIS-NR-024_00516.jpg,0.49999999999975886,0.0,0.0,0.0,0.0,0.0,0.0,0.9999999999995177,0.49999999999975886
RipVIS-NR-024_00522.jpg,0.49999999999975886,0.0,0.0,0.0,0.0,0.0,0.0,0.9999999999995177,0.49999999999975886
RipVIS-NR-024_00528.jpg,0.49999999999975886,0.0,0.0,0.0,0.0,0.0,0.0,0.9999999999995177,0.49999999999975886
RipVIS-NR-024_00534.jpg,0.49999999999975886,0.0,0.0,0.0,0.0,0.0,0.0,0.9999999999995177,0.49999999999975886
RipVIS-NR-024_00540.jpg,0.49999999999975886,0.0,0.0,0.0,0.0,0.0,0.0,0.9999999999995177,0.49999999999975886
RipVIS-NR-024_00546.jpg,0.49999999999975886,0.0,0.0,0.0,0.0,0.0,0.0,0.9999999999995177,0.49999999999975886
RipVIS-NR-024_00552.jpg,0.49999999999975886,0.0,0.0,0.0,0.0,0.0,0.0,0.9999999999995177,0.49999999999975886
RipVIS-NR-024_00558.jpg,0.49999999999975886,0.0,0.0,0.0,0.0,0.0,0.0,0.9999999999995177,0.49999999999975886
RipVIS-NR-024_00564.jpg,0.49999999999975886,0.0,0.0,0.0,0.0,0.0,0.0,0.9999999999995177,0.49999999999975886
RipVIS-NR-024_00570.jpg,0.49999999999975886,0.0,0.0,0.0,0.0,0.0,0.0,0.9999999999995177,0.49999999999975886
RipVIS-NR-024_00576.jpg,0.49999999999975886,0.0,0.0,0.0,0.0,0.0,0.0,0.9999999999995177,0.49999999999975886
RipVIS-NR-024_00582.jpg,0.49999999999975886,0.0,0.0,0.0,0.0,0.0,0.0,0.9999999999995177,0.49999999999975886
RipVIS-NR-024_00588.jpg,0.49999999999975886,0.0,0.0,0.0,0.0,0.0,0.0,0.9999999999995177,0.49999999999975886
RipVIS-NR-024_00594.jpg,0.49999999999975886,0.0,0.0,0.0,0.0,0.0,0.0,0.9999999999995177,0.49999999999975886
RipVIS-NR-024_00600.jpg,0.49999999999975886,0.0,0.0,0.0,0.0,0.0,0.0,0.9999999999995177,0.49999999999975886
RipVIS-NR-024_00606.jpg,0.49999999999975886,0.0,0.0,0.0,0.0,0.0,0.0,0.9999999999995177,0.49999999999975886
RipVIS-NR-024_00612.jpg,0.49999999999975886,0.0,0.0,0.0,0.0,0.0,0.0,0.9999999999995177,0.49999999999975886
RipVIS-NR-024_00618.jpg,0.49999999999975886,0.0,0.0,0.0,0.0,0.0,0.0,0.9999999999995177,0.49999999999975886
RipVIS-NR-024_00624.jpg,0.49999999999975886,0.0,0.0,0.0,0.0,0.0,0.0,0.9999999999995177,0.49999999999975886
RipVIS-NR-024_00630.jpg,0.49999999999975886,0.0,0.0,0.0,0.0,0.0,0.0,0.9999999999995177,0.49999999999975886
RipVIS-NR-024_00636.jpg,0.49999999999975886,0.0,0.0,0.0,0.0,0.0,0.0,0.9999999999995177,0.49999999999975886
RipVIS-NR-024_00642.jpg,0.49999999999975886,0.0,0.0,0.0,0.0,0.0,0.0,0.9999999999995177,0.49999999999975886
RipVIS-NR-024_00648.jpg,0.49999999999975886,0.0,0.0,0.0,0.0,0.0,0.0,0.9999999999995177,0.49999999999975886
RipVIS-NR-024_00654.jpg,0.49999999999975886,0.0,0.0,0.0,0.0,0.0,0.0,0.9999999999995177,0.49999999999975886
RipVIS-NR-024_00660.jpg,0.49999999999975886,0.0,0.0,0.0,0.0,0.0,0.0,0.9999999999995177,0.49999999999975886
RipVIS-NR-024_00666.jpg,0.49999999999975886,0.0,0.0,0.0,0.0,0.0,0.0,0.9999999999995177,0.49999999999975886
RipVIS-NR-024_00672.jpg,0.49999999999975886,0.0,0.0,0.0,0.0,0.0,0.0,0.9999999999995177,0.49999999999975886
RipVIS-NR-024_00678.jpg,0.49999999999975886,0.0,0.0,0.0,0.0,0.0,0.0,0.9999999999995177,0.49999999999975886
RipVIS-NR-024_00684.jpg,0.49999999999975886,0.0,0.0,0.0,0.0,0.0,0.0,0.9999999999995177,0.49999999999975886
RipVIS-NR-024_00690.jpg,0.49999999999975886,0.0,0.0,0.0,0.0,0.0,0.0,0.9999999999995177,0.49999999999975886
RipVIS-NR-024_00696.jpg,0.49999999999975886,0.0,0.0,0.0,0.0,0.0,0.0,0.9999999999995177,0.49999999999975886
RipVIS-NR-024_00702.jpg,0.49999999999975886,0.0,0.0,0.0,0.0,0.0,0.0,0.9999999999995177,0.49999999999975886
RipVIS-NR-024_00708.jpg,0.49999999999975886,0.0,0.0,0.0,0.0,0.0,0.0,0.9999999999995177,0.49999999999975886
RipVIS-NR-024_00714.jpg,0.49999999999975886,0.0,0.0,0.0,0.0,0.0,0.0,0.9999999999995177,0.49999999999975886
RipVIS-NR-024_00720.jpg,0.49999999999975886,0.0,0.0,0.0,0.0,0.0,0.0,0.9999999999995177,0.49999999999975886
RipVIS-NR-024_00726.jpg,0.49999999999975886,0.0,0.0,0.0,0.0,0.0,0.0,0.9999999999995177,0.49999999999975886
RipVIS-NR-024_00732.jpg,0.49999999999975886,0.0,0.0,0.0,0.0,0.0,0.0,0.9999999999995177,0.49999999999975886
RipVIS-NR-024_00738.jpg,0.49999999999975886,0.0,0.0,0.0,0.0,0.0,0.0,0.9999999999995177,0.49999999999975886
RipVIS-NR-024_00744.jpg,0.49999999999975886,0.0,0.0,0.0,0.0,0.0,0.0,0.9999999999995177,0.49999999999975886
RipVIS-NR-024_00750.jpg,0.49999999999975886,0.0,0.0,0.0,0.0,0.0,0.0,0.9999999999995177,0.49999999999975886
RipVIS-NR-024_00756.jpg,0.49999999999975886,0.0,0.0,0.0,0.0,0.0,0.0,0.9999999999995177,0.49999999999975886
RipVIS-NR-024_00762.jpg,0.49999999999975886,0.0,0.0,0.0,0.0,0.0,0.0,0.9999999999995177,0.49999999999975886
RipVIS-NR-024_00768.jpg,0.49999999999975886,0.0,0.0,0.0,0.0,0.0,0.0,0.9999999999995177,0.49999999999975886
RipVIS-NR-024_00774.jpg,0.49999999999975886,0.0,0.0,0.0,0.0,0.0,0.0,0.9999999999995177,0.49999999999975886
RipVIS-NR-024_00780.jpg,0.49999999999975886,0.0,0.0,0.0,0.0,0.0,0.0,0.9999999999995177,0.49999999999975886
RipVIS-NR-024_00786.jpg,0.49999999999975886,0.0,0.0,0.0,0.0,0.0,0.0,0.9999999999995177,0.49999999999975886
RipVIS-NR-024_00792.jpg,0.49999999999975886,0.0,0.0,0.0,0.0,0.0,0.0,0.9999999999995177,0.49999999999975886
RipVIS-NR-024_00798.jpg,0.49999999999975886,0.0,0.0,0.0,0.0,0.0,0.0,0.9999999999995177,0.49999999999975886
RipVIS-NR-024_00804.jpg,0.49999999999975886,0.0,0.0,0.0,0.0,0.0,0.0,0.9999999999995177,0.49999999999975886
RipVIS-NR-024_00810.jpg,0.49999999999975886,0.0,0.0,0.0,0.0,0.0,0.0,0.9999999999995177,0.49999999999975886
RipVIS-NR-024_00816.jpg,0.49999999999975886,0.0,0.0,0.0,0.0,0.0,0.0,0.9999999999995177,0.49999999999975886
RipVIS-NR-024_00822.jpg,0.49999999999975886,0.0,0.0,0.0,0.0,0.0,0.0,0.9999999999995177,0.49999999999975886
RipVIS-NR-024_00828.jpg,0.49999999999975886,0.0,0.0,0.0,0.0,0.0,0.0,0.9999999999995177,0.49999999999975886
RipVIS-NR-024_00834.jpg,0.49999999999975886,0.0,0.0,0.0,0.0,0.0,0.0,0.9999999999995177,0.49999999999975886
RipVIS-NR-024_00840.jpg,0.49999999999975886,0.0,0.0,0.0,0.0,0.0,0.0,0.9999999999995177,0.49999999999975886
RipVIS-NR-024_00846.jpg,0.49999999999975886,0.0,0.0,0.0,0.0,0.0,0.0,0.9999999999995177,0.49999999999975886
RipVIS-NR-024_00852.jpg,0.49999999999975886,0.0,0.0,0.0,0.0,0.0,0.0,0.9999999999995177,0.49999999999975886
RipVIS-NR-024_00858.jpg,0.49999999999975886,0.0,0.0,0.0,0.0,0.0,0.0,0.9999999999995177,0.49999999999975886
RipVIS-NR-024_00864.jpg,0.49999999999975886,0.0,0.0,0.0,0.0,0.0,0.0,0.9999999999995177,0.49999999999975886
RipVIS-NR-024_00870.jpg,0.49999999999975886,0.0,0.0,0.0,0.0,0.0,0.0,0.9999999999995177,0.49999999999975886
RipVIS-NR-024_00876.jpg,0.49999999999975886,0.0,0.0,0.0,0.0,0.0,0.0,0.9999999999995177,0.49999999999975886
RipVIS-NR-024_00882.jpg,0.49999999999975886,0.0,0.0,0.0,0.0,0.0,0.0,0.9999999999995177,0.49999999999975886
RipVIS-NR-024_00888.jpg,0.49999999999975886,0.0,0.0,0.0,0.0,0.0,0.0,0.9999999999995177,0.49999999999975886
RipVIS-NR-024_00894.jpg,0.49999999999975886,0.0,0.0,0.0,0.0,0.0,0.0,0.9999999999995177,0.49999999999975886
RipVIS-NR-024_00900.jpg,0.49999999999975886,0.0,0.0,0.0,0.0,0.0,0.0,0.9999999999995177,0.49999999999975886
RipVIS-NR-024_00906.jpg,0.49999999999975886,0.0,0.0,0.0,0.0,0.0,0.0,0.9999999999995177,0.49999999999975886
RipVIS-NR-024_00912.jpg,0.49999999999975886,0.0,0.0,0.0,0.0,0.0,0.0,0.9999999999995177,0.49999999999975886
RipVIS-NR-024_00918.jpg,0.49999999999975886,0.0,0.0,0.0,0.0,0.0,0.0,0.9999999999995177,0.49999999999975886
RipVIS-NR-024_00924.jpg,0.49999999999975886,0.0,0.0,0.0,0.0,0.0,0.0,0.9999999999995177,0.49999999999975886
RipVIS-NR-024_00930.jpg,0.49999999999975886,0.0,0.0,0.0,0.0,0.0,0.0,0.9999999999995177,0.49999999999975886
RipVIS-NR-024_00936.jpg,0.49999999999975886,0.0,0.0,0.0,0.0,0.0,0.0,0.9999999999995177,0.49999999999975886
RipVIS-NR-024_00942.jpg,0.49999999999975886,0.0,0.0,0.0,0.0,0.0,0.0,0.9999999999995177,0.49999999999975886
RipVIS-NR-024_00948.jpg,0.49999999999975886,0.0,0.0,0.0,0.0,0.0,0.0,0.9999999999995177,0.49999999999975886
RipVIS-NR-024_00954.jpg,0.49999999999975886,0.0,0.0,0.0,0.0,0.0,0.0,0.9999999999995177,0.49999999999975886
RipVIS-NR-024_00960.jpg,0.49999999999975886,0.0,0.0,0.0,0.0,0.0,0.0,0.9999999999995177,0.49999999999975886
RipVIS-NR-024_00966.jpg,0.49999999999975886,0.0,0.0,0.0,0.0,0.0,0.0,0.9999999999995177,0.49999999999975886
RipVIS-NR-024_00972.jpg,0.49999999999975886,0.0,0.0,0.0,0.0,0.0,0.0,0.9999999999995177,0.49999999999975886
RipVIS-NR-024_00978.jpg,0.49999999999975886,0.0,0.0,0.0,0.0,0.0,0.0,0.9999999999995177,0.49999999999975886
RipVIS-NR-024_00984.jpg,0.49999999999975886,0.0,0.0,0.0,0.0,0.0,0.0,0.9999999999995177,0.49999999999975886
RipVIS-NR-024_00990.jpg,0.49999999999975886,0.0,0.0,0.0,0.0,0.0,0.0,0.9999999999995177,0.49999999999975886
RipVIS-NR-024_00996.jpg,0.49999999999975886,0.0,0.0,0.0,0.0,0.0,0.0,0.9999999999995177,0.49999999999975886
RipVIS-NR-024_01002.jpg,0.49999999999975886,0.0,0.0,0.0,0.0,0.0,0.0,0.9999999999995177,0.49999999999975886
RipVIS-NR-024_01008.jpg,0.49999999999975886,0.0,0.0,0.0,0.0,0.0,0.0,0.9999999999995177,0.49999999999975886
RipVIS-NR-024_01014.jpg,0.49999999999975886,0.0,0.0,0.0,0.0,0.0,0.0,0.9999999999995177,0.49999999999975886
RipVIS-NR-024_01020.jpg,0.49999999999975886,0.0,0.0,0.0,0.0,0.0,0.0,0.9999999999995177,0.49999999999975886
RipVIS-NR-024_01026.jpg,0.49999999999975886,0.0,0.0,0.0,0.0,0.0,0.0,0.9999999999995177,0.49999999999975886
RipVIS-NR-024_01032.jpg,0.49999999999975886,0.0,0.0,0.0,0.0,0.0,0.0,0.9999999999995177,0.49999999999975886
RipVIS-NR-024_01038.jpg,0.49999999999975886,0.0,0.0,0.0,0.0,0.0,0.0,0.9999999999995177,0.49999999999975886
RipVIS-NR-024_01044.jpg,0.49999999999975886,0.0,0.0,0.0,0.0,0.0,0.0,0.9999999999995177,0.49999999999975886
RipVIS-NR-024_01050.jpg,0.49999999999975886,0.0,0.0,0.0,0.0,0.0,0.0,0.9999999999995177,0.49999999999975886
RipVIS-NR-024_01056.jpg,0.49999999999975886,0.0,0.0,0.0,0.0,0.0,0.0,0.9999999999995177,0.49999999999975886
RipVIS-NR-024_01062.jpg,0.49999999999975886,0.0,0.0,0.0,0.0,0.0,0.0,0.9999999999995177,0.49999999999975886
RipVIS-NR-024_01068.jpg,0.49999999999975886,0.0,0.0,0.0,0.0,0.0,0.0,0.9999999999995177,0.49999999999975886
RipVIS-NR-024_01074.jpg,0.49999999999975886,0.0,0.0,0.0,0.0,0.0,0.0,0.9999999999995177,0.49999999999975886
RipVIS-NR-024_01080.jpg,0.49999999999975886,0.0,0.0,0.0,0.0,0.0,0.0,0.9999999999995177,0.49999999999975886
RipVIS-NR-024_01086.jpg,0.49999999999975886,0.0,0.0,0.0,0.0,0.0,0.0,0.9999999999995177,0.49999999999975886
RipVIS-NR-024_01092.jpg,0.49999999999975886,0.0,0.0,0.0,0.0,0.0,0.0,0.9999999999995177,0.49999999999975886
RipVIS-NR-024_01098.jpg,0.49999999999975886,0.0,0.0,0.0,0.0,0.0,0.0,0.9999999999995177,0.49999999999975886
RipVIS-NR-024_01104.jpg,0.49999999999975886,0.0,0.0,0.0,0.0,0.0,0.0,0.9999999999995177,0.49999999999975886
RipVIS-NR-024_01110.jpg,0.49999999999975886,0.0,0.0,0.0,0.0,0.0,0.0,0.9999999999995177,0.49999999999975886
RipVIS-NR-024_01116.jpg,0.49999999999975886,0.0,0.0,0.0,0.0,0.0,0.0,0.9999999999995177,0.49999999999975886
RipVIS-NR-024_01122.jpg,0.49999999999975886,0.0,0.0,0.0,0.0,0.0,0.0,0.9999999999995177,0.49999999999975886
RipVIS-NR-024_01128.jpg,0.49999999999975886,0.0,0.0,0.0,0.0,0.0,0.0,0.9999999999995177,0.49999999999975886
RipVIS-NR-024_01134.jpg,0.49999999999975886,0.0,0.0,0.0,0.0,0.0,0.0,0.9999999999995177,0.49999999999975886
RipVIS-NR-024_01140.jpg,0.49999999999975886,0.0,0.0,0.0,0.0,0.0,0.0,0.9999999999995177,0.49999999999975886
RipVIS-NR-024_01146.jpg,0.49999999999975886,0.0,0.0,0.0,0.0,0.0,0.0,0.9999999999995177,0.49999999999975886
RipVIS-NR-024_01152.jpg,0.49999999999975886,0.0,0.0,0.0,0.0,0.0,0.0,0.9999999999995177,0.49999999999975886
RipVIS-NR-024_01158.jpg,0.49999999999975886,0.0,0.0,0.0,0.0,0.0,0.0,0.9999999999995177,0.49999999999975886
RipVIS-NR-024_01164.jpg,0.49999999999975886,0.0,0.0,0.0,0.0,0.0,0.0,0.9999999999995177,0.49999999999975886
RipVIS-NR-024_01170.jpg,0.49999999999975886,0.0,0.0,0.0,0.0,0.0,0.0,0.9999999999995177,0.49999999999975886
RipVIS-NR-024_01176.jpg,0.49999999999975886,0.0,0.0,0.0,0.0,0.0,0.0,0.9999999999995177,0.49999999999975886
RipVIS-NR-024_01182.jpg,0.49999999999975886,0.0,0.0,0.0,0.0,0.0,0.0,0.9999999999995177,0.49999999999975886
RipVIS-NR-024_01188.jpg,0.49999999999975886,0.0,0.0,0.0,0.0,0.0,0.0,0.9999999999995177,0.49999999999975886
RipVIS-NR-024_01194.jpg,0.49999999999975886,0.0,0.0,0.0,0.0,0.0,0.0,0.9999999999995177,0.49999999999975886
RipVIS-NR-024_01200.jpg,0.49999999999975886,0.0,0.0,0.0,0.0,0.0,0.0,0.9999999999995177,0.49999999999975886
RipVIS-NR-024_01206.jpg,0.49999999999975886,0.0,0.0,0.0,0.0,0.0,0.0,0.9999999999995177,0.49999999999975886
RipVIS-NR-024_01212.jpg,0.49999999999975886,0.0,0.0,0.0,0.0,0.0,0.0,0.9999999999995177,0.49999999999975886
RipVIS-NR-024_01218.jpg,0.49999999999975886,0.0,0.0,0.0,0.0,0.0,0.0,0.9999999999995177,0.49999999999975886
RipVIS-NR-024_01224.jpg,0.49999999999975886,0.0,0.0,0.0,0.0,0.0,0.0,0.9999999999995177,0.49999999999975886
RipVIS-NR-024_01230.jpg,0.49999999999975886,0.0,0.0,0.0,0.0,0.0,0.0,0.9999999999995177,0.49999999999975886
RipVIS-NR-024_01236.jpg,0.49999999999975886,0.0,0.0,0.0,0.0,0.0,0.0,0.9999999999995177,0.49999999999975886
RipVIS-NR-024_01242.jpg,0.49999999999975886,0.0,0.0,0.0,0.0,0.0,0.0,0.9999999999995177,0.49999999999975886
RipVIS-NR-024_01248.jpg,0.49999999999975886,0.0,0.0,0.0,0.0,0.0,0.0,0.9999999999995177,0.49999999999975886
RipVIS-NR-024_01254.jpg,0.49999999999975886,0.0,0.0,0.0,0.0,0.0,0.0,0.9999999999995177,0.49999999999975886
RipVIS-NR-024_01260.jpg,0.49999999999975886,0.0,0.0,0.0,0.0,0.0,0.0,0.9999999999995177,0.49999999999975886
RipVIS-NR-024_01266.jpg,0.49999999999975886,0.0,0.0,0.0,0.0,0.0,0.0,0.9999999999995177,0.49999999999975886
RipVIS-NR-024_01272.jpg,0.49999999999975886,0.0,0.0,0.0,0.0,0.0,0.0,0.9999999999995177,0.49999999999975886
RipVIS-NR-024_01278.jpg,0.49999999999975886,0.0,0.0,0.0,0.0,0.0,0.0,0.9999999999995177,0.49999999999975886
RipVIS-NR-024_01284.jpg,0.49999999999975886,0.0,0.0,0.0,0.0,0.0,0.0,0.9999999999995177,0.49999999999975886
RipVIS-NR-024_01290.jpg,0.49999999999975886,0.0,0.0,0.0,0.0,0.0,0.0,0.9999999999995177,0.49999999999975886
RipVIS-NR-024_01296.jpg,0.49999999999975886,0.0,0.0,0.0,0.0,0.0,0.0,0.9999999999995177,0.49999999999975886
RipVIS-NR-024_01302.jpg,0.49999999999975886,0.0,0.0,0.0,0.0,0.0,0.0,0.9999999999995177,0.49999999999975886
RipVIS-NR-024_01308.jpg,0.49999999999975886,0.0,0.0,0.0,0.0,0.0,0.0,0.9999999999995177,0.49999999999975886
RipVIS-NR-024_01314.jpg,0.49999999999975886,0.0,0.0,0.0,0.0,0.0,0.0,0.9999999999995177,0.49999999999975886
RipVIS-NR-024_01320.jpg,0.49999999999975886,0.0,0.0,0.0,0.0,0.0,0.0,0.9999999999995177,0.49999999999975886
RipVIS-NR-024_01326.jpg,0.49999999999975886,0.0,0.0,0.0,0.0,0.0,0.0,0.9999999999995177,0.49999999999975886
RipVIS-NR-024_01332.jpg,0.49999999999975886,0.0,0.0,0.0,0.0,0.0,0.0,0.9999999999995177,0.49999999999975886
RipVIS-NR-024_01338.jpg,0.49999999999975886,0.0,0.0,0.0,0.0,0.0,0.0,0.9999999999995177,0.49999999999975886
RipVIS-NR-024_01344.jpg,0.49999999999975886,0.0,0.0,0.0,0.0,0.0,0.0,0.9999999999995177,0.49999999999975886
RipVIS-NR-024_01350.jpg,0.49999999999975886,0.0,0.0,0.0,0.0,0.0,0.0,0.9999999999995177,0.49999999999975886
RipVIS-NR-024_01356.jpg,0.49999999999975886,0.0,0.0,0.0,0.0,0.0,0.0,0.9999999999995177,0.49999999999975886
RipVIS-NR-024_01362.jpg,0.49999999999975886,0.0,0.0,0.0,0.0,0.0,0.0,0.9999999999995177,0.49999999999975886
RipVIS-NR-024_01368.jpg,0.49999999999975886,0.0,0.0,0.0,0.0,0.0,0.0,0.9999999999995177,0.49999999999975886
RipVIS-NR-024_01374.jpg,0.49999999999975886,0.0,0.0,0.0,0.0,0.0,0.0,0.9999999999995177,0.49999999999975886
RipVIS-NR-024_01380.jpg,0.49999999999975886,0.0,0.0,0.0,0.0,0.0,0.0,0.9999999999995177,0.49999999999975886
RipVIS-NR-024_01386.jpg,0.49999999999975886,0.0,0.0,0.0,0.0,0.0,0.0,0.9999999999995177,0.49999999999975886
RipVIS-NR-024_01392.jpg,0.49999999999975886,0.0,0.0,0.0,0.0,0.0,0.0,0.9999999999995177,0.49999999999975886
RipVIS-NR-024_01398.jpg,0.49999999999975886,0.0,0.0,0.0,0.0,0.0,0.0,0.9999999999995177,0.49999999999975886
RipVIS-NR-024_01404.jpg,0.49999999999975886,0.0,0.0,0.0,0.0,0.0,0.0,0.9999999999995177,0.49999999999975886
RipVIS-NR-024_01410.jpg,0.49999999999975886,0.0,0.0,0.0,0.0,0.0,0.0,0.9999999999995177,0.49999999999975886
RipVIS-NR-024_01416.jpg,0.49999999999975886,0.0,0.0,0.0,0.0,0.0,0.0,0.9999999999995177,0.49999999999975886
RipVIS-NR-024_01422.jpg,0.49999999999975886,0.0,0.0,0.0,0.0,0.0,0.0,0.9999999999995177,0.49999999999975886
RipVIS-NR-024_01428.jpg,0.49999999999975886,0.0,0.0,0.0,0.0,0.0,0.0,0.9999999999995177,0.49999999999975886
RipVIS-NR-024_01434.jpg,0.49999999999975886,0.0,0.0,0.0,0.0,0.0,0.0,0.9999999999995177,0.49999999999975886
RipVIS-NR-024_01440.jpg,0.49999999999975886,0.0,0.0,0.0,0.0,0.0,0.0,0.9999999999995177,0.49999999999975886
RipVIS-NR-024_01446.jpg,0.49999999999975886,0.0,0.0,0.0,0.0,0.0,0.0,0.9999999999995177,0.49999999999975886
RipVIS-NR-024_01452.jpg,0.49999999999975886,0.0,0.0,0.0,0.0,0.0,0.0,0.9999999999995177,0.49999999999975886
RipVIS-NR-024_01458.jpg,0.49999999999975886,0.0,0.0,0.0,0.0,0.0,0.0,0.9999999999995177,0.49999999999975886
RipVIS-NR-024_01464.jpg,0.49999999999975886,0.0,0.0,0.0,0.0,0.0,0.0,0.9999999999995177,0.49999999999975886
RipVIS-NR-024_01470.jpg,0.49999999999975886,0.0,0.0,0.0,0.0,0.0,0.0,0.9999999999995177,0.49999999999975886
RipVIS-NR-024_01476.jpg,0.49999999999975886,0.0,0.0,0.0,0.0,0.0,0.0,0.9999999999995177,0.49999999999975886
RipVIS-NR-024_01482.jpg,0.49999999999975886,0.0,0.0,0.0,0.0,0.0,0.0,0.9999999999995177,0.49999999999975886
RipVIS-NR-024_01488.jpg,0.49999999999975886,0.0,0.0,0.0,0.0,0.0,0.0,0.9999999999995177,0.49999999999975886
RipVIS-NR-024_01494.jpg,0.49999999999975886,0.0,0.0,0.0,0.0,0.0,0.0,0.9999999999995177,0.49999999999975886
RipVIS-NR-024_01500.jpg,0.49999999999975886,0.0,0.0,0.0,0.0,0.0,0.0,0.9999999999995177,0.49999999999975886
RipVIS-NR-024_01506.jpg,0.49999999999975886,0.0,0.0,0.0,0.0,0.0,0.0,0.9999999999995177,0.49999999999975886
RipVIS-NR-024_01512.jpg,0.49999999999975886,0.0,0.0,0.0,0.0,0.0,0.0,0.9999999999995177,0.49999999999975886
RipVIS-NR-024_01518.jpg,0.49999999999975886,0.0,0.0,0.0,0.0,0.0,0.0,0.9999999999995177,0.49999999999975886
RipVIS-NR-024_01524.jpg,0.49999999999975886,0.0,0.0,0.0,0.0,0.0,0.0,0.9999999999995177,0.49999999999975886
RipVIS-NR-024_01530.jpg,0.49999999999975886,0.0,0.0,0.0,0.0,0.0,0.0,0.9999999999995177,0.49999999999975886
RipVIS-NR-024_01536.jpg,0.49999999999975886,0.0,0.0,0.0,0.0,0.0,0.0,0.9999999999995177,0.49999999999975886
RipVIS-NR-024_01542.jpg,0.49999999999975886,0.0,0.0,0.0,0.0,0.0,0.0,0.9999999999995177,0.49999999999975886
RipVIS-NR-024_01548.jpg,0.49999999999975886,0.0,0.0,0.0,0.0,0.0,0.0,0.9999999999995177,0.49999999999975886
RipVIS-NR-024_01554.jpg,0.49999999999975886,0.0,0.0,0.0,0.0,0.0,0.0,0.9999999999995177,0.49999999999975886
RipVIS-NR-024_01560.jpg,0.49999999999975886,0.0,0.0,0.0,0.0,0.0,0.0,0.9999999999995177,0.49999999999975886
RipVIS-NR-024_01566.jpg,0.49999999999975886,0.0,0.0,0.0,0.0,0.0,0.0,0.9999999999995177,0.49999999999975886
RipVIS-NR-024_01572.jpg,0.49999999999975886,0.0,0.0,0.0,0.0,0.0,0.0,0.9999999999995177,0.49999999999975886
RipVIS-NR-024_01578.jpg,0.49999999999975886,0.0,0.0,0.0,0.0,0.0,0.0,0.9999999999995177,0.49999999999975886
RipVIS-NR-024_01584.jpg,0.49999999999975886,0.0,0.0,0.0,0.0,0.0,0.0,0.9999999999995177,0.49999999999975886
RipVIS-NR-024_01590.jpg,0.49999999999975886,0.0,0.0,0.0,0.0,0.0,0.0,0.9999999999995177,0.49999999999975886
RipVIS-NR-024_01596.jpg,0.49999999999975886,0.0,0.0,0.0,0.0,0.0,0.0,0.9999999999995177,0.49999999999975886
RipVIS-NR-024_01602.jpg,0.49999999999975886,0.0,0.0,0.0,0.0,0.0,0.0,0.9999999999995177,0.49999999999975886
RipVIS-NR-024_01608.jpg,0.49999999999975886,0.0,0.0,0.0,0.0,0.0,0.0,0.9999999999995177,0.49999999999975886
RipVIS-NR-024_01614.jpg,0.49999999999975886,0.0,0.0,0.0,0.0,0.0,0.0,0.9999999999995177,0.49999999999975886
RipVIS-NR-024_01620.jpg,0.49999999999975886,0.0,0.0,0.0,0.0,0.0,0.0,0.9999999999995177,0.49999999999975886
RipVIS-NR-024_01626.jpg,0.49999999999975886,0.0,0.0,0.0,0.0,0.0,0.0,0.9999999999995177,0.49999999999975886
RipVIS-NR-024_01632.jpg,0.49999999999975886,0.0,0.0,0.0,0.0,0.0,0.0,0.9999999999995177,0.49999999999975886
RipVIS-NR-024_01638.jpg,0.49999999999975886,0.0,0.0,0.0,0.0,0.0,0.0,0.9999999999995177,0.49999999999975886
RipVIS-NR-024_01644.jpg,0.49999999999975886,0.0,0.0,0.0,0.0,0.0,0.0,0.9999999999995177,0.49999999999975886
RipVIS-NR-024_01650.jpg,0.49999999999975886,0.0,0.0,0.0,0.0,0.0,0.0,0.9999999999995177,0.49999999999975886
RipVIS-NR-024_01656.jpg,0.49999999999975886,0.0,0.0,0.0,0.0,0.0,0.0,0.9999999999995177,0.49999999999975886
RipVIS-NR-024_01662.jpg,0.49999999999975886,0.0,0.0,0.0,0.0,0.0,0.0,0.9999999999995177,0.49999999999975886
RipVIS-NR-024_01668.jpg,0.49999999999975886,0.0,0.0,0.0,0.0,0.0,0.0,0.9999999999995177,0.49999999999975886
RipVIS-NR-024_01674.jpg,0.49999999999975886,0.0,0.0,0.0,0.0,0.0,0.0,0.9999999999995177,0.49999999999975886
RipVIS-NR-024_01680.jpg,0.49999999999975886,0.0,0.0,0.0,0.0,0.0,0.0,0.9999999999995177,0.49999999999975886
RipVIS-NR-024_01686.jpg,0.49999999999975886,0.0,0.0,0.0,0.0,0.0,0.0,0.9999999999995177,0.49999999999975886
RipVIS-NR-024_01692.jpg,0.49999999999975886,0.0,0.0,0.0,0.0,0.0,0.0,0.9999999999995177,0.49999999999975886
RipVIS-NR-024_01698.jpg,0.49999999999975886,0.0,0.0,0.0,0.0,0.0,0.0,0.9999999999995177,0.49999999999975886
RipVIS-NR-024_01704.jpg,0.49999999999975886,0.0,0.0,0.0,0.0,0.0,0.0,0.9999999999995177,0.49999999999975886
RipVIS-NR-024_01710.jpg,0.49999999999975886,0.0,0.0,0.0,0.0,0.0,0.0,0.9999999999995177,0.49999999999975886
RipVIS-NR-024_01716.jpg,0.49999999999975886,0.0,0.0,0.0,0.0,0.0,0.0,0.9999999999995177,0.49999999999975886
RipVIS-NR-024_01722.jpg,0.49999999999975886,0.0,0.0,0.0,0.0,0.0,0.0,0.9999999999995177,0.49999999999975886
RipVIS-NR-024_01728.jpg,0.49999999999975886,0.0,0.0,0.0,0.0,0.0,0.0,0.9999999999995177,0.49999999999975886
RipVIS-NR-024_01734.jpg,0.49999999999975886,0.0,0.0,0.0,0.0,0.0,0.0,0.9999999999995177,0.49999999999975886
RipVIS-NR-024_01740.jpg,0.49999999999975886,0.0,0.0,0.0,0.0,0.0,0.0,0.9999999999995177,0.49999999999975886
RipVIS-NR-024_01746.jpg,0.49999999999975886,0.0,0.0,0.0,0.0,0.0,0.0,0.9999999999995177,0.49999999999975886
RipVIS-NR-024_01752.jpg,0.49999999999975886,0.0,0.0,0.0,0.0,0.0,0.0,0.9999999999995177,0.49999999999975886
RipVIS-NR-024_01758.jpg,0.49999999999975886,0.0,0.0,0.0,0.0,0.0,0.0,0.9999999999995177,0.49999999999975886
RipVIS-NR-024_01764.jpg,0.49999999999975886,0.0,0.0,0.0,0.0,0.0,0.0,0.9999999999995177,0.49999999999975886
RipVIS-NR-024_01770.jpg,0.49999999999975886,0.0,0.0,0.0,0.0,0.0,0.0,0.9999999999995177,0.49999999999975886
RipVIS-NR-024_01776.jpg,0.49999999999975886,0.0,0.0,0.0,0.0,0.0,0.0,0.9999999999995177,0.49999999999975886
RipVIS-NR-024_01782.jpg,0.49999999999975886,0.0,0.0,0.0,0.0,0.0,0.0,0.9999999999995177,0.49999999999975886
RipVIS-NR-024_01788.jpg,0.49999999999975886,0.0,0.0,0.0,0.0,0.0,0.0,0.9999999999995177,0.49999999999975886
RipVIS-NR-024_01794.jpg,0.49999999999975886,0.0,0.0,0.0,0.0,0.0,0.0,0.9999999999995177,0.49999999999975886
RipVIS-NR-024_01800.jpg,0.49999999999975886,0.0,0.0,0.0,0.0,0.0,0.0,0.9999999999995177,0.49999999999975886
RipVIS-NR-024_01806.jpg,0.49999999999975886,0.0,0.0,0.0,0.0,0.0,0.0,0.9999999999995177,0.49999999999975886
RipVIS-NR-024_01812.jpg,0.49999999999975886,0.0,0.0,0.0,0.0,0.0,0.0,0.9999999999995177,0.49999999999975886
RipVIS-NR-026_00000.jpg,0.49999999999975886,0.0,0.0,0.0,0.0,0.0,0.0,0.9999999999995177,0.49999999999975886
RipVIS-NR-026_00006.jpg,0.49999999999975886,0.0,0.0,0.0,0.0,0.0,0.0,0.9999999999995177,0.49999999999975886
RipVIS-NR-026_00012.jpg,0.49999999999975886,0.0,0.0,0.0,0.0,0.0,0.0,0.9999999999995177,0.49999999999975886
RipVIS-NR-026_00018.jpg,0.49999999999975886,0.0,0.0,0.0,0.0,0.0,0.0,0.9999999999995177,0.49999999999975886
RipVIS-NR-026_00024.jpg,0.49999999999975886,0.0,0.0,0.0,0.0,0.0,0.0,0.9999999999995177,0.49999999999975886
RipVIS-NR-026_00030.jpg,0.49999999999975886,0.0,0.0,0.0,0.0,0.0,0.0,0.9999999999995177,0.49999999999975886
RipVIS-NR-026_00036.jpg,0.49999999999975886,0.0,0.0,0.0,0.0,0.0,0.0,0.9999999999995177,0.49999999999975886
RipVIS-NR-026_00042.jpg,0.49999999999975886,0.0,0.0,0.0,0.0,0.0,0.0,0.9999999999995177,0.49999999999975886
RipVIS-NR-026_00048.jpg,0.49999999999975886,0.0,0.0,0.0,0.0,0.0,0.0,0.9999999999995177,0.49999999999975886
RipVIS-NR-026_00054.jpg,0.49999999999975886,0.0,0.0,0.0,0.0,0.0,0.0,0.9999999999995177,0.49999999999975886
RipVIS-NR-026_00060.jpg,0.49999999999975886,0.0,0.0,0.0,0.0,0.0,0.0,0.9999999999995177,0.49999999999975886
RipVIS-NR-026_00066.jpg,0.49999999999975886,0.0,0.0,0.0,0.0,0.0,0.0,0.9999999999995177,0.49999999999975886
RipVIS-NR-026_00072.jpg,0.49999999999975886,0.0,0.0,0.0,0.0,0.0,0.0,0.9999999999995177,0.49999999999975886
RipVIS-NR-026_00078.jpg,0.49999999999975886,0.0,0.0,0.0,0.0,0.0,0.0,0.9999999999995177,0.49999999999975886
RipVIS-NR-026_00084.jpg,0.49999999999975886,0.0,0.0,0.0,0.0,0.0,0.0,0.9999999999995177,0.49999999999975886
RipVIS-NR-026_00090.jpg,0.49999999999975886,0.0,0.0,0.0,0.0,0.0,0.0,0.9999999999995177,0.49999999999975886
RipVIS-NR-026_00096.jpg,0.49999999999975886,0.0,0.0,0.0,0.0,0.0,0.0,0.9999999999995177,0.49999999999975886
RipVIS-NR-026_00102.jpg,0.49999999999975886,0.0,0.0,0.0,0.0,0.0,0.0,0.9999999999995177,0.49999999999975886
RipVIS-NR-026_00108.jpg,0.49999999999975886,0.0,0.0,0.0,0.0,0.0,0.0,0.9999999999995177,0.49999999999975886
RipVIS-NR-026_00114.jpg,0.49999999999975886,0.0,0.0,0.0,0.0,0.0,0.0,0.9999999999995177,0.49999999999975886
RipVIS-NR-026_00120.jpg,0.49999999999975886,0.0,0.0,0.0,0.0,0.0,0.0,0.9999999999995177,0.49999999999975886
RipVIS-NR-026_00126.jpg,0.49999999999975886,0.0,0.0,0.0,0.0,0.0,0.0,0.9999999999995177,0.49999999999975886
RipVIS-NR-026_00132.jpg,0.49999999999975886,0.0,0.0,0.0,0.0,0.0,0.0,0.9999999999995177,0.49999999999975886
RipVIS-NR-026_00138.jpg,0.49999999999975886,0.0,0.0,0.0,0.0,0.0,0.0,0.9999999999995177,0.49999999999975886
RipVIS-NR-026_00144.jpg,0.49999999999975886,0.0,0.0,0.0,0.0,0.0,0.0,0.9999999999995177,0.49999999999975886
RipVIS-NR-026_00150.jpg,0.49999999999975886,0.0,0.0,0.0,0.0,0.0,0.0,0.9999999999995177,0.49999999999975886
RipVIS-NR-026_00156.jpg,0.49999999999975886,0.0,0.0,0.0,0.0,0.0,0.0,0.9999999999995177,0.49999999999975886
RipVIS-NR-026_00162.jpg,0.49999999999975886,0.0,0.0,0.0,0.0,0.0,0.0,0.9999999999995177,0.49999999999975886
RipVIS-NR-026_00168.jpg,0.49999999999975886,0.0,0.0,0.0,0.0,0.0,0.0,0.9999999999995177,0.49999999999975886
RipVIS-NR-026_00174.jpg,0.49999999999975886,0.0,0.0,0.0,0.0,0.0,0.0,0.9999999999995177,0.49999999999975886
RipVIS-NR-026_00180.jpg,0.49999999999975886,0.0,0.0,0.0,0.0,0.0,0.0,0.9999999999995177,0.49999999999975886
RipVIS-NR-026_00186.jpg,0.49999999999975886,0.0,0.0,0.0,0.0,0.0,0.0,0.9999999999995177,0.49999999999975886
RipVIS-NR-026_00192.jpg,0.49999999999975886,0.0,0.0,0.0,0.0,0.0,0.0,0.9999999999995177,0.49999999999975886
RipVIS-NR-026_00198.jpg,0.49999999999975886,0.0,0.0,0.0,0.0,0.0,0.0,0.9999999999995177,0.49999999999975886
RipVIS-NR-026_00204.jpg,0.49999999999975886,0.0,0.0,0.0,0.0,0.0,0.0,0.9999999999995177,0.49999999999975886
RipVIS-NR-026_00210.jpg,0.49999999999975886,0.0,0.0,0.0,0.0,0.0,0.0,0.9999999999995177,0.49999999999975886
RipVIS-NR-026_00216.jpg,0.49999999999975886,0.0,0.0,0.0,0.0,0.0,0.0,0.9999999999995177,0.49999999999975886
RipVIS-NR-026_00222.jpg,0.49999999999975886,0.0,0.0,0.0,0.0,0.0,0.0,0.9999999999995177,0.49999999999975886
RipVIS-NR-026_00228.jpg,0.49999999999975886,0.0,0.0,0.0,0.0,0.0,0.0,0.9999999999995177,0.49999999999975886
RipVIS-NR-026_00234.jpg,0.49999999999975886,0.0,0.0,0.0,0.0,0.0,0.0,0.9999999999995177,0.49999999999975886
RipVIS-NR-026_00240.jpg,0.49999999999975886,0.0,0.0,0.0,0.0,0.0,0.0,0.9999999999995177,0.49999999999975886
RipVIS-NR-026_00246.jpg,0.49999999999975886,0.0,0.0,0.0,0.0,0.0,0.0,0.9999999999995177,0.49999999999975886
RipVIS-NR-026_00252.jpg,0.49999999999975886,0.0,0.0,0.0,0.0,0.0,0.0,0.9999999999995177,0.49999999999975886
RipVIS-NR-026_00258.jpg,0.49999999999975886,0.0,0.0,0.0,0.0,0.0,0.0,0.9999999999995177,0.49999999999975886
RipVIS-NR-026_00264.jpg,0.49999999999975886,0.0,0.0,0.0,0.0,0.0,0.0,0.9999999999995177,0.49999999999975886
RipVIS-NR-026_00270.jpg,0.49999999999975886,0.0,0.0,0.0,0.0,0.0,0.0,0.9999999999995177,0.49999999999975886
RipVIS-NR-026_00276.jpg,0.49999999999975886,0.0,0.0,0.0,0.0,0.0,0.0,0.9999999999995177,0.49999999999975886
RipVIS-NR-026_00282.jpg,0.49999999999975886,0.0,0.0,0.0,0.0,0.0,0.0,0.9999999999995177,0.49999999999975886
RipVIS-NR-026_00288.jpg,0.49999999999975886,0.0,0.0,0.0,0.0,0.0,0.0,0.9999999999995177,0.49999999999975886
RipVIS-NR-026_00294.jpg,0.49999999999975886,0.0,0.0,0.0,0.0,0.0,0.0,0.9999999999995177,0.49999999999975886
RipVIS-NR-026_00300.jpg,0.49999999999975886,0.0,0.0,0.0,0.0,0.0,0.0,0.9999999999995177,0.49999999999975886
RipVIS-NR-026_00306.jpg,0.49999999999975886,0.0,0.0,0.0,0.0,0.0,0.0,0.9999999999995177,0.49999999999975886
RipVIS-NR-026_00312.jpg,0.49999999999975886,0.0,0.0,0.0,0.0,0.0,0.0,0.9999999999995177,0.49999999999975886
RipVIS-NR-026_00318.jpg,0.49999999999975886,0.0,0.0,0.0,0.0,0.0,0.0,0.9999999999995177,0.49999999999975886
RipVIS-NR-026_00324.jpg,0.49999999999975886,0.0,0.0,0.0,0.0,0.0,0.0,0.9999999999995177,0.49999999999975886
RipVIS-NR-026_00330.jpg,0.49999999999975886,0.0,0.0,0.0,0.0,0.0,0.0,0.9999999999995177,0.49999999999975886
RipVIS-NR-026_00336.jpg,0.49999999999975886,0.0,0.0,0.0,0.0,0.0,0.0,0.9999999999995177,0.49999999999975886
RipVIS-NR-026_00342.jpg,0.49999999999975886,0.0,0.0,0.0,0.0,0.0,0.0,0.9999999999995177,0.49999999999975886
RipVIS-NR-026_00348.jpg,0.49999999999975886,0.0,0.0,0.0,0.0,0.0,0.0,0.9999999999995177,0.49999999999975886
RipVIS-NR-026_00354.jpg,0.49999999999975886,0.0,0.0,0.0,0.0,0.0,0.0,0.9999999999995177,0.49999999999975886
RipVIS-NR-026_00360.jpg,0.49999999999975886,0.0,0.0,0.0,0.0,0.0,0.0,0.9999999999995177,0.49999999999975886
RipVIS-NR-026_00366.jpg,0.49999999999975886,0.0,0.0,0.0,0.0,0.0,0.0,0.9999999999995177,0.49999999999975886
RipVIS-NR-026_00372.jpg,0.49999999999975886,0.0,0.0,0.0,0.0,0.0,0.0,0.9999999999995177,0.49999999999975886
RipVIS-NR-026_00378.jpg,0.49999999999975886,0.0,0.0,0.0,0.0,0.0,0.0,0.9999999999995177,0.49999999999975886
RipVIS-NR-026_00384.jpg,0.49999999999975886,0.0,0.0,0.0,0.0,0.0,0.0,0.9999999999995177,0.49999999999975886
RipVIS-NR-026_00390.jpg,0.49999999999975886,0.0,0.0,0.0,0.0,0.0,0.0,0.9999999999995177,0.49999999999975886
RipVIS-NR-026_00396.jpg,0.49999999999975886,0.0,0.0,0.0,0.0,0.0,0.0,0.9999999999995177,0.49999999999975886
RipVIS-NR-026_00402.jpg,0.49999999999975886,0.0,0.0,0.0,0.0,0.0,0.0,0.9999999999995177,0.49999999999975886
RipVIS-NR-026_00408.jpg,0.49999999999975886,0.0,0.0,0.0,0.0,0.0,0.0,0.9999999999995177,0.49999999999975886
RipVIS-NR-026_00414.jpg,0.49999999999975886,0.0,0.0,0.0,0.0,0.0,0.0,0.9999999999995177,0.49999999999975886
RipVIS-NR-026_00420.jpg,0.49999999999975886,0.0,0.0,0.0,0.0,0.0,0.0,0.9999999999995177,0.49999999999975886
RipVIS-NR-026_00426.jpg,0.49999999999975886,0.0,0.0,0.0,0.0,0.0,0.0,0.9999999999995177,0.49999999999975886
RipVIS-NR-026_00432.jpg,0.49999999999975886,0.0,0.0,0.0,0.0,0.0,0.0,0.9999999999995177,0.49999999999975886
RipVIS-NR-026_00438.jpg,0.49999999999975886,0.0,0.0,0.0,0.0,0.0,0.0,0.9999999999995177,0.49999999999975886
RipVIS-NR-026_00444.jpg,0.49999999999975886,0.0,0.0,0.0,0.0,0.0,0.0,0.9999999999995177,0.49999999999975886
RipVIS-NR-026_00450.jpg,0.49999999999975886,0.0,0.0,0.0,0.0,0.0,0.0,0.9999999999995177,0.49999999999975886
RipVIS-NR-026_00456.jpg,0.49999999999975886,0.0,0.0,0.0,0.0,0.0,0.0,0.9999999999995177,0.49999999999975886
RipVIS-NR-026_00462.jpg,0.49999999999975886,0.0,0.0,0.0,0.0,0.0,0.0,0.9999999999995177,0.49999999999975886
RipVIS-NR-026_00468.jpg,0.49999999999975886,0.0,0.0,0.0,0.0,0.0,0.0,0.9999999999995177,0.49999999999975886
RipVIS-NR-026_00474.jpg,0.49999999999975886,0.0,0.0,0.0,0.0,0.0,0.0,0.9999999999995177,0.49999999999975886
RipVIS-NR-026_00480.jpg,0.49999999999975886,0.0,0.0,0.0,0.0,0.0,0.0,0.9999999999995177,0.49999999999975886
RipVIS-NR-026_00486.jpg,0.49999999999975886,0.0,0.0,0.0,0.0,0.0,0.0,0.9999999999995177,0.49999999999975886
RipVIS-NR-026_00492.jpg,0.49999999999975886,0.0,0.0,0.0,0.0,0.0,0.0,0.9999999999995177,0.49999999999975886
RipVIS-NR-026_00498.jpg,0.49999999999975886,0.0,0.0,0.0,0.0,0.0,0.0,0.9999999999995177,0.49999999999975886
RipVIS-NR-026_00504.jpg,0.49999999999975886,0.0,0.0,0.0,0.0,0.0,0.0,0.9999999999995177,0.49999999999975886
RipVIS-NR-026_00510.jpg,0.49999999999975886,0.0,0.0,0.0,0.0,0.0,0.0,0.9999999999995177,0.49999999999975886
RipVIS-NR-026_00516.jpg,0.49999999999975886,0.0,0.0,0.0,0.0,0.0,0.0,0.9999999999995177,0.49999999999975886
RipVIS-NR-026_00522.jpg,0.49999999999975886,0.0,0.0,0.0,0.0,0.0,0.0,0.9999999999995177,0.49999999999975886
RipVIS-NR-026_00528.jpg,0.49999999999975886,0.0,0.0,0.0,0.0,0.0,0.0,0.9999999999995177,0.49999999999975886
RipVIS-NR-026_00534.jpg,0.49999999999975886,0.0,0.0,0.0,0.0,0.0,0.0,0.9999999999995177,0.49999999999975886
RipVIS-NR-026_00540.jpg,0.49999999999975886,0.0,0.0,0.0,0.0,0.0,0.0,0.9999999999995177,0.49999999999975886
RipVIS-NR-026_00546.jpg,0.49999999999975886,0.0,0.0,0.0,0.0,0.0,0.0,0.9999999999995177,0.49999999999975886
RipVIS-NR-026_00552.jpg,0.49999999999975886,0.0,0.0,0.0,0.0,0.0,0.0,0.9999999999995177,0.49999999999975886
RipVIS-NR-026_00558.jpg,0.49999999999975886,0.0,0.0,0.0,0.0,0.0,0.0,0.9999999999995177,0.49999999999975886
RipVIS-NR-026_00564.jpg,0.49999999999975886,0.0,0.0,0.0,0.0,0.0,0.0,0.9999999999995177,0.49999999999975886
RipVIS-NR-026_00570.jpg,0.49999999999975886,0.0,0.0,0.0,0.0,0.0,0.0,0.9999999999995177,0.49999999999975886
RipVIS-NR-026_00576.jpg,0.49999999999975886,0.0,0.0,0.0,0.0,0.0,0.0,0.9999999999995177,0.49999999999975886
RipVIS-NR-026_00582.jpg,0.49999999999975886,0.0,0.0,0.0,0.0,0.0,0.0,0.9999999999995177,0.49999999999975886
RipVIS-NR-026_00588.jpg,0.49999999999975886,0.0,0.0,0.0,0.0,0.0,0.0,0.9999999999995177,0.49999999999975886
RipVIS-NR-026_00594.jpg,0.49999999999975886,0.0,0.0,0.0,0.0,0.0,0.0,0.9999999999995177,0.49999999999975886
RipVIS-NR-026_00600.jpg,0.49999999999975886,0.0,0.0,0.0,0.0,0.0,0.0,0.9999999999995177,0.49999999999975886
RipVIS-NR-026_00606.jpg,0.49999999999975886,0.0,0.0,0.0,0.0,0.0,0.0,0.9999999999995177,0.49999999999975886
RipVIS-NR-026_00612.jpg,0.49999999999975886,0.0,0.0,0.0,0.0,0.0,0.0,0.9999999999995177,0.49999999999975886
RipVIS-NR-026_00618.jpg,0.49999999999975886,0.0,0.0,0.0,0.0,0.0,0.0,0.9999999999995177,0.49999999999975886
RipVIS-NR-026_00624.jpg,0.49999999999975886,0.0,0.0,0.0,0.0,0.0,0.0,0.9999999999995177,0.49999999999975886
RipVIS-NR-026_00630.jpg,0.49999999999975886,0.0,0.0,0.0,0.0,0.0,0.0,0.9999999999995177,0.49999999999975886
RipVIS-NR-026_00636.jpg,0.49999999999975886,0.0,0.0,0.0,0.0,0.0,0.0,0.9999999999995177,0.49999999999975886
RipVIS-NR-026_00642.jpg,0.49999999999975886,0.0,0.0,0.0,0.0,0.0,0.0,0.9999999999995177,0.49999999999975886
RipVIS-NR-026_00648.jpg,0.49999999999975886,0.0,0.0,0.0,0.0,0.0,0.0,0.9999999999995177,0.49999999999975886
RipVIS-NR-026_00654.jpg,0.49999999999975886,0.0,0.0,0.0,0.0,0.0,0.0,0.9999999999995177,0.49999999999975886
RipVIS-NR-026_00660.jpg,0.49999999999975886,0.0,0.0,0.0,0.0,0.0,0.0,0.9999999999995177,0.49999999999975886
RipVIS-NR-026_00666.jpg,0.49999999999975886,0.0,0.0,0.0,0.0,0.0,0.0,0.9999999999995177,0.49999999999975886
RipVIS-NR-026_00672.jpg,0.49999999999975886,0.0,0.0,0.0,0.0,0.0,0.0,0.9999999999995177,0.49999999999975886
RipVIS-NR-026_00678.jpg,0.49999999999975886,0.0,0.0,0.0,0.0,0.0,0.0,0.9999999999995177,0.49999999999975886
RipVIS-NR-026_00684.jpg,0.49999999999975886,0.0,0.0,0.0,0.0,0.0,0.0,0.9999999999995177,0.49999999999975886
RipVIS-NR-026_00690.jpg,0.49999999999975886,0.0,0.0,0.0,0.0,0.0,0.0,0.9999999999995177,0.49999999999975886
RipVIS-NR-026_00696.jpg,0.49999999999975886,0.0,0.0,0.0,0.0,0.0,0.0,0.9999999999995177,0.49999999999975886
RipVIS-NR-026_00702.jpg,0.49999999999975886,0.0,0.0,0.0,0.0,0.0,0.0,0.9999999999995177,0.49999999999975886
RipVIS-NR-026_00708.jpg,0.49999999999975886,0.0,0.0,0.0,0.0,0.0,0.0,0.9999999999995177,0.49999999999975886
RipVIS-NR-026_00714.jpg,0.49999999999975886,0.0,0.0,0.0,0.0,0.0,0.0,0.9999999999995177,0.49999999999975886
RipVIS-NR-026_00720.jpg,0.49999999999975886,0.0,0.0,0.0,0.0,0.0,0.0,0.9999999999995177,0.49999999999975886
RipVIS-NR-026_00726.jpg,0.49999999999975886,0.0,0.0,0.0,0.0,0.0,0.0,0.9999999999995177,0.49999999999975886
RipVIS-NR-026_00732.jpg,0.49999999999975886,0.0,0.0,0.0,0.0,0.0,0.0,0.9999999999995177,0.49999999999975886
RipVIS-NR-026_00738.jpg,0.49999999999975886,0.0,0.0,0.0,0.0,0.0,0.0,0.9999999999995177,0.49999999999975886
RipVIS-NR-026_00744.jpg,0.49999999999975886,0.0,0.0,0.0,0.0,0.0,0.0,0.9999999999995177,0.49999999999975886
RipVIS-NR-026_00750.jpg,0.49999999999975886,0.0,0.0,0.0,0.0,0.0,0.0,0.9999999999995177,0.49999999999975886
RipVIS-NR-026_00756.jpg,0.49999999999975886,0.0,0.0,0.0,0.0,0.0,0.0,0.9999999999995177,0.49999999999975886
RipVIS-NR-026_00762.jpg,0.49999999999975886,0.0,0.0,0.0,0.0,0.0,0.0,0.9999999999995177,0.49999999999975886
RipVIS-NR-026_00768.jpg,0.49999999999975886,0.0,0.0,0.0,0.0,0.0,0.0,0.9999999999995177,0.49999999999975886
RipVIS-NR-026_00774.jpg,0.49999999999975886,0.0,0.0,0.0,0.0,0.0,0.0,0.9999999999995177,0.49999999999975886
RipVIS-NR-026_00780.jpg,0.49999999999975886,0.0,0.0,0.0,0.0,0.0,0.0,0.9999999999995177,0.49999999999975886
RipVIS-NR-026_00786.jpg,0.49999999999975886,0.0,0.0,0.0,0.0,0.0,0.0,0.9999999999995177,0.49999999999975886
RipVIS-NR-026_00792.jpg,0.49999999999975886,0.0,0.0,0.0,0.0,0.0,0.0,0.9999999999995177,0.49999999999975886
RipVIS-NR-026_00798.jpg,0.49999999999975886,0.0,0.0,0.0,0.0,0.0,0.0,0.9999999999995177,0.49999999999975886
RipVIS-NR-026_00804.jpg,0.49999999999975886,0.0,0.0,0.0,0.0,0.0,0.0,0.9999999999995177,0.49999999999975886
RipVIS-NR-026_00810.jpg,0.49999999999975886,0.0,0.0,0.0,0.0,0.0,0.0,0.9999999999995177,0.49999999999975886
RipVIS-NR-026_00816.jpg,0.49999999999975886,0.0,0.0,0.0,0.0,0.0,0.0,0.9999999999995177,0.49999999999975886
RipVIS-NR-026_00822.jpg,0.49999999999975886,0.0,0.0,0.0,0.0,0.0,0.0,0.9999999999995177,0.49999999999975886
RipVIS-NR-026_00828.jpg,0.49999999999975886,0.0,0.0,0.0,0.0,0.0,0.0,0.9999999999995177,0.49999999999975886
RipVIS-NR-026_00834.jpg,0.49999999999975886,0.0,0.0,0.0,0.0,0.0,0.0,0.9999999999995177,0.49999999999975886
RipVIS-NR-026_00840.jpg,0.49999999999975886,0.0,0.0,0.0,0.0,0.0,0.0,0.9999999999995177,0.49999999999975886
RipVIS-NR-026_00846.jpg,0.49999999999975886,0.0,0.0,0.0,0.0,0.0,0.0,0.9999999999995177,0.49999999999975886
RipVIS-NR-026_00852.jpg,0.49999999999975886,0.0,0.0,0.0,0.0,0.0,0.0,0.9999999999995177,0.49999999999975886
RipVIS-NR-026_00858.jpg,0.49999999999975886,0.0,0.0,0.0,0.0,0.0,0.0,0.9999999999995177,0.49999999999975886
RipVIS-NR-026_00864.jpg,0.49999999999975886,0.0,0.0,0.0,0.0,0.0,0.0,0.9999999999995177,0.49999999999975886
RipVIS-NR-026_00870.jpg,0.49999999999975886,0.0,0.0,0.0,0.0,0.0,0.0,0.9999999999995177,0.49999999999975886
RipVIS-NR-026_00876.jpg,0.49999999999975886,0.0,0.0,0.0,0.0,0.0,0.0,0.9999999999995177,0.49999999999975886
RipVIS-NR-026_00882.jpg,0.49999999999975886,0.0,0.0,0.0,0.0,0.0,0.0,0.9999999999995177,0.49999999999975886
RipVIS-NR-026_00888.jpg,0.49999999999975886,0.0,0.0,0.0,0.0,0.0,0.0,0.9999999999995177,0.49999999999975886
RipVIS-NR-026_00894.jpg,0.49999999999975886,0.0,0.0,0.0,0.0,0.0,0.0,0.9999999999995177,0.49999999999975886
RipVIS-NR-026_00900.jpg,0.49999999999975886,0.0,0.0,0.0,0.0,0.0,0.0,0.9999999999995177,0.49999999999975886
RipVIS-NR-026_00906.jpg,0.49999999999975886,0.0,0.0,0.0,0.0,0.0,0.0,0.9999999999995177,0.49999999999975886
RipVIS-NR-026_00912.jpg,0.49999999999975886,0.0,0.0,0.0,0.0,0.0,0.0,0.9999999999995177,0.49999999999975886
RipVIS-NR-026_00918.jpg,0.49999999999975886,0.0,0.0,0.0,0.0,0.0,0.0,0.9999999999995177,0.49999999999975886
RipVIS-NR-026_00924.jpg,0.49999999999975886,0.0,0.0,0.0,0.0,0.0,0.0,0.9999999999995177,0.49999999999975886
RipVIS-NR-026_00930.jpg,0.49999999999975886,0.0,0.0,0.0,0.0,0.0,0.0,0.9999999999995177,0.49999999999975886
RipVIS-NR-026_00936.jpg,0.49999999999975886,0.0,0.0,0.0,0.0,0.0,0.0,0.9999999999995177,0.49999999999975886
RipVIS-NR-026_00942.jpg,0.49999999999975886,0.0,0.0,0.0,0.0,0.0,0.0,0.9999999999995177,0.49999999999975886
RipVIS-NR-026_00948.jpg,0.49999999999975886,0.0,0.0,0.0,0.0,0.0,0.0,0.9999999999995177,0.49999999999975886
RipVIS-NR-026_00954.jpg,0.49999999999975886,0.0,0.0,0.0,0.0,0.0,0.0,0.9999999999995177,0.49999999999975886
RipVIS-NR-026_00960.jpg,0.49999999999975886,0.0,0.0,0.0,0.0,0.0,0.0,0.9999999999995177,0.49999999999975886
RipVIS-NR-026_00966.jpg,0.49999999999975886,0.0,0.0,0.0,0.0,0.0,0.0,0.9999999999995177,0.49999999999975886
RipVIS-NR-026_00972.jpg,0.49999999999975886,0.0,0.0,0.0,0.0,0.0,0.0,0.9999999999995177,0.49999999999975886
RipVIS-NR-026_00978.jpg,0.49999999999975886,0.0,0.0,0.0,0.0,0.0,0.0,0.9999999999995177,0.49999999999975886
RipVIS-NR-026_00984.jpg,0.49999999999975886,0.0,0.0,0.0,0.0,0.0,0.0,0.9999999999995177,0.49999999999975886
RipVIS-NR-026_00990.jpg,0.49999999999975886,0.0,0.0,0.0,0.0,0.0,0.0,0.9999999999995177,0.49999999999975886
RipVIS-NR-026_00996.jpg,0.49999999999975886,0.0,0.0,0.0,0.0,0.0,0.0,0.9999999999995177,0.49999999999975886
RipVIS-NR-026_01002.jpg,0.49999999999975886,0.0,0.0,0.0,0.0,0.0,0.0,0.9999999999995177,0.49999999999975886
RipVIS-NR-026_01008.jpg,0.49999999999975886,0.0,0.0,0.0,0.0,0.0,0.0,0.9999999999995177,0.49999999999975886
RipVIS-NR-026_01014.jpg,0.49999999999975886,0.0,0.0,0.0,0.0,0.0,0.0,0.9999999999995177,0.49999999999975886
RipVIS-NR-026_01020.jpg,0.49999999999975886,0.0,0.0,0.0,0.0,0.0,0.0,0.9999999999995177,0.49999999999975886
RipVIS-NR-026_01026.jpg,0.49999999999975886,0.0,0.0,0.0,0.0,0.0,0.0,0.9999999999995177,0.49999999999975886
RipVIS-NR-026_01032.jpg,0.49999999999975886,0.0,0.0,0.0,0.0,0.0,0.0,0.9999999999995177,0.49999999999975886
RipVIS-NR-026_01038.jpg,0.49999999999975886,0.0,0.0,0.0,0.0,0.0,0.0,0.9999999999995177,0.49999999999975886
RipVIS-NR-026_01044.jpg,0.49999999999975886,0.0,0.0,0.0,0.0,0.0,0.0,0.9999999999995177,0.49999999999975886
RipVIS-NR-026_01050.jpg,0.49999999999975886,0.0,0.0,0.0,0.0,0.0,0.0,0.9999999999995177,0.49999999999975886
RipVIS-NR-026_01056.jpg,0.49999999999975886,0.0,0.0,0.0,0.0,0.0,0.0,0.9999999999995177,0.49999999999975886
RipVIS-NR-026_01062.jpg,0.49999999999975886,0.0,0.0,0.0,0.0,0.0,0.0,0.9999999999995177,0.49999999999975886
RipVIS-NR-026_01068.jpg,0.49999999999975886,0.0,0.0,0.0,0.0,0.0,0.0,0.9999999999995177,0.49999999999975886
RipVIS-NR-026_01074.jpg,0.49999999999975886,0.0,0.0,0.0,0.0,0.0,0.0,0.9999999999995177,0.49999999999975886
RipVIS-NR-026_01080.jpg,0.49999999999975886,0.0,0.0,0.0,0.0,0.0,0.0,0.9999999999995177,0.49999999999975886
RipVIS-NR-026_01086.jpg,0.49999999999975886,0.0,0.0,0.0,0.0,0.0,0.0,0.9999999999995177,0.49999999999975886
RipVIS-NR-026_01092.jpg,0.49999999999975886,0.0,0.0,0.0,0.0,0.0,0.0,0.9999999999995177,0.49999999999975886
RipVIS-NR-026_01098.jpg,0.49999999999975886,0.0,0.0,0.0,0.0,0.0,0.0,0.9999999999995177,0.49999999999975886
RipVIS-NR-026_01104.jpg,0.49999999999975886,0.0,0.0,0.0,0.0,0.0,0.0,0.9999999999995177,0.49999999999975886
RipVIS-NR-026_01110.jpg,0.49999999999975886,0.0,0.0,0.0,0.0,0.0,0.0,0.9999999999995177,0.49999999999975886
RipVIS-NR-026_01116.jpg,0.49999999999975886,0.0,0.0,0.0,0.0,0.0,0.0,0.9999999999995177,0.49999999999975886
RipVIS-NR-026_01122.jpg,0.49999999999975886,0.0,0.0,0.0,0.0,0.0,0.0,0.9999999999995177,0.49999999999975886
RipVIS-NR-026_01128.jpg,0.49999999999975886,0.0,0.0,0.0,0.0,0.0,0.0,0.9999999999995177,0.49999999999975886
RipVIS-NR-026_01134.jpg,0.49999999999975886,0.0,0.0,0.0,0.0,0.0,0.0,0.9999999999995177,0.49999999999975886
RipVIS-NR-026_01140.jpg,0.49999999999975886,0.0,0.0,0.0,0.0,0.0,0.0,0.9999999999995177,0.49999999999975886
RipVIS-NR-026_01146.jpg,0.49999999999975886,0.0,0.0,0.0,0.0,0.0,0.0,0.9999999999995177,0.49999999999975886
RipVIS-NR-026_01152.jpg,0.49999999999975886,0.0,0.0,0.0,0.0,0.0,0.0,0.9999999999995177,0.49999999999975886
RipVIS-NR-026_01158.jpg,0.49999999999975886,0.0,0.0,0.0,0.0,0.0,0.0,0.9999999999995177,0.49999999999975886
RipVIS-NR-026_01164.jpg,0.49999999999975886,0.0,0.0,0.0,0.0,0.0,0.0,0.9999999999995177,0.49999999999975886
RipVIS-NR-026_01170.jpg,0.49999999999975886,0.0,0.0,0.0,0.0,0.0,0.0,0.9999999999995177,0.49999999999975886
RipVIS-NR-026_01176.jpg,0.49999999999975886,0.0,0.0,0.0,0.0,0.0,0.0,0.9999999999995177,0.49999999999975886
RipVIS-NR-026_01182.jpg,0.49999999999975886,0.0,0.0,0.0,0.0,0.0,0.0,0.9999999999995177,0.49999999999975886
RipVIS-NR-026_01188.jpg,0.49999999999975886,0.0,0.0,0.0,0.0,0.0,0.0,0.9999999999995177,0.49999999999975886
RipVIS-NR-026_01194.jpg,0.49999999999975886,0.0,0.0,0.0,0.0,0.0,0.0,0.9999999999995177,0.49999999999975886
RipVIS-NR-026_01200.jpg,0.49999999999975886,0.0,0.0,0.0,0.0,0.0,0.0,0.9999999999995177,0.49999999999975886
RipVIS-NR-026_01206.jpg,0.49999999999975886,0.0,0.0,0.0,0.0,0.0,0.0,0.9999999999995177,0.49999999999975886
RipVIS-NR-026_01212.jpg,0.49999999999975886,0.0,0.0,0.0,0.0,0.0,0.0,0.9999999999995177,0.49999999999975886
