image,miou,iou,dice,recall,precision,f2,biou,aacc,macc
RipVIS-001_00003.jpg,0.8578597936615564,0.7498685778303965,0.8570570239739186,0.7959952381764105,0.9282654201046815,0.8193452284080269,0.02070952637840635,0.9690223524295041,0.8939353547836841
RipVIS-001_00004.jpg,0.8487670315336742,0.7320265658082094,0.845283300220775,0.7869481575424722,0.9129594477893247,0.8092885798723641,0.02034023668262939,0.9684776475683936,0.8888649135619713
RipVIS-001_00005.jpg,0.8455860542516561,0.7260215254090666,0.8412658993195344,0.791774641008996,0.8973567520771972,0.8108555336079444,0.017001828150456703,0.968096788193394,0.8904742784252695
RipVIS-001_00006.jpg,0.8465496252081337,0.7272675726178225,0.8421018076725494,0.7966336797565667,0.8930743164729487,0.8142187275174148,0.010692279809588204,0.9686848958322822,0.8927325703781956
RipVIS-001_00007.jpg,0.8466768537278988,0.726839801793753,0.8418149744275628,0.7920540375784769,0.8982475368910966,0.8112353699395969,0.01461339252411887,0.9692534722211705,0.8908594681749591
RipVIS-001_00008.jpg,0.8447028843132626,0.722872969190191,0.8391483088041782,0.7893451104555175,0.8956593313373562,0.8085397462290582,0.02518518518052126,0.9692198350683928,0.8894663546543582
RipVIS-001_00009.jpg,0.8504077597162407,0.7329619021390027,0.8459065386657426,0.8075476591794456,0.888091276433467,0.822466033266706,0.021838675586150286,0.9704600694433915,0.8980951639066976
RipVIS-001_00010.jpg,0.820010896839736,0.6804014101520174,0.8098081875454566,0.8038565368210694,0.8158486261525163,0.8062266682285646,0.02178153445679754,0.9628168402767331,0.8920184777751092
RipVIS-001_00011.jpg,0.8059964765208742,0.6562985009160964,0.7924881904476743,0.8028747891843275,0.7823668973838496,0.798687648878302,0.01991186551005192,0.9591503906239592,0.8894208766115685
RipVIS-001_00012.jpg,0.8325461634666502,0.7017107637888166,0.8247121411237653,0.8339189959973313,0.8157063622170623,0.8302116958612653,0.01887096773889178,0.9662858072906182,0.9070584247922503
RipVIS-001_00013.jpg,0.8062809959140502,0.6566202090532127,0.7927226837688798,0.834743787000108,0.7547295089662561,0.8174118506512037,0.015741895259391847,0.959365234373959,0.9034501024746966
RipVIS-001_00014.jpg,0.8515781848933375,0.7349589655710874,0.8472349838304847,0.8831709393519633,0.8141091321225382,0.868436841591204,0.018610620885831763,0.97077473958228,0.9313982844781759
RipVIS-001_00015.jpg,0.8197904975721404,0.6809610954751217,0.8102044685128763,0.8822932641160518,0.7490060587777377,0.851971248590338,0.02155913138235289,0.9619780815961784,0.926171667010782
RipVIS-001_00016.jpg,0.8306541642091905,0.6988307692241531,0.8227196986116578,0.8851979325208342,0.7684795735563187,0.8591014897579143,0.01931783881386691,0.9654828559017301,0.9293338415242383
RipVIS-001_00017.jpg,0.8147906417282458,0.6719878858582794,0.8038190845064989,0.8834230755287584,0.7373752539889956,0.8497615647443425,0.018631643247001888,0.9609830729156239,0.9260609811630328
RipVIS-001_00018.jpg,0.8382306350192882,0.7118627789874394,0.8316820573767059,0.9195479300691064,0.7591433750780002,0.8822640197873196,0.015865820487176514,0.967445746526728,0.9457922790984206
RipVIS-001_00019.jpg,0.82843479107626,0.6948974572357453,0.8199876095974237,0.9113228379556203,0.745292398839888,0.8724512579811493,0.011322463766406632,0.9650032552072862,0.9407356110335288
RipVIS-001_00020.jpg,0.8275255311452142,0.6929673117762192,0.8186422820523038,0.9284701010782719,0.7320489308888168,0.881182834825219,0.012185472382942637,0.9650726996517306,0.9484694102906466
RipVIS-001_00021.jpg,0.8058872066600993,0.6560996320347681,0.7923431891940592,0.9338757050277614,0.6880643462374869,0.8715998049580441,0.01264298615101701,0.9591308593739593,0.9476536248887457
RipVIS-001_00022.jpg,0.7803576490820942,0.6126216910068032,0.7597835182588012,0.9289282772059084,0.6427481337049724,0.8529720365038309,0.014523449317016119,0.9520312499989669,0.9415069985472353
RipVIS-001_00023.jpg,0.7952408007865021,0.6361693789131442,0.7776326670234245,0.9290444783477456,0.6686576239869297,0.8619155138977034,0.01314965560219949,0.9576920572906275,0.9446075004746735
RipVIS-001_00024.jpg,0.7865693093075055,0.6209878488416922,0.766184458798295,0.9202653700219733,0.6562995905348795,0.8517500546653717,0.015982450639927537,0.9556293402767408,0.9394639966565654
RipVIS-001_00025.jpg,0.7823868567645045,0.6142148669697581,0.7610075703524855,0.9358613971481233,0.6412063080353044,0.8570893296832703,0.015236318405591368,0.9541666666656313,0.9457880431730239
RipVIS-001_00026.jpg,0.7714980280569423,0.5944648767874727,0.7456606732977403,0.919687055463447,0.6270147603562367,0.8411611338644962,0.02180734232478705,0.9521419270823002,0.9372545461735449
RipVIS-001_00027.jpg,0.7923238454261836,0.6287768796045679,0.7720847311600118,0.9361307471967032,0.6569601180708162,0.8628023745742862,0.020408163261947304,0.9589398871517373,0.9484505894846618
RipVIS-001_00028.jpg,0.8407422008080561,0.712084605408508,0.8318334306132057,0.9694835680606221,0.7284114270226091,0.909296161774811,0.039108995062215775,0.9715527343739457,0.9705991077318291
RipVIS-001_00029.jpg,0.9513064963537228,0.9096659918892942,0.952696435662377,0.9803496952040367,0.9265604390465811,0.9690979611123973,0.086311694605808,0.9934147135405887,0.9873561431348057
RipVIS-001_00030.jpg,0.916638753973526,0.8458586777209105,0.9164934324932131,0.9906622946288942,0.8526567625911115,0.9595993795929949,0.07066635046937007,0.9882313368044833,0.9893620531188395
RipVIS-001_00031.jpg,0.9043492815946081,0.8229634841426321,0.9028853197568952,0.9904775071982013,0.8295267042867344,0.9534773841925588,0.04765100670074921,0.9866221788183739,0.9884207059752369
RipVIS-001_00032.jpg,0.8819968245368941,0.7810910806034539,0.8770927990261018,0.9952295094096005,0.7840265139629807,0.9443511795924623,0.04526007654914206,0.983885633679488,0.9892097917627678
RipVIS-001_00033.jpg,0.7696719853382424,0.5816865117585707,0.7355269295580356,0.9708255976779672,0.5920354902368092,0.8606900165601287,0.03907330566406063,0.9600119357628472,0.9650902672033519
RipVIS-001_00034.jpg,0.8602373084125363,0.7408030917313346,0.8511049816605747,0.9750669569553351,0.7551069131600175,0.9213875526650231,0.061224489783904136,0.9807877604156024,0.9780980518189761
RipVIS-001_00035.jpg,0.9106016997918007,0.8329381755018569,0.9088557231602197,0.9840245716192937,0.8443560417562679,0.9525127338274781,0.032221206573989664,0.988913845485038,0.9866146979962451
RipVIS-001_00036.jpg,0.8665914669599948,0.7521650534782871,0.8585550225250033,0.9849320174815097,0.7609209688549896,0.9301649064294979,0.01639344261931913,0.9820518663183788,0.983407636134575
RipVIS-001_00037.jpg,0.8489862781107474,0.7207302459896987,0.8377027691230731,0.9863026912127655,0.7280170879212814,0.9209554518761371,0.01327623126054042,0.9785047743044938,0.9821713682556167
RipVIS-001_00038.jpg,0.7323056877739091,0.5222820997867121,0.6861830666732393,0.9999999999817054,0.5222820997867121,0.8453551168876159,0.005223880596040321,0.9457497829850849,0.9711646378714058
RipVIS-001_00039.jpg,0.7475668582278165,0.5480312940820629,0.7080364540137146,0.999316386907023,0.5482368267762676,0.8581090057496655,0.002870985106249599,0.9502907986100799,0.9732301837117714
RipVIS-001_00040.jpg,0.8205202702696832,0.6741669137527752,0.8053759851717265,0.9706099663250864,0.6882159821098979,0.8969974143895896,0.012402551379801107,0.9689984809017264,0.9697472071786181
RipVIS-001_00041.jpg,0.8240889981856305,0.6812185471953777,0.810386666661264,0.8894010565156593,0.7442660690797024,0.8560157290900845,0.010261026100763092,0.9691384548600596,0.9324628008508193
RipVIS-001_00042.jpg,0.789971543600196,0.6224363471235255,0.7672859995118634,0.8877608074970167,0.6756024366134149,0.8352992645755803,0.010266600428834807,0.9602886284711802,0.9269118526759423
RipVIS-001_00043.jpg,0.7423695109894259,0.5419149449560811,0.7029115927941364,0.8775513271278211,0.5862442893660702,0.7982232843264585,0.011207576951664154,0.9464463975684175,0.9146792780211853
RipVIS-001_00044.jpg,0.7815907547795734,0.6080892184209707,0.7562879117093653,0.910598085747712,0.646698265639915,0.8418878212140081,0.011576716123988796,0.9580175781239605,0.9361345957071453
RipVIS-001_00045.jpg,0.7731996132598933,0.5908104427690929,0.7427791858603601,0.9037281736521174,0.6304920414996198,0.831646130715274,0.01756253325925802,0.9582649739572935,0.9329446903023388
RipVIS-001_00046.jpg,0.783175846043171,0.6072125620940471,0.7556095272213479,0.909175439163996,0.6464241021811157,0.8408218420810172,0.01584377302582097,0.9615668402767344,0.9372027044776616
RipVIS-001_00047.jpg,0.7130973372666438,0.4901472856783025,0.6578507915144663,0.869846494787507,0.528939623645878,0.7705243647890617,0.00954979536008037,0.9397515190962025,0.9072923934627621
RipVIS-001_00048.jpg,0.725651819637505,0.511875534719787,0.6771397816350783,0.8473237788696707,0.5638842788886442,0.769922620279865,0.019580635211288833,0.9430457899295323,0.8988141998007244
RipVIS-001_00049.jpg,0.728804370965866,0.5176982125591699,0.6822149598321235,0.8780997908436762,0.5577852804802843,0.7876378059376445,0.010834603011539766,0.9435514322906429,0.9132511548515698
RipVIS-001_00050.jpg,0.7744302826913295,0.5946045786112834,0.7457705647993502,0.9005517134058505,0.6363915917956774,0.8315204601158326,0.016681614346783565,0.9571321614572947,0.9309653831559868
RipVIS-001_00051.jpg,0.8205128932004093,0.673900549430172,0.8051858871300098,0.8990645606364198,0.729058893743421,0.8590032116651429,0.0075487523574022325,0.9692165798600595,0.9368114405133461
RipVIS-001_00052.jpg,0.7885023977297545,0.6215269185403751,0.7665946355054597,0.92768076114813,0.6531748013080643,0.855752352293418,0.04057279235396555,0.9585112847211822,0.9443179228084346
RipVIS-001_00053.jpg,0.783926100060965,0.6139462749398769,0.7608013779303127,0.9225256122627838,0.6473219795071031,0.8502317966673151,0.038621262450452394,0.9570540364572948,0.9411701383462434
RipVIS-001_00054.jpg,0.7647612718744399,0.5840748162940631,0.7374333715632243,0.9325511945259877,0.6098370717497132,0.843299589518842,0.023558807777340922,0.9493294270823033,0.9416332939074876
RipVIS-001_00055.jpg,0.7001052086933304,0.47645530890573795,0.6454043085921221,0.8848083097689537,0.5079637447820868,0.7704875364963033,0.017819874776397515,0.9287022569434368,0.9084920664828806
RipVIS-001_00056.jpg,0.696470837445253,0.47000956632278373,0.6394646362724137,0.8990103840914441,0.4962084550148867,0.7734408001238386,0.0059661915800520065,0.9278624131934377,0.914541598947362
RipVIS-001_00057.jpg,0.7369554271885912,0.5355905208578166,0.6975694543342494,0.9619180837871009,0.5471930906798703,0.8353009256099991,0.013214067897293338,0.9424164496517552,0.9514441614887008
RipVIS-001_00058.jpg,0.7532469346692481,0.5626557219558891,0.7201275547138998,0.9385361725137371,0.5841815137378494,0.8369947868090635,0.018963117602824788,0.947622612846194,0.9434308182592461
RipVIS-001_00059.jpg,0.7309569008505061,0.5209818042148939,0.6850598774701532,0.8935145032139424,0.5554701306944828,0.796561292779803,0.01437727351214667,0.9444976128461974,0.9208530090383031
RipVIS-001_00060.jpg,0.7318434237855087,0.5177250466125928,0.682238258857363,0.8857473399904338,0.5547736155575648,0.7913273615635179,0.012204571869003375,0.9489246961795259,0.9194204555515617
RipVIS-001_00061.jpg,0.7411408573197971,0.527972192759185,0.6910756560376694,0.8154652495802387,0.5996119362960042,0.7606968484955487,0.04495590448592043,0.9565310329850732,0.8904701973533741
RipVIS-001_00062.jpg,0.7480393411811852,0.542344096728609,0.7032725030412456,0.866204951070212,0.5919308001162567,0.7927408491075004,0.013124387852473185,0.9561393229156292,0.9140426590046922
RipVIS-001_00063.jpg,0.7650096806299904,0.570686886485992,0.7266717401107959,0.8702841044931914,0.6237430388684877,0.8065264724150405,0.011807817587172675,0.9614181857628457,0.918704624814121
RipVIS-001_00064.jpg,0.7879088039229729,0.6090470883546727,0.7570282967634618,0.8504096439593841,0.6821257782086361,0.8104225774868324,0.01981643720904955,0.9684060329850603,0.9130322148943941
RipVIS-001_00065.jpg,0.7875868972182474,0.6080664229625615,0.7562702812267081,0.8600230636006145,0.6748559707918612,0.815283537274165,0.0261553588935781,0.9687044270822822,0.917615174979709
RipVIS-001_00066.jpg,0.8013277518624973,0.6319742489179976,0.7744904667913698,0.7886843655569676,0.760798429306269,0.7829448296397125,0.02109280835253258,0.9720865885406119,0.8863193220437795
RipVIS-001_00067.jpg,0.6807507568541284,0.42155900254792467,0.5930939226473827,0.7311286843858805,0.4989026877630464,0.6688612432241583,0.026728439054396213,0.9424609374989773,0.8432239925834156
RipVIS-001_00068.jpg,0.599788944546302,0.27915294594174833,0.43646531374905767,0.6621404023008931,0.32551957181462576,0.5486651292651938,0.021599428771581677,0.9228038194434431,0.79863464214988
RipVIS-001_00069.jpg,0.6404043044118237,0.34293094459046725,0.5107201468129778,0.6747330628835098,0.41085117255677067,0.5979257912569209,0.009705182199284896,0.939828559026758,0.8137511242401694
RipVIS-001_00070.jpg,0.6507383956636508,0.36850268231403305,0.5385487176260748,0.770062379275644,0.41406352578375855,0.6570757486788021,0.011226399045547474,0.9354969618045405,0.857030600967802
RipVIS-001_00071.jpg,0.6711956867380384,0.40507076737607584,0.5765841504660044,0.7991398669378599,0.45098695615247325,0.692258000579925,0.01620407508162938,0.9398860677073135,0.8733118679192904
RipVIS-001_00072.jpg,0.7724357598382812,0.5857561520144002,0.7387720378953712,0.9958086199882205,0.5872038798663123,0.8741530600910807,0.017724970779562723,0.9613498263878457,0.9775787147144614
RipVIS-001_00073.jpg,0.8252385121093971,0.6805778491088359,0.8099331423054607,0.9855216465403562,0.6874512667464454,0.9068793124279562,0.0189622838051756,0.9717133246517234,0.978167762384776
RipVIS-001_00074.jpg,0.8471727282533603,0.7218054852185989,0.8384286046422474,0.9824491104186176,0.731234491306413,0.9192852686391668,0.025476429282752972,0.9743663194433871,0.9781142562131532
RipVIS-001_00075.jpg,0.7363764592232326,0.5229832572241467,0.686787927238751,0.7864757046500152,0.609528636586296,0.7433184166934507,0.006725663715623776,0.9523914930545221,0.8753306517889048
RipVIS-001_00076.jpg,0.7608409070306827,0.5601986040453852,0.7181119154867407,0.782242549624628,0.6636997797831241,0.7552631855634333,0.010739565533136547,0.9632845052072881,0.8785194573895182
RipVIS-001_00077.jpg,0.7861359024772776,0.6052645935542108,0.7540994749209494,0.7628887246091198,0.7455104406278578,0.759348552929219,0.02428363282557464,0.9685959201378379,0.8726717822771446
RipVIS-001_00078.jpg,0.7478481631237863,0.5375128985913786,0.6991979047250025,0.7298419478730485,0.6710234859685645,0.7172675521821632,0.011455847252635836,0.960121527776736,0.8527893515392959
RipVIS-001_00079.jpg,0.6990667203746824,0.45640355906164237,0.6267542484662728,0.7715711439254084,0.52770821056119,0.7062931317778508,0.009045014722539962,0.944447699651753,0.8635708308117278
RipVIS-001_00080.jpg,0.7119098786091886,0.47655703288475415,0.6454976303268194,0.7744456061047627,0.553361030647654,0.7171416245155022,0.004186866460073409,0.9496788194434139,0.867571236473849
RipVIS-001_00081.jpg,0.7181772714815045,0.488003069764034,0.6559167513564619,0.812430716028551,0.5499662948431125,0.7416427971116409,0.005550986840964024,0.9507747395823016,0.8858422942407306
RipVIS-001_00082.jpg,0.7143747011744613,0.48021398968532714,0.6488440090846782,0.78268842151069,0.5540911077774882,0.7230294293546837,0.013837837834845872,0.9508713107628571,0.8719565661379253
RipVIS-001_00083.jpg,0.7049642796207879,0.4634933991282593,0.633406887115914,0.7725299925938152,0.5367456314699999,0.7101392716895534,0.012372476663257546,0.9488042534711927,0.8660195417404375
RipVIS-001_00084.jpg,0.720229239946455,0.4921798084613334,0.659678955137245,0.8102587715109999,0.5562959965534977,0.7424678156496615,0.012793624158390597,0.9507476128461906,0.8849006311645777
RipVIS-001_00085.jpg,0.7745243475129193,0.5891650508186244,0.7414774828015863,0.8233294467209149,0.674428615619753,0.7885118068378058,0.015592273675682505,0.9620659722211783,0.8976053512390666
RipVIS-001_00086.jpg,0.7760871074653997,0.5925333147699277,0.7441393021728158,0.8266321494890926,0.6766170471913359,0.7915334275303042,0.010316368635874285,0.9618782552072896,0.899116178257028
RipVIS-001_00087.jpg,0.7731730407209526,0.5882213250942744,0.7407296650664963,0.8294849306198455,0.6691322133233537,0.7915472125340102,0.012635779203583289,0.9604882812489578,0.8997690694146567
RipVIS-001_00088.jpg,0.7758414721751189,0.5946630985728232,0.7458165917365608,0.8497194285848675,0.6645554231726452,0.804867634500427,0.010414406593531263,0.9595692274295143,0.9087661285128763
RipVIS-001_00089.jpg,0.7978180241254547,0.6353805215472552,0.7770430345423378,0.8756766271930692,0.6983796431623471,0.833363581282755,0.017086715075376607,0.9628298611100664,0.9227339876457724
RipVIS-001_00090.jpg,0.7716040097567602,0.5911988850281095,0.7430860976472662,0.8529684402553734,0.6582837143193488,0.8053336133978559,0.008206811651988754,0.9551236979156302,0.9082524140579167
RipVIS-001_00091.jpg,0.7613698464087104,0.5751356852048929,0.7302681167179315,0.8733188347611556,0.6274852478501195,0.8098619580619995,0.006531816264953262,0.951074218748968,0.9153868685722084
RipVIS-001_00092.jpg,0.7563164407594907,0.5660544576805886,0.7229052028228262,0.880296765477841,0.6132584269600281,0.8097748092838568,0.008766303183928521,0.9500585937489691,0.9179652981752376
RipVIS-001_00093.jpg,0.747835395464588,0.5549430838775149,0.7137792882986688,0.9215803086088522,0.5824471504345285,0.8254551228324075,0.007423756017772119,0.9448068576378637,0.9341308127167287
RipVIS-001_00094.jpg,0.7826430409260985,0.6153479032100986,0.7618766235895673,0.8880441845238721,0.6670994572155581,0.8328742479938377,0.017337461296731173,0.9536501736100763,0.9238356244936536
RipVIS-001_00095.jpg,0.8128361746635009,0.667744723555843,0.8007756992114795,0.8875410726969941,0.729463841530915,0.850672368598646,0.012997243006499164,0.9612076822906237,0.9279214155527231
RipVIS-001_00096.jpg,0.7926426144028464,0.6329274250399612,0.7752058240120159,0.8440814159617283,0.7167225005305067,0.8151129110809218,0.013910355484174968,0.9559743923600738,0.9055566018992138
RipVIS-001_00097.jpg,0.816151110121889,0.6754022742795982,0.8062568430856555,0.8314004472219999,0.7825894054687201,0.8211571357425893,0.01563382934344814,0.9604470486100689,0.9030125366460164
RipVIS-001_00098.jpg,0.8172769449036213,0.6779827711810081,0.808092648893917,0.8642718816018239,0.7587711539520926,0.8408881995965898,0.0276724791456269,0.9602094184017359,0.9173894712178512
RipVIS-001_00099.jpg,0.7963420415479078,0.6412196440034064,0.7813940642817159,0.8242056200328933,0.7428104047101663,0.8065301289360582,0.02485272459041739,0.95533854166563,0.89680271918847
RipVIS-001_00100.jpg,0.8286327902470294,0.6971967654923882,0.8215862528940402,0.8315793985807963,0.8118304318629496,0.8275531098029179,0.018875047184055294,0.9634309895822879,0.9049323384265309
RipVIS-001_00101.jpg,0.8593126928817636,0.7507817472327459,0.8576531579900442,0.8573189100279409,0.8579876666751912,0.857452577951671,0.015717092334829645,0.9706835937489467,0.920511012060339
RipVIS-001_00102.jpg,0.8732126565748004,0.7748753287571067,0.8731602904185154,0.8601086148894482,0.8866141732187832,0.8652821814905112,0.018803760748388923,0.9740874565961652,0.9236913655277623
RipVIS-001_00103.jpg,0.8843040135677402,0.7949764725501239,0.8857792675362485,0.909300742432943,0.8634439989004471,0.8997438234507844,0.030321530315359883,0.9760774739572742,0.94648203584046
RipVIS-001_00104.jpg,0.8831681946070793,0.7941892059813335,0.885290362168856,0.9382146228790705,0.8380181395618955,0.916303314428089,0.019029126209897256,0.9748502604156088,0.9586458400070863
RipVIS-001_00105.jpg,0.8586509045990582,0.7506757419713764,0.8575839876847393,0.9023354564659083,0.8170616849936688,0.8838858626578968,0.023686158396801226,0.96967339409617,0.9397950102004402
RipVIS-001_00106.jpg,0.8457156656195198,0.7288922310900591,0.8431898969555732,0.9128966256274789,0.7833732790741563,0.8836751631603436,0.026104058640067214,0.9659667968739518,0.942387627379611
RipVIS-001_00107.jpg,0.8424404131961498,0.7237928722322524,0.8397677979663131,0.9574159939715798,0.7478689444632207,0.9066109306162717,0.02167128987141621,0.9646885850683977,0.9614413311993937
RipVIS-001_00108.jpg,0.8439651094155844,0.7249933716241715,0.8405752550127799,0.914271384776659,0.7778736558556215,0.8832947854887824,0.01967509024915612,0.9662358940961738,0.9430560530188499
RipVIS-001_00109.jpg,0.9326835743288828,0.8790546167457749,0.9356349825191971,0.9662236538594694,0.9069236290767743,0.9537512752826209,0.03328448816552554,0.9875509982628173,0.977989098127291
RipVIS-001_00110.jpg,0.8738508362818449,0.7776074439760281,0.8748922003124943,0.9471832897162427,0.8128534560590606,0.9168791261452319,0.018118466895798175,0.9729253472211665,0.9614835879694972
RipVIS-001_00111.jpg,0.8705795012809767,0.7719628157751565,0.8713081436050975,0.9705797069014948,0.7904594088830819,0.9282749028291543,0.037316245752484684,0.9721050347211674,0.9714245708676505
RipVIS-001_00112.jpg,0.8964208019167567,0.8164879755712858,0.8989742696364397,0.9797308615670364,0.8305169785878418,0.945747531871681,0.026732862320654405,0.9786046006933826,0.9791071275457643
RipVIS-001_00113.jpg,0.8564915387345934,0.7475260507662466,0.8555249295865718,0.9849682086137929,0.7561523428797639,0.928758708029308,0.015992647055883703,0.9686621093739489,0.9759672568343964
RipVIS-001_00114.jpg,0.8278695651310531,0.6992921025651028,0.8230393132640498,0.9807113764581517,0.7090440616653502,0.9109091573469638,0.014458702328852574,0.9604524739572912,0.969533729743105
RipVIS-001_00115.jpg,0.8164100804695374,0.6810844583585935,0.8102917791811632,0.9935506945291253,0.6841089274027732,0.9111251708683711,0.015424610049319824,0.9562456597211846,0.9729618025581268
RipVIS-001_00116.jpg,0.8070595123555458,0.6646325516467247,0.7985336475479133,0.9923676768037445,0.668047412689045,0.9045412578844279,0.014904187364282435,0.9540831163184091,0.9712928767256923
RipVIS-001_00117.jpg,0.7943590833528802,0.6405656811293855,0.7809083031511572,0.9537401815529188,0.6611060697237701,0.876173712877853,0.025712786421949834,0.952537977429522,0.9530805814970312
RipVIS-001_00118.jpg,0.8004909947981134,0.6486284137250157,0.786870356382447,0.9545565192759464,0.6692957240327947,0.8795793470151015,0.015389996499582021,0.9562055121517402,0.9554573059738879
RipVIS-001_00119.jpg,0.8378943376644703,0.7114992083257521,0.8314338737226356,0.9904138507775083,0.7164329619600804,0.9200445005772248,0.007571560478749481,0.9671799045128394,0.9777629970568811
RipVIS-001_00120.jpg,0.8401488685425655,0.7134338970926565,0.832753336213561,0.9906064879973117,0.718293294053751,0.920790080208926,0.018682944872607667,0.9693891059017259,0.9791136354404287
RipVIS-001_00121.jpg,0.815308614209865,0.6683791183368877,0.801231699666868,0.9992641309693654,0.6687082576644947,0.909361057398525,0.008334876827498634,0.9649088541656197,0.9807780874769254
RipVIS-001_00122.jpg,0.8269482787287842,0.6865326633089165,0.8141350336636398,0.9680970002209575,0.7024244778494765,0.9000158105544235,0.034561772000274625,0.969541015623948,0.968872441515003
RipVIS-001_00123.jpg,0.7967802289024668,0.6322743761610171,0.7747158019451086,0.9799137945554302,0.6405764497484094,0.8860400703680767,0.02071764202889414,0.9637022569433987,0.9712566493929803
RipVIS-001_00124.jpg,0.8063355544382902,0.6479454740384963,0.7863676125771625,0.9366029306193575,0.6776668113972396,0.8701092747230964,0.01815111861161859,0.9668760850683953,0.952793342752934
RipVIS-001_00125.jpg,0.7707978790470091,0.582348102002793,0.736055614141679,0.9450536875451518,0.6027563891957967,0.8486646274418461,0.016432865728169765,0.96143880208229,0.9537404655501156
RipVIS-001_00126.jpg,0.7578907234096416,0.5581217789587932,0.7164032831012158,0.9269665147428776,0.5837929571416334,0.8294506024438156,0.011377488823369059,0.9598090277767363,0.9443391571791817
RipVIS-001_00127.jpg,0.7636050314842506,0.5672297964759037,0.7238629558363235,0.9513867312713314,0.5841610601612108,0.8451305451802241,0.02136006974251088,0.961974826387845,0.9569734447812706
RipVIS-001_00128.jpg,0.710941918630965,0.47931641635961353,0.6480241969316378,0.9675922053824623,0.4871368421001354,0.8081742993657269,0.03620273531049824,0.945451388887863,0.9559158318648919
RipVIS-001_00129.jpg,0.7231230275690468,0.4990243056254307,0.6657988182749647,0.9571844458108301,0.510417706213916,0.8145839748286101,0.03830645160518015,0.9498578559017471,0.9533194727360126
RipVIS-001_00130.jpg,0.7374414769867079,0.5219356708140025,0.685884010504658,0.9961728203659895,0.5229843673721518,0.8435301258083128,0.055232558127184125,0.9552463107628524,0.9746541072421169
RipVIS-001_00131.jpg,0.7384594496179645,0.5230872498966864,0.6868775901474696,0.9663446895321249,0.5327935708224446,0.8310881100458773,0.042221297828156965,0.9560568576378515,0.9609307461067165
RipVIS-001_00132.jpg,0.6990296823738903,0.45307936077801,0.6236126849058286,0.9431858199097738,0.4657917009603855,0.7827386403045618,0.028478593266728094,0.9473784722211942,0.9453837302568491
RipVIS-001_00133.jpg,0.7074382630900573,0.4591965708570205,0.6293827439401445,0.7980516689556838,0.5195709622179454,0.720785998326562,0.01701168271838252,0.9572873263878502,0.8814599781460601
RipVIS-001_00134.jpg,0.6747764648379283,0.4103688758233874,0.5819312704044323,0.671234350886551,0.51360030740656,0.6324142732575824,0.011597456039731115,0.9416536458323116,0.8151504873711708
RipVIS-001_00135.jpg,0.6779106623771745,0.4168631947855118,0.5884311150429983,0.710933175884452,0.5019408623094707,0.6562821464823658,0.024703178853944237,0.9415104166656451,0.8334259560748734
RipVIS-001_00136.jpg,0.664714027550656,0.3927933583686797,0.5640368056159344,0.632774765024102,0.5087694701794725,0.6033625628901015,0.01644189912868245,0.9391297743045365,0.7961166509763284
RipVIS-001_00137.jpg,0.6992186611410293,0.4528635265098165,0.6234082117784607,0.7651874109024772,0.5259555426035514,0.7013823908476192,0.03486275294833445,0.9479199218739714,0.8620080201082289
RipVIS-001_00138.jpg,0.7693171688045313,0.5815156411226885,0.7353903129404162,0.9862604426157251,0.5862650166219513,0.8678390344208602,0.035472664100297556,0.9595301649295144,0.9720871524885655
RipVIS-001_00139.jpg,0.7295933958646073,0.5105729654335834,0.6759990773263076,0.9953089511792297,0.5118045777474508,0.8371390518494185,0.01069518716393045,0.951228298610079,0.9720812551140292
RipVIS-001_00140.jpg,0.7773319348921064,0.5871331860940959,0.7398663089378394,0.9438462966181583,0.6083848098145593,0.8500980174968547,0.018980592872898144,0.9689637586795041,0.9570211102984554
RipVIS-001_00141.jpg,0.7586169321871326,0.5539297485822299,0.7129405291167413,0.917367074709543,0.5830200455694625,0.8229759577755102,0.017980347058753846,0.9649034288183974,0.9423207688469252
RipVIS-001_00142.jpg,0.7592395010992046,0.5553088855923463,0.7140818016748544,0.9895965614684576,0.5585697350569492,0.8572891367448315,0.014512922462323474,0.964789496526731,0.976616297384981
RipVIS-001_00143.jpg,0.7612737767193283,0.5600170867076034,0.7179627601252913,0.9970292558643195,0.5609531068158777,0.8628725395421543,0.017053973010297232,0.9642361111100648,0.9798482599116745
RipVIS-001_00144.jpg,0.7512951473791618,0.543440663302515,0.7041937875858598,0.9690908678375152,0.55302628342949,0.8423447041523924,0.02409844470618724,0.9610438368045128,0.9648651593208584
RipVIS-001_00145.jpg,0.7593100599501181,0.555935502175302,0.7145996751125827,0.9883223604933364,0.5596114338504291,0.8570130806382384,0.019562511111584115,0.9643500434017314,0.9757693267763908
RipVIS-001_00146.jpg,0.7557673348610664,0.5495152167984175,0.7092737274743474,0.9938624905381558,0.5513863366048078,0.8564119138362352,0.01193098384509343,0.9637011718739543,0.9780786307962923
RipVIS-001_00147.jpg,0.8183810904515564,0.6634279948008732,0.7976636161883176,0.9582726023204458,0.6831636136822261,0.8868462635372105,0.01860465115902838,0.9746657986100535,0.9669198203578091
RipVIS-001_00148.jpg,0.8087052638425063,0.6465549503008227,0.7853426940688475,0.9648574856044997,0.6621479672856271,0.8840284726644229,0.015324887614359442,0.9723307291656116,0.9688009781421552
RipVIS-001_00149.jpg,0.8078686457258715,0.6461333333247182,0.7850315891723229,0.9756588616445739,0.6567196541494665,0.889282004793241,0.008545182651453709,0.9712022569433906,0.9733036254541036
RipVIS-001_00150.jpg,0.7839341894581524,0.6059641202256628,0.7546421649077881,0.9891205274703943,0.6100300206842562,0.8797767267282807,0.016857440162984922,0.9640125868045095,0.9758225118051239
RipVIS-001_00151.jpg,0.7559145100195519,0.5603876324735001,0.7182672059316223,0.9838110063000859,0.5656032848961298,0.8570676451818762,0.011471966390132175,0.9542719184017423,0.9681112482806651
RipVIS-001_00152.jpg,0.7732281587194638,0.5879499646124319,0.7405144717591045,0.9804910544160546,0.5949095192383345,0.8679777458020643,0.004236570072151064,0.9608257378461796,0.9700639517121123
RipVIS-001_00153.jpg,0.7827660564705804,0.603879463748916,0.7530235000794947,0.9461504144959636,0.6253731893329234,0.8581182460340206,0.014515496270200962,0.9637706163183987,0.9555066835519286
RipVIS-001_00154.jpg,0.7934474160016345,0.6220574445957897,0.766998045190445,0.9915630899742062,0.6253674509677715,0.8876115698114536,0.02671755724654127,0.9667610677072843,0.9784379155719738
RipVIS-001_00155.jpg,0.7267775991939154,0.5144984217792476,0.6794307796964355,0.8645944482971532,0.5595880333440804,0.7796085015241054,0.003266448902898359,0.942753906248977,0.9066231648553112
RipVIS-001_00156.jpg,0.6714718192262707,0.42225678590786336,0.5937841746887161,0.7930644553211291,0.47454186636148354,0.6992007709818387,0.006284241056028965,0.9250325520823296,0.863945577031995
RipVIS-001_00157.jpg,0.6498179625362972,0.38087589212512485,0.5516439157163773,0.8839163375335715,0.40093041959912507,0.712300073069741,0.008077288563814176,0.9226269531239989,0.904373246314617
RipVIS-001_00158.jpg,0.5783773841117822,0.24637966980103324,0.3953525170068992,0.6790650721986058,0.2788495264789723,0.5276145427340629,0.013372725857040472,0.912926432290676,0.8011120306659549
RipVIS-001_00159.jpg,0.649202090918501,0.39762621689444577,0.5690022297635192,0.5534756484729279,0.5854250844734841,0.5595834757373234,0.02022613065072536,0.9068771701379048,0.752253085238392
RipVIS-001_00160.jpg,0.6528193412806637,0.40272957441679896,0.5742084315634942,0.5558151176317879,0.5938607714349282,0.5630292039023381,0.02516680322776931,0.9088747829851249,0.7542854395280936
RipVIS-001_00161.jpg,0.6313407295419002,0.34148735371516153,0.5091175146294664,0.9049393522344644,0.35419297369439606,0.6902735226002389,0.010546198644648796,0.9242881944434416,0.915052549593225
RipVIS-001_00162.jpg,0.6336117241708983,0.3392860827366214,0.506667077497503,0.8411212562766024,0.36251901496546973,0.6654216272651489,0.01524755867479055,0.9305088975684348,0.8877952261722215
RipVIS-001_00163.jpg,0.6755124132798754,0.40579586253564964,0.5773183338350578,0.8449841067808014,0.43843514975011966,0.7127933416276975,0.018495684337062588,0.9472037760406389,0.8983720227871581
RipVIS-001_00164.jpg,0.641048701112737,0.35801996862822755,0.5272676056300897,0.8997308209743383,0.3728982388997839,0.7015111084460168,0.01280323449919083,0.9271614583323273,0.9140946307522804
RipVIS-001_00165.jpg,0.6581178254299033,0.39245916515070367,0.5636921713366415,0.9914719974097,0.39378846923923055,0.7605904780663496,0.007619678647073102,0.9273535156239937,0.9578199437645131
RipVIS-001_00166.jpg,0.7733378088547207,0.5844977590224537,0.737770382689662,0.9871300143968466,0.588986159950042,0.8695676535849564,0.028842275105114504,0.9640885416656205,0.9749878900617988
RipVIS-001_00167.jpg,0.8215381646395616,0.6730742670516282,0.8045958034340602,0.9107543322984921,0.7206016775900554,0.8650978594851403,0.015428697373720806,0.9717469618045012,0.9433312426954965
RipVIS-001_00168.jpg,0.6855121047387573,0.44392085416843524,0.614882530281194,0.8661220862522024,0.47662575821247355,0.7444498955637355,0.024992040747374714,0.9311121961795452,0.9008202647076996
RipVIS-001_00169.jpg,0.7001646837585421,0.4656274342302364,0.6353967227350503,0.9428734321371556,0.4791447362021194,0.7899639202998469,0.015802781287009675,0.9382172309017598,0.9404043562899074
RipVIS-001_00170.jpg,0.6867367420361838,0.43993996882573705,0.6110532082590993,0.9216784907908401,0.45702578452471493,0.7659350671972772,0.02106241288197887,0.9368315972212057,0.9296861508426888
RipVIS-001_00171.jpg,0.7234572621101469,0.496566687049237,0.6636078316407159,0.857268090515276,0.5413212223314339,0.7676580257265705,0.032642582058932224,0.9526660156239662,0.9077144530568788
RipVIS-001_00172.jpg,0.7493417811046759,0.5405189121532915,0.701736159016406,0.9974618117818667,0.5412633819502753,0.8535761816939621,0.025316455691033798,0.9601269531239582,0.9778732347170933
RipVIS-001_00173.jpg,0.7181923086367561,0.4836272664162833,0.6519525184846324,0.990563644640288,0.4858657243755803,0.820171385365034,0.04983012456590598,0.9547591145822973,0.9718613788263405
RipVIS-001_00174.jpg,0.7398044668786066,0.5162586501895043,0.6809638317644309,0.9610749411009537,0.5272837817217315,0.8252842936670315,0.04521808722584672,0.9647298177072865,0.9629768695369507
RipVIS-001_00175.jpg,0.7112259738359095,0.4644485874019153,0.6342982490438884,0.9612656198699574,0.4733065400003902,0.7969427478849741,0.015485516484699305,0.9594791666656256,0.9603385004950702
RipVIS-001_00176.jpg,0.6267676684914003,0.3296590007897536,0.4958549531781486,0.9776000940391087,0.33216804170746356,0.7040094838900884,0.0061875297467574916,0.9266232638878834,0.9511347946817846
RipVIS-001_00177.jpg,0.6194042679770249,0.32070003552230897,0.48565158915208,0.9997959837661451,0.32072102394075563,0.7023664737943432,0.010724682088137785,0.9211566840267783,0.9589558636695378
RipVIS-001_00178.jpg,0.6804045087020888,0.41944659073896773,0.5910001735544029,0.9949266893063395,0.42034564021523574,0.7813243110195159,0.025496888169946417,0.9437456597211982,0.9682462604670705
RipVIS-001_00179.jpg,0.6654006955974637,0.39814636616461746,0.5695346006681817,0.998222312492109,0.3984288682743051,0.7672263363561482,0.009601449273622924,0.9355273437489848,0.9654756695261817
RipVIS-001_00180.jpg,0.6882016782531084,0.43736823888028104,0.6085681136533163,0.9902165653260302,0.4392664145491013,0.7916348683835841,0.0020032780910574977,0.9417936197906448,0.964845789029822
RipVIS-001_00181.jpg,0.6352789055778794,0.3455304566994355,0.5135973771222037,0.7909031487188473,0.3802681058077282,0.6504291089732895,0.003427265802850863,0.9278819444434376,0.8628564713474902
RipVIS-001_00182.jpg,0.6377105019774285,0.35020890135197225,0.5187477300754068,0.8235809672988541,0.37861164420198057,0.6668384744958747,0.003409333048495774,0.9281098090267708,0.8784255721152996
RipVIS-001_00183.jpg,0.7178901926613976,0.473515324163768,0.6427015944778068,0.8391866400122285,0.5207698531473984,0.7477469460799581,0.00542941757022966,0.9635036892350657,0.9038754400843432
RipVIS-001_00184.jpg,0.7096536152188094,0.4526130616350397,0.6231708547706231,0.8459483525979195,0.49326996044867055,0.7401148226720842,0.015889830504266466,0.9675868055545056,0.9087574892000001
RipVIS-001_00185.jpg,0.6831410702423436,0.40402727016439366,0.5755262433287173,0.9276262707387596,0.41717769149067135,0.7452518312050301,0.015462543317658613,0.9631966145822882,0.9459030271187296
RipVIS-001_00186.jpg,0.6631073114110123,0.37297943924675925,0.5433139471504137,0.9754790770052609,0.37650947952577424,0.740025396373303,0.02373660030022037,0.9545008680545198,0.96469064504987
RipVIS-001_00187.jpg,0.6807083367763512,0.4124445134602575,0.584015173027698,0.9926802678401283,0.41370268445384367,0.7755918542169613,0.014004969502144799,0.9507367621517462,0.9709515707460445
RipVIS-001_00188.jpg,0.717204893268437,0.4793602596591975,0.648064264981173,0.9994269653450644,0.47949204686156327,0.8213102034775511,0.011066398387558754,0.9568359374989618,0.9772495778092485
RipVIS-001_00189.jpg,0.7702376893841004,0.5736841339284088,0.7290969281062946,0.9966124832268217,0.5748049865047051,0.8690639425429759,0.01762820512349674,0.9682118055545049,0.9817753015113031
RipVIS-001_00190.jpg,0.7442986573767814,0.5304978988853878,0.6932357101198666,0.9997840120713292,0.5305587040342004,0.849520997402089,0.016731328802926448,0.9599934895822917,0.9789466137259504
RipVIS-001_00191.jpg,0.7477542162964566,0.5335462371489372,0.6958332578753795,0.9480176645955637,0.5496259636898772,0.8279859510008835,0.0038834951446884715,0.9635481770822878,0.9561401571567516
RipVIS-001_00192.jpg,0.7188296588860715,0.4826177465458936,0.6510346280020796,0.9381860488406549,0.4984680713758,0.7974871865432905,0.007560137455312682,0.9568511284711839,0.9479369152120418
RipVIS-001_00193.jpg,0.7225515992089496,0.49109762519132466,0.6587061999086898,0.9608704185034868,0.5011195127816231,0.8118960063348079,0.007565931688809785,0.955960286457296,0.958301740894931
RipVIS-001_00194.jpg,0.7254412825890152,0.49715131334940005,0.6641296827067961,0.9679231692444676,0.5054793489918314,0.8182128157042305,0.010094212649148898,0.9557552083322962,0.961551220396451
RipVIS-001_00195.jpg,0.7136964106615175,0.47910369148485044,0.6478297556054171,0.9910001657629491,0.48119738717878935,0.8177316219005034,0.013730959018723243,0.9506369357628573,0.9698495370968175
RipVIS-001_00196.jpg,0.6988251212181666,0.4555032119865578,0.6259047843183524,0.9874892648843514,0.4581471231145675,0.8021327863103476,0.012132822475067513,0.9448177083323082,0.9651071672588367
RipVIS-001_00197.jpg,0.7489741376067702,0.5419193720948755,0.7029153169774571,0.992918618564268,0.5440219662085117,0.8522695393592549,0.00880669308480698,0.9582031249989603,0.9746511661283571
RipVIS-001_00198.jpg,0.7861661318487905,0.6075675124497233,0.7558842882111615,0.9885743908556024,0.6118640587220614,0.8801917168852653,0.016132749477729257,0.9665874565961734,0.9769738993058803
RipVIS-001_00199.jpg,0.7813895044376602,0.599901234560495,0.7499228347370986,0.9906827865809561,0.6033050668512062,0.8779391412124782,0.01661356394706109,0.9648350694433975,0.9770324348450901
RipVIS-001_00200.jpg,0.7041847003203132,0.4711525469485673,0.6405216752345929,0.9952904238415606,0.4722052948698316,0.814776736687151,0.0016366612107944637,0.9405425347212016,0.9663776986172958
RipVIS-007_00000.jpg,0.8755574202009213,0.776848235056984,0.8744114660215425,0.8565405136455899,0.8930440316696558,0.8636005142419491,0.04623947480430434,0.9763823784711628,0.9228239671408047
RipVIS-007_00001.jpg,0.8765675683645393,0.7799279796158921,0.876359030868429,0.8190874431105329,0.9422417146990387,0.8410736949781839,0.0623497997246529,0.9755305989572748,0.9065711283903534
RipVIS-007_00002.jpg,0.8749074426311865,0.7770871372443079,0.8745627841854966,0.8156167176267521,0.9426928695868951,0.8382152046195492,0.04515534491243347,0.975095486110053,0.9048551104824749
RipVIS-007_00003.jpg,0.8721180879963604,0.7719796300556859,0.8713188537403511,0.8032136259282242,0.952043504927367,0.8291368828703093,0.0428911834732736,0.9746386718739425,0.8991854260300064
RipVIS-007_00005.jpg,0.8695960392564042,0.7678018874216274,0.8686515077110603,0.8015356283819395,0.9480343263750428,0.8270977281836892,0.03315994798008323,0.9738628472211655,0.8981128296179779
RipVIS-007_00007.jpg,0.8716269587235659,0.7716718266180134,0.8711227610263195,0.8014310382390745,0.9540895289515484,0.8279253732261378,0.040126715939793195,0.974072265623943,0.8983484144424678
RipVIS-007_00008.jpg,0.8660623983087089,0.7618871045878673,0.8648534887439163,0.7957280743486285,0.9471314091087261,0.8220084444280316,0.04013289036011523,0.9728255208322777,0.8951395751224864
RipVIS-007_00009.jpg,0.8629785480656051,0.75633381590258,0.8612643098418052,0.789982093107939,0.9466863771182189,0.8170305847588593,0.03811300639150946,0.9722406684017229,0.8922678039947824
RipVIS-007_00010.jpg,0.8658213899409255,0.7613234760276489,0.8644902386070255,0.794493785066291,0.9480119414233619,0.8210866371770756,0.04297764091003111,0.9728862847211666,0.8945857928061383
RipVIS-007_00011.jpg,0.8620926191074678,0.7546910492989226,0.8601982093662076,0.7803876672774428,0.9581929667124138,0.8104661984592615,0.027788911151932008,0.972111545137834,0.8880908829239645
RipVIS-007_00012.jpg,0.8604627450151474,0.7516965456440011,0.8582497322533044,0.7732562718997553,0.9642348492171173,0.8051502550727491,0.031662624625213874,0.9718511284711677,0.8848519944140204
RipVIS-007_00013.jpg,0.8559684434982994,0.7437965319611463,0.8530772006119792,0.7617620353933849,0.9692666989531639,0.7958372687456523,0.027045209899482614,0.9708376736100577,0.8793709581604303
RipVIS-007_00014.jpg,0.8549589045671444,0.7424104160913064,0.8521648048417111,0.7733602500830693,0.9488517494174721,0.8030658889327597,0.031083244392865094,0.9702897135406138,0.8840848205044525
RipVIS-007_00015.jpg,0.8549358191453993,0.7419579286412883,0.8518666455050483,0.7692550941679422,0.9543565412365987,0.8002993771885274,0.03719734883846918,0.9706239149295024,0.8823585485631196
RipVIS-007_00016.jpg,0.8507399642888478,0.7344933001844282,0.8469254970386217,0.76369469639201,0.9505170140012754,0.7949436291335028,0.03442248217904767,0.969749348957281,0.8794010032723413
RipVIS-007_00017.jpg,0.847765619355962,0.7294416675259188,0.8435574107213845,0.7613238528144562,0.9457069005531513,0.7922152554722054,0.03942555208787081,0.9689301215267264,0.8779601430589221
RipVIS-007_00019.jpg,0.8385488734748785,0.7133613233150992,0.8327038945116971,0.7568203011769924,0.9255004245914655,0.7854513032340962,0.038638828628167185,0.966738281248951,0.8746692788996078
RipVIS-007_00021.jpg,0.8392529696495952,0.7145931581638354,0.8335425284550837,0.7567005201807611,0.9277548987338248,0.7856721061197448,0.030834012492415918,0.9669032118045063,0.874727023120208
RipVIS-007_00023.jpg,0.8410711550463699,0.7184422272222315,0.8361552292433528,0.7656282155486841,0.9209939996826441,0.7923614759402111,0.028954423588612006,0.966777343748951,0.8787253134616879
RipVIS-007_00024.jpg,0.8387621210780342,0.7148592557619505,0.8337235296249691,0.7751169372196934,0.9019175137393015,0.7975422284146221,0.030720338978983006,0.9658604600683964,0.8823269344975428
RipVIS-007_00025.jpg,0.8278896052880227,0.6966506924072673,0.8212069762207033,0.7703345087497289,0.8792737299627607,0.7899079251494793,0.026182760852082595,0.962635633679511,0.8785379692722646
RipVIS-007_00026.jpg,0.8257162966992047,0.6930736385211652,0.8187164725174486,0.7707952201084933,0.8729913813909561,0.7892743976563901,0.022844605056421708,0.961937934026734,0.8783607919362194
RipVIS-007_00027.jpg,0.8292345227791454,0.6984625011111248,0.822464435516468,0.761027728801525,0.8946916435649954,0.7844670760161117,0.022097280331838744,0.9633973524295102,0.8748985897786113
RipVIS-007_00029.jpg,0.8341995279694736,0.7070152544597308,0.8283643073634988,0.7661325713542279,0.9015998347269539,0.7898684490989306,0.03740447780702447,0.9646755642350644,0.8778322304985556
RipVIS-007_00031.jpg,0.833268739245383,0.7058258728078003,0.8275473881117846,0.76825267801968,0.8967604933707952,0.790920828219392,0.0290511727040177,0.9640961371517317,0.8785413103080544
RipVIS-007_00032.jpg,0.8354396679893585,0.7096205551832266,0.8301497698209107,0.771030026304258,0.8990885710316847,0.7936378336612526,0.022109749597481385,0.9646093749989533,0.8800482949912164
RipVIS-007_00033.jpg,0.8314631658450977,0.7028315234630644,0.8254856852000358,0.7680169298188353,0.8922505248168187,0.7900167189838992,0.02923898530984793,0.9635362413183989,0.8781425342438941
RipVIS-007_00035.jpg,0.8310628690172193,0.7018233343964833,0.8247898829585275,0.7654840590905377,0.8940568768701362,0.7881526405860629,0.018397546991281488,0.9636946614572877,0.8770428894235004
RipVIS-007_00036.jpg,0.8262450129382936,0.6949662421955819,0.8200354967487191,0.7842641796870943,0.8592259168768375,0.7981915589068472,0.019715367538880355,0.9612717013878458,0.8839875805858488
RipVIS-007_00037.jpg,0.8284479987606435,0.6984209253248124,0.8224356105259875,0.7786584484925251,0.8714284174467679,0.7955978989256496,0.022633470906319602,0.9621180555545116,0.8820355640865678
RipVIS-007_00038.jpg,0.8241531975835821,0.6911776043525946,0.8173920971679217,0.7770597582628492,0.8621404453470303,0.7927054514587525,0.018415474295387455,0.9608821614572907,0.8806413047848922
RipVIS-007_00039.jpg,0.815961291086665,0.6777930066133099,0.8079578397831819,0.7604500703163578,0.8617970841919731,0.7787666023952003,0.02008870336288955,0.9581662326378492,0.8722454045053879
RipVIS-007_00040.jpg,0.8126427939687443,0.6723786817606883,0.8040986040946237,0.7608760819803568,0.852527500200977,0.7775952391893755,0.017303719006029995,0.9570572916656281,0.8718168435205871
RipVIS-007_00041.jpg,0.8049946520155811,0.6605020344034497,0.7955449866590991,0.7660971916356281,0.8273471517062891,0.7776107693410228,0.021520618553927756,0.9540071614572981,0.8724773985672352
RipVIS-007_00043.jpg,0.8211719468176537,0.6884250689072694,0.8154641643088262,0.7842835698492059,0.8492266884631571,0.7964652255480883,0.018783659527284426,0.9581770833322937,0.8828430406234777
RipVIS-007_00045.jpg,0.8355223468881662,0.7118441032502797,0.831669311356917,0.7739124852038015,0.898742131656544,0.7960250631578749,0.012484897299975178,0.9629361979156218,0.8811062634611109
RipVIS-007_00047.jpg,0.815003436131357,0.6780564740112399,0.8081449993043538,0.777002045845662,0.8418886679836791,0.7891666853023831,0.011655316918326962,0.9563661024295178,0.8787139077522608
RipVIS-007_00048.jpg,0.8126100878608413,0.6743365777822966,0.805497038923289,0.7769021441284938,0.8362773141376321,0.7880929663835188,0.009503970835893246,0.9554177517350744,0.8781960763242449
RipVIS-007_00049.jpg,0.8135449461935439,0.6760314746154648,0.806704987172831,0.7821423992015264,0.8328603333349635,0.7917857295176355,0.01860894813005029,0.9555935329850742,0.8805236216411398
RipVIS-007_00050.jpg,0.8156459452765061,0.6794437014338982,0.8091294764496048,0.7815770917777166,0.8386954129079175,0.7923697657491718,0.017184401848356325,0.9563075086795179,0.8806857515716695
RipVIS-007_00051.jpg,0.8164112657773672,0.6809518143907917,0.8101978992629021,0.7853255152280453,0.8366973013455545,0.7950889359361195,0.021087533153701918,0.956354166665629,0.8823485929339554
RipVIS-007_00052.jpg,0.8157294919204972,0.6797738553952791,0.8093635380880682,0.7831206438163247,0.8374262493568806,0.7934109014985489,0.0102537136834161,0.9561794704850736,0.8813137970328164
RipVIS-007_00053.jpg,0.8222192818038155,0.690550763739455,0.8169535970774097,0.783157549585741,0.8537980339504141,0.7963347817872662,0.012126005006969025,0.958190104165627,0.8825101056767382
RipVIS-007_00054.jpg,0.8270841859780059,0.6987500505586445,0.822663758366166,0.7899772251164814,0.8581719543251078,0.8027351120050115,0.02280912364641735,0.9595963541656254,0.8862021144886465
RipVIS-007_00055.jpg,0.8255867577221976,0.6962768273159273,0.8209471662920352,0.7897687263875981,0.8546885051130221,0.8019515311570826,0.014159057825306463,0.9591232638878482,0.8858458786890586
RipVIS-007_00056.jpg,0.820860568421149,0.6885667430845708,0.8155635492698843,0.7890439700712549,0.8439277595023571,0.7994421142722993,0.014112371404100188,0.9575509982628498,0.8846719887296961
RipVIS-007_00057.jpg,0.8164719374367275,0.6810233289092719,0.8102485161239877,0.7823533702875843,0.8402064379575549,0.793277721171147,0.014840333905546529,0.9563964843739622,0.8811284793732759
RipVIS-007_00058.jpg,0.8071478309522908,0.6665417386863706,0.7999100451114572,0.795670355348639,0.8041951588567667,0.7973608267042908,0.01663366336414077,0.9526942274295218,0.8847711294811862
RipVIS-007_00059.jpg,0.8146660047312606,0.6787555887844188,0.8086413451953459,0.8011400202187999,0.8162844724144158,0.8041237874470315,0.011424819433824712,0.9552495659711857,0.8885059868813105
RipVIS-007_00060.jpg,0.8118090118362652,0.6738811131696117,0.8051720135530657,0.7934792554968478,0.8172145361252949,0.7981153679063979,0.01331592689121202,0.9544661458322977,0.8848015690072806
RipVIS-007_00061.jpg,0.81360997860182,0.6766738948287812,0.8071622000149072,0.7934186975006341,0.8213902218765489,0.7988595510290842,0.009881422923599285,0.9551844618045191,0.8851447856817474
RipVIS-007_00062.jpg,0.8131104472408635,0.676204597142687,0.806828233612254,0.79964748973406,0.8141391105967238,0.8025043944826671,0.013340377755469505,0.9547406684017418,0.8875887211728382
RipVIS-007_00063.jpg,0.8118379036327721,0.6741056218005722,0.8053322478847454,0.7995921853829729,0.8111553190819024,0.8018783632669078,0.012078246027034495,0.9543337673600756,0.8873275762025701
RipVIS-007_00064.jpg,0.8045327340917925,0.6622674232807787,0.7968241619915487,0.8010212530977917,0.7926708244112289,0.7993371220815468,0.01660280970413757,0.9518240017350783,0.8865041559672988
RipVIS-007_00065.jpg,0.8047581964554391,0.6622972672688652,0.7968457631612567,0.795262407425645,0.7984354363433318,0.7958949940433775,0.010835913311295676,0.9521701388878557,0.8842075758144019
RipVIS-007_00066.jpg,0.801408096533627,0.6567690444771819,0.7928311392182428,0.7884603077301086,0.7972507002597945,0.7902028444773488,0.014169779722508078,0.9510959201378568,0.880728902357784
RipVIS-012_00000.jpg,0.7860847570043078,0.5928742554323829,0.7444081080605428,0.7780886722018608,0.7135223785654026,0.7642572192755791,0.027400835065918363,0.9799012586794923,0.8829390271311504
RipVIS-012_00001.jpg,0.7768223479822134,0.5754651364854924,0.730533634999027,0.7575176675700976,0.705405909447542,0.7464883244895313,0.05159903250427331,0.978806423610049,0.8725235591718774
RipVIS-012_00002.jpg,0.7695963969990397,0.5622507847509491,0.719795810300178,0.7423202934462121,0.6985980076767354,0.733143426074451,0.03255690840853444,0.9776052517350503,0.8647050490748752
RipVIS-012_00003.jpg,0.8210313560109954,0.6607343535959475,0.7957134771919129,0.8961341277290804,0.7155311663152362,0.8530704415589897,0.06910569103935323,0.9819835069433789,0.9408080112223007
RipVIS-012_00004.jpg,0.8208075862014077,0.6605380532268958,0.795571112559912,0.8853572104610773,0.7223190836502765,0.8471158873376505,0.08017530289245288,0.9817491319433792,0.9355671816226776
RipVIS-012_00005.jpg,0.8188072906627044,0.6568829763657387,0.7929141475115731,0.8924546790545905,0.7133501588113366,0.8497828047731113,0.08896888658036285,0.9814171006933795,0.9387826758390676
RipVIS-012_00006.jpg,0.8182084304884119,0.6557317879999252,0.7920748912987046,0.9027218019957289,0.7055904373377869,0.8549497780403763,0.0632440476033621,0.9813704427072685,0.9436551179045137
RipVIS-012_00007.jpg,0.8262100587874662,0.6703419457464608,0.8026403784608199,0.8885385247905528,0.7318863492471793,0.8520635688592524,0.062469497300519886,0.982708333332267,0.9375634677656816
RipVIS-012_00008.jpg,0.8041763087740545,0.6288542449921979,0.7721430532235377,0.8663231876104969,0.6964321890670471,0.8260224159934215,0.04200137708469098,0.9801866319433808,0.9255500135467138
RipVIS-012_00009.jpg,0.8049972365521212,0.6307181037290401,0.7735464545181013,0.8712184060375195,0.69556674171644,0.8293321119078455,0.05270300835722619,0.9799848090267144,0.9278226612162934
RipVIS-012_00010.jpg,0.8022810860481634,0.6253912481447186,0.7695270278569092,0.8463598600555761,0.7054830405998888,0.813856317700915,0.04704270380291329,0.9798708767350479,0.9158754762821804
RipVIS-012_00011.jpg,0.8060105661675211,0.6322472643999623,0.774695449873994,0.8250086576407201,0.7301662147652914,0.8041190002648374,0.07903780066917805,0.9804535590267139,0.9060313591944027
RipVIS-012_00012.jpg,0.8119940598635333,0.6433922932314422,0.7830051240733573,0.8223547101901402,0.7472493228001235,0.8061496289017042,0.061302681978520915,0.9812521701378242,0.905211482331006
RipVIS-012_00013.jpg,0.8047670586331759,0.6304757371917727,0.7733641449674853,0.8217368828942431,0.73036985984998,0.8016793585153059,0.08354978353169917,0.9797808159711591,0.9042216711075701
RipVIS-012_00014.jpg,0.8278152516869164,0.6734987562306293,0.8048990221511855,0.8545307527556333,0.76071611013884,0.8339612459143255,0.06201550386223355,0.982766927082267,0.9214318864275027
RipVIS-012_00015.jpg,0.8311702016349296,0.6802374723147466,0.8096920626078298,0.855548243372088,0.768501466458211,0.8365962923545281,0.06990813352679628,0.9827593315961558,0.9220026148585314
RipVIS-012_00016.jpg,0.8363588869565692,0.6902533258844449,0.8167454136181176,0.9110480245797901,0.7401341077829475,0.8708291457286432,0.06627296586476969,0.9831239149294888,0.9486376427625265
RipVIS-012_00017.jpg,0.8360285961942231,0.6896681899326511,0.816335649853408,0.9250099933131243,0.7305118275795414,0.8782436644806089,0.07878917988862404,0.9830523003461555,0.9552629640230268
RipVIS-012_00018.jpg,0.8368594330658499,0.6907761736396892,0.8171113177596697,0.9269976981002138,0.7305159047070526,0.879677545182681,0.05531295486477168,0.9835687934017106,0.9564494268321482
RipVIS-012_00019.jpg,0.8364954337015572,0.6897799592219588,0.8164139424869977,0.9080107320563979,0.7416036849706721,0.8690115602695649,0.057403092552975404,0.9838151041655991,0.9474770983347705
RipVIS-012_00020.jpg,0.8136106755030135,0.6457533717725035,0.7847510846379327,0.9400674241184895,0.6734798845925827,0.8711045290724918,0.024036281173687918,0.9820735677072677,0.9618268826456311
RipVIS-012_00021.jpg,0.7976901862522602,0.6159574913054693,0.7623436812163434,0.9402522752374181,0.6410485293017559,0.8599751155142502,0.05234285713089306,0.9800802951378255,0.9608667431545872
RipVIS-012_00022.jpg,0.7830096406809386,0.5891838154769026,0.741492343099521,0.9546098833530504,0.6061653643045828,0.8561778404428676,0.057219582719020945,0.9775802951378282,0.966495426742642
RipVIS-012_00023.jpg,0.7768907639991678,0.5772129391918612,0.7319404055708749,0.9276830654025756,0.6044090889729529,0.8380366802389027,0.04135565865617195,0.9772949218739395,0.9533465309888036
RipVIS-012_00024.jpg,0.75807034274159,0.5424207593745998,0.7033369540416888,0.9266790920280011,0.566744015621097,0.822239415989416,0.02498569520789897,0.9745138888878314,0.9514025236906325
RipVIS-012_00025.jpg,0.7710264464013148,0.5658932100033431,0.722773694129672,0.9393980385208185,0.587334813392804,0.8388343650913483,0.030954773863124667,0.9768782552072733,0.958759364763936
RipVIS-012_00026.jpg,0.7661809464579454,0.557108530225128,0.7155680152167438,0.9352561516426228,0.5794559919902642,0.8329640851226902,0.025292914259755828,0.9760004340267188,0.9563078119204751
RipVIS-012_00027.jpg,0.7698782991820108,0.5639567706959441,0.7211922749565378,0.9424807089347818,0.5840589696885703,0.8394508904722174,0.04128833304072497,0.9765342881933848,0.9600740318134299
RipVIS-012_00028.jpg,0.7589346397582546,0.5439895300124236,0.7046544285932385,0.9531453213446114,0.5589362769581749,0.8353179721290726,0.03947586663800367,0.9746690538183869,0.9642595481257867
RipVIS-012_00029.jpg,0.7595822390472509,0.5451824903073743,0.7056545019467886,0.9467409394739736,0.5624318979667777,0.8329149783053036,0.02312042581119088,0.9747688802072756,0.9612173669823345
RipVIS-012_00030.jpg,0.7352814040823428,0.5003745598827557,0.6669995256675862,0.9649319223892184,0.5096423461991485,0.818661486325001,0.01668469024923765,0.9710525173600575,0.9680870129542524
RipVIS-012_00031.jpg,0.7506103326818643,0.5279526393581065,0.6910589055690884,0.9693829486224362,0.5369054786165581,0.8348832274412392,0.043047996034463465,0.9740440538183875,0.9717854484784874
RipVIS-012_00032.jpg,0.7592552987379099,0.5440557207467209,0.704709957596103,0.9758725612680912,0.5514737118817091,0.8457061666656326,0.04942148759513694,0.975210503471164,0.9755311847642425
RipVIS-012_00033.jpg,0.7652442056101274,0.5544181594874557,0.7133449337342612,0.9877307435322213,0.5582628006251935,0.8560240034951556,0.05188598736100256,0.976762152776718,0.9820810650974974
RipVIS-012_00034.jpg,0.7573121953329358,0.5395805002567359,0.7009448355142938,0.9773100462390912,0.5464257396706084,0.844175101540842,0.04007439972267934,0.9757530381933857,0.9765082289607266
RipVIS-012_00035.jpg,0.7454577187930493,0.516917721639415,0.681536927501584,0.9758654409944899,0.5236116358031396,0.8321214627833442,0.030538302272163854,0.9747016059017202,0.975266920611652
RipVIS-012_00036.jpg,0.7541566519396885,0.5339585109297699,0.6961837717581091,0.9604936468175663,0.5459488626816796,0.8338616422376629,0.017428817943498046,0.9750868055544976,0.9680137064292662
RipVIS-012_00037.jpg,0.7943643707666674,0.6116673010922788,0.7590490924246366,0.9768975894161505,0.6206450366817179,0.8762979363902098,0.034958923259052796,0.977861328123939,0.977397296062871
RipVIS-012_00038.jpg,0.7750657239713654,0.5813671193296205,0.7352715409639679,0.993182642931381,0.5836964138724644,0.8709775680369531,0.041437414023136616,0.9700629340267252,0.9811177545551442
RipVIS-012_00039.jpg,0.8067138797123199,0.6423940922708872,0.7822654687982576,0.9920778287811592,0.645706433965412,0.895955688688665,0.04056999161096898,0.972466362846167,0.981757572351569
RipVIS-012_00040.jpg,0.8159425479733013,0.6619925437549248,0.7966251668726395,0.9977446386367168,0.6629846388297226,0.9062284775813658,0.03216421528492577,0.9715690104156124,0.983883242508407
RipVIS-012_00041.jpg,0.8359063439558219,0.6987493553287939,0.8226632765297509,0.9910033462981878,0.7032101520643691,0.916025502339292,0.04288025889273782,0.974647352429498,0.9823094612426087
RipVIS-012_00042.jpg,0.8238917381569926,0.6776760843528941,0.8078747628023609,0.9937996936137975,0.6805534741910116,0.9100260503640372,0.031274311493500184,0.9718749999989454,0.9821438117148953
RipVIS-012_00043.jpg,0.8521061682941461,0.7278003327690143,0.8424588408344893,0.977037579725576,0.7404658721459851,0.9183563779040862,0.04223369309522389,0.9778114149294945,0.9774495104050822
RipVIS-012_00044.jpg,0.8266883869027534,0.6825621793740978,0.8113366480494723,0.9778448600977873,0.6932837341941847,0.9036624732654064,0.03412192902121293,0.9725379774295003,0.9750208864203735
RipVIS-012_00045.jpg,0.805115791078987,0.6452506781329478,0.7843797747163814,0.9915376046391976,0.6488237299616867,0.8967983905826987,0.047647498125818144,0.9670779079850618,0.9785216887710207
RipVIS-012_00046.jpg,0.8111943002320876,0.6550464969003476,0.791574735969232,0.9888466273268867,0.6599222553230583,0.8992083304092687,0.02460717461835055,0.9692491319433927,0.9784329218512942
RipVIS-012_00047.jpg,0.8567088923340322,0.735785087948154,0.847783626045451,0.9900698044925877,0.7412553839299162,0.9277846071435929,0.049564528891597064,0.9789442274294933,0.9841568246026793
RipVIS-012_00048.jpg,0.8416159459708112,0.7084807063172024,0.8293692796149884,0.9762005093168649,0.7209330645172862,0.9116418176031975,0.05153029355847434,0.9762109374989407,0.9762060516473241
RipVIS-012_00049.jpg,0.842422181598417,0.7094065939950551,0.8300033432503622,0.9741946333624674,0.7229926501078493,0.9108968669410917,0.04121306375719859,0.9768272569433845,0.975592093683818
RipVIS-012_00050.jpg,0.8431958722068954,0.7105845789860892,0.8308090552380314,0.9697293848108371,0.7267037943249979,0.9089357959542657,0.05175397199122951,0.9771636284711619,0.9736746160039222
RipVIS-012_00051.jpg,0.8257196587344735,0.6780586506918613,0.8081465453097229,0.9648385887916378,0.6952382305615047,0.895395100454231,0.05127795526337413,0.9747938368044978,0.9701060427943122
RipVIS-012_00052.jpg,0.8480475651035523,0.7184726611437946,0.8361758407789716,0.9818569061887304,0.728139579087586,0.9178898930345232,0.04856867159077377,0.9788313802072712,0.9802560620280913
RipVIS-012_00053.jpg,0.8442634900295556,0.7108954252128944,0.8310214811924399,0.9846910543911325,0.7188402327804965,0.9168730750588693,0.029411764701231535,0.9787977430544935,0.9815796631131088
RipVIS-012_00054.jpg,0.8614170816575195,0.7418185213311057,0.8517747540819632,0.9769443590331602,0.7550367460600127,0.9227070719583765,0.05225342912275417,0.9819976128461567,0.979612239437764
RipVIS-012_00055.jpg,0.8584522518086869,0.7359420565370872,0.8478878125749981,0.9756891914402486,0.749689210340017,0.9202083176447741,0.04516238158911326,0.9819216579850456,0.9789751116873796
RipVIS-012_00056.jpg,0.8542023855946281,0.7281643430720312,0.8427026584492847,0.9589732974340929,0.7515776836723678,0.9088162711226023,0.04497041419358065,0.9812337239572686,0.970719228959015
RipVIS-012_00057.jpg,0.8730964687532122,0.7618965338362322,0.8648595637762352,0.9423002948894665,0.7991807735382757,0.909717350938725,0.06093965007648129,0.9850477430544867,0.9648173147932726
RipVIS-012_00058.jpg,0.8433276693645283,0.7061293750521729,0.8277559549440144,0.9209943886584026,0.7516603415422628,0.8812871151575309,0.051277163543408846,0.9813964843739351,0.9527360578304858
RipVIS-012_00059.jpg,0.8199197697294882,0.6634133687737972,0.7976530443095325,0.9353356647938161,0.695303473107196,0.874927303205501,0.03601800899849624,0.9774728732628283,0.9574542540100408
RipVIS-012_00060.jpg,0.8256980858727504,0.6739216201888164,0.8052009270455553,0.9370728473579494,0.7058661478209703,0.8794594014802102,0.042320578373775244,0.9784765624989383,0.9588064125489648
RipVIS-012_00061.jpg,0.8085003741699863,0.6420157705058569,0.7819849017748115,0.8864247311629385,0.6995615585761339,0.8414708834487334,0.05481891944294104,0.9760590277767187,0.9335232121417567
RipVIS-012_00062.jpg,0.8251177605017394,0.673403317562731,0.8048308623452781,0.9264232482046474,0.7114531477410097,0.8736287498856425,0.054293628798837736,0.97788845486005,0.9534877566033676
RipVIS-012_00063.jpg,0.8223451085421631,0.6682009911522157,0.8011036975714702,0.9186179829580937,0.7102454824290787,0.8677043936086906,0.038682497120129736,0.9775520833322726,0.9496102310847165
RipVIS-012_00064.jpg,0.8115966064456006,0.6482511353573699,0.7865926756565742,0.9221161910165669,0.6858005023569885,0.8626641842001468,0.03627338678192566,0.9760481770822742,0.9504379467413109
RipVIS-012_00065.jpg,0.8051011812153793,0.6365501150801474,0.7779170453927388,0.9190839004110446,0.6743414504565998,0.8568850966240599,0.025213199847012754,0.9748144531239422,0.9483539551880453
RipVIS-012_00066.jpg,0.7934445385206563,0.6147456192499491,0.7614148159578213,0.903503720234422,0.6579437370932859,0.8407464727746649,0.02864095843716942,0.9733289930544994,0.9401421724526099
RipVIS-012_00067.jpg,0.7941096887080041,0.6153957088048553,0.7619132642863755,0.8940960096639639,0.6637802896632483,0.8360763516984944,0.03167166416198057,0.9739561631933876,0.9359781314125515
RipVIS-012_00068.jpg,0.7915873958016993,0.6101259610565987,0.7578611559759227,0.8683009731138357,0.6723451048136508,0.8204752539718156,0.03086419752509087,0.9741395399294985,0.923807299425252
RipVIS-012_00069.jpg,0.8014233523958461,0.6284101753936155,0.7718082150177153,0.8689647326309679,0.6941924929438482,0.8273075839958408,0.04082774048455858,0.9754958767350527,0.9248976799365283
RipVIS-012_00070.jpg,0.8060641305656153,0.6363913750909209,0.7777984958586841,0.8627369872259512,0.7080857805558746,0.8266286182341828,0.039081311346715816,0.9767252604156068,0.922555565479035
RipVIS-012_00071.jpg,0.8167753481021114,0.6562585686753452,0.7924590774497398,0.8909725453492096,0.713561659137749,0.8487672107311623,0.04764492752760056,0.9782356770822719,0.9367384636098313
RipVIS-012_00072.jpg,0.79856102185682,0.6230817258614064,0.7677761580745083,0.8823173568896622,0.6795570209899011,0.832630728425638,0.030566909537841316,0.9751085069433864,0.9309824930626525
RipVIS-012_00073.jpg,0.8052348966485279,0.6352694401332589,0.7769599608997653,0.8830062939447657,0.693654227170057,0.8372938032359563,0.037904523504755136,0.9762272135406074,0.9319099622143608
RipVIS-012_00074.jpg,0.8028833323866106,0.6308243727493402,0.7736263736184654,0.8870967741727519,0.6858924395822673,0.8379356313083223,0.04079422381935122,0.9759711371517188,0.9336905349359658
RipVIS-012_00075.jpg,0.8165340575499049,0.656217926056968,0.792429445102379,0.8889522029291602,0.7148146111560489,0.8476524974679748,0.04456070719022899,0.9778298611100501,0.9356122975705548
RipVIS-012_00076.jpg,0.8258477363197685,0.6733689802915529,0.8048063376604855,0.8919487689877817,0.7331758490991188,0.8549212683815556,0.06390838565498552,0.9792534722211597,0.9377997382626144
RipVIS-012_00077.jpg,0.8312994833258507,0.6827923521443701,0.8114992337281457,0.8905746166309283,0.7453211151521061,0.8571645470134324,0.06667898040881437,0.9806477864572692,0.937821113365143
RipVIS-012_00078.jpg,0.8232268351538683,0.6677214070944366,0.800758932821717,0.8769530796351089,0.736746635444963,0.844799205589501,0.053781204101728854,0.9796039496517148,0.930794931852754
RipVIS-012_00079.jpg,0.8199746702834078,0.6613870933062858,0.796186627392266,0.8830373107430436,0.7248904023656472,0.8461183501160474,0.035527502247876014,0.9794238281239372,0.9335285910843956
RipVIS-012_00080.jpg,0.8481664499564365,0.7140187600631317,0.8331516278583002,0.9033050572265493,0.7731095770694852,0.8738721770794095,0.059959160931880605,0.9830620659711555,0.9451422275610926
RipVIS-012_00081.jpg,0.8479419059539836,0.7130569575849627,0.8324964963105697,0.8807322312300193,0.7892699462076694,0.8607823717612264,0.0559087509244748,0.9835297309017106,0.9346359603523314
RipVIS-012_00082.jpg,0.830707319916058,0.6807182764228055,0.8100325747294514,0.8506117493030118,0.7731488359096511,0.8339017813405606,0.03112767939773948,0.9814594184017128,0.919224092345636
RipVIS-012_00083.jpg,0.8418393188180443,0.700888740642701,0.8241441358214434,0.8775485138570978,0.7768668725095276,0.8553772039880092,0.022675736957166338,0.9834570312489329,0.9329500336992078
RipVIS-012_00084.jpg,0.8542372503739483,0.7236615207603124,0.8396793825751858,0.9215224949436247,0.7711879238509913,0.8869425629774258,0.035400083779765376,0.9853938802072642,0.9548411503859626
RipVIS-012_00085.jpg,0.8589318695401007,0.7325306164303277,0.8456192456091998,0.9582402196774927,0.7566866521929522,0.9097741285698218,0.07022727271131197,0.9858995225683747,0.9726506183185136
RipVIS-012_00086.jpg,0.7418771264424555,0.5207669599199023,0.6848741110831744,0.9482676033597246,0.5359947053257124,0.8218400878253088,0.02410456628346553,0.9644184027767313,0.9566862720929487
RipVIS-012_00087.jpg,0.7064145678895646,0.459921564560905,0.6300633893290477,0.9495483939674644,0.47144202830627097,0.7894304210858389,0.014141742520458104,0.9547233072906307,0.952245362291535
RipVIS-012_00088.jpg,0.6930992776677388,0.43828242972821035,0.6094525256920948,0.9630977547977442,0.4457683589872578,0.7816674123529079,0.03570214212245798,0.9499500868045248,0.956246100182879
RipVIS-012_00089.jpg,0.6689756152346766,0.3985205939994562,0.5699173765611508,0.9680914783292107,0.40382496904814347,0.7566401246100616,0.009269799965966856,0.9417675781239782,0.9543831898630466
RipVIS-012_00090.jpg,0.6586651489231998,0.3811336439764922,0.5519142128478616,0.9616913225612251,0.3870093520182708,0.741481601280207,0.022771317825779826,0.9386089409712037,0.9496778305023725
RipVIS-012_00091.jpg,0.6618238285267515,0.38559241493771634,0.5565740845298277,0.9517593486697459,0.39327867169500547,0.7412382700499933,0.011252446182117995,0.9403732638878685,0.9458333092758634
RipVIS-012_00092.jpg,0.6887229048599246,0.42907005733696,0.6004884856891095,0.9592553369110067,0.4370349678707302,0.7742277966223694,0.021771400293291866,0.9503038194434132,0.9545982572879816
RipVIS-012_00093.jpg,0.6973227724654703,0.4423330172718825,0.6133576808891728,0.9532039275511321,0.4521517896744767,0.780272162572768,0.02016949152200517,0.9540505642350758,0.9536440752373875
RipVIS-012_00094.jpg,0.6943304882426751,0.436790390131493,0.6080085071998826,0.9552092634457122,0.44592359513701074,0.7775927966797196,0.020374630295699206,0.9536024305545209,0.954374397294553
RipVIS-012_00095.jpg,0.7198477519363311,0.4798916683584279,0.6485497264684901,0.9708377518271817,0.48691053066294016,0.8098584627481816,0.02630674002298715,0.9612413194434014,0.965856029211865
RipVIS-012_00096.jpg,0.6483239067235419,0.3763951513177664,0.5469289120314091,0.9758363883476093,0.3799362628450116,0.7428241463919769,0.011573081867184871,0.923914930554553,0.9485935988797974
RipVIS-012_00097.jpg,0.6749390325844297,0.438020317325639,0.6091990663111744,0.9926444716084539,0.4394466491084861,0.7929925819240953,0.01650685762634945,0.9175238715267822,0.9524833278810091
RipVIS-012_00098.jpg,0.7129684610068564,0.5080595120539553,0.673792390808219,0.9977981498781672,0.5086297569513936,0.8368350022879893,0.041637061241773896,0.9242979600684416,0.9579236903086685
RipVIS-012_00099.jpg,0.8266836654182534,0.6929959521521971,0.8186622670553179,0.8702717622468946,0.7728312600774881,0.8488663235498679,0.010633077047172734,0.9636252170128433,0.9218111182584745
RipVIS-012_00100.jpg,0.8019208379568581,0.6496347735177063,0.7876104261944177,0.7528050015055391,0.8257902751127648,0.76635138667239,0.016876945761612822,0.9577907986100719,0.8671894935554216
RipVIS-012_00101.jpg,0.768765701873324,0.5993826496874903,0.749517508902083,0.824121876278,0.6872991415303782,0.7925661639432147,0.0012171002584486382,0.9433875868045319,0.8905856593498169
RipVIS-012_00102.jpg,0.7934630541847197,0.6484199620055366,0.7867169495043507,0.9976937465353305,0.6493933230907359,0.9010396870188856,0.009073143493987556,0.9447699652767526,0.9682230001444212
RipVIS-012_00103.jpg,0.651774579486299,0.4447826252091851,0.6157087127827088,0.9968606333965089,0.44540652087906174,0.7990108857161866,0.004129032257531738,0.8731217447907192,0.9279666323549358
RipVIS-012_00104.jpg,0.6348176031550545,0.42280090592205594,0.5943219520907698,0.9999462209351109,0.4228105202340229,0.7855039009890616,0.010602044678707302,0.8622851562490643,0.9233928155937179
RipVIS-014_00000.jpg,0.7715676546174657,0.589545516579821,0.7417787165331748,0.8060208365678369,0.6870212010163818,0.7790334041501799,0.036295120981337095,0.9564901620365758,0.8875790536789574
RipVIS-014_00001.jpg,0.7601078383166759,0.5698268255484905,0.7259741218263301,0.7595502147305294,0.6952408397137042,0.7457538548034718,0.02058274908210055,0.9534481095674414,0.8650655123663405
RipVIS-014_00002.jpg,0.7621068848477582,0.5737770188343355,0.7291719372790441,0.7506612416831094,0.708878747297522,0.7419152969548868,0.05253540429076973,0.9535368441353426,0.8613195550849067
RipVIS-014_00003.jpg,0.7568272230489133,0.5653582894154472,0.7223372351726189,0.7561294578489111,0.69143622143542,0.7422401316013696,0.0421059357202667,0.951554301697072,0.8627255562551955
RipVIS-014_00004.jpg,0.7931418075140679,0.6261751631940035,0.7701201904524482,0.7100488199527105,0.8412952371027439,0.7329165768484587,0.043981644896294976,0.962607060184721,0.8485450054434465
RipVIS-014_00005.jpg,0.8123046918760595,0.6586538461504521,0.7942028985482573,0.6973512643514698,0.9222959809443516,0.7331119446643036,0.03423213896109949,0.9680541087958294,0.8458271500522166
RipVIS-014_00006.jpg,0.8176979920512271,0.6676593493749396,0.8007143061023668,0.6740486387728478,0.9860014217229032,0.7195810933304448,0.03364341085010516,0.9697005208328657,0.8365493259862348
RipVIS-014_00007.jpg,0.8168527306727634,0.6656982509518935,0.7993023353076923,0.6703514983986616,0.9896802059098578,0.7165945602237858,0.034851485145754334,0.9699233217587915,0.8348328547141863
RipVIS-014_00008.jpg,0.8168440154904341,0.6657869712442929,0.7993662848100799,0.6723130620509776,0.9856298885585946,0.717958703519568,0.022848733636213404,0.9698302469131126,0.8356753928593961
RipVIS-014_00009.jpg,0.8165496497417386,0.6651481614439101,0.7989056792005056,0.6709592314434643,0.9871464477666385,0.7168833929446123,0.02643104110438486,0.9698693094131126,0.8350517921520954
RipVIS-014_00010.jpg,0.7480833397068067,0.5485422727610223,0.7084627683853687,0.6590911505612093,0.7658300514761186,0.6779903689147214,0.018209111080915736,0.9507581018513933,0.8194849078859664
RipVIS-014_00011.jpg,0.8117157519989577,0.6566228942795775,0.792724640649284,0.6599282251965812,0.9924298922944289,0.7073243220072586,0.03085131059840321,0.9687895447526192,0.8297138566423845
RipVIS-014_00012.jpg,0.8082667230195181,0.6491809404449508,0.7872767924055696,0.6759551178946154,0.9424942558004972,0.716479464350695,0.030889496051086103,0.9692124807094091,0.8360795490662292
RipVIS-014_00013.jpg,0.820390527234576,0.6713411173461352,0.8033561914782956,0.7285856097167357,0.8952283682040969,0.7567590733820957,0.02834508321619703,0.971235532406939,0.860552986480201
RipVIS-014_00014.jpg,0.8111678740025177,0.655921609442109,0.7922133580503166,0.74018662758873,0.8521068087082421,0.7601551819513253,0.04739133537596236,0.9684350887341009,0.8644094108194001
RipVIS-014_00015.jpg,0.7884364396300736,0.6160108616367083,0.7623845560206294,0.7371350518645321,0.7894251836526006,0.7470314611455584,0.03838718585760928,0.9631741898143503,0.8600017310224661
RipVIS-014_00016.jpg,0.8152330712429181,0.6631267999287273,0.797445871183298,0.7290049235812449,0.8800691341309047,0.7549214354246923,0.026813092774241383,0.969312307098298,0.8600145468225476
RipVIS-014_00017.jpg,0.7929582940604266,0.6242803026465555,0.7686854314854046,0.749960769161245,0.788369053505473,0.7573400881078749,0.03087420618626711,0.9639351851847203,0.8662389004254188
RipVIS-014_00018.jpg,0.7984648516328839,0.6331409171573981,0.7753659350589617,0.7149589959686801,0.8469224786764511,0.7379559623613235,0.03631402182785376,0.9659186921291638,0.8516873490324475
RipVIS-014_00019.jpg,0.7887789093930806,0.6160068723570763,0.7623815008392639,0.695285311105431,0.843810631153515,0.720654864525021,0.029058046574274726,0.9637847222217575,0.8417755259493807
RipVIS-014_00020.jpg,0.7901634016683681,0.6198944617023233,0.7653516650101826,0.6942152411842671,0.8527312691592308,0.7210216921431948,0.02752797418634393,0.9628308256168197,0.8413724649437427
RipVIS-014_00021.jpg,0.7943062324869774,0.626751969785888,0.7705562758511744,0.6977135509799993,0.8603819109274756,0.7251330498036208,0.028214037524099095,0.9641560570983004,0.8435121863156125
RipVIS-014_00022.jpg,0.8254200555786626,0.6815595430873244,0.8106279029953215,0.7052849786599261,0.9529648390870606,0.7439565091978301,0.0463982268159292,0.971175733024223,0.8509740769163308
RipVIS-014_00023.jpg,0.807069137362223,0.6504998515260294,0.7882458770591056,0.722408173804886,0.8672873516138427,0.7473778659245958,0.04326484818433035,0.9659432870365712,0.8558878370402883
RipVIS-014_00024.jpg,0.8183470694738878,0.6700534759324163,0.8024335574743381,0.7340690855689485,0.8848393952377808,0.7599676985568325,0.04014446450617138,0.9687572337958291,0.8625151054822664
RipVIS-014_00025.jpg,0.8329461566699945,0.6950451904417094,0.820090454651051,0.7203954521842968,0.9518108681488197,0.7572161033042157,0.05132413278244505,0.9726634837958272,0.858471195270631
RipVIS-014_00026.jpg,0.8318175576583628,0.6931945000630453,0.8188007934554884,0.7308502133655498,0.9308151749092558,0.7636613484460057,0.04983267859378491,0.9722911844131114,0.8628805042776272
RipVIS-014_00027.jpg,0.8553299804159182,0.7346165677330465,0.8470074382987242,0.7468437268303671,0.9781996920271995,0.7839252736404299,0.05214582371541718,0.9775332754624916,0.8726659168456663
RipVIS-014_00028.jpg,0.8567115848044636,0.7368000879276597,0.8484569905875644,0.74894007373471,0.9784736413427587,0.7858075374937377,0.042187258981784104,0.9780589313266889,0.8737340401115723
RipVIS-014_00029.jpg,0.8536329195749275,0.7306087666617512,0.8443372999560788,0.7354090470416885,0.9911449719738673,0.7754241439866143,0.024399873655685418,0.9780468749995284,0.8674151318884342
RipVIS-014_00030.jpg,0.8364015344113918,0.698839437815287,0.8227257058665848,0.7028054395503753,0.9919897226547102,0.746318721928478,0.01565133638208112,0.9754470486106407,0.8511523915142818
RipVIS-014_00031.jpg,0.8221240954337701,0.6727363359097306,0.8043543043427197,0.6773321209433151,0.9900148439572113,0.7230022033872667,0.031514852297250484,0.9730878665118764,0.8383622642527522
RipVIS-014_00032.jpg,0.8322016916957273,0.6902425454080825,0.8167378667437747,0.6990946583561479,0.9819858217633021,0.7418364088215542,0.03333333333058306,0.9755676118822456,0.8490057819688075
RipVIS-014_00033.jpg,0.8663294508590446,0.7525257672806275,0.8587899605588253,0.7700275072628963,0.9706822458240222,0.8032357072823132,0.07663391712288475,0.9812649498452057,0.8840846769688232
RipVIS-014_00034.jpg,0.86012547372091,0.7418980491751958,0.851827177286858,0.7580615970246322,0.9720628366026293,0.7929766196326148,0.05982187867082659,0.9796209490736016,0.8781185313805879
RipVIS-014_00036.jpg,0.8342176862798265,0.6960472768898845,0.8207875881458406,0.7110903523753692,0.9705035178492241,0.7512519037465732,0.028908696697269035,0.9740301890427402,0.8545589533105247
RipVIS-014_00037.jpg,0.8538439900216188,0.7314958532135738,0.8449293734731762,0.7526906711436533,0.9629321846455766,0.7870591358383195,0.03927395389613091,0.9776422646600224,0.8750697544239302
RipVIS-014_00038.jpg,0.8540834479619956,0.7323301932958257,0.8454856887329765,0.7469126479736345,0.9740326636898612,0.783448773378437,0.027018229164467916,0.9773350694439731,0.8725549047508784
RipVIS-014_00039.jpg,0.8753972657397286,0.7713656842133452,0.8709276589107064,0.8013219006740423,0.953776152400112,0.8277849951282884,0.050864699893958566,0.9807638888884159,0.8989497321761224
RipVIS-014_00040.jpg,0.8630621871164191,0.7491361437414716,0.8565784274962607,0.7744431214197168,0.9582027768925302,0.805331671112142,0.04711514234928066,0.9784678819439726,0.8856921894715577
RipVIS-014_00041.jpg,0.8490098503225649,0.7242230431606412,0.8400572606118074,0.7582481867860995,0.9416544408013933,0.7889822374984043,0.03368176538647451,0.9754836998452086,0.8769444188578259
RipVIS-014_00042.jpg,0.8216898620682735,0.6768253461679232,0.8072699374621017,0.7740842757137084,0.8434284435996705,0.7870256555358162,0.04132231404656459,0.9687437307094093,0.8804049615565659
RipVIS-014_00043.jpg,0.8378741171655992,0.7056002609240222,0.8273922994614902,0.777828339003057,0.8837026730266045,0.7969238526322575,0.05571558519892999,0.9721412037032349,0.8841080344452058
RipVIS-014_00044.jpg,0.8287813257202095,0.6900270074075846,0.8165869591232757,0.7761203976188364,0.8615054585301621,0.7918160051580562,0.03517479499099591,0.9697236689810138,0.882127628424743
RipVIS-014_00045.jpg,0.817972712502944,0.6717074538054298,0.8036184229200786,0.7548921719868498,0.8590690072072096,0.7736559804669416,0.03144921376742816,0.9666763117279289,0.8712981072134178
RipVIS-014_00046.jpg,0.8566031304363404,0.7389419544413827,0.8498753538656904,0.7563075766080826,0.9698635421120327,0.7911484514510027,0.047797410630421186,0.9760117669748379,0.8769948079945213
RipVIS-014_00047.jpg,0.8032503658032197,0.6462961004536073,0.7851517115001755,0.7346982510755146,0.8430456426507345,0.7540809998261806,0.02344905288194852,0.9629021990736097,0.8603977229315096
RipVIS-014_00048.jpg,0.7866466480988068,0.6198174363905326,0.7652929552007818,0.7643906239339284,0.7661974193102472,0.7647513009853382,0.03136837907680146,0.9567558834871929,0.8703457433165038
RipVIS-014_00049.jpg,0.7956256562243147,0.6365186500861497,0.7778935486652011,0.8135974401255703,0.745191578469891,0.7989296756398918,0.05439189188821676,0.9580574845674392,0.8929952008781326
RipVIS-014_00050.jpg,0.8015496979157831,0.6468239610214871,0.7855411098345655,0.8078026481672561,0.7644736384075916,0.7987483205820527,0.03101132472800821,0.9595172646600311,0.8913259237180491
RipVIS-014_00051.jpg,0.7979451031788994,0.6410782885123812,0.7812890987589768,0.8279726261717922,0.739588905016717,0.8086453790499106,0.037051740106057184,0.9581867283945996,0.8995346126361434
RipVIS-014_00052.jpg,0.7839011285940451,0.6171338065987453,0.7632439617309577,0.7891052433042343,0.7390239890034787,0.7785532386876837,0.022194497339142787,0.9543021797834904,0.8802077064665887
RipVIS-014_00053.jpg,0.7734398405561095,0.6010758592068088,0.7508399502127134,0.8499066191753718,0.6724571192898857,0.8073001810090092,0.06365313652745061,0.9498953510797888,0.9047747668904602
RipVIS-014_00054.jpg,0.7752958189541075,0.6035887480290203,0.752797434842187,0.8358570726737825,0.6847530935145156,0.8005267392010191,0.03240432863597096,0.9509601658946031,0.8990542121218024
RipVIS-014_00055.jpg,0.7936324797158286,0.6330061907975696,0.7752649002370355,0.8172729183577724,0.7373642083933684,0.7999350075226682,0.02077115912493905,0.9576036844131184,0.894333425537237
RipVIS-014_00056.jpg,0.7725462280806099,0.5951530580176143,0.7462018206042801,0.7750158120827516,0.7194535552279748,0.7632272461726146,0.016317584022386897,0.9533709490736143,0.8728461990012142
RipVIS-014_00057.jpg,0.78021301944234,0.6081849475134581,0.7563619451280412,0.7964383104190749,0.7201255962767942,0.7799087076508568,0.02297239656188091,0.9555372299378108,0.8835352473150306
RipVIS-014_00058.jpg,0.7917698841094796,0.6289825326187964,0.7722397509169445,0.819480203759133,0.7301489627704804,0.799907023300263,0.03634047199925132,0.9578076774686739,0.8952582181697581
RipVIS-014_00059.jpg,0.7852969462800412,0.617500740299431,0.7635245226349875,0.8227797443193088,0.7122308476708242,0.7980072097328113,0.02239620098681921,0.9563951581785511,0.895838144166183
RipVIS-014_00060.jpg,0.7765127073600587,0.6009944385396506,0.7507764225437892,0.7921211365292177,0.7135335811712888,0.7750485906492953,0.04013022390272206,0.9552633101847245,0.881276443837038
RipVIS-014_00061.jpg,0.7739704031225962,0.5980131954415066,0.7484458791046273,0.8171833964277022,0.6903748811354472,0.78822698550909,0.05337041451109983,0.9533989197526266,0.8916046940411466
RipVIS-014_00062.jpg,0.7753570995277066,0.6006844887854853,0.7505345281895659,0.8096437487040046,0.6994687908565471,0.7849169300670602,0.038009226168669405,0.9535233410489229,0.8883828001907761
RipVIS-014_00064.jpg,0.7562468078097115,0.5665078312730317,0.7232748154379233,0.8345347893179197,0.6381913066178806,0.7861613159940567,0.04000517866131505,0.949547164351394,0.8969741238948317
RipVIS-014_00065.jpg,0.7551802109076899,0.564261584015664,0.721441464498707,0.809522099955067,0.6506473145551965,0.7718291185746038,0.05215449290251219,0.9496156442896655,0.8857093770713445
RipVIS-014_00066.jpg,0.756313933918801,0.5657198287654595,0.7226322594528536,0.847154153187859,0.6300257392973827,0.7925277223698017,0.03399303044026609,0.9503423996908997,0.9030135929172773
RipVIS-014_00067.jpg,0.7683693869878825,0.5867321888277023,0.7395478492954598,0.8502443853192461,0.6543549062897381,0.802213800704232,0.04351681331126684,0.9533198302464538,0.9061388927121965
RipVIS-014_00068.jpg,0.7578856964841114,0.5678932709042416,0.72440296982297,0.832542147844181,0.6411267958821063,0.785630451047393,0.03833037784488266,0.9512196180550968,0.8968314305504204
RipVIS-014_00069.jpg,0.7544521581679156,0.5621056381006084,0.7196768571734784,0.8300958106279034,0.6351848657321066,0.7820973931266904,0.06983812822012878,0.9501996527773195,0.8951582553301594
RipVIS-014_00071.jpg,0.7528980626169673,0.5609536606690543,0.7187319839188806,0.8101025446210945,0.645883505156461,0.7709014518779541,0.038821864255656674,0.948473668981024,0.8854078227688567
RipVIS-014_00072.jpg,0.7703097936996997,0.5902050960121349,0.7423005969383851,0.8803566878924818,0.6416742881784888,0.8193986476151857,0.049409237375845245,0.9537196180550956,0.9200429479322161
RipVIS-014_00073.jpg,0.7861381031099433,0.6152557856244452,0.7618060137597242,0.8531370554424048,0.6881385844289216,0.8140970227978668,0.03479408292000875,0.9597844328699076,0.9108080093645814
RipVIS-014_00074.jpg,0.7827424105123458,0.6083791615174332,0.7565121161398969,0.8433030628464453,0.6859188190282538,0.8063018316440979,0.042001850926033896,0.9597853973760804,0.9062040149059141
RipVIS-014_00075.jpg,0.7916223657362005,0.6226692426021764,0.7674629262136496,0.842858949015878,0.7044481274223082,0.8109900860777389,0.05065818665503193,0.9629836998452146,0.9076143079286284
RipVIS-014_00076.jpg,0.7801875883111515,0.6029710172642379,0.7523168051950406,0.8343012283492746,0.6850034524154157,0.7994527842393739,0.06043580593269791,0.9599922839501543,0.9020831399144693
RipVIS-014_00077.jpg,0.7974642500182746,0.6330240709720821,0.7752783100071085,0.8710657546879099,0.6984704468442124,0.830044195624062,0.03378678101184483,0.9642534722217572,0.9212092173291295
RipVIS-014_00078.jpg,0.7992794016652967,0.6354000010125839,0.7770576013442165,0.8598252884880112,0.708825329189375,0.8246888513869844,0.030891504833853826,0.9653814621908925,0.916586074034589
RipVIS-014_00079.jpg,0.8540230007129548,0.7318412797587026,0.8451597595140705,0.8580375924485442,0.8326627639694677,0.8528396513884974,0.02651220649770547,0.9776557677464421,0.9224224915252002
RipVIS-014_00080.jpg,0.8734468941700817,0.7664037157133686,0.8677560049219594,0.8602638456864038,0.8753798112285507,0.8632451307261456,0.0415745969357906,0.9816637731476747,0.9255277843812391
RipVIS-014_00081.jpg,0.9220274180437737,0.8549714620765854,0.9218162969682243,0.8718075305018822,0.9779114116497187,0.8911454772122802,0.08775689100148466,0.9897434413575473,0.9351700047540468
RipVIS-014_00082.jpg,0.9153154155888645,0.8426627643878913,0.914614199270275,0.8548567225916944,0.9833540917523766,0.8777975277287914,0.05152581043335623,0.9886964699069306,0.9268769151312659
RipVIS-014_00083.jpg,0.9364352620500981,0.8812754655197227,0.9368914671688028,0.9183824305706262,0.9561619096152004,0.9256975876156057,0.03664223850417415,0.9920886381168055,0.9577530435328824
RipVIS-014_00084.jpg,0.943167199809982,0.8939658676720418,0.944014760699838,0.9390432098695085,0.9490392331964307,0.9410255332310362,0.09987704529463,0.9928298611106323,0.9677869112673276
RipVIS-014_00085.jpg,0.9494068615539217,0.9053592466016215,0.950329181456369,0.9177557458245624,0.9852999282253853,0.9305134387189239,0.06792640476698891,0.9938401813266812,0.9584081389314212
RipVIS-014_00086.jpg,0.9500228051175339,0.9065138810634757,0.9509648894429362,0.9157045694250184,0.9890494431703354,0.9294901979846096,0.07478805005300887,0.993913483795817,0.9575030490872282
RipVIS-014_00087.jpg,0.9338136390933943,0.8763798666005267,0.9341177468379906,0.9183729162964714,0.9504118616070416,0.924606724079507,0.0687160940260097,0.9917587770056946,0.9575587465184288
RipVIS-014_00088.jpg,0.9199772986138195,0.8508764566748445,0.9194308497537105,0.8987292205327023,0.941108661166368,0.9068969887647151,0.040667650309787196,0.98971884645014,0.9474009832829908
RipVIS-014_00089.jpg,0.936842556947479,0.8819656335249575,0.9372813379944872,0.8978390749866403,0.9803482465882841,0.9132108100263931,0.03815892997264369,0.9922019675921141,0.9482949977752246
RipVIS-014_00090.jpg,0.9213071603024139,0.8531256032714399,0.9207423412264807,0.8723105603620842,0.9748682544141929,0.8910587198578117,0.04037297886713888,0.990093557098288,0.9353611929809227
RipVIS-014_00091.jpg,0.9271252353848531,0.8638310248237624,0.9269413517842299,0.886321757612098,0.9714629140455493,0.9021347746390534,0.05930619027219503,0.9909683641970529,0.9422611878973101
RipVIS-014_00092.jpg,0.9492025664403927,0.9050313402389277,0.9501485053000959,0.9132046652610073,0.9902075075695629,0.9276320050854325,0.07313464383078264,0.9937673611106319,0.9562882096291694
RipVIS-014_00093.jpg,0.9452575212368493,0.8977690060951261,0.9461309603136444,0.9056519836573391,0.9903977286242561,0.9214206957752791,0.0625261396839684,0.9931804591044593,0.9525151184912224
RipVIS-014_00094.jpg,0.9139244766298822,0.839811688484176,0.912932224249644,0.8576815250851018,0.9757914041864622,0.8789593897691523,0.06981073533252552,0.9887432484563133,0.9280546087917485
RipVIS-014_00095.jpg,0.9169819358754223,0.8453631890525855,0.9162025058997706,0.8564759725340153,0.9848835702870674,0.8794071207967519,0.032982598135068535,0.989269386573597,0.927754701900364
RipVIS-014_00096.jpg,0.9201047903839018,0.8513410749093868,0.9197020327019487,0.8796471953954211,0.963578700860219,0.8952430352936092,0.06859352736936764,0.9895355902773005,0.9386082268398566
RipVIS-014_00097.jpg,0.9183761767604812,0.8481935584831732,0.9178622602486421,0.8713458471978673,0.969625277240596,0.8893749277247244,0.08442096539419712,0.9892462384254489,0.9346621042315522
RipVIS-014_00098.jpg,0.9100954005303155,0.8327642027002503,0.9087521476830693,0.856993553901976,0.9671645808024638,0.8769729900444304,0.05658860186384675,0.9881674382711284,0.9274227404117372
RipVIS-014_00099.jpg,0.9134514443631889,0.8391634750594738,0.9125490870596344,0.8864555854915248,0.9402253427582601,0.8967118455841948,0.06651143955593121,0.9884765624995233,0.9411775681934061
RipVIS-014_00100.jpg,0.9051267408829149,0.8236630006952957,0.9033061485386974,0.89559183433551,0.9111545142056524,0.8986616944028211,0.0770319449982782,0.9873808834871781,0.9447197104571451
RipVIS-014_00101.jpg,0.9019048941004009,0.8174575470673603,0.8995616413559759,0.8685404697776995,0.9328808210759308,0.8806886055339745,0.06759742867942975,0.9871383101847091,0.9320510715232533
RipVIS-014_00102.jpg,0.9149478805665343,0.841664023821121,0.9140255909162192,0.8630794573171359,0.9713635531714021,0.882760854820259,0.07891208579975942,0.988924575616807,0.9306083841943877
RipVIS-014_00103.jpg,0.9125424188031019,0.8371083100301967,0.9113325604808102,0.8519125142901888,0.9796630809743888,0.8747258100293,0.07017543858976365,0.988676215277301,0.9253079497834805
RipVIS-014_00104.jpg,0.9032639248191172,0.819681205108988,0.9009063816317144,0.8334983862749556,0.9801767835366749,0.8592137675145529,0.047538039878316035,0.9875887345674249,0.9161372673607644
RipVIS-014_00105.jpg,0.9113195545760089,0.8346183173710453,0.9098549921457549,0.8436422805943175,0.9873462126254952,0.8689362565439254,0.07661526448598328,0.9887037037032269,0.9214293594707315
RipVIS-014_00106.jpg,0.8497092009992351,0.7234448010529838,0.8395334745980565,0.8804741970396398,0.8022309453660305,0.8636279119560287,0.07880830205416188,0.9773943865736027,0.9324232939678156
RipVIS-014_00107.jpg,0.7621266429261301,0.5715605701788942,0.7273796263720618,0.9067184242830656,0.6072686550935479,0.8253234998323835,0.03925395792385932,0.9555010609563294,0.9328185480303866
RipVIS-014_00108.jpg,0.7471229722761727,0.5462095752892043,0.7065142837277293,0.896756419197761,0.5828629821668487,0.8095606981500986,0.03360690533227629,0.9510951967588006,0.9258345511961174
RipVIS-014_00109.jpg,0.8413869696293117,0.7087870768448223,0.8295791634304225,0.9072939170751781,0.7641274143891119,0.8745238530329623,0.057408329180570074,0.9755357831785418,0.9438114167038318
RipVIS-014_00110.jpg,0.8228651430323853,0.6760678285304945,0.8067308697443852,0.9012247459936557,0.7301719651768723,0.8608897057183017,0.06910770245183014,0.971468942900766,0.9388316262001416
RipVIS-014_00111.jpg,0.7959547271665928,0.6281180687650286,0.7715878606291411,0.9114739844645767,0.6689261425615352,0.8498444769033623,0.057940941735200244,0.9658781828699046,0.9405121720788948
RipVIS-014_00112.jpg,0.8547229099815502,0.7322062501839363,0.8454030807315077,0.9179341871554049,0.7834947824578308,0.8874778283954333,0.06243107981487564,0.978573013116812,0.9503206251845797
RipVIS-014_00113.jpg,0.858775716070049,0.7391621264300856,0.8500209557200243,0.9320621270822074,0.7812540805882501,0.8974158981958685,0.07419326780254037,0.9796363811723671,0.9574191753103288
RipVIS-014_00114.jpg,0.9463222766079088,0.8994669099560447,0.9470729974199542,0.9315746727819044,0.9630957282682758,0.9377127324236836,0.08367472346541635,0.9935701195982862,0.9646126031021828
RipVIS-014_00115.jpg,0.9503004312034742,0.9068848630011079,0.9511689778415122,0.9473450731485433,0.9550238775857676,0.9488709395877303,0.0960798585737673,0.9940784143513725,0.9722264784944485
RipVIS-014_00116.jpg,0.7955648726320418,0.626717414025427,0.7705301592297712,0.9277546323776713,0.6588725266389455,0.8577463569385811,0.053673703153847674,0.9664187885797808,0.9483375579752098
RipVIS-014_00117.jpg,0.8159754296943555,0.6621098108742977,0.796710068784224,0.922063640050985,0.7013608122400281,0.8674689581855777,0.0767200272414237,0.9715239197526179,0.9483867629879965
RipVIS-014_00118.jpg,0.8346874508822734,0.6948642144184684,0.819964465008055,0.910035598568777,0.7461172180343014,0.8717325069579823,0.050389566391396544,0.9759090470674306,0.9450852581455218
RipVIS-014_00119.jpg,0.8159029101803001,0.6614381142199055,0.796223595159872,0.9148479888991604,0.7048311759254587,0.8633952375734999,0.07266260161986259,0.9719892939810127,0.9452363913813604
RipVIS-014_00120.jpg,0.8763740747045625,0.7702747921941194,0.8702318934784391,0.9340009250993354,0.8146140180706593,0.9074037574601272,0.07386363635707886,0.9834461805550813,0.9602855862515207
RipVIS-014_00121.jpg,0.7489761127185706,0.5460943099416222,0.7064178510070861,0.9086957913705741,0.5777984751754471,0.8153121579735083,0.051552019961663385,0.954493634258799,0.933062821690832
RipVIS-014_00122.jpg,0.7543286367313542,0.5549844175672054,0.7138134778681399,0.9267041409875328,0.5804641293956454,0.8279336126762828,0.05097342272792847,0.9562032214501561,0.9423774591537686
RipVIS-014_00123.jpg,0.7384033762816398,0.5279604798846015,0.6910656222266631,0.920763076915522,0.5530895595187951,0.8127110211140611,0.066030230702782,0.9516145833328744,0.9371520875871329
RipVIS-014_00124.jpg,0.7766958263758196,0.5920307584728738,0.7437428646677259,0.9129558684435963,0.6274477397552406,0.8368017341497376,0.06850610279624324,0.9634124228390416,0.9397419385308052
RipVIS-014_00125.jpg,0.7866822403352707,0.6099171934983846,0.757700080428387,0.9295214089007867,0.6394907074611842,0.8522193402035523,0.06555526612263998,0.9654234182094109,0.948580947809579
RipVIS-014_00126.jpg,0.7910259326045795,0.617792421742923,0.7637474541725774,0.9375543284715376,0.6443042367589402,0.8593307767136156,0.07826855122983493,0.9662114197526205,0.9527691818798658
RipVIS-014_00127.jpg,0.828950479688431,0.6847183056297791,0.8128579161770533,0.9453132765568958,0.7129594922113541,0.8874680386460206,0.056022158679769285,0.9746585648143448,0.9608929625507068
RipVIS-014_00128.jpg,0.7920929198567347,0.6201437917628776,0.7655416697157472,0.9397240793031718,0.6458333333297057,0.8613330177032518,0.050155118920186564,0.9660358796291637,0.9537049277341323
RipVIS-014_00129.jpg,0.8230964798861522,0.6751468496129414,0.8060748223583389,0.9634974949984979,0.6928692109761471,0.8936845190457605,0.07591759002112901,0.9726895254624939,0.9683812104341389
RipVIS-014_00130.jpg,0.9538479544308097,0.9133457158683583,0.9547105975606116,0.9650552325982921,0.9445853832423299,0.9608905935916442,0.0659180702780289,0.9946677276229771,0.9807770870691237
RipVIS-014_00131.jpg,0.9465599480788897,0.8997206270301125,0.9472136210224462,0.9610564010663396,0.9337639535370422,0.9554710189119606,0.06549960660252757,0.9937683256168047,0.9784226829708912
RipVIS-014_00132.jpg,0.8499976265674437,0.7218924569658166,0.8384872749113248,0.9660354803977164,0.7406917896421457,0.9106267412655019,0.0633593459621554,0.9792804783945894,0.9730484119121997
RipVIS-014_00133.jpg,0.788220640992544,0.6124769093277396,0.7596721612380649,0.9493933317392058,0.6331476622980153,0.8631661890010738,0.04164934740696239,0.9659061535489168,0.9581465520603218
RipVIS-014_00134.jpg,0.761629092872895,0.5664215422848948,0.7232044848651299,0.9479783142974163,0.5845925519017171,0.8431562541420808,0.031153942009541087,0.9591406249995375,0.9538924809238745
RipVIS-014_00135.jpg,0.7942092876208968,0.6228170666929904,0.7675751992948653,0.9490841274221097,0.644346287705998,0.8670695616183431,0.0466625734543757,0.9674503279316322,0.9588184894425045
RipVIS-014_00136.jpg,0.6972048078611351,0.46022755751399164,0.6303504616739598,0.9236572750591104,0.4784264345086801,0.7787196329450478,0.0212276030782739,0.937679398147696,0.9310962917232015
RipVIS-014_00137.jpg,0.7389403214926774,0.5300906349940706,0.6928878889532251,0.9356139269182328,0.5501600370133889,0.8206245099448292,0.038322431701552716,0.9506939621908995,0.9436305172405952
RipVIS-014_00138.jpg,0.7755097525425152,0.5918043932756775,0.7435642165276842,0.9428508600392328,0.613822905617106,0.8515585462591359,0.06842492038307954,0.9614920910489191,0.9527581133682862
RipVIS-014_00139.jpg,0.8041588825332904,0.64232901038238,0.7822172126556151,0.9339686861737677,0.672886448575898,0.8667112980919339,0.04427836708098052,0.9679465663575579,0.9520734865070428
RipVIS-014_00140.jpg,0.7898623522352237,0.6185815502877429,0.7643501807836308,0.9487084500555771,0.6399847978392113,0.8652322029364978,0.07066203143359567,0.9634466628081774,0.956568721019623
RipVIS-014_00141.jpg,0.8049133527776655,0.645154804982601,0.7843089331516424,0.941473395965264,0.6721104583060046,0.871610045547616,0.05068240501286002,0.96680410879583,0.9550062977956427
RipVIS-014_00142.jpg,0.7907032607782003,0.6211691121021251,0.7663224119742479,0.9589944691196013,0.6381178386988465,0.8713618594765005,0.04072528421062561,0.9626711998452148,0.9609581680189901
RipVIS-014_00143.jpg,0.8252686822474256,0.6813302552172871,0.8104657048822751,0.9613034928854167,0.7005436506595973,0.894697725361341,0.06000618620012325,0.9711091820982971,0.9665430098072597
RipVIS-014_00144.jpg,0.8109127876519185,0.6558561272095521,0.7921655951049328,0.9555266363447137,0.6765069824959342,0.882713106882298,0.052398135614764835,0.9680420524686689,0.9622103574951634
RipVIS-014_00145.jpg,0.812366845672113,0.6597887644235518,0.7950273897084704,0.9502001209295531,0.6834210921406242,0.8813886622320571,0.050902654863652905,0.9671764081785459,0.959297738224822
RipVIS-014_00146.jpg,0.8579752227842954,0.7399603827763302,0.8505485413358992,0.9737993831621838,0.754991545538751,0.9204474941245226,0.0761570483979955,0.9775255594131088,0.9757934265479609
RipVIS-014_00147.jpg,0.8573290725916889,0.7392059621298233,0.8500499402895275,0.9604414382274087,0.7624188233655171,0.9130141093689296,0.070289619258844,0.9770490933637264,0.9693485674438964
RipVIS-014_00148.jpg,0.9228251267789118,0.8602374694056203,0.9248684466940469,0.9044167862181001,0.9462664576576458,0.9124879421350673,0.05576499039364357,0.9866145833328576,0.9496347835238479
RipVIS-014_00149.jpg,0.9235636527303739,0.8618233477167969,0.9257842305755523,0.9043073135467462,0.9483061002126998,0.9127773840030533,0.07093525179345789,0.9865379050921168,0.9496308864517964
RipVIS-014_00150.jpg,0.8695515821988442,0.7669087667862448,0.8680796441812245,0.8773099657215103,0.8590415278572817,0.873594381749129,0.047222575311604,0.9745249807094065,0.9310519071859092
RipVIS-014_00151.jpg,0.8654704623604514,0.7605965596825479,0.8640214085385816,0.8821361343414764,0.8466356868469503,0.8747998534054808,0.03733101822911255,0.9728978587958271,0.9324257382227485
RipVIS-014_00152.jpg,0.9007077532725009,0.8215423717688706,0.9020293840006411,0.8687519453720115,0.9379577423417313,0.8817638687328311,0.050017082333446046,0.9815798611106378,0.9312680690283487
RipVIS-014_00153.jpg,0.908682851156425,0.8359554435341606,0.9106489446442891,0.8626073830462769,0.9643573083051752,0.8812026279371047,0.03355079216924838,0.9830189043205135,0.9295262310721705
RipVIS-014_00154.jpg,0.9013940669947189,0.823510864469643,0.9032146509411185,0.8593426117815693,0.9518072916345964,0.8763698521791566,0.023657331135179087,0.9811043595674281,0.9271840003649212
RipVIS-014_00155.jpg,0.8968910234988628,0.8159806082712734,0.8986666537679032,0.8542270031680493,0.9479838380492001,0.8714648037398606,0.03771674471347192,0.9797907021600213,0.9243668379342177
RipVIS-014_00156.jpg,0.8875580268192118,0.7988204632131458,0.888160302319723,0.8239551769971548,0.9632171494858759,0.84849012394654,0.06269153896984067,0.9783347800921208,0.9101435501245831
RipVIS-014_00157.jpg,0.7846820740161267,0.6251774493295861,0.7693651540482335,0.7264825061162701,0.817627912787262,0.7430488409335141,0.045845939024560974,0.9489400077155917,0.8524819858571073
RipVIS-014_00158.jpg,0.8464266478509915,0.7289158063820091,0.8432056710816525,0.7397740710366992,0.9802609765175664,0.7779446192082492,0.06101269169348145,0.9671252893513854,0.8688762584602783
RipVIS-014_00159.jpg,0.7532141880764309,0.5759166688120799,0.7308973630518214,0.7279603950692192,0.7338581255202754,0.7291323453133206,0.050984046924456766,0.9365036651230052,0.8462430743586332
RipVIS-014_00160.jpg,0.8378785043669175,0.7136689615005056,0.8329134477356817,0.7221090589311833,0.9838863913596331,0.7626942457751171,0.0731427026246777,0.9653612075612629,0.8602515405499612
RipVIS-014_00161.jpg,0.8385635666621549,0.7147983137845292,0.8336820814886179,0.7599621057607736,0.9232408831405371,0.7878282085384866,0.051191526916454955,0.9655787037032381,0.8759355368122944
RipVIS-014_00162.jpg,0.8514598001492675,0.7358594920912125,0.8478330134943273,0.7472518049735588,0.9797024221009218,0.7844778774285949,0.04130347324384447,0.9698288001538533,0.8726448423003269
RipVIS-014_00163.jpg,0.8528670660457469,0.7385598146539359,0.8496225535972691,0.7442133888173693,0.9898188772584665,0.7830745186830713,0.0497007196146546,0.9699599729933593,0.8716140833028356
RipVIS-014_00164.jpg,0.862005044393324,0.7544349484117844,0.8600318285893044,0.7645188977465699,0.9828172215853022,0.8000599404026298,0.04273561524263275,0.9721759259254571,0.8814181281052863
RipVIS-014_00165.jpg,0.8591110299657629,0.7492373892265285,0.8566446084917309,0.7617845044887167,0.9784895981072488,0.7970906763674338,0.044494922498363516,0.9716150655859512,0.8798432742514614
RipVIS-014_00166.jpg,0.8602398523704714,0.7512259814215788,0.8579429375662438,0.7674951532412595,0.9725568351148154,0.8012850252620356,0.047968510237643036,0.9718658371908894,0.8823997390983631
RipVIS-014_00167.jpg,0.8554940349988659,0.7431240204225731,0.8526347083926051,0.7648500038994438,0.9631828135442512,0.7977015860955456,0.03532875367776717,0.970597511573606,0.8805959129779194
RipVIS-014_00168.jpg,0.8604934882608711,0.752088644334149,0.8585052437457779,0.7918661664557238,0.9373908757678026,0.8172405754172324,0.059435661392873346,0.9715798611106425,0.8927019907064859
RipVIS-014_00169.jpg,0.8684439480008046,0.7659080550802019,0.867438203112355,0.8175956786016505,0.92375227966955,0.8368291772581352,0.06292074917930275,0.9734963348760738,0.9047944320076777
RipVIS-014_00170.jpg,0.9045481637307793,0.8286894705219559,0.9063206015895374,0.8721246010227693,0.9433076906859232,0.8854885998626775,0.059102313907227325,0.982103105709403,0.9331740799216313
RipVIS-014_00171.jpg,0.9225925113738627,0.860925232286048,0.9252657950458837,0.8940319526009127,0.9587610075616514,0.9062689823351681,0.028869947757157687,0.9856573109563148,0.9448959550973006
RipVIS-014_00172.jpg,0.8427450550239068,0.7233975896130568,0.8395016843158943,0.9166576814077934,0.7743258964210334,0.8841537494268197,0.0429205422795963,0.9655116705242257,0.9437505598014793
RipVIS-014_00173.jpg,0.8249906176358266,0.6929082012968409,0.8186010331405369,0.9048322618538174,0.7473755530491446,0.8682478567635232,0.026084865967899697,0.9608637152773144,0.9358778200500135
RipVIS-014_00174.jpg,0.8520337347349689,0.7379682638172517,0.8492310005665896,0.9276841262297616,0.7830125733265902,0.8946254358677853,0.040768131250962146,0.9690538194439771,0.9505137897809619
RipVIS-014_00175.jpg,0.7949200571803369,0.6451420650926663,0.7842995189066875,0.924059647903084,0.681261575528451,0.8625761217109547,0.043364449052039095,0.9497501929007766,0.9383141699071031
RipVIS-014_00176.jpg,0.8324223688762294,0.7058177033393198,0.8275417730248742,0.9154352286582319,0.7550475772005523,0.8781287052168507,0.05243291064273471,0.9626943479933628,0.9416255153110815
RipVIS-014_00177.jpg,0.7862760496429511,0.6301645095798014,0.77312995820555,0.9411050918662014,0.6560359869308255,0.8658564954301746,0.056547945202380934,0.9475376157402838,0.9446589137531907
RipVIS-014_00178.jpg,0.9201553136727414,0.8562834129262894,0.9225783163966582,0.932931564718229,0.9124523371822482,0.9287625056052945,0.07682666076260218,0.9854152199069321,0.9618687541943759
RipVIS-014_00179.jpg,0.9079821184345643,0.8343672633067055,0.9097057933781929,0.9099340009056257,0.9094777002842871,0.9098427041603182,0.06624119717823934,0.9831582754624888,0.9503107394168651
RipVIS-015_00000.jpg,0.7980339459355632,0.621005454474919,0.7661978591874349,0.6731107532580334,0.88916377895319,0.7074927071007395,0.003852150783834527,0.9760414255400057,0.8339570650161792
RipVIS-015_00030.jpg,0.47022412712185685,0.0,0.0,0.0,0.0,0.0,0.0,0.9404482542437137,0.4999999999999359
RipVIS-015_00060.jpg,0.47022852768127044,0.0,0.0,0.0,0.0,0.0,0.0,0.9404570553625409,0.4999999999999359
RipVIS-015_00090.jpg,0.47022852768127044,0.0,0.0,0.0,0.0,0.0,0.0,0.9404570553625409,0.4999999999999359
RipVIS-015_00120.jpg,0.6655835130643935,0.36874059446034463,0.5388027445854027,0.3733208149776528,0.9677990687918386,0.42560735346750916,0.00354714750186746,0.9632333863810567,0.6862813092041262
RipVIS-015_00150.jpg,0.4752903765079116,0.009318337185436296,0.018464614863574588,0.009318337185436296,0.9999999997816593,0.011620849732771202,0.0,0.9412948495369236,0.504659168592654
RipVIS-024_00000.jpg,0.7435676994507133,0.5932484875899371,0.7447030293276194,0.6040777289905576,0.970668156889488,0.6534339658131716,0.013414634145083055,0.9081086033946237,0.7994365119037735
RipVIS-024_00002.jpg,0.7431777474141207,0.5926627663329778,0.7442413784778212,0.6089694120935155,0.9567715401698937,0.6567147241149407,0.00958466453584057,0.9079330632711671,0.8006051953037612
RipVIS-024_00003.jpg,0.7480663664753918,0.5992855428369414,0.7494415809873207,0.6155703386146273,0.9577223859829433,0.6629380552311632,0.010068991235309622,0.9106336805551164,0.8040171167501591
RipVIS-024_00004.jpg,0.7510509551295865,0.6037846002912485,0.7529497417316524,0.6203902958983019,0.9575505792748609,0.6673887489504619,0.010449417420894265,0.9119593942896836,0.8064007780025446
RipVIS-024_00005.jpg,0.7556260948815894,0.6117372817322921,0.7591029737486721,0.6271788414756547,0.9613100386290406,0.674034920328399,0.0089597706290691,0.9132494212958558,0.8100724258858318
RipVIS-024_00006.jpg,0.7496617707857587,0.6025414428699308,0.7519823534683286,0.6177639502636304,0.9607111305875158,0.6652598033869048,0.0073871409021990745,0.9107479745365978,0.8053393771975403
RipVIS-024_00007.jpg,0.7510993095157448,0.6055696278088954,0.7543361774167466,0.6173222424831011,0.9695199797881878,0.6656871026624953,0.009875640086880428,0.9107875192896843,0.8058941910308516
RipVIS-024_00008.jpg,0.7503229509796558,0.6041833018053396,0.7532596818897128,0.6158726082476977,0.9695423819948213,0.664340228136525,0.008968195265443029,0.9105926890427707,0.8051824543096502
RipVIS-024_00009.jpg,0.7477677808490075,0.6005141934374458,0.750401584565412,0.61029019587388,0.9740182310031396,0.6595493540698106,0.008605533449745023,0.9093296682094381,0.8028045190228905
RipVIS-024_00010.jpg,0.7508301936060252,0.6056604453781321,0.7544066332598726,0.6136783614660035,0.97888347351273,0.6631612432836583,0.014426656737302061,0.910324074073635,0.804923694676162
RipVIS-024_00011.jpg,0.744703533443215,0.5970563180101742,0.7476960095609736,0.6047702337401711,0.9790835046594322,0.6548406394897451,0.01597177082217738,0.9071595293205502,0.8004830303176577
RipVIS-024_00012.jpg,0.7442803199116645,0.5964568864003654,0.7472257991823824,0.6038649081822739,0.9798469107266249,0.6540593943152151,0.014340255143463985,0.9069439621909207,0.8001008161518774
RipVIS-024_00013.jpg,0.7455588281857113,0.5987353527330807,0.7490112127808103,0.6056962746832116,0.9811669835677702,0.6558955962259113,0.014499488798726694,0.9072723765427724,0.8011271159415012
RipVIS-024_00014.jpg,0.7450088477560672,0.5982257021603891,0.7486122909320532,0.605379816744116,0.9806283186410492,0.6555505837515573,0.010209764246314297,0.9068070023143775,0.8009117746613468
RipVIS-024_00015.jpg,0.7512065787664957,0.608108079980585,0.7563024992548097,0.6143092330031301,0.9836711882291701,0.6641889339050502,0.010693248752995627,0.9091975308637591,0.805637086052083
RipVIS-024_00016.jpg,0.7451384047901202,0.598657364474929,0.7489501850467564,0.6044037750220871,0.984366791965478,0.654966876595003,0.015461531338259279,0.9067023533946245,0.8007662418993649
RipVIS-024_00017.jpg,0.7424636393789074,0.5942604315668077,0.7454998189759754,0.5994391364615763,0.9856705007197959,0.6504113999414624,0.01181859825819344,0.905758101851415,0.7984160964407253
RipVIS-024_00018.jpg,0.7440737874700298,0.5969998859654023,0.7476517577889618,0.6015974794661385,0.9873606100889236,0.6525911273244176,0.01255458515169627,0.9062630208328962,0.7996432328301232
RipVIS-024_00019.jpg,0.7453348052952837,0.5995714385874393,0.7496650966922903,0.6044858359519676,0.9866219146714814,0.6552432941685581,0.007527661889395278,0.9063662229933901,0.8010053688127587
RipVIS-024_00020.jpg,0.7449156096262977,0.598611444311764,0.748914248602141,0.6032148618051175,0.9874118574128896,0.6541176396143855,0.009796806965729607,0.9064038387341308,0.8004497954651741
RipVIS-024_00021.jpg,0.7426192152948378,0.5944132824291385,0.7456200835501462,0.6037982005399984,0.9745176270933791,0.6535197133468202,0.013654037434338183,0.9058839699069705,0.7995617696081851
RipVIS-024_00022.jpg,0.7425837602619383,0.5941040438330087,0.7453767476864195,0.6032880387054257,0.9750163264016773,0.6530863140074469,0.01050534323396981,0.9060445601847482,0.7993618897979029
RipVIS-024_00023.jpg,0.7473059996079263,0.6017704459212238,0.7513816320604273,0.610764964724185,0.9761123852790679,0.6601848547749124,0.010824463286052277,0.9077753665119079,0.8031731092713958
RipVIS-024_00024.jpg,0.7436413276291725,0.5959236082339535,0.7468071844533983,0.6043539740817095,0.9771273945738485,0.6542750708528573,0.013010480663804619,0.9063618827156122,0.8000820114814042
RipVIS-024_00025.jpg,0.7460182339469174,0.5998602945444191,0.7498908455819101,0.6086019282716865,0.9766152533906812,0.6582077969360284,0.015111754590977128,0.9071797839501798,0.8021412226668078
RipVIS-024_00026.jpg,0.7457876996570629,0.599524505228573,0.7496284092789196,0.60822603463088,0.9766932439490911,0.6578631107640791,0.01630830903641506,0.9070688657403033,0.8019608270770184
RipVIS-024_00027.jpg,0.7441658007192946,0.5972012118537211,0.7478096152464171,0.6064251535046348,0.9751631819517707,0.6560386772553499,0.012568306009784307,0.9062610918205506,0.8009164933572561
RipVIS-024_00028.jpg,0.7445719634893715,0.59792247381224,0.7483748224477347,0.6079274005903799,0.973212931406049,0.6572670986740654,0.009212806712650477,0.9063676697526493,0.8014781889463474
RipVIS-024_00029.jpg,0.740975582596995,0.5921628458682142,0.7438470849950087,0.6021133505223342,0.9728498938857918,0.651790613270918,0.007309941519799895,0.9049918016970945,0.7985596858487416
RipVIS-024_00030.jpg,0.741843370651055,0.5937720795118774,0.7451154241498963,0.6052010402067672,0.9691759342279342,0.6543493366190475,0.008605694405510785,0.9051731288575882,0.7997416258174209
RipVIS-024_00031.jpg,0.7409168596537471,0.5921334646341222,0.7438239039466412,0.6025904466739318,0.9715278814918619,0.6521188348367835,0.005621083670694703,0.9049247685180821,0.7986717171213096
RipVIS-024_00032.jpg,0.7426937032907621,0.5949122291182434,0.7460124993174629,0.6054884242368058,0.9714764873714431,0.654827564201909,0.006245981445187289,0.9056510416662299,0.800106435504877
RipVIS-024_00033.jpg,0.7422733770320443,0.5944876929388138,0.7456786221323646,0.6053454589035134,0.9707123271930487,0.6546243307012473,0.003837719297894945,0.9053192515427733,0.799955805744941
RipVIS-024_00034.jpg,0.7396382284351666,0.5902675534857318,0.7423499928573847,0.6030157856197422,0.9654227923139662,0.6519634876909399,0.004023776862915064,0.9043094135798108,0.7983076397401245
RipVIS-024_00035.jpg,0.7426857819241213,0.5953345580415467,0.7463444642889038,0.6087800784720909,0.9642285870727209,0.6572361415803348,0.0047466910082385495,0.9053491512341313,0.8010410719694514
RipVIS-024_00036.jpg,0.7434103924432625,0.5966337065868061,0.7473645384353762,0.6106076826449018,0.9630594757697447,0.6588302277715172,0.007303994082164941,0.9055314429007979,0.8018287094334747
RipVIS-024_00037.jpg,0.7444950198772116,0.5985014890489031,0.7488281908389178,0.6131332264379333,0.9616561578797317,0.6610486057601442,0.005823627287315249,0.905856963734131,0.8029383785926086
RipVIS-024_00038.jpg,0.7465148454412569,0.6015302136804039,0.7511943371933704,0.6165551888912013,0.9610652633488515,0.6641719169745846,0.008960739029195312,0.9067698688267232,0.8045835118513153
RipVIS-024_00039.jpg,0.7485940412672305,0.6049811805583135,0.7538794695995912,0.6200709508712268,0.961330196732219,0.667458718284807,0.009933160043637842,0.9074807098761055,0.8063414630546264
RipVIS-024_00040.jpg,0.7471118270652229,0.6029051017861226,0.752265497332691,0.6175677124826946,0.9621118561752101,0.6652118274577308,0.007053364268486927,0.9067119984563529,0.8051650097037841
RipVIS-024_00041.jpg,0.7471968385468069,0.6030294569302153,0.7523622904410133,0.6179243199108477,0.9615637695693428,0.6654903234898423,0.007247050078300933,0.9067525077156121,0.8052890961111883
RipVIS-024_00042.jpg,0.7452204771540349,0.5997468078666307,0.7498021623389681,0.6130848464591186,0.964995122593241,0.6613181811795493,0.007331786542242989,0.9060773533946248,0.8032293265134893
RipVIS-024_00043.jpg,0.7435854694045383,0.5970591198732574,0.7476982065894218,0.610093564768105,0.9654530340782528,0.6585745793297038,0.007087568776733417,0.9054991319440078,0.8017951783320989
RipVIS-024_00044.jpg,0.7406343011555994,0.5923300535741023,0.7439789913461393,0.6054009531081002,0.9648317940373956,0.6541384724781432,0.005805243445149322,0.9043701774686996,0.7994138441533396
RipVIS-024_00045.jpg,0.7404050188734574,0.5919162335526658,0.7436524875830827,0.6046862951487586,0.9655509070197724,0.6535368128377025,0.005898324126402179,0.904314236110675,0.7991296958925769
RipVIS-024_00046.jpg,0.7416871821520667,0.594000871881387,0.7452955420034273,0.6070607470534188,0.9650482582561377,0.6557081211879084,0.005858285288649964,0.904784432869934,0.800256410886249
RipVIS-024_00047.jpg,0.7402059245769308,0.5915774576021929,0.7433850671565051,0.6044326744210001,0.9652959361404768,0.653276445565521,0.005398864376300953,0.9042515432094405,0.7989809814274483
RipVIS-024_00048.jpg,0.741219528871287,0.593121409893572,0.744602898699598,0.6054024633438083,0.9669293611390056,0.6543323554556579,0.005683406316436839,0.90469473379586,0.7996178196334869
RipVIS-024_00049.jpg,0.7410367003100864,0.5926514837465375,0.7442324824918883,0.6043105406142923,0.9684723851088268,0.653452346951955,0.005862101050910756,0.9047463348761069,0.7992282984883643
RipVIS-024_00050.jpg,0.7381776672635655,0.5879318033532882,0.7405000669571994,0.5993744698661606,0.9685497585165344,0.6488369952353351,0.005289532293495774,0.9037466242279593,0.7967948050476845
RipVIS-024_00051.jpg,0.7370920197482661,0.5861291162132972,0.7390686044684859,0.597319872349559,0.9690261860171533,0.6469524440091271,0.0040804970783566265,0.9033738425921569,0.7958229866427684
RipVIS-024_00052.jpg,0.7485790346999084,0.6029837017797567,0.7523266781942667,0.6117908005407434,0.9766827217404225,0.6611957909396882,0.016501031312910086,0.9088281249995617,0.803758911852914
RipVIS-024_00053.jpg,0.7462709940363004,0.5993179218640685,0.7494668991960519,0.6078484795580061,0.9771191399199423,0.6575483146015672,0.013279715700619123,0.9079287229933893,0.8018395061270324
RipVIS-024_00054.jpg,0.7449819813237628,0.5972895192775185,0.7478788435895865,0.605687338873751,0.9773135229902996,0.6555416455061511,0.013873265840469322,0.9074127121909205,0.8007825119953189
RipVIS-024_00055.jpg,0.7467319221441073,0.6001685566381753,0.7501316710023109,0.6074465918047864,0.9804274118943099,0.6574704629198371,0.020471698111276256,0.9080266203699324,0.8019399487138732
RipVIS-024_00056.jpg,0.7459209393416435,0.598889629414134,0.7491319205486117,0.6062823559352324,0.9800460265219104,0.6563448761536733,0.01426681783689845,0.9077039930551178,0.8013256401087536
RipVIS-024_00057.jpg,0.7471473181085535,0.6008743435075994,0.7506827077896099,0.6083958078241298,0.9798401290416975,0.6583068789385975,0.014134941574242844,0.9081568287032658,0.802357159650701
RipVIS-024_00058.jpg,0.7452681640813552,0.5976775282372228,0.7481829313787278,0.6047470370829515,0.9808161324958634,0.6549736471142485,0.014744801510893685,0.9075704089501796,0.8006362245894061
RipVIS-024_00059.jpg,0.7445618764368502,0.5965733950235611,0.7473172193436899,0.6038220727022032,0.9802742503250377,0.6540572549131477,0.01303978077926488,0.9072825038575871,0.8001262980624924
RipVIS-024_00060.jpg,0.7431543421824885,0.5943627887847254,0.745580357200594,0.6019671100545151,0.9791885467878393,0.6522191356149681,0.011806933029960618,0.9067153742279578,0.7991042932299307
RipVIS-024_00061.jpg,0.7419172095778637,0.5921120400587107,0.7438069999607263,0.5990739303074086,0.9807512848692119,0.6496376089571847,0.017760471078187817,0.9064298804007974,0.7978131723852155
RipVIS-024_00062.jpg,0.7417270637962594,0.5917126769560159,0.7434918192491933,0.5981770611745976,0.9820639704384407,0.6489084750956581,0.020642201832889697,0.9064231288575876,0.797487013885813
RipVIS-024_00063.jpg,0.7464769355202503,0.5985114327977326,0.7488359739163218,0.6045407079082755,0.9836095886314334,0.6550283982794216,0.026060490771727174,0.9087943672835124,0.8008088432034174
RipVIS-024_00064.jpg,0.7457026844994658,0.5973300862734756,0.7479106433999866,0.603079414100446,0.9842908877326854,0.6537156452325853,0.025489260140764747,0.9084592013884508,0.8001411822539497
RipVIS-024_00065.jpg,0.7398193622670299,0.5890741268339205,0.7414054723898813,0.5946588955304103,0.9843072873240676,0.6457872288043184,0.024454725708199912,0.9054046103390695,0.7959291570241795
RipVIS-024_00066.jpg,0.7402695384595942,0.5898549389424659,0.7420235953537038,0.5953598660950781,0.9845662400446497,0.6464708123167021,0.02909021769853691,0.9055353009254892,0.7963002986503427
RipVIS-024_00067.jpg,0.7396531266337403,0.5884561376943629,0.7409158159677036,0.5940215465368427,0.9843281351606592,0.6451876091011883,0.027994667679680566,0.9055854552464768,0.7956199956496133
RipVIS-024_00068.jpg,0.740405748612187,0.5895246515923761,0.7417622004185891,0.5944767472703344,0.9860665579750696,0.645766507013737,0.031074788555442857,0.9059683641970939,0.7960037687552182
RipVIS-024_00069.jpg,0.7382743783298251,0.5860965065508229,0.739042680101941,0.5908557557844498,0.986443115635631,0.6423775153913159,0.02566539923710405,0.9051634837958598,0.7942336637921363
RipVIS-024_00070.jpg,0.7338096045739707,0.578980011898714,0.7333595201151331,0.5867218343380695,0.9777176575812591,0.6377281868346143,0.013571295778623229,0.9034283371909223,0.7914048544026719
RipVIS-024_00071.jpg,0.7347839467259674,0.580494506071236,0.7345732665837839,0.5881723501387903,0.978007294273468,0.6391234317463685,0.013380412561477381,0.9038343942896876,0.7921525050912355
RipVIS-024_00072.jpg,0.7359181062133345,0.5824082035056151,0.7361036200588029,0.5905734542387895,0.9768111751978761,0.6412873197550502,0.014787946427196061,0.9042013888884528,0.7932371508706098
RipVIS-024_00073.jpg,0.7363579576922931,0.5833170725554108,0.7368291325425554,0.5918683644108058,0.9758300309900145,0.642423477770183,0.014475271409995799,0.9042274305551194,0.7937875115397868
RipVIS-024_00074.jpg,0.737931657896078,0.5857933501847935,0.7388016226912929,0.5947162668541138,0.9750270836939541,0.6450357007114249,0.012234683472774614,0.9048611111106747,0.795131218735093
RipVIS-024_00075.jpg,0.7392244332593785,0.5878964351006575,0.7404720132939784,0.5973876370325865,0.9736862235107275,0.6474298211949008,0.009568497560992869,0.9053332368822794,0.7963359349034611
RipVIS-024_00076.jpg,0.7401315196072527,0.5892898034630841,0.7415762715887482,0.5986775688255448,0.9740800033303789,0.6486764871163834,0.015544041449339003,0.9057214506168472,0.7970136507266208
RipVIS-024_00077.jpg,0.7416828458239387,0.5918370347023849,0.7435899803814235,0.6009591702247782,0.9749935996312871,0.6508997918547104,0.016197704552369706,0.906270736882279,0.7982273847921344
RipVIS-024_00078.jpg,0.7399170254890084,0.5887486344651449,0.7411476198226262,0.6021960041323583,0.9634571864514876,0.6510175553255996,0.013534665315023049,0.9057769097217854,0.7978014797431102
RipVIS-024_00079.jpg,0.7430213118041528,0.5937995816714704,0.7451370780869865,0.6074825304278215,0.963454230722607,0.6559541902043765,0.015377532226944978,0.9069073109563528,0.8004151368344931
RipVIS-024_00080.jpg,0.7437297451302498,0.5948759630982696,0.7459839847891868,0.6091944356378525,0.9619910919781454,0.6574138887544354,0.016257158690536008,0.907217881944007,0.801130463194156
RipVIS-024_00081.jpg,0.7400642948778959,0.58895243068299,0.7413090779940298,0.6083270625168913,0.9486969026816647,0.6553519983655445,0.0075036603214217,0.9058555169748718,0.7994770711187656
RipVIS-024_00082.jpg,0.7383211304373721,0.5862738913757937,0.7391836864531781,0.6054169778860902,0.9488266681153567,0.6526605844746807,0.007948243991871697,0.9051099537032672,0.7980471273465548
RipVIS-024_00083.jpg,0.7389933732369081,0.5875629031771875,0.7402073983982601,0.6083834182917478,0.9449606307153128,0.6550464656749185,0.0060639470777229,0.9052194251538844,0.799137729368924
RipVIS-024_00084.jpg,0.7408066885779866,0.5912347626069222,0.7431144372918317,0.6088774649778066,0.9532807288013044,0.6562993031018834,0.005632267441348812,0.905380979937835,0.8001128169951115
RipVIS-026_00000.jpg,0.8765005551797317,0.806506312426693,0.8928906662311158,0.8219321012594135,0.9772588061041787,0.8489177040157229,0.035775862067037936,0.9562514467587981,0.9082394742722459
RipVIS-026_00001.jpg,0.860151710891144,0.781397627240294,0.8772860312504399,0.7977090635130747,0.9744990128370844,0.8277422409534767,0.03316073016197705,0.9498562885797889,0.8958296704190318
RipVIS-026_00002.jpg,0.86379091985618,0.7865837860320792,0.8805450851863441,0.8054877160305821,0.9710279050719621,0.8339209742320591,0.02522247380205242,0.9515369405859608,0.8993198944215908
RipVIS-026_00003.jpg,0.8630871920597291,0.7853084484709923,0.8797454010185871,0.8023856460853506,0.9736136193196315,0.831637412024082,0.027768928532028832,0.9513821373452201,0.898096822873844
RipVIS-026_00004.jpg,0.86103002434449,0.7819581582803055,0.8776391910738702,0.8000069818519803,0.9719573648008547,0.8293513304933431,0.031101118782126163,0.9506934799378132,0.8967288041707211
RipVIS-026_00005.jpg,0.857536781112348,0.7764196701722123,0.8741399154817324,0.7951318458400489,0.9705814938967645,0.824956936272933,0.03308351177553086,0.9494275655859619,0.8941498609292404
RipVIS-026_00006.jpg,0.8600729395672115,0.7803065440359844,0.8765979619071854,0.8046120142446475,0.9627302166595569,0.8319394563651943,0.03173585510328921,0.9504311342588009,0.8979436254029683
RipVIS-026_00007.jpg,0.863195201294876,0.7850729685887912,0.8795976213896053,0.8085118132481389,0.9643883764225432,0.8355213028565271,0.029865843269278863,0.9516758294748497,0.9000865870902732
RipVIS-026_00008.jpg,0.8604386976642938,0.7806889422204334,0.8768392094881567,0.8031229383933368,0.9654555051284531,0.831070322371182,0.032684948977854754,0.950687692900776,0.8975426414326313
RipVIS-026_00009.jpg,0.8602732635642796,0.7803032256938419,0.8765958679760663,0.8025177669445217,0.965740597881057,0.8305940243408042,0.0299835778974422,0.9507055362649736,0.8972868624876931
RipVIS-026_00010.jpg,0.8569540063113571,0.7750797597101274,0.8732900653846662,0.7973003116196644,0.9652907942101449,0.8260520372603442,0.025917578878197168,0.949478202160036,0.8946456691556557
RipVIS-026_00011.jpg,0.8558926398611734,0.7732326482974459,0.8721164129702423,0.793094540499047,0.9686279797191009,0.8229202367184908,0.027859397103718608,0.9491970486106533,0.8929580427445171
RipVIS-026_00012.jpg,0.8587399908356483,0.7775021626280764,0.8748255602440699,0.796715338979595,0.9699164751179764,0.8262236264423183,0.03419131770845775,0.9503843557094183,0.8949209902505351
RipVIS-026_00013.jpg,0.859603527020258,0.7789567576189717,0.8757455787307155,0.7975335722939336,0.970965605614202,0.8270798591810264,0.03247631934871576,0.950642843363739,0.8954408889253651
RipVIS-026_00014.jpg,0.857743692793936,0.7759215693041397,0.8738241403399019,0.7928580424337255,0.9732073844425102,0.8233746792817012,0.029292107402804874,0.9500241126538629,0.8933818412845755
RipVIS-026_00015.jpg,0.8594320175389535,0.7784254725539625,0.8754097200779302,0.7968836752715083,0.9711036474277697,0.8265406302160382,0.030659478297083292,0.95074508101806,0.8951532190831673
RipVIS-026_00016.jpg,0.8570325548966826,0.7746342690132967,0.8730072246874803,0.7933488311145895,0.9704477247084549,0.8234016655428776,0.031258494154321366,0.9498678626538629,0.8933227297338713
RipVIS-026_00017.jpg,0.8553810204355626,0.7716279658263924,0.8710948130314249,0.7920234491141822,0.9677053095793327,0.821864493028076,0.023956305428079368,0.9495163001538631,0.892384224888682
RipVIS-026_00018.jpg,0.8551398473601375,0.7713623251493575,0.8709255178319522,0.7919239873115677,0.9674359422416189,0.8217399532801318,0.026861502093754083,0.9493542631168261,0.8922951652621864
RipVIS-026_00019.jpg,0.8564361180930627,0.773120574359976,0.8720451226381386,0.7936615651476107,0.9676079643178945,0.8232610090100841,0.023875413748772292,0.950013985339048,0.8932006017214764
RipVIS-026_00020.jpg,0.8558600374195507,0.7722321758649887,0.8714796925386806,0.7921699048934904,0.9684368201407149,0.8220961423182421,0.02884043071106323,0.9497892554007765,0.8925514454015393
RipVIS-026_00021.jpg,0.8540266203591956,0.7695107809526965,0.8697441001612835,0.7913856141442186,0.9653250790898679,0.820971361464135,0.02953494696603019,0.9490055941353448,0.891796976081008
RipVIS-026_00022.jpg,0.8561622562413311,0.7727958894306838,0.8718385393807063,0.7954813770381016,0.9644110261997322,0.8243609743047422,0.02696592927353647,0.9498447145057147,0.8937337071502581
RipVIS-026_00023.jpg,0.853906870470423,0.7689378067250764,0.869378000517327,0.7877457083890615,0.969884969046602,0.8184872214850736,0.021983972275179554,0.9492076581785546,0.8905317680756819
RipVIS-026_00024.jpg,0.8573758851645255,0.7743159321658789,0.8728050265779712,0.7924685532802728,0.971267207514385,0.822760627772953,0.027875329234642487,0.9505430169748502,0.8930405383183467
RipVIS-026_00025.jpg,0.8534212251633959,0.7678804056703091,0.8687017551723583,0.7862353185440281,0.9704947444345903,0.8172688699673479,0.024532453243975114,0.9492163387341102,0.8898699303207709
RipVIS-026_00026.jpg,0.8526719857515412,0.7665864535482899,0.8678731256073624,0.7864312730713962,0.968131644465785,0.8171022640900271,0.030483435310595698,0.9490128279316411,0.8897139484950525
RipVIS-026_00027.jpg,0.8525254383513916,0.7664398343159066,0.8677791560477661,0.7851300695493064,0.9698760899980198,0.8162256801665473,0.030381704688152145,0.9489043209871967,0.8892540018817097
RipVIS-026_00028.jpg,0.8495518689598096,0.7616933324796415,0.8647286317506044,0.7793469463196023,0.9711201072012318,0.8113931211255572,0.03654006099048849,0.9478443287032466,0.8865202014560609
RipVIS-026_00029.jpg,0.8494530013629985,0.7611445756394853,0.8643748913834718,0.7795292760136567,0.9699458493930103,0.811387042168276,0.028004410141785865,0.9480623070983082,0.8865093491570365
RipVIS-026_00030.jpg,0.8508454224861377,0.7634619132821476,0.8658671985279179,0.7851256611027174,0.9651190789483503,0.8155452820457009,0.030174060128216617,0.9484972993822587,0.8887520237416469
RipVIS-026_00031.jpg,0.85588377732035,0.7710001677178487,0.8706946298163,0.7929311165625371,0.9653693229518806,0.8223079154041657,0.03965671976443478,0.9506158371908996,0.892692049363122
RipVIS-026_00032.jpg,0.8566377260101027,0.7721721811308542,0.8714414878560135,0.7959112119872674,0.9628101133695444,0.8244957550472285,0.040487641201180646,0.9509037422834921,0.8938923722226394
RipVIS-026_00033.jpg,0.8564341898024561,0.7717590579611644,0.8711783405236365,0.7964404251117798,0.9613956423144149,0.8247420951986787,0.031080931874181244,0.950888792437813,0.8940078615659428
RipVIS-026_00034.jpg,0.8564467601601995,0.7717443957032128,0.8711689988407207,0.7967488898234446,0.9609238218340702,0.8249371816833727,0.03380891578116866,0.9509157986106526,0.8941123631247693
RipVIS-026_00035.jpg,0.8552487672061397,0.7695990923337702,0.8698005052871189,0.7959030209323644,0.9588248492470653,0.8239022236532231,0.03445175068653674,0.9506423611106527,0.8934866599491126
RipVIS-026_00036.jpg,0.8546390677649923,0.7688801645652803,0.8693411571543516,0.7952561181641092,0.9586475303320584,0.8233214174137512,0.03778040141464101,0.9502604166662084,0.8931214369261375
RipVIS-026_00037.jpg,0.85313912724911,0.7664865688207477,0.8678091102978843,0.7913514663589448,0.9606209907189381,0.8202587696861577,0.03622127084068154,0.9497270447526284,0.8914023434766167
RipVIS-026_00038.jpg,0.8511939259483916,0.7633439678795652,0.8657913393919308,0.7873156573924509,0.9616431087400604,0.8169345711929105,0.040494555351605344,0.9490596064810238,0.8895166722437029
RipVIS-026_00039.jpg,0.8515629555882187,0.7638349302092351,0.8661070456503831,0.7892470275554444,0.9595520443868536,0.8182938194450455,0.039071347676156776,0.9492549189810237,0.89025609534001
RipVIS-026_00040.jpg,0.8491335363414453,0.7598855592667352,0.8635624688952447,0.7846899494439389,0.960062420198723,0.8144445032806535,0.03460735053155268,0.9484365354933698,0.8880597301375884
RipVIS-026_00041.jpg,0.8462121319845473,0.7552599356815485,0.860567623436684,0.7810462063637393,0.9581173578802122,0.8110235082767822,0.031007751936242684,0.9473697916662098,0.8860412582761732
RipVIS-026_00042.jpg,0.8463080467446946,0.7552211405838246,0.8605424389232478,0.7805813277507718,0.9587553194500363,0.8107137509479165,0.03156343854300655,0.9475298996909011,0.8858974297173161
RipVIS-026_00043.jpg,0.8445403845858355,0.7526278059035965,0.8588564022189145,0.7806658797048419,0.9544532515101155,0.8101690860632532,0.031462200088758364,0.9467486496909014,0.8854548079526909
RipVIS-026_00044.jpg,0.8453912395899984,0.7537482819185946,0.8595854829223228,0.7792247961042615,0.9584271301992304,0.8094959690570468,0.02557170215018747,0.9472087191353457,0.8851909979154211
RipVIS-026_00045.jpg,0.84155119038736,0.7478195428078559,0.8557171086512635,0.7745231086132174,0.9559279523778064,0.8050787992251012,0.022594424459161735,0.9457031249995439,0.8825757865837673
RipVIS-026_00046.jpg,0.8412041002039972,0.7472267664640494,0.8553288912534802,0.7739040218342109,0.9559023786083938,0.8045399860728334,0.023238802609540917,0.9456042631168279,0.8822702330221491
RipVIS-026_00047.jpg,0.8401315260756611,0.7454435756979966,0.8541594653380833,0.7716806556826253,0.9563792379072267,0.8026839614393677,0.023189058365329595,0.9452666859563342,0.8812268535378713
RipVIS-026_00048.jpg,0.8405556046168421,0.746364004029266,0.8547633853048178,0.7739272474495507,0.9544555756817678,0.8043548199113258,0.026149684398886965,0.9452584876538651,0.8821100914467637
RipVIS-026_00049.jpg,0.8465241983773995,0.7554171187023828,0.8606696501408083,0.7837963071288203,0.9542619601827064,0.8128367060363059,0.02544197642648221,0.9477049575612714,0.8870226456037865
RipVIS-026_00050.jpg,0.8482930875275638,0.7581629194424174,0.8624489927052502,0.7865667687975766,0.9545356267006693,0.8152588563803163,0.02420814479501085,0.9483868634254685,0.8884319274435184
RipVIS-026_00051.jpg,0.8493833327268234,0.7598645595113469,0.8635489082436376,0.7883798536550838,0.9545628905146246,0.8168204529705678,0.023089082080665627,0.9488006365736165,0.889336751246141
RipVIS-026_00052.jpg,0.8526931410653278,0.7651280936217844,0.8669377552672153,0.7919309843617883,0.9576393948214843,0.820320373067604,0.025584547609534363,0.9499908371908999,0.8914291449373737
RipVIS-026_00053.jpg,0.8551997816561105,0.7689371970770158,0.8693776108587736,0.7953663775339055,0.9585759893818477,0.8234054015612564,0.02778720995881227,0.9510064621908993,0.8932519762886489
RipVIS-026_00054.jpg,0.8535683700456219,0.7662682572681656,0.8676691709936857,0.791604560947945,0.9599056939930954,0.8203718692332469,0.02662521198266675,0.9504701967588008,0.8915359373825145
RipVIS-026_00055.jpg,0.8541638188835148,0.7671748073952992,0.8682500499495746,0.7916574598603896,0.9612507313982639,0.8206135979863499,0.025806087298785585,0.9507103587958378,0.8917102727131896
RipVIS-026_00056.jpg,0.8550103207165723,0.7684133859059178,0.8690427159510299,0.7941480450204248,0.95953470469726,0.8225015335511668,0.02671647704609065,0.9510845871908994,0.8927726181057685
RipVIS-026_00057.jpg,0.856896540913508,0.7713323233368927,0.8709063942149852,0.7954469825502386,0.9621830867275047,0.8240052533555907,0.025655515369255453,0.9518132716044793,0.8937089593176655
RipVIS-026_00058.jpg,0.856512675437122,0.7707116130564903,0.8705105985340399,0.795227323171532,0.9615383517224756,0.8237220926700195,0.025744030778219757,0.9516825810180596,0.8935318026018608
RipVIS-026_00059.jpg,0.8522359081033968,0.7639615916448049,0.8661884649454861,0.7873482259794616,0.962574824472383,0.8170970050246547,0.02641723355859313,0.9501152584871961,0.8897256885069534
RipVIS-026_00060.jpg,0.8528474799917674,0.7651603163795639,0.8669584391619994,0.7900889966669326,0.9603975652950482,0.8191408628755932,0.032399001359941046,0.9501861496908998,0.8908329919807038
RipVIS-026_00061.jpg,0.8513135682564166,0.7625635896799328,0.8652891664673592,0.786463130390438,0.9616765882108989,0.8162049572396142,0.031468332858195495,0.9497386188267025,0.8891845188500329
RipVIS-026_00062.jpg,0.8555007798039652,0.7691849124504493,0.8695359168364967,0.7930403534202609,0.9623642240058458,0.8219645842740508,0.03350720036095321,0.9512659143513931,0.8925267311759391
RipVIS-026_00063.jpg,0.8579394662030274,0.7733078966701499,0.8721642734713334,0.7985499887139882,0.960729023186533,0.8264523936619284,0.029837302255821804,0.9519786844131212,0.8950628848375988
RipVIS-026_00064.jpg,0.8600683288304996,0.7767882733471254,0.8743734805090835,0.8008682070169493,0.9627352306819392,0.828735677373417,0.031701263536117935,0.9526779513884295,0.8964218500168026
RipVIS-026_00065.jpg,0.8592941563465952,0.7755144304494228,0.873565899718565,0.7998455583937137,0.9622552535396472,0.8277884281845715,0.02790907044632517,0.952429108795837,0.8958661471935017
RipVIS-026_00066.jpg,0.862918744950256,0.7809218738509138,0.8769861107520847,0.8055157135331773,0.9623739530226888,0.832658885149385,0.029098731882410623,0.9539564043205276,0.8987284169631997
RipVIS-026_00067.jpg,0.8647468762267667,0.7838494914924956,0.8788291783929274,0.8090023149061384,0.9618485548454508,0.8355578200128428,0.03529812993603717,0.9545944251538606,0.9004010771041515
RipVIS-026_00068.jpg,0.8624898763175872,0.7803813267480594,0.8766451490181133,0.806156769773952,0.9606412762406683,0.8329466561295094,0.03792415169444402,0.9537109374995401,0.8988451760998744
RipVIS-026_00069.jpg,0.864016055722435,0.7828683299885808,0.87821216723682,0.8082811872752408,0.9613898204137629,0.8348731662248794,0.03903801219359218,0.9542158564810213,0.8999751137602208
RipVIS-026_00070.jpg,0.8631614180182846,0.7811850921544029,0.8771520664475508,0.8098265275688589,0.9566869579152593,0.8354772479368974,0.031474103583866014,0.9541232638884287,0.9002657702448593
RipVIS-026_00071.jpg,0.8685393060274896,0.7898247561050086,0.882572166253655,0.8183115055206033,0.9577854903127548,0.842859157691236,0.03336945981214024,0.9559794560180574,0.9045864501083016
RipVIS-026_00072.jpg,0.8699304600507134,0.7920888479668728,0.8839839038845632,0.8198987882205028,0.9589365182398687,0.8443845189341983,0.032498577118241403,0.9564395254625017,0.9054944316760234
RipVIS-026_00073.jpg,0.8713856914810013,0.7944306058815803,0.8854403210441085,0.8210677592644438,0.9607653157791789,0.8456599519678478,0.03099056067150059,0.9569376929007731,0.9062721465593976
RipVIS-026_00074.jpg,0.8737011564194375,0.7983622045781258,0.887876983341531,0.828999566621355,0.9557569984133472,0.8515879659095745,0.03253230559779345,0.9575959683637357,0.9096269027231652
RipVIS-026_00075.jpg,0.8726421389660907,0.7964562650783792,0.8866970830972386,0.8243539181907937,0.9592413381924682,0.8482087469933283,0.033278343476120464,0.9573649691353407,0.9077333678244762
RipVIS-026_00076.jpg,0.8717794230134552,0.7953755056449504,0.8860269098516288,0.822716956302678,0.959892863550248,0.8469232976873388,0.036000682475345464,0.9568701774686743,0.9069597914883414
RipVIS-026_00077.jpg,0.8731501687046455,0.7975905047750704,0.8873995525191892,0.8261922592000744,0.9584013723232268,0.8496332220407964,0.035154259833843515,0.9573331404316371,0.9085151949098433
RipVIS-026_00078.jpg,0.8728004270862537,0.7968975071775323,0.8869704632505779,0.8272732900895617,0.9559533669178198,0.8501611862051819,0.03434595329662515,0.9572979359563285,0.908796402088958
RipVIS-026_00079.jpg,0.8720114041330969,0.7956013594277829,0.8861670272752777,0.8252345146520775,0.9568149955265192,0.8485735544633941,0.03613297842010914,0.9570452353390446,0.9078854104358218
RipVIS-026_00080.jpg,0.8726241165146895,0.7963347826570026,0.886621792714078,0.8245872155631027,0.9587495452537018,0.8483293583649045,0.036876849531249895,0.9574189814810198,0.9078057748419963
RipVIS-026_00081.jpg,0.8731131432356898,0.7972437819398518,0.8871849105293309,0.8277594610071967,0.9558026748445305,0.8505480358692963,0.03409476421835945,0.9575067515427481,0.9090396662148228
RipVIS-026_00082.jpg,0.8727887556809646,0.7961244643171321,0.8864914209826883,0.830008352918593,0.9512233130719984,0.8517152709948771,0.03055759147372399,0.9577854938266986,0.9097302754090327
RipVIS-026_00083.jpg,0.8736290220354089,0.7973521162266434,0.8872519847703548,0.8287492505483938,0.9546416658018665,0.8511994662722879,0.0312288231290248,0.9581539351847231,0.9094932767675217
RipVIS-026_00084.jpg,0.8748689441703783,0.799373348149464,0.8885019320438045,0.8328845101238633,0.952078774005934,0.8542744662811871,0.030569160613040075,0.9585599922834883,0.9112594758553063
RipVIS-026_00085.jpg,0.8669932665885345,0.7872428258750729,0.8809578804599445,0.8188716088633834,0.9532312022804864,0.8426255148014996,0.03323618428241026,0.9555107060180578,0.9043813028526911
RipVIS-026_00086.jpg,0.8694566730359453,0.7907164738889687,0.8831286084856739,0.8243327261667897,0.9509559458009241,0.8468859098448843,0.0345809833057266,0.9566763117279337,0.9068996422599181
RipVIS-026_00087.jpg,0.8639715703458906,0.7823120458661117,0.8778620418131645,0.8154656786064156,0.9505982397756514,0.8393286796964537,0.0337331756471401,0.95451774691312,0.9024209217169459
RipVIS-026_00088.jpg,0.8647372965755381,0.7834837111249133,0.8785992338901031,0.8197333359106194,0.946573667131255,0.8423070692333456,0.032098765430297486,0.9548206018513914,0.9041035746431398
RipVIS-026_00089.jpg,0.8647270741958109,0.783475138298471,0.8785938435294898,0.8227460458414679,0.9425756446869611,0.8442109456700364,0.02963500390503209,0.9548119212958358,0.9051569605864763
RipVIS-026_00090.jpg,0.8638895032697094,0.7818861267767289,0.8775938204211627,0.817375353047099,0.947390920389049,0.8404430601448458,0.027049637477576705,0.9546826774686754,0.9030583445316974
RipVIS-026_00091.jpg,0.8629074608638366,0.7801866298226733,0.8765222890145947,0.8159331170043348,0.9468316627639665,0.839135035610736,0.025880380099168227,0.9544237075612682,0.9023015756508042
RipVIS-026_00092.jpg,0.858265719644452,0.7726888099515243,0.8717703926530164,0.8090833410395624,0.9449871494503121,0.8330442785191838,0.020146927870650772,0.9528443287032442,0.898723108615398
RipVIS-026_00093.jpg,0.8554124170933521,0.7679498169128739,0.8687461709222475,0.8039263977195488,0.9449353537816246,0.8286578631597414,0.020146213515254967,0.9519574652773187,0.8961886410585943
RipVIS-026_00094.jpg,0.8546779758940471,0.7667192682687234,0.8679582342700788,0.7997544311780015,0.948879567978985,0.825707948340506,0.035060889264510856,0.9517361111106521,0.8945469823590408
RipVIS-026_00095.jpg,0.8530118087259517,0.7639371277034808,0.8661727401793191,0.7964418076629465,0.9492856189824369,0.8229420727874359,0.03327098565814935,0.9512273341044796,0.8929627664237306
RipVIS-026_00096.jpg,0.8556100229807819,0.7680390546948956,0.8688032684067982,0.8032797713975278,0.945965646191101,0.8282662810796303,0.03237250554144277,0.9521778549378124,0.8960072528878628
RipVIS-026_00097.jpg,0.8504500894055107,0.759746386117186,0.8634725914039668,0.7941391136641057,0.9460706766365025,0.8204920364623896,0.03588570152718575,0.9503862847217639,0.8914969232853732
RipVIS-026_00098.jpg,0.8534169346621581,0.7645055104322674,0.8665379687536134,0.8000768257723557,0.9450410667502498,0.8253991892533155,0.03493668073567337,0.9514231288575659,0.8943272007466496
RipVIS-026_00099.jpg,0.8548471027485431,0.7666556438147348,0.8679174648425512,0.8038182917993189,0.9431254598146503,0.8282872202466831,0.029291971208542544,0.9520182291662076,0.8959961659590417
RipVIS-026_00100.jpg,0.856071013051303,0.7685124450727084,0.8691060639283348,0.8058723467179304,0.9431081490430228,0.8300285659874309,0.029667349309256248,0.9525159143513925,0.8970250958213032
RipVIS-026_00101.jpg,0.8603607624458244,0.7754942290948132,0.8735530832901413,0.8183782416046458,0.9367055182471735,0.8395901188343877,0.02799826030075034,0.9539414544748486,0.9025167950900475
RipVIS-026_00102.jpg,0.8612861659678219,0.7767963962329969,0.8743786264761572,0.8211131259847767,0.9350341701151075,0.8416211158210146,0.017495094832270814,0.9543841628081817,0.9037196837799488
RipVIS-026_00103.jpg,0.8604253681134735,0.7754982359766756,0.8735556254158544,0.8198160066705179,0.93483482289615,0.8404984051525213,0.020745984207963735,0.9540301890427498,0.9030438831881897
RipVIS-026_00104.jpg,0.8595410793886527,0.7739768357965372,0.87258956281581,0.8194994267939301,0.9330349398968523,0.8399409170150293,0.02720378104928535,0.9537914737649721,0.9027126787945053
RipVIS-026_00105.jpg,0.8559934121532295,0.7681224131069907,0.8688565988564401,0.8142776643814366,0.9312777475412274,0.835265194136597,0.02594248495744646,0.9526663773143554,0.8999737696719461
RipVIS-026_00106.jpg,0.8553040307371609,0.7670424769467609,0.8681652953494576,0.8133512224040277,0.9309014129673203,0.8344247291284036,0.02409969257663045,0.9524088541662074,0.8994720434360948
RipVIS-026_00107.jpg,0.8557661276503152,0.7678059786720797,0.8686541260018041,0.8141893244683903,0.9309281123528997,0.8351345717639062,0.025499316004076643,0.9525549768513925,0.8998851226313125
RipVIS-026_00108.jpg,0.8549558387200674,0.7663891693267326,0.8677466807825203,0.8110261241156781,0.9329975246072967,0.8328006429282009,0.025560857878034072,0.952350983795837,0.8985599678141138
RipVIS-026_00109.jpg,0.8531185851048966,0.7634264784054743,0.8658444088871569,0.811508105960755,0.9279792954450905,0.8324031817881996,0.02943912448539321,0.9517206790118867,0.8982717999424792
RipVIS-026_00110.jpg,0.8522566428809286,0.7621912864000815,0.8650494328083249,0.8131778639614196,0.9239895354921402,0.8331616476061172,0.027370372388235625,0.9513208912032449,0.8986480147439055
RipVIS-026_00111.jpg,0.8509561054120447,0.760238753518795,0.8637904966005824,0.8157287171814742,0.917870340694105,0.834297015532512,0.020137871138243616,0.9507769097217637,0.8992294077779673
RipVIS-026_00112.jpg,0.853677623747933,0.7647060204293625,0.8666667553424059,0.82319928236409,0.9149805644157109,0.8400523355000546,0.023450769819546833,0.9516594328699114,0.9025788974345275
RipVIS-026_00113.jpg,0.8726127457674349,0.7943496473914934,0.8853900337052661,0.8540799355369821,0.919083112390658,0.8663344290329307,0.02797444309975396,0.9587104552464513,0.9184073162075861
RipVIS-026_00114.jpg,0.8688438066227981,0.7890157977043257,0.8820668869629825,0.8492416304669002,0.9175317217364182,0.8620741286889572,0.031294778470149894,0.9569376929007731,0.915690139698698
RipVIS-026_00115.jpg,0.8731928802321871,0.7956504739543503,0.886197492769495,0.8497429642980093,0.9259200688031797,0.8639588531357449,0.031251805208754445,0.958664158950155,0.9169287887662447
RipVIS-026_00116.jpg,0.8704541866197273,0.7914147994655516,0.8835639849594424,0.8502877512542735,0.9195508480860592,0.8632928695138905,0.03457646718504906,0.9576157407402789,0.9164684754742355
RipVIS-026_00117.jpg,0.8725412809710438,0.7946726071457259,0.8855906129971918,0.8503676311391335,0.9238576152043388,0.8641151629053871,0.03275585130606036,0.9583950617279329,0.9169982706009794
RipVIS-026_00118.jpg,0.8660590832701504,0.7844007924560648,0.8791755706142774,0.8413585794709041,0.9205521157095182,0.8560881414603273,0.03263908701668251,0.9560730131168229,0.9121656582803557
RipVIS-026_00119.jpg,0.8715923262069729,0.7931793650095501,0.8846626059689525,0.8448840872578421,0.9283718652229868,0.860358362302844,0.030974968566066123,0.9580488040118836,0.9147755520939356
RipVIS-026_00120.jpg,0.8728264655307395,0.795428739045449,0.8860599384950736,0.8533852428414533,0.9213363692882726,0.8661616096567037,0.032670856688031776,0.9582957175921305,0.9181461446503348
RipVIS-026_00121.jpg,0.8722749445264002,0.794481912644584,0.8854721878736924,0.8529938955070515,0.9205216427385955,0.8656950496766322,0.03168294344585039,0.9581467013884268,0.9178772688062939
RipVIS-026_00122.jpg,0.8721576911027773,0.7945116029061619,0.8854906277780231,0.8558075877089951,0.9173067187755708,0.8674387528298215,0.030792700150811193,0.9579624807094146,0.9188600446467203
RipVIS-026_00123.jpg,0.8712349334418965,0.7930022211409576,0.8845524135896934,0.8559949706770851,0.9150810688713616,0.867193781067716,0.031067189184354676,0.9576634837958344,0.918712685635269
RipVIS-026_00124.jpg,0.8721982346570498,0.7945802856457371,0.8855332826302906,0.8585918018526224,0.9142203128704403,0.8691692503181863,0.03152235427099477,0.9579740547834886,0.9198883997912775
RipVIS-026_00125.jpg,0.8781738696592131,0.8037476544356374,0.8911974493318099,0.8696321788056011,0.913859475048624,0.8781318217577276,0.033162684867283125,0.960305748456327,0.9253927083853359
RipVIS-026_00126.jpg,0.8803608976469871,0.8070576671801526,0.8932284584360127,0.8722639084630414,0.9152255766827103,0.8805305174658657,0.03641182231742744,0.9611868248452154,0.9268933570830094
RipVIS-026_00127.jpg,0.8846768063891394,0.8134363404080213,0.8971214729544892,0.8669028182578368,0.929522951541838,0.8787426511215402,0.03443677894171043,0.9630242091044738,0.9259432869559839
RipVIS-026_00128.jpg,0.8821453917902947,0.8094748706244846,0.8947069492544202,0.8723776634766157,0.9182093376822729,0.8811742833818036,0.03249724844856067,0.9620929783945977,0.9273917241257454
RipVIS-026_00129.jpg,0.8792506918103431,0.80471943199733,0.8917945002750106,0.8678800055438236,0.9170642709027863,0.8772902239000949,0.029159223187393578,0.9611762152773142,0.925070751067804
RipVIS-026_00130.jpg,0.875158808324457,0.7978936200222954,0.8875871310032246,0.8646265409694386,0.9118004477109278,0.873666736832569,0.027605405090320397,0.9599469521600309,0.9229537721443338
RipVIS-026_00131.jpg,0.8731034803355423,0.7944770253689549,0.8854691524463578,0.853379464119912,0.9200664772396706,0.8659321282229003,0.027323041070356945,0.959320505400772,0.9183157936926084
RipVIS-026_00132.jpg,0.8717831716227958,0.7920635153918708,0.8839681279027325,0.8483001621369622,0.9227671627708078,0.8622162749978534,0.029745208039402452,0.9590649112649696,0.9161551435635373
RipVIS-026_00133.jpg,0.8679984841079142,0.78567088993478,0.8799727815056401,0.8313206604321574,0.9346735138745712,0.850121335644894,0.03359521575788021,0.95797791280818,0.9090528296593655
RipVIS-026_00134.jpg,0.8704179199915046,0.7893528256019425,0.8822774517221358,0.833140934897507,0.9375731105845391,0.852123805015755,0.033454630823250696,0.9589467592587968,0.9102890975656782
RipVIS-026_00135.jpg,0.8702135881926207,0.7890507158557181,0.8820887064437505,0.8331309903297456,0.9371595050736506,0.8520471293408076,0.02714302284960312,0.9588589891970685,0.9102372198377269
RipVIS-026_00136.jpg,0.8679340703078797,0.7852902031971944,0.8797339522626116,0.828799544660811,0.9373387034833038,0.8484487741044329,0.029868228402350323,0.9581438078699083,0.908123549929255
RipVIS-026_00137.jpg,0.8694577745022809,0.7872782063926893,0.8809800327411519,0.8249174571541719,0.9452184356674816,0.8464638914134217,0.03629753248085007,0.9589795524686733,0.907067116382796
RipVIS-026_00138.jpg,0.8597734229881653,0.7721075280982264,0.8714003138701515,0.8122141518922342,0.9398902515789382,0.8348968804704172,0.02921032605343263,0.9553843557094158,0.9001681785080886
RipVIS-026_00139.jpg,0.8636623601544354,0.7779780023924624,0.8751266903703067,0.8189015779675841,0.9396417223034038,0.8405017911508917,0.027554603343000975,0.9569820601847236,0.9035172477191161
RipVIS-026_00140.jpg,0.8640467984336307,0.7783098132986607,0.8753365780003671,0.8156327667136032,0.9444712889913708,0.8385095513836435,0.03114145406449027,0.9573099922834889,0.9024186649796297
RipVIS-026_00141.jpg,0.862950645767255,0.776662747416225,0.8742939520127998,0.8182506765673709,0.9385786817315666,0.8397831125103853,0.026959322436659945,0.9568547453699089,0.9031136680843295
RipVIS-026_00142.jpg,0.866307136866205,0.7820579563580748,0.8777020450629309,0.8254325090389689,0.9370389252056107,0.8455750229480941,0.025955385441902075,0.9580068479933651,0.9065232328260662
RipVIS-026_00143.jpg,0.8636016734817424,0.7775704445816466,0.8748687816584944,0.8252323952438383,0.9308584004961534,0.844395376517461,0.025693360545942286,0.9571735146600322,0.9058237863642358
RipVIS-026_00144.jpg,0.8626030005410656,0.7761175038153908,0.87394837576699,0.8268964435597159,0.9266780662738567,0.8450958679625831,0.030739557589612467,0.956725983795835,0.9061980540238883
RipVIS-026_00145.jpg,0.8637322709350328,0.7776510803724795,0.8749198185838974,0.8316996843708772,0.9228781352898765,0.8484650018223222,0.03215275638853386,0.9573070987649704,0.9082457688893356
RipVIS-026_00146.jpg,0.8592345912314888,0.7705147356358868,0.8703850017482668,0.8284714369721811,0.9167654899975427,0.8447429434959334,0.03116962645246971,0.9556963734563292,0.9060051654267278
RipVIS-026_00147.jpg,0.8491179197735672,0.7546363884773969,0.8601627020082948,0.8125873161864992,0.9136554264890365,0.830971650589874,0.030904941087477333,0.9519367283946026,0.8977554717560623
RipVIS-026_00148.jpg,0.8542595024742844,0.7631670152944019,0.865677509475157,0.8185842457840364,0.9185200963223739,0.8367930193221351,0.03301042759097856,0.9535344328699106,0.9011643352541572
RipVIS-026_00149.jpg,0.8470524111713982,0.7519229413019536,0.8583972771578149,0.8083727447868164,0.9150215582905027,0.8276661957361425,0.03295482596686282,0.9508034336415168,0.8956960255945602
RipVIS-026_00150.jpg,0.8448343735854809,0.7490102112091653,0.8564960986606734,0.8138755256847916,0.9038272105663929,0.8304044097291726,0.02656441717628439,0.9495862268513939,0.8971184535156699
RipVIS-026_00151.jpg,0.8444101073425585,0.7483435444411287,0.8560600653349767,0.8126786807896155,0.9043340825029962,0.8294927075547233,0.027212973768215923,0.9494280478390483,0.8965789129098072
RipVIS-026_00152.jpg,0.8419195215585003,0.7444028644674505,0.8534758565587538,0.8137746555529602,0.8972495014677485,0.8292035044205305,0.02336133423119987,0.9485170717588018,0.8963628695323225
RipVIS-026_00153.jpg,0.8403896329278918,0.7422546943031908,0.8520622119489288,0.8117538357408957,0.896582850142451,0.8274107123434054,0.024216786216405075,0.9477710262341108,0.8952295521127968
RipVIS-026_00154.jpg,0.8449878635045611,0.749287243333807,0.8566771937418451,0.8118138939858974,0.9067891123244148,0.8291832828032812,0.024504371381325923,0.9496190200612704,0.8964060701434894
RipVIS-026_00155.jpg,0.8430164441881647,0.7463468569459357,0.8547521404209124,0.8099348749438029,0.9048198072977325,0.827285721848695,0.02547575199352512,0.9487765239192956,0.8952277106082024
RipVIS-026_00156.jpg,0.844128839041272,0.7479996263875731,0.8558349957241053,0.8086586609891393,0.9088567886694189,0.8268910010325382,0.023739418474804354,0.9492563657402829,0.8950483412174499
RipVIS-026_00157.jpg,0.8452732650744408,0.7499515706631831,0.8571112289455785,0.8151630554848378,0.9036109166013883,0.8314397665464153,0.025501134063293008,0.9495785108020112,0.8976787203184278
RipVIS-026_00158.jpg,0.8493496560202645,0.7565212183622836,0.8613858010410331,0.8208637880641164,0.9061163123634435,0.8366063145357453,0.02578673999231367,0.9509842785489241,0.9007446819451493
RipVIS-026_00159.jpg,0.8459847915084675,0.7511794959980718,0.8579126214242734,0.8171107542451626,0.9030034833373929,0.8329567458604075,0.02474125788322976,0.9497690007711469,0.8985548797176773
RipVIS-026_00160.jpg,0.8473830074085853,0.7533109608415474,0.8593010340618371,0.8172094981191443,0.905963996505933,0.8335413940011737,0.02396234488514198,0.9503342013884306,0.8989399997689715
RipVIS-026_00161.jpg,0.8501453136694863,0.7574831464988889,0.8620090019160451,0.8276860113539148,0.8993017998657987,0.8410819021764148,0.02797159994932234,0.9514756944439856,0.903455389465009
RipVIS-026_00162.jpg,0.8521991390490462,0.7609092856797834,0.8642231509228951,0.8324703577069101,0.8984942849889039,0.8448873043442932,0.026998961576751634,0.9521031057094174,0.9056947474478816
RipVIS-026_00163.jpg,0.8537343616564647,0.7638039009447275,0.866087097931487,0.8425997463305464,0.8909214092116081,0.8518401421186427,0.026256609735230255,0.9523461612649728,0.9097548264424113
RipVIS-026_00164.jpg,0.854742602185099,0.7655489492451816,0.8672078444185575,0.8487990053413872,0.8864328910302581,0.8560679511923635,0.025241545892195558,0.9526114004625036,0.9122773969602653
RipVIS-026_00165.jpg,0.8562463815646594,0.7683422399018262,0.868997213960667,0.8556236138957238,0.8827955173197564,0.8609233522231585,0.024243518015746646,0.9528790509254664,0.9151185733680034
RipVIS-026_00166.jpg,0.8594454225072798,0.7735872302800458,0.8723419035418946,0.859543403515931,0.8855273007342246,0.864617472157549,0.026883344407244405,0.9539158950612684,0.9173120413363394
RipVIS-026_00167.jpg,0.8599210045880976,0.7746302573682748,0.8730046770610449,0.8698859861106099,0.8761458105569848,0.8711307848021267,0.02591687041406376,0.9538941936723795,0.9212468226048751
RipVIS-026_00168.jpg,0.8586860635696751,0.7722896281782072,0.8715162757817053,0.8627188077966254,0.8804950144256234,0.866216395264009,0.025529570220060634,0.953705150462503,0.9183336300275116
RipVIS-026_00169.jpg,0.8619849652378913,0.77735677080041,0.8747335184149182,0.8645661392768424,0.8851428819807178,0.868604595359849,0.022586766234768515,0.9550009645057123,0.9198256062399441
RipVIS-026_00170.jpg,0.8796504458984324,0.8042523124976881,0.8915075867458184,0.8960520224940306,0.887009013703338,0.8942286998765707,0.023799430750087842,0.9620563271600299,0.9360052830146144
RipVIS-026_00171.jpg,0.8768197914830056,0.7998728754852499,0.8888104114237538,0.8995983377164787,0.8782781554046534,0.895251893833491,0.023707546599281683,0.9609775270057094,0.9367246233546165
RipVIS-026_00172.jpg,0.8752919860654511,0.7974591060200046,0.8873182186445018,0.9015431409730396,0.8735352169774948,0.8957987899894082,0.024933268622607786,0.9604282407402776,0.9371370353774469
RipVIS-026_00173.jpg,0.8758896521779691,0.7980698641469102,0.8876961680524604,0.8965771750136388,0.8789893762789603,0.8930035330966055,0.02230731825782231,0.9608685378081786,0.9354237161523351
RipVIS-026_00174.jpg,0.8729557024338752,0.7934669794358886,0.8848414702181616,0.8952952454927224,0.8746290011198238,0.8910842338525494,0.026325389103457844,0.9597907021600309,0.9342673767635609
RipVIS-026_00175.jpg,0.8740987267133778,0.7953708287929613,0.886024008006963,0.8979846226487553,0.8743778217409987,0.8931618348154593,0.027113914835186586,0.9601359953699073,0.9355405765366682
RipVIS-026_00176.jpg,0.8697305743446856,0.7886579358385083,0.8818432189146237,0.8985099143468974,0.8657835729471145,0.8917682039258917,0.02641165755759492,0.9584341242279328,0.9347235944233019
RipVIS-026_00177.jpg,0.8738341094758658,0.7949866220881533,0.8857855677646502,0.89592738743912,0.8758707870501647,0.8918429180696594,0.02548155304477498,0.9600178433637345,0.9346784836262254
RipVIS-026_00178.jpg,0.8747088630863258,0.7966981108868532,0.8868469400166528,0.9038343032228005,0.8704863442251779,0.8969618583049144,0.027262879150983216,0.9601104359563271,0.9378565476001989
RipVIS-026_00179.jpg,0.8705892494762023,0.7897175716178751,0.8825052445609991,0.8986965675597993,0.8668870167842072,0.8921492628440707,0.022195488720469444,0.9589448302464512,0.9350591765424765
RipVIS-026_00180.jpg,0.8700261776988704,0.789522463503549,0.8823834063058502,0.9116479738415318,0.8549392309412357,0.8997122597313315,0.02080476900025009,0.9582730516970688,0.9397927196905835
RipVIS-026_00181.jpg,0.8683079024771356,0.7864828004223844,0.8804818050713206,0.9045878781038328,0.857627172850448,0.8947887688965662,0.01704848161859655,0.9578713348760812,0.9367462872948178
RipVIS-026_00182.jpg,0.8669146364883115,0.7847396820466078,0.8793883947789252,0.9125323287953656,0.8485677090118824,0.8989794030621231,0.016773964915434765,0.9570592206785508,0.9394058481937086
RipVIS-026_00183.jpg,0.8740755402129505,0.7958031025853364,0.886292156907018,0.9121486507714737,0.8618611526098918,0.9016271018930572,0.01819483385920212,0.959811439042747,0.9409204195757634
RipVIS-026_00184.jpg,0.8723185675785019,0.792989024701653,0.8845442038705212,0.9137179931794532,0.8571757330453856,0.9018205559349656,0.026701790095988637,0.9592042824069448,0.9411534695493756
RipVIS-026_00185.jpg,0.8688980984075305,0.7879760071350288,0.8814167572613523,0.920608871511839,0.8454253519935737,0.9045210929573212,0.03052473762935384,0.9577073688266986,0.9429771186620433
RipVIS-026_00186.jpg,0.8714199230231432,0.7915701113666569,0.8836607692264149,0.9233306911017999,0.8472591790204491,0.9070428484436649,0.03250605326679745,0.9588797260797844,0.9447234236823125
RipVIS-026_00187.jpg,0.8692151170322696,0.7882803469592615,0.8816071241845607,0.9237189264224307,0.8431676090960626,0.9064004829415204,0.03407299623899157,0.957953800153859,0.9443293153050301
RipVIS-026_00188.jpg,0.8689068225582752,0.7877345077232603,0.8812656513818335,0.9228883345835813,0.8432353538012123,0.9057762023414679,0.03462309420915853,0.9578819444439824,0.943952667019798
RipVIS-026_00189.jpg,0.8710466574950574,0.7911423228250498,0.8833941476825063,0.9248189643367581,0.8455212616435602,0.9077914152940362,0.03342584771126911,0.9586361882711426,0.9451765919662278
RipVIS-026_00190.jpg,0.8646840622816019,0.7813726150158165,0.87727026724151,0.9260633311366436,0.8333615393272784,0.9059089611681228,0.03187323009990521,0.9561463155859586,0.9441691681730391
RipVIS-026_00191.jpg,0.8622431562340935,0.7776030032470291,0.8748893896180795,0.9253645444521281,0.8296358736584297,0.9044913499781946,0.028614367296145814,0.955203028548922,0.9433236114927364
RipVIS-026_00192.jpg,0.8638403831169695,0.7799929793159643,0.8764000626740773,0.9243213826757073,0.8332027748576916,0.9045374370481983,0.02832467689163397,0.955871913579786,0.9433107242233554
RipVIS-026_00193.jpg,0.8899645037093531,0.8218081394901695,0.9021895573703511,0.9450381765328469,0.8630579717202715,0.9274194216828323,0.021889250812906238,0.9649001736106457,0.9570218955156422
RipVIS-026_00194.jpg,0.8896563108657883,0.8214035370500922,0.9019456922549085,0.9448162132371843,0.8627967593116805,0.9271880848116858,0.02585700293660744,0.9647357253081768,0.9568399795791798
RipVIS-026_00195.jpg,0.8875416468011075,0.818011536161316,0.8998969697282846,0.9428467818081713,0.8606896870262554,0.9251841005938444,0.027168234063011477,0.964015239197066,0.9556227375373132
RipVIS-026_00196.jpg,0.8830118788841361,0.8106584859481801,0.8954294719179646,0.9486240729466634,0.8478839282506974,0.9266054074890236,0.02451655194857315,0.962526523919289,0.9569902790316347
RipVIS-026_00197.jpg,0.8836237055753833,0.8115752031756212,0.8959884212954132,0.9482429117435442,0.8491922793945692,0.9266263870058513,0.02627085248743788,0.9627787422834864,0.9569896175875485
RipVIS-026_00198.jpg,0.878829131017461,0.8037313341697813,0.891187416821942,0.9524377257125879,0.8373389913708856,0.9269543146922197,0.024732664172096526,0.9612398726847217,0.9577189160957702
RipVIS-026_00199.jpg,0.8702380956250447,0.7900653138729237,0.8827223316936582,0.9464550018836624,0.8270314409883521,0.919888570838641,0.02583172853271587,0.9582098765427478,0.9535037251828911
RipVIS-026_00200.jpg,0.8696776771379144,0.7886039411310086,0.8818094637903364,0.9501868877405473,0.8226125541215165,0.921601687916438,0.021273766784917315,0.9583950617279329,0.9550922218933229
RipVIS-026_00201.jpg,0.8721184857475169,0.7945562486456609,0.885518355019863,0.9115204239655484,0.8609586143245175,0.9009384798056684,0.026785714284030072,0.9578780864192912,0.9397432396406427
RipVIS-026_00202.jpg,0.8740918028834856,0.7974999349661538,0.8873434924281879,0.9097550250723385,0.8660096143947192,0.9006559198367678,0.03235182610689044,0.9587041859563278,0.9395572576074064
RipVIS-026_00203.jpg,0.8709192651122657,0.7921176928979593,0.8840018666598382,0.9014649657393198,0.867202497071486,0.894397580858911,0.030373537917848477,0.9578047839501553,0.9357497564087545
RipVIS-026_00204.jpg,0.8672151003878623,0.7860413014971709,0.8802050667453907,0.8975385350674634,0.863528409697304,0.890523866414684,0.027969396712155436,0.9566150655859584,0.9334549416769148
RipVIS-026_00205.jpg,0.8649279286214907,0.7824102100244226,0.8779238422492003,0.8972647306223922,0.8593991608777659,0.8894270081916115,0.025965919728733168,0.9557986111106501,0.9328319753413468
RipVIS-026_00206.jpg,0.8651556081644396,0.7827055531365645,0.8781097380433248,0.8987253999991844,0.8584186633477047,0.8903640558105319,0.028446115286438214,0.9559239969131192,0.9334608813851197
RipVIS-026_00207.jpg,0.8698356816936597,0.7901985226974914,0.8828054684201295,0.8995588043736987,0.8666647496134529,0.8927817405860264,0.028301886790684624,0.9575511188266987,0.9348224154365696
RipVIS-026_00208.jpg,0.8584125613109719,0.7720195003835485,0.8713442489955072,0.9033412821778826,0.8415363918890962,0.8902645563808591,0.018927057087265588,0.9534972993822562,0.9337139767855318
RipVIS-026_00209.jpg,0.8606707069791322,0.7754924763830268,0.87355197129625,0.9062181051672226,0.8431589106257563,0.8928628032218328,0.016013796500615064,0.9543817515427496,0.9353686612322814
RipVIS-026_00210.jpg,0.8635974102901904,0.7801510704770893,0.8764998470247864,0.9127403050168404,0.8430273498716467,0.8978903503345461,0.01901733383096288,0.9554210069439837,0.9385546885022074
RipVIS-026_00211.jpg,0.8596871026482684,0.7743255967214954,0.8728111662845344,0.9129661289760067,0.8360396583121681,0.896468782515658,0.019792182086851053,0.9537659143513919,0.9376561511536265
RipVIS-026_00212.jpg,0.859525974396579,0.7738919536737122,0.8725356153411598,0.9162416820418379,0.8328093908098716,0.8982441502282457,0.016423923147417172,0.9538266782402808,0.9389511730835314
RipVIS-026_00213.jpg,0.8719750892177756,0.7929113470262272,0.8844958768779863,0.9152798747388154,0.8557152416878686,0.9027126686800544,0.01646295834269999,0.9587683256168216,0.9415563330472962
RipVIS-026_00214.jpg,0.8686623417212072,0.7873158823767711,0.8810036212846709,0.9192753948197734,0.8457911824682558,0.9035744840914837,0.01932157057534036,0.9578153935180566,0.9424886872995357
RipVIS-026_00215.jpg,0.8731065991551537,0.7942217038897796,0.8853105523893152,0.9196471886561347,0.8534456657648827,0.9055977990308182,0.02475032566064448,0.9594965277773151,0.9436524101491395
RipVIS-026_00216.jpg,0.8886438175872206,0.8182989462366108,0.9000708579084525,0.9158146715933205,0.8848592011887841,0.9094515124985653,0.02066990412024219,0.9653824266970653,0.9456831472115477
RipVIS-026_00217.jpg,0.8810876106534914,0.8064739134212499,0.8928708102890707,0.9165172898866726,0.8704138170648149,0.9069099747131018,0.021139420989328656,0.9626046489192889,0.9442817916278183
RipVIS-026_00218.jpg,0.8821253457650771,0.8082012396622521,0.8939284211675613,0.9179842989018356,0.8711011221432305,0.9082082381735602,0.02336564752526935,0.9629171489192887,0.945059470102187
RipVIS-026_00219.jpg,0.8760788206646904,0.7988953130746737,0.888206564626822,0.9201140256645024,0.8584378915955289,0.9070798437875376,0.021792966813905832,0.9605811149686726,0.9444973297500557
RipVIS-026_00220.jpg,0.8814581155498828,0.8073592644187144,0.8934131473615773,0.9220476164827631,0.8665036141220539,0.9103763561122917,0.027074345024255965,0.9625352044748444,0.9464462496777392
RipVIS-026_00221.jpg,0.8819996302864692,0.8079409002796949,0.8937691493728622,0.9285636377178466,0.8614880698741438,0.9143257347255321,0.02434153039418665,0.9629137731476838,0.9492070973471242
RipVIS-026_00222.jpg,0.8673498380867206,0.7834215025220673,0.8785601176325096,0.9356984746015278,0.8279984542997642,0.9119738877490218,0.03498254166710702,0.9585783179007723,0.9493195325251573
RipVIS-026_00223.jpg,0.8774387930940106,0.7990687937610237,0.8883137726940826,0.9343969225824766,0.8465624940229197,0.9154015680312071,0.037017380918335056,0.9624141589501531,0.9510731883838417
RipVIS-026_00224.jpg,0.8600955578710957,0.7719777682921868,0.871317667869175,0.9378568244978674,0.8135946742817106,0.9100577886386866,0.03239726481893399,0.9559384645057118,0.948607626553666
RipVIS-026_00225.jpg,0.8584429589359048,0.7694680279934747,0.8697167915105299,0.9373745386475838,0.8111683452612973,0.9090863710893639,0.02882015432112246,0.9552686149686751,0.9480166404827827
RipVIS-026_00226.jpg,0.8595361012661489,0.7712778513531621,0.8708716712783902,0.9386547963901143,0.8122188699565048,0.9103135830869367,0.026901976335058364,0.9556090856476873,0.9487403239042549
RipVIS-026_00227.jpg,0.8587135329223914,0.7698392351766824,0.8699538578144694,0.9401580020823563,0.8095058626444475,0.910759170135429,0.02996962537765983,0.9554055748452183,0.9492194083623959
RipVIS-026_00228.jpg,0.8589160810502644,0.770226456750514,0.8702010455367016,0.9406631179694687,0.8095595248962916,0.9111519359132961,0.025486341759270226,0.9554330632711442,0.9494423882850811
RipVIS-026_00229.jpg,0.8532929770927149,0.7617684158942826,0.8647770149831016,0.9443950164399559,0.7975397665911957,0.9108510445129755,0.026246542066915422,0.9530941358020095,0.9495657817221355
RipVIS-026_00230.jpg,0.8483202153708671,0.753778463610151,0.8596051089126717,0.941916626237008,0.7905234289557014,0.9071701812424443,0.02605863192005574,0.9513686342588005,0.9475298569018501
RipVIS-026_00231.jpg,0.8453945762952046,0.7492362469753697,0.8566438618807325,0.9415884496353353,0.7857574344092468,0.90566619759274,0.025791245789509008,0.9502420910489244,0.9467265211936958
RipVIS-026_00232.jpg,0.840478578569632,0.7416290902058267,0.8516498654925206,0.9389971362422559,0.7791700128422813,0.9019929063163347,0.025457225160751842,0.9483270640427526,0.9445371979945485
RipVIS-026_00233.jpg,0.8395129963045629,0.7402627355617,0.8507482467269717,0.9377156943274667,0.778543093208736,0.9008788805529404,0.022516202310248132,0.9478626543205305,0.9437445240306425
RipVIS-026_00234.jpg,0.8410224866831487,0.7424320362423236,0.8521790472165905,0.9355945098726814,0.7824202505337439,0.9003425335534108,0.026517185819916946,0.9485657793205302,0.9433014067747396
RipVIS-026_00235.jpg,0.8422547830289384,0.7441816452483981,0.8533304398377788,0.9347096003433515,0.7849866912346821,0.900363773854312,0.028164257731449125,0.949154128085962,0.9432895935159884
RipVIS-026_00236.jpg,0.8374163872375704,0.736462198584066,0.8482329176927513,0.9335739873045829,0.7771876387104598,0.8974565935911107,0.029236236838380187,0.947425250771148,0.9417931031933776
RipVIS-026_00237.jpg,0.8326519106362349,0.7289379668706075,0.8432204981766829,0.9306770118197378,0.7707888149440065,0.8936041449897012,0.02452025586190563,0.9456640624995439,0.9395661681387152
RipVIS-026_00238.jpg,0.8308927774557127,0.7260554418175418,0.8412886680546056,0.9279172085530009,0.7694539484063864,0.891209623218945,0.023542001068516453,0.9450843942896677,0.9380976348702353
RipVIS-026_00239.jpg,0.8294967866599958,0.7241163186785349,0.8399854590246447,0.9274773491164012,0.7675774365716992,0.8903809396625413,0.0244130827353078,0.9443836805551001,0.9375094881815275
RipVIS-026_00240.jpg,0.8270005718207245,0.7199447171045945,0.8371719276147092,0.9213718391604371,0.7670727007756577,0.8857380290738279,0.022126860666345255,0.9436149691353474,0.9345696919226705
RipVIS-026_00241.jpg,0.8337027525674985,0.7300996051712857,0.8439971929812716,0.9295956666617314,0.7728335912218539,0.893353965146972,0.020390309554482483,0.9463966049378152,0.9395486266893502
RipVIS-026_00242.jpg,0.8356344104994362,0.7331596322579603,0.8460382051511319,0.9352715355485633,0.7723491391441889,0.8974108532856566,0.02442974760261643,0.9471040702155926,0.9422762934860647
RipVIS-026_00243.jpg,0.8341078342287651,0.7309037787848894,0.8445342690256193,0.9355882061049158,0.7696316647387174,0.8969079520421905,0.028324955846466174,0.9464327739192967,0.9420090091013166
RipVIS-026_00244.jpg,0.8334453751690203,0.7298903417487009,0.8438573522653162,0.9383752978549925,0.7666376939752902,0.8981362716620159,0.028701316323198445,0.9461651234563339,0.9429848041741299
RipVIS-026_00245.jpg,0.8299931445030431,0.7248384693319929,0.8404711307403913,0.9403480963451737,0.7597734920376682,0.897678047969998,0.026108075286641833,0.9446103395057173,0.9428706260756763
RipVIS-026_00246.jpg,0.8294126192676274,0.7239184623434918,0.8398523226665817,0.9420689526201808,0.7576460033261552,0.898335171653109,0.03423082126679537,0.9443971836415199,0.9434462173880757
RipVIS-026_00247.jpg,0.8304165436428042,0.7253060890790751,0.8407854045959174,0.9407246394861137,0.7600413217915516,0.8980273401333366,0.03329281469251129,0.9449059606476925,0.9431977326253436
RipVIS-026_00248.jpg,0.8268629074516769,0.719683261712391,0.8369951347851808,0.9310451740894458,0.7602028287657363,0.89099792123233,0.033667766478104655,0.9435942322526314,0.9384754101754527
RipVIS-026_00249.jpg,0.8523713827563536,0.7638632342901766,0.8661252408240989,0.8940633015056089,0.8398803126382185,0.8826745489583433,0.031024757127481994,0.9503708526229985,0.9283789502461306
RipVIS-026_00250.jpg,0.851408381033453,0.7621924724268102,0.8650501966759101,0.8903678040503018,0.8411325924776953,0.8800649847094801,0.03253467843426641,0.9501171874995418,0.9267810170958007
RipVIS-026_00251.jpg,0.8468836764984528,0.7549620843491109,0.8603742395142571,0.8890462496462381,0.8334938122679386,0.8773511431650147,0.032355723744411494,0.9485127314810241,0.9252369979673631
RipVIS-026_00252.jpg,0.8480054610937483,0.7567916107326683,0.8615610481166279,0.8896867809168902,0.8351591027626217,0.878218968119474,0.036398104263102804,0.9488864776229992,0.9257301243317115
RipVIS-026_00253.jpg,0.8483478462744911,0.757126470667785,0.8617780032418996,0.8848138507606,0.8399111824264881,0.8754532922547215,0.03515996198700285,0.9491488233020114,0.9240022751162542
RipVIS-026_00254.jpg,0.8504343128813894,0.760341880340124,0.8638570596220942,0.8873504467029871,0.8415756019962426,0.8778014002067348,0.03312053599436695,0.9499672067896653,0.9254795979129262
RipVIS-026_00255.jpg,0.8516352862821271,0.7622178842515641,0.8650665630661075,0.8884260981595619,0.8429039493956255,0.8789325142967788,0.02945054944870012,0.9504210069439861,0.9261765861761149
RipVIS-026_00256.jpg,0.8543300714597228,0.7663355110899177,0.8677122848728215,0.8892052041017927,0.8472338523637802,0.880481520672523,0.027206619857873204,0.9514988425921337,0.9271375972522442
RipVIS-026_00257.jpg,0.8544506341152521,0.766375978246675,0.8677382252530275,0.8881499721869734,0.8482436189010221,0.8798711129799693,0.028840125390041372,0.9516425540118867,0.9267993616649085
RipVIS-026_00258.jpg,0.8545958066385766,0.7666306438897921,0.8679014445281148,0.8867286627886222,0.8498570915857028,0.8791005990486798,0.031737018106395544,0.9516787229933682,0.9262848539052675
RipVIS-026_00259.jpg,0.854905420693715,0.7670837859619298,0.8681917541836989,0.8863852471577822,0.8507301006193168,0.8790171091773233,0.03218463483830638,0.9518156828699114,0.9262347244701328
RipVIS-026_00260.jpg,0.8556770879025848,0.7681737837364903,0.8688894618867063,0.8869137762060914,0.8515831544875442,0.8796150534594428,0.030982702906229315,0.952183159721763,0.9266466351431112
RipVIS-026_00261.jpg,0.8552610233858055,0.7676065047386236,0.86852645391473,0.888355086022678,0.8495636700760845,0.8803159703768405,0.031056293483171644,0.9519714506168249,0.9270783925966543
RipVIS-026_00262.jpg,0.8577207437881748,0.7716556174047488,0.8711124327143517,0.8943351470492559,0.8490652180024749,0.8848990480874872,0.029270451382648218,0.9527599344131208,0.9298950607884862
RipVIS-026_00263.jpg,0.8554884348815415,0.7678846481953073,0.8687044700333584,0.8937065600280363,0.8450632129928233,0.8835349897939151,0.027346964611803064,0.952108410493368,0.9291996526584383
RipVIS-026_00264.jpg,0.8559330015554534,0.7684148801408068,0.8690436715615322,0.8924940338005697,0.8467940797852377,0.8829636417540361,0.02515842838877323,0.9523852237649728,0.9288808028471744
RipVIS-026_00265.jpg,0.8603217656424138,0.7750906720716407,0.8732969918286618,0.8920562223601737,0.8553104946274865,0.8844566422865806,0.02408031005628818,0.9541550925921325,0.929788419769396
RipVIS-026_00266.jpg,0.8617835130740719,0.777249270594886,0.8746654545928978,0.8964453261988764,0.8539187996908032,0.8876045005084615,0.02326320472743512,0.954786844135342,0.9318462023155758
RipVIS-026_00267.jpg,0.8651604925517782,0.7824709684952771,0.8779620900707538,0.8964145061813672,0.8602540262828425,0.8889412387966372,0.028236343933441498,0.9560874807094155,0.9326330646558331
RipVIS-026_00268.jpg,0.865813293296855,0.7834245916103433,0.8785620600901887,0.8982206874567024,0.8597455077604637,0.8902526018980375,0.028578702817861453,0.9563758680550943,0.933495490413674
RipVIS-026_00269.jpg,0.8639627004099688,0.7804473109411988,0.8766867810636086,0.8953199570749654,0.8588133710285764,0.8877724404503383,0.03314139475155845,0.9557412229933663,0.9319709783306727
RipVIS-026_00270.jpg,0.8627004700962326,0.7785444432765564,0.8754849463781388,0.8987150790282872,0.8534254669405225,0.889276646288971,0.030316540345817683,0.9552223186723788,0.9329685585405489
RipVIS-026_00271.jpg,0.8641221627250376,0.7808873589942575,0.8769643459485924,0.9018269114270011,0.8534358781944876,0.8917146129958144,0.030525108333512293,0.9556732253081811,0.9344678336117236
RipVIS-026_00272.jpg,0.8635448808787812,0.7798166453148485,0.8762887428518227,0.8995779101704086,0.8541750109271119,0.8901152560867489,0.03320962375011456,0.9555700231476874,0.933509330727646
RipVIS-026_00273.jpg,0.8634381126454345,0.7794031133748912,0.876027593204153,0.9004535682061157,0.8528917932485334,0.890521526471939,0.03562013759174306,0.9556954089501564,0.9338864703486711
RipVIS-026_00274.jpg,0.8624011128123878,0.7776979851406901,0.8749495039554108,0.8997943644725732,0.8514397957363549,0.8896890045099923,0.03665594855069736,0.9553641010797862,0.9334136433094462
RipVIS-026_00275.jpg,0.8660539898299832,0.7834677467944897,0.878589195910779,0.9030039459764825,0.8554599062790095,0.8930770076403012,0.03713459684952556,0.9566888503081806,0.9354829152545804
RipVIS-026_00276.jpg,0.8677051554387742,0.7860596147275827,0.880216548480075,0.9038134051151805,0.8578204800289563,0.8942244528306036,0.03622583338453171,0.957297453703242,0.9361728785704913
RipVIS-026_00277.jpg,0.8639700493316573,0.7813845083905481,0.8772777631220294,0.8796468462917019,0.8749214066024373,0.8786976792358213,0.03503388313290923,0.9551273148143542,0.9258026590264528
RipVIS-039_00000.jpg,0.8322232840370642,0.7050622017630682,0.827022264682215,0.9195520368746828,0.7514115965853431,0.8801619557470597,0.023574490192000617,0.9629788773143504,0.9435777718775298
RipVIS-039_00001.jpg,0.814820730352602,0.671491092890047,0.80346356106394,0.92251409988809,0.711627906973645,0.8708971833508148,0.02085381266529604,0.9614482060180548,0.9437993614265393
RipVIS-039_00002.jpg,0.7875622867912084,0.6259879787873124,0.7699786061815588,0.9184153921666219,0.6628474103867085,0.852664583374828,0.0024755787500016337,0.953126929011886,0.9373921766261306
RipVIS-039_00003.jpg,0.8226253742687458,0.6871854508854042,0.8145938557314868,0.9714253977897229,0.7013625464111803,0.9019643030261777,0.031831872944151705,0.9616025270057091,0.9660469396969125
RipVIS-039_00004.jpg,0.8110368568466183,0.6676593850237651,0.8007143317389727,0.967429445288656,0.6830122454401213,0.8930531300083059,0.024198468106541145,0.9582388117279329,0.9623977763331355
RipVIS-039_00005.jpg,0.7941724530285483,0.6362489036324458,0.7776920763338434,0.9681617518224971,0.6498457622076885,0.8817770297400018,0.01290234958489051,0.955799575616823,0.9614442376910282
RipVIS-039_00006.jpg,0.7847184601986623,0.6215308548041398,0.7665976295951678,0.9798708423966717,0.6295691302447545,0.8817473507003647,0.012002441173662275,0.9520114776229976,0.9647228560309269
RipVIS-039_00007.jpg,0.82251713475048,0.6843610854377704,0.812606146454521,0.963026233339857,0.7028278078527088,0.8966363273127933,0.019689695956328555,0.9637630208328686,0.9634273522451192
RipVIS-039_00008.jpg,0.844664133948317,0.7234472862872251,0.8395351480064442,0.9620090476162969,0.7447239352507101,0.9089678666690918,0.035152636445232144,0.9686766975303971,0.9656532732141858
RipVIS-039_00009.jpg,0.8041512984951675,0.651149576379826,0.7887227004684612,0.9821551922571304,0.6589453989913191,0.894413975313014,0.016455600211082458,0.9603260030859566,0.9703505346882959
RipVIS-039_00010.jpg,0.7758930311185255,0.6043359051678453,0.7533782709982045,0.9919329397385324,0.6073208035042756,0.8804201238885461,0.009114486846304965,0.9513546489192943,0.9700009810475402
RipVIS-039_00011.jpg,0.7797908432879929,0.610873037205637,0.7584372239109688,0.9948558809642174,0.61280868664914,0.8845622354596547,0.017534537724492597,0.9525308641970714,0.9719798430485918
RipVIS-039_00012.jpg,0.7803232335320048,0.6135392277788931,0.7604887655857695,0.9977577082598464,0.6143863594615752,0.8870549125287153,0.013908411628770554,0.9512046682094178,0.9725218560265658
RipVIS-039_00013.jpg,0.7700572489655755,0.5961349529268429,0.746973120078232,0.983695247080774,0.6020841095180085,0.8730273356103821,0.006830199764480743,0.9482581018513946,0.9644851899156155
RipVIS-039_00014.jpg,0.754737078901588,0.5712899745850633,0.727160465382497,0.9882520915723896,0.5751962735343262,0.864141826759857,0.013513513512498986,0.9428886959871996,0.9636779374089708
RipVIS-039_00015.jpg,0.7291073931924221,0.5267282857308359,0.6900092055066551,0.9959663478093135,0.5278543275240355,0.8459289303156874,0.006173804313365598,0.9363406635797954,0.9638702996944217
RipVIS-039_00016.jpg,0.7207256093599328,0.5139457487380109,0.67894869966962,0.9998916356180163,0.5139743768259505,0.8408935569124214,0.004163066530189061,0.9326668595674514,0.9637024054668062
RipVIS-039_00017.jpg,0.7338922403607337,0.5369726043616274,0.698740631860066,0.9997144081043208,0.5370549879684192,0.8527839974132222,0.006729264475216802,0.9359510030859683,0.9652738103740773
RipVIS-039_00018.jpg,0.7402454068808083,0.5478255387096568,0.7078647108592755,0.9999104950836237,0.5478524040025365,0.8582707930452419,0.0018906570031597086,0.9377440200612761,0.9662912904044342
RipVIS-039_00019.jpg,0.7408108481327824,0.5485349789586229,0.7084566850759912,0.9991796817357473,0.5487821189702612,0.8582953114127418,0.00539756706634999,0.9381177662032513,0.9661643419400854
RipVIS-039_00020.jpg,0.7397710685680213,0.5480594649513426,0.708059964568052,0.9997988800067891,0.5481198940106465,0.858336238033624,0.0012637232445096183,0.9367390046291779,0.9656485607877358
RipVIS-039_00021.jpg,0.7523727682338404,0.5673132093153842,0.7239308722003197,0.9966906100752747,0.5683838708840484,0.8661524475909754,0.0043572984745939404,0.9421759259254715,0.9671891757236146
RipVIS-039_00022.jpg,0.715670616743072,0.5102759797540037,0.6757387213919913,0.999074385188901,0.5105173301871171,0.8385739660902947,0.003507653060944862,0.9270640432094295,0.960104914675127
RipVIS-039_00023.jpg,0.697866984803495,0.48272825918312595,0.6511351708492744,0.9992363129897432,0.4829064202868741,0.8232008738288061,0.005483744613749804,0.9195380015427664,0.9561493381700839
RipVIS-039_00024.jpg,0.7046494932881864,0.4922730127741836,0.6597626688417185,0.999365675258103,0.4924268760568967,0.8287342341520284,0.017059948978231827,0.9232040895057276,0.9582192387116091
RipVIS-039_00025.jpg,0.7557958084587024,0.5778008820600077,0.7324129281834595,0.9944241136823105,0.5796789356606863,0.8699402029725818,0.007574562095031201,0.9392915702155964,0.9643447594847326
RipVIS-039_00026.jpg,0.7652470305682044,0.5936932726415179,0.7450533711013062,0.9927961806108929,0.5962619047598766,0.8762491352525063,0.012656262131170411,0.9421436149686815,0.9651125577323894
RipVIS-039_00027.jpg,0.7679774471763186,0.6001980960384076,0.7501547433712255,0.9940269875471736,0.6023705650960797,0.8796400341446712,0.010459124816545479,0.9414076967588053,0.9651631973881589
RipVIS-039_00028.jpg,0.7697974314009802,0.6024616309537485,0.7519201949255747,0.9780874657648342,0.6107044428021604,0.8730472191083567,0.008845437615701005,0.94260175540078,0.9586126210535229
RipVIS-039_00029.jpg,0.7564617369991937,0.5839768969193287,0.7373553213498295,0.9784295056840883,0.5915932919962893,0.8652712711773166,0.005106318115608085,0.935390624999549,0.9547115948094239
RipVIS-039_00030.jpg,0.7565094970942006,0.5845070856990859,0.737777812386621,0.9858225766960317,0.589462091962988,0.8689626581134886,0.0061340401358474786,0.9350443672834997,0.9578396685426562
RipVIS-039_00031.jpg,0.7589219343522036,0.5882847498833864,0.7407799513614658,0.9865561608006651,0.5930388931264838,0.8709681271679699,0.014881842655183828,0.9360006751538696,0.9586959914904316
RipVIS-039_00032.jpg,0.7113899413390197,0.5174846941247165,0.6820295402362541,0.9918244115963053,0.5197015412201481,0.8393270738547068,0.0015723270439127839,0.9140272955242505,0.9489390859375948
RipVIS-039_00033.jpg,0.7257041589569132,0.5385813883491194,0.7001012652661959,0.9987118778370044,0.5389557758212488,0.8531551213809793,0.009680102850360727,0.9208777006168398,0.9558293097749919
RipVIS-039_00034.jpg,0.7508489735243224,0.5761690886652315,0.731100606919219,0.994143476985929,0.5781313972196349,0.869070272744431,0.005953726731030694,0.9323750964501677,0.9601123241298155
RipVIS-039_00035.jpg,0.7266524598667643,0.5391279319930036,0.7005628587285677,0.9866233468178344,0.5430977068892513,0.8481014133603979,0.008316161318198692,0.9220071373452343,0.9510231888977039
RipVIS-039_00036.jpg,0.7342393478612388,0.5501635800649933,0.7098135798570713,0.9918218393173536,0.5526707298090812,0.8558159020912038,0.015249683943169272,0.9257344714501708,0.9554470251187387
RipVIS-039_00037.jpg,0.852613471623102,0.7523483088098454,0.8586743914180202,0.9985886460962852,0.7531491552439905,0.937486235577593,0.005532404080648627,0.9587794174378093,0.9758300543088321
RipVIS-039_00038.jpg,0.8314842151688652,0.7167058470155064,0.8349780461941103,0.9592479639406162,0.7392134493408499,0.9053505749097269,0.010270037344852769,0.9526938657402813,0.9555037740675241
RipVIS-039_00039.jpg,0.8432233934065732,0.7353700274072587,0.8475080424270589,0.9592518292575142,0.7590821360928414,0.9111954453629338,0.00675229357748607,0.956931905863736,0.9579265159324851
RipVIS-039_00040.jpg,0.8352558782391117,0.72528336572389,0.8407701368170062,0.976526941639884,0.7381521962689508,0.917282523213234,0.014915551654974369,0.9521479552464543,0.962526142290625
RipVIS-039_00041.jpg,0.8362984732357976,0.7261288623030957,0.841337953568837,0.9744745369195728,0.7402078199561722,0.9164645724729928,0.017576386827530675,0.9531216242279354,0.9622372546406429
RipVIS-039_00042.jpg,0.8366755643347592,0.7266096579456327,0.8416605972309604,0.9721719140468609,0.7420433818924398,0.9153940251832062,0.039719970520285926,0.953345389660034,0.961382496388461
RipVIS-039_00043.jpg,0.7171521574051104,0.520175554866728,0.684362478006471,0.67820192787481,0.6906359746865858,0.6806527902613351,0.014931058123338838,0.9214419367279507,0.8172874398555401
RipVIS-039_00044.jpg,0.8239125075813123,0.7030128577527889,0.8256107457467464,0.9201236606593182,0.748705497064912,0.8798355130522405,0.00492753623152699,0.951188753857566,0.9378867926889678
RipVIS-039_00045.jpg,0.8156180004976292,0.6887269473676332,0.8156759130790354,0.947074464852106,0.7162959267048591,0.8897424451776815,0.016655943954774755,0.9489969135797892,0.9481657193218911
RipVIS-039_00046.jpg,0.800075311143944,0.6609192634796791,0.7958475502235215,0.9057392093340796,0.7097365325174533,0.8583314050930558,0.009156997063528799,0.9456669560180625,0.9283464238154548
RipVIS-044_00000.jpg,0.8966500828615143,0.7981758712386975,0.8877617412237473,0.8889033661476252,0.8866230449276363,0.8884463640234457,0.03819594302565862,0.9952165316356825,0.9432158305517004
RipVIS-044_00006.jpg,0.9086365234582601,0.8215290879245067,0.902021376842877,0.9364313665526609,0.8700506062328648,0.9223570672083615,0.04230690431855082,0.9958257378471022,0.9667506785730402
RipVIS-044_00012.jpg,0.9154593735009979,0.8348638020093327,0.9100008415829943,0.9610642016948948,0.864089928340406,0.9399662712326068,0.0412268472374799,0.9961320891202502,0.9789623158398144
RipVIS-044_00018.jpg,0.9127415880447913,0.8295227570993472,0.906818736067028,0.9621385804918485,0.8575144400123483,0.9392199962171097,0.031932446857038485,0.9960382908949417,0.979434983082482
RipVIS-044_00024.jpg,0.9095232126080883,0.8232091780235546,0.9030331658553327,0.9635161800673012,0.849695069385992,0.9383761001080474,0.03840628291941325,0.995916401427349,0.9800424344162638
RipVIS-044_00030.jpg,0.8856429094956397,0.7768918066109798,0.8744390668250371,0.9845326952105008,0.7864910907917431,0.9373281017236454,0.020656584284336352,0.994501350308522,0.9896158796158931
RipVIS-044_00036.jpg,0.8878943591521307,0.7811927792334349,0.8771569123131454,0.9811581341804496,0.7930905582372634,0.9367321977267982,0.02304275402340896,0.9946982301310529,0.988061359541565
RipVIS-044_00042.jpg,0.8813138451607144,0.768394091777902,0.8690303766004743,0.9837869942061327,0.7782492864851362,0.9344299090547916,0.02083333333139571,0.9943418451001887,0.9891670787017305
RipVIS-044_00048.jpg,0.8723752558462006,0.751052005723537,0.8578294685350608,0.9776720559463619,0.764159189333563,0.9259294717984129,0.016096042684206665,0.9938160686727197,0.9859010920091478
RipVIS-044_00054.jpg,0.8635881188568355,0.7338868328752732,0.8465221823713627,0.9739250125950013,0.7485955544480387,0.9186233480310468,0.01235514655654779,0.993411337769942,0.9838534060826147
RipVIS-044_00060.jpg,0.8533355099373112,0.7140378804453668,0.8331646442490931,0.9673291235619821,0.7316832553515287,0.9087920220316159,0.017225443238616463,0.992766203703584,0.9802896707246739
RipVIS-044_00066.jpg,0.860386520118166,0.7275105355342845,0.8422646583851716,0.9570529312601569,0.7520627655387201,0.9075771686738036,0.031654799688457164,0.9933815586418555,0.9755589267066715
RipVIS-044_00072.jpg,0.8567018223656176,0.7202762629555928,0.8373960374458599,0.9503136283309812,0.7484626601518998,0.9016793137207095,0.023910688992426002,0.9932468894674729,0.9721803795303215
RipVIS-044_00078.jpg,0.8666597191001564,0.7396871910887111,0.8503680372858393,0.9571961949225207,0.7649909963167167,0.9113981494190194,0.020122261842407688,0.9937454185955592,0.9758165371069413
RipVIS-044_00084.jpg,0.888680315092927,0.782950475186098,0.8782638509399723,0.9531234557079554,0.8143070725694302,0.921698729517275,0.024871202698092804,0.9945206404319789,0.9742603746200489
RipVIS-044_00090.jpg,0.8907171147928892,0.7869638786026032,0.8807831966004875,0.9509997651599967,0.8202224988597416,0.9216112043623833,0.023241696294923102,0.9945810426310528,0.9732589431686776
RipVIS-044_00096.jpg,0.8996952073442445,0.8043128529825465,0.8915447802225758,0.9544328329574012,0.8364318694910988,0.928242182914827,0.028506271377203202,0.995175178433522,0.9752362540543482
RipVIS-044_00102.jpg,0.9263524552172584,0.8562708432544451,0.9225710206741348,0.955853105899608,0.8915286640613247,0.9422562116431242,0.0444921182683992,0.9965082465276576,0.9766329069558177
RipVIS-044_00108.jpg,0.908596808229615,0.8214767026516826,0.9019897992170718,0.9756263807093871,0.8386887510026959,0.9447746029650619,0.01693131815411026,0.9957996961804355,0.9859168997509571
RipVIS-044_00114.jpg,0.9110223837312124,0.8262238924210639,0.904844029091878,0.9588448553045466,0.8566014132019962,0.9364890974650577,0.03736892278004109,0.9959022955245712,0.9777578668121194
RipVIS-044_00120.jpg,0.9189950829757499,0.8417058185716665,0.9140502354762073,0.9578021349201769,0.8741208531144828,0.9398082031236293,0.03498817966572216,0.9963563368054354,0.9774772280995254
RipVIS-044_00126.jpg,0.8813256096095765,0.7678834737997362,0.8687037185197661,0.9568710674701882,0.7954132990610429,0.9195403047780885,0.04489044017404591,0.9948567708332133,0.9762077571247051
RipVIS-044_00132.jpg,0.9058602896903837,0.8157145364227848,0.8985052661745586,0.9583056213190141,0.8457298820165186,0.9334550411120066,0.0444695684902516,0.9960754243825959,0.9775391774325133
RipVIS-044_00138.jpg,0.9067022067242283,0.8173460685609338,0.8994941389541175,0.9314453428644363,0.8696622688367259,0.918396289695088,0.02145881447060635,0.996126663773028,0.9643992161635444
RipVIS-044_00144.jpg,0.9080494165465252,0.8200350132937188,0.9011200414322807,0.9722905994213805,0.8396580351913517,0.9425146364019796,0.03464755077313346,0.9961331741896947,0.9844319100010359
RipVIS-044_00150.jpg,0.9172279625485557,0.8380709794145487,0.9119027380340731,0.9841272917491367,0.849554412924537,0.9539067489887162,0.03559650824097027,0.9964513406634601,0.9904065017817832
RipVIS-044_00156.jpg,0.9112591589242988,0.8264136281755595,0.9049577986352197,0.9660700349217252,0.8511173105596352,0.9406607260536948,0.028171788807311682,0.9961756124612996,0.9814119683821367
RipVIS-044_00162.jpg,0.898439085159777,0.8014430600092851,0.8897789531079092,0.9849691177660763,0.8113662537601236,0.9445492803667844,0.028277396622633285,0.9955176986881515,0.9903421001130879
RipVIS-044_00168.jpg,0.8988440519126475,0.802292097375626,0.8903019644194953,0.9835006756125276,0.8132377469805125,0.9439737982595054,0.030529362334933304,0.9954804446372256,0.98960438131405
RipVIS-044_00174.jpg,0.8980133639223369,0.8010751124515226,0.8895521423991518,0.9811563830171091,0.8135922808013902,0.9423402814048805,0.02974585273925424,0.995052203896485,0.988248313233173
RipVIS-044_00180.jpg,0.8955990473788797,0.796426347301574,0.8866785420931865,0.9718591437266358,0.8152263455161657,0.9358956460648857,0.025032509750891375,0.9948765432097566,0.9836102034070615
RipVIS-044_00186.jpg,0.859179993405836,0.7256335260028385,0.8410053641964822,0.9814611637337136,0.7357176426321284,0.9200015985105643,0.033998701717461964,0.9928637393903124,0.9872742381663162
RipVIS-044_00192.jpg,0.8671345992600603,0.7411065445929881,0.85130521953926,0.9789125516367123,0.7531300403428588,0.9235386169831435,0.013307504420676535,0.9932939091433988,0.9862470626409003
RipVIS-044_00198.jpg,0.8653764988027648,0.737876292015559,0.8491700996274975,0.9845776672001607,0.7465044089738643,0.9255432919256069,0.021238505979230327,0.993016734181979,0.9888831631907729
RipVIS-044_00204.jpg,0.8867811230541087,0.7792132294261648,0.8759076388808981,0.9760188238633704,0.7944229196118946,0.933348295725935,0.015301085882255587,0.9944595148532751,0.9854276684076972
RipVIS-044_00210.jpg,0.9005431182372796,0.8059809930574159,0.8925686329543692,0.974921112383291,0.8230452469946221,0.9402214534289104,0.021477742081553213,0.9952027874227195,0.985273563316019
RipVIS-044_00216.jpg,0.8708830123176919,0.7479075860988742,0.8557747469568648,0.8994261405931329,0.8161642600225661,0.8814418908486252,0.019844834624757467,0.9939683400847567,0.9476568241659591
RipVIS-044_00222.jpg,0.886184193974404,0.778284591575717,0.8753206267013631,0.9702848468762848,0.7972880394944731,0.9299293419020926,0.02719007562008751,0.9942041618440159,0.982500646755367
RipVIS-044_00228.jpg,0.8889871117279879,0.7839931381443642,0.8789194547685776,0.9412945042178282,0.8242972494255537,0.9153114202033154,0.04192291034716995,0.9941097608023493,0.9683158364040536
RipVIS-044_00234.jpg,0.8447625603088984,0.6979686950373813,0.8221219826694336,0.9932923700647405,0.7012740316621551,0.9169285153181461,0.02692307692082583,0.9917180266202508,0.9924897329859718
RipVIS-044_00240.jpg,0.8651610696091857,0.7382767823073374,0.8494352450906817,0.9885467578962281,0.7446462101068727,0.9277705800025076,0.01571594877650495,0.992219931519942,0.9904250436295797
RipVIS-044_00246.jpg,0.8487155628924019,0.7056779289130949,0.8274456941150342,0.9879412975176891,0.7118090441109167,0.916809659269056,0.02451880839992662,0.9919130979937075,0.989966953550957
RipVIS-044_00252.jpg,0.832845070926221,0.6749741868840347,0.8059517479964196,0.9945231529840922,0.6774924862650814,0.9094118219885091,0.021190455679111857,0.9908915653933991,0.9926721541932368
RipVIS-044_00258.jpg,0.870433819983654,0.748675693917529,0.8562773492210934,0.9569827524898891,0.7747488237316893,0.9139857922787328,0.019565053802425687,0.9923694299767322,0.9751065802131762
RipVIS-044_00264.jpg,0.8361385473096302,0.6822620717735488,0.8111245961270045,0.9942833319950983,0.6849489143536104,0.9119160183073554,0.011725417438832993,0.9902246093748805,0.992210205174151
RipVIS-044_00270.jpg,0.8376317167025351,0.685197978257771,0.8131958228031554,0.990465336697788,0.6897475689983705,0.9110269979668236,0.02335375191245377,0.9902757282020411,0.9903684622824689
RipVIS-044_00276.jpg,0.8280093388343797,0.6672370985469811,0.8004105704323482,0.9302683633053435,0.7023660599128466,0.8735770633479094,0.015325397390025988,0.9890283805940165,0.9603600008668406
RipVIS-044_00282.jpg,0.8538582356580038,0.7169642452503853,0.8351533786841674,0.9926487888226421,0.7207913499695487,0.9230223969849539,0.017392042078782383,0.990963903356362,0.9917864616422428
RipVIS-044_00288.jpg,0.8613875203021837,0.7314576247867919,0.8449038709530787,0.9972989429915777,0.7329095623810232,0.9301878549584972,0.03439740525483122,0.9915180121526582,0.9943399294461274
RipVIS-044_00294.jpg,0.8484102143855672,0.7067930363547349,0.8282117647541621,0.9120815806442132,0.7584674293653432,0.8765746452293123,0.019624507454251372,0.9902615017359917,0.9522042212589759
RipVIS-044_00300.jpg,0.8612915739351408,0.7313736881390235,0.8448478721253347,0.9887646179766685,0.737502805470435,0.9256894900337762,0.028502075011471138,0.991414930555436,0.9901218590160998
RipVIS-044_00306.jpg,0.8792636129570716,0.7658685628983496,0.8674128743096448,0.9826866727241452,0.7763440431020701,0.9330861260085771,0.030995894047903073,0.9928308256171642,0.9878827498834761
RipVIS-044_00312.jpg,0.8906152546801759,0.7876653740843829,0.8812223870340544,0.982152380270192,0.7991032687268106,0.9391275377690749,0.0329189884240961,0.9937151572143863,0.9880743417892899
RipVIS-044_00318.jpg,0.8845803229327138,0.7759720096895496,0.8738561254973766,0.9800732067373781,0.7884107817390491,0.9346314801415805,0.014851067419217698,0.9933456307869173,0.9868692449580123
RipVIS-044_00324.jpg,0.9078793217150822,0.8210240030856035,0.9017168381025545,0.9743921816657066,0.8391300617671622,0.9439601758808519,0.02143577672987258,0.9948588204088307,0.9848793337638782
RipVIS-044_00330.jpg,0.9030379208067845,0.8118185756300103,0.8961367176045456,0.9782226905466854,0.826760453040869,0.9436475091602328,0.0489192263893481,0.994396098572411,0.9865143098383375
RipVIS-044_00336.jpg,0.8933526261366678,0.7929481510563323,0.8845187749452313,0.9728502468795472,0.8108925109766211,0.9354819077501505,0.038786673293652686,0.9939028742282752,0.9836354248496999
RipVIS-044_00342.jpg,0.9022914567627306,0.8103067886420241,0.895214881506205,0.9746685244675236,0.8277387522962546,0.9412526578850272,0.042625169143891646,0.9944127363038924,0.9847884392113477
RipVIS-044_00348.jpg,0.8962859636301521,0.7987624179798791,0.8881244237656895,0.9570959795177106,0.828425309324919,0.9282605713133749,0.02898428967243684,0.9939579716433986,0.9760006779462613
RipVIS-044_00354.jpg,0.9046125615453617,0.8148391118828826,0.8979739377971558,0.9623069149657749,0.8417036357325697,0.9354983879508919,0.032323232320511514,0.9945213638116085,0.9788280644556042
RipVIS-044_00360.jpg,0.8351962376119277,0.6797469260239362,0.8093444500391958,0.9847001932996439,0.6870027653661476,0.9061667373732613,0.01850675859398469,0.9908276668594485,0.9878257251265994
RipVIS-044_00366.jpg,0.8766112718238264,0.7597734605890937,0.8634900771088517,0.9838079154751929,0.7693945819436195,0.9318696062239029,0.016357782996923538,0.9935820553625345,0.9887979414019894
RipVIS-044_00372.jpg,0.8718240519145699,0.750779044139734,0.8576513942781833,0.9921789679594092,0.7552487216423758,0.9336025853330093,0.028322843388715026,0.9930190248841395,0.9926080921323872
RipVIS-044_00378.jpg,0.865142289100314,0.7380262549004372,0.8492693971906828,0.9941319167518663,0.7412554326404898,0.9306353702103322,0.024217311231655863,0.9924235628856828,0.9932589981261627
RipVIS-044_00384.jpg,0.9022969133172637,0.8104699185144608,0.895314426631814,0.9898439097491171,0.8172660250966077,0.9497338233947654,0.03271028037094778,0.994267939814695,0.9921120917096038
RipVIS-044_00390.jpg,0.8981301126324026,0.8026108917825232,0.8904982161611776,0.9963256697254448,0.8049936191756017,0.9511132733671702,0.034473661064596456,0.9938091965662382,0.9950348191868985
RipVIS-044_00396.jpg,0.8728022884637713,0.753698544640997,0.8595531392144572,0.9957778870510489,0.7561148555602052,0.9364154343587593,0.02750627108143705,0.9921016589504976,0.9938940486282306
RipVIS-044_00402.jpg,0.8987381945793507,0.8040547019613189,0.8913861659373994,0.9967128723689413,0.806192520603624,0.9517300809970044,0.038650677246255656,0.9935945939427814,0.9951115033813271
RipVIS-044_00408.jpg,0.8604862341956445,0.730420916339815,0.84421184400013,0.9978889327977043,0.7315513311989416,0.9301598397738576,0.019780219778547742,0.9907873987267324,0.9942470673141948
RipVIS-044_00414.jpg,0.8764127017630554,0.7616493215977497,0.86470026952579,0.9976403508728173,0.7630238908282188,0.9398432864558972,0.029569670436146885,0.9914180652004977,0.9944412703485757
RipVIS-044_00420.jpg,0.8400686759371178,0.6921244768921094,0.8180538563726947,0.9955221149842404,0.6942859239058012,0.9160326226484816,0.017982322461293634,0.9883274257329056,0.991827381817789
RipVIS-044_00426.jpg,0.8505473516954536,0.7123818486693076,0.8320362064371329,0.9965056589726526,0.7141658593395951,0.9234870083401429,0.012768334529345756,0.9890198206017325,0.9926577241607297
RipVIS-044_00432.jpg,0.853305864270788,0.7177950006391789,0.835716718667935,0.9950336798870757,0.7203758132969064,0.9245342025425013,0.014311694471865921,0.9891260368440166,0.9919954058190443
RipVIS-044_00438.jpg,0.8937887002170056,0.7959498249188449,0.8863831426413176,0.9931209419388073,0.800362472499381,0.9474827871925587,0.03341921236412078,0.9918923611109915,0.9924864460149974
RipVIS-044_00444.jpg,0.8871155804043489,0.7831982642114986,0.8784197247498065,0.9974169317403233,0.7847900489987643,0.9461480573965078,0.031413227394143074,0.9913142602236459,0.9942664874971179
RipVIS-044_00450.jpg,0.8996979194939778,0.8075579754433194,0.8935347982354577,0.9965353485113008,0.8098316867563222,0.9526111615512505,0.03482250300580456,0.9921081693671643,0.9942456678578404
RipVIS-044_00456.jpg,0.8843901040813328,0.7784671002153163,0.8754360427820885,0.9964455019506077,0.7806348688984551,0.9442376071083495,0.01871301775009519,0.9906319926696336,0.9934394370653418
RipVIS-044_00462.jpg,0.8884267387323483,0.7863407095165821,0.8803927552313141,0.9982271274435027,0.7874404155553032,0.9475006128438528,0.024092000871672466,0.9908328510801274,0.9944006615037886
RipVIS-044_00468.jpg,0.8547733021165913,0.7218810406190032,0.8384795738961066,0.9945269862827008,0.7247602281509056,0.9256209525577352,0.018156526830796067,0.9880482011958686,0.991183295283635
RipVIS-044_00474.jpg,0.8376809285968626,0.6893167076202394,0.8160893744918774,0.9963720580430858,0.6910511816793188,0.9154767041265673,0.007577944572201361,0.986464240933523,0.9912641917573788
RipVIS-044_00480.jpg,0.8360918834043505,0.686554735812394,0.8141505534733665,0.9975644072366364,0.6877075057987847,0.915101843081395,0.010899374164200873,0.9860675877699429,0.9916345965117285
RipVIS-044_00486.jpg,0.8841575067243419,0.7786298431404246,0.8755389393058227,0.9965784334888084,0.7807169185333074,0.9443571093612296,0.007967860729295758,0.9900462962961769,0.9931934484380807
RipVIS-044_00492.jpg,0.8379299393711619,0.6909105333991296,0.8172053101002762,0.9934497414819281,0.6940723677088682,0.9145539988807118,0.0175155118913188,0.985439211998338,0.9893088095990488
RipVIS-044_00498.jpg,0.8912451814238065,0.7925456212607546,0.884268285125521,0.9930996536848461,0.7969342091230993,0.946503276260208,0.018991916933758828,0.9903167197143867,0.9916543484523432
RipVIS-044_00504.jpg,0.8471246372005508,0.7086554161632997,0.829488976489537,0.98896934520107,0.7143013403116265,0.9183437866490152,0.014871481027241647,0.986081573109449,0.9874742796943946
RipVIS-044_00510.jpg,0.8732527055883088,0.7587907575940079,0.8628550659795587,0.9967123535382675,0.7606946731192246,0.9384768642066008,0.01858879526477206,0.9881717785492635,0.9922764668818818
RipVIS-044_00516.jpg,0.8509922874151625,0.7166574913783292,0.8349452292931359,0.9837363074391935,0.7252503976778801,0.9182796457417167,0.018059102516231357,0.9858521412035848,0.9848341595110808
RipVIS-044_00522.jpg,0.8668495346465843,0.7473860415993364,0.8554332286130358,0.9853121175000524,0.7558066026673945,0.9288988977697563,0.02115074385964326,0.986845703124881,0.9861104430353151
RipVIS-044_00528.jpg,0.867631665462139,0.7488466382590238,0.8563891445673022,0.984803238231097,0.757601214596872,0.9290777855988065,0.010757288673628917,0.9869454089504983,0.9859183999321168
RipVIS-044_00534.jpg,0.8681499983516507,0.749851785977217,0.8570460561132119,0.9794397272716895,0.7618438110995672,0.9265140065023547,0.019854132899985288,0.986977237654202,0.9833649287936576
RipVIS-044_00540.jpg,0.9005149713439949,0.8116982702764045,0.8960634158496674,0.9721367676278607,0.8310320388485452,0.9402083141037177,0.027039413380669144,0.9898007089119176,0.9813870882115645
RipVIS-044_00546.jpg,0.9000689922762086,0.8108776761108402,0.8955631700671625,0.9911020629723368,0.8168240857964465,0.950540507611676,0.02265210608282982,0.9897330729165473,0.9903857526569362
RipVIS-044_00552.jpg,0.830081361192285,0.6791262980536512,0.8089043675164355,0.9819960236586547,0.6876888103909902,0.9045709576367087,0.007952396840843487,0.9817681809412396,0.981877442666194
RipVIS-044_00558.jpg,0.8364427699666711,0.691448169043805,0.8175812675769882,0.9973834679708256,0.6927046955430748,0.9167398213512786,0.009496506001941319,0.9821786988810544,0.9894639762611512
RipVIS-044_00564.jpg,0.8424245796946264,0.7024978671049542,0.8252555033147037,0.9963010334258185,0.7043348877473476,0.920025840151492,0.008841835843822823,0.983057364004511,0.9894021712722467
RipVIS-044_00570.jpg,0.8608093252842438,0.7383003962730427,0.8494508749534617,0.9959846116828405,0.7405045188186702,0.9316960648576241,0.009976889689984956,0.9840680459103751,0.9897447354223351
RipVIS-044_00576.jpg,0.8387015033137912,0.6972829342453628,0.8216460793619953,0.9946131874183705,0.6999261884512874,0.9173662144801724,0.00788590603982741,0.9809905478393879,0.9874881985496322
RipVIS-044_00582.jpg,0.8432461855746464,0.7065786558332596,0.8280645646400203,0.9980205611252861,0.7075702470768533,0.92230150356043,0.00680458760869206,0.9808404465662397,0.9890141460868325
RipVIS-044_00588.jpg,0.8509527402875237,0.7221671139128369,0.8386725168291508,0.9952918772266559,0.7246425908418658,0.9261124816384793,0.004501542663269357,0.9807520736881533,0.9876371934097032
RipVIS-044_00594.jpg,0.8405775112412363,0.7032972638411231,0.8258068380326171,0.9946590933660826,0.7059632737830221,0.9194586205164205,0.01031251635814728,0.9789619502313635,0.9863962572832633
RipVIS-044_00600.jpg,0.9043894311904946,0.822943905117312,0.9028735363794456,0.9942134952448703,0.8269045167399494,0.9555460481604683,0.02241830400541639,0.9867099488810539,0.9902131795923919
RipVIS-044_00606.jpg,0.9112411508741645,0.8362125616937154,0.9108014825063566,0.9936777846441789,0.8406853036910336,0.9587809509020582,0.019298334944788515,0.987169174382597,0.9901938005142163
RipVIS-044_00612.jpg,0.917373026162539,0.8479871936633492,0.9177414178745963,0.9922449206735001,0.8536448147841665,0.9610375828140871,0.015812267095588063,0.9876696325230291,0.9897868823620657
RipVIS-044_00618.jpg,0.863411238160286,0.7499323421329248,0.8570986707050186,0.9966739404887552,0.7518138642430273,0.9357224019305455,0.011168646562535859,0.9783879484952523,0.986895031258447
RipVIS-044_00624.jpg,0.8632585343545673,0.7507733044782527,0.8576476492506154,0.9992958219933558,0.7511707117891094,0.9373698212723865,0.005870165745566784,0.9773954716434007,0.987544915111658
RipVIS-044_00630.jpg,0.8368422921483918,0.7041046929991661,0.8263631875339371,0.9986319328612604,0.7047845155304095,0.921768891160154,0.009833404935327061,0.9716332706403149,0.9841539914261874
RipVIS-044_00636.jpg,0.8758171381845066,0.7761084023800949,0.8739426054626641,0.9955750650371882,0.7787948497514938,0.9430735160359078,0.008342602891715675,0.9774398389273513,0.985734460797389
RipVIS-044_00642.jpg,0.8807032780312782,0.7850478419034528,0.8795818503848407,0.9954744298476293,0.7878596662307076,0.9456361082549941,0.006777772619340895,0.9782377266588327,0.9861082704161452
RipVIS-044_00648.jpg,0.8724091947365684,0.7709404166969297,0.870656527377527,0.9981743020338838,0.7720290384210018,0.9429329056853271,0.011365126545816099,0.9759889805168576,0.9861044526232534
RipVIS-044_00654.jpg,0.8714645237641232,0.76950530216268,0.8697406006324985,0.9955109993755524,0.7721846951041423,0.9410765733894795,0.013258146441683176,0.9755895543980305,0.9846621745377893
RipVIS-044_00660.jpg,0.8743875813703317,0.7756665486763832,0.8736623993447197,0.9955120951912748,0.7783884258765497,0.9429090828427116,0.014914772726610672,0.9753962914736478,0.9845143896449757
RipVIS-044_00666.jpg,0.8804385103380169,0.7862303418789932,0.8803235769155418,0.9932442013416224,0.7904575048007553,0.9447693246601667,0.01837705705101152,0.9768091724535859,0.9842547201890532
RipVIS-044_00672.jpg,0.8836161842332622,0.7928478746811886,0.8844563845911086,0.9868215391203253,0.8013324215351507,0.9431578813311089,0.02249083940435114,0.9766716097606847,0.9812417192782357
RipVIS-046_00000.jpg,0.7860862862168201,0.5854303007867786,0.7385128195118457,0.9925250683424267,0.5880228987518629,0.8724878312353758,0.05276466620823252,0.9869859182094005,0.9897032440748872
RipVIS-046_00006.jpg,0.7436419812978052,0.5042330319916167,0.6704187732455364,0.9842861544218849,0.508325015543284,0.8290355914369164,0.020613763171014605,0.9833381558637233,0.9838038513707552
RipVIS-046_00012.jpg,0.7448295043598772,0.5064259927724705,0.6723542944720825,0.9868865375679061,0.5098569434678144,0.8313263293635743,0.011970534068144485,0.9835165895056985,0.9851721840680208
RipVIS-046_00018.jpg,0.7489275393876688,0.5142977230819559,0.6792557569659917,0.9905370700929395,0.5168370765166939,0.8370920105305868,0.010016951762980897,0.9838387345674268,0.9871290241284435
RipVIS-046_00024.jpg,0.7305546727764948,0.4793145036816073,0.6480224488960599,0.9920469058112142,0.4811634192972018,0.8182819383259912,0.008175227516863299,0.9820949074069338,0.9869868356514937
RipVIS-046_00030.jpg,0.7317034491723092,0.48149605745173385,0.6500132822222116,0.9989793537560078,0.4817330408302153,0.8223785289033992,0.009085309515077716,0.9822096836415016,0.9904535234374785
RipVIS-046_00036.jpg,0.74286848641184,0.5025533890363488,0.6689324887931704,0.999797962276682,0.5026044311530216,0.8346625929477758,0.007881462798253237,0.9834645061723652,0.9914924607327742
RipVIS-046_00042.jpg,0.7492599595535598,0.515035806393063,0.6798991868307586,0.9970154249254689,0.5158310964799864,0.8402523766090889,0.019014419264931956,0.983768807869896,0.9902755896642486
RipVIS-046_00048.jpg,0.7423010725746735,0.5016295062595778,0.668113544877113,0.9989136028075101,0.5019033254255275,0.8337827583079985,0.013639181646987106,0.9832595486106369,0.9909522821743484
RipVIS-046_00054.jpg,0.7351778029513365,0.4883194545284704,0.6562024746000245,0.9967203764153224,0.48910533606939693,0.8253942763216936,0.010440657145640924,0.982338927468662,0.9894059637275856
RipVIS-046_00060.jpg,0.7382912260183786,0.49430115656425133,0.6615817091392281,0.9963310001976651,0.495202558628448,0.8286232020129943,0.01098901098733379,0.9825829475303903,0.9893374741458731
RipVIS-046_00066.jpg,0.7312224939758349,0.48070620719761387,0.6492931614130246,0.9962427745376808,0.4815792782530481,0.8208041833153155,0.005655603511585712,0.9820423418205141,0.9890220738796835
RipVIS-046_00072.jpg,0.7390466455686879,0.4956059792520896,0.6627493953988178,0.99616618859523,0.49655309088661936,0.8292867443674792,0.006634499395863314,0.9827835648143408,0.9893592847361866
RipVIS-046_00078.jpg,0.7383717651428279,0.4937793187772242,0.661114145269358,0.997880233144972,0.49429779786358036,0.8289716974671533,0.010135135133578756,0.9832426697526122,0.9904395718666753
RipVIS-046_00084.jpg,0.7429243536621113,0.5024855194588682,0.6688723624302779,0.9975546563128422,0.5031052252866188,0.8336861056370581,0.008675445389825648,0.9836381172834763,0.9904791752577355
RipVIS-046_00090.jpg,0.7608995185577913,0.5362330256067263,0.6981141749572063,0.9944491512753966,0.5378428769982012,0.8501078899522487,0.013095432965608866,0.9858029513884135,0.9900534920043168
RipVIS-046_00096.jpg,0.7506310197913673,0.517124514772811,0.6817166418937608,0.9886963719638998,0.5202000480517812,0.8377919464385921,0.0070321240199724905,0.9844024884254512,0.9865125347620036
RipVIS-046_00102.jpg,0.7657650800740526,0.5457744826529997,0.7061502033806271,0.9946693272236411,0.5473755215927686,0.8549439887095351,0.007863695935802146,0.9859953703698948,0.9902577156297095
RipVIS-046_00108.jpg,0.7926334382447806,0.5967282704250707,0.7474387238928432,0.9963696084076304,0.5980285343606048,0.8792390657655871,0.005042864346101384,0.9887297453698936,0.9924846522093289
RipVIS-046_00114.jpg,0.755438530546936,0.5261216214075931,0.6894884575743491,0.9993340089474639,0.5263061579204211,0.8470699117390067,0.008136696499896387,0.985009162808167,0.9920502781798215
RipVIS-046_00120.jpg,0.7315782630988656,0.480844207218046,0.6494190339190008,0.9995514085471753,0.4809479955034831,0.8222302037924486,0.007946598854426796,0.9825974151229829,0.9909354749190113
RipVIS-046_00126.jpg,0.7146426818797905,0.4489706346205686,0.6197097772628598,0.9997556654755435,0.44901990369886535,0.802819457592866,0.0038856077084417767,0.9806254822526135,0.9900371186849125
RipVIS-046_00132.jpg,0.7447731545090536,0.505312197289237,0.6713719561951363,0.9993614303655245,0.5054754068026474,0.8359957672388356,0.006235011989410869,0.984483989197056,0.9918028351856181
RipVIS-046_00138.jpg,0.8103376352131447,0.6303121474119912,0.773241061121416,0.9957520125658511,0.6320116145213339,0.8929665563778378,0.01948611829289772,0.9905189043205099,0.9930922801185904
RipVIS-046_00144.jpg,0.7889137616002195,0.5884265155867835,0.7408923356701986,0.9999676939652398,0.5884377019773309,0.8772630910678049,0.0036439354496540107,0.9895592206785351,0.994684592975565
RipVIS-046_00150.jpg,0.8047684538081088,0.6190783428037016,0.7647293233898308,0.9996527229360804,0.6192115143808822,0.8902584403607818,0.007116171498467145,0.9906042631168063,0.9950583117108281
RipVIS-046_00156.jpg,0.8403474622100444,0.6879628071211721,0.8151397699271534,0.9986563654380964,0.6886001852798661,0.9161530703720305,0.010702818406938491,0.992846739968657,0.9957049428284258
RipVIS-046_00162.jpg,0.7736084073098655,0.5597120563361464,0.7177120341698741,0.999938319167311,0.5597313814080079,0.8640327033566777,0.007888553204449722,0.9877001350303879,0.9937220225177529
RipVIS-046_00168.jpg,0.7256816302952682,0.46908834833970414,0.6386114883694315,0.9999061825374517,0.4691089951368256,0.8153845369185023,0.001938923896923748,0.9825482253081681,0.9910912690809414
RipVIS-046_00174.jpg,0.7233155216158271,0.46463219227291147,0.6344694520907191,0.9999059560815077,0.4646524975532121,0.8126748434370972,0.002895752895287041,0.982275752314341,0.9909531249768899
RipVIS-046_00180.jpg,0.8500450271563675,0.7116112773185732,0.8315103864393676,0.8976181900609528,0.7744720521965808,0.8699525571484509,0.014669609241247616,0.9887972608019923,0.944656321115581
RipVIS-046_00186.jpg,0.8505201548649972,0.7123556989374357,0.8320183702246818,0.8851514297208627,0.7849029355294124,0.8631041454163435,0.0178829717267741,0.9889930555550787,0.938721986371652
RipVIS-046_00192.jpg,0.8492402780435444,0.7098756862408043,0.8303243235202438,0.9028700760714169,0.7685696326961007,0.8723819391021664,0.02273618188648423,0.9889139660489058,0.9472245813263253
RipVIS-046_00198.jpg,0.8494924495920395,0.7101140703944706,0.8304873723782287,0.9263542402968328,0.7526018517149301,0.885468792740028,0.020480041740088696,0.9891661844131032,0.9586864901492725
RipVIS-046_00204.jpg,0.8542597786779493,0.7192406508613496,0.8366957243606423,0.9330539002637267,0.7583767735123155,0.891964610428273,0.0262846628957439,0.9895654899686586,0.96214306258156
RipVIS-046_00210.jpg,0.862597337409996,0.7351411981956303,0.8473560525911114,0.9595239325348435,0.7586681192869581,0.911272434618178,0.022395065036556916,0.9903206983019915,0.9753658760859292
RipVIS-046_00216.jpg,0.8429353609272882,0.6976391982093842,0.8218933669123943,0.9570006983073149,0.7202149463853241,0.8979563086439167,0.020827943076218894,0.9885426311723627,0.9732196893375098
RipVIS-046_00222.jpg,0.8453377888405482,0.7020681438415148,0.8249589141090072,0.9681065733143787,0.7186907586769891,0.9052730363458449,0.030775223992887256,0.9889052854933502,0.9787945660278405
RipVIS-046_00228.jpg,0.8408537985932868,0.6934499961137663,0.8189790046415757,0.9629569805459007,0.7124551852249044,0.8996901262970093,0.030351016095229475,0.9885614390427331,0.9761127130043727
RipVIS-046_00234.jpg,0.8387737714717904,0.6894950144652365,0.8162143226962729,0.9618256218643557,0.7088944151867921,0.8977619191208497,0.030132320184706886,0.9883613040118691,0.9754598161582047
RipVIS-046_00240.jpg,0.8432679146418085,0.6978710494288785,0.8220542421800818,0.9500610544291398,0.7244457832875841,0.8943549832140454,0.03487601113448137,0.9889539930550786,0.9700441848961263
RipVIS-046_00246.jpg,0.8374747980128745,0.6867986712264027,0.8143220444050496,0.9662545079677954,0.7036769041016284,0.8991507430997877,0.026090292872990115,0.988451003085943,0.9776514639386262
RipVIS-046_00252.jpg,0.8343128849572388,0.6806330246174407,0.8099722124315294,0.9602457266761892,0.700368194483846,0.8939073525041639,0.03621861924212622,0.9882923418205111,0.974643140663557
RipVIS-046_00258.jpg,0.8329373411907477,0.6780207677695875,0.8081196380791015,0.9609052733107714,0.6972548808017305,0.8933457711442786,0.029610389606544104,0.9881568287032272,0.9748941159831079
RipVIS-046_00264.jpg,0.8338194935243762,0.6798521496572226,0.809419031068833,0.9686241176508994,0.6951609266951987,0.897974845740872,0.03593523758905683,0.9880955825612519,0.9786207478850728
RipVIS-046_00270.jpg,0.8464943021620238,0.7039748256503064,0.8262737395567342,0.9672963118856874,0.721138611146791,0.9054799407277317,0.032715965927711775,0.989293499227918,0.9785922352207035
RipVIS-046_00276.jpg,0.85097349962116,0.7124206979838283,0.8320627037767284,0.9887441316580489,0.7182458158610918,0.9194866220149385,0.029318651062722828,0.9897911844131029,0.9892814004145702
RipVIS-046_00282.jpg,0.8485844592604275,0.7078995218437889,0.8289709233943284,0.991697799898266,0.7121197750733403,0.9194988050959247,0.03197635361655564,0.9895413773143376,0.9905913083994391
RipVIS-046_00288.jpg,0.8712880513296163,0.7517164319653252,0.8582626939474931,0.9940363869228818,0.7551219116292058,0.9348787682952555,0.03144820295567545,0.9911058063266825,0.9925302965073541
RipVIS-046_00294.jpg,0.8712626564988091,0.7517114799679581,0.8582594663154325,0.994223545237185,0.755008948144368,0.9349765547671973,0.03127070358668733,0.9910624035489047,0.9925987533497103
RipVIS-046_00300.jpg,0.8668142837035817,0.7430968192839635,0.8526168036830173,0.9925659902856425,0.7472557183698257,0.9314128573932033,0.027511961718831475,0.9907841435180407,0.9916504793217513
RipVIS-046_00306.jpg,0.8816875592051275,0.771996377134374,0.871329520868238,0.9942858108739618,0.7754367459848978,0.9411615975727239,0.04135491769264659,0.9916232638884107,0.9929154467122896
RipVIS-046_00312.jpg,0.8715096752962737,0.7525151946107266,0.8587830758042326,0.9948710934658608,0.7554459301472746,0.9355687174837137,0.04430030360967426,0.990770640431621,0.9927613555727071
RipVIS-046_00318.jpg,0.8729425193806973,0.7552987009538914,0.8605927874764965,0.9960532135518347,0.7575659554548946,0.9370548789270682,0.03952833980443141,0.9908521412032258,0.9933768071411636
RipVIS-046_00324.jpg,0.8654398022536935,0.7406770764894283,0.851021808115282,0.997508305630213,0.7420499809286037,0.9332519897758423,0.029968034092971756,0.9904692322526087,0.9938900270684599
RipVIS-046_00330.jpg,0.8772839580584191,0.763423619199043,0.8658425699728285,0.9940643602623749,0.7669195953039548,0.9384733172607024,0.029249011853853885,0.9913903356476701,0.9926889053975436
RipVIS-046_00336.jpg,0.8673281134683193,0.7445552667535875,0.8535760155527975,0.9938134463377343,0.7480222790966412,0.9325298190810046,0.028906249996236165,0.9903785686723618,0.9920461365733099
RipVIS-046_00342.jpg,0.8661926524487107,0.7424527104133243,0.8521926660921642,0.992785360205867,0.7464803114334485,0.9313261799431168,0.031897106105222235,0.990216531635325,0.9914633906629124
RipVIS-046_00348.jpg,0.8376115870277263,0.6880617875908132,0.8152092448852939,0.9916817171264295,0.6920559898116457,0.91265490600957,0.030707120133263134,0.9875149498452028,0.989538825245774
RipVIS-046_00354.jpg,0.8312154437826214,0.6759845413296823,0.806671570840831,0.9930167354371416,0.6792133693771609,0.909021345789029,0.02379790090019552,0.9868190586414994,0.9898296386186489
RipVIS-046_00360.jpg,0.8195008005181168,0.6538430406603318,0.7906953980339889,0.9948625015219863,0.6560581976742269,0.9017277067778284,0.02218471183720946,0.985563271604463,0.9900818497651931
RipVIS-046_00366.jpg,0.8189633185456011,0.65270026215377,0.7898592105300236,0.9970631685563771,0.6539575064130988,0.9023750612129179,0.019911239052427584,0.985625482252611,0.9911850614718016
RipVIS-046_00372.jpg,0.8410485604116408,0.6949118494978623,0.81999762961565,0.9953456096236655,0.6971773380828522,0.9169163893990752,0.03153368370383018,0.9875487075612521,0.991332820418314
RipVIS-046_00378.jpg,0.8040578721875813,0.6246656627112825,0.7689774912443522,0.9929969986959948,0.6274297324683663,0.8893610757326541,0.02024866784840158,0.9838937114192786,0.9883190764225703
RipVIS-046_00384.jpg,0.818280751955786,0.6508800733919541,0.7885249617855449,0.997317795024097,0.6520214296865119,0.9018027692194468,0.01647885617151595,0.9860537229933516,0.9915349980099377
RipVIS-046_00390.jpg,0.8100837780261809,0.6354075372405026,0.7770632368646833,0.9896332915039173,0.639665204112938,0.8920258047353019,0.02082831687685669,0.9851543209871793,0.9873336855677382
RipVIS-046_00396.jpg,0.8172302288165066,0.6488162276639563,0.7870085419806905,0.991982817660168,0.6522363711541935,0.8983895525491485,0.03364905283728202,0.9860151427464381,0.9889191848003211
RipVIS-046_00402.jpg,0.7976788729533195,0.6115629000828446,0.7589687005718565,0.985726841925525,0.6170268750897987,0.8804996023252877,0.025218354037985193,0.9841980131168093,0.9849426347614092
RipVIS-046_00408.jpg,0.7955074035707559,0.6072134920276744,0.7556102472255986,0.9833258924047726,0.6135306656257445,0.877541263044111,0.026256281403736648,0.9841970486106365,0.9837725678151035
RipVIS-046_00414.jpg,0.7937832172369419,0.6038577094026697,0.7530065863854799,0.9913388312158912,0.6070604438679361,0.879936255538238,0.027263504942015786,0.984103491511871,0.9876305172660033
RipVIS-046_00420.jpg,0.7970841010420295,0.610132663770233,0.7578663267926838,0.9939041176506488,0.6124244223308524,0.883800144782075,0.043783292186074664,0.9844246720674265,0.9890452331534446
RipVIS-046_00426.jpg,0.794080794970534,0.6044391597232199,0.7534584980180751,0.9957065410748347,0.606018641162231,0.8822446618281267,0.035415325172515735,0.9841174768513773,0.9897672443332789
RipVIS-046_00432.jpg,0.7835497702529305,0.5846635660295807,0.737902452688392,0.9971897235366195,0.5856285042011211,0.8743031891655745,0.03357737944539543,0.9828597608019951,0.9898470789224294
RipVIS-046_00438.jpg,0.7876943700616146,0.5923662854089464,0.7440075701638166,0.9969847038420667,0.5934294509812627,0.8776213327708344,0.0296653143978619,0.9834312307094023,0.9900402570090474
RipVIS-046_00444.jpg,0.7821690726971349,0.5817198549880345,0.7355535851099689,0.9974118605869694,0.5825992762524689,0.8730841134832743,0.03270851679045056,0.9830285493822419,0.9900458956185274
RipVIS-046_00450.jpg,0.7930161520412943,0.6019621151280069,0.7515310249142894,0.9947590594654085,0.6038772933149635,0.8807407032925764,0.04468986772252602,0.9844449266970561,0.9894770836243381
RipVIS-046_00456.jpg,0.7854820999418295,0.588265732120609,0.7407648735645421,0.9954824971443117,0.5898403414783171,0.8751163392838398,0.037027446913901155,0.9831158371908839,0.989145606985258
RipVIS-046_00462.jpg,0.7507030565637202,0.522078188590689,0.6860070560160745,0.9937499999784343,0.5237980851661028,0.8425608019341805,0.040775733460868255,0.9797844328698979,0.9866085167976877
RipVIS-046_00468.jpg,0.783612059235508,0.5845596505074816,0.7378196842514153,0.9910680235043241,0.5876556139988616,0.8714252433764198,0.0366431774456575,0.9830772569439703,0.9869742826510639
RipVIS-046_00474.jpg,0.8128868337593176,0.6426664424242399,0.7824673662606701,0.8348284383889072,0.7362868944167786,0.8130649978590254,0.048522389979542856,0.9836053240735997,0.9119404572082448
RipVIS-046_00480.jpg,0.8208692518189324,0.6583323940130719,0.7939691661210865,0.8772102295105448,0.72515689195082,0.8419035937434478,0.04775632990125892,0.9839202353390317,0.9325187133504791
RipVIS-046_00486.jpg,0.8212766332980767,0.6593051631716303,0.7946762027925239,0.8890208768430888,0.7184344966763572,0.8487167120716399,0.04984500929326162,0.9837741126538465,0.9381320897132395
RipVIS-046_00492.jpg,0.8342392116683692,0.6841904800019627,0.8124858656143993,0.9320307486321219,0.7201211085364632,0.8802260236700735,0.054753929392585166,0.9848051697526115,0.9593840712660148
RipVIS-046_00498.jpg,0.8368166314644432,0.6889827425869036,0.8158552781085662,0.9310613197759247,0.726020250623106,0.8812832952938774,0.053946182560326225,0.9851552854933521,0.9590985708797815
RipVIS-046_00504.jpg,0.8386358975024997,0.6925128308272869,0.8183250587102397,0.9395950244959709,0.7247804014837405,0.8870152770545138,0.05239948118645921,0.9852647569439693,0.9632659411963136
RipVIS-046_00510.jpg,0.8390770498285491,0.6932793931661868,0.8188600132549358,0.9359494258395671,0.7278093943692368,0.8853128067365811,0.05850994668332987,0.9853747106476729,0.9615668695352677
RipVIS-046_00516.jpg,0.837042251763146,0.6894335358031862,0.8161712446123752,0.9329319078505588,0.7253859056763129,0.8824357484179258,0.05394890415588783,0.9851567322526114,0.9600003709627574
RipVIS-046_00522.jpg,0.8362887569750961,0.6881529273047146,0.8152732091676215,0.9407829161930014,0.7193101504273006,0.8862107551222523,0.053806451605960454,0.9849421296291546,0.9636709211531723
RipVIS-046_00528.jpg,0.8329429906607629,0.6818759179069397,0.8108516337584765,0.9382159778132114,0.713933940790737,0.8827527023172997,0.052107576926285544,0.9845399305550807,0.9622259811087667
RipVIS-046_00534.jpg,0.831721324146925,0.6796275634565939,0.8092598362198254,0.9398271412643562,0.7105458749616964,0.882850898344911,0.05083226631871546,0.9843523341044635,0.9629048357085853
RipVIS-046_00540.jpg,0.8370499390684223,0.6895347787195175,0.8162421838301658,0.9458068422515922,0.7178983652716573,0.8893397757240572,0.03700877527190528,0.9850766782402657,0.9661548227210045
RipVIS-046_00546.jpg,0.8362890771987603,0.6879999999930593,0.8151658767723793,0.9549133271590509,0.7110995255647662,0.8936335261297196,0.032513181015250664,0.9850853587958213,0.9705374624277354
RipVIS-046_00552.jpg,0.8362516073931928,0.6880727527038618,0.815216940859622,0.9640706824475054,0.7061816018553403,0.8984500392775028,0.04106827915834363,0.9849474344131053,0.9748813961775517
RipVIS-046_00558.jpg,0.8398855855400421,0.6949278491238974,0.8200087684948988,0.9689854098270887,0.7107365869617253,0.9033390768588136,0.042846309398022454,0.9853491512340927,0.9774591285451157
RipVIS-046_00564.jpg,0.8391907027879979,0.6936350154245298,0.8191080239925977,0.9692514492009123,0.7092418032714217,0.9030401385960884,0.04403229875800753,0.9852555941353274,0.9775389562644643
RipVIS-046_00570.jpg,0.8415949831283713,0.6982930525574471,0.8223469459595241,0.9806491360584076,0.7080494166578235,0.9105375650699713,0.060105087779045864,0.985407021604463,0.983112935919589
RipVIS-046_00576.jpg,0.8449169773833054,0.7045636589300276,0.8266791976220935,0.985311826136474,0.7120422556516738,0.9150739013625523,0.06841020354697111,0.985770158178537,0.9855491665284655
RipVIS-046_00582.jpg,0.8410150191019361,0.6972374043456501,0.8216144689722552,0.9824273992413338,0.7060427672884927,0.9110965674320278,0.06616135662048286,0.9853071952155742,0.9839186585102719
RipVIS-046_00588.jpg,0.8374261551587407,0.6905800090282386,0.8169740625587907,0.9846117225211487,0.6981147060798186,0.9099273031244904,0.06552380951548904,0.9848056520056979,0.9847121460036734
RipVIS-046_00594.jpg,0.8398411510935977,0.6950478964140089,0.820092338257144,0.9824273992413338,0.7037976968994123,0.9103471004037741,0.045465869451237435,0.9851543209871793,0.9838394948777951
RipVIS-046_00600.jpg,0.8353980053389172,0.6866753318298606,0.8142353408167676,0.9764485143664561,0.6982397821184869,0.9043797627261079,0.04682648117664557,0.9846547067896486,0.9806979683640835
RipVIS-046_00606.jpg,0.8276207924633364,0.6721201841466236,0.8039137264402367,0.970987706166919,0.6858945827454587,0.8964643526598152,0.03704609364995157,0.9836858603390318,0.977563255365324
RipVIS-046_00612.jpg,0.82794322886368,0.6725623849191782,0.8042299539717053,0.975982036254676,0.683881375842141,0.8991709307258415,0.04508045694078363,0.9838763503081674,0.9800678378328085
RipVIS-046_00618.jpg,0.7523867655426142,0.5286724350033334,0.6916752378048611,0.9872884446858169,0.5322956509716493,0.8431481268047435,0.041439088097668116,0.9767250192896524,0.9818632747548308
RipVIS-046_00624.jpg,0.7704699350874262,0.5629173036090249,0.7203417638401715,0.9912987599258172,0.5657125299763544,0.8616540763150426,0.039277872647075156,0.9786275077155774,0.9847821870451283
RipVIS-046_00630.jpg,0.8341121688151694,0.6844315276806755,0.8126558027836034,0.9706924359883282,0.6988735050300345,0.9006341467158158,0.04935217902834485,0.9843431712958216,0.9777652321259351
RipVIS-046_00636.jpg,0.7664109905237475,0.5550844939224292,0.7138962494858725,0.9929477638210903,0.5572815147722933,0.8586883236285626,0.039627039622178006,0.9783391203698986,0.9854390825583412
RipVIS-046_00642.jpg,0.8131203181603428,0.6444636678138053,0.7837980010474451,0.9739706508663136,0.6557579713520081,0.8878072947351507,0.04784116731876077,0.9823596643513781,0.9783075391397604
RipVIS-046_00648.jpg,0.7673966241524453,0.5567272545134773,0.7152534304250628,0.9941878140638055,0.5585451622570226,0.86003007444353,0.0340512573656538,0.9786540316353305,0.9862056753322308
RipVIS-046_00654.jpg,0.8118735038545015,0.6417753949270298,0.7818065697781444,0.9778886443647261,0.6512255836764377,0.8887290759157284,0.04164209035724406,0.9825356867279212,0.9802889651620301
RipVIS-046_00660.jpg,0.7609238098933653,0.5444736947016028,0.7050604961022618,0.994535718170658,0.546107377174887,0.8542454129014494,0.027556285175005125,0.9779697145057012,0.9860274457097331
RipVIS-046_00666.jpg,0.8225400047165745,0.662085218883004,0.7966922650668357,0.9763156357546827,0.6728928697159675,0.8955507753796534,0.04720526068022484,0.9835431134254516,0.9800528005115172
RipVIS-046_00672.jpg,0.8214470262496094,0.6600676668672993,0.7952298331463895,0.9725318644763974,0.6726070218750555,0.8929005089173964,0.054206929053239816,0.9833805941353282,0.9781424002822852
RipVIS-046_00678.jpg,0.8193558296693694,0.6556474386807732,0.7920133518319525,0.9777214272629096,0.6655911879176581,0.8938837355000566,0.05302754519439054,0.9835932677464392,0.9807542467903829
RipVIS-046_00684.jpg,0.8191600014626006,0.6552388680327088,0.7917151786212898,0.9760519755084076,0.6659450543717753,0.892894165779762,0.044986838951305716,0.9836082175921183,0.9799546621934743
RipVIS-046_00690.jpg,0.8224780368861957,0.6613572837814313,0.796165027520281,0.9751655378127012,0.6726871740128073,0.8947036236900859,0.05172827651803549,0.9841078317896489,0.9797836671912743
RipVIS-046_00696.jpg,0.8106256806110443,0.638696990593554,0.7795181101323814,0.9730068855031917,0.6502180110614392,0.8851259573788081,0.04553294238869346,0.9830762924377975,0.9782013017383466
RipVIS-046_00702.jpg,0.8165522546441634,0.6498187424408328,0.7877456180179588,0.9737593855704132,0.6614006255562593,0.8897218442544622,0.05157028623808433,0.9837885802464391,0.9789338405273047
RipVIS-046_00708.jpg,0.8267526533330714,0.669341009938691,0.8019224423933292,0.976884574533947,0.6801127783748497,0.8984735742245807,0.058379037165340764,0.9846561535489079,0.9808979697245026
RipVIS-046_00714.jpg,0.7701736599930047,0.5609601821630353,0.7187373368944083,0.9909676698265985,0.5638430890458628,0.8605849474051935,0.04290142590912567,0.9799160879624904,0.9852949843538222
RipVIS-046_00720.jpg,0.8745615865835833,0.7604893816317584,0.8639522505121588,0.9833095092099475,0.7704344486909961,0.9318163639694405,0.06217370668460207,0.9890297067896465,0.9862746446626973
RipVIS-046_00726.jpg,0.7794791084029087,0.5788112880279699,0.7332241572087312,0.9924490899082277,0.5813715347361721,0.869489020670317,0.03903684786099515,0.9806741898143418,0.986399758396151
RipVIS-046_00732.jpg,0.8727708073572948,0.7572655764773623,0.8618681053268985,0.9858390147809718,0.7655934455653446,0.932203821720972,0.06003531488404528,0.9886897183637208,0.987317276300832
RipVIS-046_00738.jpg,0.8813982658337143,0.7736153113571821,0.8723597573875324,0.9834384228458851,0.783827053152274,0.9357769598039564,0.06545281446323303,0.9895669367279178,0.9866179467273797
RipVIS-046_00744.jpg,0.8810823927137744,0.7730242184071138,0.8719838233248717,0.9820079403940726,0.7841299461301993,0.9348265749823036,0.05521040908976551,0.9895278742279179,0.9859096119733284
RipVIS-046_00750.jpg,0.8839820188806753,0.7785248274478328,0.8754725437991314,0.9818246755693768,0.7899089012729353,0.9363268004198289,0.05046031930422325,0.9898172260797695,0.9859721550119422
RipVIS-046_00756.jpg,0.8768461651107138,0.7648041797467525,0.866729791921165,0.98272722329606,0.7752251286366293,0.9327917320234459,0.04520371022129814,0.9892756558637205,0.9861219035814471
RipVIS-046_00762.jpg,0.892281747550955,0.794252629333961,0.8853297649938995,0.9810773571159233,0.8066092697996871,0.9403961681274339,0.05586334256049592,0.9906602044748309,0.9860515841172048
RipVIS-046_00768.jpg,0.8783679789662973,0.7676719424989897,0.8685683401341066,0.9889774762935195,0.7742968189473507,0.9370181580713625,0.04387437064925984,0.9894454089501401,0.9892199947418145
RipVIS-046_00774.jpg,0.8887739681923092,0.7875849511910361,0.8811720535757276,0.9825673533943138,0.7987460545724052,0.9393322660633393,0.05304977797931178,0.9903231095674236,0.9865922037355699
RipVIS-046_00780.jpg,0.8858911727053581,0.78206690472082,0.8777076805018599,0.9806672778599719,0.7943132654513193,0.9367147085251877,0.04479852210543834,0.9900815007711274,0.9855516675024678
RipVIS-046_00786.jpg,0.8843856609923563,0.7790881849231691,0.8758286312342796,0.9809729146883039,0.7910418568175878,0.9360245636051308,0.05266946610045957,0.990045331789646,0.9856774906090502
RipVIS-046_00792.jpg,0.8916490384701776,0.7929412775193225,0.8845144985634109,0.9759091870047587,0.8087723140859844,0.9371748079939493,0.04892573563183959,0.9907002314810037,0.9835848164130669
RipVIS-046_00798.jpg,0.8755641556716918,0.7619460670125835,0.8648914757129643,0.9806540048473709,0.7735739685779977,0.9308193141486681,0.05687499999289062,0.9895442708328561,0.9852561928314398
RipVIS-046_00804.jpg,0.8687230070085963,0.7489375149756017,0.8564485678449748,0.977833108046129,0.7618725611834664,0.9253718883634757,0.05174353205202555,0.9888893711414984,0.983555190482885
RipVIS-046_00810.jpg,0.8839129398363106,0.7781142241295462,0.8752128671716378,0.981207196421062,0.7898859074265193,0.9358710162396153,0.04361893348788269,0.9900699266970534,0.9858016174182066
RipVIS-046_00816.jpg,0.8693785166424618,0.7501179154655729,0.857219857972854,0.9860141876551991,0.75818486201583,0.9301155265885246,0.05429751031473821,0.9890137924377946,0.9875658900617434
RipVIS-046_00822.jpg,0.8707271138726422,0.752694071936081,0.8588995466900066,0.9866083629265028,0.7604634403153118,0.9312233388273564,0.05763795009737766,0.9891319444439675,0.9879139248912826
RipVIS-046_00828.jpg,0.8696568022242013,0.7506239623451021,0.85755019751881,0.9894919921590045,0.7566555094899846,0.9321256342058841,0.05556249218934168,0.9890620177464367,0.9892696054686365
RipVIS-046_00834.jpg,0.8733763688598075,0.7576773308469659,0.862134724673119,0.9899689238853804,0.7635392744781216,0.9345408004540964,0.05277883758708141,0.9894362461414982,0.9896933919793869
RipVIS-046_00840.jpg,0.8921095800723149,0.7934735363848845,0.8848455472438069,0.9883254438554032,0.800981031874525,0.9441588822228234,0.06124868281595776,0.9910633680550776,0.9897436754123057
RipVIS-046_00846.jpg,0.8893278059452548,0.7882360733833628,0.881579434746567,0.9901539314798204,0.794463236594329,0.9436655458986234,0.06485788112857133,0.9907494212958186,0.9904624035884654
RipVIS-046_00852.jpg,0.8840791237566985,0.7782901854417882,0.8753241645411591,0.9886721732353903,0.7852929177009264,0.9399837922450908,0.05594493115695307,0.9902160493822385,0.9894718928490716
RipVIS-046_00858.jpg,0.871601328656548,0.7542605766376985,0.8599185168754703,0.9876236905344068,0.7614578322602279,0.9322451729890079,0.05433130698400059,0.989305073301992,0.9884932853785356
RipVIS-046_00864.jpg,0.8790377528391204,0.7686582637554575,0.8691993015353197,0.9914000591018426,0.7738178941732531,0.9386160357344648,0.048176272868395834,0.9897767168205104,0.9905595913200755
RipVIS-046_00870.jpg,0.878354770438052,0.7673008388533659,0.8683307583910781,0.9915404344420296,0.7723570056648894,0.938286106596725,0.05284656624293508,0.989766107252609,0.9906220141742816
RipVIS-046_00876.jpg,0.8764657368146795,0.7636996802229216,0.8660200926343585,0.9914274747161482,0.7687762503635778,0.9371447307949698,0.05887764488646633,0.9895939429007573,0.9904785181475303
RipVIS-046_00882.jpg,0.8853634955601594,0.7806450900411807,0.876811549260641,0.9891010842813698,0.7874184134816844,0.9409021459638737,0.059798929356339084,0.9904200424377939,0.9897841064783286
RipVIS-046_00888.jpg,0.8772911066865112,0.7650073617753138,0.8668602503797369,0.9915507320126514,0.7700270383314287,0.9376041744151768,0.057354301565038415,0.9899170524686584,0.9907059255448216
RipVIS-046_00894.jpg,0.8849400432368962,0.7794804837733705,0.8760764626319362,0.9893301546547663,0.7860888447320787,0.9406876648255958,0.06514484046654054,0.9907146990735963,0.9900461811535374
RipVIS-046_00900.jpg,0.8851613554590484,0.7798542263891689,0.8763124696692459,0.9928462530639023,0.784261049794645,0.9427013303713849,0.059872091432865406,0.9907798032402629,0.9917778815312454
RipVIS-046_00906.jpg,0.8560957521289623,0.7246903149984674,0.8403715249008182,0.9297176318103416,0.766692204104951,0.8917924151265406,0.0600792534756386,0.9878993055550791,0.9598404843509811
RipVIS-046_00912.jpg,0.8984814734203448,0.805382521216254,0.8922015271020594,0.9871754991093947,0.8138981825717363,0.9468586323529811,0.06786850476300789,0.991863908178534,0.9896024803715348
RipVIS-046_00918.jpg,0.8670642585743011,0.7454294468116065,0.8541501899985587,0.9600346895864706,0.7693020454403704,0.9146794903574439,0.06989462450715024,0.9890610532402637,0.9750488128273026
RipVIS-046_00924.jpg,0.8947330120635538,0.7982455134361763,0.8878048158294574,0.9896079155982258,0.8049934084140321,0.9462078827322601,0.05148726156442747,0.9915152391970526,0.9905950640867225
RipVIS-046_00930.jpg,0.8766783308723093,0.7636999168752497,0.8660202447911867,0.9719465012683204,0.7809134620891003,0.9266115373670003,0.07419538591936836,0.989991319443967,0.9812795203979395
RipVIS-046_00936.jpg,0.8947615543766028,0.7983063277702851,0.8878424275580488,0.9894331690410398,0.805170939173792,0.946129107611406,0.03979689858106259,0.9915118634254477,0.9905090476453564
RipVIS-046_00942.jpg,0.893534144704061,0.7960149751272089,0.8864235389471943,0.9908637638319661,0.8019006350642881,0.9462673080356901,0.040566556650087106,0.9913551311723614,0.991118106892046
RipVIS-046_00948.jpg,0.8721952432382911,0.7553092846764682,0.8605996575876186,0.9760498924341907,0.7695722448520321,0.9263420381991067,0.045486256446841594,0.989437210647671,0.9829748821306271
RipVIS-046_00954.jpg,0.8712482623893245,0.7532336713816851,0.8592507475493304,0.9880925567069375,0.7601335350903888,0.9321815405275997,0.05335004874587685,0.9896035879624857,0.9888731420898484
RipVIS-046_00960.jpg,0.8593273552215396,0.7309193479535689,0.8445446621389033,0.9210200032936434,0.7797956469920942,0.8888259600197828,0.06818484484376283,0.9881307870365605,0.9557926386322595
RipVIS-046_00966.jpg,0.8764930167368896,0.7632960772337835,0.8657605345906785,0.9844632976616089,0.7726030569618736,0.9332792480277513,0.07630697537843206,0.9900217013884114,0.9873364062246472
RipVIS-046_00972.jpg,0.8682734670144414,0.7474634635009679,0.8554839389928725,0.9910821995053815,0.7525247254889733,0.9319921308462212,0.05857185009463384,0.9894251543205105,0.9902266577862802
RipVIS-046_00978.jpg,0.8517432964005196,0.7165482870007617,0.8348711101541458,0.9250006977848412,0.7607460545106371,0.8867103154323449,0.05077498663137694,0.9873558063266843,0.9572941645095777
RipVIS-046_00984.jpg,0.8606728150930651,0.7330981775343339,0.845997286290275,0.9951503990025299,0.7357266043304016,0.9295937793884901,0.04675516223499186,0.9886149691353256,0.9917766692984736
RipVIS-046_00990.jpg,0.8587332818199502,0.7295529506069537,0.8436318186742198,0.9911591504156841,0.7343315387984037,0.9263613931429477,0.0589684149436441,0.9882952353390295,0.9896800751719803
RipVIS-046_00996.jpg,0.8569753774395557,0.7262356570485582,0.8414096349860412,0.9898809613693241,0.7316675051625953,0.9246193101382606,0.05103668260823015,0.9881028163575482,0.988962608847637
RipVIS-046_01002.jpg,0.8384108583297724,0.6913333121438341,0.8175009706011653,0.9276497171797794,0.7307339244052176,0.8802104684027703,0.04876748833460793,0.9859452160489073,0.9578213163174971
RipVIS-046_01008.jpg,0.8592725275529518,0.7306248472785866,0.844348038140671,0.9929810261137078,0.73441773747966,0.9276614706869467,0.06298749079279066,0.9883034336414986,0.9905650421250167
RipVIS-046_01014.jpg,0.8618237550016767,0.7355308674745484,0.8476148494493255,0.9922669618135656,0.7397713967020935,0.9288600640158612,0.05128960942501258,0.9884968171291529,0.9903190870426455
RipVIS-046_01020.jpg,0.8984464683695745,0.8059152109951685,0.8925282937852441,0.9772650152570116,0.8213137949477213,0.9415101883774792,0.05920587818861016,0.9913035300921146,0.984553594390355
RipVIS-046_01026.jpg,0.8589025614275654,0.7300958550276831,0.8439946872377205,0.9931824947753323,0.7337732321485344,0.9275962741554289,0.05700712588227329,0.9881047453698939,0.9905586121465432
RipVIS-046_01032.jpg,0.8640592425509694,0.7399702498059679,0.8505550596494226,0.9928821966716143,0.7439165191301814,0.9305940318955486,0.051538801347144926,0.9885349151229801,0.9906347026988467
RipVIS-046_01038.jpg,0.862907349006448,0.7378403347563954,0.8491462880677394,0.9899091532001998,0.7434319319183093,0.9283520366718542,0.04540111665509828,0.9883680555550789,0.9891122496041033
RipVIS-046_01044.jpg,0.8880120730658597,0.7858931688246199,0.8801121842487958,0.9875080033104813,0.793784630200896,0.9415508507598389,0.03865688487039265,0.9904759837958186,0.9890464559331551
RipVIS-046_01050.jpg,0.8743122382383811,0.7596600110783381,0.8634168035821993,0.9885572842858762,0.7663991051958857,0.9343866479141376,0.0367751060768352,0.9893364197526093,0.9889606032990144
RipVIS-053_00000.jpg,0.8644858951303726,0.7580409932917025,0.8623700996554915,0.7842309691940725,0.9578036481235411,0.813723478301342,0.049015500621559065,0.973357204860055,0.8900578264530477
RipVIS-053_00006.jpg,0.8398790417157076,0.7144948187714883,0.83347562319664,0.746863917309283,0.9428107292119008,0.7792548299040679,0.02709152161326621,0.9680414496517273,0.8707153796842835
RipVIS-053_00012.jpg,0.8307276884410632,0.6971778408173095,0.8215731127877203,0.7295692483907541,0.9401302100685935,0.7637821037133977,0.02800058334140286,0.9669921874989508,0.8620835746614022
RipVIS-053_00018.jpg,0.8726677755328518,0.7728754171770148,0.8718891465116931,0.822452975599158,0.9276484270266706,0.84153910422821,0.042237604175414944,0.9748198784711645,0.9074964100118061
RipVIS-053_00024.jpg,0.8842924018191345,0.7937361532603261,0.8850088144988518,0.8470239025064102,0.9265605596148411,0.8618197540231396,0.048587913749075624,0.9770681423600509,0.9196080528048369
RipVIS-053_00030.jpg,0.9283976716644582,0.8722116187435663,0.9317446916913206,0.8940573478072301,0.9727491435495655,0.9087604168608662,0.05974691653696189,0.9860514322905968,0.9455361945900602
RipVIS-053_00036.jpg,0.9068070078676322,0.8342719304909446,0.9096491273980852,0.8775081118693456,0.9442341577917267,0.8900880542351749,0.05352065561908,0.9812879774294908,0.9356379864482112
RipVIS-053_00042.jpg,0.9126068641536037,0.8445685670180608,0.915735616576612,0.8832445388810567,0.9507084241118876,0.8959603121251933,0.05416666665763888,0.9824869791656006,0.9388574869438486
RipVIS-053_00048.jpg,0.9282126615925236,0.871906075694489,0.9315703250452951,0.9140898118766222,0.9497324468844957,0.9210026983790855,0.06710174028328283,0.9859950086794856,0.9542283901313009
RipVIS-053_00054.jpg,0.9140017708864572,0.8470751204789947,0.9172070059168205,0.8939876951725519,0.9416646169868608,0.9031329037975151,0.05397350992483882,0.9827506510406003,0.9436801634979167
RipVIS-053_00060.jpg,0.937702415562835,0.8894283864495085,0.9414788015552839,0.9208311155703982,0.963073687673054,0.9289805496996937,0.05651465797125168,0.9873980034711508,0.9582318002584931
RipVIS-053_00066.jpg,0.9377384057128804,0.8890947228016046,0.9412918389640523,0.9578665033320536,0.9252810249410891,0.9511670826080574,0.046485800405126794,0.9877224392350393,0.974504063648966
RipVIS-053_00072.jpg,0.8936963548258996,0.8117714592497545,0.8961080108700961,0.8683728346799611,0.9256733215692466,0.8792583009918068,0.034536227793270896,0.9779405381933833,0.9298970455982937
RipVIS-053_00078.jpg,0.9128870147527786,0.845964263701401,0.9165554072050467,0.9109282474708285,0.9222525213951211,0.9131707994996923,0.04551236748473323,0.9818250868044902,0.9507390032762273
RipVIS-053_00084.jpg,0.8983325024494544,0.8202853484468604,0.9012711651464539,0.9193882362494682,0.8838543103700989,0.9120547009103259,0.036852313655188096,0.9786783854156047,0.9525428183180572
RipVIS-053_00090.jpg,0.9099165700501186,0.8404592866834731,0.9133147283013139,0.9537209105782646,0.8761931553539094,0.937136869189907,0.029129084721406316,0.9813953993044907,0.9691430024651937
RipVIS-053_00096.jpg,0.8995056761010216,0.8224914501853445,0.9026011618344748,0.9109848484756712,0.8943703762225109,0.9076127540328085,0.029664660356883824,0.9788237847211602,0.948998728229764
RipVIS-053_00102.jpg,0.9048497906881995,0.8315408863264274,0.9080232852396455,0.9238867314154052,0.8926954046352411,0.9174753011025252,0.039662084759498555,0.9802842881933808,0.9554056304644603
RipVIS-053_00108.jpg,0.8803981420534484,0.7892381469186078,0.8822058128794301,0.8834490245004687,0.8809660952898787,0.8829513196294129,0.020536071473458317,0.9742957899294984,0.9344265576983679
RipVIS-053_00114.jpg,0.9008006196618585,0.8241314729766446,0.9035878007540922,0.9324271350828777,0.8764789068948285,0.9206732780985857,0.03324139932744355,0.9796213107628259,0.9587167076027139
RipVIS-053_00120.jpg,0.925050905881683,0.8668830858751432,0.9286956343800954,0.9480812405268305,0.9100869059580197,0.9402306849507998,0.05098707569223305,0.9848719618044869,0.9686097533220837
RipVIS-053_00126.jpg,0.927400655857884,0.8710177817273179,0.9310630719107297,0.9499258547489513,0.912934824053946,0.9422897631922431,0.03261977573429157,0.9853841145822642,0.9697107120590827
RipVIS-053_00132.jpg,0.9294734377351749,0.8746528811976954,0.9331358247388061,0.9471022786292052,0.9195752977570836,0.9414658262778041,0.034952864389419455,0.9858452690961526,0.9687291547957166
RipVIS-053_00138.jpg,0.9415856877974393,0.8964186754594023,0.9453805608007391,0.928949431586349,0.9624034195225813,0.9354528641890998,0.046633678205632974,0.9881152343739278,0.962215576742345
RipVIS-053_00144.jpg,0.9341671125217044,0.8830080621053455,0.9378696564029319,0.9329137055742852,0.9428785437882302,0.9348897873474695,0.059107922635822215,0.9867892795128181,0.9630751251714257
RipVIS-053_00150.jpg,0.9450512906134858,0.9023012956787634,0.9486418347381839,0.9419673951350935,0.9554115346320259,0.9446258687954391,0.053703996200646975,0.9890364583322602,0.9683363938047922
RipVIS-053_00156.jpg,0.9129965462668881,0.8451287522346626,0.9160648016688424,0.9381372263930091,0.8950071385193459,0.9291818354372338,0.03434755331958162,0.9826736111100448,0.9629012484622299
RipVIS-053_00162.jpg,0.9424097841306109,0.8976916062686789,0.9460879768907845,0.9400259314631179,0.9522287157043289,0.9424414034946291,0.03503875968449011,0.9884342447905942,0.9671593225920441
RipVIS-053_00168.jpg,0.9352058354122279,0.8846198944607718,0.9387780496861193,0.9400257507066908,0.9375336564254015,0.9395262725302825,0.06217948716952251,0.9871874999989289,0.9663584112358011
RipVIS-053_00174.jpg,0.9370706785309395,0.8875018936435136,0.9403984140437988,0.95802716785908,0.9234067146437934,0.9508969439629146,0.05486610057889188,0.9879134114572614,0.9746219533922589
RipVIS-053_00180.jpg,0.910452946210911,0.840269833121225,0.9132028553617805,0.898165717890595,0.928752071150598,0.9041207531792791,0.046424090331489316,0.9824262152767118,0.9451299837965251
RipVIS-053_00186.jpg,0.9225833937674898,0.8618891154088213,0.9258221752046424,0.8974247998176295,0.9560754435166425,0.908572108201948,0.046622123229900204,0.9848578559017092,0.9462862545383832
RipVIS-053_00192.jpg,0.8999307327074669,0.8208737273270913,0.9016261973663309,0.8840013104632085,0.9199681781916131,0.8909679265634974,0.04908256879983447,0.9808333333322691,0.9377586398821642
RipVIS-053_00198.jpg,0.8737204348016451,0.7748237683234577,0.8731275545801094,0.8466675912894702,0.9012947188994743,0.8570567677666564,0.022124542121300432,0.9749750434017198,0.918084776777626
RipVIS-053_00204.jpg,0.911728916984258,0.8422251660861663,0.9143563790038605,0.8863271513572903,0.944216294052091,0.8973300685392898,0.036734086847600524,0.9829416232628223,0.9401656895566002
RipVIS-053_00210.jpg,0.9140166353022292,0.846439930993724,0.9168345168295658,0.8959672397503302,0.9386969790687482,0.9041991172310366,0.0379767033607824,0.9832888454850441,0.9446311416166921
RipVIS-053_00216.jpg,0.93566609577364,0.8844203624156987,0.9386656820900957,0.9573785831550419,0.9206702807001222,0.9498045981696078,0.07873748513851392,0.988103298610039,0.9743551924268392
RipVIS-053_00222.jpg,0.9171306385391188,0.8520424413658872,0.9201111403662037,0.9130791876342577,0.9272522449232851,0.9158790311708932,0.03417037507403522,0.9838704427072658,0.9524832936261567
RipVIS-053_00228.jpg,0.9252666317828764,0.8661080992189697,0.9282507262912214,0.9392900093432444,0.9174679138468843,0.9348429368112139,0.04306756323357868,0.9858506944433747,0.9650837901424643
RipVIS-053_00234.jpg,0.9291965646940594,0.872784183115815,0.9320712882823841,0.9610876427332528,0.9047556618825479,0.9492669730975115,0.04304089709052755,0.9869021267350403,0.9753261615205888
RipVIS-053_00240.jpg,0.9196439799983556,0.8557094728822981,0.9222450878080667,0.9488161115448113,0.8971217339699327,0.9380060647487625,0.03312663184838012,0.9850358072905978,0.9687945839181771
RipVIS-053_00246.jpg,0.9369648150383532,0.886817394944271,0.9400140122944584,0.9614299688236604,0.9195313519764204,0.9527475450635263,0.05017805114111718,0.988294270832261,0.9762786405774958
RipVIS-053_00252.jpg,0.9261247445020679,0.8680974558858684,0.9293920433869536,0.928638487625316,0.9301468230970684,0.9289397632534929,0.05481433852197165,0.9856488715267083,0.9603711410997842
RipVIS-053_00258.jpg,0.9286731978952665,0.8724967496712138,0.9319073582631456,0.9240342843625687,0.9399157474057597,0.927167496337169,0.04354113109840277,0.9862727864572631,0.9586750035743333
RipVIS-053_00264.jpg,0.9441733623038002,0.8997947084976037,0.9472546738580818,0.9680207335515464,0.9273608532219941,0.9596060015727766,0.06817808443105337,0.9896191406239262,0.9799706479765873
RipVIS-053_00270.jpg,0.9291745198381318,0.8736255011623832,0.9325508225847614,0.939618090013133,0.9255890733497473,0.9367783677943196,0.04157514903646452,0.9861827256933744,0.9655350452016405
RipVIS-053_00276.jpg,0.9284491826134967,0.8724778126050649,0.9318965562440916,0.9425280033875615,0.9215022733311032,0.9382464477016281,0.0380003114720448,0.9859212239572636,0.9666943480127435
RipVIS-053_00282.jpg,0.9322037485744807,0.8790061073778125,0.9356075043358764,0.9560645237966044,0.9160075876056928,0.947775296709331,0.05264005150472632,0.986801215276707,0.9731460444920857
RipVIS-053_00288.jpg,0.928108562267228,0.8718604330893943,0.9315442729353923,0.9639979557780074,0.9012045743237489,0.9507488584279014,0.026126408005925153,0.9858615451378192,0.9761415686484188
RipVIS-053_00294.jpg,0.9215595576584645,0.8605538627083661,0.925051276350234,0.9435509369433239,0.9072630906806322,0.9360629855396744,0.03129422864738257,0.9842588975683765,0.966240933115598
RipVIS-053_00300.jpg,0.9301718966692678,0.8759051185933362,0.9338479968007564,0.9480883973207617,0.9200290509913651,0.9423404360835138,0.05099601592812812,0.985978732637819,0.9692416670326143
RipVIS-053_00306.jpg,0.9204776140450401,0.8581814236026458,0.9236788321118848,0.9834284745268363,0.8707736963179785,0.9586244132490028,0.04345757334758801,0.9843999565961541,0.9839657931331245
RipVIS-053_00312.jpg,0.9274335074407349,0.870549328677665,0.9307953715319303,0.9839518331059588,0.8830879251031208,0.9619769533421155,0.06012250160217238,0.9858138020822637,0.9849827751179039
RipVIS-053_00318.jpg,0.9164398870562036,0.8510477424846222,0.9195308396986874,0.9777529585521627,0.8678529229080183,0.953601214708536,0.04595879555531556,0.983540581596155,0.9809547208215931
RipVIS-053_00324.jpg,0.9220775918320656,0.8619502796455045,0.9258574614673498,0.9429375351619897,0.9093851451938566,0.9360304379003049,0.028475199015848867,0.9839843749989323,0.9658956457703894
RipVIS-053_00330.jpg,0.9132541235320109,0.8456075418235885,0.916345997359839,0.976776980660801,0.8629568106226967,0.9516727003096785,0.049656226119227466,0.9827094184017114,0.980061655452267
RipVIS-053_00336.jpg,0.9282029383744608,0.8726716577053835,0.9320071184018269,0.9458787413563994,0.9185364787157568,0.9402808350999117,0.05475460121859592,0.9853656684017086,0.9679641013709686
RipVIS-053_00342.jpg,0.9133802376015454,0.8470678072339203,0.9172027187268758,0.9099342792602763,0.9245882119376406,0.912827787269393,0.03638003607390559,0.9817458767350459,0.9503284507671474
RipVIS-053_00348.jpg,0.8820736888573768,0.7903255067766299,0.8828847087137377,0.9356454110652404,0.8357566945268816,0.9138020879334405,0.027959276701419344,0.9761729600683853,0.9580608056284144
RipVIS-053_00354.jpg,0.8950415984640885,0.8146075072845392,0.8978332824199043,0.883077226153634,0.9130908609340407,0.8889210590505351,0.02489875505851226,0.977861328123939,0.9363360718607225
RipVIS-053_00360.jpg,0.9125688265768337,0.844626011740642,0.9157693823732092,0.9315493462953968,0.9005151221410669,0.9251725489456332,0.04798492315917876,0.9823784722211563,0.9598768536410591
RipVIS-053_00366.jpg,0.8947269662084463,0.8131086779673881,0.896922162304066,0.910482684133461,0.8837596472927564,0.9050095661855861,0.022032178573411772,0.9785525173600493,0.9484040007890489
RipVIS-053_00372.jpg,0.8962206844430571,0.8152750533794387,0.8982385912941044,0.9340521869949402,0.8650699257590836,0.919389427435665,0.03330919622978867,0.979256727429493,0.9591105039959813
RipVIS-053_00378.jpg,0.9030421231965327,0.8272043010671828,0.9054316483209373,0.9252460091742265,0.8864481526781429,0.9172171002573146,0.024964936882894116,0.9808192274294912,0.9560939853849384
RipVIS-053_00384.jpg,0.9076455844218594,0.8353825203448966,0.9103088986462782,0.9173157192551604,0.9034083083379766,0.9145000868705372,0.057277826977077374,0.9817675781239347,0.9531567035213457
RipVIS-053_00390.jpg,0.9090805701918263,0.8378811410065674,0.9117903462981051,0.9125761452470097,0.9110058994430682,0.9122616631991712,0.06249999999093677,0.9821039496517121,0.9512608627817228
RipVIS-053_00396.jpg,0.8802569474741371,0.787724023515711,0.8812590905016591,0.8507413111005351,0.9140477992763703,0.862691222640924,0.03102524326173667,0.9752853732628306,0.9205375697082718
RipVIS-053_00402.jpg,0.8793119894731458,0.785916284288923,0.8801266791761652,0.8366195498231961,0.9284070796357478,0.85349582648595,0.031063652748431054,0.975193142360053,0.914369593584726
RipVIS-053_00408.jpg,0.8666763610185824,0.763600312772159,0.865956200213953,0.8178038762081492,0.9201337087244935,0.8364075739500169,0.03140293637419753,0.9724446614572781,0.9045673254912094
RipVIS-053_00414.jpg,0.8770461654854895,0.780853383158327,0.8769429202234388,0.8353863614978042,0.9228504054647398,0.8515272255632235,0.033324076640749226,0.9755685763878303,0.9136311043228802
RipVIS-053_00420.jpg,0.8318203765096372,0.7014524389154615,0.8245337017619848,0.7749185869082102,0.8809367604573569,0.7940304370414486,0.022328548641100687,0.9652734374989526,0.8812966426465343
RipVIS-053_00426.jpg,0.84702306170534,0.7275454283172047,0.842288042203213,0.8133101180024794,0.8734072022059857,0.8246586807553486,0.026993527058670495,0.9692513020822816,0.9000363310419497
RipVIS-053_00432.jpg,0.810254568802341,0.663104141081007,0.7974294870674707,0.7661776559646819,0.8313392107375766,0.7783797594402663,0.012083388658600001,0.9606998697906243,0.8743609825158465
RipVIS-053_00438.jpg,0.8475193456962953,0.7285729329140757,0.842976213547238,0.7915093652741828,0.9016016679986069,0.811323087944327,0.02257245892579505,0.969235026040615,0.8907234692454442
RipVIS-053_00444.jpg,0.8433568204873523,0.7212162884796278,0.8380309822848437,0.7851127975799448,0.898598319876983,0.8054573146019002,0.02358172752680478,0.9683246527767271,0.8873941158027359
RipVIS-053_00450.jpg,0.8588079397759791,0.7468915613458328,0.8551092441827536,0.8221152767402334,0.890862234529608,0.8350025408414629,0.01474549836739749,0.9730523003461664,0.9056651741250802
RipVIS-053_00456.jpg,0.8389489486873912,0.711890259092286,0.8317008117912408,0.7920867857886916,0.8754858088533626,0.8074707639700843,0.012049921099978492,0.9686414930545045,0.8899359681270499
RipVIS-053_00462.jpg,0.8101356807629498,0.6616180521498689,0.7963539530565891,0.7334127760912733,0.8711124590758222,0.7573563503800406,0.026215022087449923,0.9617458767350675,0.8605446842514748
RipVIS-053_00468.jpg,0.7923376175176745,0.6292706119734398,0.7724568372484681,0.690002979096374,0.8772912354628832,0.7207779938871909,0.019162961824442284,0.958542751735071,0.839521264514603
RipVIS-053_00474.jpg,0.8135368832564827,0.6656714302997281,0.799283001666114,0.7203675713487069,0.8976157656858924,0.7499868865469655,0.00788476118151861,0.9641569010406205,0.8556661305667951
RipVIS-053_00480.jpg,0.8042269330144968,0.6493723430792762,0.7874175237677844,0.7024105771027372,0.8958327583704178,0.7341114583851606,0.01547564860939529,0.9619639756934006,0.8466531680067115
RipVIS-053_00486.jpg,0.8050306829810525,0.6496604597894783,0.7876293038779444,0.729375151836258,0.8559965241360472,0.7516112341708016,0.028153846149514793,0.9631098090267327,0.8583379172281563
RipVIS-053_00492.jpg,0.823865718538557,0.6846546546478013,0.8128130626166075,0.7437852062817397,0.895964055058411,0.7699399555576568,0.025436261457344532,0.9658170572906187,0.8671062012946575
RipVIS-053_00498.jpg,0.8261179296570835,0.6880129854150026,0.8151749913770393,0.7494912200626163,0.8934773962495894,0.7744522125236145,0.03038922155233694,0.9668391927072842,0.8699150203440669
RipVIS-053_00504.jpg,0.855231257317091,0.7392928788942154,0.8501074061364905,0.7901597313519291,0.9198980400322271,0.8130947822594955,0.052856054828201667,0.9733485243044994,0.8914413837951887
RipVIS-053_00510.jpg,0.8321946371199407,0.6993285880084879,0.8230645832046636,0.7532242980409185,0.9071799035924772,0.779688147254291,0.02406614498389692,0.9676866319433944,0.8723410296695877
RipVIS-053_00516.jpg,0.8317615933140463,0.6974704925480933,0.8217762790104374,0.7585014343781282,0.8965688245423327,0.7826049315119779,0.016852241947509443,0.9685167100683936,0.8746209375724588
RipVIS-053_00522.jpg,0.8274389279644832,0.6912558510039712,0.8174468110116214,0.7488294314300483,0.8999079464157463,0.7748459997901266,0.026090737784303413,0.9663617621517292,0.8697579978560342
RipVIS-053_00528.jpg,0.8200827472631124,0.6790166574436682,0.8088265883883281,0.7311292175835044,0.9050014223162611,0.7603452846012454,0.03023289454213324,0.964099392360065,0.8611165721752199
RipVIS-053_00534.jpg,0.8281721951017347,0.6937822537097187,0.8192106773939779,0.7516480994622643,0.9001186684042207,0.777290211789173,0.01800803435129408,0.9654893663183968,0.8709822850901892
RipVIS-053_00540.jpg,0.8258389023744469,0.6898313843261131,0.8164499614867913,0.751937580181377,0.8930708524735426,0.7764792054891907,0.020777385156073868,0.9648307291656197,0.8707425244570094
RipVIS-053_00546.jpg,0.8285620486951506,0.694703602691788,0.8198526297912546,0.7572991748906579,0.8936704497785068,0.7811390427496094,0.030461270665729435,0.9653808593739525,0.873419083153391
RipVIS-053_00552.jpg,0.8391033935707715,0.7110847719586593,0.831150839060637,0.8049397983852327,0.8591263417321355,0.8152232993189241,0.05184851216533686,0.9695833333322813,0.8957028442755781
RipVIS-053_00558.jpg,0.838214990882358,0.710080547228304,0.830464446109514,0.7871958538439676,0.8787662483923315,0.8039507270419269,0.05175267036982809,0.9689116753461708,0.8877832121673548
RipVIS-053_00564.jpg,0.8110175004698874,0.6638730805830302,0.7979852409781224,0.728494790688203,0.8821308987737535,0.7547862215192725,0.02850971921835713,0.961355251735068,0.8585513216890702
RipVIS-059_00000.jpg,0.746164252036062,0.575960495759936,0.7309326563826144,0.5942252506188499,0.9493370494819662,0.6422755451587823,0.016181229771448688,0.924899088540663,0.7938266419240476
RipVIS-059_00006.jpg,0.7070576244838482,0.5060206367102116,0.6719969492789627,0.5350954141776088,0.9030336848235699,0.5825685647033932,0.02813163481579994,0.9160026041656727,0.7620428221897161
RipVIS-059_00012.jpg,0.8681790836962102,0.781702926045541,0.8774784108151152,0.8661029035758853,0.8891567097113808,0.8706175290722051,0.027175637091342325,0.9609895833322906,0.9226698776744231
RipVIS-059_00018.jpg,0.8608439510039654,0.7704689133902315,0.8703557657105402,0.8611225479071021,0.8797891323019736,0.8647922265867273,0.018355437663834965,0.9580826822906271,0.9190712102186662
RipVIS-059_00024.jpg,0.873663540594336,0.7940261251091707,0.8851890326411521,0.9245189968244945,0.8490687955888625,0.9083749405611032,0.01972346482109359,0.9604253472211801,0.9460201966112802
RipVIS-059_00030.jpg,0.856053552326034,0.7672567281580704,0.8683025119477084,0.9295324014520367,0.8146407331811725,0.9040326169989453,0.01345881400390014,0.9533344184017434,0.9437936310443757
RipVIS-059_00036.jpg,0.8769218461797804,0.8003350231873623,0.8890956548414276,0.9478125941092078,0.8372293420882458,0.9234191135196922,0.008669950738062074,0.9608116319434019,0.9556032725840465
RipVIS-059_00042.jpg,0.8661993204369498,0.7864182036971823,0.8804413233918086,0.9811845035200046,0.7984594495754428,0.9382417409788342,0.009160305342637376,0.9549424913184082,0.9653934651769706
RipVIS-059_00048.jpg,0.8590226566562951,0.7746043878817986,0.8729882481654191,0.9703364883774005,0.7933918397748962,0.9289031310269823,0.01584638329457062,0.9526453993045219,0.9597084530187316
RipVIS-059_00054.jpg,0.8669009369506442,0.7862448824505853,0.8803326914190177,0.9656200189137479,0.8088885029103177,0.9295960198309825,0.01552064716249453,0.9560373263878515,0.959864903065509
RipVIS-059_00060.jpg,0.865412285782453,0.7854733010909313,0.8798488340441764,0.9625887202300143,0.8102070085481444,0.9276930804730384,0.022312951004337927,0.9544628906239644,0.9576746328026409
RipVIS-059_00066.jpg,0.8326971398624196,0.7291645293452564,0.8433720643360093,0.8943593411555876,0.7978847858150789,0.8732420960603811,0.014504039714347898,0.9455740017350851,0.92498418052842
RipVIS-059_00072.jpg,0.7790327151940852,0.6368516325843797,0.778142160116091,0.7067582250928213,0.8655659829878953,0.733680290961745,0.008192626635209048,0.9307779947906567,0.8419970157665055
RipVIS-059_00078.jpg,0.67166683423935,0.45198781134753757,0.6225779690644427,0.47604303398079395,0.8994434621530605,0.5255191960763378,0.01174603174478878,0.9002821180545787,0.7324638991707428
RipVIS-059_00084.jpg,0.7062684848643405,0.5037042773399951,0.6699512463062643,0.5392491467539535,0.8842816033253543,0.5848922566895571,0.024508257071157225,0.9165538194434499,0.7630506563928002
RipVIS-059_00090.jpg,0.6722661635011633,0.4461882834455987,0.6170542087127661,0.47184460766091896,0.8913732304276158,0.5208750186650739,0.008090435552688636,0.9060394965267946,0.7304282244079976
RipVIS-059_00096.jpg,0.7501537681792791,0.5819414964350703,0.735730743199397,0.6341114752286947,0.8761354637268726,0.6711936312260632,0.02877842623980897,0.9266959635406611,0.8084594396794097
RipVIS-059_00102.jpg,0.42002766927037755,0.0,0.0,0.0,0.0,0.0,0.0,0.8400553385407551,0.4999999999993542
RipVIS-059_00108.jpg,0.4049788411453939,0.0,0.0,0.0,0.0,0.0,0.0,0.8099576822907878,0.49999999999933015
RipVIS-059_00114.jpg,0.4054600694440045,0.0,0.0,0.0,0.0,0.0,0.0,0.810920138888009,0.499999999999331
RipVIS-059_00120.jpg,0.6871332365940114,0.49370683235939244,0.6610491719845122,0.5750945111704127,0.7772127953631967,0.6066468535660426,0.010180883660158062,0.8930197482629199,0.7692823276395395
RipVIS-059_00126.jpg,0.697058463133639,0.5121568904140391,0.6773859163169331,0.585417422811862,0.8036363923886968,0.6190359572684563,0.010694147383755187,0.8949750434018067,0.7761122965891628
RipVIS-059_00132.jpg,0.7202471999855127,0.5570786399985012,0.7155433588107502,0.6529471403920677,0.7914140091407199,0.6766237419695604,0.01659594530725168,0.8983246527768031,0.8055169690211916
RipVIS-059_00138.jpg,0.7194769111952132,0.5655867074806588,0.7225236453250176,0.6681641225250068,0.7865115016986552,0.6888959307084951,0.0007888509071094004,0.8912901475684774,0.8097105201951893
RipVIS-059_00144.jpg,0.38856553819402284,0.0,0.0,0.0,0.0,0.0,0.0,0.7771310763880457,0.4999999999993019
RipVIS-059_00150.jpg,0.6746368566549372,0.4972660508569588,0.6642320522426178,0.5521279540555594,0.8334572753933676,0.592100033106885,0.0069069069062155245,0.8709049479157217,0.7594681446524147
RipVIS-059_00156.jpg,0.6596196476703001,0.46645153271634077,0.6361635857849625,0.5124697643545545,0.838566811627989,0.5556883428393752,0.010715914271464214,0.8695735677073898,0.7421185124909971
RipVIS-059_00162.jpg,0.5219781974515239,0.22915425777660114,0.37286492940457266,0.24489245121478748,0.7809769722826175,0.2838627193117077,0.0024650780605158964,0.8244661458324387,0.6131477192142094
RipVIS-059_00168.jpg,0.4893470120543849,0.18796846445105028,0.3164536266337825,0.204774316408083,0.6960800339899944,0.23843226669115455,0.0014336127038560198,0.8003949652769092,0.5893612380796017
RipVIS-059_00174.jpg,0.5020748977761631,0.22640553162128818,0.36921805354544307,0.25462211103808235,0.6713822224262682,0.290714250297501,0.003985780458474008,0.7913183593741414,0.607647737206703
RipVIS-059_00180.jpg,0.5195790626007646,0.24290819745260858,0.3908706981745859,0.26095021872630014,0.7784323981942788,0.30096500397028986,0.013250469041598208,0.8087521701380114,0.6190577574844387
RipVIS-059_00186.jpg,0.5268117879327817,0.25965550399155624,0.41226431062900637,0.28447691461943714,0.748484519797673,0.32474010647765195,0.0009401809847290891,0.8078526475685679,0.6274008392906008
RipVIS-059_00192.jpg,0.5205620088849869,0.2716747943257578,0.42727086443480206,0.2962379645703931,0.7661620509294501,0.33765839593292357,0.003087831655639543,0.7877061631935898,0.6316256850467412
RipVIS-059_00198.jpg,0.5323680851350138,0.2942952382334014,0.4547575074680618,0.32688638264224745,0.7469479386920949,0.3683119439961649,0.00489541610982472,0.7904969618046978,0.6432457034560839
RipVIS-059_00204.jpg,0.5170903601365201,0.2763728323689633,0.43305972261413933,0.31329045313164666,0.701078167109604,0.35225955339826864,0.0020299145296976584,0.7783138020824888,0.6319104176186544
RipVIS-059_00210.jpg,0.5666519202901689,0.3207362225775463,0.4856930810174921,0.35306645557525224,0.7779081235320228,0.3963594931727273,0.005052824987936056,0.8278070746518795,0.6614543124707738
RipVIS-059_00216.jpg,0.6101213314192481,0.3974165574416276,0.5687875320000685,0.4709186190167132,0.7180079081940114,0.5057258814878376,0.0007778317937989468,0.8413628472213093,0.7090457233449583
RipVIS-059_00222.jpg,0.7153512186570397,0.5657660466505068,0.7226699644698463,0.688537849358001,0.7603625657439304,0.7017963462419216,0.0032431336775876015,0.8851475694434839,0.8141402414287989
RipVIS-059_00228.jpg,0.7734676108642355,0.6544489871275534,0.7911383091524685,0.7881867034654888,0.7941121043074637,0.7893646989253518,0.012773010919191398,0.9106749131934563,0.866168777028691
RipVIS-059_00234.jpg,0.7593917699913306,0.6377520439208254,0.7788139191009998,0.8253052233090534,0.7372812062551691,0.8060581634601107,0.0038237262208370396,0.901634114582355,0.8736044982481369
RipVIS-059_00240.jpg,0.8004637134518524,0.6992796898602212,0.8230307159355765,0.9156276021045561,0.7474423103704186,0.876196245566434,0.0074732759429123755,0.9199544270823351,0.9183430199029443
RipVIS-059_00246.jpg,0.8119352696384499,0.7144541411399075,0.833447945904089,0.9251443814771997,0.7582894701652181,0.8861466310576744,0.002498750624437906,0.9261534288184395,0.9257748145992184
RipVIS-059_00252.jpg,0.8398859043081209,0.7544768920426446,0.8600590813872129,0.9306096400088124,0.7994517492877412,0.9010446013569134,0.002745855791442504,0.9392426215267586,0.9360094720756984
RipVIS-059_00258.jpg,0.8480756501106319,0.767536295160932,0.868481509841979,0.9480368892193505,0.8012443593563916,0.9145275578261729,0.00842235004021956,0.9422309027767554,0.9444027256272656
RipVIS-059_00264.jpg,0.8542656535241175,0.7778670641316058,0.875056498683216,0.9486698526223653,0.8120447585464203,0.9177866563630673,0.006677962722348454,0.9442100694434199,0.9458616498135288
RipVIS-066_00000.jpg,0.4501300157169354,0.0,0.0,0.0,0.0,0.0,0.0,0.9002600314338708,0.4999999999993581
RipVIS-066_00005.jpg,0.45281065088705064,0.0,0.0,0.0,0.0,0.0,0.0,0.9056213017741013,0.49999999999936195
RipVIS-066_00010.jpg,0.45700813609414637,0.0,0.0,0.0,0.0,0.0,0.0,0.9140162721882927,0.4999999999993678
RipVIS-066_00015.jpg,0.46134777181899345,0.0,0.0,0.0,0.0,0.0,0.0,0.9226955436379869,0.4999999999993737
RipVIS-066_00020.jpg,0.46118539663408237,0.0,0.0,0.0,0.0,0.0,0.0,0.9223707932681647,0.4999999999993735
RipVIS-066_00025.jpg,0.45982861039148043,0.0,0.0,0.0,0.0,0.0,0.0,0.9196572207829609,0.49999999999937167
RipVIS-066_00030.jpg,0.46033018213704197,0.0,0.0,0.0,0.0,0.0,0.0,0.9206603642740839,0.49999999999937234
RipVIS-066_00035.jpg,0.46033018213704197,0.0,0.0,0.0,0.0,0.0,0.0,0.9206603642740839,0.49999999999937234
RipVIS-066_00040.jpg,0.45828980214444076,0.0,0.0,0.0,0.0,0.0,0.0,0.9165796042888815,0.49999999999936956
RipVIS-066_00045.jpg,0.4584966715971032,0.0,0.0,0.0,0.0,0.0,0.0,0.9169933431942064,0.49999999999936984
RipVIS-066_00050.jpg,0.4584908931207719,0.0,0.0,0.0,0.0,0.0,0.0,0.9169817862415438,0.49999999999936984
RipVIS-066_00055.jpg,0.4578887758870448,0.0,0.0,0.0,0.0,0.0,0.0,0.9157775517740896,0.499999999999369
RipVIS-066_00060.jpg,0.6608026196124903,0.43220137275940507,0.6035483291385036,0.8976698821460377,0.45459896883192413,0.7512332896519954,0.010552349544838854,0.8979914016261811,0.897845864185576
RipVIS-066_00065.jpg,0.6603986789002002,0.43297118683567065,0.6042985243712686,0.8864232477096837,0.4584016008134458,0.7469364085955622,0.0024315124003190932,0.8966762204131649,0.892050594455567
RipVIS-066_00070.jpg,0.6547269880133009,0.42797546757087696,0.5994157144714877,0.8708852313059648,0.45697038857002176,0.7373159560868137,0.0033029254477346765,0.8911323502208636,0.8820533210499897
RipVIS-066_00075.jpg,0.5858638018119862,0.3503844683079691,0.5189403114906981,0.9597920189686794,0.3556041839070282,0.7163647118886098,0.00437281359265707,0.8370458117593876,0.8922321187502411
RipVIS-066_00080.jpg,0.5898029219595676,0.36131754713522946,0.5308350691513377,0.9728849540326047,0.36499309907747135,0.7297926743864106,0.006675224646126415,0.8352267474102774,0.8967622217925726
RipVIS-066_00085.jpg,0.5442839552489306,0.3119130799590968,0.47550875850528407,0.966891119904625,0.3152805025451706,0.6841115837161663,0.005687203790795355,0.7971881934162385,0.8731239276782434
RipVIS-066_00090.jpg,0.574782305676052,0.3500045674599516,0.5185235308032906,0.974001363472794,0.3533053348072238,0.72075361347297,0.008483689806609667,0.8190863073215385,0.8879357856284672
RipVIS-066_00095.jpg,0.5646630866816732,0.33729851682180984,0.504447604747854,0.9649439615890564,0.34148302376737727,0.7068414917022399,0.0013382402139691936,0.8119348650138546,0.8800145943939339
RipVIS-066_00100.jpg,0.6381378632549699,0.4191505351244181,0.5907062355265515,0.9422463008162386,0.43020299167803155,0.7610745556249859,0.010487189697267066,0.8704789201173372,0.9024112381617516
RipVIS-066_00105.jpg,0.6352451681500125,0.4170163478027645,0.5885836792911994,0.9556005680780937,0.42525591611533187,0.7648330351818724,0.007816377170246106,0.8673747226321337,0.9066255780550072
RipVIS-066_00110.jpg,0.5726556157037331,0.3061591688095646,0.4687930477701252,0.8572731349849414,0.3226029670701003,0.6438533968395121,0.005072923271392147,0.8498116216706155,0.8532298113952944
RipVIS-066_00115.jpg,0.6149825201183755,0.352143510649901,0.5208670645923449,0.9881172867623619,0.35364108891165275,0.7271851316045171,0.007392375705552634,0.8854301497770832,0.9333202132661891
RipVIS-066_00120.jpg,0.46034347263260406,0.0,0.0,0.0,0.0,0.0,0.0,0.9206869452652081,0.4999999999993724
RipVIS-066_00125.jpg,0.4598707932686993,0.0,0.0,0.0,0.0,0.0,0.0,0.9197415865373986,0.4999999999993717
RipVIS-066_00130.jpg,0.4611530371666268,0.0,0.0,0.0,0.0,0.0,0.0,0.9223060743332536,0.4968639878463225
RipVIS-066_00135.jpg,0.4638284717080438,0.0,0.0,0.0,0.0,0.0,0.0,0.9276569434160876,0.4999999999993771
RipVIS-066_00140.jpg,0.577410609779262,0.22193090263250131,0.363246239463096,0.26036526753828315,0.6005468922991447,0.29363089086586064,0.008705526114930823,0.9341507951172636,0.6234504513207779
RipVIS-066_00145.jpg,0.4626542853175126,0.0,0.0,0.0,0.0,0.0,0.0,0.9253085706350253,0.49828108332763066
RipVIS-066_00150.jpg,0.4518219535867559,0.0,0.0,0.0,0.0,0.0,0.0,0.9036439071735118,0.4999999999993605
RipVIS-066_00155.jpg,0.46088087093142,0.0,0.0,0.0,0.0,0.0,0.0,0.92176174186284,0.4999999999993731
RipVIS-066_00160.jpg,0.4391237518486049,0.0,0.0,0.0,0.0,0.0,0.0,0.8782475036972098,0.499999999999342
RipVIS-066_00165.jpg,0.4446641549551074,0.0,0.0,0.0,0.0,0.0,0.0,0.8893283099102148,0.49999999999935024
RipVIS-066_00170.jpg,0.4426237749625062,0.0,0.0,0.0,0.0,0.0,0.0,0.8852475499250124,0.49999999999934724
RipVIS-066_00175.jpg,0.4666847725586322,0.0,0.0,0.0,0.0,0.0,0.0,0.9333695451172644,0.4999999999993809
RipVIS-066_00180.jpg,0.45387735761781867,0.0,0.0,0.0,0.0,0.0,0.0,0.9077547152356373,0.49999999999936345
RipVIS-066_00185.jpg,0.4666824611680997,0.0,0.0,0.0,0.0,0.0,0.0,0.9333649223361994,0.4999999999993809
RipVIS-066_00190.jpg,0.4449605907909059,0.0,0.0,0.0,0.0,0.0,0.0,0.8899211815818118,0.4999999999993507
RipVIS-066_00195.jpg,0.46095194619029567,0.0,0.0,0.0,0.0,0.0,0.0,0.9219038923805913,0.4999999999993732
RipVIS-066_00200.jpg,0.44372168546546353,0.0,0.0,0.0,0.0,0.0,0.0,0.8874433709309271,0.49999999999934885
RipVIS-066_00205.jpg,0.46075952292846156,0.0,0.0,0.0,0.0,0.0,0.0,0.9215190458569231,0.49999999999937295
RipVIS-066_00210.jpg,0.5026536455973346,0.22986483514527317,0.373805037068356,0.755056679251569,0.24838680193653054,0.5362738675023088,0.00755667506202057,0.7895478920109218,0.7738671589310674
RipVIS-066_00215.jpg,0.47011202109935535,0.2184508481210517,0.35857145728597967,0.9092564005343365,0.22331951483768936,0.5632477568422402,0.010420788812766021,0.7418488812861249,0.8183376003023626
RipVIS-066_00220.jpg,0.45837860876210845,0.20892473734344658,0.3456372938526323,0.8723260526785589,0.21551481351343138,0.5419764161914405,0.0010826416454850665,0.7287617880908738,0.7941218641478096
RipVIS-066_00225.jpg,0.4808653082341513,0.24518555363530128,0.3938136816950463,0.9165064887634706,0.2507872229241695,0.5986702599082213,0.005745831454963291,0.7404435558423396,0.8195563686772683
RipVIS-066_00230.jpg,0.4800300184318233,0.24395766840166652,0.3922282479517527,0.9220122911153181,0.2490977949138648,0.598599908990787,0.0030925557761108287,0.7399269600583165,0.8218533670024455
RipVIS-066_00235.jpg,0.4795948415400049,0.24822683358825584,0.397727122841419,0.9385465818286807,0.2523279711329828,0.6079023679041097,0.0034529535080215865,0.7361443694518119,0.8269900633822556
RipVIS-066_00240.jpg,0.5889412718912055,0.37868936675585085,0.5493469027717716,0.97150005661922,0.3829435781699922,0.743086160350047,0.018614270938304877,0.8210902829132523,0.8867865351690136
RipVIS-066_00245.jpg,0.5367951225330113,0.29156502234691317,0.45149104737616386,0.9549561626812485,0.2956307375608176,0.6603910022027248,0.004986799647259196,0.7999699519221524,0.8701522908240441
RipVIS-066_00250.jpg,0.5296863234996736,0.2646952935046705,0.4185914106964975,0.822577971755814,0.28072234635159127,0.5934718396600589,0.004714510214154726,0.8088087093185918,0.815064705341328
RipVIS-066_00255.jpg,0.5470656200598273,0.28295151234929333,0.4410946315986065,0.853244407775014,0.29742631385736945,0.6211052176109378,0.0070655441961717455,0.8242730676765622,0.8374773549073573
RipVIS-066_00260.jpg,0.5250873014728022,0.24255364371374616,0.39041154471013656,0.8366853848193444,0.254607961948479,0.5741598344253485,0.014201541016135135,0.8187846708570419,0.8270679971838543
RipVIS-066_00265.jpg,0.5782679502700894,0.33180873379854303,0.4982828620625855,0.9593049016759998,0.3365458882033987,0.7001772651842689,0.021346186947607815,0.8387608635345336,0.8935442118643864
RipVIS-066_00270.jpg,0.674699595789341,0.4718934665896159,0.641206007501338,0.9759237241520039,0.4774518303057834,0.8073458007917789,0.010118577073499039,0.8895906527356583,0.9279026958030401
RipVIS-066_00275.jpg,0.45832389515479577,0.0,0.0,0.0,0.0,0.0,0.0,0.9166477903095915,0.4999999999993696
RipVIS-066_00280.jpg,0.45940331453349276,0.0,0.0,0.0,0.0,0.0,0.0,0.9188066290669855,0.49999999999937106
RipVIS-066_00285.jpg,0.45239113350539434,0.0,0.0,0.0,0.0,0.0,0.0,0.9047822670107887,0.49999999999936134
RipVIS-066_00290.jpg,0.45641064164148437,0.0,0.0,0.0,0.0,0.0,0.0,0.9128212832829687,0.49999999999936695
RipVIS-066_00295.jpg,0.4581719212272811,0.0,0.0,0.0,0.0,0.0,0.0,0.9163438424545622,0.4999999999993694
RipVIS-066_00300.jpg,0.4596015162716582,0.0,0.0,0.0,0.0,0.0,0.0,0.9192030325433164,0.49999999999937134
RipVIS-066_00305.jpg,0.5953569292263611,0.3576746265448014,0.5268929971167855,0.9919274412954917,0.35871880223820335,0.7331107529816272,0.020241691839842643,0.8472413553984292,0.9127987230110819
RipVIS-066_00310.jpg,0.586109734914366,0.34333218977689406,0.5111649856822326,0.9999999999859265,0.34333218977689406,0.723313591638045,0.0,0.8429387019221027,0.9144436400188822
RipVIS-066_00315.jpg,0.5685834315348295,0.31636092781483605,0.48065985723231147,0.994984382493468,0.3168662483724995,0.6967602718982401,0.0023459493271276275,0.8345275517741835,0.9080667835776435
RipVIS-066_00320.jpg,0.5968832127813886,0.36647767011849675,0.5363829620233997,0.9283621931807853,0.3771431039180371,0.7183725772279996,0.0015112588784175216,0.8429768398658897,0.8810392781844414
RipVIS-066_00325.jpg,0.5960275825996024,0.3596387812473564,0.529021069724736,0.9913693211199722,0.36076832850085416,0.734571946265805,0.007680993625154274,0.8468322392741693,0.9122341626469078
RipVIS-066_00330.jpg,0.6349123110125757,0.4291833357264349,0.6005994122626496,0.9314278815588545,0.443186550693656,0.7632576475806225,0.002944475602503579,0.8576923076913164,0.8897752505645975
RipVIS-066_00335.jpg,0.6336414013076977,0.426722635166131,0.598185834650955,0.9235203573383685,0.4423546759552506,0.7585087132198012,0.0009929078012776017,0.8574750369812575,0.8862118885295613
RipVIS-066_00340.jpg,0.5977327312395033,0.36328387753750846,0.5329541169278785,0.996914760353393,0.3636927724154937,0.7394313856649416,0.02088392423168465,0.8468461076173645,0.914671508001766
RipVIS-066_00345.jpg,0.5549470836639476,0.2928495915411204,0.453029638493421,0.9475844696881255,0.2976715560555775,0.6595725798247114,0.007767593598296163,0.829930196004958,0.8840338552848421
RipVIS-066_00350.jpg,0.6014463143815411,0.3681788902163083,0.5382028517602686,0.9818912181322653,0.3706960028459865,0.7383998212741985,0.004642525533172001,0.8492349297327464,0.909045167489127
RipVIS-066_00355.jpg,0.6683897708646712,0.46535611043476327,0.6351440542281488,0.9753502592537283,0.47089420695516043,0.8032502628617808,0.01932591218006711,0.8843645987415815,0.9246226894499583
RipVIS-066_00360.jpg,0.5102996725658012,0.10607411024838442,0.19180289867658867,0.10903067114967835,0.7964066366489682,0.13177812495260052,0.0031416143056690153,0.9153834596882912,0.5531017591303327
RipVIS-066_00365.jpg,0.5764846663642003,0.3118854107973934,0.47547660524378027,0.8955175600601429,0.32366302568547467,0.6616974199980878,0.0029775897190130714,0.8517612795848144,0.8718648073172621
RipVIS-066_00370.jpg,0.6760038932991025,0.4746348116834156,0.643732004592488,0.9848562657515966,0.47812429015175806,0.8126100507528178,0.01878218721315023,0.8896033653835873,0.931863202244219
RipVIS-066_00375.jpg,0.6084197245187927,0.3741751830672418,0.5445814881215658,0.9039305023886286,0.38967133691035916,0.7151659633371463,0.008649758098717233,0.8561922152356969,0.877552275045107
RipVIS-066_00380.jpg,0.5759636435268196,0.31715420060727206,0.48157489906807965,0.867797087161503,0.3332558780439482,0.6570242034633603,0.015423755761579939,0.8465490939339329,0.8562224734984408
RipVIS-066_00385.jpg,0.6196092890251881,0.39003741095479916,0.5611898037864856,0.9685169631599029,0.39504609251518225,0.7505956795480725,0.01520970963047938,0.8624468380167547,0.9101843133471277
RipVIS-066_00390.jpg,0.5774090244562835,0.32482112444413364,0.49036223600438367,0.9354515815229731,0.3322684030600292,0.6862829435325664,0.005143040822059942,0.8428497133865999,0.8850795780339542
RipVIS-066_00395.jpg,0.5778397098265031,0.3237039829107993,0.4890881754378053,0.9188290845672716,0.3332333083253577,0.6798773858356151,0.00521852576561994,0.8444827107978405,0.8783789038561345
RipVIS-066_00400.jpg,0.7302955397973324,0.5041865700254738,0.670377704564847,0.5330827394956231,0.9029252703809507,0.5806501587140996,0.008254430685055976,0.9582551312858748,0.7640620163756053
RipVIS-066_00405.jpg,0.756692238471468,0.5556323427710509,0.7143491781371708,0.6401745823347414,0.8079650134771013,0.6679158551556716,0.00998512852985232,0.9598719489633877,0.8136173822934653
RipVIS-066_00410.jpg,0.45713930750686815,0.0,0.0,0.0,0.0,0.0,0.0,0.9142786150137363,0.49999999999936795
RipVIS-066_00415.jpg,0.7414840181579518,0.5538649005740273,0.7128868157964299,0.9441836624454493,0.5726135647802114,0.8357231719227196,0.01235169835651687,0.9348384338006948,0.9390731898622808
RipVIS-066_00420.jpg,0.9040860993176045,0.8260434464141319,0.9047358079417699,0.8799760784097355,0.9309291962241992,0.8897155476102845,0.032480533919359164,0.9835267196734195,0.9368029541798453
RipVIS-066_00425.jpg,0.7160007026226928,0.5122343261940105,0.6774536423640127,0.8653034436497491,0.5566169714282211,0.7789104220000695,0.010294887452400123,0.9260019877947878,0.8986472117604412
RipVIS-066_00430.jpg,0.7836651669689495,0.6055815596496943,0.7543454345375268,0.6247266763767086,0.9518323153614692,0.6708343116537528,0.0049492699814527915,0.9638706545846849,0.8108229702750633
RipVIS-066_00435.jpg,0.6923518363912803,0.4434550413664827,0.6144355434121106,0.4456819700024685,0.9888579386933924,0.5006870780163502,0.014421901731991713,0.9438759707829328,0.7225609442019879
RipVIS-066_00440.jpg,0.5754083611200627,0.23215363634071684,0.37682579427379365,0.2399953775901081,0.8766198133942585,0.28077689539276046,0.007094133695199418,0.9206152921586993,0.6181209512230657
RipVIS-066_00445.jpg,0.45299357915164473,0.006128702757845903,0.0121827411166123,0.006128702757845903,0.9999999981273409,0.007649158592554819,0.0,0.8999202570255872,0.5030643513782804
RipVIS-066_00450.jpg,0.6597301211277894,0.45209948730746524,0.6226839018389356,0.9580031873475567,0.46124085461153724,0.7882188249112607,0.004733105442448974,0.880445636093657,0.9147727698724908
RipVIS-066_00455.jpg,0.7761018245802295,0.6106007839919027,0.7582273522536326,0.9759859088516535,0.6199142554519531,0.8754196978175713,0.010905125406960172,0.9465017104279002,0.9598575352166506
RipVIS-066_00460.jpg,0.6429315446251153,0.4277598783389037,0.5992042287062607,0.9960986267046469,0.4284777444984587,0.7874623251011623,0.009646302249326855,0.871710891271182,0.9272792385668707
RipVIS-066_00465.jpg,0.4510014099477036,0.0,0.0,0.0,0.0,0.0,0.0,0.9020028198954072,0.49999999999935935
RipVIS-066_00470.jpg,0.6266464300919323,0.32425604551551346,0.4897180520543296,0.32448868035889755,0.9977938858774453,0.3751135451086742,0.007646095027950274,0.9313736593924147,0.6622038240418071
RipVIS-066_00475.jpg,0.44817977995510333,0.0,0.0,0.0,0.0,0.0,0.0,0.8963595599102067,0.49999999999935535
RipVIS-066_00480.jpg,0.4519271218559866,0.0,0.0,0.0,0.0,0.0,0.0,0.9038542437119732,0.4999999999993607
RipVIS-066_00485.jpg,0.45991933246988265,0.0,0.0,0.0,0.0,0.0,0.0,0.9198386649397653,0.4999999999993718
RipVIS-066_00490.jpg,0.44812083949652354,0.0,0.0,0.0,0.0,0.0,0.0,0.8962416789930471,0.49999999999935524
RipVIS-066_00495.jpg,0.4542257997405993,0.0,0.0,0.0,0.0,0.0,0.0,0.9084515994811986,0.4999999999993639
RipVIS-066_00500.jpg,0.45138683431900495,0.0,0.0,0.0,0.0,0.0,0.0,0.9027736686380099,0.4999999999993599
RipVIS-066_00505.jpg,0.4436072716341027,0.0,0.0,0.0,0.0,0.0,0.0,0.8872145432682054,0.4999999999993487
RipVIS-066_00510.jpg,0.4476724297332104,0.0,0.0,0.0,0.0,0.0,0.0,0.8953448594664208,0.4999999999993546
RipVIS-066_00515.jpg,0.45212994637521714,0.0,0.0,0.0,0.0,0.0,0.0,0.9042598927504343,0.49999999999936096
RipVIS-066_00520.jpg,0.4466086122406081,0.0,0.0,0.0,0.0,0.0,0.0,0.8932172244812162,0.4999999999993531
RipVIS-066_00525.jpg,0.4476348696370566,0.0,0.0,0.0,0.0,0.0,0.0,0.8952697392741132,0.49999999999935457
RipVIS-066_00530.jpg,0.44825201090924527,0.0,0.0,0.0,0.0,0.0,0.0,0.8965040218184905,0.49999999999935546
RipVIS-066_00535.jpg,0.44609721708528327,0.0,0.0,0.0,0.0,0.0,0.0,0.8921944341705665,0.49999999999935235
RipVIS-066_00540.jpg,0.44567827755126005,0.0,0.0,0.0,0.0,0.0,0.0,0.8913565551025201,0.49999999999935174
RipVIS-066_00545.jpg,0.44559622318735487,0.0,0.0,0.0,0.0,0.0,0.0,0.8911924463747097,0.4999999999993516
RipVIS-066_00550.jpg,0.4462243435645731,0.0,0.0,0.0,0.0,0.0,0.0,0.8924486871291462,0.4999999999993525
RipVIS-066_00555.jpg,0.4441666281429778,0.0,0.0,0.0,0.0,0.0,0.0,0.8883332562859556,0.4999999999993495
RipVIS-066_00560.jpg,0.4446716669743382,0.0,0.0,0.0,0.0,0.0,0.0,0.8893433339486764,0.49999999999935024
RipVIS-066_00565.jpg,0.44820404955569504,0.0,0.0,0.0,0.0,0.0,0.0,0.8964080991113901,0.49999999999935535
RipVIS-066_00570.jpg,0.4472858496666428,0.0,0.0,0.0,0.0,0.0,0.0,0.8945716993332856,0.49999999999935407
RipVIS-066_00575.jpg,0.45454766087225573,0.0,0.0,0.0,0.0,0.0,0.0,0.9090953217445115,0.49999999999936434
RipVIS-066_00580.jpg,0.45227094119770217,0.0,0.0,0.0,0.0,0.0,0.0,0.9045418823954043,0.4999999999993612
RipVIS-066_00585.jpg,0.44953541050243906,0.0,0.0,0.0,0.0,0.0,0.0,0.8990708210048781,0.4999999999993573
RipVIS-066_00590.jpg,0.4467842779210813,0.0,0.0,0.0,0.0,0.0,0.0,0.8935685558421625,0.4999999999993533
RipVIS-066_00595.jpg,0.4571433524403001,0.0,0.0,0.0,0.0,0.0,0.0,0.9142867048806002,0.49999999999936795
RipVIS-066_00600.jpg,0.4511978781429697,0.0,0.0,0.0,0.0,0.0,0.0,0.9023957562859394,0.4999999999993596
RipVIS-066_00605.jpg,0.45842212925242876,0.0,0.0,0.0,0.0,0.0,0.0,0.9168442585048575,0.4999999999993697
RipVIS-067_00000.jpg,0.591024639894629,0.2197023065510805,0.3602556220006287,0.2376539416376772,0.7441502462481411,0.27510300712513375,0.0637282961145338,0.9627419704850665,0.6169403047343313
RipVIS-067_00006.jpg,0.5797579717943693,0.20639907787453943,0.34217379913482343,0.22240474377534347,0.7414679756400542,0.25861305877145985,0.05393743256851179,0.9536816406239652,0.6089819520550976
RipVIS-067_00012.jpg,0.5579478851831328,0.18424271116655172,0.31115701102362936,0.1975966827424107,0.7316308945254775,0.23137367591831073,0.040833333327662036,0.9326920572906546,0.5957778805255269
RipVIS-067_00018.jpg,0.7980745650720062,0.6078540232212652,0.7561059828098776,0.7858646760079498,0.7285188306468297,0.7736844584726998,0.07588463896995609,0.9885036892350385,0.8895349879364758
RipVIS-067_00024.jpg,0.7985043436978192,0.6116587705437525,0.7590425240417199,0.7765532184863244,0.7423041211076957,0.76945287628637,0.06285511362520328,0.9856803385405971,0.8842445719797891
RipVIS-067_00030.jpg,0.813444522890853,0.6409028727587522,0.7811588161598382,0.825308279476464,0.7414930097355087,0.8070628768303187,0.057822538625139336,0.9863281249989297,0.908271078034903
RipVIS-067_00036.jpg,0.8421360681693186,0.6968810392769788,0.8213669940868826,0.853372337600139,0.7916755602746859,0.840275485303351,0.08782608694124763,0.9877463107628172,0.9228530314618825
RipVIS-067_00042.jpg,0.8500494172203011,0.7133355987981617,0.8326863683898694,0.8231932772878657,0.8424009631129278,0.8269644203820222,0.08157894735410895,0.9871853298600399,0.9084935796073634
RipVIS-067_00048.jpg,0.8368721017530698,0.6902779826615887,0.8167626742373413,0.8543666527323047,0.7823293364357157,0.8389170636750166,0.06029323757326552,0.9840538194433767,0.9220246195689832
RipVIS-067_00054.jpg,0.7497796392056839,0.5341704498787725,0.6963638882771881,0.8307594219129414,0.5993968719017378,0.771222258271003,0.07470493561229816,0.9667100694433954,0.9020086864942156
RipVIS-067_00060.jpg,0.7630971626525317,0.5606607560493162,0.7184915156943942,0.8765972817790988,0.6087038314321078,0.80568051659169,0.053047404056552866,0.9669856770822841,0.9240732736853062
RipVIS-067_00066.jpg,0.7348831530685584,0.5122014774600055,0.6774249134054984,0.8635285331269268,0.557314998574464,0.7780315384493596,0.05928314522395099,0.959374999998959,0.913942141947869
RipVIS-067_00072.jpg,0.7333959070767553,0.5127763180036067,0.6779274792988716,0.9319590790393665,0.5327197595725931,0.8104787088121438,0.10006430866880202,0.9561382378461848,0.9446786904990432
RipVIS-067_00078.jpg,0.7146133919187045,0.48152325948110003,0.6500380691285972,0.9351354903517024,0.4981620006710371,0.7955659424422353,0.07214971680963436,0.9501258680545246,0.9430212808182838
RipVIS-067_00084.jpg,0.8552501046702728,0.7300955288596325,0.8439944693006223,0.909716638868326,0.7871286288615449,0.8822365993830753,0.09029447114028027,0.9813910590267129,0.9476529852119924
RipVIS-067_00090.jpg,0.8362278718535792,0.6962225244490821,0.8209094200953485,0.9093288000743147,0.748161302477556,0.8717697987167091,0.059881151903111204,0.9774609374989394,0.9454466411973228
RipVIS-067_00096.jpg,0.8507504438073386,0.7248960351011895,0.8405098282444183,0.918616427758671,0.7746446252167766,0.8856942357217099,0.07896221093077238,0.9779633246517166,0.9502921195016638
RipVIS-067_00102.jpg,0.8915552766053203,0.7994876802558841,0.8885725520968261,0.8753273315946616,0.9022247775876858,0.8805777510358179,0.05484619848304611,0.9846267361100427,0.9340921663853897
RipVIS-067_00108.jpg,0.8938855841477795,0.8059215451314329,0.8925321781603517,0.9261176268040302,0.8612974198165039,0.9123846329867026,0.09138080137051299,0.9831217447905999,0.9569533070587991
RipVIS-067_00114.jpg,0.8941829728352265,0.8082654367762274,0.8939676889662854,0.9183930985525219,0.8708078477228289,0.9084644992345294,0.11874342400139133,0.9816406249989349,0.9529271090936714
RipVIS-067_00120.jpg,0.8731205918546017,0.7764571266307448,0.8741636541528981,0.9189175003315218,0.833566633330157,0.9004771025739674,0.09364894579049943,0.9726540798600557,0.9488831873513597
RipVIS-067_00126.jpg,0.8634498569890794,0.7662560662337565,0.8676613554315128,0.895124687635821,0.8418330642128676,0.8839333375859048,0.07780979826192394,0.9651410590267305,0.9352561690244695
RipVIS-067_00132.jpg,0.8348370454408471,0.7267867713403443,0.8417794060076187,0.9322605881108416,0.7673078258405835,0.8938301818251343,0.022872488191233217,0.9504199218739687,0.9428364610024863
RipVIS-067_00138.jpg,0.7596717374789551,0.6173002533007181,0.7633712441964706,0.6768122026271997,0.8753175879266097,0.7089683090055195,0.01827631008936541,0.9154090711795623,0.8262343816702059
RipVIS-072_00000.jpg,0.6129478974956709,0.2750057109245993,0.4313795751160561,0.6767859293789188,0.31658433044092293,0.5513284352530929,0.04257279763314176,0.9517881944434117,0.8181057327700042
RipVIS-072_00006.jpg,0.6053476827196906,0.26100287136802225,0.41396078834438893,0.6460667389211715,0.30454863805287724,0.5277123608478034,0.03231106242564603,0.9505707465267463,0.8025470736432924
RipVIS-072_00012.jpg,0.5586570559061717,0.17328988115224006,0.2953914184993382,0.4424024173002855,0.22171513918969185,0.3689537565070905,0.029428095497051988,0.9446733940961972,0.7002984417824833
RipVIS-072_00018.jpg,0.5737793174307886,0.20114754098030904,0.334925617574247,0.5328295987262103,0.24421798494796748,0.4309678688340335,0.03359793242872477,0.9471245659711945,0.7452857189995072
RipVIS-072_00024.jpg,0.6016577974635618,0.2517011443243737,0.4021745054171594,0.7446894393892382,0.2754726841690376,0.5554635574657705,0.025361638169197512,0.9523893229156333,0.850821755692851
RipVIS-072_00030.jpg,0.6304481790254519,0.30838497288425665,0.4713979131148845,0.9809054511353605,0.31024741865851274,0.6848284166164961,0.005644573924682342,0.9534960937489654,0.9669048083323779
RipVIS-072_00036.jpg,0.6296692018191702,0.30698446463761064,0.46975992897165564,0.9773228669140976,0.30918682031635797,0.6823978677977274,0.01627246924952271,0.9533387586795211,0.965071712037047
RipVIS-072_00042.jpg,0.6340817953270819,0.31283317720662807,0.47657719600331366,0.942045337935068,0.3189719544965013,0.677401034098704,0.004116839834519341,0.9562207031239625,0.9492862134442359
RipVIS-072_00048.jpg,0.63026582715944,0.3040735177113356,0.46634413410217584,0.8844908239919554,0.3166476498892737,0.6510026485054862,0.0038114343021441455,0.9572710503461835,0.921665617350006
RipVIS-072_00054.jpg,0.6159636904606711,0.2788327614859049,0.43607384778275904,0.8899007968293001,0.2887954541405486,0.6283347750533946,0.005843239974643715,0.9539301215267427,0.9225693621998807
RipVIS-072_00060.jpg,0.590314528279686,0.2351712614834127,0.3807913425721666,0.8397414649850988,0.2462218766664039,0.5665883931566589,0.003094777562264066,0.9463574218739731,0.8941174934145721
RipVIS-079_00000.jpg,0.8059136264465485,0.6681634773402683,0.8010767366824177,0.8055302939240075,0.7966721536749142,0.8037429419640258,0.0313789223613728,0.9494032118045254,0.8878820725379549
RipVIS-079_00006.jpg,0.8139308324266136,0.6754229633010634,0.8062715840664934,0.8298887122333555,0.7839614621631816,0.8202777547172049,0.01748478176175563,0.9567220052072952,0.9010249876727403
RipVIS-079_00012.jpg,0.7801575959663128,0.6184989099920702,0.7642870887013455,0.6524953181928862,0.9223052988329273,0.6930437392257173,0.019991308124005316,0.9468315972211948,0.8220643851901507
RipVIS-079_00018.jpg,0.7542724629935185,0.5757639163889807,0.7307743379584435,0.6321649518318961,0.8658328276260779,0.6682330207563599,0.010936249665119198,0.9384006076378707,0.8086180070123884
RipVIS-079_00024.jpg,0.7508394671400779,0.5661582542439417,0.7229898418116794,0.5924609879684553,0.9272861624500599,0.6385765249095642,0.011633390974432731,0.9405251736100906,0.7927286684642961
RipVIS-079_00030.jpg,0.8168766306236215,0.6771594611193348,0.8075075469179288,0.6969252100091807,0.959800813706415,0.7373130951330912,0.004955094455720796,0.9602159288184026,0.8464773994387444
RipVIS-079_00036.jpg,0.7990508447647169,0.6449508784708978,0.7841582224879892,0.6477831850021261,0.993266363410336,0.6962154560428446,0.012198936501063663,0.9568250868045173,0.8235891312062328
RipVIS-079_00042.jpg,0.7476420809882458,0.5575690570947592,0.7159477835734096,0.557684952686718,0.9996274217436718,0.6117793635852871,0.0062580231055426785,0.9422482638878664,0.7788268771983169
RipVIS-079_00048.jpg,0.7275322905678197,0.524362283749464,0.6879759350378225,0.524362283749464,0.9999999999847118,0.5794875066001864,0.0025510204077565336,0.935620659721207,0.7621811418741046
RipVIS-079_00054.jpg,0.7219252589238221,0.5148596938734467,0.6797457163269915,0.5148966363935957,0.999860666000962,0.5702106770589617,0.0031948881784033723,0.9339670138878755,0.7574426661298372
RipVIS-079_00060.jpg,0.8043851897083674,0.6543780036745005,0.7910864412136485,0.6572607778865259,0.9933420117566603,0.7049633732769273,0.009713453131016115,0.9580175781239605,0.8283273567693932
RipVIS-079_00066.jpg,0.8141505927822417,0.6712037623164403,0.8032578401883093,0.6753571753510297,0.9909206221911888,0.7212972951958869,0.014859568906783218,0.96055230034618,0.8372597188670738
RipVIS-079_00072.jpg,0.8191552770318749,0.6744256952039697,0.8055606135712277,0.734387342720187,0.8920099007023389,0.7612921601670979,0.016976411719625373,0.9663986545128402,0.862539196866811
RipVIS-079_00078.jpg,0.8625938345823133,0.7546364308528013,0.8601627295359726,0.820424044925391,0.9039469954541768,0.8358706098200245,0.02295027440163807,0.9729969618044998,0.905302616782085
RipVIS-079_00084.jpg,0.8599510240855538,0.7507006295996747,0.857600228054221,0.7975467003752595,0.9274339850726558,0.8205297665879885,0.014241786694571648,0.9718153211795011,0.895057629531506
RipVIS-079_00090.jpg,0.8597163600422724,0.7505400287309512,0.8574954201704863,0.8076678886598843,0.9138752100004186,0.8268874719293132,0.015805278960675632,0.9715549045128347,0.8993233331970578
RipVIS-079_00096.jpg,0.8703550208835804,0.7702675144994506,0.8702272489220325,0.8166799343415133,0.9312891548607372,0.8372881287620936,0.022695257470230823,0.973107638887833,0.9046008639938348
RipVIS-079_00102.jpg,0.8292006680539068,0.6997573046068961,0.8233614324943046,0.7458619483296277,0.9188337094603034,0.775042521155351,0.021874525289096988,0.9622797309017336,0.8685292343791681
RipVIS-079_00108.jpg,0.8860008734285687,0.7975550677390285,0.887377618692034,0.8161581734833204,0.9722148533353455,0.8432286216755333,0.03153003650323099,0.9767838541656068,0.9066071704636978
RipVIS-079_00114.jpg,0.882023563899152,0.7906649135913725,0.8830964493581418,0.8345310904628677,0.9376635815770918,0.8533018189041979,0.02784770295345379,0.9758138020822745,0.9138557218690609
RipVIS-079_00120.jpg,0.8310011917804756,0.7031542597908915,0.8257082477980858,0.7603358753029442,0.9033792433573548,0.7852020535330592,0.009966777407132773,0.962503255207289,0.8747897837060453
RipVIS-079_00126.jpg,0.820167655660531,0.6835864942219982,0.8120598455357534,0.7315931258640819,0.9124148477580935,0.7617872149440141,0.011822508826681635,0.9604448784711801,0.8611525430284899
RipVIS-079_00132.jpg,0.8169064914722763,0.6850455579970415,0.8130884708082703,0.694399771536723,0.9807149376872709,0.7374593364214774,0.005905511810193263,0.9539040798600761,0.8460477477495838
RipVIS-079_00138.jpg,0.8453147799676715,0.7328284647698364,0.8458176670905214,0.7444056869618294,0.9792187307859886,0.7819052884332288,0.016187552328190406,0.9621788194434004,0.8709237921845925
RipVIS-079_00144.jpg,0.8556549785176554,0.749988258678789,0.8571351892898038,0.7820848740049295,0.9481183886227761,0.8104706302307051,0.020711704195063706,0.965342881943397,0.8877618262062997
RipVIS-079_00150.jpg,0.8528454381562439,0.7449608018668603,0.8538424485751863,0.7884519454540369,0.931060211856514,0.8133682803952814,0.013232253616370468,0.9647710503461754,0.8898444522352104
RipVIS-079_00156.jpg,0.8442565125725339,0.7306955917491648,0.8443952769425749,0.7609747861262545,0.9483572308799676,0.7922836741698127,0.01962681409542131,0.9621495225684005,0.8772549264031964
RipVIS-079_00162.jpg,0.8403734632852965,0.7241405805731707,0.8400017826068897,0.7587106330846372,0.9408030027657796,0.7892629949852438,0.020284255551223367,0.9610438368045128,0.8756369073436185
RipVIS-079_00168.jpg,0.8276539826998619,0.7055111485014901,0.8273310310769554,0.7123839009236634,0.9865099305955721,0.7543042985045498,0.02032011134024772,0.955186631943408,0.8553276456739803
RipVIS-079_00174.jpg,0.8054551316922368,0.6679986492523919,0.8009582616290407,0.6734948646607168,0.9879307474510163,0.7192810219862797,0.014617368871507972,0.9487934027767483,0.8360044293679554
RipVIS-079_00180.jpg,0.7717985731140192,0.6133931492084851,0.7603765387368971,0.6179101265610976,0.9882228938233303,0.667971368293715,0.023983620938288444,0.9371625434017609,0.8082466940429232
RipVIS-079_00186.jpg,0.771084611368998,0.6130254814813467,0.7600939830390843,0.6256314702536264,0.9681774650132394,0.673272931542707,0.008404558403361174,0.9362944878462063,0.8108382181422931
RipVIS-079_00192.jpg,0.7723626960281202,0.6138306033687275,0.7607125581673948,0.6368536438870257,0.9443811732451455,0.6812200331595692,0.005996573385780043,0.9377343749989825,0.81497603864333
RipVIS-079_00198.jpg,0.7861546116906434,0.6364879369354803,0.7778706125110585,0.6569640261325136,0.9533176325931465,0.7005173690324988,0.010568987981675259,0.9423046874989776,0.8255591499805018
RipVIS-079_00204.jpg,0.7859509521809054,0.6331065629134501,0.7753401734960793,0.6538718638077372,0.9522346731173774,0.6975867030953845,0.00924024640521557,0.9446419270823083,0.8241302055784587
RipVIS-079_00210.jpg,0.8014190755215584,0.6592631892562901,0.7946457120546175,0.6709518033028273,0.9742554265417825,0.7155015609939248,0.016233766231370458,0.9491286892350812,0.8339518758319895
RipVIS-079_00216.jpg,0.8421627205245289,0.7262330461025643,0.8414078826056897,0.7630128597609853,0.9377568040261,0.7925500092832634,0.033676876174527956,0.9622851562489558,0.877685050636706
RipVIS-079_00222.jpg,0.8385857014663697,0.7214378677003292,0.8381805480602084,0.758676164552916,0.9362986230374336,0.7885966342650059,0.007853036038724857,0.9602864583322913,0.8752905588655977
RipVIS-079_00228.jpg,0.8179578590624392,0.685929800158071,0.8137109861795657,0.6907538208557301,0.9899212460896843,0.7351907118114624,0.00758746662813159,0.9549110243045194,0.8447922601543962
RipVIS-079_00234.jpg,0.7949834775607573,0.648559765749913,0.7868198402317429,0.6557960445667128,0.9832710096330199,0.7025954341609763,0.015011706374464714,0.9471245659711945,0.8269228440736829
RipVIS-079_00240.jpg,0.8146757132570648,0.6810903149087857,0.8102959238638419,0.6826773470658715,0.9965983806879684,0.7285765815010734,0.01861588744939379,0.95340928819341,0.8411398860722965
RipVIS-079_00246.jpg,0.7914267462586819,0.6432868578201498,0.782927040107266,0.6499716526797186,0.9842637773347941,0.6973401150928026,0.007864406778594657,0.9455056423600852,0.8240602993065453
RipVIS-079_00252.jpg,0.8146111428378424,0.6803062699460918,0.8097407979890685,0.7009129763595676,0.9585746716636054,0.7407343649068272,0.021888592672668922,0.9539246961795205,0.8479933283456291
RipVIS-079_00258.jpg,0.7876233326417312,0.6346129761779078,0.7764687854880187,0.6688484622559545,0.9253633541274091,0.7081065262887929,0.008396305624349803,0.9461827256934178,0.8300423323802422
RipVIS-079_00264.jpg,0.8505132321223146,0.7392477970435402,0.8500776005582991,0.7829899281257725,0.9297389330210533,0.8085128911956526,0.013824884790635816,0.9655154079850634,0.8872737786586831
RipVIS-079_00270.jpg,0.8164087662997593,0.6844086259525276,0.8126396592934767,0.7445804027303162,0.8943926855998459,0.7703886834208926,0.01159156030065231,0.953600260415632,0.8654211388692443
RipVIS-079_00276.jpg,0.814547837403361,0.6811783549924992,0.8103582263828735,0.7535909977971926,0.8763746177577219,0.775315977134715,0.012202872758077682,0.9531325954850769,0.8686505032088596
RipVIS-079_00282.jpg,0.8132160352975195,0.6794692227959945,0.8091475730228727,0.7346995117352935,0.900384734350588,0.762771965225139,0.008336491094058799,0.9523231336795223,0.8608671805011896
RipVIS-079_00288.jpg,0.8093466170521344,0.6717021609371404,0.8036146349904705,0.7360662160778393,0.8848135174032282,0.7616754935002408,0.020298585644277292,0.9521777343739668,0.8606878962228927
RipVIS-079_00294.jpg,0.8266811905981793,0.6995631344850257,0.8232270049761888,0.803471891850717,0.8439780505662351,0.8112590583978916,0.01768404505925019,0.9582866753461824,0.8915235392206557
RipVIS-079_00300.jpg,0.814106601894353,0.6794801404893277,0.8091553143240582,0.7682423871291935,0.8546710183921795,0.7841008309422264,0.02374635181430799,0.9537586805545206,0.8745677466241122
RipVIS-079_00306.jpg,0.8076012526487337,0.6639901021683123,0.7980697737361299,0.8207543347834554,0.7766054298481384,0.8115274998848372,0.008345323739806428,0.955502387151741,0.8962126152901826
RipVIS-079_00312.jpg,0.826413550209937,0.6975367623186376,0.8218222754314711,0.7986556647431982,0.846373023896419,0.8077637893623445,0.014812663372812566,0.9594694010406256,0.8897203410346974
RipVIS-079_00318.jpg,0.8456666312807053,0.7292042510561034,0.8433986333433373,0.7804375874966332,0.917409777863525,0.8044592511823486,0.013489991294823036,0.9656336805545078,0.8854928178687727
RipVIS-079_00324.jpg,0.8159556471031584,0.6775831962064074,0.8078087545686629,0.7499210227942141,0.8753809611514477,0.7720511569623402,0.01793248944877449,0.9583279079850713,0.8679025464000765
RipVIS-079_00330.jpg,0.836257808384836,0.7129211767439778,0.8324039499577449,0.7466417910381429,0.9404247700362507,0.778734854690274,0.004273504272852029,0.9632790798600659,0.8700305761275744
RipVIS-079_00336.jpg,0.821994889656309,0.6879043921689554,0.8150987643144869,0.7227479939153605,0.9345076005545655,0.7570578872413504,0.0033971587394383634,0.9599609374989584,0.8578514209528543
RipVIS-079_00342.jpg,0.849809667728846,0.7379364779141315,0.8492099536339804,0.7568600003309256,0.9672284845898741,0.7912800764540553,0.012533176052413273,0.9654144965267303,0.8765365088932084
RipVIS-079_00348.jpg,0.8417020421779445,0.7226142131918561,0.8389739358447693,0.7254928608376257,0.9945390186419211,0.7669906574282604,0.005164527076115607,0.9644238281239536,0.8624547162209775
RipVIS-079_00354.jpg,0.8161486979639138,0.6791815280590333,0.8089435438753302,0.6799029340337125,0.9984401996424646,0.7262422587919876,0.010309278349018545,0.9573491753461835,0.8398701366007825
RipVIS-079_00360.jpg,0.8086502082492126,0.6673178479200531,0.8004686673899871,0.6721054483741874,0.9894382366330766,0.7181718888077929,0.016618911172404167,0.9545431857628531,0.8354896865702813
RipVIS-079_00366.jpg,0.7917273805150238,0.6412313044464836,0.7814027221016763,0.6425496096728253,0.9968106127899419,0.6917160228313358,0.007699846002001981,0.9476312934017496,0.8210995338007134
RipVIS-079_00372.jpg,0.8524217985307068,0.7461900492996698,0.854649297307516,0.7846117591549067,0.9384160090103494,0.8112026118312056,0.01846280087274852,0.963134765623955,0.8881795788950924
RipVIS-079_00378.jpg,0.8370146284030975,0.721773735071619,0.8384071848344185,0.7593244667671494,0.935877707842879,0.789097084859324,0.018159642225483174,0.9575173611100721,0.8752457218875767
RipVIS-079_00384.jpg,0.7911831318991533,0.6493574479181736,0.7874065730721931,0.652485727111088,0.9926708110807122,0.7004973644230862,0.008435582821007722,0.9404025607628684,0.8257524690191014
RipVIS-079_00390.jpg,0.8063895963563747,0.6694421903068168,0.8019950546281379,0.7231165584261477,0.9001888242520549,0.7527298059421778,0.008012820511750424,0.9491699218739701,0.8549040871790086
RipVIS-079_00396.jpg,0.8109862186948709,0.6790207924200424,0.8088295219278869,0.779437520118909,0.8405250899780604,0.7909342021163835,0.015992003996002997,0.9490950520823035,0.8778651232018981
RipVIS-079_00402.jpg,0.8419489250811084,0.7300894423707929,0.8439904024503261,0.7794759326466126,0.9201477845714324,0.8040608371470451,0.013572343148070123,0.9589388020822928,0.8841178134909664
RipVIS-079_00408.jpg,0.8545228094048372,0.7479328469385116,0.8557912831130888,0.845556215791637,0.8662771679793353,0.849620723334783,0.022361984623010204,0.9651356336795083,0.9136805900704561
RipVIS-079_00414.jpg,0.8653174385550177,0.767410542510447,0.868401001411262,0.8096270316721904,0.9363761842523886,0.8321553679340851,0.03310533515278997,0.9672037760406171,0.9005701670467324
RipVIS-079_00420.jpg,0.8579778792176267,0.7547032005538922,0.8602061024515842,0.8376567966478569,0.8840030257651424,0.8465331507435245,0.0228587166038476,0.965379774304508,0.9108219090951869
RipVIS-079_00426.jpg,0.8613197467363436,0.7607969367304785,0.8641506818420052,0.8438123921284914,0.8854936079466842,0.8518317345795414,0.024862637359222162,0.9659722222211741,0.9138790214199956
RipVIS-079_00432.jpg,0.8494686112043052,0.741518470880146,0.8515769235630214,0.8166233893023531,0.8896564567255232,0.8302547296290779,0.03738831614606346,0.9620540364572895,0.900522639515593
RipVIS-079_00438.jpg,0.8562245785069743,0.7527398591514081,0.8589293559123466,0.8339144477963153,0.8854914169051157,0.8437435058623209,0.031045751629759564,0.9641113281239538,0.9088277872329786
RipVIS-079_00444.jpg,0.8616935991989795,0.7618997385277863,0.864861628465212,0.820950416906956,0.9137357672066354,0.8379687334252679,0.023631671869668386,0.9657128906239522,0.9044972491250258
RipVIS-079_00450.jpg,0.8066693135828162,0.6706885994163975,0.8028888203949933,0.7496364046388574,0.8642856502285284,0.7700665836834023,0.003863134657303651,0.9486480034711928,0.8652756039326348
RipVIS-079_00456.jpg,0.8604388865991522,0.7632195956144097,0.8657113356869868,0.7706169057180712,0.9875789699023131,0.8060324988201845,0.021792427128603593,0.9627430555545109,0.8844138283179175
RipVIS-079_00462.jpg,0.8603567998771668,0.7630471089955482,0.8656003632600324,0.7766671115521072,0.9775341496752794,0.8099535114053094,0.02643535728673615,0.9627452256933998,0.8867031272698003
RipVIS-079_00468.jpg,0.8644441435086789,0.7699801701033643,0.8700438379017529,0.783745578063115,0.9776982330457643,0.8161256587446429,0.024798927610616764,0.9638769531239542,0.8902420704498357
RipVIS-079_00474.jpg,0.8542572626020766,0.752884681342163,0.8590236304258055,0.7600066480100274,0.9877063196268004,0.7967418291638233,0.033032616234138425,0.9609136284711796,0.8791245238046792
RipVIS-079_00480.jpg,0.8300140887505361,0.7125641627757737,0.8321605441291368,0.7179887633564016,0.9895083066911147,0.7596797523173748,0.02399338113292976,0.9535177951378543,0.8582667009884949
RipVIS-079_00486.jpg,0.8263634891709244,0.7066408725479026,0.8281072883165329,0.7161768384566444,0.9815056752283391,0.75711053074714,0.01634986042584742,0.9522829861100778,0.8567984985746003
RipVIS-079_00492.jpg,0.8138880642996194,0.6860831192736212,0.8138188579566488,0.6995883115353387,0.9726327976827737,0.7412035093461602,0.02554509095270996,0.9482834201378599,0.8478975618710676
RipVIS-079_00498.jpg,0.8306589659143331,0.7087501300501735,0.8295538564545568,0.7825130872804494,0.8826120756591029,0.8006743369132295,0.04057646564424563,0.9574761284711832,0.8833263275405955
RipVIS-079_00504.jpg,0.8281261416974288,0.7097085826168287,0.8302100016724137,0.7153227322737965,0.989062311389968,0.757238418175485,0.009681528661187065,0.9527224392350774,0.8568990881545675
RipVIS-079_00510.jpg,0.8423343399468923,0.7314200584612419,0.8448788090294783,0.7504794866194355,0.9664432022789055,0.7855894260466324,0.022816166880988763,0.9585286458322932,0.8729316874661371
RipVIS-079_00516.jpg,0.8317367854275503,0.7119125382918672,0.8317160162892526,0.742544259620731,0.9452279530187925,0.7758156367920072,0.01989126110331637,0.9567393663184063,0.8676538784601013
RipVIS-079_00522.jpg,0.8222098658293939,0.6930300818148475,0.8186860815514303,0.7664729578513757,0.8785328706296652,0.7865380897805885,0.021270756138154143,0.9561968315961846,0.8753872763033999
RipVIS-079_00528.jpg,0.8068951093785186,0.6671363155990861,0.8003380519718933,0.7572004559231963,0.8486876602804042,0.7738851786617797,0.021554627506189594,0.9518066406239672,0.8687306695570325
RipVIS-079_00534.jpg,0.8137326656737864,0.6789152012923362,0.8087546062716505,0.7661128385812898,0.8564230306508139,0.7826183292394351,0.01081366213756908,0.953598090276743,0.8736241710686532
RipVIS-079_00540.jpg,0.7795478291587556,0.6200511615409436,0.7654710866676208,0.7527081678273931,0.7786742869877414,0.7577619205141534,0.013313999470957816,0.9445594618045307,0.8617393216465641
RipVIS-079_00546.jpg,0.8229062809342156,0.6954161103642232,0.8203485930245504,0.7720991517683267,0.875030332435415,0.7907014401230632,0.019804594663347688,0.9554427083322966,0.8776826038651029
RipVIS-079_00552.jpg,0.7750485347797785,0.6109616728928379,0.7585055351387983,0.7511256842782438,0.7660318397838665,0.7540603248259861,0.015388732769250804,0.9444455295128641,0.8604883351076851
RipVIS-079_00558.jpg,0.8009886361910732,0.6524583728560596,0.7896820683335823,0.7896586196237823,0.7897055184282138,0.7896679989468454,0.018686526740868445,0.9538888888878538,0.881884024283816
RipVIS-079_00564.jpg,0.7987820628289741,0.6474033482425268,0.7859682316819203,0.7629604028758472,0.8104068553842481,0.771999976020191,0.015060240961793503,0.9543391927072978,0.8704626840967451
RipVIS-079_00570.jpg,0.7889981111480031,0.6280517663463795,0.7715378335368692,0.7460218538291369,0.7988610579614844,0.7560230057345919,0.021167883208588627,0.9538454861100761,0.8620552295151361
RipVIS-079_00576.jpg,0.7959609021455958,0.6453186778376933,0.7844300153278299,0.6906424285450307,0.9076924788011068,0.7253310816816283,0.012445811772836553,0.951331380207301,0.8401565409115075
RipVIS-079_00582.jpg,0.8040050231108915,0.658197996688238,0.793871417047656,0.6830464144189742,0.9476244924517242,0.723443712856471,0.028881395685547366,0.9542350260406313,0.838726994958356
RipVIS-079_00588.jpg,0.8250695978725004,0.6913720445309731,0.8175280498060903,0.7338267698670939,0.9227817972868504,0.7651627473120919,0.024920224886047677,0.962253689235067,0.8629147633873528
RipVIS-079_00594.jpg,0.8026628120548162,0.6563094483143261,0.7924961715122391,0.6877249941065192,0.9349272777061045,0.7261235755491773,0.007935362861356895,0.9535394965267431,0.840317621456534
RipVIS-079_00600.jpg,0.8096721027495284,0.6657037366186994,0.7993062895686921,0.7239453114040771,0.8921801083480273,0.7523176095829944,0.03982368140449556,0.957558593748961,0.8561907785968785
RipVIS-079_00606.jpg,0.8183169205016689,0.678865770901192,0.8087195327554819,0.7455509164594322,0.8835832767835251,0.7695959962342431,0.024367237851852342,0.9612293836795125,0.8667092887055203
RipVIS-079_00612.jpg,0.83835814555888,0.715205198412341,0.8339587579076393,0.7740496860006857,0.9039193429825297,0.7969498722572593,0.024804777212554772,0.9649034288183974,0.881738683871286
RipVIS-079_00618.jpg,0.8493132615126187,0.7338017384971959,0.8464655700867295,0.8053284563214342,0.892031580205512,0.8212939793484332,0.029750778811565296,0.9679340277767275,0.8966552939841494
RipVIS-079_00624.jpg,0.8511372963132591,0.7386898423212988,0.8497085844075387,0.7850109059641973,0.9260284000890757,0.8096705630305415,0.009746012993244828,0.9669835069433952,0.8882746823297734
RipVIS-079_00630.jpg,0.8446340462764075,0.7256483167470184,0.8410152980821979,0.7818758215342354,0.9098332077321671,0.80450465323041,0.021013597030127687,0.9668131510406176,0.8860383586138142
RipVIS-079_00636.jpg,0.8453120871849199,0.7284837470792032,0.8429165137481878,0.7536069949475148,0.956239943277827,0.786959267620972,0.014642804316721963,0.9656315104156189,0.8743994165318354
RipVIS-079_00642.jpg,0.8369241239621557,0.7142808898584636,0.8333300500333254,0.8133887110186863,0.8542737415978768,0.8212496141428536,0.024686250168985485,0.9632790798600659,0.8978683834715158
RipVIS-079_00648.jpg,0.8404188717217707,0.7221953148906041,0.8386915335865709,0.7932385824537116,0.889670054286016,0.8108154646462815,0.029140430512646004,0.9626573350683999,0.8897604746641977
RipVIS-079_00654.jpg,0.8456568604489434,0.7314385150753139,0.8448911222741258,0.8049792531048962,0.888967218884493,0.8204827900318824,0.025987224154183038,0.9638281249989542,0.8954793448052769
RipVIS-079_00660.jpg,0.8140400830525093,0.6757105733256805,0.8064764692444936,0.7553423264696587,0.8650365426310178,0.7749976249066263,0.01974071891282547,0.9566699218739619,0.8696718237866716
RipVIS-079_00666.jpg,0.8016535506713865,0.6553811429105968,0.7918190269562498,0.7539379193191469,0.8337081358843296,0.7686469355567238,0.015053169449654305,0.9526182725684108,0.8667625767877499
RipVIS-079_00672.jpg,0.7918287533493411,0.639906171438527,0.7804180294988472,0.7873144500880176,0.7736413771371358,0.7845413071785216,0.013986013984133133,0.9488628472211926,0.8786282821845537
RipVIS-079_00678.jpg,0.8218378015024326,0.6898555150135015,0.8164668622666118,0.7926557897676644,0.8417527895903189,0.8020115919715693,0.023221848981565377,0.9581217447906271,0.8864059352547052
RipVIS-079_00684.jpg,0.8120532746783378,0.6739254744935891,0.8052036781356362,0.7946025324799849,0.8160915178917485,0.7988093160066405,0.011991434687795654,0.954831814235075,0.8853823209689169
RipVIS-079_00690.jpg,0.805100446830699,0.6639843410128542,0.7980656123346596,0.7517788910524601,0.8504259958231236,0.7696339811783605,0.00934840239858401,0.9513834635406343,0.8662033178618105
RipVIS-079_00696.jpg,0.7502674299656429,0.5794350572280006,0.7337244473285816,0.7246888232971522,0.7429882335467658,0.7282762355952667,0.019865905137836367,0.9288357204851032,0.8427330869345796
RipVIS-079_00702.jpg,0.788457824270818,0.6370625067817361,0.7782995507411904,0.729458668671998,0.8341500402745449,0.7482404993767993,0.01580861779297585,0.9455967881934184,0.8538060966422902
RipVIS-079_00708.jpg,0.7941590821925364,0.6476028352515353,0.7861152231540891,0.7398007958301144,0.8386158605409239,0.7576558875607936,0.0071313240033461615,0.9465397135406396,0.8589996743276167
RipVIS-079_00714.jpg,0.8014050222478009,0.6614202382153661,0.7962106431613453,0.7645391559879476,0.8306195497619829,0.7769005051383633,0.013689437657537318,0.9474110243045275,0.8701688512101863
RipVIS-079_00720.jpg,0.8057077338812579,0.6653292863858268,0.7990363129081272,0.750805793289818,0.8538887080946586,0.7693820176270719,0.01402464938177863,0.9513053385406345,0.8658946047610383
RipVIS-079_00726.jpg,0.7926102512672701,0.6449736281596534,0.7841750373606053,0.715312730351091,0.8677082832472698,0.7413535045189655,0.017589017586502356,0.9460980902767512,0.8490076601234906
RipVIS-079_00732.jpg,0.8073218009072949,0.66869518392626,0.8014587569587063,0.7299599803466494,0.888484872236002,0.7569720117504221,0.01585535465704376,0.95126519097119,0.8578456516697264
RipVIS-079_00738.jpg,0.7691998473095054,0.6063710892174182,0.7549576723431026,0.6904204868740877,0.8328042025299812,0.7148644202897365,0.011299435026763968,0.9384711371517594,0.83418179346913
RipVIS-079_00744.jpg,0.7633971981568592,0.5952078122087363,0.7462448561916297,0.6656893581322157,0.8489805379932375,0.6957303868206439,0.010397379289218432,0.9378396267350935,0.823421514582721
RipVIS-079_00750.jpg,0.7732948120579,0.6121898559401678,0.7594513185708665,0.6878365373089118,0.8477116558921777,0.7147981677309718,0.011721508259889633,0.940555555554535,0.8341578929145556
RipVIS-079_00756.jpg,0.7955103931691982,0.648789533622574,0.7869889035468478,0.7156685887259957,0.874097535057206,0.7425871641202365,0.014565126922657077,0.9478016493045271,0.8498084914058757
RipVIS-079_00762.jpg,0.8243800467193194,0.6965180600238976,0.8211148191538689,0.756328561808832,0.8980399119992697,0.7809762868432385,0.022915516286179525,0.9569596354156283,0.8717142220569977
RipVIS-079_00768.jpg,0.7876303909825142,0.6331411972901773,0.775366145120495,0.7283264155312926,0.8289016310562911,0.7464403623580024,0.0074344023312777835,0.9473763020823054,0.8534544871958915
RipVIS-079_00774.jpg,0.8170330557332968,0.6853799612369608,0.8133239708557302,0.7460408196067305,0.8939462640403846,0.7715725051001291,0.015527950308462334,0.9538454861100761,0.8661273392417326
RipVIS-079_00780.jpg,0.8233016544508407,0.6973066433187153,0.8216625393691775,0.7471937984438203,0.9126182337984168,0.7753005467997175,0.02310585706298954,0.9545996093739642,0.8677749209220185
RipVIS-079_00786.jpg,0.8310948904272962,0.7091509631751314,0.8298283515667034,0.7715242580729493,0.8976648937597992,0.7938343128788578,0.011922503724167118,0.9578634982628496,0.8790064041316792
RipVIS-079_00792.jpg,0.8035901246614495,0.6641966704783482,0.7982189632520235,0.7390526832143328,0.867682989131967,0.7616344969868957,0.008422664623733707,0.9487619357628594,0.8605709807136159
RipVIS-079_00798.jpg,0.7973778535392917,0.6543111241885897,0.7910375679901418,0.7423843639861135,0.8465151281532808,0.761109344811563,0.008305647839470272,0.9464778645823063,0.860556865050196
RipVIS-079_00804.jpg,0.8300560588012864,0.7085592125852123,0.8294230687072237,0.8182346696255816,0.8409216861137394,0.8226736108757972,0.017351598171252237,0.956657986110073,0.897677130755459
RipVIS-079_00810.jpg,0.7327898235457735,0.5548837293134657,0.7137301894058224,0.808471696784289,0.6388642843258583,0.7677090055149383,0.007932960892968384,0.9196419270823355,0.871918234496236
RipVIS-079_00816.jpg,0.7298944442053558,0.5494373865665491,0.7092088926343336,0.8024208154719935,0.6353988120596109,0.762342679002211,0.0055635918542824535,0.9191861979156692,0.868977581773505
RipVIS-079_00822.jpg,0.7155450616143215,0.5256737827391039,0.6891037765561396,0.7818711829175479,0.6160148792077382,0.7419201561240507,0.00565347522384952,0.9143901909712301,0.857281466259221
RipVIS-079_00828.jpg,0.7309628367550236,0.5480711196022277,0.70806969093649,0.7900346196299683,0.6415135994301078,0.7550722729603504,0.014687605918575573,0.922003038193444,0.8649935689083059
RipVIS-079_00834.jpg,0.7352424844669174,0.5539295705187537,0.7129403816336842,0.7840083355913382,0.6536857691037992,0.7539461256695954,0.011183913238682341,0.9243901909712192,0.8637489257552222
RipVIS-079_00840.jpg,0.7159809997974028,0.5242301338758091,0.6878621833079731,0.779686654864003,0.615387398334235,0.7401640999220229,0.004941796617072063,0.9162467447906725,0.8571333231115275
RipVIS-079_00846.jpg,0.7381189846043293,0.5595848022892967,0.7176074061094833,0.8091819332048819,0.6446525489919819,0.7698837118006787,0.012445827312762992,0.9246343315962189,0.874656366620077
RipVIS-079_00852.jpg,0.7456197591457354,0.5671104395491001,0.7237657605194349,0.7786499948528728,0.6761092537839909,0.755726838683462,0.017204807916897855,0.9309884982628787,0.8648250324126497
RipVIS-079_00858.jpg,0.7671399857559112,0.6001823008934177,0.7501424063474799,0.6954783220945623,0.8141326320254536,0.7163592217920335,0.013858020654483197,0.9400303819434245,0.835935090789365
RipVIS-079_00864.jpg,0.7948163253415292,0.6424202919491863,0.7822848939436529,0.7595718363391097,0.8063981736738851,0.7684969300939358,0.014988998897828796,0.9517849392350783,0.8680492372136599
RipVIS-079_00870.jpg,0.7669903962857122,0.5945353721484774,0.7457161283884223,0.7200463699177984,0.7732838093590699,0.7300992415057975,0.007227601253616855,0.9443836805545308,0.8465415361529609
RipVIS-079_00876.jpg,0.7630308833897703,0.5859385809932693,0.7389171157262565,0.708392785090891,0.7721904598370409,0.7202948056807926,0.009860312241870678,0.944800347221197,0.8412460293029558
RipVIS-079_00882.jpg,0.7713081522921719,0.5999523136070646,0.7499627438951384,0.7183528415676322,0.7844825732569559,0.7306715637779317,0.020968409432891653,0.9472037760406389,0.846952923522792
RipVIS-079_00888.jpg,0.757962886082064,0.5780850383585512,0.7326411749772973,0.7274464447276733,0.7379106304760467,0.7295154718199056,0.012525252523565622,0.9427191840267548,0.8480999327759359
RipVIS-079_00894.jpg,0.7704289438650442,0.5991350632020582,0.7493239026381784,0.7536180114638035,0.7450784521391951,0.7518944755240483,0.011573139548974144,0.9463921440961953,0.8614717984337554
RipVIS-079_00900.jpg,0.7690711611951021,0.5963208241305182,0.7471190190797911,0.7485605788397541,0.7456830008818468,0.7479832879021887,0.0204959151468402,0.946425781248973,0.8591892578904079
RipVIS-079_00906.jpg,0.7514447170338088,0.5671104485614719,0.7237657678589923,0.7340278134065374,0.7137867023222642,0.72988827157722,0.013368983955337884,0.9407628038184237,0.8496156915394573
RipVIS-079_00912.jpg,0.7862563651295309,0.6293219891581199,0.7724955451970474,0.7212904718201197,0.8315263659869784,0.7409357206182081,0.007457533488819564,0.948187934026749,0.8504964111958768
RipVIS-079_00918.jpg,0.8183028871055541,0.683116291548929,0.8117279774177392,0.7829925693808166,0.8426528871635715,0.7942390878776473,0.017046229371737866,0.9577278645822941,0.8818676401784773
RipVIS-079_00924.jpg,0.8320945072541174,0.7061084362511526,0.8277415681768633,0.7865517530777015,0.873483804799272,0.8025257668186188,0.013386696106350165,0.9619162326378451,0.8857770031497302
RipVIS-079_00930.jpg,0.8177108586945538,0.6781224926390468,0.8081918877955311,0.7837954805322803,0.8341558099658491,0.7933751376789827,0.02355783750776837,0.9608235677072907,0.8827273170180399
RipVIS-079_00936.jpg,0.8039775606238616,0.6523085144550294,0.7895722968784388,0.7725303623760404,0.8073830784402776,0.7792580884473395,0.015076182836395158,0.9590538194434038,0.8760899552419895
RipVIS-079_00942.jpg,0.8190426200987906,0.6779876601739157,0.8080961216409009,0.7791473950521518,0.839278999802133,0.7904743775896873,0.01594973416852751,0.9631901041656216,0.8813332236530511
RipVIS-079_00948.jpg,0.8122581624292846,0.6670902628076405,0.8003049117258428,0.7903165979272729,0.8105489292097193,0.7942818548227937,0.01742327365450395,0.960772569443402,0.8849575369784162
RipVIS-079_00954.jpg,0.8333364731983187,0.7042176135821852,0.8264409521058204,0.8245126259232358,0.8283783191566431,0.8252828755522185,0.015597362917575595,0.9655360243045079,0.9028170419303767
RipVIS-079_00960.jpg,0.8437814366341785,0.72367189274507,0.8396863646625589,0.8142224585504073,0.8667944000428184,0.8242204159713797,0.01016260162442736,0.9670106336795062,0.8996847685936971
RipVIS-079_00966.jpg,0.8492237173939802,0.7338202347814875,0.8464778759188613,0.8372732663868094,0.8558871178379317,0.8409309834190144,0.01492537313200787,0.9677701822906165,0.9102680768234067
RipVIS-079_00972.jpg,0.8349832094430479,0.708223675279158,0.8291931384962452,0.8008611079780238,0.8596032887204075,0.8119583678090841,0.011815920396172897,0.9649934895822863,0.8926679265180599
RipVIS-079_00978.jpg,0.8153978974639648,0.6760070797607515,0.8066876183568996,0.7702144574500678,0.8467868296700302,0.7844006532475765,0.009185185183824416,0.9586859809017375,0.8763260602804367
RipVIS-079_00984.jpg,0.8323613007499575,0.7055039006330002,0.8273260475935017,0.78786656292167,0.8709465055440662,0.8031898851187003,0.01709145427030113,0.9628483072906219,0.8864995604773716
RipVIS-079_00990.jpg,0.8077458609334782,0.664587027602006,0.7985007891830156,0.7638864216389402,0.8364010482695591,0.7773656928861757,0.013994565215489868,0.9552571614572968,0.8721346198164293
RipVIS-079_00996.jpg,0.7839535034934537,0.6251090546470905,0.7693133612905005,0.7137558702085371,0.8342498934347172,0.7349872966967748,0.014050864126169613,0.9477788628461938,0.8470258401122642
RipVIS-079_01002.jpg,0.7632373656331033,0.587824446236758,0.7404149087513272,0.6594830653136164,0.8439893913600676,0.6896356084013386,0.004802095459138228,0.943586154512865,0.8212723396085271
RipVIS-079_01008.jpg,0.7274264851634062,0.5262920824717409,0.6896348195942176,0.5969486628325558,0.8163934031151274,0.6308636113981437,0.006723442401505537,0.933814019096209,0.7890439065546428
RipVIS-079_01014.jpg,0.7327939350123616,0.5354114499189861,0.6974175553363711,0.6047704223189084,0.8235858791808829,0.6387097014342027,0.01871133242512278,0.9353765190962072,0.7932886660145655
RipVIS-079_01020.jpg,0.7382444768580196,0.5443205547413867,0.704932085596101,0.616049371700309,0.8237868650993551,0.648769932133539,0.01002543767618952,0.9372526041656497,0.7988977375092123
RipVIS-079_01026.jpg,0.7365689422157669,0.5458937553814901,0.7062500297722936,0.6191227938238144,0.8219156816124957,0.6512601350282744,0.022157434399102414,0.9330957031239875,0.799547417246035
RipVIS-079_01032.jpg,0.7422793741233991,0.5590552841488837,0.7171718537923202,0.664205840836924,0.7793172375874098,0.6844248469953256,0.020842134907640874,0.9319325086795444,0.8180592692431452
RipVIS-079_01038.jpg,0.7457852198541384,0.5606812330606649,0.7185083298030159,0.6514031079350908,0.8010273017693501,0.676682670531751,0.024937287881815363,0.9364908854156505,0.8142042171603432
RipVIS-079_01044.jpg,0.7399694186871739,0.5505504153399626,0.7101354588580119,0.6314430549643997,0.8112339672621491,0.6607301100136166,0.016003523709293272,0.9350097656239854,0.805123185521172
RipVIS-079_01050.jpg,0.7454508382661229,0.5598296717748062,0.7178087222021113,0.6417531339849694,0.8143150001555125,0.6701557360336481,0.01915764843241333,0.9366276041656504,0.810367206103477
RipVIS-079_01056.jpg,0.74082160963004,0.5526679650871035,0.7118945937112823,0.624971628875285,0.8269027572231157,0.6570628109837471,0.015464662521250951,0.9347048611100969,0.8027909446259953
RipVIS-079_01062.jpg,0.716010552802584,0.5124269475270093,0.6776220806762084,0.5716799082859261,0.8317619532891058,0.609816369787633,0.0048957896202411815,0.9258593749989954,0.7767160499530767
RipVIS-079_01068.jpg,0.7204130596745031,0.517887200742994,0.6823790338168637,0.5874206914902294,0.8139577869847396,0.6220456869015226,0.020913107507965666,0.9288302951378811,0.7836661497853838
RipVIS-079_01074.jpg,0.7110701375958746,0.5036827276461744,0.669932185009036,0.5768288987660465,0.7988748879901227,0.6107820778522559,0.013906810033848485,0.9246896701378855,0.7773242682546692
RipVIS-079_01080.jpg,0.7110241981639258,0.5027619116441128,0.669117187158491,0.5647445788957627,0.8208151846639894,0.6023262542075438,0.012172148962154449,0.9253765190962181,0.7728666098350085
RipVIS-079_01086.jpg,0.7128194417219962,0.5050688886415592,0.6711571708819559,0.5646936724124191,0.8270913377999559,0.6029513649539373,0.009571428570061224,0.9265256076378835,0.7733093989690516
RipVIS-079_01092.jpg,0.6755823545495051,0.4437412046373424,0.6147101754968711,0.5016502695004738,0.7935593729554571,0.5414872530927483,0.005670031806711377,0.9137901475684529,0.7404586745990032
RipVIS-079_01098.jpg,0.7754746682507371,0.604574456107171,0.7535636053610352,0.6511361199368665,0.8942313848403326,0.6885736315788435,0.01609834625843724,0.9504383680545243,0.8204965242994573
RipVIS-079_01104.jpg,0.7265208185586771,0.525266684634149,0.68875389454945,0.5887004186577868,0.8297805032263862,0.6250183295207931,0.007985170396693973,0.9331195746517653,0.7856689104222887
RipVIS-079_01110.jpg,0.6814565952965518,0.453332487073763,0.6238524096939896,0.5007322126805159,0.8272591562964603,0.5436488740193972,0.023617511517336185,0.9158875868045617,0.7419050449974163
RipVIS-079_01116.jpg,0.7148166932785341,0.5080634481503504,0.673795852254749,0.5907306182103598,0.7840436885398847,0.6213715758293412,0.007756310815434168,0.9274468315962159,0.7835466042223751
RipVIS-079_01122.jpg,0.7410563458477664,0.5536269926667234,0.7126897193211741,0.5876266875320867,0.9053791706249126,0.6319872195222135,0.011458480688717148,0.9343120659712084,0.7888708186496827
RipVIS-079_01128.jpg,0.6690631322839373,0.43756735848642536,0.6087608429661728,0.5125546020592913,0.7494281249207367,0.5471418886518842,0.01132332878426694,0.9076996527767929,0.742316766810045
RipVIS-079_01134.jpg,0.6586817943096777,0.41284286080198207,0.5844144062385496,0.46863027206656566,0.7761861411484393,0.5089646890274735,0.0072270227796972465,0.910527343749012,0.7238386495346658
RipVIS-079_01140.jpg,0.6924077755055076,0.47731171784290216,0.6461895781072517,0.5627763665399476,0.7586319872249905,0.593416786401041,0.009309967140017802,0.914708116318452,0.7670075129858039
RipVIS-079_01146.jpg,0.7745926602781091,0.6119765950816373,0.75928719678544,0.6869328568653834,0.8486780921927352,0.7141542615859584,0.012450940585674523,0.9428667534711992,0.8342202478596111
RipVIS-079_01152.jpg,0.7983310924081475,0.6509499919279425,0.7885762683432677,0.7336052089222505,0.852452913706813,0.754647575209132,0.021240916710279358,0.9507031249989684,0.8577064061937871
RipVIS-079_01158.jpg,0.808999093198646,0.6698841698790584,0.8023121387246576,0.7652565789980452,0.8431389497057054,0.7796603245424577,0.016944520358438846,0.9530566406239659,0.8725071932745703
RipVIS-079_01164.jpg,0.7190276391986381,0.5252330877697745,0.6887250112542215,0.6288203171008345,0.761245187334386,0.6514866094246762,0.009328603336049323,0.9204904513878901,0.798372872569517
RipVIS-079_01170.jpg,0.8084783021243886,0.6699125119796416,0.802332466130787,0.7764754909553883,0.8299708606244551,0.7866156774309305,0.01420376945995578,0.952183159721189,0.876877631987558
RipVIS-079_01176.jpg,0.8092530236145856,0.6708011156158907,0.8029694370519019,0.7680438244187202,0.8412227488071923,0.7816430277537044,0.009849521202482964,0.9527408854156328,0.87363109181096
RipVIS-079_01182.jpg,0.8066731861001741,0.6669305451779916,0.8001899624519485,0.7675026213042311,0.8357854147870266,0.7802517719094684,0.008489909532569253,0.9516080729156341,0.8728565033503852
RipVIS-079_01188.jpg,0.8078731011865108,0.668956957969773,0.8016467468202839,0.7690357293203174,0.8371459847789865,0.7817564816546065,0.008210409127719118,0.9519552951378559,0.8737100812672509
RipVIS-079_01194.jpg,0.8093174605379667,0.6715095650305026,0.8034767841944699,0.7728022969862903,0.8366870183459599,0.7847866775615104,0.009973680563793644,0.9522829861100778,0.875506099105621
RipVIS-079_01200.jpg,0.7877298762553208,0.6343170470708933,0.7762472382060125,0.7337940281510856,0.8239143022503,0.7502056224560811,0.007806080524814286,0.9465950520823062,0.8555676695451354
RipVIS-079_01206.jpg,0.8084453527959055,0.6703071520267407,0.8026154365840966,0.747691492262895,0.8662483328932554,0.7687336411117488,0.019013429062755827,0.9518164062489672,0.8651425042044332
RipVIS-079_01212.jpg,0.800677884971141,0.6569612846312006,0.7929711945894068,0.7493705750092989,0.8419588783547363,0.7662225247670156,0.01656017733517275,0.9497460937489695,0.8643216094907985
RipVIS-079_01218.jpg,0.7837671577164114,0.6277540525717217,0.771313149649261,0.703262866880467,0.853943877132207,0.7289893470979079,0.009950891701996525,0.9453320312489742,0.8425578482370819
RipVIS-079_01224.jpg,0.804026274686394,0.6608442951215022,0.7957931963431368,0.7115492864415786,0.9026641603652047,0.7430118438636132,0.012279765081115888,0.9521321614573002,0.8499872766499095
RipVIS-079_01230.jpg,0.7858691493627101,0.6317794464093851,0.774344164953874,0.6959105462250905,0.872703491900143,0.7252967824134933,0.015275217274785986,0.945566406248974,0.8400879036143873
RipVIS-079_01236.jpg,0.7549386727455039,0.5814634758732138,0.7353485992487503,0.6581533967500245,0.8330585284364795,0.6870013234860259,0.01033355133939391,0.9348893229156522,0.8185689210089515
RipVIS-079_01242.jpg,0.7685553974140175,0.604966423292365,0.7538680118321238,0.676212449524715,0.8516733259294182,0.7052723485827728,0.01460142067684801,0.9385319010406483,0.8285834176734278
RipVIS-079_01248.jpg,0.7868105311076914,0.637271146001545,0.7784552333409822,0.6737389155351523,0.921713103823144,0.7120524945996688,0.011965145010799174,0.9427517361100881,0.8318485399332161
RipVIS-079_01254.jpg,0.7649518059587639,0.5993029431248665,0.7494551869627561,0.646153157917388,0.8920730012569139,0.6838572630243308,0.005146476642234564,0.9371267361100942,0.8164192416644069
RipVIS-079_01260.jpg,0.7110130464561772,0.5034320679785662,0.669710429491442,0.6035580218652251,0.7521490124631789,0.6283862220449428,0.0050852116540564575,0.9248003472212187,0.7874016054349013
RipVIS-079_01266.jpg,0.8044499011291746,0.6642443452745433,0.7982533900873381,0.6741057531191234,0.9784512436421116,0.7188235033764132,0.013301926006193442,0.950117187498969,0.835779808152634
RipVIS-079_01272.jpg,0.7757938762172523,0.6158207053490918,0.7622389084512271,0.6285488843708188,0.9681637613692379,0.6759727637159645,0.011327087119098436,0.9417632378462003,0.8124719021899228
RipVIS-079_01278.jpg,0.7827538886689781,0.6286509433251491,0.7719897819745938,0.6518140938271607,0.9464963682089259,0.695096368472928,0.018309100697588974,0.942954644096199,0.8227028250592756
RipVIS-079_01284.jpg,0.7400626142881308,0.556396072461925,0.7149800520658105,0.6911699020727439,0.7404892054484339,0.7005010916764459,0.003622719626908692,0.9303884548601016,0.8280733387254818
RipVIS-079_01290.jpg,0.7673864492451902,0.6044978409777253,0.7535040877454411,0.7586112583056239,0.7484652229580006,0.7565601047434604,0.007258809554274936,0.9369900173600944,0.8607697567581604
RipVIS-079_01296.jpg,0.7564821492857092,0.5810182477440269,0.7349924627031832,0.7235367485663502,0.7468167679905766,0.7280759132325969,0.00570157140791245,0.9378146701378713,0.8451729315464966
RipVIS-079_01302.jpg,0.8017391600046753,0.6571961017882779,0.7931422250862147,0.751432164308095,0.839754850286531,0.7675784455751486,0.006766696086089041,0.9512977430545233,0.8655437093762466
RipVIS-079_01308.jpg,0.8129192226017674,0.6745611235183965,0.8056572125609672,0.7570704447282239,0.8609079984432766,0.775784539371047,0.008778241472330084,0.9557465277767407,0.8701037127911674
RipVIS-079_01314.jpg,0.8712902127512381,0.7763131455147988,0.8740723981860902,0.8433971655284853,0.9070632319295737,0.8554052115198288,0.021484664391541758,0.9698025173600588,0.9155678474347109
RipVIS-079_01320.jpg,0.7967876540080993,0.6477538070031282,0.7862264426276618,0.7441935081304772,0.8332917519002716,0.7604555811975309,0.012231063953399488,0.9507302517350795,0.8617773561911524
RipVIS-079_01326.jpg,0.8639937381891942,0.7639586645408271,0.8661865835044289,0.8391704867859492,0.8950000465548376,0.8497721408853701,0.02787840604380557,0.9677799479156165,0.9126001428750636
RipVIS-079_01332.jpg,0.8219683605310446,0.6913010489374366,0.8174784132863252,0.8032465053641572,0.8322237393395902,0.808879386563036,0.010153800207532655,0.9571777343739614,0.8906464347942593
RipVIS-079_01338.jpg,0.8731118529570036,0.7801237828613544,0.8764826248289213,0.840342771721839,0.9158706357055438,0.8544350799626956,0.021263576560920365,0.969739583332281,0.9145179960656403
RipVIS-079_01344.jpg,0.8361579002566202,0.714355552290628,0.8333808600393835,0.8327871655236773,0.8339754016414693,0.8330245418008723,0.014589846655562028,0.9619596354156229,0.9057029353321029
RipVIS-079_01350.jpg,0.8064438693904598,0.6625093135454461,0.7969992205728906,0.7562820109761267,0.8423502275589272,0.7720592399080369,0.010410804725603432,0.9547829861100751,0.8687302850110602
RipVIS-079_01356.jpg,0.8173223061313428,0.6822830248828791,0.8111394037639769,0.7529667582157814,0.8790532276705922,0.7752049696646709,0.016325401215228914,0.9567827690961841,0.8692012729895198
RipVIS-079_01362.jpg,0.8081899219288577,0.6668008651804829,0.8000966151505818,0.7252487786387344,0.8921713597573653,0.7534421304637912,0.008177729316045015,0.954200303818409,0.8562844272504695
RipVIS-079_01368.jpg,0.7992628477257291,0.6506206841444089,0.7883345827350454,0.7013648646262426,0.8999260183419286,0.7337437496736415,0.014602639705896849,0.9525119357628553,0.8450560215193343
RipVIS-079_01374.jpg,0.7928823804722924,0.639900308563653,0.7804136693213082,0.7001428385863295,0.8814739733097756,0.7301846113843687,0.00799008127731229,0.9506152343739686,0.8433258527580063
RipVIS-079_01380.jpg,0.8386908227083782,0.719774757214054,0.8370570090004714,0.7686845435716279,0.9187800767434996,0.7946479061223486,0.012158956107331115,0.9617697482628453,0.8793663366514886
RipVIS-079_01386.jpg,0.7852277173422328,0.6289827458404861,0.7722399116216024,0.692638818341818,0.8725129270017462,0.722425337165982,0.014872521244352333,0.9467556423600838,0.8387367232712831
RipVIS-079_01392.jpg,0.7799491829208548,0.6183196629034716,0.7641502196100458,0.6814768567558288,0.8696520562203173,0.7123024386755346,0.0075399172076375046,0.9466297743045284,0.833317429117973
RipVIS-079_01398.jpg,0.7766046459877625,0.6109844922890921,0.7585231207544741,0.6545886089402564,0.9016923637711641,0.692546297718129,0.01376881203750099,0.9470312499989724,0.822098977839533
RipVIS-079_01404.jpg,0.7591997449778711,0.5779024564801933,0.7324945266506687,0.6311502236387583,0.872610264069777,0.668125641188506,0.008095159423741094,0.9449793836795302,0.8093313032618883
RipVIS-079_01410.jpg,0.7808983524042639,0.6176322866998993,0.7636250732357959,0.7010657177208807,0.8384432665357464,0.7248177569560373,0.0054098360646869115,0.9487836371517483,0.8414961028651657
RipVIS-079_01416.jpg,0.7918766876973509,0.6371993715454441,0.7784016810902584,0.7280108254330819,0.8362871161403828,0.7473634473634474,0.007634801971109463,0.951140407985079,0.8544835010024241
RipVIS-079_01422.jpg,0.8348738931480659,0.7144935792757484,0.8334747798560681,0.7751551446142044,0.9012838441430556,0.7974754244861484,0.014683153011640934,0.9597601996517363,0.881239286817388
RipVIS-079_01428.jpg,0.8229248496990128,0.6953617286834549,0.8203107536507185,0.7330962247982116,0.9310787415584038,0.7656577788977945,0.016416292393307063,0.9555154079850743,0.862185752504735
RipVIS-079_01434.jpg,0.8765417982034318,0.7854765847243262,0.879850894091229,0.8689211179108038,0.8910591346291793,0.8732602801424841,0.011368804000095678,0.971041666665613,0.9270780384793753
RipVIS-079_01440.jpg,0.8060260781455768,0.6638380136748641,0.7979599074175099,0.7623917753674744,0.837009192086018,0.7762316230206788,0.008182451252057372,0.9530186631934103,0.8709111137196088
RipVIS-079_01446.jpg,0.797781570589485,0.6490736902970207,0.7871979210099624,0.7448399023552944,0.8346641190583803,0.7612240630411176,0.014163822523180235,0.9513085937489677,0.8622732902375831
RipVIS-079_01452.jpg,0.7858213027424608,0.6298156818358224,0.7728673724950281,0.7310175358182561,0.8197998873915254,0.7472015614000025,0.005655355953816474,0.9470659722211946,0.8542200161929968
RipVIS-079_01458.jpg,0.7869784908573958,0.63198044453384,0.7744951192896914,0.726472379289026,0.8293162520400287,0.7449486614510388,0.012881915769961698,0.9472341579850833,0.8525828703604501
RipVIS-079_01464.jpg,0.7861808290178249,0.6312534123072744,0.7739489248508827,0.734258373199354,0.8181756494686102,0.7496358533465965,0.011861614495574692,0.946501736110084,0.8555027067131236
RipVIS-079_01470.jpg,0.8142824285015746,0.6814011068986207,0.8105158300454306,0.7295110085391887,0.9117572544880269,0.759889033624501,0.017098039213004228,0.952528211804522,0.8590479604287825
RipVIS-079_01476.jpg,0.845582418811779,0.7340097775512868,0.8466039661988896,0.820833789616625,0.8740447059589355,0.8309512764186598,0.016151884384223308,0.9616851128461787,0.9016722240001545
RipVIS-079_01482.jpg,0.8473823666454389,0.7371035335207345,0.8486581476543134,0.8527393378078956,0.844615836377698,0.8511021604572956,0.013154132111359145,0.9621538628461782,0.9152217098145115
RipVIS-079_01488.jpg,0.8516517624570779,0.7446950547127964,0.853667869008071,0.8697808070289824,0.8381410662206058,0.8632631873664222,0.016216991960933267,0.9630674913183994,0.923017900560158
RipVIS-079_01494.jpg,0.8420184827161324,0.7313866381236439,0.8448565121378894,0.8153008342888715,0.8766356541294145,0.826871436136029,0.011056863869750593,0.9580577256934049,0.8983060437676151
RipVIS-079_01500.jpg,0.8604649340037795,0.7633878541566914,0.8658195669854695,0.8603218632982829,0.8713879863691405,0.8625125453263027,0.013154212144814692,0.9626573350683999,0.9198220082643116
RipVIS-079_01506.jpg,0.84653913014847,0.7408640984434132,0.8511452434522073,0.8456805203465533,0.8566810511433601,0.8478579672962291,0.019225449513246826,0.9579578993045161,0.9111202255665565
RipVIS-079_01512.jpg,0.8645656840793912,0.7718496507851623,0.8712360559973376,0.8541304267983842,0.8890408342496732,0.8608914370260773,0.010496183204676093,0.9626757812489555,0.9178184396465697
RipVIS-079_01518.jpg,0.8517182316835157,0.7504503083083497,0.8574368603854757,0.8276444573274295,0.889454205454911,0.8393094777705072,0.006410256409382125,0.9588096788184041,0.9047699490045585
RipVIS-079_01524.jpg,0.8255587548145618,0.7057684683447484,0.8275079314012825,0.7753130330579224,0.8872377186642364,0.7953804177849001,0.009293443665271362,0.9516829427073007,0.8789971685788297
RipVIS-079_01530.jpg,0.8599610579617339,0.7638364088262204,0.8661079961882977,0.8529976483132423,0.879627639973603,0.8581938687495507,0.015810829716550883,0.9615473090267345,0.91653665309501
RipVIS-079_01536.jpg,0.8712045465930541,0.782842682294612,0.8781960293737778,0.855520854609793,0.9021059191879316,0.8644489436593756,0.028722810927395034,0.9647102864572865,0.9196520194914429
RipVIS-079_01542.jpg,0.8418560516127316,0.7346218378889092,0.8470109413392002,0.8139179053730156,0.8829090852615842,0.82683988343749,0.018082191778344903,0.9553786892350744,0.8973028918879395
RipVIS-079_01548.jpg,0.8467742465451494,0.7424318524219871,0.85217892612558,0.8288910250747991,0.8768132130491498,0.8380517615874535,0.019217663892705784,0.9571538628461836,0.9042508636595825
RipVIS-079_01554.jpg,0.8336025461363261,0.7214812838933462,0.8382098494403909,0.8231683900032377,0.8538112345299366,0.8291197258138442,0.020798898068760483,0.9524142795128554,0.8991727773390216
RipVIS-079_01560.jpg,0.8359606372445785,0.7258456999437302,0.8411478499698969,0.8253442578236644,0.8575684673817596,0.8315938943162596,0.01611810916753107,0.9528124999989661,0.9004466632720358
RipVIS-079_01566.jpg,0.8267440876721743,0.7108248677831978,0.8309732704601722,0.8161692487413438,0.8463242564073958,0.8220271060631223,0.02549691569218685,0.9497460937489695,0.8948691427196998
RipVIS-079_01572.jpg,0.82000998615755,0.6988762201580051,0.8227511950140848,0.8002369788033997,0.8465689346741171,0.8090931669759084,0.014431907633897676,0.9482172309017489,0.8873029693044474
RipVIS-079_01578.jpg,0.8188959833927281,0.6973000451831519,0.8216579586644714,0.8026426053227572,0.8415961580641765,0.8101421440165201,0.00807428340626103,0.9476660156239717,0.8879705360386952
RipVIS-079_01584.jpg,0.8179329355991443,0.6954208482481755,0.8203518895815535,0.797080924849732,0.8450225204457746,0.806229061548086,0.009242384794423016,0.947573784721194,0.8856242213619356
RipVIS-079_01590.jpg,0.7834255083090385,0.6481579458794126,0.7865240676718918,0.6948748372120105,0.9060221869979169,0.7288461771955173,0.009743910054997638,0.9292849392351028,0.8391223917299104
RipVIS-079_01596.jpg,0.8005936780628916,0.6671625047218214,0.8003568972217768,0.7774904657288115,0.82460911465083,0.7864784336189172,0.014234402020189649,0.941730685762867,0.874128019347125
RipVIS-079_01602.jpg,0.7577269575657317,0.607940590202812,0.7561729505517757,0.6556402577329179,0.8931195673100784,0.6924653833204935,0.003831891223259346,0.9191134982628916,0.818539923417227
RipVIS-079_01608.jpg,0.7650567181321877,0.6055742601789385,0.7543397713805504,0.7735051371323086,0.736101174672974,0.7657233031540233,0.009010220547470384,0.9323741319434328,0.8652553252008428
RipVIS-079_01614.jpg,0.7628419232915544,0.600864423948642,0.7506749665490956,0.804692464911246,0.7034534534481722,0.7821786806640756,0.015697751760582978,0.9324631076378771,0.8778168854200405
RipVIS-079_01620.jpg,0.7371804718986559,0.557234951054964,0.7156722891140604,0.7425315203048596,0.6906883554795423,0.7315494790134621,0.012769878881941827,0.9249533420128853,0.8470351161976578
RipVIS-079_01626.jpg,0.7121446549041021,0.5171230539131584,0.6817153724997169,0.7109355672460956,0.6548023131509303,0.6989519662374782,0.009640437726727404,0.9155609809017843,0.8281584498150539
RipVIS-079_01632.jpg,0.7085552231153449,0.510811903352027,0.6762084707152393,0.7006816068459204,0.6533872148100885,0.6906828119744366,0.003923620193052103,0.914649522568452,0.823256488480498
RipVIS-079_01638.jpg,0.728078139881153,0.5603501929351461,0.7182364516276717,0.6202422641907098,0.8530057319644002,0.6560458964948543,0.0009805123175658152,0.9080208333323481,0.7976661207889936
RipVIS-079_01644.jpg,0.6979357667303019,0.4945029482216473,0.6617624258420779,0.6918181585466008,0.6342094767333155,0.6794740960816941,0.009225092249706761,0.910047743054568,0.8168344040893121
RipVIS-079_01650.jpg,0.7100812449196607,0.5139157695534097,0.6789225396668004,0.7088201681758506,0.6514449643704671,0.6965506028357501,0.0028512182474272657,0.9147016059017853,0.826767129438468
RipVIS-079_01656.jpg,0.7365520011301285,0.5713375386858549,0.7271989940031311,0.6323678455182021,0.855489985400219,0.6671689948850065,0.003826215748725473,0.9131391059017869,0.8042145041150357
RipVIS-079_01662.jpg,0.7627605058693979,0.6136518919354623,0.7605753074777856,0.6735389871222939,0.8734438072530473,0.7058484514695664,0.008900589192816773,0.922690972221221,0.825890134551603
RipVIS-079_01668.jpg,0.7731755266272047,0.6310586631138143,0.7738025337593629,0.690357102687354,0.8801941044112704,0.721478253769124,0.022295414235837925,0.9260123697906619,0.834632578874824
RipVIS-079_01674.jpg,0.7585824550719937,0.5916929035278702,0.7434762097844708,0.8086925992203245,0.6879935054438735,0.7812796245627524,0.0071592597585898605,0.9327365451378768,0.8792148094619299
RipVIS-079_01680.jpg,0.7880202468798697,0.6447575124720367,0.7840152819888683,0.7940760540117634,0.7742062560073468,0.7900209185937387,0.01876569313879137,0.9389029947906479,0.8782431444094433
RipVIS-079_01686.jpg,0.7417412233251717,0.582089396107712,0.7358489318489588,0.6562686118263253,0.8373926848841832,0.685941804779133,0.004785863295522657,0.913300781249009,0.8137656147792047
RipVIS-079_01692.jpg,0.7710355563456097,0.6183839085888412,0.7641992796728243,0.7502811066670344,0.7786435941470747,0.7557870922357879,0.007099391479830198,0.9320855034712109,0.856808745901761
RipVIS-079_01698.jpg,0.7369170972120718,0.5580441521095861,0.7163393301197484,0.7868018049958535,0.6574601218748286,0.7570163428354588,0.004100529099986702,0.9238834635406642,0.8648801169582252
RipVIS-079_01704.jpg,0.7618018103025179,0.6039699641622561,0.7530938579360568,0.7837886258594958,0.7247126271158659,0.7712152799067999,0.013410702770675602,0.9284082031239926,0.8678014056561434
RipVIS-079_01710.jpg,0.7581771314849285,0.5993985829590694,0.7495299662578341,0.7935754799240092,0.7101166365672029,0.7753503490168914,0.007328362045856471,0.9261338975684396,0.8705790385212524
RipVIS-079_01716.jpg,0.7525668502889628,0.5913495189965156,0.7432050746078874,0.7964814136614298,0.6966091531012578,0.7742798453651974,0.0067481538061181364,0.9233474392351092,0.8701777811305007
RipVIS-079_01722.jpg,0.7315850840640281,0.55165371132113,0.7110526108965814,0.7954795206920898,0.6428272035532369,0.7594119750166595,0.014665444544367493,0.920203993054557,0.8666226360242716
RipVIS-079_01728.jpg,0.744033885707186,0.5731426942197214,0.7286595123578413,0.7087071319218345,0.7497678847696722,0.7165555098827658,0.009408790898833199,0.9236469184017756,0.834352525726078
RipVIS-079_01734.jpg,0.6923021145871037,0.50254308909518,0.6689233643180343,0.5906283485197833,0.7711485408369726,0.6196389302554114,0.01242669645176952,0.8946169704851403,0.7760436952802724
RipVIS-079_01740.jpg,0.7444155230828831,0.5645060649033214,0.7216412611838677,0.7407504048880624,0.7034932408122683,0.7329865773007161,0.025055857002065772,0.9310850694434342,0.8489682236906336
RipVIS-079_01746.jpg,0.746419764094513,0.5679239328748272,0.7244279151138725,0.7379831692987985,0.7113616443474371,0.7325006459285267,0.0160642570256311,0.9316601562489891,0.8482422616734568
RipVIS-079_01752.jpg,0.7471980149782536,0.5690669308362807,0.7253571146681164,0.7951914942629087,0.6667983297542458,0.7657039711191336,0.013470451909984001,0.9320312499989887,0.8723167516613394
RipVIS-079_01758.jpg,0.8091841416465827,0.6776189559318456,0.8078341670328316,0.7998385668435131,0.815991237671461,0.8030177385371411,0.01705468326785941,0.9473111979156388,0.8854254528710017
RipVIS-079_01764.jpg,0.8631802830046532,0.7613647577319713,0.8645168519351389,0.8821399647383914,0.8475840855333726,0.8750051979571083,0.015450264859409908,0.9685123697906157,0.9308764466217292
RipVIS-079_01770.jpg,0.8938166511037622,0.8163606924054008,0.8988971142337339,0.859127915105828,0.9425268671458275,0.8746057126001012,0.026741199572935307,0.9745258246517203,0.9255870590581913
RipVIS-079_01776.jpg,0.8260457733511579,0.7044276576925422,0.8265855749444924,0.7653895695356514,0.8984177215110899,0.7887474378287606,0.011922916953844042,0.9534678819434098,0.8753629301556696
RipVIS-079_01782.jpg,0.8995665042179664,0.8258618492255635,0.9046268747833813,0.9125169421334556,0.8968720805430879,0.9093444566841843,0.03176229507731816,0.9762782118044963,0.9488807949412731
RipVIS-079_01788.jpg,0.8873013298215462,0.8054225243256186,0.8922260728152474,0.9091226142754212,0.8759461343878295,0.9022877802180306,0.03082824264372379,0.972667100693389,0.9454109341697094
RipVIS-079_01794.jpg,0.8827458293261481,0.797995708344382,0.8876502926463455,0.917739408940871,0.8594715533703268,0.9054622501735445,0.03478631264591987,0.9711946614572795,0.9482501181549565
RipVIS-079_01800.jpg,0.857482347534277,0.7594897781767893,0.8633068376944871,0.8457861822450432,0.881568736995363,0.8527084071407555,0.018973066204196223,0.9609635416656239,0.9132002245432991
RipVIS-079_01806.jpg,0.8531885867593987,0.7505244293739457,0.8574852390290398,0.8713920498006291,0.8440153414661573,0.8657755441846005,0.013286807138197985,0.9610286458322905,0.923177892445337
RipVIS-079_01812.jpg,0.8374607230621472,0.7254166332241565,0.840859673258887,0.8087455731533364,0.8756296415815659,0.8212922862594264,0.011078483714484985,0.9554481336795189,0.8945902537972272
RipVIS-079_01818.jpg,0.8502210168449839,0.744009481391007,0.8532172437475413,0.8366193087672413,0.8704870915618657,0.8431803825289632,0.01077127659431233,0.9613292100684013,0.9086511097265735
RipVIS-079_01824.jpg,0.8407036144642814,0.7281898478186074,0.8427197379243475,0.8292158795234428,0.8566707006563731,0.8345651548192271,0.012765403150610212,0.95842773437396,0.9038454600978265
RipVIS-079_01830.jpg,0.816628032673407,0.6890558756339747,0.8159065494210991,0.8069734318864472,0.8250396583215373,0.8105231022020897,0.01460718515401932,0.9503407118045244,0.8899759868896764
RipVIS-079_01836.jpg,0.827952574571106,0.7103574162351216,0.8306537680279446,0.7862071961768111,0.8804268500277289,0.8034025625771393,0.009306035627584947,0.951962890623967,0.8836932478512124
RipVIS-079_01842.jpg,0.8176051460238822,0.6940935145556933,0.8194276273322868,0.7833970429081616,0.8589322852759521,0.7974222421911822,0.011571719225385082,0.9480566406239713,0.8803063508167621
RipVIS-079_01848.jpg,0.8030154049924272,0.6707076896102316,0.8029024990801409,0.7567527529451331,0.8550465881759667,0.7745610399587575,0.010166476043948852,0.942851562498977,0.8667163372076269
RipVIS-079_01854.jpg,0.8081339671812886,0.6787570328884982,0.8086423700285171,0.7594534252715955,0.8646444170880521,0.7783929867146733,0.007291528568568006,0.9447992621517526,0.8689410591503284
RipVIS-079_01860.jpg,0.8314512436678816,0.7175374040098794,0.8355420992109608,0.7935663466034071,0.882206478361854,0.809840164738184,0.011893749172473404,0.9520236545128559,0.8871704881717969
RipVIS-079_01866.jpg,0.8279007228368318,0.7117754798291056,0.8316224741111088,0.7907431873844611,0.8769588792008012,0.8066029577099368,0.013741656849399075,0.9508235677073016,0.8853063552038432
RipVIS-079_01872.jpg,0.8284946060888708,0.7128344895891283,0.8323448575117398,0.7927355711090742,0.8761204984783387,0.8081181290188757,0.013575251270907812,0.9509537760406348,0.8861987090329704
RipVIS-079_01878.jpg,0.8147787877785722,0.6908526379279158,0.8171648107365914,0.7754992281902375,0.8635617674213971,0.7916449793584359,0.009138381199851386,0.9460894097211956,0.8764820482663935
RipVIS-079_01884.jpg,0.8319481205899141,0.7219904862030765,0.8385533973477844,0.7774252914932857,0.9101147295162216,0.8007749584748987,0.025692950256208966,0.9495214843739697,0.8809261263697572
RipVIS-079_01890.jpg,0.8184562106988414,0.6947851767373366,0.819909433093911,0.824645824839346,0.815227138009216,0.8227447166842036,0.009464125846084649,0.948863932290637,0.896963011268221
RipVIS-079_01896.jpg,0.8022862979141089,0.6696549359392184,0.8021477031270806,0.7502374699617935,0.8617754422490933,0.7701739014467648,0.008837268020598754,0.9425032552073106,0.8640521440221276
RipVIS-079_01902.jpg,0.8190350569727034,0.7008779573962375,0.8241366811163402,0.769374434656506,0.8872920215773166,0.7903821650089649,0.008451404423508401,0.9452495659711966,0.8749089950654583
RipVIS-079_01908.jpg,0.8460350766450013,0.7450376062248109,0.8538928944191804,0.7997941027880308,0.9158412171111551,0.8205896420694603,0.022132006283115242,0.9541319444434091,0.8924989279396729
RipVIS-079_01914.jpg,0.815400636288546,0.6901317182353084,0.816660276579964,0.8137719205276529,0.8195692091947276,0.8149248077578696,0.00911392404947925,0.9475944010406384,0.8918869356653438
RipVIS-079_01920.jpg,0.8525719216372357,0.7551925692602645,0.8605238906390135,0.782908610478017,0.9552217985604389,0.8122117082685363,0.028496042212599465,0.9566449652767397,0.8876737031686464
RipVIS-079_01926.jpg,0.8043721283636862,0.6744556753249186,0.8055819992894637,0.7197174102848074,0.9147098045961227,0.7517689361603636,0.012090944932042193,0.9421625434017554,0.8531563428796345
RipVIS-079_01932.jpg,0.8008707246385713,0.6685936488903964,0.8013858249250879,0.7081479853055129,0.9228986728382313,0.7427125673544175,0.01236679384128841,0.9410926649295344,0.8481086969820695
RipVIS-079_01938.jpg,0.8101027838183151,0.6840857863606515,0.8124120420717722,0.7254007837501998,0.9231422330221066,0.757868593973107,0.008149010476245116,0.943882378471198,0.856623868344546
RipVIS-079_01944.jpg,0.8413878149752907,0.7289872077331011,0.8432534427931208,0.8204261075348211,0.8673874180568028,0.8294071105062141,0.013716697439499248,0.958897569443404,0.9004451312781263
RipVIS-079_01950.jpg,0.7709446600179661,0.6195834330822385,0.765114560233684,0.670383825820201,0.8910234892031311,0.7053145231291655,0.005449591279946854,0.9310329861101009,0.8269402747693074
RipVIS-079_01956.jpg,0.7880577645620175,0.6394600350315016,0.7800861519862723,0.7382852157301849,0.826904626529503,0.7544562384095654,0.018959257762678598,0.9430533854156434,0.8568959013077617
RipVIS-079_01962.jpg,0.7347191017496073,0.5587391011108732,0.7169116380190557,0.603099756499033,0.8836704452058664,0.6439941615158048,0.004903260004651039,0.9197710503462242,0.7935086392521602
RipVIS-079_01968.jpg,0.7374485673292892,0.5614932460855302,0.7191747354567484,0.6044537312608537,0.8876430514996272,0.6456507884814607,0.0051116491787581856,0.9220475260406662,0.7946600582064653
RipVIS-079_01974.jpg,0.709371152197777,0.5132469256407551,0.6783386332318906,0.5430356782871362,0.9034400692243246,0.590118201706039,0.0065753424648526924,0.9140592447906748,0.7657051956339267
RipVIS-079_01980.jpg,0.7154521808294834,0.5204397201979223,0.6845910604468743,0.5444969245717455,0.9217486560857191,0.5930406603307466,0.024383247271316227,0.9183940972212257,0.7677590350192653
RipVIS-079_01986.jpg,0.7200889507283645,0.529933730902862,0.6927538365862833,0.5648151853444527,0.8956257799681069,0.6098676345619266,0.01061629670334809,0.9184917534712256,0.7760129867151238
RipVIS-079_01992.jpg,0.7086143380971215,0.5105479434913096,0.6759771455003102,0.5451296276502645,0.8894788379840118,0.5908797858284836,0.008049710491731435,0.9149587673601183,0.7659826606737681
RipVIS-079_01998.jpg,0.7926080601708567,0.6509374150850017,0.7885670397160234,0.6586844379228398,0.9822523331545331,0.7051411431614947,0.005657327585444864,0.941453993054534,0.8281599245031178
RipVIS-079_02004.jpg,0.7793447211652362,0.629262968419858,0.772451078330405,0.6292710015470439,0.9999797135452594,0.679663456765611,0.003510667026261049,0.9369759114573166,0.8146341934688299
RipVIS-079_02010.jpg,0.6616209557971877,0.42809087020912345,0.5995288943293022,0.42809087020912345,0.9999999999850894,0.4833808550448453,0.0,0.9027810329851316,0.714045435103908
RipVIS-079_02016.jpg,0.7389394399085505,0.5610471562399117,0.7188087227182859,0.565374228268294,0.9865421893341666,0.618153845294704,0.025935374145984215,0.924823133679552,0.7818975417183309
RipVIS-079_02022.jpg,0.830069667522835,0.7166538164951585,0.834942735231649,0.7355610297730891,0.9653745644518447,0.7723327722443203,0.02662337661991904,0.9505533854156353,0.8650782220551414
RipVIS-079_02028.jpg,0.8638449537411345,0.7737858930527205,0.8724682004557153,0.8012588091052927,0.9575691922663515,0.8283006118451963,0.013764975782084504,0.9601822916656247,0.8969938443018353
RipVIS-079_02034.jpg,0.8721839053258237,0.7893859388858535,0.8822981356133358,0.8232793559793375,0.9504321737199054,0.8459133252122873,0.03242677823843792,0.9614811197906233,0.9070744803348403
RipVIS-079_02040.jpg,0.8854427767418718,0.8111134347037247,0.8957069382420131,0.8275794799839815,0.9760572899370439,0.8535478143210323,0.025967143610762168,0.9656976996517299,0.9115919087821305
RipVIS-079_02046.jpg,0.8727480381885675,0.7902699812837312,0.8828500612148567,0.8051734259675651,0.9771141501463261,0.8345440174639618,0.027009135439294434,0.9616894531239565,0.9005268772675825
RipVIS-079_02052.jpg,0.8642555272721943,0.7773122634958926,0.8747053395861396,0.7956675445417487,0.9711774458556542,0.8255043552216504,0.015246636769347004,0.9583018663184046,0.8951903881010372
RipVIS-079_02058.jpg,0.8225510656737323,0.7088000549998636,0.8295880526524447,0.7216466580289941,0.9754999369087852,0.7612674149559395,0.02435603162147972,0.9448524305545303,0.8587524761183717
RipVIS-079_02064.jpg,0.8075487349095509,0.6843870630265982,0.8126244591274102,0.7020645010748116,0.9645146299957976,0.7424706300296536,0.023356732607101884,0.9397612847212025,0.8480800955769362
RipVIS-079_02070.jpg,0.7873559473947258,0.6518921401648374,0.7892671976752514,0.6787963978216713,0.9426844974287186,0.7190537092299802,0.01813110181081132,0.9325661892350992,0.8346817962802944
RipVIS-079_02076.jpg,0.7776064772589841,0.6340213270377287,0.7760257672855815,0.6617156587291447,0.9380767177530519,0.703145542470476,0.024441802084232817,0.9306586371517679,0.8260135643956144
RipVIS-079_02082.jpg,0.7701196338275251,0.6219643436683427,0.7669272707458744,0.6499967271022392,0.935156330254656,0.6922123418234912,0.021130480715645737,0.927961154512882,0.8199728378077479
RipVIS-079_02088.jpg,0.7856287220721929,0.6444607606081286,0.7837958509509273,0.6734198691317097,0.9374468158923863,0.713617170913302,0.008784581092331902,0.9353721788184295,0.8319784359464288
RipVIS-079_02094.jpg,0.7810987798909201,0.6366699382352858,0.7780065159891253,0.6664641098526151,0.9343902331831331,0.707009552620491,0.012806686436666664,0.9341243489573198,0.828330312871467
RipVIS-079_02100.jpg,0.7545061024615412,0.5906348086292207,0.7426403665065254,0.6289341581071416,0.9065344648824419,0.6699657351352172,0.0072707688155014445,0.9269769965267719,0.8079428322642177
RipVIS-079_02106.jpg,0.7331896974289777,0.5540096996977782,0.7130067461039933,0.5773359028972895,0.9320284330799214,0.6248981204430483,0.006052076001963114,0.9209722222212229,0.7843549355268364
RipVIS-079_02112.jpg,0.7404188891144218,0.5665356541234373,0.7232974910366086,0.5995207863714775,0.9114813978288987,0.6435743097182299,0.007074829931010227,0.9229340277767764,0.7938817840190286
RipVIS-079_02118.jpg,0.7449951959142459,0.561106037910939,0.7188570465870558,0.6453502050090295,0.8112615657525534,0.6728720608333041,0.01107226107064798,0.9348111979156524,0.8115429344068591
RipVIS-079_02124.jpg,0.6800096463237206,0.4497754549771187,0.6204760239705084,0.5061464543354105,0.8015268146726697,0.5464200276523438,0.015442690457199263,0.9163791232628945,0.7432888485525969
RipVIS-079_02130.jpg,0.7377874215405503,0.5599142335845726,0.717878228853556,0.5901188721969213,0.9162426132538961,0.6353474818874604,0.007179345574046756,0.9238335503462198,0.7897599337213512
RipVIS-079_02136.jpg,0.73442215492921,0.5562947486709412,0.7148963898336236,0.5892275936109094,0.9087017263655454,0.633792327758769,0.007078417764458235,0.921190321179556,0.7886500939769895
RipVIS-079_02142.jpg,0.8301965430722624,0.709659392145316,0.8301763443709342,0.7872169635059789,0.8780950523410422,0.8038559113640311,0.01163596065775925,0.956028645832296,0.8849684984404642
RipVIS-079_02148.jpg,0.8328077589088825,0.7221481436129296,0.8386597242417487,0.7861551881369155,0.898679352990305,0.8063478447351491,0.011296466568856368,0.950709635415635,0.8844500093896749
RipVIS-079_02154.jpg,0.8300088900589593,0.7180381049173382,0.8358814660305639,0.7612252492668701,0.926773634126527,0.7894281569806901,0.013490504254945579,0.949448784721192,0.8744917960551677
RipVIS-079_02160.jpg,0.7872324415423181,0.644101135869989,0.7835298228526042,0.6869917345418235,0.9116355119456305,0.7226043375735761,0.009704865725910014,0.9381575520823153,0.8370159208831112
RipVIS-079_02166.jpg,0.8181740567562815,0.6960184969892371,0.8207675779772513,0.7374696268632461,0.9252787638260574,0.7686740634345706,0.007195203196909366,0.9475021701378608,0.8629361525806936
RipVIS-079_02172.jpg,0.8131914788410255,0.6878682495359719,0.8150733918065944,0.7170708170550569,0.944104870963514,0.7533008929329793,0.01322576378610954,0.9458517795128626,0.8542977618754115
RipVIS-079_02178.jpg,0.9020493719996951,0.8318266179665941,0.908193613749272,0.8880721630468911,0.929248004005106,0.896012794655136,0.02659349936307957,0.9756163194433858,0.9387230569220704
RipVIS-079_02184.jpg,0.8816174212267838,0.7973331772874087,0.887240259472391,0.8405351222080305,0.9394412078929002,0.8586144210108444,0.028954500067186632,0.9699348958322809,0.9158308195544761
RipVIS-079_02190.jpg,0.8508684801924808,0.7519367393540993,0.858406268289484,0.7774647887274283,0.9581598192491741,0.807937858695176,0.028690662489737784,0.95643012152674,0.8852587424863781
RipVIS-079_02196.jpg,0.851905518693884,0.7535780611566573,0.8594747822741331,0.779450370725842,0.9578110861878295,0.8096027304880109,0.03302440934172766,0.9568066406239618,0.886222542375789
RipVIS-079_02202.jpg,0.8440198721706385,0.7417926253926675,0.8517576829508493,0.7745567409257577,0.9460517228075662,0.8036945960534997,0.018325968284595012,0.9534374999989654,0.8826681595336028
RipVIS-079_02208.jpg,0.8531935053702245,0.7558144565607354,0.860927478682701,0.8015035524158987,0.929868451061289,0.8242607825850164,0.025562246525063014,0.9571310763878503,0.8947552455218182
RipVIS-079_02214.jpg,0.8262162872407899,0.7120870667801751,0.8318351100208434,0.7519625325983362,0.9306921360949866,0.7819974024054148,0.012724825643860904,0.9480154079850824,0.8702065710341116
RipVIS-079_02220.jpg,0.803114518659642,0.6688804615331463,0.8015918179288498,0.7195357564756443,0.9047723081952901,0.7502561627615433,0.021556399129398534,0.9443869357628641,0.8527620534438849
RipVIS-079_02226.jpg,0.7890586068416934,0.645535079455501,0.7845898729416394,0.6772873291262161,0.9322929193793383,0.716482532099134,0.0251194539214854,0.9399544270823134,0.8339082989707632
RipVIS-079_02232.jpg,0.7721198589447013,0.6167632463543028,0.7629604986939977,0.6471580220327388,0.9292384572254024,0.6889879802809084,0.010760104840562822,0.9350564236100966,0.8188330355511599
RipVIS-079_02238.jpg,0.7454426502106142,0.5730963418947234,0.7286220514688309,0.6194765672508319,0.8844538423574192,0.6589607351424144,0.00958772770721987,0.9259602864573286,0.8020049658007325
RipVIS-079_02244.jpg,0.7864799474618689,0.6411429303565818,0.7813371017200513,0.6722736494157523,0.9326399761338567,0.7120292791767223,0.011064633651185448,0.9392209201378697,0.8314599484568113
RipVIS-079_02250.jpg,0.7867676984912758,0.6385423042473176,0.7794028907183316,0.6672523826881044,0.9368702568716695,0.7080030129691917,0.015881939562068594,0.9416894531239782,0.8295219933461773
RipVIS-079_02256.jpg,0.8359319909125525,0.7178449776084885,0.835750590961755,0.7602334575124626,0.927925242980206,0.7887412337115783,0.014372269971203005,0.9588346354156263,0.8753994923753146
RipVIS-079_02262.jpg,0.8510044256447258,0.7426635356175932,0.8523315263544504,0.7535526571870466,0.980913864045684,0.790183193491389,0.01758366420624168,0.9636143663183988,0.8755893269854307
RipVIS-079_02268.jpg,0.6889511198734679,0.4721834325731663,0.6414736399361011,0.47275641025329246,0.9974397862639325,0.5283410746214975,0.0013550135499314944,0.9130523003462315,0.736258719640886
RipVIS-090_00000.jpg,0.8841004568295739,0.7784290675310152,0.8754119933630017,0.9018242019060296,0.8505028604372235,0.8910703461319566,0.05588122849140555,0.9901266339866902,0.9477415636833963
RipVIS-090_00012.jpg,0.8580707161079969,0.7289914644594038,0.8432562906692364,0.8686324732875077,0.8193206995661898,0.8583009047092288,0.0370858433711668,0.9875792964242148,0.9304849521099641
RipVIS-090_00024.jpg,0.8686628338952123,0.7491103202807304,0.8565615462842835,0.8771431583200916,0.8369236594652854,0.8687929541392589,0.034725685783371214,0.9886159169547798,0.9351264892411124
RipVIS-090_00036.jpg,0.8787230533244315,0.7682554590238412,0.868941707605929,0.8967510464365112,0.8428052921154267,0.8854164104128434,0.04334987748675316,0.9895645905418614,0.9450199091002586
RipVIS-090_00048.jpg,0.8790440845389522,0.7689004761990534,0.8693541400941196,0.9001220833848235,0.8406200919036669,0.8875572108380605,0.05616204959574922,0.9895631487886896,0.946637068909116
RipVIS-090_00060.jpg,0.8704150137226071,0.7524760852167137,0.8587576076664823,0.8861350686497111,0.8330211211490597,0.8749772493617524,0.04514978162975027,0.9887521626295203,0.9395029388408356
RipVIS-090_00072.jpg,0.8619140818917013,0.7364155346240499,0.8482019654166371,0.8665432658661967,0.8306209975863308,0.8591123761281243,0.03757649938570523,0.987840253748321,0.9296664823319658
RipVIS-090_00084.jpg,0.8509075702255546,0.7154538572384062,0.83412777816148,0.8457568420678184,0.8228141734300403,0.8410665216744648,0.025423728812020353,0.9868134851977637,0.9191628608986829
RipVIS-090_00096.jpg,0.8534921919247189,0.7203131274637389,0.8374209508308501,0.8466249019171328,0.8284149662262423,0.8429191495802341,0.03228531772178593,0.9871136101497052,0.9197352022949554
RipVIS-090_00108.jpg,0.8510351227804291,0.7153368284172189,0.8340482365522074,0.8228966835980676,0.8455061840295378,0.8273213282197399,0.031578947366521566,0.9871614282965717,0.9083805211157983
RipVIS-090_00120.jpg,0.8591601559881349,0.7306742753152068,0.8443810435468909,0.8369997333099498,0.8518937002849899,0.839936717054032,0.04288389512840925,0.9880466647440918,0.9155672563229331
RipVIS-090_00132.jpg,0.8695352742137279,0.7501109756260985,0.8572153264255119,0.8821158357228525,0.8336820148954661,0.8719840306636341,0.04063504063248062,0.9893137254899584,0.9377374390400774
RipVIS-090_00144.jpg,0.8726827918747762,0.7561293952137489,0.8611317563210835,0.887833428010676,0.8359893014813958,0.8769564842920117,0.04290614280992166,0.9895838139174862,0.9406291121840663
RipVIS-090_00156.jpg,0.8748648301090698,0.7602710715755455,0.8638113570713384,0.8947501345804244,0.8349406781186006,0.8821124307578599,0.05085710670814997,0.989799596308874,0.9440575557304043
RipVIS-090_00168.jpg,0.856198548395821,0.7248120217998338,0.8404533510190816,0.8795714714756228,0.8046665567454725,0.8634952380078661,0.049877811889850375,0.9879781814684285,0.9357989817117367
RipVIS-090_00180.jpg,0.8421739644659723,0.698149021900991,0.8222470618267046,0.859266428589532,0.7882857230287603,0.8440657517719801,0.04496047430552368,0.986625816993227,0.9253241598463109
RipVIS-090_00192.jpg,0.8705548320771045,0.7521842070119593,0.8585674999259086,0.902350235017486,0.8188368969348214,0.884312003575433,0.058515669332333965,0.9892856113031072,0.9474430794142359
RipVIS-090_00204.jpg,0.8702522458034958,0.7515683114610721,0.8581661434993086,0.8986298629803071,0.8211894302602148,0.8819949507178017,0.05423472283192062,0.9892945021143337,0.945657053054537
RipVIS-090_00216.jpg,0.8729275099353111,0.7567800782094023,0.8615535747431178,0.9121613963443662,0.8162661384577699,0.8912211950347588,0.05668962901746258,0.9894341118798085,0.9522423380527159
RipVIS-090_00228.jpg,0.8623798610741311,0.7366737096246924,0.8483731924333591,0.8949403630824853,0.8064124668784947,0.8757132176701838,0.03901234567660417,0.9884702998844223,0.943453837974236
RipVIS-090_00240.jpg,0.8733035197353687,0.7574504737253344,0.8619878455177606,0.9084710743741103,0.8200298396071517,0.8892888924844268,0.04459830339043174,0.9895117262588934,0.9505069378390469
RipVIS-090_00252.jpg,0.883182642953539,0.7761199135611107,0.8739499035343785,0.8985866960578088,0.8506280072433254,0.8885671539688715,0.03663139656972765,0.9905644463665441,0.9463128819020323
RipVIS-090_00264.jpg,0.876205683577847,0.7629497990915276,0.865537747569087,0.8908922430330201,0.8415864777011509,0.8805742569914847,0.040643365292876994,0.989807285659124,0.942240568717571
RipVIS-090_00276.jpg,0.8604373296690093,0.7332137255283878,0.8460742200790732,0.8908162998871563,0.8056116245806295,0.8723633788630606,0.03141115799159569,0.9880656478275212,0.9412997488269912
RipVIS-090_00288.jpg,0.8454315124655796,0.7050621087524832,0.82702220069666,0.8916837447239118,0.771104601608724,0.8646425728024464,0.052058523304295196,0.9862670607456301,0.9407830980234585
RipVIS-090_00300.jpg,0.8188037180904529,0.6552478947719793,0.7917217678893272,0.8813134445221051,0.7186644947633871,0.8431489618957924,0.02297652993951653,0.982931805074735,0.9340643409830429
RipVIS-090_00312.jpg,0.8092622533062248,0.6377122916920125,0.7787842772226569,0.8816594905789175,0.6974081729968998,0.8374116032682001,0.0468646133366461,0.9814391099574727,0.9334692078414646
RipVIS-090_00324.jpg,0.8080670010692741,0.6355115295627152,0.7771409960437652,0.916959939586337,0.674320023001347,0.8554003637726697,0.030107644389371746,0.9812557670124517,0.9502960032859
RipVIS-090_00336.jpg,0.8056610820969261,0.6307106718963983,0.773540865054777,0.9068406167506945,0.6744073169587768,0.848363236257481,0.030704257503098718,0.9812329392538973,0.94539964930567
RipVIS-090_00348.jpg,0.798331028008564,0.6157365141574962,0.762174412427095,0.9046233453956769,0.6584844055065756,0.8416986047272876,0.01515346089539274,0.9814912533638549,0.9443600672716489
RipVIS-090_00360.jpg,0.7437237715233183,0.5096392544963652,0.6751801835815237,0.7434702675229534,0.6183800315015365,0.7145609890218695,0.015806111695134694,0.9783085832369814,0.86456126187529
RipVIS-090_00372.jpg,0.7450117046023113,0.5062135864425636,0.672167069795406,0.9533999382461006,0.5190563861198993,0.8167153486471218,0.005787690569482257,0.9840741541712361,0.9690042650557316
RipVIS-090_00384.jpg,0.7338097293876255,0.48504597352383083,0.653240346994614,0.9673133941540155,0.4931284715307173,0.8112887766508369,0.00606402481933944,0.982854911572236,0.9752160885124314
RipVIS-090_00396.jpg,0.7150277650887927,0.44966180793672234,0.6203678754242935,0.9838956365124623,0.4529958784634136,0.7970671195236255,0.015350573915730801,0.9807028546710447,0.9822732466538051
RipVIS-090_00408.jpg,0.7223437551677886,0.46336758671158157,0.6332893948441783,0.9766410407898192,0.468560485154672,0.802585379484625,0.03066242406267538,0.9816164455976112,0.9791698447653259
RipVIS-090_00420.jpg,0.7167587685214374,0.4527996009446121,0.623347639482006,0.9696744903568193,0.4593037147362626,0.793360621112584,0.0152974504227624,0.981020761245439,0.975441021546702
RipVIS-090_00432.jpg,0.7282127100658198,0.4742559716608767,0.643383483977462,0.9778678304094249,0.4794018120257657,0.80952451171947,0.026783114988823416,0.9824517012685068,0.9801974781878333
RipVIS-090_00444.jpg,0.7285968881500868,0.47472797472450323,0.6438176841572265,0.9639055099261495,0.48331980851480166,0.804012632361137,0.023913677453497567,0.9827393310262922,0.9734773300437571
RipVIS-090_00456.jpg,0.7309317980700594,0.47929550758110195,0.6480050877256176,0.9760592874077191,0.4849971957339419,0.8116910384349373,0.014649868149040452,0.9828433775468611,0.9795071169608573
RipVIS-090_00468.jpg,0.7358692669324837,0.48895302042267147,0.6567742752338439,0.9794045025275323,0.4940326610119637,0.8185621022935569,0.016058832355386635,0.9830644463665459,0.9812652590212663
RipVIS-090_00480.jpg,0.7309624154705876,0.47981075244032867,0.6484758292897678,0.9805464417267132,0.48442206730008014,0.8138453233595851,0.014827018119690427,0.9824043637060308,0.9814910374829011
RipVIS-090_00492.jpg,0.7178806811967231,0.45555570485725716,0.6259543394142135,0.984507267195416,0.45884510492275987,0.8009828590329706,0.015312131917901827,0.9805281622450547,0.9824842352328297
RipVIS-090_00504.jpg,0.7003925996106635,0.42235123366922717,0.5938775510176785,0.9762739527144976,0.4267313129149818,0.776324517636201,0.021953510211087872,0.978768742790999,0.9775415025751462
RipVIS-090_00516.jpg,0.6710734947218304,0.3691518175317511,0.5392416133913365,0.9783594269331688,0.3721908901170372,0.7379779358960037,0.016183898565489754,0.9734152729717,0.9758474072948029
RipVIS-090_00528.jpg,0.7614574175467395,0.5457773940826824,0.7061526403115315,0.8945290830816053,0.5833141107608818,0.8082808359291459,0.0323682151218348,0.9777487024219105,0.9374208745573771
RipVIS-090_00540.jpg,0.7667863891966834,0.555445733319843,0.7141949364370758,0.8893842989741848,0.5966649240305661,0.809916496816871,0.03975064172792441,0.978708910034367,0.9354236702428357
RipVIS-090_00552.jpg,0.7500958087001977,0.5246203935780264,0.6881980534798318,0.8777548347631203,0.5659726359495513,0.790644960984485,0.027021351065661788,0.9762125144172972,0.9285013761423133
RipVIS-090_00564.jpg,0.7323905056157012,0.4907659484066518,0.6584077788081868,0.9298269680921695,0.5096418456577375,0.7982071722530937,0.029747515442536426,0.9746498942712,0.9528431706205539
RipVIS-090_00576.jpg,0.7222338215039436,0.47140180416624133,0.6407519724815854,0.9126061104585412,0.4936882990750238,0.7801989820711527,0.01982437466605745,0.9736976163011886,0.9439576806998462
RipVIS-090_00588.jpg,0.7296765153533648,0.4858089315866241,0.6539319037042698,0.9215102289049978,0.5067788569548487,0.7918975733920542,0.03727650590240308,0.9741892541327917,0.9485657146022994
RipVIS-090_00600.jpg,0.7278642012483019,0.4821441499684722,0.6506035866737095,0.9009199134117883,0.509141135873369,0.7807622385383628,0.025060843252972382,0.9742183294884241,0.9385723169775279
RipVIS-090_00612.jpg,0.7248157875160904,0.47722010605498344,0.6461056197365633,0.919162403451452,0.4981265196118649,0.7862487983080176,0.01847736364096277,0.9730891964626651,0.9468662124789258
RipVIS-090_00624.jpg,0.7245540876000048,0.47663953999945385,0.6455733130370194,0.9150845019694797,0.4986968449906981,0.7841406298145067,0.02927474187677696,0.9731420607456331,0.9449105342977078
RipVIS-090_00636.jpg,0.7202096725134266,0.4688139341974527,0.6383571441996274,0.914485510885575,0.4903087139625345,0.7795963403981426,0.02420936503896731,0.9722995963088783,0.9441865804609867
RipVIS-102_00000.jpg,0.7546603971837256,0.5337948228755226,0.6960446272400066,0.5516753369652472,0.9427570677851262,0.6015862642964943,0.02728004095463468,0.9761930941353317,0.7749671075946012
RipVIS-102_00006.jpg,0.7719702247353193,0.5667784665771629,0.7234953487909063,0.5871633953698902,0.9422811853746275,0.6350280362782685,0.0551152208971734,0.977824556326689,0.7926469608340423
RipVIS-102_00012.jpg,0.7945548682631329,0.6094891206868029,0.7573696682419587,0.6352938837918137,0.9375201665991388,0.6790763490802161,0.05027853163474657,0.9802488425921199,0.8165673577940251
RipVIS-102_00018.jpg,0.8018741685786142,0.6232284525858505,0.7678875411443525,0.6511059476683957,0.9357165572734726,0.693280010967214,0.04267110002475263,0.9811279899686627,0.8244266851362915
RipVIS-102_00024.jpg,0.7823948053810105,0.5864548939183039,0.7393275360887807,0.6217246547308637,0.9117998495196596,0.6639711079648604,0.026039479208593064,0.9789805169748366,0.8093480300583947
RipVIS-102_00030.jpg,0.7952424707303247,0.6105340457749748,0.7581758949792224,0.6234558155994845,0.967167194731947,0.6711590468279647,0.07231512448366294,0.9805618248452062,0.8111841131931202
RipVIS-102_00036.jpg,0.7773761817486318,0.5765173033391637,0.7313808762112074,0.5887930694183527,0.9650984134016093,0.6385922782054821,0.09126953868919027,0.9788614004624909,0.7938494443776674
RipVIS-102_00042.jpg,0.762041946028025,0.5470554893131067,0.7072215484087122,0.5598415825684842,0.9599245476985351,0.6107521532019263,0.058389159557065376,0.9776485339501458,0.7793287293224374
RipVIS-102_00048.jpg,0.7850239792136157,0.5908094137859693,0.7427783726523232,0.6073200430648045,0.9560093145412263,0.6551081064064905,0.06643583639425552,0.9798427854933546,0.802956708998497
RipVIS-102_00054.jpg,0.7935426751812196,0.6078021201356155,0.7560658274095924,0.6491129202619567,0.9052163296110528,0.688045210468041,0.060116912444525245,0.9799276620365645,0.8228459189523722
RipVIS-102_00060.jpg,0.8039645804481406,0.6272545667522017,0.7709360041977009,0.6572440651633048,0.9321886329118183,0.6984446450188858,0.06023935280736516,0.9812832754624897,0.8274187780450719
RipVIS-102_00066.jpg,0.8124260740111793,0.6427020025840122,0.7824937226265329,0.6703731800776251,0.9396512796472062,0.7111312971410555,0.04970438608210474,0.9827054398143409,0.8341389879928157
RipVIS-102_00072.jpg,0.7937379509773816,0.6082324091155166,0.7563986469468397,0.6672094820853677,0.8731117824655655,0.7002362388695148,0.05706957357761657,0.979891493055083,0.8312248667649571
RipVIS-102_00078.jpg,0.7860614751638169,0.5947745627587779,0.7459042508552254,0.6876887400083722,0.814887640439486,0.7098493552917146,0.061696507187455445,0.9780772569439727,0.8400102124333901
RipVIS-102_00084.jpg,0.7960549518341817,0.6139502884205025,0.7608044594996131,0.7193303363745226,0.8073537087420131,0.7353652738893878,0.06719002539441295,0.9788927469131081,0.8554642611816206
RipVIS-102_00090.jpg,0.7652377242405863,0.5555780593640812,0.7143043141032741,0.6622928104231204,0.77518122618534,0.6821612223803202,0.04001593806693898,0.975661168981011,0.8265218139510746
RipVIS-102_00096.jpg,0.8235916530030598,0.6637361525553773,0.7978863133266978,0.6890333557312949,0.9475850713364784,0.7288047100644302,0.050559164263673795,0.9839708719131057,0.8435995151709941
RipVIS-102_00102.jpg,0.8173445608527212,0.6517598806037324,0.789170251992691,0.6793041785192705,0.9414309386455879,0.719363275148413,0.04669156883359848,0.9834577546291553,0.8386430411752355
RipVIS-102_00108.jpg,0.8222320083194901,0.6612587272021573,0.7960936082675449,0.6965092532754558,0.9289050703338992,0.7331958092276298,0.06991568989855948,0.9837384259254515,0.846981821367587
RipVIS-102_00114.jpg,0.8362557605075241,0.6883699031820348,0.8154254608361339,0.7425904959342421,0.9041018241664421,0.7701052557653648,0.048345897448860135,0.9846783371908832,0.8694145884930599
RipVIS-102_00120.jpg,0.8196610921396361,0.6574184284545579,0.7933041133946611,0.7363793158100842,0.8597672464807797,0.7581399301046687,0.06556678436225698,0.9825110918205139,0.8653219301123123
RipVIS-102_00126.jpg,0.8182638595905386,0.6539477720429664,0.7907719736944366,0.6992709534669467,0.9098243295210389,0.7332070012248593,0.05533546325525013,0.9831351273143407,0.8479806782977766
RipVIS-102_00132.jpg,0.8271496287615383,0.6709576385471339,0.8030815660060884,0.7433356975203957,0.873271032818351,0.7661345647328206,0.05259946301851358,0.9838888888884144,0.8691738466256905
RipVIS-102_00138.jpg,0.8137113795820227,0.6463177751569236,0.7851677056640147,0.7658234851417938,0.8055144962021729,0.7734456546276657,0.07395833332905334,0.9817356288575513,0.8786989137884796
RipVIS-102_00144.jpg,0.8147572088157777,0.6484335874404278,0.7867269781214177,0.7704377913106144,0.8037198395180795,0.7768718458123054,0.08070297143711973,0.9817187499995266,0.8809132223536611
RipVIS-102_00150.jpg,0.810998879476154,0.6414957559014316,0.7815990429401415,0.7703165805250597,0.7932169157187231,0.7747902512551675,0.06302597323587661,0.9811593364192799,0.8805628823416567
RipVIS-102_00156.jpg,0.8079135211625196,0.6347864469822884,0.7765986170904018,0.7247816988515248,0.8363951297733505,0.7446559429066718,0.05537965230567061,0.9816454475303908,0.8591270084951305
RipVIS-102_00162.jpg,0.8303439911189237,0.6759783605863734,0.8066671700341873,0.7043911122755062,0.9436887200638389,0.7420230868604926,0.0636279804990365,0.9851822916661915,0.8512309127756096
RipVIS-102_00168.jpg,0.8118180224195282,0.6406615418430395,0.7809795323456553,0.671462645218441,0.9331836304334787,0.7113645520623971,0.05753350480184557,0.9834760802464393,0.8346282373496077
RipVIS-102_00174.jpg,0.797246101917322,0.6133906434112366,0.7603746134467815,0.6664863313091631,0.885052415499083,0.7011147684166757,0.03527359648328228,0.9816517168205142,0.831266390742428
RipVIS-102_00180.jpg,0.7982707846221628,0.6152802847144606,0.7618247935505832,0.66418247266472,0.8931241210733015,0.7000735637091889,0.053896859244287394,0.9818065200612549,0.8302705410282417
RipVIS-102_00186.jpg,0.7933074189484993,0.6062265581297759,0.7548456412470743,0.6666703232739865,0.8699006612912614,0.6993472927378261,0.048338557990699776,0.9809630594131071,0.8310427857224022
RipVIS-102_00192.jpg,0.7819889433722957,0.5844352172802504,0.7377205592330345,0.6362738643774822,0.8776523291933643,0.6733095854019887,0.03150684931301325,0.9801147762340953,0.8160980512022405
RipVIS-102_00198.jpg,0.7940475594729017,0.6063617228087491,0.7549504127233758,0.6471144964976326,0.9059127769474186,0.6863281023239614,0.07583674621693004,0.9822333140427362,0.8220732885586912
RipVIS-102_00204.jpg,0.7605240016515211,0.5438500871993038,0.7045374310738959,0.6258024789830234,0.8059357377701197,0.6550858949016911,0.03786493659464082,0.9778014081785408,0.8095740377095029
RipVIS-102_00210.jpg,0.7508328130624995,0.5251909921553384,0.6886888197695944,0.6062597267784166,0.797059715053091,0.6367444788841534,0.02744191559818386,0.9770712770057016,0.7997602163840183
RipVIS-102_00216.jpg,0.7739224465290493,0.5678387659199624,0.7243586244492061,0.646265294933387,0.8239192859786741,0.6753909381242604,0.07393738864380647,0.980517939814342,0.820284492967118
RipVIS-102_00222.jpg,0.7700718511917648,0.5601106886385068,0.718039678488851,0.6386742527685325,0.8199288710138282,0.6682176789404594,0.05703496321003744,0.9805280671291567,0.8165046070247467
RipVIS-102_00228.jpg,0.7801581075265784,0.5779711445302372,0.7325497003334613,0.6412916748458599,0.8540896084713852,0.6749233433336275,0.05706409372453038,0.982761863425452,0.8185522244068816
RipVIS-102_00234.jpg,0.7748466534780472,0.5677176448234367,0.7242600690220279,0.6325523718981512,0.8470683837538279,0.666299819633542,0.048303783327634804,0.9823924575612546,0.8141095483141529
RipVIS-102_00240.jpg,0.7982967288059677,0.6117841548596479,0.7591390609159094,0.6831492024028643,0.8541501488652651,0.7116434193644987,0.05910612898099388,0.985164448301994,0.8395078252119372
RipVIS-102_00246.jpg,0.810865585804854,0.635759550495988,0.7773264112114958,0.6983822783284711,0.8763925729287995,0.7279542663760333,0.055576030068874765,0.9863069058637218,0.8474459393373582
RipVIS-102_00252.jpg,0.8003201806485642,0.6154073616871035,0.7619221953332969,0.685616477588438,0.857339876757821,0.7142281614820828,0.044812722945540076,0.9855738811723642,0.8408207491244253
RipVIS-102_00258.jpg,0.8068498386830101,0.627976113862861,0.7714807465728715,0.7064367616298003,0.8497170221880763,0.7310922858863754,0.029210134125990304,0.9860595100303886,0.851065754360943
RipVIS-102_00264.jpg,0.8174049528477612,0.6480914231771902,0.7864750875625574,0.7618058440541968,0.8127955082608879,0.7714854706608325,0.060256314167709185,0.9870355902773018,0.8780643933122316
RipVIS-102_00270.jpg,0.8344230419131213,0.6798056544646155,0.8093860770831635,0.7709488072338426,0.8518572047829914,0.7858771450286004,0.05678085405468631,0.9892896412032266,0.8834370747833526
RipVIS-102_00276.jpg,0.7821160885147642,0.5793741965403111,0.7336756517986123,0.6926799757902474,0.7798291793840918,0.7085159046058133,0.03199023198762798,0.9851673418205126,0.8433682208003213
RipVIS-102_00282.jpg,0.833116785207268,0.6769739573963788,0.8073756356329218,0.7574756894766607,0.8643137106230604,0.7766767281129514,0.07113204534000223,0.9894960455242142,0.8769582131014675
RipVIS-102_00288.jpg,0.8252293053846109,0.6619620344781632,0.7966030760576448,0.7534678124205666,0.844977156265006,0.7701489316505888,0.05406687217974335,0.9887499999995232,0.8746521573919954
RipVIS-102_00294.jpg,0.8342182839563594,0.679214258439099,0.8089667593347588,0.7630671790601351,0.8607415951764545,0.7807874706765903,0.05889610923263172,0.9894627700612513,0.8796743973208911
RipVIS-102_00300.jpg,0.8257397867560914,0.6631493506399073,0.7974621766647192,0.7680977749794966,0.8291610284020162,0.7795801526717557,0.056583774964811755,0.988592303240264,0.88166559433724
RipVIS-102_00306.jpg,0.8130746567821716,0.6392331868373824,0.7799173320431275,0.7606735205899673,0.8001600899092228,0.7682559512324341,0.07746762126317532,0.9872125771600178,0.8774205171634659
RipVIS-102_00312.jpg,0.7871492205076891,0.5896984660565547,0.7418997736336442,0.7353991286852599,0.748516369928177,0.7379856682663861,0.04830993647178183,0.984933449073599,0.8639515680272754
RipVIS-102_00318.jpg,0.7813256663644736,0.5786264900414858,0.7330758652431832,0.7290117592988795,0.7371855384850005,0.7306319822200629,0.047569573280328785,0.984367766203229,0.8605633532323533
RipVIS-102_00324.jpg,0.8057645719023092,0.6242373942453409,0.7686529031495133,0.7120057130401739,0.8350929136149617,0.7336322256066258,0.04158299865783275,0.9875544945982891,0.8539004291176562
RipVIS-102_00330.jpg,0.8216112314834678,0.6551596403901586,0.7916573415670317,0.7236376225357037,0.8737910198021207,0.7493929566676988,0.056310514688609606,0.9883275462958196,0.860166616026981
RipVIS-102_00336.jpg,0.8358994518976238,0.6838427266852347,0.8122406158815416,0.7483582089445863,0.888047365210039,0.7726661657136819,0.07937413413092868,0.9882619598760666,0.8725225463789457
RipVIS-102_00342.jpg,0.8091995540552245,0.6334030438858189,0.7755624629901157,0.757729573380221,0.7942549643657079,0.7647634060192078,0.05381408276298532,0.9853751929007594,0.8754790699096986
RipVIS-102_00348.jpg,0.814674197115816,0.6430184394151642,0.7827282080218746,0.7993070704350169,0.766823113014283,0.7925919563813577,0.06479818876845982,0.9866584683637217,0.8958864861693037
RipVIS-102_00354.jpg,0.8051812373493188,0.6239545956775319,0.7684384740045161,0.7335750031962406,0.8067810961806625,0.747133760042867,0.04386112042570772,0.9867076581785365,0.864064576221889
RipVIS-102_00360.jpg,0.7707985287753558,0.5575881312024284,0.7159635079807407,0.6570961118847508,0.7864163403058739,0.679441930818528,0.041539016035183,0.9843248456785376,0.8257821226148938
RipVIS-102_00366.jpg,0.7359431840507554,0.49254416704337506,0.6600061531432874,0.6940825883236427,0.6291191405851437,0.6800383063776114,0.04588383440532946,0.9797482638884164,0.8410783932372012
RipVIS-102_00372.jpg,0.7528558897643751,0.5245154785400935,0.6881077770917485,0.6848144055014495,0.6914329783454797,0.6861279638910871,0.05961288223327806,0.9815784143513785,0.8377341499510702
RipVIS-102_00378.jpg,0.7466429394549046,0.5125721249438847,0.6777490031596354,0.6698790872932803,0.6858060329653127,0.6730050190868985,0.05405620571180191,0.9810971257711318,0.8302468593037177
RipVIS-102_00384.jpg,0.7412519666561598,0.5034149650258063,0.6696952960251598,0.6996911573358308,0.642165565176677,0.6873760423619739,0.028287461771537657,0.9795230516970584,0.8438850800791445
RipVIS-102_00390.jpg,0.7386454615061043,0.49823054781651693,0.6650919627057738,0.6840724304252523,0.6471363343755226,0.6763517105760424,0.03876852907344975,0.979486882715577,0.836312650229166
RipVIS-102_00396.jpg,0.7579543357130589,0.5334562766416405,0.6957567486827093,0.6920440470215307,0.6995095012571257,0.6935243627064233,0.030969267137039458,0.9827975501538471,0.841673653584631
RipVIS-102_00402.jpg,0.7715257078557278,0.5577022879174731,0.7160576090095851,0.6381729643409374,0.8155954549220314,0.6672012034172509,0.036342089666567046,0.9856148726847098,0.8169759554965297
RipVIS-102_00408.jpg,0.7887222296889254,0.590881195075503,0.7428350990690538,0.6893751527943597,0.8052835577151105,0.709808392191838,0.03938140621836168,0.9868190586414994,0.8423206617229051
RipVIS-102_00414.jpg,0.7363516358376949,0.49143573132201074,0.6590102691000992,0.6438475777890426,0.674904351315743,0.6498281484092712,0.02809129671197297,0.9816005979933538,0.8175200133368045
RipVIS-102_00420.jpg,0.7845104845091851,0.5824457925128365,0.7361336423258389,0.665613103749771,0.8233680390369514,0.6921353292804276,0.037941122688065355,0.9868219521600179,0.8307788620177001
RipVIS-102_00426.jpg,0.7129987465389735,0.4485993625787952,0.6193560126661923,0.6629306986673938,0.5811563833825198,0.644785197890727,0.041067097813980026,0.977806230709405,0.8247766116170425
RipVIS-102_00432.jpg,0.7479020039057787,0.5133619222583438,0.6784390629999061,0.6756553367494642,0.6812458222556818,0.6767660814725213,0.04221459083321764,0.9827613811723656,0.8334555561268728
RipVIS-102_00438.jpg,0.7363404333658694,0.4922890952984822,0.6597771126914471,0.6914059009473095,0.6309154952442694,0.6783973347361038,0.04348517369874511,0.9807576195982924,0.8400941782575122
RipVIS-102_00444.jpg,0.7745864150842767,0.5640907785038195,0.7213018403489577,0.7024020317879773,0.7412468620686425,0.7098418436511523,0.04176164115583184,0.9853645833328581,0.8478038124595165
RipVIS-102_00450.jpg,0.7679892093761675,0.5516069439078337,0.7110137603774471,0.6995939975908212,0.722812528860338,0.7041175983496485,0.03780933062573555,0.9846662808637227,0.8460798748974777
RipVIS-102_00456.jpg,0.7851471945144792,0.5848726069935131,0.7380689203822007,0.7370326545619795,0.7391081042657426,0.7374468115183986,0.057654544021863596,0.9857151813266851,0.8648645751784638
RipVIS-102_00462.jpg,0.7855690585401858,0.5857178820090947,0.7387415991891241,0.7396287727471235,0.7378565513709217,0.7392736477541121,0.03727116000022402,0.9857146990735987,0.8661259457019546
RipVIS-102_00468.jpg,0.7812401425333179,0.577707084628187,0.7323375679260936,0.7537184488367495,0.7121362572881139,0.745018012275815,0.04489829667232526,0.985083912036562,0.8726202329332875
RipVIS-102_00474.jpg,0.77560085962129,0.5671009597264611,0.7237580402292001,0.7536293841936331,0.6961644151071008,0.7413897640968846,0.0398454479562227,0.9844251543205129,0.8722383954544054
RipVIS-102_00480.jpg,0.8023724927268459,0.6180742790104873,0.7639628007540701,0.7799390797702143,0.7486279002043423,0.7734690488724328,0.03896311704624665,0.9869521604933512,0.8863258511097125
RipVIS-102_00486.jpg,0.7976892991602623,0.6091226202231748,0.7570866415869456,0.7752143913998251,0.7397873245301609,0.767860107158877,0.03649870800738867,0.9865441743822403,0.8838168817930757
RipVIS-102_00492.jpg,0.8042673738875705,0.6216277778480187,0.7666713488010792,0.7784948920326892,0.7552015773231083,0.7737219810401347,0.039142974862864194,0.9871826774686597,0.8857396584501323
RipVIS-102_00498.jpg,0.8231747660522619,0.6584881557296998,0.7940824339984254,0.7699663911810173,0.8197579948000042,0.7794348715049274,0.052090300998989106,0.9881389853390297,0.8823920043977767
RipVIS-102_00504.jpg,0.775357583417526,0.5681418092840081,0.7246051421120056,0.7553922923011656,0.6962292699630533,0.7427687370342312,0.05338394443115943,0.9829639274686618,0.8726573230834263
RipVIS-102_00510.jpg,0.7776547690387864,0.5726385474654679,0.7282519538750426,0.7648521690950563,0.6949946091143457,0.7497793173337073,0.028955858051069646,0.983064236110637,0.8772943226912499
RipVIS-102_00516.jpg,0.7736333215799878,0.5654381035515142,0.7224023770326058,0.7785055995192285,0.6738417816700596,0.7550501149222344,0.03853155339513565,0.9822482638884152,0.8834918373309923
RipVIS-102_00522.jpg,0.7821379447909638,0.5818972591430225,0.735695388281107,0.8068039594817092,0.6761060259251921,0.7767724125843485,0.03247837304352114,0.9828004436723655,0.8974929116482846
RipVIS-102_00528.jpg,0.7708311666964375,0.5597351247994841,0.7177309991931384,0.7570339547688338,0.682307613414947,0.7408073089806683,0.0252210688177454,0.982333140431625,0.8731280186117185
RipVIS-102_00534.jpg,0.7853958187394147,0.5875839821413619,0.740224125149988,0.7714758848976725,0.7114057498500661,0.7586637771751045,0.03321976149657583,0.9836000192896491,0.8808505768915498
RipVIS-102_00540.jpg,0.7704512100822734,0.559800301382018,0.717784579072106,0.7748674426257525,0.6685350038373924,0.7509783829829262,0.044118787311458574,0.9815456211415019,0.8814341102131511
RipVIS-102_00546.jpg,0.7608774823219472,0.5416784947762309,0.7027126558638979,0.7613757880334949,0.6524426937927069,0.7367731732028566,0.05079488173316829,0.9805348186723666,0.8743694715832678
RipVIS-102_00552.jpg,0.7580355935828585,0.5359653866893437,0.6978873239384336,0.7433883967641307,0.6576350158749363,0.7244940814136166,0.05436769731703619,0.9805526620365641,0.8656651921185952
RipVIS-102_00558.jpg,0.757324978822461,0.5349137491586164,0.6969951887548556,0.7537626685698865,0.6481794101007649,0.7299810498916475,0.0466025490619593,0.9801977237649594,0.870507713922132
RipVIS-102_00564.jpg,0.7877353546558248,0.5925300721188893,0.744136745035549,0.8120328727988476,0.6867184720950186,0.783439987513657,0.0762479871114132,0.9833535879624887,0.9003252247096645
RipVIS-102_00570.jpg,0.7679905480077973,0.5555742334526227,0.7143011519540491,0.8020027825281975,0.6438897042504658,0.7644587955552677,0.06889921486389207,0.9808752893513788,0.894187048187602
RipVIS-102_00576.jpg,0.7848465826018423,0.5872669437346204,0.7399724993363274,0.800297425986801,0.6881044684664612,0.7750244368793109,0.052499392363890514,0.9828549382711309,0.8944460909658972
RipVIS-102_00582.jpg,0.7865453197182388,0.5903010623584949,0.742376492515259,0.7937951873816419,0.697213923425315,0.7723960209482114,0.06929875278191965,0.9832060185180443,0.8914782498912841
RipVIS-102_00588.jpg,0.811336166443314,0.6378403300668207,0.7788797459161334,0.8240118516582563,0.7384347968802909,0.8053455852499343,0.07230422816509847,0.9852266589501422,0.9072475045361725
RipVIS-102_00594.jpg,0.7877801417140045,0.5934652419569054,0.7448737836641879,0.8066925285477626,0.6918552865884438,0.7807732787777015,0.07456463084992522,0.9825511188266867,0.8974888072640084
RipVIS-102_00600.jpg,0.8167086162170007,0.6478959725405106,0.7863311560154725,0.821843118076519,0.7537610309461583,0.8072602567102918,0.0619876192017745,0.9858969907402653,0.9065445882931782
RipVIS-102_00606.jpg,0.7963197666555982,0.6089004114762399,0.7569149801106033,0.781965911161617,0.7334192808948086,0.7717491574066817,0.040845187584989166,0.9841406249995254,0.8863492775805977
RipVIS-102_00612.jpg,0.8108147676855169,0.6363968572917182,0.7778025904363718,0.7979259575905993,0.7586692611413995,0.7897529386155856,0.02481166065961254,0.9856047453698951,0.8948250371141605
RipVIS-102_00618.jpg,0.8184247614760941,0.6510362126409294,0.7886395315334225,0.7911309056894319,0.7861637994296992,0.7901324695130962,0.0243902439003877,0.9861791087958207,0.8919406081896126
RipVIS-102_00624.jpg,0.8104465218702348,0.6359368075524795,0.7774588903637455,0.7856265628814106,0.7694592988599126,0.7823389865472173,0.020098407137011224,0.98534143518471,0.8888482103568132
RipVIS-102_00630.jpg,0.8076217991866699,0.6305747674620729,0.7734386426738815,0.7824452894843017,0.7646369853989526,0.7788175758271991,0.0256975659379444,0.985059799382241,0.8871656003599269
RipVIS-102_00636.jpg,0.8546326693203641,0.7211227102074849,0.8379678054687362,0.7748552335635169,0.9122731776436761,0.7989240098118701,0.05069004426259092,0.9884953703698937,0.8859401461886416
RipVIS-102_00642.jpg,0.850661622170636,0.7131180199129113,0.8325381107708664,0.7419075253326562,0.9483926908226277,0.7756840949564249,0.060986467231037525,0.9885411844131036,0.8701478404669082
RipVIS-102_00648.jpg,0.8342561186368695,0.681980082007241,0.8109252770619968,0.7517855989570322,0.8801639145817433,0.7743752527725154,0.04957566590626202,0.9869102044748327,0.8739077530770243
RipVIS-102_00654.jpg,0.8425718376100743,0.6977672683116346,0.8219822367120292,0.774747674638502,0.8753503070646451,0.7929747423460017,0.04160092999737599,0.9877338927464372,0.8852810404744649
RipVIS-102_00660.jpg,0.8418918405517454,0.6965952643996263,0.8211684648856192,0.7817270268384231,0.8648013544550779,0.7970400383110838,0.054881133025216564,0.9875544945982891,0.8885452190909374
RipVIS-102_00666.jpg,0.8485003114375027,0.7091658059913202,0.8298385136250749,0.779330228421858,0.8873473752876126,0.7987773243406591,0.05525051475160857,0.9881852816353259,0.8877662155418615
RipVIS-102_00672.jpg,0.8519666390428591,0.7156889822790071,0.8342875540627805,0.7775168616912904,0.9000015100813942,0.7992720601448906,0.05082701584675853,0.9885821759254492,0.8871003998610981
RipVIS-102_00678.jpg,0.8405482575698183,0.6939422246840575,0.819322187701516,0.7656060428063403,0.8811447103558281,0.7862245253393495,0.04489475062932179,0.9875178433637213,0.8808209958409003
RipVIS-102_00684.jpg,0.851824552891153,0.7155062499169993,0.834163384658747,0.7833483359975038,0.8920284041820123,0.8029128758096522,0.071093404154839,0.9884862075612517,0.8898543901075519
RipVIS-102_00690.jpg,0.8555115703049752,0.7227969572765033,0.8390970906045043,0.8057479811513477,0.8753259637064156,0.8187643833582556,0.07552947179760743,0.9885768711414986,0.9006713782877674
RipVIS-102_00696.jpg,0.8464651659488867,0.7054592164336375,0.8272953227329058,0.7881231001945375,0.8705651785331504,0.8033382446024797,0.06302916274155228,0.9878361304007581,0.8918126171008007
RipVIS-102_00702.jpg,0.8416203340279689,0.6960610090419548,0.8207971356350384,0.771594066758358,0.8767027852174274,0.7905500233910312,0.055763701310816094,0.9875453317896472,0.8837143541691159
RipVIS-102_00708.jpg,0.8457743580436138,0.7041406997560379,0.8263879852841277,0.7871185733006261,0.8697814554135945,0.8023698069046226,0.05823900457459267,0.9877744020056964,0.8912975841612145
RipVIS-102_00714.jpg,0.8494151514499628,0.7109438881233521,0.8310545927992419,0.7826569083952011,0.8858324104704935,0.801323406449269,0.060667683438343695,0.9882368827155728,0.8893924989616839
RipVIS-102_00720.jpg,0.8436931339929623,0.6997983774098724,0.8233898640098889,0.7607008205711362,0.8973392222203823,0.7845949735328707,0.06282994374185807,0.9879369212958199,0.8786801105728075
RipVIS-102_00726.jpg,0.8340130384833754,0.681403069353858,0.8105172183558729,0.7524297809511379,0.878323637790054,0.7746361589994574,0.048884865439150285,0.9869950810180426,0.8742143366298745
RipVIS-102_00732.jpg,0.8009456481108252,0.618851409282951,0.7645561609104854,0.7524338230214281,0.7770754967519602,0.7572363346987052,0.04564545526225173,0.9834944058637233,0.8722309032944184
RipVIS-102_00738.jpg,0.7636927921072819,0.5478463151397073,0.7078820549316087,0.6792092613813662,0.7390823903710061,0.6903950541162481,0.0390773620768011,0.9800342399686631,0.8351768161440807
RipVIS-102_00744.jpg,0.7368474917853001,0.5012513343035921,0.6677780366951215,0.7538108727808741,0.5993714536945933,0.716867949023864,0.03720961642104203,0.973186246141506,0.8675652112305243
RipVIS-102_00750.jpg,0.7310418209663493,0.48910114881853556,0.6569078926661123,0.7052610279144037,0.6147595921990668,0.6850900113480605,0.03564613388018883,0.9736636766970613,0.8444378428991255
RipVIS-102_00756.jpg,0.7577337941021016,0.5377762742389616,0.699420693696298,0.7079296105272742,0.6911138923563519,0.7045013201258081,0.034058238110279526,0.978255690585948,0.8481018336575169
RipVIS-108_00000.jpg,0.4960795235337114,0.0,0.0,0.0,0.0,0.0,0.0,0.9921590470674228,0.49999999999975697
RipVIS-108_00006.jpg,0.4960537229935879,0.0,0.0,0.0,0.0,0.0,0.0,0.9921074459871758,0.49999999999975697
RipVIS-108_00012.jpg,0.4959712577158102,0.0,0.0,0.0,0.0,0.0,0.0,0.9919425154316204,0.4999999999997569
RipVIS-108_00018.jpg,0.49587890624976083,0.0,0.0,0.0,0.0,0.0,0.0,0.9917578124995217,0.49999999999975686
RipVIS-108_00024.jpg,0.49594859182074846,0.0,0.0,0.0,0.0,0.0,0.0,0.9918971836414969,0.4999999999997569
RipVIS-108_00030.jpg,0.49561680169729183,0.0,0.0,0.0,0.0,0.0,0.0,0.9912336033945837,0.49999999999975675
RipVIS-108_00036.jpg,0.4954229359565512,0.0,0.0,0.0,0.0,0.0,0.0,0.9908458719131024,0.49999999999975664
RipVIS-108_00042.jpg,0.4954101562497611,0.0,0.0,0.0,0.0,0.0,0.0,0.9908203124995222,0.49999999999975664
RipVIS-108_00048.jpg,0.4954622395830944,0.0,0.0,0.0,0.0,0.0,0.0,0.9909244791661888,0.49999999999975664
RipVIS-108_00054.jpg,0.4955037133485265,0.0,0.0,0.0,0.0,0.0,0.0,0.991007426697053,0.4999999999997567
RipVIS-108_00060.jpg,0.4956076388886499,0.0,0.0,0.0,0.0,0.0,0.0,0.9912152777772998,0.49999999999975675
RipVIS-108_00066.jpg,0.4957339891972918,0.0,0.0,0.0,0.0,0.0,0.0,0.9914679783945836,0.4999999999997568
RipVIS-108_00072.jpg,0.4957713638114893,0.0,0.0,0.0,0.0,0.0,0.0,0.9915427276229786,0.4999999999997568
RipVIS-108_00078.jpg,0.4952179783948229,0.0,0.0,0.0,0.0,0.0,0.0,0.9904359567896458,0.49999999999975653
RipVIS-108_00084.jpg,0.49523558063247725,0.0,0.0,0.0,0.0,0.0,0.0,0.9904711612649545,0.49999999999975653
RipVIS-108_00090.jpg,0.4952922453701315,0.0,0.0,0.0,0.0,0.0,0.0,0.990584490740263,0.4999999999997566
RipVIS-108_00096.jpg,0.4954000289349463,0.0,0.0,0.0,0.0,0.0,0.0,0.9908000578698926,0.49999999999975664
RipVIS-108_00102.jpg,0.4953831500769216,0.0,0.0,0.0,0.0,0.0,0.0,0.9907663001538431,0.49999999999975664
RipVIS-108_00108.jpg,0.49562210648124244,0.0,0.0,0.0,0.0,0.0,0.0,0.9912442129624849,0.49999999999975675
RipVIS-108_00114.jpg,0.4955601369596376,0.0,0.0,0.0,0.0,0.0,0.0,0.9911202739192752,0.4999999999997567
RipVIS-108_00120.jpg,0.4954528356479092,0.0,0.0,0.0,0.0,0.0,0.0,0.9909056712958184,0.49999999999975664
RipVIS-108_00126.jpg,0.4956187307096375,0.0,0.0,0.0,0.0,0.0,0.0,0.991237461419275,0.49999999999975675
RipVIS-108_00132.jpg,0.49540895061704504,0.0,0.0,0.0,0.0,0.0,0.0,0.9908179012340901,0.49999999999975664
RipVIS-108_00138.jpg,0.49541232638864996,0.0,0.0,0.0,0.0,0.0,0.0,0.9908246527772999,0.49999999999975664
RipVIS-108_00144.jpg,0.49513768325593405,0.0,0.0,0.0,0.0,0.0,0.0,0.9902753665118681,0.49999999999975653
RipVIS-108_00150.jpg,0.49508294753062543,0.0,0.0,0.0,0.0,0.0,0.0,0.9901658950612509,0.4999999999997565
RipVIS-108_00156.jpg,0.4951087480707489,0.0,0.0,0.0,0.0,0.0,0.0,0.9902174961414978,0.4999999999997565
RipVIS-108_00162.jpg,0.4950383391201316,0.0,0.0,0.0,0.0,0.0,0.0,0.9900766782402632,0.4999999999997565
RipVIS-108_00168.jpg,0.4950863233022304,0.0,0.0,0.0,0.0,0.0,0.0,0.9901726466044608,0.4999999999997565
RipVIS-108_00174.jpg,0.4959693287034645,0.0,0.0,0.0,0.0,0.0,0.0,0.991938657406929,0.4999999999997569
RipVIS-108_00180.jpg,0.4960706018516126,0.0,0.0,0.0,0.0,0.0,0.0,0.9921412037032252,0.49999999999975697
RipVIS-108_00186.jpg,0.4961376350306249,0.0,0.0,0.0,0.0,0.0,0.0,0.9922752700612498,0.49999999999975697
RipVIS-108_00192.jpg,0.4961930941355632,0.0,0.0,0.0,0.0,0.0,0.0,0.9923861882711263,0.499999999999757
RipVIS-108_00198.jpg,0.49635513117260016,0.0,0.0,0.0,0.0,0.0,0.0,0.9927102623452003,0.4999999999997571
RipVIS-108_00204.jpg,0.4965856481479087,0.0,0.0,0.0,0.0,0.0,0.0,0.9931712962958174,0.4999999999997572
RipVIS-108_00210.jpg,0.49659312307074815,0.0,0.0,0.0,0.0,0.0,0.0,0.9931862461414963,0.4999999999997572
RipVIS-108_00216.jpg,0.49661988811704444,0.0,0.0,0.0,0.0,0.0,0.0,0.9932397762340889,0.49999999999975725
RipVIS-108_00222.jpg,0.4968684895830937,0.0,0.0,0.0,0.0,0.0,0.0,0.9937369791661874,0.49999999999975736
RipVIS-108_00228.jpg,0.49686535493803197,0.0,0.0,0.0,0.0,0.0,0.0,0.9937307098760639,0.49999999999975736
RipVIS-108_00234.jpg,0.4945968364195146,0.0,0.0,0.0,0.0,0.0,0.0,0.9891936728390291,0.49999999999975625
RipVIS-108_00240.jpg,0.4945975597991442,0.0,0.0,0.0,0.0,0.0,0.0,0.9891951195982884,0.49999999999975625
RipVIS-108_00246.jpg,0.4948297646602552,0.0,0.0,0.0,0.0,0.0,0.0,0.9896595293205104,0.49999999999975636
RipVIS-108_00252.jpg,0.49494743441334155,0.0,0.0,0.0,0.0,0.0,0.0,0.9898948688266831,0.4999999999997564
RipVIS-108_00258.jpg,0.4948206018516132,0.0,0.0,0.0,0.0,0.0,0.0,0.9896412037032264,0.49999999999975636
RipVIS-108_00264.jpg,0.4954034047065512,0.0,0.0,0.0,0.0,0.0,0.0,0.9908068094131024,0.49999999999975664
RipVIS-108_00270.jpg,0.49513816550902046,0.0,0.0,0.0,0.0,0.0,0.0,0.9902763310180409,0.49999999999975653
RipVIS-108_00276.jpg,0.4950494309411193,0.0,0.0,0.0,0.0,0.0,0.0,0.9900988618822386,0.4999999999997565
RipVIS-108_00282.jpg,0.4955480806324771,0.0,0.0,0.0,0.0,0.0,0.0,0.9910961612649541,0.4999999999997567
RipVIS-108_00288.jpg,0.4956857638886498,0.0,0.0,0.0,0.0,0.0,0.0,0.9913715277772996,0.49999999999975675
RipVIS-108_00294.jpg,0.49557243441334126,0.0,0.0,0.0,0.0,0.0,0.0,0.9911448688266825,0.4999999999997567
RipVIS-108_00300.jpg,0.4959592013886497,0.0,0.0,0.0,0.0,0.0,0.0,0.9919184027772994,0.4999999999997569
RipVIS-108_00306.jpg,0.49591362847198306,0.0,0.0,0.0,0.0,0.0,0.0,0.9918272569439661,0.49999999999975686
RipVIS-108_00312.jpg,0.4959538966046991,0.0,0.0,0.0,0.0,0.0,0.0,0.9919077932093981,0.4999999999997569
RipVIS-108_00318.jpg,0.4963958815584026,0.0,0.0,0.0,0.0,0.0,0.0,0.9927917631168052,0.49999999999975714
RipVIS-108_00324.jpg,0.6950103189293649,0.39571890558001543,0.5670467083278026,0.5423526100645594,0.5940967940355967,0.5519675793332569,0.0361635220031018,0.9943229166661871,0.7698975258230889
RipVIS-108_00330.jpg,0.7455456135440937,0.49609794164003035,0.6631891239636426,0.7298363948959646,0.6076955248486768,0.7016321518742843,0.04376690434134082,0.9950178433637177,0.8633242481433878
RipVIS-108_00336.jpg,0.7983908652971012,0.6008399350672502,0.7506558549740443,0.8649354217597598,0.6630503475530308,0.815287779101694,0.07052709723570227,0.9959664351847048,0.9309140772516047
RipVIS-108_00342.jpg,0.7398531839791003,0.4851917564949187,0.653372541792153,0.8506141329677289,0.5303859160269353,0.7589666951323655,0.03184553660184415,0.9945428240735944,0.9230162571823987
RipVIS-108_00348.jpg,0.7587217002076696,0.5221063089656182,0.6860313315702993,0.7800786758123596,0.6122211218843,0.7395263091234044,0.038119440905179304,0.995360725308162,0.8884236608141858
RipVIS-108_00354.jpg,0.6919298852109148,0.3887752646541882,0.559882184755062,0.41042738296752224,0.8805177110517005,0.4594898191332044,0.020234986938565607,0.995099826388409,0.7050006053204152
RipVIS-108_00360.jpg,0.49562162422815603,0.0,0.0,0.0,0.0,0.0,0.0,0.9912432484563121,0.49999999999975675
RipVIS-108_00366.jpg,0.49680507330222956,0.0,0.0,0.0,0.0,0.0,0.0,0.9936101466044591,0.4999999999997573
RipVIS-108_00372.jpg,0.49542582947506975,0.0,0.0,0.0,0.0,0.0,0.0,0.9908516589501395,0.49999999999975664
RipVIS-108_00378.jpg,0.49556761188247705,0.0,0.0,0.0,0.0,0.0,0.0,0.9911352237649541,0.4999999999997567
RipVIS-108_00384.jpg,0.4956838348763042,0.0,0.0,0.0,0.0,0.0,0.0,0.9913676697526084,0.49999999999975675
RipVIS-108_00390.jpg,0.49643928433618034,0.0,0.0,0.0,0.0,0.0,0.0,0.9928785686723607,0.49999999999975714
RipVIS-108_00396.jpg,0.49646436149667417,0.0,0.0,0.0,0.0,0.0,0.0,0.9929287229933483,0.49999999999975714
RipVIS-108_00402.jpg,0.4964605034719828,0.0,0.0,0.0,0.0,0.0,0.0,0.9929210069439656,0.49999999999975714
RipVIS-108_00408.jpg,0.49648533950593343,0.0,0.0,0.0,0.0,0.0,0.0,0.9929706790118669,0.49999999999975714
RipVIS-108_00414.jpg,0.49656442901210623,0.0,0.0,0.0,0.0,0.0,0.0,0.9931288580242125,0.4999999999997572
RipVIS-108_00420.jpg,0.4966059027775383,0.0,0.0,0.0,0.0,0.0,0.0,0.9932118055550766,0.49999999999975725
RipVIS-108_00426.jpg,0.4966138599534642,0.0,0.0,0.0,0.0,0.0,0.0,0.9932277199069284,0.49999999999975725
RipVIS-108_00432.jpg,0.4966878858022296,0.0,0.0,0.0,0.0,0.0,0.0,0.9933757716044592,0.49999999999975725
RipVIS-108_00438.jpg,0.4968219521602542,0.0,0.0,0.0,0.0,0.0,0.0,0.9936439043205084,0.4999999999997573
RipVIS-108_00444.jpg,0.49717158564790837,0.0,0.0,0.0,0.0,0.0,0.0,0.9943431712958167,0.4999999999997575
RipVIS-108_00450.jpg,0.4970869502312418,0.0,0.0,0.0,0.0,0.0,0.0,0.9941739004624836,0.49999999999975747
RipVIS-108_00456.jpg,0.4972024498454392,0.0,0.0,0.0,0.0,0.0,0.0,0.9944048996908784,0.4999999999997575
RipVIS-108_00462.jpg,0.4972759934411182,0.0,0.0,0.0,0.0,0.0,0.0,0.9945519868822364,0.4999999999997575
RipVIS-108_00468.jpg,0.49753375771580943,0.0,0.0,0.0,0.0,0.0,0.0,0.9950675154316189,0.4999999999997577
RipVIS-108_00474.jpg,0.497547019675686,0.0,0.0,0.0,0.0,0.0,0.0,0.995094039351372,0.4999999999997577
RipVIS-108_00480.jpg,0.49761525848741434,0.0,0.0,0.0,0.0,0.0,0.0,0.9952305169748287,0.4999999999997577
RipVIS-108_00486.jpg,0.4976191165121057,0.0,0.0,0.0,0.0,0.0,0.0,0.9952382330242114,0.4999999999997577
RipVIS-108_00492.jpg,0.49774377893494515,0.0,0.0,0.0,0.0,0.0,0.0,0.9954875578698903,0.4999999999997578
RipVIS-108_00498.jpg,0.4977387152775377,0.0,0.0,0.0,0.0,0.0,0.0,0.9954774305550754,0.49999999999975775
RipVIS-108_00504.jpg,0.4979212480707475,0.0,0.0,0.0,0.0,0.0,0.0,0.995842496141495,0.49999999999975786
RipVIS-108_00510.jpg,0.4979371624225994,0.0,0.0,0.0,0.0,0.0,0.0,0.9958743248451988,0.49999999999975786
RipVIS-108_00516.jpg,0.4980273437497598,0.0,0.0,0.0,0.0,0.0,0.0,0.9960546874995196,0.4999999999997579
RipVIS-108_00522.jpg,0.49720558449050095,0.0,0.0,0.0,0.0,0.0,0.0,0.9944111689810019,0.4999999999997575
RipVIS-108_00528.jpg,0.497818287036797,0.0,0.0,0.0,0.0,0.0,0.0,0.995636574073594,0.4999999999997578
RipVIS-108_00534.jpg,0.49781539351827847,0.0,0.0,0.0,0.0,0.0,0.0,0.9956307870365569,0.4999999999997578
RipVIS-108_00540.jpg,0.49778067129605624,0.0,0.0,0.0,0.0,0.0,0.0,0.9955613425921125,0.4999999999997578
RipVIS-108_00546.jpg,0.49784047067877224,0.0,0.0,0.0,0.0,0.0,0.0,0.9956809413575445,0.4999999999997578
RipVIS-108_00552.jpg,0.49790485146580926,0.0,0.0,0.0,0.0,0.0,0.0,0.9958097029316185,0.49999999999975786
RipVIS-108_00558.jpg,0.4984671585645744,0.0,0.0,0.0,0.0,0.0,0.0,0.9969343171291488,0.49999999999975814
RipVIS-108_00564.jpg,0.49830488040099424,0.0,0.0,0.0,0.0,0.0,0.0,0.9966097608019885,0.499999999999758
RipVIS-108_00570.jpg,0.49838204089482135,0.0,0.0,0.0,0.0,0.0,0.0,0.9967640817896427,0.4999999999997581
RipVIS-108_00576.jpg,0.4980842496139573,0.0,0.0,0.0,0.0,0.0,0.0,0.9961684992279146,0.49999999999975797
RipVIS-108_00582.jpg,0.4984010898917349,0.0,0.0,0.0,0.0,0.0,0.0,0.9968021797834699,0.4999999999997581
RipVIS-108_00588.jpg,0.4984211033948214,0.0,0.0,0.0,0.0,0.0,0.0,0.9968422067896427,0.4999999999997581
RipVIS-108_00594.jpg,0.49842664930531516,0.0,0.0,0.0,0.0,0.0,0.0,0.9968532986106303,0.49999999999975814
RipVIS-108_00600.jpg,0.498268952546056,0.0,0.0,0.0,0.0,0.0,0.0,0.996537905092112,0.499999999999758
RipVIS-108_00606.jpg,0.498496576002846,0.0,0.0,0.0,0.0,0.0,0.0,0.996993152005692,0.49999999999975814
RipVIS-108_00612.jpg,0.49850043402753735,0.0,0.0,0.0,0.0,0.0,0.0,0.9970008680550747,0.49999999999975814
RipVIS-108_00618.jpg,0.4983060860337103,0.0,0.0,0.0,0.0,0.0,0.0,0.9966121720674206,0.499999999999758
RipVIS-108_00624.jpg,0.49847029320963615,0.0,0.0,0.0,0.0,0.0,0.0,0.9969405864192723,0.49999999999975814
RipVIS-108_00630.jpg,0.49834201388864857,0.0,0.0,0.0,0.0,0.0,0.0,0.9966840277772971,0.4999999999997581
RipVIS-108_00636.jpg,0.4983559992281547,0.0,0.0,0.0,0.0,0.0,0.0,0.9967119984563094,0.4999999999997581
RipVIS-108_00642.jpg,0.49787229938247596,0.0,0.0,0.0,0.0,0.0,0.0,0.9957445987649519,0.49999999999975786
RipVIS-108_00648.jpg,0.49784529320963644,0.0,0.0,0.0,0.0,0.0,0.0,0.9956905864192729,0.4999999999997578
RipVIS-108_00654.jpg,0.497799961419513,0.0,0.0,0.0,0.0,0.0,0.0,0.995599922839026,0.4999999999997578
RipVIS-108_00660.jpg,0.4977741608793896,0.0,0.0,0.0,0.0,0.0,0.0,0.9955483217587792,0.4999999999997578
RipVIS-108_00666.jpg,0.4977536651232167,0.0,0.0,0.0,0.0,0.0,0.0,0.9955073302464335,0.4999999999997578
RipVIS-108_00672.jpg,0.4978308256170439,0.0,0.0,0.0,0.0,0.0,0.0,0.9956616512340878,0.4999999999997578
RipVIS-108_00678.jpg,0.4978308256170439,0.0,0.0,0.0,0.0,0.0,0.0,0.9956616512340878,0.4999999999997578
RipVIS-108_00684.jpg,0.49783058449050066,0.0,0.0,0.0,0.0,0.0,0.0,0.9956611689810013,0.4999999999997578
RipVIS-108_00690.jpg,0.4977302758485254,0.0,0.0,0.0,0.0,0.0,0.0,0.9954605516970508,0.49999999999975775
RipVIS-108_00696.jpg,0.4977302758485254,0.0,0.0,0.0,0.0,0.0,0.0,0.9954605516970508,0.49999999999975775
RipVIS-108_00702.jpg,0.4977281057096365,0.0,0.0,0.0,0.0,0.0,0.0,0.995456211419273,0.49999999999975775
RipVIS-108_00708.jpg,0.4977281057096365,0.0,0.0,0.0,0.0,0.0,0.0,0.995456211419273,0.49999999999975775
RipVIS-108_00714.jpg,0.49771677276210563,0.0,0.0,0.0,0.0,0.0,0.0,0.9954335455242113,0.49999999999975775
RipVIS-108_00720.jpg,0.4977201485337106,0.0,0.0,0.0,0.0,0.0,0.0,0.9954402970674212,0.49999999999975775
RipVIS-108_00726.jpg,0.4976410590275378,0.0,0.0,0.0,0.0,0.0,0.0,0.9952821180550756,0.49999999999975775
RipVIS-108_00732.jpg,0.4977531828701303,0.0,0.0,0.0,0.0,0.0,0.0,0.9955063657402606,0.4999999999997578
RipVIS-108_00738.jpg,0.4977524594905007,0.0,0.0,0.0,0.0,0.0,0.0,0.9955049189810014,0.4999999999997578
RipVIS-108_00744.jpg,0.49771701388864886,0.0,0.0,0.0,0.0,0.0,0.0,0.9954340277772977,0.49999999999975775
RipVIS-108_00750.jpg,0.4977182195213649,0.0,0.0,0.0,0.0,0.0,0.0,0.9954364390427298,0.49999999999975775
RipVIS-108_00756.jpg,0.4977158082559328,0.0,0.0,0.0,0.0,0.0,0.0,0.9954316165118656,0.49999999999975775
RipVIS-108_00762.jpg,0.49771701388864886,0.0,0.0,0.0,0.0,0.0,0.0,0.9954340277772977,0.49999999999975775
RipVIS-108_00768.jpg,0.49771846064790815,0.0,0.0,0.0,0.0,0.0,0.0,0.9954369212958163,0.49999999999975775
RipVIS-108_00774.jpg,0.4978421585645747,0.0,0.0,0.0,0.0,0.0,0.0,0.9956843171291494,0.4999999999997578
RipVIS-108_00780.jpg,0.49783757716025373,0.0,0.0,0.0,0.0,0.0,0.0,0.9956751543205075,0.4999999999997578
RipVIS-108_00786.jpg,0.4976678240738341,0.0,0.0,0.0,0.0,0.0,0.0,0.9953356481476682,0.49999999999975775
RipVIS-108_00792.jpg,0.4976678240738341,0.0,0.0,0.0,0.0,0.0,0.0,0.9953356481476682,0.49999999999975775
RipVIS-108_00798.jpg,0.49770158178988344,0.0,0.0,0.0,0.0,0.0,0.0,0.9954031635797669,0.49999999999975775
RipVIS-108_00804.jpg,0.4976984471448217,0.0,0.0,0.0,0.0,0.0,0.0,0.9953968942896434,0.49999999999975775
RipVIS-108_00810.jpg,0.4975634162806242,0.0,0.0,0.0,0.0,0.0,0.0,0.9951268325612485,0.4999999999997577
RipVIS-108_00816.jpg,0.4975634162806242,0.0,0.0,0.0,0.0,0.0,0.0,0.9951268325612485,0.4999999999997577
RipVIS-108_00822.jpg,0.4974727527003774,0.0,0.0,0.0,0.0,0.0,0.0,0.9949455054007548,0.49999999999975764
RipVIS-108_00828.jpg,0.49639322916642725,0.0,0.0,0.0,0.0,0.0,0.0,0.9927864583328545,0.49999999999975714
RipVIS-108_00834.jpg,0.4963705632713656,0.0,0.0,0.0,0.0,0.0,0.0,0.9927411265427312,0.4999999999997571
RipVIS-108_00840.jpg,0.49640094521580996,0.0,0.0,0.0,0.0,0.0,0.0,0.9928018904316199,0.49999999999975714
RipVIS-108_00846.jpg,0.49641300154297047,0.0,0.0,0.0,0.0,0.0,0.0,0.9928260030859409,0.49999999999975714
RipVIS-108_00852.jpg,0.496391782407168,0.0,0.0,0.0,0.0,0.0,0.0,0.992783564814336,0.49999999999975714
RipVIS-108_00858.jpg,0.49639732831766187,0.0,0.0,0.0,0.0,0.0,0.0,0.9927946566353237,0.49999999999975714
RipVIS-108_00864.jpg,0.49631606867260014,0.0,0.0,0.0,0.0,0.0,0.0,0.9926321373452003,0.4999999999997571
RipVIS-108_00870.jpg,0.49639756944420504,0.0,0.0,0.0,0.0,0.0,0.0,0.9927951388884101,0.49999999999975714
RipVIS-108_00876.jpg,0.49635489004605693,0.0,0.0,0.0,0.0,0.0,0.0,0.9927097800921139,0.4999999999997571
RipVIS-108_00882.jpg,0.49644796489173587,0.0,0.0,0.0,0.0,0.0,0.0,0.9928959297834717,0.49999999999975714
RipVIS-108_00888.jpg,0.4963845486108717,0.0,0.0,0.0,0.0,0.0,0.0,0.9927690972217434,0.49999999999975714
RipVIS-108_00894.jpg,0.4964330150460569,0.0,0.0,0.0,0.0,0.0,0.0,0.9928660300921138,0.49999999999975714
RipVIS-108_00900.jpg,0.49640046296272355,0.0,0.0,0.0,0.0,0.0,0.0,0.9928009259254471,0.49999999999975714
RipVIS-108_00906.jpg,0.49625916280840265,0.0,0.0,0.0,0.0,0.0,0.0,0.9925183256168053,0.499999999999757
RipVIS-108_00912.jpg,0.49626687885778537,0.0,0.0,0.0,0.0,0.0,0.0,0.9925337577155707,0.4999999999997571
RipVIS-108_00918.jpg,0.4962745949071681,0.0,0.0,0.0,0.0,0.0,0.0,0.9925491898143362,0.4999999999997571
RipVIS-108_00924.jpg,0.4968578800151925,0.0,0.0,0.0,0.0,0.0,0.0,0.993715760030385,0.49999999999975736
RipVIS-108_00930.jpg,0.49634066358000756,0.0,0.0,0.0,0.0,0.0,0.0,0.9926813271600151,0.4999999999997571
RipVIS-108_00936.jpg,0.4964626736108717,0.0,0.0,0.0,0.0,0.0,0.0,0.9929253472217434,0.49999999999975714
RipVIS-108_00942.jpg,0.496480275848526,0.0,0.0,0.0,0.0,0.0,0.0,0.992960551697052,0.49999999999975714
RipVIS-108_00948.jpg,0.49648099922815564,0.0,0.0,0.0,0.0,0.0,0.0,0.9929619984563113,0.49999999999975714
RipVIS-108_00954.jpg,0.4966606385028469,0.0,0.0,0.0,0.0,0.0,0.0,0.9933212770056938,0.49999999999975725
RipVIS-108_00960.jpg,0.4964793113423532,0.0,0.0,0.0,0.0,0.0,0.0,0.9929586226847064,0.49999999999975714
RipVIS-108_00966.jpg,0.4965224729935877,0.0,0.0,0.0,0.0,0.0,0.0,0.9930449459871754,0.4999999999997572
RipVIS-108_00972.jpg,0.49650824652753833,0.0,0.0,0.0,0.0,0.0,0.0,0.9930164930550767,0.4999999999997572
RipVIS-108_00978.jpg,0.49653766396580995,0.0,0.0,0.0,0.0,0.0,0.0,0.9930753279316199,0.4999999999997572
RipVIS-108_00984.jpg,0.49660325038556297,0.0,0.0,0.0,0.0,0.0,0.0,0.9932065007711259,0.49999999999975725
RipVIS-108_00990.jpg,0.4965393518516124,0.0,0.0,0.0,0.0,0.0,0.0,0.9930787037032248,0.4999999999997572
RipVIS-108_00996.jpg,0.49659215856457534,0.0,0.0,0.0,0.0,0.0,0.0,0.9931843171291507,0.4999999999997572
RipVIS-108_01002.jpg,0.4961906828701311,0.0,0.0,0.0,0.0,0.0,0.0,0.9923813657402621,0.499999999999757
RipVIS-108_01008.jpg,0.49619212962939035,0.0,0.0,0.0,0.0,0.0,0.0,0.9923842592587807,0.499999999999757
RipVIS-108_01014.jpg,0.4959321952158102,0.0,0.0,0.0,0.0,0.0,0.0,0.9918643904316204,0.4999999999997569
RipVIS-108_01020.jpg,0.4960057388114892,0.0,0.0,0.0,0.0,0.0,0.0,0.9920114776229784,0.4999999999997569
RipVIS-108_01026.jpg,0.4960575810182793,0.0,0.0,0.0,0.0,0.0,0.0,0.9921151620365586,0.49999999999975697
RipVIS-108_01032.jpg,0.4959348476077855,0.0,0.0,0.0,0.0,0.0,0.0,0.991869695215571,0.4999999999997569
RipVIS-108_01038.jpg,0.4959488329472917,0.0,0.0,0.0,0.0,0.0,0.0,0.9918976658945834,0.4999999999997569
RipVIS-108_01044.jpg,0.4962234760800076,0.0,0.0,0.0,0.0,0.0,0.0,0.9924469521600152,0.499999999999757
RipVIS-108_01050.jpg,0.49595534336395836,0.0,0.0,0.0,0.0,0.0,0.0,0.9919106867279167,0.4999999999997569
RipVIS-108_01056.jpg,0.49558521412013135,0.0,0.0,0.0,0.0,0.0,0.0,0.9911704282402627,0.49999999999975675
RipVIS-108_01062.jpg,0.49557195216025485,0.0,0.0,0.0,0.0,0.0,0.0,0.9911439043205097,0.4999999999997567
RipVIS-108_01068.jpg,0.4959268904318596,0.0,0.0,0.0,0.0,0.0,0.0,0.9918537808637192,0.4999999999997569
RipVIS-108_01074.jpg,0.49590543016951394,0.0,0.0,0.0,0.0,0.0,0.0,0.9918108603390279,0.49999999999975686
RipVIS-108_01080.jpg,0.49602912808618055,0.0,0.0,0.0,0.0,0.0,0.0,0.9920582561723611,0.4999999999997569
RipVIS-108_01086.jpg,0.4962360146602545,0.0,0.0,0.0,0.0,0.0,0.0,0.992472029320509,0.499999999999757
RipVIS-108_01092.jpg,0.49622371720655084,0.0,0.0,0.0,0.0,0.0,0.0,0.9924474344131017,0.499999999999757
RipVIS-108_01098.jpg,0.49547164351827955,0.0,0.0,0.0,0.0,0.0,0.0,0.9909432870365591,0.4999999999997567
RipVIS-108_01104.jpg,0.49540461033926725,0.0,0.0,0.0,0.0,0.0,0.0,0.9908092206785345,0.49999999999975664
RipVIS-108_01110.jpg,0.49626060956766194,0.0,0.0,0.0,0.0,0.0,0.0,0.9925212191353239,0.499999999999757
RipVIS-108_01116.jpg,0.4954877989966746,0.0,0.0,0.0,0.0,0.0,0.0,0.9909755979933492,0.4999999999997567
RipVIS-108_01122.jpg,0.4963888888886495,0.0,0.0,0.0,0.0,0.0,0.0,0.992777777777299,0.49999999999975714
RipVIS-108_01128.jpg,0.49671826774667405,0.0,0.0,0.0,0.0,0.0,0.0,0.9934365354933481,0.4999999999997573
RipVIS-108_01134.jpg,0.4959818672837114,0.0,0.0,0.0,0.0,0.0,0.0,0.9919637345674228,0.4999999999997569
RipVIS-108_01140.jpg,0.4947224633485269,0.0,0.0,0.0,0.0,0.0,0.0,0.9894449266970538,0.4999999999997563
RipVIS-108_01146.jpg,0.49349247685161385,0.0,0.0,0.0,0.0,0.0,0.0,0.9869849537032277,0.4999999999997557
RipVIS-108_01152.jpg,0.49323953510778684,0.0,0.0,0.0,0.0,0.0,0.0,0.9864790702155737,0.4999999999997556
RipVIS-108_01158.jpg,0.49331524884235467,0.0,0.0,0.0,0.0,0.0,0.0,0.9866304976847093,0.4999999999997556
RipVIS-108_01164.jpg,0.4932378472219844,0.0,0.0,0.0,0.0,0.0,0.0,0.9864756944439688,0.4999999999997556
RipVIS-108_01170.jpg,0.49331476658926826,0.0,0.0,0.0,0.0,0.0,0.0,0.9866295331785365,0.4999999999997556
RipVIS-108_01176.jpg,0.4932139756942066,0.0,0.0,0.0,0.0,0.0,0.0,0.9864279513884132,0.49999999999975553
RipVIS-108_01182.jpg,0.49358651620346566,0.0,0.0,0.0,0.0,0.0,0.0,0.9871730324069313,0.49999999999975575
RipVIS-108_01188.jpg,0.4935894097219842,0.0,0.0,0.0,0.0,0.0,0.0,0.9871788194439683,0.49999999999975575
RipVIS-108_01194.jpg,0.49388117283926797,0.0,0.0,0.0,0.0,0.0,0.0,0.9877623456785359,0.49999999999975586
RipVIS-108_01200.jpg,0.4934022955244534,0.0,0.0,0.0,0.0,0.0,0.0,0.9868045910489068,0.49999999999975564
RipVIS-108_01206.jpg,0.4911316068670471,0.0,0.0,0.0,0.0,0.0,0.0,0.9822632137340942,0.49999999999975453
RipVIS-108_01212.jpg,0.4934587191355645,0.0,0.0,0.0,0.0,0.0,0.0,0.986917438271129,0.4999999999997557
RipVIS-108_01218.jpg,0.4935042920522311,0.0,0.0,0.0,0.0,0.0,0.0,0.9870085841044622,0.4999999999997557
RipVIS-108_01224.jpg,0.49369719328679895,0.0,0.0,0.0,0.0,0.0,0.0,0.9873943865735979,0.4999999999997558
RipVIS-108_01230.jpg,0.49367259837939154,0.0,0.0,0.0,0.0,0.0,0.0,0.9873451967587831,0.4999999999997558
RipVIS-108_01236.jpg,0.4934247202929719,0.0,0.0,0.0,0.0,0.0,0.0,0.9868494405859438,0.49999999999975564
RipVIS-108_01242.jpg,0.49225429205223176,0.0,0.0,0.0,0.0,0.0,0.0,0.9845085841044635,0.4999999999997551
RipVIS-108_01248.jpg,0.4936762152775397,0.0,0.0,0.0,0.0,0.0,0.0,0.9873524305550794,0.4999999999997558
RipVIS-108_01254.jpg,0.4939682195213667,0.0,0.0,0.0,0.0,0.0,0.0,0.9879364390427334,0.4999999999997559
RipVIS-108_01260.jpg,0.4942443094133419,0.0,0.0,0.0,0.0,0.0,0.0,0.9884886188266838,0.4999999999997561
RipVIS-108_01266.jpg,0.49301335841025606,0.0,0.0,0.0,0.0,0.0,0.0,0.9860267168205121,0.4999999999997555
RipVIS-108_01272.jpg,0.49303168402754,0.0,0.0,0.0,0.0,0.0,0.0,0.98606336805508,0.4999999999997555
RipVIS-108_01278.jpg,0.49293957368803387,0.0,0.0,0.0,0.0,0.0,0.0,0.9858791473760677,0.4999999999997554
RipVIS-108_01284.jpg,0.4930613425923548,0.0,0.0,0.0,0.0,0.0,0.0,0.9861226851847096,0.4999999999997555
RipVIS-108_01290.jpg,0.4931860050151943,0.0,0.0,0.0,0.0,0.0,0.0,0.9863720100303885,0.49999999999975553
RipVIS-108_01296.jpg,0.49275800540099696,0.0,0.0,0.0,0.0,0.0,0.0,0.9855160108019939,0.4999999999997553
RipVIS-108_01302.jpg,0.49302059220655237,0.0,0.0,0.0,0.0,0.0,0.0,0.9860411844131047,0.4999999999997555
RipVIS-108_01308.jpg,0.49311583719112023,0.0,0.0,0.0,0.0,0.0,0.0,0.9862316743822405,0.49999999999975553
RipVIS-108_01314.jpg,0.4923791956016144,0.0,0.0,0.0,0.0,0.0,0.0,0.9847583912032288,0.49999999999975514
RipVIS-108_01320.jpg,0.4923073398917379,0.0,0.0,0.0,0.0,0.0,0.0,0.9846146797834758,0.4999999999997551
RipVIS-108_01326.jpg,0.4939954668207494,0.0,0.0,0.0,0.0,0.0,0.0,0.9879909336414988,0.4999999999997559
RipVIS-108_01332.jpg,0.4930560378084042,0.0,0.0,0.0,0.0,0.0,0.0,0.9861120756168084,0.4999999999997555
RipVIS-108_01338.jpg,0.49387924382692233,0.0,0.0,0.0,0.0,0.0,0.0,0.9877584876538447,0.49999999999975586
RipVIS-108_01344.jpg,0.4929762249226018,0.0,0.0,0.0,0.0,0.0,0.0,0.9859524498452036,0.4999999999997554
RipVIS-108_01350.jpg,0.4928966531633425,0.0,0.0,0.0,0.0,0.0,0.0,0.985793306326685,0.4999999999997554
RipVIS-108_01356.jpg,0.49255135995346616,0.0,0.0,0.0,0.0,0.0,0.0,0.9851027199069323,0.49999999999975525
RipVIS-108_01362.jpg,0.49257137345655255,0.0,0.0,0.0,0.0,0.0,0.0,0.9851427469131051,0.49999999999975525
RipVIS-108_01368.jpg,0.49255425347198467,0.0,0.0,0.0,0.0,0.0,0.0,0.9851085069439693,0.49999999999975525
RipVIS-108_01374.jpg,0.4928332368824784,0.0,0.0,0.0,0.0,0.0,0.0,0.9856664737649568,0.49999999999975536
RipVIS-108_01380.jpg,0.49273341049358954,0.0,0.0,0.0,0.0,0.0,0.0,0.9854668209871791,0.4999999999997553
RipVIS-108_01386.jpg,0.4927973090275401,0.0,0.0,0.0,0.0,0.0,0.0,0.9855946180550802,0.49999999999975536
RipVIS-108_01392.jpg,0.4928380594133426,0.0,0.0,0.0,0.0,0.0,0.0,0.9856761188266852,0.49999999999975536
RipVIS-108_01398.jpg,0.49265817901210807,0.0,0.0,0.0,0.0,0.0,0.0,0.9853163580242161,0.49999999999975525
RipVIS-108_01404.jpg,0.4928055073300093,0.0,0.0,0.0,0.0,0.0,0.0,0.9856110146600185,0.49999999999975536
RipVIS-108_01410.jpg,0.49275125385778706,0.0,0.0,0.0,0.0,0.0,0.0,0.9855025077155741,0.4999999999997553
RipVIS-108_01416.jpg,0.4929195601849475,0.0,0.0,0.0,0.0,0.0,0.0,0.985839120369895,0.4999999999997554
RipVIS-108_01422.jpg,0.49302517361087334,0.0,0.0,0.0,0.0,0.0,0.0,0.9860503472217467,0.4999999999997555
RipVIS-108_01428.jpg,0.49324098186704607,0.0,0.0,0.0,0.0,0.0,0.0,0.9864819637340921,0.4999999999997556
RipVIS-108_01434.jpg,0.4932378472219844,0.0,0.0,0.0,0.0,0.0,0.0,0.9864756944439688,0.4999999999997556
RipVIS-108_01440.jpg,0.49107084297815823,0.0,0.0,0.0,0.0,0.0,0.0,0.9821416859563165,0.4999999999997545
RipVIS-108_01446.jpg,0.49413941936704564,0.0,0.0,0.0,0.0,0.0,0.0,0.9882788387340913,0.49999999999975603
RipVIS-108_01452.jpg,0.4941825810182802,0.0,0.0,0.0,0.0,0.0,0.0,0.9883651620365604,0.49999999999975603
RipVIS-108_01458.jpg,0.4942418981479098,0.0,0.0,0.0,0.0,0.0,0.0,0.9884837962958196,0.4999999999997561
RipVIS-108_01464.jpg,0.4942862654318604,0.0,0.0,0.0,0.0,0.0,0.0,0.9885725308637208,0.4999999999997561
RipVIS-108_01470.jpg,0.49100188078680024,0.0,0.0,0.0,0.0,0.0,0.0,0.9820037615736005,0.4999999999997545
RipVIS-108_01476.jpg,0.4915374228392691,0.0,0.0,0.0,0.0,0.0,0.0,0.9830748456785382,0.4999999999997547
RipVIS-108_01482.jpg,0.49166232638865176,0.0,0.0,0.0,0.0,0.0,0.0,0.9833246527773035,0.4999999999997548
RipVIS-108_01488.jpg,0.49198760609544173,0.0,0.0,0.0,0.0,0.0,0.0,0.9839752121908835,0.4999999999997549
RipVIS-108_01494.jpg,0.49194540895038,0.0,0.0,0.0,0.0,0.0,0.0,0.98389081790076,0.4999999999997549
RipVIS-108_01500.jpg,0.4920527102621084,0.0,0.0,0.0,0.0,0.0,0.0,0.9841054205242168,0.499999999999755
RipVIS-108_01506.jpg,0.4917766203701332,0.0,0.0,0.0,0.0,0.0,0.0,0.9835532407402664,0.49999999999975486
RipVIS-108_01512.jpg,0.49200882523124423,0.0,0.0,0.0,0.0,0.0,0.0,0.9840176504624885,0.499999999999755
RipVIS-108_01518.jpg,0.49177782600284925,0.0,0.0,0.0,0.0,0.0,0.0,0.9835556520056985,0.49999999999975486
RipVIS-108_01524.jpg,0.49176745756149126,0.0,0.0,0.0,0.0,0.0,0.0,0.9835349151229825,0.4999999999997548
RipVIS-108_01530.jpg,0.4917566068670468,0.0,0.0,0.0,0.0,0.0,0.0,0.9835132137340936,0.4999999999997548
RipVIS-108_01536.jpg,0.48974151234544283,0.0,0.0,0.0,0.0,0.0,0.0,0.9794830246908857,0.4999999999997538
RipVIS-108_01542.jpg,0.49105806327136814,0.0,0.0,0.0,0.0,0.0,0.0,0.9821161265427363,0.4999999999997545
RipVIS-108_01548.jpg,0.49198495370346645,0.0,0.0,0.0,0.0,0.0,0.0,0.9839699074069329,0.4999999999997549
RipVIS-108_01554.jpg,0.4898943865738378,0.0,0.0,0.0,0.0,0.0,0.0,0.9797887731476757,0.4999999999997539
RipVIS-108_01560.jpg,0.4910744598763064,0.0,0.0,0.0,0.0,0.0,0.0,0.9821489197526128,0.4999999999997545
RipVIS-108_01566.jpg,0.49126326195963965,0.0,0.0,0.0,0.0,0.0,0.0,0.9825265239192793,0.4999999999997546
RipVIS-108_01572.jpg,0.4925812596448242,0.0,0.0,0.0,0.0,0.0,0.0,0.9851625192896484,0.49999999999975525
RipVIS-108_01578.jpg,0.4898148148145786,0.0,0.0,0.0,0.0,0.0,0.0,0.9796296296291572,0.49999999999975386
RipVIS-108_01584.jpg,0.49139781057075066,0.0,0.0,0.0,0.0,0.0,0.0,0.9827956211415013,0.49999999999975464
RipVIS-108_01590.jpg,0.4916553337188987,0.0,0.0,0.0,0.0,0.0,0.0,0.9833106674377974,0.49999999999975475
RipVIS-108_01596.jpg,0.4899158468361835,0.0,0.0,0.0,0.0,0.0,0.0,0.979831693672367,0.4999999999997539
RipVIS-108_01602.jpg,0.4934582368824781,0.0,0.0,0.0,0.0,0.0,0.0,0.9869164737649562,0.4999999999997557
RipVIS-108_01608.jpg,0.4915738329472938,0.0,0.0,0.0,0.0,0.0,0.0,0.9831476658945876,0.49999999999975475
RipVIS-108_01614.jpg,0.4931792534719844,0.0,0.0,0.0,0.0,0.0,0.0,0.9863585069439688,0.49999999999975553
RipVIS-108_01620.jpg,0.492952353394824,0.0,0.0,0.0,0.0,0.0,0.0,0.985904706789648,0.4999999999997554
RipVIS-108_01626.jpg,0.4929296874997623,0.0,0.0,0.0,0.0,0.0,0.0,0.9858593749995246,0.4999999999997554
RipVIS-108_01632.jpg,0.49316333912013255,0.0,0.0,0.0,0.0,0.0,0.0,0.9863266782402651,0.49999999999975553
RipVIS-108_01638.jpg,0.493219039351614,0.0,0.0,0.0,0.0,0.0,0.0,0.986438078703228,0.49999999999975553
RipVIS-108_01644.jpg,0.4907899305553189,0.0,0.0,0.0,0.0,0.0,0.0,0.9815798611106378,0.49999999999975436
RipVIS-108_01650.jpg,0.493199508101614,0.0,0.0,0.0,0.0,0.0,0.0,0.986399016203228,0.49999999999975553
RipVIS-108_01656.jpg,0.49543161651210676,0.0,0.0,0.0,0.0,0.0,0.0,0.9908632330242135,0.49999999999975664
RipVIS-108_01662.jpg,0.49338035300902133,0.0,0.0,0.0,0.0,0.0,0.0,0.9867607060180427,0.49999999999975564
RipVIS-108_01668.jpg,0.49543957368803265,0.0,0.0,0.0,0.0,0.0,0.0,0.9908791473760653,0.49999999999975664
RipVIS-108_01674.jpg,0.49365451388865084,0.0,0.0,0.0,0.0,0.0,0.0,0.9873090277773017,0.49999999999975575
RipVIS-108_01680.jpg,0.49393156828679885,0.0,0.0,0.0,0.0,0.0,0.0,0.9878631365735977,0.4999999999997559
RipVIS-108_01686.jpg,0.49376567322507053,0.0,0.0,0.0,0.0,0.0,0.0,0.9875313464501411,0.4999999999997558
RipVIS-108_01692.jpg,0.4942346643516135,0.0,0.0,0.0,0.0,0.0,0.0,0.988469328703227,0.4999999999997561
RipVIS-108_01698.jpg,0.4938100405090211,0.0,0.0,0.0,0.0,0.0,0.0,0.9876200810180422,0.49999999999975586
RipVIS-108_01704.jpg,0.49388310185161366,0.0,0.0,0.0,0.0,0.0,0.0,0.9877662037032273,0.49999999999975586
RipVIS-108_01710.jpg,0.4942997685182801,0.0,0.0,0.0,0.0,0.0,0.0,0.9885995370365602,0.4999999999997561
RipVIS-108_01716.jpg,0.4943137538577863,0.0,0.0,0.0,0.0,0.0,0.0,0.9886275077155726,0.4999999999997561
RipVIS-108_01722.jpg,0.4943400366509962,0.0,0.0,0.0,0.0,0.0,0.0,0.9886800733019924,0.4999999999997561
RipVIS-108_01728.jpg,0.494904272762107,0.0,0.0,0.0,0.0,0.0,0.0,0.989808545524214,0.49999999999975636
RipVIS-108_01734.jpg,0.4949804687497613,0.0,0.0,0.0,0.0,0.0,0.0,0.9899609374995226,0.4999999999997564
RipVIS-108_01740.jpg,0.49525318287013154,0.0,0.0,0.0,0.0,0.0,0.0,0.9905063657402631,0.4999999999997566
RipVIS-108_01746.jpg,0.49525318287013154,0.0,0.0,0.0,0.0,0.0,0.0,0.9905063657402631,0.4999999999997566
RipVIS-108_01752.jpg,0.4952358217590204,0.0,0.0,0.0,0.0,0.0,0.0,0.9904716435180408,0.49999999999975653
RipVIS-108_01758.jpg,0.4947171585645762,0.0,0.0,0.0,0.0,0.0,0.0,0.9894343171291524,0.4999999999997563
RipVIS-108_01764.jpg,0.49531539351827963,0.0,0.0,0.0,0.0,0.0,0.0,0.9906307870365593,0.4999999999997566
RipVIS-108_01770.jpg,0.495313464505934,0.0,0.0,0.0,0.0,0.0,0.0,0.990626929011868,0.4999999999997566
RipVIS-108_01776.jpg,0.49534746334852653,0.0,0.0,0.0,0.0,0.0,0.0,0.9906949266970531,0.4999999999997566
RipVIS-108_01782.jpg,0.49534746334852653,0.0,0.0,0.0,0.0,0.0,0.0,0.9906949266970531,0.4999999999997566
RipVIS-108_01788.jpg,0.4952748842590204,0.0,0.0,0.0,0.0,0.0,0.0,0.9905497685180408,0.4999999999997566
RipVIS-108_01794.jpg,0.4932257908948239,0.0,0.0,0.0,0.0,0.0,0.0,0.9864515817896478,0.4999999999997556
RipVIS-108_01800.jpg,0.4932257908948239,0.0,0.0,0.0,0.0,0.0,0.0,0.9864515817896478,0.4999999999997556
RipVIS-108_01806.jpg,0.4933989197528485,0.0,0.0,0.0,0.0,0.0,0.0,0.986797839505697,0.49999999999975564
RipVIS-108_01812.jpg,0.4932810088732189,0.0,0.0,0.0,0.0,0.0,0.0,0.9865620177464378,0.4999999999997556
RipVIS-108_01818.jpg,0.4932810088732189,0.0,0.0,0.0,0.0,0.0,0.0,0.9865620177464378,0.4999999999997556
RipVIS-108_01824.jpg,0.49465374228371206,0.0,0.0,0.0,0.0,0.0,0.0,0.9893074845674241,0.49999999999975625
RipVIS-108_01830.jpg,0.49465326003062565,0.0,0.0,0.0,0.0,0.0,0.0,0.9893065200612513,0.49999999999975625
RipVIS-108_01836.jpg,0.4930965470676634,0.0,0.0,0.0,0.0,0.0,0.0,0.9861930941353269,0.4999999999997555
RipVIS-108_01842.jpg,0.4928308256170463,0.0,0.0,0.0,0.0,0.0,0.0,0.9856616512340926,0.49999999999975536
RipVIS-108_01848.jpg,0.4945929783948232,0.0,0.0,0.0,0.0,0.0,0.0,0.9891859567896464,0.49999999999975625
RipVIS-108_01854.jpg,0.49470461998432935,0.0,0.0,0.0,0.0,0.0,0.0,0.9894092399686587,0.4999999999997563
RipVIS-108_01860.jpg,0.4930830439812437,0.0,0.0,0.0,0.0,0.0,0.0,0.9861660879624874,0.4999999999997555
RipVIS-108_01866.jpg,0.49359567901210766,0.0,0.0,0.0,0.0,0.0,0.0,0.9871913580242153,0.49999999999975575
RipVIS-108_01872.jpg,0.49359567901210766,0.0,0.0,0.0,0.0,0.0,0.0,0.9871913580242153,0.49999999999975575
RipVIS-108_01878.jpg,0.49361858603371256,0.0,0.0,0.0,0.0,0.0,0.0,0.9872371720674251,0.49999999999975575
RipVIS-108_01884.jpg,0.49356505594112,0.0,0.0,0.0,0.0,0.0,0.0,0.98713011188224,0.49999999999975575
RipVIS-108_01890.jpg,0.4937801408176631,0.0,0.0,0.0,0.0,0.0,0.0,0.9875602816353262,0.49999999999975586
RipVIS-108_01896.jpg,0.49467279128062563,0.0,0.0,0.0,0.0,0.0,0.0,0.9893455825612513,0.49999999999975625
RipVIS-108_01902.jpg,0.4938411458330952,0.0,0.0,0.0,0.0,0.0,0.0,0.9876822916661904,0.49999999999975586
RipVIS-108_01908.jpg,0.4951082658176625,0.0,0.0,0.0,0.0,0.0,0.0,0.990216531635325,0.4999999999997565
RipVIS-108_01914.jpg,0.49417872299358884,0.0,0.0,0.0,0.0,0.0,0.0,0.9883574459871777,0.49999999999975603
RipVIS-108_01920.jpg,0.4942303240738357,0.0,0.0,0.0,0.0,0.0,0.0,0.9884606481476714,0.4999999999997561
RipVIS-108_01926.jpg,0.4942303240738357,0.0,0.0,0.0,0.0,0.0,0.0,0.9884606481476714,0.4999999999997561
RipVIS-108_01932.jpg,0.4940494791664284,0.0,0.0,0.0,0.0,0.0,0.0,0.9880989583328568,0.499999999999756
RipVIS-108_01938.jpg,0.4971407214503775,0.0,0.0,0.0,0.0,0.0,0.0,0.994281442900755,0.49999999999975747
RipVIS-108_01944.jpg,0.49380835262321865,0.0,0.0,0.0,0.0,0.0,0.0,0.9876167052464373,0.49999999999975586
RipVIS-108_01950.jpg,0.49380835262321865,0.0,0.0,0.0,0.0,0.0,0.0,0.9876167052464373,0.49999999999975586
RipVIS-108_01956.jpg,0.4938071469905026,0.0,0.0,0.0,0.0,0.0,0.0,0.9876142939810052,0.49999999999975586
RipVIS-108_01962.jpg,0.49373601466025574,0.0,0.0,0.0,0.0,0.0,0.0,0.9874720293205115,0.4999999999997558
RipVIS-108_01968.jpg,0.49360508294729283,0.0,0.0,0.0,0.0,0.0,0.0,0.9872101658945857,0.49999999999975575
RipVIS-108_01974.jpg,0.49360797646581134,0.0,0.0,0.0,0.0,0.0,0.0,0.9872159529316227,0.49999999999975575
RipVIS-108_01980.jpg,0.49389660493803345,0.0,0.0,0.0,0.0,0.0,0.0,0.9877932098760669,0.4999999999997559
RipVIS-108_01986.jpg,0.49387490354914454,0.0,0.0,0.0,0.0,0.0,0.0,0.9877498070982891,0.49999999999975586
RipVIS-108_01992.jpg,0.49387490354914454,0.0,0.0,0.0,0.0,0.0,0.0,0.9877498070982891,0.49999999999975586
RipVIS-108_01998.jpg,0.49435715663556407,0.0,0.0,0.0,0.0,0.0,0.0,0.9887143132711281,0.49999999999975614
RipVIS-108_02004.jpg,0.49435715663556407,0.0,0.0,0.0,0.0,0.0,0.0,0.9887143132711281,0.49999999999975614
RipVIS-108_02010.jpg,0.494453607252848,0.0,0.0,0.0,0.0,0.0,0.0,0.988907214505696,0.49999999999975614
RipVIS-108_02016.jpg,0.4944511959874159,0.0,0.0,0.0,0.0,0.0,0.0,0.9889023919748318,0.49999999999975614
RipVIS-108_02022.jpg,0.4944666280861813,0.0,0.0,0.0,0.0,0.0,0.0,0.9889332561723626,0.4999999999997562
RipVIS-108_02028.jpg,0.4944666280861813,0.0,0.0,0.0,0.0,0.0,0.0,0.9889332561723626,0.4999999999997562
RipVIS-108_02034.jpg,0.4946173321756874,0.0,0.0,0.0,0.0,0.0,0.0,0.9892346643513747,0.49999999999975625
RipVIS-109_00000.jpg,0.49671826774667405,0.0,0.0,0.0,0.0,0.0,0.0,0.9934365354933481,0.4999999999997573
RipVIS-109_00006.jpg,0.49693431712938996,0.0,0.0,0.0,0.0,0.0,0.0,0.9938686342587799,0.49999999999975736
RipVIS-109_00012.jpg,0.49706380208309364,0.0,0.0,0.0,0.0,0.0,0.0,0.9941276041661873,0.49999999999975747
RipVIS-109_00018.jpg,0.4971026234565504,0.0,0.0,0.0,0.0,0.0,0.0,0.9942052469131007,0.49999999999975747
RipVIS-109_00024.jpg,0.49696879822506895,0.0,0.0,0.0,0.0,0.0,0.0,0.9939375964501379,0.4999999999997574
RipVIS-109_00030.jpg,0.4966432773917358,0.0,0.0,0.0,0.0,0.0,0.0,0.9932865547834716,0.49999999999975725
RipVIS-109_00036.jpg,0.496540075231242,0.0,0.0,0.0,0.0,0.0,0.0,0.993080150462484,0.4999999999997572
RipVIS-109_00042.jpg,0.4962487943670446,0.0,0.0,0.0,0.0,0.0,0.0,0.9924975887340892,0.499999999999757
RipVIS-109_00048.jpg,0.49616054205222987,0.0,0.0,0.0,0.0,0.0,0.0,0.9923210841044597,0.499999999999757
RipVIS-109_00054.jpg,0.49598066165099536,0.0,0.0,0.0,0.0,0.0,0.0,0.9919613233019907,0.4999999999997569
RipVIS-109_00060.jpg,0.49590301890408184,0.0,0.0,0.0,0.0,0.0,0.0,0.9918060378081637,0.49999999999975686
RipVIS-109_00066.jpg,0.4959396701386497,0.0,0.0,0.0,0.0,0.0,0.0,0.9918793402772994,0.4999999999997569
RipVIS-109_00072.jpg,0.49566912615716835,0.0,0.0,0.0,0.0,0.0,0.0,0.9913382523143367,0.49999999999975675
RipVIS-109_00078.jpg,0.4957050540121066,0.0,0.0,0.0,0.0,0.0,0.0,0.9914101080242133,0.4999999999997568
RipVIS-109_00084.jpg,0.4959637827929707,0.0,0.0,0.0,0.0,0.0,0.0,0.9919275655859414,0.4999999999997569
RipVIS-109_00090.jpg,0.4960013985337114,0.0,0.0,0.0,0.0,0.0,0.0,0.9920027970674228,0.4999999999997569
RipVIS-109_00096.jpg,0.49584876543185963,0.0,0.0,0.0,0.0,0.0,0.0,0.9916975308637193,0.49999999999975686
RipVIS-109_00102.jpg,0.4956105324071684,0.0,0.0,0.0,0.0,0.0,0.0,0.9912210648143368,0.49999999999975675
RipVIS-109_00108.jpg,0.49591555748432875,0.0,0.0,0.0,0.0,0.0,0.0,0.9918311149686575,0.49999999999975686
RipVIS-109_00114.jpg,0.4959018132713658,0.0,0.0,0.0,0.0,0.0,0.0,0.9918036265427316,0.49999999999975686
RipVIS-109_00120.jpg,0.4982093942898832,0.0,0.0,0.0,0.0,0.0,0.0,0.9964187885797664,0.499999999999758
RipVIS-109_00126.jpg,0.496356095678773,0.0,0.0,0.0,0.0,0.0,0.0,0.992712191357546,0.4999999999997571
RipVIS-109_00132.jpg,0.4964161361880322,0.0,0.0,0.0,0.0,0.0,0.0,0.9928322723760644,0.49999999999975714
RipVIS-109_00138.jpg,0.4965000482250692,0.0,0.0,0.0,0.0,0.0,0.0,0.9930000964501384,0.4999999999997572
RipVIS-109_00144.jpg,0.49655237268494573,0.0,0.0,0.0,0.0,0.0,0.0,0.9931047453698915,0.4999999999997572
RipVIS-109_00150.jpg,0.4964313271602544,0.0,0.0,0.0,0.0,0.0,0.0,0.9928626543205088,0.49999999999975714
RipVIS-109_00156.jpg,0.4965911940584025,0.0,0.0,0.0,0.0,0.0,0.0,0.993182388116805,0.4999999999997572
RipVIS-109_00162.jpg,0.49457561728371213,0.0,0.0,0.0,0.0,0.0,0.0,0.9891512345674243,0.49999999999975625
RipVIS-109_00168.jpg,0.49428240740716906,0.0,0.0,0.0,0.0,0.0,0.0,0.9885648148143381,0.4999999999997561
RipVIS-109_00174.jpg,0.49457851080223064,0.0,0.0,0.0,0.0,0.0,0.0,0.9891570216044613,0.49999999999975625
RipVIS-109_00180.jpg,0.49477671682074903,0.0,0.0,0.0,0.0,0.0,0.0,0.9895534336414981,0.4999999999997563
RipVIS-109_00186.jpg,0.49474995177445275,0.0,0.0,0.0,0.0,0.0,0.0,0.9894999035489055,0.4999999999997563
RipVIS-109_00192.jpg,0.49480613425902065,0.0,0.0,0.0,0.0,0.0,0.0,0.9896122685180413,0.49999999999975636
RipVIS-109_00198.jpg,0.4948890817898848,0.0,0.0,0.0,0.0,0.0,0.0,0.9897781635797696,0.49999999999975636
RipVIS-109_00204.jpg,0.4952871817127241,0.0,0.0,0.0,0.0,0.0,0.0,0.9905743634254482,0.4999999999997566
RipVIS-109_00210.jpg,0.4951632426695143,0.0,0.0,0.0,0.0,0.0,0.0,0.9903264853390286,0.49999999999975653
RipVIS-109_00216.jpg,0.4953117766201315,0.0,0.0,0.0,0.0,0.0,0.0,0.990623553240263,0.4999999999997566
RipVIS-109_00222.jpg,0.49547622492260057,0.0,0.0,0.0,0.0,0.0,0.0,0.9909524498452011,0.4999999999997567
RipVIS-109_00228.jpg,0.495566406249761,0.0,0.0,0.0,0.0,0.0,0.0,0.991132812499522,0.4999999999997567
RipVIS-109_00234.jpg,0.49553120177445237,0.0,0.0,0.0,0.0,0.0,0.0,0.9910624035489047,0.4999999999997567
RipVIS-109_00240.jpg,0.4956995081016128,0.0,0.0,0.0,0.0,0.0,0.0,0.9913990162032256,0.4999999999997568
RipVIS-109_00246.jpg,0.4953518036263043,0.0,0.0,0.0,0.0,0.0,0.0,0.9907036072526086,0.4999999999997566
RipVIS-109_00252.jpg,0.4953216628084031,0.0,0.0,0.0,0.0,0.0,0.0,0.9906433256168062,0.4999999999997566
RipVIS-109_00258.jpg,0.4953288966046994,0.0,0.0,0.0,0.0,0.0,0.0,0.9906577932093988,0.4999999999997566
RipVIS-109_00264.jpg,0.495338782792971,0.0,0.0,0.0,0.0,0.0,0.0,0.990677565585942,0.4999999999997566
RipVIS-109_00270.jpg,0.4953843557096376,0.0,0.0,0.0,0.0,0.0,0.0,0.9907687114192752,0.49999999999975664
RipVIS-109_00276.jpg,0.4954470486108722,0.0,0.0,0.0,0.0,0.0,0.0,0.9908940972217444,0.49999999999975664
RipVIS-109_00282.jpg,0.49521484374976116,0.0,0.0,0.0,0.0,0.0,0.0,0.9904296874995223,0.49999999999975653
RipVIS-109_00288.jpg,0.4951965181324772,0.0,0.0,0.0,0.0,0.0,0.0,0.9903930362649545,0.49999999999975653
RipVIS-109_00294.jpg,0.4950896990738353,0.0,0.0,0.0,0.0,0.0,0.0,0.9901793981476706,0.4999999999997565
RipVIS-109_00300.jpg,0.49506389853371185,0.0,0.0,0.0,0.0,0.0,0.0,0.9901277970674237,0.4999999999997565
RipVIS-109_00306.jpg,0.4950694444442057,0.0,0.0,0.0,0.0,0.0,0.0,0.9901388888884114,0.4999999999997565
RipVIS-109_00312.jpg,0.49523148148124263,0.0,0.0,0.0,0.0,0.0,0.0,0.9904629629624853,0.49999999999975653
RipVIS-109_00318.jpg,0.4950291763114897,0.0,0.0,0.0,0.0,0.0,0.0,0.9900583526229794,0.4999999999997565
RipVIS-109_00324.jpg,0.4951073013114896,0.0,0.0,0.0,0.0,0.0,0.0,0.9902146026229792,0.4999999999997565
RipVIS-109_00330.jpg,0.4951041666664279,0.0,0.0,0.0,0.0,0.0,0.0,0.9902083333328559,0.4999999999997565
RipVIS-109_00336.jpg,0.49518856095655134,0.0,0.0,0.0,0.0,0.0,0.0,0.9903771219131027,0.49999999999975653
RipVIS-109_00342.jpg,0.49463614004605777,0.0,0.0,0.0,0.0,0.0,0.0,0.9892722800921155,0.49999999999975625
RipVIS-109_00348.jpg,0.49464361496889725,0.0,0.0,0.0,0.0,0.0,0.0,0.9892872299377945,0.49999999999975625
RipVIS-109_00354.jpg,0.4948570119596379,0.0,0.0,0.0,0.0,0.0,0.0,0.9897140239192758,0.49999999999975636
RipVIS-109_00360.jpg,0.4950554591046995,0.0,0.0,0.0,0.0,0.0,0.0,0.990110918209399,0.4999999999997565
RipVIS-109_00366.jpg,0.49505570023124273,0.0,0.0,0.0,0.0,0.0,0.0,0.9901114004624855,0.4999999999997565
RipVIS-109_00372.jpg,0.49516179591025505,0.0,0.0,0.0,0.0,0.0,0.0,0.9903235918205101,0.49999999999975653
RipVIS-109_00378.jpg,0.4953354070213661,0.0,0.0,0.0,0.0,0.0,0.0,0.9906708140427322,0.4999999999997566
RipVIS-109_00384.jpg,0.4952859760800081,0.0,0.0,0.0,0.0,0.0,0.0,0.9905719521600161,0.4999999999997566
RipVIS-109_00390.jpg,0.4952866994596377,0.0,0.0,0.0,0.0,0.0,0.0,0.9905733989192754,0.4999999999997566
RipVIS-109_00396.jpg,0.4986627121911175,0.0,0.0,0.0,0.0,0.0,0.0,0.997325424382235,0.49999999999975825
RipVIS-109_00402.jpg,0.49532045717568707,0.0,0.0,0.0,0.0,0.0,0.0,0.9906409143513741,0.4999999999997566
RipVIS-109_00408.jpg,0.49540991512321786,0.0,0.0,0.0,0.0,0.0,0.0,0.9908198302464357,0.49999999999975664
RipVIS-109_00414.jpg,0.4954967206787734,0.0,0.0,0.0,0.0,0.0,0.0,0.9909934413575467,0.4999999999997567
RipVIS-109_00420.jpg,0.49535734953679816,0.0,0.0,0.0,0.0,0.0,0.0,0.9907146990735963,0.49999999999975664
RipVIS-109_00426.jpg,0.4953814621911191,0.0,0.0,0.0,0.0,0.0,0.0,0.9907629243822382,0.49999999999975664
RipVIS-109_00432.jpg,0.495413532021366,0.0,0.0,0.0,0.0,0.0,0.0,0.990827064042732,0.49999999999975664
RipVIS-109_00438.jpg,0.4955198688269215,0.0,0.0,0.0,0.0,0.0,0.0,0.991039737653843,0.4999999999997567
RipVIS-109_00444.jpg,0.49555242091025486,0.0,0.0,0.0,0.0,0.0,0.0,0.9911048418205097,0.4999999999997567
RipVIS-109_00450.jpg,0.4954275173608722,0.0,0.0,0.0,0.0,0.0,0.0,0.9908550347217444,0.49999999999975664
RipVIS-109_00456.jpg,0.4954805652003783,0.0,0.0,0.0,0.0,0.0,0.0,0.9909611304007566,0.4999999999997567
RipVIS-109_00462.jpg,0.4955316840275388,0.0,0.0,0.0,0.0,0.0,0.0,0.9910633680550776,0.4999999999997567
RipVIS-109_00468.jpg,0.49557532793185977,0.0,0.0,0.0,0.0,0.0,0.0,0.9911506558637195,0.4999999999997567
RipVIS-109_00474.jpg,0.49576943479914365,0.0,0.0,0.0,0.0,0.0,0.0,0.9915388695982873,0.4999999999997568
RipVIS-109_00480.jpg,0.49584900655840286,0.0,0.0,0.0,0.0,0.0,0.0,0.9916980131168057,0.49999999999975686
RipVIS-109_00486.jpg,0.4958895158176621,0.0,0.0,0.0,0.0,0.0,0.0,0.9917790316353242,0.49999999999975686
RipVIS-109_00492.jpg,0.4944104456016134,0.0,0.0,0.0,0.0,0.0,0.0,0.9888208912032268,0.49999999999975614
RipVIS-109_00498.jpg,0.49604624807074843,0.0,0.0,0.0,0.0,0.0,0.0,0.9920924961414969,0.49999999999975697
RipVIS-109_00504.jpg,0.4960648148145756,0.0,0.0,0.0,0.0,0.0,0.0,0.9921296296291512,0.49999999999975697
RipVIS-109_00510.jpg,0.49433690200593444,0.0,0.0,0.0,0.0,0.0,0.0,0.9886738040118689,0.4999999999997561
RipVIS-109_00516.jpg,0.4958451485337115,0.0,0.0,0.0,0.0,0.0,0.0,0.991690297067423,0.49999999999975686
RipVIS-109_00522.jpg,0.4957829378855634,0.0,0.0,0.0,0.0,0.0,0.0,0.9915658757711268,0.4999999999997568
RipVIS-109_00528.jpg,0.49562041859544,0.0,0.0,0.0,0.0,0.0,0.0,0.99124083719088,0.49999999999975675
RipVIS-109_00534.jpg,0.49543957368803265,0.0,0.0,0.0,0.0,0.0,0.0,0.9908791473760653,0.49999999999975664
RipVIS-109_00540.jpg,0.4953722993824772,0.0,0.0,0.0,0.0,0.0,0.0,0.9907445987649544,0.49999999999975664
RipVIS-109_00546.jpg,0.4956440489966746,0.0,0.0,0.0,0.0,0.0,0.0,0.9912880979933492,0.49999999999975675
RipVIS-109_00552.jpg,0.49565851658926713,0.0,0.0,0.0,0.0,0.0,0.0,0.9913170331785343,0.49999999999975675
RipVIS-109_00558.jpg,0.4957052951386498,0.0,0.0,0.0,0.0,0.0,0.0,0.9914105902772996,0.4999999999997568
RipVIS-109_00564.jpg,0.49568696952136587,0.0,0.0,0.0,0.0,0.0,0.0,0.9913739390427317,0.49999999999975675
RipVIS-109_00570.jpg,0.49567346643494614,0.0,0.0,0.0,0.0,0.0,0.0,0.9913469328698923,0.49999999999975675
RipVIS-109_00576.jpg,0.4961017071756867,0.0,0.0,0.0,0.0,0.0,0.0,0.9922034143513734,0.49999999999975697
RipVIS-109_00582.jpg,0.49618296682074836,0.0,0.0,0.0,0.0,0.0,0.0,0.9923659336414967,0.499999999999757
RipVIS-109_00588.jpg,0.4961070119596373,0.0,0.0,0.0,0.0,0.0,0.0,0.9922140239192746,0.49999999999975697
RipVIS-109_00594.jpg,0.4953464988423537,0.0,0.0,0.0,0.0,0.0,0.0,0.9906929976847074,0.4999999999997566
RipVIS-109_00600.jpg,0.4966131365738346,0.0,0.0,0.0,0.0,0.0,0.0,0.9932262731476692,0.49999999999975725
RipVIS-109_00606.jpg,0.4966951195985259,0.0,0.0,0.0,0.0,0.0,0.0,0.9933902391970518,0.49999999999975725
RipVIS-109_00612.jpg,0.4967491319442049,0.0,0.0,0.0,0.0,0.0,0.0,0.9934982638884098,0.4999999999997573
RipVIS-109_00618.jpg,0.49677010995346416,0.0,0.0,0.0,0.0,0.0,0.0,0.9935402199069283,0.4999999999997573
RipVIS-109_00624.jpg,0.4967980806324765,0.0,0.0,0.0,0.0,0.0,0.0,0.993596161264953,0.4999999999997573
RipVIS-109_00630.jpg,0.4971522955244516,0.0,0.0,0.0,0.0,0.0,0.0,0.9943045910489032,0.49999999999975747
RipVIS-109_00636.jpg,0.4972330729164269,0.0,0.0,0.0,0.0,0.0,0.0,0.9944661458328538,0.4999999999997575
RipVIS-109_00642.jpg,0.49744188850284654,0.0,0.0,0.0,0.0,0.0,0.0,0.9948837770056931,0.49999999999975764
RipVIS-109_00648.jpg,0.4966948784719827,0.0,0.0,0.0,0.0,0.0,0.0,0.9933897569439654,0.49999999999975725
RipVIS-109_00654.jpg,0.4963447627312421,0.0,0.0,0.0,0.0,0.0,0.0,0.9926895254624842,0.4999999999997571
RipVIS-121_00000.jpg,0.9594303965042801,0.9320337010987403,0.9648213699053968,0.9868612593413139,0.9437444225970464,0.9779255653614837,0.18723010481578345,0.9888425925868701,0.9880337020806138
RipVIS-121_00030.jpg,0.9471481231708521,0.9113391119436993,0.9536132089265213,0.9614796013227771,0.9458744904731071,0.9583175219684963,0.14354498942415136,0.985497685179482,0.9756921666080428
RipVIS-121_00060.jpg,0.9273625179158065,0.8782224404307732,0.935163398675347,0.9674664811650452,0.9049477754561079,0.9542810973146433,0.0954701834588675,0.9799074074017367,0.9747827304341343
RipVIS-121_00090.jpg,0.9219159738066696,0.869428512166767,0.9301543295272128,0.9733106408937721,0.8906626079254332,0.9555763154696804,0.07524475522370776,0.9781307870313766,0.9761447281892047
RipVIS-121_00120.jpg,0.9122660276165179,0.8538889825930862,0.9211867491641575,0.9829093027390596,0.8667580064782751,0.9572536410062418,0.17497705715051176,0.9749421296239875,0.9782283074812786
RipVIS-121_00150.jpg,0.8585330401786958,0.7682452107044216,0.8689351522670018,0.9738130390483405,0.7844511908614925,0.9289637739709272,0.14244354367618892,0.9562442129574291,0.9634912252912848
RipVIS-121_00180.jpg,0.8586982136317709,0.7725340135835449,0.8716718637423575,0.9885028289210611,0.7795383691107874,0.9382035235557759,0.14808362365038222,0.9535590277722594,0.9677138321728624
RipVIS-121_00210.jpg,0.8829573907786032,0.8131995368359376,0.8969774371936847,0.9954442681808982,0.8162373059349667,0.9535724214623297,0.08593306860864065,0.9607870370314768,0.9745289401248228
RipVIS-121_00240.jpg,0.8406327124930268,0.7535991140460879,0.8594884748855798,0.9908834794406355,0.7588606060422094,0.933782380946699,0.06193477663416422,0.9407696759204817,0.9602208968529029
RipVIS-121_00270.jpg,0.8461696925249451,0.7635732173896996,0.8659387768656182,0.9982394365888856,0.7646029004527052,0.9407473817188965,0.04648002173240554,0.9420891203649184,0.9636913014962845
RipVIS-121_00300.jpg,0.8681099370652492,0.8030470733597446,0.8907666197126739,0.9960697749274235,0.8055997038861422,0.9510957573140452,0.06644085459446565,0.9474826388834058,0.9651234670610116
RipVIS-121_00330.jpg,0.8987714274046196,0.8534269448016772,0.9209178135618361,0.9753086419528862,0.8722730543667673,0.9527991267748616,0.10488197422079347,0.957835648142605,0.9636332232410776
RipVIS-121_00360.jpg,0.947641841611266,0.9278449922509261,0.962572194321066,0.9597824450286099,0.9653782085075078,0.9608964020318647,0.0771498771309214,0.9770486111054568,0.9722489909284282
RipVIS-121_00390.jpg,0.33161168981289574,0.0,0.0,0.0,0.0,0.0,0.0,0.6632233796257915,0.4999999999956372
RipVIS-121_00420.jpg,0.33217303240548507,0.0,0.0,0.0,0.0,0.0,0.0,0.6643460648109701,0.4999999999956446
RipVIS-121_00450.jpg,0.8421630078868441,0.7921591463385926,0.8840276801945691,0.8003975510725865,0.9871732009926614,0.8318761631193249,0.06140963013226107,0.9235763888835441,0.8972237493751958
RipVIS-121_00480.jpg,0.3179832175907524,0.0,0.0,0.0,0.0,0.0,0.0,0.6359664351815048,0.49999999999545025
RipVIS-121_00510.jpg,0.32326678240553663,0.0,0.0,0.0,0.0,0.0,0.0,0.6465335648110733,0.4999999999955246
RipVIS-128_00000.jpg,0.7026837405672,0.5138158425835476,0.6788353353557801,0.697285374180235,0.6613364970064038,0.6897863042699031,0.012847168347157574,0.9027030285492739,0.8177603025378476
RipVIS-128_00030.jpg,0.7299986020119446,0.5573026402470207,0.7157281132697765,0.6638114124116554,0.7764546429330675,0.6836472748882103,0.005385329619146229,0.9133133198301367,0.8131057987776169
RipVIS-128_00060.jpg,0.8110893254403342,0.6911774324864673,0.8173919769852395,0.7849895078519291,0.852584608456387,0.7976372544635765,0.006008504344425695,0.9402311197915533,0.8785546246242062
RipVIS-128_00090.jpg,0.8392109590768959,0.7377915098602928,0.8491139537442056,0.8278371268134498,0.8715133337290829,0.8362186065859312,0.016886208537791266,0.9491285686727251,0.901161190438492
RipVIS-128_00120.jpg,0.8404427458928239,0.7400566634646032,0.8506121427000963,0.8239710052051279,0.879033597816444,0.8344246637320765,0.01363872664402805,0.9493596884643917,0.8999616479341805
RipVIS-128_00150.jpg,0.7996491006459763,0.6662323155837766,0.7996871856975806,0.6906286868853255,0.9496479054518072,0.7304766093525528,0.018294711164641507,0.940954740547726,0.8415468134123969
RipVIS-128_00180.jpg,0.7783492877445248,0.6234358616391963,0.7680449549878837,0.6664970667281535,0.9060986883846412,0.703713986825199,0.008785416208771308,0.939902826002973,0.8271883241179998
RipVIS-128_00210.jpg,0.8156279361338101,0.6862225525390814,0.8139169429394486,0.8952624649335348,0.7461225981561941,0.8608480757572768,0.006940561165522826,0.9509318335261199,0.9268879395857346
RipVIS-128_00240.jpg,0.8919160879640905,0.8179823651138662,0.8998793176551341,0.9253801679565261,0.8757462375653188,0.9150083369055032,0.009960293424525193,0.9703935185184015,0.9516662429568243
RipVIS-128_00270.jpg,0.8090246552079392,0.684977020236048,0.8130401922515119,0.7743336233599446,0.8558200166493891,0.789365414952341,0.011221775018377046,0.9415746768903186,0.8743655399610508
RipVIS-128_00300.jpg,0.6535532626414884,0.4555243252486395,0.6259247164018709,0.528696357714189,0.7669725646196728,0.5637228359185369,0.01213015852602111,0.8679757426696484,0.7431370501145267
RipVIS-128_00330.jpg,0.6477447413546998,0.44653811576497343,0.617388661796624,0.48281762082029434,0.8559628207787383,0.5289339112190489,0.008993046268755247,0.8653596402390932,0.729615698636467
RipVIS-128_00360.jpg,0.6049436225704684,0.37437756943047446,0.5447958083099567,0.39549599355926146,0.8751742636174358,0.44418732678322737,0.005028530670291422,0.8502499276619345,0.6894851630156448
RipVIS-128_00390.jpg,0.6807931208082232,0.4957046608647243,0.6628376227404926,0.5798929546587412,0.7734705559752507,0.6104485226313594,0.006407504045763864,0.8815034239968073,0.7686026400671753
RipVIS-128_00420.jpg,0.6838990317467779,0.5109178516082858,0.6763012973398163,0.6799365947733673,0.6727046655899706,0.6784777960988695,0.006617862371694938,0.8754949122298327,0.8008438776829276
RipVIS-128_00450.jpg,0.7923852255979382,0.6738321611856347,0.8051370702643633,0.8247025462394879,0.7864784339180249,0.8167633447354777,0.007095199348833354,0.9247785252699502,0.8863585030433692
RipVIS-128_00480.jpg,0.7665980243639097,0.6308703992782664,0.7736609844135438,0.8688434079003633,0.6972741023855881,0.8280918188825168,0.004322972490020616,0.9162982253085314,0.897247466172738
RipVIS-128_00510.jpg,0.7988658343691145,0.673395747179,0.8048254554419735,0.8264952456049529,0.7842629493231879,0.8176887922671435,0.003000607717904869,0.934546923225196,0.8910639976710328
RipVIS-128_00570.jpg,0.9182035730166511,0.87096915656369,0.9310352909968361,0.9281935362878008,0.9338944997589782,0.9293281539265612,0.0123478021595808,0.9719759114582162,0.9556880879012641
RipVIS-128_00600.jpg,0.7606178220692585,0.6315047225416739,0.7741377806836759,0.8432605590507659,0.7154885791412807,0.8141812546582715,0.004539625544895111,0.9072568238810634,0.8826904255079832
RipVIS-129_00000.jpg,0.47360050154315275,0.0,0.0,0.0,0.0,0.0,0.0,0.9472010030863055,0.49999999999993633
RipVIS-129_00030.jpg,0.47360050154315275,0.0,0.0,0.0,0.0,0.0,0.0,0.9472010030863055,0.49999999999993633
RipVIS-129_00060.jpg,0.4730632716048812,0.0,0.0,0.0,0.0,0.0,0.0,0.9461265432097624,0.4999999999999363
RipVIS-129_00090.jpg,0.4730632716048812,0.0,0.0,0.0,0.0,0.0,0.0,0.9461265432097624,0.4999999999999363
RipVIS-129_00120.jpg,0.4730632716048812,0.0,0.0,0.0,0.0,0.0,0.0,0.9461265432097624,0.4999999999999363
RipVIS-129_00150.jpg,0.4748551432291094,0.0,0.0,0.0,0.0,0.0,0.0,0.9497102864582188,0.4999999999999365
RipVIS-129_00180.jpg,0.4748551432291094,0.0,0.0,0.0,0.0,0.0,0.0,0.9497102864582188,0.4999999999999365
RipVIS-129_00210.jpg,0.4748551432291094,0.0,0.0,0.0,0.0,0.0,0.0,0.9497102864582188,0.4999999999999365
RipVIS-129_00240.jpg,0.47545808015040564,0.0,0.0,0.0,0.0,0.0,0.0,0.9509161603008113,0.4999999999999366
RipVIS-129_00270.jpg,0.47545808015040564,0.0,0.0,0.0,0.0,0.0,0.0,0.9509161603008113,0.4999999999999366
RipVIS-129_00300.jpg,0.47471601321367735,0.0,0.0,0.0,0.0,0.0,0.0,0.9494320264273547,0.4999999999999365
RipVIS-129_00330.jpg,0.47471601321367735,0.0,0.0,0.0,0.0,0.0,0.0,0.9494320264273547,0.4999999999999365
RipVIS-129_00360.jpg,0.4750245949073501,0.0,0.0,0.0,0.0,0.0,0.0,0.9500491898147002,0.49999999999993655
RipVIS-129_00390.jpg,0.4750245949073501,0.0,0.0,0.0,0.0,0.0,0.0,0.9500491898147002,0.49999999999993655
RipVIS-129_00420.jpg,0.4750021701388316,0.0,0.0,0.0,0.0,0.0,0.0,0.9500043402776632,0.49999999999993655
RipVIS-129_00450.jpg,0.47543487172062165,0.0,0.0,0.0,0.0,0.0,0.0,0.9508697434412433,0.4999999999999366
RipVIS-129_00480.jpg,0.47578649450225746,0.0,0.0,0.0,0.0,0.0,0.0,0.9515729890045149,0.49999999999993666
RipVIS-129_00510.jpg,0.4760916401426895,0.0,0.0,0.0,0.0,0.0,0.0,0.952183280285379,0.49999999999993666
RipVIS-129_00540.jpg,0.4769388382522573,0.0,0.0,0.0,0.0,0.0,0.0,0.9538776765045146,0.4999999999999368
RipVIS-129_00570.jpg,0.4773838975693869,0.0,0.0,0.0,0.0,0.0,0.0,0.9547677951387737,0.49999999999993683
RipVIS-129_00600.jpg,0.4773838975693869,0.0,0.0,0.0,0.0,0.0,0.0,0.9547677951387737,0.49999999999993683
RipVIS-129_00630.jpg,0.4773838975693869,0.0,0.0,0.0,0.0,0.0,0.0,0.9547677951387737,0.49999999999993683
RipVIS-129_00660.jpg,0.4773838975693869,0.0,0.0,0.0,0.0,0.0,0.0,0.9547677951387737,0.49999999999993683
RipVIS-129_00690.jpg,0.4775180242090474,0.0,0.0,0.0,0.0,0.0,0.0,0.9550360484180948,0.4999999999999369
RipVIS-129_00720.jpg,0.477313066647319,0.0,0.0,0.0,0.0,0.0,0.0,0.954626133294638,0.49999999999993683
RipVIS-129_00750.jpg,0.4774866174767943,0.0,0.0,0.0,0.0,0.0,0.0,0.9549732349535885,0.4999999999999369
RipVIS-129_00780.jpg,0.4774866174767943,0.0,0.0,0.0,0.0,0.0,0.0,0.9549732349535885,0.4999999999999369
RipVIS-129_00810.jpg,0.47592387635025124,0.0,0.0,0.0,0.0,0.0,0.0,0.9518477527005025,0.49999999999993666
RipVIS-129_00840.jpg,0.47592387635025124,0.0,0.0,0.0,0.0,0.0,0.0,0.9518477527005025,0.49999999999993666
RipVIS-129_00870.jpg,0.4760230396411463,0.0,0.0,0.0,0.0,0.0,0.0,0.9520460792822926,0.49999999999993666
RipVIS-129_00900.jpg,0.4760230396411463,0.0,0.0,0.0,0.0,0.0,0.0,0.9520460792822926,0.49999999999993666
RipVIS-129_00930.jpg,0.4760230396411463,0.0,0.0,0.0,0.0,0.0,0.0,0.9520460792822926,0.49999999999993666
RipVIS-129_00960.jpg,0.4757368224343562,0.0,0.0,0.0,0.0,0.0,0.0,0.9514736448687124,0.4999999999999366
RipVIS-129_00990.jpg,0.47580801504623893,0.0,0.0,0.0,0.0,0.0,0.0,0.9516160300924779,0.49999999999993666
RipVIS-129_01020.jpg,0.47580801504623893,0.0,0.0,0.0,0.0,0.0,0.0,0.9516160300924779,0.49999999999993666
RipVIS-129_01050.jpg,0.47449315200611564,0.0,0.0,0.0,0.0,0.0,0.0,0.9489863040122313,0.49999999999993644
RipVIS-129_01080.jpg,0.4737820698301898,0.0,0.0,0.0,0.0,0.0,0.0,0.9475641396603796,0.4999999999999364
RipVIS-129_01110.jpg,0.4742355082946959,0.0,0.0,0.0,0.0,0.0,0.0,0.9484710165893918,0.49999999999993644
RipVIS-129_01140.jpg,0.4742355082946959,0.0,0.0,0.0,0.0,0.0,0.0,0.9484710165893918,0.49999999999993644
RipVIS-129_01170.jpg,0.47279996141969605,0.0,0.0,0.0,0.0,0.0,0.0,0.9455999228393921,0.4999999999999362
RipVIS-129_01200.jpg,0.47306134259253557,0.0,0.0,0.0,0.0,0.0,0.0,0.9461226851850711,0.4999999999999363
RipVIS-129_01230.jpg,0.4740582200038009,0.0,0.0,0.0,0.0,0.0,0.0,0.9481164400076018,0.4999999999999364
RipVIS-129_01260.jpg,0.4740582200038009,0.0,0.0,0.0,0.0,0.0,0.0,0.9481164400076018,0.4999999999999364
RipVIS-129_01290.jpg,0.4773499590084301,0.0,0.0,0.0,0.0,0.0,0.0,0.9546999180168602,0.49999999999993683
RipVIS-129_01320.jpg,0.47685661410102276,0.0,0.0,0.0,0.0,0.0,0.0,0.9537132282020455,0.4999999999999368
RipVIS-129_01350.jpg,0.47719509548605354,0.0,0.0,0.0,0.0,0.0,0.0,0.9543901909721071,0.49999999999993683
RipVIS-129_01380.jpg,0.47960111641583725,0.0,0.0,0.0,0.0,0.0,0.0,0.9592022328316745,0.49999999999993716
RipVIS-129_01410.jpg,0.47980969087571373,0.0,0.0,0.0,0.0,0.0,0.0,0.9596193817514275,0.49999999999993716
RipVIS-129_01440.jpg,0.47980969087571373,0.0,0.0,0.0,0.0,0.0,0.0,0.9596193817514275,0.49999999999993716
RipVIS-129_01470.jpg,0.4768438343942326,0.0,0.0,0.0,0.0,0.0,0.0,0.9536876687884652,0.4999999999999368
RipVIS-129_01500.jpg,0.4768438343942326,0.0,0.0,0.0,0.0,0.0,0.0,0.9536876687884652,0.4999999999999368
RipVIS-129_01530.jpg,0.4772576075423807,0.0,0.0,0.0,0.0,0.0,0.0,0.9545152150847614,0.49999999999993683
RipVIS-129_01560.jpg,0.4782072241511769,0.0,0.0,0.0,0.0,0.0,0.0,0.9564144483023538,0.49999999999993694
RipVIS-129_01590.jpg,0.4788561559605904,0.0,0.0,0.0,0.0,0.0,0.0,0.9577123119211808,0.49999999999993705
RipVIS-129_01620.jpg,0.4788561559605904,0.0,0.0,0.0,0.0,0.0,0.0,0.9577123119211808,0.49999999999993705
RipVIS-129_01650.jpg,0.48364010657787376,0.0,0.0,0.0,0.0,0.0,0.0,0.9672802131557475,0.49999999999993766
RipVIS-129_01680.jpg,0.48364010657787376,0.0,0.0,0.0,0.0,0.0,0.0,0.9672802131557475,0.49999999999993766
RipVIS-129_01710.jpg,0.48364010657787376,0.0,0.0,0.0,0.0,0.0,0.0,0.9672802131557475,0.49999999999993766
RipVIS-129_01740.jpg,0.48364010657787376,0.0,0.0,0.0,0.0,0.0,0.0,0.9672802131557475,0.49999999999993766
RipVIS-129_01770.jpg,0.48164098668975674,0.0,0.0,0.0,0.0,0.0,0.0,0.9632819733795135,0.4999999999999374
RipVIS-129_01800.jpg,0.4812211853780284,0.0,0.0,0.0,0.0,0.0,0.0,0.9624423707560568,0.49999999999993733
RipVIS-129_01830.jpg,0.4812211853780284,0.0,0.0,0.0,0.0,0.0,0.0,0.9624423707560568,0.49999999999993733
RipVIS-129_01860.jpg,0.4812211853780284,0.0,0.0,0.0,0.0,0.0,0.0,0.9624423707560568,0.49999999999993733
RipVIS-129_01890.jpg,0.4812211853780284,0.0,0.0,0.0,0.0,0.0,0.0,0.9624423707560568,0.49999999999993733
RipVIS-129_01920.jpg,0.4812211853780284,0.0,0.0,0.0,0.0,0.0,0.0,0.9624423707560568,0.49999999999993733
RipVIS-129_01950.jpg,0.48143548659330615,0.0,0.0,0.0,0.0,0.0,0.0,0.9628709731866123,0.4999999999999374
RipVIS-129_01980.jpg,0.48143548659330615,0.0,0.0,0.0,0.0,0.0,0.0,0.9628709731866123,0.4999999999999374
RipVIS-129_02010.jpg,0.4819944782021024,0.0,0.0,0.0,0.0,0.0,0.0,0.9639889564042048,0.49999999999993744
RipVIS-129_02040.jpg,0.4789723186727817,0.0,0.0,0.0,0.0,0.0,0.0,0.9579446373455635,0.49999999999993705
RipVIS-133_00000.jpg,0.8391389322367541,0.6838734583811836,0.8122622931994372,0.9109458218465478,0.7328698812750136,0.8687283369617189,0.024362127265265744,0.9944713300538924,0.95326418818178
RipVIS-133_00030.jpg,0.8153007331358086,0.6381179238309771,0.7790866756877252,0.911286935771546,0.6803835372426181,0.853365214450326,0.028567132759843097,0.9925818624613001,0.9525263505834636
RipVIS-133_00060.jpg,0.8040977515226337,0.6170264666390014,0.7631618645321179,0.9073448794757653,0.6585189167737711,0.8435933537397902,0.04176136363339763,0.9912929205245719,0.9499780477217937
RipVIS-133_00090.jpg,0.8079230922571503,0.6260100611309706,0.7699953107246453,0.9538973449314998,0.6455412931080653,0.8707144210820926,0.037952218427443535,0.9900061487267324,0.9722740165410304
RipVIS-133_00120.jpg,0.7897178111972608,0.5919343074445471,0.7436667514185932,0.9782692205731848,0.5998213161664203,0.8686562037966034,0.00987198267563391,0.9877238859952513,0.9830842009742726
RipVIS-133_00150.jpg,0.8178528956220352,0.6449601173872894,0.7841650512617748,0.9469860714935537,0.6691193332877811,0.8743660664302447,0.02782746968609107,0.9908986786264237,0.9693325191856967
RipVIS-133_00180.jpg,0.8254271446023133,0.6596540816343639,0.7949296048303774,0.8094955420489705,0.7808785964868442,0.8036055772979431,0.01792565154002344,0.991347776813152,0.9023451453536389
RipVIS-133_00210.jpg,0.4884440706982436,0.0,0.0,0.0,0.0,0.0,0.0,0.9768881413964872,0.49999999999993827
RipVIS-133_00240.jpg,0.48897069106861385,0.0,0.0,0.0,0.0,0.0,0.0,0.9779413821372277,0.4999999999999383
RipVIS-133_00270.jpg,0.4886199725115152,0.0,0.0,0.0,0.0,0.0,0.0,0.9772399450230304,0.4999999999999383
RipVIS-133_00300.jpg,0.4856807002314229,0.0,0.0,0.0,0.0,0.0,0.0,0.9713614004628458,0.49999999999993794
RipVIS-133_00330.jpg,0.486731047453645,0.0,0.0,0.0,0.0,0.0,0.0,0.97346209490729,0.49999999999993805
RipVIS-133_00360.jpg,0.4868602309991697,0.0,0.0,0.0,0.0,0.0,0.0,0.9737204619983394,0.49999999999993805
RipVIS-133_00390.jpg,0.4840832971642935,0.0,0.0,0.0,0.0,0.0,0.0,0.968166594328587,0.4999999999999377
RipVIS-133_00420.jpg,0.4818605324073493,0.0,0.0,0.0,0.0,0.0,0.0,0.9637210648146985,0.49999999999993744
RipVIS-133_00450.jpg,0.48302209924762696,0.0,0.0,0.0,0.0,0.0,0.0,0.9660441984952539,0.4999999999999376
RipVIS-134_00000.jpg,0.6886352815568527,0.40363906836185404,0.5751322793158349,0.9703755104154742,0.40867502922284227,0.7611453501029961,0.007072005877706098,0.9740938464504998,0.9722688909499257
RipVIS-134_00060.jpg,0.7404029468976339,0.4982206782961688,0.6650831690065359,0.9671008855804533,0.5068104120739428,0.8184380924958173,0.0185734353041687,0.9828812210646963,0.9751322085883302
RipVIS-134_00120.jpg,0.6744800700123763,0.37689288790937414,0.5474541864787101,0.9485555777279615,0.3847575599353807,0.7335705304890967,0.028776978416026493,0.9725313464505,0.9607571828890651
RipVIS-134_00180.jpg,0.6361700750691526,0.30479762397317856,0.4671952467924543,0.7965230484870708,0.3305338199573099,0.6213314397680738,0.006576146094215066,0.9679979263116116,0.8837978235551722
RipVIS-134_00240.jpg,0.7796110929565367,0.5700198199135617,0.7261307311966857,0.8815294011260277,0.6173095381207622,0.812017692583045,0.014358199286712826,0.989354745370251,0.9363191961432402
RipVIS-134_00300.jpg,0.8349156682925926,0.6764572465371282,0.8070080497840442,0.9447575065358634,0.704315943195449,0.8843753462668724,0.03875248838495338,0.9934646267359913,0.9694684614533143
RipVIS-134_00360.jpg,0.7019606405742425,0.4213862427424655,0.5929229228072873,0.45597716896776264,0.8474379102975959,0.5023915599491112,0.019300715709298328,0.9827543885029679,0.7268260415982359
RipVIS-134_00420.jpg,0.6716639553614419,0.3638878510302568,0.5336037721215602,0.416378052043839,0.7427015451869275,0.4564921796141602,0.023425152403283744,0.9796790605708695,0.7061176079571921
RipVIS-134_00480.jpg,0.6721416845761653,0.3837699766730596,0.5546730788244759,0.8318693900712393,0.4160398750239479,0.6932829152060246,0.045805023282471755,0.9614611062884643,0.8985902624704196
RipVIS-134_00540.jpg,0.6329512536767756,0.2946418678739818,0.4551712333509389,0.4677073578811553,0.4432895869074148,0.4626109475454016,0.024456772999331633,0.9716015624998828,0.7262109533533805
RipVIS-134_00600.jpg,0.6104338257923996,0.2524781005064186,0.403165692724421,0.711276352206716,0.2813084922279578,0.5447507588088348,0.0265000234916835,0.9687234760801301,0.8419405157926445
RipVIS-134_00660.jpg,0.6728456183151256,0.3706543462694285,0.5408429153247207,0.7918168341242509,0.4106754147644312,0.6678522009258282,0.01967294762099805,0.9753985821758083,0.8853186502485377
RipVIS-134_00720.jpg,0.6193361699183767,0.2802205615484299,0.4377691937856434,0.9082710180657507,0.2883818560279573,0.6351951689584798,0.03292282430078314,0.9591131365739584,0.9341455396658839
RipVIS-134_00780.jpg,0.6454473516584797,0.3139286349323983,0.4778473146656857,0.6786935919108243,0.36872906135026584,0.5810106518731446,0.032025547443794454,0.9772063078702525,0.8302794419317623
RipVIS-134_00840.jpg,0.6151603279760931,0.25129274286769465,0.40165300134608883,0.3925253892999829,0.411215218421477,0.39612619519067704,0.010896130345677386,0.9791745032792029,0.6911679323535407
RipVIS-137_00000.jpg,0.7553332137748154,0.6725978205489684,0.8042552875361432,0.8066052909990186,0.8019189375249001,0.8056636435492801,0.009117155447154036,0.8784903971351784,0.8586562282319112
RipVIS-137_00030.jpg,0.8117065177743563,0.7331626788625097,0.8460402336192595,0.7486402598773463,0.9725746300513314,0.7847791901442552,0.010189790891476804,0.9156776258678072,0.869589534630654
RipVIS-137_00060.jpg,0.7621614961681872,0.6597677988203583,0.7950121689181741,0.6803027009757224,0.956250701449095,0.7219709451762025,0.009217041721369954,0.892729763454619,0.8332971002585945
RipVIS-137_00090.jpg,0.7903865912564498,0.7019149929131863,0.8248531752008492,0.7220926825473385,0.9617140069691489,0.7599632772764401,0.012598039215068723,0.9057451714407265,0.8546679989688446
RipVIS-137_00120.jpg,0.7656514548113431,0.6921087150979263,0.8180428466830186,0.7460011250045763,0.905486118177364,0.7732395559028872,0.03022211433304114,0.8818885633678164,0.8514876030503333
RipVIS-137_00150.jpg,0.7567826734656233,0.7156046685216219,0.8342302648759703,0.8211266376925703,0.8477588924439994,0.8263183783529259,0.008474284336061377,0.8660552300344874,0.859231148722911
RipVIS-143_00000.jpg,0.9011360235723387,0.8212538264036471,0.9018554300312355,0.9736690373738203,0.8399074942520455,0.943613536359245,0.011229800054266877,0.9825408709489556,0.9785032218635383
RipVIS-143_00012.jpg,0.9023834874311931,0.8236592955620008,0.9033039203829705,0.9671659433468115,0.8473531434953683,0.9405673501786395,0.009838175799474155,0.9826396122684,0.9756107979882453
RipVIS-143_00024.jpg,0.9208615389540846,0.8573773781943833,0.9232129003615491,0.9596857617506949,0.8894108377517517,0.9447561778570222,0.01780619773645813,0.9856921537421651,0.9739691009927098
RipVIS-143_00036.jpg,0.9131728497673076,0.8424705643019905,0.9145009756192829,0.9598308575612532,0.8732595904033318,0.9411701312968144,0.01159536185467836,0.9851552854937083,0.9736348300016673
RipVIS-143_00048.jpg,0.9318789142064235,0.8766458618050768,0.9342688246591856,0.943570637369463,0.9251486180371185,0.9398277737745545,0.017101407502661217,0.9881933593748808,0.9680596789548481
RipVIS-143_00060.jpg,0.7429244855513011,0.5522648451289893,0.7115600754110971,0.9899342082433729,0.5553836059074236,0.855984120052577,0.008295886622564202,0.9386130401233436,0.9621483243189786
RipVIS-143_00072.jpg,0.7501054170012265,0.5681806423613613,0.7246367248938831,0.9443750970849916,0.5878541014115813,0.842217679172039,0.013534827421283981,0.9376099537035907,0.9406704951534108
RipVIS-143_00084.jpg,0.7405599492313855,0.5519353420744678,0.7112865170487029,0.9679345367685706,0.5622150844308429,0.8458534326027096,0.005437794402693343,0.9348662953316774,0.9499060140100525
RipVIS-143_00096.jpg,0.7433430463231482,0.5587980531593015,0.7169601630265766,0.9555279328672961,0.5737190586740895,0.8432868005350199,0.009620523783729894,0.9339230082946405,0.9436885293003308
RipVIS-143_00108.jpg,0.7382896304092736,0.55050171127833,0.7100949418810537,0.9243079549926785,0.5764903958449031,0.8247835862103661,0.004716649067063827,0.9322143856094555,0.9286512672268719
RipVIS-143_00120.jpg,0.7418607095978582,0.5583280221938767,0.7165731659087283,0.9595645975776619,0.5717806279765544,0.8449543021638655,0.010744627685773377,0.9318232783563691,0.9443252035946131
RipVIS-143_00132.jpg,0.7308608618896258,0.5379270659973704,0.6995482138140485,0.9436975270964465,0.5557635016732991,0.8280925051807929,0.00802278331511052,0.9300043402776657,0.9362038733453868
RipVIS-143_00144.jpg,0.7316408925995593,0.5413075532812356,0.7024004419220096,0.9358853403444127,0.5621541021421556,0.8260503913830759,0.019448607576611182,0.9285529996140856,0.9318561765377971
RipVIS-143_00156.jpg,0.7348737203733067,0.5434893272913432,0.704234642483869,0.9340289356796647,0.5651850876210599,0.8261930339377328,0.008074108783906783,0.9322095630785913,0.9330332120324403
RipVIS-143_00168.jpg,0.7304012390405741,0.5366222165932841,0.6984439126267277,0.8926534312863926,0.5736402691781435,0.8033063876331666,0.011016130762508812,0.9303002025461841,0.9133481050463863
RipVIS-143_00180.jpg,0.7299096072624309,0.5367648570145912,0.698564721290337,0.9735864044746194,0.54469702864773,0.8411272493837585,0.0070396848553020246,0.9293531780477274,0.9494394804888836
RipVIS-143_00192.jpg,0.7241153259184845,0.5233193931717595,0.6870777008649996,0.9722312004196068,0.5312601448917419,0.8338107293995898,0.005276652669715854,0.930629822530752,0.949662658699322
RipVIS-143_00204.jpg,0.7285871670029649,0.5296644515625621,0.6925237113557898,0.9804306356465009,0.5353239421198425,0.8406373988386368,0.005144182002421961,0.9329809268903196,0.954727141511633
RipVIS-143_00216.jpg,0.7410601507962342,0.5495084609603048,0.7092680999234403,0.9619531858351855,0.5617167877896136,0.8419686937946486,0.011581455011486844,0.9377303964119239,0.9488034840500315
RipVIS-143_00228.jpg,0.7560723481520522,0.5751922524166448,0.730313714448748,0.9244969914420885,0.603544060681813,0.8356233586941847,0.01610131500238713,0.9419112895446395,0.9340137913310869
RipVIS-143_00240.jpg,0.7608790296450765,0.5838840091123046,0.7372812728118207,0.9340469666591286,0.6089915336952597,0.8439532394203199,0.015379396131954487,0.9428555410878493,0.9388648472947989
RipVIS-143_00252.jpg,0.7811697517978973,0.6168273597906454,0.7630095520779846,0.9629610433722151,0.6318174862411591,0.8715979369352699,0.017529571455593192,0.9499060812113052,0.955836975738102
RipVIS-143_00264.jpg,0.766049443071487,0.5922728633466088,0.7439338783954164,0.9333788776212815,0.6184159268061625,0.8470929688897563,0.02603786627650686,0.9446630256557503,0.9395526432344912
RipVIS-143_00276.jpg,0.7521557835540666,0.5681924598506881,0.7246463356988558,0.9227808035982881,0.5965568896984064,0.8318069732389262,0.012231254272877336,0.9410724103008125,0.9327656131203751
RipVIS-143_00288.jpg,0.736758020927365,0.5414366681140311,0.7025091323102963,0.9599235540492503,0.5539587825657992,0.8372142473936219,0.003564015195881251,0.9371219135801339,0.9475670681422722
RipVIS-143_00300.jpg,0.7448510229783811,0.5573426190230869,0.7157610820060971,0.9330949070410774,0.5805427156467697,0.8320387483329316,0.015472779369036379,0.9376679446372326,0.935591402461935
RipVIS-143_00312.jpg,0.7718974062042481,0.6014927129531986,0.7511650950244148,0.9521127285270979,0.6202570756472442,0.8600792267649986,0.01568366708324141,0.9469243103779722,0.9492801903067847
RipVIS-143_00324.jpg,0.7804157555149592,0.6142648429592195,0.7610459282916284,0.9702579494111105,0.626053125760396,0.8741375561198338,0.023425423123253977,0.9507567756557496,0.9596500157918677
RipVIS-143_00336.jpg,0.7855361320477439,0.6229046129931869,0.7676416814717648,0.9326508789675749,0.6522435354147242,0.8588084608949593,0.014909308351010193,0.9522554976850703,0.9433586581940911
RipVIS-143_00348.jpg,0.7840351069016118,0.6195624784578524,0.7650985827330352,0.9149123632400153,0.657444317067025,0.8484578289741416,0.012450984354915673,0.9524916811341444,0.9354377572380616
RipVIS-143_00360.jpg,0.7685193857144406,0.5953634276408851,0.7463671503630593,0.9234516353501258,0.6262710990008653,0.8434081853841395,0.010634869480718866,0.9462849633486513,0.9359368490359747
RipVIS-143_00372.jpg,0.7708165439442508,0.6000062893641452,0.7500049135464241,0.9485203360567173,0.6202029076489532,0.8577108837928078,0.014055898601963929,0.946326557677355,0.9473217046757917
RipVIS-143_00384.jpg,0.7753064044317185,0.6063897409359119,0.754972128473154,0.9606690837116337,0.6218274183808435,0.8662616830077652,0.010094351283008762,0.948636670524577,0.9541128450582601
RipVIS-143_00396.jpg,0.7899799006464175,0.629156594474486,0.7723709269058102,0.9575692180870592,0.6471995559474519,0.8737650326607905,0.008389671743569697,0.9545930989582182,0.9559509725159419
RipVIS-143_00408.jpg,0.7899549251453601,0.6292811386078525,0.7724647682910574,0.962840140393257,0.6449445727104619,0.8764400329712616,0.01715174587510124,0.954446373456675,0.9582767736360578
RipVIS-143_00420.jpg,0.7777613321491141,0.6107754698203312,0.7583620203608616,0.9596643797958498,0.6268681033978696,0.8675501220622023,0.013716334527903096,0.9491555748455646,0.9539335186488336
RipVIS-143_00432.jpg,0.7721120521798532,0.6011614812961702,0.7509067490301088,0.9599977155763041,0.6166074265386836,0.8637885004233502,0.014205024447217796,0.9475628134643919,0.9532224503611312
RipVIS-143_00444.jpg,0.7675694561653045,0.5930196216849748,0.744522683352417,0.9767017601215755,0.6015287802480012,0.8683801681860411,0.01034842478571465,0.9466212143131575,0.9603601262132057
RipVIS-143_00456.jpg,0.7696954362683681,0.5959280073182017,0.7468106388076985,0.9706347890990482,0.6068692384397034,0.8667289951580918,0.013911586004026331,0.9478141878856882,0.9582418200584866
RipVIS-143_00468.jpg,0.7919580896539793,0.6329788638907451,0.7752444050409886,0.9599184097300698,0.6501627715364325,0.8764092576239415,0.02269443263821953,0.9547649016202552,0.9571137132176618
RipVIS-143_00480.jpg,0.789689698063476,0.6290418015717779,0.7722844201601802,0.9573218934615653,0.6471910721867302,0.8735971869022594,0.017249243271665247,0.9541949990353787,0.9556203947714557
RipVIS-143_00492.jpg,0.7765821734108638,0.6057019087845129,0.7544387977255607,0.9556690755800286,0.6232122321297433,0.8635371151643985,0.01904684713814853,0.951385874806984,0.9533459386697556
RipVIS-143_00504.jpg,0.762588170845911,0.5792227883123982,0.7335542427568081,0.9420922187633708,0.6006063001671031,0.845901592021981,0.016217514915459995,0.9496960599921694,0.9461957598382882
RipVIS-143_00516.jpg,0.7632209271336639,0.5771525250282404,0.7318918314738214,0.8723412551406099,0.6303962430283176,0.8101541003810111,0.01334849250406988,0.9525720968363048,0.9156722061850516
RipVIS-143_00528.jpg,0.7623401183459269,0.5738413503532624,0.7292238829847223,0.8587205375962202,0.6336658881889291,0.8017688208504514,0.014976908799906041,0.9538911795909344,0.9100145377456798
RipVIS-143_00540.jpg,0.7552182335541249,0.5605608397295656,0.7184094659541846,0.8694845245721765,0.6120621698538924,0.8020213682722154,0.007065706570339077,0.9528879726079098,0.9142826233535626
RipVIS-143_00552.jpg,0.7576088147217945,0.5621893866903355,0.7197454949830296,0.842603886326699,0.6281554083100975,0.7887490500614681,0.016011170583383236,0.9557002314813662,0.9032460717404545
RipVIS-143_00564.jpg,0.7436019629178332,0.5374626113725576,0.6991553581816757,0.8198076520023505,0.6094602062753641,0.766872399229081,0.00866239690325474,0.9525144675924777,0.8909492852294285
RipVIS-143_00576.jpg,0.7500983315908922,0.5462997517882638,0.7065897167175762,0.7813981148757377,0.6448536237787521,0.7496511476040886,0.011793123045761432,0.956321614583218,0.8751714049953847
RipVIS-143_00588.jpg,0.7520556403557935,0.5468726698679383,0.7070687594663194,0.8422343104354815,0.6092875521824441,0.7824073059613504,0.013568844029062613,0.9593371431326003,0.9044084991652221
RipVIS-143_00600.jpg,0.7539490827510129,0.54968841481989,0.709417983077297,0.833807280068692,0.6173241410603559,0.7791601282320253,0.01673720661712499,0.960238112461304,0.9009299727520779
RipVIS-143_00612.jpg,0.7327717667807188,0.5110929448457141,0.6764546768470259,0.8455069031388309,0.563739541977041,0.7686680278483583,0.012651315190104154,0.956520905671181,0.9041673264980667
RipVIS-143_00624.jpg,0.7324619553558918,0.5077201990751288,0.6734939273037217,0.8686626697035262,0.5499358509852129,0.7784314282694933,0.01570514275268008,0.9590128279319832,0.9161486122749161
RipVIS-143_00636.jpg,0.7458191829866453,0.5306879851843599,0.6933979887748873,0.8452711153289139,0.5877878713222302,0.7771815114096874,0.013409961685181515,0.9626017554011185,0.9070260509349104
RipVIS-143_00648.jpg,0.699500540688397,0.45274604662316625,0.6232968902934567,0.8510005519102407,0.4917251559707947,0.7425000967295324,0.011200970480743996,0.94854299286254,0.9023399883269057
RipVIS-143_00660.jpg,0.6321914398681527,0.3429185860794798,0.5107064413794394,0.8885950233299631,0.35832378745346843,0.6856584733321912,0.014151469003671526,0.924556447723654,0.9074093771707302
RipVIS-143_00672.jpg,0.6104831406581079,0.36209025753537516,0.531668522746146,0.45978502081964473,0.6301940335198232,0.4860725242062371,0.011229932191277908,0.8693423273532902,0.7039473623950118
RipVIS-143_00684.jpg,0.5998939445543063,0.34637253107070565,0.5145270318241745,0.43375052508669193,0.632274214596726,0.462813700952076,0.004622825534975207,0.8639811197915624,0.6917374564205111
RipVIS-143_00696.jpg,0.6268684652201792,0.3943472836383477,0.565637109586294,0.4900701765752464,0.6687568371929211,0.5177372555895545,0.010045253368888427,0.8711832079474258,0.7199740613949931
RipVIS-143_00708.jpg,0.6326170247168155,0.3989058104543567,0.570311178169736,0.4849416134125658,0.6921595837828258,0.5158271667015469,0.011041741911897173,0.8772199315199559,0.720692039793941
RipVIS-143_00720.jpg,0.6228888379778169,0.3883726858272436,0.5594646016762234,0.4886446444596291,0.6542920744521509,0.5147063329901779,0.0076108454545825086,0.8692443094134754,0.7178978077189895
RipVIS-143_00732.jpg,0.6327002851658674,0.39306481059702536,0.5643166170116231,0.4659119663397285,0.715419403806943,0.5008467135369157,0.007353496688222985,0.8820847800924863,0.7147903806826716
RipVIS-143_00744.jpg,0.6187702144125794,0.37776607688740066,0.5483747687282825,0.43130464407049895,0.752675374065698,0.4715743828987425,0.007843333166612296,0.8707755835261296,0.6998966673522652
RipVIS-143_00756.jpg,0.6287812096659088,0.3800016014047866,0.5507263194737748,0.43794305319782073,0.7417484434641655,0.47701850949861624,0.01225490196045783,0.8861077353393993,0.70451537109029
RipVIS-143_00768.jpg,0.6047743463783586,0.3455756963106014,0.5136473514765856,0.4109756052475807,0.6847028507156234,0.44669078855694727,0.004652163390307038,0.8730890721449565,0.6870512319952651
RipVIS-143_00780.jpg,0.6236103316149062,0.37511353948866943,0.5455746434263952,0.4300138518755076,0.7460720963024011,0.4698197664275607,0.007455228113571886,0.8812257667823011,0.7004618274535523
RipVIS-143_00792.jpg,0.6015987792119746,0.33728351902388554,0.504430831945161,0.385282836398523,0.7302634299076738,0.42548294891532223,0.014253500737333218,0.8744797694829193,0.6784983208322516
RipVIS-143_00804.jpg,0.6032612935385451,0.3381488921883275,0.5053980078933359,0.3710581356215959,0.7922161978618611,0.4152043299308136,0.011457314516935662,0.8766677517360054,0.6755752726018163
RipVIS-143_00816.jpg,0.6176789088689189,0.35874164612993437,0.5280498277972536,0.37691384655419513,0.8815270331869789,0.4256442145115545,0.009856496599363178,0.8845828510801402,0.6832211665561095
RipVIS-143_00828.jpg,0.6115267117358133,0.3505013353398892,0.5190684765249437,0.372032480657718,0.8582815555198713,0.41957332288582616,0.012892828363822821,0.8807535204474246,0.6795922713505518
RipVIS-143_00840.jpg,0.6287403618277727,0.38191792800861185,0.5527360493238088,0.40741599391832956,0.8592025812654196,0.45529691097452635,0.009842519684762584,0.8844476996526711,0.6966146589869155
RipVIS-143_00852.jpg,0.6263935568701228,0.37712988758766836,0.5477041649982493,0.3995081228520623,0.870679444544757,0.4479949381665758,0.00768223979947413,0.8843630642360044,0.6934495949064001
RipVIS-143_00864.jpg,0.6227288004125765,0.3667260064628944,0.5366489036262452,0.3819278951546614,0.9020905536396947,0.43171490908906307,0.011920202581313068,0.8866889708718066,0.6866642773312213
RipVIS-143_00876.jpg,0.6056973938001173,0.34232968511452927,0.5100530650714489,0.36868232995993705,0.8272677535822499,0.41465396716352515,0.01317403750618759,0.8774194637344621,0.6762858409955271
RipVIS-143_00888.jpg,0.5782153126411645,0.3056524564601732,0.46819879968494,0.34869553593083824,0.7123225832509501,0.3883439688325815,0.002432324157201616,0.8599760079088469,0.6592284920913408
RipVIS-143_00900.jpg,0.5596979567443254,0.28173839234380565,0.4396191828640082,0.3331414555337738,0.6461350283984539,0.36887912325631184,0.005816066884592994,0.8473764226465027,0.6465859926132242
RipVIS-143_00912.jpg,0.5433897543094101,0.2583564786559945,0.4106252608671524,0.3138449895739817,0.5937062537670543,0.346512834788112,0.009389815897746758,0.8380998022761335,0.6333969795946801
RipVIS-143_00924.jpg,0.542155921988836,0.2501892218322596,0.4002421672866222,0.3003737720175055,0.5995961378085313,0.33367743982316944,0.013471108434071725,0.8428221450616268,0.6289713663131324
RipVIS-143_00936.jpg,0.5520950178122244,0.2577063405610866,0.40980367554817115,0.29046260276407937,0.6956029567742382,0.3287583823012421,0.011741058609203298,0.8542516637730452,0.6318243457750579
RipVIS-143_00948.jpg,0.5364398498663349,0.22731185521648872,0.37042232461185276,0.2672464606246003,0.603362559883289,0.3007548533798187,0.00846466387563209,0.8522790075230454,0.6165656352292685
RipVIS-143_00960.jpg,0.6529797478705661,0.4280072935850438,0.5994469293087742,0.5135057154500166,0.7199368122542736,0.5447452219551555,0.01382734504260778,0.8881655092591522,0.7373071453643676
RipVIS-143_00972.jpg,0.6755286122227511,0.4595155741128169,0.6296823168771443,0.5377193467432881,0.7595906236093681,0.5710811330104059,0.01379465668157443,0.9006983024690272,0.7530110556983185
RipVIS-143_00984.jpg,0.6393191862063015,0.4041498404430545,0.5756505877115398,0.49967595194835834,0.6788715173081598,0.5275251595831786,0.013465996405244028,0.8843352141202637,0.7278267816646278
RipVIS-143_00996.jpg,0.6858645453749678,0.47309139244524595,0.642310986095631,0.5789523449314369,0.7212412581026697,0.6027342343260561,0.01262079526818871,0.907093098958224,0.7706420938957836
RipVIS-143_01008.jpg,0.6870637497510033,0.48179493972258053,0.6502855783982924,0.6315342468499127,0.6701845021065543,0.6389034961037958,0.014542988470737121,0.9021296296295208,0.7896077575595776
RipVIS-143_01020.jpg,0.7257913001107676,0.5386402652711392,0.7001510066113082,0.7177079533053186,0.6834325233799008,0.7105805622513826,0.02061802263784759,0.9209745129242717,0.8343336955677942
RipVIS-143_01032.jpg,0.7144115937783235,0.5203564726648358,0.684519034871829,0.7026928678806571,0.6672615660274461,0.6953087488444063,0.009240506328879987,0.9167351466048277,0.8255012613446613
RipVIS-143_01044.jpg,0.7492181284480405,0.5733864912591771,0.7288565072149531,0.8075765893423811,0.6641201204558375,0.7741325428155221,0.00977360574241376,0.9319089988424802,0.8776880495406936
RipVIS-143_01056.jpg,0.7257407106671244,0.5351403992854372,0.6971875660812905,0.7751886274551623,0.6334486685729147,0.7419835024486453,0.014428443088927437,0.9236902006171726,0.858929159614063
RipVIS-143_01068.jpg,0.7193137741725486,0.5266102193436937,0.6899078922320974,0.7773134861808138,0.6201721705664316,0.7398217788259702,0.00783446619147123,0.9198608699844569,0.8578203695003344
RipVIS-143_01080.jpg,0.7693967767808898,0.6046507181450307,0.7536228430371493,0.8775693078626832,0.6603553281820662,0.8234002740812679,0.012516062708493548,0.9401691502699484,0.9125128603164219
RipVIS-143_01092.jpg,0.7543732637262061,0.5777024542970789,0.7323338475181181,0.8229557294354899,0.6596903516292896,0.7841425702996236,0.013232665474662309,0.9369880883486524,0.8866427872842702
RipVIS-143_01104.jpg,0.7652771241238029,0.5922065645296142,0.7438815763262098,0.9106937667336811,0.628718857893919,0.8357302272498208,0.012298381499339319,0.9434139901619233,0.9286765334949788
RipVIS-143_01116.jpg,0.7512468881313481,0.5671191791352271,0.7237728778843441,0.8647853724398035,0.622300184064108,0.8022634545959663,0.008517403895050894,0.9404190779319853,0.906354320950788
RipVIS-143_01128.jpg,0.7842732007700238,0.6204699943587096,0.7657901676905243,0.8662664979486131,0.6861994186795369,0.8230697917446097,0.01751130696922442,0.9521391541279716,0.9134660850388433
RipVIS-143_01140.jpg,0.787300702257557,0.6245510786375517,0.7688906638273739,0.849309473565058,0.7023838433781979,0.815204357103764,0.01056853445721153,0.9538822579088356,0.9067877224505511
RipVIS-143_01152.jpg,0.7787072337871894,0.6052489940275977,0.7540873674793808,0.8509334954832617,0.6770331241637405,0.809355831243397,0.01590615979807449,0.9554340277776625,0.9077458236366984
RipVIS-143_01164.jpg,0.7707831091102741,0.5885386025054397,0.740981178017579,0.7840236020076962,0.7024188081085593,0.7662201946000767,0.008631090486971969,0.9559848813656254,0.8775113615250238
RipVIS-143_01176.jpg,0.7611043716898513,0.5686639525082967,0.7250296682077789,0.7460517600106823,0.7051598209829599,0.7374983129355168,0.008616255143755908,0.9562257667822921,0.8599493333624539
RipVIS-143_01188.jpg,0.7569411581201415,0.5594416633669166,0.7174896971253835,0.7069909525171528,0.7283049524904898,0.7111533635301561,0.012035479934974265,0.9569322675538969,0.8424392398687537
RipVIS-143_01200.jpg,0.7604789998786246,0.5649271791087906,0.7219852612317854,0.6981410831826343,0.7475157730668125,0.7074872304786861,0.008153172720013594,0.9584055507329091,0.8391846001449521
RipVIS-143_01212.jpg,0.8534854139878771,0.7307694541557802,0.8444445935894201,0.8022041254814914,0.8913806997796843,0.818582854518147,0.02300225579250112,0.9776453993054377,0.8971026658424553
RipVIS-143_01224.jpg,0.8432199679576591,0.7118443063112684,0.83166944994568,0.7807175681285166,0.8897362024913992,0.8003303296041078,0.018216850586154604,0.9760957995754995,0.8864002765271821
RipVIS-143_01236.jpg,0.8495657411379347,0.7202283726163224,0.8373636711048031,0.8708312527369669,0.8063733215048996,0.8571282415459519,0.02740943773511336,0.979989872685067,0.9288421242530924
RipVIS-143_01248.jpg,0.8484809342857225,0.7176463251534488,0.8356159410050107,0.8443579369995733,0.8270531092333228,0.8408392805169574,0.030115713692280135,0.9803486689813633,0.9166283713833351
RipVIS-143_01260.jpg,0.8452296059084285,0.7115769413994342,0.8314869453868998,0.8620968300492144,0.8029762160751581,0.8495863556522293,0.0224259789867268,0.9799280237267337,0.9246028692125117
RipVIS-143_01272.jpg,0.8528448784199472,0.7256227310355283,0.8409981138809984,0.8458286410151984,0.8362224477123927,0.8438897864842724,0.019329462445426878,0.9810651765045113,0.9177020071789892
RipVIS-143_01284.jpg,0.8469317492090913,0.7147020461034138,0.8336166014702593,0.8380168251345828,0.8292623454596526,0.8362511730630184,0.013167115405408212,0.9801953124998818,0.9135795896349204
RipVIS-143_01296.jpg,0.8491144223086249,0.7181399535890085,0.8359504731717481,0.8155262895283473,0.8574239491605773,0.823575018714576,0.016258283247948133,0.9810502266588323,0.9034963229162086
RipVIS-143_01308.jpg,0.8610585428730558,0.7395569967068787,0.8502819949066568,0.8319915988341429,0.8693946549418348,0.8392125111018575,0.02439878589678579,0.983383005401116,0.9122384449524248
RipVIS-143_01320.jpg,0.8697941336547349,0.7558186937308679,0.8609302275109731,0.843441161025479,0.8791599360936337,0.8503508229733859,0.018166291436295074,0.9845459587190171,0.9182354656946465
RipVIS-143_01332.jpg,0.8471040161230715,0.7141673736020523,0.8332527903635714,0.837542064278179,0.82900722560814,0.8358210665035144,0.014502384488526997,0.9809887393903138,0.9135777093979027
RipVIS-143_01344.jpg,0.8535265966756249,0.7243348874224728,0.8401324971220699,0.8954687465025875,0.7912373171678498,0.8724819537597787,0.015017008213099767,0.9834689670137703,0.9417119920253384
RipVIS-143_01356.jpg,0.8556039855219082,0.7279206865072169,0.8425394662976351,0.8823305719781519,0.8061824672622503,0.8659714748221445,0.016977928691978866,0.9840025800538936,0.9357582066468744
RipVIS-143_01368.jpg,0.632634323797741,0.34356388553305967,0.5114217332460533,0.3711402079921396,0.8221876959394688,0.4168797829877891,0.01624646083267337,0.9247868441356909,0.6808083867648486
RipVIS-143_01380.jpg,0.606617652409059,0.2995319084595399,0.46098430751824154,0.3278158014262354,0.7763680453618846,0.3706442836457256,0.0061830034609300375,0.9167745707946425,0.6581580545891252
RipVIS-143_01392.jpg,0.6072418803258455,0.3031837873353776,0.46529705216069034,0.3248731446011092,0.8195345176441915,0.36947533598420507,0.009045591099367945,0.9145959924767415,0.6578168514903568
RipVIS-143_01404.jpg,0.5992373001891526,0.29097797728639985,0.45078689552555734,0.30999306157994666,0.82589508130443,0.3542500973317212,0.005521048999136676,0.910879870756063,0.6506257799032277
RipVIS-143_01416.jpg,0.6110949824799071,0.31281774992331374,0.4765592938419465,0.3267648459643707,0.8799371303236933,0.37375733995402965,0.009462391513697493,0.9129629629628528,0.6603064239924498
RipVIS-143_01428.jpg,0.6210452029169568,0.3271683635472186,0.4930321917450957,0.3466091202569743,0.853653165591036,0.39333491858627906,0.02435869799450748,0.9183018663193337,0.6694584989827945
RipVIS-143_01440.jpg,0.6089464045888806,0.3040816347142451,0.4663536800453087,0.31665812867542975,0.8844777434967401,0.3633052873765195,0.0128377323125773,0.9169392602236549,0.6556520930313099
RipVIS-143_01452.jpg,0.597191343074346,0.2839709311662917,0.442332336773929,0.2935143586757535,0.8972642690238536,0.33915660137885006,0.012379554590888278,0.9134856047452602,0.6445328901683394
RipVIS-144_00000.jpg,0.6128385358088073,0.31739420458226103,0.4818515270194393,0.5822528022287706,0.4109832653718821,0.5374577249646559,0.006215267621884496,0.9120342640816801,0.7596018643010325
RipVIS-144_00060.jpg,0.7131201961219471,0.4954689923676235,0.6626269015223084,0.9061873027353706,0.5222572591775613,0.7900312421445758,0.014111970387530174,0.9351783130785909,0.9217780168525042
RipVIS-144_00120.jpg,0.6957196700010773,0.47414678586186787,0.643283003306425,0.9879278002114644,0.4769099737939848,0.813575559052554,0.005032008336905404,0.9230324074072961,0.9530285157520269
RipVIS-144_00180.jpg,0.7253857570879438,0.5141876055811012,0.6791597074046462,0.8953817056557838,0.5470539321619033,0.7942380503637756,0.016620498614382948,0.94057267554001,0.9196843941030217
RipVIS-144_00240.jpg,0.6626075312146573,0.3905775485365516,0.5617486762210373,0.6330712368386054,0.504869478594876,0.6024739355158067,0.004364676223638308,0.9372655044366154,0.7954831650429053
RipVIS-144_00300.jpg,0.6227813028627979,0.3346732477339947,0.501505890377592,0.6924841835261685,0.39309524309221283,0.6009457952776437,0.002230136803840158,0.9147123360338403,0.8109367522986661
RipVIS-144_00360.jpg,0.5763617499999192,0.24901808584932758,0.3987421618158495,0.49696089536825166,0.33294026228044393,0.45238777646282,0.0010972316002237832,0.9066849922838413,0.7154252076566293
RipVIS-144_00420.jpg,0.5698357993076119,0.24066186245385246,0.387957218218762,0.4575552492321445,0.33673671079232365,0.4269201190767404,0.0002845644131759598,0.9021419270832245,0.6960120702926811
RipVIS-144_00480.jpg,0.5714579959791034,0.24038815430069038,0.3876014995261175,0.44810085902692615,0.3414952620356919,0.42176794682558,0.0070479344454189305,0.9054445167822982,0.6931355734275436
RipVIS-144_00540.jpg,0.5109522210013994,0.2435232932179121,0.3916666371206247,0.9952735758092938,0.24380524430524597,0.6157157778686907,0.0027798198859864958,0.7931392264659537,0.8869592642869164
RipVIS-144_00600.jpg,0.471808355091169,0.13441049756419654,0.23696977038347658,0.34573742231700866,0.18026051241446017,0.2921072562092956,0.0,0.8146961805554573,0.6015031697195644
RipVIS-144_00660.jpg,0.47665507473996643,0.13369821893604303,0.23586209575510597,0.3321869043899965,0.18284284202801104,0.285541466102953,0.0,0.824497853973666,0.6001950395073632
RipVIS-144_00720.jpg,0.483184644801164,0.1388961389974859,0.24391361818075757,0.33203567980387044,0.19275623424416766,0.2901107441428691,0.0012655276917019507,0.8321443383486651,0.6042904374468403
RipVIS-144_00780.jpg,0.4792619529177014,0.1313180125667531,0.2321504848469912,0.3185622273883513,0.1826151333995985,0.27727846246135196,0.0,0.8316045765816898,0.5973622256815568
RipVIS-146_00000.jpg,0.7003479794960729,0.42265095482171916,0.5941737899788414,0.4390856913356902,0.918645847914027,0.4902730860063974,0.011809499224844509,0.9783922887730302,0.7188162580904979
RipVIS-146_00030.jpg,0.7489480426070125,0.5170491386221173,0.681651141625821,0.5460317668317497,0.9069004358636188,0.5932438079630261,0.007580137469802779,0.9812317949458693,0.7719451221758546
RipVIS-146_00060.jpg,0.7959481683944722,0.6084884599765713,0.7565966124313187,0.6906116690048931,0.8365227228928505,0.7155745873645138,0.014184397162222365,0.9838249903548196,0.8427566231945436
RipVIS-146_00090.jpg,0.5942611193844771,0.21802570959045708,0.35799853463481485,0.22136265950449488,0.9353300530609338,0.26124617432419495,0.010190876738095206,0.9707372444057472,0.6103884781966918
RipVIS-146_00120.jpg,0.7723576024812924,0.5620640520662235,0.7196427717835924,0.5908466549783141,0.920242461283006,0.6364062922716205,0.006054687499605815,0.9830290316356839,0.7944433098840779
RipVIS-146_00150.jpg,0.7495435394529117,0.5175556925906448,0.6820912011566663,0.5270935960573891,0.9662181608806649,0.5797943076232255,0.007930738219025131,0.9818901909721038,0.7631941741540054
RipVIS-146_00180.jpg,0.735452747722559,0.4918766187882679,0.6594065656552482,0.5131002533912258,0.9224298386278922,0.56307316051258,0.015717845504075276,0.9794461323301288,0.7556797887387687
RipVIS-146_00210.jpg,0.7326250847002282,0.4875882969305075,0.6555419909347204,0.5367450681656637,0.841872214253046,0.5786932439082275,0.008147713950284425,0.9781268084489562,0.7663389861229336
RipVIS-146_00240.jpg,0.72829627938089,0.47799547287329147,0.6468158822490114,0.49347228584363984,0.9384263128719176,0.5451707323745238,0.021422742109533273,0.9790084876542029,0.7460799777415035
RipVIS-146_00270.jpg,0.7177050229798339,0.46058398975983167,0.6306847028161208,0.5402186428280564,0.7575445860807322,0.5731011280375483,0.0119238706711807,0.9753557822143886,0.7666054457678367
RipVIS-146_00300.jpg,0.7032429494801864,0.4370562298276352,0.608266010412212,0.4503261009555863,0.9368365154562394,0.5025189186759567,0.00892295372596677,0.9701384066356855,0.7243390791073188
RipVIS-146_00330.jpg,0.6894589337181725,0.4118564295914937,0.583425369547894,0.4218886773203011,0.9454145601569999,0.4744323140559608,0.007475629447552441,0.967804060570871,0.7102567322106862
RipVIS-146_00360.jpg,0.5933039840098971,0.23117504478821546,0.3755356247136763,0.23493690733435377,0.9352222923230681,0.27631771208601846,0.0010378468137384731,0.9560222559798229,0.6169831803113606
RipVIS-146_00390.jpg,0.7161575972130924,0.4733181113126691,0.6425199115905269,0.5963644456121542,0.6964190790281015,0.6140073512411,0.00753645884273581,0.9604542824072916,0.7899453570674961
RipVIS-146_00420.jpg,0.7231851051563674,0.4830999262916656,0.6514731984372838,0.5462663465152973,0.8068704751273357,0.5839899189185749,0.013602527713082926,0.9644892939813652,0.7689042884791313
RipVIS-146_00450.jpg,0.8081633017437482,0.6480576443754017,0.7864502149996209,0.9207260793746227,0.6863543971353012,0.8618652873147814,0.013487664916695882,0.9700206163193275,0.9469453570337389
RipVIS-146_00480.jpg,0.8019551238426679,0.6393135326275126,0.7799771305527049,0.9278459693489771,0.672760690181924,0.8624447189201202,0.010691823898853807,0.9666871624227229,0.9485864591071766
RipVIS-146_00510.jpg,0.8568123026576888,0.738743469559437,0.8497440622987587,0.930963982457623,0.7815586814424814,0.8966814727680323,0.004722155974017546,0.9765469473378452,0.9555035384402993
RipVIS-147_00000.jpg,0.4578399884258707,0.0,0.0,0.0,0.0,0.0,0.0,0.9156799768517414,0.49999999999993416
RipVIS-147_00025.jpg,0.4578399884258707,0.0,0.0,0.0,0.0,0.0,0.0,0.9156799768517414,0.49999999999993416
RipVIS-147_00050.jpg,0.4578399884258707,0.0,0.0,0.0,0.0,0.0,0.0,0.9156799768517414,0.49999999999993416
RipVIS-147_00075.jpg,0.456745575327877,0.0,0.0,0.0,0.0,0.0,0.0,0.913491150655754,0.499999999999934
RipVIS-147_00100.jpg,0.45521387924377227,0.0,0.0,0.0,0.0,0.0,0.0,0.9104277584875445,0.4999999999999338
RipVIS-147_00125.jpg,0.45678090036645724,0.0,0.0,0.0,0.0,0.0,0.0,0.9135618007329145,0.499999999999934
RipVIS-147_00150.jpg,0.4537822506750996,0.0,0.0,0.0,0.0,0.0,0.0,0.9075645013501992,0.49999999999993355
RipVIS-147_00175.jpg,0.4537822506750996,0.0,0.0,0.0,0.0,0.0,0.0,0.9075645013501992,0.49999999999993355
RipVIS-147_00200.jpg,0.45378803771213666,0.0,0.0,0.0,0.0,0.0,0.0,0.9075760754242733,0.49999999999993355
RipVIS-147_00225.jpg,0.4531355492862108,0.0,0.0,0.0,0.0,0.0,0.0,0.9062710985724216,0.49999999999993344
RipVIS-147_00250.jpg,0.4537413194443897,0.0,0.0,0.0,0.0,0.0,0.0,0.9074826388887794,0.49999999999993355
RipVIS-147_00275.jpg,0.4550330343363649,0.0,0.0,0.0,0.0,0.0,0.0,0.9100660686727298,0.4999999999999337
RipVIS-147_00300.jpg,0.45503219039346365,0.0,0.0,0.0,0.0,0.0,0.0,0.9100643807869273,0.4999999999999337
RipVIS-147_00325.jpg,0.45503219039346365,0.0,0.0,0.0,0.0,0.0,0.0,0.9100643807869273,0.4999999999999337
RipVIS-147_00350.jpg,0.45457724488806245,0.0,0.0,0.0,0.0,0.0,0.0,0.9091544897761249,0.49999999999993366
RipVIS-147_00375.jpg,0.45492802372679697,0.0,0.0,0.0,0.0,0.0,0.0,0.9098560474535939,0.4999999999999337
RipVIS-NR-004_00000.jpg,0.49999999999975886,0.0,0.0,0.0,0.0,0.0,0.0,0.9999999999995177,0.49999999999975886
RipVIS-NR-004_00006.jpg,0.49999999999975886,0.0,0.0,0.0,0.0,0.0,0.0,0.9999999999995177,0.49999999999975886
RipVIS-NR-004_00012.jpg,0.49999999999975886,0.0,0.0,0.0,0.0,0.0,0.0,0.9999999999995177,0.49999999999975886
RipVIS-NR-004_00018.jpg,0.49999999999975886,0.0,0.0,0.0,0.0,0.0,0.0,0.9999999999995177,0.49999999999975886
RipVIS-NR-004_00024.jpg,0.49999999999975886,0.0,0.0,0.0,0.0,0.0,0.0,0.9999999999995177,0.49999999999975886
RipVIS-NR-004_00030.jpg,0.49999999999975886,0.0,0.0,0.0,0.0,0.0,0.0,0.9999999999995177,0.49999999999975886
RipVIS-NR-004_00036.jpg,0.49999999999975886,0.0,0.0,0.0,0.0,0.0,0.0,0.9999999999995177,0.49999999999975886
RipVIS-NR-004_00042.jpg,0.49999999999975886,0.0,0.0,0.0,0.0,0.0,0.0,0.9999999999995177,0.49999999999975886
RipVIS-NR-004_00048.jpg,0.49999999999975886,0.0,0.0,0.0,0.0,0.0,0.0,0.9999999999995177,0.49999999999975886
RipVIS-NR-004_00054.jpg,0.49999999999975886,0.0,0.0,0.0,0.0,0.0,0.0,0.9999999999995177,0.49999999999975886
RipVIS-NR-004_00060.jpg,0.49999999999975886,0.0,0.0,0.0,0.0,0.0,0.0,0.9999999999995177,0.49999999999975886
RipVIS-NR-004_00066.jpg,0.49999999999975886,0.0,0.0,0.0,0.0,0.0,0.0,0.9999999999995177,0.49999999999975886
RipVIS-NR-004_00072.jpg,0.49999999999975886,0.0,0.0,0.0,0.0,0.0,0.0,0.9999999999995177,0.49999999999975886
RipVIS-NR-004_00078.jpg,0.49999999999975886,0.0,0.0,0.0,0.0,0.0,0.0,0.9999999999995177,0.49999999999975886
RipVIS-NR-004_00084.jpg,0.49999999999975886,0.0,0.0,0.0,0.0,0.0,0.0,0.9999999999995177,0.49999999999975886
RipVIS-NR-004_00090.jpg,0.49999999999975886,0.0,0.0,0.0,0.0,0.0,0.0,0.9999999999995177,0.49999999999975886
RipVIS-NR-004_00096.jpg,0.49999999999975886,0.0,0.0,0.0,0.0,0.0,0.0,0.9999999999995177,0.49999999999975886
RipVIS-NR-004_00102.jpg,0.49999999999975886,0.0,0.0,0.0,0.0,0.0,0.0,0.9999999999995177,0.49999999999975886
RipVIS-NR-004_00108.jpg,0.49999999999975886,0.0,0.0,0.0,0.0,0.0,0.0,0.9999999999995177,0.49999999999975886
RipVIS-NR-004_00114.jpg,0.49999999999975886,0.0,0.0,0.0,0.0,0.0,0.0,0.9999999999995177,0.49999999999975886
RipVIS-NR-004_00120.jpg,0.49999999999975886,0.0,0.0,0.0,0.0,0.0,0.0,0.9999999999995177,0.49999999999975886
RipVIS-NR-004_00126.jpg,0.49999999999975886,0.0,0.0,0.0,0.0,0.0,0.0,0.9999999999995177,0.49999999999975886
RipVIS-NR-004_00132.jpg,0.49999999999975886,0.0,0.0,0.0,0.0,0.0,0.0,0.9999999999995177,0.49999999999975886
RipVIS-NR-004_00138.jpg,0.49999999999975886,0.0,0.0,0.0,0.0,0.0,0.0,0.9999999999995177,0.49999999999975886
RipVIS-NR-004_00144.jpg,0.49999999999975886,0.0,0.0,0.0,0.0,0.0,0.0,0.9999999999995177,0.49999999999975886
RipVIS-NR-004_00150.jpg,0.49999999999975886,0.0,0.0,0.0,0.0,0.0,0.0,0.9999999999995177,0.49999999999975886
RipVIS-NR-004_00156.jpg,0.49999999999975886,0.0,0.0,0.0,0.0,0.0,0.0,0.9999999999995177,0.49999999999975886
RipVIS-NR-004_00162.jpg,0.49999999999975886,0.0,0.0,0.0,0.0,0.0,0.0,0.9999999999995177,0.49999999999975886
RipVIS-NR-004_00168.jpg,0.49999999999975886,0.0,0.0,0.0,0.0,0.0,0.0,0.9999999999995177,0.49999999999975886
RipVIS-NR-004_00174.jpg,0.49999999999975886,0.0,0.0,0.0,0.0,0.0,0.0,0.9999999999995177,0.49999999999975886
RipVIS-NR-004_00180.jpg,0.49999999999975886,0.0,0.0,0.0,0.0,0.0,0.0,0.9999999999995177,0.49999999999975886
RipVIS-NR-004_00186.jpg,0.49999999999975886,0.0,0.0,0.0,0.0,0.0,0.0,0.9999999999995177,0.49999999999975886
RipVIS-NR-004_00192.jpg,0.49999999999975886,0.0,0.0,0.0,0.0,0.0,0.0,0.9999999999995177,0.49999999999975886
RipVIS-NR-004_00198.jpg,0.49999999999975886,0.0,0.0,0.0,0.0,0.0,0.0,0.9999999999995177,0.49999999999975886
RipVIS-NR-004_00204.jpg,0.49999999999975886,0.0,0.0,0.0,0.0,0.0,0.0,0.9999999999995177,0.49999999999975886
RipVIS-NR-004_00210.jpg,0.49999999999975886,0.0,0.0,0.0,0.0,0.0,0.0,0.9999999999995177,0.49999999999975886
RipVIS-NR-004_00216.jpg,0.49999999999975886,0.0,0.0,0.0,0.0,0.0,0.0,0.9999999999995177,0.49999999999975886
RipVIS-NR-004_00222.jpg,0.49999999999975886,0.0,0.0,0.0,0.0,0.0,0.0,0.9999999999995177,0.49999999999975886
RipVIS-NR-004_00228.jpg,0.49999999999975886,0.0,0.0,0.0,0.0,0.0,0.0,0.9999999999995177,0.49999999999975886
RipVIS-NR-004_00234.jpg,0.49999999999975886,0.0,0.0,0.0,0.0,0.0,0.0,0.9999999999995177,0.49999999999975886
RipVIS-NR-004_00240.jpg,0.49999999999975886,0.0,0.0,0.0,0.0,0.0,0.0,0.9999999999995177,0.49999999999975886
RipVIS-NR-004_00246.jpg,0.49999999999975886,0.0,0.0,0.0,0.0,0.0,0.0,0.9999999999995177,0.49999999999975886
RipVIS-NR-004_00252.jpg,0.49999999999975886,0.0,0.0,0.0,0.0,0.0,0.0,0.9999999999995177,0.49999999999975886
RipVIS-NR-004_00258.jpg,0.49999999999975886,0.0,0.0,0.0,0.0,0.0,0.0,0.9999999999995177,0.49999999999975886
RipVIS-NR-004_00264.jpg,0.49999999999975886,0.0,0.0,0.0,0.0,0.0,0.0,0.9999999999995177,0.49999999999975886
RipVIS-NR-004_00270.jpg,0.49999999999975886,0.0,0.0,0.0,0.0,0.0,0.0,0.9999999999995177,0.49999999999975886
RipVIS-NR-004_00276.jpg,0.49999999999975886,0.0,0.0,0.0,0.0,0.0,0.0,0.9999999999995177,0.49999999999975886
RipVIS-NR-004_00282.jpg,0.49999999999975886,0.0,0.0,0.0,0.0,0.0,0.0,0.9999999999995177,0.49999999999975886
RipVIS-NR-004_00288.jpg,0.49999999999975886,0.0,0.0,0.0,0.0,0.0,0.0,0.9999999999995177,0.49999999999975886
RipVIS-NR-004_00294.jpg,0.49999999999975886,0.0,0.0,0.0,0.0,0.0,0.0,0.9999999999995177,0.49999999999975886
RipVIS-NR-004_00300.jpg,0.49999999999975886,0.0,0.0,0.0,0.0,0.0,0.0,0.9999999999995177,0.49999999999975886
RipVIS-NR-004_00306.jpg,0.49999999999975886,0.0,0.0,0.0,0.0,0.0,0.0,0.9999999999995177,0.49999999999975886
RipVIS-NR-004_00312.jpg,0.49999999999975886,0.0,0.0,0.0,0.0,0.0,0.0,0.9999999999995177,0.49999999999975886
RipVIS-NR-004_00318.jpg,0.49999999999975886,0.0,0.0,0.0,0.0,0.0,0.0,0.9999999999995177,0.49999999999975886
RipVIS-NR-004_00324.jpg,0.49999999999975886,0.0,0.0,0.0,0.0,0.0,0.0,0.9999999999995177,0.49999999999975886
RipVIS-NR-004_00330.jpg,0.49999999999975886,0.0,0.0,0.0,0.0,0.0,0.0,0.9999999999995177,0.49999999999975886
RipVIS-NR-004_00336.jpg,0.49999999999975886,0.0,0.0,0.0,0.0,0.0,0.0,0.9999999999995177,0.49999999999975886
RipVIS-NR-004_00342.jpg,0.49999999999975886,0.0,0.0,0.0,0.0,0.0,0.0,0.9999999999995177,0.49999999999975886
RipVIS-NR-004_00348.jpg,0.49999999999975886,0.0,0.0,0.0,0.0,0.0,0.0,0.9999999999995177,0.49999999999975886
RipVIS-NR-004_00354.jpg,0.49999999999975886,0.0,0.0,0.0,0.0,0.0,0.0,0.9999999999995177,0.49999999999975886
RipVIS-NR-004_00360.jpg,0.49999999999975886,0.0,0.0,0.0,0.0,0.0,0.0,0.9999999999995177,0.49999999999975886
RipVIS-NR-004_00366.jpg,0.49999999999975886,0.0,0.0,0.0,0.0,0.0,0.0,0.9999999999995177,0.49999999999975886
RipVIS-NR-004_00372.jpg,0.49999999999975886,0.0,0.0,0.0,0.0,0.0,0.0,0.9999999999995177,0.49999999999975886
RipVIS-NR-004_00378.jpg,0.49999999999975886,0.0,0.0,0.0,0.0,0.0,0.0,0.9999999999995177,0.49999999999975886
RipVIS-NR-004_00384.jpg,0.49999999999975886,0.0,0.0,0.0,0.0,0.0,0.0,0.9999999999995177,0.49999999999975886
RipVIS-NR-004_00390.jpg,0.49999999999975886,0.0,0.0,0.0,0.0,0.0,0.0,0.9999999999995177,0.49999999999975886
RipVIS-NR-004_00396.jpg,0.49999999999975886,0.0,0.0,0.0,0.0,0.0,0.0,0.9999999999995177,0.49999999999975886
RipVIS-NR-004_00402.jpg,0.49999999999975886,0.0,0.0,0.0,0.0,0.0,0.0,0.9999999999995177,0.49999999999975886
RipVIS-NR-004_00408.jpg,0.49999999999975886,0.0,0.0,0.0,0.0,0.0,0.0,0.9999999999995177,0.49999999999975886
RipVIS-NR-004_00414.jpg,0.49999999999975886,0.0,0.0,0.0,0.0,0.0,0.0,0.9999999999995177,0.49999999999975886
RipVIS-NR-004_00420.jpg,0.49999999999975886,0.0,0.0,0.0,0.0,0.0,0.0,0.9999999999995177,0.49999999999975886
RipVIS-NR-004_00426.jpg,0.49999999999975886,0.0,0.0,0.0,0.0,0.0,0.0,0.9999999999995177,0.49999999999975886
RipVIS-NR-004_00432.jpg,0.49999999999975886,0.0,0.0,0.0,0.0,0.0,0.0,0.9999999999995177,0.49999999999975886
RipVIS-NR-004_00438.jpg,0.49999999999975886,0.0,0.0,0.0,0.0,0.0,0.0,0.9999999999995177,0.49999999999975886
RipVIS-NR-004_00444.jpg,0.49999999999975886,0.0,0.0,0.0,0.0,0.0,0.0,0.9999999999995177,0.49999999999975886
RipVIS-NR-004_00450.jpg,0.49999999999975886,0.0,0.0,0.0,0.0,0.0,0.0,0.9999999999995177,0.49999999999975886
RipVIS-NR-004_00456.jpg,0.49999999999975886,0.0,0.0,0.0,0.0,0.0,0.0,0.9999999999995177,0.49999999999975886
RipVIS-NR-004_00462.jpg,0.49999999999975886,0.0,0.0,0.0,0.0,0.0,0.0,0.9999999999995177,0.49999999999975886
RipVIS-NR-004_00468.jpg,0.49999999999975886,0.0,0.0,0.0,0.0,0.0,0.0,0.9999999999995177,0.49999999999975886
RipVIS-NR-004_00474.jpg,0.49999999999975886,0.0,0.0,0.0,0.0,0.0,0.0,0.9999999999995177,0.49999999999975886
RipVIS-NR-004_00480.jpg,0.49999999999975886,0.0,0.0,0.0,0.0,0.0,0.0,0.9999999999995177,0.49999999999975886
RipVIS-NR-004_00486.jpg,0.49999999999975886,0.0,0.0,0.0,0.0,0.0,0.0,0.9999999999995177,0.49999999999975886
RipVIS-NR-004_00492.jpg,0.49999999999975886,0.0,0.0,0.0,0.0,0.0,0.0,0.9999999999995177,0.49999999999975886
RipVIS-NR-004_00498.jpg,0.49999999999975886,0.0,0.0,0.0,0.0,0.0,0.0,0.9999999999995177,0.49999999999975886
RipVIS-NR-004_00504.jpg,0.49999999999975886,0.0,0.0,0.0,0.0,0.0,0.0,0.9999999999995177,0.49999999999975886
RipVIS-NR-004_00510.jpg,0.49999999999975886,0.0,0.0,0.0,0.0,0.0,0.0,0.9999999999995177,0.49999999999975886
RipVIS-NR-004_00516.jpg,0.49999999999975886,0.0,0.0,0.0,0.0,0.0,0.0,0.9999999999995177,0.49999999999975886
RipVIS-NR-004_00522.jpg,0.49999999999975886,0.0,0.0,0.0,0.0,0.0,0.0,0.9999999999995177,0.49999999999975886
RipVIS-NR-004_00528.jpg,0.49999999999975886,0.0,0.0,0.0,0.0,0.0,0.0,0.9999999999995177,0.49999999999975886
RipVIS-NR-004_00534.jpg,0.49999999999975886,0.0,0.0,0.0,0.0,0.0,0.0,0.9999999999995177,0.49999999999975886
RipVIS-NR-004_00540.jpg,0.49999999999975886,0.0,0.0,0.0,0.0,0.0,0.0,0.9999999999995177,0.49999999999975886
RipVIS-NR-004_00546.jpg,0.49999999999975886,0.0,0.0,0.0,0.0,0.0,0.0,0.9999999999995177,0.49999999999975886
RipVIS-NR-004_00552.jpg,0.49999999999975886,0.0,0.0,0.0,0.0,0.0,0.0,0.9999999999995177,0.49999999999975886
RipVIS-NR-004_00558.jpg,0.49999999999975886,0.0,0.0,0.0,0.0,0.0,0.0,0.9999999999995177,0.49999999999975886
RipVIS-NR-004_00564.jpg,0.49999999999975886,0.0,0.0,0.0,0.0,0.0,0.0,0.9999999999995177,0.49999999999975886
RipVIS-NR-004_00570.jpg,0.49999999999975886,0.0,0.0,0.0,0.0,0.0,0.0,0.9999999999995177,0.49999999999975886
RipVIS-NR-004_00576.jpg,0.49999999999975886,0.0,0.0,0.0,0.0,0.0,0.0,0.9999999999995177,0.49999999999975886
RipVIS-NR-019_00000.jpg,0.49999999999945743,0.0,0.0,0.0,0.0,0.0,0.0,0.9999999999989149,0.49999999999945743
RipVIS-NR-019_00006.jpg,0.49999999999945743,0.0,0.0,0.0,0.0,0.0,0.0,0.9999999999989149,0.49999999999945743
RipVIS-NR-019_00012.jpg,0.49999999999945743,0.0,0.0,0.0,0.0,0.0,0.0,0.9999999999989149,0.49999999999945743
RipVIS-NR-019_00018.jpg,0.49999999999945743,0.0,0.0,0.0,0.0,0.0,0.0,0.9999999999989149,0.49999999999945743
RipVIS-NR-019_00024.jpg,0.49999999999945743,0.0,0.0,0.0,0.0,0.0,0.0,0.9999999999989149,0.49999999999945743
RipVIS-NR-019_00030.jpg,0.49999999999945743,0.0,0.0,0.0,0.0,0.0,0.0,0.9999999999989149,0.49999999999945743
RipVIS-NR-019_00036.jpg,0.49999999999945743,0.0,0.0,0.0,0.0,0.0,0.0,0.9999999999989149,0.49999999999945743
RipVIS-NR-019_00042.jpg,0.49999999999945743,0.0,0.0,0.0,0.0,0.0,0.0,0.9999999999989149,0.49999999999945743
RipVIS-NR-019_00048.jpg,0.49999999999945743,0.0,0.0,0.0,0.0,0.0,0.0,0.9999999999989149,0.49999999999945743
RipVIS-NR-019_00054.jpg,0.49999999999945743,0.0,0.0,0.0,0.0,0.0,0.0,0.9999999999989149,0.49999999999945743
RipVIS-NR-019_00060.jpg,0.49999999999945743,0.0,0.0,0.0,0.0,0.0,0.0,0.9999999999989149,0.49999999999945743
RipVIS-NR-019_00066.jpg,0.49999999999945743,0.0,0.0,0.0,0.0,0.0,0.0,0.9999999999989149,0.49999999999945743
RipVIS-NR-019_00072.jpg,0.49999999999945743,0.0,0.0,0.0,0.0,0.0,0.0,0.9999999999989149,0.49999999999945743
RipVIS-NR-019_00078.jpg,0.49999999999945743,0.0,0.0,0.0,0.0,0.0,0.0,0.9999999999989149,0.49999999999945743
RipVIS-NR-019_00084.jpg,0.49999999999945743,0.0,0.0,0.0,0.0,0.0,0.0,0.9999999999989149,0.49999999999945743
RipVIS-NR-019_00090.jpg,0.49999999999945743,0.0,0.0,0.0,0.0,0.0,0.0,0.9999999999989149,0.49999999999945743
RipVIS-NR-019_00096.jpg,0.49999999999945743,0.0,0.0,0.0,0.0,0.0,0.0,0.9999999999989149,0.49999999999945743
RipVIS-NR-019_00102.jpg,0.49999999999945743,0.0,0.0,0.0,0.0,0.0,0.0,0.9999999999989149,0.49999999999945743
RipVIS-NR-019_00108.jpg,0.49999999999945743,0.0,0.0,0.0,0.0,0.0,0.0,0.9999999999989149,0.49999999999945743
RipVIS-NR-019_00114.jpg,0.49999999999945743,0.0,0.0,0.0,0.0,0.0,0.0,0.9999999999989149,0.49999999999945743
RipVIS-NR-019_00120.jpg,0.49999999999945743,0.0,0.0,0.0,0.0,0.0,0.0,0.9999999999989149,0.49999999999945743
RipVIS-NR-019_00126.jpg,0.49999999999945743,0.0,0.0,0.0,0.0,0.0,0.0,0.9999999999989149,0.49999999999945743
RipVIS-NR-019_00132.jpg,0.49999999999945743,0.0,0.0,0.0,0.0,0.0,0.0,0.9999999999989149,0.49999999999945743
RipVIS-NR-019_00138.jpg,0.49999999999945743,0.0,0.0,0.0,0.0,0.0,0.0,0.9999999999989149,0.49999999999945743
RipVIS-NR-019_00144.jpg,0.49999999999945743,0.0,0.0,0.0,0.0,0.0,0.0,0.9999999999989149,0.49999999999945743
RipVIS-NR-019_00150.jpg,0.49999999999945743,0.0,0.0,0.0,0.0,0.0,0.0,0.9999999999989149,0.49999999999945743
RipVIS-NR-019_00156.jpg,0.49999999999945743,0.0,0.0,0.0,0.0,0.0,0.0,0.9999999999989149,0.49999999999945743
RipVIS-NR-019_00162.jpg,0.49999999999945743,0.0,0.0,0.0,0.0,0.0,0.0,0.9999999999989149,0.49999999999945743
RipVIS-NR-019_00168.jpg,0.49999999999945743,0.0,0.0,0.0,0.0,0.0,0.0,0.9999999999989149,0.49999999999945743
RipVIS-NR-019_00174.jpg,0.49999999999945743,0.0,0.0,0.0,0.0,0.0,0.0,0.9999999999989149,0.49999999999945743
RipVIS-NR-019_00180.jpg,0.49999999999945743,0.0,0.0,0.0,0.0,0.0,0.0,0.9999999999989149,0.49999999999945743
RipVIS-NR-019_00186.jpg,0.49999999999945743,0.0,0.0,0.0,0.0,0.0,0.0,0.9999999999989149,0.49999999999945743
RipVIS-NR-019_00192.jpg,0.49999999999945743,0.0,0.0,0.0,0.0,0.0,0.0,0.9999999999989149,0.49999999999945743
RipVIS-NR-019_00198.jpg,0.49999999999945743,0.0,0.0,0.0,0.0,0.0,0.0,0.9999999999989149,0.49999999999945743
RipVIS-NR-019_00204.jpg,0.49999999999945743,0.0,0.0,0.0,0.0,0.0,0.0,0.9999999999989149,0.49999999999945743
RipVIS-NR-019_00210.jpg,0.49999999999945743,0.0,0.0,0.0,0.0,0.0,0.0,0.9999999999989149,0.49999999999945743
RipVIS-NR-019_00216.jpg,0.49999999999945743,0.0,0.0,0.0,0.0,0.0,0.0,0.9999999999989149,0.49999999999945743
RipVIS-NR-019_00222.jpg,0.49999999999945743,0.0,0.0,0.0,0.0,0.0,0.0,0.9999999999989149,0.49999999999945743
RipVIS-NR-019_00228.jpg,0.49999999999945743,0.0,0.0,0.0,0.0,0.0,0.0,0.9999999999989149,0.49999999999945743
RipVIS-NR-019_00234.jpg,0.49999999999945743,0.0,0.0,0.0,0.0,0.0,0.0,0.9999999999989149,0.49999999999945743
RipVIS-NR-019_00240.jpg,0.49999999999945743,0.0,0.0,0.0,0.0,0.0,0.0,0.9999999999989149,0.49999999999945743
RipVIS-NR-019_00246.jpg,0.49999999999945743,0.0,0.0,0.0,0.0,0.0,0.0,0.9999999999989149,0.49999999999945743
RipVIS-NR-019_00252.jpg,0.49999999999945743,0.0,0.0,0.0,0.0,0.0,0.0,0.9999999999989149,0.49999999999945743
RipVIS-NR-019_00258.jpg,0.49999999999945743,0.0,0.0,0.0,0.0,0.0,0.0,0.9999999999989149,0.49999999999945743
RipVIS-NR-019_00264.jpg,0.49999999999945743,0.0,0.0,0.0,0.0,0.0,0.0,0.9999999999989149,0.49999999999945743
RipVIS-NR-019_00270.jpg,0.49999999999945743,0.0,0.0,0.0,0.0,0.0,0.0,0.9999999999989149,0.49999999999945743
RipVIS-NR-019_00276.jpg,0.49999999999945743,0.0,0.0,0.0,0.0,0.0,0.0,0.9999999999989149,0.49999999999945743
RipVIS-NR-019_00282.jpg,0.49999999999945743,0.0,0.0,0.0,0.0,0.0,0.0,0.9999999999989149,0.49999999999945743
RipVIS-NR-019_00288.jpg,0.49999999999945743,0.0,0.0,0.0,0.0,0.0,0.0,0.9999999999989149,0.49999999999945743
RipVIS-NR-019_00294.jpg,0.49999999999945743,0.0,0.0,0.0,0.0,0.0,0.0,0.9999999999989149,0.49999999999945743
RipVIS-NR-019_00300.jpg,0.49999999999945743,0.0,0.0,0.0,0.0,0.0,0.0,0.9999999999989149,0.49999999999945743
RipVIS-NR-019_00306.jpg,0.49999999999945743,0.0,0.0,0.0,0.0,0.0,0.0,0.9999999999989149,0.49999999999945743
RipVIS-NR-019_00312.jpg,0.49999999999945743,0.0,0.0,0.0,0.0,0.0,0.0,0.9999999999989149,0.49999999999945743
RipVIS-NR-019_00318.jpg,0.49999999999945743,0.0,0.0,0.0,0.0,0.0,0.0,0.9999999999989149,0.49999999999945743
RipVIS-NR-019_00324.jpg,0.49999999999945743,0.0,0.0,0.0,0.0,0.0,0.0,0.9999999999989149,0.49999999999945743
RipVIS-NR-019_00330.jpg,0.49999999999945743,0.0,0.0,0.0,0.0,0.0,0.0,0.9999999999989149,0.49999999999945743
RipVIS-NR-019_00336.jpg,0.49999999999945743,0.0,0.0,0.0,0.0,0.0,0.0,0.9999999999989149,0.49999999999945743
RipVIS-NR-019_00342.jpg,0.49999999999945743,0.0,0.0,0.0,0.0,0.0,0.0,0.9999999999989149,0.49999999999945743
RipVIS-NR-019_00348.jpg,0.49999999999945743,0.0,0.0,0.0,0.0,0.0,0.0,0.9999999999989149,0.49999999999945743
RipVIS-NR-019_00354.jpg,0.49999999999945743,0.0,0.0,0.0,0.0,0.0,0.0,0.9999999999989149,0.49999999999945743
RipVIS-NR-019_00360.jpg,0.49999999999945743,0.0,0.0,0.0,0.0,0.0,0.0,0.9999999999989149,0.49999999999945743
RipVIS-NR-019_00366.jpg,0.49999999999945743,0.0,0.0,0.0,0.0,0.0,0.0,0.9999999999989149,0.49999999999945743
RipVIS-NR-019_00372.jpg,0.49999999999945743,0.0,0.0,0.0,0.0,0.0,0.0,0.9999999999989149,0.49999999999945743
RipVIS-NR-019_00378.jpg,0.49999999999945743,0.0,0.0,0.0,0.0,0.0,0.0,0.9999999999989149,0.49999999999945743
RipVIS-NR-019_00384.jpg,0.49999999999945743,0.0,0.0,0.0,0.0,0.0,0.0,0.9999999999989149,0.49999999999945743
RipVIS-NR-019_00390.jpg,0.49999999999945743,0.0,0.0,0.0,0.0,0.0,0.0,0.9999999999989149,0.49999999999945743
RipVIS-NR-019_00396.jpg,0.49999999999945743,0.0,0.0,0.0,0.0,0.0,0.0,0.9999999999989149,0.49999999999945743
RipVIS-NR-019_00402.jpg,0.49999999999945743,0.0,0.0,0.0,0.0,0.0,0.0,0.9999999999989149,0.49999999999945743
RipVIS-NR-019_00408.jpg,0.49999999999945743,0.0,0.0,0.0,0.0,0.0,0.0,0.9999999999989149,0.49999999999945743
RipVIS-NR-019_00414.jpg,0.49999999999945743,0.0,0.0,0.0,0.0,0.0,0.0,0.9999999999989149,0.49999999999945743
RipVIS-NR-019_00420.jpg,0.49999999999945743,0.0,0.0,0.0,0.0,0.0,0.0,0.9999999999989149,0.49999999999945743
RipVIS-NR-019_00426.jpg,0.49999999999945743,0.0,0.0,0.0,0.0,0.0,0.0,0.9999999999989149,0.49999999999945743
RipVIS-NR-019_00432.jpg,0.49999999999945743,0.0,0.0,0.0,0.0,0.0,0.0,0.9999999999989149,0.49999999999945743
RipVIS-NR-019_00438.jpg,0.49999999999945743,0.0,0.0,0.0,0.0,0.0,0.0,0.9999999999989149,0.49999999999945743
RipVIS-NR-019_00444.jpg,0.49999999999945743,0.0,0.0,0.0,0.0,0.0,0.0,0.9999999999989149,0.49999999999945743
RipVIS-NR-019_00450.jpg,0.49999999999945743,0.0,0.0,0.0,0.0,0.0,0.0,0.9999999999989149,0.49999999999945743
RipVIS-NR-019_00456.jpg,0.49999999999945743,0.0,0.0,0.0,0.0,0.0,0.0,0.9999999999989149,0.49999999999945743
RipVIS-NR-019_00462.jpg,0.49999999999945743,0.0,0.0,0.0,0.0,0.0,0.0,0.9999999999989149,0.49999999999945743
RipVIS-NR-019_00468.jpg,0.49999999999945743,0.0,0.0,0.0,0.0,0.0,0.0,0.9999999999989149,0.49999999999945743
RipVIS-NR-019_00474.jpg,0.49999999999945743,0.0,0.0,0.0,0.0,0.0,0.0,0.9999999999989149,0.49999999999945743
RipVIS-NR-019_00480.jpg,0.49999999999945743,0.0,0.0,0.0,0.0,0.0,0.0,0.9999999999989149,0.49999999999945743
RipVIS-NR-019_00486.jpg,0.49999999999945743,0.0,0.0,0.0,0.0,0.0,0.0,0.9999999999989149,0.49999999999945743
RipVIS-NR-019_00492.jpg,0.49999999999945743,0.0,0.0,0.0,0.0,0.0,0.0,0.9999999999989149,0.49999999999945743
RipVIS-NR-019_00498.jpg,0.49999999999945743,0.0,0.0,0.0,0.0,0.0,0.0,0.9999999999989149,0.49999999999945743
RipVIS-NR-019_00504.jpg,0.49999999999945743,0.0,0.0,0.0,0.0,0.0,0.0,0.9999999999989149,0.49999999999945743
RipVIS-NR-019_00510.jpg,0.49999999999945743,0.0,0.0,0.0,0.0,0.0,0.0,0.9999999999989149,0.49999999999945743
RipVIS-NR-019_00516.jpg,0.49999999999945743,0.0,0.0,0.0,0.0,0.0,0.0,0.9999999999989149,0.49999999999945743
RipVIS-NR-019_00522.jpg,0.49999999999945743,0.0,0.0,0.0,0.0,0.0,0.0,0.9999999999989149,0.49999999999945743
RipVIS-NR-019_00528.jpg,0.49999999999945743,0.0,0.0,0.0,0.0,0.0,0.0,0.9999999999989149,0.49999999999945743
RipVIS-NR-019_00534.jpg,0.49999999999945743,0.0,0.0,0.0,0.0,0.0,0.0,0.9999999999989149,0.49999999999945743
RipVIS-NR-019_00540.jpg,0.49999999999945743,0.0,0.0,0.0,0.0,0.0,0.0,0.9999999999989149,0.49999999999945743
RipVIS-NR-019_00546.jpg,0.49999999999945743,0.0,0.0,0.0,0.0,0.0,0.0,0.9999999999989149,0.49999999999945743
RipVIS-NR-019_00552.jpg,0.49999999999945743,0.0,0.0,0.0,0.0,0.0,0.0,0.9999999999989149,0.49999999999945743
RipVIS-NR-019_00558.jpg,0.49999999999945743,0.0,0.0,0.0,0.0,0.0,0.0,0.9999999999989149,0.49999999999945743
RipVIS-NR-019_00564.jpg,0.49999999999945743,0.0,0.0,0.0,0.0,0.0,0.0,0.9999999999989149,0.49999999999945743
RipVIS-NR-019_00570.jpg,0.49999999999945743,0.0,0.0,0.0,0.0,0.0,0.0,0.9999999999989149,0.49999999999945743
RipVIS-NR-019_00576.jpg,0.49999999999945743,0.0,0.0,0.0,0.0,0.0,0.0,0.9999999999989149,0.49999999999945743
RipVIS-NR-019_00582.jpg,0.49999999999945743,0.0,0.0,0.0,0.0,0.0,0.0,0.9999999999989149,0.49999999999945743
RipVIS-NR-019_00588.jpg,0.49999999999945743,0.0,0.0,0.0,0.0,0.0,0.0,0.9999999999989149,0.49999999999945743
RipVIS-NR-019_00594.jpg,0.49999999999945743,0.0,0.0,0.0,0.0,0.0,0.0,0.9999999999989149,0.49999999999945743
RipVIS-NR-019_00600.jpg,0.49999999999945743,0.0,0.0,0.0,0.0,0.0,0.0,0.9999999999989149,0.49999999999945743
RipVIS-NR-019_00606.jpg,0.49999999999945743,0.0,0.0,0.0,0.0,0.0,0.0,0.9999999999989149,0.49999999999945743
RipVIS-NR-019_00612.jpg,0.49999999999945743,0.0,0.0,0.0,0.0,0.0,0.0,0.9999999999989149,0.49999999999945743
RipVIS-NR-019_00618.jpg,0.49999999999945743,0.0,0.0,0.0,0.0,0.0,0.0,0.9999999999989149,0.49999999999945743
RipVIS-NR-019_00624.jpg,0.49999999999945743,0.0,0.0,0.0,0.0,0.0,0.0,0.9999999999989149,0.49999999999945743
RipVIS-NR-019_00630.jpg,0.49999999999945743,0.0,0.0,0.0,0.0,0.0,0.0,0.9999999999989149,0.49999999999945743
RipVIS-NR-019_00636.jpg,0.49999999999945743,0.0,0.0,0.0,0.0,0.0,0.0,0.9999999999989149,0.49999999999945743
RipVIS-NR-019_00642.jpg,0.49999999999945743,0.0,0.0,0.0,0.0,0.0,0.0,0.9999999999989149,0.49999999999945743
RipVIS-NR-019_00648.jpg,0.49999999999945743,0.0,0.0,0.0,0.0,0.0,0.0,0.9999999999989149,0.49999999999945743
RipVIS-NR-019_00654.jpg,0.49999999999945743,0.0,0.0,0.0,0.0,0.0,0.0,0.9999999999989149,0.49999999999945743
RipVIS-NR-019_00660.jpg,0.49999999999945743,0.0,0.0,0.0,0.0,0.0,0.0,0.9999999999989149,0.49999999999945743
RipVIS-NR-019_00666.jpg,0.49999999999945743,0.0,0.0,0.0,0.0,0.0,0.0,0.9999999999989149,0.49999999999945743
RipVIS-NR-019_00672.jpg,0.49999999999945743,0.0,0.0,0.0,0.0,0.0,0.0,0.9999999999989149,0.49999999999945743
RipVIS-NR-019_00678.jpg,0.49999999999945743,0.0,0.0,0.0,0.0,0.0,0.0,0.9999999999989149,0.49999999999945743
RipVIS-NR-019_00684.jpg,0.49999999999945743,0.0,0.0,0.0,0.0,0.0,0.0,0.9999999999989149,0.49999999999945743
RipVIS-NR-019_00690.jpg,0.49999999999945743,0.0,0.0,0.0,0.0,0.0,0.0,0.9999999999989149,0.49999999999945743
RipVIS-NR-019_00696.jpg,0.49999999999945743,0.0,0.0,0.0,0.0,0.0,0.0,0.9999999999989149,0.49999999999945743
RipVIS-NR-019_00702.jpg,0.49999999999945743,0.0,0.0,0.0,0.0,0.0,0.0,0.9999999999989149,0.49999999999945743
RipVIS-NR-019_00708.jpg,0.49999999999945743,0.0,0.0,0.0,0.0,0.0,0.0,0.9999999999989149,0.49999999999945743
RipVIS-NR-019_00714.jpg,0.49999999999945743,0.0,0.0,0.0,0.0,0.0,0.0,0.9999999999989149,0.49999999999945743
RipVIS-NR-019_00720.jpg,0.49999999999945743,0.0,0.0,0.0,0.0,0.0,0.0,0.9999999999989149,0.49999999999945743
RipVIS-NR-019_00726.jpg,0.49999999999945743,0.0,0.0,0.0,0.0,0.0,0.0,0.9999999999989149,0.49999999999945743
RipVIS-NR-019_00732.jpg,0.49999999999945743,0.0,0.0,0.0,0.0,0.0,0.0,0.9999999999989149,0.49999999999945743
RipVIS-NR-019_00738.jpg,0.49999999999945743,0.0,0.0,0.0,0.0,0.0,0.0,0.9999999999989149,0.49999999999945743
RipVIS-NR-019_00744.jpg,0.49999999999945743,0.0,0.0,0.0,0.0,0.0,0.0,0.9999999999989149,0.49999999999945743
RipVIS-NR-019_00750.jpg,0.49999999999945743,0.0,0.0,0.0,0.0,0.0,0.0,0.9999999999989149,0.49999999999945743
RipVIS-NR-019_00756.jpg,0.49999999999945743,0.0,0.0,0.0,0.0,0.0,0.0,0.9999999999989149,0.49999999999945743
RipVIS-NR-019_00762.jpg,0.49999999999945743,0.0,0.0,0.0,0.0,0.0,0.0,0.9999999999989149,0.49999999999945743
RipVIS-NR-019_00768.jpg,0.49999999999945743,0.0,0.0,0.0,0.0,0.0,0.0,0.9999999999989149,0.49999999999945743
RipVIS-NR-019_00774.jpg,0.49999999999945743,0.0,0.0,0.0,0.0,0.0,0.0,0.9999999999989149,0.49999999999945743
RipVIS-NR-019_00780.jpg,0.49999999999945743,0.0,0.0,0.0,0.0,0.0,0.0,0.9999999999989149,0.49999999999945743
RipVIS-NR-019_00786.jpg,0.49999999999945743,0.0,0.0,0.0,0.0,0.0,0.0,0.9999999999989149,0.49999999999945743
RipVIS-NR-019_00792.jpg,0.49999999999945743,0.0,0.0,0.0,0.0,0.0,0.0,0.9999999999989149,0.49999999999945743
RipVIS-NR-019_00798.jpg,0.49999999999945743,0.0,0.0,0.0,0.0,0.0,0.0,0.9999999999989149,0.49999999999945743
RipVIS-NR-019_00804.jpg,0.49999999999945743,0.0,0.0,0.0,0.0,0.0,0.0,0.9999999999989149,0.49999999999945743
RipVIS-NR-019_00810.jpg,0.49999999999945743,0.0,0.0,0.0,0.0,0.0,0.0,0.9999999999989149,0.49999999999945743
RipVIS-NR-019_00816.jpg,0.49999999999945743,0.0,0.0,0.0,0.0,0.0,0.0,0.9999999999989149,0.49999999999945743
RipVIS-NR-019_00822.jpg,0.49999999999945743,0.0,0.0,0.0,0.0,0.0,0.0,0.9999999999989149,0.49999999999945743
RipVIS-NR-019_00828.jpg,0.49999999999945743,0.0,0.0,0.0,0.0,0.0,0.0,0.9999999999989149,0.49999999999945743
RipVIS-NR-019_00834.jpg,0.49999999999945743,0.0,0.0,0.0,0.0,0.0,0.0,0.9999999999989149,0.49999999999945743
RipVIS-NR-019_00840.jpg,0.49999999999945743,0.0,0.0,0.0,0.0,0.0,0.0,0.9999999999989149,0.49999999999945743
RipVIS-NR-019_00846.jpg,0.49999999999945743,0.0,0.0,0.0,0.0,0.0,0.0,0.9999999999989149,0.49999999999945743
RipVIS-NR-019_00852.jpg,0.49999999999945743,0.0,0.0,0.0,0.0,0.0,0.0,0.9999999999989149,0.49999999999945743
RipVIS-NR-019_00858.jpg,0.49999999999945743,0.0,0.0,0.0,0.0,0.0,0.0,0.9999999999989149,0.49999999999945743
RipVIS-NR-019_00864.jpg,0.49999999999945743,0.0,0.0,0.0,0.0,0.0,0.0,0.9999999999989149,0.49999999999945743
RipVIS-NR-019_00870.jpg,0.49999999999945743,0.0,0.0,0.0,0.0,0.0,0.0,0.9999999999989149,0.49999999999945743
RipVIS-NR-019_00876.jpg,0.49999999999945743,0.0,0.0,0.0,0.0,0.0,0.0,0.9999999999989149,0.49999999999945743
RipVIS-NR-019_00882.jpg,0.49999999999945743,0.0,0.0,0.0,0.0,0.0,0.0,0.9999999999989149,0.49999999999945743
RipVIS-NR-019_00888.jpg,0.49999999999945743,0.0,0.0,0.0,0.0,0.0,0.0,0.9999999999989149,0.49999999999945743
RipVIS-NR-019_00894.jpg,0.49999999999945743,0.0,0.0,0.0,0.0,0.0,0.0,0.9999999999989149,0.49999999999945743
RipVIS-NR-020_00000.jpg,0.49999999999945743,0.0,0.0,0.0,0.0,0.0,0.0,0.9999999999989149,0.49999999999945743
RipVIS-NR-020_00006.jpg,0.49999999999945743,0.0,0.0,0.0,0.0,0.0,0.0,0.9999999999989149,0.49999999999945743
RipVIS-NR-020_00012.jpg,0.49999999999945743,0.0,0.0,0.0,0.0,0.0,0.0,0.9999999999989149,0.49999999999945743
RipVIS-NR-020_00018.jpg,0.49999999999945743,0.0,0.0,0.0,0.0,0.0,0.0,0.9999999999989149,0.49999999999945743
RipVIS-NR-020_00024.jpg,0.49999999999945743,0.0,0.0,0.0,0.0,0.0,0.0,0.9999999999989149,0.49999999999945743
RipVIS-NR-020_00030.jpg,0.49999999999945743,0.0,0.0,0.0,0.0,0.0,0.0,0.9999999999989149,0.49999999999945743
RipVIS-NR-020_00036.jpg,0.49999999999945743,0.0,0.0,0.0,0.0,0.0,0.0,0.9999999999989149,0.49999999999945743
RipVIS-NR-020_00042.jpg,0.49999999999945743,0.0,0.0,0.0,0.0,0.0,0.0,0.9999999999989149,0.49999999999945743
RipVIS-NR-020_00048.jpg,0.49999999999945743,0.0,0.0,0.0,0.0,0.0,0.0,0.9999999999989149,0.49999999999945743
RipVIS-NR-020_00054.jpg,0.49999999999945743,0.0,0.0,0.0,0.0,0.0,0.0,0.9999999999989149,0.49999999999945743
RipVIS-NR-020_00060.jpg,0.49999999999945743,0.0,0.0,0.0,0.0,0.0,0.0,0.9999999999989149,0.49999999999945743
RipVIS-NR-020_00066.jpg,0.49999999999945743,0.0,0.0,0.0,0.0,0.0,0.0,0.9999999999989149,0.49999999999945743
RipVIS-NR-020_00072.jpg,0.49999999999945743,0.0,0.0,0.0,0.0,0.0,0.0,0.9999999999989149,0.49999999999945743
RipVIS-NR-020_00078.jpg,0.49999999999945743,0.0,0.0,0.0,0.0,0.0,0.0,0.9999999999989149,0.49999999999945743
RipVIS-NR-020_00084.jpg,0.49999999999945743,0.0,0.0,0.0,0.0,0.0,0.0,0.9999999999989149,0.49999999999945743
RipVIS-NR-020_00090.jpg,0.49999999999945743,0.0,0.0,0.0,0.0,0.0,0.0,0.9999999999989149,0.49999999999945743
RipVIS-NR-020_00096.jpg,0.49999999999945743,0.0,0.0,0.0,0.0,0.0,0.0,0.9999999999989149,0.49999999999945743
RipVIS-NR-020_00102.jpg,0.49999999999945743,0.0,0.0,0.0,0.0,0.0,0.0,0.9999999999989149,0.49999999999945743
RipVIS-NR-020_00108.jpg,0.49999999999945743,0.0,0.0,0.0,0.0,0.0,0.0,0.9999999999989149,0.49999999999945743
RipVIS-NR-020_00114.jpg,0.49999999999945743,0.0,0.0,0.0,0.0,0.0,0.0,0.9999999999989149,0.49999999999945743
RipVIS-NR-020_00120.jpg,0.49999999999945743,0.0,0.0,0.0,0.0,0.0,0.0,0.9999999999989149,0.49999999999945743
RipVIS-NR-020_00126.jpg,0.49999999999945743,0.0,0.0,0.0,0.0,0.0,0.0,0.9999999999989149,0.49999999999945743
RipVIS-NR-020_00132.jpg,0.49999999999945743,0.0,0.0,0.0,0.0,0.0,0.0,0.9999999999989149,0.49999999999945743
RipVIS-NR-020_00138.jpg,0.49999999999945743,0.0,0.0,0.0,0.0,0.0,0.0,0.9999999999989149,0.49999999999945743
RipVIS-NR-020_00144.jpg,0.49999999999945743,0.0,0.0,0.0,0.0,0.0,0.0,0.9999999999989149,0.49999999999945743
RipVIS-NR-020_00150.jpg,0.49999999999945743,0.0,0.0,0.0,0.0,0.0,0.0,0.9999999999989149,0.49999999999945743
RipVIS-NR-020_00156.jpg,0.49999999999945743,0.0,0.0,0.0,0.0,0.0,0.0,0.9999999999989149,0.49999999999945743
RipVIS-NR-020_00162.jpg,0.47339409722170855,0.0,0.0,0.0,0.0,0.0,0.0,0.9467881944434171,0.47339409722170855
RipVIS-NR-020_00168.jpg,0.49999999999945743,0.0,0.0,0.0,0.0,0.0,0.0,0.9999999999989149,0.49999999999945743
RipVIS-NR-020_00174.jpg,0.49999999999945743,0.0,0.0,0.0,0.0,0.0,0.0,0.9999999999989149,0.49999999999945743
RipVIS-NR-020_00180.jpg,0.49999999999945743,0.0,0.0,0.0,0.0,0.0,0.0,0.9999999999989149,0.49999999999945743
RipVIS-NR-020_00186.jpg,0.49999999999945743,0.0,0.0,0.0,0.0,0.0,0.0,0.9999999999989149,0.49999999999945743
RipVIS-NR-020_00192.jpg,0.49999999999945743,0.0,0.0,0.0,0.0,0.0,0.0,0.9999999999989149,0.49999999999945743
RipVIS-NR-020_00198.jpg,0.49999999999945743,0.0,0.0,0.0,0.0,0.0,0.0,0.9999999999989149,0.49999999999945743
RipVIS-NR-020_00204.jpg,0.49999999999945743,0.0,0.0,0.0,0.0,0.0,0.0,0.9999999999989149,0.49999999999945743
RipVIS-NR-020_00210.jpg,0.49999999999945743,0.0,0.0,0.0,0.0,0.0,0.0,0.9999999999989149,0.49999999999945743
RipVIS-NR-020_00216.jpg,0.49999999999945743,0.0,0.0,0.0,0.0,0.0,0.0,0.9999999999989149,0.49999999999945743
RipVIS-NR-020_00222.jpg,0.49999999999945743,0.0,0.0,0.0,0.0,0.0,0.0,0.9999999999989149,0.49999999999945743
RipVIS-NR-020_00228.jpg,0.49999999999945743,0.0,0.0,0.0,0.0,0.0,0.0,0.9999999999989149,0.49999999999945743
RipVIS-NR-020_00234.jpg,0.49999999999945743,0.0,0.0,0.0,0.0,0.0,0.0,0.9999999999989149,0.49999999999945743
RipVIS-NR-020_00240.jpg,0.49999999999945743,0.0,0.0,0.0,0.0,0.0,0.0,0.9999999999989149,0.49999999999945743
RipVIS-NR-020_00246.jpg,0.49999999999945743,0.0,0.0,0.0,0.0,0.0,0.0,0.9999999999989149,0.49999999999945743
RipVIS-NR-020_00252.jpg,0.49999999999945743,0.0,0.0,0.0,0.0,0.0,0.0,0.9999999999989149,0.49999999999945743
RipVIS-NR-020_00258.jpg,0.49999999999945743,0.0,0.0,0.0,0.0,0.0,0.0,0.9999999999989149,0.49999999999945743
RipVIS-NR-020_00264.jpg,0.49999999999945743,0.0,0.0,0.0,0.0,0.0,0.0,0.9999999999989149,0.49999999999945743
RipVIS-NR-020_00270.jpg,0.49999999999945743,0.0,0.0,0.0,0.0,0.0,0.0,0.9999999999989149,0.49999999999945743
RipVIS-NR-020_00276.jpg,0.49999999999945743,0.0,0.0,0.0,0.0,0.0,0.0,0.9999999999989149,0.49999999999945743
RipVIS-NR-020_00282.jpg,0.49999999999945743,0.0,0.0,0.0,0.0,0.0,0.0,0.9999999999989149,0.49999999999945743
RipVIS-NR-020_00288.jpg,0.49999999999945743,0.0,0.0,0.0,0.0,0.0,0.0,0.9999999999989149,0.49999999999945743
RipVIS-NR-020_00294.jpg,0.49999999999945743,0.0,0.0,0.0,0.0,0.0,0.0,0.9999999999989149,0.49999999999945743
RipVIS-NR-020_00300.jpg,0.49999999999945743,0.0,0.0,0.0,0.0,0.0,0.0,0.9999999999989149,0.49999999999945743
RipVIS-NR-020_00306.jpg,0.49999999999945743,0.0,0.0,0.0,0.0,0.0,0.0,0.9999999999989149,0.49999999999945743
RipVIS-NR-020_00312.jpg,0.49999999999945743,0.0,0.0,0.0,0.0,0.0,0.0,0.9999999999989149,0.49999999999945743
RipVIS-NR-020_00318.jpg,0.49999999999945743,0.0,0.0,0.0,0.0,0.0,0.0,0.9999999999989149,0.49999999999945743
RipVIS-NR-020_00324.jpg,0.49999999999945743,0.0,0.0,0.0,0.0,0.0,0.0,0.9999999999989149,0.49999999999945743
RipVIS-NR-020_00330.jpg,0.49999999999945743,0.0,0.0,0.0,0.0,0.0,0.0,0.9999999999989149,0.49999999999945743
RipVIS-NR-020_00336.jpg,0.49999999999945743,0.0,0.0,0.0,0.0,0.0,0.0,0.9999999999989149,0.49999999999945743
RipVIS-NR-020_00342.jpg,0.49999999999945743,0.0,0.0,0.0,0.0,0.0,0.0,0.9999999999989149,0.49999999999945743
RipVIS-NR-020_00348.jpg,0.49999999999945743,0.0,0.0,0.0,0.0,0.0,0.0,0.9999999999989149,0.49999999999945743
RipVIS-NR-020_00354.jpg,0.49999999999945743,0.0,0.0,0.0,0.0,0.0,0.0,0.9999999999989149,0.49999999999945743
RipVIS-NR-020_00360.jpg,0.49999999999945743,0.0,0.0,0.0,0.0,0.0,0.0,0.9999999999989149,0.49999999999945743
RipVIS-NR-020_00366.jpg,0.49999999999945743,0.0,0.0,0.0,0.0,0.0,0.0,0.9999999999989149,0.49999999999945743
RipVIS-NR-020_00372.jpg,0.49999999999945743,0.0,0.0,0.0,0.0,0.0,0.0,0.9999999999989149,0.49999999999945743
RipVIS-NR-020_00378.jpg,0.49999999999945743,0.0,0.0,0.0,0.0,0.0,0.0,0.9999999999989149,0.49999999999945743
RipVIS-NR-020_00384.jpg,0.49999999999945743,0.0,0.0,0.0,0.0,0.0,0.0,0.9999999999989149,0.49999999999945743
RipVIS-NR-020_00390.jpg,0.49999999999945743,0.0,0.0,0.0,0.0,0.0,0.0,0.9999999999989149,0.49999999999945743
RipVIS-NR-020_00396.jpg,0.49999999999945743,0.0,0.0,0.0,0.0,0.0,0.0,0.9999999999989149,0.49999999999945743
RipVIS-NR-020_00402.jpg,0.49999999999945743,0.0,0.0,0.0,0.0,0.0,0.0,0.9999999999989149,0.49999999999945743
RipVIS-NR-020_00408.jpg,0.49999999999945743,0.0,0.0,0.0,0.0,0.0,0.0,0.9999999999989149,0.49999999999945743
RipVIS-NR-020_00414.jpg,0.49999999999945743,0.0,0.0,0.0,0.0,0.0,0.0,0.9999999999989149,0.49999999999945743
RipVIS-NR-020_00420.jpg,0.49999999999945743,0.0,0.0,0.0,0.0,0.0,0.0,0.9999999999989149,0.49999999999945743
RipVIS-NR-020_00426.jpg,0.49999999999945743,0.0,0.0,0.0,0.0,0.0,0.0,0.9999999999989149,0.49999999999945743
RipVIS-NR-020_00432.jpg,0.49999999999945743,0.0,0.0,0.0,0.0,0.0,0.0,0.9999999999989149,0.49999999999945743
RipVIS-NR-020_00438.jpg,0.49999999999945743,0.0,0.0,0.0,0.0,0.0,0.0,0.9999999999989149,0.49999999999945743
RipVIS-NR-020_00444.jpg,0.49999999999945743,0.0,0.0,0.0,0.0,0.0,0.0,0.9999999999989149,0.49999999999945743
RipVIS-NR-020_00450.jpg,0.49999999999945743,0.0,0.0,0.0,0.0,0.0,0.0,0.9999999999989149,0.49999999999945743
RipVIS-NR-020_00456.jpg,0.49999999999945743,0.0,0.0,0.0,0.0,0.0,0.0,0.9999999999989149,0.49999999999945743
RipVIS-NR-020_00462.jpg,0.49999999999945743,0.0,0.0,0.0,0.0,0.0,0.0,0.9999999999989149,0.49999999999945743
RipVIS-NR-020_00468.jpg,0.49999999999945743,0.0,0.0,0.0,0.0,0.0,0.0,0.9999999999989149,0.49999999999945743
RipVIS-NR-020_00474.jpg,0.49999999999945743,0.0,0.0,0.0,0.0,0.0,0.0,0.9999999999989149,0.49999999999945743
RipVIS-NR-020_00480.jpg,0.49999999999945743,0.0,0.0,0.0,0.0,0.0,0.0,0.9999999999989149,0.49999999999945743
RipVIS-NR-020_00486.jpg,0.49999999999945743,0.0,0.0,0.0,0.0,0.0,0.0,0.9999999999989149,0.49999999999945743
RipVIS-NR-020_00492.jpg,0.49999999999945743,0.0,0.0,0.0,0.0,0.0,0.0,0.9999999999989149,0.49999999999945743
RipVIS-NR-020_00498.jpg,0.49999999999945743,0.0,0.0,0.0,0.0,0.0,0.0,0.9999999999989149,0.49999999999945743
RipVIS-NR-020_00504.jpg,0.49999999999945743,0.0,0.0,0.0,0.0,0.0,0.0,0.9999999999989149,0.49999999999945743
RipVIS-NR-020_00510.jpg,0.49999999999945743,0.0,0.0,0.0,0.0,0.0,0.0,0.9999999999989149,0.49999999999945743
RipVIS-NR-020_00516.jpg,0.49999999999945743,0.0,0.0,0.0,0.0,0.0,0.0,0.9999999999989149,0.49999999999945743
RipVIS-NR-020_00522.jpg,0.49999999999945743,0.0,0.0,0.0,0.0,0.0,0.0,0.9999999999989149,0.49999999999945743
RipVIS-NR-020_00528.jpg,0.49999999999945743,0.0,0.0,0.0,0.0,0.0,0.0,0.9999999999989149,0.49999999999945743
RipVIS-NR-020_00534.jpg,0.49999999999945743,0.0,0.0,0.0,0.0,0.0,0.0,0.9999999999989149,0.49999999999945743
RipVIS-NR-020_00540.jpg,0.49999999999945743,0.0,0.0,0.0,0.0,0.0,0.0,0.9999999999989149,0.49999999999945743
RipVIS-NR-020_00546.jpg,0.49999999999945743,0.0,0.0,0.0,0.0,0.0,0.0,0.9999999999989149,0.49999999999945743
RipVIS-NR-020_00552.jpg,0.49999999999945743,0.0,0.0,0.0,0.0,0.0,0.0,0.9999999999989149,0.49999999999945743
RipVIS-NR-020_00558.jpg,0.49999999999945743,0.0,0.0,0.0,0.0,0.0,0.0,0.9999999999989149,0.49999999999945743
RipVIS-NR-020_00564.jpg,0.49999999999945743,0.0,0.0,0.0,0.0,0.0,0.0,0.9999999999989149,0.49999999999945743
RipVIS-NR-020_00570.jpg,0.49999999999945743,0.0,0.0,0.0,0.0,0.0,0.0,0.9999999999989149,0.49999999999945743
RipVIS-NR-020_00576.jpg,0.49999999999945743,0.0,0.0,0.0,0.0,0.0,0.0,0.9999999999989149,0.49999999999945743
RipVIS-NR-020_00582.jpg,0.49999999999945743,0.0,0.0,0.0,0.0,0.0,0.0,0.9999999999989149,0.49999999999945743
RipVIS-NR-020_00588.jpg,0.49999999999945743,0.0,0.0,0.0,0.0,0.0,0.0,0.9999999999989149,0.49999999999945743
RipVIS-NR-020_00594.jpg,0.49999999999945743,0.0,0.0,0.0,0.0,0.0,0.0,0.9999999999989149,0.49999999999945743
RipVIS-NR-020_00600.jpg,0.49999999999945743,0.0,0.0,0.0,0.0,0.0,0.0,0.9999999999989149,0.49999999999945743
RipVIS-NR-020_00606.jpg,0.49999999999945743,0.0,0.0,0.0,0.0,0.0,0.0,0.9999999999989149,0.49999999999945743
RipVIS-NR-020_00612.jpg,0.49999999999945743,0.0,0.0,0.0,0.0,0.0,0.0,0.9999999999989149,0.49999999999945743
RipVIS-NR-020_00618.jpg,0.49999999999945743,0.0,0.0,0.0,0.0,0.0,0.0,0.9999999999989149,0.49999999999945743
RipVIS-NR-020_00624.jpg,0.49999999999945743,0.0,0.0,0.0,0.0,0.0,0.0,0.9999999999989149,0.49999999999945743
RipVIS-NR-020_00630.jpg,0.49999999999945743,0.0,0.0,0.0,0.0,0.0,0.0,0.9999999999989149,0.49999999999945743
RipVIS-NR-020_00636.jpg,0.49999999999945743,0.0,0.0,0.0,0.0,0.0,0.0,0.9999999999989149,0.49999999999945743
RipVIS-NR-020_00642.jpg,0.49999999999945743,0.0,0.0,0.0,0.0,0.0,0.0,0.9999999999989149,0.49999999999945743
RipVIS-NR-020_00648.jpg,0.49999999999945743,0.0,0.0,0.0,0.0,0.0,0.0,0.9999999999989149,0.49999999999945743
RipVIS-NR-020_00654.jpg,0.49999999999945743,0.0,0.0,0.0,0.0,0.0,0.0,0.9999999999989149,0.49999999999945743
RipVIS-NR-020_00660.jpg,0.49999999999945743,0.0,0.0,0.0,0.0,0.0,0.0,0.9999999999989149,0.49999999999945743
RipVIS-NR-020_00666.jpg,0.49999999999945743,0.0,0.0,0.0,0.0,0.0,0.0,0.9999999999989149,0.49999999999945743
RipVIS-NR-020_00672.jpg,0.49999999999945743,0.0,0.0,0.0,0.0,0.0,0.0,0.9999999999989149,0.49999999999945743
RipVIS-NR-020_00678.jpg,0.49999999999945743,0.0,0.0,0.0,0.0,0.0,0.0,0.9999999999989149,0.49999999999945743
RipVIS-NR-020_00684.jpg,0.49999999999945743,0.0,0.0,0.0,0.0,0.0,0.0,0.9999999999989149,0.49999999999945743
RipVIS-NR-020_00690.jpg,0.49999999999945743,0.0,0.0,0.0,0.0,0.0,0.0,0.9999999999989149,0.49999999999945743
RipVIS-NR-020_00696.jpg,0.49999999999945743,0.0,0.0,0.0,0.0,0.0,0.0,0.9999999999989149,0.49999999999945743
RipVIS-NR-020_00702.jpg,0.49999999999945743,0.0,0.0,0.0,0.0,0.0,0.0,0.9999999999989149,0.49999999999945743
RipVIS-NR-020_00708.jpg,0.49999999999945743,0.0,0.0,0.0,0.0,0.0,0.0,0.9999999999989149,0.49999999999945743
RipVIS-NR-020_00714.jpg,0.49999999999945743,0.0,0.0,0.0,0.0,0.0,0.0,0.9999999999989149,0.49999999999945743
RipVIS-NR-020_00720.jpg,0.49999999999945743,0.0,0.0,0.0,0.0,0.0,0.0,0.9999999999989149,0.49999999999945743
RipVIS-NR-020_00726.jpg,0.49999999999945743,0.0,0.0,0.0,0.0,0.0,0.0,0.9999999999989149,0.49999999999945743
RipVIS-NR-020_00732.jpg,0.49999999999945743,0.0,0.0,0.0,0.0,0.0,0.0,0.9999999999989149,0.49999999999945743
RipVIS-NR-020_00738.jpg,0.49999999999945743,0.0,0.0,0.0,0.0,0.0,0.0,0.9999999999989149,0.49999999999945743
RipVIS-NR-020_00744.jpg,0.49999999999945743,0.0,0.0,0.0,0.0,0.0,0.0,0.9999999999989149,0.49999999999945743
RipVIS-NR-020_00750.jpg,0.49999999999945743,0.0,0.0,0.0,0.0,0.0,0.0,0.9999999999989149,0.49999999999945743
RipVIS-NR-020_00756.jpg,0.49999999999945743,0.0,0.0,0.0,0.0,0.0,0.0,0.9999999999989149,0.49999999999945743
RipVIS-NR-020_00762.jpg,0.49999999999945743,0.0,0.0,0.0,0.0,0.0,0.0,0.9999999999989149,0.49999999999945743
RipVIS-NR-020_00768.jpg,0.49999999999945743,0.0,0.0,0.0,0.0,0.0,0.0,0.9999999999989149,0.49999999999945743
RipVIS-NR-020_00774.jpg,0.49999999999945743,0.0,0.0,0.0,0.0,0.0,0.0,0.9999999999989149,0.49999999999945743
RipVIS-NR-020_00780.jpg,0.49999999999945743,0.0,0.0,0.0,0.0,0.0,0.0,0.9999999999989149,0.49999999999945743
RipVIS-NR-020_00786.jpg,0.49999999999945743,0.0,0.0,0.0,0.0,0.0,0.0,0.9999999999989149,0.49999999999945743
RipVIS-NR-020_00792.jpg,0.49999999999945743,0.0,0.0,0.0,0.0,0.0,0.0,0.9999999999989149,0.49999999999945743
RipVIS-NR-020_00798.jpg,0.49999999999945743,0.0,0.0,0.0,0.0,0.0,0.0,0.9999999999989149,0.49999999999945743
RipVIS-NR-020_00804.jpg,0.49999999999945743,0.0,0.0,0.0,0.0,0.0,0.0,0.9999999999989149,0.49999999999945743
RipVIS-NR-020_00810.jpg,0.49999999999945743,0.0,0.0,0.0,0.0,0.0,0.0,0.9999999999989149,0.49999999999945743
RipVIS-NR-020_00816.jpg,0.49999999999945743,0.0,0.0,0.0,0.0,0.0,0.0,0.9999999999989149,0.49999999999945743
RipVIS-NR-020_00822.jpg,0.49999999999945743,0.0,0.0,0.0,0.0,0.0,0.0,0.9999999999989149,0.49999999999945743
RipVIS-NR-020_00828.jpg,0.49999999999945743,0.0,0.0,0.0,0.0,0.0,0.0,0.9999999999989149,0.49999999999945743
RipVIS-NR-020_00834.jpg,0.49999999999945743,0.0,0.0,0.0,0.0,0.0,0.0,0.9999999999989149,0.49999999999945743
RipVIS-NR-020_00840.jpg,0.49999999999945743,0.0,0.0,0.0,0.0,0.0,0.0,0.9999999999989149,0.49999999999945743
RipVIS-NR-020_00846.jpg,0.49999999999945743,0.0,0.0,0.0,0.0,0.0,0.0,0.9999999999989149,0.49999999999945743
RipVIS-NR-020_00852.jpg,0.49999999999945743,0.0,0.0,0.0,0.0,0.0,0.0,0.9999999999989149,0.49999999999945743
RipVIS-NR-020_00858.jpg,0.49999999999945743,0.0,0.0,0.0,0.0,0.0,0.0,0.9999999999989149,0.49999999999945743
RipVIS-NR-020_00864.jpg,0.49999999999945743,0.0,0.0,0.0,0.0,0.0,0.0,0.9999999999989149,0.49999999999945743
RipVIS-NR-020_00870.jpg,0.49999999999945743,0.0,0.0,0.0,0.0,0.0,0.0,0.9999999999989149,0.49999999999945743
RipVIS-NR-020_00876.jpg,0.49999999999945743,0.0,0.0,0.0,0.0,0.0,0.0,0.9999999999989149,0.49999999999945743
RipVIS-NR-020_00882.jpg,0.49999999999945743,0.0,0.0,0.0,0.0,0.0,0.0,0.9999999999989149,0.49999999999945743
RipVIS-NR-020_00888.jpg,0.49999999999945743,0.0,0.0,0.0,0.0,0.0,0.0,0.9999999999989149,0.49999999999945743
RipVIS-NR-020_00894.jpg,0.49999999999945743,0.0,0.0,0.0,0.0,0.0,0.0,0.9999999999989149,0.49999999999945743
RipVIS-NR-020_00900.jpg,0.49999999999945743,0.0,0.0,0.0,0.0,0.0,0.0,0.9999999999989149,0.49999999999945743
RipVIS-NR-020_00906.jpg,0.49999999999945743,0.0,0.0,0.0,0.0,0.0,0.0,0.9999999999989149,0.49999999999945743
RipVIS-NR-020_00912.jpg,0.49999999999945743,0.0,0.0,0.0,0.0,0.0,0.0,0.9999999999989149,0.49999999999945743
RipVIS-NR-020_00918.jpg,0.49999999999945743,0.0,0.0,0.0,0.0,0.0,0.0,0.9999999999989149,0.49999999999945743
RipVIS-NR-020_00924.jpg,0.49999999999945743,0.0,0.0,0.0,0.0,0.0,0.0,0.9999999999989149,0.49999999999945743
RipVIS-NR-020_00930.jpg,0.49999999999945743,0.0,0.0,0.0,0.0,0.0,0.0,0.9999999999989149,0.49999999999945743
RipVIS-NR-020_00936.jpg,0.49999999999945743,0.0,0.0,0.0,0.0,0.0,0.0,0.9999999999989149,0.49999999999945743
RipVIS-NR-020_00942.jpg,0.49999999999945743,0.0,0.0,0.0,0.0,0.0,0.0,0.9999999999989149,0.49999999999945743
RipVIS-NR-020_00948.jpg,0.49999999999945743,0.0,0.0,0.0,0.0,0.0,0.0,0.9999999999989149,0.49999999999945743
RipVIS-NR-020_00954.jpg,0.49999999999945743,0.0,0.0,0.0,0.0,0.0,0.0,0.9999999999989149,0.49999999999945743
RipVIS-NR-020_00960.jpg,0.49999999999945743,0.0,0.0,0.0,0.0,0.0,0.0,0.9999999999989149,0.49999999999945743
RipVIS-NR-020_00966.jpg,0.49999999999945743,0.0,0.0,0.0,0.0,0.0,0.0,0.9999999999989149,0.49999999999945743
RipVIS-NR-020_00972.jpg,0.49999999999945743,0.0,0.0,0.0,0.0,0.0,0.0,0.9999999999989149,0.49999999999945743
RipVIS-NR-020_00978.jpg,0.49999999999945743,0.0,0.0,0.0,0.0,0.0,0.0,0.9999999999989149,0.49999999999945743
RipVIS-NR-020_00984.jpg,0.49999999999945743,0.0,0.0,0.0,0.0,0.0,0.0,0.9999999999989149,0.49999999999945743
RipVIS-NR-020_00990.jpg,0.49999999999945743,0.0,0.0,0.0,0.0,0.0,0.0,0.9999999999989149,0.49999999999945743
RipVIS-NR-020_00996.jpg,0.49999999999945743,0.0,0.0,0.0,0.0,0.0,0.0,0.9999999999989149,0.49999999999945743
RipVIS-NR-020_01002.jpg,0.49999999999945743,0.0,0.0,0.0,0.0,0.0,0.0,0.9999999999989149,0.49999999999945743
RipVIS-NR-020_01008.jpg,0.49999999999945743,0.0,0.0,0.0,0.0,0.0,0.0,0.9999999999989149,0.49999999999945743
RipVIS-NR-020_01014.jpg,0.49999999999945743,0.0,0.0,0.0,0.0,0.0,0.0,0.9999999999989149,0.49999999999945743
RipVIS-NR-020_01020.jpg,0.49999999999945743,0.0,0.0,0.0,0.0,0.0,0.0,0.9999999999989149,0.49999999999945743
RipVIS-NR-020_01026.jpg,0.49999999999945743,0.0,0.0,0.0,0.0,0.0,0.0,0.9999999999989149,0.49999999999945743
RipVIS-NR-020_01032.jpg,0.49999999999945743,0.0,0.0,0.0,0.0,0.0,0.0,0.9999999999989149,0.49999999999945743
RipVIS-NR-020_01038.jpg,0.49999999999945743,0.0,0.0,0.0,0.0,0.0,0.0,0.9999999999989149,0.49999999999945743
RipVIS-NR-020_01044.jpg,0.49999999999945743,0.0,0.0,0.0,0.0,0.0,0.0,0.9999999999989149,0.49999999999945743
RipVIS-NR-020_01050.jpg,0.49999999999945743,0.0,0.0,0.0,0.0,0.0,0.0,0.9999999999989149,0.49999999999945743
RipVIS-NR-020_01056.jpg,0.49999999999945743,0.0,0.0,0.0,0.0,0.0,0.0,0.9999999999989149,0.49999999999945743
RipVIS-NR-020_01062.jpg,0.49999999999945743,0.0,0.0,0.0,0.0,0.0,0.0,0.9999999999989149,0.49999999999945743
RipVIS-NR-020_01068.jpg,0.49999999999945743,0.0,0.0,0.0,0.0,0.0,0.0,0.9999999999989149,0.49999999999945743
RipVIS-NR-020_01074.jpg,0.49999999999945743,0.0,0.0,0.0,0.0,0.0,0.0,0.9999999999989149,0.49999999999945743
RipVIS-NR-020_01080.jpg,0.49999999999945743,0.0,0.0,0.0,0.0,0.0,0.0,0.9999999999989149,0.49999999999945743
RipVIS-NR-020_01086.jpg,0.49999999999945743,0.0,0.0,0.0,0.0,0.0,0.0,0.9999999999989149,0.49999999999945743
RipVIS-NR-020_01092.jpg,0.49999999999945743,0.0,0.0,0.0,0.0,0.0,0.0,0.9999999999989149,0.49999999999945743
RipVIS-NR-020_01098.jpg,0.49999999999945743,0.0,0.0,0.0,0.0,0.0,0.0,0.9999999999989149,0.49999999999945743
RipVIS-NR-020_01104.jpg,0.49999999999945743,0.0,0.0,0.0,0.0,0.0,0.0,0.9999999999989149,0.49999999999945743
RipVIS-NR-020_01110.jpg,0.49999999999945743,0.0,0.0,0.0,0.0,0.0,0.0,0.9999999999989149,0.49999999999945743
RipVIS-NR-020_01116.jpg,0.49999999999945743,0.0,0.0,0.0,0.0,0.0,0.0,0.9999999999989149,0.49999999999945743
RipVIS-NR-020_01122.jpg,0.49999999999945743,0.0,0.0,0.0,0.0,0.0,0.0,0.9999999999989149,0.49999999999945743
RipVIS-NR-020_01128.jpg,0.49999999999945743,0.0,0.0,0.0,0.0,0.0,0.0,0.9999999999989149,0.49999999999945743
RipVIS-NR-020_01134.jpg,0.49999999999945743,0.0,0.0,0.0,0.0,0.0,0.0,0.9999999999989149,0.49999999999945743
RipVIS-NR-020_01140.jpg,0.49999999999945743,0.0,0.0,0.0,0.0,0.0,0.0,0.9999999999989149,0.49999999999945743
RipVIS-NR-020_01146.jpg,0.49999999999945743,0.0,0.0,0.0,0.0,0.0,0.0,0.9999999999989149,0.49999999999945743
RipVIS-NR-020_01152.jpg,0.49999999999945743,0.0,0.0,0.0,0.0,0.0,0.0,0.9999999999989149,0.49999999999945743
RipVIS-NR-020_01158.jpg,0.49999999999945743,0.0,0.0,0.0,0.0,0.0,0.0,0.9999999999989149,0.49999999999945743
RipVIS-NR-020_01164.jpg,0.49999999999945743,0.0,0.0,0.0,0.0,0.0,0.0,0.9999999999989149,0.49999999999945743
RipVIS-NR-020_01170.jpg,0.49999999999945743,0.0,0.0,0.0,0.0,0.0,0.0,0.9999999999989149,0.49999999999945743
RipVIS-NR-020_01176.jpg,0.49999999999945743,0.0,0.0,0.0,0.0,0.0,0.0,0.9999999999989149,0.49999999999945743
RipVIS-NR-020_01182.jpg,0.49999999999945743,0.0,0.0,0.0,0.0,0.0,0.0,0.9999999999989149,0.49999999999945743
RipVIS-NR-020_01188.jpg,0.49999999999945743,0.0,0.0,0.0,0.0,0.0,0.0,0.9999999999989149,0.49999999999945743
RipVIS-NR-020_01194.jpg,0.4676741536453259,0.0,0.0,0.0,0.0,0.0,0.0,0.9353483072906518,0.4676741536453259
RipVIS-NR-020_01200.jpg,0.49999999999945743,0.0,0.0,0.0,0.0,0.0,0.0,0.9999999999989149,0.49999999999945743
RipVIS-NR-020_01206.jpg,0.49999999999945743,0.0,0.0,0.0,0.0,0.0,0.0,0.9999999999989149,0.49999999999945743
RipVIS-NR-020_01212.jpg,0.49999999999945743,0.0,0.0,0.0,0.0,0.0,0.0,0.9999999999989149,0.49999999999945743
RipVIS-NR-020_01218.jpg,0.49999999999945743,0.0,0.0,0.0,0.0,0.0,0.0,0.9999999999989149,0.49999999999945743
RipVIS-NR-020_01224.jpg,0.49999999999945743,0.0,0.0,0.0,0.0,0.0,0.0,0.9999999999989149,0.49999999999945743
RipVIS-NR-020_01230.jpg,0.49999999999945743,0.0,0.0,0.0,0.0,0.0,0.0,0.9999999999989149,0.49999999999945743
RipVIS-NR-020_01236.jpg,0.49999999999945743,0.0,0.0,0.0,0.0,0.0,0.0,0.9999999999989149,0.49999999999945743
RipVIS-NR-020_01242.jpg,0.49999999999945743,0.0,0.0,0.0,0.0,0.0,0.0,0.9999999999989149,0.49999999999945743
RipVIS-NR-020_01248.jpg,0.49999999999945743,0.0,0.0,0.0,0.0,0.0,0.0,0.9999999999989149,0.49999999999945743
RipVIS-NR-020_01254.jpg,0.49999999999945743,0.0,0.0,0.0,0.0,0.0,0.0,0.9999999999989149,0.49999999999945743
RipVIS-NR-020_01260.jpg,0.49999999999945743,0.0,0.0,0.0,0.0,0.0,0.0,0.9999999999989149,0.49999999999945743
RipVIS-NR-020_01266.jpg,0.49999999999945743,0.0,0.0,0.0,0.0,0.0,0.0,0.9999999999989149,0.49999999999945743
RipVIS-NR-020_01272.jpg,0.49999999999945743,0.0,0.0,0.0,0.0,0.0,0.0,0.9999999999989149,0.49999999999945743
RipVIS-NR-020_01278.jpg,0.49999999999945743,0.0,0.0,0.0,0.0,0.0,0.0,0.9999999999989149,0.49999999999945743
RipVIS-NR-020_01284.jpg,0.49999999999945743,0.0,0.0,0.0,0.0,0.0,0.0,0.9999999999989149,0.49999999999945743
RipVIS-NR-020_01290.jpg,0.49999999999945743,0.0,0.0,0.0,0.0,0.0,0.0,0.9999999999989149,0.49999999999945743
RipVIS-NR-020_01296.jpg,0.49999999999945743,0.0,0.0,0.0,0.0,0.0,0.0,0.9999999999989149,0.49999999999945743
RipVIS-NR-020_01302.jpg,0.49999999999945743,0.0,0.0,0.0,0.0,0.0,0.0,0.9999999999989149,0.49999999999945743
RipVIS-NR-020_01308.jpg,0.49999999999945743,0.0,0.0,0.0,0.0,0.0,0.0,0.9999999999989149,0.49999999999945743
RipVIS-NR-020_01314.jpg,0.49999999999945743,0.0,0.0,0.0,0.0,0.0,0.0,0.9999999999989149,0.49999999999945743
RipVIS-NR-020_01320.jpg,0.49999999999945743,0.0,0.0,0.0,0.0,0.0,0.0,0.9999999999989149,0.49999999999945743
RipVIS-NR-020_01326.jpg,0.49999999999945743,0.0,0.0,0.0,0.0,0.0,0.0,0.9999999999989149,0.49999999999945743
RipVIS-NR-020_01332.jpg,0.49999999999945743,0.0,0.0,0.0,0.0,0.0,0.0,0.9999999999989149,0.49999999999945743
RipVIS-NR-020_01338.jpg,0.49999999999945743,0.0,0.0,0.0,0.0,0.0,0.0,0.9999999999989149,0.49999999999945743
RipVIS-NR-020_01344.jpg,0.49999999999945743,0.0,0.0,0.0,0.0,0.0,0.0,0.9999999999989149,0.49999999999945743
RipVIS-NR-020_01350.jpg,0.49999999999945743,0.0,0.0,0.0,0.0,0.0,0.0,0.9999999999989149,0.49999999999945743
RipVIS-NR-020_01356.jpg,0.49999999999945743,0.0,0.0,0.0,0.0,0.0,0.0,0.9999999999989149,0.49999999999945743
RipVIS-NR-020_01362.jpg,0.49999999999945743,0.0,0.0,0.0,0.0,0.0,0.0,0.9999999999989149,0.49999999999945743
RipVIS-NR-020_01368.jpg,0.49999999999945743,0.0,0.0,0.0,0.0,0.0,0.0,0.9999999999989149,0.49999999999945743
RipVIS-NR-020_01374.jpg,0.49999999999945743,0.0,0.0,0.0,0.0,0.0,0.0,0.9999999999989149,0.49999999999945743
RipVIS-NR-020_01380.jpg,0.49999999999945743,0.0,0.0,0.0,0.0,0.0,0.0,0.9999999999989149,0.49999999999945743
RipVIS-NR-020_01386.jpg,0.49999999999945743,0.0,0.0,0.0,0.0,0.0,0.0,0.9999999999989149,0.49999999999945743
RipVIS-NR-020_01392.jpg,0.49999999999945743,0.0,0.0,0.0,0.0,0.0,0.0,0.9999999999989149,0.49999999999945743
RipVIS-NR-020_01398.jpg,0.49999999999945743,0.0,0.0,0.0,0.0,0.0,0.0,0.9999999999989149,0.49999999999945743
RipVIS-NR-020_01404.jpg,0.49999999999945743,0.0,0.0,0.0,0.0,0.0,0.0,0.9999999999989149,0.49999999999945743
RipVIS-NR-020_01410.jpg,0.49999999999945743,0.0,0.0,0.0,0.0,0.0,0.0,0.9999999999989149,0.49999999999945743
RipVIS-NR-020_01416.jpg,0.49999999999945743,0.0,0.0,0.0,0.0,0.0,0.0,0.9999999999989149,0.49999999999945743
RipVIS-NR-020_01422.jpg,0.49999999999945743,0.0,0.0,0.0,0.0,0.0,0.0,0.9999999999989149,0.49999999999945743
RipVIS-NR-020_01428.jpg,0.49999999999945743,0.0,0.0,0.0,0.0,0.0,0.0,0.9999999999989149,0.49999999999945743
RipVIS-NR-020_01434.jpg,0.49999999999945743,0.0,0.0,0.0,0.0,0.0,0.0,0.9999999999989149,0.49999999999945743
RipVIS-NR-020_01440.jpg,0.49999999999945743,0.0,0.0,0.0,0.0,0.0,0.0,0.9999999999989149,0.49999999999945743
RipVIS-NR-020_01446.jpg,0.49999999999945743,0.0,0.0,0.0,0.0,0.0,0.0,0.9999999999989149,0.49999999999945743
RipVIS-NR-020_01452.jpg,0.49999999999945743,0.0,0.0,0.0,0.0,0.0,0.0,0.9999999999989149,0.49999999999945743
RipVIS-NR-020_01458.jpg,0.49999999999945743,0.0,0.0,0.0,0.0,0.0,0.0,0.9999999999989149,0.49999999999945743
RipVIS-NR-020_01464.jpg,0.49999999999945743,0.0,0.0,0.0,0.0,0.0,0.0,0.9999999999989149,0.49999999999945743
RipVIS-NR-020_01470.jpg,0.49999999999945743,0.0,0.0,0.0,0.0,0.0,0.0,0.9999999999989149,0.49999999999945743
RipVIS-NR-020_01476.jpg,0.49999999999945743,0.0,0.0,0.0,0.0,0.0,0.0,0.9999999999989149,0.49999999999945743
RipVIS-NR-020_01482.jpg,0.49999999999945743,0.0,0.0,0.0,0.0,0.0,0.0,0.9999999999989149,0.49999999999945743
RipVIS-NR-020_01488.jpg,0.49999999999945743,0.0,0.0,0.0,0.0,0.0,0.0,0.9999999999989149,0.49999999999945743
RipVIS-NR-020_01494.jpg,0.49999999999945743,0.0,0.0,0.0,0.0,0.0,0.0,0.9999999999989149,0.49999999999945743
RipVIS-NR-020_01500.jpg,0.49999999999945743,0.0,0.0,0.0,0.0,0.0,0.0,0.9999999999989149,0.49999999999945743
RipVIS-NR-020_01506.jpg,0.49999999999945743,0.0,0.0,0.0,0.0,0.0,0.0,0.9999999999989149,0.49999999999945743
RipVIS-NR-020_01512.jpg,0.49999999999945743,0.0,0.0,0.0,0.0,0.0,0.0,0.9999999999989149,0.49999999999945743
RipVIS-NR-020_01518.jpg,0.49999999999945743,0.0,0.0,0.0,0.0,0.0,0.0,0.9999999999989149,0.49999999999945743
RipVIS-NR-020_01524.jpg,0.49999999999945743,0.0,0.0,0.0,0.0,0.0,0.0,0.9999999999989149,0.49999999999945743
RipVIS-NR-020_01530.jpg,0.49999999999945743,0.0,0.0,0.0,0.0,0.0,0.0,0.9999999999989149,0.49999999999945743
RipVIS-NR-020_01536.jpg,0.49999999999945743,0.0,0.0,0.0,0.0,0.0,0.0,0.9999999999989149,0.49999999999945743
RipVIS-NR-020_01542.jpg,0.49999999999945743,0.0,0.0,0.0,0.0,0.0,0.0,0.9999999999989149,0.49999999999945743
RipVIS-NR-020_01548.jpg,0.49999999999945743,0.0,0.0,0.0,0.0,0.0,0.0,0.9999999999989149,0.49999999999945743
RipVIS-NR-020_01554.jpg,0.49999999999945743,0.0,0.0,0.0,0.0,0.0,0.0,0.9999999999989149,0.49999999999945743
RipVIS-NR-020_01560.jpg,0.49999999999945743,0.0,0.0,0.0,0.0,0.0,0.0,0.9999999999989149,0.49999999999945743
RipVIS-NR-020_01566.jpg,0.49999999999945743,0.0,0.0,0.0,0.0,0.0,0.0,0.9999999999989149,0.49999999999945743
RipVIS-NR-020_01572.jpg,0.49999999999945743,0.0,0.0,0.0,0.0,0.0,0.0,0.9999999999989149,0.49999999999945743
RipVIS-NR-020_01578.jpg,0.49999999999945743,0.0,0.0,0.0,0.0,0.0,0.0,0.9999999999989149,0.49999999999945743
RipVIS-NR-020_01584.jpg,0.49999999999945743,0.0,0.0,0.0,0.0,0.0,0.0,0.9999999999989149,0.49999999999945743
RipVIS-NR-020_01590.jpg,0.49999999999945743,0.0,0.0,0.0,0.0,0.0,0.0,0.9999999999989149,0.49999999999945743
RipVIS-NR-020_01596.jpg,0.49999999999945743,0.0,0.0,0.0,0.0,0.0,0.0,0.9999999999989149,0.49999999999945743
RipVIS-NR-020_01602.jpg,0.49999999999945743,0.0,0.0,0.0,0.0,0.0,0.0,0.9999999999989149,0.49999999999945743
RipVIS-NR-020_01608.jpg,0.49999999999945743,0.0,0.0,0.0,0.0,0.0,0.0,0.9999999999989149,0.49999999999945743
RipVIS-NR-020_01614.jpg,0.49999999999945743,0.0,0.0,0.0,0.0,0.0,0.0,0.9999999999989149,0.49999999999945743
RipVIS-NR-020_01620.jpg,0.49999999999945743,0.0,0.0,0.0,0.0,0.0,0.0,0.9999999999989149,0.49999999999945743
RipVIS-NR-020_01626.jpg,0.49999999999945743,0.0,0.0,0.0,0.0,0.0,0.0,0.9999999999989149,0.49999999999945743
RipVIS-NR-020_01632.jpg,0.49999999999945743,0.0,0.0,0.0,0.0,0.0,0.0,0.9999999999989149,0.49999999999945743
RipVIS-NR-020_01638.jpg,0.49999999999945743,0.0,0.0,0.0,0.0,0.0,0.0,0.9999999999989149,0.49999999999945743
RipVIS-NR-020_01644.jpg,0.49999999999945743,0.0,0.0,0.0,0.0,0.0,0.0,0.9999999999989149,0.49999999999945743
RipVIS-NR-020_01650.jpg,0.49999999999945743,0.0,0.0,0.0,0.0,0.0,0.0,0.9999999999989149,0.49999999999945743
RipVIS-NR-020_01656.jpg,0.49999999999945743,0.0,0.0,0.0,0.0,0.0,0.0,0.9999999999989149,0.49999999999945743
RipVIS-NR-020_01662.jpg,0.49999999999945743,0.0,0.0,0.0,0.0,0.0,0.0,0.9999999999989149,0.49999999999945743
RipVIS-NR-020_01668.jpg,0.49999999999945743,0.0,0.0,0.0,0.0,0.0,0.0,0.9999999999989149,0.49999999999945743
RipVIS-NR-020_01674.jpg,0.49999999999945743,0.0,0.0,0.0,0.0,0.0,0.0,0.9999999999989149,0.49999999999945743
RipVIS-NR-020_01680.jpg,0.49999999999945743,0.0,0.0,0.0,0.0,0.0,0.0,0.9999999999989149,0.49999999999945743
RipVIS-NR-020_01686.jpg,0.49999999999945743,0.0,0.0,0.0,0.0,0.0,0.0,0.9999999999989149,0.49999999999945743
RipVIS-NR-020_01692.jpg,0.49999999999945743,0.0,0.0,0.0,0.0,0.0,0.0,0.9999999999989149,0.49999999999945743
RipVIS-NR-020_01698.jpg,0.49999999999945743,0.0,0.0,0.0,0.0,0.0,0.0,0.9999999999989149,0.49999999999945743
RipVIS-NR-020_01704.jpg,0.49999999999945743,0.0,0.0,0.0,0.0,0.0,0.0,0.9999999999989149,0.49999999999945743
RipVIS-NR-020_01710.jpg,0.49999999999945743,0.0,0.0,0.0,0.0,0.0,0.0,0.9999999999989149,0.49999999999945743
RipVIS-NR-020_01716.jpg,0.49999999999945743,0.0,0.0,0.0,0.0,0.0,0.0,0.9999999999989149,0.49999999999945743
RipVIS-NR-020_01722.jpg,0.49999999999945743,0.0,0.0,0.0,0.0,0.0,0.0,0.9999999999989149,0.49999999999945743
RipVIS-NR-020_01728.jpg,0.49999999999945743,0.0,0.0,0.0,0.0,0.0,0.0,0.9999999999989149,0.49999999999945743
RipVIS-NR-020_01734.jpg,0.49999999999945743,0.0,0.0,0.0,0.0,0.0,0.0,0.9999999999989149,0.49999999999945743
RipVIS-NR-020_01740.jpg,0.49999999999945743,0.0,0.0,0.0,0.0,0.0,0.0,0.9999999999989149,0.49999999999945743
RipVIS-NR-020_01746.jpg,0.49999999999945743,0.0,0.0,0.0,0.0,0.0,0.0,0.9999999999989149,0.49999999999945743
RipVIS-NR-020_01752.jpg,0.49999999999945743,0.0,0.0,0.0,0.0,0.0,0.0,0.9999999999989149,0.49999999999945743
RipVIS-NR-020_01758.jpg,0.49999999999945743,0.0,0.0,0.0,0.0,0.0,0.0,0.9999999999989149,0.49999999999945743
RipVIS-NR-020_01764.jpg,0.49999999999945743,0.0,0.0,0.0,0.0,0.0,0.0,0.9999999999989149,0.49999999999945743
RipVIS-NR-020_01770.jpg,0.49999999999945743,0.0,0.0,0.0,0.0,0.0,0.0,0.9999999999989149,0.49999999999945743
RipVIS-NR-020_01776.jpg,0.49999999999945743,0.0,0.0,0.0,0.0,0.0,0.0,0.9999999999989149,0.49999999999945743
RipVIS-NR-020_01782.jpg,0.49999999999945743,0.0,0.0,0.0,0.0,0.0,0.0,0.9999999999989149,0.49999999999945743
RipVIS-NR-020_01788.jpg,0.49999999999945743,0.0,0.0,0.0,0.0,0.0,0.0,0.9999999999989149,0.49999999999945743
RipVIS-NR-020_01794.jpg,0.49999999999945743,0.0,0.0,0.0,0.0,0.0,0.0,0.9999999999989149,0.49999999999945743
RipVIS-NR-020_01800.jpg,0.49999999999945743,0.0,0.0,0.0,0.0,0.0,0.0,0.9999999999989149,0.49999999999945743
RipVIS-NR-020_01806.jpg,0.49999999999945743,0.0,0.0,0.0,0.0,0.0,0.0,0.9999999999989149,0.49999999999945743
RipVIS-NR-020_01812.jpg,0.49999999999945743,0.0,0.0,0.0,0.0,0.0,0.0,0.9999999999989149,0.49999999999945743
RipVIS-NR-020_01818.jpg,0.49999999999945743,0.0,0.0,0.0,0.0,0.0,0.0,0.9999999999989149,0.49999999999945743
RipVIS-NR-020_01824.jpg,0.49999999999945743,0.0,0.0,0.0,0.0,0.0,0.0,0.9999999999989149,0.49999999999945743
RipVIS-NR-020_01830.jpg,0.49999999999945743,0.0,0.0,0.0,0.0,0.0,0.0,0.9999999999989149,0.49999999999945743
RipVIS-NR-020_01836.jpg,0.49999999999945743,0.0,0.0,0.0,0.0,0.0,0.0,0.9999999999989149,0.49999999999945743
RipVIS-NR-020_01842.jpg,0.49999999999945743,0.0,0.0,0.0,0.0,0.0,0.0,0.9999999999989149,0.49999999999945743
RipVIS-NR-020_01848.jpg,0.49999999999945743,0.0,0.0,0.0,0.0,0.0,0.0,0.9999999999989149,0.49999999999945743
RipVIS-NR-020_01854.jpg,0.49999999999945743,0.0,0.0,0.0,0.0,0.0,0.0,0.9999999999989149,0.49999999999945743
RipVIS-NR-020_01860.jpg,0.49999999999945743,0.0,0.0,0.0,0.0,0.0,0.0,0.9999999999989149,0.49999999999945743
RipVIS-NR-020_01866.jpg,0.49999999999945743,0.0,0.0,0.0,0.0,0.0,0.0,0.9999999999989149,0.49999999999945743
RipVIS-NR-020_01872.jpg,0.49999999999945743,0.0,0.0,0.0,0.0,0.0,0.0,0.9999999999989149,0.49999999999945743
RipVIS-NR-020_01878.jpg,0.49999999999945743,0.0,0.0,0.0,0.0,0.0,0.0,0.9999999999989149,0.49999999999945743
RipVIS-NR-020_01884.jpg,0.49999999999945743,0.0,0.0,0.0,0.0,0.0,0.0,0.9999999999989149,0.49999999999945743
RipVIS-NR-020_01890.jpg,0.49999999999945743,0.0,0.0,0.0,0.0,0.0,0.0,0.9999999999989149,0.49999999999945743
RipVIS-NR-020_01896.jpg,0.49999999999945743,0.0,0.0,0.0,0.0,0.0,0.0,0.9999999999989149,0.49999999999945743
RipVIS-NR-020_01902.jpg,0.49999999999945743,0.0,0.0,0.0,0.0,0.0,0.0,0.9999999999989149,0.49999999999945743
RipVIS-NR-020_01908.jpg,0.49999999999945743,0.0,0.0,0.0,0.0,0.0,0.0,0.9999999999989149,0.49999999999945743
RipVIS-NR-020_01914.jpg,0.49999999999945743,0.0,0.0,0.0,0.0,0.0,0.0,0.9999999999989149,0.49999999999945743
RipVIS-NR-020_01920.jpg,0.49999999999945743,0.0,0.0,0.0,0.0,0.0,0.0,0.9999999999989149,0.49999999999945743
RipVIS-NR-020_01926.jpg,0.49999999999945743,0.0,0.0,0.0,0.0,0.0,0.0,0.9999999999989149,0.49999999999945743
RipVIS-NR-020_01932.jpg,0.49999999999945743,0.0,0.0,0.0,0.0,0.0,0.0,0.9999999999989149,0.49999999999945743
RipVIS-NR-020_01938.jpg,0.49999999999945743,0.0,0.0,0.0,0.0,0.0,0.0,0.9999999999989149,0.49999999999945743
RipVIS-NR-020_01944.jpg,0.49999999999945743,0.0,0.0,0.0,0.0,0.0,0.0,0.9999999999989149,0.49999999999945743
RipVIS-NR-020_01950.jpg,0.49999999999945743,0.0,0.0,0.0,0.0,0.0,0.0,0.9999999999989149,0.49999999999945743
RipVIS-NR-020_01956.jpg,0.49999999999945743,0.0,0.0,0.0,0.0,0.0,0.0,0.9999999999989149,0.49999999999945743
RipVIS-NR-020_01962.jpg,0.49999999999945743,0.0,0.0,0.0,0.0,0.0,0.0,0.9999999999989149,0.49999999999945743
RipVIS-NR-020_01968.jpg,0.49999999999945743,0.0,0.0,0.0,0.0,0.0,0.0,0.9999999999989149,0.49999999999945743
RipVIS-NR-020_01974.jpg,0.49999999999945743,0.0,0.0,0.0,0.0,0.0,0.0,0.9999999999989149,0.49999999999945743
RipVIS-NR-020_01980.jpg,0.49999999999945743,0.0,0.0,0.0,0.0,0.0,0.0,0.9999999999989149,0.49999999999945743
RipVIS-NR-020_01986.jpg,0.49999999999945743,0.0,0.0,0.0,0.0,0.0,0.0,0.9999999999989149,0.49999999999945743
RipVIS-NR-020_01992.jpg,0.49999999999945743,0.0,0.0,0.0,0.0,0.0,0.0,0.9999999999989149,0.49999999999945743
RipVIS-NR-020_01998.jpg,0.49999999999945743,0.0,0.0,0.0,0.0,0.0,0.0,0.9999999999989149,0.49999999999945743
RipVIS-NR-020_02004.jpg,0.49999999999945743,0.0,0.0,0.0,0.0,0.0,0.0,0.9999999999989149,0.49999999999945743
RipVIS-NR-020_02010.jpg,0.49999999999945743,0.0,0.0,0.0,0.0,0.0,0.0,0.9999999999989149,0.49999999999945743
RipVIS-NR-020_02016.jpg,0.49999999999945743,0.0,0.0,0.0,0.0,0.0,0.0,0.9999999999989149,0.49999999999945743
RipVIS-NR-020_02022.jpg,0.49999999999945743,0.0,0.0,0.0,0.0,0.0,0.0,0.9999999999989149,0.49999999999945743
RipVIS-NR-020_02028.jpg,0.49999999999945743,0.0,0.0,0.0,0.0,0.0,0.0,0.9999999999989149,0.49999999999945743
RipVIS-NR-020_02034.jpg,0.49999999999945743,0.0,0.0,0.0,0.0,0.0,0.0,0.9999999999989149,0.49999999999945743
RipVIS-NR-020_02040.jpg,0.49999999999945743,0.0,0.0,0.0,0.0,0.0,0.0,0.9999999999989149,0.49999999999945743
RipVIS-NR-020_02046.jpg,0.49999999999945743,0.0,0.0,0.0,0.0,0.0,0.0,0.9999999999989149,0.49999999999945743
RipVIS-NR-020_02052.jpg,0.49999999999945743,0.0,0.0,0.0,0.0,0.0,0.0,0.9999999999989149,0.49999999999945743
RipVIS-NR-020_02058.jpg,0.49999999999945743,0.0,0.0,0.0,0.0,0.0,0.0,0.9999999999989149,0.49999999999945743
RipVIS-NR-020_02064.jpg,0.45587836371478313,0.0,0.0,0.0,0.0,0.0,0.0,0.9117567274295663,0.45587836371478313
RipVIS-NR-020_02070.jpg,0.49999999999945743,0.0,0.0,0.0,0.0,0.0,0.0,0.9999999999989149,0.49999999999945743
RipVIS-NR-020_02076.jpg,0.49999999999945743,0.0,0.0,0.0,0.0,0.0,0.0,0.9999999999989149,0.49999999999945743
RipVIS-NR-020_02082.jpg,0.49999999999945743,0.0,0.0,0.0,0.0,0.0,0.0,0.9999999999989149,0.49999999999945743
RipVIS-NR-020_02088.jpg,0.49999999999945743,0.0,0.0,0.0,0.0,0.0,0.0,0.9999999999989149,0.49999999999945743
RipVIS-NR-020_02094.jpg,0.49999999999945743,0.0,0.0,0.0,0.0,0.0,0.0,0.9999999999989149,0.49999999999945743
RipVIS-NR-020_02100.jpg,0.49999999999945743,0.0,0.0,0.0,0.0,0.0,0.0,0.9999999999989149,0.49999999999945743
RipVIS-NR-020_02106.jpg,0.49999999999945743,0.0,0.0,0.0,0.0,0.0,0.0,0.9999999999989149,0.49999999999945743
RipVIS-NR-020_02112.jpg,0.49999999999945743,0.0,0.0,0.0,0.0,0.0,0.0,0.9999999999989149,0.49999999999945743
RipVIS-NR-020_02118.jpg,0.49999999999945743,0.0,0.0,0.0,0.0,0.0,0.0,0.9999999999989149,0.49999999999945743
RipVIS-NR-020_02124.jpg,0.49999999999945743,0.0,0.0,0.0,0.0,0.0,0.0,0.9999999999989149,0.49999999999945743
RipVIS-NR-020_02130.jpg,0.49999999999945743,0.0,0.0,0.0,0.0,0.0,0.0,0.9999999999989149,0.49999999999945743
RipVIS-NR-020_02136.jpg,0.49999999999945743,0.0,0.0,0.0,0.0,0.0,0.0,0.9999999999989149,0.49999999999945743
RipVIS-NR-020_02142.jpg,0.49999999999945743,0.0,0.0,0.0,0.0,0.0,0.0,0.9999999999989149,0.49999999999945743
RipVIS-NR-020_02148.jpg,0.49999999999945743,0.0,0.0,0.0,0.0,0.0,0.0,0.9999999999989149,0.49999999999945743
RipVIS-NR-020_02154.jpg,0.49999999999945743,0.0,0.0,0.0,0.0,0.0,0.0,0.9999999999989149,0.49999999999945743
RipVIS-NR-020_02160.jpg,0.49999999999945743,0.0,0.0,0.0,0.0,0.0,0.0,0.9999999999989149,0.49999999999945743
RipVIS-NR-020_02166.jpg,0.49999999999945743,0.0,0.0,0.0,0.0,0.0,0.0,0.9999999999989149,0.49999999999945743
RipVIS-NR-020_02172.jpg,0.49999999999945743,0.0,0.0,0.0,0.0,0.0,0.0,0.9999999999989149,0.49999999999945743
RipVIS-NR-020_02178.jpg,0.49999999999945743,0.0,0.0,0.0,0.0,0.0,0.0,0.9999999999989149,0.49999999999945743
RipVIS-NR-020_02184.jpg,0.49999999999945743,0.0,0.0,0.0,0.0,0.0,0.0,0.9999999999989149,0.49999999999945743
RipVIS-NR-020_02190.jpg,0.49999999999945743,0.0,0.0,0.0,0.0,0.0,0.0,0.9999999999989149,0.49999999999945743
RipVIS-NR-020_02196.jpg,0.49999999999945743,0.0,0.0,0.0,0.0,0.0,0.0,0.9999999999989149,0.49999999999945743
RipVIS-NR-020_02202.jpg,0.49999999999945743,0.0,0.0,0.0,0.0,0.0,0.0,0.9999999999989149,0.49999999999945743
RipVIS-NR-020_02208.jpg,0.49999999999945743,0.0,0.0,0.0,0.0,0.0,0.0,0.9999999999989149,0.49999999999945743
RipVIS-NR-020_02214.jpg,0.49999999999945743,0.0,0.0,0.0,0.0,0.0,0.0,0.9999999999989149,0.49999999999945743
RipVIS-NR-020_02220.jpg,0.49999999999945743,0.0,0.0,0.0,0.0,0.0,0.0,0.9999999999989149,0.49999999999945743
RipVIS-NR-020_02226.jpg,0.49999999999945743,0.0,0.0,0.0,0.0,0.0,0.0,0.9999999999989149,0.49999999999945743
RipVIS-NR-020_02232.jpg,0.49999999999945743,0.0,0.0,0.0,0.0,0.0,0.0,0.9999999999989149,0.49999999999945743
RipVIS-NR-020_02238.jpg,0.49999999999945743,0.0,0.0,0.0,0.0,0.0,0.0,0.9999999999989149,0.49999999999945743
RipVIS-NR-020_02244.jpg,0.49999999999945743,0.0,0.0,0.0,0.0,0.0,0.0,0.9999999999989149,0.49999999999945743
RipVIS-NR-020_02250.jpg,0.49999999999945743,0.0,0.0,0.0,0.0,0.0,0.0,0.9999999999989149,0.49999999999945743
RipVIS-NR-020_02256.jpg,0.49999999999945743,0.0,0.0,0.0,0.0,0.0,0.0,0.9999999999989149,0.49999999999945743
RipVIS-NR-020_02262.jpg,0.49999999999945743,0.0,0.0,0.0,0.0,0.0,0.0,0.9999999999989149,0.49999999999945743
RipVIS-NR-020_02268.jpg,0.49999999999945743,0.0,0.0,0.0,0.0,0.0,0.0,0.9999999999989149,0.49999999999945743
RipVIS-NR-020_02274.jpg,0.49999999999945743,0.0,0.0,0.0,0.0,0.0,0.0,0.9999999999989149,0.49999999999945743
RipVIS-NR-020_02280.jpg,0.49999999999945743,0.0,0.0,0.0,0.0,0.0,0.0,0.9999999999989149,0.49999999999945743
RipVIS-NR-020_02286.jpg,0.49999999999945743,0.0,0.0,0.0,0.0,0.0,0.0,0.9999999999989149,0.49999999999945743
RipVIS-NR-020_02292.jpg,0.49999999999945743,0.0,0.0,0.0,0.0,0.0,0.0,0.9999999999989149,0.49999999999945743
RipVIS-NR-020_02298.jpg,0.49999999999945743,0.0,0.0,0.0,0.0,0.0,0.0,0.9999999999989149,0.49999999999945743
RipVIS-NR-020_02304.jpg,0.49999999999945743,0.0,0.0,0.0,0.0,0.0,0.0,0.9999999999989149,0.49999999999945743
RipVIS-NR-020_02310.jpg,0.49999999999945743,0.0,0.0,0.0,0.0,0.0,0.0,0.9999999999989149,0.49999999999945743
RipVIS-NR-020_02316.jpg,0.49999999999945743,0.0,0.0,0.0,0.0,0.0,0.0,0.9999999999989149,0.49999999999945743
RipVIS-NR-020_02322.jpg,0.49999999999945743,0.0,0.0,0.0,0.0,0.0,0.0,0.9999999999989149,0.49999999999945743
RipVIS-NR-020_02328.jpg,0.49999999999945743,0.0,0.0,0.0,0.0,0.0,0.0,0.9999999999989149,0.49999999999945743
RipVIS-NR-020_02334.jpg,0.49999999999945743,0.0,0.0,0.0,0.0,0.0,0.0,0.9999999999989149,0.49999999999945743
RipVIS-NR-020_02340.jpg,0.49999999999945743,0.0,0.0,0.0,0.0,0.0,0.0,0.9999999999989149,0.49999999999945743
RipVIS-NR-020_02346.jpg,0.49999999999945743,0.0,0.0,0.0,0.0,0.0,0.0,0.9999999999989149,0.49999999999945743
RipVIS-NR-020_02352.jpg,0.49999999999945743,0.0,0.0,0.0,0.0,0.0,0.0,0.9999999999989149,0.49999999999945743
RipVIS-NR-020_02358.jpg,0.49999999999945743,0.0,0.0,0.0,0.0,0.0,0.0,0.9999999999989149,0.49999999999945743
RipVIS-NR-020_02364.jpg,0.49999999999945743,0.0,0.0,0.0,0.0,0.0,0.0,0.9999999999989149,0.49999999999945743
RipVIS-NR-020_02370.jpg,0.49999999999945743,0.0,0.0,0.0,0.0,0.0,0.0,0.9999999999989149,0.49999999999945743
RipVIS-NR-020_02376.jpg,0.49999999999945743,0.0,0.0,0.0,0.0,0.0,0.0,0.9999999999989149,0.49999999999945743
RipVIS-NR-020_02382.jpg,0.49999999999945743,0.0,0.0,0.0,0.0,0.0,0.0,0.9999999999989149,0.49999999999945743
RipVIS-NR-020_02388.jpg,0.49999999999945743,0.0,0.0,0.0,0.0,0.0,0.0,0.9999999999989149,0.49999999999945743
RipVIS-NR-020_02394.jpg,0.49999999999945743,0.0,0.0,0.0,0.0,0.0,0.0,0.9999999999989149,0.49999999999945743
RipVIS-NR-020_02400.jpg,0.49999999999945743,0.0,0.0,0.0,0.0,0.0,0.0,0.9999999999989149,0.49999999999945743
RipVIS-NR-020_02406.jpg,0.49999999999945743,0.0,0.0,0.0,0.0,0.0,0.0,0.9999999999989149,0.49999999999945743
RipVIS-NR-020_02412.jpg,0.49999999999945743,0.0,0.0,0.0,0.0,0.0,0.0,0.9999999999989149,0.49999999999945743
RipVIS-NR-020_02418.jpg,0.49999999999945743,0.0,0.0,0.0,0.0,0.0,0.0,0.9999999999989149,0.49999999999945743
RipVIS-NR-020_02424.jpg,0.49999999999945743,0.0,0.0,0.0,0.0,0.0,0.0,0.9999999999989149,0.49999999999945743
RipVIS-NR-020_02430.jpg,0.49999999999945743,0.0,0.0,0.0,0.0,0.0,0.0,0.9999999999989149,0.49999999999945743
RipVIS-NR-020_02436.jpg,0.49999999999945743,0.0,0.0,0.0,0.0,0.0,0.0,0.9999999999989149,0.49999999999945743
RipVIS-NR-020_02442.jpg,0.49999999999945743,0.0,0.0,0.0,0.0,0.0,0.0,0.9999999999989149,0.49999999999945743
RipVIS-NR-020_02448.jpg,0.49999999999945743,0.0,0.0,0.0,0.0,0.0,0.0,0.9999999999989149,0.49999999999945743
RipVIS-NR-020_02454.jpg,0.49999999999945743,0.0,0.0,0.0,0.0,0.0,0.0,0.9999999999989149,0.49999999999945743
RipVIS-NR-020_02460.jpg,0.49999999999945743,0.0,0.0,0.0,0.0,0.0,0.0,0.9999999999989149,0.49999999999945743
RipVIS-NR-020_02466.jpg,0.49999999999945743,0.0,0.0,0.0,0.0,0.0,0.0,0.9999999999989149,0.49999999999945743
RipVIS-NR-020_02472.jpg,0.49999999999945743,0.0,0.0,0.0,0.0,0.0,0.0,0.9999999999989149,0.49999999999945743
RipVIS-NR-020_02478.jpg,0.49999999999945743,0.0,0.0,0.0,0.0,0.0,0.0,0.9999999999989149,0.49999999999945743
RipVIS-NR-020_02484.jpg,0.49999999999945743,0.0,0.0,0.0,0.0,0.0,0.0,0.9999999999989149,0.49999999999945743
RipVIS-NR-020_02490.jpg,0.49999999999945743,0.0,0.0,0.0,0.0,0.0,0.0,0.9999999999989149,0.49999999999945743
RipVIS-NR-020_02496.jpg,0.49999999999945743,0.0,0.0,0.0,0.0,0.0,0.0,0.9999999999989149,0.49999999999945743
RipVIS-NR-020_02502.jpg,0.49999999999945743,0.0,0.0,0.0,0.0,0.0,0.0,0.9999999999989149,0.49999999999945743
RipVIS-NR-020_02508.jpg,0.49999999999945743,0.0,0.0,0.0,0.0,0.0,0.0,0.9999999999989149,0.49999999999945743
RipVIS-NR-020_02514.jpg,0.49999999999945743,0.0,0.0,0.0,0.0,0.0,0.0,0.9999999999989149,0.49999999999945743
RipVIS-NR-020_02520.jpg,0.49999999999945743,0.0,0.0,0.0,0.0,0.0,0.0,0.9999999999989149,0.49999999999945743
RipVIS-NR-020_02526.jpg,0.49999999999945743,0.0,0.0,0.0,0.0,0.0,0.0,0.9999999999989149,0.49999999999945743
RipVIS-NR-020_02532.jpg,0.49999999999945743,0.0,0.0,0.0,0.0,0.0,0.0,0.9999999999989149,0.49999999999945743
RipVIS-NR-020_02538.jpg,0.49999999999945743,0.0,0.0,0.0,0.0,0.0,0.0,0.9999999999989149,0.49999999999945743
RipVIS-NR-020_02544.jpg,0.49999999999945743,0.0,0.0,0.0,0.0,0.0,0.0,0.9999999999989149,0.49999999999945743
RipVIS-NR-020_02550.jpg,0.49999999999945743,0.0,0.0,0.0,0.0,0.0,0.0,0.9999999999989149,0.49999999999945743
RipVIS-NR-020_02556.jpg,0.49999999999945743,0.0,0.0,0.0,0.0,0.0,0.0,0.9999999999989149,0.49999999999945743
RipVIS-NR-020_02562.jpg,0.49999999999945743,0.0,0.0,0.0,0.0,0.0,0.0,0.9999999999989149,0.49999999999945743
RipVIS-NR-020_02568.jpg,0.49999999999945743,0.0,0.0,0.0,0.0,0.0,0.0,0.9999999999989149,0.49999999999945743
RipVIS-NR-022_00000.jpg,0.49999999999975886,0.0,0.0,0.0,0.0,0.0,0.0,0.9999999999995177,0.49999999999975886
RipVIS-NR-022_00006.jpg,0.49999999999975886,0.0,0.0,0.0,0.0,0.0,0.0,0.9999999999995177,0.49999999999975886
RipVIS-NR-022_00012.jpg,0.49999999999975886,0.0,0.0,0.0,0.0,0.0,0.0,0.9999999999995177,0.49999999999975886
RipVIS-NR-022_00018.jpg,0.49999999999975886,0.0,0.0,0.0,0.0,0.0,0.0,0.9999999999995177,0.49999999999975886
RipVIS-NR-022_00024.jpg,0.49999999999975886,0.0,0.0,0.0,0.0,0.0,0.0,0.9999999999995177,0.49999999999975886
RipVIS-NR-022_00030.jpg,0.49999999999975886,0.0,0.0,0.0,0.0,0.0,0.0,0.9999999999995177,0.49999999999975886
RipVIS-NR-022_00036.jpg,0.49999999999975886,0.0,0.0,0.0,0.0,0.0,0.0,0.9999999999995177,0.49999999999975886
RipVIS-NR-022_00042.jpg,0.49999999999975886,0.0,0.0,0.0,0.0,0.0,0.0,0.9999999999995177,0.49999999999975886
RipVIS-NR-022_00048.jpg,0.49999999999975886,0.0,0.0,0.0,0.0,0.0,0.0,0.9999999999995177,0.49999999999975886
RipVIS-NR-022_00054.jpg,0.49999999999975886,0.0,0.0,0.0,0.0,0.0,0.0,0.9999999999995177,0.49999999999975886
RipVIS-NR-022_00060.jpg,0.49999999999975886,0.0,0.0,0.0,0.0,0.0,0.0,0.9999999999995177,0.49999999999975886
RipVIS-NR-022_00066.jpg,0.49999999999975886,0.0,0.0,0.0,0.0,0.0,0.0,0.9999999999995177,0.49999999999975886
RipVIS-NR-022_00072.jpg,0.49999999999975886,0.0,0.0,0.0,0.0,0.0,0.0,0.9999999999995177,0.49999999999975886
RipVIS-NR-022_00078.jpg,0.49999999999975886,0.0,0.0,0.0,0.0,0.0,0.0,0.9999999999995177,0.49999999999975886
RipVIS-NR-022_00084.jpg,0.49999999999975886,0.0,0.0,0.0,0.0,0.0,0.0,0.9999999999995177,0.49999999999975886
RipVIS-NR-022_00090.jpg,0.49999999999975886,0.0,0.0,0.0,0.0,0.0,0.0,0.9999999999995177,0.49999999999975886
RipVIS-NR-022_00096.jpg,0.49999999999975886,0.0,0.0,0.0,0.0,0.0,0.0,0.9999999999995177,0.49999999999975886
RipVIS-NR-022_00102.jpg,0.49999999999975886,0.0,0.0,0.0,0.0,0.0,0.0,0.9999999999995177,0.49999999999975886
RipVIS-NR-022_00108.jpg,0.49999999999975886,0.0,0.0,0.0,0.0,0.0,0.0,0.9999999999995177,0.49999999999975886
RipVIS-NR-022_00114.jpg,0.49999999999975886,0.0,0.0,0.0,0.0,0.0,0.0,0.9999999999995177,0.49999999999975886
RipVIS-NR-022_00120.jpg,0.49999999999975886,0.0,0.0,0.0,0.0,0.0,0.0,0.9999999999995177,0.49999999999975886
RipVIS-NR-022_00126.jpg,0.49999999999975886,0.0,0.0,0.0,0.0,0.0,0.0,0.9999999999995177,0.49999999999975886
RipVIS-NR-022_00132.jpg,0.49999999999975886,0.0,0.0,0.0,0.0,0.0,0.0,0.9999999999995177,0.49999999999975886
RipVIS-NR-022_00138.jpg,0.49999999999975886,0.0,0.0,0.0,0.0,0.0,0.0,0.9999999999995177,0.49999999999975886
RipVIS-NR-022_00144.jpg,0.49999999999975886,0.0,0.0,0.0,0.0,0.0,0.0,0.9999999999995177,0.49999999999975886
RipVIS-NR-022_00150.jpg,0.49999999999975886,0.0,0.0,0.0,0.0,0.0,0.0,0.9999999999995177,0.49999999999975886
RipVIS-NR-022_00156.jpg,0.49999999999975886,0.0,0.0,0.0,0.0,0.0,0.0,0.9999999999995177,0.49999999999975886
RipVIS-NR-022_00162.jpg,0.49999999999975886,0.0,0.0,0.0,0.0,0.0,0.0,0.9999999999995177,0.49999999999975886
RipVIS-NR-022_00168.jpg,0.49999999999975886,0.0,0.0,0.0,0.0,0.0,0.0,0.9999999999995177,0.49999999999975886
RipVIS-NR-022_00174.jpg,0.49999999999975886,0.0,0.0,0.0,0.0,0.0,0.0,0.9999999999995177,0.49999999999975886
RipVIS-NR-022_00180.jpg,0.49999999999975886,0.0,0.0,0.0,0.0,0.0,0.0,0.9999999999995177,0.49999999999975886
RipVIS-NR-022_00186.jpg,0.49999999999975886,0.0,0.0,0.0,0.0,0.0,0.0,0.9999999999995177,0.49999999999975886
RipVIS-NR-022_00192.jpg,0.49999999999975886,0.0,0.0,0.0,0.0,0.0,0.0,0.9999999999995177,0.49999999999975886
RipVIS-NR-022_00198.jpg,0.49999999999975886,0.0,0.0,0.0,0.0,0.0,0.0,0.9999999999995177,0.49999999999975886
RipVIS-NR-022_00204.jpg,0.49999999999975886,0.0,0.0,0.0,0.0,0.0,0.0,0.9999999999995177,0.49999999999975886
RipVIS-NR-022_00210.jpg,0.49999999999975886,0.0,0.0,0.0,0.0,0.0,0.0,0.9999999999995177,0.49999999999975886
RipVIS-NR-022_00216.jpg,0.49999999999975886,0.0,0.0,0.0,0.0,0.0,0.0,0.9999999999995177,0.49999999999975886
RipVIS-NR-022_00222.jpg,0.49999999999975886,0.0,0.0,0.0,0.0,0.0,0.0,0.9999999999995177,0.49999999999975886
RipVIS-NR-022_00228.jpg,0.49999999999975886,0.0,0.0,0.0,0.0,0.0,0.0,0.9999999999995177,0.49999999999975886
RipVIS-NR-022_00234.jpg,0.49999999999975886,0.0,0.0,0.0,0.0,0.0,0.0,0.9999999999995177,0.49999999999975886
RipVIS-NR-022_00240.jpg,0.49999999999975886,0.0,0.0,0.0,0.0,0.0,0.0,0.9999999999995177,0.49999999999975886
RipVIS-NR-022_00246.jpg,0.49999999999975886,0.0,0.0,0.0,0.0,0.0,0.0,0.9999999999995177,0.49999999999975886
RipVIS-NR-022_00252.jpg,0.49999999999975886,0.0,0.0,0.0,0.0,0.0,0.0,0.9999999999995177,0.49999999999975886
RipVIS-NR-022_00258.jpg,0.49999999999975886,0.0,0.0,0.0,0.0,0.0,0.0,0.9999999999995177,0.49999999999975886
RipVIS-NR-022_00264.jpg,0.49999999999975886,0.0,0.0,0.0,0.0,0.0,0.0,0.9999999999995177,0.49999999999975886
RipVIS-NR-022_00270.jpg,0.49999999999975886,0.0,0.0,0.0,0.0,0.0,0.0,0.9999999999995177,0.49999999999975886
RipVIS-NR-022_00276.jpg,0.49999999999975886,0.0,0.0,0.0,0.0,0.0,0.0,0.9999999999995177,0.49999999999975886
RipVIS-NR-022_00282.jpg,0.49999999999975886,0.0,0.0,0.0,0.0,0.0,0.0,0.9999999999995177,0.49999999999975886
RipVIS-NR-022_00288.jpg,0.49999999999975886,0.0,0.0,0.0,0.0,0.0,0.0,0.9999999999995177,0.49999999999975886
RipVIS-NR-022_00294.jpg,0.49999999999975886,0.0,0.0,0.0,0.0,0.0,0.0,0.9999999999995177,0.49999999999975886
RipVIS-NR-022_00300.jpg,0.49999999999975886,0.0,0.0,0.0,0.0,0.0,0.0,0.9999999999995177,0.49999999999975886
RipVIS-NR-022_00306.jpg,0.49999999999975886,0.0,0.0,0.0,0.0,0.0,0.0,0.9999999999995177,0.49999999999975886
RipVIS-NR-022_00312.jpg,0.49999999999975886,0.0,0.0,0.0,0.0,0.0,0.0,0.9999999999995177,0.49999999999975886
RipVIS-NR-022_00318.jpg,0.49999999999975886,0.0,0.0,0.0,0.0,0.0,0.0,0.9999999999995177,0.49999999999975886
RipVIS-NR-022_00324.jpg,0.49999999999975886,0.0,0.0,0.0,0.0,0.0,0.0,0.9999999999995177,0.49999999999975886
RipVIS-NR-022_00330.jpg,0.49999999999975886,0.0,0.0,0.0,0.0,0.0,0.0,0.9999999999995177,0.49999999999975886
RipVIS-NR-022_00336.jpg,0.49999999999975886,0.0,0.0,0.0,0.0,0.0,0.0,0.9999999999995177,0.49999999999975886
RipVIS-NR-022_00342.jpg,0.49999999999975886,0.0,0.0,0.0,0.0,0.0,0.0,0.9999999999995177,0.49999999999975886
RipVIS-NR-022_00348.jpg,0.49999999999975886,0.0,0.0,0.0,0.0,0.0,0.0,0.9999999999995177,0.49999999999975886
RipVIS-NR-022_00354.jpg,0.49999999999975886,0.0,0.0,0.0,0.0,0.0,0.0,0.9999999999995177,0.49999999999975886
RipVIS-NR-022_00360.jpg,0.49999999999975886,0.0,0.0,0.0,0.0,0.0,0.0,0.9999999999995177,0.49999999999975886
RipVIS-NR-022_00366.jpg,0.49999999999975886,0.0,0.0,0.0,0.0,0.0,0.0,0.9999999999995177,0.49999999999975886
RipVIS-NR-022_00372.jpg,0.49999999999975886,0.0,0.0,0.0,0.0,0.0,0.0,0.9999999999995177,0.49999999999975886
RipVIS-NR-022_00378.jpg,0.49999999999975886,0.0,0.0,0.0,0.0,0.0,0.0,0.9999999999995177,0.49999999999975886
RipVIS-NR-022_00384.jpg,0.49999999999975886,0.0,0.0,0.0,0.0,0.0,0.0,0.9999999999995177,0.49999999999975886
RipVIS-NR-022_00390.jpg,0.49999999999975886,0.0,0.0,0.0,0.0,0.0,0.0,0.9999999999995177,0.49999999999975886
RipVIS-NR-022_00396.jpg,0.49999999999975886,0.0,0.0,0.0,0.0,0.0,0.0,0.9999999999995177,0.49999999999975886
RipVIS-NR-022_00402.jpg,0.49999999999975886,0.0,0.0,0.0,0.0,0.0,0.0,0.9999999999995177,0.49999999999975886
RipVIS-NR-022_00408.jpg,0.49999999999975886,0.0,0.0,0.0,0.0,0.0,0.0,0.9999999999995177,0.49999999999975886
RipVIS-NR-022_00414.jpg,0.49999999999975886,0.0,0.0,0.0,0.0,0.0,0.0,0.9999999999995177,0.49999999999975886
RipVIS-NR-022_00420.jpg,0.49999999999975886,0.0,0.0,0.0,0.0,0.0,0.0,0.9999999999995177,0.49999999999975886
RipVIS-NR-022_00426.jpg,0.49999999999975886,0.0,0.0,0.0,0.0,0.0,0.0,0.9999999999995177,0.49999999999975886
RipVIS-NR-022_00432.jpg,0.49999999999975886,0.0,0.0,0.0,0.0,0.0,0.0,0.9999999999995177,0.49999999999975886
RipVIS-NR-022_00438.jpg,0.49999999999975886,0.0,0.0,0.0,0.0,0.0,0.0,0.9999999999995177,0.49999999999975886
RipVIS-NR-022_00444.jpg,0.49999999999975886,0.0,0.0,0.0,0.0,0.0,0.0,0.9999999999995177,0.49999999999975886
RipVIS-NR-022_00450.jpg,0.49999999999975886,0.0,0.0,0.0,0.0,0.0,0.0,0.9999999999995177,0.49999999999975886
RipVIS-NR-022_00456.jpg,0.49999999999975886,0.0,0.0,0.0,0.0,0.0,0.0,0.9999999999995177,0.49999999999975886
RipVIS-NR-022_00462.jpg,0.49999999999975886,0.0,0.0,0.0,0.0,0.0,0.0,0.9999999999995177,0.49999999999975886
RipVIS-NR-022_00468.jpg,0.49999999999975886,0.0,0.0,0.0,0.0,0.0,0.0,0.9999999999995177,0.49999999999975886
RipVIS-NR-022_00474.jpg,0.49999999999975886,0.0,0.0,0.0,0.0,0.0,0.0,0.9999999999995177,0.49999999999975886
RipVIS-NR-022_00480.jpg,0.49999999999975886,0.0,0.0,0.0,0.0,0.0,0.0,0.9999999999995177,0.49999999999975886
RipVIS-NR-022_00486.jpg,0.49999999999975886,0.0,0.0,0.0,0.0,0.0,0.0,0.9999999999995177,0.49999999999975886
RipVIS-NR-022_00492.jpg,0.49999999999975886,0.0,0.0,0.0,0.0,0.0,0.0,0.9999999999995177,0.49999999999975886
RipVIS-NR-022_00498.jpg,0.49999999999975886,0.0,0.0,0.0,0.0,0.0,0.0,0.9999999999995177,0.49999999999975886
RipVIS-NR-022_00504.jpg,0.49999999999975886,0.0,0.0,0.0,0.0,0.0,0.0,0.9999999999995177,0.49999999999975886
RipVIS-NR-022_00510.jpg,0.49999999999975886,0.0,0.0,0.0,0.0,0.0,0.0,0.9999999999995177,0.49999999999975886
RipVIS-NR-022_00516.jpg,0.49999999999975886,0.0,0.0,0.0,0.0,0.0,0.0,0.9999999999995177,0.49999999999975886
RipVIS-NR-022_00522.jpg,0.49999999999975886,0.0,0.0,0.0,0.0,0.0,0.0,0.9999999999995177,0.49999999999975886
RipVIS-NR-022_00528.jpg,0.49999999999975886,0.0,0.0,0.0,0.0,0.0,0.0,0.9999999999995177,0.49999999999975886
RipVIS-NR-022_00534.jpg,0.49999999999975886,0.0,0.0,0.0,0.0,0.0,0.0,0.9999999999995177,0.49999999999975886
RipVIS-NR-022_00540.jpg,0.49999999999975886,0.0,0.0,0.0,0.0,0.0,0.0,0.9999999999995177,0.49999999999975886
RipVIS-NR-022_00546.jpg,0.49999999999975886,0.0,0.0,0.0,0.0,0.0,0.0,0.9999999999995177,0.49999999999975886
RipVIS-NR-022_00552.jpg,0.49999999999975886,0.0,0.0,0.0,0.0,0.0,0.0,0.9999999999995177,0.49999999999975886
RipVIS-NR-022_00558.jpg,0.49999999999975886,0.0,0.0,0.0,0.0,0.0,0.0,0.9999999999995177,0.49999999999975886
RipVIS-NR-022_00564.jpg,0.49999999999975886,0.0,0.0,0.0,0.0,0.0,0.0,0.9999999999995177,0.49999999999975886
RipVIS-NR-022_00570.jpg,0.49999999999975886,0.0,0.0,0.0,0.0,0.0,0.0,0.9999999999995177,0.49999999999975886
RipVIS-NR-022_00576.jpg,0.49999999999975886,0.0,0.0,0.0,0.0,0.0,0.0,0.9999999999995177,0.49999999999975886
RipVIS-NR-022_00582.jpg,0.49999999999975886,0.0,0.0,0.0,0.0,0.0,0.0,0.9999999999995177,0.49999999999975886
RipVIS-NR-022_00588.jpg,0.49999999999975886,0.0,0.0,0.0,0.0,0.0,0.0,0.9999999999995177,0.49999999999975886
RipVIS-NR-022_00594.jpg,0.49999999999975886,0.0,0.0,0.0,0.0,0.0,0.0,0.9999999999995177,0.49999999999975886
RipVIS-NR-022_00600.jpg,0.49999999999975886,0.0,0.0,0.0,0.0,0.0,0.0,0.9999999999995177,0.49999999999975886
RipVIS-NR-022_00606.jpg,0.49999999999975886,0.0,0.0,0.0,0.0,0.0,0.0,0.9999999999995177,0.49999999999975886
RipVIS-NR-022_00612.jpg,0.49999999999975886,0.0,0.0,0.0,0.0,0.0,0.0,0.9999999999995177,0.49999999999975886
RipVIS-NR-022_00618.jpg,0.49999999999975886,0.0,0.0,0.0,0.0,0.0,0.0,0.9999999999995177,0.49999999999975886
RipVIS-NR-022_00624.jpg,0.49999999999975886,0.0,0.0,0.0,0.0,0.0,0.0,0.9999999999995177,0.49999999999975886
RipVIS-NR-022_00630.jpg,0.49999999999975886,0.0,0.0,0.0,0.0,0.0,0.0,0.9999999999995177,0.49999999999975886
RipVIS-NR-022_00636.jpg,0.49999999999975886,0.0,0.0,0.0,0.0,0.0,0.0,0.9999999999995177,0.49999999999975886
RipVIS-NR-022_00642.jpg,0.49999999999975886,0.0,0.0,0.0,0.0,0.0,0.0,0.9999999999995177,0.49999999999975886
RipVIS-NR-022_00648.jpg,0.49999999999975886,0.0,0.0,0.0,0.0,0.0,0.0,0.9999999999995177,0.49999999999975886
RipVIS-NR-022_00654.jpg,0.49999999999975886,0.0,0.0,0.0,0.0,0.0,0.0,0.9999999999995177,0.49999999999975886
RipVIS-NR-022_00660.jpg,0.49999999999975886,0.0,0.0,0.0,0.0,0.0,0.0,0.9999999999995177,0.49999999999975886
RipVIS-NR-022_00666.jpg,0.49999999999975886,0.0,0.0,0.0,0.0,0.0,0.0,0.9999999999995177,0.49999999999975886
RipVIS-NR-022_00672.jpg,0.49999999999975886,0.0,0.0,0.0,0.0,0.0,0.0,0.9999999999995177,0.49999999999975886
RipVIS-NR-022_00678.jpg,0.49999999999975886,0.0,0.0,0.0,0.0,0.0,0.0,0.9999999999995177,0.49999999999975886
RipVIS-NR-022_00684.jpg,0.49999999999975886,0.0,0.0,0.0,0.0,0.0,0.0,0.9999999999995177,0.49999999999975886
RipVIS-NR-022_00690.jpg,0.49999999999975886,0.0,0.0,0.0,0.0,0.0,0.0,0.9999999999995177,0.49999999999975886
RipVIS-NR-022_00696.jpg,0.49999999999975886,0.0,0.0,0.0,0.0,0.0,0.0,0.9999999999995177,0.49999999999975886
RipVIS-NR-022_00702.jpg,0.49999999999975886,0.0,0.0,0.0,0.0,0.0,0.0,0.9999999999995177,0.49999999999975886
RipVIS-NR-022_00708.jpg,0.49999999999975886,0.0,0.0,0.0,0.0,0.0,0.0,0.9999999999995177,0.49999999999975886
RipVIS-NR-022_00714.jpg,0.49999999999975886,0.0,0.0,0.0,0.0,0.0,0.0,0.9999999999995177,0.49999999999975886
RipVIS-NR-022_00720.jpg,0.49999999999975886,0.0,0.0,0.0,0.0,0.0,0.0,0.9999999999995177,0.49999999999975886
RipVIS-NR-022_00726.jpg,0.49999999999975886,0.0,0.0,0.0,0.0,0.0,0.0,0.9999999999995177,0.49999999999975886
RipVIS-NR-022_00732.jpg,0.49999999999975886,0.0,0.0,0.0,0.0,0.0,0.0,0.9999999999995177,0.49999999999975886
RipVIS-NR-022_00738.jpg,0.49999999999975886,0.0,0.0,0.0,0.0,0.0,0.0,0.9999999999995177,0.49999999999975886
RipVIS-NR-022_00744.jpg,0.49999999999975886,0.0,0.0,0.0,0.0,0.0,0.0,0.9999999999995177,0.49999999999975886
RipVIS-NR-022_00750.jpg,0.49999999999975886,0.0,0.0,0.0,0.0,0.0,0.0,0.9999999999995177,0.49999999999975886
RipVIS-NR-022_00756.jpg,0.49999999999975886,0.0,0.0,0.0,0.0,0.0,0.0,0.9999999999995177,0.49999999999975886
RipVIS-NR-022_00762.jpg,0.49999999999975886,0.0,0.0,0.0,0.0,0.0,0.0,0.9999999999995177,0.49999999999975886
RipVIS-NR-022_00768.jpg,0.49999999999975886,0.0,0.0,0.0,0.0,0.0,0.0,0.9999999999995177,0.49999999999975886
RipVIS-NR-022_00774.jpg,0.49999999999975886,0.0,0.0,0.0,0.0,0.0,0.0,0.9999999999995177,0.49999999999975886
RipVIS-NR-022_00780.jpg,0.49999999999975886,0.0,0.0,0.0,0.0,0.0,0.0,0.9999999999995177,0.49999999999975886
RipVIS-NR-022_00786.jpg,0.49999999999975886,0.0,0.0,0.0,0.0,0.0,0.0,0.9999999999995177,0.49999999999975886
RipVIS-NR-022_00792.jpg,0.49999999999975886,0.0,0.0,0.0,0.0,0.0,0.0,0.9999999999995177,0.49999999999975886
RipVIS-NR-022_00798.jpg,0.49999999999975886,0.0,0.0,0.0,0.0,0.0,0.0,0.9999999999995177,0.49999999999975886
RipVIS-NR-022_00804.jpg,0.49999999999975886,0.0,0.0,0.0,0.0,0.0,0.0,0.9999999999995177,0.49999999999975886
RipVIS-NR-022_00810.jpg,0.49999999999975886,0.0,0.0,0.0,0.0,0.0,0.0,0.9999999999995177,0.49999999999975886
RipVIS-NR-022_00816.jpg,0.49999999999975886,0.0,0.0,0.0,0.0,0.0,0.0,0.9999999999995177,0.49999999999975886
RipVIS-NR-022_00822.jpg,0.49999999999975886,0.0,0.0,0.0,0.0,0.0,0.0,0.9999999999995177,0.49999999999975886
RipVIS-NR-022_00828.jpg,0.49999999999975886,0.0,0.0,0.0,0.0,0.0,0.0,0.9999999999995177,0.49999999999975886
RipVIS-NR-022_00834.jpg,0.49999999999975886,0.0,0.0,0.0,0.0,0.0,0.0,0.9999999999995177,0.49999999999975886
RipVIS-NR-022_00840.jpg,0.49999999999975886,0.0,0.0,0.0,0.0,0.0,0.0,0.9999999999995177,0.49999999999975886
RipVIS-NR-022_00846.jpg,0.49999999999975886,0.0,0.0,0.0,0.0,0.0,0.0,0.9999999999995177,0.49999999999975886
RipVIS-NR-022_00852.jpg,0.49999999999975886,0.0,0.0,0.0,0.0,0.0,0.0,0.9999999999995177,0.49999999999975886
RipVIS-NR-022_00858.jpg,0.49999999999975886,0.0,0.0,0.0,0.0,0.0,0.0,0.9999999999995177,0.49999999999975886
RipVIS-NR-022_00864.jpg,0.49999999999975886,0.0,0.0,0.0,0.0,0.0,0.0,0.9999999999995177,0.49999999999975886
RipVIS-NR-022_00870.jpg,0.49999999999975886,0.0,0.0,0.0,0.0,0.0,0.0,0.9999999999995177,0.49999999999975886
RipVIS-NR-022_00876.jpg,0.49999999999975886,0.0,0.0,0.0,0.0,0.0,0.0,0.9999999999995177,0.49999999999975886
RipVIS-NR-022_00882.jpg,0.49999999999975886,0.0,0.0,0.0,0.0,0.0,0.0,0.9999999999995177,0.49999999999975886
RipVIS-NR-022_00888.jpg,0.49999999999975886,0.0,0.0,0.0,0.0,0.0,0.0,0.9999999999995177,0.49999999999975886
RipVIS-NR-022_00894.jpg,0.49999999999975886,0.0,0.0,0.0,0.0,0.0,0.0,0.9999999999995177,0.49999999999975886
RipVIS-NR-022_00900.jpg,0.49999999999975886,0.0,0.0,0.0,0.0,0.0,0.0,0.9999999999995177,0.49999999999975886
RipVIS-NR-022_00906.jpg,0.49999999999975886,0.0,0.0,0.0,0.0,0.0,0.0,0.9999999999995177,0.49999999999975886
RipVIS-NR-022_00912.jpg,0.49999999999975886,0.0,0.0,0.0,0.0,0.0,0.0,0.9999999999995177,0.49999999999975886
RipVIS-NR-022_00918.jpg,0.49999999999975886,0.0,0.0,0.0,0.0,0.0,0.0,0.9999999999995177,0.49999999999975886
RipVIS-NR-022_00924.jpg,0.49999999999975886,0.0,0.0,0.0,0.0,0.0,0.0,0.9999999999995177,0.49999999999975886
RipVIS-NR-022_00930.jpg,0.49999999999975886,0.0,0.0,0.0,0.0,0.0,0.0,0.9999999999995177,0.49999999999975886
RipVIS-NR-022_00936.jpg,0.49999999999975886,0.0,0.0,0.0,0.0,0.0,0.0,0.9999999999995177,0.49999999999975886
RipVIS-NR-022_00942.jpg,0.49999999999975886,0.0,0.0,0.0,0.0,0.0,0.0,0.9999999999995177,0.49999999999975886
RipVIS-NR-022_00948.jpg,0.49999999999975886,0.0,0.0,0.0,0.0,0.0,0.0,0.9999999999995177,0.49999999999975886
RipVIS-NR-022_00954.jpg,0.49999999999975886,0.0,0.0,0.0,0.0,0.0,0.0,0.9999999999995177,0.49999999999975886
RipVIS-NR-022_00960.jpg,0.49999999999975886,0.0,0.0,0.0,0.0,0.0,0.0,0.9999999999995177,0.49999999999975886
RipVIS-NR-022_00966.jpg,0.49999999999975886,0.0,0.0,0.0,0.0,0.0,0.0,0.9999999999995177,0.49999999999975886
RipVIS-NR-022_00972.jpg,0.49999999999975886,0.0,0.0,0.0,0.0,0.0,0.0,0.9999999999995177,0.49999999999975886
RipVIS-NR-022_00978.jpg,0.49999999999975886,0.0,0.0,0.0,0.0,0.0,0.0,0.9999999999995177,0.49999999999975886
RipVIS-NR-022_00984.jpg,0.49999999999975886,0.0,0.0,0.0,0.0,0.0,0.0,0.9999999999995177,0.49999999999975886
RipVIS-NR-022_00990.jpg,0.49999999999975886,0.0,0.0,0.0,0.0,0.0,0.0,0.9999999999995177,0.49999999999975886
RipVIS-NR-022_00996.jpg,0.49999999999975886,0.0,0.0,0.0,0.0,0.0,0.0,0.9999999999995177,0.49999999999975886
RipVIS-NR-022_01002.jpg,0.49999999999975886,0.0,0.0,0.0,0.0,0.0,0.0,0.9999999999995177,0.49999999999975886
RipVIS-NR-022_01008.jpg,0.49999999999975886,0.0,0.0,0.0,0.0,0.0,0.0,0.9999999999995177,0.49999999999975886
RipVIS-NR-022_01014.jpg,0.49999999999975886,0.0,0.0,0.0,0.0,0.0,0.0,0.9999999999995177,0.49999999999975886
RipVIS-NR-022_01020.jpg,0.49999999999975886,0.0,0.0,0.0,0.0,0.0,0.0,0.9999999999995177,0.49999999999975886
RipVIS-NR-022_01026.jpg,0.49999999999975886,0.0,0.0,0.0,0.0,0.0,0.0,0.9999999999995177,0.49999999999975886
RipVIS-NR-022_01032.jpg,0.49999999999975886,0.0,0.0,0.0,0.0,0.0,0.0,0.9999999999995177,0.49999999999975886
RipVIS-NR-022_01038.jpg,0.49999999999975886,0.0,0.0,0.0,0.0,0.0,0.0,0.9999999999995177,0.49999999999975886
RipVIS-NR-022_01044.jpg,0.49999999999975886,0.0,0.0,0.0,0.0,0.0,0.0,0.9999999999995177,0.49999999999975886
RipVIS-NR-022_01050.jpg,0.49999999999975886,0.0,0.0,0.0,0.0,0.0,0.0,0.9999999999995177,0.49999999999975886
RipVIS-NR-022_01056.jpg,0.49999999999975886,0.0,0.0,0.0,0.0,0.0,0.0,0.9999999999995177,0.49999999999975886
RipVIS-NR-022_01062.jpg,0.49999999999975886,0.0,0.0,0.0,0.0,0.0,0.0,0.9999999999995177,0.49999999999975886
RipVIS-NR-022_01068.jpg,0.49999999999975886,0.0,0.0,0.0,0.0,0.0,0.0,0.9999999999995177,0.49999999999975886
RipVIS-NR-022_01074.jpg,0.49999999999975886,0.0,0.0,0.0,0.0,0.0,0.0,0.9999999999995177,0.49999999999975886
RipVIS-NR-022_01080.jpg,0.49999999999975886,0.0,0.0,0.0,0.0,0.0,0.0,0.9999999999995177,0.49999999999975886
RipVIS-NR-022_01086.jpg,0.49999999999975886,0.0,0.0,0.0,0.0,0.0,0.0,0.9999999999995177,0.49999999999975886
RipVIS-NR-022_01092.jpg,0.49999999999975886,0.0,0.0,0.0,0.0,0.0,0.0,0.9999999999995177,0.49999999999975886
RipVIS-NR-022_01098.jpg,0.49999999999975886,0.0,0.0,0.0,0.0,0.0,0.0,0.9999999999995177,0.49999999999975886
RipVIS-NR-022_01104.jpg,0.49999999999975886,0.0,0.0,0.0,0.0,0.0,0.0,0.9999999999995177,0.49999999999975886
RipVIS-NR-022_01110.jpg,0.49999999999975886,0.0,0.0,0.0,0.0,0.0,0.0,0.9999999999995177,0.49999999999975886
RipVIS-NR-022_01116.jpg,0.49999999999975886,0.0,0.0,0.0,0.0,0.0,0.0,0.9999999999995177,0.49999999999975886
RipVIS-NR-022_01122.jpg,0.49999999999975886,0.0,0.0,0.0,0.0,0.0,0.0,0.9999999999995177,0.49999999999975886
RipVIS-NR-022_01128.jpg,0.49999999999975886,0.0,0.0,0.0,0.0,0.0,0.0,0.9999999999995177,0.49999999999975886
RipVIS-NR-022_01134.jpg,0.49999999999975886,0.0,0.0,0.0,0.0,0.0,0.0,0.9999999999995177,0.49999999999975886
RipVIS-NR-022_01140.jpg,0.49999999999975886,0.0,0.0,0.0,0.0,0.0,0.0,0.9999999999995177,0.49999999999975886
RipVIS-NR-022_01146.jpg,0.49999999999975886,0.0,0.0,0.0,0.0,0.0,0.0,0.9999999999995177,0.49999999999975886
RipVIS-NR-022_01152.jpg,0.49999999999975886,0.0,0.0,0.0,0.0,0.0,0.0,0.9999999999995177,0.49999999999975886
RipVIS-NR-022_01158.jpg,0.49999999999975886,0.0,0.0,0.0,0.0,0.0,0.0,0.9999999999995177,0.49999999999975886
RipVIS-NR-022_01164.jpg,0.49999999999975886,0.0,0.0,0.0,0.0,0.0,0.0,0.9999999999995177,0.49999999999975886
RipVIS-NR-022_01170.jpg,0.49999999999975886,0.0,0.0,0.0,0.0,0.0,0.0,0.9999999999995177,0.49999999999975886
RipVIS-NR-022_01176.jpg,0.49999999999975886,0.0,0.0,0.0,0.0,0.0,0.0,0.9999999999995177,0.49999999999975886
RipVIS-NR-022_01182.jpg,0.49999999999975886,0.0,0.0,0.0,0.0,0.0,0.0,0.9999999999995177,0.49999999999975886
RipVIS-NR-022_01188.jpg,0.49999999999975886,0.0,0.0,0.0,0.0,0.0,0.0,0.9999999999995177,0.49999999999975886
RipVIS-NR-022_01194.jpg,0.49999999999975886,0.0,0.0,0.0,0.0,0.0,0.0,0.9999999999995177,0.49999999999975886
RipVIS-NR-022_01200.jpg,0.49999999999975886,0.0,0.0,0.0,0.0,0.0,0.0,0.9999999999995177,0.49999999999975886
RipVIS-NR-022_01206.jpg,0.49999999999975886,0.0,0.0,0.0,0.0,0.0,0.0,0.9999999999995177,0.49999999999975886
RipVIS-NR-022_01212.jpg,0.49999999999975886,0.0,0.0,0.0,0.0,0.0,0.0,0.9999999999995177,0.49999999999975886
RipVIS-NR-022_01218.jpg,0.49999999999975886,0.0,0.0,0.0,0.0,0.0,0.0,0.9999999999995177,0.49999999999975886
RipVIS-NR-022_01224.jpg,0.49999999999975886,0.0,0.0,0.0,0.0,0.0,0.0,0.9999999999995177,0.49999999999975886
RipVIS-NR-022_01230.jpg,0.49999999999975886,0.0,0.0,0.0,0.0,0.0,0.0,0.9999999999995177,0.49999999999975886
RipVIS-NR-022_01236.jpg,0.49999999999975886,0.0,0.0,0.0,0.0,0.0,0.0,0.9999999999995177,0.49999999999975886
RipVIS-NR-022_01242.jpg,0.49999999999975886,0.0,0.0,0.0,0.0,0.0,0.0,0.9999999999995177,0.49999999999975886
RipVIS-NR-022_01248.jpg,0.49999999999975886,0.0,0.0,0.0,0.0,0.0,0.0,0.9999999999995177,0.49999999999975886
RipVIS-NR-022_01254.jpg,0.49999999999975886,0.0,0.0,0.0,0.0,0.0,0.0,0.9999999999995177,0.49999999999975886
RipVIS-NR-022_01260.jpg,0.49999999999975886,0.0,0.0,0.0,0.0,0.0,0.0,0.9999999999995177,0.49999999999975886
RipVIS-NR-022_01266.jpg,0.49999999999975886,0.0,0.0,0.0,0.0,0.0,0.0,0.9999999999995177,0.49999999999975886
RipVIS-NR-022_01272.jpg,0.49999999999975886,0.0,0.0,0.0,0.0,0.0,0.0,0.9999999999995177,0.49999999999975886
RipVIS-NR-022_01278.jpg,0.49999999999975886,0.0,0.0,0.0,0.0,0.0,0.0,0.9999999999995177,0.49999999999975886
RipVIS-NR-022_01284.jpg,0.49999999999975886,0.0,0.0,0.0,0.0,0.0,0.0,0.9999999999995177,0.49999999999975886
RipVIS-NR-022_01290.jpg,0.49999999999975886,0.0,0.0,0.0,0.0,0.0,0.0,0.9999999999995177,0.49999999999975886
RipVIS-NR-022_01296.jpg,0.49999999999975886,0.0,0.0,0.0,0.0,0.0,0.0,0.9999999999995177,0.49999999999975886
RipVIS-NR-022_01302.jpg,0.49999999999975886,0.0,0.0,0.0,0.0,0.0,0.0,0.9999999999995177,0.49999999999975886
RipVIS-NR-022_01308.jpg,0.49999999999975886,0.0,0.0,0.0,0.0,0.0,0.0,0.9999999999995177,0.49999999999975886
RipVIS-NR-022_01314.jpg,0.49999999999975886,0.0,0.0,0.0,0.0,0.0,0.0,0.9999999999995177,0.49999999999975886
RipVIS-NR-022_01320.jpg,0.49999999999975886,0.0,0.0,0.0,0.0,0.0,0.0,0.9999999999995177,0.49999999999975886
RipVIS-NR-022_01326.jpg,0.49999999999975886,0.0,0.0,0.0,0.0,0.0,0.0,0.9999999999995177,0.49999999999975886
RipVIS-NR-022_01332.jpg,0.49999999999975886,0.0,0.0,0.0,0.0,0.0,0.0,0.9999999999995177,0.49999999999975886
RipVIS-NR-022_01338.jpg,0.49999999999975886,0.0,0.0,0.0,0.0,0.0,0.0,0.9999999999995177,0.49999999999975886
RipVIS-NR-022_01344.jpg,0.49999999999975886,0.0,0.0,0.0,0.0,0.0,0.0,0.9999999999995177,0.49999999999975886
RipVIS-NR-022_01350.jpg,0.49999999999975886,0.0,0.0,0.0,0.0,0.0,0.0,0.9999999999995177,0.49999999999975886
RipVIS-NR-022_01356.jpg,0.49999999999975886,0.0,0.0,0.0,0.0,0.0,0.0,0.9999999999995177,0.49999999999975886
RipVIS-NR-022_01362.jpg,0.49999999999975886,0.0,0.0,0.0,0.0,0.0,0.0,0.9999999999995177,0.49999999999975886
RipVIS-NR-022_01368.jpg,0.49999999999975886,0.0,0.0,0.0,0.0,0.0,0.0,0.9999999999995177,0.49999999999975886
RipVIS-NR-022_01374.jpg,0.49999999999975886,0.0,0.0,0.0,0.0,0.0,0.0,0.9999999999995177,0.49999999999975886
RipVIS-NR-022_01380.jpg,0.49999999999975886,0.0,0.0,0.0,0.0,0.0,0.0,0.9999999999995177,0.49999999999975886
RipVIS-NR-022_01386.jpg,0.49999999999975886,0.0,0.0,0.0,0.0,0.0,0.0,0.9999999999995177,0.49999999999975886
RipVIS-NR-022_01392.jpg,0.49999999999975886,0.0,0.0,0.0,0.0,0.0,0.0,0.9999999999995177,0.49999999999975886
RipVIS-NR-022_01398.jpg,0.49999999999975886,0.0,0.0,0.0,0.0,0.0,0.0,0.9999999999995177,0.49999999999975886
RipVIS-NR-022_01404.jpg,0.49999999999975886,0.0,0.0,0.0,0.0,0.0,0.0,0.9999999999995177,0.49999999999975886
RipVIS-NR-022_01410.jpg,0.49999999999975886,0.0,0.0,0.0,0.0,0.0,0.0,0.9999999999995177,0.49999999999975886
RipVIS-NR-022_01416.jpg,0.49999999999975886,0.0,0.0,0.0,0.0,0.0,0.0,0.9999999999995177,0.49999999999975886
RipVIS-NR-022_01422.jpg,0.49999999999975886,0.0,0.0,0.0,0.0,0.0,0.0,0.9999999999995177,0.49999999999975886
RipVIS-NR-022_01428.jpg,0.49999999999975886,0.0,0.0,0.0,0.0,0.0,0.0,0.9999999999995177,0.49999999999975886
RipVIS-NR-022_01434.jpg,0.49999999999975886,0.0,0.0,0.0,0.0,0.0,0.0,0.9999999999995177,0.49999999999975886
RipVIS-NR-022_01440.jpg,0.49999999999975886,0.0,0.0,0.0,0.0,0.0,0.0,0.9999999999995177,0.49999999999975886
RipVIS-NR-022_01446.jpg,0.49999999999975886,0.0,0.0,0.0,0.0,0.0,0.0,0.9999999999995177,0.49999999999975886
RipVIS-NR-022_01452.jpg,0.49999999999975886,0.0,0.0,0.0,0.0,0.0,0.0,0.9999999999995177,0.49999999999975886
RipVIS-NR-022_01458.jpg,0.49999999999975886,0.0,0.0,0.0,0.0,0.0,0.0,0.9999999999995177,0.49999999999975886
RipVIS-NR-022_01464.jpg,0.49999999999975886,0.0,0.0,0.0,0.0,0.0,0.0,0.9999999999995177,0.49999999999975886
RipVIS-NR-022_01470.jpg,0.49999999999975886,0.0,0.0,0.0,0.0,0.0,0.0,0.9999999999995177,0.49999999999975886
RipVIS-NR-022_01476.jpg,0.49999999999975886,0.0,0.0,0.0,0.0,0.0,0.0,0.9999999999995177,0.49999999999975886
RipVIS-NR-022_01482.jpg,0.49999999999975886,0.0,0.0,0.0,0.0,0.0,0.0,0.9999999999995177,0.49999999999975886
RipVIS-NR-022_01488.jpg,0.49999999999975886,0.0,0.0,0.0,0.0,0.0,0.0,0.9999999999995177,0.49999999999975886
RipVIS-NR-022_01494.jpg,0.49999999999975886,0.0,0.0,0.0,0.0,0.0,0.0,0.9999999999995177,0.49999999999975886
RipVIS-NR-022_01500.jpg,0.49999999999975886,0.0,0.0,0.0,0.0,0.0,0.0,0.9999999999995177,0.49999999999975886
RipVIS-NR-022_01506.jpg,0.49999999999975886,0.0,0.0,0.0,0.0,0.0,0.0,0.9999999999995177,0.49999999999975886
RipVIS-NR-022_01512.jpg,0.49999999999975886,0.0,0.0,0.0,0.0,0.0,0.0,0.9999999999995177,0.49999999999975886
RipVIS-NR-022_01518.jpg,0.49999999999975886,0.0,0.0,0.0,0.0,0.0,0.0,0.9999999999995177,0.49999999999975886
RipVIS-NR-022_01524.jpg,0.49999999999975886,0.0,0.0,0.0,0.0,0.0,0.0,0.9999999999995177,0.49999999999975886
RipVIS-NR-022_01530.jpg,0.49999999999975886,0.0,0.0,0.0,0.0,0.0,0.0,0.9999999999995177,0.49999999999975886
RipVIS-NR-022_01536.jpg,0.49999999999975886,0.0,0.0,0.0,0.0,0.0,0.0,0.9999999999995177,0.49999999999975886
RipVIS-NR-022_01542.jpg,0.49999999999975886,0.0,0.0,0.0,0.0,0.0,0.0,0.9999999999995177,0.49999999999975886
RipVIS-NR-022_01548.jpg,0.49999999999975886,0.0,0.0,0.0,0.0,0.0,0.0,0.9999999999995177,0.49999999999975886
RipVIS-NR-022_01554.jpg,0.49999999999975886,0.0,0.0,0.0,0.0,0.0,0.0,0.9999999999995177,0.49999999999975886
RipVIS-NR-022_01560.jpg,0.49999999999975886,0.0,0.0,0.0,0.0,0.0,0.0,0.9999999999995177,0.49999999999975886
RipVIS-NR-022_01566.jpg,0.49999999999975886,0.0,0.0,0.0,0.0,0.0,0.0,0.9999999999995177,0.49999999999975886
RipVIS-NR-022_01572.jpg,0.49999999999975886,0.0,0.0,0.0,0.0,0.0,0.0,0.9999999999995177,0.49999999999975886
RipVIS-NR-022_01578.jpg,0.49999999999975886,0.0,0.0,0.0,0.0,0.0,0.0,0.9999999999995177,0.49999999999975886
RipVIS-NR-022_01584.jpg,0.49999999999975886,0.0,0.0,0.0,0.0,0.0,0.0,0.9999999999995177,0.49999999999975886
RipVIS-NR-022_01590.jpg,0.49999999999975886,0.0,0.0,0.0,0.0,0.0,0.0,0.9999999999995177,0.49999999999975886
RipVIS-NR-022_01596.jpg,0.49999999999975886,0.0,0.0,0.0,0.0,0.0,0.0,0.9999999999995177,0.49999999999975886
RipVIS-NR-022_01602.jpg,0.49999999999975886,0.0,0.0,0.0,0.0,0.0,0.0,0.9999999999995177,0.49999999999975886
RipVIS-NR-022_01608.jpg,0.49999999999975886,0.0,0.0,0.0,0.0,0.0,0.0,0.9999999999995177,0.49999999999975886
RipVIS-NR-022_01614.jpg,0.49999999999975886,0.0,0.0,0.0,0.0,0.0,0.0,0.9999999999995177,0.49999999999975886
RipVIS-NR-022_01620.jpg,0.49999999999975886,0.0,0.0,0.0,0.0,0.0,0.0,0.9999999999995177,0.49999999999975886
RipVIS-NR-022_01626.jpg,0.49999999999975886,0.0,0.0,0.0,0.0,0.0,0.0,0.9999999999995177,0.49999999999975886
RipVIS-NR-022_01632.jpg,0.49999999999975886,0.0,0.0,0.0,0.0,0.0,0.0,0.9999999999995177,0.49999999999975886
RipVIS-NR-022_01638.jpg,0.49999999999975886,0.0,0.0,0.0,0.0,0.0,0.0,0.9999999999995177,0.49999999999975886
RipVIS-NR-022_01644.jpg,0.49999999999975886,0.0,0.0,0.0,0.0,0.0,0.0,0.9999999999995177,0.49999999999975886
RipVIS-NR-022_01650.jpg,0.49999999999975886,0.0,0.0,0.0,0.0,0.0,0.0,0.9999999999995177,0.49999999999975886
RipVIS-NR-022_01656.jpg,0.49999999999975886,0.0,0.0,0.0,0.0,0.0,0.0,0.9999999999995177,0.49999999999975886
RipVIS-NR-022_01662.jpg,0.49999999999975886,0.0,0.0,0.0,0.0,0.0,0.0,0.9999999999995177,0.49999999999975886
RipVIS-NR-022_01668.jpg,0.49999999999975886,0.0,0.0,0.0,0.0,0.0,0.0,0.9999999999995177,0.49999999999975886
RipVIS-NR-022_01674.jpg,0.49999999999975886,0.0,0.0,0.0,0.0,0.0,0.0,0.9999999999995177,0.49999999999975886
RipVIS-NR-022_01680.jpg,0.49999999999975886,0.0,0.0,0.0,0.0,0.0,0.0,0.9999999999995177,0.49999999999975886
RipVIS-NR-022_01686.jpg,0.49999999999975886,0.0,0.0,0.0,0.0,0.0,0.0,0.9999999999995177,0.49999999999975886
RipVIS-NR-022_01692.jpg,0.49999999999975886,0.0,0.0,0.0,0.0,0.0,0.0,0.9999999999995177,0.49999999999975886
RipVIS-NR-022_01698.jpg,0.49999999999975886,0.0,0.0,0.0,0.0,0.0,0.0,0.9999999999995177,0.49999999999975886
RipVIS-NR-022_01704.jpg,0.49999999999975886,0.0,0.0,0.0,0.0,0.0,0.0,0.9999999999995177,0.49999999999975886
RipVIS-NR-022_01710.jpg,0.49999999999975886,0.0,0.0,0.0,0.0,0.0,0.0,0.9999999999995177,0.49999999999975886
RipVIS-NR-022_01716.jpg,0.49999999999975886,0.0,0.0,0.0,0.0,0.0,0.0,0.9999999999995177,0.49999999999975886
RipVIS-NR-022_01722.jpg,0.49999999999975886,0.0,0.0,0.0,0.0,0.0,0.0,0.9999999999995177,0.49999999999975886
RipVIS-NR-022_01728.jpg,0.49999999999975886,0.0,0.0,0.0,0.0,0.0,0.0,0.9999999999995177,0.49999999999975886
RipVIS-NR-022_01734.jpg,0.49999999999975886,0.0,0.0,0.0,0.0,0.0,0.0,0.9999999999995177,0.49999999999975886
RipVIS-NR-022_01740.jpg,0.49999999999975886,0.0,0.0,0.0,0.0,0.0,0.0,0.9999999999995177,0.49999999999975886
RipVIS-NR-022_01746.jpg,0.49999999999975886,0.0,0.0,0.0,0.0,0.0,0.0,0.9999999999995177,0.49999999999975886
RipVIS-NR-022_01752.jpg,0.49999999999975886,0.0,0.0,0.0,0.0,0.0,0.0,0.9999999999995177,0.49999999999975886
RipVIS-NR-022_01758.jpg,0.49999999999975886,0.0,0.0,0.0,0.0,0.0,0.0,0.9999999999995177,0.49999999999975886
RipVIS-NR-022_01764.jpg,0.49999999999975886,0.0,0.0,0.0,0.0,0.0,0.0,0.9999999999995177,0.49999999999975886
RipVIS-NR-022_01770.jpg,0.49999999999975886,0.0,0.0,0.0,0.0,0.0,0.0,0.9999999999995177,0.49999999999975886
RipVIS-NR-022_01776.jpg,0.49999999999975886,0.0,0.0,0.0,0.0,0.0,0.0,0.9999999999995177,0.49999999999975886
RipVIS-NR-022_01782.jpg,0.49999999999975886,0.0,0.0,0.0,0.0,0.0,0.0,0.9999999999995177,0.49999999999975886
RipVIS-NR-022_01788.jpg,0.49999999999975886,0.0,0.0,0.0,0.0,0.0,0.0,0.9999999999995177,0.49999999999975886
RipVIS-NR-022_01794.jpg,0.49999999999975886,0.0,0.0,0.0,0.0,0.0,0.0,0.9999999999995177,0.49999999999975886
RipVIS-NR-022_01800.jpg,0.49999999999975886,0.0,0.0,0.0,0.0,0.0,0.0,0.9999999999995177,0.49999999999975886
RipVIS-NR-022_01806.jpg,0.49999999999975886,0.0,0.0,0.0,0.0,0.0,0.0,0.9999999999995177,0.49999999999975886
RipVIS-NR-022_01812.jpg,0.49999999999975886,0.0,0.0,0.0,0.0,0.0,0.0,0.9999999999995177,0.49999999999975886
RipVIS-NR-022_01818.jpg,0.49999999999975886,0.0,0.0,0.0,0.0,0.0,0.0,0.9999999999995177,0.49999999999975886
RipVIS-NR-022_01824.jpg,0.49999999999975886,0.0,0.0,0.0,0.0,0.0,0.0,0.9999999999995177,0.49999999999975886
RipVIS-NR-022_01830.jpg,0.49999999999975886,0.0,0.0,0.0,0.0,0.0,0.0,0.9999999999995177,0.49999999999975886
RipVIS-NR-024_00000.jpg,0.49999999999975886,0.0,0.0,0.0,0.0,0.0,0.0,0.9999999999995177,0.49999999999975886
RipVIS-NR-024_00006.jpg,0.49999999999975886,0.0,0.0,0.0,0.0,0.0,0.0,0.9999999999995177,0.49999999999975886
RipVIS-NR-024_00012.jpg,0.49999999999975886,0.0,0.0,0.0,0.0,0.0,0.0,0.9999999999995177,0.49999999999975886
RipVIS-NR-024_00018.jpg,0.49999999999975886,0.0,0.0,0.0,0.0,0.0,0.0,0.9999999999995177,0.49999999999975886
RipVIS-NR-024_00024.jpg,0.49999999999975886,0.0,0.0,0.0,0.0,0.0,0.0,0.9999999999995177,0.49999999999975886
RipVIS-NR-024_00030.jpg,0.49999999999975886,0.0,0.0,0.0,0.0,0.0,0.0,0.9999999999995177,0.49999999999975886
RipVIS-NR-024_00036.jpg,0.49999999999975886,0.0,0.0,0.0,0.0,0.0,0.0,0.9999999999995177,0.49999999999975886
RipVIS-NR-024_00042.jpg,0.49999999999975886,0.0,0.0,0.0,0.0,0.0,0.0,0.9999999999995177,0.49999999999975886
RipVIS-NR-024_00048.jpg,0.49999999999975886,0.0,0.0,0.0,0.0,0.0,0.0,0.9999999999995177,0.49999999999975886
RipVIS-NR-024_00054.jpg,0.49999999999975886,0.0,0.0,0.0,0.0,0.0,0.0,0.9999999999995177,0.49999999999975886
RipVIS-NR-024_00060.jpg,0.49999999999975886,0.0,0.0,0.0,0.0,0.0,0.0,0.9999999999995177,0.49999999999975886
RipVIS-NR-024_00066.jpg,0.49999999999975886,0.0,0.0,0.0,0.0,0.0,0.0,0.9999999999995177,0.49999999999975886
RipVIS-NR-024_00072.jpg,0.49999999999975886,0.0,0.0,0.0,0.0,0.0,0.0,0.9999999999995177,0.49999999999975886
RipVIS-NR-024_00078.jpg,0.49999999999975886,0.0,0.0,0.0,0.0,0.0,0.0,0.9999999999995177,0.49999999999975886
RipVIS-NR-024_00084.jpg,0.49999999999975886,0.0,0.0,0.0,0.0,0.0,0.0,0.9999999999995177,0.49999999999975886
RipVIS-NR-024_00090.jpg,0.49999999999975886,0.0,0.0,0.0,0.0,0.0,0.0,0.9999999999995177,0.49999999999975886
RipVIS-NR-024_00096.jpg,0.49999999999975886,0.0,0.0,0.0,0.0,0.0,0.0,0.9999999999995177,0.49999999999975886
RipVIS-NR-024_00102.jpg,0.49999999999975886,0.0,0.0,0.0,0.0,0.0,0.0,0.9999999999995177,0.49999999999975886
RipVIS-NR-024_00108.jpg,0.49999999999975886,0.0,0.0,0.0,0.0,0.0,0.0,0.9999999999995177,0.49999999999975886
RipVIS-NR-024_00114.jpg,0.49999999999975886,0.0,0.0,0.0,0.0,0.0,0.0,0.9999999999995177,0.49999999999975886
RipVIS-NR-024_00120.jpg,0.49999999999975886,0.0,0.0,0.0,0.0,0.0,0.0,0.9999999999995177,0.49999999999975886
RipVIS-NR-024_00126.jpg,0.49999999999975886,0.0,0.0,0.0,0.0,0.0,0.0,0.9999999999995177,0.49999999999975886
RipVIS-NR-024_00132.jpg,0.49999999999975886,0.0,0.0,0.0,0.0,0.0,0.0,0.9999999999995177,0.49999999999975886
RipVIS-NR-024_00138.jpg,0.49999999999975886,0.0,0.0,0.0,0.0,0.0,0.0,0.9999999999995177,0.49999999999975886
RipVIS-NR-024_00144.jpg,0.49999999999975886,0.0,0.0,0.0,0.0,0.0,0.0,0.9999999999995177,0.49999999999975886
RipVIS-NR-024_00150.jpg,0.49999999999975886,0.0,0.0,0.0,0.0,0.0,0.0,0.9999999999995177,0.49999999999975886
RipVIS-NR-024_00156.jpg,0.49999999999975886,0.0,0.0,0.0,0.0,0.0,0.0,0.9999999999995177,0.49999999999975886
RipVIS-NR-024_00162.jpg,0.49999999999975886,0.0,0.0,0.0,0.0,0.0,0.0,0.9999999999995177,0.49999999999975886
RipVIS-NR-024_00168.jpg,0.49999999999975886,0.0,0.0,0.0,0.0,0.0,0.0,0.9999999999995177,0.49999999999975886
RipVIS-NR-024_00174.jpg,0.49999999999975886,0.0,0.0,0.0,0.0,0.0,0.0,0.9999999999995177,0.49999999999975886
RipVIS-NR-024_00180.jpg,0.49999999999975886,0.0,0.0,0.0,0.0,0.0,0.0,0.9999999999995177,0.49999999999975886
RipVIS-NR-024_00186.jpg,0.49999999999975886,0.0,0.0,0.0,0.0,0.0,0.0,0.9999999999995177,0.49999999999975886
RipVIS-NR-024_00192.jpg,0.49999999999975886,0.0,0.0,0.0,0.0,0.0,0.0,0.9999999999995177,0.49999999999975886
RipVIS-NR-024_00198.jpg,0.49999999999975886,0.0,0.0,0.0,0.0,0.0,0.0,0.9999999999995177,0.49999999999975886
RipVIS-NR-024_00204.jpg,0.49999999999975886,0.0,0.0,0.0,0.0,0.0,0.0,0.9999999999995177,0.49999999999975886
RipVIS-NR-024_00210.jpg,0.49999999999975886,0.0,0.0,0.0,0.0,0.0,0.0,0.9999999999995177,0.49999999999975886
RipVIS-NR-024_00216.jpg,0.49999999999975886,0.0,0.0,0.0,0.0,0.0,0.0,0.9999999999995177,0.49999999999975886
RipVIS-NR-024_00222.jpg,0.49999999999975886,0.0,0.0,0.0,0.0,0.0,0.0,0.9999999999995177,0.49999999999975886
RipVIS-NR-024_00228.jpg,0.49999999999975886,0.0,0.0,0.0,0.0,0.0,0.0,0.9999999999995177,0.49999999999975886
RipVIS-NR-024_00234.jpg,0.49999999999975886,0.0,0.0,0.0,0.0,0.0,0.0,0.9999999999995177,0.49999999999975886
RipVIS-NR-024_00240.jpg,0.49999999999975886,0.0,0.0,0.0,0.0,0.0,0.0,0.9999999999995177,0.49999999999975886
RipVIS-NR-024_00246.jpg,0.49999999999975886,0.0,0.0,0.0,0.0,0.0,0.0,0.9999999999995177,0.49999999999975886
RipVIS-NR-024_00252.jpg,0.49999999999975886,0.0,0.0,0.0,0.0,0.0,0.0,0.9999999999995177,0.49999999999975886
RipVIS-NR-024_00258.jpg,0.49999999999975886,0.0,0.0,0.0,0.0,0.0,0.0,0.9999999999995177,0.49999999999975886
RipVIS-NR-024_00264.jpg,0.49999999999975886,0.0,0.0,0.0,0.0,0.0,0.0,0.9999999999995177,0.49999999999975886
RipVIS-NR-024_00270.jpg,0.49999999999975886,0.0,0.0,0.0,0.0,0.0,0.0,0.9999999999995177,0.49999999999975886
RipVIS-NR-024_00276.jpg,0.49999999999975886,0.0,0.0,0.0,0.0,0.0,0.0,0.9999999999995177,0.49999999999975886
RipVIS-NR-024_00282.jpg,0.49999999999975886,0.0,0.0,0.0,0.0,0.0,0.0,0.9999999999995177,0.49999999999975886
RipVIS-NR-024_00288.jpg,0.49999999999975886,0.0,0.0,0.0,0.0,0.0,0.0,0.9999999999995177,0.49999999999975886
RipVIS-NR-024_00294.jpg,0.49999999999975886,0.0,0.0,0.0,0.0,0.0,0.0,0.9999999999995177,0.49999999999975886
RipVIS-NR-024_00300.jpg,0.49999999999975886,0.0,0.0,0.0,0.0,0.0,0.0,0.9999999999995177,0.49999999999975886
RipVIS-NR-024_00306.jpg,0.49999999999975886,0.0,0.0,0.0,0.0,0.0,0.0,0.9999999999995177,0.49999999999975886
RipVIS-NR-024_00312.jpg,0.49999999999975886,0.0,0.0,0.0,0.0,0.0,0.0,0.9999999999995177,0.49999999999975886
RipVIS-NR-024_00318.jpg,0.49999999999975886,0.0,0.0,0.0,0.0,0.0,0.0,0.9999999999995177,0.49999999999975886
RipVIS-NR-024_00324.jpg,0.49999999999975886,0.0,0.0,0.0,0.0,0.0,0.0,0.9999999999995177,0.49999999999975886
RipVIS-NR-024_00330.jpg,0.49999999999975886,0.0,0.0,0.0,0.0,0.0,0.0,0.9999999999995177,0.49999999999975886
RipVIS-NR-024_00336.jpg,0.49999999999975886,0.0,0.0,0.0,0.0,0.0,0.0,0.9999999999995177,0.49999999999975886
RipVIS-NR-024_00342.jpg,0.49999999999975886,0.0,0.0,0.0,0.0,0.0,0.0,0.9999999999995177,0.49999999999975886
RipVIS-NR-024_00348.jpg,0.49999999999975886,0.0,0.0,0.0,0.0,0.0,0.0,0.9999999999995177,0.49999999999975886
RipVIS-NR-024_00354.jpg,0.49999999999975886,0.0,0.0,0.0,0.0,0.0,0.0,0.9999999999995177,0.49999999999975886
RipVIS-NR-024_00360.jpg,0.49999999999975886,0.0,0.0,0.0,0.0,0.0,0.0,0.9999999999995177,0.49999999999975886
RipVIS-NR-024_00366.jpg,0.49999999999975886,0.0,0.0,0.0,0.0,0.0,0.0,0.9999999999995177,0.49999999999975886
RipVIS-NR-024_00372.jpg,0.49999999999975886,0.0,0.0,0.0,0.0,0.0,0.0,0.9999999999995177,0.49999999999975886
RipVIS-NR-024_00378.jpg,0.49999999999975886,0.0,0.0,0.0,0.0,0.0,0.0,0.9999999999995177,0.49999999999975886
RipVIS-NR-024_00384.jpg,0.49999999999975886,0.0,0.0,0.0,0.0,0.0,0.0,0.9999999999995177,0.49999999999975886
RipVIS-NR-024_00390.jpg,0.49999999999975886,0.0,0.0,0.0,0.0,0.0,0.0,0.9999999999995177,0.49999999999975886
RipVIS-NR-024_00396.jpg,0.49999999999975886,0.0,0.0,0.0,0.0,0.0,0.0,0.9999999999995177,0.49999999999975886
RipVIS-NR-024_00402.jpg,0.49999999999975886,0.0,0.0,0.0,0.0,0.0,0.0,0.9999999999995177,0.49999999999975886
RipVIS-NR-024_00408.jpg,0.49999999999975886,0.0,0.0,0.0,0.0,0.0,0.0,0.9999999999995177,0.49999999999975886
RipVIS-NR-024_00414.jpg,0.49999999999975886,0.0,0.0,0.0,0.0,0.0,0.0,0.9999999999995177,0.49999999999975886
RipVIS-NR-024_00420.jpg,0.49999999999975886,0.0,0.0,0.0,0.0,0.0,0.0,0.9999999999995177,0.49999999999975886
RipVIS-NR-024_00426.jpg,0.49999999999975886,0.0,0.0,0.0,0.0,0.0,0.0,0.9999999999995177,0.49999999999975886
RipVIS-NR-024_00432.jpg,0.49999999999975886,0.0,0.0,0.0,0.0,0.0,0.0,0.9999999999995177,0.49999999999975886
RipVIS-NR-024_00438.jpg,0.49999999999975886,0.0,0.0,0.0,0.0,0.0,0.0,0.9999999999995177,0.49999999999975886
RipVIS-NR-024_00444.jpg,0.49999999999975886,0.0,0.0,0.0,0.0,0.0,0.0,0.9999999999995177,0.49999999999975886
RipVIS-NR-024_00450.jpg,0.49999999999975886,0.0,0.0,0.0,0.0,0.0,0.0,0.9999999999995177,0.49999999999975886
RipVIS-NR-024_00456.jpg,0.49999999999975886,0.0,0.0,0.0,0.0,0.0,0.0,0.9999999999995177,0.49999999999975886
RipVIS-NR-024_00462.jpg,0.49999999999975886,0.0,0.0,0.0,0.0,0.0,0.0,0.9999999999995177,0.49999999999975886
RipVIS-NR-024_00468.jpg,0.49999999999975886,0.0,0.0,0.0,0.0,0.0,0.0,0.9999999999995177,0.49999999999975886
RipVIS-NR-024_00474.jpg,0.49999999999975886,0.0,0.0,0.0,0.0,0.0,0.0,0.9999999999995177,0.49999999999975886
RipVIS-NR-024_00480.jpg,0.49999999999975886,0.0,0.0,0.0,0.0,0.0,0.0,0.9999999999995177,0.49999999999975886
RipVIS-NR-024_00486.jpg,0.49999999999975886,0.0,0.0,0.0,0.0,0.0,0.0,0.9999999999995177,0.49999999999975886
RipVIS-NR-024_00492.jpg,0.49999999999975886,0.0,0.0,0.0,0.0,0.0,0.0,0.9999999999995177,0.49999999999975886
RipVIS-NR-024_00498.jpg,0.49999999999975886,0.0,0.0,0.0,0.0,0.0,0.0,0.9999999999995177,0.49999999999975886
RipVIS-NR-024_00504.jpg,0.49999999999975886,0.0,0.0,0.0,0.0,0.0,0.0,0.9999999999995177,0.49999999999975886
RipVIS-NR-024_00510.jpg,0.49999999999975886,0.0,0.0,0.0,0.0,0.0,0.0,0.9999999999995177,0.49999999999975886
RipVIS-NR-024_00516.jpg,0.49999999999975886,0.0,0.0,0.0,0.0,0.0,0.0,0.9999999999995177,0.49999999999975886
RipVIS-NR-024_00522.jpg,0.49999999999975886,0.0,0.0,0.0,0.0,0.0,0.0,0.9999999999995177,0.49999999999975886
RipVIS-NR-024_00528.jpg,0.49999999999975886,0.0,0.0,0.0,0.0,0.0,0.0,0.9999999999995177,0.49999999999975886
RipVIS-NR-024_00534.jpg,0.49999999999975886,0.0,0.0,0.0,0.0,0.0,0.0,0.9999999999995177,0.49999999999975886
RipVIS-NR-024_00540.jpg,0.49999999999975886,0.0,0.0,0.0,0.0,0.0,0.0,0.9999999999995177,0.49999999999975886
RipVIS-NR-024_00546.jpg,0.49999999999975886,0.0,0.0,0.0,0.0,0.0,0.0,0.9999999999995177,0.49999999999975886
RipVIS-NR-024_00552.jpg,0.49999999999975886,0.0,0.0,0.0,0.0,0.0,0.0,0.9999999999995177,0.49999999999975886
RipVIS-NR-024_00558.jpg,0.49999999999975886,0.0,0.0,0.0,0.0,0.0,0.0,0.9999999999995177,0.49999999999975886
RipVIS-NR-024_00564.jpg,0.49999999999975886,0.0,0.0,0.0,0.0,0.0,0.0,0.9999999999995177,0.49999999999975886
RipVIS-NR-024_00570.jpg,0.49999999999975886,0.0,0.0,0.0,0.0,0.0,0.0,0.9999999999995177,0.49999999999975886
RipVIS-NR-024_00576.jpg,0.49999999999975886,0.0,0.0,0.0,0.0,0.0,0.0,0.9999999999995177,0.49999999999975886
RipVIS-NR-024_00582.jpg,0.49999999999975886,0.0,0.0,0.0,0.0,0.0,0.0,0.9999999999995177,0.49999999999975886
RipVIS-NR-024_00588.jpg,0.49999999999975886,0.0,0.0,0.0,0.0,0.0,0.0,0.9999999999995177,0.49999999999975886
RipVIS-NR-024_00594.jpg,0.49999999999975886,0.0,0.0,0.0,0.0,0.0,0.0,0.9999999999995177,0.49999999999975886
RipVIS-NR-024_00600.jpg,0.49999999999975886,0.0,0.0,0.0,0.0,0.0,0.0,0.9999999999995177,0.49999999999975886
RipVIS-NR-024_00606.jpg,0.49999999999975886,0.0,0.0,0.0,0.0,0.0,0.0,0.9999999999995177,0.49999999999975886
RipVIS-NR-024_00612.jpg,0.49999999999975886,0.0,0.0,0.0,0.0,0.0,0.0,0.9999999999995177,0.49999999999975886
RipVIS-NR-024_00618.jpg,0.49999999999975886,0.0,0.0,0.0,0.0,0.0,0.0,0.9999999999995177,0.49999999999975886
RipVIS-NR-024_00624.jpg,0.49999999999975886,0.0,0.0,0.0,0.0,0.0,0.0,0.9999999999995177,0.49999999999975886
RipVIS-NR-024_00630.jpg,0.49999999999975886,0.0,0.0,0.0,0.0,0.0,0.0,0.9999999999995177,0.49999999999975886
RipVIS-NR-024_00636.jpg,0.49999999999975886,0.0,0.0,0.0,0.0,0.0,0.0,0.9999999999995177,0.49999999999975886
RipVIS-NR-024_00642.jpg,0.49999999999975886,0.0,0.0,0.0,0.0,0.0,0.0,0.9999999999995177,0.49999999999975886
RipVIS-NR-024_00648.jpg,0.49999999999975886,0.0,0.0,0.0,0.0,0.0,0.0,0.9999999999995177,0.49999999999975886
RipVIS-NR-024_00654.jpg,0.49999999999975886,0.0,0.0,0.0,0.0,0.0,0.0,0.9999999999995177,0.49999999999975886
RipVIS-NR-024_00660.jpg,0.49999999999975886,0.0,0.0,0.0,0.0,0.0,0.0,0.9999999999995177,0.49999999999975886
RipVIS-NR-024_00666.jpg,0.49999999999975886,0.0,0.0,0.0,0.0,0.0,0.0,0.9999999999995177,0.49999999999975886
RipVIS-NR-024_00672.jpg,0.49999999999975886,0.0,0.0,0.0,0.0,0.0,0.0,0.9999999999995177,0.49999999999975886
RipVIS-NR-024_00678.jpg,0.49999999999975886,0.0,0.0,0.0,0.0,0.0,0.0,0.9999999999995177,0.49999999999975886
RipVIS-NR-024_00684.jpg,0.49999999999975886,0.0,0.0,0.0,0.0,0.0,0.0,0.9999999999995177,0.49999999999975886
RipVIS-NR-024_00690.jpg,0.49999999999975886,0.0,0.0,0.0,0.0,0.0,0.0,0.9999999999995177,0.49999999999975886
RipVIS-NR-024_00696.jpg,0.49999999999975886,0.0,0.0,0.0,0.0,0.0,0.0,0.9999999999995177,0.49999999999975886
RipVIS-NR-024_00702.jpg,0.49999999999975886,0.0,0.0,0.0,0.0,0.0,0.0,0.9999999999995177,0.49999999999975886
RipVIS-NR-024_00708.jpg,0.49999999999975886,0.0,0.0,0.0,0.0,0.0,0.0,0.9999999999995177,0.49999999999975886
RipVIS-NR-024_00714.jpg,0.49999999999975886,0.0,0.0,0.0,0.0,0.0,0.0,0.9999999999995177,0.49999999999975886
RipVIS-NR-024_00720.jpg,0.49999999999975886,0.0,0.0,0.0,0.0,0.0,0.0,0.9999999999995177,0.49999999999975886
RipVIS-NR-024_00726.jpg,0.49999999999975886,0.0,0.0,0.0,0.0,0.0,0.0,0.9999999999995177,0.49999999999975886
RipVIS-NR-024_00732.jpg,0.49999999999975886,0.0,0.0,0.0,0.0,0.0,0.0,0.9999999999995177,0.49999999999975886
RipVIS-NR-024_00738.jpg,0.49999999999975886,0.0,0.0,0.0,0.0,0.0,0.0,0.9999999999995177,0.49999999999975886
RipVIS-NR-024_00744.jpg,0.49999999999975886,0.0,0.0,0.0,0.0,0.0,0.0,0.9999999999995177,0.49999999999975886
RipVIS-NR-024_00750.jpg,0.49999999999975886,0.0,0.0,0.0,0.0,0.0,0.0,0.9999999999995177,0.49999999999975886
RipVIS-NR-024_00756.jpg,0.49999999999975886,0.0,0.0,0.0,0.0,0.0,0.0,0.9999999999995177,0.49999999999975886
RipVIS-NR-024_00762.jpg,0.49999999999975886,0.0,0.0,0.0,0.0,0.0,0.0,0.9999999999995177,0.49999999999975886
RipVIS-NR-024_00768.jpg,0.49999999999975886,0.0,0.0,0.0,0.0,0.0,0.0,0.9999999999995177,0.49999999999975886
RipVIS-NR-024_00774.jpg,0.49999999999975886,0.0,0.0,0.0,0.0,0.0,0.0,0.9999999999995177,0.49999999999975886
RipVIS-NR-024_00780.jpg,0.49999999999975886,0.0,0.0,0.0,0.0,0.0,0.0,0.9999999999995177,0.49999999999975886
RipVIS-NR-024_00786.jpg,0.49999999999975886,0.0,0.0,0.0,0.0,0.0,0.0,0.9999999999995177,0.49999999999975886
RipVIS-NR-024_00792.jpg,0.49999999999975886,0.0,0.0,0.0,0.0,0.0,0.0,0.9999999999995177,0.49999999999975886
RipVIS-NR-024_00798.jpg,0.49999999999975886,0.0,0.0,0.0,0.0,0.0,0.0,0.9999999999995177,0.49999999999975886
RipVIS-NR-024_00804.jpg,0.49999999999975886,0.0,0.0,0.0,0.0,0.0,0.0,0.9999999999995177,0.49999999999975886
RipVIS-NR-024_00810.jpg,0.49999999999975886,0.0,0.0,0.0,0.0,0.0,0.0,0.9999999999995177,0.49999999999975886
RipVIS-NR-024_00816.jpg,0.49999999999975886,0.0,0.0,0.0,0.0,0.0,0.0,0.9999999999995177,0.49999999999975886
RipVIS-NR-024_00822.jpg,0.49999999999975886,0.0,0.0,0.0,0.0,0.0,0.0,0.9999999999995177,0.49999999999975886
RipVIS-NR-024_00828.jpg,0.49999999999975886,0.0,0.0,0.0,0.0,0.0,0.0,0.9999999999995177,0.49999999999975886
RipVIS-NR-024_00834.jpg,0.49999999999975886,0.0,0.0,0.0,0.0,0.0,0.0,0.9999999999995177,0.49999999999975886
RipVIS-NR-024_00840.jpg,0.49999999999975886,0.0,0.0,0.0,0.0,0.0,0.0,0.9999999999995177,0.49999999999975886
RipVIS-NR-024_00846.jpg,0.49999999999975886,0.0,0.0,0.0,0.0,0.0,0.0,0.9999999999995177,0.49999999999975886
RipVIS-NR-024_00852.jpg,0.49999999999975886,0.0,0.0,0.0,0.0,0.0,0.0,0.9999999999995177,0.49999999999975886
RipVIS-NR-024_00858.jpg,0.49999999999975886,0.0,0.0,0.0,0.0,0.0,0.0,0.9999999999995177,0.49999999999975886
RipVIS-NR-024_00864.jpg,0.49999999999975886,0.0,0.0,0.0,0.0,0.0,0.0,0.9999999999995177,0.49999999999975886
RipVIS-NR-024_00870.jpg,0.49999999999975886,0.0,0.0,0.0,0.0,0.0,0.0,0.9999999999995177,0.49999999999975886
RipVIS-NR-024_00876.jpg,0.49999999999975886,0.0,0.0,0.0,0.0,0.0,0.0,0.9999999999995177,0.49999999999975886
RipVIS-NR-024_00882.jpg,0.49999999999975886,0.0,0.0,0.0,0.0,0.0,0.0,0.9999999999995177,0.49999999999975886
RipVIS-NR-024_00888.jpg,0.49999999999975886,0.0,0.0,0.0,0.0,0.0,0.0,0.9999999999995177,0.49999999999975886
RipVIS-NR-024_00894.jpg,0.49999999999975886,0.0,0.0,0.0,0.0,0.0,0.0,0.9999999999995177,0.49999999999975886
RipVIS-NR-024_00900.jpg,0.49999999999975886,0.0,0.0,0.0,0.0,0.0,0.0,0.9999999999995177,0.49999999999975886
RipVIS-NR-024_00906.jpg,0.49999999999975886,0.0,0.0,0.0,0.0,0.0,0.0,0.9999999999995177,0.49999999999975886
RipVIS-NR-024_00912.jpg,0.49999999999975886,0.0,0.0,0.0,0.0,0.0,0.0,0.9999999999995177,0.49999999999975886
RipVIS-NR-024_00918.jpg,0.49999999999975886,0.0,0.0,0.0,0.0,0.0,0.0,0.9999999999995177,0.49999999999975886
RipVIS-NR-024_00924.jpg,0.49999999999975886,0.0,0.0,0.0,0.0,0.0,0.0,0.9999999999995177,0.49999999999975886
RipVIS-NR-024_00930.jpg,0.49999999999975886,0.0,0.0,0.0,0.0,0.0,0.0,0.9999999999995177,0.49999999999975886
RipVIS-NR-024_00936.jpg,0.49999999999975886,0.0,0.0,0.0,0.0,0.0,0.0,0.9999999999995177,0.49999999999975886
RipVIS-NR-024_00942.jpg,0.49999999999975886,0.0,0.0,0.0,0.0,0.0,0.0,0.9999999999995177,0.49999999999975886
RipVIS-NR-024_00948.jpg,0.49999999999975886,0.0,0.0,0.0,0.0,0.0,0.0,0.9999999999995177,0.49999999999975886
RipVIS-NR-024_00954.jpg,0.49999999999975886,0.0,0.0,0.0,0.0,0.0,0.0,0.9999999999995177,0.49999999999975886
RipVIS-NR-024_00960.jpg,0.49999999999975886,0.0,0.0,0.0,0.0,0.0,0.0,0.9999999999995177,0.49999999999975886
RipVIS-NR-024_00966.jpg,0.49999999999975886,0.0,0.0,0.0,0.0,0.0,0.0,0.9999999999995177,0.49999999999975886
RipVIS-NR-024_00972.jpg,0.49999999999975886,0.0,0.0,0.0,0.0,0.0,0.0,0.9999999999995177,0.49999999999975886
RipVIS-NR-024_00978.jpg,0.49999999999975886,0.0,0.0,0.0,0.0,0.0,0.0,0.9999999999995177,0.49999999999975886
RipVIS-NR-024_00984.jpg,0.49999999999975886,0.0,0.0,0.0,0.0,0.0,0.0,0.9999999999995177,0.49999999999975886
RipVIS-NR-024_00990.jpg,0.49999999999975886,0.0,0.0,0.0,0.0,0.0,0.0,0.9999999999995177,0.49999999999975886
RipVIS-NR-024_00996.jpg,0.49999999999975886,0.0,0.0,0.0,0.0,0.0,0.0,0.9999999999995177,0.49999999999975886
RipVIS-NR-024_01002.jpg,0.49999999999975886,0.0,0.0,0.0,0.0,0.0,0.0,0.9999999999995177,0.49999999999975886
RipVIS-NR-024_01008.jpg,0.49999999999975886,0.0,0.0,0.0,0.0,0.0,0.0,0.9999999999995177,0.49999999999975886
RipVIS-NR-024_01014.jpg,0.49999999999975886,0.0,0.0,0.0,0.0,0.0,0.0,0.9999999999995177,0.49999999999975886
RipVIS-NR-024_01020.jpg,0.49999999999975886,0.0,0.0,0.0,0.0,0.0,0.0,0.9999999999995177,0.49999999999975886
RipVIS-NR-024_01026.jpg,0.49999999999975886,0.0,0.0,0.0,0.0,0.0,0.0,0.9999999999995177,0.49999999999975886
RipVIS-NR-024_01032.jpg,0.49999999999975886,0.0,0.0,0.0,0.0,0.0,0.0,0.9999999999995177,0.49999999999975886
RipVIS-NR-024_01038.jpg,0.49999999999975886,0.0,0.0,0.0,0.0,0.0,0.0,0.9999999999995177,0.49999999999975886
RipVIS-NR-024_01044.jpg,0.49999999999975886,0.0,0.0,0.0,0.0,0.0,0.0,0.9999999999995177,0.49999999999975886
RipVIS-NR-024_01050.jpg,0.49999999999975886,0.0,0.0,0.0,0.0,0.0,0.0,0.9999999999995177,0.49999999999975886
RipVIS-NR-024_01056.jpg,0.49999999999975886,0.0,0.0,0.0,0.0,0.0,0.0,0.9999999999995177,0.49999999999975886
RipVIS-NR-024_01062.jpg,0.49999999999975886,0.0,0.0,0.0,0.0,0.0,0.0,0.9999999999995177,0.49999999999975886
RipVIS-NR-024_01068.jpg,0.49999999999975886,0.0,0.0,0.0,0.0,0.0,0.0,0.9999999999995177,0.49999999999975886
RipVIS-NR-024_01074.jpg,0.49999999999975886,0.0,0.0,0.0,0.0,0.0,0.0,0.9999999999995177,0.49999999999975886
RipVIS-NR-024_01080.jpg,0.49999999999975886,0.0,0.0,0.0,0.0,0.0,0.0,0.9999999999995177,0.49999999999975886
RipVIS-NR-024_01086.jpg,0.49999999999975886,0.0,0.0,0.0,0.0,0.0,0.0,0.9999999999995177,0.49999999999975886
RipVIS-NR-024_01092.jpg,0.49999999999975886,0.0,0.0,0.0,0.0,0.0,0.0,0.9999999999995177,0.49999999999975886
RipVIS-NR-024_01098.jpg,0.49999999999975886,0.0,0.0,0.0,0.0,0.0,0.0,0.9999999999995177,0.49999999999975886
RipVIS-NR-024_01104.jpg,0.49999999999975886,0.0,0.0,0.0,0.0,0.0,0.0,0.9999999999995177,0.49999999999975886
RipVIS-NR-024_01110.jpg,0.49999999999975886,0.0,0.0,0.0,0.0,0.0,0.0,0.9999999999995177,0.49999999999975886
RipVIS-NR-024_01116.jpg,0.49999999999975886,0.0,0.0,0.0,0.0,0.0,0.0,0.9999999999995177,0.49999999999975886
RipVIS-NR-024_01122.jpg,0.49999999999975886,0.0,0.0,0.0,0.0,0.0,0.0,0.9999999999995177,0.49999999999975886
RipVIS-NR-024_01128.jpg,0.49999999999975886,0.0,0.0,0.0,0.0,0.0,0.0,0.9999999999995177,0.49999999999975886
RipVIS-NR-024_01134.jpg,0.49999999999975886,0.0,0.0,0.0,0.0,0.0,0.0,0.9999999999995177,0.49999999999975886
RipVIS-NR-024_01140.jpg,0.49999999999975886,0.0,0.0,0.0,0.0,0.0,0.0,0.9999999999995177,0.49999999999975886
RipVIS-NR-024_01146.jpg,0.49999999999975886,0.0,0.0,0.0,0.0,0.0,0.0,0.9999999999995177,0.49999999999975886
RipVIS-NR-024_01152.jpg,0.49999999999975886,0.0,0.0,0.0,0.0,0.0,0.0,0.9999999999995177,0.49999999999975886
RipVIS-NR-024_01158.jpg,0.49999999999975886,0.0,0.0,0.0,0.0,0.0,0.0,0.9999999999995177,0.49999999999975886
RipVIS-NR-024_01164.jpg,0.49999999999975886,0.0,0.0,0.0,0.0,0.0,0.0,0.9999999999995177,0.49999999999975886
RipVIS-NR-024_01170.jpg,0.49999999999975886,0.0,0.0,0.0,0.0,0.0,0.0,0.9999999999995177,0.49999999999975886
RipVIS-NR-024_01176.jpg,0.49999999999975886,0.0,0.0,0.0,0.0,0.0,0.0,0.9999999999995177,0.49999999999975886
RipVIS-NR-024_01182.jpg,0.49999999999975886,0.0,0.0,0.0,0.0,0.0,0.0,0.9999999999995177,0.49999999999975886
RipVIS-NR-024_01188.jpg,0.49999999999975886,0.0,0.0,0.0,0.0,0.0,0.0,0.9999999999995177,0.49999999999975886
RipVIS-NR-024_01194.jpg,0.49999999999975886,0.0,0.0,0.0,0.0,0.0,0.0,0.9999999999995177,0.49999999999975886
RipVIS-NR-024_01200.jpg,0.49999999999975886,0.0,0.0,0.0,0.0,0.0,0.0,0.9999999999995177,0.49999999999975886
RipVIS-NR-024_01206.jpg,0.49999999999975886,0.0,0.0,0.0,0.0,0.0,0.0,0.9999999999995177,0.49999999999975886
RipVIS-NR-024_01212.jpg,0.49999999999975886,0.0,0.0,0.0,0.0,0.0,0.0,0.9999999999995177,0.49999999999975886
RipVIS-NR-024_01218.jpg,0.49999999999975886,0.0,0.0,0.0,0.0,0.0,0.0,0.9999999999995177,0.49999999999975886
RipVIS-NR-024_01224.jpg,0.49999999999975886,0.0,0.0,0.0,0.0,0.0,0.0,0.9999999999995177,0.49999999999975886
RipVIS-NR-024_01230.jpg,0.49999999999975886,0.0,0.0,0.0,0.0,0.0,0.0,0.9999999999995177,0.49999999999975886
RipVIS-NR-024_01236.jpg,0.49999999999975886,0.0,0.0,0.0,0.0,0.0,0.0,0.9999999999995177,0.49999999999975886
RipVIS-NR-024_01242.jpg,0.49999999999975886,0.0,0.0,0.0,0.0,0.0,0.0,0.9999999999995177,0.49999999999975886
RipVIS-NR-024_01248.jpg,0.49999999999975886,0.0,0.0,0.0,0.0,0.0,0.0,0.9999999999995177,0.49999999999975886
RipVIS-NR-024_01254.jpg,0.49999999999975886,0.0,0.0,0.0,0.0,0.0,0.0,0.9999999999995177,0.49999999999975886
RipVIS-NR-024_01260.jpg,0.49999999999975886,0.0,0.0,0.0,0.0,0.0,0.0,0.9999999999995177,0.49999999999975886
RipVIS-NR-024_01266.jpg,0.49999999999975886,0.0,0.0,0.0,0.0,0.0,0.0,0.9999999999995177,0.49999999999975886
RipVIS-NR-024_01272.jpg,0.49999999999975886,0.0,0.0,0.0,0.0,0.0,0.0,0.9999999999995177,0.49999999999975886
RipVIS-NR-024_01278.jpg,0.49999999999975886,0.0,0.0,0.0,0.0,0.0,0.0,0.9999999999995177,0.49999999999975886
RipVIS-NR-024_01284.jpg,0.49999999999975886,0.0,0.0,0.0,0.0,0.0,0.0,0.9999999999995177,0.49999999999975886
RipVIS-NR-024_01290.jpg,0.49999999999975886,0.0,0.0,0.0,0.0,0.0,0.0,0.9999999999995177,0.49999999999975886
RipVIS-NR-024_01296.jpg,0.49999999999975886,0.0,0.0,0.0,0.0,0.0,0.0,0.9999999999995177,0.49999999999975886
RipVIS-NR-024_01302.jpg,0.49999999999975886,0.0,0.0,0.0,0.0,0.0,0.0,0.9999999999995177,0.49999999999975886
RipVIS-NR-024_01308.jpg,0.49999999999975886,0.0,0.0,0.0,0.0,0.0,0.0,0.9999999999995177,0.49999999999975886
RipVIS-NR-024_01314.jpg,0.49999999999975886,0.0,0.0,0.0,0.0,0.0,0.0,0.9999999999995177,0.49999999999975886
RipVIS-NR-024_01320.jpg,0.49999999999975886,0.0,0.0,0.0,0.0,0.0,0.0,0.9999999999995177,0.49999999999975886
RipVIS-NR-024_01326.jpg,0.49999999999975886,0.0,0.0,0.0,0.0,0.0,0.0,0.9999999999995177,0.49999999999975886
RipVIS-NR-024_01332.jpg,0.49999999999975886,0.0,0.0,0.0,0.0,0.0,0.0,0.9999999999995177,0.49999999999975886
RipVIS-NR-024_01338.jpg,0.49999999999975886,0.0,0.0,0.0,0.0,0.0,0.0,0.9999999999995177,0.49999999999975886
RipVIS-NR-024_01344.jpg,0.49999999999975886,0.0,0.0,0.0,0.0,0.0,0.0,0.9999999999995177,0.49999999999975886
RipVIS-NR-024_01350.jpg,0.49999999999975886,0.0,0.0,0.0,0.0,0.0,0.0,0.9999999999995177,0.49999999999975886
RipVIS-NR-024_01356.jpg,0.49999999999975886,0.0,0.0,0.0,0.0,0.0,0.0,0.9999999999995177,0.49999999999975886
RipVIS-NR-024_01362.jpg,0.49999999999975886,0.0,0.0,0.0,0.0,0.0,0.0,0.9999999999995177,0.49999999999975886
RipVIS-NR-024_01368.jpg,0.49999999999975886,0.0,0.0,0.0,0.0,0.0,0.0,0.9999999999995177,0.49999999999975886
RipVIS-NR-024_01374.jpg,0.49999999999975886,0.0,0.0,0.0,0.0,0.0,0.0,0.9999999999995177,0.49999999999975886
RipVIS-NR-024_01380.jpg,0.49999999999975886,0.0,0.0,0.0,0.0,0.0,0.0,0.9999999999995177,0.49999999999975886
RipVIS-NR-024_01386.jpg,0.49999999999975886,0.0,0.0,0.0,0.0,0.0,0.0,0.9999999999995177,0.49999999999975886
RipVIS-NR-024_01392.jpg,0.49999999999975886,0.0,0.0,0.0,0.0,0.0,0.0,0.9999999999995177,0.49999999999975886
RipVIS-NR-024_01398.jpg,0.49999999999975886,0.0,0.0,0.0,0.0,0.0,0.0,0.9999999999995177,0.49999999999975886
RipVIS-NR-024_01404.jpg,0.49999999999975886,0.0,0.0,0.0,0.0,0.0,0.0,0.9999999999995177,0.49999999999975886
RipVIS-NR-024_01410.jpg,0.49999999999975886,0.0,0.0,0.0,0.0,0.0,0.0,0.9999999999995177,0.49999999999975886
RipVIS-NR-024_01416.jpg,0.49999999999975886,0.0,0.0,0.0,0.0,0.0,0.0,0.9999999999995177,0.49999999999975886
RipVIS-NR-024_01422.jpg,0.49999999999975886,0.0,0.0,0.0,0.0,0.0,0.0,0.9999999999995177,0.49999999999975886
RipVIS-NR-024_01428.jpg,0.49999999999975886,0.0,0.0,0.0,0.0,0.0,0.0,0.9999999999995177,0.49999999999975886
RipVIS-NR-024_01434.jpg,0.49999999999975886,0.0,0.0,0.0,0.0,0.0,0.0,0.9999999999995177,0.49999999999975886
RipVIS-NR-024_01440.jpg,0.49999999999975886,0.0,0.0,0.0,0.0,0.0,0.0,0.9999999999995177,0.49999999999975886
RipVIS-NR-024_01446.jpg,0.49999999999975886,0.0,0.0,0.0,0.0,0.0,0.0,0.9999999999995177,0.49999999999975886
RipVIS-NR-024_01452.jpg,0.49999999999975886,0.0,0.0,0.0,0.0,0.0,0.0,0.9999999999995177,0.49999999999975886
RipVIS-NR-024_01458.jpg,0.49999999999975886,0.0,0.0,0.0,0.0,0.0,0.0,0.9999999999995177,0.49999999999975886
RipVIS-NR-024_01464.jpg,0.49999999999975886,0.0,0.0,0.0,0.0,0.0,0.0,0.9999999999995177,0.49999999999975886
RipVIS-NR-024_01470.jpg,0.49999999999975886,0.0,0.0,0.0,0.0,0.0,0.0,0.9999999999995177,0.49999999999975886
RipVIS-NR-024_01476.jpg,0.49999999999975886,0.0,0.0,0.0,0.0,0.0,0.0,0.9999999999995177,0.49999999999975886
RipVIS-NR-024_01482.jpg,0.49999999999975886,0.0,0.0,0.0,0.0,0.0,0.0,0.9999999999995177,0.49999999999975886
RipVIS-NR-024_01488.jpg,0.49999999999975886,0.0,0.0,0.0,0.0,0.0,0.0,0.9999999999995177,0.49999999999975886
RipVIS-NR-024_01494.jpg,0.49999999999975886,0.0,0.0,0.0,0.0,0.0,0.0,0.9999999999995177,0.49999999999975886
RipVIS-NR-024_01500.jpg,0.49999999999975886,0.0,0.0,0.0,0.0,0.0,0.0,0.9999999999995177,0.49999999999975886
RipVIS-NR-024_01506.jpg,0.49999999999975886,0.0,0.0,0.0,0.0,0.0,0.0,0.9999999999995177,0.49999999999975886
RipVIS-NR-024_01512.jpg,0.49999999999975886,0.0,0.0,0.0,0.0,0.0,0.0,0.9999999999995177,0.49999999999975886
RipVIS-NR-024_01518.jpg,0.49999999999975886,0.0,0.0,0.0,0.0,0.0,0.0,0.9999999999995177,0.49999999999975886
RipVIS-NR-024_01524.jpg,0.49999999999975886,0.0,0.0,0.0,0.0,0.0,0.0,0.9999999999995177,0.49999999999975886
RipVIS-NR-024_01530.jpg,0.49999999999975886,0.0,0.0,0.0,0.0,0.0,0.0,0.9999999999995177,0.49999999999975886
RipVIS-NR-024_01536.jpg,0.49999999999975886,0.0,0.0,0.0,0.0,0.0,0.0,0.9999999999995177,0.49999999999975886
RipVIS-NR-024_01542.jpg,0.49999999999975886,0.0,0.0,0.0,0.0,0.0,0.0,0.9999999999995177,0.49999999999975886
RipVIS-NR-024_01548.jpg,0.49999999999975886,0.0,0.0,0.0,0.0,0.0,0.0,0.9999999999995177,0.49999999999975886
RipVIS-NR-024_01554.jpg,0.49999999999975886,0.0,0.0,0.0,0.0,0.0,0.0,0.9999999999995177,0.49999999999975886
RipVIS-NR-024_01560.jpg,0.49999999999975886,0.0,0.0,0.0,0.0,0.0,0.0,0.9999999999995177,0.49999999999975886
RipVIS-NR-024_01566.jpg,0.49999999999975886,0.0,0.0,0.0,0.0,0.0,0.0,0.9999999999995177,0.49999999999975886
RipVIS-NR-024_01572.jpg,0.49999999999975886,0.0,0.0,0.0,0.0,0.0,0.0,0.9999999999995177,0.49999999999975886
RipVIS-NR-024_01578.jpg,0.49999999999975886,0.0,0.0,0.0,0.0,0.0,0.0,0.9999999999995177,0.49999999999975886
RipVIS-NR-024_01584.jpg,0.49999999999975886,0.0,0.0,0.0,0.0,0.0,0.0,0.9999999999995177,0.49999999999975886
RipVIS-NR-024_01590.jpg,0.49999999999975886,0.0,0.0,0.0,0.0,0.0,0.0,0.9999999999995177,0.49999999999975886
RipVIS-NR-024_01596.jpg,0.49999999999975886,0.0,0.0,0.0,0.0,0.0,0.0,0.9999999999995177,0.49999999999975886
RipVIS-NR-024_01602.jpg,0.49999999999975886,0.0,0.0,0.0,0.0,0.0,0.0,0.9999999999995177,0.49999999999975886
RipVIS-NR-024_01608.jpg,0.49999999999975886,0.0,0.0,0.0,0.0,0.0,0.0,0.9999999999995177,0.49999999999975886
RipVIS-NR-024_01614.jpg,0.49999999999975886,0.0,0.0,0.0,0.0,0.0,0.0,0.9999999999995177,0.49999999999975886
RipVIS-NR-024_01620.jpg,0.49999999999975886,0.0,0.0,0.0,0.0,0.0,0.0,0.9999999999995177,0.49999999999975886
RipVIS-NR-024_01626.jpg,0.49999999999975886,0.0,0.0,0.0,0.0,0.0,0.0,0.9999999999995177,0.49999999999975886
RipVIS-NR-024_01632.jpg,0.49999999999975886,0.0,0.0,0.0,0.0,0.0,0.0,0.9999999999995177,0.49999999999975886
RipVIS-NR-024_01638.jpg,0.49999999999975886,0.0,0.0,0.0,0.0,0.0,0.0,0.9999999999995177,0.49999999999975886
RipVIS-NR-024_01644.jpg,0.49999999999975886,0.0,0.0,0.0,0.0,0.0,0.0,0.9999999999995177,0.49999999999975886
RipVIS-NR-024_01650.jpg,0.49999999999975886,0.0,0.0,0.0,0.0,0.0,0.0,0.9999999999995177,0.49999999999975886
RipVIS-NR-024_01656.jpg,0.49999999999975886,0.0,0.0,0.0,0.0,0.0,0.0,0.9999999999995177,0.49999999999975886
RipVIS-NR-024_01662.jpg,0.49999999999975886,0.0,0.0,0.0,0.0,0.0,0.0,0.9999999999995177,0.49999999999975886
RipVIS-NR-024_01668.jpg,0.49999999999975886,0.0,0.0,0.0,0.0,0.0,0.0,0.9999999999995177,0.49999999999975886
RipVIS-NR-024_01674.jpg,0.49999999999975886,0.0,0.0,0.0,0.0,0.0,0.0,0.9999999999995177,0.49999999999975886
RipVIS-NR-024_01680.jpg,0.49999999999975886,0.0,0.0,0.0,0.0,0.0,0.0,0.9999999999995177,0.49999999999975886
RipVIS-NR-024_01686.jpg,0.49999999999975886,0.0,0.0,0.0,0.0,0.0,0.0,0.9999999999995177,0.49999999999975886
RipVIS-NR-024_01692.jpg,0.49999999999975886,0.0,0.0,0.0,0.0,0.0,0.0,0.9999999999995177,0.49999999999975886
RipVIS-NR-024_01698.jpg,0.49999999999975886,0.0,0.0,0.0,0.0,0.0,0.0,0.9999999999995177,0.49999999999975886
RipVIS-NR-024_01704.jpg,0.49999999999975886,0.0,0.0,0.0,0.0,0.0,0.0,0.9999999999995177,0.49999999999975886
RipVIS-NR-024_01710.jpg,0.49999999999975886,0.0,0.0,0.0,0.0,0.0,0.0,0.9999999999995177,0.49999999999975886
RipVIS-NR-024_01716.jpg,0.49999999999975886,0.0,0.0,0.0,0.0,0.0,0.0,0.9999999999995177,0.49999999999975886
RipVIS-NR-024_01722.jpg,0.49999999999975886,0.0,0.0,0.0,0.0,0.0,0.0,0.9999999999995177,0.49999999999975886
RipVIS-NR-024_01728.jpg,0.49999999999975886,0.0,0.0,0.0,0.0,0.0,0.0,0.9999999999995177,0.49999999999975886
RipVIS-NR-024_01734.jpg,0.49999999999975886,0.0,0.0,0.0,0.0,0.0,0.0,0.9999999999995177,0.49999999999975886
RipVIS-NR-024_01740.jpg,0.49999999999975886,0.0,0.0,0.0,0.0,0.0,0.0,0.9999999999995177,0.49999999999975886
RipVIS-NR-024_01746.jpg,0.49999999999975886,0.0,0.0,0.0,0.0,0.0,0.0,0.9999999999995177,0.49999999999975886
RipVIS-NR-024_01752.jpg,0.49999999999975886,0.0,0.0,0.0,0.0,0.0,0.0,0.9999999999995177,0.49999999999975886
RipVIS-NR-024_01758.jpg,0.49999999999975886,0.0,0.0,0.0,0.0,0.0,0.0,0.9999999999995177,0.49999999999975886
RipVIS-NR-024_01764.jpg,0.49999999999975886,0.0,0.0,0.0,0.0,0.0,0.0,0.9999999999995177,0.49999999999975886
RipVIS-NR-024_01770.jpg,0.49999999999975886,0.0,0.0,0.0,0.0,0.0,0.0,0.9999999999995177,0.49999999999975886
RipVIS-NR-024_01776.jpg,0.49999999999975886,0.0,0.0,0.0,0.0,0.0,0.0,0.9999999999995177,0.49999999999975886
RipVIS-NR-024_01782.jpg,0.49999999999975886,0.0,0.0,0.0,0.0,0.0,0.0,0.9999999999995177,0.49999999999975886
RipVIS-NR-024_01788.jpg,0.49999999999975886,0.0,0.0,0.0,0.0,0.0,0.0,0.9999999999995177,0.49999999999975886
RipVIS-NR-024_01794.jpg,0.49999999999975886,0.0,0.0,0.0,0.0,0.0,0.0,0.9999999999995177,0.49999999999975886
RipVIS-NR-024_01800.jpg,0.49999999999975886,0.0,0.0,0.0,0.0,0.0,0.0,0.9999999999995177,0.49999999999975886
RipVIS-NR-024_01806.jpg,0.49999999999975886,0.0,0.0,0.0,0.0,0.0,0.0,0.9999999999995177,0.49999999999975886
RipVIS-NR-024_01812.jpg,0.49999999999975886,0.0,0.0,0.0,0.0,0.0,0.0,0.9999999999995177,0.49999999999975886
RipVIS-NR-026_00000.jpg,0.49999999999975886,0.0,0.0,0.0,0.0,0.0,0.0,0.9999999999995177,0.49999999999975886
RipVIS-NR-026_00006.jpg,0.49999999999975886,0.0,0.0,0.0,0.0,0.0,0.0,0.9999999999995177,0.49999999999975886
RipVIS-NR-026_00012.jpg,0.49999999999975886,0.0,0.0,0.0,0.0,0.0,0.0,0.9999999999995177,0.49999999999975886
RipVIS-NR-026_00018.jpg,0.49999999999975886,0.0,0.0,0.0,0.0,0.0,0.0,0.9999999999995177,0.49999999999975886
RipVIS-NR-026_00024.jpg,0.49999999999975886,0.0,0.0,0.0,0.0,0.0,0.0,0.9999999999995177,0.49999999999975886
RipVIS-NR-026_00030.jpg,0.49999999999975886,0.0,0.0,0.0,0.0,0.0,0.0,0.9999999999995177,0.49999999999975886
RipVIS-NR-026_00036.jpg,0.49999999999975886,0.0,0.0,0.0,0.0,0.0,0.0,0.9999999999995177,0.49999999999975886
RipVIS-NR-026_00042.jpg,0.49999999999975886,0.0,0.0,0.0,0.0,0.0,0.0,0.9999999999995177,0.49999999999975886
RipVIS-NR-026_00048.jpg,0.49999999999975886,0.0,0.0,0.0,0.0,0.0,0.0,0.9999999999995177,0.49999999999975886
RipVIS-NR-026_00054.jpg,0.49999999999975886,0.0,0.0,0.0,0.0,0.0,0.0,0.9999999999995177,0.49999999999975886
RipVIS-NR-026_00060.jpg,0.49999999999975886,0.0,0.0,0.0,0.0,0.0,0.0,0.9999999999995177,0.49999999999975886
RipVIS-NR-026_00066.jpg,0.49999999999975886,0.0,0.0,0.0,0.0,0.0,0.0,0.9999999999995177,0.49999999999975886
RipVIS-NR-026_00072.jpg,0.49999999999975886,0.0,0.0,0.0,0.0,0.0,0.0,0.9999999999995177,0.49999999999975886
RipVIS-NR-026_00078.jpg,0.49999999999975886,0.0,0.0,0.0,0.0,0.0,0.0,0.9999999999995177,0.49999999999975886
RipVIS-NR-026_00084.jpg,0.49999999999975886,0.0,0.0,0.0,0.0,0.0,0.0,0.9999999999995177,0.49999999999975886
RipVIS-NR-026_00090.jpg,0.49999999999975886,0.0,0.0,0.0,0.0,0.0,0.0,0.9999999999995177,0.49999999999975886
RipVIS-NR-026_00096.jpg,0.49999999999975886,0.0,0.0,0.0,0.0,0.0,0.0,0.9999999999995177,0.49999999999975886
RipVIS-NR-026_00102.jpg,0.49999999999975886,0.0,0.0,0.0,0.0,0.0,0.0,0.9999999999995177,0.49999999999975886
RipVIS-NR-026_00108.jpg,0.49999999999975886,0.0,0.0,0.0,0.0,0.0,0.0,0.9999999999995177,0.49999999999975886
RipVIS-NR-026_00114.jpg,0.49999999999975886,0.0,0.0,0.0,0.0,0.0,0.0,0.9999999999995177,0.49999999999975886
RipVIS-NR-026_00120.jpg,0.49999999999975886,0.0,0.0,0.0,0.0,0.0,0.0,0.9999999999995177,0.49999999999975886
RipVIS-NR-026_00126.jpg,0.49999999999975886,0.0,0.0,0.0,0.0,0.0,0.0,0.9999999999995177,0.49999999999975886
RipVIS-NR-026_00132.jpg,0.49999999999975886,0.0,0.0,0.0,0.0,0.0,0.0,0.9999999999995177,0.49999999999975886
RipVIS-NR-026_00138.jpg,0.49999999999975886,0.0,0.0,0.0,0.0,0.0,0.0,0.9999999999995177,0.49999999999975886
RipVIS-NR-026_00144.jpg,0.49999999999975886,0.0,0.0,0.0,0.0,0.0,0.0,0.9999999999995177,0.49999999999975886
RipVIS-NR-026_00150.jpg,0.49999999999975886,0.0,0.0,0.0,0.0,0.0,0.0,0.9999999999995177,0.49999999999975886
RipVIS-NR-026_00156.jpg,0.49999999999975886,0.0,0.0,0.0,0.0,0.0,0.0,0.9999999999995177,0.49999999999975886
RipVIS-NR-026_00162.jpg,0.49999999999975886,0.0,0.0,0.0,0.0,0.0,0.0,0.9999999999995177,0.49999999999975886
RipVIS-NR-026_00168.jpg,0.49999999999975886,0.0,0.0,0.0,0.0,0.0,0.0,0.9999999999995177,0.49999999999975886
RipVIS-NR-026_00174.jpg,0.49999999999975886,0.0,0.0,0.0,0.0,0.0,0.0,0.9999999999995177,0.49999999999975886
RipVIS-NR-026_00180.jpg,0.49999999999975886,0.0,0.0,0.0,0.0,0.0,0.0,0.9999999999995177,0.49999999999975886
RipVIS-NR-026_00186.jpg,0.49999999999975886,0.0,0.0,0.0,0.0,0.0,0.0,0.9999999999995177,0.49999999999975886
RipVIS-NR-026_00192.jpg,0.49999999999975886,0.0,0.0,0.0,0.0,0.0,0.0,0.9999999999995177,0.49999999999975886
RipVIS-NR-026_00198.jpg,0.49999999999975886,0.0,0.0,0.0,0.0,0.0,0.0,0.9999999999995177,0.49999999999975886
RipVIS-NR-026_00204.jpg,0.49999999999975886,0.0,0.0,0.0,0.0,0.0,0.0,0.9999999999995177,0.49999999999975886
RipVIS-NR-026_00210.jpg,0.49999999999975886,0.0,0.0,0.0,0.0,0.0,0.0,0.9999999999995177,0.49999999999975886
RipVIS-NR-026_00216.jpg,0.49999999999975886,0.0,0.0,0.0,0.0,0.0,0.0,0.9999999999995177,0.49999999999975886
RipVIS-NR-026_00222.jpg,0.49999999999975886,0.0,0.0,0.0,0.0,0.0,0.0,0.9999999999995177,0.49999999999975886
RipVIS-NR-026_00228.jpg,0.49999999999975886,0.0,0.0,0.0,0.0,0.0,0.0,0.9999999999995177,0.49999999999975886
RipVIS-NR-026_00234.jpg,0.49999999999975886,0.0,0.0,0.0,0.0,0.0,0.0,0.9999999999995177,0.49999999999975886
RipVIS-NR-026_00240.jpg,0.49999999999975886,0.0,0.0,0.0,0.0,0.0,0.0,0.9999999999995177,0.49999999999975886
RipVIS-NR-026_00246.jpg,0.49999999999975886,0.0,0.0,0.0,0.0,0.0,0.0,0.9999999999995177,0.49999999999975886
RipVIS-NR-026_00252.jpg,0.49999999999975886,0.0,0.0,0.0,0.0,0.0,0.0,0.9999999999995177,0.49999999999975886
RipVIS-NR-026_00258.jpg,0.49999999999975886,0.0,0.0,0.0,0.0,0.0,0.0,0.9999999999995177,0.49999999999975886
RipVIS-NR-026_00264.jpg,0.49999999999975886,0.0,0.0,0.0,0.0,0.0,0.0,0.9999999999995177,0.49999999999975886
RipVIS-NR-026_00270.jpg,0.49999999999975886,0.0,0.0,0.0,0.0,0.0,0.0,0.9999999999995177,0.49999999999975886
RipVIS-NR-026_00276.jpg,0.49999999999975886,0.0,0.0,0.0,0.0,0.0,0.0,0.9999999999995177,0.49999999999975886
RipVIS-NR-026_00282.jpg,0.49999999999975886,0.0,0.0,0.0,0.0,0.0,0.0,0.9999999999995177,0.49999999999975886
RipVIS-NR-026_00288.jpg,0.49999999999975886,0.0,0.0,0.0,0.0,0.0,0.0,0.9999999999995177,0.49999999999975886
RipVIS-NR-026_00294.jpg,0.49999999999975886,0.0,0.0,0.0,0.0,0.0,0.0,0.9999999999995177,0.49999999999975886
RipVIS-NR-026_00300.jpg,0.49999999999975886,0.0,0.0,0.0,0.0,0.0,0.0,0.9999999999995177,0.49999999999975886
RipVIS-NR-026_00306.jpg,0.49999999999975886,0.0,0.0,0.0,0.0,0.0,0.0,0.9999999999995177,0.49999999999975886
RipVIS-NR-026_00312.jpg,0.49999999999975886,0.0,0.0,0.0,0.0,0.0,0.0,0.9999999999995177,0.49999999999975886
RipVIS-NR-026_00318.jpg,0.49999999999975886,0.0,0.0,0.0,0.0,0.0,0.0,0.9999999999995177,0.49999999999975886
RipVIS-NR-026_00324.jpg,0.49999999999975886,0.0,0.0,0.0,0.0,0.0,0.0,0.9999999999995177,0.49999999999975886
RipVIS-NR-026_00330.jpg,0.49999999999975886,0.0,0.0,0.0,0.0,0.0,0.0,0.9999999999995177,0.49999999999975886
RipVIS-NR-026_00336.jpg,0.49999999999975886,0.0,0.0,0.0,0.0,0.0,0.0,0.9999999999995177,0.49999999999975886
RipVIS-NR-026_00342.jpg,0.49999999999975886,0.0,0.0,0.0,0.0,0.0,0.0,0.9999999999995177,0.49999999999975886
RipVIS-NR-026_00348.jpg,0.49999999999975886,0.0,0.0,0.0,0.0,0.0,0.0,0.9999999999995177,0.49999999999975886
RipVIS-NR-026_00354.jpg,0.49999999999975886,0.0,0.0,0.0,0.0,0.0,0.0,0.9999999999995177,0.49999999999975886
RipVIS-NR-026_00360.jpg,0.49999999999975886,0.0,0.0,0.0,0.0,0.0,0.0,0.9999999999995177,0.49999999999975886
RipVIS-NR-026_00366.jpg,0.49999999999975886,0.0,0.0,0.0,0.0,0.0,0.0,0.9999999999995177,0.49999999999975886
RipVIS-NR-026_00372.jpg,0.49999999999975886,0.0,0.0,0.0,0.0,0.0,0.0,0.9999999999995177,0.49999999999975886
RipVIS-NR-026_00378.jpg,0.49999999999975886,0.0,0.0,0.0,0.0,0.0,0.0,0.9999999999995177,0.49999999999975886
RipVIS-NR-026_00384.jpg,0.49999999999975886,0.0,0.0,0.0,0.0,0.0,0.0,0.9999999999995177,0.49999999999975886
RipVIS-NR-026_00390.jpg,0.49999999999975886,0.0,0.0,0.0,0.0,0.0,0.0,0.9999999999995177,0.49999999999975886
RipVIS-NR-026_00396.jpg,0.49999999999975886,0.0,0.0,0.0,0.0,0.0,0.0,0.9999999999995177,0.49999999999975886
RipVIS-NR-026_00402.jpg,0.49999999999975886,0.0,0.0,0.0,0.0,0.0,0.0,0.9999999999995177,0.49999999999975886
RipVIS-NR-026_00408.jpg,0.49999999999975886,0.0,0.0,0.0,0.0,0.0,0.0,0.9999999999995177,0.49999999999975886
RipVIS-NR-026_00414.jpg,0.49999999999975886,0.0,0.0,0.0,0.0,0.0,0.0,0.9999999999995177,0.49999999999975886
RipVIS-NR-026_00420.jpg,0.49999999999975886,0.0,0.0,0.0,0.0,0.0,0.0,0.9999999999995177,0.49999999999975886
RipVIS-NR-026_00426.jpg,0.49999999999975886,0.0,0.0,0.0,0.0,0.0,0.0,0.9999999999995177,0.49999999999975886
RipVIS-NR-026_00432.jpg,0.49999999999975886,0.0,0.0,0.0,0.0,0.0,0.0,0.9999999999995177,0.49999999999975886
RipVIS-NR-026_00438.jpg,0.49999999999975886,0.0,0.0,0.0,0.0,0.0,0.0,0.9999999999995177,0.49999999999975886
RipVIS-NR-026_00444.jpg,0.49999999999975886,0.0,0.0,0.0,0.0,0.0,0.0,0.9999999999995177,0.49999999999975886
RipVIS-NR-026_00450.jpg,0.49999999999975886,0.0,0.0,0.0,0.0,0.0,0.0,0.9999999999995177,0.49999999999975886
RipVIS-NR-026_00456.jpg,0.49999999999975886,0.0,0.0,0.0,0.0,0.0,0.0,0.9999999999995177,0.49999999999975886
RipVIS-NR-026_00462.jpg,0.49999999999975886,0.0,0.0,0.0,0.0,0.0,0.0,0.9999999999995177,0.49999999999975886
RipVIS-NR-026_00468.jpg,0.49999999999975886,0.0,0.0,0.0,0.0,0.0,0.0,0.9999999999995177,0.49999999999975886
RipVIS-NR-026_00474.jpg,0.49999999999975886,0.0,0.0,0.0,0.0,0.0,0.0,0.9999999999995177,0.49999999999975886
RipVIS-NR-026_00480.jpg,0.49999999999975886,0.0,0.0,0.0,0.0,0.0,0.0,0.9999999999995177,0.49999999999975886
RipVIS-NR-026_00486.jpg,0.49999999999975886,0.0,0.0,0.0,0.0,0.0,0.0,0.9999999999995177,0.49999999999975886
RipVIS-NR-026_00492.jpg,0.49999999999975886,0.0,0.0,0.0,0.0,0.0,0.0,0.9999999999995177,0.49999999999975886
RipVIS-NR-026_00498.jpg,0.49999999999975886,0.0,0.0,0.0,0.0,0.0,0.0,0.9999999999995177,0.49999999999975886
RipVIS-NR-026_00504.jpg,0.49999999999975886,0.0,0.0,0.0,0.0,0.0,0.0,0.9999999999995177,0.49999999999975886
RipVIS-NR-026_00510.jpg,0.49999999999975886,0.0,0.0,0.0,0.0,0.0,0.0,0.9999999999995177,0.49999999999975886
RipVIS-NR-026_00516.jpg,0.49999999999975886,0.0,0.0,0.0,0.0,0.0,0.0,0.9999999999995177,0.49999999999975886
RipVIS-NR-026_00522.jpg,0.49999999999975886,0.0,0.0,0.0,0.0,0.0,0.0,0.9999999999995177,0.49999999999975886
RipVIS-NR-026_00528.jpg,0.49999999999975886,0.0,0.0,0.0,0.0,0.0,0.0,0.9999999999995177,0.49999999999975886
RipVIS-NR-026_00534.jpg,0.49999999999975886,0.0,0.0,0.0,0.0,0.0,0.0,0.9999999999995177,0.49999999999975886
RipVIS-NR-026_00540.jpg,0.49999999999975886,0.0,0.0,0.0,0.0,0.0,0.0,0.9999999999995177,0.49999999999975886
RipVIS-NR-026_00546.jpg,0.49999999999975886,0.0,0.0,0.0,0.0,0.0,0.0,0.9999999999995177,0.49999999999975886
RipVIS-NR-026_00552.jpg,0.49999999999975886,0.0,0.0,0.0,0.0,0.0,0.0,0.9999999999995177,0.49999999999975886
RipVIS-NR-026_00558.jpg,0.49999999999975886,0.0,0.0,0.0,0.0,0.0,0.0,0.9999999999995177,0.49999999999975886
RipVIS-NR-026_00564.jpg,0.49999999999975886,0.0,0.0,0.0,0.0,0.0,0.0,0.9999999999995177,0.49999999999975886
RipVIS-NR-026_00570.jpg,0.49999999999975886,0.0,0.0,0.0,0.0,0.0,0.0,0.9999999999995177,0.49999999999975886
RipVIS-NR-026_00576.jpg,0.49999999999975886,0.0,0.0,0.0,0.0,0.0,0.0,0.9999999999995177,0.49999999999975886
RipVIS-NR-026_00582.jpg,0.49999999999975886,0.0,0.0,0.0,0.0,0.0,0.0,0.9999999999995177,0.49999999999975886
RipVIS-NR-026_00588.jpg,0.49999999999975886,0.0,0.0,0.0,0.0,0.0,0.0,0.9999999999995177,0.49999999999975886
RipVIS-NR-026_00594.jpg,0.49999999999975886,0.0,0.0,0.0,0.0,0.0,0.0,0.9999999999995177,0.49999999999975886
RipVIS-NR-026_00600.jpg,0.49999999999975886,0.0,0.0,0.0,0.0,0.0,0.0,0.9999999999995177,0.49999999999975886
RipVIS-NR-026_00606.jpg,0.49999999999975886,0.0,0.0,0.0,0.0,0.0,0.0,0.9999999999995177,0.49999999999975886
RipVIS-NR-026_00612.jpg,0.49999999999975886,0.0,0.0,0.0,0.0,0.0,0.0,0.9999999999995177,0.49999999999975886
RipVIS-NR-026_00618.jpg,0.49999999999975886,0.0,0.0,0.0,0.0,0.0,0.0,0.9999999999995177,0.49999999999975886
RipVIS-NR-026_00624.jpg,0.49999999999975886,0.0,0.0,0.0,0.0,0.0,0.0,0.9999999999995177,0.49999999999975886
RipVIS-NR-026_00630.jpg,0.49999999999975886,0.0,0.0,0.0,0.0,0.0,0.0,0.9999999999995177,0.49999999999975886
RipVIS-NR-026_00636.jpg,0.49999999999975886,0.0,0.0,0.0,0.0,0.0,0.0,0.9999999999995177,0.49999999999975886
RipVIS-NR-026_00642.jpg,0.49999999999975886,0.0,0.0,0.0,0.0,0.0,0.0,0.9999999999995177,0.49999999999975886
RipVIS-NR-026_00648.jpg,0.49999999999975886,0.0,0.0,0.0,0.0,0.0,0.0,0.9999999999995177,0.49999999999975886
RipVIS-NR-026_00654.jpg,0.49999999999975886,0.0,0.0,0.0,0.0,0.0,0.0,0.9999999999995177,0.49999999999975886
RipVIS-NR-026_00660.jpg,0.49999999999975886,0.0,0.0,0.0,0.0,0.0,0.0,0.9999999999995177,0.49999999999975886
RipVIS-NR-026_00666.jpg,0.49999999999975886,0.0,0.0,0.0,0.0,0.0,0.0,0.9999999999995177,0.49999999999975886
RipVIS-NR-026_00672.jpg,0.49999999999975886,0.0,0.0,0.0,0.0,0.0,0.0,0.9999999999995177,0.49999999999975886
RipVIS-NR-026_00678.jpg,0.49999999999975886,0.0,0.0,0.0,0.0,0.0,0.0,0.9999999999995177,0.49999999999975886
RipVIS-NR-026_00684.jpg,0.49999999999975886,0.0,0.0,0.0,0.0,0.0,0.0,0.9999999999995177,0.49999999999975886
RipVIS-NR-026_00690.jpg,0.49999999999975886,0.0,0.0,0.0,0.0,0.0,0.0,0.9999999999995177,0.49999999999975886
RipVIS-NR-026_00696.jpg,0.49999999999975886,0.0,0.0,0.0,0.0,0.0,0.0,0.9999999999995177,0.49999999999975886
RipVIS-NR-026_00702.jpg,0.49999999999975886,0.0,0.0,0.0,0.0,0.0,0.0,0.9999999999995177,0.49999999999975886
RipVIS-NR-026_00708.jpg,0.49999999999975886,0.0,0.0,0.0,0.0,0.0,0.0,0.9999999999995177,0.49999999999975886
RipVIS-NR-026_00714.jpg,0.49999999999975886,0.0,0.0,0.0,0.0,0.0,0.0,0.9999999999995177,0.49999999999975886
RipVIS-NR-026_00720.jpg,0.49999999999975886,0.0,0.0,0.0,0.0,0.0,0.0,0.9999999999995177,0.49999999999975886
RipVIS-NR-026_00726.jpg,0.49999999999975886,0.0,0.0,0.0,0.0,0.0,0.0,0.9999999999995177,0.49999999999975886
RipVIS-NR-026_00732.jpg,0.49999999999975886,0.0,0.0,0.0,0.0,0.0,0.0,0.9999999999995177,0.49999999999975886
RipVIS-NR-026_00738.jpg,0.49999999999975886,0.0,0.0,0.0,0.0,0.0,0.0,0.9999999999995177,0.49999999999975886
RipVIS-NR-026_00744.jpg,0.49999999999975886,0.0,0.0,0.0,0.0,0.0,0.0,0.9999999999995177,0.49999999999975886
RipVIS-NR-026_00750.jpg,0.49999999999975886,0.0,0.0,0.0,0.0,0.0,0.0,0.9999999999995177,0.49999999999975886
RipVIS-NR-026_00756.jpg,0.49999999999975886,0.0,0.0,0.0,0.0,0.0,0.0,0.9999999999995177,0.49999999999975886
RipVIS-NR-026_00762.jpg,0.49999999999975886,0.0,0.0,0.0,0.0,0.0,0.0,0.9999999999995177,0.49999999999975886
RipVIS-NR-026_00768.jpg,0.49999999999975886,0.0,0.0,0.0,0.0,0.0,0.0,0.9999999999995177,0.49999999999975886
RipVIS-NR-026_00774.jpg,0.49999999999975886,0.0,0.0,0.0,0.0,0.0,0.0,0.9999999999995177,0.49999999999975886
RipVIS-NR-026_00780.jpg,0.49999999999975886,0.0,0.0,0.0,0.0,0.0,0.0,0.9999999999995177,0.49999999999975886
RipVIS-NR-026_00786.jpg,0.49999999999975886,0.0,0.0,0.0,0.0,0.0,0.0,0.9999999999995177,0.49999999999975886
RipVIS-NR-026_00792.jpg,0.49999999999975886,0.0,0.0,0.0,0.0,0.0,0.0,0.9999999999995177,0.49999999999975886
RipVIS-NR-026_00798.jpg,0.49999999999975886,0.0,0.0,0.0,0.0,0.0,0.0,0.9999999999995177,0.49999999999975886
RipVIS-NR-026_00804.jpg,0.49999999999975886,0.0,0.0,0.0,0.0,0.0,0.0,0.9999999999995177,0.49999999999975886
RipVIS-NR-026_00810.jpg,0.49999999999975886,0.0,0.0,0.0,0.0,0.0,0.0,0.9999999999995177,0.49999999999975886
RipVIS-NR-026_00816.jpg,0.49999999999975886,0.0,0.0,0.0,0.0,0.0,0.0,0.9999999999995177,0.49999999999975886
RipVIS-NR-026_00822.jpg,0.49999999999975886,0.0,0.0,0.0,0.0,0.0,0.0,0.9999999999995177,0.49999999999975886
RipVIS-NR-026_00828.jpg,0.49999999999975886,0.0,0.0,0.0,0.0,0.0,0.0,0.9999999999995177,0.49999999999975886
RipVIS-NR-026_00834.jpg,0.49999999999975886,0.0,0.0,0.0,0.0,0.0,0.0,0.9999999999995177,0.49999999999975886
RipVIS-NR-026_00840.jpg,0.49999999999975886,0.0,0.0,0.0,0.0,0.0,0.0,0.9999999999995177,0.49999999999975886
RipVIS-NR-026_00846.jpg,0.49999999999975886,0.0,0.0,0.0,0.0,0.0,0.0,0.9999999999995177,0.49999999999975886
RipVIS-NR-026_00852.jpg,0.49999999999975886,0.0,0.0,0.0,0.0,0.0,0.0,0.9999999999995177,0.49999999999975886
RipVIS-NR-026_00858.jpg,0.49999999999975886,0.0,0.0,0.0,0.0,0.0,0.0,0.9999999999995177,0.49999999999975886
RipVIS-NR-026_00864.jpg,0.49999999999975886,0.0,0.0,0.0,0.0,0.0,0.0,0.9999999999995177,0.49999999999975886
RipVIS-NR-026_00870.jpg,0.49999999999975886,0.0,0.0,0.0,0.0,0.0,0.0,0.9999999999995177,0.49999999999975886
RipVIS-NR-026_00876.jpg,0.49999999999975886,0.0,0.0,0.0,0.0,0.0,0.0,0.9999999999995177,0.49999999999975886
RipVIS-NR-026_00882.jpg,0.49999999999975886,0.0,0.0,0.0,0.0,0.0,0.0,0.9999999999995177,0.49999999999975886
RipVIS-NR-026_00888.jpg,0.49999999999975886,0.0,0.0,0.0,0.0,0.0,0.0,0.9999999999995177,0.49999999999975886
RipVIS-NR-026_00894.jpg,0.49999999999975886,0.0,0.0,0.0,0.0,0.0,0.0,0.9999999999995177,0.49999999999975886
RipVIS-NR-026_00900.jpg,0.49999999999975886,0.0,0.0,0.0,0.0,0.0,0.0,0.9999999999995177,0.49999999999975886
RipVIS-NR-026_00906.jpg,0.49999999999975886,0.0,0.0,0.0,0.0,0.0,0.0,0.9999999999995177,0.49999999999975886
RipVIS-NR-026_00912.jpg,0.49999999999975886,0.0,0.0,0.0,0.0,0.0,0.0,0.9999999999995177,0.49999999999975886
RipVIS-NR-026_00918.jpg,0.49999999999975886,0.0,0.0,0.0,0.0,0.0,0.0,0.9999999999995177,0.49999999999975886
RipVIS-NR-026_00924.jpg,0.49999999999975886,0.0,0.0,0.0,0.0,0.0,0.0,0.9999999999995177,0.49999999999975886
RipVIS-NR-026_00930.jpg,0.49999999999975886,0.0,0.0,0.0,0.0,0.0,0.0,0.9999999999995177,0.49999999999975886
RipVIS-NR-026_00936.jpg,0.49999999999975886,0.0,0.0,0.0,0.0,0.0,0.0,0.9999999999995177,0.49999999999975886
RipVIS-NR-026_00942.jpg,0.49999999999975886,0.0,0.0,0.0,0.0,0.0,0.0,0.9999999999995177,0.49999999999975886
RipVIS-NR-026_00948.jpg,0.49999999999975886,0.0,0.0,0.0,0.0,0.0,0.0,0.9999999999995177,0.49999999999975886
RipVIS-NR-026_00954.jpg,0.49999999999975886,0.0,0.0,0.0,0.0,0.0,0.0,0.9999999999995177,0.49999999999975886
RipVIS-NR-026_00960.jpg,0.49999999999975886,0.0,0.0,0.0,0.0,0.0,0.0,0.9999999999995177,0.49999999999975886
RipVIS-NR-026_00966.jpg,0.49999999999975886,0.0,0.0,0.0,0.0,0.0,0.0,0.9999999999995177,0.49999999999975886
RipVIS-NR-026_00972.jpg,0.49999999999975886,0.0,0.0,0.0,0.0,0.0,0.0,0.9999999999995177,0.49999999999975886
RipVIS-NR-026_00978.jpg,0.49999999999975886,0.0,0.0,0.0,0.0,0.0,0.0,0.9999999999995177,0.49999999999975886
RipVIS-NR-026_00984.jpg,0.49999999999975886,0.0,0.0,0.0,0.0,0.0,0.0,0.9999999999995177,0.49999999999975886
RipVIS-NR-026_00990.jpg,0.49999999999975886,0.0,0.0,0.0,0.0,0.0,0.0,0.9999999999995177,0.49999999999975886
RipVIS-NR-026_00996.jpg,0.49999999999975886,0.0,0.0,0.0,0.0,0.0,0.0,0.9999999999995177,0.49999999999975886
RipVIS-NR-026_01002.jpg,0.49999999999975886,0.0,0.0,0.0,0.0,0.0,0.0,0.9999999999995177,0.49999999999975886
RipVIS-NR-026_01008.jpg,0.49999999999975886,0.0,0.0,0.0,0.0,0.0,0.0,0.9999999999995177,0.49999999999975886
RipVIS-NR-026_01014.jpg,0.49999999999975886,0.0,0.0,0.0,0.0,0.0,0.0,0.9999999999995177,0.49999999999975886
RipVIS-NR-026_01020.jpg,0.49999999999975886,0.0,0.0,0.0,0.0,0.0,0.0,0.9999999999995177,0.49999999999975886
RipVIS-NR-026_01026.jpg,0.49999999999975886,0.0,0.0,0.0,0.0,0.0,0.0,0.9999999999995177,0.49999999999975886
RipVIS-NR-026_01032.jpg,0.49999999999975886,0.0,0.0,0.0,0.0,0.0,0.0,0.9999999999995177,0.49999999999975886
RipVIS-NR-026_01038.jpg,0.49999999999975886,0.0,0.0,0.0,0.0,0.0,0.0,0.9999999999995177,0.49999999999975886
RipVIS-NR-026_01044.jpg,0.49999999999975886,0.0,0.0,0.0,0.0,0.0,0.0,0.9999999999995177,0.49999999999975886
RipVIS-NR-026_01050.jpg,0.49999999999975886,0.0,0.0,0.0,0.0,0.0,0.0,0.9999999999995177,0.49999999999975886
RipVIS-NR-026_01056.jpg,0.49999999999975886,0.0,0.0,0.0,0.0,0.0,0.0,0.9999999999995177,0.49999999999975886
RipVIS-NR-026_01062.jpg,0.49999999999975886,0.0,0.0,0.0,0.0,0.0,0.0,0.9999999999995177,0.49999999999975886
RipVIS-NR-026_01068.jpg,0.49999999999975886,0.0,0.0,0.0,0.0,0.0,0.0,0.9999999999995177,0.49999999999975886
RipVIS-NR-026_01074.jpg,0.49999999999975886,0.0,0.0,0.0,0.0,0.0,0.0,0.9999999999995177,0.49999999999975886
RipVIS-NR-026_01080.jpg,0.49999999999975886,0.0,0.0,0.0,0.0,0.0,0.0,0.9999999999995177,0.49999999999975886
RipVIS-NR-026_01086.jpg,0.49999999999975886,0.0,0.0,0.0,0.0,0.0,0.0,0.9999999999995177,0.49999999999975886
RipVIS-NR-026_01092.jpg,0.49999999999975886,0.0,0.0,0.0,0.0,0.0,0.0,0.9999999999995177,0.49999999999975886
RipVIS-NR-026_01098.jpg,0.49999999999975886,0.0,0.0,0.0,0.0,0.0,0.0,0.9999999999995177,0.49999999999975886
RipVIS-NR-026_01104.jpg,0.49999999999975886,0.0,0.0,0.0,0.0,0.0,0.0,0.9999999999995177,0.49999999999975886
RipVIS-NR-026_01110.jpg,0.49999999999975886,0.0,0.0,0.0,0.0,0.0,0.0,0.9999999999995177,0.49999999999975886
RipVIS-NR-026_01116.jpg,0.49999999999975886,0.0,0.0,0.0,0.0,0.0,0.0,0.9999999999995177,0.49999999999975886
RipVIS-NR-026_01122.jpg,0.49999999999975886,0.0,0.0,0.0,0.0,0.0,0.0,0.9999999999995177,0.49999999999975886
RipVIS-NR-026_01128.jpg,0.49999999999975886,0.0,0.0,0.0,0.0,0.0,0.0,0.9999999999995177,0.49999999999975886
RipVIS-NR-026_01134.jpg,0.49999999999975886,0.0,0.0,0.0,0.0,0.0,0.0,0.9999999999995177,0.49999999999975886
RipVIS-NR-026_01140.jpg,0.49999999999975886,0.0,0.0,0.0,0.0,0.0,0.0,0.9999999999995177,0.49999999999975886
RipVIS-NR-026_01146.jpg,0.49999999999975886,0.0,0.0,0.0,0.0,0.0,0.0,0.9999999999995177,0.49999999999975886
RipVIS-NR-026_01152.jpg,0.49999999999975886,0.0,0.0,0.0,0.0,0.0,0.0,0.9999999999995177,0.49999999999975886
RipVIS-NR-026_01158.jpg,0.49999999999975886,0.0,0.0,0.0,0.0,0.0,0.0,0.9999999999995177,0.49999999999975886
RipVIS-NR-026_01164.jpg,0.49999999999975886,0.0,0.0,0.0,0.0,0.0,0.0,0.9999999999995177,0.49999999999975886
RipVIS-NR-026_01170.jpg,0.49999999999975886,0.0,0.0,0.0,0.0,0.0,0.0,0.9999999999995177,0.49999999999975886
RipVIS-NR-026_01176.jpg,0.49999999999975886,0.0,0.0,0.0,0.0,0.0,0.0,0.9999999999995177,0.49999999999975886
RipVIS-NR-026_01182.jpg,0.49999999999975886,0.0,0.0,0.0,0.0,0.0,0.0,0.9999999999995177,0.49999999999975886
RipVIS-NR-026_01188.jpg,0.49999999999975886,0.0,0.0,0.0,0.0,0.0,0.0,0.9999999999995177,0.49999999999975886
RipVIS-NR-026_01194.jpg,0.49999999999975886,0.0,0.0,0.0,0.0,0.0,0.0,0.9999999999995177,0.49999999999975886
RipVIS-NR-026_01200.jpg,0.49999999999975886,0.0,0.0,0.0,0.0,0.0,0.0,0.9999999999995177,0.49999999999975886
RipVIS-NR-026_01206.jpg,0.49999999999975886,0.0,0.0,0.0,0.0,0.0,0.0,0.9999999999995177,0.49999999999975886
RipVIS-NR-026_01212.jpg,0.49999999999975886,0.0,0.0,0.0,0.0,0.0,0.0,0.9999999999995177,0.49999999999975886
