image,miou,iou,dice,recall,precision,f2,biou,aacc,macc
RipVIS-001_00003.jpg,0.878377967390184,0.7852321704409817,0.8796975356398786,0.808243894265283,0.9650102714900338,0.8353856535606554,0.012830482112591274,0.9742089843739429,0.9021866288947109
RipVIS-001_00004.jpg,0.886153515067907,0.797669037613452,0.887448157501139,0.8307088175713905,0.9525065662946424,0.8525110670126699,0.010168165817331215,0.97694335937394,0.9128098035674606
RipVIS-001_00005.jpg,0.8962920370644738,0.8156392530256769,0.8984595939600365,0.8668638151187783,0.9324457270180753,0.8792316540711698,0.014811927496626012,0.9790787760406043,0.9296782495644058
RipVIS-001_00006.jpg,0.8988391806042917,0.8200042406289636,0.9011014615499835,0.8807295764059384,0.9224380935760177,0.8887667867260557,0.014332123062424588,0.9797352430544924,0.936029009604654
RipVIS-001_00007.jpg,0.890176543887607,0.8037551850589926,0.8912020785489305,0.8467744476920911,0.9405498121287654,0.8640031384385839,0.042776432598309835,0.978644748262827,0.9203046023284436
RipVIS-001_00008.jpg,0.875560343666623,0.776936439804037,0.8744673387301558,0.8110751965435501,0.9486088583786825,0.8352962114986575,0.03724053723295878,0.9763140190961629,0.9030498557932883
RipVIS-001_00009.jpg,0.8896893765735924,0.8022717495872107,0.8902894358422493,0.8465071542726138,0.9388476705188857,0.86349295240531,0.043134151158857506,0.9790527343739377,0.920176628079659
RipVIS-001_00010.jpg,0.8950995596638441,0.8114712798033731,0.8959250845991381,0.8517877802782019,0.9448865094673844,0.8689103551220345,0.04366197182220081,0.9805121527767139,0.9231803876199821
RipVIS-001_00011.jpg,0.898202823776735,0.8167296241669684,0.8991207203344486,0.8548309637261152,0.9482506566114742,0.8720127419884064,0.04403780413351341,0.9813639322906018,0.9249054555783922
RipVIS-001_00012.jpg,0.9019878786356358,0.8232163031108976,0.9030374527764687,0.864597832277643,0.9450541227996079,0.8795741756966303,0.028492283334291196,0.9823415798600452,0.9296572709556602
RipVIS-001_00013.jpg,0.8989615507374547,0.817495515513349,0.8995846300973661,0.8659136475863068,0.9359801426185523,0.8790749743206207,0.013840830447166315,0.9820052083322678,0.9299172646572509
RipVIS-001_00014.jpg,0.9067648847286962,0.8317235645985964,0.908132188364198,0.8991225995542154,0.9173241645443683,0.9027048974028996,0.025966747613307164,0.9833072916655997,0.9454676689475863
RipVIS-001_00015.jpg,0.9098891268132827,0.8373582344349373,0.91148064513664,0.902335731970009,0.9208128182484343,0.9059715882306958,0.030365899654778213,0.9838791232628213,0.9472375575585665
RipVIS-001_00016.jpg,0.9083618260659819,0.8343580068712202,0.9097002915961274,0.9016273519745089,0.9179191033621313,0.9048392726047346,0.027977176508747068,0.9838042534711547,0.9468033587999811
RipVIS-001_00017.jpg,0.9095408040097981,0.836576477075245,0.911017305859755,0.9084389652954485,0.913610323814586,0.909468548226373,0.026886704982961855,0.9839431423600434,0.9499467023395023
RipVIS-001_00018.jpg,0.9164814441481406,0.8486988509826889,0.918158033723618,0.9273388167165714,0.9091572507460666,0.923644559331961,0.031542270304136755,0.9855403645822639,0.959228824428936
RipVIS-001_00019.jpg,0.9149354750569407,0.8458445803482211,0.9164851573675301,0.9213343754150219,0.9116867173961247,0.9193885433585548,0.03205715331891241,0.9853135850683753,0.9563901009773055
RipVIS-001_00020.jpg,0.9164328762636027,0.8485097824002502,0.9180473811704458,0.9488926092891883,0.8891443626023695,0.9363090899461024,0.02426080363452221,0.985616319443375,0.9689580927090291
RipVIS-001_00021.jpg,0.9127605051644194,0.8417705535178988,0.914088404671324,0.9530060041983599,0.8782246281242878,0.9370479602946212,0.025664868881222824,0.9850434027767089,0.9704839694532752
RipVIS-001_00022.jpg,0.8956835832598031,0.8109113664716019,0.8955837171110034,0.9469719114433982,0.8494856911184939,0.925724840042915,0.015235971754879974,0.9819672309017122,0.9660255793702974
RipVIS-001_00023.jpg,0.8983179887823731,0.8152351404215822,0.8982143660267028,0.9524555761344101,0.8498182304418421,0.9299915110582437,0.020435704642291167,0.9828114149294891,0.9689466238348718
RipVIS-001_00024.jpg,0.8956013105832326,0.810334997256137,0.8952320962521677,0.9565545848997782,0.8412984126115478,0.931044348305053,0.020279318917107457,0.9823133680544897,0.970538683879052
RipVIS-001_00025.jpg,0.9060206195172934,0.8289514309365996,0.9064772491110892,0.9714166434599024,0.8496762257065866,0.9443554583924069,0.02952380951818594,0.9843706597211541,0.9784413930217666
RipVIS-001_00026.jpg,0.8998051039084675,0.8172127959451455,0.8994134289265855,0.9564295874686142,0.8488126948752249,0.9327771195822571,0.031076155758473785,0.9836816406239326,0.9711808456543201
RipVIS-001_00027.jpg,0.9050830565689683,0.8262046972966921,0.9048325179753535,0.9535841560881934,0.8608232470946283,0.9334663929222974,0.03937164445429078,0.9850976562489311,0.9706054621388278
RipVIS-001_00028.jpg,0.9116524375955689,0.8380123201065085,0.9118680119162069,0.9742980173892185,0.8569568647967261,0.9483275508778466,0.052022023912659573,0.9863324652767075,0.980786091334154
RipVIS-001_00029.jpg,0.9585703719613861,0.9230431291614574,0.9599817239293538,0.9773981392207668,0.9431751338821835,0.9703562851555284,0.0767958411916834,0.9944878472211431,0.9865629292099249
RipVIS-001_00030.jpg,0.9345795907993881,0.8786508524702944,0.9354062265640579,0.9864511726062942,0.8893841166803322,0.9653789517579295,0.04999999998831775,0.9911187065961468,0.9889476870987217
RipVIS-001_00031.jpg,0.9096108171570616,0.832311928222869,0.9084827920430726,0.9717090368461416,0.8529817801044802,0.9453910797695793,0.05278332223269387,0.9877083333322616,0.9802445931790504
RipVIS-001_00032.jpg,0.9151579932828307,0.8414908533465697,0.9139234678438022,0.9693486589856256,0.8644936517894796,0.9463909813039556,0.03987943425924427,0.9894509548600375,0.9800161017607589
RipVIS-001_00033.jpg,0.9197451167412602,0.8494444733182631,0.9185941893072297,0.9284090478360094,0.9089846792872169,0.9244580431452739,0.043416030523994266,0.9905750868044807,0.9613805592943946
RipVIS-001_00034.jpg,0.9200015826703454,0.8499219698135959,0.9188733186397444,0.9444305285083637,0.8946628700599667,0.9340389203527681,0.06032427275624123,0.9906087239572584,0.968897457329162
RipVIS-001_00035.jpg,0.9166559765747784,0.8440980694712399,0.9154589806747848,0.9823053296311877,0.857130817319987,0.9544285741098745,0.05657741558636148,0.9898090277767038,0.9862804652088932
RipVIS-001_00036.jpg,0.8818406411754681,0.7799599757872208,0.8763792291928012,0.9864231199162937,0.7884238422934589,0.9392478843243849,0.03838383837522248,0.9846093749989316,0.9854631567879264
RipVIS-001_00037.jpg,0.8793363187908726,0.775334963010562,0.8734520292393401,0.9667792032224023,0.7965570956129744,0.9271531755546675,0.038955289942683644,0.9842437065961542,0.97603186705015
RipVIS-001_00038.jpg,0.7691441212106764,0.5833235504361393,0.7368343005767305,0.9999451162437579,0.5833422271491031,0.8749703850266695,0.0048417132206998665,0.9576356336795164,0.9774565564187863
RipVIS-001_00039.jpg,0.7941205981793695,0.6264776213609178,0.7703488976832364,0.9991724683649204,0.6268028439157342,0.8930627287286386,0.008076634108174937,0.9640679253461761,0.9804935646723247
RipVIS-001_00040.jpg,0.8200848084596131,0.6718285905831198,0.8037051099225329,0.9210245464096376,0.7128968304309167,0.8702133996884948,0.02778872683725094,0.970268012151725,0.9473885766566956
RipVIS-001_00041.jpg,0.829719945358997,0.6906454953320603,0.8170198864740834,0.8783528688575977,0.7636932707258077,0.8527468780633337,0.027274498338734753,0.9708268229156133,0.9282929202010763
RipVIS-001_00042.jpg,0.8287933649315206,0.6894171257488334,0.8161597455610609,0.8948971483932949,0.750157261785382,0.8616468748140529,0.019297287453250083,0.9702701822906139,0.935584060198339
RipVIS-001_00043.jpg,0.810612399019246,0.6550155021319272,0.7915521048451346,0.8351068626441354,0.752315316280975,0.8171221675804137,0.026700949361807565,0.9682465277767272,0.9068565962233861
RipVIS-001_00044.jpg,0.836701122594536,0.701021773650233,0.8242360968089268,0.8502282827847434,0.7997859741628054,0.8396371403834113,0.03354540195998739,0.9740603298600542,0.9169147474644439
RipVIS-001_00045.jpg,0.8346045046555977,0.6956792083307446,0.8205316252188798,0.8557224455117781,0.7881208596746483,0.8412900046716113,0.0168371696468804,0.9750401475683864,0.9196434604838969
RipVIS-001_00046.jpg,0.8325519249283593,0.6919533250522459,0.8179342950029418,0.8704048085399926,0.7714302532519326,0.8486289771641893,0.019353419832999028,0.9746777343739425,0.9261865760693645
RipVIS-001_00047.jpg,0.7977270754587483,0.6302200488920512,0.7731717559483684,0.8400743082351779,0.7161392492885265,0.8119703890376437,0.02293577981213001,0.967178819443395,0.9081601532079666
RipVIS-001_00048.jpg,0.7511682308377245,0.5514516586573975,0.7108847453675937,0.8078693369743712,0.6346902740411353,0.7660642863398827,0.023080958205441343,0.9536816406239652,0.8863041380064552
RipVIS-001_00049.jpg,0.7425672224689059,0.5383068348905046,0.699869262335847,0.8460050634370764,0.596783139205804,0.7807919378152919,0.02147397354037554,0.9499316406239693,0.9018197208551317
RipVIS-001_00050.jpg,0.8172148003477226,0.6662919582663538,0.7997301492825762,0.8566788406114433,0.749880966946226,0.8329530446766136,0.033829787226844724,0.9700434027767252,0.9176156566642273
RipVIS-001_00051.jpg,0.8208974767244196,0.6741766754735595,0.8053829507364999,0.887471246727688,0.7371947568788811,0.852706553546117,0.023185916697469746,0.9696516927072811,0.9316902935485869
RipVIS-001_00052.jpg,0.7745374668016666,0.5950195521824427,0.7460968755753318,0.861005230020078,0.6582481504415402,0.8110410015614606,0.017353579171940654,0.9569607204850727,0.9127859597022653
RipVIS-001_00053.jpg,0.801966364147533,0.6432398228154057,0.7828922034196153,0.8939307332528115,0.6963908520980512,0.8459385462927775,0.034567396188470566,0.9632942708322881,0.9313853902732318
RipVIS-001_00054.jpg,0.8712983170373019,0.7640798847767218,0.8662644944488223,0.8525597269503334,0.8804170643824009,0.857989266547406,0.055274168673139355,0.9799142795128256,0.9214970658051931
RipVIS-001_00055.jpg,0.8171398582717023,0.6606534758005423,0.7956548255584323,0.6659810899092082,0.9880361768233736,0.7124247355058471,0.04235112935257928,0.974914279512831,0.8326714646546807
RipVIS-001_00056.jpg,0.7375605788297652,0.5321697272866359,0.694661587171639,0.8563760845236216,0.584320865623635,0.783424794734948,0.008156256705697305,0.946427951387862,0.9048515275343612
RipVIS-001_00057.jpg,0.7395286641190593,0.5396540916547657,0.7010069269192336,0.9606921698525651,0.5518390119662006,0.8367098310838558,0.012023639695939751,0.9434223090267541,0.9514168866050385
RipVIS-001_00058.jpg,0.7584682493886793,0.5693034351090716,0.7255492116723788,0.901676011411663,0.60698516694196,0.8218723310466429,0.017908309452380314,0.9510232204850791,0.9282581599900726
RipVIS-001_00059.jpg,0.7338924240660999,0.5237399633285582,0.6874400828661945,0.8580193376239437,0.5734373825895661,0.7805463912404408,0.018279569889197208,0.9472884114573055,0.9058878005826175
RipVIS-001_00060.jpg,0.7237936601037667,0.5032961641796048,0.6695901661590004,0.8631702571322342,0.5469317487582948,0.7736989796719993,0.017896202024677628,0.9472677951378611,0.907993692085821
RipVIS-001_00061.jpg,0.7422118316409092,0.5297265301227687,0.6925767706731939,0.814318731900229,0.6025017840951904,0.7608233609804702,0.03631907307568648,0.9568967013878505,0.8901277119158112
RipVIS-001_00062.jpg,0.737639768881488,0.5228998901843556,0.6867160389919729,0.8266396629206227,0.5873042383366869,0.7643433509117479,0.0313725490131326,0.9547417534711863,0.8947794660662829
RipVIS-001_00063.jpg,0.7719921122612492,0.5840842625765701,0.7374409005573175,0.9046417852570448,0.6224046415507873,0.8294196493384158,0.033635448130184195,0.9620377604156228,0.9351368859127878
RipVIS-001_00064.jpg,0.7749108000749328,0.5852894940104809,0.7384007731355233,0.8236562365094273,0.6691391494963274,0.7872958869152581,0.026807980044304243,0.9662228732628405,0.8993186308995433
RipVIS-001_00065.jpg,0.763001396432988,0.563400480691524,0.7207372489003208,0.8154526234707774,0.6457347233749984,0.7747283849173743,0.03656876093433792,0.9643240017350647,0.8943421103479368
RipVIS-001_00066.jpg,0.8089410622128517,0.6461887373674019,0.7850724800860831,0.8088232668438553,0.762676767663928,0.7991525662917542,0.011717974178407552,0.9730848524294997,0.8962686232860643
RipVIS-001_00067.jpg,0.6620455982941562,0.38974073334114806,0.560882650973541,0.7015967308505506,0.4671831695582366,0.6376112402514339,0.02197462085701414,0.9369921874989833,0.8264556952188439
RipVIS-001_00068.jpg,0.6533393162392771,0.3600915895561108,0.5295107951864225,0.6463024826204354,0.44846908144139036,0.5939045936395759,0.01897117839858242,0.9481456163184157,0.8043601400370441
RipVIS-001_00069.jpg,0.7852529099878927,0.594353498489153,0.7455730476991161,0.7253928288169582,0.7669082125414841,0.7333323905952448,0.019831319804004714,0.9769574652767177,0.8573152061312002
RipVIS-001_00070.jpg,0.7994457121646886,0.625752334002721,0.7698003206454861,0.8793482362670245,0.6845233980665563,0.8319891118056255,0.029457710325941147,0.9742936197906095,0.9292606006388604
RipVIS-001_00071.jpg,0.7672846842949625,0.5685924988777282,0.7249715898610197,0.8379517816864126,0.6388377426650057,0.7887819975909574,0.021693223263257202,0.9674370659711725,0.9061893794370878
RipVIS-001_00072.jpg,0.8040966418326462,0.6402757414327203,0.7806928131162423,0.9842625543498564,0.6468983081596859,0.8912982762695235,0.025911708248385467,0.9696506076378367,0.9765323242226602
RipVIS-001_00073.jpg,0.8183915777701092,0.6662942078233728,0.7997317696899778,0.9099006387347427,0.7133596705887859,0.8623809395684228,0.028864656825130498,0.972131076387834,0.9430426405724843
RipVIS-001_00074.jpg,0.7593211099678128,0.5603187423833309,0.7182106157713188,0.7449751562631035,0.6933025059562455,0.7340334807327858,0.012204571869003375,0.9604253472211801,0.8605225172029219
RipVIS-001_00075.jpg,0.6909256927978086,0.4472008272326488,0.618021796031986,0.7565724936113306,0.5223619451785528,0.6943110753681987,0.020583832331477574,0.9379318576378711,0.8536981310126541
RipVIS-001_00076.jpg,0.7416881320654599,0.5257170488315258,0.6891409507865793,0.7498275799348465,0.6375420511614218,0.7243139757498405,0.01667460695172115,0.9595572916656254,0.861360445600663
RipVIS-001_00077.jpg,0.7557263145811557,0.5509544255269909,0.710471457392805,0.7323580478119276,0.6898550724525973,0.7234435655602689,0.013402998633938436,0.9623242187489558,0.8550877818924469
RipVIS-001_00078.jpg,0.7221775409936989,0.4926345947177673,0.660087333445352,0.7051345578691989,0.6204501375577639,0.6863974611876399,0.0062601437499976475,0.9538823784711872,0.837942246347066
RipVIS-001_00079.jpg,0.6958898263404877,0.4491731437928644,0.6199026606541451,0.7396025919344545,0.5335508766408522,0.6865731329356484,0.0040650406495367905,0.9451725260406411,0.8490007083624891
RipVIS-001_00080.jpg,0.708055583268006,0.4687646782473306,0.6383114806474037,0.750527339079027,0.555287156652979,0.7012174223002152,0.00491510276923255,0.9496842447906362,0.8563669344011803
RipVIS-001_00081.jpg,0.6888700373649456,0.43815119301267885,0.609325632995273,0.7790616838438446,0.5003197586666629,0.7009571723687903,0.008244520408557304,0.9423068576378664,0.8656869354153287
RipVIS-001_00082.jpg,0.7024587051342347,0.4595556853355996,0.6297199756786707,0.7656051193629667,0.5347998274642879,0.7047728956025975,0.016347601631243793,0.9477875434017493,0.8623039396172558
RipVIS-001_00083.jpg,0.6941465441113904,0.44483914432528776,0.6157628633919925,0.757102515005646,0.5188932908940846,0.6934352183920816,0.007051282049775367,0.9459049479156403,0.8572365575067609
RipVIS-001_00084.jpg,0.7206079168493061,0.49122908518095826,0.6588244422839277,0.7818952021220757,0.569227674972255,0.7275329037565123,0.018435155408695572,0.952290581596189,0.8724264349193904
RipVIS-001_00085.jpg,0.7773783408413408,0.5936819172042223,0.7450444292493593,0.8144614323351705,0.6865310077424346,0.7851981558648816,0.014437869819067958,0.9631694878461771,0.8940758330302495
RipVIS-001_00086.jpg,0.7881276827971311,0.6129984157048509,0.7600731776751085,0.8201116414396875,0.7082256284046414,0.7949929263556773,0.009350163625677848,0.9652777777767304,0.8979122283513281
RipVIS-001_00087.jpg,0.7713676910548489,0.5841188891000921,0.7374684982538386,0.8072875139402442,0.6787648825394352,0.7778313830571808,0.01771697689667706,0.9608897569434018,0.8896961036030018
RipVIS-001_00088.jpg,0.7719756161818958,0.5861314197966183,0.7390704357546551,0.8075171373819421,0.6813204107505499,0.7786714471147937,0.01249451994465267,0.960197482637847,0.8895862046544623
RipVIS-001_00089.jpg,0.7713284092357152,0.5869705439627289,0.7397371629810341,0.8009505786970479,0.6872160199281669,0.7752884612653957,0.02545999143657253,0.9583116319434046,0.8859158229118871
RipVIS-001_00090.jpg,0.760562684422895,0.5701206529395709,0.7262125389818855,0.8019138346457992,0.6635709228149214,0.7698152366766696,0.022512864489169625,0.9539941406239648,0.8842160464376714
RipVIS-001_00091.jpg,0.7372092211534197,0.5330147336906845,0.6953810970980929,0.8266182109422164,0.6001059487021273,0.768596294709731,0.004871849183462857,0.9450770399295301,0.8907080497096531
RipVIS-001_00092.jpg,0.7319956667549832,0.5245192089063467,0.6881109871782122,0.8457816486196039,0.5799893421219222,0.7747706606852646,0.01039861351594484,0.9432606336795321,0.8984163118308934
RipVIS-001_00093.jpg,0.7448321598355008,0.5500949935321973,0.7097564934116679,0.9213623550474942,0.5771944037304436,0.8231921837636019,0.02810498036203658,0.9437272135406426,0.9334472432519052
RipVIS-001_00094.jpg,0.7731063104041588,0.5976732293476489,0.7481795630908664,0.8505523066816043,0.6678026283500551,0.8064158419745299,0.005728314237780622,0.9521940104156335,0.9060030816537357
RipVIS-001_00095.jpg,0.810757940625523,0.6638435752041325,0.7979639253319679,0.8781900832463104,0.7311687510209482,0.8442386616252778,0.020688283266224728,0.9609374999989573,0.9235480694131115
RipVIS-001_00096.jpg,0.8039146861165888,0.6526146742889363,0.7897965381067841,0.8629272588967228,0.7280926785494738,0.8321078545434238,0.015777171792797588,0.9586903211795152,0.9155404992381904
RipVIS-001_00097.jpg,0.8296626385274444,0.6986150842237787,0.8225702111235247,0.843249879413741,0.8028805510535628,0.8348544799848935,0.02422739411975822,0.9639898003461762,0.9102523259861662
RipVIS-001_00098.jpg,0.814756337423747,0.6734758455745599,0.8048826606676635,0.8576897674895315,0.7582009796570363,0.8357566859444094,0.02692453545185352,0.9596918402767365,0.9141650994922539
RipVIS-001_00099.jpg,0.8011017141232989,0.6496280339378723,0.7876054729588068,0.8345695334464823,0.7456454712826776,0.8151274666012992,0.012408759121823218,0.9564084201378511,0.9020213192223344
RipVIS-001_00100.jpg,0.8265762771129508,0.6947160890099998,0.8198613248733966,0.8534196369156459,0.7888423325627882,0.8396719589885473,0.02648004538935501,0.9620279947906228,0.913841678708404
RipVIS-001_00101.jpg,0.8603408042062655,0.7529223744223478,0.8590481648344106,0.868399709277869,0.8498958827201422,0.8646347653546214,0.010081426907700381,0.9706434461795024,0.9253927378153621
RipVIS-001_00102.jpg,0.8934078664440115,0.8109600599961471,0.8956134129185294,0.9050927621364583,0.8863305666473376,0.9012770444589858,0.02250996015487849,0.9781217447906053,0.9458317582862177
RipVIS-001_00103.jpg,0.8975085505975455,0.8187155996947624,0.9003228430351271,0.9477311889617746,0.8574315546277493,0.928181077606772,0.026798307469917727,0.9785926649294937,0.9649148630759444
RipVIS-001_00104.jpg,0.8808485185031325,0.7906350961762679,0.8830778508302383,0.9523864470685788,0.8231726113766554,0.9233972181426892,0.02956048229685716,0.9739127604156099,0.9643913912028623
RipVIS-001_00105.jpg,0.8571079313849097,0.7482547144735137,0.8560019409973109,0.9079542773712931,0.8096731626077218,0.8864345386403132,0.04903275233690236,0.9690885416656151,0.9419627774671064
RipVIS-001_00106.jpg,0.8478686895788683,0.7319107576696982,0.845206087471263,0.8967338940935476,0.7992782430738423,0.8753867875078203,0.02722323048507745,0.9670779079850618,0.9358239401252826
RipVIS-001_00107.jpg,0.8528614294427033,0.7413247840905896,0.8514491849695321,0.9579436629098367,0.7662637402043406,0.9123014481348741,0.029837570616200994,0.9676942274295055,0.9633405441358167
RipVIS-001_00108.jpg,0.8622044133540165,0.7567353834472517,0.8615246104536308,0.9385121203573307,0.7962103232685375,0.9061229584578865,0.024358974354513008,0.9706271701378357,0.9563015898550145
RipVIS-001_00109.jpg,0.8642230151506791,0.7603137945529838,0.8638389324740351,0.9803830689433696,0.7720594944723784,0.9301850035839772,0.017384871459703185,0.9710579427072796,0.975238769167266
RipVIS-001_00110.jpg,0.9088036606343313,0.83759070834383,0.9116183539028965,0.9348069177304035,0.8895523621507945,0.9253913563078061,0.03419304415119323,0.9818836805544902,0.9609591298861634
RipVIS-001_00111.jpg,0.8722561784522025,0.7746587297965837,0.8730227584493129,0.9651484397545876,0.7969518371784055,0.9260594879872618,0.024986220829508316,0.9726844618045001,0.9693225677023776
RipVIS-001_00112.jpg,0.8999508300291079,0.8224684140974687,0.9025872906607002,0.9741582444472148,0.840813139775598,0.94420967860653,0.030955585458381927,0.9795692274294926,0.9771548984637717
RipVIS-001_00113.jpg,0.870674270777692,0.7711638393154696,0.8707989878717417,0.9692222631661305,0.7905224490488579,0.9272985750652958,0.043537414957524306,0.972906901040611,0.9712561798824018
RipVIS-001_00114.jpg,0.8670775991030114,0.7650552084777255,0.8668909672661723,0.9748912339052245,0.780433131395724,0.9286152001304959,0.02977393860875318,0.9719249131933898,0.9732545961372562
RipVIS-001_00115.jpg,0.8438953734762233,0.7259780679505288,0.8412367241868536,0.976890950194092,0.738663526121097,0.9176973732696918,0.023868899176368204,0.9653211805545081,0.9705055188848852
RipVIS-001_00116.jpg,0.8342323761177355,0.7090929273376219,0.8297886159323441,0.9826645682592072,0.7180755395621362,0.9152185221431657,0.026502087488382266,0.9630327690961773,0.9718576989286153
RipVIS-001_00117.jpg,0.8183303036013592,0.6790437390815325,0.808845801066483,0.9278757921926265,0.7168825030653476,0.8762935437205067,0.0203317281932706,0.9611046006934015,0.946107075464829
RipVIS-001_00118.jpg,0.8174913518872478,0.6758784824240434,0.8065960503847885,0.9277926536977722,0.7134047227269168,0.8751912520756742,0.019028633559436636,0.9623177083322891,0.9466524744014436
RipVIS-001_00119.jpg,0.880221613022335,0.7842138492569829,0.8790581348570525,0.9730074219502503,0.8016539774131263,0.9331167045257764,0.01291585126948809,0.9781195746517164,0.9757909824901039
RipVIS-001_00120.jpg,0.8640505575976853,0.7542801813217478,0.8599312576779401,0.9668829336958128,0.7742839071024863,0.9210611174409356,0.015171629050792407,0.9757682291656079,0.9716958455942468
RipVIS-001_00121.jpg,0.8673588904637102,0.758680657547223,0.8627838764148702,0.989835809210783,0.764637612496866,0.9347745514773161,0.029082334441131393,0.9777159288183835,0.9833142888821963
RipVIS-001_00122.jpg,0.8721582396130219,0.7657941723870659,0.867365159951612,0.9522714746720373,0.7963601885644032,0.9163893586456459,0.035728155332868314,0.9799316406239367,0.9671250800072951
RipVIS-001_00123.jpg,0.8229807455227761,0.6770635815870549,0.8074393708392732,0.9611564475022376,0.6961108506194493,0.8931432334707473,0.008367303152034477,0.970801866318391,0.9663072106702908
RipVIS-001_00124.jpg,0.7915263034297559,0.6216350777864597,0.7666769007426686,0.9158150932549416,0.6593099309851869,0.849699789342135,0.005650857718334842,0.963717447915621,0.9414337933293154
RipVIS-001_00125.jpg,0.7521618389303983,0.5512350422598393,0.7107047317043587,0.9576411801545278,0.5650114212991594,0.8407875392245839,0.002412545234738129,0.9556445312489631,0.9565826312034482
RipVIS-001_00126.jpg,0.7489453595555098,0.542380448824552,0.7033030653855864,0.914642361780966,0.5712977401478764,0.8165005200189612,0.02195980940087843,0.9577387152767386,0.9374389589483159
RipVIS-001_00127.jpg,0.7549455329857401,0.5524358743250743,0.7117020206264524,0.9524223782399713,0.5681138649266338,0.8389222561976837,0.026513477678631575,0.9595779079850699,0.9561979293901957
RipVIS-001_00128.jpg,0.7487779046720808,0.5419319092688507,0.7029258633422051,0.9611733712268719,0.5540610574712362,0.838021313752584,0.019669551530356107,0.9578374565961829,0.9594141142784895
RipVIS-001_00129.jpg,0.7592874069634995,0.5598308822565299,0.7178097172260756,0.9554377209200366,0.574840485417555,0.8437144221234713,0.036597235733580445,0.9608007812489574,0.958266879371673
RipVIS-001_00130.jpg,0.7294223294445126,0.5077841977288511,0.673550231516841,0.9798685927708367,0.5131374684247418,0.8290532699434732,0.03930131003549567,0.9534125434017433,0.9659582900772314
RipVIS-001_00131.jpg,0.7251923151294881,0.4984457679745338,0.6652836941149878,0.9139798981657317,0.5229796345102453,0.7950915229602264,0.021084337345163785,0.9541297743045203,0.9351086607815
RipVIS-001_00132.jpg,0.6989322969416562,0.4531882676187181,0.6237158360235591,0.9485620377755942,0.4646060438748838,0.7850192738124845,0.03711188682029912,0.9471017795128612,0.9477965279002902
RipVIS-001_00133.jpg,0.7113027065173954,0.47015310943897487,0.6395974765082665,0.8908122821047034,0.4989034794402543,0.7698609219594734,0.02271859487920607,0.9543771701378533,0.9241078386412623
RipVIS-001_00134.jpg,0.7075329412765973,0.4687984539620593,0.6383427933185568,0.7483588621309976,0.5565277703601809,0.7000953058512424,0.013988588254373534,0.9487000868045261,0.8549797119463012
RipVIS-001_00135.jpg,0.6783676329843847,0.4161750819261659,0.5877452403132507,0.6911553079094654,0.5112521323710508,0.6457117445696576,0.0066250236595447615,0.9429763454850879,0.8249337280977682
RipVIS-001_00136.jpg,0.6582803226834903,0.38312109914565495,0.5539950180534536,0.6379361453445058,0.48957552723892556,0.6014816324920098,0.012464387462168021,0.9360818142350954,0.7969009879937534
RipVIS-001_00137.jpg,0.71577103319787,0.48994746059054345,0.657670788467067,0.9429870179717441,0.5049038312741205,0.803546516017424,0.02101519559957724,0.9446972656239749,0.9438931907080734
RipVIS-001_00138.jpg,0.7475280401530495,0.5446212657154438,0.7051842128603402,0.9814458885805354,0.5502870190504867,0.8484854467323423,0.034731774409434014,0.9532085503461879,0.9664735043834316
RipVIS-001_00139.jpg,0.7292396924504938,0.5087842507690814,0.6744294295353837,0.9687970961990024,0.5172605285765758,0.8247976001156571,0.02594875121213935,0.9521864149295224,0.9600443252328035
RipVIS-001_00140.jpg,0.8331841192053784,0.6866793712836918,0.81423818062241,0.9113606831048969,0.7358225452772575,0.8698579471210706,0.02169668040319013,0.9805544704850472,0.9476547662557031
RipVIS-001_00141.jpg,0.7901128531185222,0.6079826089639235,0.7562054534354284,0.8687191667990882,0.6694946579010175,0.8199216207011024,0.0413630518556873,0.9733886718739438,0.9236642896244371
RipVIS-001_00142.jpg,0.7892736886951504,0.6078154210841912,0.7560761180836612,0.9766044739431327,0.6167964833713766,0.87456862050414,0.013171225934514441,0.9720019531239453,0.9741962109811797
RipVIS-001_00143.jpg,0.7956199460441347,0.6203419487726273,0.7656926357334911,0.9942248734226721,0.6225853498731646,0.8881877860909886,0.026740151045776657,0.972218967012834,0.9826955311835834
RipVIS-001_00144.jpg,0.7570066530454664,0.5533366939321244,0.7124491375162265,0.9708143410896248,0.5626971608758847,0.8478302200674938,0.02892768079319573,0.962503255207289,0.9664499703979399
RipVIS-001_00145.jpg,0.7421552115960395,0.526216459102244,0.6895698915627955,0.9848382911003691,0.5305142442882964,0.8408245155519815,0.012980529204030531,0.9599576822906251,0.9718096330823394
RipVIS-001_00146.jpg,0.7442843063059276,0.52969358607466,0.692548613521881,0.9936189385763506,0.5315016024319094,0.8464318613741421,0.022263140270796258,0.9606955295128464,0.9763896364802997
RipVIS-001_00147.jpg,0.8198627423435871,0.6661764917799666,0.7996469702537865,0.962145504498352,0.6841068916917004,0.8898166370754365,0.018390386012674727,0.9748752170128311,0.9688602779762606
RipVIS-001_00148.jpg,0.8398335105468537,0.7022415170457463,0.825078591978525,0.9635957473014604,0.7213800151640413,0.9029589514775375,0.014901000201081649,0.9785666232628271,0.9714956019170883
RipVIS-001_00149.jpg,0.846084162228417,0.7143971391044371,0.8334091591842276,0.9773500573601773,0.7264238469947861,0.9141927367778774,0.021244309555333987,0.9789420572906045,0.9781914009612789
RipVIS-001_00150.jpg,0.8292256628338357,0.6852620793695365,0.8132409644272016,0.9857461456223069,0.6921202053254706,0.9086488786239592,0.018071023320430545,0.9746679687489425,0.9798787679837764
RipVIS-001_00151.jpg,0.7782700564791345,0.5964030618110747,0.7471835604405218,0.9388883801677705,0.6204901664070138,0.8515006062216612,0.017894567142045046,0.9623546006934002,0.9513604641102846
RipVIS-001_00152.jpg,0.7744643011591319,0.5896631917459457,0.7418718566394076,0.9700038066050627,0.6006151815421893,0.8637585462335559,0.008615188256443014,0.9615180121517345,0.9655044002527069
RipVIS-001_00153.jpg,0.7773174745581817,0.59434670419195,0.7455677019675315,0.9419309267827441,0.616952371668733,0.8521565409245009,0.03846153845387375,0.9624717881934001,0.9528380564477583
RipVIS-001_00154.jpg,0.7907032730684075,0.6169681692292289,0.7631172721517744,0.9819461925546344,0.6240469941179347,0.8809041573453963,0.026877470350419472,0.9663650173600625,0.9737006696845758
RipVIS-001_00155.jpg,0.7649942949565918,0.5787462614848135,0.7331719803288739,0.8947498646733975,0.6210246117120759,0.822264919974874,0.014126840995772941,0.9543033854156312,0.9267736031804856
RipVIS-001_00156.jpg,0.764291701391999,0.5747534055978812,0.7299598826772076,0.8501696192855546,0.6395330978268784,0.7976282744576829,0.0037901758635854794,0.9565418836795176,0.9073030144332932
RipVIS-001_00157.jpg,0.7448609427713986,0.5321372561253104,0.6946339226435311,0.8546385105010349,0.5850933219215476,0.782537462684915,0.011051693402664582,0.959536675346181,0.9100727152234491
RipVIS-001_00158.jpg,0.5995923134248783,0.28242999140014846,0.4404606774546707,0.7567945332930374,0.310622881847816,0.5879041111866261,0.011655436166152715,0.9193956163184468,0.8416523636712475
RipVIS-001_00159.jpg,0.6352211588989043,0.37013976574817387,0.5402949027554961,0.4983244589858989,0.589985309930367,0.5143050740814684,0.016688396347237497,0.9058203124990171,0.7275282860444348
RipVIS-001_00160.jpg,0.659958297189496,0.4070177086726556,0.5785537824632294,0.5103012337873568,0.6678827897091855,0.5355741119606401,0.03216019417085434,0.917812499999004,0.739381188588998
RipVIS-001_00161.jpg,0.6367438236512514,0.3427064651086482,0.510471162557361,0.8028510691308528,0.3741971581394562,0.6531992560910597,0.013771016811245634,0.933192274304543,0.870977436472189
RipVIS-001_00162.jpg,0.6464614607451518,0.35517321552714287,0.5241739011038313,0.7814010588306248,0.3943567436346294,0.6531861854285946,0.018151197601393863,0.9398133680545357,0.8641164235610715
RipVIS-001_00163.jpg,0.6922180639787382,0.43020070441619335,0.6015948713880698,0.7827082008701155,0.48854816436537074,0.6985833147982551,0.02764891445024143,0.9557638888878518,0.8730927873518561
RipVIS-001_00164.jpg,0.6915574925232153,0.4389944400809656,0.6101405646240933,0.9279465487183247,0.4544865984667465,0.7679455814786085,0.01723280861354883,0.9464615885406397,0.937641784981448
RipVIS-001_00165.jpg,0.7989628753094753,0.6248638236635006,0.7691276211130738,0.9072923591639969,0.6674818275231902,0.8464690709522322,0.022789248145152072,0.9742187499989429,0.9424181205959763
RipVIS-001_00166.jpg,0.7989307925790583,0.6235450173997091,0.7681277829898268,0.7973454329404346,0.7409757250799777,0.7853956425850431,0.03830911491891036,0.9753645833322749,0.8911558713260415
RipVIS-001_00167.jpg,0.8288661523084468,0.6836781737564974,0.8121245311758429,0.8314135236012332,0.7937102633840387,0.8235890082666882,0.03616352200445563,0.9754318576378305,0.9083354796061054
RipVIS-001_00168.jpg,0.7014596730861202,0.4670943058590971,0.6367611188915047,0.8387278692863708,0.5131854113460079,0.7442978465271459,0.01953060889224838,0.9392426215267586,0.8923926317335347
RipVIS-001_00169.jpg,0.6967342955525401,0.45712725818742994,0.6274362868704632,0.8910680349507588,0.4841850907125829,0.7628555344772044,0.02356624917212158,0.9395800781239805,0.9167928496689037
RipVIS-001_00170.jpg,0.6666674193035689,0.39974807729316486,0.5711714611763544,0.7867421799260976,0.4483277438272577,0.683548604009358,0.022123893801544604,0.9363997395823173,0.8658287267998801
RipVIS-001_00171.jpg,0.7145242424527803,0.48220822148232795,0.6506619171226573,0.8661340452489215,0.5210403307901835,0.7648230314247211,0.024907910888456775,0.9493478732628587,0.9101374649425515
RipVIS-001_00172.jpg,0.736416863249822,0.5173971928032826,0.6819535389378549,0.9696571138269034,0.5259120205177911,0.8296513028267728,0.05136913605362574,0.9574685329850722,0.9632620995231986
RipVIS-001_00173.jpg,0.6830114001867513,0.41501313883714525,0.5865855622771138,0.7852214499318853,0.46815686392419725,0.6915494908605105,0.04615384614370245,0.9526551649295218,0.8726793732427303
RipVIS-001_00174.jpg,0.6785141498787267,0.4062339279375493,0.5777615229826685,0.8315556170984469,0.44265994159156036,0.707280404927752,0.031549173187217325,0.9523969184017443,0.8944391373949345
RipVIS-001_00175.jpg,0.6573246895673381,0.3673398141633904,0.5373058114133069,0.8120269507936236,0.40147924217599057,0.6741512121316662,0.026852622808731758,0.948873697915637,0.8830465947812566
RipVIS-001_00176.jpg,0.6324967468226299,0.32791819962339436,0.49388313183205707,0.8069845375740201,0.35582631237387136,0.6437422029621709,0.018830305711380082,0.9389496527767589,0.8754959822461924
RipVIS-001_00177.jpg,0.659348349936938,0.3805792624451169,0.5513327235860119,0.9838535746266838,0.3829712405651714,0.7488608583382508,0.028624766639986563,0.940384114582313,0.9612783739999013
RipVIS-001_00178.jpg,0.6970871230842017,0.4460550613683747,0.6169268007627333,0.9816457713296418,0.4498064798757357,0.7939068716327109,0.027462316740148186,0.9501996527767468,0.9652530583433436
RipVIS-001_00179.jpg,0.7189457658443534,0.4844586546237295,0.6527075080397261,0.9812326992665457,0.48898957172611895,0.8167881483485819,0.010230179025952647,0.9553851996517411,0.9677321128807996
RipVIS-001_00180.jpg,0.665445035510002,0.40169429663252115,0.5731553557684659,0.9931136018001255,0.4028163045114539,0.7680187459599225,0.0057161522120339455,0.9324088541656549,0.961307883347504
RipVIS-001_00181.jpg,0.6678030275434862,0.397552777834433,0.5689270332251177,0.8157865079717856,0.4367616358296014,0.6951374564506774,0.003327787021015384,0.9404861111100906,0.8812897176386814
RipVIS-001_00182.jpg,0.6092857163439227,0.3095656346643111,0.4727760510356762,0.833221855736485,0.3300142507369276,0.6385031955206153,0.003639149587504472,0.9125726996517876,0.8748559693881199
RipVIS-001_00183.jpg,0.6740339314179515,0.3978357561239174,0.5692167400654895,0.8138592986902502,0.4376585016493473,0.6944694308465814,0.012187930015296259,0.9518164062489672,0.8856457495848866
RipVIS-001_00184.jpg,0.6703060614813714,0.38467646508711656,0.555619272496142,0.8461880950460241,0.41359626361528706,0.6998000328557914,0.01228978007496986,0.9571169704850726,0.9034672425623773
RipVIS-001_00185.jpg,0.6998239020407128,0.4327299086196377,0.6040634819113269,0.9151605615251266,0.4508147853646499,0.7588377756369086,0.007396449701953713,0.9677322048600611,0.9421729267123448
RipVIS-001_00186.jpg,0.6680434214747897,0.3802856517739118,0.551024566958553,0.9517403206510856,0.3877629063035729,0.737275811924382,0.027819175353249088,0.9569683159711838,0.954428913938169
RipVIS-001_00187.jpg,0.6961245216947214,0.43727367149822766,0.6084765624940579,0.9703784456947397,0.4431894160261301,0.7838864705734343,0.041890166017397146,0.9564973958322954,0.9631874128310369
RipVIS-001_00188.jpg,0.7369755852543431,0.5125698323949298,0.6777469990702533,0.9814173056189751,0.5175932188680243,0.8322573180608585,0.009956599435803778,0.9628884548600664,0.9717692289073356
RipVIS-001_00189.jpg,0.7802804906611971,0.590825575689141,0.742791145324901,0.975503703491784,0.5997233576208799,0.8668694484007351,0.002419354838059313,0.971002604165613,0.973152223382552
RipVIS-001_00190.jpg,0.7652645658018848,0.5658928770403817,0.7227734225472031,0.9746574191611352,0.5743438171657662,0.8554139215124607,0.005811015663008839,0.9661946614572849,0.9702256640003086
RipVIS-001_00191.jpg,0.7662962999126561,0.5655879372941537,0.7225246488187358,0.9365208595234372,0.5881350417459967,0.8373221572736297,0.0064372369382428235,0.968363715276727,0.9531747438825688
RipVIS-001_00192.jpg,0.7587066740455187,0.5514674131456474,0.7108978357818427,0.9367191056468026,0.5728072753054919,0.8311154396815209,0.013122721746507235,0.9673144531239504,0.9527024901673926
RipVIS-001_00193.jpg,0.7542091704306542,0.5445797217075647,0.705149386663604,0.9371228104377332,0.5652328317046917,0.8281482380793396,0.007589285712591677,0.9653374565961748,0.9518829694560097
RipVIS-001_00194.jpg,0.7645329363218932,0.564261033225212,0.7214410143066875,0.9645138054990513,0.5762235354785671,0.8499636080502379,0.010379806555701861,0.9663389756933959,0.9654695852877571
RipVIS-001_00195.jpg,0.7121762517127688,0.4759972798783325,0.6449839527042615,0.978092508799041,0.48112679993847424,0.8106293772180522,0.005539597865092409,0.9506694878461907,0.9637226446161458
RipVIS-001_00196.jpg,0.7083153305231213,0.47127347998864516,0.6406334191414668,0.9934777058005831,0.47273610849810876,0.8141193656252259,0.008098805424559869,0.9478949652767492,0.9695686330861356
RipVIS-001_00197.jpg,0.7549875021050516,0.551988511895147,0.7113306672883923,0.9882993789957882,0.5556195259318232,0.8551175461418095,0.01197852126972769,0.9600542534711805,0.9734366639921823
RipVIS-001_00198.jpg,0.755936100900849,0.5552545791346508,0.714036899918464,0.9818766199900077,0.5610042178029359,0.8537741972708652,0.013755731551947533,0.9588465711795151,0.9697257724246833
RipVIS-001_00199.jpg,0.7354297840422215,0.5207662818357287,0.6848735246906023,0.9665640481769951,0.5303198093836446,0.8300098391767305,0.004440154439297267,0.9526605902767441,0.9592215393712995
RipVIS-001_00200.jpg,0.7164649539272606,0.4900210620975194,0.6577370945451082,0.9771249158805047,0.4957076662064488,0.8182019939907129,0.01119170984224006,0.9458778211795292,0.9606231168582158
RipVIS-007_00000.jpg,0.8828163594707079,0.7889522345270541,0.8820271657343938,0.8353454512475658,0.9342351453737772,0.8534123559899851,0.066705934315019,0.9785503472211604,0.914550786347966
RipVIS-007_00001.jpg,0.8690194421282327,0.7657548632218257,0.8673399452793992,0.7846923297586942,0.9694468009550953,0.8157863893535635,0.04478600767923863,0.9745865885406092,0.8908820156022612
RipVIS-007_00002.jpg,0.8657013666031588,0.7600186578198129,0.8636484101381862,0.7806422018269048,0.9664071274312381,0.811853456957911,0.03760683760189259,0.9737619357628323,0.8887048289031325
RipVIS-007_00003.jpg,0.8661455811538111,0.7608400344981227,0.8641784825331716,0.7788728963156086,0.9704684575179534,0.8108910681827789,0.044770153225213834,0.9738281249989433,0.888017998962586
RipVIS-007_00005.jpg,0.863951386030062,0.7572263403463425,0.8618426926119217,0.7771527477204356,0.9672482246287434,0.8089496894214755,0.03443309766503887,0.9731336805544997,0.8869861803972223
RipVIS-007_00007.jpg,0.8614252402077222,0.7531920228287187,0.8592236480901477,0.775092789226772,0.9638418915631429,0.8066875027112335,0.038836195842240934,0.9722298177072783,0.8857616244887345
RipVIS-007_00008.jpg,0.8617439313008753,0.7536537679711798,0.8595240197762521,0.7732165554419566,0.967519880703684,0.8055725683639012,0.050719763211257936,0.9723828124989449,0.8850161150103567
RipVIS-007_00009.jpg,0.8568940361159418,0.745341317816395,0.8540923316350467,0.7751193792203033,0.9509831443415682,0.8048887318676642,0.037703848657833806,0.9711143663183908,0.8851141301025549
RipVIS-007_00010.jpg,0.8591365060633376,0.7492121142170222,0.8566280877289516,0.7772395163544029,0.9540793852663215,0.8071611941534512,0.03705636742731519,0.9716786024295012,0.8863349017883123
RipVIS-007_00011.jpg,0.8530970390241148,0.7387588645670023,0.8497542466890291,0.7669752477126153,0.9525636468265134,0.7980730325193734,0.032387614971837335,0.9701812065961695,0.8811286617502633
RipVIS-007_00012.jpg,0.851549877178075,0.7362058217879427,0.8480628420307896,0.7674766649524687,0.9475578031053518,0.7978006951637401,0.025157232701173503,0.9696940104156144,0.8811079601505104
RipVIS-007_00013.jpg,0.8493258312043497,0.732311142936404,0.8454729924499346,0.7586573852523392,0.954725280114081,0.7911525147627775,0.02713528879349589,0.9691786024295039,0.8770794729857545
RipVIS-007_00014.jpg,0.8465267208268066,0.7274705893321626,0.8422378867977156,0.7599149378128837,0.9445642243626949,0.7908343820816004,0.02242795670590325,0.968478732637838,0.8771809689186469
RipVIS-007_00015.jpg,0.8451792932398479,0.7247351765105386,0.8404016876107475,0.7558748542329005,0.9462134144715826,0.7875596667311898,0.020208521042578385,0.9684765624989491,0.8752875196310133
RipVIS-007_00016.jpg,0.8449631320141895,0.7239544382373204,0.8398765329059821,0.7476828930095885,0.9580039838999455,0.7820199722848816,0.0226244343861293,0.9687597656239488,0.8718246590333729
RipVIS-007_00017.jpg,0.8415415452090508,0.7183437877803965,0.836088555606546,0.7499038470947043,0.9446556350508765,0.7821538778029212,0.03143830232755589,0.9676486545128389,0.8722361192114565
RipVIS-007_00019.jpg,0.8381139296617922,0.7120300966102163,0.8317962377180411,0.7435269141411527,0.9438469675480576,0.7764868964145407,0.023530975801179077,0.9671093749989507,0.8690471980147584
RipVIS-007_00021.jpg,0.8325313274194122,0.7025667447240977,0.8253030277975377,0.7431161753703928,0.9279298228134227,0.7739451502918329,0.021217345176870794,0.9655479600683967,0.8680091797734207
RipVIS-007_00023.jpg,0.8345420759710102,0.7066476926139215,0.8281119714070707,0.7494095626280156,0.9252846443195122,0.7790244468938652,0.030503978775795228,0.965553385415619,0.8709375021613726
RipVIS-007_00024.jpg,0.8335812489827253,0.7049209122527764,0.8269250581498678,0.7493023072918783,0.9224887791901368,0.7785344537128738,0.03186566177021477,0.9653656684017303,0.8707436648304979
RipVIS-007_00025.jpg,0.8227902594404932,0.6869735676054479,0.8144449691414707,0.7476085643520466,0.8944050157804613,0.7729820864916476,0.028767655821074555,0.9620540364572895,0.8682721443683465
RipVIS-007_00026.jpg,0.8254566654582958,0.6916070675374725,0.817692336251902,0.7499902689584875,0.8988302797660697,0.775679695976071,0.02874689663808351,0.9627094184017332,0.8696979809582766
RipVIS-007_00027.jpg,0.8253610407554033,0.6912599830473665,0.8174497001955099,0.7469052233718028,0.9027097655040175,0.7736096875983569,0.025624264606402894,0.9628352864572886,0.8684063743527874
RipVIS-007_00029.jpg,0.8291952267042215,0.6979663774340387,0.8221203749497127,0.7530938843901163,0.9050772368099075,0.7792652062823168,0.030190677962103986,0.9637402343739543,0.8716028539175409
RipVIS-007_00031.jpg,0.8252151372256673,0.6915221065679965,0.8176329518637578,0.7522087070886463,0.8955220441586637,0.7770804551279873,0.02735562309668883,0.9623741319434002,0.8705627096387939
RipVIS-007_00032.jpg,0.8311315601234532,0.7014646560296228,0.8245421420230902,0.7519153381756702,0.9126988786366149,0.7793746954392593,0.028150134044483896,0.9641048177072872,0.8714142922124374
RipVIS-007_00033.jpg,0.8265434186406784,0.6937838295685529,0.8192117759741231,0.7518215024181839,0.8998727735264878,0.7774018592976875,0.023755806234405333,0.9627387152767332,0.8706199237687906
RipVIS-007_00035.jpg,0.8207842644708939,0.6838638858336827,0.8122555410648302,0.7508942457158739,0.8845378766959269,0.7742915791330565,0.024741995233561524,0.961249999998957,0.8692887292673397
RipVIS-007_00036.jpg,0.8117167286221811,0.6695168329915727,0.8020486164154204,0.7589476019099892,0.8503398420101971,0.7756199104655908,0.0197444831565693,0.9578515624989606,0.8710071302938222
RipVIS-007_00037.jpg,0.8124329096709515,0.6703971026127036,0.802679915529213,0.7522896903669063,0.8603052930586543,0.7716670157150817,0.021901639341389948,0.9583279079850713,0.868389560963057
RipVIS-007_00038.jpg,0.8114783078906782,0.668842892463623,0.8015648393076069,0.7528001155607185,0.8570849003754665,0.7715762396331195,0.026482213435246083,0.9580056423600716,0.8684307756510287
RipVIS-007_00039.jpg,0.8071211267779994,0.6619129351922366,0.7965675230943092,0.7376558837249165,0.8657056396053293,0.760143002077395,0.016251773504933346,0.9563986545128511,0.8613403659369505
RipVIS-007_00040.jpg,0.801508690965631,0.6524295651249193,0.7896609681824439,0.732800614524555,0.8560875512902207,0.7545329853173524,0.016792718880041954,0.9547819010406307,0.8583313573173894
RipVIS-007_00041.jpg,0.7978480167896422,0.6466674889959568,0.7854257077611431,0.7305444850038503,0.849222462193853,0.7515501594122009,0.017813661409994404,0.9533778211795211,0.856695622360454
RipVIS-007_00043.jpg,0.8070411522636896,0.6631162482677355,0.7974382415641991,0.747059961130273,0.8551024065180189,0.7664276333815179,0.020215109495890227,0.955282118054519,0.8650762412024307
RipVIS-007_00045.jpg,0.8026667426009431,0.6562600449963335,0.7924601538012543,0.7489934240023756,0.841282759180389,0.7657950803069744,0.017034456056648023,0.9535861545128542,0.865016263003763
RipVIS-007_00047.jpg,0.7986816572544153,0.6492466513318332,0.7873251109014414,0.7408372400185244,0.8400378657757801,0.7587576790013023,0.01647785787635455,0.9526627604156329,0.860957003639453
RipVIS-007_00048.jpg,0.7950607278956727,0.6434928404506819,0.7830795785812148,0.7394984841222605,0.8321191134225371,0.7563355630231381,0.020849420846737524,0.9513183593739677,0.8596900369458356
RipVIS-007_00049.jpg,0.795412682800529,0.6432766015828619,0.7829194439490409,0.7293700657526664,0.8449549071528387,0.7498860627427052,0.0088837388941826,0.9520811631934114,0.8556914655566034
RipVIS-007_00050.jpg,0.7940111016676608,0.640864449586087,0.7811302752616122,0.7272277726327852,0.8436630192197635,0.7478707334621629,0.008996272971469441,0.9517111545128563,0.8545567604453723
RipVIS-007_00051.jpg,0.7967857620080507,0.6457831130981418,0.7847730456809375,0.7327271562973251,0.8447779453395968,0.7526945376295586,0.011233053581506384,0.9523263888878556,0.8573039054485859
RipVIS-007_00052.jpg,0.789839963274279,0.6339827965542391,0.7759969050973963,0.7237715924699348,0.8363452119486116,0.7437948255792122,0.012827157292973936,0.9503656684017465,0.8523405146350116
RipVIS-007_00053.jpg,0.7913495480408383,0.6368216714315806,0.778119794656201,0.7275534182129484,0.8362401071894369,0.7469702636992707,0.013818933228229505,0.9505685763878574,0.8541420180589945
RipVIS-007_00054.jpg,0.7918276676565426,0.6370500637240682,0.778290264715381,0.7223020003409619,0.8436875674315052,0.7437020294768564,0.015424497729692222,0.9511805555545234,0.8521447473152187
RipVIS-007_00055.jpg,0.7972750040099215,0.6460828516167881,0.7849943287875253,0.7246755859505202,0.8562660730787256,0.7476554391923766,0.020947892115613,0.9528982204850771,0.8541494172425823
RipVIS-007_00056.jpg,0.7870408231496258,0.6289779559067817,0.7722363014503248,0.7157909140602464,0.8383460654859946,0.737349057933562,0.015221878223010594,0.9497775607628584,0.8485787250903085
RipVIS-007_00057.jpg,0.797693384929944,0.6474950334935416,0.7860357941359218,0.734105996491701,0.8458717716934682,0.7540321825300189,0.017918313568126704,0.9524435763878554,0.8580196507892888
RipVIS-007_00058.jpg,0.7969582328966447,0.6469772820835289,0.785654166723007,0.7457452247841045,0.830076120198481,0.761212168658305,0.024412896374630105,0.9516417100684118,0.8625780094232541
RipVIS-007_00059.jpg,0.7997763114664618,0.6517325532353575,0.7891502192152912,0.7537556311413648,0.8280326825686726,0.767525505857594,0.021262458468935222,0.952462022568411,0.8664039157386271
RipVIS-007_00060.jpg,0.795550845908639,0.6443554538469016,0.783717963581972,0.7420801229777816,0.830306132887987,0.7581928129873335,0.02095966253348805,0.9514322916656343,0.8608383916988704
RipVIS-007_00061.jpg,0.7945989952868355,0.6425309434001281,0.782366927066901,0.7399972463101566,0.8298831643334204,0.7563822301449548,0.019780807268139425,0.9513324652767455,0.8598307167243175
RipVIS-007_00062.jpg,0.7992789797313831,0.6509183017123297,0.788553014449229,0.7525359624654372,0.828190984210986,0.7665406179752167,0.01572913889419766,0.9522970920128556,0.8658049010282935
RipVIS-007_00063.jpg,0.8000718105950343,0.652215416429463,0.7895040924372195,0.7530792758466004,0.829631578406411,0.7672382977210244,0.012548391401341823,0.9525607638878553,0.8661813011134125
RipVIS-007_00064.jpg,0.7969427874666573,0.6467039177241296,0.7854525768274405,0.7475204710576179,0.82744011731274,0.7622450051787028,0.014772424805060896,0.951838107637856,0.8633384176147845
RipVIS-007_00065.jpg,0.7992160219647184,0.6504474675444033,0.7882074168796939,0.7481716572305951,0.8327701664840699,0.7636877866294072,0.015935178931001326,0.952574869790633,0.8640402507725381
RipVIS-007_00066.jpg,0.7925311245000795,0.6391296066990515,0.7798402323854764,0.7363205002721152,0.8288275308391514,0.753132206318837,0.014827678330907337,0.9506575520823018,0.8579210418411602
RipVIS-012_00000.jpg,0.8287252585217111,0.6749183895397397,0.8059119701052472,0.9303660541457188,0.7108255829172913,0.8762402060399257,0.06740442654240332,0.9831434461794888,0.9577861887541899
RipVIS-012_00001.jpg,0.8347071410137847,0.6865828092102071,0.814170292096977,0.9557666447038492,0.7091152245752501,0.8936023369286081,0.09633615165351367,0.9834537760405996,0.9701559127450878
RipVIS-012_00002.jpg,0.8233842743722164,0.6655366778194786,0.7991858560458717,0.929097476941864,0.701147482075587,0.872373991007809,0.0536862939006219,0.9819075520822679,0.9565669258505112
RipVIS-012_00003.jpg,0.8260494104844678,0.6708840771239192,0.8030288711335465,0.9419149230721375,0.6998373380958297,0.8809685496119892,0.0636163444914078,0.9819075520822679,0.9627260933486391
RipVIS-012_00004.jpg,0.8242577614639343,0.6673431220272305,0.800486850260125,0.9073497984443598,0.716143220088474,0.8613543565907399,0.07421289353467944,0.9818576388878235,0.9461604836391161
RipVIS-012_00005.jpg,0.8226106629988301,0.6640337654373624,0.7981013116796133,0.8993140617099648,0.7173658155133453,0.8558971648843571,0.05713591051370388,0.9818619791656013,0.9423016466250204
RipVIS-012_00006.jpg,0.8124005998883149,0.6452701384699576,0.7843941531328538,0.9132391100062596,0.6874103933200197,0.8569348964674068,0.05472177324989107,0.9802658420128252,0.9481237103086939
RipVIS-012_00007.jpg,0.8218821469146795,0.662688064179284,0.797128551598032,0.9058129969589851,0.7117311213893842,0.8589666918016589,0.055644241720491615,0.9817545572906013,0.9453482866908373
RipVIS-012_00008.jpg,0.8120117251392525,0.644185538760213,0.783592269332276,0.9088007168003583,0.6887068709271165,0.8542041710092747,0.05679513183304143,0.9805479600683805,0.9461205213549446
RipVIS-012_00009.jpg,0.8213298655087589,0.6614232361642156,0.7962128153344792,0.9011393174907046,0.7131726960209841,0.8560163075743008,0.044493882081313926,0.9818999565961568,0.943168801767797
RipVIS-012_00010.jpg,0.8291047107201941,0.6760035243596499,0.8066850869158291,0.9015905115625932,0.7298570859535007,0.8610690609176802,0.05474860333972098,0.982842881943378,0.9438964480863457
RipVIS-012_00011.jpg,0.8281190658061117,0.6738018168388055,0.8051154085988134,0.8595061136189162,0.7571988453507967,0.836891169131646,0.06893444467922179,0.9830512152767111,0.9239016506276514
RipVIS-012_00012.jpg,0.8345325611196899,0.685746970581185,0.8135823258751153,0.8539319914302389,0.7768737849910751,0.8373211929951628,0.06683337120553913,0.9839040798600435,0.9217056847242043
RipVIS-012_00013.jpg,0.8188798540197222,0.6570531410496799,0.7930381045395586,0.8491082966955515,0.7439143135177212,0.8257549479441587,0.06581740975248038,0.9813943142350462,0.918149758318788
RipVIS-012_00014.jpg,0.8380079610488158,0.6929230517279513,0.8186113964491074,0.8834054984380143,0.7626725516075692,0.8562947830440081,0.04536616978929225,0.9837141927072659,0.9357367957414501
RipVIS-012_00015.jpg,0.8351254808692115,0.6879254747265432,0.8151135639895386,0.874759542349024,0.7630823581196051,0.849883436125948,0.05016286643861827,0.9829882812489333,0.9312976391514419
RipVIS-012_00016.jpg,0.8386782573671009,0.6945496063799341,0.819745381032191,0.9114423152508624,0.7448124758185158,0.8724072340810965,0.052108108096841486,0.9834537760405996,0.9489983315932756
RipVIS-012_00017.jpg,0.8407385046357487,0.6982929493002247,0.8223468743575173,0.9200532977769472,0.7434003703384134,0.8783109971405603,0.07922726284366675,0.9838140190961547,0.9532868360892277
RipVIS-012_00018.jpg,0.8366154495250848,0.6903500550004004,0.8168131245456574,0.9284500712230502,0.729141110880213,0.8803232260243719,0.05264257362593637,0.9835101996517106,0.9571151687924557
RipVIS-012_00019.jpg,0.8418826722081291,0.6999791623108985,0.8235149910418534,0.9196736570957763,0.7455610795289072,0.8786356978447374,0.05935592505591329,0.9843771701378208,0.95336053390982
RipVIS-012_00020.jpg,0.8165222066560293,0.6514378083917934,0.7889341095153659,0.9560494443452351,0.6715488510640337,0.881371149684608,0.044728434494585016,0.9822178819433787,0.9696048670520285
RipVIS-012_00021.jpg,0.8128102727749642,0.6439623093020268,0.7834270964222196,0.9449784448045672,0.6690481573441318,0.8729718567467107,0.0850860420446735,0.9822471788183786,0.9642682594516647
RipVIS-012_00022.jpg,0.7945147441278749,0.6100166597124111,0.7577768292427176,0.9436569808342357,0.6330747120089673,0.8593397051144398,0.05883575882352687,0.9796799045128258,0.9622962645536811
RipVIS-012_00023.jpg,0.7855144383538857,0.592713282584352,0.7442812075034745,0.9155057638929857,0.6270127212741968,0.838358787705776,0.04643714971048095,0.9789789496517155,0.948339486197153
RipVIS-012_00024.jpg,0.7686493597624334,0.5612138123358867,0.7189454870325535,0.9103707647969657,0.5940363983713235,0.8227455934548518,0.03602222647326648,0.9767947048600513,0.944702001694129
RipVIS-012_00025.jpg,0.8010035081319842,0.6207738202716332,0.7660215293551507,0.928914440279712,0.6517344469071387,0.8560956453442709,0.03370122190900646,0.9817925347211569,0.9562299183669428
RipVIS-012_00026.jpg,0.8006647144465391,0.6202332531713841,0.7656098305072591,0.9278270807809659,0.6516739859127432,0.8553357381032067,0.026614481403793643,0.9816623263878237,0.9556425492389334
RipVIS-012_00027.jpg,0.8157095164481448,0.6483936766805342,0.7866976024638024,0.9425817973197229,0.6750567112149463,0.8733593096299627,0.049901380660768956,0.983540581596155,0.9637426013287101
RipVIS-012_00028.jpg,0.8073867299733,0.6329414424455586,0.7752163378224269,0.9581422410514703,0.6509405445473774,0.8755058513000457,0.05791575888563621,0.9823838975683785,0.9706599244230665
RipVIS-012_00029.jpg,0.8098948032559988,0.6374238067708471,0.7785691207554952,0.9412723752270211,0.6638240789377707,0.8686602720832549,0.03057419835373337,0.9828960503461557,0.9627709976636338
RipVIS-012_00030.jpg,0.7940351038173309,0.6073733975677931,0.7557340422416396,0.965076384088805,0.6210230309646745,0.8688103521149657,0.024854574294931327,0.9812565104156019,0.9734170379244835
RipVIS-012_00031.jpg,0.8186627268966817,0.6532470061178745,0.7902594151999315,0.9724265371581424,0.6655754779985226,0.8903323403154214,0.06769111066568934,0.9845421006933761,0.9786713307059676
RipVIS-012_00032.jpg,0.8005886281095913,0.6197179869168928,0.7652171451111883,0.9675675675329312,0.6328642674697871,0.8750137585869769,0.06352494388684188,0.9820030381933789,0.9750109214517377
RipVIS-012_00033.jpg,0.8040806505962281,0.6255441972188684,0.7696428042856139,0.9640077099501814,0.6405033986641586,0.8755622289854291,0.05664600549988877,0.9831076388878222,0.9738456607874988
RipVIS-012_00034.jpg,0.7737084453386823,0.5693454664933814,0.7255833449668077,0.9689879086069194,0.5799124491763096,0.8543479119230314,0.046958556141885266,0.9786892361100492,0.9739838314156659
RipVIS-012_00035.jpg,0.7619281850335407,0.5467376419016049,0.7069558884329337,0.9682378251137008,0.5567225945626215,0.8435340303430978,0.038923675742270486,0.9777332899294946,0.9731210162687712
RipVIS-012_00036.jpg,0.7622053492074086,0.5482217373689715,0.7081953755546834,0.9449759018203236,0.5662990678621002,0.8335050948767826,0.04611980938629683,0.976857638887829,0.9614050086095789
RipVIS-012_00037.jpg,0.8070571962776532,0.6346257781565221,0.7764783678772428,0.9637352949824076,0.650151751278604,0.8789478353442157,0.05675954591191753,0.9801942274294919,0.9722693902551076
RipVIS-012_00038.jpg,0.7714946348435425,0.5746883871957933,0.7299074431090445,0.9812069054647414,0.5810844002244161,0.8624358635522706,0.049554367192592805,0.9696028645822813,0.9751514028395203
RipVIS-012_00039.jpg,0.8967133183034732,0.8052026276506258,0.8920911318399241,0.9310292293091816,0.8562792745735162,0.915053091817614,0.06809050537786202,0.9887706163183716,0.9614148171314899
RipVIS-012_00040.jpg,0.8999372230128182,0.8126345170700054,0.8966336119247815,0.9396496412626203,0.8573836218979317,0.9219572682182373,0.06784719457464242,0.9879090711794836,0.9652055923676603
RipVIS-012_00041.jpg,0.8875630797851113,0.7913153206533357,0.8835019848596215,0.9746923400264287,0.8079149993814734,0.9360468383416923,0.04491978608824959,0.9847471788183759,0.9800369013778465
RipVIS-012_00042.jpg,0.8630505746447323,0.7467785140173865,0.8550351495907551,0.9659530235435488,0.7669663929923843,0.9183029538118007,0.0431183166534808,0.9805110677072694,0.9736925544310326
RipVIS-012_00043.jpg,0.922606015702921,0.8556707588439719,0.9222226030839971,0.9615267775600592,0.8860054996478568,0.9454098216638848,0.04673913042631537,0.9901519097211479,0.9767646086875246
RipVIS-012_00044.jpg,0.8464596937246223,0.7171802618232,0.8352999131980945,0.9597326289515438,0.7394301852210949,0.9057609735251623,0.058738796405451536,0.9771451822906064,0.9689984438087574
RipVIS-012_00045.jpg,0.8467667572204467,0.7181357006880399,0.8359475918001789,0.9766790038992296,0.730664802807459,0.915059084940915,0.05602904039519743,0.9768489583322734,0.9767694429843625
RipVIS-012_00046.jpg,0.8117959283134544,0.6558113212109127,0.7921329112924662,0.9794572147625185,0.6649576487822941,0.8948145909922613,0.03551458364281176,0.9696440972211701,0.974242726182283
RipVIS-012_00047.jpg,0.9045876984492552,0.8222839400099502,0.9024761969920674,0.9655557794660128,0.8471331436426495,0.9392945621758426,0.04990958407777403,0.9876410590267061,0.9772935808533918
RipVIS-012_00048.jpg,0.8812633329790951,0.7795415250584341,0.8761150151108013,0.9582272219094882,0.8069647595999666,0.9236020852169982,0.034261241964377985,0.9839507378461546,0.9718986594940577
RipVIS-012_00049.jpg,0.8956071979605651,0.80550341028713,0.8922757007244095,0.9621608490738814,0.8318551188091592,0.9329330381246761,0.0423521175984683,0.9865093315961517,0.9750856129743569
RipVIS-012_00050.jpg,0.8960230402573859,0.8061683038613997,0.8926834804241619,0.9595015576143922,0.8345657248121285,0.9316088875283793,0.05513071313264614,0.9866612413183738,0.9739147563539198
RipVIS-012_00051.jpg,0.8793294996937595,0.7745803357188641,0.8729729729650021,0.9427123390139283,0.8128411351479682,0.913520888831135,0.033470556643373804,0.9849045138878202,0.965036779364577
RipVIS-012_00052.jpg,0.9019877634797722,0.8164863229918595,0.8989732679594953,0.9583103257679595,0.8465558691187318,0.9336597062643621,0.04457897632643937,0.9881488715267056,0.9740982786773331
RipVIS-012_00053.jpg,0.9021651134826141,0.8164993618128169,0.8989811711224306,0.9701608771191688,0.8375322882976977,0.9403779072077297,0.046559849190092394,0.988455946179483,0.9798198133334517
RipVIS-012_00054.jpg,0.8961636861538698,0.8052966719735458,0.8921488467523707,0.961553437832533,0.832088956659654,0.9325348714259024,0.05200227746213659,0.9876909722211505,0.9753528269810753
RipVIS-012_00055.jpg,0.8503514712538176,0.720517976341663,0.8375593702004791,0.9411455706643733,0.7545145205721563,0.8967813496067785,0.06178410273138075,0.9811480034711576,0.9622359051200013
RipVIS-012_00056.jpg,0.7938833200275874,0.6181805188220085,0.7640439513782148,0.8952804802133041,0.6663636643659082,0.8377236137689524,0.030663839499157748,0.9710134548600575,0.935241724149195
RipVIS-012_00057.jpg,0.7996536263991635,0.6275330363343153,0.771146296050254,0.8940676154871551,0.677939460709782,0.8404784481373148,0.04983840788402136,0.9730555555544997,0.9356741462866504
RipVIS-012_00058.jpg,0.7919983722844259,0.6114308617136444,0.7588670122197242,0.8526078111186289,0.6836972499967069,0.8124632518981193,0.041739434152682595,0.9737011718739434,0.9162431097044148
RipVIS-012_00059.jpg,0.8243240990438203,0.6699570439086533,0.8023644037460643,0.873414249448595,0.7420043885907528,0.843536003320191,0.06304480031156602,0.9795746527767148,0.9291397812907394
RipVIS-012_00060.jpg,0.818981608253994,0.6603747683324117,0.7954526663828498,0.8796543920802841,0.7259625360637233,0.8439214585517111,0.06376518217332688,0.9785243055544938,0.9315530128353706
RipVIS-012_00061.jpg,0.7989078307042424,0.6240991173273286,0.7685480654091689,0.8632392472924901,0.6925772825181061,0.8226942783945346,0.05069659441743487,0.9748155381933867,0.9218671833975561
RipVIS-012_00062.jpg,0.825383216735865,0.6735600390388291,0.8049427846349306,0.912753009637237,0.719910265538843,0.8663396381200323,0.06399367962393962,0.9782302517350496,0.9471861632929616
RipVIS-012_00063.jpg,0.8163980268215438,0.6569581896028988,0.7929689399831426,0.8986858931759341,0.7095061534856563,0.8531878105859845,0.05139186294502786,0.9769064670128289,0.9398205065420319
RipVIS-012_00064.jpg,0.8002001433456569,0.6268095054985459,0.7705997578449805,0.8872543463769691,0.6810557817329391,0.8365962503526515,0.038129909937127816,0.9747124565961646,0.9331819565854398
RipVIS-012_00065.jpg,0.7951009420431963,0.6176961865644863,0.7636739107066729,0.8862336370218572,0.6708940918622768,0.8327738876236446,0.024753396608086096,0.9736751302072768,0.93215848740909
RipVIS-012_00066.jpg,0.7797402528933804,0.5893640180284658,0.7416350330612684,0.8730966805447214,0.6445808744639618,0.815289638409086,0.02781432061119821,0.9713454861100571,0.9246494210186601
RipVIS-012_00067.jpg,0.7816865774481527,0.5923913906664698,0.7440273718366864,0.8682311309571116,0.6509119469299082,0.8138849727861168,0.0337417530567876,0.9721560329850563,0.92273384860909
RipVIS-012_00068.jpg,0.7767179700754199,0.5828690361738254,0.7364715877982677,0.8475578525667561,0.6511303476775803,0.7993307805803415,0.03424139235069213,0.9717296006933901,0.9126788928222471
RipVIS-012_00069.jpg,0.7931577668373178,0.6132759879799842,0.7602865133421834,0.8597724686948858,0.6814361970590522,0.8170091501911335,0.03201191140293841,0.9741449652767208,0.9198224275902049
RipVIS-012_00070.jpg,0.794570603858192,0.6154481892160953,0.7619534855088665,0.8556589681522312,0.6867460990688194,0.8155407003741053,0.032771708936720656,0.9747558593739423,0.9181584385617402
RipVIS-012_00071.jpg,0.8078739278186134,0.6397665184674421,0.7803141621227643,0.8772452303192824,0.7026724812571719,0.8357197953701159,0.041090909083438015,0.9769639756933843,0.9295436048929833
RipVIS-012_00072.jpg,0.7969882702936607,0.6198751784247938,0.7653369675403948,0.8688925081231063,0.6838365896855242,0.8242801206015954,0.03810560696096795,0.9751508246517196,0.9246206184050803
RipVIS-012_00073.jpg,0.8033987799852809,0.6315992875519777,0.7742088297913123,0.8697935949447012,0.6975522853248919,0.8288607326979814,0.040734679025143716,0.9762098524294963,0.9256195337693566
RipVIS-012_00074.jpg,0.8007118583355796,0.6264213425139571,0.7703063482254833,0.8691860464912513,0.6916260935942764,0.826736713478511,0.042490301119067,0.9760080295128298,0.9251891249307267
RipVIS-012_00075.jpg,0.8151414129546253,0.6532930760852687,0.7902931253207222,0.8729286804897561,0.7219499321233233,0.8378839590443686,0.056385362200077414,0.9779459635406055,0.9280619554481342
RipVIS-012_00076.jpg,0.8258984121090811,0.6729824683946621,0.8045302100988944,0.8712436639918708,0.7473069233759573,0.8432732194718099,0.06865162145483565,0.9796994357628258,0.9282028205434611
RipVIS-012_00077.jpg,0.8218843861933609,0.665294345320643,0.7990111143895638,0.8772125176681927,0.7336114074937703,0.8441642519410821,0.06408094433875193,0.9793576388878262,0.9307911709500811
RipVIS-012_00078.jpg,0.813695558320915,0.6499447281035612,0.7878381827379208,0.8599586747879191,0.7268784709133445,0.8295819503608046,0.043245241167391375,0.9783528645822718,0.9220581238165828
RipVIS-012_00079.jpg,0.8140401626599365,0.6502053938087121,0.788029655275848,0.8679222791544183,0.7216055500352506,0.8340970535673372,0.03214611871558975,0.9787489149294936,0.9259778961459867
RipVIS-012_00080.jpg,0.8405159924801557,0.6997198063989717,0.823335474193713,0.8913456635402738,0.7649679754790754,0.862836424988109,0.05791650995526203,0.9820920138878232,0.9389473800100068
RipVIS-012_00081.jpg,0.8354814650216724,0.6898694265025248,0.8164766054503136,0.8684738955620511,0.7703539547921555,0.8468999749538924,0.053660406275649594,0.9818565538183791,0.9279281441317357
RipVIS-012_00082.jpg,0.8182326895320645,0.6578538383573469,0.7936210335757572,0.8499813206115162,0.7442702050511282,0.8265031354581492,0.02562184401989492,0.9794563802072705,0.9178739110232447
RipVIS-012_00083.jpg,0.8312588763413167,0.6816023515096171,0.8106581807497182,0.8885777450039651,0.7453024558936603,0.8556789796381803,0.023084200563276404,0.9816644965267126,0.9372721053681827
RipVIS-012_00084.jpg,0.849288760011345,0.7147604927318999,0.8336563569798219,0.9389067523870309,0.7496243112216224,0.8937707790010153,0.037660424986816654,0.9844476996517095,0.9626632925678358
RipVIS-012_00085.jpg,0.828737900869968,0.6766308489430607,0.8071315750507696,0.9562208879417295,0.698261963731307,0.890430535637279,0.05083279254794878,0.9815831163183794,0.969434518913297
RipVIS-012_00086.jpg,0.7890513183136364,0.604336873628058,0.7533790235231664,0.9448613550230225,0.6264290755005922,0.8576659967534978,0.02560426054371072,0.9747764756933868,0.9604547312109802
RipVIS-012_00087.jpg,0.7591743996735141,0.5508194162548646,0.7103591952505475,0.9430548874741314,0.5697702578251219,0.8338019250851735,0.014431859697765462,0.9687727864572822,0.9564580798753942
RipVIS-012_00088.jpg,0.7411410140232444,0.5195977270339694,0.6838622061486596,0.9567555995355306,0.5320941169387869,0.8250603455039714,0.03624031007049606,0.9641319444433983,0.9605996399877053
RipVIS-012_00089.jpg,0.7344453218854168,0.5076417961732574,0.6734249441236896,0.9639803974689904,0.5174570697768731,0.8220994218579488,0.022964509390576808,0.9627376302072886,0.9633332208727965
RipVIS-012_00090.jpg,0.6979046773044955,0.44455720267650806,0.6154926947203233,0.9551501434931786,0.45403497723128755,0.7824362759949175,0.020697522812793752,0.9530826822906325,0.9540741094343343
RipVIS-012_00091.jpg,0.737215599759375,0.5115316117466381,0.6768387875865088,0.9512073961376788,0.5253154910607006,0.8184913940499259,0.011278195486490266,0.9642871093739537,0.9580149070047219
RipVIS-012_00092.jpg,0.7608961256252045,0.5531942194403389,0.7123310304871865,0.9612061757716625,0.5658272496010855,0.8433463906535018,0.029670329665671846,0.9697732204850589,0.9656632311814568
RipVIS-012_00093.jpg,0.8600354426003197,0.7338370750879987,0.8464890797778721,0.9563539360645793,0.7592655176127235,0.9091546749974371,0.035679611641825336,0.9867371961794849,0.9721495210067019
RipVIS-012_00094.jpg,0.869022082572257,0.7505178780340782,0.8574809631501148,0.9601059999147361,0.774676365984738,0.9162428873800819,0.03650523240776217,0.9879774305544835,0.9745872282597545
RipVIS-012_00095.jpg,0.8657203489518828,0.7441507553454247,0.85331013166697,0.9678036997476198,0.7630405499381523,0.9185071288789488,0.05782652042427056,0.9877430555544838,0.9781546651657326
RipVIS-012_00096.jpg,0.7030865487767864,0.462180285253673,0.6321796154890564,0.9757672177036322,0.4675468154397885,0.8015181875688923,0.01575795776619005,0.9465646701378618,0.9604448656533193
RipVIS-012_00097.jpg,0.8334431076784025,0.6966958819353251,0.821238372006471,0.9895782718531311,0.70184549202384,0.9145882564272507,0.03507177902324699,0.9721006944433896,0.9802343702119023
RipVIS-012_00098.jpg,0.8132571335337335,0.6683098525738425,0.8011819285761388,0.991275688237533,0.6722640144941983,0.905351772077293,0.058804365522266755,0.961450737846179,0.9750954065042965
RipVIS-012_00099.jpg,0.8192864461048126,0.6742779389963509,0.8054552034539116,0.7294913226906018,0.8990786675988792,0.7580900385797674,0.022415039764567057,0.9667523871517287,0.8604803953466647
RipVIS-012_00100.jpg,0.7948344694805284,0.6339631385284961,0.7759821792545779,0.6853492813905987,0.8942394116724195,0.7189373601299833,0.024817270096070494,0.9588617621517374,0.8379724710121292
RipVIS-012_00101.jpg,0.7823396916521672,0.6173858789892791,0.7634367123015687,0.7626347406458828,0.7642403723998705,0.7629553270412086,0.016669263122500503,0.9514246961795232,0.8678426381662144
RipVIS-012_00102.jpg,0.7635429002057896,0.5899628080634736,0.7421089412550854,0.8125876801342029,0.6828802114904534,0.7828485538527068,0.009607791522820769,0.9423394097211997,0.8848402710375832
RipVIS-012_00103.jpg,0.7038730630562264,0.5143837612778787,0.6793307937267202,0.9953814064256409,0.5156144054921054,0.8392086492306312,0.010159069641737859,0.9041851128462411,0.9446061197259
RipVIS-012_00104.jpg,0.6661410823682985,0.4623334131331182,0.6323228464602297,0.997020640390253,0.46297304451394233,0.8101225111910101,0.008383096002712092,0.8830295138879307,0.9336301026781555
RipVIS-014_00000.jpg,0.7397355065481059,0.5381160096551436,0.6997079625688222,0.8248546104753546,0.6075332362102583,0.7697826526087027,0.058237929314445123,0.9451056134254702,0.8900337250615098
RipVIS-014_00001.jpg,0.7226998479535732,0.5091693379219234,0.674767668713748,0.7642666634940671,0.6040327691809861,0.7257615978465534,0.028198653196957753,0.9401871141970775,0.8599990010305997
RipVIS-014_00002.jpg,0.731643366601077,0.5242288978954176,0.6878611193098987,0.7551698392719386,0.6315690118316921,0.7267251779231586,0.03164938509575299,0.942892554011891,0.8575630238108118
RipVIS-014_00003.jpg,0.7372161463752346,0.53361816772553,0.6958944265989303,0.7610249228891285,0.6410331398236456,0.7335625431581202,0.02529230769075124,0.9445679012341124,0.8611399594227803
RipVIS-014_00004.jpg,0.7251711871622021,0.5146042059781935,0.6795230119486443,0.7230656527237869,0.6409267344741885,0.7049956984180626,0.022490300677589094,0.9398369984563368,0.8419372622189459
RipVIS-014_00005.jpg,0.7275140753953171,0.5172354601358189,0.6818130392095072,0.7068823481234792,0.6584609755320394,0.6966366078322154,0.027971596169930744,0.9416796874995459,0.8356646776759806
RipVIS-014_00006.jpg,0.7373137504063563,0.5327460188822584,0.6951523766093469,0.6881788761992108,0.7022686524830803,0.6909514194135757,0.022005658596541612,0.9454933449069515,0.8296079707938435
RipVIS-014_00007.jpg,0.7376081482482842,0.5328108389764135,0.6952075565073849,0.6898695914981331,0.700628772218351,0.6919949105281681,0.022311608319884883,0.9459553433637413,0.8304747102555498
RipVIS-014_00008.jpg,0.7552783768183411,0.5613818903895259,0.7190833886890735,0.6832318240877211,0.7589058333537532,0.6971347294742949,0.024158077855697624,0.9522791280859605,0.8309617600886764
RipVIS-014_00009.jpg,0.7446497386527204,0.5436362303379565,0.7043579564324366,0.6815122370496914,0.7287884744309553,0.6904703480066955,0.014262871761160034,0.9489665316353448,0.828336527382018
RipVIS-014_00010.jpg,0.7324345923452249,0.5264067822128388,0.6897332851858854,0.7052454870923764,0.6748887928589772,0.6989576236472748,0.022379912662398114,0.9424021026230023,0.8356628705878475
RipVIS-014_00011.jpg,0.7757956743457255,0.5967471457095093,0.7474535305267093,0.692605489222088,0.8117355898679965,0.7135495581415024,0.042113065154496795,0.9576726466044764,0.8383168225686946
RipVIS-014_00012.jpg,0.8173994555445011,0.6684091544074352,0.8012532808774145,0.752839462371743,0.8563218764791419,0.7714855316778563,0.032778899016439635,0.9685223765427428,0.8706066809457531
RipVIS-014_00013.jpg,0.8312477276292998,0.6928975231871979,0.8185935813559323,0.7959802420657562,0.8425293540472669,0.8048739782387067,0.029844588087618994,0.9715494791661982,0.8914651752716571
RipVIS-014_00014.jpg,0.8307337056112869,0.6921385291205473,0.8180636717494654,0.7935054072124297,0.8441905963973229,0.8031496252104513,0.04519338564705764,0.9713073881168155,0.8902730122206803
RipVIS-014_00015.jpg,0.8217602873572802,0.6763980763733392,0.8069659419278684,0.8023262810744318,0.8116595749812106,0.8041757284727072,0.041972933980767124,0.9692365933637301,0.8930526746281768
RipVIS-014_00016.jpg,0.8411010843265143,0.7097632767189961,0.8302474224162991,0.7620208815850801,0.9118925243344623,0.7879201819735464,0.02668896807310821,0.9741792052464437,0.8776843357976791
RipVIS-014_00017.jpg,0.8402652134634273,0.7080935878955359,0.8291039705475923,0.7843450864841667,0.8792803642774936,0.801655931038652,0.03457235654748666,0.9741642554007648,0.8874967559683932
RipVIS-014_00018.jpg,0.8331332715175936,0.6951799785353769,0.8201842722753336,0.7519417561051629,0.9020498575936003,0.7778291172322294,0.035219483736676424,0.9728751929007654,0.8723111437476123
RipVIS-014_00019.jpg,0.8435802408267159,0.7130623663699617,0.8325001825601545,0.7237500504959181,0.9797107789828069,0.7636526617194456,0.041354556800768216,0.9756645447526159,0.8611917239526075
RipVIS-014_00020.jpg,0.8396465886373066,0.706720249806448,0.8281617914671068,0.709983320626581,0.9935387635466196,0.7529623316757162,0.03286312199404254,0.9742732445982956,0.8547707928852654
RipVIS-014_00021.jpg,0.8454585925649487,0.7171239986859196,0.8352617507352063,0.7221712880102741,0.9903481267316998,0.7635221954676398,0.04345127249818038,0.9754258294748382,0.8607534049405261
RipVIS-014_00022.jpg,0.8444298524272117,0.7155173833974073,0.8341709507838365,0.7183458115980729,0.9945272188731221,0.7605891143437551,0.056984126979604435,0.9750173611106409,0.8589834455991547
RipVIS-014_00023.jpg,0.8450343358034482,0.716742655335516,0.8350030251860172,0.7205834666099437,0.9926182778935017,0.7623701694789102,0.043712855798896395,0.9750125385797767,0.8600340221917286
RipVIS-014_00024.jpg,0.8522464939673613,0.7295851552575323,0.8436533500993171,0.7335948266682274,0.9925640735213636,0.7739826907613028,0.044531864669981755,0.9764988425921217,0.8665374328548208
RipVIS-014_00025.jpg,0.8549360725013964,0.7345650295699333,0.8469731800739241,0.7395825782415448,0.9908487161982141,0.7790962821466206,0.03281104560713535,0.9768865740736029,0.8694679440270923
RipVIS-014_00026.jpg,0.8582318831506995,0.7404275979800966,0.8508571098727935,0.7469345703852649,0.9883712267872375,0.785300802613822,0.03531116534202935,0.977569444443973,0.8730556234290747
RipVIS-014_00027.jpg,0.8692997406212113,0.7601831973621859,0.8637546347464263,0.7690013435833892,0.9851396266656888,0.8042935227674699,0.03383487954830943,0.979798418209404,0.8839738238518992
RipVIS-014_00028.jpg,0.8768953183370517,0.7738614390274029,0.8725162202654411,0.7836633168442502,0.9840942823524504,0.8169406577993991,0.03856162762884933,0.9812191358019959,0.8912658707661201
RipVIS-014_00029.jpg,0.8783815062490219,0.7763528491666439,0.8740975640406817,0.7864758932034782,0.983691076649826,0.8193284872283995,0.036391025129914295,0.9816575038575512,0.8926636235889915
RipVIS-014_00030.jpg,0.8528403133497007,0.7292367910637929,0.8434203977526763,0.7359043913770454,0.9877279550238915,0.7754446801361997,0.032711432560802875,0.9778491512340963,0.8675488890461124
RipVIS-014_00031.jpg,0.8415468031828681,0.7086031885288365,0.8294531969578813,0.7151384895123779,0.9872676882867031,0.7568626176680847,0.03387589853475371,0.9759804205242207,0.8571591067321407
RipVIS-014_00032.jpg,0.8553865675329223,0.7331821617491211,0.8460532054047871,0.7448323693648685,0.9791120589927299,0.7822682397013488,0.042549668870649864,0.9788908179007625,0.8717451995840042
RipVIS-014_00033.jpg,0.8687976938756987,0.7573329472735452,0.8619117378394651,0.7842765327754685,0.9566057387204608,0.8135896017624314,0.05268431159282923,0.9814076967587859,0.890717049901155
RipVIS-014_00034.jpg,0.8343505845282296,0.696528185756349,0.8211218553328327,0.7769026741924242,0.8706785007317912,0.7940062532130315,0.03196382032561982,0.9738435570982958,0.8836195355316935
RipVIS-014_00036.jpg,0.8207352742275262,0.6718510526424221,0.8037211826741824,0.7001862519493015,0.9431882616964046,0.7382253700945375,0.033620015634587955,0.9713985339501489,0.8481685704456727
RipVIS-014_00037.jpg,0.7234844206857872,0.508841752787326,0.674479947081698,0.7444011394337111,0.616566218967997,0.7147622856920511,0.028328063494332575,0.9418542631168297,0.8518203930137214
RipVIS-014_00038.jpg,0.7155473530525662,0.5000093499519412,0.6666749776832538,0.7765895651522672,0.5840162502158657,0.7285436211767168,0.02508588837589383,0.9355285493822649,0.8632541030088595
RipVIS-014_00039.jpg,0.7152442746282021,0.5023133796110716,0.6687198375895629,0.834583779916431,0.5578529665767511,0.7592558685776628,0.0255759468940794,0.9330299961415254,0.8881447703248754
RipVIS-014_00040.jpg,0.7238642447036234,0.5173820459121673,0.6819403818649317,0.8368657973407088,0.5754160492965984,0.767152156805115,0.029738815617420557,0.9351861496909071,0.8904771704963848
RipVIS-014_00041.jpg,0.7222266803550488,0.5143915553219285,0.6793375907495461,0.8123178980921553,0.5837714285690458,0.7533320130288768,0.021105845180340862,0.9348857060180676,0.8792882417951957
RipVIS-014_00042.jpg,0.7228219461756623,0.5153453560514645,0.6801688525898808,0.8159598067850794,0.5831258227380675,0.7556182475144727,0.029224093923607447,0.935108024690907,0.881037150420733
RipVIS-014_00043.jpg,0.7303433886976329,0.5276016377647645,0.690758146262226,0.8100639318613831,0.6020835943020498,0.7577157282516621,0.03321364452210736,0.9377382330242391,0.8798955709775027
RipVIS-014_00044.jpg,0.7149341557467646,0.5041316017298558,0.6703291136893467,0.8083967345987205,0.572543343504875,0.7468641229395153,0.025201738049335707,0.930950038579798,0.8755006439992429
RipVIS-014_00045.jpg,0.7316500257156047,0.5305565113438108,0.6932857524848767,0.782128154879453,0.6225678949355155,0.7439920523827614,0.02633398277755427,0.9374946952155973,0.8675244808406097
RipVIS-014_00046.jpg,0.7261061875845087,0.5216082163055882,0.6856012089262173,0.7835092525405768,0.6094444630117932,0.7411717120801304,0.028127359676055414,0.9354856288575736,0.8669924490294958
RipVIS-014_00047.jpg,0.7520267429420391,0.5632314688159611,0.720598938866769,0.7684692501449499,0.6783428763862268,0.7485776606935375,0.021762785635168484,0.9450178433637418,0.8657158802720245
RipVIS-014_00048.jpg,0.7217672151271824,0.515367374096395,0.6801880295247952,0.7694415250962366,0.6094887034288989,0.731069484339619,0.028767037244597258,0.9332648533946116,0.8596756991243846
RipVIS-014_00049.jpg,0.7143569613941997,0.5039529885260522,0.6701711986622014,0.7865884602809522,0.583771418601046,0.7354833360305767,0.03394889013032712,0.9301036844131317,0.8654669313074737
RipVIS-014_00050.jpg,0.7168397031589786,0.5095838375671992,0.6751315493526077,0.7965058848213719,0.5858566730154247,0.7430705537380726,0.02114292617970624,0.9296445794748603,0.8698025792143096
RipVIS-014_00051.jpg,0.7180924234938935,0.5107071313743325,0.6761166618836677,0.8001069289948668,0.5853990557047367,0.7454266333665737,0.02710769980341693,0.9308559992279462,0.8719629187419462
RipVIS-014_00052.jpg,0.7175590841713768,0.5100900288754541,0.6755756532679207,0.775698616969453,0.5983445846294311,0.7322874661766055,0.021297429619259643,0.9304566936723908,0.8610442794398645
RipVIS-014_00053.jpg,0.7333434310178748,0.5352151941598492,0.6972510384158193,0.8234070969378506,0.6046163965771507,0.7678361868464672,0.04911728718469281,0.9364838927464619,0.8854572321621913
RipVIS-014_00054.jpg,0.7272846099901551,0.5245452042591452,0.6881333564839077,0.8022575995551618,0.6024346937758329,0.7523480025272161,0.017710237658951654,0.935039062499549,0.8751610150499555
RipVIS-014_00055.jpg,0.7363093855738039,0.5402320008193295,0.7014943210268999,0.8225494370411474,0.611499549231247,0.7694374785097975,0.03148812191665799,0.9373630401230048,0.8855975820294993
RipVIS-014_00056.jpg,0.7253152965149754,0.5199350700635654,0.6841543172522774,0.7893939063445213,0.6036742999124219,0.7436380521118832,0.020429362879707445,0.935534336419302,0.8695540579378644
RipVIS-014_00057.jpg,0.73193103525623,0.5312603792093342,0.693886404196849,0.818949301570377,0.6019602148357749,0.763878146597413,0.030566711287897886,0.9373847415118937,0.8837854680888226
RipVIS-014_00058.jpg,0.7481610093397453,0.5580472626147488,0.7163418928360642,0.8283700012109331,0.6310052397860693,0.7796015104291786,0.036963321010124346,0.9427377507711503,0.8910224934589834
RipVIS-014_00059.jpg,0.757302347270105,0.5716761835000207,0.7274732409915826,0.8272890221584375,0.6491505858076438,0.7842467766325227,0.021892240872057035,0.9469680748452224,0.8927272813527997
RipVIS-014_00060.jpg,0.7644560240944595,0.5809696631667799,0.7349535879177614,0.7913388058641276,0.6860691431290066,0.7677774282049533,0.04960548441019237,0.9514467592588004,0.8788359469618661
RipVIS-014_00061.jpg,0.7416449004106701,0.542825762860247,0.7036773379437241,0.7782495992315662,0.6421465391458583,0.7466011528540499,0.06427245374404504,0.9443947723760878,0.8690229492567247
RipVIS-014_00062.jpg,0.7430857634180259,0.5461404209005575,0.7064564298531891,0.7794302436583505,0.6459771072540929,0.7485034115031101,0.05377508760409206,0.9440673225304089,0.8695289659209737
RipVIS-014_00064.jpg,0.7423068853973274,0.5421733643612242,0.703128943723905,0.8077019331082549,0.6225301091427242,0.7623496905087823,0.02904484677697877,0.9461135223760869,0.8828445212785007
RipVIS-014_00065.jpg,0.7446203313645564,0.5459662056829124,0.7063106601890282,0.7922777289080024,0.6371733795263116,0.7554962924417848,0.04749272079925637,0.9468967013884323,0.8763643908577424
RipVIS-014_00066.jpg,0.7416506027819345,0.5388315975309039,0.7003126247153665,0.7979360347564802,0.6239727380451207,0.7557930856256819,0.04260014712481775,0.9478530092588021,0.8790913841827745
RipVIS-014_00067.jpg,0.7517289615608853,0.5571131725078416,0.715571844544313,0.8111489203686744,0.6401441356953612,0.7700096437679058,0.0333149399894251,0.9497371720674432,0.8863008837158357
RipVIS-014_00068.jpg,0.7431827549922486,0.5415157829985074,0.7025757231562926,0.7941706956537352,0.6299239978111871,0.7548088484239548,0.021526822556978898,0.9482224151229995,0.8776227150365998
RipVIS-014_00069.jpg,0.7357541091629121,0.5284933181618223,0.6915219214662873,0.7795979710640641,0.6213267587607735,0.7418057793328312,0.04517178000528971,0.9464361496909016,0.8699772593273096
RipVIS-014_00071.jpg,0.7218299705241217,0.5053913172045439,0.6714417858381659,0.7301319787271522,0.6214849649664774,0.7054662799778445,0.0445783132498527,0.9419314236106568,0.8453989188657931
RipVIS-014_00072.jpg,0.7360718304760523,0.5284551449352226,0.6914892421754635,0.7840254777020126,0.6184906039562934,0.7441899833135837,0.05902851859334126,0.9470312499995432,0.872204745529249
RipVIS-014_00073.jpg,0.7546920696468538,0.5623195441629731,0.719852153503259,0.8447690152144485,0.6271193685320571,0.7899374726308157,0.025731073139344154,0.9504354745365787,0.901909524936112
RipVIS-014_00074.jpg,0.7511022848925396,0.554869255492334,0.7137182158980179,0.8315724375820618,0.625122952621643,0.7800495110569402,0.034308018897876595,0.9505796682094181,0.8958368441862918
RipVIS-014_00075.jpg,0.7264333924986671,0.5138320343180434,0.6788494663471912,0.8352664044820948,0.5717754131490089,0.7647797837806222,0.028619112373061,0.9427252121909034,0.8931939640689088
RipVIS-014_00076.jpg,0.7287180834305088,0.5172944652723608,0.6818643013760737,0.8277191007460999,0.5797116236332281,0.7624795499712693,0.04377256317407346,0.9437499999995449,0.8902915416761775
RipVIS-014_00077.jpg,0.7426967115880362,0.5412338046227925,0.7023383512604126,0.8731095184833016,0.58744098638407,0.7957189794889498,0.01504181749999739,0.9476109182094196,0.9131980435888125
RipVIS-014_00078.jpg,0.7428357379865862,0.5408803956888252,0.7020407258112119,0.8703409692236243,0.5882828432962074,0.7941849745059549,0.020215026072219467,0.9481626157402835,0.9121880505818474
RipVIS-014_00079.jpg,0.7613010847332868,0.5716293080589014,0.727435286587921,0.8640225283241906,0.6281374560922484,0.8036624959605753,0.012967548546007589,0.9539834104933671,0.9124442861789466
RipVIS-014_00080.jpg,0.8313203384146504,0.6908147881421951,0.8171383323435879,0.8468577812353243,0.7894340981068712,0.8347143053291698,0.047220561861385194,0.973494405863728,0.9149369397579457
RipVIS-014_00081.jpg,0.8938931778385619,0.8031155600255147,0.8908087510643525,0.8485276222866284,0.9375244885187225,0.8649491156370008,0.04961899698302153,0.9855729166661914,0.9221568406774343
RipVIS-014_00082.jpg,0.8836284458087913,0.7843572964996133,0.8791482491071634,0.8268685988176422,0.9384849632413959,0.8470161487217048,0.022691975839284558,0.9839009452155749,0.9113689064571087
RipVIS-014_00083.jpg,0.8985602913667078,0.811184346029446,0.8957501734241003,0.8910584189262631,0.900491597112149,0.8929292104821632,0.014708427062233222,0.9867375578698945,0.9421660050214675
RipVIS-014_00084.jpg,0.9196782084997773,0.8502171226771388,0.9190457836072041,0.9020436293831502,0.9367011800874632,0.9087684395948081,0.05434183953971527,0.9897699652773004,0.9489247708093158
RipVIS-014_00085.jpg,0.8905309767140496,0.7961426421603679,0.8865026902348713,0.8662610785574112,0.9077128915401566,0.8742457778721082,0.019711777371234737,0.9857581018513765,0.9301090907559342
RipVIS-014_00086.jpg,0.9223502602035716,0.8547554047011381,0.9216907011400429,0.8667853855931074,0.9840222210812903,0.8879433776570467,0.0359004053236923,0.9905068479933495,0.9329078867367617
RipVIS-014_00087.jpg,0.9239975299337727,0.8576766380740114,0.9233863639080128,0.8665448729059443,0.9882084442668471,0.8884205028724912,0.05285159748652816,0.9908521412032258,0.9329211947721727
RipVIS-014_00088.jpg,0.6852341169432224,0.41013074303605285,0.5816917971067411,0.41114887328842886,0.9939983924087881,0.46577165479548366,0.021997250340957723,0.9614019097217585,0.7054877605185856
RipVIS-014_00089.jpg,0.766871920905011,0.5633209399235453,0.7206721608310251,0.566313943461,0.990705232356312,0.6193789793128559,0.021207724073980607,0.9715099344131117,0.7829726010042908
RipVIS-014_00090.jpg,0.4801914695952537,0.05153677416075471,0.0980218199251983,0.07471579486000134,0.14245887928432593,0.08256851085832471,0.0,0.9092954282403022,0.5214761534325181
RipVIS-014_00091.jpg,0.7368819484106388,0.5165868682756342,0.6812492961421929,0.676929389379112,0.6856246930319572,0.6786507610037021,0.01565246505267829,0.9590509259254634,0.8277390385465286
RipVIS-014_00092.jpg,0.7536586532207261,0.5516991600495661,0.7110903637170792,0.7962615575054589,0.6423790353897821,0.7598566764734601,0.043990774746391834,0.9579166666662047,0.8827119300313315
RipVIS-014_00093.jpg,0.5313267596643338,0.20022215648343042,0.33364182689322747,0.5034787047804589,0.2494841337232012,0.41830516033102316,0.027297193385059808,0.8670114776230387,0.6981157673284439
RipVIS-014_00094.jpg,0.43542541790502415,0.005151340742761306,0.010249880856657265,0.01009952340895641,0.010404782878605537,0.010159133914446134,0.0,0.8657928240736565,0.4695607202110634
RipVIS-014_00095.jpg,0.4657540027003927,0.0,0.0,0.0,0.0,0.0,0.0,0.9315080054007854,0.49999999999974115
RipVIS-014_00096.jpg,0.4659365354936025,0.0,0.0,0.0,0.0,0.0,0.0,0.931873070987205,0.49999999999974126
RipVIS-014_00097.jpg,0.46552179783928166,0.0,0.0,0.0,0.0,0.0,0.0,0.9310435956785633,0.49999999999974104
RipVIS-014_00098.jpg,0.46562331211397295,0.0,0.0,0.0,0.0,0.0,0.0,0.9312466242279459,0.4999999999997411
RipVIS-014_00099.jpg,0.46608772183619496,0.0,0.0,0.0,0.0,0.0,0.0,0.9321754436723899,0.4999999999997413
RipVIS-014_00100.jpg,0.46649136766952815,0.0,0.0,0.0,0.0,0.0,0.0,0.9329827353390563,0.4993565209488183
RipVIS-014_00101.jpg,0.46684268904298476,0.0,0.0,0.0,0.0,0.0,0.0,0.9336853780859695,0.49999999999974176
RipVIS-014_00102.jpg,0.6343720601976315,0.31644121074900966,0.4807525139219328,0.31670519699734384,0.9973728152956167,0.36676584198865897,0.04619275824731193,0.9533333333328736,0.6583220626143501
RipVIS-014_00103.jpg,0.5094207165471271,0.08190841958063123,0.15141470035399213,0.08190841958063123,0.999999999913808,0.10033103534156829,0.0,0.9372858796291776,0.5409542097900568
RipVIS-014_00104.jpg,0.4776657156966808,0.02165162191222756,0.04238552838922171,0.02165162191222756,0.9999999996709444,0.026918818371052748,0.0,0.9337770061723892,0.5108258109558551
RipVIS-014_00105.jpg,0.5183405800509949,0.0980366968541615,0.1785672503205646,0.0980366968541615,0.9999999999272039,0.11961422518507682,0.0,0.939050925925473,0.5490183484268221
RipVIS-014_00106.jpg,0.7086464305149089,0.4555756095802415,0.6259731292304633,0.46217696941513653,0.9696011086862859,0.5162065403591616,0.0718813674358296,0.9629055748452147,0.7305668578726336
RipVIS-014_00107.jpg,0.7413826409159052,0.5340368070805188,0.6962503176137783,0.8477103144434137,0.5907086800053858,0.7798517627064894,0.05097806757180068,0.9515740740736152,0.9032804345535804
RipVIS-014_00108.jpg,0.7224394062323642,0.502110060392981,0.6685396411786488,0.8312823715179717,0.5590856984714252,0.7575209816240072,0.040352538419378504,0.945891685956334,0.892612878442812
RipVIS-014_00109.jpg,0.7946677464251926,0.6249805150443989,0.7692160112176147,0.854400893546328,0.6994772209045493,0.818158917265129,0.04886769963854845,0.9663536844131142,0.9143089270213134
RipVIS-014_00110.jpg,0.7369687243369969,0.5172442889338565,0.6818207096990504,0.6711286932100963,0.6928589189992325,0.6753650055894809,0.07359649122161434,0.9586135223760809,0.8250404468881798
RipVIS-014_00111.jpg,0.7575447074609201,0.5602182707284625,0.7181280737943132,0.8597556324964553,0.6165618333937726,0.7968912151520036,0.04627151051271346,0.9573244598760815,0.911832898549731
RipVIS-014_00112.jpg,0.8026986986427985,0.639022062288735,0.779760171618926,0.8802372586733141,0.6998714344033122,0.8370914243668012,0.04131765463584748,0.9682643711415083,0.9272514377515808
RipVIS-014_00113.jpg,0.8403550266218016,0.7054330560060287,0.8272773340726602,0.9028446355337755,0.7633828604496734,0.8710194720483826,0.04710995219060322,0.976658950616813,0.9421876201646187
RipVIS-014_00114.jpg,0.8454102293053848,0.7143318009472579,0.833364697023706,0.899173773147634,0.7765316032211785,0.8716410995572943,0.05050505050065264,0.9777941743822445,0.9410712909675962
RipVIS-014_00115.jpg,0.8071807708826952,0.6463579073234167,0.7851973188190163,0.9075389941070563,0.6919220896832738,0.8542958257956849,0.05975027234896922,0.9697714120365694,0.9406722984313468
RipVIS-014_00116.jpg,0.7765913018000017,0.5929781715870972,0.7444900151975192,0.9017418561210829,0.6339393804114168,0.8314905847866778,0.039990440528957984,0.9623852237649679,0.9340254501992501
RipVIS-014_00117.jpg,0.7730682557766757,0.5869382189295261,0.7397114921404402,0.9055360316135892,0.6252193959767304,0.8310187115052429,0.04592322334661142,0.9614342206785487,0.9352854570432718
RipVIS-014_00118.jpg,0.7549104921576405,0.555914845098699,0.7145826095173412,0.9049398024006645,0.5903916912367089,0.8177986625700343,0.029000911021181224,0.9564207175921313,0.9323315451024874
RipVIS-014_00119.jpg,0.7496016786382278,0.5467785264215397,0.7069900662333446,0.9074389093503759,0.579075175433812,0.8150089787406593,0.040536374842745346,0.9550072337958357,0.9327362907556433
RipVIS-014_00120.jpg,0.7407969176170248,0.5320099584408599,0.6945254572395745,0.912139188008406,0.5607455188521846,0.8105519876198319,0.035971223018858675,0.9523167438267013,0.9334972218757835
RipVIS-014_00121.jpg,0.7302125855511754,0.5146057765205878,0.6795243811927887,0.9015960427033346,0.5452292441113633,0.797363264658912,0.04492676633187169,0.9487625385797893,0.9266912734531172
RipVIS-014_00122.jpg,0.7397298805645274,0.5305272635167289,0.69326078164426,0.9256977343501666,0.5541237492075068,0.8162311211923139,0.036976235144076275,0.951718749999541,0.9395231028323188
RipVIS-014_00123.jpg,0.7260707157838218,0.5075307416499756,0.6733272199736223,0.9187774358898972,0.5313718976864643,0.8018561219082537,0.03828828828531467,0.9476017554007776,0.9340895595079379
RipVIS-014_00124.jpg,0.7617503848103027,0.5667024375258485,0.7234334024791464,0.9195979899421233,0.5962450401593802,0.8296153328246331,0.051367361839538474,0.9591087962958338,0.9405732475844787
RipVIS-014_00125.jpg,0.7784467627821563,0.5963296521862426,0.74712594778847,0.9465108951531748,0.6171266387316279,0.8552183053112793,0.06518618592711423,0.9627348572526221,0.9551238180184716
RipVIS-014_00126.jpg,0.7870207840722752,0.6114169528924004,0.7588562994759889,0.9534658465229486,0.6302230393731794,0.8647585295530995,0.06664373548313322,0.9647005208328681,0.9594306501743322
RipVIS-014_00127.jpg,0.795281521097163,0.625809179919186,0.7698433341977969,0.956131340901924,0.644309238065061,0.8717521139014509,0.062172088137270716,0.9667158564810153,0.961750758495219
RipVIS-014_00128.jpg,0.7644351204507978,0.5730927240148691,0.7286191274881927,0.9497196658797448,0.5910249172193264,0.8469200191829185,0.053800513145141074,0.9582556905859576,0.9542553063960746
RipVIS-014_00129.jpg,0.7703823015088913,0.5839156873063244,0.7373065270909169,0.9692524313093974,0.5949360092024394,0.8609193513438049,0.056248052348375814,0.9593127893513892,0.9639715107282548
RipVIS-014_00130.jpg,0.9513452917386779,0.9087163920137784,0.9521753947479261,0.9717295175554254,0.9333927236208986,0.9638122772147116,0.07545579090784531,0.9943152006168045,0.9837206997208437
RipVIS-014_00131.jpg,0.9490117665195436,0.9043232630438666,0.9497581430564451,0.9659803043787429,0.9340718356410136,0.9594253920214194,0.08832573427119862,0.9940543016970514,0.9808843786059885
RipVIS-014_00132.jpg,0.8630576734015623,0.7456435117495972,0.85429070337765,0.9725841100362723,0.7616524776938463,0.9215418481231666,0.04479701352825039,0.9815292245365637,0.9773203489842497
RipVIS-014_00133.jpg,0.7841833406947473,0.6055599407425929,0.7543286617658302,0.9517044488924337,0.6247587599389522,0.8615337281747558,0.04764292878237689,0.9648157793205223,0.9586545852932082
RipVIS-014_00134.jpg,0.7307947739512939,0.5147685012992061,0.6796662339594371,0.9484236761110628,0.5295937789910492,0.8188983248882618,0.05191947183536397,0.9496609760797889,0.94907923913693
RipVIS-014_00135.jpg,0.76819538092156,0.5783490677215456,0.7328531812755867,0.960955130325891,0.5922667940282462,0.8545615642678097,0.03118973756760378,0.9603250385797838,0.9606211722399954
RipVIS-014_00136.jpg,0.7031997454925215,0.4703830106754033,0.6398101817829605,0.9346975044141244,0.4863665906204657,0.7892009960122703,0.026679767211346097,0.9394569830242383,0.9372225029801129
RipVIS-014_00137.jpg,0.7413133511381481,0.5350608719284724,0.6971200708885036,0.9572733467376431,0.548151692227965,0.8329380574448801,0.05214333806746889,0.9505497685180601,0.9536990731290285
RipVIS-014_00138.jpg,0.7721591780425245,0.5866450324483942,0.7394786110956735,0.9570057987933526,0.6025248562944374,0.8562544723729408,0.06123919307867121,0.9600718557094136,0.9586353157801384
RipVIS-014_00139.jpg,0.7922433776582734,0.6219533615019478,0.7669189216711036,0.9420279649073807,0.646705879189715,0.8631916452650431,0.019820377824417746,0.9647087191353372,0.9541131957835068
RipVIS-014_00140.jpg,0.7879639400539101,0.6155537864433498,0.7620344077785175,0.9547822462939441,0.6340373409287876,0.8670573706955158,0.05268506213924137,0.9627382330242271,0.9590253802840994
RipVIS-014_00141.jpg,0.7864885836382599,0.6132753645992906,0.760286034308368,0.9369898669163927,0.6396555088760404,0.8572901495775322,0.059399232096710136,0.9621223958328693,0.950416889237115
RipVIS-014_00142.jpg,0.7817468019885165,0.6057750323200413,0.7544955178993049,0.9558436848236781,0.6232153941620445,0.8636523762319458,0.044727272724019836,0.9602980324069443,0.9582226997964134
RipVIS-014_00143.jpg,0.7798793757500512,0.6029196942234732,0.7522768562845,0.9571681601825462,0.6196373565477955,0.8631343142164891,0.04014234875159129,0.9594936342587965,0.9584107409443323
RipVIS-014_00144.jpg,0.7627827391931687,0.5734345698185361,0.7288953488350904,0.9485582852185568,0.5918397212844586,0.8465146176876113,0.0350387380445984,0.9550250771600333,0.952011804753605
RipVIS-014_00145.jpg,0.7760398696061652,0.5974158340695018,0.7479778543919315,0.9409355293778906,0.620692438823392,0.8529232511977115,0.04407252440417904,0.9575217013884271,0.9498240833433202
RipVIS-014_00146.jpg,0.7988590347768016,0.636293477519166,0.7777253729372188,0.9626450286314976,0.6524019727347483,0.8790412239374835,0.0581983805625941,0.9638633294748438,0.9632969958424792
RipVIS-014_00147.jpg,0.8489821611751157,0.7239627202778259,0.8398821062222916,0.9424350302531688,0.7574578395255054,0.898548501185936,0.0472893225236219,0.975661168981011,0.960255096276268
RipVIS-014_00148.jpg,0.8971881883614201,0.8140993353243158,0.8975245395575597,0.8727692397236914,0.9237251573015317,0.882505660862164,0.028260869563297493,0.9818451003081685,0.932773183176729
RipVIS-014_00149.jpg,0.9126211670423976,0.8422882011846894,0.9143935250120511,0.8986615281489476,0.9306861458305684,0.9048889167817246,0.03576158940148055,0.9843764467587846,0.9459055803885676
RipVIS-014_00150.jpg,0.8831075265392698,0.7903997445976768,0.8829310292102266,0.8748062935006748,0.8912080961370995,0.8780381781722344,0.03955572875814785,0.9778366126538495,0.9317630237102938
RipVIS-014_00151.jpg,0.8407231906377279,0.7182781467613637,0.8360440922969137,0.879473130334632,0.7967023376308717,0.8615711059462191,0.03507068745615735,0.9663300540118797,0.9275991472468683
RipVIS-014_00152.jpg,0.8464258466639816,0.7278798954299954,0.8425121414458697,0.8776648567418582,0.8100668967964775,0.8632575407836487,0.03422818791737473,0.9679726080242246,0.927702921429389
RipVIS-014_00153.jpg,0.8515628123951233,0.7376427537367796,0.8490154286898015,0.881836580659841,0.8185497545701983,0.8684082456578878,0.034470202692409864,0.968536361882249,0.9300200885342946
RipVIS-014_00154.jpg,0.8298481491796939,0.7009799790032373,0.8242072072053509,0.860038260685684,0.7912423405039968,0.845338382060387,0.019909449731837156,0.9623591820983013,0.9170479005437089
RipVIS-014_00155.jpg,0.7444343890172058,0.5658405914202932,0.7227307741550478,0.8690893210091983,0.618562131704958,0.8039656288353081,0.028663058727767934,0.9300458140427613,0.9031395949626376
RipVIS-014_00156.jpg,0.79711111083734,0.6484655953660208,0.7867505360001611,0.871212401148884,0.7172180393919034,0.8353410737632023,0.026331187827739178,0.9506905864192946,0.9155841662670041
RipVIS-014_00157.jpg,0.7450546136241774,0.5666667667629609,0.7234043368824437,0.776288129663384,0.6772662996250268,0.7542331286381884,0.03569221260631993,0.9304094328699217,0.8635821246124229
RipVIS-014_00158.jpg,0.7234847189056268,0.5340460797042281,0.6962581981985768,0.7594288412533874,0.6427897983840745,0.7328332214299846,0.03415947738322647,0.9208251350304201,0.851078293247166
RipVIS-014_00159.jpg,0.7440836141067924,0.5625730013153826,0.7200597998836604,0.7372957260194878,0.7036113215583518,0.7303032771481963,0.032340195014499445,0.9320924961415258,0.8477815924826582
RipVIS-014_00160.jpg,0.8236221685674043,0.6900872396254768,0.816629134219604,0.7284215536371327,0.9291428924181601,0.761314686517482,0.046720121216824284,0.9608883101847218,0.8604390294300626
RipVIS-014_00161.jpg,0.7330958680182816,0.5452613168457809,0.7057205288213382,0.7628636487188908,0.6565415776980296,0.7389307699904533,0.034470284235944684,0.9277777777773304,0.8558797649622094
RipVIS-014_00162.jpg,0.8607811714956195,0.7526685387331516,0.858882922925277,0.7687871928076658,0.9728989202920465,0.8024579203534279,0.052160852048053465,0.9715837191353339,0.8830365220114336
RipVIS-014_00163.jpg,0.8226113198738865,0.6884821136391054,0.8155041834055945,0.7652790641580485,0.8727848894934895,0.7846079800195989,0.05386620329813416,0.9605155285489195,0.8754612901397516
RipVIS-014_00164.jpg,0.802265456892836,0.6548864829610208,0.7914578911651501,0.7800632297154659,0.803190379120411,0.7845814943574856,0.027585809719673702,0.9540364583328732,0.8780003749531815
RipVIS-014_00165.jpg,0.8639642367670115,0.7577905136617006,0.8622079909660302,0.767493740629283,0.9835900852084071,0.8027676111027039,0.023397224056616178,0.9726895254624939,0.8829448064379601
RipVIS-014_00166.jpg,0.8588013742014518,0.7484239702595629,0.8561126854700526,0.7587601019419314,0.9821239257382642,0.7949176245490528,0.025580011895989158,0.9717674575612597,0.8785205367995568
RipVIS-014_00167.jpg,0.8526555795909001,0.7376980017611334,0.8490520228641415,0.7506569646897711,0.9771332772570255,0.787145285340507,0.01655824955538746,0.9703168402773098,0.8742294554351404
RipVIS-014_00168.jpg,0.8436091533941754,0.7214314414406682,0.8381762108828468,0.7475473152203871,0.9538115502152947,0.7813407083619973,0.031942503491585644,0.9685715663575576,0.8715621410556147
RipVIS-014_00169.jpg,0.8538127855060003,0.7389569827531256,0.8498852934052517,0.7681115268983713,0.9511449436061014,0.7988571136729268,0.022500655994325592,0.9712210648143464,0.881715272606691
RipVIS-014_00170.jpg,0.890443907083402,0.8031784670664766,0.8908474471449712,0.839934706881331,0.9483306182173058,0.8595851351875403,0.0642345091870087,0.9795679012340955,0.9174456148220871
RipVIS-014_00171.jpg,0.9022490975168793,0.8244075994659702,0.9037537441822605,0.8607779342453222,0.951246344141505,0.8774682817442442,0.03868633453669035,0.9817925347217488,0.9279567922735188
RipVIS-014_00172.jpg,0.8235888846448456,0.6900766039279455,0.8166216872349131,0.886099648100422,0.7572469079408887,0.8569364750893205,0.01648667279317057,0.9608415316353391,0.9275491345836491
RipVIS-014_00173.jpg,0.8110698500917234,0.6698988303491764,0.802322653533568,0.9053659404310671,0.7203381167654006,0.8611276656144896,0.015456949749311963,0.9564607445983042,0.9336762308014895
RipVIS-014_00174.jpg,0.8491590546203795,0.733513831757042,0.8462739879191763,0.9401012257923531,0.7694760724306984,0.9001796987588203,0.04155073270008343,0.9679128086415085,0.9554489122250602
RipVIS-014_00175.jpg,0.8404778976910112,0.7202920005713109,0.8374066732067592,0.9303717506527691,0.7613324285455798,0.8908140999054676,0.068760250253978,0.9642819251538559,0.9491869734762349
RipVIS-014_00176.jpg,0.9071419259429053,0.8334466380610492,0.9091583259193797,0.8949364716051033,0.923839491647579,0.9005714841613418,0.06263106388489927,0.9825139853390323,0.9434706004952399
RipVIS-014_00177.jpg,0.9198833298375926,0.855939505511948,0.922378669099824,0.9229593675858522,0.9217987008659757,0.9227270004761166,0.08234865061397895,0.985244984567426,0.95737074222212
RipVIS-014_00178.jpg,0.9170843510876587,0.8504430349060648,0.9191777524232042,0.9093742557396509,0.9291949255608795,0.9132704526783207,0.05050942986845079,0.9851041666661916,0.9511284127933086
RipVIS-014_00179.jpg,0.90054699012196,0.8211310643060308,0.9017814043152738,0.9034582281576972,0.9001107933271489,0.9027867508649482,0.06434846266000377,0.9816507523143414,0.9465745187664377
RipVIS-015_00000.jpg,0.8011799607635048,0.6276523296816138,0.7712363607827591,0.7011189640937153,0.856936759390442,0.7275782415777627,0.0017291590824782344,0.9757418258100675,0.846934751246575
RipVIS-015_00030.jpg,0.8464270593829524,0.7122577961473876,0.8319515878391456,0.7695719775020557,0.9053358864780735,0.7933665823752806,0.004056795131502975,0.9814855806325977,0.8822382524268988
RipVIS-015_00060.jpg,0.5424960393438016,0.1371268074898303,0.24118120615331054,0.13800308986290402,0.9557437738255029,0.16649371410257163,0.00234712785641172,0.948293668016861,0.5687992509068944
RipVIS-015_00090.jpg,0.8236399354005254,0.6700404117968255,0.8024241893355352,0.7419417542551588,0.8736427750550194,0.7650065931386263,0.0037494674048786135,0.978244960455129,0.8675738630539794
RipVIS-015_00120.jpg,0.8406783741807414,0.700863987254398,0.824127023096962,0.7597439884636379,0.900432427328363,0.7842511168078226,0.002718582828841657,0.9813453655477211,0.8773079799013668
RipVIS-015_00150.jpg,0.7590992594366468,0.5502493037769166,0.7098849229428177,0.6367659266239201,0.8019746164646986,0.6641283316972723,0.0034596871236868467,0.9691585889273523,0.8134309557495761
RipVIS-024_00000.jpg,0.7464170272114323,0.5977835890717785,0.748266026964336,0.6081706733891054,0.9722227048255068,0.6574041049252618,0.01412535079381428,0.9092115162032652,0.8016081746778084
RipVIS-024_00002.jpg,0.7442754390749518,0.5943145498970366,0.7455424024517852,0.6098770520542263,0.9588316800253723,0.6577532419260412,0.010534236266879774,0.908424961419315,0.8012463446474687
RipVIS-024_00003.jpg,0.7513104724989386,0.6044623473197898,0.7534765129633955,0.6202836422584315,0.9595114157571526,0.667480119795115,0.008363534986677489,0.9118740354933874,0.8065123678568888
RipVIS-024_00004.jpg,0.7548056979771025,0.6098287674938166,0.7576318423520271,0.6262239953245079,0.9588353996409404,0.6729092312860846,0.016183596962952948,0.9133545524686953,0.8094028495169225
RipVIS-024_00005.jpg,0.7587034187316877,0.6166488448189913,0.7628729600682511,0.6316753816623663,0.9628560249303032,0.6783392266453747,0.01230415154356872,0.914419849536596,0.8124424819848348
RipVIS-024_00006.jpg,0.7521447071788159,0.6064196128774981,0.7549952802073294,0.6207760581446455,0.9632646367430052,0.6682987603799454,0.013991096573635769,0.9117558834872146,0.8070683486653552
RipVIS-024_00007.jpg,0.7531527641767806,0.6086672180640591,0.7567347817239118,0.6190154299574225,0.9732689034817636,0.6676155942940569,0.010534029494317667,0.9116970486106715,0.8070838233773638
RipVIS-024_00008.jpg,0.7527014316242047,0.6077436210409608,0.756020565825622,0.6176223514445879,0.9743565974477644,0.6664207269420941,0.01482379265198361,0.9116657021600542,0.8064975082011815
RipVIS-024_00009.jpg,0.7513216176731534,0.6060519591128491,0.7547102765562081,0.614557083658609,0.9776744154057263,0.6638706231149449,0.011691565369611991,0.9107841435180792,0.8052608442085682
RipVIS-024_00010.jpg,0.7535488921759879,0.6098923625628843,0.7576809192286124,0.6169100457235687,0.9816898037304873,0.6664374836353102,0.009634982396735688,0.9114380787032642,0.8067901262809327
RipVIS-024_00011.jpg,0.7471925860890106,0.6008970114284018,0.7507003975130804,0.6075751311801397,0.9820368720410457,0.657735526871454,0.009397457157785382,0.9082084297835127,0.8021514090905468
RipVIS-024_00012.jpg,0.7475013146014273,0.6014555619806173,0.7511361242353309,0.607699327334459,0.9832043025452754,0.6579566315349333,0.014058281350520596,0.9082817322526484,0.8023187191025364
RipVIS-024_00013.jpg,0.747181031751138,0.6011806957897968,0.7509217384028716,0.6071255156443678,0.9839735035858295,0.6574871809410062,0.007764836383086999,0.9079957561724016,0.802098936460581
RipVIS-024_00014.jpg,0.746709057415446,0.6007753149053338,0.750605421399645,0.6068020913314746,0.9837368424609495,0.6571625960759365,0.007225567391641911,0.9075747492279573,0.8019094655227117
RipVIS-024_00015.jpg,0.7494311920026302,0.6050418064896416,0.7539265382911338,0.6099548158243222,0.9868622474980207,0.6603994358035292,0.009302325580530017,0.9086752507711667,0.8037690156242829
RipVIS-024_00016.jpg,0.7454549065683727,0.5989807731064618,0.7492032214280804,0.6036162646022368,0.9873412951243008,0.6544890108143216,0.006435598050341491,0.9069492669748712,0.8006506567315284
RipVIS-024_00017.jpg,0.7447102592455157,0.597767569476402,0.7482534767836025,0.6022895295686874,0.9875958130683961,0.6532630897949393,0.005548480989126025,0.9066792052464764,0.8000132723291937
RipVIS-024_00018.jpg,0.7450996735571018,0.5985724067798257,0.748883696779921,0.602700630340822,0.9886863327712875,0.6537454102752724,0.006055676065974722,0.9067033179007973,0.8003155001170346
RipVIS-024_00019.jpg,0.7450568718509851,0.599058540922929,0.7492640520554928,0.6035813497001605,0.9876460881513783,0.6544829480095903,0.0064235954033815615,0.906306423610674,0.8006507608440508
RipVIS-024_00020.jpg,0.7459524323502793,0.6002164672368759,0.75016909215199,0.6044444537056473,0.9884804013421747,0.655368051234008,0.0072398190038696995,0.9068378665119083,0.8011618453410465
RipVIS-024_00021.jpg,0.7437239405228975,0.5960156393118952,0.7468794473328104,0.6043576286988664,0.9773652927627747,0.6542998256163423,0.012579185519223603,0.9064211998452418,0.8001068124390049
RipVIS-024_00022.jpg,0.7441480911596512,0.5965402483869022,0.747291211718125,0.6052343748334397,0.9764858877747216,0.6550426912060008,0.010136663950571395,0.9066898148143776,0.8004656080403387
RipVIS-024_00023.jpg,0.7456177864455253,0.598983565770048,0.7492054059749962,0.6075503121645167,0.9770007511174127,0.6572584462031699,0.005849005668509943,0.9071889467588218,0.8016610684543116
RipVIS-024_00024.jpg,0.7442221367070353,0.5969343193186608,0.7476003390964076,0.6058186653146642,0.9760218428329859,0.6555483033789002,0.0063648588071389635,0.906528260030427,0.8007052795997256
RipVIS-024_00025.jpg,0.7447198799113449,0.597773597063481,0.7482581989865376,0.6065264299095207,0.9764276837160984,0.6562478604780662,0.009829560825157402,0.9066893325612911,0.8010931577427132
RipVIS-024_00026.jpg,0.7446162090349655,0.5975787770774035,0.7481055527923435,0.6059131476123586,0.9774999234658026,0.6557700250320031,0.009335629474364575,0.906669560184748,0.8008884828086136
RipVIS-024_00027.jpg,0.7431239085837842,0.5955361619765794,0.7465028699052717,0.6048196016198507,0.9748739968898604,0.6545088712769921,0.005795001810413346,0.905860339505736,0.800092445797583
RipVIS-024_00028.jpg,0.7434765842205437,0.5961266774097003,0.7469666234476251,0.605920810214859,0.9736006982942674,0.6554250048740136,0.004182198381290827,0.905977527005736,0.8005199313368161
RipVIS-024_00029.jpg,0.7422331708238293,0.5941477618666479,0.7454111545731968,0.6038814923946664,0.9735875821219064,0.653514031158484,0.0034523485051828518,0.9054933449069708,0.79950631445526
RipVIS-024_00030.jpg,0.742163299904593,0.5942606097289128,0.7454999591691104,0.6055400553782219,0.9696076712443874,0.6547057473609057,0.004649466678398262,0.905312017746477,0.7999508532996888
RipVIS-024_00031.jpg,0.739814320826492,0.5902654977190009,0.7423483670690824,0.6001650609702381,0.9728150701260184,0.6499602815223805,0.0040474657341507255,0.9045727237649959,0.7975910127795813
RipVIS-024_00032.jpg,0.7410992769959452,0.5922554226742286,0.7439201201519822,0.6022789056856689,0.9726676831310404,0.6519294394169162,0.004404073767831538,0.9051118827156129,0.7986283120197721
RipVIS-024_00033.jpg,0.7396259116629916,0.5901660687408241,0.7422697293599633,0.6006259083124228,0.971337319643234,0.6502603509660355,0.004847265410202372,0.9043610146600577,0.7976764368741505
RipVIS-024_00034.jpg,0.7383601070321517,0.5881045886717897,0.7406371001845045,0.6002143283556833,0.9668315855971169,0.649469376500268,0.0050375526648619206,0.9038990162032678,0.7970560145183432
RipVIS-024_00035.jpg,0.739196730490346,0.589483385301475,0.7417295339512701,0.6014619408337712,0.9673190646668588,0.6506818069846668,0.006058380759495283,0.9041931905859837,0.7977177752604471
RipVIS-024_00036.jpg,0.7379784231142001,0.5876269507047568,0.7402582205396624,0.5999064325500925,0.9663392014523218,0.6491365368986474,0.007169459962088505,0.9036603009254901,0.7968526757125609
RipVIS-024_00037.jpg,0.7397832265145277,0.5906365936689345,0.7426417775371086,0.6034495473141203,0.9652983980473092,0.6523577172069555,0.005583472919636751,0.9042708333328973,0.7985052352865187
RipVIS-024_00038.jpg,0.7413329346357307,0.592887736791703,0.744418734726229,0.6059369837185987,0.9649498201702885,0.6546499265264087,0.009106114104338774,0.9050236304007981,0.7997133998803004
RipVIS-024_00039.jpg,0.7418146787542359,0.5936575533607036,0.7450252434832051,0.6060306131265318,0.9667522883859685,0.6549030554555908,0.009186351705175632,0.9052092978390697,0.799928576190541
RipVIS-024_00040.jpg,0.7417596872954733,0.5938763732287777,0.7451975362753376,0.6058556237988678,0.9677788824516405,0.6548336569649896,0.0046646142359674765,0.9049773341045019,0.7999262906444226
RipVIS-024_00041.jpg,0.7409389371714774,0.5925379257161152,0.7441429383223878,0.6046917699416954,0.9671922634277281,0.653692101823104,0.004204821528293326,0.9046793016970945,0.7992956871612984
RipVIS-024_00042.jpg,0.7411702208064292,0.5928836395041459,0.7444155050631402,0.604051251991899,0.9697600296768251,0.6533268136000062,0.005870841486732751,0.9047849151230205,0.7992195401130107
RipVIS-024_00043.jpg,0.740953914979332,0.5925302715352855,0.7441369022945531,0.603756458447191,0.9695742692156877,0.6530340639316312,0.0050349650344955746,0.9047067901230205,0.7990563125982928
RipVIS-024_00044.jpg,0.7386970581453174,0.5888408864889295,0.7412207118991866,0.5997066709238611,0.9701487463936131,0.6492918553353814,0.003932952523276248,0.9038927469131444,0.7971049822203025
RipVIS-024_00045.jpg,0.7395497026857851,0.5901780093894222,0.7422791736580885,0.6008223708388207,0.9708562504210944,0.6504014003522716,0.004960688880104765,0.90423948688228,0.7977247548353512
RipVIS-024_00046.jpg,0.7397528595262945,0.5905107831996894,0.7425423196587665,0.6013172439578656,0.9704653371287123,0.650830130724663,0.004091881335060738,0.9043123070983293,0.7979335534763827
RipVIS-024_00047.jpg,0.7389175631074176,0.5892692943633503,0.7415600319635035,0.6007293210155832,0.9686414456148905,0.6501150253547089,0.002690416550450838,0.9039255401230208,0.7974691438175008
RipVIS-024_00048.jpg,0.7398731959190099,0.5906920871582946,0.742685642214442,0.6014096671886693,0.9707142348323184,0.6509391346832272,0.003160732545955124,0.9043663194440084,0.7980028971749622
RipVIS-024_00049.jpg,0.7413276488074019,0.5928728246970539,0.7444069802745383,0.6030887511237875,0.9722220338835176,0.6526482515668309,0.003898273621320004,0.9050260416662302,0.798980654868846
RipVIS-024_00050.jpg,0.7397127047323989,0.5901504646385534,0.7422573872878081,0.6001532254147922,0.9725337316983433,0.6499240540028008,0.0034259259256087106,0.9045008680551193,0.7975576619268764
RipVIS-024_00051.jpg,0.7390608982853386,0.5890022746187442,0.7413485606999096,0.5985071107992419,0.9737454963869278,0.6484867229025142,0.0026831976311358996,0.9043229166662305,0.7968557543948982
RipVIS-024_00052.jpg,0.7507365392300314,0.6061755568414382,0.754806103553822,0.6132055772872653,0.9814384122187237,0.6629531993468991,0.015342875852245965,0.9098292824069686,0.8049063763231861
RipVIS-024_00053.jpg,0.7500927589599858,0.605265039965071,0.754099821395526,0.6124823860454653,0.9809030322624183,0.6622280771282606,0.012115563838572641,0.9095018325612898,0.8044947180834956
RipVIS-024_00054.jpg,0.7501736505263961,0.6054265701313526,0.7542251777754219,0.6124024741974331,0.9815325558131998,0.6622106810251833,0.015331401326041749,0.9095105131168454,0.8045120858337719
RipVIS-024_00055.jpg,0.7518998026841215,0.608217962519328,0.7563874756958117,0.6137571189693221,0.9853785331487411,0.6638277461449662,0.01938458642896541,0.9101470871909191,0.8055392548243685
RipVIS-024_00056.jpg,0.752255193017386,0.6088232388298839,0.7568553513345421,0.6145081897636118,0.9850321904799663,0.6644990090904878,0.01872871736485729,0.9102570408946228,0.8058807394130372
RipVIS-024_00057.jpg,0.7528447688988562,0.6098113461275109,0.7576183974531493,0.6158142337852098,0.9842664161379147,0.665650404173068,0.017056162832919698,0.910450424382277,0.8064595473674547
RipVIS-024_00058.jpg,0.7520579639435505,0.608432974595457,0.7565537193099218,0.614315449639747,0.984505623175583,0.6642707793615622,0.018618278043793755,0.9102334104933882,0.8057376921263668
RipVIS-024_00059.jpg,0.7515282338516887,0.6076724558234677,0.7559654998408382,0.6141099812238998,0.983041973492092,0.6639452145887467,0.01343606125966024,0.9099720293205488,0.8054989209416454
RipVIS-024_00060.jpg,0.7511193080865447,0.6070380307451996,0.755474380981152,0.6136312953561726,0.9826076901591542,0.663457961523094,0.014421717408387056,0.9098027584872156,0.8052202717099898
RipVIS-024_00061.jpg,0.7486639390585679,0.6028184144826001,0.7521980144921079,0.6086855723263647,0.9842616635965529,0.6589762046540674,0.018355568169329588,0.9090682870365986,0.8029158549567965
RipVIS-024_00062.jpg,0.7490584888508911,0.6034285497550512,0.752672827045813,0.609182761846743,0.9845877224312254,0.6594716103146795,0.0200151773837967,0.9092332175921541,0.8031934838491962
RipVIS-024_00063.jpg,0.7533920810589572,0.6094863022429394,0.7573674922160875,0.6142499662264173,0.9874356269743216,0.6644755704133809,0.024036195680645092,0.9114858217588196,0.8059910523582696
RipVIS-024_00064.jpg,0.7518485102587367,0.6070293043629942,0.7554676230420239,0.6113144587667109,0.9885842139317318,0.6618287097044961,0.025943172096745872,0.9108912037032644,0.8046315200533845
RipVIS-024_00065.jpg,0.7462621312013041,0.5992143847401604,0.7493859365672483,0.6032681908624241,0.988910112628782,0.6542991552384163,0.024154135336075737,0.9079870756168461,0.800634869448401
RipVIS-024_00066.jpg,0.7454494640024012,0.5980266691270055,0.7484564315233921,0.6024248905257189,0.9879389879113032,0.653420513222543,0.025754716978702383,0.9075988618822783,0.8001252333736982
RipVIS-024_00067.jpg,0.745355233128135,0.5974593677900134,0.7480119743096335,0.6018028302894972,0.9880640070201893,0.6528458836674927,0.022230595325713018,0.9078510802464758,0.7998323543140646
RipVIS-024_00068.jpg,0.7446288422982388,0.5961633376208134,0.7469954027504906,0.6000195302950985,0.9893347427632735,0.6512765755461196,0.02042920063532666,0.907666377314377,0.7990590850693363
RipVIS-024_00069.jpg,0.7437913097749037,0.5948506142607565,0.745964053237025,0.5986598513432282,0.9894165050585829,0.6500017278518194,0.01927053957329662,0.9073273533946241,0.7983881597572373
RipVIS-024_00070.jpg,0.7404787867069167,0.5894960091399952,0.7417395271837707,0.5957469474182856,0.9825119907202076,0.6466582455413287,0.013677109323197753,0.9060976080242544,0.7963222747944532
RipVIS-024_00071.jpg,0.7404777392618958,0.5894515052694187,0.741704296501332,0.5957287621113708,0.9824378240584148,0.6466346787892978,0.012207527974455975,0.906127025462526,0.7963074728830404
RipVIS-024_00072.jpg,0.7421430199366572,0.5922388198071247,0.7439070225393265,0.5991128107387862,0.9809948970653573,0.6496955603123454,0.014609338879832701,0.9066792052464764,0.7978595918259863
RipVIS-024_00073.jpg,0.7416522501552221,0.591609356689454,0.7434102522744663,0.5986851769441888,0.9804136901926194,0.6492422601845024,0.014045462944553182,0.9063831018514148,0.7975912094712482
RipVIS-024_00074.jpg,0.7425024546567728,0.5929119701544155,0.7444378361937216,0.6003180300879478,0.9796168241169159,0.650707656591086,0.011435949459426732,0.9067486496909207,0.7983328577398444
RipVIS-024_00075.jpg,0.7437458225215716,0.594862580126108,0.7459734619631886,0.6024028790164015,0.9793917407390138,0.6526463947046683,0.011500598030039506,0.9072511574069699,0.7993501519252257
RipVIS-024_00076.jpg,0.744280705091261,0.5956724810927224,0.7466099568061783,0.6032002151392262,0.9794793771345313,0.6534027724153046,0.012231009746898011,0.9074874614193155,0.799755638577627
RipVIS-024_00077.jpg,0.7445511305654132,0.5961630826776345,0.7469952026174475,0.6034818433626753,0.9800628900290899,0.6537190708813765,0.011400202260604926,0.9075506365736364,0.7999470759087637
RipVIS-024_00078.jpg,0.7449108984061348,0.5962252324541998,0.7470439889457231,0.6061875645870518,0.9731753092530729,0.6556360877646359,0.011571310495769004,0.90804446373413,0.8006822157226687
RipVIS-024_00079.jpg,0.7474173552694621,0.6003073907130738,0.7502401028662193,0.6104404097101742,0.9730923391546681,0.6596046879913952,0.011459479280210901,0.9089506172835122,0.8027837163812546
RipVIS-024_00080.jpg,0.7481536220089049,0.6013961413251869,0.7510897844770873,0.6119459952502994,0.9721324897112119,0.660921855822327,0.012225388361777242,0.9092930169748701,0.8034463851118504
RipVIS-024_00081.jpg,0.7447142328354205,0.595782483694343,0.74669635715648,0.6111369676499643,0.959535874773061,0.6589917732146375,0.006577144422528807,0.9080584490736362,0.80189702060561
RipVIS-024_00082.jpg,0.7433526081997873,0.593705532591235,0.7450630250695288,0.6087933610089441,0.9599294725817487,0.656847490011915,0.006551024173597432,0.9074676890427722,0.8007687661457572
RipVIS-024_00083.jpg,0.7431380342119523,0.5935569630138368,0.7449460255142231,0.6102912098166298,0.9558436166342598,0.6578562748920933,0.007446221731251496,0.907250192900797,0.8011245485183862
RipVIS-024_00084.jpg,0.7442605069066422,0.5960166724398752,0.7468802584984628,0.6090040529596721,0.9654557823096412,0.657558948735959,0.007562642368331422,0.9072188464501798,0.8013431252894336
RipVIS-026_00000.jpg,0.8567008530642821,0.7750306253531519,0.8732588770956617,0.7893978323512636,0.9770555933691066,0.8209322313212616,0.024442846871401712,0.9491642554007769,0.8920563155191356
RipVIS-026_00001.jpg,0.850340642071155,0.7657610057051677,0.8673438854193706,0.7807599109707382,0.9755269509225649,0.8132328113486949,0.021665609806506784,0.9463372878081856,0.8875416987954388
RipVIS-026_00002.jpg,0.8512345216324441,0.7666423895463294,0.8679089713716218,0.785188777516794,0.970110834954067,0.8163096890186359,0.03294857204611995,0.9470003858020124,0.8891478073615732
RipVIS-026_00003.jpg,0.851335156906046,0.7667316453042834,0.8679661649149094,0.7847979250693352,0.9708512333490238,0.8160763966194776,0.02840664079191426,0.9470814043205309,0.8890442911490346
RipVIS-026_00004.jpg,0.8479182071490936,0.761273502854236,0.8644580204273242,0.7810905219136801,0.9677478651282604,0.8124305288589191,0.02785439991195552,0.9458603395057167,0.8868520680580125
RipVIS-026_00005.jpg,0.846123096125744,0.7583364914968886,0.862561284673458,0.7776841333004851,0.9682353708701409,0.8095483782985203,0.025324640334860465,0.94526186342547,0.8852257698245395
RipVIS-026_00006.jpg,0.8495773655915208,0.7635903081329936,0.8659497669176471,0.7872976761390363,0.9620609416466147,0.816979368022768,0.020685231705559613,0.9466647376538645,0.8893006550028959
RipVIS-026_00007.jpg,0.8519622394286147,0.7671759163904466,0.8682507601817541,0.7899923129919463,0.9637189675077709,0.8195394855338182,0.025672833179134196,0.9476576967588023,0.8908428775522732
RipVIS-026_00008.jpg,0.8510662942472543,0.765879751616035,0.8674200504481061,0.7894631167146056,0.962459853344445,0.8189017105558276,0.022929664585776693,0.9472526041662098,0.8904251424885518
RipVIS-026_00009.jpg,0.8529798621983196,0.7686895603198335,0.8692193107996078,0.7907026095012197,0.965048548925381,0.8203432992523153,0.02475379291856514,0.9480912422834934,0.8913558445553267
RipVIS-026_00010.jpg,0.8534812540083798,0.7694199300336712,0.8696860671384317,0.7898333233932727,0.9675011632788101,0.8199476709635293,0.02829633591718126,0.9483145254625056,0.8912107917192138
RipVIS-026_00011.jpg,0.8531638692598946,0.7689735141310925,0.869400822554211,0.7899416449354077,0.9666331647403962,0.8199162524819003,0.028597391488742924,0.94816309799337,0.8911607004385987
RipVIS-026_00012.jpg,0.8513658862937933,0.7658533005840915,0.8674030853307805,0.7863773659314782,0.9670441074249082,0.8169006432495174,0.03386540120611166,0.947680362653864,0.889461684307313
RipVIS-026_00013.jpg,0.850139710343121,0.7638776448627641,0.8661345043830367,0.7824174706384045,0.9699131879220475,0.8138841620191531,0.03114373616715368,0.9472540509254691,0.8878239371825085
RipVIS-026_00014.jpg,0.8488824736836478,0.7617537704837734,0.8647675779057338,0.7781605106557588,0.9730672104035136,0.810634762073553,0.03226503810018564,0.9468793402773211,0.8860734823771783
RipVIS-026_00015.jpg,0.8475695421696252,0.7593879452835784,0.8632410462050542,0.7763828246783594,0.9719820275676274,0.808940658787333,0.032392611449412675,0.9465827546291732,0.8850875995495755
RipVIS-026_00016.jpg,0.8440239655433385,0.7537159923958648,0.8595644855426844,0.7704307628755482,0.9720208415010028,0.80376997657663,0.034305502947118365,0.9453206983020133,0.8821387673393798
RipVIS-026_00017.jpg,0.8450985976134968,0.7550751107637897,0.8604476311389194,0.7739103953550196,0.9687741761849309,0.8063489574875927,0.031077123330563124,0.9459355709871982,0.8835317525482077
RipVIS-026_00018.jpg,0.8448546529989321,0.7548462450300824,0.860299011571971,0.7742708410149011,0.9678336839666635,0.8065314500420718,0.030085268406173364,0.945744598764976,0.8835955751866713
RipVIS-026_00019.jpg,0.8436545526996553,0.7524237938122369,0.8587235535936294,0.7697486242514122,0.9709559563362302,0.8030303811699664,0.028438832225544285,0.945642361110655,0.8817282986620476
RipVIS-026_00020.jpg,0.8446995059006819,0.7542385882460173,0.8599042265968461,0.7722984466359398,0.9699281601474283,0.805107723720835,0.026271780761381466,0.945921585647692,0.8828721681095733
RipVIS-026_00021.jpg,0.8461455228495303,0.7567584099178903,0.8615395328641241,0.7765590428841278,0.9674046603042621,0.8084568522421972,0.035439545862621914,0.9463025655859634,0.8846936733757882
RipVIS-026_00022.jpg,0.8483247235347227,0.7603344728196977,0.8638522787113253,0.783758682954794,0.9621789350444958,0.8139452331709796,0.03392330383302132,0.9470191936723829,0.8876740676339574
RipVIS-026_00023.jpg,0.8470664837959855,0.7580403397569314,0.8623696767523991,0.77743865437257,0.9681330430034085,0.8093212606162701,0.02939930077182968,0.9467534722217656,0.8852238198308628
RipVIS-026_00024.jpg,0.8459537927175833,0.7560738666567994,0.8610957443335882,0.7747660499301252,0.9690768697662973,0.8071339377765431,0.023135704873616037,0.9464785879625065,0.8840150102126262
RipVIS-026_00025.jpg,0.8443673574684918,0.7534943044360437,0.8594203043942951,0.7733300833248171,0.9670794901583732,0.8056100501642989,0.022960788424042734,0.9459413580242352,0.8830882773826454
RipVIS-026_00026.jpg,0.844125992227823,0.7528913054495058,0.859027942130658,0.7727379792975048,0.9670120682688719,0.8050865855005271,0.027345816141576967,0.945996334876087,0.8828032724917085
RipVIS-026_00027.jpg,0.8409917834513849,0.7480923414445045,0.855895679774367,0.7684265197345126,0.9658357151141813,0.8011773863097528,0.02647884340271785,0.9447400655859641,0.8805226493540623
RipVIS-026_00028.jpg,0.8384595912551531,0.7441819154705692,0.8533306174887081,0.7650621016470294,0.964623378983346,0.7980836077957679,0.030507215618075807,0.9437446952155942,0.8787136902833996
RipVIS-026_00029.jpg,0.8392671331471827,0.7450980824705816,0.8539326126766772,0.767156985220559,0.9628429133819595,0.7996612389449255,0.030296564965313817,0.9442780671291743,0.879588513781292
RipVIS-026_00030.jpg,0.8396548808314381,0.7458410493640834,0.8544203375625213,0.7714981391114858,0.9573144536743052,0.8026575708113662,0.028102305019045242,0.944336419752631,0.8811291774987298
RipVIS-026_00031.jpg,0.8413330816852957,0.7480906212006508,0.8558945538954218,0.7758338757177878,0.9543799492423412,0.8059909465850429,0.030421719066937348,0.9452189429007787,0.8829971584843817
RipVIS-026_00032.jpg,0.8431136872943407,0.7507256312530033,0.8576165423655848,0.7779769195441623,0.955420652611518,0.8079893863263187,0.02873840544588824,0.9459924768513956,0.884190807472156
RipVIS-026_00033.jpg,0.8413138122720826,0.7477635252395834,0.8556804332406239,0.776220929558404,0.9532632499823799,0.8061655257300465,0.027850818351067837,0.9454060570983095,0.8830978067053039
RipVIS-026_00034.jpg,0.8396243412480444,0.7447942646861241,0.853733050091275,0.7709034668920876,0.9565045029489478,0.8020287499379746,0.024942213620118142,0.9449792631168282,0.8808403156715757
RipVIS-026_00035.jpg,0.841379522241811,0.7472741546882126,0.8553599361418561,0.7733787156355384,0.9567827096248641,0.8042102449810999,0.028622443456951495,0.9458203124995439,0.8821259709906777
RipVIS-026_00036.jpg,0.8387380622719429,0.7431561418532545,0.8526558510853312,0.7674784047671342,0.9591001511885051,0.7994222399476221,0.027933866434626437,0.9448085455242358,0.8794396272559466
RipVIS-026_00037.jpg,0.8349859606512864,0.7366127657248438,0.8483327777650989,0.7533655413873053,0.9706961235060634,0.7886813466171148,0.03171796430172305,0.9438281249995448,0.8736867976175025
RipVIS-026_00038.jpg,0.8310644295450049,0.7302164541333795,0.8440752628249927,0.7456407104249859,0.9724519317673062,0.7821247059872913,0.02933985329910314,0.9425077160489281,0.8700349018545928
RipVIS-026_00039.jpg,0.8307447812741977,0.7294429828729856,0.8435582902666385,0.7445913949302208,0.972866185294797,0.7812543342052436,0.030296267364264003,0.942568479937817,0.869569485830414
RipVIS-026_00040.jpg,0.8287539881964308,0.7262324683419994,0.8414074948312453,0.7414823060137714,0.9724602110087,0.7784622411411337,0.03319478768629551,0.9418725887341137,0.8679844828084559
RipVIS-026_00041.jpg,0.8261959727225764,0.7221338320489651,0.8386500730779822,0.7378779023907043,0.9713008782799109,0.7751339315079506,0.035821232835989536,0.9409592013884351,0.8660769878778631
RipVIS-026_00042.jpg,0.825266379457053,0.7204435179184142,0.8375090613728345,0.7361004534339354,0.9713230195179857,0.7735669608514906,0.03332196064862265,0.9407619598760896,0.8652069910377993
RipVIS-026_00043.jpg,0.8265705389095757,0.7225943811441913,0.8389605690739866,0.7381746865310442,0.9716196004876216,0.7754365357755024,0.031816374067847486,0.9411868248452251,0.866263978376572
RipVIS-026_00044.jpg,0.8240897336415661,0.7183288932702403,0.8360784667982293,0.7317832666266706,0.97504361325045,0.7702149324312747,0.024958687103256102,0.9404957561723859,0.8634415193252363
RipVIS-026_00045.jpg,0.8232202309447199,0.7172302217924001,0.8353337982181258,0.7322379272171251,0.9722177732299696,0.7702639387786975,0.024289434943704596,0.9399860146600405,0.8633731944367333
RipVIS-026_00046.jpg,0.8243424130108268,0.7191535606339919,0.8366367927816541,0.7357049353815366,0.9696659151435801,0.773007167296254,0.0225080385839393,0.9403033371909045,0.8648343614881906
RipVIS-026_00047.jpg,0.823625377989988,0.7179866496632512,0.8358465996275191,0.734728752363657,0.9692392040082171,0.7720907036515984,0.027358543890828188,0.9400588348760899,0.8643079000006147
RipVIS-026_00048.jpg,0.8256848039233442,0.7212381036750041,0.8380457092311556,0.735537534752698,0.9737527414352906,0.7733767293651626,0.030961866816678323,0.940828028548929,0.865163103551442
RipVIS-026_00049.jpg,0.8319830290171122,0.7308381248994152,0.8444904400772738,0.7457162247531166,0.973426077815637,0.782317117182586,0.03157954739602237,0.9434042245365821,0.8702161112707402
RipVIS-026_00050.jpg,0.8318918531114954,0.7304502969733172,0.8442314676716548,0.7438257351079337,0.9759738422136425,0.7809789404247359,0.030464106079648827,0.9435344328699153,0.8695416310681341
RipVIS-026_00051.jpg,0.8325318167154677,0.7315235798679924,0.8449478694639113,0.746091494922238,0.9740021812893704,0.7827219459352996,0.027043917957670364,0.9437297453699153,0.8704702957704151
RipVIS-026_00052.jpg,0.8345152443714581,0.7348424106931107,0.8471575356513491,0.7498417610222241,0.9735000776067788,0.7859558974212804,0.02420898547324575,0.944339795524236,0.8722776378254917
RipVIS-026_00053.jpg,0.8381637991329943,0.7406237335575917,0.8509865966768824,0.7566901217907843,0.9721306272921822,0.7917846837208592,0.02320757889886162,0.9456770833328773,0.8755483319245452
RipVIS-026_00054.jpg,0.8378560484704172,0.740033483067667,0.8505968307724666,0.7544774891248278,0.9747827433988476,0.7901950095020287,0.02082283795013586,0.9456331983020131,0.8747203159256796
RipVIS-026_00055.jpg,0.8344569052505864,0.7346010633993958,0.8469971325392324,0.7498953950289136,0.9729862445451765,0.7859360141117807,0.020787929588109086,0.9444184027773224,0.8722608106867868
RipVIS-026_00056.jpg,0.8365882832514693,0.7378732269752698,0.8491680699397411,0.7538167488596856,0.9721347343534505,0.7892668016288356,0.021896175168175158,0.9452705439810256,0.8741332063798872
RipVIS-026_00057.jpg,0.8385095656272485,0.7408599113867637,0.8511424802660852,0.7553354935682485,0.9747844387764261,0.7909480255337448,0.021770845021783704,0.9460127314810253,0.8751587779551617
RipVIS-026_00058.jpg,0.8383614383666902,0.7406048201290109,0.8509741114862802,0.755299957022401,0.9744020129864184,0.7908664829763372,0.02384826889490779,0.945972222221766,0.8751037784486
RipVIS-026_00059.jpg,0.8355218891077965,0.7361128762775966,0.8480011712785609,0.749158672782508,0.9768900991708621,0.7857954057715476,0.02072626644712677,0.9449271797834949,0.8722934543213552
RipVIS-026_00060.jpg,0.846081417052347,0.753595915589607,0.8594863946592022,0.7699514755681256,0.9725848254236895,0.8034296112009861,0.029295774646236856,0.9482836612649748,0.882170191146745
RipVIS-026_00061.jpg,0.8423774675250253,0.7474895565997733,0.8555010286347257,0.7630801112743109,0.9733942754354161,0.7975440085418957,0.027398811207053564,0.9470910493822593,0.8788467779995836
RipVIS-026_00062.jpg,0.8466052690758137,0.7541820917827108,0.8598675078437988,0.7695055669618849,0.9742752618509579,0.8032713057936891,0.027914335761546345,0.9486366705242338,0.8821365763381648
RipVIS-026_00063.jpg,0.8461110281562882,0.7534901079036466,0.8594175747070145,0.7689150304653556,0.9740668163622841,0.8027281339426395,0.02893544733697987,0.9483960262341106,0.8818158839977865
RipVIS-026_00064.jpg,0.8470156860841092,0.7550519105933607,0.8604325673057582,0.7699087233445672,0.9750798987721873,0.8037321398842459,0.02501818995774231,0.9486400462958388,0.8824076218631904
RipVIS-026_00065.jpg,0.8466329660824322,0.7544266819994148,0.8600264573491779,0.7698303724183964,0.974162869852105,0.8035391422369652,0.024995796669562528,0.9485132137341105,0.8822752040293071
RipVIS-026_00066.jpg,0.8489492388945159,0.7579164086383641,0.8622894751012947,0.776339520284457,0.9696400857262002,0.8085779942936957,0.028528444863847525,0.9494757908946039,0.8850597085277896
RipVIS-026_00067.jpg,0.8503571552041164,0.7602210046825825,0.8637790398594541,0.779827839077686,0.9679861415404651,0.8113708875419893,0.02617772132179943,0.9499382716044802,0.8866185363446635
RipVIS-026_00068.jpg,0.8457371111548861,0.7530408649962709,0.8591252834232963,0.7746827424647059,0.9642288716723959,0.8063862944444691,0.023078621906852993,0.9481645447526291,0.8836579888334035
RipVIS-026_00069.jpg,0.8489648538575792,0.7581710929373168,0.862454281022976,0.7778625233163053,0.9676895328040759,0.809626637357106,0.02470777242121169,0.9493287037032458,0.8855984535420292
RipVIS-026_00070.jpg,0.8497002472908428,0.7589837804258674,0.8629798510616282,0.7811791356166171,0.9639157209618828,0.8119651764598579,0.027550052979334667,0.9498302469131222,0.8868826960100367
RipVIS-026_00071.jpg,0.8538113918620301,0.7657538903401907,0.8673393212149858,0.7899162670846396,0.9615887231641994,0.8191653901416646,0.03211111110932716,0.9511516203699116,0.8909606359446892
RipVIS-026_00072.jpg,0.8529539973081587,0.7643151260389259,0.8664156586979949,0.7867667030387674,0.964007753700338,0.8168019028377335,0.036905965619767105,0.9508940972217637,0.8896560692275592
RipVIS-026_00073.jpg,0.853409353078378,0.7650055365837066,0.8668590786003189,0.7857414783388635,0.9666534943257471,0.8162959095846106,0.036572268382987265,0.9510797646600352,0.8894255459274198
RipVIS-026_00074.jpg,0.8542879853334839,0.7663330401610357,0.867710700911952,0.7863381576234139,0.9678685314984881,0.816984360403439,0.03370659427475927,0.9514409722217634,0.8898542742769305
RipVIS-026_00075.jpg,0.8549460391882872,0.7672442681989462,0.8682945329123842,0.7856426265038648,0.9703815113259288,0.816740440383009,0.03523298309529277,0.9517664930550965,0.8897792111388175
RipVIS-026_00076.jpg,0.8542179385796598,0.7663852402672671,0.867744162254557,0.7839134375743212,0.9716513443875539,0.8154239129043344,0.031768664801701436,0.9513073881168251,0.8890301158327591
RipVIS-026_00077.jpg,0.8543665144023667,0.76647270634787,0.8678002253796829,0.7829002872209936,0.9733534469014297,0.8147856206351916,0.033779513986684696,0.9514592978390474,0.8887122389488555
RipVIS-026_00078.jpg,0.8555894040636285,0.7683339417695353,0.8689919065860143,0.7868102980236715,0.9703433754901306,0.8177443232410424,0.0371271358217708,0.9519526427464545,0.8903515749480775
RipVIS-026_00079.jpg,0.8518281923017543,0.7622472390666593,0.8650854683368595,0.7805285594914334,0.9701888199170098,0.8122870309727191,0.035591741783332846,0.9506746720674427,0.8872173670880281
RipVIS-026_00080.jpg,0.8514137362778679,0.7613671624362522,0.8645184021520644,0.7794502258263942,0.970429843730852,0.8113862245270906,0.03486473880393746,0.9506732253081835,0.8867207362636469
RipVIS-026_00081.jpg,0.8491153238008418,0.7577029278448166,0.8621512951268321,0.7768826452580827,0.9684453802757017,0.8088827551346837,0.033774718542041955,0.9498538773143568,0.8852404936457559
RipVIS-026_00082.jpg,0.8492776093573369,0.7572903673049226,0.861884161427852,0.7798252685542167,0.9632436744899306,0.8106995365368499,0.03271327774023481,0.9503616898143565,0.8862252964534794
RipVIS-026_00083.jpg,0.8508100406493504,0.7597486562103063,0.8634740575355317,0.7815709434428766,0.9645523282258354,0.812394156104985,0.03401677539410433,0.9508974729933686,0.8872248135485368
RipVIS-026_00084.jpg,0.8521527403764668,0.7618770919088101,0.8648470377503981,0.7846402724544557,0.96331847993309,0.814868972598033,0.03041538728750273,0.9513835841044794,0.8886263571860127
RipVIS-026_00085.jpg,0.844794063295417,0.7506371706573861,0.857558817142575,0.7722275397657907,0.9640910452202333,0.8042377691701943,0.02747504875372978,0.9484283371909006,0.882495219970449
RipVIS-026_00086.jpg,0.8463134209463952,0.7523841680363229,0.8586977464872049,0.7738967820260501,0.9643701293759117,0.8057246166099852,0.03450302709489784,0.9494256365736162,0.8834062542374457
RipVIS-026_00087.jpg,0.8413092040246071,0.7448798964986084,0.8537893043450541,0.767432572237886,0.9620451693822928,0.7997905792769769,0.02834545664309286,0.9473157793205308,0.8799212837965269
RipVIS-026_00088.jpg,0.8427174698333821,0.7470078424834918,0.855185448305222,0.7713551313715468,0.9594587278451393,0.8028345611700254,0.02521829043972781,0.9478993055550984,0.8816177384276758
RipVIS-026_00089.jpg,0.8447717250323137,0.7502702626630656,0.8573193279551202,0.7763760076467822,0.9571050789424584,0.8068472174447237,0.02453952636857685,0.9486429398143573,0.8838729322793931
RipVIS-026_00090.jpg,0.8444564560442052,0.7497419826970085,0.8569743311998207,0.7755821063544575,0.9574526719357852,0.8062104507005876,0.02509575258531437,0.9485474537032462,0.88351654063507
RipVIS-026_00091.jpg,0.845963565403397,0.752111193847524,0.8585199346805564,0.7788234664520128,0.9563862835266252,0.8088580055416218,0.023922352268117477,0.9491087962958386,0.8850204391819403
RipVIS-026_00092.jpg,0.8456859915940047,0.7517707051151707,0.8582980671157477,0.7805135120642706,0.9533024533501608,0.8098718547120974,0.01767004587315682,0.9489409722217645,0.8855336474102622
RipVIS-026_00093.jpg,0.8466859623638151,0.7532557882621147,0.8592651378139944,0.7814999414752118,0.9542169966059356,0.8108534796440331,0.020126215247022218,0.9493716242279372,0.8861281002759206
RipVIS-026_00094.jpg,0.8465640939023267,0.7531129441636479,0.8591721904408539,0.7798341802602061,0.9564818045425073,0.8097436443790959,0.024490260848360278,0.9492934992279373,0.8855277163066311
RipVIS-026_00095.jpg,0.8465358703092534,0.7529834198262433,0.8590878970217293,0.7792373077250413,0.9571719369746039,0.8093274892673165,0.024616787279923825,0.94934027777732,0.8853098981988612
RipVIS-026_00096.jpg,0.8494594431503357,0.7575977612784524,0.8620832114936083,0.7861836632820559,0.9542037093096433,0.8148811775839526,0.025858698686073236,0.9504147376538626,0.8884598883809092
RipVIS-026_00097.jpg,0.8481256408882604,0.75559165136596,0.8607829170047174,0.7846337861404205,0.9533013230176097,0.8134173616021111,0.025059998882343025,0.9498582175921345,0.887585338051237
RipVIS-026_00098.jpg,0.8501527244546476,0.7588619622360959,0.8629011014273469,0.7894435514040535,0.9514316043966873,0.8172728645115142,0.026220564492221758,0.9505550733020107,0.8897751818569968
RipVIS-026_00099.jpg,0.8520611245801207,0.7617852069619632,0.8647878344665997,0.7938545370473798,0.949641134248295,0.820784112727391,0.027691962027316074,0.9513146219131214,0.8917920675606629
RipVIS-026_00100.jpg,0.8542758848258746,0.765249174935201,0.8670154738503609,0.7974434829751315,0.9498872352643808,0.8238880070420956,0.02700445434148082,0.9521469907402815,0.8936062418080182
RipVIS-026_00101.jpg,0.8566179137266213,0.7689671517259113,0.8693967561530586,0.8048710303166694,0.9451701235115789,0.8294967869136782,0.022171970656766203,0.95298900462917,0.8968018118316934
RipVIS-026_00102.jpg,0.8579227932252214,0.7708671499750788,0.87060980264491,0.8078831250120155,0.9438970440350534,0.8318569524313413,0.024033087412025873,0.9535725308637376,0.8981870696011566
RipVIS-026_00103.jpg,0.8572953851150595,0.770004888209989,0.8700596177321264,0.8079199292887801,0.9425544769545694,0.8316793568355192,0.02243500528739993,0.9532576195983057,0.8980456308253015
RipVIS-026_00104.jpg,0.8621084124397407,0.7776785905556841,0.8749372295838808,0.8159428144671801,0.9431273600674875,0.8385594421103212,0.029843225082315607,0.9549609374995395,0.9020845508205957
RipVIS-026_00105.jpg,0.8578596595280201,0.7707252590192433,0.8705193028602609,0.8104008314634282,0.9402720953991925,0.8334234779974904,0.03189451143740028,0.9535778356476883,0.899062047871322
RipVIS-026_00106.jpg,0.8589984692671364,0.7725864339672993,0.8717052315899108,0.812014548219615,0.9408678401420562,0.8348822282262095,0.030958009679671394,0.9539506172834906,0.8999180357660672
RipVIS-026_00107.jpg,0.8588400610494347,0.7723653083645364,0.8715644621562159,0.8122121891622647,0.9402748965633865,0.834955902481193,0.0304642437122437,0.9538734567896634,0.8999491035555762
RipVIS-026_00108.jpg,0.8573301219377434,0.7698557891559119,0.8699644274667997,0.8086366468232246,0.9413579168095615,0.832100066117541,0.02675080978293584,0.9534071180550958,0.8983046346750432
RipVIS-026_00109.jpg,0.8588026359679493,0.7722412975551138,0.8714855010098854,0.8141004064264583,0.9375741305364662,0.8361230329779649,0.03254719623368174,0.9539033564810214,0.9006106252486517
RipVIS-026_00110.jpg,0.8592877779208516,0.7731580636324729,0.8720689706010635,0.8175363014590522,0.9343966537555175,0.8385099572670726,0.03295658012349169,0.9539790702155894,0.9019544892723685
RipVIS-026_00111.jpg,0.8574536540886355,0.7701668306904523,0.8701629895415556,0.8165881961507022,0.9312612641071027,0.8372064778374132,0.031025179854371338,0.9533743248452192,0.9011634577307922
RipVIS-026_00112.jpg,0.858888366906364,0.7724923079831169,0.8716453149092874,0.8209427788075125,0.9290230336971761,0.8404990984045512,0.03268306474228538,0.9538570601847252,0.9030747430901638
RipVIS-026_00113.jpg,0.8751310808366408,0.7977701184148102,0.8875107114565312,0.8452269041226893,0.93424793614641,0.8616475459728596,0.03441682600176764,0.9599903549378086,0.9157840628576186
RipVIS-026_00114.jpg,0.87139981503085,0.7921558692223618,0.8840256395400338,0.8349414565149716,0.939241360958786,0.8539061951367956,0.04035129361260673,0.9584582368822538,0.9111513543982975
RipVIS-026_00115.jpg,0.8742782755716507,0.796775043318929,0.8868946018385907,0.8394309822841691,0.9400473325512815,0.8577934722313287,0.03634861627212199,0.9594478202155867,0.9134609287261601
RipVIS-026_00116.jpg,0.873266387241046,0.7950401537857503,0.8858187958737368,0.8373242830420871,0.9402758569319569,0.8560706585920942,0.032267544373323874,0.9591743827155869,0.9124596496998436
RipVIS-026_00117.jpg,0.8722384378919341,0.7934101974309459,0.8848061626587195,0.8354560943722371,0.9403524160856406,0.8545204473168025,0.03447056743654053,0.958807870369908,0.9115386936591604
RipVIS-026_00118.jpg,0.8680795283277094,0.7865883172936877,0.8805479244207827,0.825150679643078,0.9439187737032664,0.846451545693674,0.03497531154273599,0.9574749228390445,0.906827351170769
RipVIS-026_00119.jpg,0.8645850354555253,0.7809395350167492,0.8769972474213221,0.818176292714951,0.9449309443139622,0.8407317309283727,0.03965303593322399,0.9562962962958351,0.9034803490527837
RipVIS-026_00120.jpg,0.8645504831456219,0.7810894611895554,0.8770917780490158,0.8234704417786364,0.9381827539716454,0.8441124959545621,0.033934807914206354,0.9561463155859586,0.9053708359620694
RipVIS-026_00121.jpg,0.8645690524293821,0.7808805992874589,0.8769600832306151,0.8207984907827,0.9413716685106975,0.8423772367091673,0.032301401867272116,0.9563131751538598,0.9044163246568702
RipVIS-026_00122.jpg,0.8623702402134474,0.7774776251023499,0.8748100275609169,0.8192376739665502,0.9384704438198808,0.8405972684685812,0.03614599225230924,0.9554682677464528,0.9033224729970044
RipVIS-026_00123.jpg,0.8629920856260525,0.7784032889206994,0.8753956920458766,0.8206879174111706,0.9379181355924642,0.8417294395031357,0.03585237258137947,0.9557320601847242,0.9039945360823907
RipVIS-026_00124.jpg,0.8617036914279375,0.7762351684296334,0.8740229697353663,0.8180086143417413,0.9382725787999314,0.8395301260062435,0.035678947672680345,0.9553539737649713,0.9027199488812502
RipVIS-026_00125.jpg,0.8645053368628847,0.780316919371873,0.8766045088727039,0.8245974295319177,0.9356133228321836,0.8446417482526722,0.039489778086115104,0.9566025270057115,0.9057751549785767
RipVIS-026_00126.jpg,0.8670151813738114,0.7839039617011908,0.8788634125276942,0.823110127682139,0.9427183486428354,0.8445404914525371,0.041117145071246815,0.9577671682094147,0.9058361580025923
RipVIS-026_00127.jpg,0.8620896354482821,0.7757466421164829,0.8737132017796001,0.8140020952814266,0.9428779973478748,0.8368796292692187,0.03734805331861248,0.9562389081785512,0.9013679565701894
RipVIS-026_00128.jpg,0.8667141006847243,0.7829883626839679,0.8782876872009641,0.8216615249562541,0.9432965266545211,0.8434125837524307,0.03363587826815947,0.9579576581785504,0.9052392702520433
RipVIS-026_00129.jpg,0.863513261698532,0.7776683954591664,0.8749307772423968,0.8163065629630366,0.9426268631438538,0.838787546437423,0.031064737963536593,0.9569786844131187,0.9025388281661503
RipVIS-026_00130.jpg,0.8630308355708736,0.7765864102184659,0.8742455821475854,0.8168527918760186,0.9403127788845708,0.8388812641699714,0.025495078855360186,0.9570230516970694,0.9026239614117124
RipVIS-026_00131.jpg,0.8615327485085316,0.7743809834917933,0.8728463511459571,0.8126782900879538,0.9426360636599671,0.8357218713650488,0.022940130407650257,0.9563691165118845,0.900753267909925
RipVIS-026_00132.jpg,0.8601368698117831,0.771991145576357,0.8713261886252366,0.8106723266689824,0.9417901849774244,0.8338915261738917,0.02331912878649863,0.9559891010797859,0.8996940335409885
RipVIS-026_00133.jpg,0.8538177420152178,0.7617844635962512,0.8647873554762254,0.7965734243873582,0.9457783298695188,0.8225255624161536,0.026951782962507297,0.9538435570983055,0.8930933499419407
RipVIS-026_00134.jpg,0.8540196211345641,0.7618947636775425,0.8648584233115781,0.796090742412112,0.9466299375430621,0.8222423998174305,0.027977427975766116,0.9540610532402807,0.8929631988217882
RipVIS-026_00135.jpg,0.8543056011638901,0.7622810245914363,0.8651072263212526,0.7949286316631683,0.9488768106879102,0.8215879334500498,0.02743956761730477,0.9542105516970707,0.892612746524299
RipVIS-026_00136.jpg,0.8513453621074714,0.7574946453411172,0.8620164475028519,0.7913256207993167,0.9465761382132502,0.818163462088729,0.028079170142596924,0.9532065007711452,0.8906036208989139
RipVIS-026_00137.jpg,0.8498098837836232,0.7545542237840807,0.8601093241298854,0.7850610554981786,0.9510227792138026,0.813451939284411,0.027587037704638776,0.9530025077155898,0.8879710766914554
RipVIS-026_00138.jpg,0.8437016317057426,0.7452930375645246,0.8540606322529612,0.7783308673178194,0.94611544215782,0.8069519167687106,0.029713603816842862,0.9504957561723811,0.8840972545472054
RipVIS-026_00139.jpg,0.8491240656634202,0.7536284242647097,0.8595075374427777,0.7869884959881711,0.9467480238494637,0.8144763499590034,0.030545940363724666,0.9526422646600344,0.888501065744414
RipVIS-026_00140.jpg,0.8480357968451,0.7515130559420533,0.8581301217167931,0.7814624979968101,0.9514775617644098,0.8104246957127615,0.02992625098860692,0.9525197723760839,0.8862454590707416
RipVIS-026_00141.jpg,0.8508686126351487,0.7561221549966486,0.8611270609453607,0.7868799427689593,0.9508453568901327,0.8149875134018462,0.024264794867223476,0.9534620949069476,0.8888730508061455
RipVIS-026_00142.jpg,0.8549841707221926,0.762755522426236,0.8654127163095064,0.7947731721535377,0.9498340957636809,0.821598449318573,0.022599212358521706,0.9548717206785519,0.8926994170027073
RipVIS-026_00143.jpg,0.8517199579078918,0.7572812082596775,0.8618782295061933,0.7927728201876366,0.9441818498379239,0.8190411116158207,0.02478178599616787,0.9539023919748486,0.8911929063475234
RipVIS-026_00144.jpg,0.8507735472039258,0.7557621808106865,0.8608935641405935,0.7918716822018819,0.9430966634872586,0.8181083172720697,0.02283939338432064,0.9535734953699105,0.8906413010104296
RipVIS-026_00145.jpg,0.8563251378453411,0.764547822905897,0.8665651482846438,0.8032932643857275,0.9406565338806315,0.8274599172556685,0.021394660581947427,0.955586902005712,0.8961021301133114
RipVIS-026_00146.jpg,0.855093579534244,0.7626314151756471,0.8653328297789933,0.8031086412900751,0.9380089844749915,0.8268926572420964,0.02133267945679319,0.9551181520057123,0.8957466449082587
RipVIS-026_00147.jpg,0.8448916875102858,0.7465621081865003,0.854893283997412,0.7876682369200345,0.9346639613679527,0.813248345859023,0.02002231589263437,0.9513570601847264,0.887712255361916
RipVIS-026_00148.jpg,0.847020205879831,0.7500923109365225,0.8572031386563004,0.7873152134631183,0.9407072788070239,0.8138567686217907,0.02263987098234463,0.9520201581785532,0.8881031365070877
RipVIS-026_00149.jpg,0.8407639129287022,0.7403996602422489,0.8508386632748384,0.7793821224911193,0.936720554269574,0.8064743892522022,0.024313093095310233,0.949592013888431,0.8837366423089202
RipVIS-026_00150.jpg,0.8374011141462769,0.7354540404196133,0.8475638343517167,0.7805550627673292,0.9271581256808135,0.8060455911345842,0.02227876380648636,0.9480994405859625,0.8833242949011557
RipVIS-026_00151.jpg,0.8365411773363087,0.7338606479146158,0.8465047624182019,0.7756720482629669,0.9315741207298565,0.8025333821552353,0.02170938044154582,0.9479456018513946,0.8813675366305627
RipVIS-026_00152.jpg,0.8350493015297794,0.7314198807442859,0.8448786904651576,0.7766473679782009,0.9262534571101773,0.8025732847923575,0.02478198130216563,0.9474537037032468,0.881340385968548
RipVIS-026_00153.jpg,0.8325106143190041,0.7276565850392928,0.842362528919766,0.7737100321414476,0.9243846163385313,0.7997829371604693,0.020859355482084726,0.9463440393513954,0.8796580183464082
RipVIS-026_00154.jpg,0.8353091559877016,0.7318670054020568,0.8451769138383144,0.772253105838376,0.9333092417404603,0.799858560331613,0.02051795320777443,0.947524112653864,0.8798438486947444
RipVIS-026_00155.jpg,0.8344783388804984,0.7306572231119718,0.8443696572081958,0.7704892542345008,0.933921161496939,0.7984336991544382,0.02138168177421809,0.9471460262341111,0.879012576554278
RipVIS-026_00156.jpg,0.8369561679464556,0.7347455274086998,0.8470931508971649,0.7742254534889567,0.9351020548537111,0.8018145711630341,0.02102177031869367,0.9479393325612713,0.8809632305447657
RipVIS-026_00157.jpg,0.839097110799401,0.7381223934772299,0.8493330461044998,0.7789308135207275,0.9337261732974759,0.8056431018508311,0.020344870362216542,0.9487316743822585,0.8831690567365356
RipVIS-026_00158.jpg,0.839489253124335,0.7387080149218217,0.8497206070048933,0.7786595065533248,0.9350544360347371,0.805608324118257,0.020370255710459396,0.9488994984563325,0.8831697391604728
RipVIS-026_00159.jpg,0.8337889913961694,0.7296168615261017,0.8436745475322611,0.7726942006143618,0.9290146213417614,0.7996032087494138,0.020366345854059834,0.9468576388884322,0.8796199989796475
RipVIS-026_00160.jpg,0.8311819119178456,0.7254853976890677,0.8409058676019003,0.770352931391794,0.9256849165331523,0.7971040990667856,0.02099165316924183,0.9459027777773216,0.8781299003336781
RipVIS-026_00161.jpg,0.8349434577845334,0.7312824706898966,0.8447870097113486,0.7818086529628508,0.9188007205304994,0.8058385624612499,0.0252509508058326,0.9473939043205307,0.8831603262733294
RipVIS-026_00162.jpg,0.8386227110770328,0.7372553953621647,0.8487587919776982,0.787068007393356,0.9209427455834349,0.810635960450828,0.023877449762845605,0.9486385995365796,0.88596156461181
RipVIS-026_00163.jpg,0.8368407464523169,0.7348121038334321,0.8471373956980243,0.7920218755005656,0.9104974385373594,0.813184480717854,0.025205920602885616,0.9477242476847282,0.8872979287902835
RipVIS-026_00164.jpg,0.8351406390293492,0.7320278543474553,0.8452841592703463,0.7917120787238989,0.9066324552234852,0.8123048511983602,0.025916051830496865,0.947165316357568,0.8867674089225182
RipVIS-026_00165.jpg,0.8363610952754256,0.7340984111220498,0.846662918798306,0.7932569437089627,0.9077790903872239,0.8137899055100792,0.02629137024272865,0.9475168788575677,0.8876237870461862
RipVIS-026_00166.jpg,0.8392964250422061,0.7390536972778644,0.849949255085916,0.7981092735608994,0.9089914187512848,0.8180674541025207,0.025123456788572626,0.9483786651229994,0.890094320416313
RipVIS-026_00167.jpg,0.8412441380087514,0.7425482273372918,0.8522555825865958,0.8104754064056097,0.8985774368008659,0.8266860787561287,0.020400593470548924,0.9488078703699128,0.895048941179706
RipVIS-026_00168.jpg,0.8424674684570082,0.7444067549312606,0.8534784135946486,0.811214512459892,0.9003882238731202,0.827607628649934,0.02323852016959543,0.9493084490736162,0.8956235513433632
RipVIS-026_00169.jpg,0.8472547500599068,0.7522022437431639,0.8585792495462881,0.8200814168851934,0.9008695956339452,0.8350586947134495,0.021727019497262332,0.9509051890427513,0.9000202225084122
RipVIS-026_00170.jpg,0.8686357163685674,0.7851837924206805,0.8796671757320672,0.8565750193314339,0.9040388969800306,0.8656648518063258,0.022727272725884207,0.9592279128081794,0.9187121453421137
RipVIS-026_00171.jpg,0.8765087318613836,0.7986162633053284,0.8880340733022243,0.883281502948815,0.8928380635304342,0.8851764136563783,0.027883857669401477,0.961384066357561,0.9305232164964606
RipVIS-026_00172.jpg,0.874059091844392,0.7947745026565914,0.8856538818444113,0.8855117758653713,0.885796033438329,0.8855686127862877,0.02943322792328915,0.9604836998452159,0.9308295685835053
RipVIS-026_00173.jpg,0.8745630564663198,0.7954744107521161,0.8860882739274413,0.885430557999353,0.8867469677091054,0.885693527169244,0.025580693814444604,0.9607306134254626,0.930928842274453
RipVIS-026_00174.jpg,0.8745169250958944,0.7951989302903973,0.8859173397142827,0.8809515158435579,0.8909394645174038,0.8829311500097483,0.020723823332685406,0.9608521412032404,0.929232399816619
RipVIS-026_00175.jpg,0.876897910441301,0.7990901815829955,0.8883269885669507,0.8846810639468398,0.8920030885220396,0.8861358365741762,0.021400072541325105,0.9616198881168202,0.9311725701873568
RipVIS-026_00176.jpg,0.87080827374213,0.7895777524215896,0.8824179350164166,0.8835001089464265,0.8813384088883154,0.8830669210167151,0.019605491934791924,0.9593537808637349,0.9293403563671558
RipVIS-026_00177.jpg,0.8742030455663479,0.794992320353201,0.8857891048768055,0.8842117290325268,0.8873721186468003,0.8848420047498413,0.02122627564469779,0.9605420524686725,0.9303634323212276
RipVIS-026_00178.jpg,0.8676343612102733,0.7848425381709988,0.8794529728939104,0.8854560815967235,0.8735307143599416,0.8830450304246098,0.0191146291398936,0.9580179398143528,0.9293240084219826
RipVIS-026_00179.jpg,0.8613969158907164,0.7746804205104025,0.8730365327269487,0.8823987429455763,0.8638709020486267,0.8786298662949683,0.020196667254301557,0.9559683641970699,0.9268014070437758
RipVIS-026_00180.jpg,0.8589659959631049,0.7716335495357182,0.8710983710349534,0.8945421452200738,0.8488520238155113,0.8850148227769448,0.016972046040816768,0.9545461998452187,0.9307629719728714
RipVIS-026_00181.jpg,0.8593167677877898,0.7719801613936377,0.8713191921815716,0.8917659957244694,0.851788998829661,0.8834731896429278,0.016490263726303123,0.9548143325612679,0.9298178477932637
RipVIS-026_00182.jpg,0.8563297309373903,0.7674434907026044,0.8684220963664596,0.8925165860764295,0.845594325876206,0.8827201100571138,0.015622277715568716,0.9536038773143549,0.9293848792954136
RipVIS-026_00183.jpg,0.8647538940241477,0.7806409648198523,0.876808947163394,0.8966005347448249,0.8578722489429558,0.8885776411553624,0.018216963447855145,0.9567390046291683,0.9329032819091669
RipVIS-026_00184.jpg,0.8606348748454073,0.7741422901606424,0.872694703749547,0.8970311658478418,0.8496438596140553,0.8871354993070408,0.02286018075356724,0.9552391975304035,0.9321398789324217
RipVIS-026_00185.jpg,0.8585497503213235,0.7710772607277188,0.8707437872144442,0.9010682650130466,0.8423939306694841,0.8886884972802271,0.025096639903354347,0.9543262924378114,0.9331797737370634
RipVIS-026_00186.jpg,0.8561770385642622,0.7669723568060146,0.8681203798710202,0.9009192675487693,0.8376257571919525,0.8875067342819472,0.027172935035260457,0.9537041859563302,0.9326842266955169
RipVIS-026_00187.jpg,0.857683257673779,0.7694088159055276,0.8696789673355034,0.9014495310482452,0.8400715990431183,0.8884667679308232,0.02816480296429081,0.9542139274686756,0.9332152310744017
RipVIS-026_00188.jpg,0.858089020470902,0.7699646608690457,0.8700339367126076,0.9008177862795826,0.8412845305314237,0.8882464853111951,0.03154100330240066,0.9544193672834903,0.933083149181053
RipVIS-026_00189.jpg,0.8623067665030233,0.7766052969581586,0.87425754982025,0.9035216559613576,0.8468296378878832,0.8915840252033758,0.033895286712935103,0.9559669174378106,0.9350931742546567
RipVIS-026_00190.jpg,0.8616542598730174,0.7755418070245307,0.8735832678862018,0.9033192857056058,0.8457425948579644,0.8911852165450286,0.03259901430837842,0.9557523148143539,0.9348767889836889
RipVIS-026_00191.jpg,0.8582506054351677,0.7703172227440878,0.8702589714967064,0.90328674077911,0.8395612601830919,0.889779301526574,0.029128536393975207,0.954412133487194,0.9340578869321569
RipVIS-026_00192.jpg,0.8579473539820457,0.7698560887292495,0.8699646187414068,0.903396576922585,0.8389187873377707,0.889720119203291,0.028621144844076494,0.9542896412032434,0.9340276234484068
RipVIS-026_00193.jpg,0.8662925619416899,0.7832601634528457,0.8784586562358401,0.9036295862493985,0.8546520142595876,0.8933900791342275,0.02980412572201444,0.957168692129168,0.9359323600817409
RipVIS-026_00194.jpg,0.8694617493420271,0.7882266126976555,0.8815735176970269,0.9032577060060702,0.8609060505992205,0.8944572693014098,0.028640396657839223,0.9583415316353403,0.9365072678547245
RipVIS-026_00195.jpg,0.8699207366056858,0.7889022030566114,0.8819958986116201,0.9031675887169321,0.8617940698356201,0.8945781019068696,0.028878265992477357,0.9585407021600315,0.9365873336207132
RipVIS-026_00196.jpg,0.8706541868435854,0.7898148811518977,0.882566001064406,0.9115563045119699,0.8553628237109521,0.8997346031853246,0.029902090498154135,0.9589718364192906,0.9400899862602927
RipVIS-026_00197.jpg,0.8716188493112813,0.7912694716378194,0.8834734071745604,0.9110816361432167,0.8574891742327801,0.8998338414625557,0.03198608136830928,0.9593668016970682,0.9401364698919676
RipVIS-026_00198.jpg,0.8718739546472215,0.7914079848846146,0.8835597379963555,0.9188900592620877,0.8508456500979334,0.9044242131478869,0.030983628735557864,0.9596383101847223,0.9433385570654409
RipVIS-026_00199.jpg,0.8643890767477769,0.7795126701779176,0.8760967912636228,0.9152537945818984,0.8401528088189014,0.8991783427831421,0.02850212249656343,0.9569815779316373,0.9402755500034627
RipVIS-026_00200.jpg,0.8655289105596287,0.7808306853021733,0.876928606123699,0.9220946779775909,0.8359805779482757,0.9034812140567686,0.024063089779990356,0.9577237654316368,0.9433871822296607
RipVIS-026_00201.jpg,0.8716979063309742,0.7925582699432889,0.8842761579721066,0.8847903635760838,0.883762549691035,0.884584609590693,0.030154900963042477,0.9586115933637352,0.9297331594578285
RipVIS-026_00202.jpg,0.8731007045659354,0.7945883673941125,0.8855383015191601,0.8819501957131898,0.8891557221199303,0.883381943104681,0.02817257279842255,0.9592418981476856,0.9290085159661428
RipVIS-026_00203.jpg,0.8702130612405835,0.7897624023794114,0.8825332360646939,0.8766486948315839,0.8884973116339866,0.8789930692994147,0.026579328586850203,0.9583777006168218,0.9263837125146215
RipVIS-026_00204.jpg,0.8695432112071866,0.7885039828105078,0.8817469688509493,0.876076755122052,0.8874910591447387,0.8783360668770733,0.028073079124828246,0.9582706404316367,0.9260476823191375
RipVIS-026_00205.jpg,0.8704472404954002,0.7897168925509418,0.8825048205533028,0.8747035906682455,0.8904464565311404,0.8778074730433956,0.027372843591102373,0.9587422839501549,0.9257684567747313
RipVIS-026_00206.jpg,0.8721130612008454,0.7922714252916971,0.8840975915941446,0.8766567206530061,0.8916658568051988,0.8796179882753759,0.023110316648167113,0.959395254629167,0.9269020581594485
RipVIS-026_00207.jpg,0.8794347453166267,0.8040642527658778,0.8913920349933624,0.8802612442452454,0.9028079256389413,0.8846800355164612,0.02309069975546305,0.961875964505709,0.9298890230194321
RipVIS-026_00208.jpg,0.8773090322255139,0.8001541452799259,0.888984032148537,0.8845904868321597,0.8934214386474248,0.8863426833209799,0.017472261190060435,0.9614858217587956,0.9311555582765344
RipVIS-026_00209.jpg,0.8808204375818351,0.8057484548494906,0.8924260216704988,0.8894608386928958,0.8954110407497811,0.8906445442245184,0.01977473441573181,0.9627141203699061,0.9337966408004192
RipVIS-026_00210.jpg,0.8853370522990724,0.8131808237806063,0.8969660533747191,0.9008645276515265,0.8931011748584371,0.8993010784646503,0.0326493148867338,0.9641300154316338,0.9391291177170307
RipVIS-026_00211.jpg,0.8904046263293753,0.8213033524059004,0.9018852914545809,0.9030329606866818,0.9007405356747159,0.9025735426698113,0.035505676968202025,0.9658598572526206,0.9410527065088226
RipVIS-026_00212.jpg,0.8918816453763261,0.823434555131527,0.9031687513151592,0.905172510202692,0.9011738441771228,0.9043699406722324,0.029458179903375972,0.966522472993361,0.942241196416025
RipVIS-026_00213.jpg,0.896649182794788,0.8309083062294659,0.907646006522982,0.9043532964242454,0.9109627814599834,0.9056675094710492,0.028870703762430724,0.9682566550921257,0.9429647876572719
RipVIS-026_00214.jpg,0.8961705453600897,0.8298668142750318,0.9070242793640845,0.9108069053791492,0.9032729422669784,0.9092900752930694,0.029183646639333267,0.9682802854933602,0.9454240934294519
RipVIS-026_00215.jpg,0.8981693756461475,0.8332171065184304,0.9090217449485202,0.9152214433010522,0.9029054748065221,0.9127314436265259,0.029363355057649393,0.9688589891970636,0.9475326734989536
RipVIS-026_00216.jpg,0.900953449662639,0.83762536639353,0.9116388810385537,0.9139761186393179,0.9093135666044466,0.9130397869576661,0.03407584194947787,0.9698389274686681,0.947637859825591
RipVIS-026_00217.jpg,0.8980473825757056,0.8329080476125723,0.9088377877956993,0.9119026819723637,0.9057934267513373,0.9106742470505728,0.02815508373808815,0.9688946759254586,0.9462364851791214
RipVIS-026_00218.jpg,0.8996702887062714,0.8354685359739786,0.9103599648801859,0.9106720420181074,0.9100481015571145,0.9105471854928398,0.030952380950333837,0.9694724151229892,0.9461033615948674
RipVIS-026_00219.jpg,0.9010623407016161,0.8377327172613048,0.9117024574822201,0.9124348617016221,0.9109712281073048,0.9121417588531298,0.03924176920257787,0.9699213927464458,0.9470731712859424
RipVIS-026_00220.jpg,0.9023792368226538,0.8399172941108729,0.9129946186160036,0.91456276036024,0.9114318452472824,0.9139348576901003,0.039080766915687036,0.9703168402773098,0.9481612880198823
RipVIS-026_00221.jpg,0.9058000119015095,0.8451776716505632,0.9160935389972805,0.9219848791858586,0.9102770102701798,0.9196192736011488,0.03710377043462771,0.9716237461415067,0.9518164339446236
RipVIS-026_00222.jpg,0.8896312619997502,0.8180441298364846,0.8999166922422941,0.9271815567139178,0.8742095324609935,0.9160797336261304,0.04285511564900985,0.9669762731476819,0.9508725466614412
RipVIS-026_00223.jpg,0.8913311460664342,0.8206473512566936,0.9014896275110559,0.9256271347878531,0.8785789910410662,0.9158186670866397,0.04304753759225661,0.9676393711415087,0.9506334277409813
RipVIS-026_00224.jpg,0.8870073735289808,0.8136640513018399,0.8972599426203497,0.9278664964694943,0.8686080835579342,0.915376681925537,0.04679908544964282,0.9662022569439784,0.950659792450743
RipVIS-026_00225.jpg,0.8834659838153106,0.808085765472673,0.8938577814215818,0.92725285438482,0.8627845391005668,0.913599795714296,0.03731976250796439,0.9649242862649667,0.9496570962779383
RipVIS-026_00226.jpg,0.8859809733493331,0.8121081613658376,0.8963131215674549,0.9271907489251822,0.8674258069967256,0.9145878748178932,0.042554703037613335,0.9657899305550898,0.9501520835139347
RipVIS-026_00227.jpg,0.8804224395205004,0.8032194765702613,0.8908726719145598,0.9294462023845321,0.8553732879754068,0.9136227713092594,0.04237108297075963,0.963873939042745,0.949906095511085
RipVIS-026_00228.jpg,0.883350632802901,0.807721661885636,0.8936349869737146,0.9255260033434485,0.8638685138343218,0.9125002993796852,0.04084237396009059,0.9650091628081766,0.9489948329688828
RipVIS-026_00229.jpg,0.8781550089208803,0.7995925549610895,0.8886373226614934,0.9272294980887237,0.8531292693737742,0.9113972561199462,0.038743307971348034,0.9630912422834862,0.9485457548419015
RipVIS-026_00230.jpg,0.8742711612620142,0.7932020297112544,0.8846767029802857,0.9252607908976416,0.8475032418148377,0.9085883813628182,0.03542559921027443,0.9618716242279312,0.9470027373547929
RipVIS-026_00231.jpg,0.8782544327242492,0.7993817374741086,0.8885071142227383,0.9240961389827028,0.855557660709796,0.9095238009346857,0.032251279532198605,0.9633825231476836,0.9474223023247883
RipVIS-026_00232.jpg,0.877089372972551,0.7974954805146339,0.887340735105833,0.9225778678736694,0.8546962857344955,0.9081524339373598,0.03263452131148606,0.9629957561723751,0.9465777960476665
RipVIS-026_00233.jpg,0.8779229876634886,0.7988609840822952,0.8881853474517833,0.920804041507895,0.8577985682873122,0.9074732242207206,0.035854616893358504,0.9632614776229923,0.9460301833429954
RipVIS-026_00234.jpg,0.8776480094072321,0.798317282249978,0.887849202284435,0.9182628807908997,0.8593855916489812,0.9058507489213203,0.03721353983900669,0.9632388117279306,0.9449853896562072
RipVIS-026_00235.jpg,0.876238256829529,0.7959582324193805,0.8863883558663,0.9164457203431633,0.8582400082170102,0.9041814298188011,0.0400169683229626,0.9628240740736097,0.9439942816713498
RipVIS-026_00236.jpg,0.8759236454889567,0.7951813003757414,0.8859063986565653,0.9150775434880473,0.8585376512234391,0.9031815509244137,0.04132055377768402,0.9629065393513875,0.943458496662719
RipVIS-026_00237.jpg,0.8726407520198598,0.7896420273093503,0.882458072910305,0.9092126562265699,0.8572330468200274,0.8983184790076938,0.04249875630427839,0.9619719328699065,0.9405053680074714
RipVIS-026_00238.jpg,0.8682856854333173,0.7827715355784539,0.8781512605028988,0.9098942047805851,0.8485484495266195,0.8969255695797411,0.03890693404611588,0.9603935185180553,0.9398411367046744
RipVIS-026_00239.jpg,0.8594257221230186,0.7689990563963516,0.8694171470762551,0.9089338076432086,0.8331933658184358,0.8927037748351944,0.04366278233033644,0.9570264274686743,0.9374717463351769
RipVIS-026_00240.jpg,0.8439241837838207,0.7449342839597937,0.8538250303264238,0.9083284541951624,0.8054922023426796,0.8857128680257517,0.037851123592847535,0.9510715663575661,0.9336898714759512
RipVIS-026_00241.jpg,0.8469943636468871,0.749749304745024,0.856979114335786,0.917695689540394,0.803798222475198,0.8924050937367338,0.03196092114222185,0.9522212577155902,0.9381488091422012
RipVIS-026_00242.jpg,0.8459345869497702,0.748127746641666,0.8559188515586423,0.9213898449182045,0.7991349005948591,0.8940352081714757,0.031208638103015766,0.9517963927464546,0.9393902576151087
RipVIS-026_00243.jpg,0.8431357107636744,0.7438491492086998,0.8531118067709396,0.9211497432306645,0.7944333900296479,0.8926725391814861,0.039317559500153226,0.950670331789665,0.9386281606950122
RipVIS-026_00244.jpg,0.8378051219770207,0.735676370561017,0.8477114547837357,0.9239288002907842,0.7831105790886549,0.8918543163685391,0.041336789739975004,0.9485373263884315,0.9384905071070146
RipVIS-026_00245.jpg,0.8363869064481324,0.733537235616413,0.8462895639568782,0.9235524475495771,0.7809560603292494,0.8910140275946192,0.037542662113426016,0.9479441550921355,0.9379882282269527
RipVIS-026_00246.jpg,0.8296194816996207,0.7231138863801666,0.8393106132981714,0.9237775617266706,0.768996313962141,0.8880295811159179,0.03690138898231626,0.9452570408946058,0.9364837449296047
RipVIS-026_00247.jpg,0.8328039267138612,0.7278633537910965,0.8425010602766649,0.9230764432883742,0.7748632163125347,0.8890649724200325,0.03531688437104728,0.9466309799378151,0.937008059813304
RipVIS-026_00248.jpg,0.8273920874862851,0.7195333757165383,0.8368937595255517,0.9158372864511337,0.7704797875705688,0.8825376546610751,0.034411845349985475,0.944474344135347,0.9327931485277678
RipVIS-026_00249.jpg,0.8411626097660165,0.7454728462892646,0.8541786804350238,0.8692288066151842,0.8396408502933083,0.8631455596886357,0.043329458863274606,0.9467086226847287,0.916447520623643
RipVIS-026_00250.jpg,0.8408304749660205,0.7447896585064847,0.8537300239892689,0.8663739274037079,0.841449863577495,0.8612716886467737,0.04344172215117708,0.9466922260797903,0.9153225048168061
RipVIS-026_00251.jpg,0.8363646496583423,0.7375540963157089,0.8489567005477535,0.8636646197732284,0.8347413351701756,0.8577207184960114,0.03651938683263433,0.9451649305550998,0.9132649516677742
RipVIS-026_00252.jpg,0.8389820081995498,0.7417402776829991,0.8517231727220786,0.8659856109650526,0.8379229158922986,0.8602236978203665,0.037943696447984045,0.9460971257711487,0.9147609763858955
RipVIS-026_00253.jpg,0.8385143991313408,0.7408422066686872,0.8511307961522585,0.8611209061545637,0.8413698241014734,0.8570968516307691,0.034580098798063764,0.9460315393513956,0.9128426026842182
RipVIS-026_00254.jpg,0.8387628489256553,0.7412477132187637,0.8513983479680082,0.8629285756626096,0.8401721852544322,0.8582792104194854,0.033322652993699284,0.9461144868822597,0.9135828762531513
RipVIS-026_00255.jpg,0.8394332292981537,0.7423425676346885,0.8521201070607524,0.8642792056870305,0.8402983822751903,0.8593741623223587,0.032683082824900345,0.9463377700612721,0.9142470322684498
RipVIS-026_00256.jpg,0.84133750376965,0.7452765356755743,0.8540497971997169,0.8653925992999763,0.8430004910808212,0.860819514486928,0.03433476394629846,0.947089602623,0.9151402609291601
RipVIS-026_00257.jpg,0.8399346254308344,0.7428242810294134,0.8524373789314642,0.861443668624585,0.8436174600969792,0.8578184117752076,0.029847884441400494,0.9467312885797904,0.9133601972419109
RipVIS-026_00258.jpg,0.8383584508796011,0.7403067230588081,0.8507772948869907,0.8572302171816801,0.8444207973186167,0.8546373373025486,0.0347373828152859,0.9461684992279388,0.9113958279774904
RipVIS-026_00259.jpg,0.8371348033788759,0.7381422325481704,0.8493461797611705,0.8522426374503289,0.8464693433622198,0.8510816869916185,0.0337352488433982,0.9458728780859637,0.9092668053220401
RipVIS-026_00260.jpg,0.8384805821906689,0.740125479912117,0.8506575973469409,0.8534430398175875,0.8478902778164774,0.8523266766991563,0.035425690087567026,0.9464660493822596,0.9100709703702115
RipVIS-026_00261.jpg,0.8386088106956158,0.7404101998140249,0.8508456223632141,0.8551710914670168,0.846563689633735,0.8534356370535666,0.03662008281336568,0.9464578510797905,0.9107373785566658
RipVIS-026_00262.jpg,0.8414513351586219,0.7447958361976801,0.8537340825168005,0.8571061916754729,0.8503884031221006,0.855754156430018,0.029559182622441896,0.9475761959871973,0.9121702440148658
RipVIS-026_00263.jpg,0.839879688122894,0.742137255591826,0.851984828646251,0.8585438174103764,0.845525297038711,0.8559081404903766,0.02836742570253651,0.9471161265427531,0.912372679809158
RipVIS-026_00264.jpg,0.8401676281634651,0.7424610648426389,0.8521981693860003,0.8580835158584837,0.8463930047432769,0.8557196494259431,0.030878552969581488,0.9473109567896666,0.9122934637276194
RipVIS-026_00265.jpg,0.8444272026557302,0.7490435042476025,0.8565178652543848,0.8598634195197359,0.8531982438342365,0.8585220664557358,0.03089978622589235,0.948977141203246,0.9140102425759449
RipVIS-026_00266.jpg,0.8470695194434954,0.7530415743423663,0.8591257450638172,0.8651843651326695,0.8531513882298097,0.8627506917471816,0.04165847906978067,0.9500660686723813,0.9166894815210294
RipVIS-026_00267.jpg,0.8497626959041877,0.7573669717960452,0.8619337724573363,0.8679243217478689,0.8560253517149766,0.8655181373169784,0.03557723577004376,0.9510045331785537,0.9183499209337371
RipVIS-026_00268.jpg,0.8523422486403918,0.7612978957305854,0.8644737469748687,0.8705592674105525,0.8584727158522293,0.8681148066455019,0.038501628661986864,0.9520452353390471,0.9199856716081836
RipVIS-026_00269.jpg,0.8524781761597087,0.761380920290813,0.8645272712107102,0.8682463492457859,0.8608399181499901,0.8667548848779739,0.036227642274066496,0.9521841242279359,0.9191622830361983
RipVIS-026_00270.jpg,0.8466064639545579,0.7521521995329777,0.8585466487825177,0.8662134890522469,0.851014335945764,0.8631303798190669,0.03341118463517509,0.9500033757711468,0.9170051254185858
RipVIS-026_00271.jpg,0.8485726075383483,0.7552958748408118,0.8605909529745915,0.868707947447751,0.8526242407188219,0.8654428446675648,0.030687556646983843,0.9506983024686774,0.9184094145537316
RipVIS-026_00272.jpg,0.8469814271842611,0.7525543626913012,0.8588085810195866,0.8646307472151593,0.8530642998369232,0.8622924334332501,0.028893495722409075,0.9502700617279368,0.9165284778500815
RipVIS-026_00273.jpg,0.8459468822727478,0.7507014664601555,0.8576007741377428,0.8654136902673821,0.8499276651486339,0.8622715033033103,0.03192182410215493,0.9500395447526283,0.9166300848269511
RipVIS-026_00274.jpg,0.84655519849712,0.7515107910177009,0.8581286451350285,0.8649641527236565,0.8514003276844704,0.8622169234579091,0.030179127723898032,0.9503660300921343,0.9166316556442841
RipVIS-026_00275.jpg,0.8505355495742699,0.7577744305443186,0.86219758050487,0.8681598399353411,0.8563166564771217,0.8657650682240033,0.028098960013687814,0.9518397955242324,0.9187855929399507
RipVIS-026_00276.jpg,0.8530574292348202,0.7617118750909523,0.8647405808644245,0.8692796839686158,0.8602486350341715,0.8674583364289699,0.028292114461459787,0.9527927276229973,0.9198076112788505
RipVIS-026_00277.jpg,0.8450424489789505,0.7502346574220305,0.8572960822602749,0.8392875563021504,0.8760943690529243,0.8463994076321771,0.033147740513197736,0.9490547839501596,0.906409497950189
RipVIS-039_00000.jpg,0.8388318977051066,0.7159250171725746,0.8344479042006675,0.9137846369649056,0.7677869980895516,0.8803059280806411,0.01454474302018362,0.9651036844131148,0.9421767056051321
RipVIS-039_00001.jpg,0.8207586686698183,0.6815634549862125,0.810630669886675,0.9241964895588853,0.721920629387491,0.8751543663628345,0.0182009838356851,0.9631153549378071,0.9454734189843299
RipVIS-039_00002.jpg,0.7839950038526841,0.6174121953062637,0.7634568319665156,0.8647200627742226,0.6834242828492108,0.8211536585130486,0.0030959752319803,0.9542283950612682,0.9136542352001508
RipVIS-039_00003.jpg,0.8420731215182637,0.7188332524716405,0.8364199976210325,0.9381022465305706,0.7546250999595474,0.8946001972346892,0.025138869105174558,0.9681385030859528,0.9545484312244383
RipVIS-039_00004.jpg,0.8214353547897406,0.6836206756046261,0.8120839634606204,0.9331683581207665,0.7188134504145692,0.8806454998688008,0.016456047770000273,0.9625477430550914,0.949252922707077
RipVIS-039_00005.jpg,0.8161819308528302,0.6719922662252893,0.8038222183196905,0.9403395194010379,0.7019185690040124,0.8805220656427424,0.022299306242227146,0.9633473186723749,0.9528417855197966
RipVIS-039_00006.jpg,0.8124400208089391,0.6655271510651731,0.7991789874329471,0.9303724223889336,0.7004125889246487,0.873044721028111,0.010104629496194308,0.96239438657361,0.9477837410173178
RipVIS-039_00007.jpg,0.8198100519685048,0.6778857330817946,0.8080237166528772,0.9135032569962671,0.7243815094977811,0.8681707972019173,0.022100610396260392,0.9645862268513866,0.9413136435092264
RipVIS-039_00008.jpg,0.8492392545489394,0.7313164659224576,0.8448096928747304,0.9632603144531893,0.7523004744626228,0.9121058336987862,0.031897355026026995,0.9698562885797792,0.9668653654178897
RipVIS-039_00009.jpg,0.8124755439608764,0.6647268038721325,0.7986016712483835,0.9694591552116467,0.6789444922208533,0.893034737933635,0.011752880227963126,0.9631317515427454,0.9660374599288142
RipVIS-039_00010.jpg,0.7812070550121539,0.6126279520815173,0.7597883334351995,0.9821855101885607,0.6195117196992531,0.8792407070995822,0.012906164590578032,0.9534804205242315,0.9666708389682592
RipVIS-039_00011.jpg,0.7904000887539204,0.6282072754728315,0.7716551632413018,0.9900787391372168,0.6321869321752892,0.889380090822235,0.017046763417258175,0.956108699845218,0.9717184414646501
RipVIS-039_00012.jpg,0.7854781763720894,0.621867952283714,0.7668539863656304,0.9950868344493335,0.6237832323554138,0.8892254987722188,0.01991250565545991,0.9530217978390466,0.9722838757824892
RipVIS-039_00013.jpg,0.777756059493389,0.6085315984390268,0.7566299586897346,0.9807013838792225,0.61590703407574,0.8768337598407706,0.009332745443170727,0.951017554011887,0.9646101309032052
RipVIS-039_00014.jpg,0.7748765577204604,0.6034357851878837,0.7526784555543341,0.98062471819435,0.6107172107148289,0.8746684957583096,0.011833433192642791,0.9503713348760849,0.9642359250707027
RipVIS-039_00015.jpg,0.7513273553894662,0.5615037733421377,0.7191833704510785,0.9850992142785517,0.5663137054668078,0.8581760326566481,0.01795735128924504,0.9452748842588033,0.9636620831331562
RipVIS-039_00016.jpg,0.7334257557954402,0.5337307619896997,0.6959901636155409,0.9986928547172456,0.5341038745575276,0.850697429163835,0.006547951768222634,0.9378766396600415,0.9659535563077302
RipVIS-039_00017.jpg,0.7287361133085188,0.5286161829430139,0.6916270923225212,0.9944569210533507,0.5301783502068289,0.8462451090642764,0.015631198919651576,0.9341126543205371,0.9618631062269002
RipVIS-039_00018.jpg,0.7331878790569863,0.5367493313446998,0.6985515729816896,0.9994629705337084,0.5369041772398646,0.8525615785575844,0.007098911499676691,0.9349320023143639,0.9645650640988991
RipVIS-039_00019.jpg,0.7287134898804923,0.5295773498676513,0.6924492571931372,0.9983016848503988,0.5300548865331308,0.8484064194190367,0.002760188342039277,0.9332696759254758,0.963139770037766
RipVIS-039_00020.jpg,0.7370662236982918,0.5438361408863492,0.7045257284547327,0.9999182949990263,0.5438603088201118,0.8563059828820615,0.010808194869268576,0.9356442901230055,0.9651104592578525
RipVIS-039_00021.jpg,0.7405489125257719,0.5487871070082363,0.7086669362431849,0.9999683008565108,0.5487966542201519,0.8587678406340142,0.005994815294394457,0.9374594907402887,0.9661407260149395
RipVIS-039_00022.jpg,0.6825734363646927,0.46126369125496963,0.6313216348499358,0.999606930693009,0.46134737039091134,0.8104861343855313,0.00268880980603489,0.9111916473761038,0.9517596815136748
RipVIS-039_00023.jpg,0.6899719390136889,0.47105792047898487,0.6404342261732369,0.9987614151890365,0.471333258627669,0.8161131346861978,0.002895375224751907,0.9157243441353609,0.9538694203069689
RipVIS-039_00024.jpg,0.7199744686623819,0.515221853991912,0.6800612763530827,0.9942069322567448,0.5167732623649887,0.839152587004717,0.013246116106848232,0.9303028549378229,0.9596826371479557
RipVIS-039_00025.jpg,0.7531428109312727,0.5733483616544534,0.7288257014505666,0.9894947069427894,0.5768597877970029,0.8656523473597568,0.009562841529286175,0.9384813850304116,0.9616627281855443
RipVIS-039_00026.jpg,0.7597382046861278,0.5841944261333326,0.7375286978621958,0.9788076319653695,0.5916782778657128,0.8655441984384937,0.013989927251259898,0.9406761188267069,0.9579672576203269
RipVIS-039_00027.jpg,0.7593554960129245,0.5865647891025372,0.7394148579766929,0.9923702395690691,0.5892220374174398,0.8729192353639385,0.009684113441727453,0.938104745369918,0.9626034408537716
RipVIS-039_00028.jpg,0.767771756813115,0.5988923574650598,0.7491340547959899,0.9716400509667237,0.6095474275740922,0.8684607957938163,0.010192525480544166,0.9421252893513975,0.9554421111973234
RipVIS-039_00029.jpg,0.7567128684898571,0.5846812853722677,0.7379165650144174,0.9835489862440829,0.5904556357893654,0.8679783947783095,0.008419739611100043,0.9352406442896725,0.9569271752036346
RipVIS-039_00030.jpg,0.7508207755387912,0.5748368427515859,0.7300271712556834,0.9715046798453152,0.5846951587986564,0.8579835708988588,0.008858497163038426,0.9333960262341178,0.9505037236046078
RipVIS-039_00031.jpg,0.77698554756576,0.615482939491445,0.7619801168376305,0.9670095261828808,0.6286839194547861,0.8730439814706084,0.011214230470903771,0.9440017361106559,0.9543303694371263
RipVIS-039_00032.jpg,0.720000835679995,0.5299715006409442,0.692786108001261,0.990719462149045,0.5326156677900198,0.845309061422782,0.0035205877848216295,0.9183164544748658,0.9508076155466226
RipVIS-039_00033.jpg,0.7330273539408139,0.5493924683292178,0.7091714714757241,0.9974341858181535,0.5501700044283129,0.8579405479407812,0.014314928424231954,0.9243489583328875,0.9571680411256922
RipVIS-039_00034.jpg,0.7522442682914862,0.5773216813324594,0.7320278268726526,0.978440902827723,0.584760289981534,0.8623307907127243,0.017911160641783858,0.9337567515427596,0.953822268351008
RipVIS-039_00035.jpg,0.721288688863287,0.5258859507089828,0.6892860511162539,0.9147440443859008,0.5529899871353849,0.8089097952407305,0.007805255022580737,0.9237384259254805,0.9196994790330022
RipVIS-039_00036.jpg,0.7499712843641353,0.5739385870609796,0.7293023905496806,0.9897944137791749,0.5773552449682772,0.8660589383430987,0.020816780548163293,0.9327112268514021,0.9583755453119386
RipVIS-039_00037.jpg,0.8720883300455549,0.7831962163642047,0.8784184367114456,0.9851711699201444,0.7925392204457022,0.9395007822510788,0.01702636098745229,0.9658010223760775,0.974097424065745
RipVIS-039_00038.jpg,0.8461652864440203,0.7388745659726177,0.8498307818532471,0.9327473512879902,0.7804524652702002,0.8977120455582018,0.007965776662637132,0.9588724922834881,0.947671980939536
RipVIS-039_00039.jpg,0.8647266687507672,0.7699411605443662,0.8700189336323042,0.9564572051402667,0.7979091829535921,0.9198995956763091,0.012059998491591166,0.9643436535489176,0.960962532854309
RipVIS-039_00040.jpg,0.8513765300025807,0.7497716092739817,0.8569936845472973,0.954511397308801,0.7775547572679893,0.9129570721710353,0.011903859275767393,0.9587876157402784,0.9569672203384759
RipVIS-039_00041.jpg,0.8432004705912421,0.7369598469246809,0.8485629051580919,0.9727844344169418,0.7524742919291508,0.918972882615156,0.025035927688901297,0.9557142168205267,0.9630015502592671
RipVIS-039_00042.jpg,0.8312728924844557,0.7184541995834174,0.8361633376758985,0.9788982951479354,0.7297562405553651,0.9163304310894033,0.023220920261273155,0.9510720486106524,0.9629511670649611
RipVIS-039_00043.jpg,0.7020583258254685,0.4876301501102279,0.6555798160908426,0.5863397211851978,0.7433625302441568,0.6122032452060914,0.007064364206528222,0.922635513116839,0.7786348646459157
RipVIS-039_00044.jpg,0.8461684443215982,0.7374928918912697,0.8489161542278368,0.8965244440996332,0.8061092004005369,0.8768544032404917,0.021093512030072075,0.9599276620365741,0.932778632173032
RipVIS-039_00045.jpg,0.8459229329999123,0.736756357709643,0.8484279956012304,0.9370778240472348,0.7751015174872032,0.8994840134291702,0.018290434396467995,0.9601041666662037,0.9501484453592055
RipVIS-039_00046.jpg,0.7448977379883266,0.5607188343841772,0.7185392038988543,0.7099832958664083,0.7273038393418682,0.7133810912713707,0.006520543639993672,0.934964313271154,0.8373682483660031
RipVIS-044_00000.jpg,0.7458367256530005,0.507817462984732,0.6735794954642651,0.7698473844576321,0.5987117750954991,0.7282167304170012,0.02982693994498549,0.9841204909335233,0.8793136054548469
RipVIS-044_00006.jpg,0.7581935771829749,0.5323957702066761,0.6948541369764695,0.8723809299924064,0.5773626433429226,0.7914940800801761,0.016214644076476794,0.9842779465662393,0.9295015036379495
RipVIS-044_00012.jpg,0.9046319338519211,0.8137861905178742,0.8973342004390508,0.9524960744173703,0.8482117416082811,0.9296370235514831,0.05079781861737045,0.9955653211804355,0.9744779601623376
RipVIS-044_00018.jpg,0.7618919969352367,0.5401756012791241,0.7014467711740211,0.9429190360084068,0.5584366524928157,0.8287944164181678,0.031201593270546463,0.9839180652004986,0.9638376723713686
RipVIS-044_00024.jpg,0.8841745645483527,0.7739564190037798,0.8725765872404228,0.9545174080057027,0.8035920013125226,0.9199611864510567,0.026557261335225228,0.9944983362267319,0.9749103238918748
RipVIS-044_00030.jpg,0.8895585143838738,0.7844672212280428,0.8792172945470913,0.982164554758709,0.7958037602367063,0.9382221090469789,0.021485460268430685,0.9947520013501887,0.9885831048628629
RipVIS-044_00036.jpg,0.8815947986336614,0.7688399788911392,0.8693154701004826,0.9561731326807558,0.7969238301554391,0.9194272981626237,0.012051492740614306,0.9944538483795097,0.9756900111740004
RipVIS-044_00042.jpg,0.8774077084472434,0.7606754872518047,0.8640723321923729,0.9582796269558074,0.7867298824001228,0.9182346452326146,0.01775039087485051,0.9942470823687073,0.9766131828872867
RipVIS-044_00048.jpg,0.8879174486994938,0.7811034391211011,0.8771005905266709,0.9670261629866181,0.802476773688723,0.9289303748300641,0.016976904514221226,0.9948286795909295,0.981197851008163
RipVIS-044_00054.jpg,0.875839668168872,0.7575978555476662,0.8620832725260685,0.9734661962120282,0.773572019119648,0.9256289348753928,0.01964554422173169,0.9941889708717937,0.9840245677433602
RipVIS-044_00060.jpg,0.871608617138527,0.7493474026588354,0.856716512134641,0.963810224815895,0.7710422057925348,0.9179128064925945,0.027988338190088433,0.993980155285374,0.9791822252408021
RipVIS-044_00066.jpg,0.8680772129370469,0.7421831972140018,0.8520151019718915,0.9239464026790564,0.7904748603307794,0.8937640228003153,0.016222961729099587,0.9940740740739542,0.9596698103893215
RipVIS-044_00072.jpg,0.8594485148589786,0.7253252162394611,0.840798255786684,0.9121906543966463,0.7797697498069246,0.8822266177606375,0.015926167917679993,0.9936791087961765,0.9536943210366149
RipVIS-044_00078.jpg,0.8748997936360502,0.7556020779987304,0.8607896828876695,0.9491574948803665,0.7874747474705052,0.9117190277491908,0.024321172744934103,0.9942997685183986,0.9721556463498188
RipVIS-044_00084.jpg,0.8845638402355525,0.7749132920287276,0.8731843921716322,0.9417400656902896,0.8139326881485024,0.9130653390963593,0.021810344825706002,0.9943273775075961,0.9685905327715214
RipVIS-044_00090.jpg,0.8893937291146672,0.7842798218715441,0.8790995809714501,0.9300708512985774,0.8334248628297837,0.9089891301062135,0.026744597943079648,0.9946151620369171,0.9630369180488638
RipVIS-044_00096.jpg,0.8932528180890281,0.7917386431996646,0.8837657726528547,0.9387950492869356,0.8348305736253433,0.9159809637471027,0.01998609662669568,0.994869068286917,0.9674269656929135
RipVIS-044_00102.jpg,0.9273592094042956,0.858186832816493,0.9236819653013266,0.9446183335035282,0.9036535342888292,0.9361309180027626,0.04114041604372767,0.9966028886958674,0.9711888655003544
RipVIS-044_00108.jpg,0.9074679609427057,0.819239288125588,0.9006393974370163,0.9656700158780548,0.8438148112650956,0.9385624750092865,0.02944606413708007,0.9957789592977194,0.9810287533164733
RipVIS-044_00114.jpg,0.9110633229733596,0.8262395878729865,0.9048534413113936,0.9440525000982356,0.8687798618458035,0.9279722653502351,0.032654992897997635,0.9959659529319786,0.9705475770656073
RipVIS-044_00120.jpg,0.9185794649972331,0.8408509285461581,0.9135459210814357,0.9458639536005515,0.8833633914407668,0.9326661777012986,0.03958431742658627,0.9963786410106823,0.9716427567691043
RipVIS-044_00126.jpg,0.8730606927102544,0.7517040187537395,0.8582546031818137,0.9346862117532634,0.7933781085032926,0.9025361754280754,0.027887323941043443,0.9945101514273492,0.9651396943262801
RipVIS-044_00132.jpg,0.9101082799354053,0.8239191806022729,0.9034601854784027,0.9394769746405898,0.8701029911738647,0.9247310701679043,0.044023378578052094,0.99636043595667,0.9684437988337765
RipVIS-044_00138.jpg,0.9031445691799077,0.8102536718707039,0.895182464713239,0.8946314725490162,0.8957341359880656,0.8948517880056511,0.02329682568931717,0.9961014660492626,0.9463284580542478
RipVIS-044_00144.jpg,0.9269187305494464,0.856770583719587,0.9228610052656652,0.9514935799284712,0.8959013261280536,0.9398299593758255,0.0390670553897894,0.9971174527390773,0.9747265409246868
RipVIS-044_00150.jpg,0.9349105394664918,0.8724971190861084,0.9319075689814035,0.963577399634588,0.9022532740471085,0.9506546282876412,0.048109611615523885,0.9973720823687069,0.9807960842041428
RipVIS-044_00156.jpg,0.9207193481163574,0.8447457275496689,0.915839744127473,0.9378654316031149,0.8948248606826446,0.9289292371716158,0.03180368532673603,0.9967514226464848,0.9678739891586696
RipVIS-044_00162.jpg,0.9277201998249867,0.8584553314071558,0.9238374653397391,0.9776112055491023,0.8756709722505531,0.9553676005547138,0.04385382059384396,0.9970392071758057,0.9875069735722757
RipVIS-044_00168.jpg,0.9147795889530548,0.8332745528041987,0.9090559311256592,0.9776172958371686,0.8494809105365638,0.9489880707321237,0.04205607476234445,0.9963523582174725,0.9871628310502178
RipVIS-044_00174.jpg,0.9198112735478371,0.843372751272213,0.9150322426000439,0.9746911344701957,0.862255321602799,0.9499177813342221,0.04938478278652508,0.9963240258486453,0.9857317888770061
RipVIS-044_00180.jpg,0.9039785888640982,0.8126261853360287,0.8966285403025691,0.9623132321593617,0.8393377929106961,0.9349173788397145,0.030562742558977785,0.9954236593362997,0.9792170794461297
RipVIS-044_00186.jpg,0.8439453070557676,0.6961208949167708,0.8208387704001838,0.9622828410690565,0.7156471910183769,0.9002328486718242,0.031075110454265455,0.9919220196758063,0.9773930018390615
RipVIS-044_00192.jpg,0.8600895792957703,0.7274605058529195,0.8422311287443782,0.972180552817159,0.7429257360817155,0.9156684690777824,0.02113330236715178,0.9928574701001889,0.9827258074827874
RipVIS-044_00198.jpg,0.8537622764593495,0.7154323691666095,0.8341131740613947,0.9763471896755129,0.7280509001146961,0.9140043278786385,0.02816474863505718,0.9922463348764236,0.9844587150449192
RipVIS-044_00204.jpg,0.8772080806092188,0.7604037106735537,0.8638969641601281,0.9308186698064005,0.8059525732436107,0.9028432007751531,0.022995698081893178,0.9941241078316703,0.9631184911915699
RipVIS-044_00210.jpg,0.8516809040186119,0.7104959228949387,0.8307484553280382,0.8418001120596785,0.8199832237853335,0.837344350625883,0.013340879688442685,0.992988642939695,0.9189718370030999
RipVIS-044_00216.jpg,0.779229304109406,0.5686480391417513,0.7250167340952706,0.6662041048783127,0.7952188065041936,0.6885457610898588,0.009766594933805115,0.9899456259643868,0.83136077509398
RipVIS-044_00222.jpg,0.8859868303352613,0.7778352919195214,0.8750363944903983,0.9590669165873625,0.8045446433269927,0.9235896623783352,0.016404532384880387,0.9942562451773492,0.9770384093544068
RipVIS-044_00228.jpg,0.8866296081677146,0.7794641840552304,0.8760661676020984,0.944893593297918,0.8165849317104859,0.9161043947277677,0.011597216667072125,0.9939281925153123,0.9699806662339554
RipVIS-044_00234.jpg,0.8536210714755137,0.7149689902767528,0.833798155337345,0.9867787107773418,0.7218842549963981,0.919310742828496,0.017209995034154393,0.9924200665508063,0.9896548057829879
RipVIS-044_00240.jpg,0.8811673813800576,0.7690564823134624,0.8694538472934884,0.9861789942381547,0.7774357613138965,0.9359196901072214,0.0233041413074585,0.9934254436727197,0.989884482729835
RipVIS-044_00246.jpg,0.8637423314926302,0.7346053216364725,0.8469999630157095,0.9848513701893588,0.7430008110265647,0.9246553615488342,0.018827283604401494,0.9930169753085222,0.9890159064934969
RipVIS-044_00252.jpg,0.8478441052346587,0.7037796791604641,0.8261393040058453,0.9917023232164324,0.707948503288875,0.9181049406987049,0.009805608118888216,0.9920611496912384,0.9918852149556958
RipVIS-044_00258.jpg,0.8875102063441975,0.7814294065906746,0.8773060596166822,0.9430548082829491,0.820127657316812,0.9156071358170708,0.018716992853470255,0.9937345679011147,0.9690112217586047
RipVIS-044_00264.jpg,0.8702146095058572,0.7476423730898908,0.8556011053543338,0.9910909070085373,0.7527010439811385,0.9320523713515086,0.01209302325487651,0.9929377652390778,0.9920342509347242
RipVIS-044_00270.jpg,0.8609004466962797,0.7297839255235948,0.843786226424429,0.9876218631466215,0.7365205720337411,0.9245787070243137,0.04124513618356069,0.9921854504242631,0.9899534825566487
RipVIS-044_00276.jpg,0.8318071091123801,0.6741903529287944,0.8053927102726157,0.9055987193558791,0.7251532890786115,0.8626659673455909,0.0143718452037036,0.9896503665122264,0.9486424729043441
RipVIS-044_00282.jpg,0.8667469679268013,0.7416275068459789,0.8516488214968976,0.9893653175451902,0.7475870842308198,0.9292587321651488,0.020366073728592757,0.9920519868825964,0.9907403593747326
RipVIS-044_00288.jpg,0.8771191952240508,0.7616088320490711,0.8646741753254968,0.9930678074547452,0.7656795473666158,0.9373913094739821,0.025142759735349633,0.9927991174767321,0.9929302764399384
RipVIS-044_00294.jpg,0.8544943434768926,0.7182618542294346,0.8360330556852682,0.897307501330804,0.7825921764854148,0.8717506004807487,0.017744187955496246,0.9909409963347571,0.9453610554542271
RipVIS-044_00300.jpg,0.8896419977370476,0.7857868969747821,0.8800455399308247,0.9855668946333044,0.7949345531399068,0.9404607331473633,0.01887985546351582,0.9936486062884604,0.9897055878634671
RipVIS-044_00306.jpg,0.8899102558242272,0.7863370680969434,0.8803904729297923,0.9814236637315276,0.7982175361863236,0.9383498320502429,0.02971859384327881,0.9936360677082136,0.987679148446035
RipVIS-044_00312.jpg,0.8945865615299421,0.7953367875615066,0.8860028860008631,0.9854486538050097,0.8047883129293376,0.9431065977214641,0.03192227619431625,0.9939805169751887,0.9898183104734444
RipVIS-044_00318.jpg,0.8779205865733115,0.7631640916516802,0.8656756285647476,0.980242381982425,0.7750866454497453,0.9309597049907932,0.015501234987181565,0.9928458960261148,0.9866959102027013
RipVIS-044_00324.jpg,0.8934677691186164,0.7932063579923081,0.8846793950478627,0.9704222475656362,0.8128582991863412,0.934205100171668,0.021408021660060245,0.9938764708717938,0.9824402447679845
RipVIS-044_00330.jpg,0.8942635110141584,0.7948606132345616,0.8857073439280883,0.9692317449119481,0.8154363931095838,0.9340003253160785,0.025770503219069256,0.993818118248337,0.9818364381926727
RipVIS-044_00336.jpg,0.8860746128077921,0.778886350376001,0.8757010814225077,0.9658330026423122,0.8009555864701579,0.927641824571154,0.034952755244171525,0.9934190538193246,0.9799652278752922
RipVIS-044_00342.jpg,0.8941565943853643,0.7946385964880415,0.8855694935382346,0.9756581506251598,0.8107114073059034,0.9375091663126301,0.02984068110681609,0.9938257137344481,0.984969952549321
RipVIS-044_00348.jpg,0.8928553251261351,0.7921737955987345,0.8840368021719488,0.9595305914232398,0.8195559171965185,0.9278369221635896,0.020137032083878924,0.9936922501927814,0.9770504220025269
RipVIS-044_00354.jpg,0.8924553371380892,0.7914773396084305,0.8836029595344215,0.9706366392330944,0.810892951899871,0.9338437093745486,0.031041754531333465,0.9935930266202505,0.9824098006981283
RipVIS-044_00360.jpg,0.8254706845718625,0.6611615733315076,0.7960231971963196,0.9889382824397432,0.6660875493865214,0.9015431995819575,0.024243528980655894,0.9899796248069794,0.9894694554720669
RipVIS-044_00366.jpg,0.8678947712275251,0.7429906747280255,0.8525469304004865,0.9884125212496221,0.749519226505244,0.9291811779699191,0.01922392310259666,0.9929457224150037,0.990726872344148
RipVIS-044_00372.jpg,0.8756930336975688,0.7582373647353081,0.8624971576001698,0.9924349290078242,0.7626453361274471,0.936028720660249,0.017540654118624096,0.9932928240739543,0.9928731653938574
RipVIS-044_00378.jpg,0.8700132085013217,0.7474102544620013,0.8554490882189729,0.9958726878573023,0.7497326112749274,0.93451192201291,0.021066129325786213,0.9927740403162383,0.9942893700175135
RipVIS-044_00384.jpg,0.9052034309544423,0.8160647991867314,0.898717710460751,0.9888896462360688,0.8236162361590218,0.950733299256871,0.03510469821968109,0.994480613425806,0.991756112045191
RipVIS-044_00390.jpg,0.8984320900179028,0.8031776263000309,0.89084692998114,0.9940972122761087,0.8070264469886107,0.9500523081722057,0.03333044006307348,0.9938451244211765,0.9939679012432256
RipVIS-044_00396.jpg,0.8730531601885692,0.7541887895600439,0.8598718610545868,0.9969650458670631,0.7559243134095274,0.9371964886066493,0.024607733857102996,0.9921131124613001,0.9944787315457919
RipVIS-044_00402.jpg,0.8930450474462639,0.7931267950131111,0.8846299070638916,0.9961368249684722,0.7955738770354411,0.9483226874605023,0.036855248425311696,0.9931481481480284,0.9946020119337805
RipVIS-044_00408.jpg,0.8646788680413918,0.7384223991181847,0.8495316207300938,0.9974599716548382,0.7398135371433583,0.9325091065078412,0.027656477435768774,0.9911615065585224,0.9942299424239467
RipVIS-044_00414.jpg,0.8814957120267792,0.771330976817445,0.8709055359075777,0.9953552631535291,0.7741172939075316,0.9415381015482579,0.04168793601823312,0.9918886236495718,0.9935729504302189
RipVIS-044_00420.jpg,0.8458096606783084,0.7029939190542598,0.8255976855685547,0.9946256231944627,0.7056744723360365,0.9193377369211413,0.024024719967244132,0.9889236111109918,0.9916974337446558
RipVIS-044_00426.jpg,0.85867032623115,0.7277979760156918,0.8424572619236382,0.9966381877092998,0.7295890977979265,0.9286556361067798,0.0186825575762053,0.9898271122683991,0.9931371003230789
RipVIS-044_00432.jpg,0.8579536497506556,0.7266141951638205,0.8416636411296036,0.9954500700446515,0.7290354346318227,0.9276509538672467,0.017556402922024435,0.9895893614967942,0.9924359341749889
RipVIS-044_00438.jpg,0.9002513446152751,0.8082298856231633,0.8939459435431532,0.9904139928408184,0.8146022631707637,0.949431726624867,0.040397713924653744,0.9925165171680902,0.9914998335807649
RipVIS-044_00444.jpg,0.8968642916168486,0.8017240847140978,0.8899521203229266,0.9955045414440826,0.8046371873281045,0.9504150979294498,0.03145488604187833,0.9922548948687075,0.9938269433105371
RipVIS-044_00450.jpg,0.9111359137068185,0.8292946068126105,0.9066823941033593,0.9927550690898932,0.8343440811011987,0.9564366997334571,0.026892655365205825,0.9932089120369173,0.9929897908803101
RipVIS-044_00456.jpg,0.8906012791560824,0.7901793127535209,0.8827934800990698,0.9898328218080139,0.7966452158616595,0.9440463055455972,0.02060233742728481,0.9913167920523496,0.9906001571000422
RipVIS-044_00462.jpg,0.8977308986423784,0.8039445229353134,0.8913184554336115,0.9945779350458215,0.8074835645376134,0.9505302618103767,0.03447765610872465,0.9918024209103742,0.9931416335359977
RipVIS-044_00468.jpg,0.8603265426817143,0.7323099866275489,0.8454722218085295,0.9907430311799804,0.7373551993028931,0.9270293787689082,0.020236336778416814,0.9887033420137696,0.9896903507445567
RipVIS-044_00474.jpg,0.8474804198126246,0.7077205149647036,0.8288481736478188,0.9943200908745687,0.7105932663646767,0.9207892479267944,0.013678696157328384,0.9876227334103748,0.9908673417960795
RipVIS-044_00480.jpg,0.8456111287304119,0.7043924576308292,0.8265613409366546,0.9946558838443165,0.7070684148576594,0.9198309191420874,0.014751773048599164,0.9872305410878439,0.9908260527122146
RipVIS-044_00486.jpg,0.8883358529482377,0.7864976085365492,0.8804910846545458,0.9943511549897752,0.7900274848103056,0.945447224296089,0.015570234563523171,0.9905173369983373,0.9923644519849708
RipVIS-044_00492.jpg,0.8499289940693764,0.7133218897309693,0.8326770281829261,0.9894055088373681,0.7188123258866148,0.9201298816855599,0.01878179209477098,0.9869725356866094,0.9881478171815109
RipVIS-044_00498.jpg,0.893231067303596,0.7962224510146905,0.8865521645884143,0.9861798880118258,0.8052070230309684,0.9437573871393775,0.019102008663574765,0.9905982349535842,0.9884745381980233
RipVIS-044_00504.jpg,0.8480346361145545,0.7102940765399179,0.8306104620053507,0.984471852808434,0.7183420365516787,0.9165588980583288,0.01798649478097075,0.9862545814042021,0.9853948120816891
RipVIS-044_00510.jpg,0.882357967434814,0.7758503349899531,0.8737789662824739,0.994044773995317,0.7794733616604974,0.9421729851639895,0.017129659330395224,0.9892787905091399,0.9915693712761393
RipVIS-044_00516.jpg,0.8559663426898219,0.7257504427482606,0.8410838841709949,0.9697727988301219,0.7425477487152574,0.9138441953348799,0.015583939374467766,0.9866696807483378,0.9785401590714851
RipVIS-044_00522.jpg,0.8772244449779312,0.7667104946016071,0.8679526124335387,0.9807183387889495,0.7784448547029446,0.9322695846250089,0.01564824180307918,0.9882133728779673,0.9846199644982834
RipVIS-044_00528.jpg,0.8712860500287376,0.7555282148331822,0.8607417510575024,0.974044711786263,0.7710514051958849,0.9253230853221117,0.021973882469740465,0.9875426793980291,0.9810714237035831
RipVIS-044_00534.jpg,0.8700652238083082,0.7533141683760556,0.8593031208705577,0.9710123446304293,0.7706449769752615,0.923015611036415,0.01806278131653342,0.9873265094520415,0.9795080390093773
RipVIS-044_00540.jpg,0.9034451788338898,0.8170943338225737,0.8993416782095993,0.9639899978114513,0.8428194514347047,0.9370465193415979,0.02023802679122417,0.9902408854165472,0.9777371634099704
RipVIS-044_00546.jpg,0.9130587480467933,0.8350758493295952,0.9101267935433535,0.9769435396281841,0.8518646506895944,0.9490731462397394,0.01572606214231287,0.9914303626542015,0.9845236244695934
RipVIS-044_00552.jpg,0.8525422979297876,0.7205110152152612,0.8375546670070168,0.9733468741532689,0.7350126154663205,0.9140679699768055,0.014748756644672225,0.985163604359449,0.979496904361141
RipVIS-044_00558.jpg,0.8658339344391862,0.7457825658264683,0.8543819607608563,0.9929994971651938,0.749724361027378,0.9324838848132425,0.01762410049898621,0.9864465181325971,0.9895863402263114
RipVIS-044_00564.jpg,0.8688942922482665,0.7515272913895932,0.8581394022052159,0.9935388181291589,0.7552182942676239,0.9345561596761021,0.008801984876606687,0.9868094135801279,0.9900333520167915
RipVIS-044_00570.jpg,0.8756361722553183,0.7656394449816326,0.867265904324648,0.9934412652587603,0.7695292452345712,0.9388077743397507,0.010895607529327118,0.9862770061727205,0.9896898413125526
RipVIS-044_00576.jpg,0.8546035304271644,0.7264204061580627,0.841533619003754,0.992824886140274,0.7302541066971563,0.9262185055151915,0.007296380090085046,0.9835390142745728,0.9879681376888214
RipVIS-044_00582.jpg,0.8519551591831039,0.7224805732987755,0.8388838568032506,0.997543305112644,0.723768363846921,0.9273842382017329,0.01076462101815755,0.9822861207560544,0.9895449571294861
RipVIS-044_00588.jpg,0.852059987046737,0.7241736853576711,0.8400240550098002,0.9950160575024284,0.7268100568140218,0.9266276027415924,0.010950593799241654,0.980949315200499,0.9876104234186724
RipVIS-044_00594.jpg,0.8417810618681636,0.7054423651097194,0.8272837353425718,0.9931465178274866,0.7088933288006589,0.9194129783764964,0.008162190626215787,0.9792092255014251,0.9858100515074482
RipVIS-044_00600.jpg,0.9011615986603585,0.8169779357727661,0.8992711685574795,0.9882329427132377,0.8250034829193922,0.9506164681708594,0.015597742431216123,0.9862450569057453,0.9871731544043724
RipVIS-044_00606.jpg,0.9057798382497488,0.8261824513311995,0.9048191769983903,0.9857901031799704,0.8361402088196912,0.9517227984992276,0.015233112785801245,0.986327522183523,0.9860777773844194
RipVIS-044_00612.jpg,0.9167836311998387,0.8468827447611403,0.9170942196123758,0.9895282949939136,0.8545412764103932,0.9592236748225387,0.0162576842952671,0.9875978973764241,0.9884912037454047
RipVIS-044_00618.jpg,0.8649667138216657,0.7526758265086577,0.8588876677873661,0.995420642702608,0.7552911187971273,0.9359099195396409,0.008570848970049151,0.9787297453702524,0.9864947517778173
RipVIS-044_00624.jpg,0.8671834981183313,0.7577100319025629,0.8621558939188735,0.9984111762585883,0.7586247691044132,0.9390482314342027,0.008061325419977184,0.9782450810184006,0.9875908056458647
RipVIS-044_00630.jpg,0.8386977419297006,0.7072891021047609,0.8285522366807224,0.9966538540413333,0.7089726558377278,0.9218423087062839,0.008102018313049426,0.9721202256943272,0.9834977786961483
RipVIS-044_00636.jpg,0.8849136988677619,0.7920964842862682,0.8839886593513782,0.99563185400478,0.7948587560919845,0.9477533175581183,0.01543106340080361,0.9794725356866103,0.9868634242432167
RipVIS-044_00642.jpg,0.8757703127252857,0.7763909937461831,0.8741217406297169,0.9948387057790566,0.7795309223937351,0.9427603019493455,0.006821792355535847,0.97712348090266,0.9852125250216633
RipVIS-044_00648.jpg,0.8683182608490292,0.7637710413099685,0.8660659727610779,0.996217558864618,0.7659923330225407,0.9397289245647925,0.009708737863651156,0.9750540123455614,0.9847036026984245
RipVIS-044_00654.jpg,0.8621276402300353,0.7532802513298354,0.8592810541936855,0.9944167318352407,0.7564796909548103,0.935563789132971,0.013112040424589997,0.9733377941742654,0.9829375593802303
RipVIS-044_00660.jpg,0.8689851273668241,0.7663300050805791,0.8677087553020643,0.9957660476795857,0.768835178097709,0.9402602433830094,0.013632718523851345,0.9740534577545121,0.9838953477068002
RipVIS-044_00666.jpg,0.8764001510679702,0.7791784986940318,0.8758856958601638,0.9915763109001251,0.7843704952469972,0.9418166892738481,0.014926028358798629,0.9758679349921663,0.9829842877206038
RipVIS-044_00672.jpg,0.8846987370193983,0.7946301438314999,0.8855642446024897,0.9830785364300054,0.8056496200344359,0.9416044625155484,0.027897822086008394,0.9770117187498821,0.9797433654676575
RipVIS-046_00000.jpg,0.8662393384145486,0.7390763730889418,0.8499642505937756,0.9907800494598051,0.7441946905971752,0.9292026751735492,0.06597099397489016,0.9935233410489036,0.9921775719300634
RipVIS-046_00006.jpg,0.7935662635990957,0.5986843226375124,0.7489712811467394,0.9839780398032554,0.6045779192736498,0.8742515268106457,0.01571966595452437,0.9886439043205109,0.9863518416113913
RipVIS-046_00012.jpg,0.7838593948817334,0.5801569692257483,0.7343029591674249,0.9859860422955317,0.5849806330876022,0.8671055236586814,0.018075232043954528,0.9877719907402643,0.9868945865546942
RipVIS-046_00018.jpg,0.7877826175500579,0.5877875227438725,0.740385617501403,0.9915140687530283,0.5907594052391518,0.8730619107077897,0.016875602697384185,0.9879870756168075,0.9897195700033475
RipVIS-046_00024.jpg,0.7773396798769325,0.5674635432989786,0.7240532588141229,0.9928306048707526,0.5697984341067833,0.864469919833399,0.014504177831545928,0.987426697530388,0.9900830009052796
RipVIS-046_00030.jpg,0.7880345449391246,0.587829942250003,0.7404192685987899,0.9975212877348208,0.588689830819201,0.8758673665343746,0.010418336270168563,0.9884331597217455,0.9929008129833585
RipVIS-046_00036.jpg,0.8084696250187917,0.6270264388962568,0.7707636752622402,0.9980084855543623,0.6278119723182488,0.8927271319030284,0.020668795157004066,0.9900810185180411,0.9939773981169584
RipVIS-046_00042.jpg,0.8161392221512123,0.6420213820714655,0.7819890643099103,0.9933056260357227,0.644811414694899,0.8964109328352573,0.01766961159898823,0.9904243827155718,0.9918396588951037
RipVIS-046_00048.jpg,0.7976919641279916,0.6064700351602453,0.7550343571764786,0.9958259477101085,0.6080156402630915,0.8831643002028398,0.01863658655899353,0.9891001157402637,0.9924053319280592
RipVIS-046_00054.jpg,0.7812705882563173,0.5751695460525853,0.7302954116831103,0.9940681591046894,0.5771504263502417,0.8685803991926441,0.016225864024626665,0.9875839120365608,0.9907702675498558
RipVIS-046_00060.jpg,0.7758645236097331,0.5649978288398817,0.7220429554956116,0.9915048543409487,0.5677462102755786,0.8627201555946289,0.016187644529866593,0.9869560185180426,0.9891908974042856
RipVIS-046_00066.jpg,0.7680911323321735,0.5499992014094968,0.7096767545549098,0.9952601155781716,0.5514436241844853,0.8572694638207192,0.013560944477734373,0.9864125192896478,0.990761249549511
RipVIS-046_00072.jpg,0.7971449988105532,0.6054815839424955,0.7542678657897112,0.99437707661959,0.6075617712276589,0.8820610225509361,0.011861009019067656,0.9889973958328564,0.9916407694118897
RipVIS-046_00078.jpg,0.8057497736184047,0.6215718416624322,0.7666288050798884,0.9935523758760657,0.6240892110695697,0.8883688361465321,0.01852796192103893,0.9900916280859423,0.991793186085497
RipVIS-046_00084.jpg,0.7967371633195491,0.6044321721784829,0.7534530691413281,0.994090419463943,0.6066118344979551,0.8814798370651068,0.021485366262648388,0.9892226080242142,0.9916155147803032
RipVIS-046_00090.jpg,0.8000361189156728,0.610694841237477,0.7582998661227321,0.9929299716324482,0.6133619678292512,0.8835732892417602,0.01610389610110755,0.9895515046291524,0.9912123858721753
RipVIS-046_00096.jpg,0.8384221899306321,0.6846859283959238,0.8128351010183228,0.9909799331775474,0.6889797376274787,0.9111069120989287,0.011369888132886504,0.9922897376538424,0.991646089983052
RipVIS-046_00102.jpg,0.8575510709254629,0.7216979179452441,0.8383560326384696,0.9940421892533056,0.7248331912797017,0.9253087369778538,0.021032902952721175,0.9935151427464345,0.9937741311430976
RipVIS-046_00108.jpg,0.8624320675432202,0.7310979479430696,0.8446638722110174,0.9957357305155808,0.7333941683134546,0.9292551761226137,0.014205138914935212,0.9938700810180392,0.9947870267829431
RipVIS-046_00114.jpg,0.8605361272845753,0.7273938419741288,0.8421864479299482,0.996004053829564,0.7295227995603495,0.9281936423984025,0.014239218874239377,0.9937832754624837,0.9948748583348217
RipVIS-046_00120.jpg,0.8470348100075645,0.7010313618038091,0.8242427242028282,0.9960523954484104,0.7029845075625188,0.9193949097333407,0.010301109348197085,0.9931500771600149,0.9945774519871037
RipVIS-046_00126.jpg,0.8119555931558451,0.6331854033713845,0.7753992927738639,0.9978926149594437,0.6340332220632998,0.8951506849315068,0.004477354915709083,0.990871913579769,0.9943259468272436
RipVIS-046_00132.jpg,0.8222846772243138,0.6531047118203468,0.7901552843572366,0.9972328650186331,0.6542904454910063,0.9026130227283987,0.015071073811428142,0.9915996334871762,0.9943708596360498
RipVIS-046_00138.jpg,0.8429019410773845,0.6930691018886942,0.8187133072306909,0.994236996078952,0.6958646069256739,0.9157095250863205,0.015263157892059094,0.9928520447526076,0.9935330931958477
RipVIS-046_00144.jpg,0.8200890945386896,0.6483914911317533,0.7866959937855302,0.9994831039284265,0.6486089854997251,0.9019036235897735,0.008628437891672041,0.9919092399686574,0.9956387852584327
RipVIS-046_00150.jpg,0.8257094344190088,0.6594115191849038,0.7947534551390895,0.9976006313812912,0.6604589917092957,0.9051872307269228,0.013681368134350788,0.9921291473760647,0.9948224516650345
RipVIS-046_00156.jpg,0.8586516994677916,0.7234136929024061,0.8395125278180923,0.996060707820684,0.72548932382728,0.9269215904699115,0.019992082339669023,0.9939858217587799,0.9950066182466284
RipVIS-046_00162.jpg,0.8335753993060849,0.6747882681656558,0.8058191963629299,0.9976252890979915,0.6758738847772534,0.9108982265249689,0.010903143737796992,0.9924816743822374,0.9950126274017663
RipVIS-046_00168.jpg,0.7683544826936799,0.5495418049180829,0.7092958746564888,0.9995621852894404,0.5496741130449418,0.8589572012877774,0.006434134777102246,0.9873649691353263,0.9933680575248702
RipVIS-046_00174.jpg,0.8281206761612177,0.6641396259286012,0.7981777677555234,0.9996238244200745,0.664305653917247,0.9079623238915274,0.006547619046319917,0.9922231867279165,0.9958656909236112
RipVIS-046_00180.jpg,0.8105932913636203,0.6354996664195021,0.7771321260012998,0.7905855086864719,0.7641289541279837,0.7851486441932655,0.016671259297785717,0.9860353973760677,0.8914156378389222
RipVIS-046_00186.jpg,0.8062255073147868,0.627026070237603,0.7707633967365196,0.7766293964612636,0.7649853462784978,0.7742723145424684,0.014371424582897805,0.9857735339501419,0.8845241619326909
RipVIS-046_00192.jpg,0.8156220234956044,0.6450472897304352,0.7842294793071092,0.814504478461355,0.7561244560893468,0.8021182421751502,0.02152852529312049,0.9865345293205119,0.9031837303739787
RipVIS-046_00198.jpg,0.7837768624666183,0.5832756345698293,0.7367960724391535,0.7515739150801001,0.7225881629299294,0.7455922087551309,0.012129380052273668,0.9846166087958215,0.8715319056431148
RipVIS-046_00204.jpg,0.7900634385902559,0.5952192077767834,0.746253812485527,0.7578359088180009,0.735020408151265,0.7531601945970543,0.018533772649844345,0.9852353395056977,0.8748890475606552
RipVIS-046_00210.jpg,0.8505189880148292,0.711673151741424,0.8315526255902083,0.9135706780875735,0.7630481067907262,0.8788956347680846,0.022154947017730155,0.9896368634254487,0.9526993393045129
RipVIS-046_00216.jpg,0.8385380728599259,0.6886974956845278,0.8156552579067554,0.90740223462103,0.7407576318909336,0.8683332999204774,0.017466666664337778,0.9886699459871775,0.9491904245630862
RipVIS-046_00222.jpg,0.8289966866625891,0.6700965669481058,0.8024644564986133,0.8884801514154096,0.7316334333166927,0.8519520547945205,0.016836388320864034,0.9881872106476716,0.9397173777111756
RipVIS-046_00228.jpg,0.8382659164844919,0.6881229622637818,0.8152521796646913,0.9280317306317767,0.7269136149472565,0.8793718602365218,0.019142519992245637,0.9886979166661899,0.959202400101391
RipVIS-046_00234.jpg,0.8419516944988874,0.6952608522408701,0.8202405562799894,0.9399834882633982,0.7275581362941745,0.8881224182487841,0.02671205970581222,0.9889293981476712,0.9651321933747692
RipVIS-046_00240.jpg,0.8436513261235731,0.6984269602556233,0.8224397947033365,0.9352284154407551,0.7339280178020078,0.8865937612779778,0.028878528874789103,0.9891550925921155,0.9629358570289226
RipVIS-046_00246.jpg,0.83825474242561,0.6880624916452389,0.8152097390359424,0.9481305659647433,0.7149755102507948,0.8900792156510504,0.01858064515889282,0.9887340856476713,0.9689787459872393
RipVIS-046_00252.jpg,0.8394581921263762,0.6903589304262419,0.8168193370057335,0.9573875763078379,0.71224422167851,0.8957284250737976,0.03286014720914036,0.9888421103390292,0.973534407071454
RipVIS-046_00258.jpg,0.8439983719533717,0.6989492856950761,0.8228018241393488,0.9554609981612944,0.7224891811284988,0.8975750932119367,0.027817871666734304,0.9893190586414982,0.972841110027524
RipVIS-046_00264.jpg,0.8413520392050038,0.6940375241945111,0.8193886077281733,0.9603643889101525,0.7145037118406036,0.8985277236075958,0.034131498870997284,0.9889506172834737,0.975040529413994
RipVIS-046_00270.jpg,0.8499666787779507,0.7105660173939147,0.8307963681828285,0.9664718491605784,0.7285244724239239,0.907210076634151,0.03879766948638802,0.9896378279316215,0.97836796642809
RipVIS-046_00276.jpg,0.8517262672870528,0.7138641864415727,0.8330463896602451,0.989818812553219,0.7191446809577937,0.9205247617110515,0.03668240053450001,0.9898519483019917,0.9898358153281082
RipVIS-046_00282.jpg,0.8486788338153004,0.7080270229924587,0.8290583386110569,0.9867730857582027,0.7148109674323446,0.9169957286238314,0.031391327476537466,0.9895997299377943,0.9882234776141482
RipVIS-046_00288.jpg,0.8759796667194464,0.7606527404352424,0.8640576565339115,0.9924342222203789,0.7650893420694825,0.9367627586855849,0.041989836849158885,0.9915403163575465,0.9919748241561719
RipVIS-046_00294.jpg,0.8791857971407648,0.7668301747473346,0.8680292941646133,0.9944361754732008,0.7701343432990253,0.9396986775702656,0.04034391533857885,0.9917703510797686,0.9930659712004656
RipVIS-046_00300.jpg,0.8775952779978125,0.7636572345204595,0.8659928012917985,0.9915065541211796,0.7686857015470789,0.9371743388335771,0.03700734802444791,0.9917587770056946,0.9916361459692646
RipVIS-046_00306.jpg,0.8943543725265788,0.7961554136558056,0.8865106077155654,0.9907693868068035,0.8021050038212786,0.9462553444333932,0.058626932173983154,0.9927637924377929,0.9917958708516785
RipVIS-046_00312.jpg,0.878824936920262,0.7664399092869478,0.867779204101354,0.9939136975826794,0.7700540425880835,0.9393015019517618,0.03805756376509922,0.9914564043205095,0.9926493873547837
RipVIS-046_00318.jpg,0.8744944340484183,0.7582322019500523,0.8624938174936145,0.9938076281685922,0.7618314836692033,0.936759362301922,0.04036893462901097,0.9910170717587813,0.9923716429400561
RipVIS-046_00324.jpg,0.8646814702963135,0.7392256068691446,0.8500629290984929,0.9966247260727252,0.7410809319096848,0.9323266755495895,0.03802482175362756,0.9904055748452014,0.9934279101920092
RipVIS-046_00330.jpg,0.8725184381170201,0.7543480821227495,0.859975383231808,0.9945992580278734,0.7574507227232924,0.9359898674980515,0.03188628505162168,0.9909476273143369,0.9927209457634162
RipVIS-046_00336.jpg,0.8676528433534396,0.7451591792644114,0.8539727356887842,0.9924291622348083,0.7494192649087676,0.9319871350435252,0.03474565678855822,0.990422453703226,0.991396672601095
RipVIS-046_00342.jpg,0.8699180727911211,0.7495118441915947,0.8568239725612433,0.9904427242311665,0.7549721147402988,0.9322878883267873,0.03594853682694897,0.9905965470674235,0.9905218844780608
RipVIS-046_00348.jpg,0.8415562198751545,0.695487712610788,0.8203984109561546,0.9898235620833943,0.7004965096757879,0.9142968970561816,0.03234863280855119,0.9879648919748322,0.9888676821850939
RipVIS-046_00354.jpg,0.8458711820567805,0.7036419547169596,0.826044407709907,0.9922156626962678,0.7075478727279693,0.9183219542386322,0.0302881667651394,0.9884273726847085,0.9902675702993797
RipVIS-046_00360.jpg,0.8376049779777061,0.6879096513159048,0.815102456200314,0.9934549676972139,0.6910414881814828,0.9135016728251655,0.028153564896020285,0.9876461226847089,0.9904686919129686
RipVIS-046_00366.jpg,0.8393574003563823,0.6910492409581191,0.8173023283066347,0.9909225210296545,0.6954517631981881,0.9133159440261168,0.02819664091845082,0.9879967206785358,0.9894188805802406
RipVIS-046_00372.jpg,0.8563724077173094,0.7237572498851996,0.8397438211597381,0.9842089228727877,0.7322604611243467,0.920842187940421,0.04044117646563221,0.9892963927464364,0.9868272633399306
RipVIS-046_00378.jpg,0.8229769114601331,0.6599754937213497,0.7951629361007131,0.9814742032124218,0.668300752969111,0.8973705616590061,0.03046192259295107,0.9863498263884132,0.983979648284634
RipVIS-046_00384.jpg,0.8297686125658952,0.6724278903521841,0.8041337916346066,0.9888272289865182,0.6775759573006785,0.9056255993060756,0.02129593559001481,0.987441647376067,0.9881158932297567
RipVIS-046_00390.jpg,0.8477587466229164,0.7065515062051487,0.82804592025037,0.9898915369108335,0.7116863826758304,0.9181117665576284,0.030154849221657856,0.9892515432093995,0.9895629495021029
RipVIS-046_00396.jpg,0.8481853818593588,0.7073199777607734,0.8285734214724708,0.9897424503140265,0.7125433217713605,0.9182940739926337,0.028275952346082475,0.9893330439810044,0.9895322728639526
RipVIS-046_00402.jpg,0.8143665426248354,0.6428553562862003,0.7826073717645158,0.982191990198292,0.6504365430766743,0.8912731383550528,0.03254324150768184,0.9862278163575491,0.9842621525132724
RipVIS-046_00408.jpg,0.8176801075107833,0.648859574678587,0.7870404304200005,0.9796183783803478,0.6577390261617958,0.8922863123948005,0.0261184380623069,0.9868291859563142,0.9833156377382832
RipVIS-046_00414.jpg,0.8150368999207414,0.6437697627105611,0.7832845904757254,0.9881229530641967,0.6487900927425153,0.8945488318925484,0.025186934274539295,0.9866348379624872,0.9873602524560905
RipVIS-046_00420.jpg,0.8293374800785679,0.6708556471017127,0.8030085043736572,0.9877885711844144,0.6764658353217639,0.9045319331302174,0.035502159822421414,0.9881143904316222,0.9879555765301233
RipVIS-046_00426.jpg,0.8216539085416228,0.6562708843754502,0.7924680564833066,0.9908986585218057,0.6602507481489164,0.9006873581492045,0.04479807434544021,0.9873500192896473,0.9890800111293943
RipVIS-046_00432.jpg,0.8174696197384297,0.6483319708740664,0.7866521821211455,0.9958543439500158,0.6500865220644286,0.9001048455959445,0.049643517289458206,0.9869299768513758,0.9912815158675756
RipVIS-046_00438.jpg,0.8215914637892612,0.65608953257859,0.792335824449099,0.9950477255282749,0.6582388840366405,0.9026716036143094,0.04221600745209535,0.9874035493822398,0.991131048650679
RipVIS-046_00444.jpg,0.8130207313073778,0.6396231112891059,0.7802074841287409,0.994681067841967,0.6418183252598121,0.8961436209277048,0.04278288683955979,0.9867380401229809,0.9906132935242034
RipVIS-046_00450.jpg,0.8285040926454759,0.6688912128041818,0.8015995382710014,0.9913126822401184,0.6728352341840212,0.905583540738312,0.05129251699982414,0.9883955439810048,0.9898187850645084
RipVIS-046_00456.jpg,0.836619529927402,0.6845969125120468,0.8127723699685353,0.9928555791957481,0.6879860996099071,0.912025797771213,0.05070267290566235,0.9889154128081651,0.9908365698834032
RipVIS-046_00462.jpg,0.7922656411027627,0.5995990093092792,0.7496866474907249,0.9929687499784512,0.6021556318764769,0.8788853161843515,0.04946435656004968,0.9852647569439693,0.9890292080855736
RipVIS-046_00468.jpg,0.8123686323661851,0.6385222223578828,0.7793879309601675,0.989381987495446,0.6429279490707607,0.893126340812895,0.04125762801256863,0.986542727622981,0.9879274093837715
RipVIS-046_00474.jpg,0.8098420949331514,0.6360446254109308,0.7775394577041849,0.7869987301739921,0.7683048746248611,0.7831875361775328,0.044345316184158316,0.9840943287032291,0.8891546493079463
RipVIS-046_00480.jpg,0.8471326079469046,0.7079295435591583,0.8289915075582125,0.9076584879516698,0.7628731107682798,0.8744655941277838,0.04027196652193096,0.986773726851376,0.9486644262251915
RipVIS-046_00486.jpg,0.8496500525395696,0.712857384172549,0.8323604647527822,0.921899534388483,0.7586745471621346,0.8838676064008043,0.04328199680784891,0.986884162808166,0.9555814861687193
RipVIS-046_00492.jpg,0.8532129926646257,0.7198226395334396,0.8370893869948309,0.9420527314553442,0.7531711896518442,0.8970595118602462,0.050441530632801504,0.9870490933637215,0.9653746358646652
RipVIS-046_00498.jpg,0.8554172286382747,0.723946354109834,0.8398710927216134,0.9411925340195635,0.7582444175474838,0.8978654009472056,0.05246872056337028,0.9873239776229806,0.9651027585878047
RipVIS-046_00504.jpg,0.8516512065568351,0.716952045929161,0.8351451021931935,0.9461762175760705,0.7474356346925736,0.8983999232502483,0.04376077442729601,0.9868065200612525,0.9672351652440978
RipVIS-046_00510.jpg,0.8495622480544543,0.7129775095014783,0.8324423473708928,0.9418752303971673,0.7457916644062297,0.8948219099185111,0.043518641363471056,0.9866078317896476,0.9650604260309813
RipVIS-046_00516.jpg,0.8465273035077929,0.7072641887444919,0.8285351422554094,0.9397452176990437,0.7408611410038659,0.891861212473047,0.04430379746251268,0.9862620563266848,0.9638551949924761
RipVIS-046_00522.jpg,0.8467293144379582,0.7077876484343522,0.8288942118573469,0.9496989308845056,0.7353547527595193,0.8973842902594035,0.05375347543310559,0.9861516203698948,0.9685925948071556
RipVIS-046_00528.jpg,0.8429364410002176,0.7006875415781127,0.8240050267292794,0.9490025805793498,0.7281031647018291,0.8947131289986227,0.04867140225616003,0.9856819058637222,0.9680137112974363
RipVIS-046_00534.jpg,0.8410867882877612,0.6972233933556464,0.8216047411144137,0.9483471920568503,0.7247456565897142,0.8932305531763852,0.05899318300222952,0.9854542824069321,0.9675800361657336
RipVIS-046_00540.jpg,0.8527415792349082,0.7190452562517414,0.8365634978331745,0.9572427269843223,0.742905661578506,0.9050208823950351,0.05370198058571022,0.9868928433637216,0.9726061725860673
RipVIS-046_00546.jpg,0.8530072607804491,0.719390584608501,0.8367971664475569,0.9626424710722418,0.7400510231462121,0.9080198958715803,0.04543080939354689,0.9870674189810055,0.9752905649974316
RipVIS-046_00552.jpg,0.8526561068889555,0.718801996664738,0.8363988383298863,0.9678232378256487,0.7364002471635338,0.910590355541269,0.04120281509389599,0.9869598765427339,0.9777328599386184
RipVIS-046_00558.jpg,0.8536638701119446,0.7207699324109543,0.8377295753896518,0.9736621019774615,0.7351022781253227,0.9143180975472497,0.043837029390944166,0.9870085841044622,0.980573378109595
RipVIS-046_00564.jpg,0.8549480224086733,0.723157368435449,0.8393399020683108,0.9721078719514394,0.7384801940099298,0.9142602796009313,0.03954586043633807,0.9871826774686597,0.979914134498884
RipVIS-046_00570.jpg,0.8592484021712271,0.7313513795365217,0.8448329878967752,0.9816992914813956,0.7414602677643197,0.9219551324198512,0.06179116150934804,0.9875800540118694,0.9847445563929292
RipVIS-046_00576.jpg,0.8652038577006829,0.7426104354157573,0.8522965550112559,0.9874541431993692,0.7496837427765823,0.9285539354454747,0.06040964479382815,0.9882122878081654,0.9878467370444373
RipVIS-046_00582.jpg,0.8626174794220243,0.7377289684292061,0.8490725329808653,0.9857458903779756,0.7456837199370228,0.926115943401687,0.06424038336170958,0.9879301697526099,0.9868769867793656
RipVIS-046_00588.jpg,0.8513180154827825,0.7165543253859096,0.8348752087701231,0.9868800582348025,0.7234459681318418,0.9198869212938794,0.07250324253274926,0.9865547839501415,0.9867116198117072
RipVIS-046_00594.jpg,0.859424005277464,0.7317437899732934,0.8450947469366449,0.9866420230055919,0.7390656793360842,0.9246904313227335,0.06043885537528052,0.9875424382711286,0.9871082895821645
RipVIS-046_00600.jpg,0.8496590483315127,0.7133428542210207,0.8326913115651278,0.9791509143216116,0.7243450968943316,0.9147909673402004,0.04119709491094451,0.9864482060180428,0.98292970767325
RipVIS-046_00606.jpg,0.8434836808857343,0.7017453746996027,0.8247360446899724,0.9756223921003723,0.7142696053232777,0.9090944674366295,0.04074999999490625,0.98571855709829,0.9808505401255534
RipVIS-046_00612.jpg,0.850295385785415,0.7143272093455779,0.8333615723433137,0.9786112216335257,0.7256565358436364,0.9148314857525481,0.04796727812989994,0.986719714505697,0.9828078741544357
RipVIS-046_00618.jpg,0.7653562236896303,0.5524412757611208,0.711706503024114,0.9877990954007185,0.5562367777789119,0.8551098509008469,0.055691554460747666,0.9788387345674292,0.9831972282656896
RipVIS-046_00624.jpg,0.781157644120499,0.5825968034885735,0.7362542401252611,0.9914203341381879,0.5855489906389961,0.8707138499084808,0.04684572141825787,0.9802768132711321,0.9856894430886562
RipVIS-046_00630.jpg,0.8506187659711186,0.7152508673262264,0.8339898040001301,0.9719744695968905,0.7303122895983188,0.9116415702763577,0.05184743741932688,0.9864631558637218,0.9794814296220393
RipVIS-046_00636.jpg,0.7793131481970237,0.5788424802459721,0.7332491841184722,0.9933021475477832,0.5811106388653,0.869895813612819,0.04591584157847576,0.9803303433637247,0.9866347835761239
RipVIS-046_00642.jpg,0.8268976010430578,0.6701228105428818,0.8024832740594148,0.9778633018350125,0.680445248528815,0.8992519067058229,0.056272837995581866,0.98419656635755,0.9811374246730342
RipVIS-046_00648.jpg,0.7921097117591995,0.6024032418779266,0.751874716843363,0.9942772323087026,0.6044991954007253,0.8807026992776581,0.042447268434108835,0.9823037229933534,0.9881245638971379
RipVIS-046_00654.jpg,0.8447328686022744,0.7031521656889825,0.8257068039537544,0.9814306815635996,0.7126331111543857,0.9125870695575395,0.05921052630799861,0.9867433449069315,0.9841748132748209
RipVIS-046_00660.jpg,0.7811343097435581,0.5816934907520165,0.7355325088623209,0.9933882189903211,0.5839543449335737,0.8712188981610459,0.03748326639436737,0.9810860339501442,0.987069836820154
RipVIS-046_00666.jpg,0.8533848020205689,0.7197950059426854,0.8370707013980869,0.9803165702794768,0.7303504019589184,0.9175119376590435,0.060211049030389686,0.9873963155859435,0.9839773459818574
RipVIS-046_00672.jpg,0.8525068248740417,0.7181410578729159,0.8359512213298541,0.9753513450524606,0.7314151817259941,0.9143611556938605,0.0628856505103209,0.9872974537032275,0.9815294020631482
RipVIS-046_00678.jpg,0.8463329176025404,0.7060850223981805,0.8277254804167531,0.9774799251195817,0.7177611526659157,0.9115144144828887,0.06952081695869064,0.9869999035489068,0.982397016543209
RipVIS-046_00684.jpg,0.8408672851789292,0.6957773512400982,0.8205998868085906,0.9749187882303405,0.7084586837577851,0.906713544564918,0.05858610566798115,0.9863941936723638,0.9808456645174073
RipVIS-046_00690.jpg,0.8415067595724435,0.696929296863212,0.8214005122682384,0.9742564055794316,0.7100044169532906,0.9067601565937475,0.062019289456474266,0.9865157214501415,0.9805875670163615
RipVIS-046_00696.jpg,0.8232436572843804,0.6621942353675356,0.796771185072862,0.9714854839316234,0.6753200026093535,0.8931465683814666,0.059228168350329,0.9847622492279201,0.9783344518652951
RipVIS-046_00702.jpg,0.8332940833435107,0.6810691252238542,0.8102809277794115,0.9709495636819445,0.695236179099376,0.899597928899945,0.0683881617653121,0.9859534143513764,0.9786906388109076
RipVIS-046_00708.jpg,0.8401125160414553,0.6943006301333315,0.8195719434734485,0.974306082193625,0.7072502064331709,0.9058934690941911,0.06933366056334106,0.9863604359563144,0.9805311859112027
RipVIS-046_00714.jpg,0.7820654799945872,0.5829596904089832,0.7365439485807325,0.9903344755477068,0.586295479596623,0.8703729164211547,0.05155279502465183,0.9816541280859463,0.9858789250617193
RipVIS-046_00720.jpg,0.9023196435292922,0.8129311510797046,0.896814146081121,0.9818256075014388,0.8253510488455689,0.9459576443923284,0.07297830373793841,0.9919965277772994,0.9870978303360438
RipVIS-046_00726.jpg,0.8017575307351779,0.6202065062941565,0.765589452807141,0.9915480266536034,0.6235027480239844,0.8868490191969827,0.05079191697831896,0.9837514467587848,0.9875425492339169
RipVIS-046_00732.jpg,0.9019179133013142,0.8122869546782554,0.89642200710148,0.9857042765773034,0.8219702927931736,0.947938964532464,0.08406374500875648,0.9918470293205093,0.9888896638838126
RipVIS-046_00738.jpg,0.9058896764486633,0.8198799199375153,0.901026392956372,0.9809242557136654,0.8331638532886679,0.9473229839517783,0.08347779702847342,0.9921874999995215,0.9867677203578828
RipVIS-046_00744.jpg,0.9037476046133717,0.8158177210617171,0.8985678590962364,0.9789141028405026,0.8304103447793915,0.9451109293554483,0.07055093142151526,0.9919733796291512,0.985689828560847
RipVIS-046_00750.jpg,0.9038209869297472,0.8159970041323465,0.8986765972361462,0.9800124343428971,0.8298070138010349,0.9457730890113846,0.07592763765008217,0.9919434799377932,0.9862036703281775
RipVIS-046_00756.jpg,0.8942066975882238,0.7975637794491139,0.8873830109032764,0.9805664274709099,0.8103730991171144,0.9410392984396438,0.05536469343877316,0.9911680169748306,0.9860622475029369
RipVIS-046_00762.jpg,0.9073299645211121,0.822686336252581,0.9027184983939839,0.9769568925795296,0.8389659563344306,0.945842935874926,0.07037325037968205,0.9922617669748302,0.9849012870395932
RipVIS-046_00768.jpg,0.8970539926412229,0.8029737712838634,0.8907215224901258,0.9888954227672704,0.8102799130363475,0.9471385834114855,0.05936870382009822,0.9914433834871762,0.9902159706535514
RipVIS-046_00774.jpg,0.9057336284068548,0.8196440982666103,0.900883968516043,0.9811806655971848,0.832735546629237,0.9474034552586343,0.06128569564985191,0.9921161265427314,0.9868556240070252
RipVIS-046_00780.jpg,0.9051616890129446,0.8185103481823487,0.900198724742449,0.9810791777815725,0.8316382271686474,0.9470434472550785,0.0516259648169523,0.9921045524686574,0.9867994827323736
RipVIS-046_00786.jpg,0.8981680486456499,0.8051368877586135,0.89205078375893,0.9804204285004661,0.818294287665265,0.943051641853725,0.056398288596344055,0.9915080054007565,0.9861699819791423
RipVIS-046_00792.jpg,0.9059737435671732,0.8200291730136176,0.9011165152433323,0.9732265567056082,0.8389551507599541,0.9430405843199623,0.05554858933472745,0.992205343363719,0.9830753630723252
RipVIS-046_00798.jpg,0.8865095171720849,0.7825825621395552,0.8780323321465188,0.9751427279269808,0.7985118668688047,0.9338300768933048,0.06190349946157164,0.9907547260797691,0.9832245277769551
RipVIS-046_00804.jpg,0.8822440564411245,0.7744428874839032,0.8728856735220546,0.9750586896069566,0.7900944211855095,0.9314475683580743,0.06007726121485583,0.9903742283945841,0.9829851268444976
RipVIS-046_00810.jpg,0.901627930682112,0.8116217584428012,0.8960167923136884,0.9802831829413485,0.8250909257173973,0.9447436105625429,0.04675658316676216,0.9919251543205093,0.986318356763365
RipVIS-046_00816.jpg,0.8845440360551753,0.7787577299502687,0.8756197843447083,0.9841253820724362,0.7886648564239568,0.9376485360016924,0.061021005043735574,0.9906486304007568,0.9874998733351321
RipVIS-046_00822.jpg,0.8848262154055435,0.7793262721899075,0.8759790538367659,0.9853425583494867,0.788466850819654,0.9384761236724718,0.057498362795350574,0.9906457368822383,0.9880861305850444
RipVIS-046_00828.jpg,0.8814310113165227,0.7728596191014439,0.8718790938372887,0.9887383143562761,0.7797233969507404,0.9384268302748507,0.0626080021184889,0.9903313078698928,0.9895622251389108
RipVIS-046_00834.jpg,0.8843531310444751,0.7784258216994847,0.8754099408606334,0.9896364818820607,0.7848234754609719,0.9405461838562559,0.06029191105438659,0.9906013695982877,0.990135577919403
RipVIS-046_00840.jpg,0.9027186731761887,0.813583534269527,0.8972109846566523,0.9882560350793586,0.8215262471488568,0.9497071810674884,0.057921402155563274,0.9921334876538426,0.9902645368495906
RipVIS-046_00846.jpg,0.9040339097157812,0.8161008906733733,0.8987395963126031,0.9898349743310244,0.8229983396270756,0.9512671656431252,0.06978653529422735,0.9922434413575462,0.9910825941605528
RipVIS-046_00852.jpg,0.8985596436732739,0.8056929432312185,0.8923919720143135,0.9882279447353617,0.8135006342256792,0.9475252031827753,0.05771794187447108,0.9917206790118674,0.9900371624711769
RipVIS-046_00858.jpg,0.8825106445720472,0.7748882290618649,0.8731684805543387,0.9882911116771381,0.7820680628182458,0.9387817544323895,0.059870550153739134,0.9904571759254482,0.989411379077765
RipVIS-046_00864.jpg,0.8936609551643613,0.7963172292090033,0.8866109128838634,0.9915548861881354,0.8017549450208072,0.9467308508979879,0.06108202442460974,0.9913102816353244,0.9914282448453843
RipVIS-046_00870.jpg,0.8926007039604453,0.7942521301973717,0.8853294549077695,0.9919513681116614,0.7994038986308009,0.9463624737395668,0.06474622770030916,0.9912548225303861,0.9915908249247369
RipVIS-046_00876.jpg,0.8890780642407912,0.7875134553193869,0.8811273033787336,0.9880723901993422,0.7950718403862558,0.9423233364065297,0.07913866409557829,0.9909563078698925,0.9895649809428918
RipVIS-046_00882.jpg,0.8994493059095827,0.80731512171897,0.8933861195729033,0.9882056663030683,0.8151695961681863,0.9479609284197699,0.06300593631098139,0.9918701774686575,0.9901033326206002
RipVIS-046_00888.jpg,0.8866458414390326,0.7827151693441708,0.8781157896716812,0.9917546798602702,0.7878419663844393,0.9429433339242975,0.06313477901960818,0.9908858989192753,0.9913054168692708
RipVIS-046_00894.jpg,0.8940205987741188,0.7967053537907537,0.8868514273749293,0.9898825444675271,0.8032462017457389,0.9459249216544796,0.06992029085863231,0.9916203703698921,0.9907812728719814
RipVIS-046_00900.jpg,0.8929411465816259,0.7946230890787253,0.8855598637000119,0.9943854813974086,0.7982043256125039,0.9477959792760015,0.07097232078481584,0.9915451388884107,0.992917000989753
RipVIS-046_00906.jpg,0.8613617739012787,0.7345993721671684,0.8469960083628727,0.9289152895339531,0.7783544064826106,0.8943168759079771,0.06671868902760844,0.9885021219131035,0.959765645833365
RipVIS-046_00912.jpg,0.9057062010953348,0.819103734819842,0.9005574768950307,0.9867371754851715,0.8282221694656039,0.9503589754763643,0.08233491222034899,0.9925675154316201,0.9897552836735888
RipVIS-046_00918.jpg,0.8677208400955994,0.7465559732343011,0.8548892616957662,0.9501336994876038,0.7770002718552146,0.9095978590860156,0.07037190652974258,0.9892380401229798,0.9703607384841599
RipVIS-046_00924.jpg,0.9049822495396185,0.817712185776975,0.8997157989865668,0.990119700875862,0.8244394990314113,0.951862258983288,0.06684123483092044,0.9925125385797683,0.9913581305393975
RipVIS-046_00930.jpg,0.8825852802781144,0.7748560705135722,0.8731480635377491,0.9692802596547032,0.7943638889784179,0.9283943694812783,0.07118644066791152,0.990626929011868,0.9803210399787614
RipVIS-046_00936.jpg,0.9035510757966689,0.8149967255962323,0.8980696373746935,0.9898166427446802,0.8218880830140706,0.9509566603262278,0.055001385417705544,0.9923707561723609,0.9911385859849027
RipVIS-046_00942.jpg,0.9036027923902525,0.8151267356162623,0.8981485640885727,0.9912037168051333,0.8210660940685339,0.9517598383108599,0.06380008375487922,0.9923461612649536,0.9917950723881263
RipVIS-046_00948.jpg,0.8815682132564577,0.7730111259980406,0.8719754937385483,0.973927731005588,0.7893455953667574,0.9304137716077817,0.05662514155483789,0.990446566357547,0.9824725913567096
RipVIS-046_00954.jpg,0.8782462555303738,0.7664672753260052,0.8677967444197935,0.9870264426177302,0.7742676419570272,0.9356078397882062,0.07027498907750981,0.9903414351847076,0.9887389384600127
RipVIS-046_00960.jpg,0.8603971845270971,0.7328390205010958,0.8458246978870272,0.91363586266444,0.7873840929774611,0.8852471708237781,0.059579595654092966,0.988340567129153,0.9523431955482788
RipVIS-046_00966.jpg,0.8798341100107905,0.7695080972514876,0.8697423859735215,0.9731169310074053,0.786221777164411,0.9289521276895427,0.07051094889481592,0.9904730902773001,0.9820882350496523
RipVIS-046_00972.jpg,0.8722908253662585,0.7549591050019395,0.8603723048020598,0.9810191335535141,0.7661502868023071,0.9289157636906776,0.06229797236816074,0.9899440586414979,0.9856271224120748
RipVIS-046_00978.jpg,0.8559079736291882,0.7242773865722913,0.8400938180974347,0.9172690987116244,0.7748971338877505,0.8847577638079341,0.059055635925416856,0.987933545524215,0.9538659392132334
RipVIS-046_00984.jpg,0.8701082546650936,0.7508592866959016,0.8577037485552255,0.9890116635821208,0.7571759231972698,0.9319423515767127,0.06335641666961007,0.9896879822526091,0.9893607938509204
RipVIS-046_00990.jpg,0.8691504680267892,0.7491666858147036,0.8565983926977967,0.9867084487490092,0.7568041428549905,0.9301930629766635,0.06049094096135433,0.9894757908945846,0.9881376486894533
RipVIS-046_00996.jpg,0.8655333884910829,0.7423158951113432,0.8521025345566342,0.9844811156507121,0.7511049564277756,0.9268826881833743,0.04978165938140005,0.9891039737649551,0.9868686674965546
RipVIS-046_01002.jpg,0.8456983575995446,0.7049110830829068,0.8269182951268645,0.9215956569803373,0.7498814741064319,0.8812370394327382,0.039207868150025534,0.986908275462487,0.9553990583013168
RipVIS-046_01008.jpg,0.8682871612855486,0.7475856715514763,0.8555639745979178,0.988543223279015,0.7541195030024974,0.930681362782409,0.07035100820457789,0.9893364197526093,0.9889529105252057
RipVIS-046_01014.jpg,0.8697948611646044,0.7504929505140308,0.8574646933524057,0.9848929041374763,0.7592329954828458,0.929631710767441,0.06603346900858835,0.989442997684708,0.9872437455947212
RipVIS-046_01020.jpg,0.9112822006581098,0.8301551064165474,0.9071964485480087,0.9681423089847807,0.8534694018333184,0.942807030922332,0.05442948262871304,0.9926808449069286,0.9808823361876835
RipVIS-046_01026.jpg,0.8720810317535688,0.7548833130131906,0.8603230852050576,0.9865733849213074,0.7627190812023118,0.9318733356391848,0.06415094338654324,0.9896214313266832,0.9881484362628014
RipVIS-046_01032.jpg,0.8769390037527177,0.7642346533443296,0.8663639520917767,0.9884500799690568,0.7711207538008642,0.9357069622310704,0.060528687284390405,0.989979745369893,0.9892408991807455
RipVIS-046_01038.jpg,0.874884071356029,0.7603960618508318,0.8638920278557909,0.9865844233345498,0.7683406014267247,0.9335502422978,0.05303370785722341,0.98971884645014,0.9882052376023913
RipVIS-046_01044.jpg,0.9034512700742583,0.815111201143356,0.8981391339879446,0.986568038457006,0.8242584962688733,0.9491860861359407,0.06652078773646669,0.9920780285489043,0.9894241417064358
RipVIS-046_01050.jpg,0.8865583854580026,0.7827937716950512,0.8781652529005456,0.9884016972986083,0.7900508761923115,0.9411447811447812,0.049626701793349916,0.9906491126538433,0.9895650705273333
RipVIS-053_00000.jpg,0.8176454415706202,0.6739308844546998,0.8052075395863667,0.6948445830841276,0.9572483918856599,0.735148824547098,0.03996524760498621,0.9642176649295093,0.8455741028756398
RipVIS-053_00006.jpg,0.8087322355319433,0.6585906510008305,0.7941569556097788,0.6863917316781195,0.9420632492289648,0.7257867511239302,0.018594436307672848,0.9618967013878451,0.8406646048257078
RipVIS-053_00012.jpg,0.8136535861336147,0.6663971168082663,0.7998058927089959,0.6953591332809484,0.9411756411750607,0.7336838842566438,0.03406902680579632,0.9637413194433987,0.8451529346548425
RipVIS-053_00018.jpg,0.8265148506439441,0.69017121239658,0.8166879276306581,0.7334659528742323,0.9212123590387828,0.7646329440480172,0.03860948852562908,0.9656966145822855,0.8630852643871343
RipVIS-053_00024.jpg,0.8418590463592546,0.7174412980968896,0.8354769375720636,0.7570587928890584,0.932017796913336,0.786590657741245,0.05428329091683866,0.9689366319433931,0.8753183400414977
RipVIS-053_00030.jpg,0.8758873029012306,0.7782587973550495,0.8753043128622422,0.7986712588314551,0.9682041653164983,0.827655826958898,0.04089804089219247,0.9757682291656079,0.8977727157651906
RipVIS-053_00036.jpg,0.8819547749802307,0.78988990241685,0.8826128370804021,0.828917708651367,0.9437462597138546,0.8495922156284189,0.02158162478471071,0.976331380207274,0.9114880433933703
RipVIS-053_00042.jpg,0.8905420023084112,0.8052417880500583,0.8921151652708467,0.8428791556218175,0.9474601790842895,0.8619066744935685,0.035076730342142697,0.9780360243044943,0.9186176390453417
RipVIS-053_00048.jpg,0.9132281962052584,0.8450270237844776,0.9160050372066391,0.8816901115273672,0.953099166571593,0.8951028711823373,0.05587949464595408,0.9831369357628221,0.9383192770721733
RipVIS-053_00054.jpg,0.9080117440174771,0.8362251334222589,0.9108089397118172,0.8748705557384427,0.9498263984464059,0.8889001211015912,0.057405281276462966,0.9816872829850459,0.9346701284703653
RipVIS-053_00060.jpg,0.9380008097761309,0.8898016178650828,0.9416878570252211,0.9107280146577689,0.9748267094207314,0.9228644084386904,0.07961622621114017,0.9875835503461506,0.953909388272645
RipVIS-053_00066.jpg,0.9354682630884864,0.8848120570468905,0.9388862446404416,0.9373594230040724,0.940418048320916,0.937969555376627,0.053933301411531305,0.9874609374989285,0.9652790625724827
RipVIS-053_00072.jpg,0.9084143621089389,0.8374480728934637,0.911533866178562,0.8765141085614457,0.9494683989641616,0.8901940745598771,0.04236218262836833,0.9813606770822685,0.9353873183567506
RipVIS-053_00078.jpg,0.918828636174128,0.8560914397355308,0.9224668800342216,0.9018774879596987,0.9440183254115548,0.910001958347155,0.04689863842017623,0.9833875868044885,0.9476479154045427
RipVIS-053_00084.jpg,0.909575652599877,0.8397848859929437,0.9129163875478913,0.9220124238788567,0.9039980703038856,0.9183523444296059,0.03755620205797987,0.9813802083322685,0.9552104189855226
RipVIS-053_00090.jpg,0.9161615471553014,0.8511953286362145,0.9196169798713727,0.9481353211877758,0.8927641128542606,0.9365183327979575,0.044741763768559664,0.9829665798600445,0.9675456480450986
RipVIS-053_00096.jpg,0.9025087283218874,0.8276874394027209,0.9057209909733854,0.9117202611126721,0.8998001570815002,0.9093110412249942,0.02663675872330902,0.9795562065961593,0.9497324649786478
RipVIS-053_00102.jpg,0.9081520040749504,0.8372038602226166,0.9113891804267942,0.9213218100627188,0.9016684308594015,0.9173228911757888,0.029578438143803946,0.9811284722211576,0.9547459556237712
RipVIS-053_00108.jpg,0.8789366317270199,0.7865356265285992,0.880514908126304,0.8767266534455715,0.8843360422626063,0.8782380369958758,0.014568158166679479,0.9740755208322763,0.9313527603361281
RipVIS-053_00114.jpg,0.8943609528153789,0.8126331396963934,0.8966327735048528,0.9174462584792669,0.8767427026609894,0.9090059771118814,0.02144329896612463,0.9783355034711606,0.9513646858876883
RipVIS-053_00120.jpg,0.9165261430282171,0.8516280631002577,0.9198694706261272,0.9272176682407225,0.912636826137904,0.924264346160652,0.03917834307724414,0.9832139756933775,0.9584625276541847
RipVIS-053_00126.jpg,0.9125040035824362,0.8443946058768864,0.9156333500286216,0.9161114475979437,0.9151557512057924,0.9159201486771492,0.05590496155752551,0.9824587673600451,0.9531316584202492
RipVIS-053_00132.jpg,0.9141748048104794,0.8473188860384447,0.9173498873878898,0.9133076682872406,0.9214280465561506,0.914920273585948,0.04407524371219618,0.9828374565961557,0.9521201632324094
RipVIS-053_00138.jpg,0.9278034189959106,0.8718703417024595,0.9315499287301026,0.8999215993639758,0.9654824363011063,0.9123116571389966,0.04807288016144739,0.985356987846153,0.9479578956841135
RipVIS-053_00144.jpg,0.9283730347696428,0.8725975482339554,0.9319648517717019,0.9163248730871439,0.9481479925105769,0.9225174470659901,0.04792803420617489,0.9857009548600415,0.9551640159379384
RipVIS-053_00150.jpg,0.9409414445882637,0.8949169015366419,0.944544745799595,0.9294705496297435,0.9601159504816313,0.9354421197855182,0.05715154277897073,0.9882682291655943,0.9624101457924014
RipVIS-053_00156.jpg,0.9093886945204614,0.8386755455381817,0.912260510097447,0.9301702141303558,0.8950274525961357,0.9229226042703744,0.031014621173975094,0.9819672309017122,0.9589714397933663
RipVIS-053_00162.jpg,0.9337607579902024,0.882412337932286,0.9375335256265496,0.9310504256487286,0.9441075450641163,0.9336328763588791,0.03563474386998742,0.9866059027767072,0.962189880561658
RipVIS-053_00168.jpg,0.9169650812489776,0.8524456781769653,0.920346208495438,0.9246895377235049,0.9160434903266297,0.9229472959836169,0.04822963717787707,0.983273654512822,0.957399852395223
RipVIS-053_00174.jpg,0.9313061879844962,0.8773259476180365,0.9346548996791882,0.956588099328908,0.9137049494338942,0.9476924406234136,0.03866265250536165,0.9866872829850405,0.9733011230268018
RipVIS-053_00180.jpg,0.913170398974476,0.845224079734271,0.9161207996548483,0.908201560184396,0.9241793606423067,0.9113527694325732,0.03644471781693915,0.982881944443378,0.9498261592918307
RipVIS-053_00186.jpg,0.9127059320724225,0.8443093116687268,0.9155832010681523,0.8827918096383716,0.9509046508940959,0.8956224098491596,0.036741214052172344,0.9828591579850446,0.9387138650858285
RipVIS-053_00192.jpg,0.8891070766754623,0.8013448802771131,0.8897184420940389,0.8589275963649785,0.9227989487408157,0.87098460284555,0.044386821225688405,0.9788433159711601,0.9255000860269094
RipVIS-053_00198.jpg,0.863877442924525,0.7570526605123963,0.8617301888853149,0.8225560380149305,0.9048222605487118,0.8377903779994045,0.029247501465425117,0.9731532118044997,0.9063799010679179
RipVIS-053_00204.jpg,0.9009707302051269,0.822781735742969,0.9027759271546593,0.8586878458783038,0.951636312550311,0.8757960411226873,0.02925887419734756,0.9809982638878244,0.9268454829519011
RipVIS-053_00210.jpg,0.913008737008816,0.8442954383740293,0.9155750437884056,0.8770963281841804,0.957584836078152,0.8920930651958753,0.037198770817208675,0.9833702256933774,0.936322249144297
RipVIS-053_00216.jpg,0.9393537429139891,0.8907816711494256,0.9422364144326724,0.9428062807999041,0.941667236534436,0.9425782515641186,0.0431248963272309,0.9890082465267046,0.9683346773408216
RipVIS-053_00222.jpg,0.9168370593755326,0.8511825643957185,0.9196095304339363,0.8948075774288037,0.9458255820401847,0.9045660692296578,0.036132969321321186,0.9840852864572656,0.944501685912321
RipVIS-053_00228.jpg,0.9270272225792139,0.86892377528877,0.9298653982338164,0.9208053093300878,0.9391055488570752,0.924408075658998,0.046410090548769385,0.9864648437489296,0.9571795086045954
RipVIS-053_00234.jpg,0.9403176240894688,0.8923728628415358,0.9431258293374307,0.9485655927844611,0.9377481012260189,0.9463821746319188,0.06540944613227838,0.9893033854155932,0.9710353746984282
RipVIS-053_00240.jpg,0.9258417326744617,0.866461796330961,0.9284538242724577,0.9354980916143402,0.9215148502300216,0.9326675965699983,0.04485269777476784,0.986514756943374,0.9636384450292252
RipVIS-053_00246.jpg,0.9353565390856806,0.8837520866688243,0.9382891654619236,0.9453809231221664,0.9313030129759958,0.9425313946552542,0.039748953968498715,0.9881369357628167,0.9690134000430268
RipVIS-053_00252.jpg,0.9213287085664171,0.8593405042404575,0.9243497920694186,0.9094245417787631,0.9397731156256985,0.9153364272629461,0.0505344995059063,0.984860026040598,0.9514128238768256
RipVIS-053_00258.jpg,0.9233521959180244,0.8629238465727129,0.9264188100445055,0.9113537630523835,0.9419902912517434,0.9173206013047178,0.03972338371828186,0.9852832031239309,0.9525014270998247
RipVIS-053_00264.jpg,0.9436730506529855,0.8987383445455839,0.9466689785112805,0.953597385757467,0.9398405224008282,0.9508138886891494,0.04446254070937092,0.9896538628461484,0.973546626191859
RipVIS-053_00270.jpg,0.9230884946383593,0.862627090676891,0.92624776585141,0.9210029139483493,0.9315526957773028,0.9230937108183168,0.033621366844678494,0.98509006076282,0.9566725522456632
RipVIS-053_00276.jpg,0.9225177626371626,0.8617706735204458,0.9257538382972943,0.9244465679150137,0.9270648111571986,0.9249690327816954,0.03566919191356231,0.9848459201378202,0.9580838859522787
RipVIS-053_00282.jpg,0.9294141634239942,0.8738041415969624,0.932652588602197,0.9367744587753376,0.9285668325226433,0.9351213464313176,0.031450577658624745,0.9864312065961519,0.9643705572731831
RipVIS-053_00288.jpg,0.9275999777266869,0.8707540591605664,0.9309123825194701,0.950503985114764,0.9121121058357634,0.9425692141141154,0.019273301734711958,0.9859212239572636,0.9701756515722778
RipVIS-053_00294.jpg,0.9221156756744738,0.8613944918457972,0.925536736698539,0.9361838915607157,0.9151290372336566,0.9318957685068812,0.032515141850093215,0.9844911024294873,0.9631095938774175
RipVIS-053_00300.jpg,0.9222326581623193,0.8618173460804025,0.925780767801682,0.9355003014393101,0.9162611227533928,0.9315881001180051,0.03276106472944384,0.9843424479155986,0.9627677058863806
RipVIS-053_00306.jpg,0.9247643009726326,0.865578405903224,0.9279464247273511,0.9758096422203606,0.8845590269503893,0.9560838274807233,0.05172413792269994,0.9854535590267085,0.9811436119418063
RipVIS-053_00312.jpg,0.9324832765298818,0.8791675579777816,0.9356989527042233,0.9658780607797365,0.9073486122696873,0.9535757848960543,0.053260167841630054,0.9871289062489289,0.9776443091296432
RipVIS-053_00318.jpg,0.918775953903751,0.8546618379454167,0.9216363009789492,0.9504631039705052,0.8945066145616705,0.9387186629526463,0.054674862495199796,0.9844542100683762,0.9692672728304634
RipVIS-053_00324.jpg,0.9238714724467612,0.8647059387717181,0.9274448274040462,0.9223205606904148,0.9326263514465613,0.9243634573775367,0.03739332815556348,0.984696180554487,0.9572081765411908
RipVIS-053_00330.jpg,0.9128957371906032,0.8445527585337519,0.9157263240386714,0.954102360343431,0.8803180503833095,0.93837232852828,0.04100330428942576,0.9829741753461556,0.9700881198370164
RipVIS-053_00336.jpg,0.9229231217218742,0.8631500799430524,0.9265491698547813,0.927971348161392,0.9251313440354488,0.9274019532648157,0.04192061839721709,0.9843988715267096,0.9595317217208168
RipVIS-053_00342.jpg,0.907899656812031,0.8372129225959012,0.9113945501895948,0.8928156401580734,0.9307631225217784,0.9001555608065532,0.056928838942782195,0.9807107204850469,0.9422568039003936
RipVIS-053_00348.jpg,0.8831488461652273,0.7918981705469762,0.8838651476554045,0.9248047206072053,0.8463965734771421,0.9079820647710373,0.028293413169417154,0.9766720920128291,0.9534920610365061
RipVIS-053_00354.jpg,0.8874565729049864,0.800991792997054,0.8895007696443892,0.8623522458543899,0.9184142337010123,0.8730103330055863,0.025157232700722943,0.9763986545128294,0.9264345123520129
RipVIS-053_00360.jpg,0.9098136092559994,0.839437877279844,0.9127113099586733,0.9126824172365153,0.9127402045005674,0.9126939741135702,0.04141169773140576,0.9820486111100455,0.9513407913618956
RipVIS-053_00366.jpg,0.8938994333108095,0.8112318038733923,0.8957791069464883,0.8927062709670337,0.898873170358103,0.8939328720735698,0.0268678160880937,0.978710937498938,0.9406189811769841
RipVIS-053_00372.jpg,0.8992882864574432,0.8201854882624592,0.9012108859799827,0.915398155620948,0.8874566666213661,0.9096699810116416,0.0394187886578307,0.9803298611100474,0.9513918687288463
RipVIS-053_00378.jpg,0.9068501521590784,0.8334656151018892,0.9091696165303562,0.9070522632745786,0.9112968780794946,0.907898020023026,0.04081632652466234,0.9820138888878234,0.9486624941779509
RipVIS-053_00384.jpg,0.9007453682539075,0.8228154137231076,0.9027961992514687,0.8933366323756042,0.9124582454189473,0.8970965706779134,0.03531598512506205,0.9805967881933805,0.941861064822324
RipVIS-053_00390.jpg,0.9018402246607552,0.8246888276356404,0.9039227019373375,0.8873746078892656,0.9210997143929557,0.893920602223828,0.04563662374168288,0.9808810763878245,0.9394008634645807
RipVIS-053_00396.jpg,0.8734282881062697,0.7753641563052305,0.8734705536906486,0.8309931455060242,0.920524484870657,0.8474785050873346,0.02919607028792084,0.9740462239572765,0.9111621193204197
RipVIS-053_00402.jpg,0.876230417780269,0.7801602239656837,0.8765056240024414,0.8222253234631649,0.9384592629567946,0.8431101979904532,0.03302274595327175,0.9747797309017201,0.9078196393586377
RipVIS-053_00408.jpg,0.8652478918797468,0.7607561009943974,0.8641243390436141,0.8064982453261436,0.9306191473100037,0.8286011037771795,0.030447842704744967,0.9723958333322782,0.8995774866140757
RipVIS-053_00414.jpg,0.8772907046788724,0.7810461369097201,0.8770644630968487,0.8277851244746527,0.9325825561507117,0.846817059478944,0.047186932842777196,0.9758181423600523,0.9104119072170596
RipVIS-053_00420.jpg,0.8316731112274716,0.7009767585811106,0.82420498110255,0.769899830982626,0.8867523650027093,0.7907399135888974,0.010755579455397206,0.9654199218739524,0.8791644337088265
RipVIS-053_00426.jpg,0.8443493002305325,0.7225070010298307,0.8389016713405139,0.801380021916969,0.880109538581899,0.8159785680047802,0.02790193687824706,0.9689268663183931,0.8945606874826459
RipVIS-053_00432.jpg,0.8047643727196687,0.6524221666905534,0.7896555490988296,0.7380514804585089,0.84901834725225,0.757862023908322,0.01370047011233036,0.960302734373958,0.861656283765299
RipVIS-053_00438.jpg,0.8415777304894464,0.717388764475539,0.8354413156937325,0.7663099435195334,0.9182826520324243,0.7925425726898023,0.01714362850740502,0.9685036892350602,0.879183184351858
RipVIS-053_00444.jpg,0.837551852940435,0.7105222571310509,0.8307664564654823,0.7663062688349486,0.9070671769328346,0.7908515244955721,0.023414102909962684,0.9674142795128392,0.8785784382052944
RipVIS-053_00450.jpg,0.8544435369798606,0.738983466256074,0.8499028088485057,0.8117610105134307,0.8918056223007875,0.8265994073688226,0.017636439380969805,0.9722667100683895,0.900607566561316
RipVIS-053_00456.jpg,0.8326033539582405,0.7000646151290277,0.8235741264174194,0.7691369116860323,0.8863040838386106,0.7900247694526794,0.01772257884207053,0.9677647569433944,0.879219347601006
RipVIS-053_00462.jpg,0.8037048986571936,0.6495067247041858,0.7875163101510423,0.7095799463685835,0.8846852822062123,0.7388270848612013,0.02426837972530073,0.9609494357628462,0.8495381160332418
RipVIS-053_00468.jpg,0.7879985712455689,0.6208485540648394,0.766078425412228,0.670872877381465,0.8927747178714547,0.7059669173875172,0.03749031757746083,0.958217230901738,0.8308612271175613
RipVIS-053_00474.jpg,0.8051106558799093,0.6501190731645855,0.7879662549658215,0.6966660094992808,0.9068059990746635,0.7305238060236314,0.006912096167255883,0.962855902776733,0.8443964663014012
RipVIS-053_00480.jpg,0.794447307190606,0.6313223767319209,0.7740007563638877,0.6753727306096189,0.9063611679675574,0.7116456706378612,0.01800450112257997,0.9604459635406245,0.8337975554765995
RipVIS-053_00486.jpg,0.7920325347792294,0.6259943652570228,0.769983437375653,0.6991913185244839,0.8567256850310205,0.7258864592316433,0.027147239259639994,0.9608203124989574,0.8435447446497724
RipVIS-053_00492.jpg,0.8127909247023115,0.6644756076593192,0.7984203608651769,0.7167402509763507,0.9011115212542402,0.7473212767163672,0.028710966400960342,0.9638878038183986,0.8540110163778656
RipVIS-053_00498.jpg,0.8236112591377276,0.6831406441694791,0.8117451700021951,0.7366243702723878,0.9039275089262272,0.7649401102175248,0.03781198624453565,0.9666634114572844,0.8640797829708202
RipVIS-053_00504.jpg,0.8523639067589415,0.7337384383659525,0.8464234536525597,0.7739597041251763,0.933858052139705,0.8014035104206068,0.055245283010529014,0.973136935762833,0.8840810648492908
RipVIS-053_00510.jpg,0.8287215288193167,0.6925545439561541,0.8183541811744353,0.7345636051160904,0.9237217443499157,0.7659328871845228,0.027866473145447535,0.9674620225683946,0.8639201116112312
RipVIS-053_00516.jpg,0.8348365997972604,0.7019908907787841,0.8249055792038609,0.7392591080638699,0.932997509932554,0.771291069037152,0.014071989332828915,0.9699685329850586,0.8668206090835395
RipVIS-053_00522.jpg,0.8238094240725657,0.6837426517207376,0.8121700201892157,0.7202718739807933,0.9309479320504931,0.7544172086947482,0.026277584200598492,0.9664930555545068,0.8571488817003206
RipVIS-053_00528.jpg,0.8072832124269913,0.6552897984161253,0.7917523554402903,0.6917267314249271,0.9255961532956083,0.7285427604508188,0.021786810934085857,0.9622026909711782,0.8426407035495362
RipVIS-053_00534.jpg,0.8109697871165515,0.6623809616861653,0.7969063372986507,0.7066695873419007,0.9135617675888513,0.7401956606770987,0.02391273947365225,0.9625314670128444,0.8494533890499643
RipVIS-053_00540.jpg,0.8143893260885777,0.669015239982347,0.8016885933161677,0.7230433830126839,0.8995302239754532,0.7525742303366151,0.02348474194579036,0.9627897135406219,0.8568337354715276
RipVIS-053_00546.jpg,0.8214798204784356,0.6815866436764582,0.8106470710141978,0.7341629549194806,0.9049204777645716,0.7629567800192956,0.03181499649168675,0.9643229166656203,0.8626036377700397
RipVIS-053_00552.jpg,0.8398491558743888,0.7116457461570554,0.8315339172896317,0.7858059548162941,0.8829127613438696,0.8034800409416581,0.05149253730574738,0.9703873697906137,0.8875601563597594
RipVIS-053_00558.jpg,0.8387951552107615,0.7102959955905865,0.8306117741278023,0.7674747316023977,0.9050680636463989,0.7915416173989906,0.05335342877869579,0.96972222222117,0.8794272332652291
RipVIS-053_00564.jpg,0.8052344559921194,0.652861322965867,0.7899771310449486,0.7047681186364179,0.898624022806642,0.7365464542384622,0.01778852995335299,0.9607378472211797,0.8477315688989389
RipVIS-059_00000.jpg,0.747708948363219,0.5783989241796074,0.732893206297942,0.5953882912114876,0.9529850972678041,0.6436962270984672,0.016092770084476064,0.9255002170128847,0.7946505010388532
RipVIS-059_00006.jpg,0.7663729960652608,0.6058863702845237,0.7545818701695258,0.628572970926148,0.9437796982711039,0.673564864024527,0.04778156996004613,0.9342523871517641,0.8106990977582051
RipVIS-059_00012.jpg,0.7996212187517644,0.6645017827178984,0.7984392562594436,0.7096620112435775,0.9126041405245084,0.7426935993747932,0.0328556448755848,0.942210286457311,0.8482963516434336
RipVIS-059_00018.jpg,0.7810967930334305,0.6341827969620614,0.776146705424882,0.6790471889772021,0.9056488468407408,0.7148179942174226,0.0189326706876189,0.9359982638878732,0.8326151596216685
RipVIS-059_00024.jpg,0.8481194134970251,0.7487911402232413,0.8563528519794018,0.8207170004811957,0.8952238185001167,0.8346094127181761,0.018803782001614387,0.954564887151742,0.9008668937621729
RipVIS-059_00030.jpg,0.832007036250165,0.724091978950964,0.839969082614192,0.8229327843432972,0.8577256606267879,0.829663697908473,0.022618158538075517,0.9481043836795268,0.8979306687834705
RipVIS-059_00036.jpg,0.7991178616247627,0.6714404084702857,0.8034272775357786,0.7852008013671437,0.8225200263303624,0.7923912468946561,0.004841549295241907,0.9363216145823173,0.8757716329717027
RipVIS-059_00042.jpg,0.8839398488163677,0.8119983705599974,0.8962462480681477,0.946588889096724,0.8509879712645975,0.925788080351371,0.020023557124065217,0.9629427083322885,0.9564297421758732
RipVIS-059_00048.jpg,0.870539404914428,0.7890686528161547,0.8820999144712416,0.9074899558061714,0.8580919462829468,0.8971605394680793,0.016107636913387565,0.9593142361100702,0.9386237249707022
RipVIS-059_00054.jpg,0.8816890186114593,0.8066388806146138,0.8929719040920866,0.9129161429049145,0.873880467407188,0.9048324864751003,0.019826999706499464,0.963352864582288,0.9432071258866603
RipVIS-059_00060.jpg,0.8774244561480848,0.8007849083485663,0.8893731890311506,0.8998753374914654,0.8791133469141613,0.895644854568694,0.01214457831208245,0.9612239583322904,0.9369758553379863
RipVIS-059_00066.jpg,0.8167826794269994,0.7050204267824008,0.826993525365403,0.8903326644222558,0.7720678604612164,0.8638673476469424,0.007022607021931447,0.9389680989573145,0.9194152035547905
RipVIS-059_00072.jpg,0.8145927980917074,0.7020483493594902,0.824945248616096,0.8530790417897288,0.7986078666721945,0.8415983506943362,0.01567456614893874,0.9378135850684268,0.9042325501460177
RipVIS-059_00078.jpg,0.7343107279014752,0.5593625685258847,0.7174246449363832,0.5978658862061519,0.8967537728121715,0.640565994568304,0.0137816440217201,0.9186317274295588,0.7917448983424223
RipVIS-059_00084.jpg,0.7511076118795041,0.5846542446060167,0.737895028642511,0.6620469525040275,0.8333710190733362,0.6904348126821086,0.011259611862755436,0.926132812498995,0.8186917502474058
RipVIS-059_00090.jpg,0.733256967527385,0.5526773415406935,0.7119023724430497,0.5997037698291624,0.8757456642745255,0.6400537618885379,0.01115914345921794,0.9221267361101105,0.7917219139417093
RipVIS-059_00096.jpg,0.7106240237006654,0.5146361568512917,0.6795508670823565,0.559904788872976,0.86422772688526,0.6023244275252144,0.011908164236266727,0.9150260416656738,0.7715177418181034
RipVIS-059_00102.jpg,0.42002766927037755,0.0,0.0,0.0,0.0,0.0,0.0,0.8400553385407551,0.4999999999993542
RipVIS-059_00108.jpg,0.599093201313458,0.3421268656698181,0.5098279073626503,0.3664605493775574,0.8374608559389685,0.4129053591555457,0.009129213482230215,0.8660839843740602,0.6748861905680703
RipVIS-059_00114.jpg,0.4054600694440045,0.0,0.0,0.0,0.0,0.0,0.0,0.810920138888009,0.499999999999331
RipVIS-059_00120.jpg,0.4763723008925372,0.12538656962689124,0.22283288784663866,0.13314710245410138,0.6826657670158048,0.15869586915914502,0.004110687787837308,0.8315277777768755,0.5597160016256421
RipVIS-059_00126.jpg,0.6654425853631325,0.4616702844716014,0.6317023604793289,0.5354568865659882,0.7701288478206063,0.5702073514741844,0.008156131662476343,0.8824045138879314,0.7491848958245851
RipVIS-059_00132.jpg,0.6894815994069137,0.5042127486465735,0.6704008446946652,0.5768960148890181,0.8000799096344896,0.6109830015197123,0.02533562127532698,0.8889019097212577,0.7708937673449785
RipVIS-059_00138.jpg,0.6780180732091773,0.49711324030843324,0.6640957102296666,0.5777789160917027,0.7807325986988431,0.6094653710155703,0.01884902567666645,0.8761892361101604,0.7670840669275962
RipVIS-059_00144.jpg,0.6860787851161285,0.5128206234472534,0.6779661983701581,0.5786821554432477,0.818373979255991,0.614689156845831,0.0065562151141529005,0.877478298610159,0.7709252353073375
RipVIS-059_00150.jpg,0.6856601579310295,0.5142772247786817,0.6792378784589401,0.5684365601763711,0.8436929847714956,0.6081163831440394,0.007368744242414416,0.8758365885407163,0.7683768999691893
RipVIS-059_00156.jpg,0.657981899748359,0.46322588697643535,0.6331570417109432,0.5067640059276161,0.8435480728573924,0.5507402916223241,0.003792949575658975,0.8693424479157233,0.7399334219967124
RipVIS-059_00162.jpg,0.5211724309297148,0.22733550289245702,0.37045372248532904,0.24224956206337714,0.7868993466084376,0.28117201897491484,0.012918994411904213,0.8245583767352164,0.6122426977022744
RipVIS-059_00168.jpg,0.4989156209023201,0.20326229450023356,0.3378520135290321,0.22070633722110208,0.7200232189529499,0.2562463359481868,0.0008761362390892415,0.8047992621519046,0.5978499107285977
RipVIS-059_00174.jpg,0.5200916514474428,0.2517674525654707,0.4022591449385885,0.2770869051860964,0.7337062635418744,0.31647878343844393,0.0038523274474208317,0.8024782986102403,0.6226764751191685
RipVIS-059_00180.jpg,0.5017466454002096,0.21153954697916585,0.3492078281829352,0.2248278789882015,0.7816154648146048,0.2621810718632926,0.013667164348952892,0.802952473957462,0.6027578503336473
RipVIS-059_00186.jpg,0.545668815280653,0.2889393185237987,0.44833657313629977,0.31375961890658777,0.7850642950376481,0.35657248988583434,0.0009265693767747776,0.8170855034713356,0.6435465709131866
RipVIS-059_00192.jpg,0.5507714215712252,0.31405050788320366,0.47798848826458856,0.331694783157984,0.8551529992794262,0.3779672149345964,0.016296461656848258,0.8063346354157918,0.655598503768823
RipVIS-059_00198.jpg,0.5591121989945403,0.3295484341677229,0.4957298669213434,0.3520692762999372,0.8374471290260401,0.39823167338031973,0.01743875039933254,0.8085611979157893,0.6635709563096596
RipVIS-059_00204.jpg,0.5600426752106757,0.339064862205282,0.5064203710743065,0.3736961287354609,0.7853502539718064,0.4174597991707766,0.0006936874441885157,0.803135850693573,0.6679352659062681
RipVIS-059_00210.jpg,0.5803717414438272,0.3465287589549318,0.5146993803888449,0.38944645482118884,0.7587159668732792,0.43144343780862876,0.001074691026214434,0.8308767361102095,0.6761961723411785
RipVIS-059_00216.jpg,0.5840003857850722,0.34802553367297245,0.516348577945264,0.3946169286877622,0.7466869974979514,0.43570471796398275,0.009186220668079259,0.8357584635407598,0.6781893217646684
RipVIS-059_00222.jpg,0.7141682756035277,0.5571041995500481,0.7155644429075881,0.6413871608703137,0.8091429003274643,0.6691327827456601,0.005817452356487718,0.889181857637924,0.7996886255332443
RipVIS-059_00228.jpg,0.7889122737000808,0.6741108390408419,0.8053359709767653,0.7738143985886841,0.8395346796351615,0.7861222100105796,0.03673783419535124,0.9197059461795576,0.8666961985738562
RipVIS-059_00234.jpg,0.7790820384019304,0.6646766539625882,0.7985654780228884,0.8307710605336003,0.7687636675067648,0.8175820574384257,0.0074359939752036905,0.9120551215267881,0.8822058599206439
RipVIS-059_00240.jpg,0.8139315746593836,0.7178406406125244,0.8357476516058748,0.9163054849749327,0.768209786764065,0.8822879415988166,0.004812682834310401,0.9267827690962166,0.922880792257212
RipVIS-059_00246.jpg,0.8506422686342502,0.7717728953631856,0.8711871565288669,0.9637674466564684,0.7948346857447773,0.9244703859082263,0.008092823712159436,0.9430794270823101,0.9508419750268305
RipVIS-059_00252.jpg,0.8478798170918957,0.7636778010508359,0.8660060251320517,0.897082684314982,0.837010385228359,0.8843881631564916,0.010324640765266136,0.9443055555545309,0.9266200549098609
RipVIS-059_00258.jpg,0.8622553156975443,0.7869091638552727,0.8807489264395612,0.9308165246417278,0.8357925627438327,0.9101215907089469,0.01330494943977595,0.94928710937397,0.9423778893136143
RipVIS-059_00264.jpg,0.860982440699309,0.7846819221932051,0.8793521270489537,0.9033779262404256,0.85657117734207,0.8936117649266255,0.01119290107782667,0.9489507378461925,0.9320738722966777
RipVIS-066_00000.jpg,0.6540532755488488,0.42578968020143104,0.597268567887624,0.8046997207419824,0.47486136657019967,0.7065463994091088,0.006162224132106302,0.8917622041409812,0.8530537964301422
RipVIS-066_00005.jpg,0.5526747152580724,0.30019025857940174,0.4617635866729105,0.8172634208363874,0.32178914785338036,0.6248431830012245,0.009801324502013068,0.8201876849102947,0.8188779279527894
RipVIS-066_00010.jpg,0.543192335267417,0.2818891951299158,0.43980274769590694,0.8289247311716543,0.2993016359854052,0.6122469239734499,0.004891304347161507,0.8184298724102967,0.8231836633801718
RipVIS-066_00015.jpg,0.5344997443118554,0.26743930672742505,0.42201516918070525,0.8738376438798949,0.2781804596429729,0.6118230024765585,0.0034563804778851956,0.8149650980020168,0.8419351673345479
RipVIS-066_00020.jpg,0.5407153936312896,0.2756815794210651,0.43221064545930965,0.8868261600856497,0.2857341577234624,0.6242023132653339,0.0026760563376512594,0.8191221338747929,0.8501250705097827
RipVIS-066_00025.jpg,0.547782453261953,0.2859408822857452,0.44471855001217253,0.8816582516882917,0.29735354760316624,0.6329189737319832,0.0008295313146924469,0.8231092825434274,0.8498262996181697
RipVIS-066_00030.jpg,0.5436324549773682,0.2865175067699112,0.4454156360285796,0.9337955747049017,0.29245838218455333,0.6491076364770424,0.005612459659658698,0.8155094304724303,0.8695557372884906
RipVIS-066_00035.jpg,0.5424087029136053,0.28477772868536244,0.44331050006098527,0.9294984777945042,0.29106475758534955,0.646073501985473,0.0075725103575407186,0.8147859652357448,0.8671994384250091
RipVIS-066_00040.jpg,0.577717294612902,0.3281430528388357,0.4941381158263747,0.9325178022092417,0.3361247603051288,0.6882740539567757,0.0011519078472063487,0.8407267011824603,0.8824451731663129
RipVIS-066_00045.jpg,0.5530480656335224,0.3009777226597068,0.46269466020431266,0.9326269770420386,0.3076672224274975,0.6631981228280348,0.0015567506366322174,0.8202050203392888,0.8713277552221281
RipVIS-066_00050.jpg,0.6329353675429491,0.39125584327944524,0.5624498832036291,0.8983350502422484,0.40938273171090916,0.7251228183726397,0.005621135468574882,0.8839658838747181,0.8905000165566581
RipVIS-066_00055.jpg,0.603303560104625,0.35588590922639,0.5249496389109068,0.9046874142254695,0.3697493129921499,0.7016606571962521,0.00463700912843979,0.8620955066558084,0.8814329090849243
RipVIS-066_00060.jpg,0.5978662373002611,0.35320590145498537,0.5220283196743579,0.9154397028443012,0.36511827429637517,0.7034007403894128,0.0030515715588874622,0.8549960706351065,0.8823561904454914
RipVIS-066_00065.jpg,0.5926460114482442,0.3477986945875971,0.5160988743857144,0.8960059209897421,0.36242883253659514,0.6921930296197026,0.0024242424238751148,0.8504530325433959,0.8710042062667006
RipVIS-066_00070.jpg,0.5923631866095812,0.3468671628491482,0.5150725660508185,0.847691775394824,0.36992181180711825,0.6736755688759177,0.0024249772654706004,0.8507142196735731,0.8493589226607632
RipVIS-066_00075.jpg,0.5598159961961473,0.31933015673195353,0.48407922020512323,0.9354223983324237,0.32652854442866414,0.6813230652138343,0.0081041257357436,0.8174082377949133,0.8704670315512463
RipVIS-066_00080.jpg,0.575952798812573,0.3415122286666541,0.5091451592746007,0.9344317660852721,0.34989702268956,0.7004115494220949,0.00907864065647422,0.8273691752949018,0.8752279079815937
RipVIS-066_00085.jpg,0.5331230052622303,0.2953817748370012,0.45605362152662565,0.9216885042550298,0.30298586777035635,0.65442071197411,0.0023579609249541923,0.7909451275878433,0.8494479154450519
RipVIS-066_00090.jpg,0.5583395519957784,0.32895973411395707,0.4950635082006918,0.9423985764193246,0.3357097578832161,0.6922089782283225,0.001874517587178904,0.8077281342446286,0.8675802229791719
RipVIS-066_00095.jpg,0.5037431766869924,0.27538308402783146,0.4318437142166487,0.9315073280875702,0.2810744493103435,0.6367892220109016,0.0016836906497156032,0.7568578957091845,0.8345662565769834
RipVIS-066_00100.jpg,0.543371985843479,0.31067139802007426,0.4740645115005646,0.9241523942569714,0.318800038582687,0.6697876134889753,0.0027465966082222838,0.7965999445257066,0.8533533797567604
RipVIS-066_00105.jpg,0.6054028759845191,0.37878066823235634,0.5494429635686233,0.9358222160027029,0.3888824388762039,0.7303761770296152,0.004589855242486777,0.8476308247031624,0.8868663517977904
RipVIS-066_00110.jpg,0.6474133271957809,0.39935652951796985,0.570771666968295,0.8406189265833366,0.432072108066575,0.7069308872561592,0.004073033707293113,0.9022628513303182,0.874023187160387
RipVIS-066_00115.jpg,0.6414881223160794,0.3874126480528743,0.5584678049412016,0.983056131131919,0.39001695124595304,0.7538141372667576,0.005359877487693739,0.9020340236675966,0.9398201961560841
RipVIS-066_00120.jpg,0.669407439137395,0.43995910698192997,0.6110716684226658,0.9280760039498737,0.4554894444729712,0.7685884192844593,0.001876172607609154,0.9063008505906686,0.9162505113260058
RipVIS-066_00125.jpg,0.667831235150874,0.43828063078768015,0.6094507864541762,0.9236673098389588,0.4547516925989525,0.7657476978027357,0.004688165931994862,0.9049891364634511,0.9135132765485482
RipVIS-066_00130.jpg,0.6714681204550534,0.42816250773002135,0.5995991428322257,0.8346036340113426,0.46786071624525316,0.7214921364807798,0.007364222152905151,0.9198860484456824,0.880546907841738
RipVIS-066_00135.jpg,0.48477726508456165,0.04175770071019236,0.08016777928634479,0.0433567103847891,0.5310115436253157,0.05311175386205034,0.004401131718201468,0.9280232988154955,0.520185237734446
RipVIS-066_00140.jpg,0.6914714665746214,0.4642746548848194,0.6341360254184546,0.9127363024525355,0.4858400061356917,0.7763110203925907,0.007079101260837319,0.9240234374989321,0.918818640725729
RipVIS-066_00145.jpg,0.6124712692501904,0.2966604390437102,0.4575761396136955,0.41065511499813057,0.5166026149267654,0.42821939881407867,0.002774887269723398,0.9303878513302857,0.6905325516919832
RipVIS-066_00150.jpg,0.4518219535867559,0.0,0.0,0.0,0.0,0.0,0.0,0.9036439071735118,0.4999999999993605
RipVIS-066_00155.jpg,0.46088087093142,0.0,0.0,0.0,0.0,0.0,0.0,0.92176174186284,0.4999999999993731
RipVIS-066_00160.jpg,0.4391237518486049,0.0,0.0,0.0,0.0,0.0,0.0,0.8782475036972098,0.499999999999342
RipVIS-066_00165.jpg,0.4446641549551074,0.0,0.0,0.0,0.0,0.0,0.0,0.8893283099102148,0.49999999999935024
RipVIS-066_00170.jpg,0.4426237749625062,0.0,0.0,0.0,0.0,0.0,0.0,0.8852475499250124,0.49999999999934724
RipVIS-066_00175.jpg,0.4666847725586322,0.0,0.0,0.0,0.0,0.0,0.0,0.9333695451172644,0.4999999999993809
RipVIS-066_00180.jpg,0.45387735761781867,0.0,0.0,0.0,0.0,0.0,0.0,0.9077547152356373,0.49999999999936345
RipVIS-066_00185.jpg,0.5214389921815642,0.13943635450519462,0.2447461921920957,0.23117347115350562,0.2600120944880321,0.23641781514393656,0.005529225907499332,0.9049290403096051,0.5921017388821648
RipVIS-066_00190.jpg,0.5982860408950808,0.3187293886762508,0.4833886184885793,0.4911127675829551,0.47590367574012493,0.48799367396289084,0.0033691040674608055,0.8844466531054868,0.7121064317759528
RipVIS-066_00195.jpg,0.6520663438474609,0.36266708274350307,0.5322900763307988,0.4127561968122419,0.7492813968905498,0.45349158604991463,0.006336190829978347,0.9433524408273122,0.7005281914850233
RipVIS-066_00200.jpg,0.4414594119817383,0.0,0.0,0.0,0.0,0.0,0.0,0.8829188239634767,0.49745079679627674
RipVIS-066_00205.jpg,0.5661396693468429,0.2929488535565304,0.4531484021981417,0.7952818519055888,0.3168417903073796,0.6108129016496903,0.0018631887141518247,0.8493585891262373,0.8246229368580845
RipVIS-066_00210.jpg,0.5372289494212561,0.2826733185119394,0.44075652690721845,0.9114942209253238,0.29065095572309174,0.6386551186436719,0.008601553827885466,0.8075732710789484,0.8548188314843246
RipVIS-066_00215.jpg,0.4950473668205729,0.23782473128897416,0.3842623681323963,0.9041883901653776,0.24397307482132805,0.5866706227192066,0.0016918088253641888,0.7700455343926011,0.8313355842619158
RipVIS-066_00220.jpg,0.4794189492472167,0.22486170810807674,0.3671626055734871,0.8724245665267899,0.23250693871340294,0.5626910704301036,0.002147820593537862,0.7530348557683605,0.807389054551632
RipVIS-066_00225.jpg,0.5120436395177639,0.2681718830798367,0.4229267131022714,0.8924609605536193,0.27712695198865134,0.6180131086044574,0.008076009500228501,0.7759546042890441,0.8283060300223399
RipVIS-066_00230.jpg,0.5241255343534723,0.2765992173587024,0.43333759506917,0.882243892517621,0.28720233789412836,0.6237712114710271,0.0017318159324923531,0.789988211907371,0.8314971922775075
RipVIS-066_00235.jpg,0.5282429318007247,0.2792607636056894,0.43659709036736605,0.8559903387550456,0.2930278349580279,0.6183836795780665,0.0028504793984386522,0.7949264977801463,0.8223342367678013
RipVIS-066_00240.jpg,0.6646334689099648,0.4640344078933682,0.6339118881243749,0.9309020520275229,0.48058768497788423,0.7839825188165517,0.001273479783305718,0.8793142104279779,0.9018468409312375
RipVIS-066_00245.jpg,0.5858796676865149,0.337328913117017,0.5044815973219007,0.9016676944405494,0.35021244246167593,0.6857173733962988,0.0012650221376873778,0.847300295857009,0.8719194614838115
RipVIS-066_00250.jpg,0.5340069866873286,0.254779507355046,0.406094466576198,0.7173402580082691,0.2832119972718025,0.549023504811118,0.002606882168586173,0.8244441105759702,0.7757820069375254
RipVIS-066_00255.jpg,0.546699371943172,0.25543066961765043,0.4069211877633091,0.6479572247173966,0.2965911383899095,0.5238404002639608,0.007281937627468428,0.8465005547327495,0.7560103272013103
RipVIS-066_00260.jpg,0.5119984025830704,0.21719309671009743,0.3568753344019777,0.7335410660901215,0.23579635233811405,0.5157856997237239,0.014247150567749377,0.8166327662712456,0.7781831452588837
RipVIS-066_00265.jpg,0.5797994598844477,0.33180156454442794,0.4982747781317226,0.9437967321940766,0.33848973024344237,0.6951685677453044,0.0016425755582058844,0.8413623335789093,0.8879154392057362
RipVIS-066_00270.jpg,0.6524989429375432,0.4446080085030586,0.6155413868482887,0.9944210718744922,0.4457197905221224,0.7979568547011056,0.004789864028926164,0.8744244637563858,0.927675380731295
RipVIS-066_00275.jpg,0.5821225389370989,0.3261148149092007,0.49183496216582095,0.8715250336110323,0.3425841649434399,0.6658989641312708,0.0029485478397540104,0.8498890532534557,0.8597233467541594
RipVIS-066_00280.jpg,0.5156907448367375,0.21175037729242632,0.3494950466045129,0.5691836879856355,0.25216612644722364,0.4548246352349192,0.008144427852837732,0.8279666697475638,0.7100092836954366
RipVIS-066_00285.jpg,0.6380492649830337,0.41194904807334914,0.5835182914503425,0.9126228911164872,0.4288639448773778,0.7446334420047298,0.012797074952346575,0.8759546042889285,0.8923592939144162
RipVIS-066_00290.jpg,0.564494348097188,0.22810771753116652,0.37147835531841716,0.3264310523063018,0.4309490890559697,0.3430721003134796,0.003003566734934566,0.9037016919368254,0.6426323998215883
RipVIS-066_00295.jpg,0.61999694359487,0.37730836261444706,0.5478923570873109,0.9181885999928414,0.3904341747367375,0.722788320374096,0.009020027517349025,0.8732329419368606,0.8936586932186741
RipVIS-066_00300.jpg,0.5834965658981675,0.3299154339448759,0.49614498113802724,0.9190696875941318,0.3397866748439205,0.6853774621385859,0.0052585451350776295,0.8491759892741665,0.8810510476166544
RipVIS-066_00305.jpg,0.5962843462794994,0.35516459589930904,0.5241645139992992,0.9584782081216345,0.360714521190865,0.7198846095450174,0.01783675798832238,0.8507685373510878,0.8995718651786586
RipVIS-066_00310.jpg,0.6030584904577241,0.3587963206842407,0.5281090553786072,0.9584969389774332,0.3644585244189006,0.7228570397525733,0.001181509378056194,0.8593380177504861,0.9044818731206531
RipVIS-066_00315.jpg,0.5856579176768233,0.3311907171833753,0.4975856771058791,0.9532376261269637,0.33666044380151544,0.6976831091180867,0.003271375464197565,0.8518537352061161,0.8983191516181844
RipVIS-066_00320.jpg,0.5923110747729105,0.35307573385631996,0.521886136927517,0.8605277456136103,0.3745071530260958,0.6832013893968465,0.0030272452064253647,0.8457297059901469,0.852326264398567
RipVIS-066_00325.jpg,0.6001560723372689,0.3588116130852922,0.5281256204023475,0.9389193004763001,0.36738724841117254,0.7161127657931842,0.00676402766998247,0.8544136002209061,0.8926517828523103
RipVIS-066_00330.jpg,0.6121546966864061,0.39623877118560796,0.567580243956618,0.8826446946057542,0.41827491513588294,0.7222712514077596,0.004686279614073642,0.8455031897179578,0.8616637580436837
RipVIS-066_00335.jpg,0.5751119659754311,0.3580513960412935,0.5273016869391096,0.9042545699563954,0.3721606200867355,0.7031809860587379,0.0032475063786537336,0.8137608635345625,0.8531354050381013
RipVIS-066_00340.jpg,0.5831925496482376,0.3388264344018653,0.5061543837132848,0.9263102379731518,0.3482122500750973,0.6954084198106671,0.0033467202137420723,0.8415599574694416,0.8798639043831992
RipVIS-066_00345.jpg,0.5144989265954594,0.2465540230564409,0.3955769561465328,0.8941738062150083,0.2539646789161932,0.5944625575524769,0.0062627811852936114,0.7969027366854695,0.8416331203668987
RipVIS-066_00350.jpg,0.5261714167766631,0.28837248366876117,0.4476539002875838,0.9756526007029663,0.2904627500431046,0.662901193180023,0.003178639541871756,0.7845749352801583,0.8707253977783287
RipVIS-066_00355.jpg,0.5620910766886168,0.34169469357116616,0.5093479093394685,0.9830778017831241,0.34371634982342847,0.7165141074428332,0.008084651051232355,0.8045534393481826,0.8835444576708567
RipVIS-066_00360.jpg,0.5199978772219708,0.2799990902463913,0.4374988894601376,0.9269865970467474,0.28631342299978174,0.6403907574827561,0.005136986300741562,0.7804849297328258,0.8463058383016022
RipVIS-066_00365.jpg,0.5152978974856348,0.25493364633037996,0.40629024024631955,0.950154035721655,0.2583893601413409,0.6188140167133155,0.003991800625311058,0.7916547244813336,0.8644761632449179
RipVIS-066_00370.jpg,0.6603382000066689,0.45362928742957837,0.6241333899260125,0.9816494915838538,0.457508935407319,0.7986552131381331,0.012526690389675915,0.8802641919368525,0.9252447248822996
RipVIS-066_00375.jpg,0.6093306572647286,0.37752026889300544,0.5481157372680782,0.923868537744683,0.3896418670650438,0.7250496308911057,0.009453635477623573,0.8551012389043372,0.8858705375904692
RipVIS-066_00380.jpg,0.5899897874653287,0.3448800666639477,0.512878546143438,0.9725603320766544,0.34826885962747717,0.7159015812708587,0.01844572119467104,0.8482710798806764,0.9048551111093488
RipVIS-066_00385.jpg,0.5248442490090484,0.28884054309725604,0.4482176552316296,0.9748542923191718,0.2910086877892631,0.6631738781898676,0.012802636580960498,0.7820208487416997,0.868806659009013
RipVIS-066_00390.jpg,0.5657972848269908,0.31071806209597846,0.4741188377294611,0.924440885418343,0.31881484988204317,0.6699219073831513,0.0026552588873498656,0.8342594304724086,0.875385497502277
RipVIS-066_00395.jpg,0.5050127802692911,0.2578123825125276,0.40993773967710134,0.9782593189492254,0.25929805190778593,0.6292900928678926,0.008599348533081518,0.7718507303985163,0.8659570736100399
RipVIS-066_00400.jpg,0.5040597785107845,0.2551256463747954,0.40653403443978686,0.979550962933696,0.25649171743023186,0.6263886182030793,0.010497310062918605,0.7722610022180424,0.8669385587526346
RipVIS-066_00405.jpg,0.5449786402902669,0.29177813212317305,0.4517465110569801,0.9794157979182913,0.29357842768805903,0.6675289279619881,0.010279765776150973,0.8136718749990597,0.8894961017673083
RipVIS-066_00410.jpg,0.6474074593496685,0.42021788168394786,0.5917653722057025,0.9719574508113201,0.42537511579218096,0.7732429806102027,0.012301131702099207,0.885045303253415,0.9244270010492348
RipVIS-066_00415.jpg,0.6651215452458175,0.44522875657495353,0.6161360332050143,0.9860661486863864,0.4480476099973152,0.7951111913561583,0.013848284349307849,0.8947288738894985,0.9361180247435715
RipVIS-066_00420.jpg,0.6423867757480412,0.41880618996098956,0.5903641990348305,0.9908083933410801,0.42043968774765983,0.7793539863008936,0.013661612368463952,0.8777725129427726,0.9287761755324926
RipVIS-066_00425.jpg,0.6157112893664195,0.38106424853496906,0.5518414497214036,0.9393370051868619,0.3906786056423408,0.7333559721181262,0.009059029805806687,0.8629819249250381,0.8973925709955228
RipVIS-066_00430.jpg,0.5882594097960215,0.3528522943867551,0.5216420090364738,0.9878045605868935,0.35439615601763974,0.7276871065292887,0.006862745097078047,0.8391329974102728,0.906224969931302
RipVIS-066_00435.jpg,0.5461706956911975,0.3204333715947097,0.48534576372864147,0.9677846628623186,0.3238881222378486,0.692459709187525,0.01027797243514623,0.7940574149399107,0.8712330742838407
RipVIS-066_00440.jpg,0.47476646125593047,0.25519689399563467,0.40662448292597864,0.9479516958346571,0.25882349229105117,0.6185622204325886,0.0010117617299846007,0.7233138406056729,0.8231517655792728
RipVIS-066_00445.jpg,0.49241309496697894,0.26893047302690837,0.4238695164840691,0.9396655610409652,0.27365585287990196,0.6320266786061663,0.0038754995756478746,0.7427780602802067,0.8301988543696293
RipVIS-066_00450.jpg,0.5052904125112114,0.28663897496371554,0.44556240024020577,0.9696415344103428,0.2892346732094137,0.6594012977834494,0.0012764871073172725,0.7515058709310841,0.8480531700813632
RipVIS-066_00455.jpg,0.5598470342803556,0.31785549770844945,0.48238292932897714,0.9834617401344109,0.31956362174586445,0.6947790172804231,0.0036471700656967214,0.8185893583570422,0.893273655754522
RipVIS-066_00460.jpg,0.6052674809152601,0.3816916166956018,0.552498997726338,0.9925933928623765,0.38278183097371127,0.7527511142832173,0.012748295284205707,0.8451992418629285,0.9110453587936971
RipVIS-066_00465.jpg,0.5580994163322525,0.332952332903724,0.49957125200181085,0.996237985718542,0.33337148133838973,0.7127825994508749,0.003006765221372242,0.8044078217446324,0.8899023070800545
RipVIS-066_00470.jpg,0.6137998917932171,0.39781312398332636,0.5691935741019293,0.996014212169225,0.398447429920693,0.7661956531261224,0.001568722094658052,0.8469917252209146,0.9130872122749444
RipVIS-066_00475.jpg,0.6332102076353103,0.4219748268850091,0.5935053404699027,0.9839648520151658,0.4248967131156288,0.7789740565621326,0.006384790010444836,0.8603088017741537,0.9149880397109733
RipVIS-066_00480.jpg,0.7084837522092868,0.5148472278397229,0.6797348516443216,0.9786881107667871,0.5206847817017178,0.8322719531916024,0.008918054852950016,0.9113304363894793,0.9414267520648982
RipVIS-066_00485.jpg,0.637891260890784,0.33221320809959914,0.498738799585242,0.34064761684581407,0.9306392531832431,0.3901108517123073,0.004504504503310942,0.9451102533273101,0.6692175386809249
RipVIS-066_00490.jpg,0.7938548671144727,0.6297862139535186,0.7728451849224932,0.6437736689614194,0.9666510569814247,0.6898584905660378,0.012189616250070064,0.9607340976320258,0.8206012123008274
RipVIS-066_00495.jpg,0.47247093401868284,0.033680489805798394,0.06516615170346512,0.033680489805798394,0.9999999996251875,0.04174907989284194,0.0,0.9115349944516092,0.5168402449022631
RipVIS-066_00500.jpg,0.8227021938237908,0.6907914704623708,0.8171220195160602,0.9468904526323354,0.7186352605732246,0.8903324161024319,0.019037159066623253,0.9587913738894245,0.9534817620986018
RipVIS-066_00505.jpg,0.4436072716341027,0.0,0.0,0.0,0.0,0.0,0.0,0.8872145432682054,0.4999999999993487
RipVIS-066_00510.jpg,0.8491317552066455,0.7318815786751879,0.8451866313342793,0.8031494323865548,0.8918673664480814,0.8194523313773739,0.008832399825757776,0.9692076553243236,0.8958836571832373
RipVIS-066_00515.jpg,0.45212994637521714,0.0,0.0,0.0,0.0,0.0,0.0,0.9042598927504343,0.49999999999936096
RipVIS-066_00520.jpg,0.4466086122406081,0.0,0.0,0.0,0.0,0.0,0.0,0.8932172244812162,0.4999999999993531
RipVIS-066_00525.jpg,0.4476348696370566,0.0,0.0,0.0,0.0,0.0,0.0,0.8952697392741132,0.49999999999935457
RipVIS-066_00530.jpg,0.44825201090924527,0.0,0.0,0.0,0.0,0.0,0.0,0.8965040218184905,0.49999999999935546
RipVIS-066_00535.jpg,0.44609721708528327,0.0,0.0,0.0,0.0,0.0,0.0,0.8921944341705665,0.49999999999935235
RipVIS-066_00540.jpg,0.44567827755126005,0.0,0.0,0.0,0.0,0.0,0.0,0.8913565551025201,0.49999999999935174
RipVIS-066_00545.jpg,0.44559622318735487,0.0,0.0,0.0,0.0,0.0,0.0,0.8911924463747097,0.4999999999993516
RipVIS-066_00550.jpg,0.4462243435645731,0.0,0.0,0.0,0.0,0.0,0.0,0.8924486871291462,0.4999999999993525
RipVIS-066_00555.jpg,0.4441666281429778,0.0,0.0,0.0,0.0,0.0,0.0,0.8883332562859556,0.4999999999993495
RipVIS-066_00560.jpg,0.4446716669743382,0.0,0.0,0.0,0.0,0.0,0.0,0.8893433339486764,0.49999999999935024
RipVIS-066_00565.jpg,0.44820404955569504,0.0,0.0,0.0,0.0,0.0,0.0,0.8964080991113901,0.49999999999935535
RipVIS-066_00570.jpg,0.4472858496666428,0.0,0.0,0.0,0.0,0.0,0.0,0.8945716993332856,0.49999999999935407
RipVIS-066_00575.jpg,0.45454766087225573,0.0,0.0,0.0,0.0,0.0,0.0,0.9090953217445115,0.49999999999936434
RipVIS-066_00580.jpg,0.45227094119770217,0.0,0.0,0.0,0.0,0.0,0.0,0.9045418823954043,0.4999999999993612
RipVIS-066_00585.jpg,0.44953541050243906,0.0,0.0,0.0,0.0,0.0,0.0,0.8990708210048781,0.4999999999993573
RipVIS-066_00590.jpg,0.4467842779210813,0.0,0.0,0.0,0.0,0.0,0.0,0.8935685558421625,0.4999999999993533
RipVIS-066_00595.jpg,0.4571433524403001,0.0,0.0,0.0,0.0,0.0,0.0,0.9142867048806002,0.49999999999936795
RipVIS-066_00600.jpg,0.4511978781429697,0.0,0.0,0.0,0.0,0.0,0.0,0.9023957562859394,0.4999999999993596
RipVIS-066_00605.jpg,0.45842212925242876,0.0,0.0,0.0,0.0,0.0,0.0,0.9168442585048575,0.4999999999993697
RipVIS-067_00000.jpg,0.5993576282443808,0.23573920528667167,0.3815355283350162,0.25579508861001954,0.7504146534397912,0.2946356269572062,0.09636015323824518,0.9633940972211769,0.6259331185172835
RipVIS-067_00006.jpg,0.58424342043811,0.2149527504926396,0.35384544856658906,0.23194038222220562,0.7458609804325285,0.2690118264829573,0.07444077739742559,0.9541178385406314,0.6137073246064627
RipVIS-067_00012.jpg,0.5619807696921806,0.1920591313423331,0.32223087981560533,0.2070604496317867,0.7260992135750483,0.24160130600637864,0.08757666522784528,0.9329871961795432,0.6002752506646708
RipVIS-067_00018.jpg,0.8420702305667453,0.6934797628752507,0.8189997637737766,0.9125275145510323,0.7428615947667461,0.8726650375699001,0.11159477639264052,0.9908539496517026,0.9525993932566772
RipVIS-067_00024.jpg,0.8411060465595331,0.6934578872132038,0.8189845079104686,0.8541861246738826,0.7865694233938844,0.8397484868073103,0.11167227831805605,0.9890332031239268,0.9236264937140848
RipVIS-067_00030.jpg,0.8542873960225059,0.7189230070876139,0.8364807546624108,0.8721374045481453,0.8036251732845143,0.8575160757200696,0.11146616539258154,0.9899186197905925,0.9328222176679033
RipVIS-067_00036.jpg,0.8711530468386218,0.7522999334750526,0.8586428831086446,0.8923547199285973,0.8273854874340235,0.8785572361480561,0.11890909088747106,0.9903005642350365,0.9429995365035043
RipVIS-067_00042.jpg,0.8560501376463194,0.7247927253100053,0.8404403783413857,0.8350140055788512,0.8459377394124141,0.8371761243323093,0.08297908517548391,0.9877180989572616,0.9144428872001977
RipVIS-067_00048.jpg,0.8581171701884678,0.7299412481824644,0.8438913737092122,0.8588272119976308,0.8294661527012454,0.852789879660376,0.08872398772564542,0.9867827690961515,0.9255817958033402
RipVIS-067_00054.jpg,0.8382345499985556,0.6939721487890258,0.8193430444356803,0.8308066496450646,0.8081914868994052,0.8261829282611248,0.08560595011147645,0.9831651475683776,0.9106549705390103
RipVIS-067_00060.jpg,0.8047975518620007,0.6335454199551585,0.7756691821553999,0.8272678014894281,0.7301293163422773,0.8058259259422158,0.06845932225703671,0.9770019531239399,0.9059148152711253
RipVIS-067_00066.jpg,0.7344359945335461,0.5101739503850777,0.675649252531457,0.834907525351779,0.567415059405156,0.7629711110754259,0.051782905079734806,0.9604014756934023,0.9009152054301734
RipVIS-067_00072.jpg,0.732042500869466,0.508778278278175,0.6744241822712284,0.8932068610288679,0.5417319905330198,0.7906166864446875,0.0763758389159227,0.9572840711795169,0.9269151146149369
RipVIS-067_00078.jpg,0.7047966203080909,0.4635975994894008,0.6335041812737794,0.9002825910556577,0.4886914954279789,0.7704955529224724,0.05638621388033626,0.9484038628461932,0.9255971144029994
RipVIS-067_00084.jpg,0.8573915246310002,0.7335983452793355,0.8463302324635417,0.8902441415650506,0.8065450281449261,0.8721428379318161,0.06837474917913648,0.9821115451378232,0.9388683736403153
RipVIS-067_00090.jpg,0.8360725579625734,0.6956431596615283,0.8205065502111747,0.8972380333709509,0.7558652205973696,0.8648853668775455,0.050105964267316686,0.9776996527767169,0.9398919129651347
RipVIS-067_00096.jpg,0.8495573898566353,0.7219524482469395,0.8385277409744206,0.8855892197942564,0.7962156989721855,0.8661446406146118,0.04120397427802396,0.9784407552072717,0.9351476089873039
RipVIS-067_00102.jpg,0.906308072468928,0.8264570674358448,0.9049838424027172,0.8830593302929628,0.9280247516539973,0.8917004111929603,0.06460718205039874,0.9870149739572623,0.9389510915754633
RipVIS-067_00108.jpg,0.9092709230076792,0.833300432957831,0.9090713316566355,0.9078656840405491,0.9102801857231743,0.9083475591387052,0.07693468093574676,0.9862554253461521,0.9502696556051184
RipVIS-067_00114.jpg,0.8854462121962583,0.7924737133280726,0.8842235257739902,0.9034700315341085,0.865779927437927,0.8956717538153616,0.10926401690958681,0.9800618489572699,0.9452902066283249
RipVIS-067_00120.jpg,0.925624854011603,0.8669092165482688,0.928710629166102,0.8954661403838353,0.9645187186829127,0.9084741791537536,0.10407772705666454,0.9857899305544859,0.9458343337163331
RipVIS-067_00126.jpg,0.9170363269465566,0.8555657849240011,0.9221616305660031,0.8846533054474591,0.9629914047448443,0.899284429383842,0.10567673755511763,0.9809342447906023,0.9398389234477613
RipVIS-067_00132.jpg,0.8811658383716534,0.7980450780302477,0.8876808349037649,0.8741697473510595,0.9016161312451915,0.8795245246094938,0.04654823475977645,0.9687033420128378,0.9292254720940538
RipVIS-067_00138.jpg,0.7810386527342745,0.6494761432786075,0.7874938306020793,0.6913119765727394,0.914764512745335,0.7268205456119602,0.016788677401972797,0.9247819010406632,0.8375233877562124
RipVIS-072_00000.jpg,0.654010600017374,0.3480980710231098,0.5164284090384142,0.7753684294753496,0.38714010745875493,0.645837793000107,0.0403743806128878,0.960762803818402,0.8706399957869222
RipVIS-072_00006.jpg,0.653973735952099,0.34761852701527607,0.515900486742619,0.7660924386312455,0.3888945512283895,0.6416267009262187,0.03566878980242606,0.9611501736100682,0.8663298703142508
RipVIS-072_00012.jpg,0.6429248468556295,0.3271691719778096,0.4930331096980603,0.7513556024358891,0.366892369876364,0.6211715750354183,0.0395929694653852,0.9594943576378477,0.8582265147261501
RipVIS-072_00018.jpg,0.6544917599433802,0.34863570998873916,0.5170198407272639,0.8317265936758848,0.37509302415935347,0.6688714431391174,0.024769481102012388,0.9611718749989571,0.8981079027231889
RipVIS-072_00024.jpg,0.6649804039892078,0.3664518611067336,0.5363553177935334,0.9611988495402796,0.3719540768437216,0.7299298041259235,0.032054845278477885,0.964263237846176,0.9627647176733145
RipVIS-072_00030.jpg,0.6573145816847401,0.35381944443797847,0.522698127718002,0.9937891386411154,0.3546035641613472,0.7304549261659888,0.010363636361752065,0.9616330295128455,0.9773638649110675
RipVIS-072_00036.jpg,0.662486799075555,0.36246277938331645,0.5320699910017005,0.9867631213900383,0.36423377016202874,0.7353863330478404,0.012897196259271552,0.9632931857628436,0.9747746074327399
RipVIS-072_00042.jpg,0.66661620945097,0.36918830663253793,0.5392805428502985,0.9741511949443968,0.37284076632433966,0.7365669789663088,0.00947409125880238,0.9647851562489531,0.9693669569853329
RipVIS-072_00048.jpg,0.6672107191332531,0.3700350753361544,0.5401833602623085,0.9707500128015859,0.3742073557313291,0.7360691010009667,0.008376545670447438,0.9651161024295083,0.9678723155970963
RipVIS-072_00054.jpg,0.6498383017844437,0.33793433520938193,0.5051583270063795,0.9569035615028512,0.3431570761986167,0.7047944549142364,0.007465698142157849,0.9624750434017334,0.9597462015190239
RipVIS-072_00060.jpg,0.636001715343296,0.31215218625189944,0.47578655817896764,0.9110043088658156,0.3219703625544823,0.6669659540391663,0.0038990355009441745,0.9605696614572911,0.9362835175344523
RipVIS-079_00000.jpg,0.7863628931016541,0.6347847617655209,0.7765973559479127,0.7698313286023283,0.7834833707266978,0.7725235424677017,0.024229354303662392,0.9439832899295313,0.8695146044800808
RipVIS-079_00006.jpg,0.7958636248498634,0.6453495699246562,0.7844528381336107,0.8192198858043693,0.7525166244098561,0.8049496973984124,0.023896578738065215,0.9511447482628568,0.8932118411743334
RipVIS-079_00012.jpg,0.7503369193971288,0.5726268036534389,0.7282424569174889,0.6656125767925091,0.8038826668703177,0.689325772925779,0.012475049898643332,0.9343739149295417,0.820447752066424
RipVIS-079_00018.jpg,0.7270416471318129,0.5313285361362451,0.6939445371753613,0.6088711662432197,0.8066525354551155,0.6402683660421703,0.009135995822352388,0.928974609373992,0.7933148436640372
RipVIS-079_00024.jpg,0.7349621125562569,0.5422719446619342,0.7032118382738267,0.6026157108256087,0.8441234481860527,0.6391908180728777,0.014834794333805152,0.933363715276765,0.7929200811472679
RipVIS-079_00030.jpg,0.8009253951266102,0.6493224506823513,0.7873808428590978,0.6747954217919983,0.9450578738838328,0.7157316201065769,0.01051912568162307,0.9563639322906289,0.8347296094076837
RipVIS-079_00036.jpg,0.7834018763413954,0.6185246868549104,0.7643067688473963,0.6390629060966754,0.9506072442581674,0.6838893822878922,0.0055160400630692346,0.952280815971189,0.8172444753027018
RipVIS-079_00042.jpg,0.7672902358389595,0.5924628318168513,0.7440837173460514,0.5947336913996814,0.9935965107096123,0.6466511658180977,0.011459968601026691,0.9466102430545285,0.7970791974761469
RipVIS-079_00048.jpg,0.7533113761750154,0.5700537402879168,0.726158252625646,0.5731429670794669,0.9906333568747748,0.6258984240263754,0.00681009131607954,0.9414898003462007,0.7861473176274887
RipVIS-079_00054.jpg,0.7431002178587756,0.5522293044271589,0.7115305745770028,0.5532683307910065,0.9966108023351485,0.6072998143017413,0.007494646679795863,0.9389431423600922,0.776485955655486
RipVIS-079_00060.jpg,0.8380931820047914,0.7151284374828768,0.8339065714896542,0.7363599658989156,0.9612438510077157,0.7725056475903614,0.010239951091205875,0.9645258246517312,0.8661377559400978
RipVIS-079_00066.jpg,0.8434670581378154,0.7232160658227466,0.8393794372819385,0.7262171262105177,0.9943184649763979,0.7676118656458004,0.013367281983868986,0.9668598090267286,0.8628276746099838
RipVIS-079_00072.jpg,0.8221559312441895,0.6820914232626708,0.8110039844798105,0.7911023594913382,0.831932773099228,0.7989446373983138,0.024953944058791835,0.9650531684017306,0.8871843932503678
RipVIS-079_00078.jpg,0.8466465323624075,0.7278706571563247,0.8425059527942113,0.836288213342663,0.8488168416379392,0.8387642635830593,0.015676959617469996,0.9683496093739493,0.9097559225653087
RipVIS-079_00084.jpg,0.8624651876134526,0.755663246984114,0.8608293740638423,0.8156558446772203,0.9112999692305529,0.8331441236327429,0.022147327873190927,0.9719346788183898,0.9031006999484846
RipVIS-079_00090.jpg,0.8665664227753207,0.7632811404462418,0.8657509264269391,0.8361357445589926,0.8975410286469883,0.8477353095689478,0.012155716262170223,0.9725227864572781,0.9124115549959676
RipVIS-079_00096.jpg,0.8653989634326653,0.7619611882273838,0.8649012172554751,0.8215545793080997,0.9130767214161015,0.8383611871083689,0.02105748539485744,0.971663411457279,0.9059239569055862
RipVIS-079_00102.jpg,0.8503444608237131,0.7369051649976394,0.8485266551655868,0.7813598954137927,0.9283268984575099,0.8069088648173817,0.030976730394104528,0.9671191406239505,0.8866496835157955
RipVIS-079_00108.jpg,0.8735172482347653,0.7759329186956174,0.8738313373520015,0.8117623137248448,0.9461780671849157,0.8355008640225782,0.017209011261387824,0.9737304687489434,0.9029672636585365
RipVIS-079_00114.jpg,0.85809174100301,0.7490117136907346,0.8564970809831604,0.8151125561212978,0.9023086882952323,0.8311769961954126,0.02568922305362011,0.9701009114572807,0.9021323621426229
RipVIS-079_00120.jpg,0.8302970571262902,0.7019235723426198,0.8248590991385755,0.7592398220236187,0.9028940682546903,0.7841935199149599,0.01776915036318215,0.9623361545128447,0.8742196424413669
RipVIS-079_00126.jpg,0.8141006658352771,0.6731119336605742,0.8046227154544091,0.7246911286509551,0.9043727249437253,0.754679198702942,0.010199490023968878,0.9588910590267373,0.8572782997508784
RipVIS-079_00132.jpg,0.8023462694471131,0.6596442434919787,0.7949224613391273,0.6666240812779626,0.9843751733824824,0.7126307688105441,0.005338078291084303,0.9503374565961911,0.8324192446396976
RipVIS-079_00138.jpg,0.8225093373544841,0.6931924414898378,0.8187993573605828,0.7043539872564558,0.9776507332572041,0.7460656773335841,0.00865125513988778,0.956554904512851,0.8508733573143936
RipVIS-079_00144.jpg,0.8334951453620882,0.7113183884565659,0.8313104016817143,0.7407498102150767,0.9470981746736337,0.7744984748994219,0.01760863390832027,0.9600368923600694,0.8672031682916181
RipVIS-079_00150.jpg,0.829012631720481,0.7033650444162013,0.8258535617152662,0.7437728633127388,0.9282979319408505,0.7745661837154172,0.012463647692499148,0.9590614149295149,0.8675747958548223
RipVIS-079_00156.jpg,0.8279678578550511,0.7023075377451484,0.8251241590287671,0.7306875924556934,0.9475945196239277,0.7657437522117928,0.019801980195218956,0.9582009548600714,0.8621916081345419
RipVIS-079_00162.jpg,0.8339919112431804,0.712961608628912,0.8324315093081163,0.7455802795071039,0.9421848294850027,0.778051280327979,0.017114568597296383,0.9595421006934033,0.8692266120172336
RipVIS-079_00168.jpg,0.8209702410849817,0.6943838989958503,0.8196299544717887,0.7064727482129276,0.9759498706885226,0.7477671086724584,0.01296167247206109,0.953140190971188,0.8516917407167046
RipVIS-079_00174.jpg,0.8132622742954427,0.6815533844248747,0.8106235469389866,0.6887661011129719,0.9848676937332286,0.73283142122732,0.021267605630807377,0.9507693142350795,0.843427395022268
RipVIS-079_00180.jpg,0.7573452885824028,0.5900372360228126,0.7421678218035733,0.6063497827771298,0.9563930670072726,0.6542406678025037,0.009854267868167347,0.932024739582322,0.8005154339146583
RipVIS-079_00186.jpg,0.750114013961674,0.5784394995170166,0.7329257785224104,0.6008166230510973,0.9395070948370183,0.6475012070237911,0.00452296819724057,0.9293684895823249,0.7966880955699606
RipVIS-079_00192.jpg,0.7480113479194983,0.573696950557965,0.7291072786975368,0.6089536815898723,0.908331597574377,0.6519275732370194,0.004653130286991944,0.9296766493045467,0.7988227464900206
RipVIS-079_00198.jpg,0.7674576905984867,0.6057076998290926,0.7544432898883932,0.6378621731047189,0.9231696232429184,0.679886216798817,0.002188782489440659,0.9361512586795397,0.8141079457337075
RipVIS-079_00204.jpg,0.7781890194237056,0.6198804421017253,0.7653409794829761,0.6423298028740598,0.9466275531322202,0.6864631455287263,0.013515477399576299,0.9424565972211996,0.8180669119527894
RipVIS-079_00210.jpg,0.8020427193006259,0.6609187136810323,0.7958471516240103,0.6798278055513489,0.9596149428787445,0.7219249656749853,0.013047658286904592,0.9488346354156371,0.8374546070440942
RipVIS-079_00216.jpg,0.8324825478190205,0.7094289195400745,0.8300186236827535,0.7468429850486847,0.9340426192424781,0.7780293142479797,0.038307349660236474,0.9598904079850695,0.86944213796217
RipVIS-079_00222.jpg,0.8262908214903965,0.7001383462251232,0.8236251453061628,0.7372018568854074,0.9330024311088635,0.7694993984761396,0.020520803846515594,0.9571961805545169,0.8644498476798992
RipVIS-079_00228.jpg,0.8305483827055322,0.7077872012282659,0.8288939051882047,0.7126895207885838,0.9903750555180508,0.7550291735609161,0.011853298004203974,0.9580533854156271,0.8557689684582903
RipVIS-079_00234.jpg,0.786890555576289,0.6350522099797236,0.7767974699567531,0.6475191062317869,0.9705744110950367,0.6936985642120197,0.019474329290552317,0.9446321614573083,0.8220437493644552
RipVIS-079_00240.jpg,0.8196044956576669,0.6898596151378354,0.8164697338856355,0.6947076909281477,0.9899853599436679,0.7387779660211853,0.008904967300834149,0.9544780815961865,0.846754307564896
RipVIS-079_00246.jpg,0.7969675850581579,0.6533162402748978,0.7903100742133525,0.6656236768214719,0.9724770642099873,0.7104590293023177,0.017084890547639495,0.9465950520823062,0.83113400107531
RipVIS-079_00252.jpg,0.7938269088994794,0.6458546346831391,0.7848258540858069,0.6859578494970799,0.9169933013862068,0.7223572733183689,0.018911881592584365,0.9473838975684165,0.8379296047818763
RipVIS-079_00258.jpg,0.8059070932544112,0.6665836069369534,0.799940194014125,0.7062029768643777,0.9223701690421527,0.7409320262438883,0.0165685334771233,0.9506358506934129,0.8482737056294447
RipVIS-079_00264.jpg,0.8532227873025984,0.7448534598798752,0.8537719378808519,0.8074526604780665,0.9057287960374538,0.8253638881535819,0.026767043074478313,0.9654644097211746,0.8977308706939789
RipVIS-079_00270.jpg,0.708129355951906,0.5177792639052204,0.6822853312318724,0.7273179818164297,0.6425040251321557,0.7086099242624546,0.015050167222282588,0.9084581163184587,0.8320406021450371
RipVIS-079_00276.jpg,0.7084225831995468,0.5168395210732439,0.6814689542207507,0.7272066569159702,0.6411441571766047,0.7081940982897351,0.03014540725497749,0.9096679687490129,0.8324173425049821
RipVIS-079_00282.jpg,0.7132640697481358,0.5268678365204239,0.6901289344349567,0.7306214849639081,0.653889053604883,0.7138673350165392,0.008582217644057418,0.9097450086795684,0.8344686556268062
RipVIS-079_00288.jpg,0.721106331194426,0.5364055244922272,0.6982603433029259,0.7393068207730165,0.6615319441048452,0.7223224439861359,0.02017810844096741,0.9150640190962293,0.8406580005958071
RipVIS-079_00294.jpg,0.8194463796651479,0.6874879312821994,0.8148063385079469,0.7989210925437001,0.8313361042279799,0.8052002800791025,0.021468778633136697,0.9560980902767403,0.8883162605410917
RipVIS-079_00300.jpg,0.8191520393305229,0.6884331013559629,0.8154697995473904,0.7814910244242499,0.8525376401861599,0.7947369786487024,0.013670095037928641,0.9548697916656306,0.8808599769585375
RipVIS-079_00306.jpg,0.818554118474399,0.6832809533107176,0.811844216459319,0.8455477232129563,0.7807245590665203,0.8317359995855567,0.015542563807850768,0.9580099826378494,0.9085260636708706
RipVIS-079_00312.jpg,0.8337280372559019,0.710042178940631,0.8304382051915248,0.8068978305135649,0.855393385415938,0.8161519922728508,0.01780585869933862,0.9614355468739567,0.8944085583854342
RipVIS-079_00318.jpg,0.847589962491634,0.73270019351629,0.8457322233333051,0.7864587622662086,0.9146685397346331,0.8091423815683683,0.021423436373627112,0.9659787326378407,0.8882941278637666
RipVIS-079_00324.jpg,0.8187342736093481,0.6823811527077629,0.8112087461387479,0.7535446825046593,0.878429461133188,0.7755977575842197,0.01829826166235159,0.959039713540626,0.8698777721377227
RipVIS-079_00330.jpg,0.8333949597735999,0.7077777399762928,0.8288874171484611,0.7394189765392731,0.9429872763627992,0.7727840802524043,0.008409785931435812,0.9627137586795109,0.866599629671178
RipVIS-079_00336.jpg,0.8275606155054891,0.6978209703076809,0.8220194973575111,0.735064381108341,0.9323076922971846,0.7675412957426553,0.0044066251322889185,0.9611328124989571,0.8638205078375398
RipVIS-079_00342.jpg,0.8405461716061269,0.7215828524260381,0.8382783917825278,0.7380972458744026,0.9699253119282605,0.7751520583223813,0.011592076300573429,0.9633550347211769,0.8673587395721563
RipVIS-079_00348.jpg,0.8283262808687389,0.7008048420278384,0.824086132295204,0.733681018587002,0.9399020674544081,0.7673535599050503,0.013985064492330609,0.9599858940961805,0.8634052480749486
RipVIS-079_00354.jpg,0.8234707600998877,0.69211908931135,0.8180500931444784,0.6942340531518312,0.9956176325725246,0.7389729799306322,0.0171796707205183,0.9589876302072927,0.8468830452262314
RipVIS-079_00360.jpg,0.8286526658356272,0.7046148510543466,0.8267144341943576,0.7474965607644088,0.9247133089838948,0.7772892932055179,0.008889445347578634,0.9574880642350722,0.8689721898335845
RipVIS-079_00366.jpg,0.8217033092647468,0.6952408809064853,0.8202266577416698,0.7259251534419437,0.9426866191301649,0.7609182801844556,0.0031788727224380886,0.953646918401743,0.8591999648262967
RipVIS-079_00372.jpg,0.8531201084202384,0.748852161247026,0.8563927561641963,0.8161109147259251,0.9008575466630175,0.8317601981589915,0.015575501581893412,0.9621918402767338,0.9008578796361825
RipVIS-079_00378.jpg,0.845401812090961,0.7376460635854604,0.8490176210722693,0.8018256442400862,0.9021120185640452,0.820058568512161,0.023769100166675054,0.9586089409711821,0.8935267952789085
RipVIS-079_00384.jpg,0.8009368667313673,0.668178796529273,0.8010877466125951,0.6963564051530158,0.9428988352114334,0.734781484494828,0.0043982895535249495,0.9415049913184228,0.8438854546686894
RipVIS-079_00390.jpg,0.7891793421912499,0.6451592051979551,0.784312184692576,0.7607701454254644,0.8093577684008324,0.770015306185427,0.017297802709525734,0.9404340277767573,0.8655129313768013
RipVIS-079_00396.jpg,0.775049983294523,0.623568003089287,0.7681452232401432,0.7852963582468622,0.751727248800874,0.7783448097631906,0.015589179273774739,0.9345030381934304,0.8718593047965588
RipVIS-079_00402.jpg,0.8127212553992493,0.6821114289373759,0.8110181254380747,0.7608571493785297,0.8682598305377515,0.7801580695587264,0.011066898780021523,0.9494748263878586,0.8708370496488167
RipVIS-079_00408.jpg,0.8168666306129835,0.6853081964748118,0.8132734391350884,0.8253261553943104,0.8015676816331319,0.8204624524119787,0.01808318263780894,0.9536328124989653,0.8984224363886189
RipVIS-079_00414.jpg,0.8350064450007602,0.718339773819981,0.8360858367644777,0.8209930667119604,0.8517439167093269,0.8269643111233957,0.02035344302006661,0.956975911457295,0.8994735957255812
RipVIS-079_00420.jpg,0.814937723152451,0.6835233279000348,0.8120152736495035,0.8165884461061815,0.8074930385553329,0.8147530096888995,0.013048780486213564,0.9519227430545226,0.894113643497285
RipVIS-079_00426.jpg,0.8057395514761818,0.6693361228642433,0.8019189349545709,0.8173835064734072,0.7870286649822257,0.8111266515441277,0.013523216848549159,0.9482085503461933,0.8924202009754479
RipVIS-079_00432.jpg,0.8293345298859534,0.706989148557376,0.828346388909235,0.7832984672425679,0.8788919434748798,0.8007166001268112,0.029816513757445155,0.9567252604156286,0.8833487537452631
RipVIS-079_00438.jpg,0.8332963286330632,0.713190195473993,0.8325872951621378,0.7925628390343902,0.8768692273779792,0.8081017908653034,0.02939582768499108,0.9582411024295158,0.8878916360976102
RipVIS-079_00444.jpg,0.8406890401201426,0.7252763906620094,0.8407654502055895,0.7771075044388749,0.9157832293532495,0.8013777998070947,0.02357590623826984,0.9606608072906243,0.8830417054973023
RipVIS-079_00450.jpg,0.7561668894129678,0.588846116516748,0.7412248554412362,0.707863770342224,0.7778860371035112,0.7208412335600045,0.006284658039890985,0.9310438368045453,0.8375464839904607
RipVIS-079_00456.jpg,0.8013921774270444,0.6638322944310354,0.7979557755345045,0.6903495334863504,0.9453019974167394,0.729710832910144,0.007386653081076585,0.9455197482628629,0.8414876539632885
RipVIS-079_00462.jpg,0.8156872520319856,0.687615564355802,0.8148959737975386,0.7131577653314332,0.9504919905164216,0.7506443727735312,0.01628876726397071,0.9499544270823026,0.8531858460898389
RipVIS-079_00468.jpg,0.8271300520470519,0.7083501572019967,0.8292798220736672,0.7526179943543269,0.9233304572828014,0.7815165572199761,0.049812879074743466,0.9521907552073001,0.8706085387534379
RipVIS-079_00474.jpg,0.7543064904641158,0.5986592718123492,0.7489516776563254,0.7557200631509119,0.7423034540877582,0.7529980817796669,0.02714617169058629,0.9206163194434455,0.8534871578081236
RipVIS-079_00480.jpg,0.8152476740166332,0.6890699429895029,0.8159164110988922,0.7158996409906367,0.9484177810335396,0.7528121680745873,0.027551020404649105,0.9481553819434156,0.8542280504340196
RipVIS-079_00486.jpg,0.809436823020633,0.6799053704779053,0.8094567496792793,0.7150477658511987,0.9325879354807677,0.7500393593014895,0.010101010099765828,0.9459722222211958,0.8525832800227673
RipVIS-079_00492.jpg,0.7942385537564249,0.6550288885468614,0.7915618791669382,0.69439687304351,0.9203428754457706,0.7302525637765912,0.009808670379049568,0.9409147135406457,0.8414077102246567
RipVIS-079_00498.jpg,0.8182006398502563,0.687938540327873,0.8151227356823605,0.771485304488476,0.8639926487400507,0.7883673390673815,0.03234465172025974,0.9537207031239652,0.876488857819034
RipVIS-079_00504.jpg,0.8268073901723509,0.70791919004664,0.8289844088317879,0.7198084826296717,0.977199795782945,0.7598361678358162,0.009977827049768684,0.952011718748967,0.858285856566998
RipVIS-079_00510.jpg,0.8323532887229061,0.7149667736051848,0.8337966479690907,0.743954142326455,0.9483189647161971,0.7774631458703181,0.02239372469352306,0.9553667534711856,0.8683859815098876
RipVIS-079_00516.jpg,0.8272939848694261,0.7049322817541558,0.8269328809105206,0.74572477257263,0.9279892705989516,0.7762157667234116,0.03492695882670292,0.9550607638878525,0.8679962216574693
RipVIS-079_00522.jpg,0.7454148896936248,0.5726680582415017,0.7282758179521209,0.7660104114916194,0.6940843868299378,0.7504568621602783,0.02302861130227627,0.9262499999989949,0.857998758697592
RipVIS-079_00528.jpg,0.7910626502472122,0.6410031439596329,0.7812332917448707,0.7457341657955314,0.8202810681260851,0.7595395113025578,0.02084716504835385,0.9467230902767505,0.8609223738162446
RipVIS-079_00534.jpg,0.8000140707075937,0.6559129451201224,0.7922070384835859,0.7517432451832908,0.837274700379001,0.7674223893661409,0.01507998950759507,0.949495442707303,0.8651420435733244
RipVIS-079_00540.jpg,0.7738298609736158,0.610697927861072,0.7583022456259678,0.7486639705283756,0.7681919229273046,0.7524897289607014,0.015755208331281873,0.9426345486100883,0.8588995362980933
RipVIS-079_00546.jpg,0.817107780155018,0.6861064216915064,0.8138352512805243,0.7731367866196728,0.859056595133284,0.7889177401870573,0.020352250486581572,0.9533951822906321,0.8769435635855398
RipVIS-079_00552.jpg,0.7678193194128982,0.5992589820314427,0.7494208114688716,0.7479121125427581,0.7509356094287771,0.748514862593236,0.018295108044770633,0.9419064670128668,0.8576563388794275
RipVIS-079_00558.jpg,0.7967552394975168,0.6441769340145905,0.7835859033026357,0.7664182280610267,0.8015403088816039,0.7731942292022814,0.022831050225244284,0.953590494790632,0.8715269763912796
RipVIS-079_00564.jpg,0.7961044264290851,0.6431664703193751,0.7828378705833324,0.7655376715634884,0.8009380746657755,0.7723651753228898,0.01267586014588719,0.9533289930545211,0.8710247815590677
RipVIS-079_00570.jpg,0.7839941248713953,0.6207045693491918,0.7659688028132619,0.7602206157218807,0.7718045786633928,0.7625095064956713,0.017983024022732982,0.9514702690961898,0.8670003050008673
RipVIS-079_00576.jpg,0.7855791940488188,0.6281060423592476,0.7715787866606955,0.6843459347781049,0.8842995089740681,0.7167600033328192,0.008455467868030515,0.9480490451378601,0.8355887712017956
RipVIS-079_00582.jpg,0.8012651822154309,0.6536878478574181,0.7905819090396792,0.6825165885887079,0.9393055555446841,0.7219924985943761,0.027161214949304728,0.9533474392350767,0.8379917901632643
RipVIS-079_00588.jpg,0.8166631296479006,0.6767785282118579,0.8072366348030289,0.7237414543126378,0.9125092014234025,0.754977387122251,0.022641509430544677,0.9601714409711803,0.8573521192475035
RipVIS-079_00594.jpg,0.7982609362325557,0.6487649580801756,0.7869708231009452,0.6821821484987873,0.9297947953579068,0.7205604852895711,0.009332376165207124,0.952354600693411,0.8372764866278724
RipVIS-079_00600.jpg,0.7849243815751792,0.6229946076244851,0.7677100154218484,0.6915355373526454,0.8627435064835026,0.7201163754055331,0.040587611685508465,0.9511447482628568,0.8384969645445591
RipVIS-079_00606.jpg,0.798054709199449,0.6446558816356887,0.7839401407114388,0.7363023501353597,0.8381685393164251,0.754645403559318,0.020961775582465817,0.9553830295128523,0.8593719307294285
RipVIS-079_00612.jpg,0.8138660676154652,0.6726825478968351,0.8043158562784547,0.7426886095661033,0.8770960408643331,0.766170416071913,0.020305343508350327,0.958850911457293,0.8646579318565946
RipVIS-079_00618.jpg,0.8239138348309076,0.6895919626272179,0.8162822478806565,0.7735455489024414,0.8640173139045304,0.7900917438603506,0.018069498066707414,0.9617816840267341,0.8792677009843917
RipVIS-079_00624.jpg,0.8300201950574583,0.7013377177819939,0.8244544401170584,0.7435499621189203,0.9251146840972304,0.7739284900068394,0.028505747122068083,0.9623535156239558,0.8677141554951674
RipVIS-079_00630.jpg,0.8488770311698488,0.732981554135814,0.8459196260762625,0.7854132838399307,0.9165266232710768,0.8085465425187903,0.02139622051828889,0.9678786892350609,0.8881835552931754
RipVIS-079_00636.jpg,0.8510530597122496,0.7388427640759668,0.8498097462752395,0.7694272260433511,0.9489467812744828,0.7996836878020727,0.02895553257069648,0.9667220052072844,0.8818279740819969
RipVIS-079_00642.jpg,0.8136381501176799,0.6735511894822475,0.8049364653024164,0.7722400084530565,0.8405240521871381,0.7849945759995309,0.018446059248400495,0.9577582465267386,0.8767998951733136
RipVIS-079_00648.jpg,0.8594245542314023,0.7541723162360086,0.8598611541815498,0.7989129952849273,0.9308766709959827,0.822225182773485,0.023095027945999554,0.9681304253461718,0.8953201892491813
RipVIS-079_00654.jpg,0.8549210486076304,0.7457399636368246,0.8543540036549965,0.7783629464058379,0.9467883180088565,0.8070773485132641,0.02422874341245617,0.9675217013878391,0.8861313206328569
RipVIS-079_00660.jpg,0.8127691468681054,0.6758701627545951,0.8065901258647393,0.7946404255633306,0.818904709330562,0.7993775638051892,0.01941244984865893,0.9544487847211865,0.8853920651130851
RipVIS-079_00666.jpg,0.7779149965191642,0.6165311143333118,0.7627828612350352,0.7439603438973013,0.7825825366887664,0.7513767676082296,0.014622883528139702,0.9446961805545305,0.8579522491971345
RipVIS-079_00672.jpg,0.8234772662665794,0.691696970688532,0.8177551685358952,0.790360335792068,0.8471172641633203,0.801095022658927,0.01972708394842375,0.9593391927072924,0.8858741709154498
RipVIS-079_00678.jpg,0.8222892403099908,0.6903310915200562,0.8167998506130125,0.7875866781087543,0.8482636540748612,0.7990175506961826,0.01935297515607265,0.9584819878461822,0.8844130019813391
RipVIS-079_00684.jpg,0.8057102049915021,0.6627219399522336,0.7971530585219464,0.7794463993721478,0.8156829011258548,0.7864338231868122,0.014428571426510203,0.9533962673600767,0.8779997477405608
RipVIS-079_00690.jpg,0.804344969387666,0.6628956741812996,0.7972787282733967,0.7537827969707585,0.8461017918333388,0.7705989583333334,0.013355827356480271,0.9510156249989681,0.866847608131088
RipVIS-079_00696.jpg,0.7457126920834385,0.5727844901637127,0.7283699626311689,0.7269504683632191,0.7297950113465984,0.7275176016206654,0.012834616793444002,0.9266427951378834,0.8424189569509003
RipVIS-079_00702.jpg,0.7921071806638094,0.6429457160733296,0.782674326708714,0.7305942128628926,0.842749376133293,0.7505718017844644,0.011231162921348995,0.946885850693417,0.8550299621664399
RipVIS-079_00708.jpg,0.7860050865427362,0.6347026200798245,0.7765358815523661,0.7396782337932977,0.817259341505139,0.7539933068695372,0.006618938267375532,0.9434657118045319,0.8571754089733701
RipVIS-079_00714.jpg,0.791357727886275,0.6448502667477977,0.7840838522314828,0.7544776239865432,0.8161085198118888,0.7660477044723353,0.012818782888568508,0.9441644965267533,0.8640437738735232
RipVIS-079_00720.jpg,0.7978410288217531,0.6519730353028932,0.7893264858083502,0.7398486875816116,0.845896276331705,0.758876316816231,0.017641200737282516,0.9490787760406368,0.8599489210990984
RipVIS-079_00726.jpg,0.7894267369927225,0.6397153024865501,0.7802760656273102,0.712411721338963,0.8624312732005103,0.7380898025683685,0.009491429379587557,0.9450737847211967,0.847193833317861
RipVIS-079_00732.jpg,0.7938046112073364,0.6460204037034766,0.7849482330230633,0.714878129297161,0.8702471156682686,0.7413493928416945,0.013479710948654848,0.9472157118045278,0.8491390788188243
RipVIS-079_00738.jpg,0.7884738432379069,0.6376718120663479,0.7787540914705731,0.7033038254765784,0.8723383396644021,0.7316587839837917,0.026411261061324732,0.9451388888878633,0.8434627996924424
RipVIS-079_00744.jpg,0.7712755696346254,0.6089556027115766,0.7569576210621378,0.6825617600982902,0.8495549107278852,0.7104934544443475,0.012073863634648598,0.939818793401758,0.8316621333344356
RipVIS-079_00750.jpg,0.7797288697463552,0.6224937051153703,0.767329578109034,0.690174899977808,0.8639056199824392,0.7190968590943068,0.01035673187422947,0.9428993055545324,0.8364993747851444
RipVIS-079_00756.jpg,0.7884324003578598,0.636367629934645,0.7777807606229182,0.69997261862014,0.8750503382643863,0.7291498885935948,0.019668446189987573,0.9461089409711956,0.8422044155209226
RipVIS-079_00762.jpg,0.8221876043349157,0.692532751757057,0.8183389668981269,0.7492335939190208,0.9014874347657742,0.7754262208816418,0.020818778815031608,0.956554904512851,0.8684669004868315
RipVIS-079_00768.jpg,0.7602270279047105,0.5892984153134563,0.7415830905453075,0.7209561350778279,0.7634251068778249,0.7290676719252673,0.006884681582630356,0.9373448350684274,0.8445640546533868
RipVIS-079_00774.jpg,0.8114644092239344,0.6749201337943028,0.8059132136233427,0.7229016545169445,0.910462593026522,0.7539659880625691,0.012074643247519943,0.953074001735077,0.8559140481207871
RipVIS-079_00780.jpg,0.8174548133019485,0.6871650783485852,0.814579541939298,0.735596899219104,0.9125634712945014,0.7652778136209967,0.024295302010161703,0.9531249999989658,0.8620628957356
RipVIS-079_00786.jpg,0.8150068454909682,0.6828246906362606,0.8115220729000486,0.7666351591339235,0.8619921939341617,0.7839805744341154,0.012440311634526224,0.9525802951378552,0.8738899823612676
RipVIS-079_00792.jpg,0.7363337868362818,0.560650165430818,0.7184828193396569,0.736101220143252,0.7016880883364885,0.7289511791477038,0.009241732545457996,0.9208984374990008,0.8431839690575756
RipVIS-079_00798.jpg,0.7065156588946003,0.5170869852327866,0.6816840303371835,0.7346474662197768,0.6358437196710608,0.7125042608356328,0.008609556606908141,0.906375868054572,0.8340802001836725
RipVIS-079_00804.jpg,0.7273509396858913,0.5487285430731494,0.7086181055129324,0.7967072780210244,0.638069017634735,0.7589679871833152,0.01615562149509225,0.9156206597212287,0.8649528015603412
RipVIS-079_00810.jpg,0.7096743914016701,0.5189034764249818,0.6832606343706796,0.7825767128977287,0.6063139040185745,0.7395759711465728,0.006790055852941621,0.9100987413184569,0.8553554699770136
RipVIS-079_00816.jpg,0.7075541662501483,0.5141975490021794,0.679168381088747,0.7729204399808021,0.6056995284969107,0.7324761836184824,0.00927745033734147,0.91031684027679,0.8512369745032876
RipVIS-079_00822.jpg,0.6972209451836358,0.4976421410494647,0.6645674923393177,0.7643361082975121,0.5878372337678178,0.7210376166399266,0.00809096872861459,0.9063715277767943,0.8451617301068242
RipVIS-079_00828.jpg,0.7082152380131066,0.5127259313875303,0.6778834430599578,0.7684290659878521,0.6064268804625521,0.7294554076398818,0.008606421713714396,0.912564019096232,0.8502986887120008
RipVIS-079_00834.jpg,0.7171567656456478,0.5239310502018597,0.6876046657523776,0.7496149315869384,0.6350698895381759,0.7235154095183793,0.010333863273866243,0.9184277343740034,0.8455050484759752
RipVIS-079_00840.jpg,0.6917244546760477,0.4857839883731514,0.6539093060291451,0.7447951522194993,0.5827923358852909,0.705568785205488,0.005320328086308986,0.9066861979156828,0.8366076438122105
RipVIS-079_00846.jpg,0.707966296775301,0.5106285967756187,0.67604783580231,0.7598797014472514,0.6088751744867469,0.7239699628554157,0.010747922436482224,0.9138194444434529,0.8471807674555604
RipVIS-079_00852.jpg,0.7156365955098918,0.5184949773570464,0.6829064107403127,0.7394562972446713,0.6343913604644118,0.7157485115520925,0.010048510047349444,0.9202669270823348,0.8417374833447406
RipVIS-079_00858.jpg,0.7452922001431123,0.562931751078031,0.7203535927781225,0.6585185930267032,0.7950046552969781,0.6819334004652939,0.0153426082414065,0.9338194444434311,0.8166357155438395
RipVIS-079_00864.jpg,0.7723683918645221,0.6035644857977982,0.7527785644336161,0.7208087535611721,0.78771588698712,0.7332651919477015,0.013742365350674296,0.9460080295128624,0.8479022334854391
RipVIS-079_00870.jpg,0.749958494447239,0.5663791710542468,0.7231699469969931,0.7052635612801045,0.7420092935041982,0.7123186400397894,0.014182462837285904,0.9388465711795368,0.8369720211126725
RipVIS-079_00876.jpg,0.7352408577429127,0.5401337663000354,0.7014114982981435,0.6858093148137153,0.7177401083322925,0.6919661473329706,0.008560945779513392,0.9356152343739847,0.8261919935144761
RipVIS-079_00882.jpg,0.7347475304154905,0.5404687416703549,0.7016938767408106,0.6989791397928847,0.7044297832163855,0.700062509982864,0.013081591367082725,0.9344943576378749,0.8313241371436868
RipVIS-079_00888.jpg,0.7199561144954227,0.5168750552879827,0.6814998420418386,0.705129236641807,0.6594027745059073,0.6954835381761549,0.017114270666519976,0.9288921440962143,0.8305411925081422
RipVIS-079_00894.jpg,0.7270971633219534,0.528874974029373,0.6918485592520558,0.7275417933831976,0.6594937645648199,0.7128314867405304,0.017259144768513764,0.9310959201378786,0.8414268002773901
RipVIS-079_00900.jpg,0.7365516923963227,0.5432658090247628,0.7040469708430451,0.7285677631166566,0.6811229874625212,0.7185572979298003,0.009850166480320454,0.9352419704850963,0.8441216567605271
RipVIS-079_00906.jpg,0.7316345900220526,0.536319567372993,0.698187510935716,0.7369323138426959,0.6633132869526434,0.720929578765796,0.010290641077695641,0.9326410590267658,0.8463552931980911
RipVIS-079_00912.jpg,0.7751620084546664,0.6127529286429656,0.759884440772413,0.7371811411677135,0.7840305837525287,0.746097696709044,0.013008130079538193,0.9431835937489765,0.8544884928701371
RipVIS-079_00918.jpg,0.797219261936593,0.6480256203408632,0.7864266335942414,0.7715902628145742,0.8018447467271069,0.7774571252498835,0.01347025873386633,0.9512250434017456,0.8732377383735488
RipVIS-079_00924.jpg,0.7613511798616976,0.5913839602513031,0.7432322745767964,0.7772150245704526,0.7120967397281366,0.7632557125558065,0.01005322294381393,0.9375282118045383,0.8679239077664038
RipVIS-079_00930.jpg,0.8105712713609933,0.6664984336872042,0.7998788600269437,0.7892464475894233,0.8108016555960198,0.7934653116615388,0.023245214217070004,0.9584136284711823,0.8837852303601001
RipVIS-079_00936.jpg,0.7822933370239605,0.6163856512337429,0.7626715205783626,0.7726831290903541,0.7529160331236598,0.7686471090115301,0.015624999997533933,0.9521809895823001,0.8723420440875076
RipVIS-079_00942.jpg,0.8089332110685865,0.6619785738743883,0.7966150518188573,0.7994262151933041,0.7938235899349666,0.7982993723407268,0.016879634009010942,0.9593956163184034,0.8882458477855739
RipVIS-079_00948.jpg,0.7995125799919163,0.6465829308640922,0.78536333487288,0.8047827889332027,0.7668589843467243,0.7969008929593836,0.02041136755842183,0.9562489149295179,0.8888801442280456
RipVIS-079_00954.jpg,0.8276828712063209,0.6953726579202625,0.8203183585292521,0.8408674604121325,0.8007496547559392,0.8325255033194797,0.010713723017061017,0.9633409288183992,0.9088718733676545
RipVIS-079_00960.jpg,0.8413572233682315,0.7205648316608148,0.8375910263901801,0.8380492693366529,0.8371332842931567,0.8378659120093569,0.008390541570039581,0.9655154079850634,0.9093476577883257
RipVIS-079_00966.jpg,0.8409689907533757,0.720194922931165,0.8373410633069102,0.8447168769468445,0.8300929414636514,0.841751013280134,0.01735423960764892,0.9651725260406194,0.9120950001056551
RipVIS-079_00972.jpg,0.8340705768835195,0.7080496595853455,0.8290738569711551,0.8317362268658356,0.8264284770617888,0.8306692296535678,0.03661151960223475,0.9636132812489544,0.9055011517574896
RipVIS-079_00978.jpg,0.8232633263446802,0.6911003423524213,0.8173380668719629,0.8102458698440022,0.8245555182743202,0.8130679275387699,0.012487294901628096,0.9594683159711811,0.8942597975016766
RipVIS-079_00984.jpg,0.842258511643758,0.7240222528905842,0.8399221665226784,0.8313018086733011,0.8487231789035351,0.8347286307310072,0.01797289333854259,0.964204644096176,0.9062159380795412
RipVIS-079_00990.jpg,0.813956696644442,0.6766058141974177,0.8071137633759253,0.7966472507568776,0.8178589597072665,0.8008011112552184,0.023957900564470586,0.9558094618045184,0.8866768058507581
RipVIS-079_00996.jpg,0.7830207799507924,0.6252987612200368,0.7694570083233853,0.7376369716740996,0.8041461025975766,0.7500438627430764,0.012877939527872629,0.9460753038184179,0.8563371469797452
RipVIS-079_01002.jpg,0.7658241102219844,0.5945384250936404,0.7457185298732775,0.6920805464574847,0.8083691745017727,0.7125823739070233,0.015100914764759558,0.9424197048600885,0.8346421457688222
RipVIS-079_01008.jpg,0.7411267056055024,0.5534046779077357,0.7125054865331172,0.6577639970344794,0.7771856785930769,0.6786192054906066,0.022225429351677668,0.9346137152767636,0.8156357197012785
RipVIS-079_01014.jpg,0.7447608120704705,0.559129732393766,0.7172331086718766,0.6587218369680529,0.7871522732454446,0.6809421100379278,0.014385353092940227,0.9360384114573177,0.81685332359214
RipVIS-079_01020.jpg,0.7417969695999362,0.5552637563321674,0.7140444880444784,0.6750528409182722,0.757816645467619,0.690127079006344,0.02190946024058191,0.9342165798600974,0.8225845633691538
RipVIS-079_01026.jpg,0.738002746045006,0.5534645523501267,0.7125551098193124,0.674317788853465,0.755389624964861,0.6891094585458791,0.004859086491064961,0.9293261718739916,0.8208584301416175
RipVIS-079_01032.jpg,0.7334529866892299,0.546831259060698,0.7070341459129256,0.6769915569120785,0.7398669307296918,0.6886969257772212,0.011166253100197648,0.9271050347212162,0.8207232828608368
RipVIS-079_01038.jpg,0.7372631309833773,0.5500423728774714,0.7097126923780573,0.6791949352017093,0.7431019348858614,0.6910815818054047,0.00798018712053107,0.9308658854156566,0.822913161976196
RipVIS-079_01044.jpg,0.73808684209448,0.5499321534735259,0.7096209369437011,0.6557478634261196,0.7731382357936343,0.6762847653080969,0.009052333803528665,0.9323394097212105,0.8139946480193263
RipVIS-079_01050.jpg,0.7457277394955888,0.5629536268375929,0.7203715032500956,0.6714472081291831,0.7769857535538417,0.6901972068140523,0.012058448005098815,0.934531249998986,0.8218829904533174
RipVIS-079_01056.jpg,0.7464771370499075,0.5644711760587708,0.721612752854663,0.6571760018102273,0.8000593568905167,0.6815186121523843,0.01630049609974479,0.9345496961795415,0.8164175535936906
RipVIS-079_01062.jpg,0.7224316808866306,0.525336660436297,0.6888140488094389,0.6000047765328705,0.8084807397229388,0.6326309975674819,0.011160099199344157,0.9261078559017729,0.7887873668960986
RipVIS-079_01068.jpg,0.7269240241948145,0.5311394905970827,0.6937832821357898,0.6186021693586237,0.7897666794312836,0.6466307606497943,0.013679110855845096,0.9289312065962143,0.7969822251165716
RipVIS-079_01074.jpg,0.7123634284800147,0.5081602734646377,0.6738809958138745,0.5989648592601777,0.7702166197962256,0.626839448401169,0.007082349672672913,0.923187934026776,0.785836247245939
RipVIS-079_01080.jpg,0.7118305743373948,0.5062516271081651,0.6722006044635606,0.5843417526144373,0.7911548992138906,0.6165772294044353,0.01424501424298504,0.9238574218739976,0.7802775052344318
RipVIS-079_01086.jpg,0.7267205260527203,0.5302717900617816,0.6930426261603803,0.6010836077715673,0.8182212581253884,0.6347746090156394,0.010692177826295416,0.9293012152767695,0.7903188520727411
RipVIS-079_01092.jpg,0.6867826472386971,0.46537335634862487,0.6351601171570757,0.5398003846628638,0.7714408524221045,0.5742887072272802,0.005715063273137153,0.9149858940962294,0.7571961230802499
RipVIS-079_01098.jpg,0.7680340237678225,0.5936568805614877,0.7450247136665034,0.6668655770047192,0.8439373200447924,0.6960751490991762,0.008082813385127225,0.9468804253461948,0.8253121915586759
RipVIS-079_01104.jpg,0.7302383380831282,0.5334225604122484,0.6957280715484478,0.612387241567505,0.8053263102836236,0.6432069864054502,0.009522475842385874,0.9326692708323213,0.7955520485930874
RipVIS-079_01110.jpg,0.6896887118341358,0.47015104127136,0.6395955627318155,0.5351228403578875,0.7947569962540665,0.5725300899573466,0.01748007271465808,0.9159928385406727,0.756378548296307
RipVIS-079_01116.jpg,0.7356578332982422,0.5445397025753127,0.7051158369932037,0.6346139040672483,0.7932402377914414,0.6610523802055859,0.008011049722650408,0.9326703559017657,0.8052919004422987
RipVIS-079_01122.jpg,0.768681834720054,0.6019453824651156,0.7515179843882396,0.6417296028124303,0.9066252404755908,0.6815567325307293,0.014226278349989761,0.9411642795128676,0.8155456189661374
RipVIS-079_01128.jpg,0.6745927457929299,0.4519595290072308,0.6225511386205862,0.5577000526615006,0.7044689676694014,0.5819486648994634,0.00495501369083909,0.9052560763879066,0.7597909664626887
RipVIS-079_01134.jpg,0.6750178968098434,0.4437251168395795,0.6146947388584975,0.5179925313978727,0.7557906406175607,0.5527771260592343,0.005432451750474274,0.9128255208323428,0.7460200361305452
RipVIS-079_01140.jpg,0.6873790202312373,0.4697562641141608,0.6392301575217826,0.5609025621682747,0.742984733609482,0.5898114041307079,0.007867607161168256,0.9123763020823433,0.7648679187848365
RipVIS-079_01146.jpg,0.7685897022073608,0.6025132227104024,0.7519603759541463,0.6869411287797526,0.8305745861796212,0.7115512150650588,0.020051483536099243,0.9405533854156461,0.8328924392526673
RipVIS-079_01152.jpg,0.792592617317512,0.6418122576060704,0.7818339211840191,0.7350771468584076,0.8349429582923393,0.7530923116226919,0.02809224318265657,0.9485894097211929,0.8571286521527345
RipVIS-079_01158.jpg,0.8091525978094039,0.6707204828316052,0.8029116656244506,0.7749583772737777,0.832957004854797,0.7859028282388967,0.020452686116654937,0.9526410590267441,0.8764310637005738
RipVIS-079_01164.jpg,0.7183389552485472,0.5239534747911234,0.6876239773172047,0.6265242483429014,0.7619285700737513,0.6496131388035453,0.008059188795341631,0.9203732638878902,0.7973434226453897
RipVIS-079_01170.jpg,0.74390442788338,0.5690457373000647,0.7253398977129246,0.77512979457923,0.6815603648942208,0.7544154950880733,0.01035244852735228,0.9266330295128834,0.8617011392875935
RipVIS-079_01176.jpg,0.7923376914571982,0.6432900116775461,0.7829293759545779,0.7624705760111251,0.804516358781108,0.7705244341208387,0.010213316094348633,0.9469889322906391,0.867955681827659
RipVIS-079_01182.jpg,0.7829441809723252,0.6284288565680893,0.7718223047121652,0.75765336816304,0.7865312895845317,0.7632580545733492,0.006914212547130062,0.943441840276754,0.863970354462391
RipVIS-079_01188.jpg,0.7925033311371865,0.6435691283060327,0.7831360631229867,0.7574840777952377,0.810586341680289,0.7675405364449159,0.007822149031450234,0.947037760415639,0.8659547534103407
RipVIS-079_01194.jpg,0.7903176974005269,0.6399691391674857,0.7804648561769397,0.7558585354885765,0.8067271609508425,0.7655124979322474,0.007212847032224708,0.9463270399295287,0.8648498686819978
RipVIS-079_01200.jpg,0.7639361624971182,0.5966930568163897,0.7474110997966291,0.732006257192065,0.763478260862721,0.7380913588036067,0.0060814383915809836,0.9375390624989827,0.8496207200634656
RipVIS-079_01206.jpg,0.7767015371056926,0.6195280839779566,0.7650723567031258,0.7419109060883162,0.7897265466528878,0.7510051405520142,0.009348124141923455,0.9403027343739797,0.8560631697099486
RipVIS-079_01212.jpg,0.7900035110894721,0.6400601759163866,0.7805325503483455,0.751263074291147,0.8121751838077164,0.7627034324699408,0.024351924584400112,0.9457411024295294,0.8628308479345461
RipVIS-079_01218.jpg,0.7750039165568228,0.6150459418026838,0.761645134523147,0.7180541990107269,0.8108706827984216,0.7348777872089536,0.009865924612969146,0.9410839843739789,0.8463932622498578
RipVIS-079_01224.jpg,0.8002305958061746,0.6566870661393864,0.7927714045232193,0.7408032846533161,0.8525808356910564,0.7607509240337175,0.02133875269638781,0.9492339409711922,0.8607400056545339
RipVIS-079_01230.jpg,0.7811116883339577,0.6253107392879507,0.7694660770676992,0.7097765272734567,0.8401167519896635,0.7325054945421715,0.023930290021598348,0.9429220920128657,0.8444191165078457
RipVIS-079_01236.jpg,0.7543828266587551,0.5822699615854905,0.7359931942360018,0.6761852129579902,0.8074076867164339,0.6989027954806206,0.008462623412173019,0.9333268229156539,0.8252424992369096
RipVIS-079_01242.jpg,0.778707695404669,0.6228068958778463,0.7675674751689333,0.7000327373010427,0.8495242058982433,0.7255685141558974,0.014786705049098833,0.9409809027767567,0.8399899727824831
RipVIS-079_01248.jpg,0.7939939516660242,0.6499689095051489,0.7878559477827792,0.6913868294760038,0.9156110426525143,0.7269935555664253,0.018333116627443358,0.9444162326378641,0.840102358386768
RipVIS-079_01254.jpg,0.7637480830805534,0.5975214293049845,0.7480606123261099,0.6470702265782373,0.886404722743707,0.6840074337839946,0.00669379183532041,0.9365690104156504,0.816473319737697
RipVIS-079_01260.jpg,0.7062757539064695,0.49658240589827757,0.6636218679855711,0.6059804317335179,0.733381848417368,0.6277921550898651,0.005520287054165017,0.9224012586795547,0.7870647227819425
RipVIS-079_01266.jpg,0.802742217210699,0.6616381499654488,0.7963685113744007,0.6758401399318412,0.969217359868098,0.7193913697966552,0.012844036695434857,0.949402126735081,0.8360794278761077
RipVIS-079_01272.jpg,0.7893304079395373,0.6398092511717036,0.7803459465965771,0.6596943173965859,0.9550074564410517,0.7031827987134858,0.01632254464058,0.9448426649295303,0.8271366584721028
RipVIS-079_01278.jpg,0.77554771476729,0.6171874456633781,0.7632849826016364,0.6499538603459012,0.9244856502846557,0.690992785320861,0.010767343599459269,0.9402723524295353,0.8203600738381379
RipVIS-079_01284.jpg,0.7095952764997386,0.5047008663771577,0.6708321602715858,0.6344786119169002,0.7116047860280958,0.6485367404061937,0.004405874498744209,0.9213433159712225,0.7986496738259066
RipVIS-079_01290.jpg,0.7349650982347893,0.5468073952361038,0.7070141983031306,0.6686353612825122,0.7500671166607534,0.6834758023932006,0.010930454978695114,0.9296484374989913,0.8181189886165237
RipVIS-079_01296.jpg,0.7374776448536629,0.5486233348505362,0.7085303734022399,0.6895239482461966,0.7286143071465674,0.6970028271048679,0.006396588485231472,0.9323860677073216,0.8273861273502474
RipVIS-079_01302.jpg,0.7582420008642236,0.5836186521129522,0.7370696869909378,0.6921807321442978,0.7881846386302437,0.7094638138815492,0.008175182480558367,0.9386393229156482,0.8328941594621053
RipVIS-079_01308.jpg,0.7882486221077168,0.632555020037804,0.774926434054463,0.726388565485784,0.8304154636768187,0.7450553165222056,0.006465517240450356,0.948875868054526,0.8529688086936564
RipVIS-079_01314.jpg,0.8249540890071361,0.6961133251730568,0.8208335078106074,0.7702477318107018,0.8785307358185079,0.7897149405529293,0.01865008880718619,0.958217230901738,0.8775682426153807
RipVIS-079_01320.jpg,0.7714028548877204,0.6046905112323048,0.7536537506761216,0.710299281646403,0.8026446980068823,0.7270284126465743,0.01123757383500395,0.9434667968739763,0.8430443477529346
RipVIS-079_01326.jpg,0.7638208769012,0.6004413406674257,0.7503447023144579,0.7935472604165593,0.7116033606546585,0.7756826837233042,0.015077945308576802,0.934379340276764,0.8739554286774713
RipVIS-079_01332.jpg,0.7492138075059691,0.578480795932946,0.7329589278798168,0.8291403849923733,0.6567724006806469,0.7877897638366442,0.014506887722234928,0.9278710937489932,0.8851982559870444
RipVIS-079_01338.jpg,0.8714694782626693,0.7780414698547704,0.8751668428952002,0.8575662867455577,0.8935049995496549,0.8645208683650859,0.03147440794018726,0.9687434895822822,0.9212973312719589
RipVIS-079_01344.jpg,0.8327271662354354,0.7095451126275027,0.8300981441044982,0.8511858965144884,0.8100300104782693,0.84262351808389,0.010186263095141696,0.9601963975684026,0.9127205610462241
RipVIS-079_01350.jpg,0.8257417114640571,0.6975139210898876,0.8218064222319299,0.8175859327254629,0.8260707113088966,0.8192689158617725,0.01099359866253916,0.9583865017350712,0.8973476616416496
RipVIS-079_01356.jpg,0.8561344475927739,0.7503939314697771,0.8574000606134227,0.8342841045070579,0.8818334930640864,0.8433792839534738,0.014521926669371398,0.9657953559017298,0.9092838379778136
RipVIS-079_01362.jpg,0.8410608404479665,0.7244688196283741,0.8402225791296108,0.79278606323749,0.8936971292427874,0.811103068549563,0.00935954004420918,0.9618956163184007,0.8895724024285969
RipVIS-079_01368.jpg,0.7915127377362576,0.6374324602633659,0.7785755757655382,0.6923977212036592,0.8892548464721894,0.7244735145492593,0.011325503354121153,0.9503428819434132,0.8399783336071092
RipVIS-079_01374.jpg,0.7919609583244734,0.638616547023417,0.7794581937836256,0.703155434353087,0.8743366451643793,0.731810818456859,0.011056682993553998,0.9501258680545246,0.8443365453392153
RipVIS-079_01380.jpg,0.8458184996575451,0.7335375427090052,0.8462897683342969,0.8095573808019166,0.8865139381004129,0.82386093510939,0.01713859910325803,0.9624327256934001,0.8971897673295469
RipVIS-079_01386.jpg,0.8060303853987251,0.6667327066820266,0.8000475469270593,0.7565423011851783,0.8488616511350898,0.7733639967793168,0.013234884367061175,0.9507183159711906,0.8681787859293528
RipVIS-079_01392.jpg,0.7989873770070864,0.6537811874435125,0.7906501687253514,0.7514368307554358,0.834181493640372,0.766645957746823,0.01053380782768202,0.9495138888878586,0.8648662214506104
RipVIS-079_01398.jpg,0.7772884471798095,0.6149662444010091,0.7615840226172653,0.6921632074526611,0.8464823438423114,0.718355361326429,0.006481072321920596,0.9449229600684191,0.8369433231370618
RipVIS-079_01404.jpg,0.7488823921065786,0.5625039715275902,0.7200032534671322,0.6438143205148932,0.8166449485012554,0.6722694659778509,0.006766696086089041,0.9402354600684242,0.8121117427872392
RipVIS-079_01410.jpg,0.7727661307722036,0.6054547014767524,0.7542470066826978,0.7136262907624285,0.7997712259936751,0.7293379769984456,0.012308715899482915,0.9451236979156411,0.8448613266496595
RipVIS-079_01416.jpg,0.7654769592569732,0.5949937308973069,0.7460765761914024,0.729511290301018,0.7634116502349179,0.7360483411072164,0.012330623304562246,0.9414670138878674,0.8496504809796572
RipVIS-079_01422.jpg,0.7827314866702599,0.6255478417407002,0.7696455627794248,0.7021640899654868,0.851476724862745,0.727685063361263,0.007322912264846794,0.9453960503461964,0.8419384524182215
RipVIS-079_01428.jpg,0.8469930844312741,0.7383292029224661,0.8494699412299954,0.8028735046823487,0.9018082625641093,0.8208848826014312,0.013570698961977134,0.9605881076378465,0.8944092405671569
RipVIS-079_01434.jpg,0.8784228180809801,0.7900764241751042,0.8827292661978764,0.9109986750645925,0.8561615216120727,0.8994763809530498,0.025357995222947793,0.9704633246517248,0.9448633667923518
RipVIS-079_01440.jpg,0.8537724111397842,0.7487309455978957,0.8563134854823565,0.8982621643953397,0.8181079917750014,0.8809989803110838,0.014533590387878749,0.9633159722211769,0.9352957448255981
RipVIS-079_01446.jpg,0.8484286102559511,0.7391320647147185,0.8500010777915975,0.884674061302995,0.8179434630666517,0.8704708689256178,0.016875181842177015,0.9622471788184004,0.9287953948420278
RipVIS-079_01452.jpg,0.7874571474235359,0.6348404430023812,0.7766390239728814,0.765868996549504,0.7877162786412926,0.770140962826767,0.022272801166920368,0.945728081596196,0.8684343553393975
RipVIS-079_01458.jpg,0.7828076107443551,0.6269500964537768,0.77070599500295,0.7492040017333693,0.7934786614506387,0.7576592015990541,0.020853858781468986,0.9443967013878641,0.8607081187610799
RipVIS-079_01464.jpg,0.7853236433925608,0.6305355113799449,0.7734091125023262,0.7434449760700875,0.8058900634572213,0.7551476292893965,0.02644628098736425,0.9456651475684184,0.8589635467339997
RipVIS-079_01470.jpg,0.8079325767655715,0.6717906136624029,0.8036779345120341,0.7380091062126707,0.8821747760930992,0.7629453268188259,0.01486866016605507,0.9498187934017471,0.8610363025788261
RipVIS-079_01476.jpg,0.8526646873293466,0.7477827292335153,0.8556930066032328,0.8679145150755372,0.8438109121812599,0.8629842565324166,0.020344074273573994,0.9622927517350669,0.9220807714973718
RipVIS-079_01482.jpg,0.850596709237702,0.7444387486137886,0.8534994412447601,0.8990765689094177,0.8123202735323503,0.8802738140161495,0.022000830216964046,0.9615928819434011,0.9347771993885681
RipVIS-079_01488.jpg,0.8508050543743721,0.7454003231286671,0.8541310703925173,0.9174916335139428,0.7989563704823814,0.8910518747926114,0.02626512650903945,0.9611859809017348,0.9424272400944201
RipVIS-079_01494.jpg,0.8454153315341846,0.7390538349066778,0.8499493461009933,0.8578831986671582,0.8421608961084541,0.8546919497117456,0.011960406927143194,0.9575716145822943,0.9158464799084535
RipVIS-079_01500.jpg,0.8569847182964608,0.7587705557245498,0.8628420043249629,0.8819860376032885,0.8445113808288236,0.8742273805281461,0.017246136862962728,0.9607324218739576,0.9277709565428951
RipVIS-079_01506.jpg,0.8447344608998532,0.7390125468421769,0.8499220413149159,0.8655983754170947,0.8348034162801148,0.8592589561242369,0.010794764537741901,0.9565516493045176,0.9186095472774816
RipVIS-079_01512.jpg,0.8662860294978172,0.7755841250591727,0.8736101141176015,0.8753862527000962,0.8718411684232206,0.8746749313193865,0.01362839022889915,0.9625542534711777,0.9265312950756704
RipVIS-079_01518.jpg,0.8495879152225791,0.7477316549358819,0.8556595663003123,0.8406438048224415,0.8712215134168021,0.8465864204471611,0.010714770105694457,0.9575531684017388,0.9093868149375532
RipVIS-079_01524.jpg,0.8037401987746323,0.6693506815483589,0.8019293836182121,0.7446013138261198,0.8688213571766371,0.7665200081299841,0.009004502249999437,0.9450162760406412,0.8624210266331029
RipVIS-079_01530.jpg,0.8576559815068918,0.7610685536174949,0.8643258685803545,0.8724659899318871,0.856336238060113,0.8691916113945768,0.03259005145367594,0.9600640190961804,0.9237410612434547
RipVIS-079_01536.jpg,0.86588171872807,0.7748205001187447,0.8731254795252874,0.8677578004081334,0.8785599775347146,0.8698969328564009,0.02045542261411869,0.9624989149295111,0.9234029112364347
RipVIS-079_01542.jpg,0.779436204541556,0.6312618029977682,0.773955231266617,0.7265538419687368,0.8279733726537878,0.7448001489336439,0.010940409682153117,0.9355924479156514,0.8497730187762262
RipVIS-079_01548.jpg,0.7238524912155839,0.5421142549524789,0.7030792345138972,0.67476477613188,0.7338740337034765,0.6858124111795357,0.007942069608976633,0.9150824652767848,0.8159615762165607
RipVIS-079_01554.jpg,0.7353802209857891,0.5620211633407483,0.7196076167607541,0.7000514466606762,0.7402878028539662,0.7077449621557315,0.0058219178075545755,0.9183062065962257,0.8283984244641176
RipVIS-079_01560.jpg,0.7674501943915297,0.6110276591480595,0.758556385644157,0.7056407389037824,0.8200516494433518,0.7258956540206356,0.013540875725950282,0.9320041232628776,0.8390107013410479
RipVIS-079_01566.jpg,0.7451777496551564,0.5730729983288965,0.7286031848969274,0.6602909231637336,0.8126814375518377,0.6860187790769561,0.020493408168581986,0.9255490451378846,0.8165738932784549
RipVIS-079_01572.jpg,0.7595817961664981,0.6051720638609216,0.7540276553347194,0.7755492778592754,0.7336682386662998,0.7667948670325997,0.011985746678330012,0.9240093315962196,0.8628975655203734
RipVIS-079_01578.jpg,0.7895043087345657,0.6517856089436663,0.7891891119701544,0.7982141825059367,0.7803658450400426,0.794579496782619,0.011623970205211153,0.9359483506934289,0.8792533163665058
RipVIS-079_01584.jpg,0.7637494965323369,0.6078198910922121,0.7560795763999567,0.737174855486003,0.7759794339721477,0.7446221530655589,0.01256366723117559,0.928570963540659,0.8497838015932553
RipVIS-079_01590.jpg,0.7424371693625511,0.584248619953416,0.7375718843556204,0.6536246563411742,0.8462599103693909,0.6848010905395211,0.016451233840780767,0.9128027343740095,0.8131135333914514
RipVIS-079_01596.jpg,0.7443948782611458,0.5766409255073,0.7314803468288253,0.711400670282623,0.7527264667837037,0.7192987837385834,0.006368028106459373,0.9215375434017778,0.8350434256263267
RipVIS-079_01602.jpg,0.7734884963189794,0.6342234954585798,0.7761771841134988,0.6868704056590499,0.8921780259708973,0.7200079909721041,0.003720238094776756,0.9242176649295527,0.8336169561188352
RipVIS-079_01608.jpg,0.7586104372544524,0.5965832403712793,0.7473249440255256,0.782502202779289,0.7151743958337445,0.768041245293019,0.014258810867062306,0.9289735243045475,0.8670924736031169
RipVIS-079_01614.jpg,0.7565482054383937,0.5918481155387584,0.7435987262370799,0.8111849676163998,0.6864085924562607,0.7827278799158734,0.014535666216078644,0.9293196614573249,0.8787946379189792
RipVIS-079_01620.jpg,0.736259964774549,0.5576139912519824,0.7159848260014436,0.76155460392096,0.6755607349284471,0.7426478906983089,0.011783610068052543,0.923148871526776,0.8541267637774043
RipVIS-079_01626.jpg,0.7150297939276197,0.5232415827253281,0.6870106339785753,0.7294217005133001,0.6492604179272775,0.711844059488368,0.009220900707039837,0.9154633246517845,0.8359985673340016
RipVIS-079_01632.jpg,0.7113206275017814,0.5171154445098227,0.6817087603730799,0.7223241172745765,0.6454177496882757,0.7055107376812875,0.0027792482791451495,0.9142057291656747,0.8322465128167699
RipVIS-079_01638.jpg,0.7524033589307866,0.6001902989117596,0.7501486533444561,0.6626901659069826,0.8642015976217933,0.6951066620259583,0.0027922787419215394,0.9165635850684499,0.8192105115663171
RipVIS-079_01644.jpg,0.702027770026561,0.5032818440466316,0.6695774927898615,0.7182122962156043,0.6271117003796807,0.6979344899393843,0.003760861107021027,0.9098383246517905,0.8279882767608232
RipVIS-079_01650.jpg,0.7127547234691132,0.5199752019369231,0.6841890594982238,0.729621164303737,0.6440832367108541,0.7107430189318791,0.004776042338353421,0.9143033854156746,0.8354233532721692
RipVIS-079_01656.jpg,0.7592858685456091,0.6086215517255006,0.7566994873003633,0.6709399429794933,0.8675955517679658,0.7028003243225793,0.008533267374655791,0.9210112847212228,0.8239966498176959
RipVIS-079_01662.jpg,0.7777447737062009,0.6376375718296841,0.7787285572805592,0.6927572805091582,0.8890611752236951,0.7247626673906302,0.009207870836376404,0.9282269965267705,0.8367420109775249
RipVIS-079_01668.jpg,0.7834681034746429,0.6469616383131235,0.7856426321814812,0.6976790988635357,0.8989871255041568,0.7303899941007629,0.029272050323626644,0.9302094184017684,0.8400413850614223
RipVIS-079_01674.jpg,0.7646830351557177,0.6021006576046566,0.7516389869096906,0.8225921157978936,0.6919541100246719,0.7926618747473486,0.015785213165706257,0.9344769965267637,0.8862015811631412
RipVIS-079_01680.jpg,0.8063921647290588,0.6752519168583513,0.8061497020993367,0.8232062658252405,0.7897856035246467,0.8162977550944931,0.02495329596677965,0.9447135416656416,0.893820985811866
RipVIS-079_01686.jpg,0.7589507967655369,0.608672674080157,0.7567389984145749,0.672349233114921,0.8653536733389089,0.7037410565713524,0.016059295859659137,0.9204589843740012,0.8243790055533367
RipVIS-079_01692.jpg,0.7849927741242498,0.6421662150135363,0.7820964883365877,0.7818390294364415,0.7823541168487733,0.7819419926577105,0.01758793969628292,0.9360970052073176,0.8722259413089976
RipVIS-079_01698.jpg,0.7428790322828223,0.5690113096464393,0.7253119287899336,0.8107056566158799,0.6561933795357037,0.7742437918654604,0.009210014267841482,0.9249913194434407,0.8757999349444916
RipVIS-079_01704.jpg,0.7814029923819132,0.635593375979457,0.7772021888983732,0.8087070315175481,0.7480599767935897,0.7958034839637408,0.012072434606127712,0.9354123263878739,0.8823129999372339
RipVIS-079_01710.jpg,0.7943258555783334,0.6559440646945596,0.792229736111949,0.8164344926388648,0.7694188479696801,0.8065772479499017,0.008763144715978574,0.9403591579850907,0.8884226801806205
RipVIS-079_01716.jpg,0.7695239477112917,0.6189855665247531,0.7646585359663728,0.8253173038651055,0.7123058301344072,0.7999344507912726,0.013927932530803995,0.9292502170128806,0.8856918456293015
RipVIS-079_01722.jpg,0.7344104003835321,0.5567600723890928,0.7152805140160834,0.8059411511239137,0.64295432867192,0.7670521101777168,0.01982029598046772,0.920808376735112,0.8714616710728017
RipVIS-079_01728.jpg,0.7756530577082544,0.6273047006252263,0.7709738691029525,0.7839944192686249,0.758378743128608,0.7787337780870622,0.029730815584608165,0.9326204427073214,0.8708753804452398
RipVIS-079_01734.jpg,0.7161316609048467,0.5407347539307898,0.701918033005024,0.628294344979904,0.7950864630091027,0.6558092949724911,0.011349817590683715,0.9038129340267971,0.7963446305359647
RipVIS-079_01740.jpg,0.755529842265102,0.5822922932684533,0.7360110337965996,0.7490372503081786,0.7234301405988892,0.7437718222981449,0.014977307108172872,0.9352018229156519,0.8548840966141485
RipVIS-079_01746.jpg,0.8189457605790562,0.6905305028393484,0.8169394183418288,0.863544786755959,0.7751070213980789,0.8442787691374445,0.01570897064686386,0.9528938802072994,0.9144106645430516
RipVIS-079_01752.jpg,0.7825700865294581,0.6303523220405949,0.7732712905289431,0.8866223179181091,0.6856178589165586,0.8375150058933887,0.023334747557158145,0.9413140190962008,0.9174475083620774
RipVIS-079_01758.jpg,0.8085660558538825,0.6775849361752299,0.8078099910935939,0.8141246169817163,0.8015925680097407,0.8115869568613971,0.02312210973339306,0.9463617621517509,0.8908694705181257
RipVIS-079_01764.jpg,0.8305573223349998,0.7087549689411516,0.8295571709504251,0.9122481063225931,0.7606113807643801,0.8772693371254117,0.02498006909048896,0.957309027776739,0.9376741759190658
RipVIS-079_01770.jpg,0.8843138465730742,0.8012995257418029,0.8896904865522745,0.8831979189746113,0.8962792174085152,0.8857835415490191,0.04778414229005364,0.9711317274295018,0.9338401330091952
RipVIS-079_01776.jpg,0.8293773777417359,0.711562165054183,0.8314768573207588,0.7954797351886028,0.870886283505199,0.8094979713396474,0.01324774651553568,0.9532790798600768,0.8877483440195718
RipVIS-079_01782.jpg,0.8751062570521829,0.7853914030978609,0.879797451399302,0.9251377374018664,0.8386937199234146,0.9064521636849994,0.050182348643299436,0.9688335503461709,0.9500580082561099
RipVIS-079_01788.jpg,0.8662799108087276,0.7710784563658207,0.8707445495644971,0.9228026121827593,0.824246341703924,0.9012498743994591,0.02423308586297337,0.9659049479156185,0.9474170427246149
RipVIS-079_01794.jpg,0.864007115054774,0.7674717777433222,0.8684402064096515,0.9292996473214613,0.8150621320560374,0.9039601887052646,0.04077615297514396,0.9650889756933972,0.9497271589224578
RipVIS-079_01800.jpg,0.8553588298498729,0.7573381467127475,0.8619151051030375,0.8715083382901168,0.852530769784775,0.8676455328421708,0.03506405933444854,0.9593012152767368,0.922894068544907
RipVIS-079_01806.jpg,0.8385789279852154,0.7274558186013507,0.842227987272452,0.8797148318033524,0.8078053837834057,0.8643266568730459,0.022317252435879023,0.9556553819434075,0.9235880437948967
RipVIS-079_01812.jpg,0.8405886670043649,0.7321754374526366,0.8453825422318478,0.8407530288846915,0.8500633216676964,0.8425987363185864,0.016094986805264513,0.9552419704850746,0.9077475420933983
RipVIS-079_01818.jpg,0.8286201031272378,0.7099754067937204,0.8303925354399754,0.8510770622422354,0.8106895835354664,0.8426808143784599,0.021049961955230793,0.9532942708322989,0.9101171989671017
RipVIS-079_01824.jpg,0.8206419843444643,0.696653756980631,0.8212091054104023,0.8399444184062308,0.8032913543938555,0.8323486369560553,0.014319511889637714,0.9508767361100794,0.9040161891578369
RipVIS-079_01830.jpg,0.8025802231691428,0.6675984735659323,0.8006705260869709,0.8171105293664147,0.7848790106789704,0.8104541738090052,0.027223685857831678,0.9445193142350863,0.8908739060587143
RipVIS-079_01836.jpg,0.8224139571904807,0.7024128003216489,0.82519680325352,0.7985170273872129,0.8537210364489419,0.8089792025822543,0.004719324390869433,0.9493055555545254,0.8872004255524755
RipVIS-079_01842.jpg,0.8125595704569313,0.6871416311105415,0.8145630674269337,0.7969058781046021,0.833020454007999,0.8038760896864119,0.0051426472382585225,0.9454134114573075,0.8843089962711709
RipVIS-079_01848.jpg,0.8021396408868384,0.6702951553181414,0.8026068365030613,0.7692953434344032,0.8389337641292489,0.7822825235503243,0.00821201940920592,0.9417957899295336,0.8712238158891867
RipVIS-079_01854.jpg,0.812646210140226,0.6870771650355301,0.8145177698745749,0.7778162446248458,0.8548543651559248,0.7920926718710652,0.005904736910391715,0.945595703123974,0.8769270540917538
RipVIS-079_01860.jpg,0.8057859776080243,0.6783140436661597,0.8083279124381633,0.8033164472837256,0.8134022978579974,0.8053135580015016,0.01898960945670732,0.9414919704850895,0.8849397021884888
RipVIS-079_01866.jpg,0.8157532324688873,0.6932750405223431,0.8188569770785507,0.7976882696585557,0.8411798451744422,0.8060230418760183,0.011537527324321407,0.9457986111100849,0.8851804598083675
RipVIS-079_01872.jpg,0.8076728663196538,0.6807175808475188,0.8100320822541287,0.7964942524618903,0.8240380679432193,0.8018547180225445,0.010139568172475298,0.9426247829850883,0.8828169226949594
RipVIS-079_01878.jpg,0.8041605081645267,0.6744147888823597,0.8055528335753877,0.7751499954545602,0.8384379438454682,0.7870315212581271,0.010901518861966986,0.941865234373978,0.8738389986824266
RipVIS-079_01884.jpg,0.8161881174833876,0.6975974255196263,0.8218643773049964,0.7755656225015085,0.874041843425258,0.7934447295694204,0.023515151512301193,0.9433083767350875,0.8764482441158584
RipVIS-079_01890.jpg,0.8191998349624938,0.6963007852244394,0.8209638187867856,0.8302342206545401,0.8118981575384924,0.8265010491388797,0.014919614145991045,0.9488845486100815,0.8993099622083173
RipVIS-079_01896.jpg,0.8146876372965095,0.6915471100900336,0.8176504289652632,0.7874573950886499,0.8502511274275633,0.7992630149183475,0.007318611986458219,0.9454340277767519,0.880974080522641
RipVIS-079_01902.jpg,0.8327898464962652,0.7232112341586476,0.8393761830501915,0.7849013138578054,0.9019764737487045,0.8058201574293926,0.012289370326581861,0.9499110243045248,0.8839160359792451
RipVIS-079_01908.jpg,0.8406122006799586,0.7360277637147469,0.8479446920132163,0.7909560623079201,0.913783043842184,0.8128068984789812,0.022819141997285283,0.9524609374989665,0.8879658497660086
RipVIS-079_01914.jpg,0.818542334948088,0.6956185187746974,0.8204894097020966,0.8226309179705056,0.8183590222107113,0.8217729746070133,0.015834503892755137,0.9483723958323043,0.8960288807713221
RipVIS-079_01920.jpg,0.8505189851782395,0.7523443979588914,0.8586718442278957,0.789355674681843,0.9413337575107839,0.8156944032388068,0.02199639824774937,0.9556119791656298,0.8896102078785353
RipVIS-079_01926.jpg,0.826350709904121,0.7118863674849731,0.8316981559130525,0.7662899672782082,0.9093144836903011,0.791178592192244,0.017587285042002698,0.9483658854156376,0.8755124790365693
RipVIS-079_01932.jpg,0.8209319601591907,0.7031301740548781,0.8256916409164881,0.7550884497959764,0.9108599684830763,0.7818295017874597,0.015055158985716396,0.9464973958323063,0.8700931468412891
RipVIS-079_01938.jpg,0.8264476815242545,0.7121469455801356,0.8318759641729643,0.7631829517066866,0.9141580286689672,0.7892522788534192,0.017326092575985764,0.9483235677073043,0.8743809807502851
RipVIS-079_01944.jpg,0.8435634333542539,0.7342060448257978,0.8467345008009695,0.8539784530584894,0.839612409844603,0.8510660493183222,0.025708984889251392,0.9583387586795157,0.9142855348082302
RipVIS-079_01950.jpg,0.7990465122267572,0.668820875499104,0.8015490282012152,0.7459250480786307,0.8661372916084569,0.7672217759500601,0.011798669510254968,0.9381119791656487,0.861360307612568
RipVIS-079_01956.jpg,0.8072992964226531,0.6761040150059893,0.8067566319904953,0.8316862309578705,0.7832780566452785,0.8215317647353775,0.007968631418167388,0.9454926215267518,0.8976078731211293
RipVIS-079_01962.jpg,0.8057353306627588,0.6799081582196651,0.8094587253391505,0.7534753088757039,0.874429035989426,0.7749129806271755,0.007687538746721942,0.9402484809017575,0.8657787342402312
RipVIS-079_01968.jpg,0.8128393488397305,0.6908028680139813,0.8171299931912216,0.7691852786324115,0.8714489905241539,0.7876717859276844,0.007731637360302826,0.9431477864573099,0.8733710976987795
RipVIS-079_01974.jpg,0.7845023091934069,0.6435725719090227,0.783138612688709,0.7111014298579819,0.8714162775432962,0.7382652275936932,0.010622529642956702,0.9342805989573195,0.8450422421180581
RipVIS-079_01980.jpg,0.8164546646228623,0.6937046757759151,0.8191565928790001,0.7440926496634772,0.9110646431239193,0.77240456609115,0.008175779252915715,0.9465624999989729,0.8649917882353673
RipVIS-079_01986.jpg,0.8231156202697029,0.7041015994804887,0.8263610569876123,0.7439806848296985,0.9292569143541382,0.7748799626550482,0.01527016444593185,0.9491341145823035,0.8664879618505967
RipVIS-079_01992.jpg,0.7248454416429253,0.5331622818060571,0.6955066507088795,0.5348474341157123,0.994125229277253,0.5892975743362779,0.015083168872979535,0.9237934027767754,0.7671165758292657
RipVIS-079_01998.jpg,0.8534989597904442,0.7543121527482637,0.8599520348377867,0.7652399905681921,0.9814202236543187,0.8005059359129582,0.018201284794137945,0.9586870659711819,0.8811808216669532
RipVIS-079_02004.jpg,0.8624667548363409,0.7700322247788842,0.870077068653457,0.7717770813204327,0.9970725753832694,0.8083055345718545,0.009747629855822188,0.9608181423600686,0.8856564941927483
RipVIS-079_02010.jpg,0.8777394156980707,0.7964056482620219,0.8866657138742853,0.8118190000139675,0.9767152533446734,0.840188355666657,0.011161583385962156,0.964721137151731,0.9039276374477168
RipVIS-079_02016.jpg,0.8518306093685726,0.7538339649016169,0.8596411974994497,0.7836352144188903,0.9519746843223407,0.8123656426385403,0.01566914975395978,0.9565093315961843,0.8877703949615352
RipVIS-079_02022.jpg,0.8763448887961609,0.7956474848270764,0.8861956386764839,0.8427636029404906,0.9343474723109325,0.8596153420534272,0.01944935589549768,0.9631976996517326,0.9153163502899775
RipVIS-079_02028.jpg,0.8833599818529428,0.8069859866988722,0.8931845544337954,0.8476917577312858,0.943837154750289,0.8653212080456445,0.016918738782758427,0.9655360243045079,0.9186807948849922
RipVIS-079_02034.jpg,0.8787563688009952,0.8007523871518991,0.8893531313523708,0.8442556509096271,0.9395404245877693,0.8617344457567279,0.02097902097630419,0.963161892360066,0.9163514260589087
RipVIS-079_02040.jpg,0.8939179820726881,0.8254387317961873,0.9043729788553085,0.8481787423364027,0.9685415941457115,0.8697970717313295,0.021307570140112815,0.9680740017350606,0.9211067888148758
RipVIS-079_02046.jpg,0.8866584578795367,0.8137458459499823,0.8973096729809663,0.8373166937956574,0.9665630348903722,0.8603247803932835,0.01460234680383281,0.9656401909711744,0.9154945555831209
RipVIS-079_02052.jpg,0.8875052406575207,0.8156018884551862,0.8984369245717684,0.8320698982084604,0.9763086281347129,0.8574042856461781,0.02460183866054618,0.9655870225683967,0.9137746929589128
RipVIS-079_02058.jpg,0.8533830053606638,0.7598113467320767,0.863514544491404,0.7724965874443054,0.9788451303812692,0.8064999415341441,0.028144016223612574,0.9545768229156308,0.8843407362748164
RipVIS-079_02064.jpg,0.8517842107799581,0.757771161203699,0.8621954642659936,0.7792266868794586,0.9649380005563343,0.8104213142734449,0.02903385223263728,0.9536555989572986,0.8863772376973956
RipVIS-079_02070.jpg,0.8304386349327316,0.7234277738968685,0.8395220093977191,0.7558033735345414,0.9440975687874272,0.7872039267858553,0.026256281403736648,0.946244574651751,0.8727873626599014
RipVIS-079_02076.jpg,0.8179941402787091,0.7018793453441579,0.824828560572515,0.7397702413497437,0.9319879518002109,0.7715978574207256,0.023951320556194804,0.9429578993045323,0.8638980652289926
RipVIS-079_02082.jpg,0.8016054941582142,0.6754387440859964,0.8062828276714695,0.7166209453265061,0.921589935097637,0.7499813167924669,0.015708812258530165,0.9372102864573164,0.8515120125675555
RipVIS-079_02088.jpg,0.8208500641484531,0.7042951217459429,0.8264943233827213,0.7458317479478674,0.9267201959223202,0.7761306604422681,0.013361006613910882,0.9455262586795296,0.8667059462330683
RipVIS-079_02094.jpg,0.8127684332808685,0.6905353445685268,0.8169428066524942,0.7313031711580111,0.9253006127115363,0.7633101117747295,0.01989126110331637,0.9432345920128654,0.8594676475437264
RipVIS-079_02100.jpg,0.7985565451309875,0.6653039255370915,0.7990180234788297,0.7125692262803215,0.9093388880547758,0.744802428647643,0.0019716088325484214,0.9399490017350912,0.8491366819859304
RipVIS-079_02106.jpg,0.7941270728883787,0.6569577105542322,0.7929685910142967,0.6838219340632533,0.9435751582683035,0.7236649283959421,0.005429618568558487,0.9392849392350919,0.8377221513257957
RipVIS-079_02112.jpg,0.7843943519974577,0.6404210759015089,0.7808008386499904,0.6734436859363495,0.9288781200366222,0.7126376765636149,0.0015936254977963313,0.9364724392350949,0.8315155406289971
RipVIS-079_02118.jpg,0.7979482083162324,0.6539226598638905,0.7907536134944847,0.7651240169324702,0.8181597649543296,0.7751738697402808,0.015153681198691395,0.9477072482628606,0.8699533594021029
RipVIS-079_02124.jpg,0.7562482600820468,0.5842543443768088,0.7375764459167501,0.6783034179052377,0.8082004250434798,0.7008314710462789,0.012055277857680787,0.9348155381934301,0.8265848761075062
RipVIS-079_02130.jpg,0.8077760506470758,0.6814279556461994,0.8105348235206614,0.7521061986616,0.878806361945037,0.7744367757281501,0.00695944324370537,0.9422601996517553,0.8658636959980468
RipVIS-079_02136.jpg,0.7907476599958355,0.65739504191221,0.7932870864072868,0.7580867460787089,0.8319155281561059,0.7717852437417655,0.007070004635249188,0.9337489149295424,0.8636136200998928
RipVIS-079_02142.jpg,0.8142532964217355,0.6904088438692538,0.8168542732998788,0.888478259134749,0.7559166396140599,0.8583724930126847,0.017558730925459103,0.9456065538184184,0.9215587806750625
RipVIS-079_02148.jpg,0.8286130537972833,0.7182674722740106,0.8360368613897255,0.8264004954033093,0.8459006113753287,0.8302282612622135,0.013776722088625092,0.9471788194434166,0.8985461223920178
RipVIS-079_02154.jpg,0.827947121709109,0.7167749264471365,0.8350249242403619,0.7894439667843658,0.8861919201313305,0.8070658769047103,0.015024839450499837,0.9472471788184166,0.8844045935520928
RipVIS-079_02160.jpg,0.8086117676506973,0.6842333321582157,0.8125160796828824,0.7782713812779931,0.8499130826852727,0.7916169303538064,0.01294964028621707,0.9414865451378673,0.8757616464596234
RipVIS-079_02166.jpg,0.7520180070936808,0.6033491963694424,0.7526110939970424,0.8051859002043392,0.7064812326917531,0.7832984915719204,0.011220043571762522,0.9137207031240085,0.8700210177979799
RipVIS-079_02172.jpg,0.8008716720271338,0.6772246468692772,0.8075538934314982,0.821552224397546,0.7940246023493608,0.8158950569317958,0.02519968500110252,0.9348383246517634,0.8895032691934885
RipVIS-079_02178.jpg,0.8096493610525716,0.6860949598206803,0.8138271878751691,0.93805578414252,0.7186543593717488,0.8840750825281318,0.025751573056892147,0.941713324651756,0.9401719470453747
RipVIS-079_02184.jpg,0.8490067200847473,0.747966406412276,0.8558132509508427,0.917457012869786,0.8019316182809411,0.8917637112839568,0.017011381713742335,0.956496310762851,0.9401733675927499
RipVIS-079_02190.jpg,0.7881745395774598,0.6624952164134681,0.7969890197250388,0.8514579540682095,0.7490699843737759,0.8288007321798516,0.03107682277180519,0.9263140190962171,0.8965450728187045
RipVIS-079_02196.jpg,0.7720345112731757,0.6386264640371763,0.7794655805371974,0.8448885246267407,0.7234463663986214,0.817444279383031,0.02823100042633845,0.9189811197906695,0.8894938114503601
RipVIS-079_02202.jpg,0.7586834114151758,0.6171515561539863,0.7632575361356183,0.8023334715522402,0.7278110555700886,0.7862326023541233,0.014552321704670926,0.9140418836795637,0.869847467848146
RipVIS-079_02208.jpg,0.8025668281828204,0.6822384605726857,0.8111079095652476,0.8579359253279898,0.7691272643897717,0.8385705152105699,0.02001556766151278,0.9338465711795423,0.903421428596998
RipVIS-079_02214.jpg,0.768311050292284,0.6295515331184848,0.772668455490582,0.7976735183383509,0.7491834350518001,0.7874797640348635,0.0187685215652762,0.9197450086795576,0.8712976667590353
RipVIS-079_02220.jpg,0.7816544942892443,0.6454580690971831,0.784532989590343,0.8332684689635605,0.7411833068503392,0.8130653020979837,0.01815580985715715,0.9285384114573259,0.889716745957172
RipVIS-079_02226.jpg,0.8223935081060034,0.706538092469723,0.8280367084536769,0.8016371187730907,0.8562342976035012,0.811992343111387,0.015682547223989242,0.9462413194434177,0.8878605183870565
RipVIS-079_02232.jpg,0.7860859167221663,0.6495021001161138,0.7875129107994385,0.7760816984629395,0.7992859070378339,0.7806141274451633,0.015006348838161565,0.9323621961795439,0.8692724088353814
RipVIS-079_02238.jpg,0.775794783920709,0.6330417426272543,0.7752915631033537,0.7678569013270585,0.7828716025153903,0.7708135894226044,0.012281910007772966,0.928582899304548,0.8635783285272807
RipVIS-079_02244.jpg,0.8244344336130265,0.7089144131879719,0.8296663750006009,0.7898389112010463,0.873723712559458,0.8053020610450701,0.010142705506528753,0.9476150173600829,0.8839241376525395
RipVIS-079_02250.jpg,0.8363484909576131,0.7260606677089955,0.8412921762161437,0.802644156422709,0.8838503451837106,0.8176692806039741,0.013474373502899588,0.9532486979156323,0.8916938619617711
RipVIS-079_02256.jpg,0.8743010345201374,0.7858343797164759,0.8800753178928464,0.8724884019433331,0.8877953386906695,0.875507416821579,0.020402611531501275,0.9672428385406171,0.9274351694485583
RipVIS-079_02262.jpg,0.8356852066960626,0.7237603211633639,0.8397458884247885,0.8661397702872016,0.8149130390129166,0.8553855902355898,0.02749848576287117,0.953933376735076,0.9171440175853898
RipVIS-079_02268.jpg,0.833933517476181,0.7205703605876088,0.8375947617062516,0.7271947873751767,0.9875156725686234,0.7676680757684617,0.00872438863070398,0.9536024305545209,0.8626921612616965
RipVIS-090_00000.jpg,0.8776090965412218,0.7661836518006041,0.8676149289678778,0.9017867183051053,0.8359383596103988,0.8877999997539852,0.05079908675476921,0.9894148885041837,0.9473534631626447
RipVIS-090_00012.jpg,0.854925886192613,0.723144561588732,0.8393312757485603,0.872399575180406,0.808678329651392,0.8588644255642631,0.04636135507864734,0.9871532583619312,0.9320716166154769
RipVIS-090_00024.jpg,0.8657980799354776,0.7437265154860145,0.8530311478101504,0.8775400107839848,0.8298541070458445,0.8675693834813613,0.04316728906619613,0.988282151095495,0.9351433055012843
RipVIS-090_00036.jpg,0.8688218689148611,0.7494634259488292,0.8567923339607451,0.8852401833710057,0.8301159428706514,0.873637323714225,0.036240442591145616,0.9885839580928036,0.9389854262370572
RipVIS-090_00048.jpg,0.871537765211462,0.7545602926203031,0.8601132668897054,0.8840207790858444,0.8374648169843957,0.8743000412736939,0.043314264157709545,0.9889069108032995,0.9385681715672347
RipVIS-090_00060.jpg,0.8613220559086221,0.7351576066898112,0.8473669525528388,0.8699567207343777,0.8259206488981423,0.8607778066684987,0.04419889502494087,0.9879065743942264,0.9312986690887267
RipVIS-090_00072.jpg,0.8507593679665965,0.7152041792706173,0.8339580650680953,0.8475060372356944,0.8208364251531813,0.8420343673080647,0.040154347037251036,0.9867692714338268,0.9199789273832786
RipVIS-090_00084.jpg,0.8431299913292334,0.7006455681118262,0.8239760021128107,0.8308927641004573,0.8171734464998602,0.8281121710912147,0.02176375886817937,0.986082996924023,0.9116539172105603
RipVIS-090_00096.jpg,0.8448797130339352,0.7038959957928869,0.8262194377249389,0.8294000098026836,0.8230631660858005,0.8281248469892378,0.01963944603512181,0.9863230488271372,0.9110627331888801
RipVIS-090_00108.jpg,0.8393534703510985,0.6931671589729773,0.8187817195715408,0.8068632438246933,0.831057578793938,0.8115887527819048,0.026787835588810417,0.9859972126102975,0.9000850675926764
RipVIS-090_00120.jpg,0.8501252216618178,0.7134809718301791,0.8327854041683415,0.8232251502377016,0.8425703168091142,0.827022790229946,0.02805611222274512,0.9871914648209854,0.9085127298797595
RipVIS-090_00132.jpg,0.8625369317123872,0.7367857441605354,0.8484474802234817,0.8729110912817728,0.825317689390203,0.862958288585606,0.03082629050703312,0.9886598904265215,0.9329694917266198
RipVIS-090_00144.jpg,0.8634153780733632,0.738512229540164,0.849591066420626,0.8779973840953481,0.822965233269416,0.8664099197818086,0.036968916679727244,0.9886916089963023,0.935433798567944
RipVIS-090_00156.jpg,0.8690268969159246,0.7491618733629948,0.8565952468682982,0.888143771469762,0.8272111622788391,0.8752495454474003,0.04655193759771252,0.9892486063050295,0.9405924500931602
RipVIS-090_00168.jpg,0.8520490027314669,0.7169118453033295,0.8351178277026466,0.8730901445057364,0.8003108193221916,0.8574942408473067,0.042362002564804574,0.9875889081120273,0.9324774315391968
RipVIS-090_00180.jpg,0.8417201760879428,0.6971913639179125,0.8215825024097086,0.8524847311627508,0.7928422882279986,0.8398490159072526,0.04955067398592419,0.9866709919259452,0.9220833690248561
RipVIS-090_00192.jpg,0.8723567758617512,0.755467612086017,0.8607024212634684,0.8922158882495435,0.8313391481485056,0.8793375808901996,0.05725791228482616,0.9895917435599314,0.9427241448318444
RipVIS-090_00204.jpg,0.8718343926408649,0.7544657979677826,0.8600518731589852,0.8909824315705505,0.8311967805487787,0.8783470244362854,0.06685624012215759,0.9895496924257523,0.9421086628731696
RipVIS-090_00216.jpg,0.8783603479759227,0.7669683002283887,0.8681177813198512,0.9052609823195708,0.8339024480068667,0.8900287103921132,0.06158467892967927,0.9900867454822688,0.9492596491857803
RipVIS-090_00228.jpg,0.8695423829268318,0.7502036216723186,0.8572758190906946,0.8965671273549974,0.8212837425136112,0.8804261860616155,0.051283618578772394,0.989240436370389,0.9446362740237721
RipVIS-090_00240.jpg,0.8710824563856168,0.753092653366136,0.8591589861723657,0.894661423614405,0.8263666584534205,0.8801140833988985,0.041520609208175956,0.9894247404841914,0.943815246501811
RipVIS-090_00252.jpg,0.8774648834005427,0.7650891140213811,0.8669127331234714,0.8798658648424647,0.8543354527685985,0.8746384381578326,0.03487665572761717,0.990166041906721,0.9370993450216574
RipVIS-090_00264.jpg,0.8650846906179444,0.7417848409367362,0.8517525511794012,0.8769144430683494,0.8279943560211958,0.8666733740159868,0.0325923248368822,0.9887596116875749,0.9349749967721347
RipVIS-090_00276.jpg,0.8417397335216785,0.6980721888407021,0.8221937717704285,0.8864306784602916,0.7666378809129787,0.859567918813593,0.032698932623668665,0.9858835544019162,0.9380580085231918
RipVIS-090_00288.jpg,0.8282308999229274,0.6729912798952359,0.8045365065350241,0.893576472732358,0.731633285591285,0.8556957215213924,0.0574680577996168,0.9840143214146041,0.9405238633596906
RipVIS-090_00300.jpg,0.8100780983505536,0.639086957753856,0.7798084839008628,0.8811502431642709,0.6993730569911949,0.8376089060987415,0.02714612120405037,0.9816832468279072,0.9333377222608346
RipVIS-090_00312.jpg,0.7970075344018335,0.6151173168637497,0.761699859745409,0.8804079991642864,0.6711998971709517,0.8287452328516947,0.04873403539946594,0.9795862168394417,0.9319054437161489
RipVIS-090_00324.jpg,0.8004586785545493,0.6215395557472483,0.7666042478511434,0.9190971238965582,0.6575124435666864,0.8513564148681055,0.038020485413158514,0.9800533448671233,0.950701670357899
RipVIS-090_00336.jpg,0.8014605504062182,0.623120723122006,0.7678057636076001,0.9143597204408509,0.6617415520228801,0.8495007655265459,0.0368151178177787,0.9804531910801182,0.948617291656484
RipVIS-090_00348.jpg,0.7956740243419371,0.6107955953306433,0.7583775335631795,0.903340711525357,0.6535063998523128,0.8391775039150269,0.023378438471292902,0.9811284121489376,0.943552918501646
RipVIS-090_00360.jpg,0.7842922575969142,0.5874708951330875,0.7401343822229083,0.8637393812534572,0.6474774416176244,0.8096534142315732,0.03568257043386756,0.9816082756629706,0.9245167786038322
RipVIS-090_00372.jpg,0.7318264734057859,0.48130203846912645,0.6498364627466997,0.9409115145940433,0.4963029849936251,0.7979451321241489,0.003439262621620682,0.9826352845057231,0.9621368767360475
RipVIS-090_00384.jpg,0.7249931822145292,0.46826045255608495,0.637843853576378,0.9486456144254493,0.48043910865839734,0.7939069956805485,0.004767093434382036,0.9820153306418248,0.9656137560161837
RipVIS-090_00396.jpg,0.7161390132132539,0.4514838232904732,0.6220996969390565,0.9711201079476516,0.45762819651883724,0.7931302215875831,0.0146314012359832,0.9810930891962272,0.9761878089182592
RipVIS-090_00408.jpg,0.7250957047557006,0.4680965225175607,0.6376917530120524,0.9544352454028027,0.4787961493356364,0.7962377341549209,0.022323332856203137,0.98237264513625,0.9686347347395035
RipVIS-090_00420.jpg,0.7175551440361692,0.45393800830670283,0.6244255335691675,0.9514702827668101,0.46469718707545543,0.7866633628874377,0.007172995779581857,0.9814624183004178,0.9667132279340578
RipVIS-090_00432.jpg,0.7336869204714153,0.4842183938078088,0.6524894123775563,0.9616731979432124,0.4937468086203825,0.8084405455657188,0.014539110204341506,0.9834176758936507,0.972724332739382
RipVIS-090_00444.jpg,0.7320104598671842,0.4807222517223221,0.6493077971417847,0.9408026606740687,0.4957167332913817,0.7975792179282879,0.004743423888925769,0.9835529603996099,0.9625294349050535
RipVIS-090_00456.jpg,0.733018388920563,0.48297571151480423,0.6513602451674176,0.9627522908386268,0.49217231535097655,0.8082030899352689,0.014997087941904907,0.9833249231062613,0.9732077724234898
RipVIS-090_00468.jpg,0.7418459850181577,0.4999134277309792,0.6665897090970538,0.9645170660716846,0.5092795680743801,0.818235360798829,0.015814907011888285,0.9840373894653538,0.9744414174044229
RipVIS-090_00480.jpg,0.7397790888892801,0.4961754622359575,0.6632583874814371,0.9727940535847858,0.5031574995269145,0.8197639850943106,0.01767151766889345,0.9836502787387102,0.9783135233600793
RipVIS-090_00492.jpg,0.7283726017988656,0.47488048428280044,0.6439579197682904,0.9750112529079729,0.4807313703136335,0.8087107115931661,0.015087040617010052,0.9821573433292528,0.9786444240629923
RipVIS-090_00504.jpg,0.7081850021602056,0.43644050375877785,0.6076694476613972,0.9625672489729408,0.44397588261635956,0.7802833741268593,0.022387194058416982,0.9802366878121443,0.9715447156348216
RipVIS-090_00516.jpg,0.6831742872422563,0.3907482114322493,0.5619251683665167,0.9690050172131869,0.39569384190762125,0.7512976437367452,0.019597783704124995,0.9759763071893081,0.9725469816139354
RipVIS-090_00528.jpg,0.7656818452320271,0.5523073842590324,0.7115953835685281,0.8426900349652877,0.6157976676519942,0.7848537262918286,0.03649635036218854,0.9795838139174886,0.913245746078844
RipVIS-090_00540.jpg,0.7695193648906005,0.5600386629215316,0.7179804914228604,0.8704408881963557,0.6109676327923144,0.8022951703384258,0.03133647445730787,0.9795468089194109,0.9266758712783953
RipVIS-090_00552.jpg,0.7633152409527726,0.5480830156508809,0.7080796186119814,0.8478744687107986,0.6078579328106547,0.7858174723736335,0.029426835515011577,0.9790914552092996,0.9155056403816275
RipVIS-090_00564.jpg,0.7347372454817146,0.4948314518518227,0.6620565164571792,0.9224191542204199,0.5163197608319785,0.7970404063712025,0.031150003263165284,0.9752575932331374,0.9495512564116932
RipVIS-090_00576.jpg,0.7285537776698469,0.48286254959172076,0.6512573262095912,0.9136531917195164,0.505951117482121,0.7868434316189838,0.02995874754649633,0.9748498173776974,0.9450587084339848
RipVIS-090_00588.jpg,0.7350920386937982,0.4954031709720081,0.6625680359497932,0.9130201854106275,0.5199418782000861,0.7931024147227572,0.03887587821753925,0.9753902345249483,0.9450528960474853
RipVIS-090_00600.jpg,0.729194163882533,0.4845628733201237,0.6528020901350333,0.9013708513627222,0.5116936309619512,0.782230292404984,0.029723288757465688,0.9744540561320227,0.9389127037947611
RipVIS-090_00612.jpg,0.7256934789515497,0.47873928514201003,0.6474965397244241,0.9169146669221572,0.5004490114362946,0.7860817391813749,0.015020110607401953,0.9733179546325997,0.9458907254637274
RipVIS-090_00624.jpg,0.722007374687626,0.47175500213134375,0.6410781705489905,0.9044048903190902,0.49651326341519303,0.7767783379787981,0.015978200283893094,0.9729303633215656,0.9396086263383817
RipVIS-090_00636.jpg,0.7221315218651059,0.472225967056672,0.6415128894931305,0.9130383979208939,0.494465429620444,0.7808397134335701,0.029904306218213026,0.9727196270662792,0.943698682974524
RipVIS-102_00000.jpg,0.7697566491184448,0.5627523175784731,0.7202066651873189,0.5877490068947193,0.929735988869388,0.6344211311467811,0.031444718154510595,0.9774358603390348,0.7927200970950561
RipVIS-102_00006.jpg,0.7827838456313827,0.5875178736592414,0.7401716647196015,0.6135744751396823,0.9325906036147609,0.658635017821334,0.0495283018833568,0.9787152777773058,0.8056346068370639
RipVIS-102_00012.jpg,0.8106150128732097,0.6402363066641479,0.7806634983787633,0.6742531157379967,0.9269552385510337,0.7131354328722197,0.03919455855349218,0.9816155478390328,0.8357717558482507
RipVIS-102_00018.jpg,0.812914364213239,0.6443495822065263,0.7837136204843789,0.6771578301429619,0.9300664520546252,0.7161031462543426,0.060726798099833286,0.9820804398143412,0.8372968657374027
RipVIS-102_00024.jpg,0.7869174351023751,0.5951648227108413,0.7462110676430431,0.6341671947389866,0.9063425433296004,0.6746891252702095,0.048953974891983686,0.9793185763884166,0.8154335477031258
RipVIS-102_00030.jpg,0.8004759133191997,0.6206330777806716,0.7659143655522314,0.6382267040233826,0.9574723192468846,0.6838278203946311,0.053560263976828046,0.9809326774686628,0.8183849968113928
RipVIS-102_00036.jpg,0.8122086382882825,0.6429756186360345,0.7826964823371145,0.6617101472090056,0.9578239259461007,0.7053204826170363,0.05604921394011967,0.9820418595674276,0.8301064370202837
RipVIS-102_00042.jpg,0.8030862547649387,0.6254035659169754,0.7695363527323781,0.6451309643996327,0.9533845698942747,0.6897326011086019,0.06475177304505307,0.9813671874995268,0.8217664392270627
RipVIS-102_00048.jpg,0.8081036348249977,0.634912921778933,0.7766932578746645,0.6574352678280642,0.9488054607370736,0.7004561059658317,0.05451907130634887,0.981883680555082,0.8278248803375731
RipVIS-102_00054.jpg,0.8012603097476998,0.6218743923719438,0.7668588829033433,0.6437089291579665,0.948276628849629,0.6878966918240887,0.0592756734257132,0.9812432484563169,0.8209708284858557
RipVIS-102_00060.jpg,0.8162723813088121,0.6505583756282277,0.7882888424114236,0.6770989524038493,0.9431719420092635,0.7175857788243726,0.08158557046409497,0.9825708912032298,0.8375227462731782
RipVIS-102_00066.jpg,0.8195714188833711,0.6563605996673921,0.7925334613721112,0.6861068099318683,0.9380390150897513,0.7250527684491896,0.04784130688119697,0.9833304398143407,0.8419506792786213
RipVIS-102_00072.jpg,0.8001791715667989,0.6200374801727929,0.7654606609553993,0.6649626384883797,0.9017442835452879,0.7018196532999165,0.0680392156818275,0.9809331597217492,0.8307029905693365
RipVIS-102_00078.jpg,0.7809295707683983,0.5842122793328873,0.737542925218203,0.6508013398541531,0.8509628990626935,0.6829287285611385,0.05329868812641494,0.9783275462958245,0.8226031540217873
RipVIS-102_00084.jpg,0.7824899758110347,0.5866796701108133,0.7395061286312942,0.6403244974873114,0.8750441327956187,0.6766236631001443,0.045688214879469974,0.9789486882711328,0.8179243280267027
RipVIS-102_00090.jpg,0.7534212986127917,0.5321089960262742,0.6946098448692211,0.6079905104751269,0.8100106287646844,0.639909757024545,0.02273154236190547,0.975439332561258,0.8005618159395589
RipVIS-102_00096.jpg,0.8098740455059057,0.6375087544722698,0.7786324839255271,0.659637035785376,0.9500098316374994,0.7025864865529994,0.042249748909122885,0.9827772955242174,0.8289832402112576
RipVIS-102_00102.jpg,0.7904660891238502,0.6004531415041001,0.7503539165661499,0.6253399219039295,0.9378411831766879,0.6699898422833096,0.04589143088900153,0.9810353973760702,0.8116803662232184
RipVIS-102_00108.jpg,0.8031592255513874,0.6248287119072946,0.7691010225611331,0.6561736167621851,0.9289780387552959,0.6971167897981483,0.052933542787177545,0.9820433063266869,0.8268890374827573
RipVIS-102_00114.jpg,0.8130180230436952,0.6439058748770471,0.7833853321136245,0.6867956870846944,0.9115895620781497,0.7224250383990384,0.061165179774184564,0.982689525462489,0.8418074685571907
RipVIS-102_00120.jpg,0.795860245443043,0.6116159850808612,0.759009578885722,0.6665538002405478,0.8812444916849987,0.7006947549670642,0.06892295699175503,0.9807089120365641,0.8311322308194893
RipVIS-102_00126.jpg,0.7989857288129347,0.6171217286662514,0.7632347246675523,0.6569672087712343,0.9105147382180597,0.695713754263611,0.04949907724429877,0.9814231288575513,0.8269419891100851
RipVIS-102_00132.jpg,0.7916033712547064,0.6031244740507963,0.752436237875919,0.6647498499572836,0.8667710037580314,0.697252011490964,0.04387144078920497,0.980667438271132,0.8300126110005255
RipVIS-102_00138.jpg,0.801238435988584,0.622115356976098,0.7670420655357433,0.7186075332988249,0.8224774883063048,0.737228315779197,0.06683577158643017,0.9809765624995269,0.8557698814882022
RipVIS-102_00144.jpg,0.8125219218698465,0.6432843672007161,0.7829251954687928,0.7276724223344352,0.8472582176381508,0.7488105119447733,0.07446482242075293,0.9823403742279213,0.8608342175708837
RipVIS-102_00150.jpg,0.816953234572558,0.6513998193716801,0.7889062499952589,0.7232647574051717,0.8676519187184544,0.7481654063690434,0.04706706578899006,0.9830603780859457,0.859107728565083
RipVIS-102_00156.jpg,0.811984190643747,0.6409977058146326,0.7812292528421605,0.6703954071776934,0.9359694072514575,0.7107281162086757,0.05043729860916438,0.9834731867279207,0.8341418737482105
RipVIS-102_00162.jpg,0.8070445812027502,0.6311930729561795,0.7739035720796442,0.6480407023950239,0.9604410279639027,0.6931313321266542,0.054868836694487784,0.9833825231476739,0.8234077711381659
RipVIS-102_00168.jpg,0.7780502993093267,0.5760192301549165,0.730979951429014,0.6005341892018979,0.933821015913485,0.6466962104425885,0.03284445362302248,0.9806061921291567,0.7992906094328311
RipVIS-102_00174.jpg,0.8039201277915353,0.625540943651259,0.7696403416898019,0.6575321291275722,0.9278347303005665,0.6982137246350305,0.03535716619597692,0.9828076774686618,0.8275981536717065
RipVIS-102_00180.jpg,0.8102188184876539,0.6381423808684528,0.7791049036044655,0.6911306568543816,0.8927423712298049,0.723823468376029,0.05436263379472185,0.9828313078698964,0.8436631809647417
RipVIS-102_00186.jpg,0.8158896869256828,0.6484043224083547,0.7867054382155729,0.6766638510659764,0.9394885541383328,0.716767411972772,0.05278356053637878,0.9838695987649576,0.8373298780569225
RipVIS-102_00192.jpg,0.7808766614196049,0.582135231310807,0.7358855549010245,0.6281874039869632,0.8881528938943556,0.6672486090489321,0.0325197889160607,0.9801808449069347,0.8122752542061376
RipVIS-102_00198.jpg,0.7936672114110739,0.606033365382301,0.7546958593080543,0.6611172559989382,0.8791338761637155,0.6956185795837663,0.07030823785663473,0.981823881172366,0.8285517323955559
RipVIS-102_00204.jpg,0.7729285174912467,0.5666153034678779,0.7233624007292813,0.6247648152089038,0.8589120551675982,0.6607924202442002,0.03990104034255893,0.9797902199069349,0.8101164359026629
RipVIS-102_00210.jpg,0.7565546616513315,0.5357783475324972,0.6977287424234375,0.6094760504857978,0.8158670390763126,0.6419553111969712,0.0347778253141753,0.9779089506168124,0.8017352897637134
RipVIS-102_00216.jpg,0.7675229718392328,0.5556645309792261,0.7143757794997849,0.6346015705772862,0.8170901851230253,0.6642732794502602,0.06754425202456743,0.9798996913575522,0.8143712836401094
RipVIS-102_00222.jpg,0.7857615264271474,0.5890331488439204,0.7413730157517022,0.6306616313370437,0.899231259726172,0.6707262292309644,0.06607130397920384,0.9829185956785383,0.8139036433509492
RipVIS-102_00228.jpg,0.7790036457605325,0.5751697855013538,0.7302956046967161,0.6168598938806988,0.8948518652079046,0.6577252829218826,0.05719705259668804,0.9832272376538468,0.8070448027554272
RipVIS-102_00234.jpg,0.7678978312250746,0.5539642377143865,0.7129690944872353,0.6036356920399499,0.8706688231210985,0.6430822073749687,0.048181557843056874,0.9822323495365634,0.800116721380373
RipVIS-102_00240.jpg,0.779933514276618,0.5766750736053787,0.7315078208050786,0.6540781241100547,0.8297313240587453,0.6829960240967401,0.045434265314884426,0.9835681905859455,0.8246609464111971
RipVIS-102_00246.jpg,0.8028297548014091,0.6203119601717149,0.765669791273992,0.6831351107507592,0.8708883499349521,0.7139175485463344,0.052005829558026705,0.9856901041661913,0.8397731703745616
RipVIS-102_00252.jpg,0.8062309200714167,0.6263387281003171,0.7702438825052474,0.6751604216701736,0.8964986020864509,0.710230440298575,0.0445489320971829,0.9864385609563144,0.836222280039902
RipVIS-102_00258.jpg,0.8005733050667846,0.6156452351283191,0.7621044790559146,0.6813614778682917,0.8645565434480021,0.7115147373640861,0.03641965555092276,0.9858304398143394,0.8388416526253
RipVIS-102_00264.jpg,0.8179912238426652,0.6487075719706127,0.7869286015290716,0.7325547400216567,0.8500214254954646,0.7533769669962401,0.0511438034313222,0.9875670331785361,0.8641863727990746
RipVIS-102_00270.jpg,0.8162615509498845,0.6446822607500623,0.7839596451366272,0.7318225666563362,0.8440953494352941,0.7518224879900561,0.055187637964743956,0.9881032986106346,0.8638573080273029
RipVIS-102_00276.jpg,0.7782468717314328,0.5718481109858534,0.7276124289479775,0.6813165252255307,0.780658698325515,0.6991094617175914,0.037508207482148045,0.9849541859563151,0.837749354566113
RipVIS-102_00282.jpg,0.8416813222760946,0.6933543202110795,0.818912275990357,0.7602137333516941,0.8874338957269544,0.7826535597992285,0.059207839929831946,0.9902290702155718,0.8786637408815201
RipVIS-102_00288.jpg,0.8262307204447499,0.663885906614864,0.7979945066852859,0.7547378317182415,0.8465110255874184,0.7714652765601607,0.06005179669310037,0.9888276427464368,0.8753080317229369
RipVIS-102_00294.jpg,0.8277168358824813,0.6667585766432526,0.8000661715340474,0.7578056705411964,0.847318530524356,0.7741625665565816,0.06403982449679042,0.9889260223760663,0.8768464221377226
RipVIS-102_00300.jpg,0.8160412187958392,0.644257218972503,0.7836452977534739,0.7378317306777642,0.8355248412245886,0.7554989596562812,0.06428571428018195,0.9880878665118692,0.8667285511647098
RipVIS-102_00306.jpg,0.8122898810211114,0.6373110848834582,0.7784850304471264,0.7346231684492087,0.8279171608278821,0.7515611283189505,0.06711465770120835,0.9875472608019928,0.864967704134787
RipVIS-102_00312.jpg,0.7947852929663877,0.6038388923768868,0.7529919560461569,0.7228700579658215,0.7857333594291611,0.7346249230205889,0.05488964205547742,0.9860353973760677,0.8584447808288365
RipVIS-102_00318.jpg,0.8323032950799747,0.6755890366947561,0.806389898596393,0.759359952819297,0.8596299317550499,0.7774979206353465,0.056629025507601086,0.9892631172834735,0.8777990218752845
RipVIS-102_00324.jpg,0.8303670408317303,0.6718929032347761,0.803751127760395,0.7693521332474822,0.8413701665333302,0.7827522464524806,0.08155068540281579,0.9890904706785354,0.8825070847039722
RipVIS-102_00330.jpg,0.819263548771612,0.650870730064595,0.7885181052778467,0.7340078996532644,0.8517740727734743,0.754881873707311,0.06807116933096652,0.9879340277773013,0.864984848837505
RipVIS-102_00336.jpg,0.84644613139791,0.7041118786061644,0.8263681363245646,0.7664960909628076,0.8963860628882175,0.7893727529307054,0.08070799457311077,0.9890721450612514,0.8816923235293267
RipVIS-102_00342.jpg,0.8302058561879719,0.6730864953775564,0.8046045404552316,0.7626464208132662,0.8514482224022175,0.7788933590911508,0.06979235332318784,0.9876475694439681,0.879028067100241
RipVIS-102_00348.jpg,0.8469782847174187,0.704313968897888,0.826507300592437,0.8008148338123827,0.8539029896549583,0.8108977274203818,0.05926975658058772,0.9898919753081646,0.8982838682378478
RipVIS-102_00354.jpg,0.8237513245718588,0.6595254066652758,0.7948361670347133,0.7569774156172691,0.8366811452737047,0.7716797315725961,0.03736373470605278,0.988250868055079,0.8761985965545238
RipVIS-102_00360.jpg,0.7690111555778307,0.5550257117377657,0.7138476329340121,0.6907641473006101,0.7385272328039079,0.699816047424664,0.03252853039107767,0.9833497299377973,0.8415916561199179
RipVIS-102_00366.jpg,0.7290047822906859,0.4798013011663598,0.6484671973030254,0.6957343550328525,0.6072139820972088,0.6760240381751637,0.04508071885127317,0.9786376350303923,0.8413087061469897
RipVIS-102_00372.jpg,0.7247353561935985,0.47161730886009745,0.6409510217373133,0.6532373399100755,0.6291183421666726,0.6482667191365691,0.04355952864335152,0.9782826967587874,0.8207302009766065
RipVIS-102_00378.jpg,0.7029222024127757,0.4313828506333992,0.6027497820621626,0.6405122537762382,0.5691921088274575,0.6248533468624156,0.04106726673301717,0.9749469521600237,0.8128433555501262
RipVIS-102_00384.jpg,0.703051863342451,0.4318154655146103,0.6031719532508486,0.6460175552560791,0.5656561343500477,0.628169058607827,0.01869976923540226,0.9747810570982953,0.8154253316415517
RipVIS-102_00390.jpg,0.7168647402272477,0.4571588086450658,0.6274660056718916,0.6498493731876219,0.6065732383841056,0.6407070884499305,0.028992433291199327,0.9770240162032325,0.8184570333098846
RipVIS-102_00396.jpg,0.7175213026233269,0.45725023112301744,0.627552113367162,0.6461645485748144,0.6099819005876703,0.6385886424688361,0.023813447591973184,0.9782002314810098,0.8170390799663252
RipVIS-102_00402.jpg,0.758377637764103,0.5320689655092644,0.6945757371077653,0.6021514498430163,0.8205169702945408,0.6360035842293906,0.02444049068035954,0.9849483989192781,0.7991490999720758
RipVIS-102_00408.jpg,0.783618027452921,0.5805884258669702,0.7346484592262038,0.6571897593402747,0.8328058954824882,0.6861268619979215,0.044285581650330925,0.9868899498452031,0.8267214338488027
RipVIS-102_00414.jpg,0.7477770349081339,0.5122374612574281,0.6774563841732921,0.6235374244590909,0.7415830685039237,0.6440411984343152,0.024216647858326824,0.9836038773143405,0.8086834160140811
RipVIS-102_00420.jpg,0.7521259358029213,0.5206739448047126,0.684793668732949,0.6346173994929868,0.743585546492131,0.6537789003302895,0.038148524920468926,0.9838657407402662,0.8142010796793334
RipVIS-102_00426.jpg,0.7414313729773108,0.5014433913699505,0.6679484478098403,0.6735543043189639,0.6624351338999332,0.671300707988339,0.054338808689701444,0.9817602237649586,0.8319720387352592
RipVIS-102_00432.jpg,0.7828499932325932,0.5793032195241458,0.7336187406731097,0.6831628173535116,0.7921219927537266,0.7024887794883888,0.054909856314184144,0.9866468942896477,0.8391019621139598
RipVIS-102_00438.jpg,0.7873051696970186,0.5879522826525627,0.74051631031435,0.6922994442037225,0.7959523320156985,0.7108125564224325,0.04834810636150522,0.9869073109563142,0.8436886821654119
RipVIS-102_00444.jpg,0.7875575598637106,0.5885097387801826,0.740958301246676,0.6971257891882254,0.7906726711946066,0.714021396643951,0.043416996913833814,0.9868571566353266,0.8460057611605174
RipVIS-102_00450.jpg,0.7743869966719958,0.5632132667533998,0.7205840415148522,0.6778988034433672,0.7690060259141558,0.6943513195642855,0.03837332392039755,0.9858246527773024,0.8361281046830928
RipVIS-102_00456.jpg,0.8042842894418133,0.6208586908588297,0.7660861423149243,0.7224802641908327,0.8152938597202843,0.7393130419382005,0.056188436826022405,0.9879523533945853,0.8589426344043183
RipVIS-102_00462.jpg,0.804373753757263,0.6211558974111571,0.7663123557741587,0.7301979760745598,0.806184923745151,0.7442274046180763,0.061933406755745705,0.9878390239192767,0.8626349044108937
RipVIS-102_00468.jpg,0.8112245673729406,0.6344755349299047,0.7763659000954266,0.7553037994842212,0.7986363550600147,0.7635900003241503,0.05558320888870224,0.9882195216044617,0.8750022822275726
RipVIS-102_00474.jpg,0.8081667545845144,0.6284750459228868,0.7718571402077806,0.7433691373066251,0.8026156361034211,0.7545082100589041,0.052724372424420754,0.9881028163575482,0.8691410250604017
RipVIS-102_00480.jpg,0.8110988081575303,0.6343223736874526,0.7762512266857826,0.7608614332146839,0.7922764453695347,0.7669435377007854,0.037461836782122136,0.9881249999995235,0.8776551982699381
RipVIS-102_00486.jpg,0.8101921414038966,0.6326650856452053,0.7750090220067214,0.7657651232725532,0.7844788222902873,0.769436094401072,0.039721369927877816,0.9879735725303878,0.8799581661804416
RipVIS-102_00492.jpg,0.8005171545651215,0.6140194299670215,0.7608575442980479,0.7482215764098447,0.7739276361750096,0.7532252622208183,0.038311956968282004,0.9872776813266844,0.8710726387224674
RipVIS-102_00498.jpg,0.8183423952448696,0.64881759407657,0.7870095472142801,0.7381273237853238,0.8428253614971668,0.7569329745857531,0.04159691998312714,0.9881331983019926,0.8669568124697726
RipVIS-102_00504.jpg,0.8085171182296838,0.6300620109375823,0.7730528123591838,0.7316125676457322,0.8194694776554432,0.7476438364355739,0.04780033840543144,0.9872550154316226,0.8633421634137081
RipVIS-102_00510.jpg,0.7986313203675592,0.6111249343312167,0.7586313405110283,0.7185930464912538,0.8033945737555944,0.7340902826438541,0.04088293394821928,0.9864332561723638,0.8566080078456212
RipVIS-102_00516.jpg,0.8078651825504137,0.6289109130697523,0.7721857690603138,0.7364400305457075,0.8115786268147746,0.7503336987735121,0.05091316333124456,0.9871074459871783,0.8656060497036944
RipVIS-102_00522.jpg,0.8162861475959666,0.6455043637014343,0.784567185527752,0.7754173235899514,0.7939355611637277,0.7790515383107975,0.04086057371240322,0.9873654513884127,0.8846317417762602
RipVIS-102_00528.jpg,0.7899871862529023,0.5947941366593718,0.7459196431525537,0.7175852932932791,0.7765835810519696,0.7286567351398457,0.04961430574600155,0.9854957561723643,0.8556364553077908
RipVIS-102_00534.jpg,0.7924739828125684,0.5997331020137489,0.7497914511599504,0.7155868350124105,0.7874301333242089,0.7288872309713414,0.05357295677761464,0.9855353009254506,0.8547767032379341
RipVIS-102_00540.jpg,0.7793009965111881,0.5758044102543957,0.7308069535881533,0.7533875770145791,0.7095405194542989,0.7441899237486473,0.048593143592448804,0.9831901041661926,0.8718775390298459
RipVIS-102_00546.jpg,0.7550853519828786,0.5302895964012864,0.6930578338222316,0.7350251376468754,0.6556240479385046,0.7176427322564459,0.03854223327076368,0.9803279320982926,0.8614979836406038
RipVIS-102_00552.jpg,0.7512161974173348,0.5224333705886636,0.6863136090962846,0.7086266060057677,0.6653628856918977,0.6995295400332127,0.0397034202312283,0.9804272762340951,0.8487611869576939
RipVIS-102_00558.jpg,0.7620688766561259,0.542783237232201,0.703641605811028,0.7167025775960945,0.6910481525262607,0.7114204327616199,0.049686881999861,0.981758294752613,0.853359605783099
RipVIS-102_00564.jpg,0.7860767798470093,0.588701563221322,0.7411103215982799,0.776167211298797,0.709083385050559,0.7617538533840555,0.07917616273493912,0.9838348765427354,0.8831914352095529
RipVIS-102_00570.jpg,0.7600201198922673,0.5399322002883208,0.7012415224348572,0.765263532520703,0.6471046907614519,0.7383013325758451,0.06295717925018844,0.9805618248452062,0.8762202990364552
RipVIS-102_00576.jpg,0.7726161188730789,0.564282242836395,0.7214583498860468,0.78985587494202,0.6639625501946438,0.760997469743621,0.05742913000509701,0.9814086612649588,0.8886435878094299
RipVIS-102_00582.jpg,0.7621824023973156,0.544660667576747,0.7052172415721659,0.7775475011346873,0.6451985559482089,0.7469051186738437,0.053322593632434745,0.9801851851847125,0.8820519238179734
RipVIS-102_00588.jpg,0.7780664531612151,0.5754958552083732,0.7305583868162684,0.8100678110939876,0.6652618904191092,0.7762738853503185,0.0713304790313167,0.9811323302464404,0.8983888975691532
RipVIS-102_00594.jpg,0.7606440550278818,0.5429183652080808,0.703755140194811,0.7932830349930771,0.6323857064511794,0.7548708140646845,0.08072916666009691,0.9789115547834786,0.8891235554580925
RipVIS-102_00600.jpg,0.8204481098079324,0.6548554502869594,0.791435227981277,0.8171391043921874,0.7672991151347747,0.8066597714943929,0.05229087851599068,0.9864009452155736,0.9045294630380059
RipVIS-102_00606.jpg,0.8037953421996349,0.6230059383352926,0.7677186184226855,0.7867310159327581,0.7496034575481366,0.7790141641688569,0.043712172155034285,0.9849676890427349,0.8890811609835754
RipVIS-102_00612.jpg,0.7929986504749145,0.6030710834989296,0.7523946875551413,0.800766693127241,0.7095337979469581,0.7806902343366121,0.02482848742038317,0.9833579282402665,0.8950390550753984
RipVIS-102_00618.jpg,0.8290582055693019,0.6715315184079254,0.8034924989599183,0.8190373318612812,0.7885267386422901,0.8127477755263853,0.027966172651095522,0.9869429976847093,0.905818547735981
RipVIS-102_00624.jpg,0.8214424576780346,0.6572653509471322,0.79319265387586,0.8234319281354272,0.7650956885068592,0.8110636958270664,0.03229053090394275,0.9860054976847097,0.9074572763295261
RipVIS-102_00630.jpg,0.8211651509320355,0.6565308029538192,0.7926575247295561,0.8108252075106045,0.7752861447804179,0.8034591056645934,0.037697052772644186,0.986174768518043,0.9014537639246847
RipVIS-102_00636.jpg,0.8633013568535297,0.737848088044237,0.8491514225211784,0.7991106756503611,0.9058779973670634,0.8184021488555904,0.06168067226372431,0.9890996334871773,0.8978978562640996
RipVIS-102_00642.jpg,0.8711213179837838,0.7524458652421444,0.8587379275629436,0.7834846943163196,0.9499832465053767,0.8119457852341305,0.08153267429957722,0.9901036844131028,0.8909188722039353
RipVIS-102_00648.jpg,0.8533020620701994,0.7185654649759871,0.8362386881619633,0.7936842105160649,0.8836149255750434,0.8101754802304579,0.05843261203837972,0.9883931327155727,0.8948147278985835
RipVIS-102_00654.jpg,0.8545120383411192,0.7208415022044724,0.8377779142135324,0.8101062075227904,0.867406905112909,0.8209525948744277,0.055226982092772776,0.988532503857548,0.9027040256479169
RipVIS-102_00660.jpg,0.8470954962618924,0.7067955104931422,0.8282134633561681,0.8067418695058152,0.8508592499707667,0.8151955098721487,0.0478445853698447,0.9877671682094001,0.900688490770388
RipVIS-102_00666.jpg,0.8589507417501452,0.7292570209654076,0.8434339281251306,0.8028648585077837,0.8883211362622394,0.8186149708293096,0.04732233074710994,0.9889814814810045,0.899495222106933
RipVIS-102_00672.jpg,0.8604793466123395,0.732152838055725,0.8453674779386539,0.8031779577993924,0.8922350076680063,0.8195381428807232,0.05133743146275648,0.9891382137340908,0.8997271367974781
RipVIS-102_00678.jpg,0.8356269324632025,0.6849960722624294,0.8130536130481196,0.7849399240631817,0.8432559703884509,0.7959488205225894,0.0411250102165706,0.986656539351376,0.8896696874121357
RipVIS-102_00684.jpg,0.8492502088912905,0.7106661941801244,0.8308648368663499,0.7849007866517306,0.8825470867675506,0.8026623335040983,0.04495912806156683,0.9881872106476716,0.8904455829826273
RipVIS-102_00690.jpg,0.861049667710454,0.7331825957873264,0.8460534943858771,0.7995251327306234,0.8983319163774395,0.8175085504516666,0.05105874316503938,0.9892443094131032,0.8980259153673141
RipVIS-102_00696.jpg,0.8492896572654083,0.7106868236103251,0.8308789356434668,0.7813262364058638,0.8871426455208542,0.8004207183752894,0.05069599587122392,0.9882421874995234,0.8887554561565691
RipVIS-102_00702.jpg,0.8410738344501614,0.6948182317849995,0.8199324491018838,0.7584960797260578,0.8921983856475432,0.7819316904173996,0.05463286712809153,0.9876847029316225,0.8774891048484801
RipVIS-102_00708.jpg,0.8439873162608172,0.7005417810080848,0.8239042272666798,0.7725855478484523,0.8825256318418795,0.7923262584422396,0.0430116758204832,0.9877917631168076,0.8843190109748349
RipVIS-102_00714.jpg,0.8415715009561955,0.6957958531090193,0.8206127545758161,0.7608704160207577,0.8905362486885339,0.7836921935802894,0.05084175083747123,0.9877030285489063,0.8786402179578146
RipVIS-102_00720.jpg,0.8352268654897184,0.6835048819118429,0.8120022570242059,0.7415626263715502,0.897228272865214,0.7682192417681625,0.057669237355812406,0.9873066165118696,0.869151074626365
RipVIS-102_00726.jpg,0.7752368259411977,0.5715695455540629,0.7273868944215941,0.7405059162623707,0.7147246216133027,0.7352019273113488,0.04830736967882659,0.9794815779316264,0.8645802988164943
RipVIS-102_00732.jpg,0.7323431037043082,0.4926725453880797,0.6601214002498985,0.7428745514759614,0.5939570432534322,0.707402421916904,0.01917482147453221,0.9727541473760741,0.8620593300496602
RipVIS-102_00738.jpg,0.6899372571638425,0.41579044753211275,0.5873615664760047,0.6998036693426336,0.5060509928278498,0.650028172415181,0.027231270356532163,0.9649792631168186,0.8372882264360231
RipVIS-102_00744.jpg,0.6910907094218294,0.4202811123814601,0.5918280665955666,0.7518683393936076,0.48796203883237943,0.6784794347790097,0.025023518342739196,0.962924382715585,0.8613087939719941
RipVIS-102_00750.jpg,0.6994204163757936,0.43306692896894905,0.6043917701464625,0.7126939160837354,0.5246630982002973,0.6650269248295012,0.05427039729351029,0.9666459297834844,0.8443775361448209
RipVIS-102_00756.jpg,0.7088556631600603,0.449589488159236,0.6202990458079936,0.7101562710762173,0.550627282328838,0.6712604501771778,0.03364367329428384,0.9689308449069401,0.8443386899370181
RipVIS-108_00000.jpg,0.4960795235337114,0.0,0.0,0.0,0.0,0.0,0.0,0.9921590470674228,0.49999999999975697
RipVIS-108_00006.jpg,0.4960537229935879,0.0,0.0,0.0,0.0,0.0,0.0,0.9921074459871758,0.49999999999975697
RipVIS-108_00012.jpg,0.4959712577158102,0.0,0.0,0.0,0.0,0.0,0.0,0.9919425154316204,0.4999999999997569
RipVIS-108_00018.jpg,0.49587890624976083,0.0,0.0,0.0,0.0,0.0,0.0,0.9917578124995217,0.49999999999975686
RipVIS-108_00024.jpg,0.49594859182074846,0.0,0.0,0.0,0.0,0.0,0.0,0.9918971836414969,0.4999999999997569
RipVIS-108_00030.jpg,0.49561680169729183,0.0,0.0,0.0,0.0,0.0,0.0,0.9912336033945837,0.49999999999975675
RipVIS-108_00036.jpg,0.4954229359565512,0.0,0.0,0.0,0.0,0.0,0.0,0.9908458719131024,0.49999999999975664
RipVIS-108_00042.jpg,0.4954101562497611,0.0,0.0,0.0,0.0,0.0,0.0,0.9908203124995222,0.49999999999975664
RipVIS-108_00048.jpg,0.4954622395830944,0.0,0.0,0.0,0.0,0.0,0.0,0.9909244791661888,0.49999999999975664
RipVIS-108_00054.jpg,0.4955037133485265,0.0,0.0,0.0,0.0,0.0,0.0,0.991007426697053,0.4999999999997567
RipVIS-108_00060.jpg,0.4956076388886499,0.0,0.0,0.0,0.0,0.0,0.0,0.9912152777772998,0.49999999999975675
RipVIS-108_00066.jpg,0.4957339891972918,0.0,0.0,0.0,0.0,0.0,0.0,0.9914679783945836,0.4999999999997568
RipVIS-108_00072.jpg,0.4957713638114893,0.0,0.0,0.0,0.0,0.0,0.0,0.9915427276229786,0.4999999999997568
RipVIS-108_00078.jpg,0.4952179783948229,0.0,0.0,0.0,0.0,0.0,0.0,0.9904359567896458,0.49999999999975653
RipVIS-108_00084.jpg,0.49523558063247725,0.0,0.0,0.0,0.0,0.0,0.0,0.9904711612649545,0.49999999999975653
RipVIS-108_00090.jpg,0.4952922453701315,0.0,0.0,0.0,0.0,0.0,0.0,0.990584490740263,0.4999999999997566
RipVIS-108_00096.jpg,0.4954000289349463,0.0,0.0,0.0,0.0,0.0,0.0,0.9908000578698926,0.49999999999975664
RipVIS-108_00102.jpg,0.4953831500769216,0.0,0.0,0.0,0.0,0.0,0.0,0.9907663001538431,0.49999999999975664
RipVIS-108_00108.jpg,0.49562210648124244,0.0,0.0,0.0,0.0,0.0,0.0,0.9912442129624849,0.49999999999975675
RipVIS-108_00114.jpg,0.4955601369596376,0.0,0.0,0.0,0.0,0.0,0.0,0.9911202739192752,0.4999999999997567
RipVIS-108_00120.jpg,0.4954528356479092,0.0,0.0,0.0,0.0,0.0,0.0,0.9909056712958184,0.49999999999975664
RipVIS-108_00126.jpg,0.4956187307096375,0.0,0.0,0.0,0.0,0.0,0.0,0.991237461419275,0.49999999999975675
RipVIS-108_00132.jpg,0.49540895061704504,0.0,0.0,0.0,0.0,0.0,0.0,0.9908179012340901,0.49999999999975664
RipVIS-108_00138.jpg,0.49541232638864996,0.0,0.0,0.0,0.0,0.0,0.0,0.9908246527772999,0.49999999999975664
RipVIS-108_00144.jpg,0.49513768325593405,0.0,0.0,0.0,0.0,0.0,0.0,0.9902753665118681,0.49999999999975653
RipVIS-108_00150.jpg,0.49508294753062543,0.0,0.0,0.0,0.0,0.0,0.0,0.9901658950612509,0.4999999999997565
RipVIS-108_00156.jpg,0.4951087480707489,0.0,0.0,0.0,0.0,0.0,0.0,0.9902174961414978,0.4999999999997565
RipVIS-108_00162.jpg,0.4950383391201316,0.0,0.0,0.0,0.0,0.0,0.0,0.9900766782402632,0.4999999999997565
RipVIS-108_00168.jpg,0.4950863233022304,0.0,0.0,0.0,0.0,0.0,0.0,0.9901726466044608,0.4999999999997565
RipVIS-108_00174.jpg,0.4959693287034645,0.0,0.0,0.0,0.0,0.0,0.0,0.991938657406929,0.4999999999997569
RipVIS-108_00180.jpg,0.4960706018516126,0.0,0.0,0.0,0.0,0.0,0.0,0.9921412037032252,0.49999999999975697
RipVIS-108_00186.jpg,0.4961376350306249,0.0,0.0,0.0,0.0,0.0,0.0,0.9922752700612498,0.49999999999975697
RipVIS-108_00192.jpg,0.4961930941355632,0.0,0.0,0.0,0.0,0.0,0.0,0.9923861882711263,0.499999999999757
RipVIS-108_00198.jpg,0.49635513117260016,0.0,0.0,0.0,0.0,0.0,0.0,0.9927102623452003,0.4999999999997571
RipVIS-108_00204.jpg,0.4965856481479087,0.0,0.0,0.0,0.0,0.0,0.0,0.9931712962958174,0.4999999999997572
RipVIS-108_00210.jpg,0.49659312307074815,0.0,0.0,0.0,0.0,0.0,0.0,0.9931862461414963,0.4999999999997572
RipVIS-108_00216.jpg,0.49661988811704444,0.0,0.0,0.0,0.0,0.0,0.0,0.9932397762340889,0.49999999999975725
RipVIS-108_00222.jpg,0.4968684895830937,0.0,0.0,0.0,0.0,0.0,0.0,0.9937369791661874,0.49999999999975736
RipVIS-108_00228.jpg,0.49686535493803197,0.0,0.0,0.0,0.0,0.0,0.0,0.9937307098760639,0.49999999999975736
RipVIS-108_00234.jpg,0.4945968364195146,0.0,0.0,0.0,0.0,0.0,0.0,0.9891936728390291,0.49999999999975625
RipVIS-108_00240.jpg,0.4945975597991442,0.0,0.0,0.0,0.0,0.0,0.0,0.9891951195982884,0.49999999999975625
RipVIS-108_00246.jpg,0.4948297646602552,0.0,0.0,0.0,0.0,0.0,0.0,0.9896595293205104,0.49999999999975636
RipVIS-108_00252.jpg,0.49494743441334155,0.0,0.0,0.0,0.0,0.0,0.0,0.9898948688266831,0.4999999999997564
RipVIS-108_00258.jpg,0.4948206018516132,0.0,0.0,0.0,0.0,0.0,0.0,0.9896412037032264,0.49999999999975636
RipVIS-108_00264.jpg,0.4954034047065512,0.0,0.0,0.0,0.0,0.0,0.0,0.9908068094131024,0.49999999999975664
RipVIS-108_00270.jpg,0.49513816550902046,0.0,0.0,0.0,0.0,0.0,0.0,0.9902763310180409,0.49999999999975653
RipVIS-108_00276.jpg,0.4950494309411193,0.0,0.0,0.0,0.0,0.0,0.0,0.9900988618822386,0.4999999999997565
RipVIS-108_00282.jpg,0.4955480806324771,0.0,0.0,0.0,0.0,0.0,0.0,0.9910961612649541,0.4999999999997567
RipVIS-108_00288.jpg,0.4956857638886498,0.0,0.0,0.0,0.0,0.0,0.0,0.9913715277772996,0.49999999999975675
RipVIS-108_00294.jpg,0.49557243441334126,0.0,0.0,0.0,0.0,0.0,0.0,0.9911448688266825,0.4999999999997567
RipVIS-108_00300.jpg,0.4959592013886497,0.0,0.0,0.0,0.0,0.0,0.0,0.9919184027772994,0.4999999999997569
RipVIS-108_00306.jpg,0.49591362847198306,0.0,0.0,0.0,0.0,0.0,0.0,0.9918272569439661,0.49999999999975686
RipVIS-108_00312.jpg,0.4959538966046991,0.0,0.0,0.0,0.0,0.0,0.0,0.9919077932093981,0.4999999999997569
RipVIS-108_00318.jpg,0.6882834252248656,0.38204638469947905,0.5528705677741108,0.46838830531421766,0.6745351189252784,0.49888124046916643,0.04735062005429802,0.9945389660489031,0.7333737132724728
RipVIS-108_00324.jpg,0.6665219136559489,0.3388922302838377,0.5062277943191804,0.43604896577768054,0.6033291150975052,0.4616484678752849,0.04421562687940169,0.9941690779316193,0.7170351103280387
RipVIS-108_00330.jpg,0.6808160788154788,0.3672547097698326,0.537214766415626,0.48399827780683136,0.6035794182905074,0.5039674830765553,0.04721274173856293,0.9943957368822365,0.7409237207767218
RipVIS-108_00336.jpg,0.7433922886962162,0.4913036366342455,0.6588914887153081,0.619057433318284,0.704204438832119,0.6343987609124191,0.06013001081794962,0.9955005787032236,0.8086096007973639
RipVIS-108_00342.jpg,0.716335947208645,0.4377512192273031,0.6089387557084677,0.6514595628767379,0.5716285253991442,0.6337580112040471,0.03927068722601103,0.9949406828698906,0.8242448673501472
RipVIS-108_00348.jpg,0.7058923415231768,0.41654812704975414,0.588117154787108,0.521635864282518,0.6740193727175583,0.5463393398529206,0.057089667993456515,0.9952527006168039,0.7599929829995318
RipVIS-108_00354.jpg,0.7382333128609254,0.480885197378491,0.6494564173235966,0.53680066040917,0.8219564371040493,0.5768233431597336,0.08467107331297731,0.9955994405859396,0.7679554490587988
RipVIS-108_00360.jpg,0.6959079881873538,0.3975474482065055,0.5689215757456885,0.4302786650275207,0.8393854747701562,0.47675128142543327,0.07038759687739919,0.9942901234563106,0.714775663774628
RipVIS-108_00366.jpg,0.8300989695377612,0.662732198099669,0.7971604794291027,0.7754716980546814,0.8200973740266504,0.7840040287506295,0.08809891805622909,0.9974782986106301,0.8871888545844064
RipVIS-108_00372.jpg,0.6912587946929241,0.3884056513455475,0.5594988049337474,0.40722192934068413,0.8936834797670425,0.45697080119256067,0.10206760744927221,0.9941338734563107,0.703387323430557
RipVIS-108_00378.jpg,0.49556761188247705,0.0,0.0,0.0,0.0,0.0,0.0,0.9911352237649541,0.4999999999997567
RipVIS-108_00384.jpg,0.4956838348763042,0.0,0.0,0.0,0.0,0.0,0.0,0.9913676697526084,0.49999999999975675
RipVIS-108_00390.jpg,0.49643928433618034,0.0,0.0,0.0,0.0,0.0,0.0,0.9928785686723607,0.49999999999975714
RipVIS-108_00396.jpg,0.49646436149667417,0.0,0.0,0.0,0.0,0.0,0.0,0.9929287229933483,0.49999999999975714
RipVIS-108_00402.jpg,0.4964605034719828,0.0,0.0,0.0,0.0,0.0,0.0,0.9929210069439656,0.49999999999975714
RipVIS-108_00408.jpg,0.49648533950593343,0.0,0.0,0.0,0.0,0.0,0.0,0.9929706790118669,0.49999999999975714
RipVIS-108_00414.jpg,0.49656442901210623,0.0,0.0,0.0,0.0,0.0,0.0,0.9931288580242125,0.4999999999997572
RipVIS-108_00420.jpg,0.4966059027775383,0.0,0.0,0.0,0.0,0.0,0.0,0.9932118055550766,0.49999999999975725
RipVIS-108_00426.jpg,0.4966138599534642,0.0,0.0,0.0,0.0,0.0,0.0,0.9932277199069284,0.49999999999975725
RipVIS-108_00432.jpg,0.4966878858022296,0.0,0.0,0.0,0.0,0.0,0.0,0.9933757716044592,0.49999999999975725
RipVIS-108_00438.jpg,0.4968219521602542,0.0,0.0,0.0,0.0,0.0,0.0,0.9936439043205084,0.4999999999997573
RipVIS-108_00444.jpg,0.6648987574630316,0.3342688543225195,0.5010517231810014,0.39599317984688887,0.6819850241253875,0.43224581712605387,0.06442861984929514,0.9955386766970508,0.697471338573699
RipVIS-108_00450.jpg,0.4970869502312418,0.0,0.0,0.0,0.0,0.0,0.0,0.9941739004624836,0.49999999999975747
RipVIS-108_00456.jpg,0.4972024498454392,0.0,0.0,0.0,0.0,0.0,0.0,0.9944048996908784,0.4999999999997575
RipVIS-108_00462.jpg,0.4972759934411182,0.0,0.0,0.0,0.0,0.0,0.0,0.9945519868822364,0.4999999999997575
RipVIS-108_00468.jpg,0.49753375771580943,0.0,0.0,0.0,0.0,0.0,0.0,0.9950675154316189,0.4999999999997577
RipVIS-108_00474.jpg,0.497547019675686,0.0,0.0,0.0,0.0,0.0,0.0,0.995094039351372,0.4999999999997577
RipVIS-108_00480.jpg,0.49761525848741434,0.0,0.0,0.0,0.0,0.0,0.0,0.9952305169748287,0.4999999999997577
RipVIS-108_00486.jpg,0.4976191165121057,0.0,0.0,0.0,0.0,0.0,0.0,0.9952382330242114,0.4999999999997577
RipVIS-108_00492.jpg,0.49774377893494515,0.0,0.0,0.0,0.0,0.0,0.0,0.9954875578698903,0.4999999999997578
RipVIS-108_00498.jpg,0.4977387152775377,0.0,0.0,0.0,0.0,0.0,0.0,0.9954774305550754,0.49999999999975775
RipVIS-108_00504.jpg,0.4979212480707475,0.0,0.0,0.0,0.0,0.0,0.0,0.995842496141495,0.49999999999975786
RipVIS-108_00510.jpg,0.4979371624225994,0.0,0.0,0.0,0.0,0.0,0.0,0.9958743248451988,0.49999999999975786
RipVIS-108_00516.jpg,0.4980273437497598,0.0,0.0,0.0,0.0,0.0,0.0,0.9960546874995196,0.4999999999997579
RipVIS-108_00522.jpg,0.49720558449050095,0.0,0.0,0.0,0.0,0.0,0.0,0.9944111689810019,0.4999999999997575
RipVIS-108_00528.jpg,0.497818287036797,0.0,0.0,0.0,0.0,0.0,0.0,0.995636574073594,0.4999999999997578
RipVIS-108_00534.jpg,0.49781539351827847,0.0,0.0,0.0,0.0,0.0,0.0,0.9956307870365569,0.4999999999997578
RipVIS-108_00540.jpg,0.49778067129605624,0.0,0.0,0.0,0.0,0.0,0.0,0.9955613425921125,0.4999999999997578
RipVIS-108_00546.jpg,0.49784047067877224,0.0,0.0,0.0,0.0,0.0,0.0,0.9956809413575445,0.4999999999997578
RipVIS-108_00552.jpg,0.49790485146580926,0.0,0.0,0.0,0.0,0.0,0.0,0.9958097029316185,0.49999999999975786
RipVIS-108_00558.jpg,0.4984671585645744,0.0,0.0,0.0,0.0,0.0,0.0,0.9969343171291488,0.49999999999975814
RipVIS-108_00564.jpg,0.49830488040099424,0.0,0.0,0.0,0.0,0.0,0.0,0.9966097608019885,0.499999999999758
RipVIS-108_00570.jpg,0.49838204089482135,0.0,0.0,0.0,0.0,0.0,0.0,0.9967640817896427,0.4999999999997581
RipVIS-108_00576.jpg,0.4980842496139573,0.0,0.0,0.0,0.0,0.0,0.0,0.9961684992279146,0.49999999999975797
RipVIS-108_00582.jpg,0.4984010898917349,0.0,0.0,0.0,0.0,0.0,0.0,0.9968021797834699,0.4999999999997581
RipVIS-108_00588.jpg,0.4984211033948214,0.0,0.0,0.0,0.0,0.0,0.0,0.9968422067896427,0.4999999999997581
RipVIS-108_00594.jpg,0.49842664930531516,0.0,0.0,0.0,0.0,0.0,0.0,0.9968532986106303,0.49999999999975814
RipVIS-108_00600.jpg,0.498268952546056,0.0,0.0,0.0,0.0,0.0,0.0,0.996537905092112,0.499999999999758
RipVIS-108_00606.jpg,0.498496576002846,0.0,0.0,0.0,0.0,0.0,0.0,0.996993152005692,0.49999999999975814
RipVIS-108_00612.jpg,0.49850043402753735,0.0,0.0,0.0,0.0,0.0,0.0,0.9970008680550747,0.49999999999975814
RipVIS-108_00618.jpg,0.4983060860337103,0.0,0.0,0.0,0.0,0.0,0.0,0.9966121720674206,0.499999999999758
RipVIS-108_00624.jpg,0.49847029320963615,0.0,0.0,0.0,0.0,0.0,0.0,0.9969405864192723,0.49999999999975814
RipVIS-108_00630.jpg,0.49834201388864857,0.0,0.0,0.0,0.0,0.0,0.0,0.9966840277772971,0.4999999999997581
RipVIS-108_00636.jpg,0.4983559992281547,0.0,0.0,0.0,0.0,0.0,0.0,0.9967119984563094,0.4999999999997581
RipVIS-108_00642.jpg,0.49787229938247596,0.0,0.0,0.0,0.0,0.0,0.0,0.9957445987649519,0.49999999999975786
RipVIS-108_00648.jpg,0.49784529320963644,0.0,0.0,0.0,0.0,0.0,0.0,0.9956905864192729,0.4999999999997578
RipVIS-108_00654.jpg,0.497799961419513,0.0,0.0,0.0,0.0,0.0,0.0,0.995599922839026,0.4999999999997578
RipVIS-108_00660.jpg,0.4977741608793896,0.0,0.0,0.0,0.0,0.0,0.0,0.9955483217587792,0.4999999999997578
RipVIS-108_00666.jpg,0.4977536651232167,0.0,0.0,0.0,0.0,0.0,0.0,0.9955073302464335,0.4999999999997578
RipVIS-108_00672.jpg,0.4978308256170439,0.0,0.0,0.0,0.0,0.0,0.0,0.9956616512340878,0.4999999999997578
RipVIS-108_00678.jpg,0.4978308256170439,0.0,0.0,0.0,0.0,0.0,0.0,0.9956616512340878,0.4999999999997578
RipVIS-108_00684.jpg,0.49783058449050066,0.0,0.0,0.0,0.0,0.0,0.0,0.9956611689810013,0.4999999999997578
RipVIS-108_00690.jpg,0.4977302758485254,0.0,0.0,0.0,0.0,0.0,0.0,0.9954605516970508,0.49999999999975775
RipVIS-108_00696.jpg,0.4977302758485254,0.0,0.0,0.0,0.0,0.0,0.0,0.9954605516970508,0.49999999999975775
RipVIS-108_00702.jpg,0.4977281057096365,0.0,0.0,0.0,0.0,0.0,0.0,0.995456211419273,0.49999999999975775
RipVIS-108_00708.jpg,0.4977281057096365,0.0,0.0,0.0,0.0,0.0,0.0,0.995456211419273,0.49999999999975775
RipVIS-108_00714.jpg,0.49771677276210563,0.0,0.0,0.0,0.0,0.0,0.0,0.9954335455242113,0.49999999999975775
RipVIS-108_00720.jpg,0.4977201485337106,0.0,0.0,0.0,0.0,0.0,0.0,0.9954402970674212,0.49999999999975775
RipVIS-108_00726.jpg,0.4976410590275378,0.0,0.0,0.0,0.0,0.0,0.0,0.9952821180550756,0.49999999999975775
RipVIS-108_00732.jpg,0.4977531828701303,0.0,0.0,0.0,0.0,0.0,0.0,0.9955063657402606,0.4999999999997578
RipVIS-108_00738.jpg,0.4977524594905007,0.0,0.0,0.0,0.0,0.0,0.0,0.9955049189810014,0.4999999999997578
RipVIS-108_00744.jpg,0.49771701388864886,0.0,0.0,0.0,0.0,0.0,0.0,0.9954340277772977,0.49999999999975775
RipVIS-108_00750.jpg,0.4977182195213649,0.0,0.0,0.0,0.0,0.0,0.0,0.9954364390427298,0.49999999999975775
RipVIS-108_00756.jpg,0.4977158082559328,0.0,0.0,0.0,0.0,0.0,0.0,0.9954316165118656,0.49999999999975775
RipVIS-108_00762.jpg,0.49771701388864886,0.0,0.0,0.0,0.0,0.0,0.0,0.9954340277772977,0.49999999999975775
RipVIS-108_00768.jpg,0.49771846064790815,0.0,0.0,0.0,0.0,0.0,0.0,0.9954369212958163,0.49999999999975775
RipVIS-108_00774.jpg,0.4978421585645747,0.0,0.0,0.0,0.0,0.0,0.0,0.9956843171291494,0.4999999999997578
RipVIS-108_00780.jpg,0.49783757716025373,0.0,0.0,0.0,0.0,0.0,0.0,0.9956751543205075,0.4999999999997578
RipVIS-108_00786.jpg,0.4976678240738341,0.0,0.0,0.0,0.0,0.0,0.0,0.9953356481476682,0.49999999999975775
RipVIS-108_00792.jpg,0.4976678240738341,0.0,0.0,0.0,0.0,0.0,0.0,0.9953356481476682,0.49999999999975775
RipVIS-108_00798.jpg,0.49770158178988344,0.0,0.0,0.0,0.0,0.0,0.0,0.9954031635797669,0.49999999999975775
RipVIS-108_00804.jpg,0.4976984471448217,0.0,0.0,0.0,0.0,0.0,0.0,0.9953968942896434,0.49999999999975775
RipVIS-108_00810.jpg,0.4975634162806242,0.0,0.0,0.0,0.0,0.0,0.0,0.9951268325612485,0.4999999999997577
RipVIS-108_00816.jpg,0.4975634162806242,0.0,0.0,0.0,0.0,0.0,0.0,0.9951268325612485,0.4999999999997577
RipVIS-108_00822.jpg,0.4974727527003774,0.0,0.0,0.0,0.0,0.0,0.0,0.9949455054007548,0.49999999999975764
RipVIS-108_00828.jpg,0.49639322916642725,0.0,0.0,0.0,0.0,0.0,0.0,0.9927864583328545,0.49999999999975714
RipVIS-108_00834.jpg,0.4963705632713656,0.0,0.0,0.0,0.0,0.0,0.0,0.9927411265427312,0.4999999999997571
RipVIS-108_00840.jpg,0.49640094521580996,0.0,0.0,0.0,0.0,0.0,0.0,0.9928018904316199,0.49999999999975714
RipVIS-108_00846.jpg,0.49641300154297047,0.0,0.0,0.0,0.0,0.0,0.0,0.9928260030859409,0.49999999999975714
RipVIS-108_00852.jpg,0.496391782407168,0.0,0.0,0.0,0.0,0.0,0.0,0.992783564814336,0.49999999999975714
RipVIS-108_00858.jpg,0.49639732831766187,0.0,0.0,0.0,0.0,0.0,0.0,0.9927946566353237,0.49999999999975714
RipVIS-108_00864.jpg,0.49631606867260014,0.0,0.0,0.0,0.0,0.0,0.0,0.9926321373452003,0.4999999999997571
RipVIS-108_00870.jpg,0.49639756944420504,0.0,0.0,0.0,0.0,0.0,0.0,0.9927951388884101,0.49999999999975714
RipVIS-108_00876.jpg,0.49635489004605693,0.0,0.0,0.0,0.0,0.0,0.0,0.9927097800921139,0.4999999999997571
RipVIS-108_00882.jpg,0.49644796489173587,0.0,0.0,0.0,0.0,0.0,0.0,0.9928959297834717,0.49999999999975714
RipVIS-108_00888.jpg,0.4963845486108717,0.0,0.0,0.0,0.0,0.0,0.0,0.9927690972217434,0.49999999999975714
RipVIS-108_00894.jpg,0.4964330150460569,0.0,0.0,0.0,0.0,0.0,0.0,0.9928660300921138,0.49999999999975714
RipVIS-108_00900.jpg,0.49640046296272355,0.0,0.0,0.0,0.0,0.0,0.0,0.9928009259254471,0.49999999999975714
RipVIS-108_00906.jpg,0.49625916280840265,0.0,0.0,0.0,0.0,0.0,0.0,0.9925183256168053,0.499999999999757
RipVIS-108_00912.jpg,0.49626687885778537,0.0,0.0,0.0,0.0,0.0,0.0,0.9925337577155707,0.4999999999997571
RipVIS-108_00918.jpg,0.4962745949071681,0.0,0.0,0.0,0.0,0.0,0.0,0.9925491898143362,0.4999999999997571
RipVIS-108_00924.jpg,0.4968578800151925,0.0,0.0,0.0,0.0,0.0,0.0,0.993715760030385,0.49999999999975736
RipVIS-108_00930.jpg,0.49634066358000756,0.0,0.0,0.0,0.0,0.0,0.0,0.9926813271600151,0.4999999999997571
RipVIS-108_00936.jpg,0.4964626736108717,0.0,0.0,0.0,0.0,0.0,0.0,0.9929253472217434,0.49999999999975714
RipVIS-108_00942.jpg,0.496480275848526,0.0,0.0,0.0,0.0,0.0,0.0,0.992960551697052,0.49999999999975714
RipVIS-108_00948.jpg,0.49648099922815564,0.0,0.0,0.0,0.0,0.0,0.0,0.9929619984563113,0.49999999999975714
RipVIS-108_00954.jpg,0.4966606385028469,0.0,0.0,0.0,0.0,0.0,0.0,0.9933212770056938,0.49999999999975725
RipVIS-108_00960.jpg,0.4964793113423532,0.0,0.0,0.0,0.0,0.0,0.0,0.9929586226847064,0.49999999999975714
RipVIS-108_00966.jpg,0.4965224729935877,0.0,0.0,0.0,0.0,0.0,0.0,0.9930449459871754,0.4999999999997572
RipVIS-108_00972.jpg,0.49650824652753833,0.0,0.0,0.0,0.0,0.0,0.0,0.9930164930550767,0.4999999999997572
RipVIS-108_00978.jpg,0.49653766396580995,0.0,0.0,0.0,0.0,0.0,0.0,0.9930753279316199,0.4999999999997572
RipVIS-108_00984.jpg,0.49660325038556297,0.0,0.0,0.0,0.0,0.0,0.0,0.9932065007711259,0.49999999999975725
RipVIS-108_00990.jpg,0.4965393518516124,0.0,0.0,0.0,0.0,0.0,0.0,0.9930787037032248,0.4999999999997572
RipVIS-108_00996.jpg,0.49659215856457534,0.0,0.0,0.0,0.0,0.0,0.0,0.9931843171291507,0.4999999999997572
RipVIS-108_01002.jpg,0.4961906828701311,0.0,0.0,0.0,0.0,0.0,0.0,0.9923813657402621,0.499999999999757
RipVIS-108_01008.jpg,0.49619212962939035,0.0,0.0,0.0,0.0,0.0,0.0,0.9923842592587807,0.499999999999757
RipVIS-108_01014.jpg,0.4959321952158102,0.0,0.0,0.0,0.0,0.0,0.0,0.9918643904316204,0.4999999999997569
RipVIS-108_01020.jpg,0.4960057388114892,0.0,0.0,0.0,0.0,0.0,0.0,0.9920114776229784,0.4999999999997569
RipVIS-108_01026.jpg,0.4960575810182793,0.0,0.0,0.0,0.0,0.0,0.0,0.9921151620365586,0.49999999999975697
RipVIS-108_01032.jpg,0.4959348476077855,0.0,0.0,0.0,0.0,0.0,0.0,0.991869695215571,0.4999999999997569
RipVIS-108_01038.jpg,0.4959488329472917,0.0,0.0,0.0,0.0,0.0,0.0,0.9918976658945834,0.4999999999997569
RipVIS-108_01044.jpg,0.4962234760800076,0.0,0.0,0.0,0.0,0.0,0.0,0.9924469521600152,0.499999999999757
RipVIS-108_01050.jpg,0.49595534336395836,0.0,0.0,0.0,0.0,0.0,0.0,0.9919106867279167,0.4999999999997569
RipVIS-108_01056.jpg,0.49558521412013135,0.0,0.0,0.0,0.0,0.0,0.0,0.9911704282402627,0.49999999999975675
RipVIS-108_01062.jpg,0.49557195216025485,0.0,0.0,0.0,0.0,0.0,0.0,0.9911439043205097,0.4999999999997567
RipVIS-108_01068.jpg,0.4959268904318596,0.0,0.0,0.0,0.0,0.0,0.0,0.9918537808637192,0.4999999999997569
RipVIS-108_01074.jpg,0.49590543016951394,0.0,0.0,0.0,0.0,0.0,0.0,0.9918108603390279,0.49999999999975686
RipVIS-108_01080.jpg,0.49602912808618055,0.0,0.0,0.0,0.0,0.0,0.0,0.9920582561723611,0.4999999999997569
RipVIS-108_01086.jpg,0.4962360146602545,0.0,0.0,0.0,0.0,0.0,0.0,0.992472029320509,0.499999999999757
RipVIS-108_01092.jpg,0.49622371720655084,0.0,0.0,0.0,0.0,0.0,0.0,0.9924474344131017,0.499999999999757
RipVIS-108_01098.jpg,0.49547164351827955,0.0,0.0,0.0,0.0,0.0,0.0,0.9909432870365591,0.4999999999997567
RipVIS-108_01104.jpg,0.49540461033926725,0.0,0.0,0.0,0.0,0.0,0.0,0.9908092206785345,0.49999999999975664
RipVIS-108_01110.jpg,0.49626060956766194,0.0,0.0,0.0,0.0,0.0,0.0,0.9925212191353239,0.499999999999757
RipVIS-108_01116.jpg,0.4954877989966746,0.0,0.0,0.0,0.0,0.0,0.0,0.9909755979933492,0.4999999999997567
RipVIS-108_01122.jpg,0.4963888888886495,0.0,0.0,0.0,0.0,0.0,0.0,0.992777777777299,0.49999999999975714
RipVIS-108_01128.jpg,0.49671826774667405,0.0,0.0,0.0,0.0,0.0,0.0,0.9934365354933481,0.4999999999997573
RipVIS-108_01134.jpg,0.4959818672837114,0.0,0.0,0.0,0.0,0.0,0.0,0.9919637345674228,0.4999999999997569
RipVIS-108_01140.jpg,0.4947224633485269,0.0,0.0,0.0,0.0,0.0,0.0,0.9894449266970538,0.4999999999997563
RipVIS-108_01146.jpg,0.49349247685161385,0.0,0.0,0.0,0.0,0.0,0.0,0.9869849537032277,0.4999999999997557
RipVIS-108_01152.jpg,0.49323953510778684,0.0,0.0,0.0,0.0,0.0,0.0,0.9864790702155737,0.4999999999997556
RipVIS-108_01158.jpg,0.49331524884235467,0.0,0.0,0.0,0.0,0.0,0.0,0.9866304976847093,0.4999999999997556
RipVIS-108_01164.jpg,0.4932378472219844,0.0,0.0,0.0,0.0,0.0,0.0,0.9864756944439688,0.4999999999997556
RipVIS-108_01170.jpg,0.49331476658926826,0.0,0.0,0.0,0.0,0.0,0.0,0.9866295331785365,0.4999999999997556
RipVIS-108_01176.jpg,0.4932139756942066,0.0,0.0,0.0,0.0,0.0,0.0,0.9864279513884132,0.49999999999975553
RipVIS-108_01182.jpg,0.49358651620346566,0.0,0.0,0.0,0.0,0.0,0.0,0.9871730324069313,0.49999999999975575
RipVIS-108_01188.jpg,0.4935894097219842,0.0,0.0,0.0,0.0,0.0,0.0,0.9871788194439683,0.49999999999975575
RipVIS-108_01194.jpg,0.49388117283926797,0.0,0.0,0.0,0.0,0.0,0.0,0.9877623456785359,0.49999999999975586
RipVIS-108_01200.jpg,0.4934022955244534,0.0,0.0,0.0,0.0,0.0,0.0,0.9868045910489068,0.49999999999975564
RipVIS-108_01206.jpg,0.4911316068670471,0.0,0.0,0.0,0.0,0.0,0.0,0.9822632137340942,0.49999999999975453
RipVIS-108_01212.jpg,0.4934587191355645,0.0,0.0,0.0,0.0,0.0,0.0,0.986917438271129,0.4999999999997557
RipVIS-108_01218.jpg,0.4935042920522311,0.0,0.0,0.0,0.0,0.0,0.0,0.9870085841044622,0.4999999999997557
RipVIS-108_01224.jpg,0.49369719328679895,0.0,0.0,0.0,0.0,0.0,0.0,0.9873943865735979,0.4999999999997558
RipVIS-108_01230.jpg,0.49367259837939154,0.0,0.0,0.0,0.0,0.0,0.0,0.9873451967587831,0.4999999999997558
RipVIS-108_01236.jpg,0.4934247202929719,0.0,0.0,0.0,0.0,0.0,0.0,0.9868494405859438,0.49999999999975564
RipVIS-108_01242.jpg,0.49225429205223176,0.0,0.0,0.0,0.0,0.0,0.0,0.9845085841044635,0.4999999999997551
RipVIS-108_01248.jpg,0.4936762152775397,0.0,0.0,0.0,0.0,0.0,0.0,0.9873524305550794,0.4999999999997558
RipVIS-108_01254.jpg,0.4939682195213667,0.0,0.0,0.0,0.0,0.0,0.0,0.9879364390427334,0.4999999999997559
RipVIS-108_01260.jpg,0.4942443094133419,0.0,0.0,0.0,0.0,0.0,0.0,0.9884886188266838,0.4999999999997561
RipVIS-108_01266.jpg,0.49301335841025606,0.0,0.0,0.0,0.0,0.0,0.0,0.9860267168205121,0.4999999999997555
RipVIS-108_01272.jpg,0.49303168402754,0.0,0.0,0.0,0.0,0.0,0.0,0.98606336805508,0.4999999999997555
RipVIS-108_01278.jpg,0.49293957368803387,0.0,0.0,0.0,0.0,0.0,0.0,0.9858791473760677,0.4999999999997554
RipVIS-108_01284.jpg,0.4930613425923548,0.0,0.0,0.0,0.0,0.0,0.0,0.9861226851847096,0.4999999999997555
RipVIS-108_01290.jpg,0.4931860050151943,0.0,0.0,0.0,0.0,0.0,0.0,0.9863720100303885,0.49999999999975553
RipVIS-108_01296.jpg,0.49275800540099696,0.0,0.0,0.0,0.0,0.0,0.0,0.9855160108019939,0.4999999999997553
RipVIS-108_01302.jpg,0.49302059220655237,0.0,0.0,0.0,0.0,0.0,0.0,0.9860411844131047,0.4999999999997555
RipVIS-108_01308.jpg,0.49311583719112023,0.0,0.0,0.0,0.0,0.0,0.0,0.9862316743822405,0.49999999999975553
RipVIS-108_01314.jpg,0.4923791956016144,0.0,0.0,0.0,0.0,0.0,0.0,0.9847583912032288,0.49999999999975514
RipVIS-108_01320.jpg,0.4923073398917379,0.0,0.0,0.0,0.0,0.0,0.0,0.9846146797834758,0.4999999999997551
RipVIS-108_01326.jpg,0.4939954668207494,0.0,0.0,0.0,0.0,0.0,0.0,0.9879909336414988,0.4999999999997559
RipVIS-108_01332.jpg,0.4930560378084042,0.0,0.0,0.0,0.0,0.0,0.0,0.9861120756168084,0.4999999999997555
RipVIS-108_01338.jpg,0.49387924382692233,0.0,0.0,0.0,0.0,0.0,0.0,0.9877584876538447,0.49999999999975586
RipVIS-108_01344.jpg,0.4929762249226018,0.0,0.0,0.0,0.0,0.0,0.0,0.9859524498452036,0.4999999999997554
RipVIS-108_01350.jpg,0.4928966531633425,0.0,0.0,0.0,0.0,0.0,0.0,0.985793306326685,0.4999999999997554
RipVIS-108_01356.jpg,0.49255135995346616,0.0,0.0,0.0,0.0,0.0,0.0,0.9851027199069323,0.49999999999975525
RipVIS-108_01362.jpg,0.49257137345655255,0.0,0.0,0.0,0.0,0.0,0.0,0.9851427469131051,0.49999999999975525
RipVIS-108_01368.jpg,0.49255425347198467,0.0,0.0,0.0,0.0,0.0,0.0,0.9851085069439693,0.49999999999975525
RipVIS-108_01374.jpg,0.4928332368824784,0.0,0.0,0.0,0.0,0.0,0.0,0.9856664737649568,0.49999999999975536
RipVIS-108_01380.jpg,0.49273341049358954,0.0,0.0,0.0,0.0,0.0,0.0,0.9854668209871791,0.4999999999997553
RipVIS-108_01386.jpg,0.4927973090275401,0.0,0.0,0.0,0.0,0.0,0.0,0.9855946180550802,0.49999999999975536
RipVIS-108_01392.jpg,0.4928380594133426,0.0,0.0,0.0,0.0,0.0,0.0,0.9856761188266852,0.49999999999975536
RipVIS-108_01398.jpg,0.49265817901210807,0.0,0.0,0.0,0.0,0.0,0.0,0.9853163580242161,0.49999999999975525
RipVIS-108_01404.jpg,0.4928055073300093,0.0,0.0,0.0,0.0,0.0,0.0,0.9856110146600185,0.49999999999975536
RipVIS-108_01410.jpg,0.49275125385778706,0.0,0.0,0.0,0.0,0.0,0.0,0.9855025077155741,0.4999999999997553
RipVIS-108_01416.jpg,0.4929195601849475,0.0,0.0,0.0,0.0,0.0,0.0,0.985839120369895,0.4999999999997554
RipVIS-108_01422.jpg,0.49302517361087334,0.0,0.0,0.0,0.0,0.0,0.0,0.9860503472217467,0.4999999999997555
RipVIS-108_01428.jpg,0.49324098186704607,0.0,0.0,0.0,0.0,0.0,0.0,0.9864819637340921,0.4999999999997556
RipVIS-108_01434.jpg,0.4932378472219844,0.0,0.0,0.0,0.0,0.0,0.0,0.9864756944439688,0.4999999999997556
RipVIS-108_01440.jpg,0.49107084297815823,0.0,0.0,0.0,0.0,0.0,0.0,0.9821416859563165,0.4999999999997545
RipVIS-108_01446.jpg,0.49413941936704564,0.0,0.0,0.0,0.0,0.0,0.0,0.9882788387340913,0.49999999999975603
RipVIS-108_01452.jpg,0.4941825810182802,0.0,0.0,0.0,0.0,0.0,0.0,0.9883651620365604,0.49999999999975603
RipVIS-108_01458.jpg,0.4942418981479098,0.0,0.0,0.0,0.0,0.0,0.0,0.9884837962958196,0.4999999999997561
RipVIS-108_01464.jpg,0.4942862654318604,0.0,0.0,0.0,0.0,0.0,0.0,0.9885725308637208,0.4999999999997561
RipVIS-108_01470.jpg,0.49100188078680024,0.0,0.0,0.0,0.0,0.0,0.0,0.9820037615736005,0.4999999999997545
RipVIS-108_01476.jpg,0.4915374228392691,0.0,0.0,0.0,0.0,0.0,0.0,0.9830748456785382,0.4999999999997547
RipVIS-108_01482.jpg,0.49166232638865176,0.0,0.0,0.0,0.0,0.0,0.0,0.9833246527773035,0.4999999999997548
RipVIS-108_01488.jpg,0.49198760609544173,0.0,0.0,0.0,0.0,0.0,0.0,0.9839752121908835,0.4999999999997549
RipVIS-108_01494.jpg,0.49194540895038,0.0,0.0,0.0,0.0,0.0,0.0,0.98389081790076,0.4999999999997549
RipVIS-108_01500.jpg,0.4920527102621084,0.0,0.0,0.0,0.0,0.0,0.0,0.9841054205242168,0.499999999999755
RipVIS-108_01506.jpg,0.4917766203701332,0.0,0.0,0.0,0.0,0.0,0.0,0.9835532407402664,0.49999999999975486
RipVIS-108_01512.jpg,0.49200882523124423,0.0,0.0,0.0,0.0,0.0,0.0,0.9840176504624885,0.499999999999755
RipVIS-108_01518.jpg,0.49177782600284925,0.0,0.0,0.0,0.0,0.0,0.0,0.9835556520056985,0.49999999999975486
RipVIS-108_01524.jpg,0.49176745756149126,0.0,0.0,0.0,0.0,0.0,0.0,0.9835349151229825,0.4999999999997548
RipVIS-108_01530.jpg,0.4917566068670468,0.0,0.0,0.0,0.0,0.0,0.0,0.9835132137340936,0.4999999999997548
RipVIS-108_01536.jpg,0.48974151234544283,0.0,0.0,0.0,0.0,0.0,0.0,0.9794830246908857,0.4999999999997538
RipVIS-108_01542.jpg,0.49105806327136814,0.0,0.0,0.0,0.0,0.0,0.0,0.9821161265427363,0.4999999999997545
RipVIS-108_01548.jpg,0.49198495370346645,0.0,0.0,0.0,0.0,0.0,0.0,0.9839699074069329,0.4999999999997549
RipVIS-108_01554.jpg,0.4898943865738378,0.0,0.0,0.0,0.0,0.0,0.0,0.9797887731476757,0.4999999999997539
RipVIS-108_01560.jpg,0.4910744598763064,0.0,0.0,0.0,0.0,0.0,0.0,0.9821489197526128,0.4999999999997545
RipVIS-108_01566.jpg,0.49126326195963965,0.0,0.0,0.0,0.0,0.0,0.0,0.9825265239192793,0.4999999999997546
RipVIS-108_01572.jpg,0.4925812596448242,0.0,0.0,0.0,0.0,0.0,0.0,0.9851625192896484,0.49999999999975525
RipVIS-108_01578.jpg,0.4898148148145786,0.0,0.0,0.0,0.0,0.0,0.0,0.9796296296291572,0.49999999999975386
RipVIS-108_01584.jpg,0.49139781057075066,0.0,0.0,0.0,0.0,0.0,0.0,0.9827956211415013,0.49999999999975464
RipVIS-108_01590.jpg,0.4916553337188987,0.0,0.0,0.0,0.0,0.0,0.0,0.9833106674377974,0.49999999999975475
RipVIS-108_01596.jpg,0.4899158468361835,0.0,0.0,0.0,0.0,0.0,0.0,0.979831693672367,0.4999999999997539
RipVIS-108_01602.jpg,0.4934582368824781,0.0,0.0,0.0,0.0,0.0,0.0,0.9869164737649562,0.4999999999997557
RipVIS-108_01608.jpg,0.4915738329472938,0.0,0.0,0.0,0.0,0.0,0.0,0.9831476658945876,0.49999999999975475
RipVIS-108_01614.jpg,0.4931792534719844,0.0,0.0,0.0,0.0,0.0,0.0,0.9863585069439688,0.49999999999975553
RipVIS-108_01620.jpg,0.492952353394824,0.0,0.0,0.0,0.0,0.0,0.0,0.985904706789648,0.4999999999997554
RipVIS-108_01626.jpg,0.4929296874997623,0.0,0.0,0.0,0.0,0.0,0.0,0.9858593749995246,0.4999999999997554
RipVIS-108_01632.jpg,0.49316333912013255,0.0,0.0,0.0,0.0,0.0,0.0,0.9863266782402651,0.49999999999975553
RipVIS-108_01638.jpg,0.493219039351614,0.0,0.0,0.0,0.0,0.0,0.0,0.986438078703228,0.49999999999975553
RipVIS-108_01644.jpg,0.4907899305553189,0.0,0.0,0.0,0.0,0.0,0.0,0.9815798611106378,0.49999999999975436
RipVIS-108_01650.jpg,0.493199508101614,0.0,0.0,0.0,0.0,0.0,0.0,0.986399016203228,0.49999999999975553
RipVIS-108_01656.jpg,0.49543161651210676,0.0,0.0,0.0,0.0,0.0,0.0,0.9908632330242135,0.49999999999975664
RipVIS-108_01662.jpg,0.49338035300902133,0.0,0.0,0.0,0.0,0.0,0.0,0.9867607060180427,0.49999999999975564
RipVIS-108_01668.jpg,0.49543957368803265,0.0,0.0,0.0,0.0,0.0,0.0,0.9908791473760653,0.49999999999975664
RipVIS-108_01674.jpg,0.49365451388865084,0.0,0.0,0.0,0.0,0.0,0.0,0.9873090277773017,0.49999999999975575
RipVIS-108_01680.jpg,0.49393156828679885,0.0,0.0,0.0,0.0,0.0,0.0,0.9878631365735977,0.4999999999997559
RipVIS-108_01686.jpg,0.49376567322507053,0.0,0.0,0.0,0.0,0.0,0.0,0.9875313464501411,0.4999999999997558
RipVIS-108_01692.jpg,0.4942346643516135,0.0,0.0,0.0,0.0,0.0,0.0,0.988469328703227,0.4999999999997561
RipVIS-108_01698.jpg,0.4938100405090211,0.0,0.0,0.0,0.0,0.0,0.0,0.9876200810180422,0.49999999999975586
RipVIS-108_01704.jpg,0.49388310185161366,0.0,0.0,0.0,0.0,0.0,0.0,0.9877662037032273,0.49999999999975586
RipVIS-108_01710.jpg,0.4942997685182801,0.0,0.0,0.0,0.0,0.0,0.0,0.9885995370365602,0.4999999999997561
RipVIS-108_01716.jpg,0.4943137538577863,0.0,0.0,0.0,0.0,0.0,0.0,0.9886275077155726,0.4999999999997561
RipVIS-108_01722.jpg,0.4943400366509962,0.0,0.0,0.0,0.0,0.0,0.0,0.9886800733019924,0.4999999999997561
RipVIS-108_01728.jpg,0.494904272762107,0.0,0.0,0.0,0.0,0.0,0.0,0.989808545524214,0.49999999999975636
RipVIS-108_01734.jpg,0.4949804687497613,0.0,0.0,0.0,0.0,0.0,0.0,0.9899609374995226,0.4999999999997564
RipVIS-108_01740.jpg,0.49525318287013154,0.0,0.0,0.0,0.0,0.0,0.0,0.9905063657402631,0.4999999999997566
RipVIS-108_01746.jpg,0.49525318287013154,0.0,0.0,0.0,0.0,0.0,0.0,0.9905063657402631,0.4999999999997566
RipVIS-108_01752.jpg,0.4952358217590204,0.0,0.0,0.0,0.0,0.0,0.0,0.9904716435180408,0.49999999999975653
RipVIS-108_01758.jpg,0.4947171585645762,0.0,0.0,0.0,0.0,0.0,0.0,0.9894343171291524,0.4999999999997563
RipVIS-108_01764.jpg,0.49531539351827963,0.0,0.0,0.0,0.0,0.0,0.0,0.9906307870365593,0.4999999999997566
RipVIS-108_01770.jpg,0.495313464505934,0.0,0.0,0.0,0.0,0.0,0.0,0.990626929011868,0.4999999999997566
RipVIS-108_01776.jpg,0.49534746334852653,0.0,0.0,0.0,0.0,0.0,0.0,0.9906949266970531,0.4999999999997566
RipVIS-108_01782.jpg,0.49534746334852653,0.0,0.0,0.0,0.0,0.0,0.0,0.9906949266970531,0.4999999999997566
RipVIS-108_01788.jpg,0.4952748842590204,0.0,0.0,0.0,0.0,0.0,0.0,0.9905497685180408,0.4999999999997566
RipVIS-108_01794.jpg,0.4932257908948239,0.0,0.0,0.0,0.0,0.0,0.0,0.9864515817896478,0.4999999999997556
RipVIS-108_01800.jpg,0.4932257908948239,0.0,0.0,0.0,0.0,0.0,0.0,0.9864515817896478,0.4999999999997556
RipVIS-108_01806.jpg,0.4933989197528485,0.0,0.0,0.0,0.0,0.0,0.0,0.986797839505697,0.49999999999975564
RipVIS-108_01812.jpg,0.4932810088732189,0.0,0.0,0.0,0.0,0.0,0.0,0.9865620177464378,0.4999999999997556
RipVIS-108_01818.jpg,0.4932810088732189,0.0,0.0,0.0,0.0,0.0,0.0,0.9865620177464378,0.4999999999997556
RipVIS-108_01824.jpg,0.49465374228371206,0.0,0.0,0.0,0.0,0.0,0.0,0.9893074845674241,0.49999999999975625
RipVIS-108_01830.jpg,0.49465326003062565,0.0,0.0,0.0,0.0,0.0,0.0,0.9893065200612513,0.49999999999975625
RipVIS-108_01836.jpg,0.4930965470676634,0.0,0.0,0.0,0.0,0.0,0.0,0.9861930941353269,0.4999999999997555
RipVIS-108_01842.jpg,0.4928308256170463,0.0,0.0,0.0,0.0,0.0,0.0,0.9856616512340926,0.49999999999975536
RipVIS-108_01848.jpg,0.4945929783948232,0.0,0.0,0.0,0.0,0.0,0.0,0.9891859567896464,0.49999999999975625
RipVIS-108_01854.jpg,0.49470461998432935,0.0,0.0,0.0,0.0,0.0,0.0,0.9894092399686587,0.4999999999997563
RipVIS-108_01860.jpg,0.4930830439812437,0.0,0.0,0.0,0.0,0.0,0.0,0.9861660879624874,0.4999999999997555
RipVIS-108_01866.jpg,0.49359567901210766,0.0,0.0,0.0,0.0,0.0,0.0,0.9871913580242153,0.49999999999975575
RipVIS-108_01872.jpg,0.49359567901210766,0.0,0.0,0.0,0.0,0.0,0.0,0.9871913580242153,0.49999999999975575
RipVIS-108_01878.jpg,0.49361858603371256,0.0,0.0,0.0,0.0,0.0,0.0,0.9872371720674251,0.49999999999975575
RipVIS-108_01884.jpg,0.49356505594112,0.0,0.0,0.0,0.0,0.0,0.0,0.98713011188224,0.49999999999975575
RipVIS-108_01890.jpg,0.4937801408176631,0.0,0.0,0.0,0.0,0.0,0.0,0.9875602816353262,0.49999999999975586
RipVIS-108_01896.jpg,0.49467279128062563,0.0,0.0,0.0,0.0,0.0,0.0,0.9893455825612513,0.49999999999975625
RipVIS-108_01902.jpg,0.4938411458330952,0.0,0.0,0.0,0.0,0.0,0.0,0.9876822916661904,0.49999999999975586
RipVIS-108_01908.jpg,0.4951082658176625,0.0,0.0,0.0,0.0,0.0,0.0,0.990216531635325,0.4999999999997565
RipVIS-108_01914.jpg,0.49417872299358884,0.0,0.0,0.0,0.0,0.0,0.0,0.9883574459871777,0.49999999999975603
RipVIS-108_01920.jpg,0.4942303240738357,0.0,0.0,0.0,0.0,0.0,0.0,0.9884606481476714,0.4999999999997561
RipVIS-108_01926.jpg,0.4942303240738357,0.0,0.0,0.0,0.0,0.0,0.0,0.9884606481476714,0.4999999999997561
RipVIS-108_01932.jpg,0.4940494791664284,0.0,0.0,0.0,0.0,0.0,0.0,0.9880989583328568,0.499999999999756
RipVIS-108_01938.jpg,0.4971407214503775,0.0,0.0,0.0,0.0,0.0,0.0,0.994281442900755,0.49999999999975747
RipVIS-108_01944.jpg,0.49380835262321865,0.0,0.0,0.0,0.0,0.0,0.0,0.9876167052464373,0.49999999999975586
RipVIS-108_01950.jpg,0.49380835262321865,0.0,0.0,0.0,0.0,0.0,0.0,0.9876167052464373,0.49999999999975586
RipVIS-108_01956.jpg,0.4938071469905026,0.0,0.0,0.0,0.0,0.0,0.0,0.9876142939810052,0.49999999999975586
RipVIS-108_01962.jpg,0.49373601466025574,0.0,0.0,0.0,0.0,0.0,0.0,0.9874720293205115,0.4999999999997558
RipVIS-108_01968.jpg,0.49360508294729283,0.0,0.0,0.0,0.0,0.0,0.0,0.9872101658945857,0.49999999999975575
RipVIS-108_01974.jpg,0.49360797646581134,0.0,0.0,0.0,0.0,0.0,0.0,0.9872159529316227,0.49999999999975575
RipVIS-108_01980.jpg,0.49389660493803345,0.0,0.0,0.0,0.0,0.0,0.0,0.9877932098760669,0.4999999999997559
RipVIS-108_01986.jpg,0.49387490354914454,0.0,0.0,0.0,0.0,0.0,0.0,0.9877498070982891,0.49999999999975586
RipVIS-108_01992.jpg,0.49387490354914454,0.0,0.0,0.0,0.0,0.0,0.0,0.9877498070982891,0.49999999999975586
RipVIS-108_01998.jpg,0.49435715663556407,0.0,0.0,0.0,0.0,0.0,0.0,0.9887143132711281,0.49999999999975614
RipVIS-108_02004.jpg,0.49435715663556407,0.0,0.0,0.0,0.0,0.0,0.0,0.9887143132711281,0.49999999999975614
RipVIS-108_02010.jpg,0.494453607252848,0.0,0.0,0.0,0.0,0.0,0.0,0.988907214505696,0.49999999999975614
RipVIS-108_02016.jpg,0.4944511959874159,0.0,0.0,0.0,0.0,0.0,0.0,0.9889023919748318,0.49999999999975614
RipVIS-108_02022.jpg,0.4944666280861813,0.0,0.0,0.0,0.0,0.0,0.0,0.9889332561723626,0.4999999999997562
RipVIS-108_02028.jpg,0.4944666280861813,0.0,0.0,0.0,0.0,0.0,0.0,0.9889332561723626,0.4999999999997562
RipVIS-108_02034.jpg,0.4946173321756874,0.0,0.0,0.0,0.0,0.0,0.0,0.9892346643513747,0.49999999999975625
RipVIS-109_00000.jpg,0.49671826774667405,0.0,0.0,0.0,0.0,0.0,0.0,0.9934365354933481,0.4999999999997573
RipVIS-109_00006.jpg,0.49693431712938996,0.0,0.0,0.0,0.0,0.0,0.0,0.9938686342587799,0.49999999999975736
RipVIS-109_00012.jpg,0.49706380208309364,0.0,0.0,0.0,0.0,0.0,0.0,0.9941276041661873,0.49999999999975747
RipVIS-109_00018.jpg,0.4971026234565504,0.0,0.0,0.0,0.0,0.0,0.0,0.9942052469131007,0.49999999999975747
RipVIS-109_00024.jpg,0.49696879822506895,0.0,0.0,0.0,0.0,0.0,0.0,0.9939375964501379,0.4999999999997574
RipVIS-109_00030.jpg,0.4966432773917358,0.0,0.0,0.0,0.0,0.0,0.0,0.9932865547834716,0.49999999999975725
RipVIS-109_00036.jpg,0.496540075231242,0.0,0.0,0.0,0.0,0.0,0.0,0.993080150462484,0.4999999999997572
RipVIS-109_00042.jpg,0.4962487943670446,0.0,0.0,0.0,0.0,0.0,0.0,0.9924975887340892,0.499999999999757
RipVIS-109_00048.jpg,0.49616054205222987,0.0,0.0,0.0,0.0,0.0,0.0,0.9923210841044597,0.499999999999757
RipVIS-109_00054.jpg,0.49598066165099536,0.0,0.0,0.0,0.0,0.0,0.0,0.9919613233019907,0.4999999999997569
RipVIS-109_00060.jpg,0.49590301890408184,0.0,0.0,0.0,0.0,0.0,0.0,0.9918060378081637,0.49999999999975686
RipVIS-109_00066.jpg,0.4959396701386497,0.0,0.0,0.0,0.0,0.0,0.0,0.9918793402772994,0.4999999999997569
RipVIS-109_00072.jpg,0.49566912615716835,0.0,0.0,0.0,0.0,0.0,0.0,0.9913382523143367,0.49999999999975675
RipVIS-109_00078.jpg,0.4957050540121066,0.0,0.0,0.0,0.0,0.0,0.0,0.9914101080242133,0.4999999999997568
RipVIS-109_00084.jpg,0.4959637827929707,0.0,0.0,0.0,0.0,0.0,0.0,0.9919275655859414,0.4999999999997569
RipVIS-109_00090.jpg,0.4960013985337114,0.0,0.0,0.0,0.0,0.0,0.0,0.9920027970674228,0.4999999999997569
RipVIS-109_00096.jpg,0.49584876543185963,0.0,0.0,0.0,0.0,0.0,0.0,0.9916975308637193,0.49999999999975686
RipVIS-109_00102.jpg,0.4956105324071684,0.0,0.0,0.0,0.0,0.0,0.0,0.9912210648143368,0.49999999999975675
RipVIS-109_00108.jpg,0.49591555748432875,0.0,0.0,0.0,0.0,0.0,0.0,0.9918311149686575,0.49999999999975686
RipVIS-109_00114.jpg,0.4959018132713658,0.0,0.0,0.0,0.0,0.0,0.0,0.9918036265427316,0.49999999999975686
RipVIS-109_00120.jpg,0.4982093942898832,0.0,0.0,0.0,0.0,0.0,0.0,0.9964187885797664,0.499999999999758
RipVIS-109_00126.jpg,0.496356095678773,0.0,0.0,0.0,0.0,0.0,0.0,0.992712191357546,0.4999999999997571
RipVIS-109_00132.jpg,0.4964161361880322,0.0,0.0,0.0,0.0,0.0,0.0,0.9928322723760644,0.49999999999975714
RipVIS-109_00138.jpg,0.4965000482250692,0.0,0.0,0.0,0.0,0.0,0.0,0.9930000964501384,0.4999999999997572
RipVIS-109_00144.jpg,0.49655237268494573,0.0,0.0,0.0,0.0,0.0,0.0,0.9931047453698915,0.4999999999997572
RipVIS-109_00150.jpg,0.4964313271602544,0.0,0.0,0.0,0.0,0.0,0.0,0.9928626543205088,0.49999999999975714
RipVIS-109_00156.jpg,0.4965911940584025,0.0,0.0,0.0,0.0,0.0,0.0,0.993182388116805,0.4999999999997572
RipVIS-109_00162.jpg,0.49457561728371213,0.0,0.0,0.0,0.0,0.0,0.0,0.9891512345674243,0.49999999999975625
RipVIS-109_00168.jpg,0.49428240740716906,0.0,0.0,0.0,0.0,0.0,0.0,0.9885648148143381,0.4999999999997561
RipVIS-109_00174.jpg,0.49457851080223064,0.0,0.0,0.0,0.0,0.0,0.0,0.9891570216044613,0.49999999999975625
RipVIS-109_00180.jpg,0.49477671682074903,0.0,0.0,0.0,0.0,0.0,0.0,0.9895534336414981,0.4999999999997563
RipVIS-109_00186.jpg,0.49474995177445275,0.0,0.0,0.0,0.0,0.0,0.0,0.9894999035489055,0.4999999999997563
RipVIS-109_00192.jpg,0.49480613425902065,0.0,0.0,0.0,0.0,0.0,0.0,0.9896122685180413,0.49999999999975636
RipVIS-109_00198.jpg,0.4948890817898848,0.0,0.0,0.0,0.0,0.0,0.0,0.9897781635797696,0.49999999999975636
RipVIS-109_00204.jpg,0.4952871817127241,0.0,0.0,0.0,0.0,0.0,0.0,0.9905743634254482,0.4999999999997566
RipVIS-109_00210.jpg,0.4951632426695143,0.0,0.0,0.0,0.0,0.0,0.0,0.9903264853390286,0.49999999999975653
RipVIS-109_00216.jpg,0.4953117766201315,0.0,0.0,0.0,0.0,0.0,0.0,0.990623553240263,0.4999999999997566
RipVIS-109_00222.jpg,0.49547622492260057,0.0,0.0,0.0,0.0,0.0,0.0,0.9909524498452011,0.4999999999997567
RipVIS-109_00228.jpg,0.495566406249761,0.0,0.0,0.0,0.0,0.0,0.0,0.991132812499522,0.4999999999997567
RipVIS-109_00234.jpg,0.49553120177445237,0.0,0.0,0.0,0.0,0.0,0.0,0.9910624035489047,0.4999999999997567
RipVIS-109_00240.jpg,0.4956995081016128,0.0,0.0,0.0,0.0,0.0,0.0,0.9913990162032256,0.4999999999997568
RipVIS-109_00246.jpg,0.4953518036263043,0.0,0.0,0.0,0.0,0.0,0.0,0.9907036072526086,0.4999999999997566
RipVIS-109_00252.jpg,0.4953216628084031,0.0,0.0,0.0,0.0,0.0,0.0,0.9906433256168062,0.4999999999997566
RipVIS-109_00258.jpg,0.4953288966046994,0.0,0.0,0.0,0.0,0.0,0.0,0.9906577932093988,0.4999999999997566
RipVIS-109_00264.jpg,0.495338782792971,0.0,0.0,0.0,0.0,0.0,0.0,0.990677565585942,0.4999999999997566
RipVIS-109_00270.jpg,0.4953843557096376,0.0,0.0,0.0,0.0,0.0,0.0,0.9907687114192752,0.49999999999975664
RipVIS-109_00276.jpg,0.4954470486108722,0.0,0.0,0.0,0.0,0.0,0.0,0.9908940972217444,0.49999999999975664
RipVIS-109_00282.jpg,0.49521484374976116,0.0,0.0,0.0,0.0,0.0,0.0,0.9904296874995223,0.49999999999975653
RipVIS-109_00288.jpg,0.4951965181324772,0.0,0.0,0.0,0.0,0.0,0.0,0.9903930362649545,0.49999999999975653
RipVIS-109_00294.jpg,0.4950896990738353,0.0,0.0,0.0,0.0,0.0,0.0,0.9901793981476706,0.4999999999997565
RipVIS-109_00300.jpg,0.49506389853371185,0.0,0.0,0.0,0.0,0.0,0.0,0.9901277970674237,0.4999999999997565
RipVIS-109_00306.jpg,0.4950694444442057,0.0,0.0,0.0,0.0,0.0,0.0,0.9901388888884114,0.4999999999997565
RipVIS-109_00312.jpg,0.49523148148124263,0.0,0.0,0.0,0.0,0.0,0.0,0.9904629629624853,0.49999999999975653
RipVIS-109_00318.jpg,0.4950291763114897,0.0,0.0,0.0,0.0,0.0,0.0,0.9900583526229794,0.4999999999997565
RipVIS-109_00324.jpg,0.4951073013114896,0.0,0.0,0.0,0.0,0.0,0.0,0.9902146026229792,0.4999999999997565
RipVIS-109_00330.jpg,0.4951041666664279,0.0,0.0,0.0,0.0,0.0,0.0,0.9902083333328559,0.4999999999997565
RipVIS-109_00336.jpg,0.49518856095655134,0.0,0.0,0.0,0.0,0.0,0.0,0.9903771219131027,0.49999999999975653
RipVIS-109_00342.jpg,0.49463614004605777,0.0,0.0,0.0,0.0,0.0,0.0,0.9892722800921155,0.49999999999975625
RipVIS-109_00348.jpg,0.49464361496889725,0.0,0.0,0.0,0.0,0.0,0.0,0.9892872299377945,0.49999999999975625
RipVIS-109_00354.jpg,0.4948570119596379,0.0,0.0,0.0,0.0,0.0,0.0,0.9897140239192758,0.49999999999975636
RipVIS-109_00360.jpg,0.4950554591046995,0.0,0.0,0.0,0.0,0.0,0.0,0.990110918209399,0.4999999999997565
RipVIS-109_00366.jpg,0.49505570023124273,0.0,0.0,0.0,0.0,0.0,0.0,0.9901114004624855,0.4999999999997565
RipVIS-109_00372.jpg,0.49516179591025505,0.0,0.0,0.0,0.0,0.0,0.0,0.9903235918205101,0.49999999999975653
RipVIS-109_00378.jpg,0.4953354070213661,0.0,0.0,0.0,0.0,0.0,0.0,0.9906708140427322,0.4999999999997566
RipVIS-109_00384.jpg,0.4952859760800081,0.0,0.0,0.0,0.0,0.0,0.0,0.9905719521600161,0.4999999999997566
RipVIS-109_00390.jpg,0.4952866994596377,0.0,0.0,0.0,0.0,0.0,0.0,0.9905733989192754,0.4999999999997566
RipVIS-109_00396.jpg,0.4986627121911175,0.0,0.0,0.0,0.0,0.0,0.0,0.997325424382235,0.49999999999975825
RipVIS-109_00402.jpg,0.49532045717568707,0.0,0.0,0.0,0.0,0.0,0.0,0.9906409143513741,0.4999999999997566
RipVIS-109_00408.jpg,0.49540991512321786,0.0,0.0,0.0,0.0,0.0,0.0,0.9908198302464357,0.49999999999975664
RipVIS-109_00414.jpg,0.4954967206787734,0.0,0.0,0.0,0.0,0.0,0.0,0.9909934413575467,0.4999999999997567
RipVIS-109_00420.jpg,0.49535734953679816,0.0,0.0,0.0,0.0,0.0,0.0,0.9907146990735963,0.49999999999975664
RipVIS-109_00426.jpg,0.4953814621911191,0.0,0.0,0.0,0.0,0.0,0.0,0.9907629243822382,0.49999999999975664
RipVIS-109_00432.jpg,0.495413532021366,0.0,0.0,0.0,0.0,0.0,0.0,0.990827064042732,0.49999999999975664
RipVIS-109_00438.jpg,0.4955198688269215,0.0,0.0,0.0,0.0,0.0,0.0,0.991039737653843,0.4999999999997567
RipVIS-109_00444.jpg,0.49555242091025486,0.0,0.0,0.0,0.0,0.0,0.0,0.9911048418205097,0.4999999999997567
RipVIS-109_00450.jpg,0.4954275173608722,0.0,0.0,0.0,0.0,0.0,0.0,0.9908550347217444,0.49999999999975664
RipVIS-109_00456.jpg,0.4954805652003783,0.0,0.0,0.0,0.0,0.0,0.0,0.9909611304007566,0.4999999999997567
RipVIS-109_00462.jpg,0.4955316840275388,0.0,0.0,0.0,0.0,0.0,0.0,0.9910633680550776,0.4999999999997567
RipVIS-109_00468.jpg,0.49557532793185977,0.0,0.0,0.0,0.0,0.0,0.0,0.9911506558637195,0.4999999999997567
RipVIS-109_00474.jpg,0.49576943479914365,0.0,0.0,0.0,0.0,0.0,0.0,0.9915388695982873,0.4999999999997568
RipVIS-109_00480.jpg,0.49584900655840286,0.0,0.0,0.0,0.0,0.0,0.0,0.9916980131168057,0.49999999999975686
RipVIS-109_00486.jpg,0.4958895158176621,0.0,0.0,0.0,0.0,0.0,0.0,0.9917790316353242,0.49999999999975686
RipVIS-109_00492.jpg,0.4944104456016134,0.0,0.0,0.0,0.0,0.0,0.0,0.9888208912032268,0.49999999999975614
RipVIS-109_00498.jpg,0.49604624807074843,0.0,0.0,0.0,0.0,0.0,0.0,0.9920924961414969,0.49999999999975697
RipVIS-109_00504.jpg,0.4960648148145756,0.0,0.0,0.0,0.0,0.0,0.0,0.9921296296291512,0.49999999999975697
RipVIS-109_00510.jpg,0.49433690200593444,0.0,0.0,0.0,0.0,0.0,0.0,0.9886738040118689,0.4999999999997561
RipVIS-109_00516.jpg,0.4958451485337115,0.0,0.0,0.0,0.0,0.0,0.0,0.991690297067423,0.49999999999975686
RipVIS-109_00522.jpg,0.4957829378855634,0.0,0.0,0.0,0.0,0.0,0.0,0.9915658757711268,0.4999999999997568
RipVIS-109_00528.jpg,0.49562041859544,0.0,0.0,0.0,0.0,0.0,0.0,0.99124083719088,0.49999999999975675
RipVIS-109_00534.jpg,0.49543957368803265,0.0,0.0,0.0,0.0,0.0,0.0,0.9908791473760653,0.49999999999975664
RipVIS-109_00540.jpg,0.4953722993824772,0.0,0.0,0.0,0.0,0.0,0.0,0.9907445987649544,0.49999999999975664
RipVIS-109_00546.jpg,0.4956440489966746,0.0,0.0,0.0,0.0,0.0,0.0,0.9912880979933492,0.49999999999975675
RipVIS-109_00552.jpg,0.49565851658926713,0.0,0.0,0.0,0.0,0.0,0.0,0.9913170331785343,0.49999999999975675
RipVIS-109_00558.jpg,0.4957052951386498,0.0,0.0,0.0,0.0,0.0,0.0,0.9914105902772996,0.4999999999997568
RipVIS-109_00564.jpg,0.49568696952136587,0.0,0.0,0.0,0.0,0.0,0.0,0.9913739390427317,0.49999999999975675
RipVIS-109_00570.jpg,0.49567346643494614,0.0,0.0,0.0,0.0,0.0,0.0,0.9913469328698923,0.49999999999975675
RipVIS-109_00576.jpg,0.4961017071756867,0.0,0.0,0.0,0.0,0.0,0.0,0.9922034143513734,0.49999999999975697
RipVIS-109_00582.jpg,0.49618296682074836,0.0,0.0,0.0,0.0,0.0,0.0,0.9923659336414967,0.499999999999757
RipVIS-109_00588.jpg,0.4961070119596373,0.0,0.0,0.0,0.0,0.0,0.0,0.9922140239192746,0.49999999999975697
RipVIS-109_00594.jpg,0.4953464988423537,0.0,0.0,0.0,0.0,0.0,0.0,0.9906929976847074,0.4999999999997566
RipVIS-109_00600.jpg,0.4966131365738346,0.0,0.0,0.0,0.0,0.0,0.0,0.9932262731476692,0.49999999999975725
RipVIS-109_00606.jpg,0.4966951195985259,0.0,0.0,0.0,0.0,0.0,0.0,0.9933902391970518,0.49999999999975725
RipVIS-109_00612.jpg,0.4967491319442049,0.0,0.0,0.0,0.0,0.0,0.0,0.9934982638884098,0.4999999999997573
RipVIS-109_00618.jpg,0.49677010995346416,0.0,0.0,0.0,0.0,0.0,0.0,0.9935402199069283,0.4999999999997573
RipVIS-109_00624.jpg,0.4967980806324765,0.0,0.0,0.0,0.0,0.0,0.0,0.993596161264953,0.4999999999997573
RipVIS-109_00630.jpg,0.4971522955244516,0.0,0.0,0.0,0.0,0.0,0.0,0.9943045910489032,0.49999999999975747
RipVIS-109_00636.jpg,0.4972330729164269,0.0,0.0,0.0,0.0,0.0,0.0,0.9944661458328538,0.4999999999997575
RipVIS-109_00642.jpg,0.49744188850284654,0.0,0.0,0.0,0.0,0.0,0.0,0.9948837770056931,0.49999999999975764
RipVIS-109_00648.jpg,0.4966948784719827,0.0,0.0,0.0,0.0,0.0,0.0,0.9933897569439654,0.49999999999975725
RipVIS-109_00654.jpg,0.4963447627312421,0.0,0.0,0.0,0.0,0.0,0.0,0.9926895254624842,0.4999999999997571
RipVIS-121_00000.jpg,0.9509647458673796,0.9181296654368907,0.9573176224536094,0.9916389832036266,0.9252925605696123,0.9776192999499543,0.15130796666132343,0.9862905092535516,0.9884740539884288
RipVIS-121_00030.jpg,0.939444216501518,0.898769284073539,0.946686142031282,0.967675711956714,0.9265877979582334,0.9591691763539362,0.12485242027011441,0.9831018518461626,0.9768040429908496
RipVIS-121_00060.jpg,0.9237233604110899,0.8723876199746166,0.93184510586162,0.9725667477696933,0.8943964751130158,0.9558583395991402,0.08475056686940177,0.9786921296239659,0.9761689570940307
RipVIS-121_00090.jpg,0.9241958816810858,0.8733291993636031,0.9323819856758605,0.9805825242339155,0.8886980298363353,0.9607163970956055,0.08514237381304134,0.9787210648091509,0.9794880473491216
RipVIS-121_00120.jpg,0.9149075534935706,0.8582677165064287,0.9237288135425233,0.9864828121582255,0.8684813459334377,0.9603851069783623,0.144354597141553,0.97572916666102,0.9801646660805616
RipVIS-121_00150.jpg,0.8319087395488662,0.7233936834035156,0.8394990539536985,0.9050431268589229,0.782807406634311,0.877634523657024,0.13437312533462115,0.9484548611056223,0.9305478380586789
RipVIS-121_00180.jpg,0.8730268544231131,0.7946220930001563,0.8855592451464233,0.9914043231905046,0.8001346485730136,0.9461685969636763,0.12134375901495982,0.9591145833277829,0.9721942980945741
RipVIS-121_00210.jpg,0.8813561798854994,0.8108293539488768,0.8955336980601741,0.9970303377654294,0.8127922970890566,0.9537906277036712,0.08615297125784675,0.9601099536981474,0.974749217228519
RipVIS-121_00240.jpg,0.8523394603217014,0.7706376911163125,0.8704634437443359,0.9923079357730902,0.7752689501477613,0.9396938830568529,0.05505587352001748,0.9460069444389698,0.9639782567033497
RipVIS-121_00270.jpg,0.8497541592628886,0.7687387044428626,0.8692507293608512,0.9984865332036543,0.7696355022077082,0.9424396671855959,0.046862375425030335,0.9437210648093535,0.9647904665073593
RipVIS-121_00300.jpg,0.8614246318082495,0.7937894849385633,0.8850419646269142,0.997792613303602,0.795185892330569,0.9494121564509106,0.034300126094754066,0.9442766203649058,0.9637069987133643
RipVIS-121_00330.jpg,0.8827589247355301,0.8309009650207463,0.907641626603579,0.9659746648972118,0.8559525749499683,0.9417642417830695,0.08209538699971453,0.9505150462907956,0.9556445793765762
RipVIS-121_00360.jpg,0.936580269655595,0.9132424970894426,0.9546542045545514,0.9649578440047245,0.9445682810282304,0.9608098130998737,0.07375060648380626,0.9718113425869687,0.9699062184282929
RipVIS-121_00390.jpg,0.9241587140979763,0.8982411419679116,0.9463930815836208,0.9082739066774075,0.9878520567217774,0.9231470517347976,0.07437827970011902,0.9653472222166357,0.9513011259271845
RipVIS-121_00420.jpg,0.9494465364582352,0.9333808631483531,0.9655426728786572,0.9705867140054381,0.9605507874322086,0.9685627866804767,0.11299709017628586,0.9767476851795327,0.975223582871499
RipVIS-121_00450.jpg,0.9355020645360727,0.917402978536367,0.9569224506333652,0.934515385212141,0.9804304304140735,0.9433510979838192,0.10622796707256686,0.9693807870314272,0.9619217511922993
RipVIS-121_00480.jpg,0.9554606447219768,0.9435407735139439,0.9709503256862592,0.9691598441941156,0.9727474350841232,0.9698752438011664,0.16093396932941653,0.978888888883224,0.9768088679044902
RipVIS-121_00510.jpg,0.32326678240553663,0.0,0.0,0.0,0.0,0.0,0.0,0.6465335648110733,0.4999999999955246
RipVIS-128_00000.jpg,0.7200822769899691,0.5343339289780552,0.6965027871526623,0.6612882127481611,0.735678768568522,0.6749379221929224,0.004379423058475471,0.9150138647761242,0.8100951877107159
RipVIS-128_00030.jpg,0.7442319292322584,0.5736380086232612,0.7290596763421133,0.6254004200739344,0.8739088641520509,0.663113580058755,0.0052295571853698194,0.9235828993054441,0.8038237865425741
RipVIS-128_00060.jpg,0.794108372423812,0.6605773486397516,0.7955996138100501,0.7243918728655063,0.882332968811582,0.7512885998445301,0.011526106946793282,0.9365717833718007,0.8522740679497576
RipVIS-128_00090.jpg,0.7724603380766728,0.6251840937857693,0.7693701854162753,0.6828502319453658,0.8809960327804887,0.7150131112945793,0.008204889715379854,0.9292133246526657,0.8317836010902364
RipVIS-128_00120.jpg,0.8334218206681023,0.727054624462303,0.8419590372697823,0.7899393300460692,0.9013130119548466,0.809956308628018,0.012890431333264426,0.9481112557869227,0.8857979513052865
RipVIS-128_00150.jpg,0.8290187275706437,0.7144339929539767,0.8334342364770826,0.724544150788261,0.9808428715695047,0.7644974876169871,0.013922193192300841,0.9505767746912434,0.8608161034450137
RipVIS-128_00180.jpg,0.7882887959670278,0.6372492635540365,0.7784389069392358,0.6452001602310393,0.9810288319009101,0.6926201104076468,0.015433920889962304,0.9451720437884663,0.821505367840046
RipVIS-128_00210.jpg,0.8043290595753148,0.6613712681700666,0.7961751606533323,0.7787366640205643,0.8144125588926243,0.7856195838329958,0.006043268370962157,0.9522072723764283,0.8772844016034629
RipVIS-128_00240.jpg,0.9026638111278682,0.8344827911052501,0.9097744553956661,0.8913182929224895,0.9290111075269437,0.8986101640409175,0.01802082252367539,0.974581163194327,0.9399406244172246
RipVIS-128_00270.jpg,0.7982522691774984,0.6636409156323955,0.7978174970289517,0.7129480479009922,0.9056230035519206,0.7446327746058529,0.007865757734367153,0.9407163869597631,0.849183158934693
RipVIS-128_00300.jpg,0.6660132734677326,0.46562704914918746,0.6353963641971389,0.4991101457234486,0.874067965500955,0.5459505358810671,0.004956354490125893,0.8803305844906346,0.740059576992697
RipVIS-128_00330.jpg,0.6560246330703774,0.4590284369885185,0.6292247982992956,0.49285054411287543,0.8699422457376013,0.5396332397778796,0.001392896229184728,0.8693188175153272,0.7357301273169895
RipVIS-128_00360.jpg,0.6150196536266785,0.3895674150219436,0.5607031523775213,0.40780610732737355,0.8970185990811098,0.4577334867214228,0.004504976427291602,0.8552124324844648,0.6970451970386197
RipVIS-128_00390.jpg,0.6848191406542568,0.4926812709204171,0.6601292325676734,0.5314038281581158,0.8711546995729778,0.5763599776833523,0.003486628778512373,0.8900904224535964,0.7558245338394471
RipVIS-128_00420.jpg,0.686377515681412,0.4968361759270049,0.6638484343409319,0.5705940931032191,0.7935395991431067,0.6045646663740838,0.004357940954672239,0.8894620466819915,0.7677396728750008
RipVIS-128_00450.jpg,0.8294707564912034,0.72639146853855,0.8415142008938048,0.8059870806914146,0.8803177438419972,0.819831772508907,0.012470975956390122,0.9427939332560591,0.8902726152814437
RipVIS-128_00480.jpg,0.7898063610658781,0.6613646669639601,0.796170377419381,0.836219382710917,0.7597821747919152,0.8197258256240633,0.008519431554215508,0.929503761573962,0.8920547030818919
RipVIS-128_00510.jpg,0.7837267614191271,0.6497072801520085,0.7876637121855252,0.8106630161417483,0.7659334303969006,0.8013039795373363,0.003627053552249945,0.9286338975693325,0.8811592153834366
RipVIS-128_00570.jpg,0.7156090855038741,0.5387794958275424,0.700268618458282,0.5477135171681891,0.9706147523787367,0.59999787439323,0.003537493315637469,0.9044450472606934,0.7717345628086953
RipVIS-128_00600.jpg,0.8164979240403835,0.7033186537855943,0.8258215833220421,0.7581075488360669,0.9068184496157425,0.7838154286187436,0.009053442334671527,0.9397254774304422,0.8700073712664868
RipVIS-129_00000.jpg,0.47360050154315275,0.0,0.0,0.0,0.0,0.0,0.0,0.9472010030863055,0.49999999999993633
RipVIS-129_00030.jpg,0.47360050154315275,0.0,0.0,0.0,0.0,0.0,0.0,0.9472010030863055,0.49999999999993633
RipVIS-129_00060.jpg,0.4730632716048812,0.0,0.0,0.0,0.0,0.0,0.0,0.9461265432097624,0.4999999999999363
RipVIS-129_00090.jpg,0.4730632716048812,0.0,0.0,0.0,0.0,0.0,0.0,0.9461265432097624,0.4999999999999363
RipVIS-129_00120.jpg,0.4730632716048812,0.0,0.0,0.0,0.0,0.0,0.0,0.9461265432097624,0.4999999999999363
RipVIS-129_00150.jpg,0.4748551432291094,0.0,0.0,0.0,0.0,0.0,0.0,0.9497102864582188,0.4999999999999365
RipVIS-129_00180.jpg,0.4748551432291094,0.0,0.0,0.0,0.0,0.0,0.0,0.9497102864582188,0.4999999999999365
RipVIS-129_00210.jpg,0.4748551432291094,0.0,0.0,0.0,0.0,0.0,0.0,0.9497102864582188,0.4999999999999365
RipVIS-129_00240.jpg,0.47545808015040564,0.0,0.0,0.0,0.0,0.0,0.0,0.9509161603008113,0.4999999999999366
RipVIS-129_00270.jpg,0.47545808015040564,0.0,0.0,0.0,0.0,0.0,0.0,0.9509161603008113,0.4999999999999366
RipVIS-129_00300.jpg,0.47471601321367735,0.0,0.0,0.0,0.0,0.0,0.0,0.9494320264273547,0.4999999999999365
RipVIS-129_00330.jpg,0.47471601321367735,0.0,0.0,0.0,0.0,0.0,0.0,0.9494320264273547,0.4999999999999365
RipVIS-129_00360.jpg,0.4750245949073501,0.0,0.0,0.0,0.0,0.0,0.0,0.9500491898147002,0.49999999999993655
RipVIS-129_00390.jpg,0.4750245949073501,0.0,0.0,0.0,0.0,0.0,0.0,0.9500491898147002,0.49999999999993655
RipVIS-129_00420.jpg,0.4750021701388316,0.0,0.0,0.0,0.0,0.0,0.0,0.9500043402776632,0.49999999999993655
RipVIS-129_00450.jpg,0.47543487172062165,0.0,0.0,0.0,0.0,0.0,0.0,0.9508697434412433,0.4999999999999366
RipVIS-129_00480.jpg,0.47578649450225746,0.0,0.0,0.0,0.0,0.0,0.0,0.9515729890045149,0.49999999999993666
RipVIS-129_00510.jpg,0.4760916401426895,0.0,0.0,0.0,0.0,0.0,0.0,0.952183280285379,0.49999999999993666
RipVIS-129_00540.jpg,0.4769388382522573,0.0,0.0,0.0,0.0,0.0,0.0,0.9538776765045146,0.4999999999999368
RipVIS-129_00570.jpg,0.4773838975693869,0.0,0.0,0.0,0.0,0.0,0.0,0.9547677951387737,0.49999999999993683
RipVIS-129_00600.jpg,0.4773838975693869,0.0,0.0,0.0,0.0,0.0,0.0,0.9547677951387737,0.49999999999993683
RipVIS-129_00630.jpg,0.4773838975693869,0.0,0.0,0.0,0.0,0.0,0.0,0.9547677951387737,0.49999999999993683
RipVIS-129_00660.jpg,0.4773838975693869,0.0,0.0,0.0,0.0,0.0,0.0,0.9547677951387737,0.49999999999993683
RipVIS-129_00690.jpg,0.4775180242090474,0.0,0.0,0.0,0.0,0.0,0.0,0.9550360484180948,0.4999999999999369
RipVIS-129_00720.jpg,0.477313066647319,0.0,0.0,0.0,0.0,0.0,0.0,0.954626133294638,0.49999999999993683
RipVIS-129_00750.jpg,0.4774866174767943,0.0,0.0,0.0,0.0,0.0,0.0,0.9549732349535885,0.4999999999999369
RipVIS-129_00780.jpg,0.4774866174767943,0.0,0.0,0.0,0.0,0.0,0.0,0.9549732349535885,0.4999999999999369
RipVIS-129_00810.jpg,0.47592387635025124,0.0,0.0,0.0,0.0,0.0,0.0,0.9518477527005025,0.49999999999993666
RipVIS-129_00840.jpg,0.47592387635025124,0.0,0.0,0.0,0.0,0.0,0.0,0.9518477527005025,0.49999999999993666
RipVIS-129_00870.jpg,0.4760230396411463,0.0,0.0,0.0,0.0,0.0,0.0,0.9520460792822926,0.49999999999993666
RipVIS-129_00900.jpg,0.4760230396411463,0.0,0.0,0.0,0.0,0.0,0.0,0.9520460792822926,0.49999999999993666
RipVIS-129_00930.jpg,0.4760230396411463,0.0,0.0,0.0,0.0,0.0,0.0,0.9520460792822926,0.49999999999993666
RipVIS-129_00960.jpg,0.4757368224343562,0.0,0.0,0.0,0.0,0.0,0.0,0.9514736448687124,0.4999999999999366
RipVIS-129_00990.jpg,0.47580801504623893,0.0,0.0,0.0,0.0,0.0,0.0,0.9516160300924779,0.49999999999993666
RipVIS-129_01020.jpg,0.47580801504623893,0.0,0.0,0.0,0.0,0.0,0.0,0.9516160300924779,0.49999999999993666
RipVIS-129_01050.jpg,0.47449315200611564,0.0,0.0,0.0,0.0,0.0,0.0,0.9489863040122313,0.49999999999993644
RipVIS-129_01080.jpg,0.4737820698301898,0.0,0.0,0.0,0.0,0.0,0.0,0.9475641396603796,0.4999999999999364
RipVIS-129_01110.jpg,0.4742355082946959,0.0,0.0,0.0,0.0,0.0,0.0,0.9484710165893918,0.49999999999993644
RipVIS-129_01140.jpg,0.4742355082946959,0.0,0.0,0.0,0.0,0.0,0.0,0.9484710165893918,0.49999999999993644
RipVIS-129_01170.jpg,0.47279996141969605,0.0,0.0,0.0,0.0,0.0,0.0,0.9455999228393921,0.4999999999999362
RipVIS-129_01200.jpg,0.47306134259253557,0.0,0.0,0.0,0.0,0.0,0.0,0.9461226851850711,0.4999999999999363
RipVIS-129_01230.jpg,0.4740582200038009,0.0,0.0,0.0,0.0,0.0,0.0,0.9481164400076018,0.4999999999999364
RipVIS-129_01260.jpg,0.4740582200038009,0.0,0.0,0.0,0.0,0.0,0.0,0.9481164400076018,0.4999999999999364
RipVIS-129_01290.jpg,0.4773499590084301,0.0,0.0,0.0,0.0,0.0,0.0,0.9546999180168602,0.49999999999993683
RipVIS-129_01320.jpg,0.47685661410102276,0.0,0.0,0.0,0.0,0.0,0.0,0.9537132282020455,0.4999999999999368
RipVIS-129_01350.jpg,0.47719509548605354,0.0,0.0,0.0,0.0,0.0,0.0,0.9543901909721071,0.49999999999993683
RipVIS-129_01380.jpg,0.47960111641583725,0.0,0.0,0.0,0.0,0.0,0.0,0.9592022328316745,0.49999999999993716
RipVIS-129_01410.jpg,0.47980969087571373,0.0,0.0,0.0,0.0,0.0,0.0,0.9596193817514275,0.49999999999993716
RipVIS-129_01440.jpg,0.47980969087571373,0.0,0.0,0.0,0.0,0.0,0.0,0.9596193817514275,0.49999999999993716
RipVIS-129_01470.jpg,0.4768438343942326,0.0,0.0,0.0,0.0,0.0,0.0,0.9536876687884652,0.4999999999999368
RipVIS-129_01500.jpg,0.4768438343942326,0.0,0.0,0.0,0.0,0.0,0.0,0.9536876687884652,0.4999999999999368
RipVIS-129_01530.jpg,0.4772576075423807,0.0,0.0,0.0,0.0,0.0,0.0,0.9545152150847614,0.49999999999993683
RipVIS-129_01560.jpg,0.4782072241511769,0.0,0.0,0.0,0.0,0.0,0.0,0.9564144483023538,0.49999999999993694
RipVIS-129_01590.jpg,0.4788561559605904,0.0,0.0,0.0,0.0,0.0,0.0,0.9577123119211808,0.49999999999993705
RipVIS-129_01620.jpg,0.4788561559605904,0.0,0.0,0.0,0.0,0.0,0.0,0.9577123119211808,0.49999999999993705
RipVIS-129_01650.jpg,0.48364010657787376,0.0,0.0,0.0,0.0,0.0,0.0,0.9672802131557475,0.49999999999993766
RipVIS-129_01680.jpg,0.48364010657787376,0.0,0.0,0.0,0.0,0.0,0.0,0.9672802131557475,0.49999999999993766
RipVIS-129_01710.jpg,0.48364010657787376,0.0,0.0,0.0,0.0,0.0,0.0,0.9672802131557475,0.49999999999993766
RipVIS-129_01740.jpg,0.48364010657787376,0.0,0.0,0.0,0.0,0.0,0.0,0.9672802131557475,0.49999999999993766
RipVIS-129_01770.jpg,0.48164098668975674,0.0,0.0,0.0,0.0,0.0,0.0,0.9632819733795135,0.4999999999999374
RipVIS-129_01800.jpg,0.4812211853780284,0.0,0.0,0.0,0.0,0.0,0.0,0.9624423707560568,0.49999999999993733
RipVIS-129_01830.jpg,0.4812211853780284,0.0,0.0,0.0,0.0,0.0,0.0,0.9624423707560568,0.49999999999993733
RipVIS-129_01860.jpg,0.4812211853780284,0.0,0.0,0.0,0.0,0.0,0.0,0.9624423707560568,0.49999999999993733
RipVIS-129_01890.jpg,0.4812211853780284,0.0,0.0,0.0,0.0,0.0,0.0,0.9624423707560568,0.49999999999993733
RipVIS-129_01920.jpg,0.4812211853780284,0.0,0.0,0.0,0.0,0.0,0.0,0.9624423707560568,0.49999999999993733
RipVIS-129_01950.jpg,0.48143548659330615,0.0,0.0,0.0,0.0,0.0,0.0,0.9628709731866123,0.4999999999999374
RipVIS-129_01980.jpg,0.48143548659330615,0.0,0.0,0.0,0.0,0.0,0.0,0.9628709731866123,0.4999999999999374
RipVIS-129_02010.jpg,0.4819944782021024,0.0,0.0,0.0,0.0,0.0,0.0,0.9639889564042048,0.49999999999993744
RipVIS-129_02040.jpg,0.4789723186727817,0.0,0.0,0.0,0.0,0.0,0.0,0.9579446373455635,0.49999999999993705
RipVIS-133_00000.jpg,0.8205242457138592,0.647325252327018,0.7859106772176336,0.8674931129396924,0.7183538769155088,0.8329086648245752,0.043839230288342704,0.9937947289736456,0.9314840801396895
RipVIS-133_00030.jpg,0.8030908111594279,0.6138211382075958,0.7607052896696365,0.8358027179959701,0.6979903903433662,0.804052055843839,0.027728704199421715,0.9924521363810531,0.915268074665599
RipVIS-133_00060.jpg,0.8112560655259033,0.6304918626461073,0.7733762763131967,0.8688308548813635,0.6968197879815077,0.8279544802638326,0.049746420044022494,0.9921274594906211,0.9314472640649538
RipVIS-133_00090.jpg,0.8144186989881472,0.638185854136762,0.7791373030419098,0.9250092810232162,0.6730057421786628,0.8605626307952865,0.02145059659327989,0.9908031925153126,0.958493444947755
RipVIS-133_00120.jpg,0.7999961673709091,0.6112213211873325,0.7587056019553101,0.9529950193334856,0.6302209257479667,0.864447856888812,0.005637050797153478,0.9889658082560536,0.9713138741996987
RipVIS-133_00150.jpg,0.8159686208068992,0.6413412940689941,0.7814843827867956,0.9472484824982408,0.6650957118720298,0.8731641985619131,0.02498352010382442,0.990751470871794,0.9693864815289068
RipVIS-133_00180.jpg,0.4896419270832743,0.0,0.0,0.0,0.0,0.0,0.0,0.9792838541665486,0.49999999999993844
RipVIS-133_00210.jpg,0.4884440706982436,0.0,0.0,0.0,0.0,0.0,0.0,0.9768881413964872,0.49999999999993827
RipVIS-133_00240.jpg,0.48897069106861385,0.0,0.0,0.0,0.0,0.0,0.0,0.9779413821372277,0.4999999999999383
RipVIS-133_00270.jpg,0.4886199725115152,0.0,0.0,0.0,0.0,0.0,0.0,0.9772399450230304,0.4999999999999383
RipVIS-133_00300.jpg,0.4856807002314229,0.0,0.0,0.0,0.0,0.0,0.0,0.9713614004628458,0.49999999999993794
RipVIS-133_00330.jpg,0.486731047453645,0.0,0.0,0.0,0.0,0.0,0.0,0.97346209490729,0.49999999999993805
RipVIS-133_00360.jpg,0.4868602309991697,0.0,0.0,0.0,0.0,0.0,0.0,0.9737204619983394,0.49999999999993805
RipVIS-133_00390.jpg,0.4840832971642935,0.0,0.0,0.0,0.0,0.0,0.0,0.968166594328587,0.4999999999999377
RipVIS-133_00420.jpg,0.4818605324073493,0.0,0.0,0.0,0.0,0.0,0.0,0.9637210648146985,0.49999999999993744
RipVIS-133_00450.jpg,0.48302209924762696,0.0,0.0,0.0,0.0,0.0,0.0,0.9660441984952539,0.4999999999999376
RipVIS-134_00000.jpg,0.49096522955240995,0.0,0.0,0.0,0.0,0.0,0.0,0.9819304591048199,0.4999999999999386
RipVIS-134_00060.jpg,0.4912122034142926,0.0,0.0,0.0,0.0,0.0,0.0,0.9824244068285852,0.4999999999999386
RipVIS-134_00120.jpg,0.49124210310565064,0.0,0.0,0.0,0.0,0.0,0.0,0.9824842062113013,0.4999999999999386
RipVIS-134_00180.jpg,0.6280434035654288,0.27249502500794653,0.42828462139762763,0.346771157726657,0.5598961211121682,0.375346342475293,0.01822695035331724,0.9836920090662394,0.6709418160883556
RipVIS-134_00240.jpg,0.609721975279885,0.2346267745368058,0.3800772498633534,0.2893872755731911,0.5535531642025218,0.31992180540268716,0.010647459484017265,0.9848875144674738,0.6427950554469586
RipVIS-134_00300.jpg,0.761054663335892,0.5340526571727328,0.6962637881765997,0.9337040062608685,0.5551018183052165,0.8216273075235943,0.017805826335842347,0.9882179542822882,0.9613609834419254
RipVIS-134_00360.jpg,0.7447543578067266,0.5092274763517886,0.6748187192864117,0.7279273048759834,0.6289326490686106,0.7057113637424518,0.005902309801277952,0.9806766010801287,0.8578814095645341
RipVIS-134_00420.jpg,0.6823107189612037,0.3854033475630633,0.5563770987575442,0.46078439839846613,0.7020145532014289,0.4947888167766898,0.02511757713447116,0.979485435956672,0.7275835093514081
RipVIS-134_00480.jpg,0.6458890733458552,0.3369224192268426,0.5040268820111321,0.7772243301486903,0.37293777018444185,0.6387383204529782,0.028119166147008434,0.9558680555554403,0.8691998479958462
RipVIS-134_00540.jpg,0.6780629356363121,0.3754652550469077,0.54594654960456,0.45313799774470515,0.6865637243555069,0.48619866576901893,0.0465233456473786,0.9808828848378447,0.7238772710984971
RipVIS-134_00600.jpg,0.5676329358912716,0.16659890287135656,0.28561470863945737,0.4191107827902367,0.2166172978316175,0.35309606204434474,0.015865865865071778,0.9688620032792041,0.6981303434860149
RipVIS-134_00660.jpg,0.6038925887161024,0.25618973892391084,0.4078838267591176,0.8961686707237939,0.26402671014779094,0.605991481474881,0.024784193361796117,0.9523892023532802,0.9248028997068746
RipVIS-134_00720.jpg,0.6026646823851566,0.24829334559832214,0.3978124957147987,0.7984218817663475,0.26489901468215155,0.5691580397906991,0.02882837451551402,0.9576372010029709,0.8794495874863884
RipVIS-134_00780.jpg,0.5738669331048137,0.18061343380640485,0.3059654051607574,0.46821847737033034,0.2272246166020924,0.3862807893251591,0.020317980956661746,0.9673570119597599,0.7216828525838798
RipVIS-134_00840.jpg,0.5741897213338727,0.17549906914093566,0.2985949946675701,0.32230873391792614,0.27813157279575756,0.31238516457556825,0.01052794550185643,0.9730360243054382,0.6535712351386564
RipVIS-137_00000.jpg,0.781828183012424,0.6983876082132564,0.8224125103550144,0.7683651475261991,0.8846386347686842,0.7891086258546808,0.016657218854198873,0.8973063151039233,0.8617295310693089
RipVIS-137_00030.jpg,0.8013275989061255,0.7183898857887592,0.8361197790209416,0.7365492008972868,0.9668195023719639,0.7733892904128618,0.009444635741578796,0.9106461588539196,0.8626102212968529
RipVIS-137_00060.jpg,0.7422160607055797,0.6303669755467217,0.7732823161918336,0.651733300211898,0.9505635133199403,0.6954598727272383,0.010536760536262674,0.8831469726560105,0.8184022518430081
RipVIS-137_00090.jpg,0.8104801556584662,0.7318232246301808,0.8451477197234801,0.7556624821716929,0.958673429398902,0.7890820578248533,0.018824814979445447,0.9148866102428075,0.8706034191998636
RipVIS-137_00120.jpg,0.800515753852858,0.7324323634156851,0.8455537761619881,0.7432960821461506,0.9804355257062911,0.7810803000527341,0.02502234137505186,0.9033599175344772,0.8675501740694981
RipVIS-137_00150.jpg,0.8119930437597735,0.7683678618408485,0.8690136010965359,0.7889788144101205,0.9671191150312768,0.8191560066536651,0.008879547014032277,0.9023749457462831,0.8851515167380044
RipVIS-143_00000.jpg,0.9124496268475961,0.8412645764062467,0.91378999757679,0.9687432317719309,0.8647366722869222,0.9459874262944609,0.013365735114806723,0.9849408034335232,0.9775691468474224
RipVIS-143_00012.jpg,0.9116879018783066,0.8399095208603892,0.9129900262352312,0.9520438420132239,0.8770140111447001,0.9360281270615234,0.012602454161529233,0.9847860001927825,0.9699130860739229
RipVIS-143_00024.jpg,0.9279665759375508,0.8696035175944155,0.9302544731123723,0.9322141286131248,0.9283030393133334,0.9314292764868926,0.028618437451831357,0.9874717881943254,0.9625629712276191
RipVIS-143_00036.jpg,0.9191440793397351,0.8531880234192148,0.9207786934053727,0.9634515901911329,0.8817255795452181,0.945916434495743,0.017516484621859542,0.9862874951773501,0.9758991054488224
RipVIS-143_00048.jpg,0.9324830351495861,0.877753266543663,0.9348973394777507,0.9456694012951249,0.9243679215015037,0.941330924979527,0.01759671017942922,0.9882881221063623,0.9690586429047126
RipVIS-143_00060.jpg,0.7856922770871095,0.6212221384095477,0.7663627626242254,0.9878740782991431,0.6259955772094213,0.8854957582648983,0.010954872465216037,0.953928192515317,0.9694953765537879
RipVIS-143_00072.jpg,0.7719960673941806,0.6029802870293652,0.7523240203369003,0.9458840955981821,0.6245249603021349,0.857623377596738,0.010946767225197818,0.9458620273918612,0.9458720110176233
RipVIS-143_00084.jpg,0.7673527424461277,0.594026049722605,0.7453153602175803,0.963510009001829,0.6076973672737976,0.8625085965328467,0.011929059046663063,0.9454171489196391,0.9536459362363667
RipVIS-143_00096.jpg,0.7619297537218988,0.5873811819334308,0.740063179050668,0.946830916117498,0.6074163625889647,0.8516529097531284,0.011823908223534366,0.9417459972992691,0.9440444029874548
RipVIS-143_00108.jpg,0.7545870271759387,0.5756204718998015,0.7306587876530294,0.9205024121893878,0.6057329465548564,0.8338412024264875,0.005908316824595686,0.9390470679011214,0.9306897184387357
RipVIS-143_00120.jpg,0.7588375770530621,0.5834376566408561,0.7369253272384279,0.9390227204987355,0.6064126091930133,0.8461969282207171,0.017106175000287917,0.939783830053899,0.9394408278093901
RipVIS-143_00132.jpg,0.7425941272715901,0.5555964934354959,0.7143195498062289,0.9369480440588256,0.5771764803019891,0.8330900029447943,0.0066177528410797815,0.9352880256557514,0.9360395920455435
RipVIS-143_00144.jpg,0.73744120918136,0.5498772461423772,0.7095752228262128,0.9315641916067051,0.573025059906065,0.8279547051033712,0.010390895595872238,0.9312991898147025,0.931418571583205
RipVIS-143_00156.jpg,0.7425684856186764,0.5564128385918318,0.714993894672891,0.9497804499263286,0.5732788605515552,0.8395105366002377,0.015664405213807964,0.9345735677082206,0.9414578819073471
RipVIS-143_00168.jpg,0.743548958954372,0.5579568118013235,0.7162673670731718,0.9079145611379743,0.5914261469681608,0.8201387916994769,0.008104937613021047,0.9349584056711836,0.9227807374686876
RipVIS-143_00180.jpg,0.7418973971429366,0.5546032429787128,0.7134981166204951,0.9636581847575678,0.5664507830972214,0.8451331039273493,0.010373594486384708,0.9349288676696403,0.947974846870565
RipVIS-143_00192.jpg,0.7376885483270637,0.5430656972813054,0.703878905788809,0.9505342284839507,0.5588596993688595,0.8336782340005913,0.00421453080694411,0.9373513454859981,0.9433825796676651
RipVIS-143_00204.jpg,0.7436854676848299,0.552699052199858,0.7119203833051823,0.9702880823417297,0.5622143109290223,0.8472898710124064,0.005845389448858491,0.9395513840662447,0.9536380213706547
RipVIS-143_00216.jpg,0.7483016739134033,0.560190885866405,0.7181055740564973,0.948880032979175,0.5776234019963512,0.8407985292756726,0.007578278067074109,0.9411766975307507,0.9446981626698238
RipVIS-143_00228.jpg,0.7624836078321008,0.5838870615646996,0.7372837063115926,0.8975815342917385,0.6255649405028508,0.8257672787652616,0.012412810319792513,0.9455794270832193,0.9238120684253592
RipVIS-143_00240.jpg,0.7830529904117043,0.6187947107025231,0.7645128892643579,0.9177978110675178,0.6551018280524807,0.8496554084133185,0.010677242220459227,0.9514625530477248,0.9362108596039508
RipVIS-143_00252.jpg,0.8205257251555074,0.6812499480928739,0.8104088852054983,0.9447676553018174,0.7095073239709144,0.8860105096022985,0.01557657156419071,0.9629818913964888,0.9547071287557285
RipVIS-143_00264.jpg,0.8064088727335185,0.6576540636194813,0.7934756449527185,0.9208103336992918,0.6970796576464547,0.8652680431899981,0.01521002443000985,0.9587192563656252,0.9415510048140252
RipVIS-143_00276.jpg,0.7792121224429278,0.6108848370336782,0.7584463184327641,0.905560401970682,0.6524514106187451,0.840359373955614,0.017341727045280843,0.9515312741125396,0.9306544469809008
RipVIS-143_00288.jpg,0.7607154555959752,0.5791032189068032,0.7334583477167633,0.950548636863112,0.5970919751708486,0.8499238550874363,0.005867459711213782,0.9465675636572932,0.948391244940801
RipVIS-143_00300.jpg,0.7767762691826384,0.6073804660940121,0.7557395139558549,0.913942921031329,0.6442243570824483,0.8433274395089396,0.01031209718330096,0.95030984760791,0.933796216299968
RipVIS-143_00312.jpg,0.7977145181162061,0.6426446523160481,0.7824512153738798,0.9301679780008996,0.675221605293277,0.8648583114616502,0.01858224363310869,0.9564796730322921,0.9445324489578593
RipVIS-143_00324.jpg,0.8368299583738734,0.7077808767381825,0.8288895681863188,0.9444958261467732,0.738497498707378,0.89458810058627,0.02286120282430471,0.968483675732908,0.9575443492391542
RipVIS-143_00336.jpg,0.8395084174174581,0.7120863897523311,0.8318346480814451,0.8940903063903191,0.7776843556842247,0.8681023141052333,0.01969093788708998,0.9694307002313646,0.9352402168128173
RipVIS-143_00348.jpg,0.8264911079724758,0.6888982835876227,0.8157960609969223,0.8711923560546333,0.7670235239616972,0.8481549122530881,0.01452290967707661,0.9667299623841427,0.9233739048808127
RipVIS-143_00360.jpg,0.8069183134008118,0.6569155902192075,0.7929379071534942,0.8903346772249734,0.7147490520389037,0.8486392452398491,0.01610498061368902,0.9602036313656249,0.9285388681564074
RipVIS-143_00372.jpg,0.789476190689768,0.6286422063688575,0.7719831942344758,0.9140864575404781,0.6681180183540258,0.8513978335300125,0.020398779416444475,0.9541655815971072,0.9359847934269014
RipVIS-143_00384.jpg,0.8241563951249029,0.6863489656635586,0.8140058548243463,0.9328428007474604,0.7220254111028034,0.8813739853746249,0.009396882764427518,0.9648864293980318,0.9503027793473025
RipVIS-143_00396.jpg,0.8266563073720503,0.6897996906034439,0.8164277629345639,0.9328657599926075,0.7258312956858726,0.8825201526523184,0.011955630367648339,0.9662512056325995,0.9510188806190174
RipVIS-143_00408.jpg,0.8282178879980091,0.6926650972610352,0.8184313581958564,0.9399719570875306,0.7247229636343042,0.8872667746270746,0.01790502551604943,0.9665055941356859,0.9543972703188572
RipVIS-143_00420.jpg,0.783531683994191,0.6193152414756672,0.7649100380371778,0.9423468181758375,0.6437052137746492,0.8623324452993917,0.016244805439438997,0.9518418451001939,0.9475248266313032
RipVIS-143_00432.jpg,0.7653433533086607,0.5896342490378591,0.7418489497124772,0.9484291667995121,0.6091649047029282,0.8533746078795136,0.01677078529131815,0.9456553819443304,0.9469178458518157
RipVIS-143_00444.jpg,0.7536873920462852,0.5702525526209441,0.7263195358850048,0.9670427328673882,0.5815547628537051,0.8538469517773568,0.01260051396781064,0.9419644579474172,0.9534186453788815
RipVIS-143_00456.jpg,0.7552976435887401,0.5730074829726175,0.7285502315472357,0.9746458400156691,0.5816780066746204,0.8586316181454324,0.016067583236041592,0.9424111448687135,0.9571404476181322
RipVIS-143_00468.jpg,0.7697034740577283,0.595917559201933,0.7468024344564917,0.9465479899110717,0.6166695660571986,0.8550668703599474,0.01738282836417095,0.9478366126542067,0.9472492977650744
RipVIS-143_00480.jpg,0.7673906850465713,0.588990355724415,0.7413391196523612,0.8884374888540192,0.6360315393511753,0.823108209908632,0.011904761904292622,0.9496985918208731,0.9217727001664981
RipVIS-143_00492.jpg,0.7513999649369411,0.5597644216303632,0.7177550838674246,0.8643025975535459,0.6136988822530932,0.799044676929467,0.020078623662337633,0.9468828366125401,0.9090927466913228
RipVIS-143_00504.jpg,0.7414774228207428,0.5390918632673101,0.700532406328082,0.8382571240630611,0.6016774647764165,0.777142608621073,0.012441273707480369,0.9473218074844537,0.8971157186578269
RipVIS-143_00516.jpg,0.7512403701700034,0.5536979266754932,0.7127484914139801,0.8051017357781031,0.6394025999153067,0.7654299897222474,0.010913010283787083,0.9518428096063667,0.884353431907406
RipVIS-143_00528.jpg,0.7547527837806388,0.558637469585732,0.7168279737740573,0.8097381212415942,0.643044424786347,0.7698263529555001,0.014240293761397148,0.9537445746526627,0.8873530967001371
RipVIS-143_00540.jpg,0.7470830211332506,0.5447064202953538,0.7052555917922628,0.8249333677527404,0.6159030351641877,0.7724979990526126,0.01989802824437585,0.952341338734453,0.8933674073997833
RipVIS-143_00552.jpg,0.7450364089434616,0.5387830300332894,0.7002716036212507,0.7974794763211186,0.6241870216995155,0.7555281619963204,0.017099165893554254,0.9539122781634652,0.8813586411265434
RipVIS-143_00564.jpg,0.738526863109543,0.5270063932217056,0.6902477888253212,0.7833317510317195,0.6169366898590111,0.7432396602970089,0.014495429784207578,0.9526809654705641,0.8741166865855543
RipVIS-143_00576.jpg,0.738429205586262,0.5252060853322059,0.6887017962793015,0.7542533487607086,0.6336332404860608,0.7265902195711421,0.010012107664617112,0.954106746720564,0.8613911015476599
RipVIS-143_00588.jpg,0.7501125222599583,0.5422214803239456,0.7031694049677628,0.8132419061475127,0.6193413886988198,0.7653212628378179,0.014787701316994256,0.9599936101464892,0.8911577680502258
RipVIS-143_00600.jpg,0.7470896842264263,0.5367425029975109,0.6985457901379855,0.8073587738812047,0.6155800677453188,0.7600042112733448,0.01611888281058527,0.9594372106480324,0.888097894091787
RipVIS-143_00612.jpg,0.7508594400184638,0.5413662264013575,0.702449835903425,0.8316467960258012,0.6079970355834668,0.7746558610065776,0.015530545042732071,0.9621251687884642,0.9005923020961075
RipVIS-143_00624.jpg,0.7481222089341837,0.5337809451065947,0.6960328289506792,0.8467272817341028,0.5908734137813512,0.7792433127525102,0.009694149580258148,0.9640101755400072,0.9083684439531312
RipVIS-143_00636.jpg,0.7416324791671978,0.5217680313190615,0.68573924616723,0.805805706902878,0.5968130561880953,0.753063954562038,0.005888414544094979,0.9630491657020444,0.8885680583792979
RipVIS-143_00648.jpg,0.759343972353051,0.5532998301030033,0.7124185805985861,0.8217853519083831,0.6287427578844936,0.7742423017641251,0.03007258900646523,0.9668109809026612,0.898116577432895
RipVIS-143_00660.jpg,0.7493644266108153,0.5334875582540615,0.6957833539405549,0.8627919948822149,0.5829442001371778,0.7872104524122097,0.022559783424948122,0.9665700954859946,0.9170867826612178
RipVIS-143_00672.jpg,0.5909543316700856,0.3237289051293665,0.48911662180214893,0.39412600521535357,0.6444358894441763,0.4273218210635864,0.010086898208665039,0.8671956983023645,0.6761519931535762
RipVIS-143_00684.jpg,0.5850193712093091,0.31829527436520705,0.4828891987320131,0.3895895288760565,0.6349477368388652,0.42222065665978725,0.006143935908026526,0.8613417486495875,0.6724748211523558
RipVIS-143_00696.jpg,0.591364346216573,0.32825337556080825,0.49426319044318606,0.38791472299174823,0.6809479645834187,0.4244451302681331,0.010229419702827815,0.8641367669752045,0.6751924829633935
RipVIS-143_00708.jpg,0.5847524959676637,0.31311448214826026,0.4769035547243433,0.365676407570692,0.6853719219432126,0.4033007826039887,0.012504597278057413,0.865214120370266,0.6658873123034996
RipVIS-143_00720.jpg,0.6297764313223485,0.39529393878237956,0.5666102715637649,0.4796631035201143,0.6920575835931678,0.5110304489801102,0.010812687547781348,0.8753220244983513,0.717987168301008
RipVIS-143_00732.jpg,0.6051819876682596,0.34469500188573304,0.5126738798052347,0.4026510136225596,0.7054299429740579,0.4404612565870521,0.01059013528869794,0.8745342640816847,0.6848452157624308
RipVIS-143_00744.jpg,0.6117125176160251,0.36499592699802813,0.5347941627939458,0.41369459701803446,0.7561353818113628,0.4548976724755416,0.007197141275172451,0.86908239293971,0.6920145460820997
RipVIS-143_00756.jpg,0.6547157411541954,0.41670965943347177,0.5882781368203699,0.44659913650921235,0.8616174425430356,0.49420857306291327,0.016428438833722282,0.9003584346063729,0.7164991814681497
RipVIS-143_00768.jpg,0.6298678674060242,0.37609972398786923,0.5466169601399974,0.40197257762188915,0.8538707868772624,0.44955680677291265,0.006154321941977599,0.8912635030863123,0.6942845498664559
RipVIS-143_00780.jpg,0.6399094808818173,0.39344083301863386,0.5647040386584861,0.41398421395119195,0.8879991639968868,0.46346370286771515,0.015329125337665834,0.8941772762344601,0.701802946769805
RipVIS-143_00792.jpg,0.6135209158930834,0.34807902499770266,0.5164074487373554,0.36610326009869654,0.8760855607141844,0.4143421986670645,0.012489618603063642,0.8863100405091524,0.6779054665476252
RipVIS-143_00804.jpg,0.6107365931493343,0.34554598479979187,0.513614530760473,0.36204592860352536,0.8834778209723924,0.4105018749553237,0.017209457613220947,0.883555410879523,0.6761391922387432
RipVIS-143_00816.jpg,0.6199059937591239,0.36377166546039597,0.5334788435241323,0.3863494487626557,0.8615885402347927,0.43425515181709207,0.013481775201662901,0.8842445505400168,0.6867595839252587
RipVIS-143_00828.jpg,0.6065270427741247,0.3444443872830824,0.5123966309668667,0.3733400710947422,0.8165243624499549,0.4188027157737339,0.01631316377387099,0.8770945457174868,0.6778972029161349
RipVIS-143_00840.jpg,0.6306946868599291,0.3815212956318143,0.552320542344347,0.393677830787111,0.925122823012118,0.44477931327260406,0.008027912433753422,0.8881563464505102,0.6934535583036168
RipVIS-143_00852.jpg,0.6282675760783505,0.3794698385879596,0.5501676484299056,0.3989735934202667,0.8858776841918079,0.44824756852780423,0.016126059712000058,0.8856610484181031,0.6940260199132461
RipVIS-143_00864.jpg,0.617159740993495,0.3576010043366693,0.5268131110604105,0.3737877499232484,0.89198295278375,0.422927475847223,0.014483465777541544,0.8846355372298316,0.6821988260458155
RipVIS-143_00876.jpg,0.607820816210618,0.34335581884514926,0.5111911736688259,0.3617200921236555,0.871184831100082,0.40963003016326854,0.01287895693159237,0.8802807918594617,0.6752633374148536
RipVIS-143_00888.jpg,0.5788474265976524,0.30187115911872886,0.463749668320594,0.3319774436703333,0.7689830971706935,0.37454782459480235,0.002998592497307429,0.8642844569829204,0.6552811477790181
RipVIS-143_00900.jpg,0.5708515207416432,0.29619405944746696,0.4570211648304061,0.33971427651312436,0.6980730973946793,0.37858380028737243,0.008802273148162261,0.8549403211804525,0.6537629106788837
RipVIS-143_00912.jpg,0.5549076836573555,0.2714378400303592,0.4269777593277826,0.3160495715621563,0.6578842995510715,0.3527021717281225,0.014696122119569669,0.8475569058640953,0.6400222319395747
RipVIS-143_00924.jpg,0.5446778086855869,0.2509859261107565,0.40126099082674316,0.2942586325590476,0.6305503562250689,0.3293937811955501,0.01720618255995573,0.8466739004628608,0.6288938478269956
RipVIS-143_00936.jpg,0.5549398607139785,0.26054649017352033,0.4133865624228661,0.2893774313409069,0.72338375249217,0.32883551783153575,0.010232126891280105,0.8569285300924893,0.6330170045722777
RipVIS-143_00948.jpg,0.5516668046097868,0.25275776976596787,0.40352217462309004,0.29587063625321436,0.6343158791560285,0.3312152418920296,0.007942238266909079,0.8577648775076127,0.6313740772338631
RipVIS-143_00960.jpg,0.6527501163786031,0.42658000316154576,0.5980456787788577,0.5070515585335162,0.7288416588497527,0.5399110776400599,0.020020462903519606,0.8889251784335348,0.735162136696414
RipVIS-143_00972.jpg,0.6929973166477998,0.4902424627675716,0.6579365103543331,0.5803662203706584,0.7594415600459008,0.6090907845439578,0.016959973352107922,0.9052513744211871,0.7730635625342173
RipVIS-143_00984.jpg,0.6448512698236226,0.4152733174020995,0.5868453991125651,0.5214969791345909,0.6709176138181261,0.5458084733712897,0.012802353453562804,0.884710768711313,0.7369279737983423
RipVIS-143_00996.jpg,0.6945524415727387,0.4912186575065308,0.6588150638188747,0.62284199991915,0.6991981799354305,0.6367492852780102,0.012308779175276233,0.9070500578702609,0.7888676173218663
RipVIS-143_01008.jpg,0.746238102689077,0.5817716324740365,0.7355949753177607,0.766839764100412,0.7067966361558379,0.7540286564146176,0.009669621272907073,0.9205707465276668,0.8566446818617267
RipVIS-143_01020.jpg,0.7448911170042688,0.5736986181845999,0.7291086254449557,0.7893451978448154,0.6774137727037156,0.7640944045805282,0.011715889675054486,0.9245987654319873,0.8669479660673294
RipVIS-143_01032.jpg,0.7269324451793542,0.5455157800288774,0.7059336269199201,0.7709397605269527,0.6510377108185255,0.7435516787425609,0.01096292344595991,0.9174322434412474,0.854990942323784
RipVIS-143_01044.jpg,0.7281459459034287,0.5421443780339361,0.703104567582849,0.8142801516670983,0.618640170255053,0.7658418836455779,0.009491934598664218,0.9220697096835307,0.8750630427656241
RipVIS-143_01056.jpg,0.7310334274177677,0.5430777419610506,0.7038890228186037,0.7750332997136278,0.6447079750957828,0.7449168637968385,0.015659889528274185,0.926104239004518,0.8602227059979821
RipVIS-143_01068.jpg,0.7145967624664564,0.5154460182418703,0.6802565212317624,0.7327740809646759,0.6347633431097957,0.7108231286676071,0.012078717887930747,0.9209962143131606,0.8390768199087579
RipVIS-143_01080.jpg,0.7815036073647228,0.6211815009290975,0.7663318395541758,0.8351815815722826,0.7079690947273167,0.8062086209317396,0.013610149941937424,0.9468918788579105,0.8975388413147308
RipVIS-143_01092.jpg,0.7602500122980804,0.5852394094544984,0.7383609137699736,0.7991146347686573,0.6861922618464287,0.7736516317795059,0.008940121309427656,0.940679494598652,0.8781785908533926
RipVIS-143_01104.jpg,0.7802710607226576,0.6153337696992153,0.7618657905155961,0.8930650048890044,0.6642775009956537,0.835512317269728,0.013534781239776382,0.9496237220292064,0.9241492125162071
RipVIS-143_01116.jpg,0.7750534547776082,0.6040061426492344,0.7531219820039293,0.8416242692019549,0.6814618219015003,0.803839356130414,0.013070899728433902,0.9501953124998854,0.9012958677210051
RipVIS-143_01128.jpg,0.7945943022528377,0.6355210503003015,0.777148114582337,0.8275590509129566,0.7325261289864191,0.8066297278717207,0.01727761636838482,0.9571308352622303,0.8987777017843017
RipVIS-143_01140.jpg,0.7558613609480005,0.5654695916520412,0.7224280748312725,0.7237066727521035,0.7211539868290884,0.7231946908627428,0.010144543163700287,0.9497665895060583,0.8479601124951806
RipVIS-143_01152.jpg,0.7517755492501554,0.553195165268915,0.712331814621811,0.7211134382801145,0.7037615005550396,0.7175749339562852,0.01413211550166737,0.953230613425811,0.8473053038610768
RipVIS-143_01164.jpg,0.7186564469003299,0.49238027781459975,0.6598589985866441,0.6314498269626956,0.6909448754206696,0.6425148050306856,0.005128391648900546,0.947724850501429,0.8033946011138076
RipVIS-143_01176.jpg,0.7281853049934932,0.5072321249669558,0.6730643761697638,0.6431349017703091,0.705915460188031,0.6547814940782536,0.004759248930851116,0.9516688368054408,0.8103357228279193
RipVIS-143_01188.jpg,0.7338562603834287,0.5168236608669116,0.6814551674009764,0.6451968859820216,0.7220313323018498,0.6592271222543616,0.009780047132373132,0.9533399643131566,0.8121858938340059
RipVIS-143_01200.jpg,0.7347438250054895,0.5162434779868771,0.6809506329053375,0.6143199556144425,0.7637935945390177,0.6393437411503442,0.00737316169114929,0.955466218171181,0.799195244671191
RipVIS-143_01212.jpg,0.8210567388044786,0.6701285840737744,0.8024874138004369,0.7119159537676998,0.9194635155563619,0.7455752160684769,0.019193857964650177,0.9734934413579073,0.853406728558325
RipVIS-143_01224.jpg,0.8033732040310713,0.6374023889523871,0.7785531439955921,0.6760375472797093,0.9177175474715727,0.7136239798521214,0.006963379336089459,0.9709115788964878,0.835538869750005
RipVIS-143_01236.jpg,0.8305031479734923,0.6833182672566052,0.8118705541884791,0.776488092203576,0.8506315321753183,0.7902644268166353,0.021658191063310107,0.9787128665122277,0.8839577121509533
RipVIS-143_01248.jpg,0.8240463976130086,0.6706284117745277,0.8028456921335269,0.741650276675108,0.8750480944939616,0.7649737557748227,0.02346696465877604,0.9784530526619191,0.8674959077299174
RipVIS-143_01260.jpg,0.8226942730933533,0.6681570590558003,0.8010721237890949,0.7631112221173086,0.8430074567322925,0.7778555107699417,0.016199548989083733,0.9782295283563636,0.8772252597916295
RipVIS-143_01272.jpg,0.8212133073742349,0.6655247660339365,0.7991772678574217,0.7421998936958846,0.865630165876072,0.7639872951775003,0.018693301566082045,0.9779167872298203,0.8674749648049123
RipVIS-143_01284.jpg,0.8190915835923298,0.6617570947193386,0.796454664550243,0.744694542927833,0.8559474376539444,0.764569734426682,0.009246249376365577,0.9774653983409315,0.8684039004830086
RipVIS-143_01296.jpg,0.8027442253157284,0.6308699907601678,0.7736606772267749,0.7022549592594206,0.8612311972546403,0.7291749044557435,0.005826558265319487,0.9756737075616108,0.8475672133901129
RipVIS-143_01308.jpg,0.8289251468448878,0.6785922518458197,0.8085254189629716,0.7397679901177061,0.8913737855475204,0.7658182247110205,0.022764842014699624,0.9801282793208694,0.8671738685491535
RipVIS-143_01320.jpg,0.833805839647136,0.6876020378042691,0.8148864748929846,0.7431161261094168,0.9020020694134109,0.7702518031740799,0.013125111229172223,0.9808521412035854,0.8691309763089963
RipVIS-143_01332.jpg,0.8231737353639903,0.6677970129239913,0.8008132977204531,0.7288413748812659,0.8885568709547381,0.7560198456449835,0.010010513324038465,0.9794370900847584,0.861672664660885
RipVIS-143_01344.jpg,0.8362983012491505,0.6897892811150489,0.8164204718589226,0.759106126920932,0.8830963802096201,0.781038305446232,0.0150815635572442,0.9834403935184,0.876991565266205
RipVIS-143_01356.jpg,0.8166701757641164,0.6525751469982884,0.789767591729327,0.7188465448273251,0.8762144819849909,0.7456295261248765,0.017736530032599302,0.9814359085646964,0.8568346583620863
RipVIS-143_01368.jpg,0.6044486821557361,0.29029314772058823,0.4499646428928427,0.30378417333209384,0.8673155122530974,0.34915650429606265,0.008938148015376072,0.9212268518517408,0.6491350474664592
RipVIS-143_01380.jpg,0.5795235491061091,0.24783202433026627,0.39722016985945224,0.2618053157095163,0.8228022169762848,0.3031426037864729,0.0015921711777565077,0.9137385464890874,0.6274694395300014
RipVIS-143_01392.jpg,0.5830659342553972,0.2562529557979232,0.40796394486516646,0.26329214792987665,0.9055250841907206,0.30681281924611425,0.008431041919594092,0.9125929542822974,0.6298721746863556
RipVIS-143_01404.jpg,0.5670686855208291,0.23066785308198065,0.3748661387462353,0.23840880269828052,0.8766071764009896,0.27903863238311566,0.006000078948170368,0.9061847752699524,0.6169598730403767
RipVIS-143_01416.jpg,0.5584843007360198,0.21719829242282834,0.35688234821706166,0.2231515813188648,0.8906076383341908,0.26249661975336597,0.0034629728288506365,0.9024822771989652,0.6096847784348063
RipVIS-143_01428.jpg,0.6100443173929686,0.30538890439364347,0.4678895360084241,0.3153811117197175,0.9060053244987323,0.36266536995574006,0.02273385461834876,0.9177830825616177,0.6555727677606094
RipVIS-143_01440.jpg,0.5950143025064112,0.27757462203061845,0.4345337129340161,0.2839343062081707,0.925331843235179,0.3296313718823852,0.01323545767941143,0.9153029755014328,0.6404841907960839
RipVIS-143_01452.jpg,0.5531243023565384,0.2036242809846479,0.3383518996776455,0.2078161033343979,0.9098692290978349,0.24573833701480655,0.008597266717685337,0.904989872685076,0.6025455593601611
RipVIS-144_00000.jpg,0.7020317164965035,0.48351841732308387,0.651853609199625,0.9855730862354172,0.48696505330027823,0.8180510710143346,0.012474153418105347,0.9260460069443328,0.953560760191126
RipVIS-144_00060.jpg,0.6915809439986419,0.4679362400005302,0.6375430039118881,0.9877046859134424,0.4706779597247475,0.8097968053736454,0.007435781883492056,0.9211076147761235,0.95189027707243
RipVIS-144_00120.jpg,0.7023296177984162,0.48390957682310703,0.6522089814382169,0.9846445875028796,0.48758917386333595,0.8178906833162356,0.0060824580653368095,0.9262313126927896,0.9532312404882963
RipVIS-144_00180.jpg,0.7386108833444209,0.5365410981651572,0.6983751997338197,0.9147703381538926,0.5647740590112925,0.8138945744331915,0.011203983638228561,0.9444925491897009,0.9307542755780256
RipVIS-144_00240.jpg,0.7217430835445235,0.5021813487098176,0.668602827669412,0.8801715333577329,0.5390340623064585,0.7812818579765718,0.008327600564527042,0.9445858651619231,0.9145628975175615
RipVIS-144_00300.jpg,0.6658696475476361,0.42048119065740897,0.5920264110822998,0.9764392454779262,0.4247910780967684,0.7751198389685584,0.0010935421900075796,0.9166263985338401,0.9445576621313011
RipVIS-144_00360.jpg,0.5379135073559577,0.2083926587703609,0.3449088460739535,0.5415957477697259,0.2530212033790682,0.44100187406757807,0.00034642395992988303,0.8719046585647097,0.7177159944986164
RipVIS-144_00420.jpg,0.5794223574934223,0.25319688057305706,0.40408156850386695,0.4573026813100497,0.361956850736829,0.43441610556818083,0.0007059031147663503,0.908572530864088,0.6993440629484972
RipVIS-144_00480.jpg,0.5648517098427727,0.23087071987647814,0.37513398628841665,0.44135212915306626,0.3261936182899028,0.4122445868414014,0.0017749764543296756,0.901814356674274,0.6880577049266405
RipVIS-144_00540.jpg,0.586585539763139,0.3203678150517241,0.4852705608234991,0.9697458398259895,0.3236021685116473,0.6930000906530522,0.0017108182522464963,0.8623539978779824,0.9121995916919519
RipVIS-144_00600.jpg,0.5027495728687179,0.1780354804227418,0.3022582653603153,0.432853355738099,0.23220137594235107,0.36906874318038707,0.0016873043951098842,0.8336792293594674,0.6514600612192682
RipVIS-144_00660.jpg,0.5028797922301536,0.15617192029654736,0.2701534565144788,0.3321632463550625,0.22765395115778522,0.30423056858828823,0.0005679397983612118,0.8536613859952674,0.6160605352338558
RipVIS-144_00720.jpg,0.5181968732503002,0.18628096767738694,0.31405876474964517,0.40683729849470196,0.2557381315288154,0.3638430235079691,0.0033529737295044442,0.8550852382329216,0.6508595366868748
RipVIS-144_00780.jpg,0.4994704209963185,0.1485012952290291,0.258600135404141,0.3181126216985769,0.21784559687290547,0.2912977078987732,0.0027383523602769843,0.8542414158949587,0.6094583695533251
RipVIS-146_00000.jpg,0.7371154216200386,0.4935649521538312,0.6609219792444567,0.5133749435233234,0.9274874238117473,0.563713240806343,0.016003628351950003,0.9810234616125361,0.7559374963063642
RipVIS-146_00030.jpg,0.7161264058564305,0.4538692183411403,0.6243604481275193,0.4795691033454788,0.8943962751764681,0.5286030529664766,0.005626333828776671,0.9787650704088325,0.7387029006989094
RipVIS-146_00060.jpg,0.6078729175518033,0.24432454345313462,0.39270228131176727,0.2515136058919626,0.8952642561463842,0.2937599368682473,0.011575562700034119,0.9716829427082162,0.6252010299635424
RipVIS-146_00090.jpg,0.5895194276463217,0.20880157373931604,0.34546873246269466,0.21144479590132037,0.9435127205712439,0.250283616821091,0.010920845709337686,0.9704692322529694,0.605480180485379
RipVIS-146_00120.jpg,0.6155413174720772,0.2588836605540844,0.4112908423009311,0.2609004212335467,0.971006731003189,0.3055977150369782,0.0056296050992938485,0.972466362847105,0.6303011237642935
RipVIS-146_00150.jpg,0.7076100465287256,0.4367780386014188,0.6079965406856929,0.44612028078017607,0.9542490519502802,0.49929418552377436,0.0012871756655181102,0.9787965374227214,0.7226508738802307
RipVIS-146_00180.jpg,0.7564188691672931,0.5322654815256131,0.6947431602983818,0.5577968815565538,0.9208150486261666,0.6055421483419121,0.016116280483116446,0.9809924768517335,0.7779308968960104
RipVIS-146_00210.jpg,0.7783692066614503,0.5755034120131572,0.7305644756145423,0.6397842274608181,0.8513665588168432,0.6732474307079638,0.018929804371753175,0.9817005449458692,0.8176391312330573
RipVIS-146_00240.jpg,0.7402578825632613,0.502339225651675,0.6687427407532057,0.5533421648841993,0.8449609838365577,0.5943686976990056,0.019267299863007646,0.9786469184026597,0.7746135175430919
RipVIS-146_00270.jpg,0.7344722544799779,0.49357716664214735,0.660932930237284,0.6018930061513356,0.7328150495708414,0.6241963306132956,0.010553284938049577,0.9759448543594502,0.79649924493153
RipVIS-146_00300.jpg,0.6945184766185484,0.4218995000620645,0.5934308297367697,0.4549418638678853,0.8531333713896924,0.5017822365260336,0.026508875738076396,0.9679071421680931,0.7253455116067948
RipVIS-146_00330.jpg,0.6541037031092143,0.3465516735350607,0.5147246560917625,0.3729481198045966,0.8304030702417697,0.4191259989452761,0.004226542687825954,0.9624199459875382,0.6843239284819636
RipVIS-146_00360.jpg,0.6316544611580401,0.30424198682450854,0.4665422366370201,0.31241739905213756,0.9208007676806474,0.35998686944975095,0.004961340205865893,0.9597867235724151,0.6554073629131427
RipVIS-146_00390.jpg,0.6702989907096297,0.3875727338198911,0.5586341160696209,0.4844492549834924,0.6596474989375942,0.5116261976816832,0.003713133884801977,0.9543813898532799,0.7343048724624304
RipVIS-146_00420.jpg,0.7594268969923126,0.5500840293696173,0.7097473671712152,0.6053598714095105,0.857637258675621,0.6431998252521594,0.012807163681132489,0.9699183786650065,0.7994299392346453
RipVIS-146_00450.jpg,0.7721168712263156,0.5854924737184742,0.7385622870164901,0.9184819656487349,0.6175847830017313,0.8369289335450993,0.007015520637786963,0.9610133342977236,0.9411039808444668
RipVIS-146_00480.jpg,0.8779006870562447,0.7734081626933744,0.8722280397297326,0.8907989686310308,0.8544156127328565,0.8832765023150687,0.022746419543873925,0.9833913242668567,0.940241600326446
RipVIS-146_00510.jpg,0.8556841827310873,0.7336074681548413,0.8463363034951086,0.8101230259391791,0.8859386105171946,0.8242299803147166,0.015914440691028837,0.9790442949458696,0.9010616682226429
RipVIS-147_00000.jpg,0.4578399884258707,0.0,0.0,0.0,0.0,0.0,0.0,0.9156799768517414,0.49999999999993416
RipVIS-147_00025.jpg,0.4578399884258707,0.0,0.0,0.0,0.0,0.0,0.0,0.9156799768517414,0.49999999999993416
RipVIS-147_00050.jpg,0.4578399884258707,0.0,0.0,0.0,0.0,0.0,0.0,0.9156799768517414,0.49999999999993416
RipVIS-147_00075.jpg,0.456745575327877,0.0,0.0,0.0,0.0,0.0,0.0,0.913491150655754,0.499999999999934
RipVIS-147_00100.jpg,0.45521387924377227,0.0,0.0,0.0,0.0,0.0,0.0,0.9104277584875445,0.4999999999999338
RipVIS-147_00125.jpg,0.45678090036645724,0.0,0.0,0.0,0.0,0.0,0.0,0.9135618007329145,0.499999999999934
RipVIS-147_00150.jpg,0.4537822506750996,0.0,0.0,0.0,0.0,0.0,0.0,0.9075645013501992,0.49999999999993355
RipVIS-147_00175.jpg,0.4537822506750996,0.0,0.0,0.0,0.0,0.0,0.0,0.9075645013501992,0.49999999999993355
RipVIS-147_00200.jpg,0.45378803771213666,0.0,0.0,0.0,0.0,0.0,0.0,0.9075760754242733,0.49999999999993355
RipVIS-147_00225.jpg,0.4531355492862108,0.0,0.0,0.0,0.0,0.0,0.0,0.9062710985724216,0.49999999999993344
RipVIS-147_00250.jpg,0.4537413194443897,0.0,0.0,0.0,0.0,0.0,0.0,0.9074826388887794,0.49999999999993355
RipVIS-147_00275.jpg,0.4550330343363649,0.0,0.0,0.0,0.0,0.0,0.0,0.9100660686727298,0.4999999999999337
RipVIS-147_00300.jpg,0.45503219039346365,0.0,0.0,0.0,0.0,0.0,0.0,0.9100643807869273,0.4999999999999337
RipVIS-147_00325.jpg,0.45503219039346365,0.0,0.0,0.0,0.0,0.0,0.0,0.9100643807869273,0.4999999999999337
RipVIS-147_00350.jpg,0.45457724488806245,0.0,0.0,0.0,0.0,0.0,0.0,0.9091544897761249,0.49999999999993366
RipVIS-147_00375.jpg,0.45492802372679697,0.0,0.0,0.0,0.0,0.0,0.0,0.9098560474535939,0.4999999999999337
RipVIS-NR-004_00000.jpg,0.49999999999975886,0.0,0.0,0.0,0.0,0.0,0.0,0.9999999999995177,0.49999999999975886
RipVIS-NR-004_00006.jpg,0.49999999999975886,0.0,0.0,0.0,0.0,0.0,0.0,0.9999999999995177,0.49999999999975886
RipVIS-NR-004_00012.jpg,0.49999999999975886,0.0,0.0,0.0,0.0,0.0,0.0,0.9999999999995177,0.49999999999975886
RipVIS-NR-004_00018.jpg,0.49999999999975886,0.0,0.0,0.0,0.0,0.0,0.0,0.9999999999995177,0.49999999999975886
RipVIS-NR-004_00024.jpg,0.49999999999975886,0.0,0.0,0.0,0.0,0.0,0.0,0.9999999999995177,0.49999999999975886
RipVIS-NR-004_00030.jpg,0.49999999999975886,0.0,0.0,0.0,0.0,0.0,0.0,0.9999999999995177,0.49999999999975886
RipVIS-NR-004_00036.jpg,0.49999999999975886,0.0,0.0,0.0,0.0,0.0,0.0,0.9999999999995177,0.49999999999975886
RipVIS-NR-004_00042.jpg,0.49999999999975886,0.0,0.0,0.0,0.0,0.0,0.0,0.9999999999995177,0.49999999999975886
RipVIS-NR-004_00048.jpg,0.49999999999975886,0.0,0.0,0.0,0.0,0.0,0.0,0.9999999999995177,0.49999999999975886
RipVIS-NR-004_00054.jpg,0.49999999999975886,0.0,0.0,0.0,0.0,0.0,0.0,0.9999999999995177,0.49999999999975886
RipVIS-NR-004_00060.jpg,0.49999999999975886,0.0,0.0,0.0,0.0,0.0,0.0,0.9999999999995177,0.49999999999975886
RipVIS-NR-004_00066.jpg,0.49999999999975886,0.0,0.0,0.0,0.0,0.0,0.0,0.9999999999995177,0.49999999999975886
RipVIS-NR-004_00072.jpg,0.49999999999975886,0.0,0.0,0.0,0.0,0.0,0.0,0.9999999999995177,0.49999999999975886
RipVIS-NR-004_00078.jpg,0.49999999999975886,0.0,0.0,0.0,0.0,0.0,0.0,0.9999999999995177,0.49999999999975886
RipVIS-NR-004_00084.jpg,0.49999999999975886,0.0,0.0,0.0,0.0,0.0,0.0,0.9999999999995177,0.49999999999975886
RipVIS-NR-004_00090.jpg,0.49999999999975886,0.0,0.0,0.0,0.0,0.0,0.0,0.9999999999995177,0.49999999999975886
RipVIS-NR-004_00096.jpg,0.49999999999975886,0.0,0.0,0.0,0.0,0.0,0.0,0.9999999999995177,0.49999999999975886
RipVIS-NR-004_00102.jpg,0.49999999999975886,0.0,0.0,0.0,0.0,0.0,0.0,0.9999999999995177,0.49999999999975886
RipVIS-NR-004_00108.jpg,0.49999999999975886,0.0,0.0,0.0,0.0,0.0,0.0,0.9999999999995177,0.49999999999975886
RipVIS-NR-004_00114.jpg,0.49999999999975886,0.0,0.0,0.0,0.0,0.0,0.0,0.9999999999995177,0.49999999999975886
RipVIS-NR-004_00120.jpg,0.49999999999975886,0.0,0.0,0.0,0.0,0.0,0.0,0.9999999999995177,0.49999999999975886
RipVIS-NR-004_00126.jpg,0.49999999999975886,0.0,0.0,0.0,0.0,0.0,0.0,0.9999999999995177,0.49999999999975886
RipVIS-NR-004_00132.jpg,0.49999999999975886,0.0,0.0,0.0,0.0,0.0,0.0,0.9999999999995177,0.49999999999975886
RipVIS-NR-004_00138.jpg,0.49999999999975886,0.0,0.0,0.0,0.0,0.0,0.0,0.9999999999995177,0.49999999999975886
RipVIS-NR-004_00144.jpg,0.49999999999975886,0.0,0.0,0.0,0.0,0.0,0.0,0.9999999999995177,0.49999999999975886
RipVIS-NR-004_00150.jpg,0.49999999999975886,0.0,0.0,0.0,0.0,0.0,0.0,0.9999999999995177,0.49999999999975886
RipVIS-NR-004_00156.jpg,0.49999999999975886,0.0,0.0,0.0,0.0,0.0,0.0,0.9999999999995177,0.49999999999975886
RipVIS-NR-004_00162.jpg,0.49999999999975886,0.0,0.0,0.0,0.0,0.0,0.0,0.9999999999995177,0.49999999999975886
RipVIS-NR-004_00168.jpg,0.49999999999975886,0.0,0.0,0.0,0.0,0.0,0.0,0.9999999999995177,0.49999999999975886
RipVIS-NR-004_00174.jpg,0.49999999999975886,0.0,0.0,0.0,0.0,0.0,0.0,0.9999999999995177,0.49999999999975886
RipVIS-NR-004_00180.jpg,0.49999999999975886,0.0,0.0,0.0,0.0,0.0,0.0,0.9999999999995177,0.49999999999975886
RipVIS-NR-004_00186.jpg,0.49999999999975886,0.0,0.0,0.0,0.0,0.0,0.0,0.9999999999995177,0.49999999999975886
RipVIS-NR-004_00192.jpg,0.49999999999975886,0.0,0.0,0.0,0.0,0.0,0.0,0.9999999999995177,0.49999999999975886
RipVIS-NR-004_00198.jpg,0.49999999999975886,0.0,0.0,0.0,0.0,0.0,0.0,0.9999999999995177,0.49999999999975886
RipVIS-NR-004_00204.jpg,0.49999999999975886,0.0,0.0,0.0,0.0,0.0,0.0,0.9999999999995177,0.49999999999975886
RipVIS-NR-004_00210.jpg,0.49999999999975886,0.0,0.0,0.0,0.0,0.0,0.0,0.9999999999995177,0.49999999999975886
RipVIS-NR-004_00216.jpg,0.49999999999975886,0.0,0.0,0.0,0.0,0.0,0.0,0.9999999999995177,0.49999999999975886
RipVIS-NR-004_00222.jpg,0.49999999999975886,0.0,0.0,0.0,0.0,0.0,0.0,0.9999999999995177,0.49999999999975886
RipVIS-NR-004_00228.jpg,0.49999999999975886,0.0,0.0,0.0,0.0,0.0,0.0,0.9999999999995177,0.49999999999975886
RipVIS-NR-004_00234.jpg,0.49999999999975886,0.0,0.0,0.0,0.0,0.0,0.0,0.9999999999995177,0.49999999999975886
RipVIS-NR-004_00240.jpg,0.49999999999975886,0.0,0.0,0.0,0.0,0.0,0.0,0.9999999999995177,0.49999999999975886
RipVIS-NR-004_00246.jpg,0.49999999999975886,0.0,0.0,0.0,0.0,0.0,0.0,0.9999999999995177,0.49999999999975886
RipVIS-NR-004_00252.jpg,0.49999999999975886,0.0,0.0,0.0,0.0,0.0,0.0,0.9999999999995177,0.49999999999975886
RipVIS-NR-004_00258.jpg,0.49999999999975886,0.0,0.0,0.0,0.0,0.0,0.0,0.9999999999995177,0.49999999999975886
RipVIS-NR-004_00264.jpg,0.49999999999975886,0.0,0.0,0.0,0.0,0.0,0.0,0.9999999999995177,0.49999999999975886
RipVIS-NR-004_00270.jpg,0.49999999999975886,0.0,0.0,0.0,0.0,0.0,0.0,0.9999999999995177,0.49999999999975886
RipVIS-NR-004_00276.jpg,0.49999999999975886,0.0,0.0,0.0,0.0,0.0,0.0,0.9999999999995177,0.49999999999975886
RipVIS-NR-004_00282.jpg,0.49999999999975886,0.0,0.0,0.0,0.0,0.0,0.0,0.9999999999995177,0.49999999999975886
RipVIS-NR-004_00288.jpg,0.49999999999975886,0.0,0.0,0.0,0.0,0.0,0.0,0.9999999999995177,0.49999999999975886
RipVIS-NR-004_00294.jpg,0.49999999999975886,0.0,0.0,0.0,0.0,0.0,0.0,0.9999999999995177,0.49999999999975886
RipVIS-NR-004_00300.jpg,0.49999999999975886,0.0,0.0,0.0,0.0,0.0,0.0,0.9999999999995177,0.49999999999975886
RipVIS-NR-004_00306.jpg,0.49999999999975886,0.0,0.0,0.0,0.0,0.0,0.0,0.9999999999995177,0.49999999999975886
RipVIS-NR-004_00312.jpg,0.49999999999975886,0.0,0.0,0.0,0.0,0.0,0.0,0.9999999999995177,0.49999999999975886
RipVIS-NR-004_00318.jpg,0.49999999999975886,0.0,0.0,0.0,0.0,0.0,0.0,0.9999999999995177,0.49999999999975886
RipVIS-NR-004_00324.jpg,0.49999999999975886,0.0,0.0,0.0,0.0,0.0,0.0,0.9999999999995177,0.49999999999975886
RipVIS-NR-004_00330.jpg,0.49999999999975886,0.0,0.0,0.0,0.0,0.0,0.0,0.9999999999995177,0.49999999999975886
RipVIS-NR-004_00336.jpg,0.49999999999975886,0.0,0.0,0.0,0.0,0.0,0.0,0.9999999999995177,0.49999999999975886
RipVIS-NR-004_00342.jpg,0.49999999999975886,0.0,0.0,0.0,0.0,0.0,0.0,0.9999999999995177,0.49999999999975886
RipVIS-NR-004_00348.jpg,0.49595196759235344,0.0,0.0,0.0,0.0,0.0,0.0,0.9919039351847069,0.49595196759235344
RipVIS-NR-004_00354.jpg,0.49999999999975886,0.0,0.0,0.0,0.0,0.0,0.0,0.9999999999995177,0.49999999999975886
RipVIS-NR-004_00360.jpg,0.49999999999975886,0.0,0.0,0.0,0.0,0.0,0.0,0.9999999999995177,0.49999999999975886
RipVIS-NR-004_00366.jpg,0.4964098668979087,0.0,0.0,0.0,0.0,0.0,0.0,0.9928197337958174,0.4964098668979087
RipVIS-NR-004_00372.jpg,0.4731049864966854,0.0,0.0,0.0,0.0,0.0,0.0,0.9462099729933708,0.4731049864966854
RipVIS-NR-004_00378.jpg,0.49999999999975886,0.0,0.0,0.0,0.0,0.0,0.0,0.9999999999995177,0.49999999999975886
RipVIS-NR-004_00384.jpg,0.49999999999975886,0.0,0.0,0.0,0.0,0.0,0.0,0.9999999999995177,0.49999999999975886
RipVIS-NR-004_00390.jpg,0.49999999999975886,0.0,0.0,0.0,0.0,0.0,0.0,0.9999999999995177,0.49999999999975886
RipVIS-NR-004_00396.jpg,0.49999999999975886,0.0,0.0,0.0,0.0,0.0,0.0,0.9999999999995177,0.49999999999975886
RipVIS-NR-004_00402.jpg,0.49999999999975886,0.0,0.0,0.0,0.0,0.0,0.0,0.9999999999995177,0.49999999999975886
RipVIS-NR-004_00408.jpg,0.49999999999975886,0.0,0.0,0.0,0.0,0.0,0.0,0.9999999999995177,0.49999999999975886
RipVIS-NR-004_00414.jpg,0.49999999999975886,0.0,0.0,0.0,0.0,0.0,0.0,0.9999999999995177,0.49999999999975886
RipVIS-NR-004_00420.jpg,0.49999999999975886,0.0,0.0,0.0,0.0,0.0,0.0,0.9999999999995177,0.49999999999975886
RipVIS-NR-004_00426.jpg,0.49999999999975886,0.0,0.0,0.0,0.0,0.0,0.0,0.9999999999995177,0.49999999999975886
RipVIS-NR-004_00432.jpg,0.49999999999975886,0.0,0.0,0.0,0.0,0.0,0.0,0.9999999999995177,0.49999999999975886
RipVIS-NR-004_00438.jpg,0.49999999999975886,0.0,0.0,0.0,0.0,0.0,0.0,0.9999999999995177,0.49999999999975886
RipVIS-NR-004_00444.jpg,0.49999999999975886,0.0,0.0,0.0,0.0,0.0,0.0,0.9999999999995177,0.49999999999975886
RipVIS-NR-004_00450.jpg,0.49999999999975886,0.0,0.0,0.0,0.0,0.0,0.0,0.9999999999995177,0.49999999999975886
RipVIS-NR-004_00456.jpg,0.49999999999975886,0.0,0.0,0.0,0.0,0.0,0.0,0.9999999999995177,0.49999999999975886
RipVIS-NR-004_00462.jpg,0.49999999999975886,0.0,0.0,0.0,0.0,0.0,0.0,0.9999999999995177,0.49999999999975886
RipVIS-NR-004_00468.jpg,0.49999999999975886,0.0,0.0,0.0,0.0,0.0,0.0,0.9999999999995177,0.49999999999975886
RipVIS-NR-004_00474.jpg,0.49999999999975886,0.0,0.0,0.0,0.0,0.0,0.0,0.9999999999995177,0.49999999999975886
RipVIS-NR-004_00480.jpg,0.49999999999975886,0.0,0.0,0.0,0.0,0.0,0.0,0.9999999999995177,0.49999999999975886
RipVIS-NR-004_00486.jpg,0.49999999999975886,0.0,0.0,0.0,0.0,0.0,0.0,0.9999999999995177,0.49999999999975886
RipVIS-NR-004_00492.jpg,0.49999999999975886,0.0,0.0,0.0,0.0,0.0,0.0,0.9999999999995177,0.49999999999975886
RipVIS-NR-004_00498.jpg,0.49999999999975886,0.0,0.0,0.0,0.0,0.0,0.0,0.9999999999995177,0.49999999999975886
RipVIS-NR-004_00504.jpg,0.49999999999975886,0.0,0.0,0.0,0.0,0.0,0.0,0.9999999999995177,0.49999999999975886
RipVIS-NR-004_00510.jpg,0.49999999999975886,0.0,0.0,0.0,0.0,0.0,0.0,0.9999999999995177,0.49999999999975886
RipVIS-NR-004_00516.jpg,0.49999999999975886,0.0,0.0,0.0,0.0,0.0,0.0,0.9999999999995177,0.49999999999975886
RipVIS-NR-004_00522.jpg,0.49999999999975886,0.0,0.0,0.0,0.0,0.0,0.0,0.9999999999995177,0.49999999999975886
RipVIS-NR-004_00528.jpg,0.49999999999975886,0.0,0.0,0.0,0.0,0.0,0.0,0.9999999999995177,0.49999999999975886
RipVIS-NR-004_00534.jpg,0.49999999999975886,0.0,0.0,0.0,0.0,0.0,0.0,0.9999999999995177,0.49999999999975886
RipVIS-NR-004_00540.jpg,0.49999999999975886,0.0,0.0,0.0,0.0,0.0,0.0,0.9999999999995177,0.49999999999975886
RipVIS-NR-004_00546.jpg,0.49999999999975886,0.0,0.0,0.0,0.0,0.0,0.0,0.9999999999995177,0.49999999999975886
RipVIS-NR-004_00552.jpg,0.49999999999975886,0.0,0.0,0.0,0.0,0.0,0.0,0.9999999999995177,0.49999999999975886
RipVIS-NR-004_00558.jpg,0.49999999999975886,0.0,0.0,0.0,0.0,0.0,0.0,0.9999999999995177,0.49999999999975886
RipVIS-NR-004_00564.jpg,0.49999999999975886,0.0,0.0,0.0,0.0,0.0,0.0,0.9999999999995177,0.49999999999975886
RipVIS-NR-004_00570.jpg,0.49999999999975886,0.0,0.0,0.0,0.0,0.0,0.0,0.9999999999995177,0.49999999999975886
RipVIS-NR-004_00576.jpg,0.49999999999975886,0.0,0.0,0.0,0.0,0.0,0.0,0.9999999999995177,0.49999999999975886
RipVIS-NR-019_00000.jpg,0.49999999999945743,0.0,0.0,0.0,0.0,0.0,0.0,0.9999999999989149,0.49999999999945743
RipVIS-NR-019_00006.jpg,0.49999999999945743,0.0,0.0,0.0,0.0,0.0,0.0,0.9999999999989149,0.49999999999945743
RipVIS-NR-019_00012.jpg,0.49999999999945743,0.0,0.0,0.0,0.0,0.0,0.0,0.9999999999989149,0.49999999999945743
RipVIS-NR-019_00018.jpg,0.49999999999945743,0.0,0.0,0.0,0.0,0.0,0.0,0.9999999999989149,0.49999999999945743
RipVIS-NR-019_00024.jpg,0.49999999999945743,0.0,0.0,0.0,0.0,0.0,0.0,0.9999999999989149,0.49999999999945743
RipVIS-NR-019_00030.jpg,0.49999999999945743,0.0,0.0,0.0,0.0,0.0,0.0,0.9999999999989149,0.49999999999945743
RipVIS-NR-019_00036.jpg,0.49999999999945743,0.0,0.0,0.0,0.0,0.0,0.0,0.9999999999989149,0.49999999999945743
RipVIS-NR-019_00042.jpg,0.49999999999945743,0.0,0.0,0.0,0.0,0.0,0.0,0.9999999999989149,0.49999999999945743
RipVIS-NR-019_00048.jpg,0.49999999999945743,0.0,0.0,0.0,0.0,0.0,0.0,0.9999999999989149,0.49999999999945743
RipVIS-NR-019_00054.jpg,0.49999999999945743,0.0,0.0,0.0,0.0,0.0,0.0,0.9999999999989149,0.49999999999945743
RipVIS-NR-019_00060.jpg,0.49999999999945743,0.0,0.0,0.0,0.0,0.0,0.0,0.9999999999989149,0.49999999999945743
RipVIS-NR-019_00066.jpg,0.49999999999945743,0.0,0.0,0.0,0.0,0.0,0.0,0.9999999999989149,0.49999999999945743
RipVIS-NR-019_00072.jpg,0.49999999999945743,0.0,0.0,0.0,0.0,0.0,0.0,0.9999999999989149,0.49999999999945743
RipVIS-NR-019_00078.jpg,0.49999999999945743,0.0,0.0,0.0,0.0,0.0,0.0,0.9999999999989149,0.49999999999945743
RipVIS-NR-019_00084.jpg,0.49999999999945743,0.0,0.0,0.0,0.0,0.0,0.0,0.9999999999989149,0.49999999999945743
RipVIS-NR-019_00090.jpg,0.49999999999945743,0.0,0.0,0.0,0.0,0.0,0.0,0.9999999999989149,0.49999999999945743
RipVIS-NR-019_00096.jpg,0.49999999999945743,0.0,0.0,0.0,0.0,0.0,0.0,0.9999999999989149,0.49999999999945743
RipVIS-NR-019_00102.jpg,0.49999999999945743,0.0,0.0,0.0,0.0,0.0,0.0,0.9999999999989149,0.49999999999945743
RipVIS-NR-019_00108.jpg,0.49999999999945743,0.0,0.0,0.0,0.0,0.0,0.0,0.9999999999989149,0.49999999999945743
RipVIS-NR-019_00114.jpg,0.49999999999945743,0.0,0.0,0.0,0.0,0.0,0.0,0.9999999999989149,0.49999999999945743
RipVIS-NR-019_00120.jpg,0.49999999999945743,0.0,0.0,0.0,0.0,0.0,0.0,0.9999999999989149,0.49999999999945743
RipVIS-NR-019_00126.jpg,0.49999999999945743,0.0,0.0,0.0,0.0,0.0,0.0,0.9999999999989149,0.49999999999945743
RipVIS-NR-019_00132.jpg,0.49999999999945743,0.0,0.0,0.0,0.0,0.0,0.0,0.9999999999989149,0.49999999999945743
RipVIS-NR-019_00138.jpg,0.49999999999945743,0.0,0.0,0.0,0.0,0.0,0.0,0.9999999999989149,0.49999999999945743
RipVIS-NR-019_00144.jpg,0.49999999999945743,0.0,0.0,0.0,0.0,0.0,0.0,0.9999999999989149,0.49999999999945743
RipVIS-NR-019_00150.jpg,0.49999999999945743,0.0,0.0,0.0,0.0,0.0,0.0,0.9999999999989149,0.49999999999945743
RipVIS-NR-019_00156.jpg,0.49999999999945743,0.0,0.0,0.0,0.0,0.0,0.0,0.9999999999989149,0.49999999999945743
RipVIS-NR-019_00162.jpg,0.49999999999945743,0.0,0.0,0.0,0.0,0.0,0.0,0.9999999999989149,0.49999999999945743
RipVIS-NR-019_00168.jpg,0.49999999999945743,0.0,0.0,0.0,0.0,0.0,0.0,0.9999999999989149,0.49999999999945743
RipVIS-NR-019_00174.jpg,0.49999999999945743,0.0,0.0,0.0,0.0,0.0,0.0,0.9999999999989149,0.49999999999945743
RipVIS-NR-019_00180.jpg,0.49999999999945743,0.0,0.0,0.0,0.0,0.0,0.0,0.9999999999989149,0.49999999999945743
RipVIS-NR-019_00186.jpg,0.49999999999945743,0.0,0.0,0.0,0.0,0.0,0.0,0.9999999999989149,0.49999999999945743
RipVIS-NR-019_00192.jpg,0.49999999999945743,0.0,0.0,0.0,0.0,0.0,0.0,0.9999999999989149,0.49999999999945743
RipVIS-NR-019_00198.jpg,0.49999999999945743,0.0,0.0,0.0,0.0,0.0,0.0,0.9999999999989149,0.49999999999945743
RipVIS-NR-019_00204.jpg,0.49999999999945743,0.0,0.0,0.0,0.0,0.0,0.0,0.9999999999989149,0.49999999999945743
RipVIS-NR-019_00210.jpg,0.49999999999945743,0.0,0.0,0.0,0.0,0.0,0.0,0.9999999999989149,0.49999999999945743
RipVIS-NR-019_00216.jpg,0.49999999999945743,0.0,0.0,0.0,0.0,0.0,0.0,0.9999999999989149,0.49999999999945743
RipVIS-NR-019_00222.jpg,0.49999999999945743,0.0,0.0,0.0,0.0,0.0,0.0,0.9999999999989149,0.49999999999945743
RipVIS-NR-019_00228.jpg,0.49999999999945743,0.0,0.0,0.0,0.0,0.0,0.0,0.9999999999989149,0.49999999999945743
RipVIS-NR-019_00234.jpg,0.49999999999945743,0.0,0.0,0.0,0.0,0.0,0.0,0.9999999999989149,0.49999999999945743
RipVIS-NR-019_00240.jpg,0.49999999999945743,0.0,0.0,0.0,0.0,0.0,0.0,0.9999999999989149,0.49999999999945743
RipVIS-NR-019_00246.jpg,0.49999999999945743,0.0,0.0,0.0,0.0,0.0,0.0,0.9999999999989149,0.49999999999945743
RipVIS-NR-019_00252.jpg,0.49999999999945743,0.0,0.0,0.0,0.0,0.0,0.0,0.9999999999989149,0.49999999999945743
RipVIS-NR-019_00258.jpg,0.49999999999945743,0.0,0.0,0.0,0.0,0.0,0.0,0.9999999999989149,0.49999999999945743
RipVIS-NR-019_00264.jpg,0.49999999999945743,0.0,0.0,0.0,0.0,0.0,0.0,0.9999999999989149,0.49999999999945743
RipVIS-NR-019_00270.jpg,0.49999999999945743,0.0,0.0,0.0,0.0,0.0,0.0,0.9999999999989149,0.49999999999945743
RipVIS-NR-019_00276.jpg,0.49999999999945743,0.0,0.0,0.0,0.0,0.0,0.0,0.9999999999989149,0.49999999999945743
RipVIS-NR-019_00282.jpg,0.49999999999945743,0.0,0.0,0.0,0.0,0.0,0.0,0.9999999999989149,0.49999999999945743
RipVIS-NR-019_00288.jpg,0.49999999999945743,0.0,0.0,0.0,0.0,0.0,0.0,0.9999999999989149,0.49999999999945743
RipVIS-NR-019_00294.jpg,0.49999999999945743,0.0,0.0,0.0,0.0,0.0,0.0,0.9999999999989149,0.49999999999945743
RipVIS-NR-019_00300.jpg,0.49999999999945743,0.0,0.0,0.0,0.0,0.0,0.0,0.9999999999989149,0.49999999999945743
RipVIS-NR-019_00306.jpg,0.49999999999945743,0.0,0.0,0.0,0.0,0.0,0.0,0.9999999999989149,0.49999999999945743
RipVIS-NR-019_00312.jpg,0.49999999999945743,0.0,0.0,0.0,0.0,0.0,0.0,0.9999999999989149,0.49999999999945743
RipVIS-NR-019_00318.jpg,0.49999999999945743,0.0,0.0,0.0,0.0,0.0,0.0,0.9999999999989149,0.49999999999945743
RipVIS-NR-019_00324.jpg,0.49999999999945743,0.0,0.0,0.0,0.0,0.0,0.0,0.9999999999989149,0.49999999999945743
RipVIS-NR-019_00330.jpg,0.49999999999945743,0.0,0.0,0.0,0.0,0.0,0.0,0.9999999999989149,0.49999999999945743
RipVIS-NR-019_00336.jpg,0.49999999999945743,0.0,0.0,0.0,0.0,0.0,0.0,0.9999999999989149,0.49999999999945743
RipVIS-NR-019_00342.jpg,0.49999999999945743,0.0,0.0,0.0,0.0,0.0,0.0,0.9999999999989149,0.49999999999945743
RipVIS-NR-019_00348.jpg,0.49999999999945743,0.0,0.0,0.0,0.0,0.0,0.0,0.9999999999989149,0.49999999999945743
RipVIS-NR-019_00354.jpg,0.49999999999945743,0.0,0.0,0.0,0.0,0.0,0.0,0.9999999999989149,0.49999999999945743
RipVIS-NR-019_00360.jpg,0.49999999999945743,0.0,0.0,0.0,0.0,0.0,0.0,0.9999999999989149,0.49999999999945743
RipVIS-NR-019_00366.jpg,0.49999999999945743,0.0,0.0,0.0,0.0,0.0,0.0,0.9999999999989149,0.49999999999945743
RipVIS-NR-019_00372.jpg,0.49999999999945743,0.0,0.0,0.0,0.0,0.0,0.0,0.9999999999989149,0.49999999999945743
RipVIS-NR-019_00378.jpg,0.49999999999945743,0.0,0.0,0.0,0.0,0.0,0.0,0.9999999999989149,0.49999999999945743
RipVIS-NR-019_00384.jpg,0.49999999999945743,0.0,0.0,0.0,0.0,0.0,0.0,0.9999999999989149,0.49999999999945743
RipVIS-NR-019_00390.jpg,0.49999999999945743,0.0,0.0,0.0,0.0,0.0,0.0,0.9999999999989149,0.49999999999945743
RipVIS-NR-019_00396.jpg,0.49999999999945743,0.0,0.0,0.0,0.0,0.0,0.0,0.9999999999989149,0.49999999999945743
RipVIS-NR-019_00402.jpg,0.49999999999945743,0.0,0.0,0.0,0.0,0.0,0.0,0.9999999999989149,0.49999999999945743
RipVIS-NR-019_00408.jpg,0.49999999999945743,0.0,0.0,0.0,0.0,0.0,0.0,0.9999999999989149,0.49999999999945743
RipVIS-NR-019_00414.jpg,0.49999999999945743,0.0,0.0,0.0,0.0,0.0,0.0,0.9999999999989149,0.49999999999945743
RipVIS-NR-019_00420.jpg,0.49999999999945743,0.0,0.0,0.0,0.0,0.0,0.0,0.9999999999989149,0.49999999999945743
RipVIS-NR-019_00426.jpg,0.49999999999945743,0.0,0.0,0.0,0.0,0.0,0.0,0.9999999999989149,0.49999999999945743
RipVIS-NR-019_00432.jpg,0.49999999999945743,0.0,0.0,0.0,0.0,0.0,0.0,0.9999999999989149,0.49999999999945743
RipVIS-NR-019_00438.jpg,0.49999999999945743,0.0,0.0,0.0,0.0,0.0,0.0,0.9999999999989149,0.49999999999945743
RipVIS-NR-019_00444.jpg,0.49999999999945743,0.0,0.0,0.0,0.0,0.0,0.0,0.9999999999989149,0.49999999999945743
RipVIS-NR-019_00450.jpg,0.49999999999945743,0.0,0.0,0.0,0.0,0.0,0.0,0.9999999999989149,0.49999999999945743
RipVIS-NR-019_00456.jpg,0.49999999999945743,0.0,0.0,0.0,0.0,0.0,0.0,0.9999999999989149,0.49999999999945743
RipVIS-NR-019_00462.jpg,0.49999999999945743,0.0,0.0,0.0,0.0,0.0,0.0,0.9999999999989149,0.49999999999945743
RipVIS-NR-019_00468.jpg,0.49999999999945743,0.0,0.0,0.0,0.0,0.0,0.0,0.9999999999989149,0.49999999999945743
RipVIS-NR-019_00474.jpg,0.49999999999945743,0.0,0.0,0.0,0.0,0.0,0.0,0.9999999999989149,0.49999999999945743
RipVIS-NR-019_00480.jpg,0.49999999999945743,0.0,0.0,0.0,0.0,0.0,0.0,0.9999999999989149,0.49999999999945743
RipVIS-NR-019_00486.jpg,0.49999999999945743,0.0,0.0,0.0,0.0,0.0,0.0,0.9999999999989149,0.49999999999945743
RipVIS-NR-019_00492.jpg,0.49999999999945743,0.0,0.0,0.0,0.0,0.0,0.0,0.9999999999989149,0.49999999999945743
RipVIS-NR-019_00498.jpg,0.49999999999945743,0.0,0.0,0.0,0.0,0.0,0.0,0.9999999999989149,0.49999999999945743
RipVIS-NR-019_00504.jpg,0.49999999999945743,0.0,0.0,0.0,0.0,0.0,0.0,0.9999999999989149,0.49999999999945743
RipVIS-NR-019_00510.jpg,0.49999999999945743,0.0,0.0,0.0,0.0,0.0,0.0,0.9999999999989149,0.49999999999945743
RipVIS-NR-019_00516.jpg,0.49999999999945743,0.0,0.0,0.0,0.0,0.0,0.0,0.9999999999989149,0.49999999999945743
RipVIS-NR-019_00522.jpg,0.49999999999945743,0.0,0.0,0.0,0.0,0.0,0.0,0.9999999999989149,0.49999999999945743
RipVIS-NR-019_00528.jpg,0.49999999999945743,0.0,0.0,0.0,0.0,0.0,0.0,0.9999999999989149,0.49999999999945743
RipVIS-NR-019_00534.jpg,0.49999999999945743,0.0,0.0,0.0,0.0,0.0,0.0,0.9999999999989149,0.49999999999945743
RipVIS-NR-019_00540.jpg,0.49999999999945743,0.0,0.0,0.0,0.0,0.0,0.0,0.9999999999989149,0.49999999999945743
RipVIS-NR-019_00546.jpg,0.49999999999945743,0.0,0.0,0.0,0.0,0.0,0.0,0.9999999999989149,0.49999999999945743
RipVIS-NR-019_00552.jpg,0.49999999999945743,0.0,0.0,0.0,0.0,0.0,0.0,0.9999999999989149,0.49999999999945743
RipVIS-NR-019_00558.jpg,0.49999999999945743,0.0,0.0,0.0,0.0,0.0,0.0,0.9999999999989149,0.49999999999945743
RipVIS-NR-019_00564.jpg,0.49999999999945743,0.0,0.0,0.0,0.0,0.0,0.0,0.9999999999989149,0.49999999999945743
RipVIS-NR-019_00570.jpg,0.49999999999945743,0.0,0.0,0.0,0.0,0.0,0.0,0.9999999999989149,0.49999999999945743
RipVIS-NR-019_00576.jpg,0.49999999999945743,0.0,0.0,0.0,0.0,0.0,0.0,0.9999999999989149,0.49999999999945743
RipVIS-NR-019_00582.jpg,0.49999999999945743,0.0,0.0,0.0,0.0,0.0,0.0,0.9999999999989149,0.49999999999945743
RipVIS-NR-019_00588.jpg,0.49999999999945743,0.0,0.0,0.0,0.0,0.0,0.0,0.9999999999989149,0.49999999999945743
RipVIS-NR-019_00594.jpg,0.49999999999945743,0.0,0.0,0.0,0.0,0.0,0.0,0.9999999999989149,0.49999999999945743
RipVIS-NR-019_00600.jpg,0.49999999999945743,0.0,0.0,0.0,0.0,0.0,0.0,0.9999999999989149,0.49999999999945743
RipVIS-NR-019_00606.jpg,0.49999999999945743,0.0,0.0,0.0,0.0,0.0,0.0,0.9999999999989149,0.49999999999945743
RipVIS-NR-019_00612.jpg,0.49999999999945743,0.0,0.0,0.0,0.0,0.0,0.0,0.9999999999989149,0.49999999999945743
RipVIS-NR-019_00618.jpg,0.49999999999945743,0.0,0.0,0.0,0.0,0.0,0.0,0.9999999999989149,0.49999999999945743
RipVIS-NR-019_00624.jpg,0.49999999999945743,0.0,0.0,0.0,0.0,0.0,0.0,0.9999999999989149,0.49999999999945743
RipVIS-NR-019_00630.jpg,0.49999999999945743,0.0,0.0,0.0,0.0,0.0,0.0,0.9999999999989149,0.49999999999945743
RipVIS-NR-019_00636.jpg,0.49999999999945743,0.0,0.0,0.0,0.0,0.0,0.0,0.9999999999989149,0.49999999999945743
RipVIS-NR-019_00642.jpg,0.49999999999945743,0.0,0.0,0.0,0.0,0.0,0.0,0.9999999999989149,0.49999999999945743
RipVIS-NR-019_00648.jpg,0.49999999999945743,0.0,0.0,0.0,0.0,0.0,0.0,0.9999999999989149,0.49999999999945743
RipVIS-NR-019_00654.jpg,0.49999999999945743,0.0,0.0,0.0,0.0,0.0,0.0,0.9999999999989149,0.49999999999945743
RipVIS-NR-019_00660.jpg,0.49999999999945743,0.0,0.0,0.0,0.0,0.0,0.0,0.9999999999989149,0.49999999999945743
RipVIS-NR-019_00666.jpg,0.49999999999945743,0.0,0.0,0.0,0.0,0.0,0.0,0.9999999999989149,0.49999999999945743
RipVIS-NR-019_00672.jpg,0.49999999999945743,0.0,0.0,0.0,0.0,0.0,0.0,0.9999999999989149,0.49999999999945743
RipVIS-NR-019_00678.jpg,0.49999999999945743,0.0,0.0,0.0,0.0,0.0,0.0,0.9999999999989149,0.49999999999945743
RipVIS-NR-019_00684.jpg,0.49999999999945743,0.0,0.0,0.0,0.0,0.0,0.0,0.9999999999989149,0.49999999999945743
RipVIS-NR-019_00690.jpg,0.49999999999945743,0.0,0.0,0.0,0.0,0.0,0.0,0.9999999999989149,0.49999999999945743
RipVIS-NR-019_00696.jpg,0.49999999999945743,0.0,0.0,0.0,0.0,0.0,0.0,0.9999999999989149,0.49999999999945743
RipVIS-NR-019_00702.jpg,0.49999999999945743,0.0,0.0,0.0,0.0,0.0,0.0,0.9999999999989149,0.49999999999945743
RipVIS-NR-019_00708.jpg,0.49999999999945743,0.0,0.0,0.0,0.0,0.0,0.0,0.9999999999989149,0.49999999999945743
RipVIS-NR-019_00714.jpg,0.49999999999945743,0.0,0.0,0.0,0.0,0.0,0.0,0.9999999999989149,0.49999999999945743
RipVIS-NR-019_00720.jpg,0.49999999999945743,0.0,0.0,0.0,0.0,0.0,0.0,0.9999999999989149,0.49999999999945743
RipVIS-NR-019_00726.jpg,0.49999999999945743,0.0,0.0,0.0,0.0,0.0,0.0,0.9999999999989149,0.49999999999945743
RipVIS-NR-019_00732.jpg,0.49999999999945743,0.0,0.0,0.0,0.0,0.0,0.0,0.9999999999989149,0.49999999999945743
RipVIS-NR-019_00738.jpg,0.49999999999945743,0.0,0.0,0.0,0.0,0.0,0.0,0.9999999999989149,0.49999999999945743
RipVIS-NR-019_00744.jpg,0.49999999999945743,0.0,0.0,0.0,0.0,0.0,0.0,0.9999999999989149,0.49999999999945743
RipVIS-NR-019_00750.jpg,0.49999999999945743,0.0,0.0,0.0,0.0,0.0,0.0,0.9999999999989149,0.49999999999945743
RipVIS-NR-019_00756.jpg,0.49999999999945743,0.0,0.0,0.0,0.0,0.0,0.0,0.9999999999989149,0.49999999999945743
RipVIS-NR-019_00762.jpg,0.49999999999945743,0.0,0.0,0.0,0.0,0.0,0.0,0.9999999999989149,0.49999999999945743
RipVIS-NR-019_00768.jpg,0.49999999999945743,0.0,0.0,0.0,0.0,0.0,0.0,0.9999999999989149,0.49999999999945743
RipVIS-NR-019_00774.jpg,0.49999999999945743,0.0,0.0,0.0,0.0,0.0,0.0,0.9999999999989149,0.49999999999945743
RipVIS-NR-019_00780.jpg,0.49999999999945743,0.0,0.0,0.0,0.0,0.0,0.0,0.9999999999989149,0.49999999999945743
RipVIS-NR-019_00786.jpg,0.49999999999945743,0.0,0.0,0.0,0.0,0.0,0.0,0.9999999999989149,0.49999999999945743
RipVIS-NR-019_00792.jpg,0.49999999999945743,0.0,0.0,0.0,0.0,0.0,0.0,0.9999999999989149,0.49999999999945743
RipVIS-NR-019_00798.jpg,0.49999999999945743,0.0,0.0,0.0,0.0,0.0,0.0,0.9999999999989149,0.49999999999945743
RipVIS-NR-019_00804.jpg,0.49999999999945743,0.0,0.0,0.0,0.0,0.0,0.0,0.9999999999989149,0.49999999999945743
RipVIS-NR-019_00810.jpg,0.49999999999945743,0.0,0.0,0.0,0.0,0.0,0.0,0.9999999999989149,0.49999999999945743
RipVIS-NR-019_00816.jpg,0.49999999999945743,0.0,0.0,0.0,0.0,0.0,0.0,0.9999999999989149,0.49999999999945743
RipVIS-NR-019_00822.jpg,0.49999999999945743,0.0,0.0,0.0,0.0,0.0,0.0,0.9999999999989149,0.49999999999945743
RipVIS-NR-019_00828.jpg,0.49999999999945743,0.0,0.0,0.0,0.0,0.0,0.0,0.9999999999989149,0.49999999999945743
RipVIS-NR-019_00834.jpg,0.49999999999945743,0.0,0.0,0.0,0.0,0.0,0.0,0.9999999999989149,0.49999999999945743
RipVIS-NR-019_00840.jpg,0.49999999999945743,0.0,0.0,0.0,0.0,0.0,0.0,0.9999999999989149,0.49999999999945743
RipVIS-NR-019_00846.jpg,0.49999999999945743,0.0,0.0,0.0,0.0,0.0,0.0,0.9999999999989149,0.49999999999945743
RipVIS-NR-019_00852.jpg,0.49999999999945743,0.0,0.0,0.0,0.0,0.0,0.0,0.9999999999989149,0.49999999999945743
RipVIS-NR-019_00858.jpg,0.49999999999945743,0.0,0.0,0.0,0.0,0.0,0.0,0.9999999999989149,0.49999999999945743
RipVIS-NR-019_00864.jpg,0.49999999999945743,0.0,0.0,0.0,0.0,0.0,0.0,0.9999999999989149,0.49999999999945743
RipVIS-NR-019_00870.jpg,0.49999999999945743,0.0,0.0,0.0,0.0,0.0,0.0,0.9999999999989149,0.49999999999945743
RipVIS-NR-019_00876.jpg,0.49999999999945743,0.0,0.0,0.0,0.0,0.0,0.0,0.9999999999989149,0.49999999999945743
RipVIS-NR-019_00882.jpg,0.49999999999945743,0.0,0.0,0.0,0.0,0.0,0.0,0.9999999999989149,0.49999999999945743
RipVIS-NR-019_00888.jpg,0.49999999999945743,0.0,0.0,0.0,0.0,0.0,0.0,0.9999999999989149,0.49999999999945743
RipVIS-NR-019_00894.jpg,0.49999999999945743,0.0,0.0,0.0,0.0,0.0,0.0,0.9999999999989149,0.49999999999945743
RipVIS-NR-020_00000.jpg,0.49999999999945743,0.0,0.0,0.0,0.0,0.0,0.0,0.9999999999989149,0.49999999999945743
RipVIS-NR-020_00006.jpg,0.49999999999945743,0.0,0.0,0.0,0.0,0.0,0.0,0.9999999999989149,0.49999999999945743
RipVIS-NR-020_00012.jpg,0.49999999999945743,0.0,0.0,0.0,0.0,0.0,0.0,0.9999999999989149,0.49999999999945743
RipVIS-NR-020_00018.jpg,0.49999999999945743,0.0,0.0,0.0,0.0,0.0,0.0,0.9999999999989149,0.49999999999945743
RipVIS-NR-020_00024.jpg,0.49999999999945743,0.0,0.0,0.0,0.0,0.0,0.0,0.9999999999989149,0.49999999999945743
RipVIS-NR-020_00030.jpg,0.49999999999945743,0.0,0.0,0.0,0.0,0.0,0.0,0.9999999999989149,0.49999999999945743
RipVIS-NR-020_00036.jpg,0.49999999999945743,0.0,0.0,0.0,0.0,0.0,0.0,0.9999999999989149,0.49999999999945743
RipVIS-NR-020_00042.jpg,0.49999999999945743,0.0,0.0,0.0,0.0,0.0,0.0,0.9999999999989149,0.49999999999945743
RipVIS-NR-020_00048.jpg,0.49999999999945743,0.0,0.0,0.0,0.0,0.0,0.0,0.9999999999989149,0.49999999999945743
RipVIS-NR-020_00054.jpg,0.49999999999945743,0.0,0.0,0.0,0.0,0.0,0.0,0.9999999999989149,0.49999999999945743
RipVIS-NR-020_00060.jpg,0.49999999999945743,0.0,0.0,0.0,0.0,0.0,0.0,0.9999999999989149,0.49999999999945743
RipVIS-NR-020_00066.jpg,0.49999999999945743,0.0,0.0,0.0,0.0,0.0,0.0,0.9999999999989149,0.49999999999945743
RipVIS-NR-020_00072.jpg,0.49999999999945743,0.0,0.0,0.0,0.0,0.0,0.0,0.9999999999989149,0.49999999999945743
RipVIS-NR-020_00078.jpg,0.49999999999945743,0.0,0.0,0.0,0.0,0.0,0.0,0.9999999999989149,0.49999999999945743
RipVIS-NR-020_00084.jpg,0.49999999999945743,0.0,0.0,0.0,0.0,0.0,0.0,0.9999999999989149,0.49999999999945743
RipVIS-NR-020_00090.jpg,0.49999999999945743,0.0,0.0,0.0,0.0,0.0,0.0,0.9999999999989149,0.49999999999945743
RipVIS-NR-020_00096.jpg,0.49999999999945743,0.0,0.0,0.0,0.0,0.0,0.0,0.9999999999989149,0.49999999999945743
RipVIS-NR-020_00102.jpg,0.49999999999945743,0.0,0.0,0.0,0.0,0.0,0.0,0.9999999999989149,0.49999999999945743
RipVIS-NR-020_00108.jpg,0.49999999999945743,0.0,0.0,0.0,0.0,0.0,0.0,0.9999999999989149,0.49999999999945743
RipVIS-NR-020_00114.jpg,0.49999999999945743,0.0,0.0,0.0,0.0,0.0,0.0,0.9999999999989149,0.49999999999945743
RipVIS-NR-020_00120.jpg,0.49999999999945743,0.0,0.0,0.0,0.0,0.0,0.0,0.9999999999989149,0.49999999999945743
RipVIS-NR-020_00126.jpg,0.49999999999945743,0.0,0.0,0.0,0.0,0.0,0.0,0.9999999999989149,0.49999999999945743
RipVIS-NR-020_00132.jpg,0.49999999999945743,0.0,0.0,0.0,0.0,0.0,0.0,0.9999999999989149,0.49999999999945743
RipVIS-NR-020_00138.jpg,0.49999999999945743,0.0,0.0,0.0,0.0,0.0,0.0,0.9999999999989149,0.49999999999945743
RipVIS-NR-020_00144.jpg,0.49999999999945743,0.0,0.0,0.0,0.0,0.0,0.0,0.9999999999989149,0.49999999999945743
RipVIS-NR-020_00150.jpg,0.49999999999945743,0.0,0.0,0.0,0.0,0.0,0.0,0.9999999999989149,0.49999999999945743
RipVIS-NR-020_00156.jpg,0.49999999999945743,0.0,0.0,0.0,0.0,0.0,0.0,0.9999999999989149,0.49999999999945743
RipVIS-NR-020_00162.jpg,0.49999999999945743,0.0,0.0,0.0,0.0,0.0,0.0,0.9999999999989149,0.49999999999945743
RipVIS-NR-020_00168.jpg,0.49999999999945743,0.0,0.0,0.0,0.0,0.0,0.0,0.9999999999989149,0.49999999999945743
RipVIS-NR-020_00174.jpg,0.49999999999945743,0.0,0.0,0.0,0.0,0.0,0.0,0.9999999999989149,0.49999999999945743
RipVIS-NR-020_00180.jpg,0.49999999999945743,0.0,0.0,0.0,0.0,0.0,0.0,0.9999999999989149,0.49999999999945743
RipVIS-NR-020_00186.jpg,0.49999999999945743,0.0,0.0,0.0,0.0,0.0,0.0,0.9999999999989149,0.49999999999945743
RipVIS-NR-020_00192.jpg,0.49999999999945743,0.0,0.0,0.0,0.0,0.0,0.0,0.9999999999989149,0.49999999999945743
RipVIS-NR-020_00198.jpg,0.49999999999945743,0.0,0.0,0.0,0.0,0.0,0.0,0.9999999999989149,0.49999999999945743
RipVIS-NR-020_00204.jpg,0.49999999999945743,0.0,0.0,0.0,0.0,0.0,0.0,0.9999999999989149,0.49999999999945743
RipVIS-NR-020_00210.jpg,0.49999999999945743,0.0,0.0,0.0,0.0,0.0,0.0,0.9999999999989149,0.49999999999945743
RipVIS-NR-020_00216.jpg,0.49999999999945743,0.0,0.0,0.0,0.0,0.0,0.0,0.9999999999989149,0.49999999999945743
RipVIS-NR-020_00222.jpg,0.49999999999945743,0.0,0.0,0.0,0.0,0.0,0.0,0.9999999999989149,0.49999999999945743
RipVIS-NR-020_00228.jpg,0.49999999999945743,0.0,0.0,0.0,0.0,0.0,0.0,0.9999999999989149,0.49999999999945743
RipVIS-NR-020_00234.jpg,0.49999999999945743,0.0,0.0,0.0,0.0,0.0,0.0,0.9999999999989149,0.49999999999945743
RipVIS-NR-020_00240.jpg,0.49999999999945743,0.0,0.0,0.0,0.0,0.0,0.0,0.9999999999989149,0.49999999999945743
RipVIS-NR-020_00246.jpg,0.49999999999945743,0.0,0.0,0.0,0.0,0.0,0.0,0.9999999999989149,0.49999999999945743
RipVIS-NR-020_00252.jpg,0.49999999999945743,0.0,0.0,0.0,0.0,0.0,0.0,0.9999999999989149,0.49999999999945743
RipVIS-NR-020_00258.jpg,0.49999999999945743,0.0,0.0,0.0,0.0,0.0,0.0,0.9999999999989149,0.49999999999945743
RipVIS-NR-020_00264.jpg,0.49999999999945743,0.0,0.0,0.0,0.0,0.0,0.0,0.9999999999989149,0.49999999999945743
RipVIS-NR-020_00270.jpg,0.49999999999945743,0.0,0.0,0.0,0.0,0.0,0.0,0.9999999999989149,0.49999999999945743
RipVIS-NR-020_00276.jpg,0.49999999999945743,0.0,0.0,0.0,0.0,0.0,0.0,0.9999999999989149,0.49999999999945743
RipVIS-NR-020_00282.jpg,0.49999999999945743,0.0,0.0,0.0,0.0,0.0,0.0,0.9999999999989149,0.49999999999945743
RipVIS-NR-020_00288.jpg,0.49999999999945743,0.0,0.0,0.0,0.0,0.0,0.0,0.9999999999989149,0.49999999999945743
RipVIS-NR-020_00294.jpg,0.49999999999945743,0.0,0.0,0.0,0.0,0.0,0.0,0.9999999999989149,0.49999999999945743
RipVIS-NR-020_00300.jpg,0.49999999999945743,0.0,0.0,0.0,0.0,0.0,0.0,0.9999999999989149,0.49999999999945743
RipVIS-NR-020_00306.jpg,0.49999999999945743,0.0,0.0,0.0,0.0,0.0,0.0,0.9999999999989149,0.49999999999945743
RipVIS-NR-020_00312.jpg,0.49999999999945743,0.0,0.0,0.0,0.0,0.0,0.0,0.9999999999989149,0.49999999999945743
RipVIS-NR-020_00318.jpg,0.49999999999945743,0.0,0.0,0.0,0.0,0.0,0.0,0.9999999999989149,0.49999999999945743
RipVIS-NR-020_00324.jpg,0.49999999999945743,0.0,0.0,0.0,0.0,0.0,0.0,0.9999999999989149,0.49999999999945743
RipVIS-NR-020_00330.jpg,0.49999999999945743,0.0,0.0,0.0,0.0,0.0,0.0,0.9999999999989149,0.49999999999945743
RipVIS-NR-020_00336.jpg,0.49999999999945743,0.0,0.0,0.0,0.0,0.0,0.0,0.9999999999989149,0.49999999999945743
RipVIS-NR-020_00342.jpg,0.49999999999945743,0.0,0.0,0.0,0.0,0.0,0.0,0.9999999999989149,0.49999999999945743
RipVIS-NR-020_00348.jpg,0.49999999999945743,0.0,0.0,0.0,0.0,0.0,0.0,0.9999999999989149,0.49999999999945743
RipVIS-NR-020_00354.jpg,0.49999999999945743,0.0,0.0,0.0,0.0,0.0,0.0,0.9999999999989149,0.49999999999945743
RipVIS-NR-020_00360.jpg,0.49999999999945743,0.0,0.0,0.0,0.0,0.0,0.0,0.9999999999989149,0.49999999999945743
RipVIS-NR-020_00366.jpg,0.49999999999945743,0.0,0.0,0.0,0.0,0.0,0.0,0.9999999999989149,0.49999999999945743
RipVIS-NR-020_00372.jpg,0.49999999999945743,0.0,0.0,0.0,0.0,0.0,0.0,0.9999999999989149,0.49999999999945743
RipVIS-NR-020_00378.jpg,0.49999999999945743,0.0,0.0,0.0,0.0,0.0,0.0,0.9999999999989149,0.49999999999945743
RipVIS-NR-020_00384.jpg,0.49999999999945743,0.0,0.0,0.0,0.0,0.0,0.0,0.9999999999989149,0.49999999999945743
RipVIS-NR-020_00390.jpg,0.49999999999945743,0.0,0.0,0.0,0.0,0.0,0.0,0.9999999999989149,0.49999999999945743
RipVIS-NR-020_00396.jpg,0.49999999999945743,0.0,0.0,0.0,0.0,0.0,0.0,0.9999999999989149,0.49999999999945743
RipVIS-NR-020_00402.jpg,0.49999999999945743,0.0,0.0,0.0,0.0,0.0,0.0,0.9999999999989149,0.49999999999945743
RipVIS-NR-020_00408.jpg,0.49999999999945743,0.0,0.0,0.0,0.0,0.0,0.0,0.9999999999989149,0.49999999999945743
RipVIS-NR-020_00414.jpg,0.49999999999945743,0.0,0.0,0.0,0.0,0.0,0.0,0.9999999999989149,0.49999999999945743
RipVIS-NR-020_00420.jpg,0.49999999999945743,0.0,0.0,0.0,0.0,0.0,0.0,0.9999999999989149,0.49999999999945743
RipVIS-NR-020_00426.jpg,0.49999999999945743,0.0,0.0,0.0,0.0,0.0,0.0,0.9999999999989149,0.49999999999945743
RipVIS-NR-020_00432.jpg,0.49999999999945743,0.0,0.0,0.0,0.0,0.0,0.0,0.9999999999989149,0.49999999999945743
RipVIS-NR-020_00438.jpg,0.49999999999945743,0.0,0.0,0.0,0.0,0.0,0.0,0.9999999999989149,0.49999999999945743
RipVIS-NR-020_00444.jpg,0.49999999999945743,0.0,0.0,0.0,0.0,0.0,0.0,0.9999999999989149,0.49999999999945743
RipVIS-NR-020_00450.jpg,0.49999999999945743,0.0,0.0,0.0,0.0,0.0,0.0,0.9999999999989149,0.49999999999945743
RipVIS-NR-020_00456.jpg,0.49999999999945743,0.0,0.0,0.0,0.0,0.0,0.0,0.9999999999989149,0.49999999999945743
RipVIS-NR-020_00462.jpg,0.49999999999945743,0.0,0.0,0.0,0.0,0.0,0.0,0.9999999999989149,0.49999999999945743
RipVIS-NR-020_00468.jpg,0.49999999999945743,0.0,0.0,0.0,0.0,0.0,0.0,0.9999999999989149,0.49999999999945743
RipVIS-NR-020_00474.jpg,0.49999999999945743,0.0,0.0,0.0,0.0,0.0,0.0,0.9999999999989149,0.49999999999945743
RipVIS-NR-020_00480.jpg,0.49999999999945743,0.0,0.0,0.0,0.0,0.0,0.0,0.9999999999989149,0.49999999999945743
RipVIS-NR-020_00486.jpg,0.49999999999945743,0.0,0.0,0.0,0.0,0.0,0.0,0.9999999999989149,0.49999999999945743
RipVIS-NR-020_00492.jpg,0.49999999999945743,0.0,0.0,0.0,0.0,0.0,0.0,0.9999999999989149,0.49999999999945743
RipVIS-NR-020_00498.jpg,0.49999999999945743,0.0,0.0,0.0,0.0,0.0,0.0,0.9999999999989149,0.49999999999945743
RipVIS-NR-020_00504.jpg,0.49999999999945743,0.0,0.0,0.0,0.0,0.0,0.0,0.9999999999989149,0.49999999999945743
RipVIS-NR-020_00510.jpg,0.49999999999945743,0.0,0.0,0.0,0.0,0.0,0.0,0.9999999999989149,0.49999999999945743
RipVIS-NR-020_00516.jpg,0.49999999999945743,0.0,0.0,0.0,0.0,0.0,0.0,0.9999999999989149,0.49999999999945743
RipVIS-NR-020_00522.jpg,0.49999999999945743,0.0,0.0,0.0,0.0,0.0,0.0,0.9999999999989149,0.49999999999945743
RipVIS-NR-020_00528.jpg,0.49999999999945743,0.0,0.0,0.0,0.0,0.0,0.0,0.9999999999989149,0.49999999999945743
RipVIS-NR-020_00534.jpg,0.49999999999945743,0.0,0.0,0.0,0.0,0.0,0.0,0.9999999999989149,0.49999999999945743
RipVIS-NR-020_00540.jpg,0.49999999999945743,0.0,0.0,0.0,0.0,0.0,0.0,0.9999999999989149,0.49999999999945743
RipVIS-NR-020_00546.jpg,0.49999999999945743,0.0,0.0,0.0,0.0,0.0,0.0,0.9999999999989149,0.49999999999945743
RipVIS-NR-020_00552.jpg,0.49999999999945743,0.0,0.0,0.0,0.0,0.0,0.0,0.9999999999989149,0.49999999999945743
RipVIS-NR-020_00558.jpg,0.49999999999945743,0.0,0.0,0.0,0.0,0.0,0.0,0.9999999999989149,0.49999999999945743
RipVIS-NR-020_00564.jpg,0.49999999999945743,0.0,0.0,0.0,0.0,0.0,0.0,0.9999999999989149,0.49999999999945743
RipVIS-NR-020_00570.jpg,0.49999999999945743,0.0,0.0,0.0,0.0,0.0,0.0,0.9999999999989149,0.49999999999945743
RipVIS-NR-020_00576.jpg,0.49999999999945743,0.0,0.0,0.0,0.0,0.0,0.0,0.9999999999989149,0.49999999999945743
RipVIS-NR-020_00582.jpg,0.49999999999945743,0.0,0.0,0.0,0.0,0.0,0.0,0.9999999999989149,0.49999999999945743
RipVIS-NR-020_00588.jpg,0.49999999999945743,0.0,0.0,0.0,0.0,0.0,0.0,0.9999999999989149,0.49999999999945743
RipVIS-NR-020_00594.jpg,0.49999999999945743,0.0,0.0,0.0,0.0,0.0,0.0,0.9999999999989149,0.49999999999945743
RipVIS-NR-020_00600.jpg,0.49999999999945743,0.0,0.0,0.0,0.0,0.0,0.0,0.9999999999989149,0.49999999999945743
RipVIS-NR-020_00606.jpg,0.49999999999945743,0.0,0.0,0.0,0.0,0.0,0.0,0.9999999999989149,0.49999999999945743
RipVIS-NR-020_00612.jpg,0.49999999999945743,0.0,0.0,0.0,0.0,0.0,0.0,0.9999999999989149,0.49999999999945743
RipVIS-NR-020_00618.jpg,0.49999999999945743,0.0,0.0,0.0,0.0,0.0,0.0,0.9999999999989149,0.49999999999945743
RipVIS-NR-020_00624.jpg,0.49999999999945743,0.0,0.0,0.0,0.0,0.0,0.0,0.9999999999989149,0.49999999999945743
RipVIS-NR-020_00630.jpg,0.49999999999945743,0.0,0.0,0.0,0.0,0.0,0.0,0.9999999999989149,0.49999999999945743
RipVIS-NR-020_00636.jpg,0.49999999999945743,0.0,0.0,0.0,0.0,0.0,0.0,0.9999999999989149,0.49999999999945743
RipVIS-NR-020_00642.jpg,0.49999999999945743,0.0,0.0,0.0,0.0,0.0,0.0,0.9999999999989149,0.49999999999945743
RipVIS-NR-020_00648.jpg,0.49999999999945743,0.0,0.0,0.0,0.0,0.0,0.0,0.9999999999989149,0.49999999999945743
RipVIS-NR-020_00654.jpg,0.49999999999945743,0.0,0.0,0.0,0.0,0.0,0.0,0.9999999999989149,0.49999999999945743
RipVIS-NR-020_00660.jpg,0.49999999999945743,0.0,0.0,0.0,0.0,0.0,0.0,0.9999999999989149,0.49999999999945743
RipVIS-NR-020_00666.jpg,0.49999999999945743,0.0,0.0,0.0,0.0,0.0,0.0,0.9999999999989149,0.49999999999945743
RipVIS-NR-020_00672.jpg,0.49999999999945743,0.0,0.0,0.0,0.0,0.0,0.0,0.9999999999989149,0.49999999999945743
RipVIS-NR-020_00678.jpg,0.49999999999945743,0.0,0.0,0.0,0.0,0.0,0.0,0.9999999999989149,0.49999999999945743
RipVIS-NR-020_00684.jpg,0.49999999999945743,0.0,0.0,0.0,0.0,0.0,0.0,0.9999999999989149,0.49999999999945743
RipVIS-NR-020_00690.jpg,0.49999999999945743,0.0,0.0,0.0,0.0,0.0,0.0,0.9999999999989149,0.49999999999945743
RipVIS-NR-020_00696.jpg,0.49999999999945743,0.0,0.0,0.0,0.0,0.0,0.0,0.9999999999989149,0.49999999999945743
RipVIS-NR-020_00702.jpg,0.49999999999945743,0.0,0.0,0.0,0.0,0.0,0.0,0.9999999999989149,0.49999999999945743
RipVIS-NR-020_00708.jpg,0.49999999999945743,0.0,0.0,0.0,0.0,0.0,0.0,0.9999999999989149,0.49999999999945743
RipVIS-NR-020_00714.jpg,0.49999999999945743,0.0,0.0,0.0,0.0,0.0,0.0,0.9999999999989149,0.49999999999945743
RipVIS-NR-020_00720.jpg,0.49999999999945743,0.0,0.0,0.0,0.0,0.0,0.0,0.9999999999989149,0.49999999999945743
RipVIS-NR-020_00726.jpg,0.49999999999945743,0.0,0.0,0.0,0.0,0.0,0.0,0.9999999999989149,0.49999999999945743
RipVIS-NR-020_00732.jpg,0.49999999999945743,0.0,0.0,0.0,0.0,0.0,0.0,0.9999999999989149,0.49999999999945743
RipVIS-NR-020_00738.jpg,0.49999999999945743,0.0,0.0,0.0,0.0,0.0,0.0,0.9999999999989149,0.49999999999945743
RipVIS-NR-020_00744.jpg,0.49999999999945743,0.0,0.0,0.0,0.0,0.0,0.0,0.9999999999989149,0.49999999999945743
RipVIS-NR-020_00750.jpg,0.49999999999945743,0.0,0.0,0.0,0.0,0.0,0.0,0.9999999999989149,0.49999999999945743
RipVIS-NR-020_00756.jpg,0.49999999999945743,0.0,0.0,0.0,0.0,0.0,0.0,0.9999999999989149,0.49999999999945743
RipVIS-NR-020_00762.jpg,0.49999999999945743,0.0,0.0,0.0,0.0,0.0,0.0,0.9999999999989149,0.49999999999945743
RipVIS-NR-020_00768.jpg,0.49999999999945743,0.0,0.0,0.0,0.0,0.0,0.0,0.9999999999989149,0.49999999999945743
RipVIS-NR-020_00774.jpg,0.49999999999945743,0.0,0.0,0.0,0.0,0.0,0.0,0.9999999999989149,0.49999999999945743
RipVIS-NR-020_00780.jpg,0.49999999999945743,0.0,0.0,0.0,0.0,0.0,0.0,0.9999999999989149,0.49999999999945743
RipVIS-NR-020_00786.jpg,0.49999999999945743,0.0,0.0,0.0,0.0,0.0,0.0,0.9999999999989149,0.49999999999945743
RipVIS-NR-020_00792.jpg,0.49999999999945743,0.0,0.0,0.0,0.0,0.0,0.0,0.9999999999989149,0.49999999999945743
RipVIS-NR-020_00798.jpg,0.49999999999945743,0.0,0.0,0.0,0.0,0.0,0.0,0.9999999999989149,0.49999999999945743
RipVIS-NR-020_00804.jpg,0.49999999999945743,0.0,0.0,0.0,0.0,0.0,0.0,0.9999999999989149,0.49999999999945743
RipVIS-NR-020_00810.jpg,0.49999999999945743,0.0,0.0,0.0,0.0,0.0,0.0,0.9999999999989149,0.49999999999945743
RipVIS-NR-020_00816.jpg,0.49999999999945743,0.0,0.0,0.0,0.0,0.0,0.0,0.9999999999989149,0.49999999999945743
RipVIS-NR-020_00822.jpg,0.49999999999945743,0.0,0.0,0.0,0.0,0.0,0.0,0.9999999999989149,0.49999999999945743
RipVIS-NR-020_00828.jpg,0.49999999999945743,0.0,0.0,0.0,0.0,0.0,0.0,0.9999999999989149,0.49999999999945743
RipVIS-NR-020_00834.jpg,0.49999999999945743,0.0,0.0,0.0,0.0,0.0,0.0,0.9999999999989149,0.49999999999945743
RipVIS-NR-020_00840.jpg,0.49999999999945743,0.0,0.0,0.0,0.0,0.0,0.0,0.9999999999989149,0.49999999999945743
RipVIS-NR-020_00846.jpg,0.49999999999945743,0.0,0.0,0.0,0.0,0.0,0.0,0.9999999999989149,0.49999999999945743
RipVIS-NR-020_00852.jpg,0.49999999999945743,0.0,0.0,0.0,0.0,0.0,0.0,0.9999999999989149,0.49999999999945743
RipVIS-NR-020_00858.jpg,0.49999999999945743,0.0,0.0,0.0,0.0,0.0,0.0,0.9999999999989149,0.49999999999945743
RipVIS-NR-020_00864.jpg,0.49999999999945743,0.0,0.0,0.0,0.0,0.0,0.0,0.9999999999989149,0.49999999999945743
RipVIS-NR-020_00870.jpg,0.49999999999945743,0.0,0.0,0.0,0.0,0.0,0.0,0.9999999999989149,0.49999999999945743
RipVIS-NR-020_00876.jpg,0.49999999999945743,0.0,0.0,0.0,0.0,0.0,0.0,0.9999999999989149,0.49999999999945743
RipVIS-NR-020_00882.jpg,0.49999999999945743,0.0,0.0,0.0,0.0,0.0,0.0,0.9999999999989149,0.49999999999945743
RipVIS-NR-020_00888.jpg,0.49999999999945743,0.0,0.0,0.0,0.0,0.0,0.0,0.9999999999989149,0.49999999999945743
RipVIS-NR-020_00894.jpg,0.49999999999945743,0.0,0.0,0.0,0.0,0.0,0.0,0.9999999999989149,0.49999999999945743
RipVIS-NR-020_00900.jpg,0.49999999999945743,0.0,0.0,0.0,0.0,0.0,0.0,0.9999999999989149,0.49999999999945743
RipVIS-NR-020_00906.jpg,0.49999999999945743,0.0,0.0,0.0,0.0,0.0,0.0,0.9999999999989149,0.49999999999945743
RipVIS-NR-020_00912.jpg,0.49999999999945743,0.0,0.0,0.0,0.0,0.0,0.0,0.9999999999989149,0.49999999999945743
RipVIS-NR-020_00918.jpg,0.49999999999945743,0.0,0.0,0.0,0.0,0.0,0.0,0.9999999999989149,0.49999999999945743
RipVIS-NR-020_00924.jpg,0.49999999999945743,0.0,0.0,0.0,0.0,0.0,0.0,0.9999999999989149,0.49999999999945743
RipVIS-NR-020_00930.jpg,0.49999999999945743,0.0,0.0,0.0,0.0,0.0,0.0,0.9999999999989149,0.49999999999945743
RipVIS-NR-020_00936.jpg,0.49999999999945743,0.0,0.0,0.0,0.0,0.0,0.0,0.9999999999989149,0.49999999999945743
RipVIS-NR-020_00942.jpg,0.49999999999945743,0.0,0.0,0.0,0.0,0.0,0.0,0.9999999999989149,0.49999999999945743
RipVIS-NR-020_00948.jpg,0.49999999999945743,0.0,0.0,0.0,0.0,0.0,0.0,0.9999999999989149,0.49999999999945743
RipVIS-NR-020_00954.jpg,0.49999999999945743,0.0,0.0,0.0,0.0,0.0,0.0,0.9999999999989149,0.49999999999945743
RipVIS-NR-020_00960.jpg,0.49999999999945743,0.0,0.0,0.0,0.0,0.0,0.0,0.9999999999989149,0.49999999999945743
RipVIS-NR-020_00966.jpg,0.49999999999945743,0.0,0.0,0.0,0.0,0.0,0.0,0.9999999999989149,0.49999999999945743
RipVIS-NR-020_00972.jpg,0.49999999999945743,0.0,0.0,0.0,0.0,0.0,0.0,0.9999999999989149,0.49999999999945743
RipVIS-NR-020_00978.jpg,0.49999999999945743,0.0,0.0,0.0,0.0,0.0,0.0,0.9999999999989149,0.49999999999945743
RipVIS-NR-020_00984.jpg,0.49999999999945743,0.0,0.0,0.0,0.0,0.0,0.0,0.9999999999989149,0.49999999999945743
RipVIS-NR-020_00990.jpg,0.49999999999945743,0.0,0.0,0.0,0.0,0.0,0.0,0.9999999999989149,0.49999999999945743
RipVIS-NR-020_00996.jpg,0.49999999999945743,0.0,0.0,0.0,0.0,0.0,0.0,0.9999999999989149,0.49999999999945743
RipVIS-NR-020_01002.jpg,0.49999999999945743,0.0,0.0,0.0,0.0,0.0,0.0,0.9999999999989149,0.49999999999945743
RipVIS-NR-020_01008.jpg,0.49999999999945743,0.0,0.0,0.0,0.0,0.0,0.0,0.9999999999989149,0.49999999999945743
RipVIS-NR-020_01014.jpg,0.49999999999945743,0.0,0.0,0.0,0.0,0.0,0.0,0.9999999999989149,0.49999999999945743
RipVIS-NR-020_01020.jpg,0.49999999999945743,0.0,0.0,0.0,0.0,0.0,0.0,0.9999999999989149,0.49999999999945743
RipVIS-NR-020_01026.jpg,0.49999999999945743,0.0,0.0,0.0,0.0,0.0,0.0,0.9999999999989149,0.49999999999945743
RipVIS-NR-020_01032.jpg,0.49999999999945743,0.0,0.0,0.0,0.0,0.0,0.0,0.9999999999989149,0.49999999999945743
RipVIS-NR-020_01038.jpg,0.49999999999945743,0.0,0.0,0.0,0.0,0.0,0.0,0.9999999999989149,0.49999999999945743
RipVIS-NR-020_01044.jpg,0.49999999999945743,0.0,0.0,0.0,0.0,0.0,0.0,0.9999999999989149,0.49999999999945743
RipVIS-NR-020_01050.jpg,0.49999999999945743,0.0,0.0,0.0,0.0,0.0,0.0,0.9999999999989149,0.49999999999945743
RipVIS-NR-020_01056.jpg,0.49999999999945743,0.0,0.0,0.0,0.0,0.0,0.0,0.9999999999989149,0.49999999999945743
RipVIS-NR-020_01062.jpg,0.49999999999945743,0.0,0.0,0.0,0.0,0.0,0.0,0.9999999999989149,0.49999999999945743
RipVIS-NR-020_01068.jpg,0.49999999999945743,0.0,0.0,0.0,0.0,0.0,0.0,0.9999999999989149,0.49999999999945743
RipVIS-NR-020_01074.jpg,0.49999999999945743,0.0,0.0,0.0,0.0,0.0,0.0,0.9999999999989149,0.49999999999945743
RipVIS-NR-020_01080.jpg,0.49999999999945743,0.0,0.0,0.0,0.0,0.0,0.0,0.9999999999989149,0.49999999999945743
RipVIS-NR-020_01086.jpg,0.49999999999945743,0.0,0.0,0.0,0.0,0.0,0.0,0.9999999999989149,0.49999999999945743
RipVIS-NR-020_01092.jpg,0.49999999999945743,0.0,0.0,0.0,0.0,0.0,0.0,0.9999999999989149,0.49999999999945743
RipVIS-NR-020_01098.jpg,0.49999999999945743,0.0,0.0,0.0,0.0,0.0,0.0,0.9999999999989149,0.49999999999945743
RipVIS-NR-020_01104.jpg,0.49999999999945743,0.0,0.0,0.0,0.0,0.0,0.0,0.9999999999989149,0.49999999999945743
RipVIS-NR-020_01110.jpg,0.49999999999945743,0.0,0.0,0.0,0.0,0.0,0.0,0.9999999999989149,0.49999999999945743
RipVIS-NR-020_01116.jpg,0.49999999999945743,0.0,0.0,0.0,0.0,0.0,0.0,0.9999999999989149,0.49999999999945743
RipVIS-NR-020_01122.jpg,0.49999999999945743,0.0,0.0,0.0,0.0,0.0,0.0,0.9999999999989149,0.49999999999945743
RipVIS-NR-020_01128.jpg,0.49999999999945743,0.0,0.0,0.0,0.0,0.0,0.0,0.9999999999989149,0.49999999999945743
RipVIS-NR-020_01134.jpg,0.49999999999945743,0.0,0.0,0.0,0.0,0.0,0.0,0.9999999999989149,0.49999999999945743
RipVIS-NR-020_01140.jpg,0.49999999999945743,0.0,0.0,0.0,0.0,0.0,0.0,0.9999999999989149,0.49999999999945743
RipVIS-NR-020_01146.jpg,0.49999999999945743,0.0,0.0,0.0,0.0,0.0,0.0,0.9999999999989149,0.49999999999945743
RipVIS-NR-020_01152.jpg,0.49999999999945743,0.0,0.0,0.0,0.0,0.0,0.0,0.9999999999989149,0.49999999999945743
RipVIS-NR-020_01158.jpg,0.49999999999945743,0.0,0.0,0.0,0.0,0.0,0.0,0.9999999999989149,0.49999999999945743
RipVIS-NR-020_01164.jpg,0.49999999999945743,0.0,0.0,0.0,0.0,0.0,0.0,0.9999999999989149,0.49999999999945743
RipVIS-NR-020_01170.jpg,0.49999999999945743,0.0,0.0,0.0,0.0,0.0,0.0,0.9999999999989149,0.49999999999945743
RipVIS-NR-020_01176.jpg,0.49999999999945743,0.0,0.0,0.0,0.0,0.0,0.0,0.9999999999989149,0.49999999999945743
RipVIS-NR-020_01182.jpg,0.49999999999945743,0.0,0.0,0.0,0.0,0.0,0.0,0.9999999999989149,0.49999999999945743
RipVIS-NR-020_01188.jpg,0.49999999999945743,0.0,0.0,0.0,0.0,0.0,0.0,0.9999999999989149,0.49999999999945743
RipVIS-NR-020_01194.jpg,0.4614756944439437,0.0,0.0,0.0,0.0,0.0,0.0,0.9229513888878874,0.4614756944439437
RipVIS-NR-020_01200.jpg,0.457655164930059,0.0,0.0,0.0,0.0,0.0,0.0,0.915310329860118,0.457655164930059
RipVIS-NR-020_01206.jpg,0.49999999999945743,0.0,0.0,0.0,0.0,0.0,0.0,0.9999999999989149,0.49999999999945743
RipVIS-NR-020_01212.jpg,0.49999999999945743,0.0,0.0,0.0,0.0,0.0,0.0,0.9999999999989149,0.49999999999945743
RipVIS-NR-020_01218.jpg,0.49999999999945743,0.0,0.0,0.0,0.0,0.0,0.0,0.9999999999989149,0.49999999999945743
RipVIS-NR-020_01224.jpg,0.49999999999945743,0.0,0.0,0.0,0.0,0.0,0.0,0.9999999999989149,0.49999999999945743
RipVIS-NR-020_01230.jpg,0.49999999999945743,0.0,0.0,0.0,0.0,0.0,0.0,0.9999999999989149,0.49999999999945743
RipVIS-NR-020_01236.jpg,0.49999999999945743,0.0,0.0,0.0,0.0,0.0,0.0,0.9999999999989149,0.49999999999945743
RipVIS-NR-020_01242.jpg,0.49999999999945743,0.0,0.0,0.0,0.0,0.0,0.0,0.9999999999989149,0.49999999999945743
RipVIS-NR-020_01248.jpg,0.49999999999945743,0.0,0.0,0.0,0.0,0.0,0.0,0.9999999999989149,0.49999999999945743
RipVIS-NR-020_01254.jpg,0.49999999999945743,0.0,0.0,0.0,0.0,0.0,0.0,0.9999999999989149,0.49999999999945743
RipVIS-NR-020_01260.jpg,0.49999999999945743,0.0,0.0,0.0,0.0,0.0,0.0,0.9999999999989149,0.49999999999945743
RipVIS-NR-020_01266.jpg,0.49999999999945743,0.0,0.0,0.0,0.0,0.0,0.0,0.9999999999989149,0.49999999999945743
RipVIS-NR-020_01272.jpg,0.49999999999945743,0.0,0.0,0.0,0.0,0.0,0.0,0.9999999999989149,0.49999999999945743
RipVIS-NR-020_01278.jpg,0.49999999999945743,0.0,0.0,0.0,0.0,0.0,0.0,0.9999999999989149,0.49999999999945743
RipVIS-NR-020_01284.jpg,0.49999999999945743,0.0,0.0,0.0,0.0,0.0,0.0,0.9999999999989149,0.49999999999945743
RipVIS-NR-020_01290.jpg,0.49999999999945743,0.0,0.0,0.0,0.0,0.0,0.0,0.9999999999989149,0.49999999999945743
RipVIS-NR-020_01296.jpg,0.49999999999945743,0.0,0.0,0.0,0.0,0.0,0.0,0.9999999999989149,0.49999999999945743
RipVIS-NR-020_01302.jpg,0.49999999999945743,0.0,0.0,0.0,0.0,0.0,0.0,0.9999999999989149,0.49999999999945743
RipVIS-NR-020_01308.jpg,0.49999999999945743,0.0,0.0,0.0,0.0,0.0,0.0,0.9999999999989149,0.49999999999945743
RipVIS-NR-020_01314.jpg,0.49999999999945743,0.0,0.0,0.0,0.0,0.0,0.0,0.9999999999989149,0.49999999999945743
RipVIS-NR-020_01320.jpg,0.49999999999945743,0.0,0.0,0.0,0.0,0.0,0.0,0.9999999999989149,0.49999999999945743
RipVIS-NR-020_01326.jpg,0.49999999999945743,0.0,0.0,0.0,0.0,0.0,0.0,0.9999999999989149,0.49999999999945743
RipVIS-NR-020_01332.jpg,0.49999999999945743,0.0,0.0,0.0,0.0,0.0,0.0,0.9999999999989149,0.49999999999945743
RipVIS-NR-020_01338.jpg,0.49999999999945743,0.0,0.0,0.0,0.0,0.0,0.0,0.9999999999989149,0.49999999999945743
RipVIS-NR-020_01344.jpg,0.49999999999945743,0.0,0.0,0.0,0.0,0.0,0.0,0.9999999999989149,0.49999999999945743
RipVIS-NR-020_01350.jpg,0.49999999999945743,0.0,0.0,0.0,0.0,0.0,0.0,0.9999999999989149,0.49999999999945743
RipVIS-NR-020_01356.jpg,0.49999999999945743,0.0,0.0,0.0,0.0,0.0,0.0,0.9999999999989149,0.49999999999945743
RipVIS-NR-020_01362.jpg,0.49999999999945743,0.0,0.0,0.0,0.0,0.0,0.0,0.9999999999989149,0.49999999999945743
RipVIS-NR-020_01368.jpg,0.49999999999945743,0.0,0.0,0.0,0.0,0.0,0.0,0.9999999999989149,0.49999999999945743
RipVIS-NR-020_01374.jpg,0.49999999999945743,0.0,0.0,0.0,0.0,0.0,0.0,0.9999999999989149,0.49999999999945743
RipVIS-NR-020_01380.jpg,0.49999999999945743,0.0,0.0,0.0,0.0,0.0,0.0,0.9999999999989149,0.49999999999945743
RipVIS-NR-020_01386.jpg,0.49999999999945743,0.0,0.0,0.0,0.0,0.0,0.0,0.9999999999989149,0.49999999999945743
RipVIS-NR-020_01392.jpg,0.49999999999945743,0.0,0.0,0.0,0.0,0.0,0.0,0.9999999999989149,0.49999999999945743
RipVIS-NR-020_01398.jpg,0.49999999999945743,0.0,0.0,0.0,0.0,0.0,0.0,0.9999999999989149,0.49999999999945743
RipVIS-NR-020_01404.jpg,0.49999999999945743,0.0,0.0,0.0,0.0,0.0,0.0,0.9999999999989149,0.49999999999945743
RipVIS-NR-020_01410.jpg,0.49999999999945743,0.0,0.0,0.0,0.0,0.0,0.0,0.9999999999989149,0.49999999999945743
RipVIS-NR-020_01416.jpg,0.49999999999945743,0.0,0.0,0.0,0.0,0.0,0.0,0.9999999999989149,0.49999999999945743
RipVIS-NR-020_01422.jpg,0.49999999999945743,0.0,0.0,0.0,0.0,0.0,0.0,0.9999999999989149,0.49999999999945743
RipVIS-NR-020_01428.jpg,0.49999999999945743,0.0,0.0,0.0,0.0,0.0,0.0,0.9999999999989149,0.49999999999945743
RipVIS-NR-020_01434.jpg,0.49999999999945743,0.0,0.0,0.0,0.0,0.0,0.0,0.9999999999989149,0.49999999999945743
RipVIS-NR-020_01440.jpg,0.49999999999945743,0.0,0.0,0.0,0.0,0.0,0.0,0.9999999999989149,0.49999999999945743
RipVIS-NR-020_01446.jpg,0.49999999999945743,0.0,0.0,0.0,0.0,0.0,0.0,0.9999999999989149,0.49999999999945743
RipVIS-NR-020_01452.jpg,0.49999999999945743,0.0,0.0,0.0,0.0,0.0,0.0,0.9999999999989149,0.49999999999945743
RipVIS-NR-020_01458.jpg,0.49999999999945743,0.0,0.0,0.0,0.0,0.0,0.0,0.9999999999989149,0.49999999999945743
RipVIS-NR-020_01464.jpg,0.49999999999945743,0.0,0.0,0.0,0.0,0.0,0.0,0.9999999999989149,0.49999999999945743
RipVIS-NR-020_01470.jpg,0.49999999999945743,0.0,0.0,0.0,0.0,0.0,0.0,0.9999999999989149,0.49999999999945743
RipVIS-NR-020_01476.jpg,0.49999999999945743,0.0,0.0,0.0,0.0,0.0,0.0,0.9999999999989149,0.49999999999945743
RipVIS-NR-020_01482.jpg,0.49999999999945743,0.0,0.0,0.0,0.0,0.0,0.0,0.9999999999989149,0.49999999999945743
RipVIS-NR-020_01488.jpg,0.49999999999945743,0.0,0.0,0.0,0.0,0.0,0.0,0.9999999999989149,0.49999999999945743
RipVIS-NR-020_01494.jpg,0.49999999999945743,0.0,0.0,0.0,0.0,0.0,0.0,0.9999999999989149,0.49999999999945743
RipVIS-NR-020_01500.jpg,0.49999999999945743,0.0,0.0,0.0,0.0,0.0,0.0,0.9999999999989149,0.49999999999945743
RipVIS-NR-020_01506.jpg,0.49999999999945743,0.0,0.0,0.0,0.0,0.0,0.0,0.9999999999989149,0.49999999999945743
RipVIS-NR-020_01512.jpg,0.49999999999945743,0.0,0.0,0.0,0.0,0.0,0.0,0.9999999999989149,0.49999999999945743
RipVIS-NR-020_01518.jpg,0.49999999999945743,0.0,0.0,0.0,0.0,0.0,0.0,0.9999999999989149,0.49999999999945743
RipVIS-NR-020_01524.jpg,0.49999999999945743,0.0,0.0,0.0,0.0,0.0,0.0,0.9999999999989149,0.49999999999945743
RipVIS-NR-020_01530.jpg,0.49999999999945743,0.0,0.0,0.0,0.0,0.0,0.0,0.9999999999989149,0.49999999999945743
RipVIS-NR-020_01536.jpg,0.49999999999945743,0.0,0.0,0.0,0.0,0.0,0.0,0.9999999999989149,0.49999999999945743
RipVIS-NR-020_01542.jpg,0.49999999999945743,0.0,0.0,0.0,0.0,0.0,0.0,0.9999999999989149,0.49999999999945743
RipVIS-NR-020_01548.jpg,0.49999999999945743,0.0,0.0,0.0,0.0,0.0,0.0,0.9999999999989149,0.49999999999945743
RipVIS-NR-020_01554.jpg,0.49999999999945743,0.0,0.0,0.0,0.0,0.0,0.0,0.9999999999989149,0.49999999999945743
RipVIS-NR-020_01560.jpg,0.49999999999945743,0.0,0.0,0.0,0.0,0.0,0.0,0.9999999999989149,0.49999999999945743
RipVIS-NR-020_01566.jpg,0.49999999999945743,0.0,0.0,0.0,0.0,0.0,0.0,0.9999999999989149,0.49999999999945743
RipVIS-NR-020_01572.jpg,0.49999999999945743,0.0,0.0,0.0,0.0,0.0,0.0,0.9999999999989149,0.49999999999945743
RipVIS-NR-020_01578.jpg,0.49999999999945743,0.0,0.0,0.0,0.0,0.0,0.0,0.9999999999989149,0.49999999999945743
RipVIS-NR-020_01584.jpg,0.49999999999945743,0.0,0.0,0.0,0.0,0.0,0.0,0.9999999999989149,0.49999999999945743
RipVIS-NR-020_01590.jpg,0.49999999999945743,0.0,0.0,0.0,0.0,0.0,0.0,0.9999999999989149,0.49999999999945743
RipVIS-NR-020_01596.jpg,0.49999999999945743,0.0,0.0,0.0,0.0,0.0,0.0,0.9999999999989149,0.49999999999945743
RipVIS-NR-020_01602.jpg,0.49999999999945743,0.0,0.0,0.0,0.0,0.0,0.0,0.9999999999989149,0.49999999999945743
RipVIS-NR-020_01608.jpg,0.49999999999945743,0.0,0.0,0.0,0.0,0.0,0.0,0.9999999999989149,0.49999999999945743
RipVIS-NR-020_01614.jpg,0.49999999999945743,0.0,0.0,0.0,0.0,0.0,0.0,0.9999999999989149,0.49999999999945743
RipVIS-NR-020_01620.jpg,0.49999999999945743,0.0,0.0,0.0,0.0,0.0,0.0,0.9999999999989149,0.49999999999945743
RipVIS-NR-020_01626.jpg,0.49999999999945743,0.0,0.0,0.0,0.0,0.0,0.0,0.9999999999989149,0.49999999999945743
RipVIS-NR-020_01632.jpg,0.49999999999945743,0.0,0.0,0.0,0.0,0.0,0.0,0.9999999999989149,0.49999999999945743
RipVIS-NR-020_01638.jpg,0.49999999999945743,0.0,0.0,0.0,0.0,0.0,0.0,0.9999999999989149,0.49999999999945743
RipVIS-NR-020_01644.jpg,0.49999999999945743,0.0,0.0,0.0,0.0,0.0,0.0,0.9999999999989149,0.49999999999945743
RipVIS-NR-020_01650.jpg,0.49999999999945743,0.0,0.0,0.0,0.0,0.0,0.0,0.9999999999989149,0.49999999999945743
RipVIS-NR-020_01656.jpg,0.49999999999945743,0.0,0.0,0.0,0.0,0.0,0.0,0.9999999999989149,0.49999999999945743
RipVIS-NR-020_01662.jpg,0.49999999999945743,0.0,0.0,0.0,0.0,0.0,0.0,0.9999999999989149,0.49999999999945743
RipVIS-NR-020_01668.jpg,0.49999999999945743,0.0,0.0,0.0,0.0,0.0,0.0,0.9999999999989149,0.49999999999945743
RipVIS-NR-020_01674.jpg,0.49999999999945743,0.0,0.0,0.0,0.0,0.0,0.0,0.9999999999989149,0.49999999999945743
RipVIS-NR-020_01680.jpg,0.49999999999945743,0.0,0.0,0.0,0.0,0.0,0.0,0.9999999999989149,0.49999999999945743
RipVIS-NR-020_01686.jpg,0.49999999999945743,0.0,0.0,0.0,0.0,0.0,0.0,0.9999999999989149,0.49999999999945743
RipVIS-NR-020_01692.jpg,0.49999999999945743,0.0,0.0,0.0,0.0,0.0,0.0,0.9999999999989149,0.49999999999945743
RipVIS-NR-020_01698.jpg,0.49999999999945743,0.0,0.0,0.0,0.0,0.0,0.0,0.9999999999989149,0.49999999999945743
RipVIS-NR-020_01704.jpg,0.49999999999945743,0.0,0.0,0.0,0.0,0.0,0.0,0.9999999999989149,0.49999999999945743
RipVIS-NR-020_01710.jpg,0.49999999999945743,0.0,0.0,0.0,0.0,0.0,0.0,0.9999999999989149,0.49999999999945743
RipVIS-NR-020_01716.jpg,0.49999999999945743,0.0,0.0,0.0,0.0,0.0,0.0,0.9999999999989149,0.49999999999945743
RipVIS-NR-020_01722.jpg,0.49999999999945743,0.0,0.0,0.0,0.0,0.0,0.0,0.9999999999989149,0.49999999999945743
RipVIS-NR-020_01728.jpg,0.49999999999945743,0.0,0.0,0.0,0.0,0.0,0.0,0.9999999999989149,0.49999999999945743
RipVIS-NR-020_01734.jpg,0.49999999999945743,0.0,0.0,0.0,0.0,0.0,0.0,0.9999999999989149,0.49999999999945743
RipVIS-NR-020_01740.jpg,0.49999999999945743,0.0,0.0,0.0,0.0,0.0,0.0,0.9999999999989149,0.49999999999945743
RipVIS-NR-020_01746.jpg,0.49999999999945743,0.0,0.0,0.0,0.0,0.0,0.0,0.9999999999989149,0.49999999999945743
RipVIS-NR-020_01752.jpg,0.49999999999945743,0.0,0.0,0.0,0.0,0.0,0.0,0.9999999999989149,0.49999999999945743
RipVIS-NR-020_01758.jpg,0.49999999999945743,0.0,0.0,0.0,0.0,0.0,0.0,0.9999999999989149,0.49999999999945743
RipVIS-NR-020_01764.jpg,0.49999999999945743,0.0,0.0,0.0,0.0,0.0,0.0,0.9999999999989149,0.49999999999945743
RipVIS-NR-020_01770.jpg,0.49999999999945743,0.0,0.0,0.0,0.0,0.0,0.0,0.9999999999989149,0.49999999999945743
RipVIS-NR-020_01776.jpg,0.49999999999945743,0.0,0.0,0.0,0.0,0.0,0.0,0.9999999999989149,0.49999999999945743
RipVIS-NR-020_01782.jpg,0.49999999999945743,0.0,0.0,0.0,0.0,0.0,0.0,0.9999999999989149,0.49999999999945743
RipVIS-NR-020_01788.jpg,0.49999999999945743,0.0,0.0,0.0,0.0,0.0,0.0,0.9999999999989149,0.49999999999945743
RipVIS-NR-020_01794.jpg,0.49999999999945743,0.0,0.0,0.0,0.0,0.0,0.0,0.9999999999989149,0.49999999999945743
RipVIS-NR-020_01800.jpg,0.49999999999945743,0.0,0.0,0.0,0.0,0.0,0.0,0.9999999999989149,0.49999999999945743
RipVIS-NR-020_01806.jpg,0.49999999999945743,0.0,0.0,0.0,0.0,0.0,0.0,0.9999999999989149,0.49999999999945743
RipVIS-NR-020_01812.jpg,0.49999999999945743,0.0,0.0,0.0,0.0,0.0,0.0,0.9999999999989149,0.49999999999945743
RipVIS-NR-020_01818.jpg,0.49999999999945743,0.0,0.0,0.0,0.0,0.0,0.0,0.9999999999989149,0.49999999999945743
RipVIS-NR-020_01824.jpg,0.49999999999945743,0.0,0.0,0.0,0.0,0.0,0.0,0.9999999999989149,0.49999999999945743
RipVIS-NR-020_01830.jpg,0.49999999999945743,0.0,0.0,0.0,0.0,0.0,0.0,0.9999999999989149,0.49999999999945743
RipVIS-NR-020_01836.jpg,0.49999999999945743,0.0,0.0,0.0,0.0,0.0,0.0,0.9999999999989149,0.49999999999945743
RipVIS-NR-020_01842.jpg,0.49999999999945743,0.0,0.0,0.0,0.0,0.0,0.0,0.9999999999989149,0.49999999999945743
RipVIS-NR-020_01848.jpg,0.49999999999945743,0.0,0.0,0.0,0.0,0.0,0.0,0.9999999999989149,0.49999999999945743
RipVIS-NR-020_01854.jpg,0.49999999999945743,0.0,0.0,0.0,0.0,0.0,0.0,0.9999999999989149,0.49999999999945743
RipVIS-NR-020_01860.jpg,0.49999999999945743,0.0,0.0,0.0,0.0,0.0,0.0,0.9999999999989149,0.49999999999945743
RipVIS-NR-020_01866.jpg,0.49999999999945743,0.0,0.0,0.0,0.0,0.0,0.0,0.9999999999989149,0.49999999999945743
RipVIS-NR-020_01872.jpg,0.49999999999945743,0.0,0.0,0.0,0.0,0.0,0.0,0.9999999999989149,0.49999999999945743
RipVIS-NR-020_01878.jpg,0.49999999999945743,0.0,0.0,0.0,0.0,0.0,0.0,0.9999999999989149,0.49999999999945743
RipVIS-NR-020_01884.jpg,0.49999999999945743,0.0,0.0,0.0,0.0,0.0,0.0,0.9999999999989149,0.49999999999945743
RipVIS-NR-020_01890.jpg,0.49999999999945743,0.0,0.0,0.0,0.0,0.0,0.0,0.9999999999989149,0.49999999999945743
RipVIS-NR-020_01896.jpg,0.49999999999945743,0.0,0.0,0.0,0.0,0.0,0.0,0.9999999999989149,0.49999999999945743
RipVIS-NR-020_01902.jpg,0.49999999999945743,0.0,0.0,0.0,0.0,0.0,0.0,0.9999999999989149,0.49999999999945743
RipVIS-NR-020_01908.jpg,0.49999999999945743,0.0,0.0,0.0,0.0,0.0,0.0,0.9999999999989149,0.49999999999945743
RipVIS-NR-020_01914.jpg,0.49999999999945743,0.0,0.0,0.0,0.0,0.0,0.0,0.9999999999989149,0.49999999999945743
RipVIS-NR-020_01920.jpg,0.49999999999945743,0.0,0.0,0.0,0.0,0.0,0.0,0.9999999999989149,0.49999999999945743
RipVIS-NR-020_01926.jpg,0.49999999999945743,0.0,0.0,0.0,0.0,0.0,0.0,0.9999999999989149,0.49999999999945743
RipVIS-NR-020_01932.jpg,0.49999999999945743,0.0,0.0,0.0,0.0,0.0,0.0,0.9999999999989149,0.49999999999945743
RipVIS-NR-020_01938.jpg,0.49999999999945743,0.0,0.0,0.0,0.0,0.0,0.0,0.9999999999989149,0.49999999999945743
RipVIS-NR-020_01944.jpg,0.49999999999945743,0.0,0.0,0.0,0.0,0.0,0.0,0.9999999999989149,0.49999999999945743
RipVIS-NR-020_01950.jpg,0.49999999999945743,0.0,0.0,0.0,0.0,0.0,0.0,0.9999999999989149,0.49999999999945743
RipVIS-NR-020_01956.jpg,0.49999999999945743,0.0,0.0,0.0,0.0,0.0,0.0,0.9999999999989149,0.49999999999945743
RipVIS-NR-020_01962.jpg,0.49999999999945743,0.0,0.0,0.0,0.0,0.0,0.0,0.9999999999989149,0.49999999999945743
RipVIS-NR-020_01968.jpg,0.49999999999945743,0.0,0.0,0.0,0.0,0.0,0.0,0.9999999999989149,0.49999999999945743
RipVIS-NR-020_01974.jpg,0.49999999999945743,0.0,0.0,0.0,0.0,0.0,0.0,0.9999999999989149,0.49999999999945743
RipVIS-NR-020_01980.jpg,0.49999999999945743,0.0,0.0,0.0,0.0,0.0,0.0,0.9999999999989149,0.49999999999945743
RipVIS-NR-020_01986.jpg,0.49999999999945743,0.0,0.0,0.0,0.0,0.0,0.0,0.9999999999989149,0.49999999999945743
RipVIS-NR-020_01992.jpg,0.49999999999945743,0.0,0.0,0.0,0.0,0.0,0.0,0.9999999999989149,0.49999999999945743
RipVIS-NR-020_01998.jpg,0.49999999999945743,0.0,0.0,0.0,0.0,0.0,0.0,0.9999999999989149,0.49999999999945743
RipVIS-NR-020_02004.jpg,0.49999999999945743,0.0,0.0,0.0,0.0,0.0,0.0,0.9999999999989149,0.49999999999945743
RipVIS-NR-020_02010.jpg,0.49999999999945743,0.0,0.0,0.0,0.0,0.0,0.0,0.9999999999989149,0.49999999999945743
RipVIS-NR-020_02016.jpg,0.49999999999945743,0.0,0.0,0.0,0.0,0.0,0.0,0.9999999999989149,0.49999999999945743
RipVIS-NR-020_02022.jpg,0.49999999999945743,0.0,0.0,0.0,0.0,0.0,0.0,0.9999999999989149,0.49999999999945743
RipVIS-NR-020_02028.jpg,0.49999999999945743,0.0,0.0,0.0,0.0,0.0,0.0,0.9999999999989149,0.49999999999945743
RipVIS-NR-020_02034.jpg,0.49999999999945743,0.0,0.0,0.0,0.0,0.0,0.0,0.9999999999989149,0.49999999999945743
RipVIS-NR-020_02040.jpg,0.49999999999945743,0.0,0.0,0.0,0.0,0.0,0.0,0.9999999999989149,0.49999999999945743
RipVIS-NR-020_02046.jpg,0.49999999999945743,0.0,0.0,0.0,0.0,0.0,0.0,0.9999999999989149,0.49999999999945743
RipVIS-NR-020_02052.jpg,0.49999999999945743,0.0,0.0,0.0,0.0,0.0,0.0,0.9999999999989149,0.49999999999945743
RipVIS-NR-020_02058.jpg,0.4528211805550642,0.0,0.0,0.0,0.0,0.0,0.0,0.9056423611101284,0.4528211805550642
RipVIS-NR-020_02064.jpg,0.4593218315967238,0.0,0.0,0.0,0.0,0.0,0.0,0.9186436631934476,0.4593218315967238
RipVIS-NR-020_02070.jpg,0.49999999999945743,0.0,0.0,0.0,0.0,0.0,0.0,0.9999999999989149,0.49999999999945743
RipVIS-NR-020_02076.jpg,0.49999999999945743,0.0,0.0,0.0,0.0,0.0,0.0,0.9999999999989149,0.49999999999945743
RipVIS-NR-020_02082.jpg,0.49999999999945743,0.0,0.0,0.0,0.0,0.0,0.0,0.9999999999989149,0.49999999999945743
RipVIS-NR-020_02088.jpg,0.49999999999945743,0.0,0.0,0.0,0.0,0.0,0.0,0.9999999999989149,0.49999999999945743
RipVIS-NR-020_02094.jpg,0.49999999999945743,0.0,0.0,0.0,0.0,0.0,0.0,0.9999999999989149,0.49999999999945743
RipVIS-NR-020_02100.jpg,0.49999999999945743,0.0,0.0,0.0,0.0,0.0,0.0,0.9999999999989149,0.49999999999945743
RipVIS-NR-020_02106.jpg,0.49999999999945743,0.0,0.0,0.0,0.0,0.0,0.0,0.9999999999989149,0.49999999999945743
RipVIS-NR-020_02112.jpg,0.49999999999945743,0.0,0.0,0.0,0.0,0.0,0.0,0.9999999999989149,0.49999999999945743
RipVIS-NR-020_02118.jpg,0.49999999999945743,0.0,0.0,0.0,0.0,0.0,0.0,0.9999999999989149,0.49999999999945743
RipVIS-NR-020_02124.jpg,0.49999999999945743,0.0,0.0,0.0,0.0,0.0,0.0,0.9999999999989149,0.49999999999945743
RipVIS-NR-020_02130.jpg,0.49999999999945743,0.0,0.0,0.0,0.0,0.0,0.0,0.9999999999989149,0.49999999999945743
RipVIS-NR-020_02136.jpg,0.49999999999945743,0.0,0.0,0.0,0.0,0.0,0.0,0.9999999999989149,0.49999999999945743
RipVIS-NR-020_02142.jpg,0.49999999999945743,0.0,0.0,0.0,0.0,0.0,0.0,0.9999999999989149,0.49999999999945743
RipVIS-NR-020_02148.jpg,0.49999999999945743,0.0,0.0,0.0,0.0,0.0,0.0,0.9999999999989149,0.49999999999945743
RipVIS-NR-020_02154.jpg,0.49999999999945743,0.0,0.0,0.0,0.0,0.0,0.0,0.9999999999989149,0.49999999999945743
RipVIS-NR-020_02160.jpg,0.49999999999945743,0.0,0.0,0.0,0.0,0.0,0.0,0.9999999999989149,0.49999999999945743
RipVIS-NR-020_02166.jpg,0.49999999999945743,0.0,0.0,0.0,0.0,0.0,0.0,0.9999999999989149,0.49999999999945743
RipVIS-NR-020_02172.jpg,0.49999999999945743,0.0,0.0,0.0,0.0,0.0,0.0,0.9999999999989149,0.49999999999945743
RipVIS-NR-020_02178.jpg,0.49999999999945743,0.0,0.0,0.0,0.0,0.0,0.0,0.9999999999989149,0.49999999999945743
RipVIS-NR-020_02184.jpg,0.49999999999945743,0.0,0.0,0.0,0.0,0.0,0.0,0.9999999999989149,0.49999999999945743
RipVIS-NR-020_02190.jpg,0.49999999999945743,0.0,0.0,0.0,0.0,0.0,0.0,0.9999999999989149,0.49999999999945743
RipVIS-NR-020_02196.jpg,0.49999999999945743,0.0,0.0,0.0,0.0,0.0,0.0,0.9999999999989149,0.49999999999945743
RipVIS-NR-020_02202.jpg,0.49999999999945743,0.0,0.0,0.0,0.0,0.0,0.0,0.9999999999989149,0.49999999999945743
RipVIS-NR-020_02208.jpg,0.49999999999945743,0.0,0.0,0.0,0.0,0.0,0.0,0.9999999999989149,0.49999999999945743
RipVIS-NR-020_02214.jpg,0.49999999999945743,0.0,0.0,0.0,0.0,0.0,0.0,0.9999999999989149,0.49999999999945743
RipVIS-NR-020_02220.jpg,0.49999999999945743,0.0,0.0,0.0,0.0,0.0,0.0,0.9999999999989149,0.49999999999945743
RipVIS-NR-020_02226.jpg,0.49999999999945743,0.0,0.0,0.0,0.0,0.0,0.0,0.9999999999989149,0.49999999999945743
RipVIS-NR-020_02232.jpg,0.49999999999945743,0.0,0.0,0.0,0.0,0.0,0.0,0.9999999999989149,0.49999999999945743
RipVIS-NR-020_02238.jpg,0.49999999999945743,0.0,0.0,0.0,0.0,0.0,0.0,0.9999999999989149,0.49999999999945743
RipVIS-NR-020_02244.jpg,0.49999999999945743,0.0,0.0,0.0,0.0,0.0,0.0,0.9999999999989149,0.49999999999945743
RipVIS-NR-020_02250.jpg,0.49999999999945743,0.0,0.0,0.0,0.0,0.0,0.0,0.9999999999989149,0.49999999999945743
RipVIS-NR-020_02256.jpg,0.49999999999945743,0.0,0.0,0.0,0.0,0.0,0.0,0.9999999999989149,0.49999999999945743
RipVIS-NR-020_02262.jpg,0.49999999999945743,0.0,0.0,0.0,0.0,0.0,0.0,0.9999999999989149,0.49999999999945743
RipVIS-NR-020_02268.jpg,0.49999999999945743,0.0,0.0,0.0,0.0,0.0,0.0,0.9999999999989149,0.49999999999945743
RipVIS-NR-020_02274.jpg,0.49999999999945743,0.0,0.0,0.0,0.0,0.0,0.0,0.9999999999989149,0.49999999999945743
RipVIS-NR-020_02280.jpg,0.49999999999945743,0.0,0.0,0.0,0.0,0.0,0.0,0.9999999999989149,0.49999999999945743
RipVIS-NR-020_02286.jpg,0.49999999999945743,0.0,0.0,0.0,0.0,0.0,0.0,0.9999999999989149,0.49999999999945743
RipVIS-NR-020_02292.jpg,0.49999999999945743,0.0,0.0,0.0,0.0,0.0,0.0,0.9999999999989149,0.49999999999945743
RipVIS-NR-020_02298.jpg,0.49999999999945743,0.0,0.0,0.0,0.0,0.0,0.0,0.9999999999989149,0.49999999999945743
RipVIS-NR-020_02304.jpg,0.49999999999945743,0.0,0.0,0.0,0.0,0.0,0.0,0.9999999999989149,0.49999999999945743
RipVIS-NR-020_02310.jpg,0.49999999999945743,0.0,0.0,0.0,0.0,0.0,0.0,0.9999999999989149,0.49999999999945743
RipVIS-NR-020_02316.jpg,0.49999999999945743,0.0,0.0,0.0,0.0,0.0,0.0,0.9999999999989149,0.49999999999945743
RipVIS-NR-020_02322.jpg,0.49999999999945743,0.0,0.0,0.0,0.0,0.0,0.0,0.9999999999989149,0.49999999999945743
RipVIS-NR-020_02328.jpg,0.49999999999945743,0.0,0.0,0.0,0.0,0.0,0.0,0.9999999999989149,0.49999999999945743
RipVIS-NR-020_02334.jpg,0.49999999999945743,0.0,0.0,0.0,0.0,0.0,0.0,0.9999999999989149,0.49999999999945743
RipVIS-NR-020_02340.jpg,0.49999999999945743,0.0,0.0,0.0,0.0,0.0,0.0,0.9999999999989149,0.49999999999945743
RipVIS-NR-020_02346.jpg,0.49999999999945743,0.0,0.0,0.0,0.0,0.0,0.0,0.9999999999989149,0.49999999999945743
RipVIS-NR-020_02352.jpg,0.49999999999945743,0.0,0.0,0.0,0.0,0.0,0.0,0.9999999999989149,0.49999999999945743
RipVIS-NR-020_02358.jpg,0.49999999999945743,0.0,0.0,0.0,0.0,0.0,0.0,0.9999999999989149,0.49999999999945743
RipVIS-NR-020_02364.jpg,0.49999999999945743,0.0,0.0,0.0,0.0,0.0,0.0,0.9999999999989149,0.49999999999945743
RipVIS-NR-020_02370.jpg,0.49999999999945743,0.0,0.0,0.0,0.0,0.0,0.0,0.9999999999989149,0.49999999999945743
RipVIS-NR-020_02376.jpg,0.49999999999945743,0.0,0.0,0.0,0.0,0.0,0.0,0.9999999999989149,0.49999999999945743
RipVIS-NR-020_02382.jpg,0.49999999999945743,0.0,0.0,0.0,0.0,0.0,0.0,0.9999999999989149,0.49999999999945743
RipVIS-NR-020_02388.jpg,0.49999999999945743,0.0,0.0,0.0,0.0,0.0,0.0,0.9999999999989149,0.49999999999945743
RipVIS-NR-020_02394.jpg,0.49999999999945743,0.0,0.0,0.0,0.0,0.0,0.0,0.9999999999989149,0.49999999999945743
RipVIS-NR-020_02400.jpg,0.49999999999945743,0.0,0.0,0.0,0.0,0.0,0.0,0.9999999999989149,0.49999999999945743
RipVIS-NR-020_02406.jpg,0.49999999999945743,0.0,0.0,0.0,0.0,0.0,0.0,0.9999999999989149,0.49999999999945743
RipVIS-NR-020_02412.jpg,0.49999999999945743,0.0,0.0,0.0,0.0,0.0,0.0,0.9999999999989149,0.49999999999945743
RipVIS-NR-020_02418.jpg,0.49999999999945743,0.0,0.0,0.0,0.0,0.0,0.0,0.9999999999989149,0.49999999999945743
RipVIS-NR-020_02424.jpg,0.49999999999945743,0.0,0.0,0.0,0.0,0.0,0.0,0.9999999999989149,0.49999999999945743
RipVIS-NR-020_02430.jpg,0.49999999999945743,0.0,0.0,0.0,0.0,0.0,0.0,0.9999999999989149,0.49999999999945743
RipVIS-NR-020_02436.jpg,0.49999999999945743,0.0,0.0,0.0,0.0,0.0,0.0,0.9999999999989149,0.49999999999945743
RipVIS-NR-020_02442.jpg,0.49999999999945743,0.0,0.0,0.0,0.0,0.0,0.0,0.9999999999989149,0.49999999999945743
RipVIS-NR-020_02448.jpg,0.49999999999945743,0.0,0.0,0.0,0.0,0.0,0.0,0.9999999999989149,0.49999999999945743
RipVIS-NR-020_02454.jpg,0.49999999999945743,0.0,0.0,0.0,0.0,0.0,0.0,0.9999999999989149,0.49999999999945743
RipVIS-NR-020_02460.jpg,0.49999999999945743,0.0,0.0,0.0,0.0,0.0,0.0,0.9999999999989149,0.49999999999945743
RipVIS-NR-020_02466.jpg,0.49999999999945743,0.0,0.0,0.0,0.0,0.0,0.0,0.9999999999989149,0.49999999999945743
RipVIS-NR-020_02472.jpg,0.49999999999945743,0.0,0.0,0.0,0.0,0.0,0.0,0.9999999999989149,0.49999999999945743
RipVIS-NR-020_02478.jpg,0.49999999999945743,0.0,0.0,0.0,0.0,0.0,0.0,0.9999999999989149,0.49999999999945743
RipVIS-NR-020_02484.jpg,0.49999999999945743,0.0,0.0,0.0,0.0,0.0,0.0,0.9999999999989149,0.49999999999945743
RipVIS-NR-020_02490.jpg,0.49999999999945743,0.0,0.0,0.0,0.0,0.0,0.0,0.9999999999989149,0.49999999999945743
RipVIS-NR-020_02496.jpg,0.49999999999945743,0.0,0.0,0.0,0.0,0.0,0.0,0.9999999999989149,0.49999999999945743
RipVIS-NR-020_02502.jpg,0.49999999999945743,0.0,0.0,0.0,0.0,0.0,0.0,0.9999999999989149,0.49999999999945743
RipVIS-NR-020_02508.jpg,0.49999999999945743,0.0,0.0,0.0,0.0,0.0,0.0,0.9999999999989149,0.49999999999945743
RipVIS-NR-020_02514.jpg,0.49999999999945743,0.0,0.0,0.0,0.0,0.0,0.0,0.9999999999989149,0.49999999999945743
RipVIS-NR-020_02520.jpg,0.49999999999945743,0.0,0.0,0.0,0.0,0.0,0.0,0.9999999999989149,0.49999999999945743
RipVIS-NR-020_02526.jpg,0.49999999999945743,0.0,0.0,0.0,0.0,0.0,0.0,0.9999999999989149,0.49999999999945743
RipVIS-NR-020_02532.jpg,0.49999999999945743,0.0,0.0,0.0,0.0,0.0,0.0,0.9999999999989149,0.49999999999945743
RipVIS-NR-020_02538.jpg,0.49999999999945743,0.0,0.0,0.0,0.0,0.0,0.0,0.9999999999989149,0.49999999999945743
RipVIS-NR-020_02544.jpg,0.49999999999945743,0.0,0.0,0.0,0.0,0.0,0.0,0.9999999999989149,0.49999999999945743
RipVIS-NR-020_02550.jpg,0.49999999999945743,0.0,0.0,0.0,0.0,0.0,0.0,0.9999999999989149,0.49999999999945743
RipVIS-NR-020_02556.jpg,0.49999999999945743,0.0,0.0,0.0,0.0,0.0,0.0,0.9999999999989149,0.49999999999945743
RipVIS-NR-020_02562.jpg,0.49999999999945743,0.0,0.0,0.0,0.0,0.0,0.0,0.9999999999989149,0.49999999999945743
RipVIS-NR-020_02568.jpg,0.49999999999945743,0.0,0.0,0.0,0.0,0.0,0.0,0.9999999999989149,0.49999999999945743
RipVIS-NR-022_00000.jpg,0.49999999999975886,0.0,0.0,0.0,0.0,0.0,0.0,0.9999999999995177,0.49999999999975886
RipVIS-NR-022_00006.jpg,0.49999999999975886,0.0,0.0,0.0,0.0,0.0,0.0,0.9999999999995177,0.49999999999975886
RipVIS-NR-022_00012.jpg,0.49999999999975886,0.0,0.0,0.0,0.0,0.0,0.0,0.9999999999995177,0.49999999999975886
RipVIS-NR-022_00018.jpg,0.49999999999975886,0.0,0.0,0.0,0.0,0.0,0.0,0.9999999999995177,0.49999999999975886
RipVIS-NR-022_00024.jpg,0.49999999999975886,0.0,0.0,0.0,0.0,0.0,0.0,0.9999999999995177,0.49999999999975886
RipVIS-NR-022_00030.jpg,0.49999999999975886,0.0,0.0,0.0,0.0,0.0,0.0,0.9999999999995177,0.49999999999975886
RipVIS-NR-022_00036.jpg,0.49999999999975886,0.0,0.0,0.0,0.0,0.0,0.0,0.9999999999995177,0.49999999999975886
RipVIS-NR-022_00042.jpg,0.49999999999975886,0.0,0.0,0.0,0.0,0.0,0.0,0.9999999999995177,0.49999999999975886
RipVIS-NR-022_00048.jpg,0.49999999999975886,0.0,0.0,0.0,0.0,0.0,0.0,0.9999999999995177,0.49999999999975886
RipVIS-NR-022_00054.jpg,0.49999999999975886,0.0,0.0,0.0,0.0,0.0,0.0,0.9999999999995177,0.49999999999975886
RipVIS-NR-022_00060.jpg,0.49999999999975886,0.0,0.0,0.0,0.0,0.0,0.0,0.9999999999995177,0.49999999999975886
RipVIS-NR-022_00066.jpg,0.49999999999975886,0.0,0.0,0.0,0.0,0.0,0.0,0.9999999999995177,0.49999999999975886
RipVIS-NR-022_00072.jpg,0.49999999999975886,0.0,0.0,0.0,0.0,0.0,0.0,0.9999999999995177,0.49999999999975886
RipVIS-NR-022_00078.jpg,0.49999999999975886,0.0,0.0,0.0,0.0,0.0,0.0,0.9999999999995177,0.49999999999975886
RipVIS-NR-022_00084.jpg,0.49999999999975886,0.0,0.0,0.0,0.0,0.0,0.0,0.9999999999995177,0.49999999999975886
RipVIS-NR-022_00090.jpg,0.49999999999975886,0.0,0.0,0.0,0.0,0.0,0.0,0.9999999999995177,0.49999999999975886
RipVIS-NR-022_00096.jpg,0.49999999999975886,0.0,0.0,0.0,0.0,0.0,0.0,0.9999999999995177,0.49999999999975886
RipVIS-NR-022_00102.jpg,0.49999999999975886,0.0,0.0,0.0,0.0,0.0,0.0,0.9999999999995177,0.49999999999975886
RipVIS-NR-022_00108.jpg,0.49999999999975886,0.0,0.0,0.0,0.0,0.0,0.0,0.9999999999995177,0.49999999999975886
RipVIS-NR-022_00114.jpg,0.49999999999975886,0.0,0.0,0.0,0.0,0.0,0.0,0.9999999999995177,0.49999999999975886
RipVIS-NR-022_00120.jpg,0.49999999999975886,0.0,0.0,0.0,0.0,0.0,0.0,0.9999999999995177,0.49999999999975886
RipVIS-NR-022_00126.jpg,0.49999999999975886,0.0,0.0,0.0,0.0,0.0,0.0,0.9999999999995177,0.49999999999975886
RipVIS-NR-022_00132.jpg,0.49999999999975886,0.0,0.0,0.0,0.0,0.0,0.0,0.9999999999995177,0.49999999999975886
RipVIS-NR-022_00138.jpg,0.49999999999975886,0.0,0.0,0.0,0.0,0.0,0.0,0.9999999999995177,0.49999999999975886
RipVIS-NR-022_00144.jpg,0.49999999999975886,0.0,0.0,0.0,0.0,0.0,0.0,0.9999999999995177,0.49999999999975886
RipVIS-NR-022_00150.jpg,0.49999999999975886,0.0,0.0,0.0,0.0,0.0,0.0,0.9999999999995177,0.49999999999975886
RipVIS-NR-022_00156.jpg,0.49999999999975886,0.0,0.0,0.0,0.0,0.0,0.0,0.9999999999995177,0.49999999999975886
RipVIS-NR-022_00162.jpg,0.49999999999975886,0.0,0.0,0.0,0.0,0.0,0.0,0.9999999999995177,0.49999999999975886
RipVIS-NR-022_00168.jpg,0.49999999999975886,0.0,0.0,0.0,0.0,0.0,0.0,0.9999999999995177,0.49999999999975886
RipVIS-NR-022_00174.jpg,0.49999999999975886,0.0,0.0,0.0,0.0,0.0,0.0,0.9999999999995177,0.49999999999975886
RipVIS-NR-022_00180.jpg,0.49999999999975886,0.0,0.0,0.0,0.0,0.0,0.0,0.9999999999995177,0.49999999999975886
RipVIS-NR-022_00186.jpg,0.49999999999975886,0.0,0.0,0.0,0.0,0.0,0.0,0.9999999999995177,0.49999999999975886
RipVIS-NR-022_00192.jpg,0.49999999999975886,0.0,0.0,0.0,0.0,0.0,0.0,0.9999999999995177,0.49999999999975886
RipVIS-NR-022_00198.jpg,0.49999999999975886,0.0,0.0,0.0,0.0,0.0,0.0,0.9999999999995177,0.49999999999975886
RipVIS-NR-022_00204.jpg,0.49999999999975886,0.0,0.0,0.0,0.0,0.0,0.0,0.9999999999995177,0.49999999999975886
RipVIS-NR-022_00210.jpg,0.49999999999975886,0.0,0.0,0.0,0.0,0.0,0.0,0.9999999999995177,0.49999999999975886
RipVIS-NR-022_00216.jpg,0.49999999999975886,0.0,0.0,0.0,0.0,0.0,0.0,0.9999999999995177,0.49999999999975886
RipVIS-NR-022_00222.jpg,0.49999999999975886,0.0,0.0,0.0,0.0,0.0,0.0,0.9999999999995177,0.49999999999975886
RipVIS-NR-022_00228.jpg,0.49999999999975886,0.0,0.0,0.0,0.0,0.0,0.0,0.9999999999995177,0.49999999999975886
RipVIS-NR-022_00234.jpg,0.49999999999975886,0.0,0.0,0.0,0.0,0.0,0.0,0.9999999999995177,0.49999999999975886
RipVIS-NR-022_00240.jpg,0.49999999999975886,0.0,0.0,0.0,0.0,0.0,0.0,0.9999999999995177,0.49999999999975886
RipVIS-NR-022_00246.jpg,0.49999999999975886,0.0,0.0,0.0,0.0,0.0,0.0,0.9999999999995177,0.49999999999975886
RipVIS-NR-022_00252.jpg,0.49999999999975886,0.0,0.0,0.0,0.0,0.0,0.0,0.9999999999995177,0.49999999999975886
RipVIS-NR-022_00258.jpg,0.49999999999975886,0.0,0.0,0.0,0.0,0.0,0.0,0.9999999999995177,0.49999999999975886
RipVIS-NR-022_00264.jpg,0.49999999999975886,0.0,0.0,0.0,0.0,0.0,0.0,0.9999999999995177,0.49999999999975886
RipVIS-NR-022_00270.jpg,0.49999999999975886,0.0,0.0,0.0,0.0,0.0,0.0,0.9999999999995177,0.49999999999975886
RipVIS-NR-022_00276.jpg,0.49999999999975886,0.0,0.0,0.0,0.0,0.0,0.0,0.9999999999995177,0.49999999999975886
RipVIS-NR-022_00282.jpg,0.49999999999975886,0.0,0.0,0.0,0.0,0.0,0.0,0.9999999999995177,0.49999999999975886
RipVIS-NR-022_00288.jpg,0.49999999999975886,0.0,0.0,0.0,0.0,0.0,0.0,0.9999999999995177,0.49999999999975886
RipVIS-NR-022_00294.jpg,0.49999999999975886,0.0,0.0,0.0,0.0,0.0,0.0,0.9999999999995177,0.49999999999975886
RipVIS-NR-022_00300.jpg,0.49999999999975886,0.0,0.0,0.0,0.0,0.0,0.0,0.9999999999995177,0.49999999999975886
RipVIS-NR-022_00306.jpg,0.49999999999975886,0.0,0.0,0.0,0.0,0.0,0.0,0.9999999999995177,0.49999999999975886
RipVIS-NR-022_00312.jpg,0.49999999999975886,0.0,0.0,0.0,0.0,0.0,0.0,0.9999999999995177,0.49999999999975886
RipVIS-NR-022_00318.jpg,0.49999999999975886,0.0,0.0,0.0,0.0,0.0,0.0,0.9999999999995177,0.49999999999975886
RipVIS-NR-022_00324.jpg,0.49999999999975886,0.0,0.0,0.0,0.0,0.0,0.0,0.9999999999995177,0.49999999999975886
RipVIS-NR-022_00330.jpg,0.49999999999975886,0.0,0.0,0.0,0.0,0.0,0.0,0.9999999999995177,0.49999999999975886
RipVIS-NR-022_00336.jpg,0.49999999999975886,0.0,0.0,0.0,0.0,0.0,0.0,0.9999999999995177,0.49999999999975886
RipVIS-NR-022_00342.jpg,0.49999999999975886,0.0,0.0,0.0,0.0,0.0,0.0,0.9999999999995177,0.49999999999975886
RipVIS-NR-022_00348.jpg,0.49999999999975886,0.0,0.0,0.0,0.0,0.0,0.0,0.9999999999995177,0.49999999999975886
RipVIS-NR-022_00354.jpg,0.49999999999975886,0.0,0.0,0.0,0.0,0.0,0.0,0.9999999999995177,0.49999999999975886
RipVIS-NR-022_00360.jpg,0.49999999999975886,0.0,0.0,0.0,0.0,0.0,0.0,0.9999999999995177,0.49999999999975886
RipVIS-NR-022_00366.jpg,0.49999999999975886,0.0,0.0,0.0,0.0,0.0,0.0,0.9999999999995177,0.49999999999975886
RipVIS-NR-022_00372.jpg,0.49999999999975886,0.0,0.0,0.0,0.0,0.0,0.0,0.9999999999995177,0.49999999999975886
RipVIS-NR-022_00378.jpg,0.49999999999975886,0.0,0.0,0.0,0.0,0.0,0.0,0.9999999999995177,0.49999999999975886
RipVIS-NR-022_00384.jpg,0.49999999999975886,0.0,0.0,0.0,0.0,0.0,0.0,0.9999999999995177,0.49999999999975886
RipVIS-NR-022_00390.jpg,0.49999999999975886,0.0,0.0,0.0,0.0,0.0,0.0,0.9999999999995177,0.49999999999975886
RipVIS-NR-022_00396.jpg,0.49999999999975886,0.0,0.0,0.0,0.0,0.0,0.0,0.9999999999995177,0.49999999999975886
RipVIS-NR-022_00402.jpg,0.49999999999975886,0.0,0.0,0.0,0.0,0.0,0.0,0.9999999999995177,0.49999999999975886
RipVIS-NR-022_00408.jpg,0.49999999999975886,0.0,0.0,0.0,0.0,0.0,0.0,0.9999999999995177,0.49999999999975886
RipVIS-NR-022_00414.jpg,0.49999999999975886,0.0,0.0,0.0,0.0,0.0,0.0,0.9999999999995177,0.49999999999975886
RipVIS-NR-022_00420.jpg,0.49999999999975886,0.0,0.0,0.0,0.0,0.0,0.0,0.9999999999995177,0.49999999999975886
RipVIS-NR-022_00426.jpg,0.49999999999975886,0.0,0.0,0.0,0.0,0.0,0.0,0.9999999999995177,0.49999999999975886
RipVIS-NR-022_00432.jpg,0.49999999999975886,0.0,0.0,0.0,0.0,0.0,0.0,0.9999999999995177,0.49999999999975886
RipVIS-NR-022_00438.jpg,0.49999999999975886,0.0,0.0,0.0,0.0,0.0,0.0,0.9999999999995177,0.49999999999975886
RipVIS-NR-022_00444.jpg,0.49999999999975886,0.0,0.0,0.0,0.0,0.0,0.0,0.9999999999995177,0.49999999999975886
RipVIS-NR-022_00450.jpg,0.49999999999975886,0.0,0.0,0.0,0.0,0.0,0.0,0.9999999999995177,0.49999999999975886
RipVIS-NR-022_00456.jpg,0.49999999999975886,0.0,0.0,0.0,0.0,0.0,0.0,0.9999999999995177,0.49999999999975886
RipVIS-NR-022_00462.jpg,0.49999999999975886,0.0,0.0,0.0,0.0,0.0,0.0,0.9999999999995177,0.49999999999975886
RipVIS-NR-022_00468.jpg,0.49999999999975886,0.0,0.0,0.0,0.0,0.0,0.0,0.9999999999995177,0.49999999999975886
RipVIS-NR-022_00474.jpg,0.49999999999975886,0.0,0.0,0.0,0.0,0.0,0.0,0.9999999999995177,0.49999999999975886
RipVIS-NR-022_00480.jpg,0.49999999999975886,0.0,0.0,0.0,0.0,0.0,0.0,0.9999999999995177,0.49999999999975886
RipVIS-NR-022_00486.jpg,0.49999999999975886,0.0,0.0,0.0,0.0,0.0,0.0,0.9999999999995177,0.49999999999975886
RipVIS-NR-022_00492.jpg,0.49999999999975886,0.0,0.0,0.0,0.0,0.0,0.0,0.9999999999995177,0.49999999999975886
RipVIS-NR-022_00498.jpg,0.49999999999975886,0.0,0.0,0.0,0.0,0.0,0.0,0.9999999999995177,0.49999999999975886
RipVIS-NR-022_00504.jpg,0.49999999999975886,0.0,0.0,0.0,0.0,0.0,0.0,0.9999999999995177,0.49999999999975886
RipVIS-NR-022_00510.jpg,0.49999999999975886,0.0,0.0,0.0,0.0,0.0,0.0,0.9999999999995177,0.49999999999975886
RipVIS-NR-022_00516.jpg,0.49999999999975886,0.0,0.0,0.0,0.0,0.0,0.0,0.9999999999995177,0.49999999999975886
RipVIS-NR-022_00522.jpg,0.49999999999975886,0.0,0.0,0.0,0.0,0.0,0.0,0.9999999999995177,0.49999999999975886
RipVIS-NR-022_00528.jpg,0.49999999999975886,0.0,0.0,0.0,0.0,0.0,0.0,0.9999999999995177,0.49999999999975886
RipVIS-NR-022_00534.jpg,0.49999999999975886,0.0,0.0,0.0,0.0,0.0,0.0,0.9999999999995177,0.49999999999975886
RipVIS-NR-022_00540.jpg,0.49999999999975886,0.0,0.0,0.0,0.0,0.0,0.0,0.9999999999995177,0.49999999999975886
RipVIS-NR-022_00546.jpg,0.49999999999975886,0.0,0.0,0.0,0.0,0.0,0.0,0.9999999999995177,0.49999999999975886
RipVIS-NR-022_00552.jpg,0.49999999999975886,0.0,0.0,0.0,0.0,0.0,0.0,0.9999999999995177,0.49999999999975886
RipVIS-NR-022_00558.jpg,0.49999999999975886,0.0,0.0,0.0,0.0,0.0,0.0,0.9999999999995177,0.49999999999975886
RipVIS-NR-022_00564.jpg,0.49999999999975886,0.0,0.0,0.0,0.0,0.0,0.0,0.9999999999995177,0.49999999999975886
RipVIS-NR-022_00570.jpg,0.49999999999975886,0.0,0.0,0.0,0.0,0.0,0.0,0.9999999999995177,0.49999999999975886
RipVIS-NR-022_00576.jpg,0.49999999999975886,0.0,0.0,0.0,0.0,0.0,0.0,0.9999999999995177,0.49999999999975886
RipVIS-NR-022_00582.jpg,0.49999999999975886,0.0,0.0,0.0,0.0,0.0,0.0,0.9999999999995177,0.49999999999975886
RipVIS-NR-022_00588.jpg,0.49999999999975886,0.0,0.0,0.0,0.0,0.0,0.0,0.9999999999995177,0.49999999999975886
RipVIS-NR-022_00594.jpg,0.49999999999975886,0.0,0.0,0.0,0.0,0.0,0.0,0.9999999999995177,0.49999999999975886
RipVIS-NR-022_00600.jpg,0.49999999999975886,0.0,0.0,0.0,0.0,0.0,0.0,0.9999999999995177,0.49999999999975886
RipVIS-NR-022_00606.jpg,0.49999999999975886,0.0,0.0,0.0,0.0,0.0,0.0,0.9999999999995177,0.49999999999975886
RipVIS-NR-022_00612.jpg,0.49999999999975886,0.0,0.0,0.0,0.0,0.0,0.0,0.9999999999995177,0.49999999999975886
RipVIS-NR-022_00618.jpg,0.49999999999975886,0.0,0.0,0.0,0.0,0.0,0.0,0.9999999999995177,0.49999999999975886
RipVIS-NR-022_00624.jpg,0.49999999999975886,0.0,0.0,0.0,0.0,0.0,0.0,0.9999999999995177,0.49999999999975886
RipVIS-NR-022_00630.jpg,0.49999999999975886,0.0,0.0,0.0,0.0,0.0,0.0,0.9999999999995177,0.49999999999975886
RipVIS-NR-022_00636.jpg,0.49999999999975886,0.0,0.0,0.0,0.0,0.0,0.0,0.9999999999995177,0.49999999999975886
RipVIS-NR-022_00642.jpg,0.49999999999975886,0.0,0.0,0.0,0.0,0.0,0.0,0.9999999999995177,0.49999999999975886
RipVIS-NR-022_00648.jpg,0.49999999999975886,0.0,0.0,0.0,0.0,0.0,0.0,0.9999999999995177,0.49999999999975886
RipVIS-NR-022_00654.jpg,0.49999999999975886,0.0,0.0,0.0,0.0,0.0,0.0,0.9999999999995177,0.49999999999975886
RipVIS-NR-022_00660.jpg,0.49999999999975886,0.0,0.0,0.0,0.0,0.0,0.0,0.9999999999995177,0.49999999999975886
RipVIS-NR-022_00666.jpg,0.49999999999975886,0.0,0.0,0.0,0.0,0.0,0.0,0.9999999999995177,0.49999999999975886
RipVIS-NR-022_00672.jpg,0.49999999999975886,0.0,0.0,0.0,0.0,0.0,0.0,0.9999999999995177,0.49999999999975886
RipVIS-NR-022_00678.jpg,0.49999999999975886,0.0,0.0,0.0,0.0,0.0,0.0,0.9999999999995177,0.49999999999975886
RipVIS-NR-022_00684.jpg,0.49999999999975886,0.0,0.0,0.0,0.0,0.0,0.0,0.9999999999995177,0.49999999999975886
RipVIS-NR-022_00690.jpg,0.49999999999975886,0.0,0.0,0.0,0.0,0.0,0.0,0.9999999999995177,0.49999999999975886
RipVIS-NR-022_00696.jpg,0.49999999999975886,0.0,0.0,0.0,0.0,0.0,0.0,0.9999999999995177,0.49999999999975886
RipVIS-NR-022_00702.jpg,0.49999999999975886,0.0,0.0,0.0,0.0,0.0,0.0,0.9999999999995177,0.49999999999975886
RipVIS-NR-022_00708.jpg,0.49999999999975886,0.0,0.0,0.0,0.0,0.0,0.0,0.9999999999995177,0.49999999999975886
RipVIS-NR-022_00714.jpg,0.49999999999975886,0.0,0.0,0.0,0.0,0.0,0.0,0.9999999999995177,0.49999999999975886
RipVIS-NR-022_00720.jpg,0.49999999999975886,0.0,0.0,0.0,0.0,0.0,0.0,0.9999999999995177,0.49999999999975886
RipVIS-NR-022_00726.jpg,0.49999999999975886,0.0,0.0,0.0,0.0,0.0,0.0,0.9999999999995177,0.49999999999975886
RipVIS-NR-022_00732.jpg,0.49999999999975886,0.0,0.0,0.0,0.0,0.0,0.0,0.9999999999995177,0.49999999999975886
RipVIS-NR-022_00738.jpg,0.49999999999975886,0.0,0.0,0.0,0.0,0.0,0.0,0.9999999999995177,0.49999999999975886
RipVIS-NR-022_00744.jpg,0.49999999999975886,0.0,0.0,0.0,0.0,0.0,0.0,0.9999999999995177,0.49999999999975886
RipVIS-NR-022_00750.jpg,0.49999999999975886,0.0,0.0,0.0,0.0,0.0,0.0,0.9999999999995177,0.49999999999975886
RipVIS-NR-022_00756.jpg,0.49999999999975886,0.0,0.0,0.0,0.0,0.0,0.0,0.9999999999995177,0.49999999999975886
RipVIS-NR-022_00762.jpg,0.49999999999975886,0.0,0.0,0.0,0.0,0.0,0.0,0.9999999999995177,0.49999999999975886
RipVIS-NR-022_00768.jpg,0.49999999999975886,0.0,0.0,0.0,0.0,0.0,0.0,0.9999999999995177,0.49999999999975886
RipVIS-NR-022_00774.jpg,0.49999999999975886,0.0,0.0,0.0,0.0,0.0,0.0,0.9999999999995177,0.49999999999975886
RipVIS-NR-022_00780.jpg,0.49999999999975886,0.0,0.0,0.0,0.0,0.0,0.0,0.9999999999995177,0.49999999999975886
RipVIS-NR-022_00786.jpg,0.49999999999975886,0.0,0.0,0.0,0.0,0.0,0.0,0.9999999999995177,0.49999999999975886
RipVIS-NR-022_00792.jpg,0.49999999999975886,0.0,0.0,0.0,0.0,0.0,0.0,0.9999999999995177,0.49999999999975886
RipVIS-NR-022_00798.jpg,0.49999999999975886,0.0,0.0,0.0,0.0,0.0,0.0,0.9999999999995177,0.49999999999975886
RipVIS-NR-022_00804.jpg,0.49999999999975886,0.0,0.0,0.0,0.0,0.0,0.0,0.9999999999995177,0.49999999999975886
RipVIS-NR-022_00810.jpg,0.49999999999975886,0.0,0.0,0.0,0.0,0.0,0.0,0.9999999999995177,0.49999999999975886
RipVIS-NR-022_00816.jpg,0.49999999999975886,0.0,0.0,0.0,0.0,0.0,0.0,0.9999999999995177,0.49999999999975886
RipVIS-NR-022_00822.jpg,0.49999999999975886,0.0,0.0,0.0,0.0,0.0,0.0,0.9999999999995177,0.49999999999975886
RipVIS-NR-022_00828.jpg,0.49999999999975886,0.0,0.0,0.0,0.0,0.0,0.0,0.9999999999995177,0.49999999999975886
RipVIS-NR-022_00834.jpg,0.49999999999975886,0.0,0.0,0.0,0.0,0.0,0.0,0.9999999999995177,0.49999999999975886
RipVIS-NR-022_00840.jpg,0.49999999999975886,0.0,0.0,0.0,0.0,0.0,0.0,0.9999999999995177,0.49999999999975886
RipVIS-NR-022_00846.jpg,0.49999999999975886,0.0,0.0,0.0,0.0,0.0,0.0,0.9999999999995177,0.49999999999975886
RipVIS-NR-022_00852.jpg,0.49999999999975886,0.0,0.0,0.0,0.0,0.0,0.0,0.9999999999995177,0.49999999999975886
RipVIS-NR-022_00858.jpg,0.49999999999975886,0.0,0.0,0.0,0.0,0.0,0.0,0.9999999999995177,0.49999999999975886
RipVIS-NR-022_00864.jpg,0.49999999999975886,0.0,0.0,0.0,0.0,0.0,0.0,0.9999999999995177,0.49999999999975886
RipVIS-NR-022_00870.jpg,0.49999999999975886,0.0,0.0,0.0,0.0,0.0,0.0,0.9999999999995177,0.49999999999975886
RipVIS-NR-022_00876.jpg,0.49999999999975886,0.0,0.0,0.0,0.0,0.0,0.0,0.9999999999995177,0.49999999999975886
RipVIS-NR-022_00882.jpg,0.49999999999975886,0.0,0.0,0.0,0.0,0.0,0.0,0.9999999999995177,0.49999999999975886
RipVIS-NR-022_00888.jpg,0.49999999999975886,0.0,0.0,0.0,0.0,0.0,0.0,0.9999999999995177,0.49999999999975886
RipVIS-NR-022_00894.jpg,0.49999999999975886,0.0,0.0,0.0,0.0,0.0,0.0,0.9999999999995177,0.49999999999975886
RipVIS-NR-022_00900.jpg,0.49999999999975886,0.0,0.0,0.0,0.0,0.0,0.0,0.9999999999995177,0.49999999999975886
RipVIS-NR-022_00906.jpg,0.49999999999975886,0.0,0.0,0.0,0.0,0.0,0.0,0.9999999999995177,0.49999999999975886
RipVIS-NR-022_00912.jpg,0.49999999999975886,0.0,0.0,0.0,0.0,0.0,0.0,0.9999999999995177,0.49999999999975886
RipVIS-NR-022_00918.jpg,0.49999999999975886,0.0,0.0,0.0,0.0,0.0,0.0,0.9999999999995177,0.49999999999975886
RipVIS-NR-022_00924.jpg,0.49999999999975886,0.0,0.0,0.0,0.0,0.0,0.0,0.9999999999995177,0.49999999999975886
RipVIS-NR-022_00930.jpg,0.49999999999975886,0.0,0.0,0.0,0.0,0.0,0.0,0.9999999999995177,0.49999999999975886
RipVIS-NR-022_00936.jpg,0.49999999999975886,0.0,0.0,0.0,0.0,0.0,0.0,0.9999999999995177,0.49999999999975886
RipVIS-NR-022_00942.jpg,0.49999999999975886,0.0,0.0,0.0,0.0,0.0,0.0,0.9999999999995177,0.49999999999975886
RipVIS-NR-022_00948.jpg,0.49999999999975886,0.0,0.0,0.0,0.0,0.0,0.0,0.9999999999995177,0.49999999999975886
RipVIS-NR-022_00954.jpg,0.49999999999975886,0.0,0.0,0.0,0.0,0.0,0.0,0.9999999999995177,0.49999999999975886
RipVIS-NR-022_00960.jpg,0.49999999999975886,0.0,0.0,0.0,0.0,0.0,0.0,0.9999999999995177,0.49999999999975886
RipVIS-NR-022_00966.jpg,0.49999999999975886,0.0,0.0,0.0,0.0,0.0,0.0,0.9999999999995177,0.49999999999975886
RipVIS-NR-022_00972.jpg,0.49999999999975886,0.0,0.0,0.0,0.0,0.0,0.0,0.9999999999995177,0.49999999999975886
RipVIS-NR-022_00978.jpg,0.49999999999975886,0.0,0.0,0.0,0.0,0.0,0.0,0.9999999999995177,0.49999999999975886
RipVIS-NR-022_00984.jpg,0.49999999999975886,0.0,0.0,0.0,0.0,0.0,0.0,0.9999999999995177,0.49999999999975886
RipVIS-NR-022_00990.jpg,0.49999999999975886,0.0,0.0,0.0,0.0,0.0,0.0,0.9999999999995177,0.49999999999975886
RipVIS-NR-022_00996.jpg,0.49999999999975886,0.0,0.0,0.0,0.0,0.0,0.0,0.9999999999995177,0.49999999999975886
RipVIS-NR-022_01002.jpg,0.49999999999975886,0.0,0.0,0.0,0.0,0.0,0.0,0.9999999999995177,0.49999999999975886
RipVIS-NR-022_01008.jpg,0.49999999999975886,0.0,0.0,0.0,0.0,0.0,0.0,0.9999999999995177,0.49999999999975886
RipVIS-NR-022_01014.jpg,0.49999999999975886,0.0,0.0,0.0,0.0,0.0,0.0,0.9999999999995177,0.49999999999975886
RipVIS-NR-022_01020.jpg,0.49999999999975886,0.0,0.0,0.0,0.0,0.0,0.0,0.9999999999995177,0.49999999999975886
RipVIS-NR-022_01026.jpg,0.49999999999975886,0.0,0.0,0.0,0.0,0.0,0.0,0.9999999999995177,0.49999999999975886
RipVIS-NR-022_01032.jpg,0.49999999999975886,0.0,0.0,0.0,0.0,0.0,0.0,0.9999999999995177,0.49999999999975886
RipVIS-NR-022_01038.jpg,0.49999999999975886,0.0,0.0,0.0,0.0,0.0,0.0,0.9999999999995177,0.49999999999975886
RipVIS-NR-022_01044.jpg,0.49999999999975886,0.0,0.0,0.0,0.0,0.0,0.0,0.9999999999995177,0.49999999999975886
RipVIS-NR-022_01050.jpg,0.49999999999975886,0.0,0.0,0.0,0.0,0.0,0.0,0.9999999999995177,0.49999999999975886
RipVIS-NR-022_01056.jpg,0.49999999999975886,0.0,0.0,0.0,0.0,0.0,0.0,0.9999999999995177,0.49999999999975886
RipVIS-NR-022_01062.jpg,0.49999999999975886,0.0,0.0,0.0,0.0,0.0,0.0,0.9999999999995177,0.49999999999975886
RipVIS-NR-022_01068.jpg,0.49999999999975886,0.0,0.0,0.0,0.0,0.0,0.0,0.9999999999995177,0.49999999999975886
RipVIS-NR-022_01074.jpg,0.49999999999975886,0.0,0.0,0.0,0.0,0.0,0.0,0.9999999999995177,0.49999999999975886
RipVIS-NR-022_01080.jpg,0.49999999999975886,0.0,0.0,0.0,0.0,0.0,0.0,0.9999999999995177,0.49999999999975886
RipVIS-NR-022_01086.jpg,0.49999999999975886,0.0,0.0,0.0,0.0,0.0,0.0,0.9999999999995177,0.49999999999975886
RipVIS-NR-022_01092.jpg,0.49999999999975886,0.0,0.0,0.0,0.0,0.0,0.0,0.9999999999995177,0.49999999999975886
RipVIS-NR-022_01098.jpg,0.49999999999975886,0.0,0.0,0.0,0.0,0.0,0.0,0.9999999999995177,0.49999999999975886
RipVIS-NR-022_01104.jpg,0.49999999999975886,0.0,0.0,0.0,0.0,0.0,0.0,0.9999999999995177,0.49999999999975886
RipVIS-NR-022_01110.jpg,0.49999999999975886,0.0,0.0,0.0,0.0,0.0,0.0,0.9999999999995177,0.49999999999975886
RipVIS-NR-022_01116.jpg,0.49999999999975886,0.0,0.0,0.0,0.0,0.0,0.0,0.9999999999995177,0.49999999999975886
RipVIS-NR-022_01122.jpg,0.49999999999975886,0.0,0.0,0.0,0.0,0.0,0.0,0.9999999999995177,0.49999999999975886
RipVIS-NR-022_01128.jpg,0.49999999999975886,0.0,0.0,0.0,0.0,0.0,0.0,0.9999999999995177,0.49999999999975886
RipVIS-NR-022_01134.jpg,0.49999999999975886,0.0,0.0,0.0,0.0,0.0,0.0,0.9999999999995177,0.49999999999975886
RipVIS-NR-022_01140.jpg,0.49999999999975886,0.0,0.0,0.0,0.0,0.0,0.0,0.9999999999995177,0.49999999999975886
RipVIS-NR-022_01146.jpg,0.49999999999975886,0.0,0.0,0.0,0.0,0.0,0.0,0.9999999999995177,0.49999999999975886
RipVIS-NR-022_01152.jpg,0.49999999999975886,0.0,0.0,0.0,0.0,0.0,0.0,0.9999999999995177,0.49999999999975886
RipVIS-NR-022_01158.jpg,0.49999999999975886,0.0,0.0,0.0,0.0,0.0,0.0,0.9999999999995177,0.49999999999975886
RipVIS-NR-022_01164.jpg,0.49999999999975886,0.0,0.0,0.0,0.0,0.0,0.0,0.9999999999995177,0.49999999999975886
RipVIS-NR-022_01170.jpg,0.49999999999975886,0.0,0.0,0.0,0.0,0.0,0.0,0.9999999999995177,0.49999999999975886
RipVIS-NR-022_01176.jpg,0.49999999999975886,0.0,0.0,0.0,0.0,0.0,0.0,0.9999999999995177,0.49999999999975886
RipVIS-NR-022_01182.jpg,0.49999999999975886,0.0,0.0,0.0,0.0,0.0,0.0,0.9999999999995177,0.49999999999975886
RipVIS-NR-022_01188.jpg,0.49999999999975886,0.0,0.0,0.0,0.0,0.0,0.0,0.9999999999995177,0.49999999999975886
RipVIS-NR-022_01194.jpg,0.49999999999975886,0.0,0.0,0.0,0.0,0.0,0.0,0.9999999999995177,0.49999999999975886
RipVIS-NR-022_01200.jpg,0.49999999999975886,0.0,0.0,0.0,0.0,0.0,0.0,0.9999999999995177,0.49999999999975886
RipVIS-NR-022_01206.jpg,0.49999999999975886,0.0,0.0,0.0,0.0,0.0,0.0,0.9999999999995177,0.49999999999975886
RipVIS-NR-022_01212.jpg,0.49999999999975886,0.0,0.0,0.0,0.0,0.0,0.0,0.9999999999995177,0.49999999999975886
RipVIS-NR-022_01218.jpg,0.49999999999975886,0.0,0.0,0.0,0.0,0.0,0.0,0.9999999999995177,0.49999999999975886
RipVIS-NR-022_01224.jpg,0.49999999999975886,0.0,0.0,0.0,0.0,0.0,0.0,0.9999999999995177,0.49999999999975886
RipVIS-NR-022_01230.jpg,0.49999999999975886,0.0,0.0,0.0,0.0,0.0,0.0,0.9999999999995177,0.49999999999975886
RipVIS-NR-022_01236.jpg,0.49999999999975886,0.0,0.0,0.0,0.0,0.0,0.0,0.9999999999995177,0.49999999999975886
RipVIS-NR-022_01242.jpg,0.49999999999975886,0.0,0.0,0.0,0.0,0.0,0.0,0.9999999999995177,0.49999999999975886
RipVIS-NR-022_01248.jpg,0.49999999999975886,0.0,0.0,0.0,0.0,0.0,0.0,0.9999999999995177,0.49999999999975886
RipVIS-NR-022_01254.jpg,0.49999999999975886,0.0,0.0,0.0,0.0,0.0,0.0,0.9999999999995177,0.49999999999975886
RipVIS-NR-022_01260.jpg,0.49999999999975886,0.0,0.0,0.0,0.0,0.0,0.0,0.9999999999995177,0.49999999999975886
RipVIS-NR-022_01266.jpg,0.49999999999975886,0.0,0.0,0.0,0.0,0.0,0.0,0.9999999999995177,0.49999999999975886
RipVIS-NR-022_01272.jpg,0.49999999999975886,0.0,0.0,0.0,0.0,0.0,0.0,0.9999999999995177,0.49999999999975886
RipVIS-NR-022_01278.jpg,0.49999999999975886,0.0,0.0,0.0,0.0,0.0,0.0,0.9999999999995177,0.49999999999975886
RipVIS-NR-022_01284.jpg,0.49999999999975886,0.0,0.0,0.0,0.0,0.0,0.0,0.9999999999995177,0.49999999999975886
RipVIS-NR-022_01290.jpg,0.49999999999975886,0.0,0.0,0.0,0.0,0.0,0.0,0.9999999999995177,0.49999999999975886
RipVIS-NR-022_01296.jpg,0.49999999999975886,0.0,0.0,0.0,0.0,0.0,0.0,0.9999999999995177,0.49999999999975886
RipVIS-NR-022_01302.jpg,0.49999999999975886,0.0,0.0,0.0,0.0,0.0,0.0,0.9999999999995177,0.49999999999975886
RipVIS-NR-022_01308.jpg,0.49999999999975886,0.0,0.0,0.0,0.0,0.0,0.0,0.9999999999995177,0.49999999999975886
RipVIS-NR-022_01314.jpg,0.49999999999975886,0.0,0.0,0.0,0.0,0.0,0.0,0.9999999999995177,0.49999999999975886
RipVIS-NR-022_01320.jpg,0.49999999999975886,0.0,0.0,0.0,0.0,0.0,0.0,0.9999999999995177,0.49999999999975886
RipVIS-NR-022_01326.jpg,0.49999999999975886,0.0,0.0,0.0,0.0,0.0,0.0,0.9999999999995177,0.49999999999975886
RipVIS-NR-022_01332.jpg,0.49999999999975886,0.0,0.0,0.0,0.0,0.0,0.0,0.9999999999995177,0.49999999999975886
RipVIS-NR-022_01338.jpg,0.49999999999975886,0.0,0.0,0.0,0.0,0.0,0.0,0.9999999999995177,0.49999999999975886
RipVIS-NR-022_01344.jpg,0.49999999999975886,0.0,0.0,0.0,0.0,0.0,0.0,0.9999999999995177,0.49999999999975886
RipVIS-NR-022_01350.jpg,0.49999999999975886,0.0,0.0,0.0,0.0,0.0,0.0,0.9999999999995177,0.49999999999975886
RipVIS-NR-022_01356.jpg,0.49999999999975886,0.0,0.0,0.0,0.0,0.0,0.0,0.9999999999995177,0.49999999999975886
RipVIS-NR-022_01362.jpg,0.49999999999975886,0.0,0.0,0.0,0.0,0.0,0.0,0.9999999999995177,0.49999999999975886
RipVIS-NR-022_01368.jpg,0.49999999999975886,0.0,0.0,0.0,0.0,0.0,0.0,0.9999999999995177,0.49999999999975886
RipVIS-NR-022_01374.jpg,0.49999999999975886,0.0,0.0,0.0,0.0,0.0,0.0,0.9999999999995177,0.49999999999975886
RipVIS-NR-022_01380.jpg,0.49999999999975886,0.0,0.0,0.0,0.0,0.0,0.0,0.9999999999995177,0.49999999999975886
RipVIS-NR-022_01386.jpg,0.49999999999975886,0.0,0.0,0.0,0.0,0.0,0.0,0.9999999999995177,0.49999999999975886
RipVIS-NR-022_01392.jpg,0.49999999999975886,0.0,0.0,0.0,0.0,0.0,0.0,0.9999999999995177,0.49999999999975886
RipVIS-NR-022_01398.jpg,0.49999999999975886,0.0,0.0,0.0,0.0,0.0,0.0,0.9999999999995177,0.49999999999975886
RipVIS-NR-022_01404.jpg,0.49999999999975886,0.0,0.0,0.0,0.0,0.0,0.0,0.9999999999995177,0.49999999999975886
RipVIS-NR-022_01410.jpg,0.49999999999975886,0.0,0.0,0.0,0.0,0.0,0.0,0.9999999999995177,0.49999999999975886
RipVIS-NR-022_01416.jpg,0.49999999999975886,0.0,0.0,0.0,0.0,0.0,0.0,0.9999999999995177,0.49999999999975886
RipVIS-NR-022_01422.jpg,0.49999999999975886,0.0,0.0,0.0,0.0,0.0,0.0,0.9999999999995177,0.49999999999975886
RipVIS-NR-022_01428.jpg,0.49999999999975886,0.0,0.0,0.0,0.0,0.0,0.0,0.9999999999995177,0.49999999999975886
RipVIS-NR-022_01434.jpg,0.49999999999975886,0.0,0.0,0.0,0.0,0.0,0.0,0.9999999999995177,0.49999999999975886
RipVIS-NR-022_01440.jpg,0.49999999999975886,0.0,0.0,0.0,0.0,0.0,0.0,0.9999999999995177,0.49999999999975886
RipVIS-NR-022_01446.jpg,0.49999999999975886,0.0,0.0,0.0,0.0,0.0,0.0,0.9999999999995177,0.49999999999975886
RipVIS-NR-022_01452.jpg,0.49999999999975886,0.0,0.0,0.0,0.0,0.0,0.0,0.9999999999995177,0.49999999999975886
RipVIS-NR-022_01458.jpg,0.49999999999975886,0.0,0.0,0.0,0.0,0.0,0.0,0.9999999999995177,0.49999999999975886
RipVIS-NR-022_01464.jpg,0.49999999999975886,0.0,0.0,0.0,0.0,0.0,0.0,0.9999999999995177,0.49999999999975886
RipVIS-NR-022_01470.jpg,0.49999999999975886,0.0,0.0,0.0,0.0,0.0,0.0,0.9999999999995177,0.49999999999975886
RipVIS-NR-022_01476.jpg,0.49999999999975886,0.0,0.0,0.0,0.0,0.0,0.0,0.9999999999995177,0.49999999999975886
RipVIS-NR-022_01482.jpg,0.49999999999975886,0.0,0.0,0.0,0.0,0.0,0.0,0.9999999999995177,0.49999999999975886
RipVIS-NR-022_01488.jpg,0.49999999999975886,0.0,0.0,0.0,0.0,0.0,0.0,0.9999999999995177,0.49999999999975886
RipVIS-NR-022_01494.jpg,0.49999999999975886,0.0,0.0,0.0,0.0,0.0,0.0,0.9999999999995177,0.49999999999975886
RipVIS-NR-022_01500.jpg,0.49999999999975886,0.0,0.0,0.0,0.0,0.0,0.0,0.9999999999995177,0.49999999999975886
RipVIS-NR-022_01506.jpg,0.49999999999975886,0.0,0.0,0.0,0.0,0.0,0.0,0.9999999999995177,0.49999999999975886
RipVIS-NR-022_01512.jpg,0.49999999999975886,0.0,0.0,0.0,0.0,0.0,0.0,0.9999999999995177,0.49999999999975886
RipVIS-NR-022_01518.jpg,0.49999999999975886,0.0,0.0,0.0,0.0,0.0,0.0,0.9999999999995177,0.49999999999975886
RipVIS-NR-022_01524.jpg,0.49999999999975886,0.0,0.0,0.0,0.0,0.0,0.0,0.9999999999995177,0.49999999999975886
RipVIS-NR-022_01530.jpg,0.49999999999975886,0.0,0.0,0.0,0.0,0.0,0.0,0.9999999999995177,0.49999999999975886
RipVIS-NR-022_01536.jpg,0.49999999999975886,0.0,0.0,0.0,0.0,0.0,0.0,0.9999999999995177,0.49999999999975886
RipVIS-NR-022_01542.jpg,0.49999999999975886,0.0,0.0,0.0,0.0,0.0,0.0,0.9999999999995177,0.49999999999975886
RipVIS-NR-022_01548.jpg,0.49999999999975886,0.0,0.0,0.0,0.0,0.0,0.0,0.9999999999995177,0.49999999999975886
RipVIS-NR-022_01554.jpg,0.49999999999975886,0.0,0.0,0.0,0.0,0.0,0.0,0.9999999999995177,0.49999999999975886
RipVIS-NR-022_01560.jpg,0.49999999999975886,0.0,0.0,0.0,0.0,0.0,0.0,0.9999999999995177,0.49999999999975886
RipVIS-NR-022_01566.jpg,0.49999999999975886,0.0,0.0,0.0,0.0,0.0,0.0,0.9999999999995177,0.49999999999975886
RipVIS-NR-022_01572.jpg,0.49999999999975886,0.0,0.0,0.0,0.0,0.0,0.0,0.9999999999995177,0.49999999999975886
RipVIS-NR-022_01578.jpg,0.49999999999975886,0.0,0.0,0.0,0.0,0.0,0.0,0.9999999999995177,0.49999999999975886
RipVIS-NR-022_01584.jpg,0.49999999999975886,0.0,0.0,0.0,0.0,0.0,0.0,0.9999999999995177,0.49999999999975886
RipVIS-NR-022_01590.jpg,0.49999999999975886,0.0,0.0,0.0,0.0,0.0,0.0,0.9999999999995177,0.49999999999975886
RipVIS-NR-022_01596.jpg,0.49999999999975886,0.0,0.0,0.0,0.0,0.0,0.0,0.9999999999995177,0.49999999999975886
RipVIS-NR-022_01602.jpg,0.49999999999975886,0.0,0.0,0.0,0.0,0.0,0.0,0.9999999999995177,0.49999999999975886
RipVIS-NR-022_01608.jpg,0.49999999999975886,0.0,0.0,0.0,0.0,0.0,0.0,0.9999999999995177,0.49999999999975886
RipVIS-NR-022_01614.jpg,0.49999999999975886,0.0,0.0,0.0,0.0,0.0,0.0,0.9999999999995177,0.49999999999975886
RipVIS-NR-022_01620.jpg,0.49999999999975886,0.0,0.0,0.0,0.0,0.0,0.0,0.9999999999995177,0.49999999999975886
RipVIS-NR-022_01626.jpg,0.49999999999975886,0.0,0.0,0.0,0.0,0.0,0.0,0.9999999999995177,0.49999999999975886
RipVIS-NR-022_01632.jpg,0.49999999999975886,0.0,0.0,0.0,0.0,0.0,0.0,0.9999999999995177,0.49999999999975886
RipVIS-NR-022_01638.jpg,0.49999999999975886,0.0,0.0,0.0,0.0,0.0,0.0,0.9999999999995177,0.49999999999975886
RipVIS-NR-022_01644.jpg,0.49999999999975886,0.0,0.0,0.0,0.0,0.0,0.0,0.9999999999995177,0.49999999999975886
RipVIS-NR-022_01650.jpg,0.49999999999975886,0.0,0.0,0.0,0.0,0.0,0.0,0.9999999999995177,0.49999999999975886
RipVIS-NR-022_01656.jpg,0.49999999999975886,0.0,0.0,0.0,0.0,0.0,0.0,0.9999999999995177,0.49999999999975886
RipVIS-NR-022_01662.jpg,0.49999999999975886,0.0,0.0,0.0,0.0,0.0,0.0,0.9999999999995177,0.49999999999975886
RipVIS-NR-022_01668.jpg,0.49999999999975886,0.0,0.0,0.0,0.0,0.0,0.0,0.9999999999995177,0.49999999999975886
RipVIS-NR-022_01674.jpg,0.49999999999975886,0.0,0.0,0.0,0.0,0.0,0.0,0.9999999999995177,0.49999999999975886
RipVIS-NR-022_01680.jpg,0.49999999999975886,0.0,0.0,0.0,0.0,0.0,0.0,0.9999999999995177,0.49999999999975886
RipVIS-NR-022_01686.jpg,0.49999999999975886,0.0,0.0,0.0,0.0,0.0,0.0,0.9999999999995177,0.49999999999975886
RipVIS-NR-022_01692.jpg,0.49999999999975886,0.0,0.0,0.0,0.0,0.0,0.0,0.9999999999995177,0.49999999999975886
RipVIS-NR-022_01698.jpg,0.49999999999975886,0.0,0.0,0.0,0.0,0.0,0.0,0.9999999999995177,0.49999999999975886
RipVIS-NR-022_01704.jpg,0.49999999999975886,0.0,0.0,0.0,0.0,0.0,0.0,0.9999999999995177,0.49999999999975886
RipVIS-NR-022_01710.jpg,0.49999999999975886,0.0,0.0,0.0,0.0,0.0,0.0,0.9999999999995177,0.49999999999975886
RipVIS-NR-022_01716.jpg,0.49999999999975886,0.0,0.0,0.0,0.0,0.0,0.0,0.9999999999995177,0.49999999999975886
RipVIS-NR-022_01722.jpg,0.49999999999975886,0.0,0.0,0.0,0.0,0.0,0.0,0.9999999999995177,0.49999999999975886
RipVIS-NR-022_01728.jpg,0.49999999999975886,0.0,0.0,0.0,0.0,0.0,0.0,0.9999999999995177,0.49999999999975886
RipVIS-NR-022_01734.jpg,0.49999999999975886,0.0,0.0,0.0,0.0,0.0,0.0,0.9999999999995177,0.49999999999975886
RipVIS-NR-022_01740.jpg,0.49999999999975886,0.0,0.0,0.0,0.0,0.0,0.0,0.9999999999995177,0.49999999999975886
RipVIS-NR-022_01746.jpg,0.49999999999975886,0.0,0.0,0.0,0.0,0.0,0.0,0.9999999999995177,0.49999999999975886
RipVIS-NR-022_01752.jpg,0.49999999999975886,0.0,0.0,0.0,0.0,0.0,0.0,0.9999999999995177,0.49999999999975886
RipVIS-NR-022_01758.jpg,0.49999999999975886,0.0,0.0,0.0,0.0,0.0,0.0,0.9999999999995177,0.49999999999975886
RipVIS-NR-022_01764.jpg,0.49999999999975886,0.0,0.0,0.0,0.0,0.0,0.0,0.9999999999995177,0.49999999999975886
RipVIS-NR-022_01770.jpg,0.49999999999975886,0.0,0.0,0.0,0.0,0.0,0.0,0.9999999999995177,0.49999999999975886
RipVIS-NR-022_01776.jpg,0.49999999999975886,0.0,0.0,0.0,0.0,0.0,0.0,0.9999999999995177,0.49999999999975886
RipVIS-NR-022_01782.jpg,0.49999999999975886,0.0,0.0,0.0,0.0,0.0,0.0,0.9999999999995177,0.49999999999975886
RipVIS-NR-022_01788.jpg,0.49999999999975886,0.0,0.0,0.0,0.0,0.0,0.0,0.9999999999995177,0.49999999999975886
RipVIS-NR-022_01794.jpg,0.49999999999975886,0.0,0.0,0.0,0.0,0.0,0.0,0.9999999999995177,0.49999999999975886
RipVIS-NR-022_01800.jpg,0.49999999999975886,0.0,0.0,0.0,0.0,0.0,0.0,0.9999999999995177,0.49999999999975886
RipVIS-NR-022_01806.jpg,0.49999999999975886,0.0,0.0,0.0,0.0,0.0,0.0,0.9999999999995177,0.49999999999975886
RipVIS-NR-022_01812.jpg,0.49999999999975886,0.0,0.0,0.0,0.0,0.0,0.0,0.9999999999995177,0.49999999999975886
RipVIS-NR-022_01818.jpg,0.49999999999975886,0.0,0.0,0.0,0.0,0.0,0.0,0.9999999999995177,0.49999999999975886
RipVIS-NR-022_01824.jpg,0.49999999999975886,0.0,0.0,0.0,0.0,0.0,0.0,0.9999999999995177,0.49999999999975886
RipVIS-NR-022_01830.jpg,0.49999999999975886,0.0,0.0,0.0,0.0,0.0,0.0,0.9999999999995177,0.49999999999975886
RipVIS-NR-024_00000.jpg,0.49999999999975886,0.0,0.0,0.0,0.0,0.0,0.0,0.9999999999995177,0.49999999999975886
RipVIS-NR-024_00006.jpg,0.49999999999975886,0.0,0.0,0.0,0.0,0.0,0.0,0.9999999999995177,0.49999999999975886
RipVIS-NR-024_00012.jpg,0.49999999999975886,0.0,0.0,0.0,0.0,0.0,0.0,0.9999999999995177,0.49999999999975886
RipVIS-NR-024_00018.jpg,0.49999999999975886,0.0,0.0,0.0,0.0,0.0,0.0,0.9999999999995177,0.49999999999975886
RipVIS-NR-024_00024.jpg,0.49999999999975886,0.0,0.0,0.0,0.0,0.0,0.0,0.9999999999995177,0.49999999999975886
RipVIS-NR-024_00030.jpg,0.49999999999975886,0.0,0.0,0.0,0.0,0.0,0.0,0.9999999999995177,0.49999999999975886
RipVIS-NR-024_00036.jpg,0.49999999999975886,0.0,0.0,0.0,0.0,0.0,0.0,0.9999999999995177,0.49999999999975886
RipVIS-NR-024_00042.jpg,0.49999999999975886,0.0,0.0,0.0,0.0,0.0,0.0,0.9999999999995177,0.49999999999975886
RipVIS-NR-024_00048.jpg,0.49999999999975886,0.0,0.0,0.0,0.0,0.0,0.0,0.9999999999995177,0.49999999999975886
RipVIS-NR-024_00054.jpg,0.49999999999975886,0.0,0.0,0.0,0.0,0.0,0.0,0.9999999999995177,0.49999999999975886
RipVIS-NR-024_00060.jpg,0.49999999999975886,0.0,0.0,0.0,0.0,0.0,0.0,0.9999999999995177,0.49999999999975886
RipVIS-NR-024_00066.jpg,0.49999999999975886,0.0,0.0,0.0,0.0,0.0,0.0,0.9999999999995177,0.49999999999975886
RipVIS-NR-024_00072.jpg,0.49999999999975886,0.0,0.0,0.0,0.0,0.0,0.0,0.9999999999995177,0.49999999999975886
RipVIS-NR-024_00078.jpg,0.49999999999975886,0.0,0.0,0.0,0.0,0.0,0.0,0.9999999999995177,0.49999999999975886
RipVIS-NR-024_00084.jpg,0.49999999999975886,0.0,0.0,0.0,0.0,0.0,0.0,0.9999999999995177,0.49999999999975886
RipVIS-NR-024_00090.jpg,0.49999999999975886,0.0,0.0,0.0,0.0,0.0,0.0,0.9999999999995177,0.49999999999975886
RipVIS-NR-024_00096.jpg,0.49999999999975886,0.0,0.0,0.0,0.0,0.0,0.0,0.9999999999995177,0.49999999999975886
RipVIS-NR-024_00102.jpg,0.49999999999975886,0.0,0.0,0.0,0.0,0.0,0.0,0.9999999999995177,0.49999999999975886
RipVIS-NR-024_00108.jpg,0.49999999999975886,0.0,0.0,0.0,0.0,0.0,0.0,0.9999999999995177,0.49999999999975886
RipVIS-NR-024_00114.jpg,0.49999999999975886,0.0,0.0,0.0,0.0,0.0,0.0,0.9999999999995177,0.49999999999975886
RipVIS-NR-024_00120.jpg,0.49999999999975886,0.0,0.0,0.0,0.0,0.0,0.0,0.9999999999995177,0.49999999999975886
RipVIS-NR-024_00126.jpg,0.49999999999975886,0.0,0.0,0.0,0.0,0.0,0.0,0.9999999999995177,0.49999999999975886
RipVIS-NR-024_00132.jpg,0.49999999999975886,0.0,0.0,0.0,0.0,0.0,0.0,0.9999999999995177,0.49999999999975886
RipVIS-NR-024_00138.jpg,0.49999999999975886,0.0,0.0,0.0,0.0,0.0,0.0,0.9999999999995177,0.49999999999975886
RipVIS-NR-024_00144.jpg,0.49999999999975886,0.0,0.0,0.0,0.0,0.0,0.0,0.9999999999995177,0.49999999999975886
RipVIS-NR-024_00150.jpg,0.49999999999975886,0.0,0.0,0.0,0.0,0.0,0.0,0.9999999999995177,0.49999999999975886
RipVIS-NR-024_00156.jpg,0.49999999999975886,0.0,0.0,0.0,0.0,0.0,0.0,0.9999999999995177,0.49999999999975886
RipVIS-NR-024_00162.jpg,0.49999999999975886,0.0,0.0,0.0,0.0,0.0,0.0,0.9999999999995177,0.49999999999975886
RipVIS-NR-024_00168.jpg,0.49999999999975886,0.0,0.0,0.0,0.0,0.0,0.0,0.9999999999995177,0.49999999999975886
RipVIS-NR-024_00174.jpg,0.49999999999975886,0.0,0.0,0.0,0.0,0.0,0.0,0.9999999999995177,0.49999999999975886
RipVIS-NR-024_00180.jpg,0.49999999999975886,0.0,0.0,0.0,0.0,0.0,0.0,0.9999999999995177,0.49999999999975886
RipVIS-NR-024_00186.jpg,0.49999999999975886,0.0,0.0,0.0,0.0,0.0,0.0,0.9999999999995177,0.49999999999975886
RipVIS-NR-024_00192.jpg,0.49999999999975886,0.0,0.0,0.0,0.0,0.0,0.0,0.9999999999995177,0.49999999999975886
RipVIS-NR-024_00198.jpg,0.49999999999975886,0.0,0.0,0.0,0.0,0.0,0.0,0.9999999999995177,0.49999999999975886
RipVIS-NR-024_00204.jpg,0.49999999999975886,0.0,0.0,0.0,0.0,0.0,0.0,0.9999999999995177,0.49999999999975886
RipVIS-NR-024_00210.jpg,0.49999999999975886,0.0,0.0,0.0,0.0,0.0,0.0,0.9999999999995177,0.49999999999975886
RipVIS-NR-024_00216.jpg,0.49999999999975886,0.0,0.0,0.0,0.0,0.0,0.0,0.9999999999995177,0.49999999999975886
RipVIS-NR-024_00222.jpg,0.49999999999975886,0.0,0.0,0.0,0.0,0.0,0.0,0.9999999999995177,0.49999999999975886
RipVIS-NR-024_00228.jpg,0.49999999999975886,0.0,0.0,0.0,0.0,0.0,0.0,0.9999999999995177,0.49999999999975886
RipVIS-NR-024_00234.jpg,0.49999999999975886,0.0,0.0,0.0,0.0,0.0,0.0,0.9999999999995177,0.49999999999975886
RipVIS-NR-024_00240.jpg,0.49999999999975886,0.0,0.0,0.0,0.0,0.0,0.0,0.9999999999995177,0.49999999999975886
RipVIS-NR-024_00246.jpg,0.49999999999975886,0.0,0.0,0.0,0.0,0.0,0.0,0.9999999999995177,0.49999999999975886
RipVIS-NR-024_00252.jpg,0.49999999999975886,0.0,0.0,0.0,0.0,0.0,0.0,0.9999999999995177,0.49999999999975886
RipVIS-NR-024_00258.jpg,0.49999999999975886,0.0,0.0,0.0,0.0,0.0,0.0,0.9999999999995177,0.49999999999975886
RipVIS-NR-024_00264.jpg,0.49999999999975886,0.0,0.0,0.0,0.0,0.0,0.0,0.9999999999995177,0.49999999999975886
RipVIS-NR-024_00270.jpg,0.49999999999975886,0.0,0.0,0.0,0.0,0.0,0.0,0.9999999999995177,0.49999999999975886
RipVIS-NR-024_00276.jpg,0.49999999999975886,0.0,0.0,0.0,0.0,0.0,0.0,0.9999999999995177,0.49999999999975886
RipVIS-NR-024_00282.jpg,0.49999999999975886,0.0,0.0,0.0,0.0,0.0,0.0,0.9999999999995177,0.49999999999975886
RipVIS-NR-024_00288.jpg,0.49999999999975886,0.0,0.0,0.0,0.0,0.0,0.0,0.9999999999995177,0.49999999999975886
RipVIS-NR-024_00294.jpg,0.49999999999975886,0.0,0.0,0.0,0.0,0.0,0.0,0.9999999999995177,0.49999999999975886
RipVIS-NR-024_00300.jpg,0.49999999999975886,0.0,0.0,0.0,0.0,0.0,0.0,0.9999999999995177,0.49999999999975886
RipVIS-NR-024_00306.jpg,0.49999999999975886,0.0,0.0,0.0,0.0,0.0,0.0,0.9999999999995177,0.49999999999975886
RipVIS-NR-024_00312.jpg,0.49999999999975886,0.0,0.0,0.0,0.0,0.0,0.0,0.9999999999995177,0.49999999999975886
RipVIS-NR-024_00318.jpg,0.49999999999975886,0.0,0.0,0.0,0.0,0.0,0.0,0.9999999999995177,0.49999999999975886
RipVIS-NR-024_00324.jpg,0.49999999999975886,0.0,0.0,0.0,0.0,0.0,0.0,0.9999999999995177,0.49999999999975886
RipVIS-NR-024_00330.jpg,0.49999999999975886,0.0,0.0,0.0,0.0,0.0,0.0,0.9999999999995177,0.49999999999975886
RipVIS-NR-024_00336.jpg,0.49999999999975886,0.0,0.0,0.0,0.0,0.0,0.0,0.9999999999995177,0.49999999999975886
RipVIS-NR-024_00342.jpg,0.49999999999975886,0.0,0.0,0.0,0.0,0.0,0.0,0.9999999999995177,0.49999999999975886
RipVIS-NR-024_00348.jpg,0.49999999999975886,0.0,0.0,0.0,0.0,0.0,0.0,0.9999999999995177,0.49999999999975886
RipVIS-NR-024_00354.jpg,0.49999999999975886,0.0,0.0,0.0,0.0,0.0,0.0,0.9999999999995177,0.49999999999975886
RipVIS-NR-024_00360.jpg,0.49999999999975886,0.0,0.0,0.0,0.0,0.0,0.0,0.9999999999995177,0.49999999999975886
RipVIS-NR-024_00366.jpg,0.49999999999975886,0.0,0.0,0.0,0.0,0.0,0.0,0.9999999999995177,0.49999999999975886
RipVIS-NR-024_00372.jpg,0.49999999999975886,0.0,0.0,0.0,0.0,0.0,0.0,0.9999999999995177,0.49999999999975886
RipVIS-NR-024_00378.jpg,0.49999999999975886,0.0,0.0,0.0,0.0,0.0,0.0,0.9999999999995177,0.49999999999975886
RipVIS-NR-024_00384.jpg,0.49999999999975886,0.0,0.0,0.0,0.0,0.0,0.0,0.9999999999995177,0.49999999999975886
RipVIS-NR-024_00390.jpg,0.49999999999975886,0.0,0.0,0.0,0.0,0.0,0.0,0.9999999999995177,0.49999999999975886
RipVIS-NR-024_00396.jpg,0.49999999999975886,0.0,0.0,0.0,0.0,0.0,0.0,0.9999999999995177,0.49999999999975886
RipVIS-NR-024_00402.jpg,0.49999999999975886,0.0,0.0,0.0,0.0,0.0,0.0,0.9999999999995177,0.49999999999975886
RipVIS-NR-024_00408.jpg,0.49999999999975886,0.0,0.0,0.0,0.0,0.0,0.0,0.9999999999995177,0.49999999999975886
RipVIS-NR-024_00414.jpg,0.49999999999975886,0.0,0.0,0.0,0.0,0.0,0.0,0.9999999999995177,0.49999999999975886
RipVIS-NR-024_00420.jpg,0.49999999999975886,0.0,0.0,0.0,0.0,0.0,0.0,0.9999999999995177,0.49999999999975886
RipVIS-NR-024_00426.jpg,0.49999999999975886,0.0,0.0,0.0,0.0,0.0,0.0,0.9999999999995177,0.49999999999975886
RipVIS-NR-024_00432.jpg,0.49999999999975886,0.0,0.0,0.0,0.0,0.0,0.0,0.9999999999995177,0.49999999999975886
RipVIS-NR-024_00438.jpg,0.49999999999975886,0.0,0.0,0.0,0.0,0.0,0.0,0.9999999999995177,0.49999999999975886
RipVIS-NR-024_00444.jpg,0.49999999999975886,0.0,0.0,0.0,0.0,0.0,0.0,0.9999999999995177,0.49999999999975886
RipVIS-NR-024_00450.jpg,0.49999999999975886,0.0,0.0,0.0,0.0,0.0,0.0,0.9999999999995177,0.49999999999975886
RipVIS-NR-024_00456.jpg,0.49999999999975886,0.0,0.0,0.0,0.0,0.0,0.0,0.9999999999995177,0.49999999999975886
RipVIS-NR-024_00462.jpg,0.49999999999975886,0.0,0.0,0.0,0.0,0.0,0.0,0.9999999999995177,0.49999999999975886
RipVIS-NR-024_00468.jpg,0.49999999999975886,0.0,0.0,0.0,0.0,0.0,0.0,0.9999999999995177,0.49999999999975886
RipVIS-NR-024_00474.jpg,0.49999999999975886,0.0,0.0,0.0,0.0,0.0,0.0,0.9999999999995177,0.49999999999975886
RipVIS-NR-024_00480.jpg,0.49999999999975886,0.0,0.0,0.0,0.0,0.0,0.0,0.9999999999995177,0.49999999999975886
RipVIS-NR-024_00486.jpg,0.49999999999975886,0.0,0.0,0.0,0.0,0.0,0.0,0.9999999999995177,0.49999999999975886
RipVIS-NR-024_00492.jpg,0.49999999999975886,0.0,0.0,0.0,0.0,0.0,0.0,0.9999999999995177,0.49999999999975886
RipVIS-NR-024_00498.jpg,0.49999999999975886,0.0,0.0,0.0,0.0,0.0,0.0,0.9999999999995177,0.49999999999975886
RipVIS-NR-024_00504.jpg,0.49999999999975886,0.0,0.0,0.0,0.0,0.0,0.0,0.9999999999995177,0.49999999999975886
RipVIS-NR-024_00510.jpg,0.49999999999975886,0.0,0.0,0.0,0.0,0.0,0.0,0.9999999999995177,0.49999999999975886
RipVIS-NR-024_00516.jpg,0.49999999999975886,0.0,0.0,0.0,0.0,0.0,0.0,0.9999999999995177,0.49999999999975886
RipVIS-NR-024_00522.jpg,0.49999999999975886,0.0,0.0,0.0,0.0,0.0,0.0,0.9999999999995177,0.49999999999975886
RipVIS-NR-024_00528.jpg,0.49999999999975886,0.0,0.0,0.0,0.0,0.0,0.0,0.9999999999995177,0.49999999999975886
RipVIS-NR-024_00534.jpg,0.49999999999975886,0.0,0.0,0.0,0.0,0.0,0.0,0.9999999999995177,0.49999999999975886
RipVIS-NR-024_00540.jpg,0.49999999999975886,0.0,0.0,0.0,0.0,0.0,0.0,0.9999999999995177,0.49999999999975886
RipVIS-NR-024_00546.jpg,0.49999999999975886,0.0,0.0,0.0,0.0,0.0,0.0,0.9999999999995177,0.49999999999975886
RipVIS-NR-024_00552.jpg,0.49999999999975886,0.0,0.0,0.0,0.0,0.0,0.0,0.9999999999995177,0.49999999999975886
RipVIS-NR-024_00558.jpg,0.49999999999975886,0.0,0.0,0.0,0.0,0.0,0.0,0.9999999999995177,0.49999999999975886
RipVIS-NR-024_00564.jpg,0.49999999999975886,0.0,0.0,0.0,0.0,0.0,0.0,0.9999999999995177,0.49999999999975886
RipVIS-NR-024_00570.jpg,0.49999999999975886,0.0,0.0,0.0,0.0,0.0,0.0,0.9999999999995177,0.49999999999975886
RipVIS-NR-024_00576.jpg,0.49999999999975886,0.0,0.0,0.0,0.0,0.0,0.0,0.9999999999995177,0.49999999999975886
RipVIS-NR-024_00582.jpg,0.49999999999975886,0.0,0.0,0.0,0.0,0.0,0.0,0.9999999999995177,0.49999999999975886
RipVIS-NR-024_00588.jpg,0.49999999999975886,0.0,0.0,0.0,0.0,0.0,0.0,0.9999999999995177,0.49999999999975886
RipVIS-NR-024_00594.jpg,0.49999999999975886,0.0,0.0,0.0,0.0,0.0,0.0,0.9999999999995177,0.49999999999975886
RipVIS-NR-024_00600.jpg,0.49999999999975886,0.0,0.0,0.0,0.0,0.0,0.0,0.9999999999995177,0.49999999999975886
RipVIS-NR-024_00606.jpg,0.49999999999975886,0.0,0.0,0.0,0.0,0.0,0.0,0.9999999999995177,0.49999999999975886
RipVIS-NR-024_00612.jpg,0.49999999999975886,0.0,0.0,0.0,0.0,0.0,0.0,0.9999999999995177,0.49999999999975886
RipVIS-NR-024_00618.jpg,0.49999999999975886,0.0,0.0,0.0,0.0,0.0,0.0,0.9999999999995177,0.49999999999975886
RipVIS-NR-024_00624.jpg,0.49999999999975886,0.0,0.0,0.0,0.0,0.0,0.0,0.9999999999995177,0.49999999999975886
RipVIS-NR-024_00630.jpg,0.49999999999975886,0.0,0.0,0.0,0.0,0.0,0.0,0.9999999999995177,0.49999999999975886
RipVIS-NR-024_00636.jpg,0.49999999999975886,0.0,0.0,0.0,0.0,0.0,0.0,0.9999999999995177,0.49999999999975886
RipVIS-NR-024_00642.jpg,0.49999999999975886,0.0,0.0,0.0,0.0,0.0,0.0,0.9999999999995177,0.49999999999975886
RipVIS-NR-024_00648.jpg,0.49999999999975886,0.0,0.0,0.0,0.0,0.0,0.0,0.9999999999995177,0.49999999999975886
RipVIS-NR-024_00654.jpg,0.49999999999975886,0.0,0.0,0.0,0.0,0.0,0.0,0.9999999999995177,0.49999999999975886
RipVIS-NR-024_00660.jpg,0.49999999999975886,0.0,0.0,0.0,0.0,0.0,0.0,0.9999999999995177,0.49999999999975886
RipVIS-NR-024_00666.jpg,0.49999999999975886,0.0,0.0,0.0,0.0,0.0,0.0,0.9999999999995177,0.49999999999975886
RipVIS-NR-024_00672.jpg,0.49999999999975886,0.0,0.0,0.0,0.0,0.0,0.0,0.9999999999995177,0.49999999999975886
RipVIS-NR-024_00678.jpg,0.49999999999975886,0.0,0.0,0.0,0.0,0.0,0.0,0.9999999999995177,0.49999999999975886
RipVIS-NR-024_00684.jpg,0.49999999999975886,0.0,0.0,0.0,0.0,0.0,0.0,0.9999999999995177,0.49999999999975886
RipVIS-NR-024_00690.jpg,0.49999999999975886,0.0,0.0,0.0,0.0,0.0,0.0,0.9999999999995177,0.49999999999975886
RipVIS-NR-024_00696.jpg,0.49999999999975886,0.0,0.0,0.0,0.0,0.0,0.0,0.9999999999995177,0.49999999999975886
RipVIS-NR-024_00702.jpg,0.49999999999975886,0.0,0.0,0.0,0.0,0.0,0.0,0.9999999999995177,0.49999999999975886
RipVIS-NR-024_00708.jpg,0.49999999999975886,0.0,0.0,0.0,0.0,0.0,0.0,0.9999999999995177,0.49999999999975886
RipVIS-NR-024_00714.jpg,0.49999999999975886,0.0,0.0,0.0,0.0,0.0,0.0,0.9999999999995177,0.49999999999975886
RipVIS-NR-024_00720.jpg,0.49999999999975886,0.0,0.0,0.0,0.0,0.0,0.0,0.9999999999995177,0.49999999999975886
RipVIS-NR-024_00726.jpg,0.49999999999975886,0.0,0.0,0.0,0.0,0.0,0.0,0.9999999999995177,0.49999999999975886
RipVIS-NR-024_00732.jpg,0.49999999999975886,0.0,0.0,0.0,0.0,0.0,0.0,0.9999999999995177,0.49999999999975886
RipVIS-NR-024_00738.jpg,0.49999999999975886,0.0,0.0,0.0,0.0,0.0,0.0,0.9999999999995177,0.49999999999975886
RipVIS-NR-024_00744.jpg,0.49999999999975886,0.0,0.0,0.0,0.0,0.0,0.0,0.9999999999995177,0.49999999999975886
RipVIS-NR-024_00750.jpg,0.49999999999975886,0.0,0.0,0.0,0.0,0.0,0.0,0.9999999999995177,0.49999999999975886
RipVIS-NR-024_00756.jpg,0.49999999999975886,0.0,0.0,0.0,0.0,0.0,0.0,0.9999999999995177,0.49999999999975886
RipVIS-NR-024_00762.jpg,0.49999999999975886,0.0,0.0,0.0,0.0,0.0,0.0,0.9999999999995177,0.49999999999975886
RipVIS-NR-024_00768.jpg,0.49999999999975886,0.0,0.0,0.0,0.0,0.0,0.0,0.9999999999995177,0.49999999999975886
RipVIS-NR-024_00774.jpg,0.49999999999975886,0.0,0.0,0.0,0.0,0.0,0.0,0.9999999999995177,0.49999999999975886
RipVIS-NR-024_00780.jpg,0.49999999999975886,0.0,0.0,0.0,0.0,0.0,0.0,0.9999999999995177,0.49999999999975886
RipVIS-NR-024_00786.jpg,0.49999999999975886,0.0,0.0,0.0,0.0,0.0,0.0,0.9999999999995177,0.49999999999975886
RipVIS-NR-024_00792.jpg,0.49999999999975886,0.0,0.0,0.0,0.0,0.0,0.0,0.9999999999995177,0.49999999999975886
RipVIS-NR-024_00798.jpg,0.49999999999975886,0.0,0.0,0.0,0.0,0.0,0.0,0.9999999999995177,0.49999999999975886
RipVIS-NR-024_00804.jpg,0.49999999999975886,0.0,0.0,0.0,0.0,0.0,0.0,0.9999999999995177,0.49999999999975886
RipVIS-NR-024_00810.jpg,0.49999999999975886,0.0,0.0,0.0,0.0,0.0,0.0,0.9999999999995177,0.49999999999975886
RipVIS-NR-024_00816.jpg,0.49999999999975886,0.0,0.0,0.0,0.0,0.0,0.0,0.9999999999995177,0.49999999999975886
RipVIS-NR-024_00822.jpg,0.49999999999975886,0.0,0.0,0.0,0.0,0.0,0.0,0.9999999999995177,0.49999999999975886
RipVIS-NR-024_00828.jpg,0.49999999999975886,0.0,0.0,0.0,0.0,0.0,0.0,0.9999999999995177,0.49999999999975886
RipVIS-NR-024_00834.jpg,0.49999999999975886,0.0,0.0,0.0,0.0,0.0,0.0,0.9999999999995177,0.49999999999975886
RipVIS-NR-024_00840.jpg,0.49999999999975886,0.0,0.0,0.0,0.0,0.0,0.0,0.9999999999995177,0.49999999999975886
RipVIS-NR-024_00846.jpg,0.49999999999975886,0.0,0.0,0.0,0.0,0.0,0.0,0.9999999999995177,0.49999999999975886
RipVIS-NR-024_00852.jpg,0.49999999999975886,0.0,0.0,0.0,0.0,0.0,0.0,0.9999999999995177,0.49999999999975886
RipVIS-NR-024_00858.jpg,0.49999999999975886,0.0,0.0,0.0,0.0,0.0,0.0,0.9999999999995177,0.49999999999975886
RipVIS-NR-024_00864.jpg,0.49999999999975886,0.0,0.0,0.0,0.0,0.0,0.0,0.9999999999995177,0.49999999999975886
RipVIS-NR-024_00870.jpg,0.49999999999975886,0.0,0.0,0.0,0.0,0.0,0.0,0.9999999999995177,0.49999999999975886
RipVIS-NR-024_00876.jpg,0.49999999999975886,0.0,0.0,0.0,0.0,0.0,0.0,0.9999999999995177,0.49999999999975886
RipVIS-NR-024_00882.jpg,0.49999999999975886,0.0,0.0,0.0,0.0,0.0,0.0,0.9999999999995177,0.49999999999975886
RipVIS-NR-024_00888.jpg,0.49999999999975886,0.0,0.0,0.0,0.0,0.0,0.0,0.9999999999995177,0.49999999999975886
RipVIS-NR-024_00894.jpg,0.49999999999975886,0.0,0.0,0.0,0.0,0.0,0.0,0.9999999999995177,0.49999999999975886
RipVIS-NR-024_00900.jpg,0.49999999999975886,0.0,0.0,0.0,0.0,0.0,0.0,0.9999999999995177,0.49999999999975886
RipVIS-NR-024_00906.jpg,0.49999999999975886,0.0,0.0,0.0,0.0,0.0,0.0,0.9999999999995177,0.49999999999975886
RipVIS-NR-024_00912.jpg,0.49999999999975886,0.0,0.0,0.0,0.0,0.0,0.0,0.9999999999995177,0.49999999999975886
RipVIS-NR-024_00918.jpg,0.49999999999975886,0.0,0.0,0.0,0.0,0.0,0.0,0.9999999999995177,0.49999999999975886
RipVIS-NR-024_00924.jpg,0.49999999999975886,0.0,0.0,0.0,0.0,0.0,0.0,0.9999999999995177,0.49999999999975886
RipVIS-NR-024_00930.jpg,0.49999999999975886,0.0,0.0,0.0,0.0,0.0,0.0,0.9999999999995177,0.49999999999975886
RipVIS-NR-024_00936.jpg,0.49999999999975886,0.0,0.0,0.0,0.0,0.0,0.0,0.9999999999995177,0.49999999999975886
RipVIS-NR-024_00942.jpg,0.49999999999975886,0.0,0.0,0.0,0.0,0.0,0.0,0.9999999999995177,0.49999999999975886
RipVIS-NR-024_00948.jpg,0.49999999999975886,0.0,0.0,0.0,0.0,0.0,0.0,0.9999999999995177,0.49999999999975886
RipVIS-NR-024_00954.jpg,0.49999999999975886,0.0,0.0,0.0,0.0,0.0,0.0,0.9999999999995177,0.49999999999975886
RipVIS-NR-024_00960.jpg,0.49999999999975886,0.0,0.0,0.0,0.0,0.0,0.0,0.9999999999995177,0.49999999999975886
RipVIS-NR-024_00966.jpg,0.49999999999975886,0.0,0.0,0.0,0.0,0.0,0.0,0.9999999999995177,0.49999999999975886
RipVIS-NR-024_00972.jpg,0.49999999999975886,0.0,0.0,0.0,0.0,0.0,0.0,0.9999999999995177,0.49999999999975886
RipVIS-NR-024_00978.jpg,0.49999999999975886,0.0,0.0,0.0,0.0,0.0,0.0,0.9999999999995177,0.49999999999975886
RipVIS-NR-024_00984.jpg,0.49999999999975886,0.0,0.0,0.0,0.0,0.0,0.0,0.9999999999995177,0.49999999999975886
RipVIS-NR-024_00990.jpg,0.49999999999975886,0.0,0.0,0.0,0.0,0.0,0.0,0.9999999999995177,0.49999999999975886
RipVIS-NR-024_00996.jpg,0.49999999999975886,0.0,0.0,0.0,0.0,0.0,0.0,0.9999999999995177,0.49999999999975886
RipVIS-NR-024_01002.jpg,0.49999999999975886,0.0,0.0,0.0,0.0,0.0,0.0,0.9999999999995177,0.49999999999975886
RipVIS-NR-024_01008.jpg,0.49999999999975886,0.0,0.0,0.0,0.0,0.0,0.0,0.9999999999995177,0.49999999999975886
RipVIS-NR-024_01014.jpg,0.49999999999975886,0.0,0.0,0.0,0.0,0.0,0.0,0.9999999999995177,0.49999999999975886
RipVIS-NR-024_01020.jpg,0.49999999999975886,0.0,0.0,0.0,0.0,0.0,0.0,0.9999999999995177,0.49999999999975886
RipVIS-NR-024_01026.jpg,0.49999999999975886,0.0,0.0,0.0,0.0,0.0,0.0,0.9999999999995177,0.49999999999975886
RipVIS-NR-024_01032.jpg,0.49999999999975886,0.0,0.0,0.0,0.0,0.0,0.0,0.9999999999995177,0.49999999999975886
RipVIS-NR-024_01038.jpg,0.49999999999975886,0.0,0.0,0.0,0.0,0.0,0.0,0.9999999999995177,0.49999999999975886
RipVIS-NR-024_01044.jpg,0.49999999999975886,0.0,0.0,0.0,0.0,0.0,0.0,0.9999999999995177,0.49999999999975886
RipVIS-NR-024_01050.jpg,0.49999999999975886,0.0,0.0,0.0,0.0,0.0,0.0,0.9999999999995177,0.49999999999975886
RipVIS-NR-024_01056.jpg,0.49999999999975886,0.0,0.0,0.0,0.0,0.0,0.0,0.9999999999995177,0.49999999999975886
RipVIS-NR-024_01062.jpg,0.49999999999975886,0.0,0.0,0.0,0.0,0.0,0.0,0.9999999999995177,0.49999999999975886
RipVIS-NR-024_01068.jpg,0.49999999999975886,0.0,0.0,0.0,0.0,0.0,0.0,0.9999999999995177,0.49999999999975886
RipVIS-NR-024_01074.jpg,0.49999999999975886,0.0,0.0,0.0,0.0,0.0,0.0,0.9999999999995177,0.49999999999975886
RipVIS-NR-024_01080.jpg,0.49999999999975886,0.0,0.0,0.0,0.0,0.0,0.0,0.9999999999995177,0.49999999999975886
RipVIS-NR-024_01086.jpg,0.49999999999975886,0.0,0.0,0.0,0.0,0.0,0.0,0.9999999999995177,0.49999999999975886
RipVIS-NR-024_01092.jpg,0.49999999999975886,0.0,0.0,0.0,0.0,0.0,0.0,0.9999999999995177,0.49999999999975886
RipVIS-NR-024_01098.jpg,0.49999999999975886,0.0,0.0,0.0,0.0,0.0,0.0,0.9999999999995177,0.49999999999975886
RipVIS-NR-024_01104.jpg,0.49999999999975886,0.0,0.0,0.0,0.0,0.0,0.0,0.9999999999995177,0.49999999999975886
RipVIS-NR-024_01110.jpg,0.49999999999975886,0.0,0.0,0.0,0.0,0.0,0.0,0.9999999999995177,0.49999999999975886
RipVIS-NR-024_01116.jpg,0.49999999999975886,0.0,0.0,0.0,0.0,0.0,0.0,0.9999999999995177,0.49999999999975886
RipVIS-NR-024_01122.jpg,0.49999999999975886,0.0,0.0,0.0,0.0,0.0,0.0,0.9999999999995177,0.49999999999975886
RipVIS-NR-024_01128.jpg,0.49999999999975886,0.0,0.0,0.0,0.0,0.0,0.0,0.9999999999995177,0.49999999999975886
RipVIS-NR-024_01134.jpg,0.49999999999975886,0.0,0.0,0.0,0.0,0.0,0.0,0.9999999999995177,0.49999999999975886
RipVIS-NR-024_01140.jpg,0.49999999999975886,0.0,0.0,0.0,0.0,0.0,0.0,0.9999999999995177,0.49999999999975886
RipVIS-NR-024_01146.jpg,0.49999999999975886,0.0,0.0,0.0,0.0,0.0,0.0,0.9999999999995177,0.49999999999975886
RipVIS-NR-024_01152.jpg,0.49999999999975886,0.0,0.0,0.0,0.0,0.0,0.0,0.9999999999995177,0.49999999999975886
RipVIS-NR-024_01158.jpg,0.49999999999975886,0.0,0.0,0.0,0.0,0.0,0.0,0.9999999999995177,0.49999999999975886
RipVIS-NR-024_01164.jpg,0.49999999999975886,0.0,0.0,0.0,0.0,0.0,0.0,0.9999999999995177,0.49999999999975886
RipVIS-NR-024_01170.jpg,0.49999999999975886,0.0,0.0,0.0,0.0,0.0,0.0,0.9999999999995177,0.49999999999975886
RipVIS-NR-024_01176.jpg,0.49999999999975886,0.0,0.0,0.0,0.0,0.0,0.0,0.9999999999995177,0.49999999999975886
RipVIS-NR-024_01182.jpg,0.49999999999975886,0.0,0.0,0.0,0.0,0.0,0.0,0.9999999999995177,0.49999999999975886
RipVIS-NR-024_01188.jpg,0.49999999999975886,0.0,0.0,0.0,0.0,0.0,0.0,0.9999999999995177,0.49999999999975886
RipVIS-NR-024_01194.jpg,0.49999999999975886,0.0,0.0,0.0,0.0,0.0,0.0,0.9999999999995177,0.49999999999975886
RipVIS-NR-024_01200.jpg,0.49999999999975886,0.0,0.0,0.0,0.0,0.0,0.0,0.9999999999995177,0.49999999999975886
RipVIS-NR-024_01206.jpg,0.49999999999975886,0.0,0.0,0.0,0.0,0.0,0.0,0.9999999999995177,0.49999999999975886
RipVIS-NR-024_01212.jpg,0.49999999999975886,0.0,0.0,0.0,0.0,0.0,0.0,0.9999999999995177,0.49999999999975886
RipVIS-NR-024_01218.jpg,0.49999999999975886,0.0,0.0,0.0,0.0,0.0,0.0,0.9999999999995177,0.49999999999975886
RipVIS-NR-024_01224.jpg,0.49999999999975886,0.0,0.0,0.0,0.0,0.0,0.0,0.9999999999995177,0.49999999999975886
RipVIS-NR-024_01230.jpg,0.49999999999975886,0.0,0.0,0.0,0.0,0.0,0.0,0.9999999999995177,0.49999999999975886
RipVIS-NR-024_01236.jpg,0.49999999999975886,0.0,0.0,0.0,0.0,0.0,0.0,0.9999999999995177,0.49999999999975886
RipVIS-NR-024_01242.jpg,0.49999999999975886,0.0,0.0,0.0,0.0,0.0,0.0,0.9999999999995177,0.49999999999975886
RipVIS-NR-024_01248.jpg,0.49999999999975886,0.0,0.0,0.0,0.0,0.0,0.0,0.9999999999995177,0.49999999999975886
RipVIS-NR-024_01254.jpg,0.49999999999975886,0.0,0.0,0.0,0.0,0.0,0.0,0.9999999999995177,0.49999999999975886
RipVIS-NR-024_01260.jpg,0.49999999999975886,0.0,0.0,0.0,0.0,0.0,0.0,0.9999999999995177,0.49999999999975886
RipVIS-NR-024_01266.jpg,0.49999999999975886,0.0,0.0,0.0,0.0,0.0,0.0,0.9999999999995177,0.49999999999975886
RipVIS-NR-024_01272.jpg,0.49999999999975886,0.0,0.0,0.0,0.0,0.0,0.0,0.9999999999995177,0.49999999999975886
RipVIS-NR-024_01278.jpg,0.49999999999975886,0.0,0.0,0.0,0.0,0.0,0.0,0.9999999999995177,0.49999999999975886
RipVIS-NR-024_01284.jpg,0.49999999999975886,0.0,0.0,0.0,0.0,0.0,0.0,0.9999999999995177,0.49999999999975886
RipVIS-NR-024_01290.jpg,0.49999999999975886,0.0,0.0,0.0,0.0,0.0,0.0,0.9999999999995177,0.49999999999975886
RipVIS-NR-024_01296.jpg,0.49999999999975886,0.0,0.0,0.0,0.0,0.0,0.0,0.9999999999995177,0.49999999999975886
RipVIS-NR-024_01302.jpg,0.49999999999975886,0.0,0.0,0.0,0.0,0.0,0.0,0.9999999999995177,0.49999999999975886
RipVIS-NR-024_01308.jpg,0.49999999999975886,0.0,0.0,0.0,0.0,0.0,0.0,0.9999999999995177,0.49999999999975886
RipVIS-NR-024_01314.jpg,0.49999999999975886,0.0,0.0,0.0,0.0,0.0,0.0,0.9999999999995177,0.49999999999975886
RipVIS-NR-024_01320.jpg,0.49999999999975886,0.0,0.0,0.0,0.0,0.0,0.0,0.9999999999995177,0.49999999999975886
RipVIS-NR-024_01326.jpg,0.49999999999975886,0.0,0.0,0.0,0.0,0.0,0.0,0.9999999999995177,0.49999999999975886
RipVIS-NR-024_01332.jpg,0.49999999999975886,0.0,0.0,0.0,0.0,0.0,0.0,0.9999999999995177,0.49999999999975886
RipVIS-NR-024_01338.jpg,0.49999999999975886,0.0,0.0,0.0,0.0,0.0,0.0,0.9999999999995177,0.49999999999975886
RipVIS-NR-024_01344.jpg,0.49999999999975886,0.0,0.0,0.0,0.0,0.0,0.0,0.9999999999995177,0.49999999999975886
RipVIS-NR-024_01350.jpg,0.49999999999975886,0.0,0.0,0.0,0.0,0.0,0.0,0.9999999999995177,0.49999999999975886
RipVIS-NR-024_01356.jpg,0.49999999999975886,0.0,0.0,0.0,0.0,0.0,0.0,0.9999999999995177,0.49999999999975886
RipVIS-NR-024_01362.jpg,0.49999999999975886,0.0,0.0,0.0,0.0,0.0,0.0,0.9999999999995177,0.49999999999975886
RipVIS-NR-024_01368.jpg,0.49999999999975886,0.0,0.0,0.0,0.0,0.0,0.0,0.9999999999995177,0.49999999999975886
RipVIS-NR-024_01374.jpg,0.49999999999975886,0.0,0.0,0.0,0.0,0.0,0.0,0.9999999999995177,0.49999999999975886
RipVIS-NR-024_01380.jpg,0.49999999999975886,0.0,0.0,0.0,0.0,0.0,0.0,0.9999999999995177,0.49999999999975886
RipVIS-NR-024_01386.jpg,0.49999999999975886,0.0,0.0,0.0,0.0,0.0,0.0,0.9999999999995177,0.49999999999975886
RipVIS-NR-024_01392.jpg,0.49999999999975886,0.0,0.0,0.0,0.0,0.0,0.0,0.9999999999995177,0.49999999999975886
RipVIS-NR-024_01398.jpg,0.49999999999975886,0.0,0.0,0.0,0.0,0.0,0.0,0.9999999999995177,0.49999999999975886
RipVIS-NR-024_01404.jpg,0.49999999999975886,0.0,0.0,0.0,0.0,0.0,0.0,0.9999999999995177,0.49999999999975886
RipVIS-NR-024_01410.jpg,0.49999999999975886,0.0,0.0,0.0,0.0,0.0,0.0,0.9999999999995177,0.49999999999975886
RipVIS-NR-024_01416.jpg,0.49999999999975886,0.0,0.0,0.0,0.0,0.0,0.0,0.9999999999995177,0.49999999999975886
RipVIS-NR-024_01422.jpg,0.49999999999975886,0.0,0.0,0.0,0.0,0.0,0.0,0.9999999999995177,0.49999999999975886
RipVIS-NR-024_01428.jpg,0.49999999999975886,0.0,0.0,0.0,0.0,0.0,0.0,0.9999999999995177,0.49999999999975886
RipVIS-NR-024_01434.jpg,0.49999999999975886,0.0,0.0,0.0,0.0,0.0,0.0,0.9999999999995177,0.49999999999975886
RipVIS-NR-024_01440.jpg,0.49999999999975886,0.0,0.0,0.0,0.0,0.0,0.0,0.9999999999995177,0.49999999999975886
RipVIS-NR-024_01446.jpg,0.49999999999975886,0.0,0.0,0.0,0.0,0.0,0.0,0.9999999999995177,0.49999999999975886
RipVIS-NR-024_01452.jpg,0.49999999999975886,0.0,0.0,0.0,0.0,0.0,0.0,0.9999999999995177,0.49999999999975886
RipVIS-NR-024_01458.jpg,0.49999999999975886,0.0,0.0,0.0,0.0,0.0,0.0,0.9999999999995177,0.49999999999975886
RipVIS-NR-024_01464.jpg,0.49999999999975886,0.0,0.0,0.0,0.0,0.0,0.0,0.9999999999995177,0.49999999999975886
RipVIS-NR-024_01470.jpg,0.49999999999975886,0.0,0.0,0.0,0.0,0.0,0.0,0.9999999999995177,0.49999999999975886
RipVIS-NR-024_01476.jpg,0.49999999999975886,0.0,0.0,0.0,0.0,0.0,0.0,0.9999999999995177,0.49999999999975886
RipVIS-NR-024_01482.jpg,0.49999999999975886,0.0,0.0,0.0,0.0,0.0,0.0,0.9999999999995177,0.49999999999975886
RipVIS-NR-024_01488.jpg,0.49999999999975886,0.0,0.0,0.0,0.0,0.0,0.0,0.9999999999995177,0.49999999999975886
RipVIS-NR-024_01494.jpg,0.49999999999975886,0.0,0.0,0.0,0.0,0.0,0.0,0.9999999999995177,0.49999999999975886
RipVIS-NR-024_01500.jpg,0.49999999999975886,0.0,0.0,0.0,0.0,0.0,0.0,0.9999999999995177,0.49999999999975886
RipVIS-NR-024_01506.jpg,0.49999999999975886,0.0,0.0,0.0,0.0,0.0,0.0,0.9999999999995177,0.49999999999975886
RipVIS-NR-024_01512.jpg,0.49999999999975886,0.0,0.0,0.0,0.0,0.0,0.0,0.9999999999995177,0.49999999999975886
RipVIS-NR-024_01518.jpg,0.49999999999975886,0.0,0.0,0.0,0.0,0.0,0.0,0.9999999999995177,0.49999999999975886
RipVIS-NR-024_01524.jpg,0.49999999999975886,0.0,0.0,0.0,0.0,0.0,0.0,0.9999999999995177,0.49999999999975886
RipVIS-NR-024_01530.jpg,0.49999999999975886,0.0,0.0,0.0,0.0,0.0,0.0,0.9999999999995177,0.49999999999975886
RipVIS-NR-024_01536.jpg,0.49999999999975886,0.0,0.0,0.0,0.0,0.0,0.0,0.9999999999995177,0.49999999999975886
RipVIS-NR-024_01542.jpg,0.49999999999975886,0.0,0.0,0.0,0.0,0.0,0.0,0.9999999999995177,0.49999999999975886
RipVIS-NR-024_01548.jpg,0.49999999999975886,0.0,0.0,0.0,0.0,0.0,0.0,0.9999999999995177,0.49999999999975886
RipVIS-NR-024_01554.jpg,0.49999999999975886,0.0,0.0,0.0,0.0,0.0,0.0,0.9999999999995177,0.49999999999975886
RipVIS-NR-024_01560.jpg,0.49999999999975886,0.0,0.0,0.0,0.0,0.0,0.0,0.9999999999995177,0.49999999999975886
RipVIS-NR-024_01566.jpg,0.49999999999975886,0.0,0.0,0.0,0.0,0.0,0.0,0.9999999999995177,0.49999999999975886
RipVIS-NR-024_01572.jpg,0.49999999999975886,0.0,0.0,0.0,0.0,0.0,0.0,0.9999999999995177,0.49999999999975886
RipVIS-NR-024_01578.jpg,0.49999999999975886,0.0,0.0,0.0,0.0,0.0,0.0,0.9999999999995177,0.49999999999975886
RipVIS-NR-024_01584.jpg,0.49999999999975886,0.0,0.0,0.0,0.0,0.0,0.0,0.9999999999995177,0.49999999999975886
RipVIS-NR-024_01590.jpg,0.49999999999975886,0.0,0.0,0.0,0.0,0.0,0.0,0.9999999999995177,0.49999999999975886
RipVIS-NR-024_01596.jpg,0.49999999999975886,0.0,0.0,0.0,0.0,0.0,0.0,0.9999999999995177,0.49999999999975886
RipVIS-NR-024_01602.jpg,0.49999999999975886,0.0,0.0,0.0,0.0,0.0,0.0,0.9999999999995177,0.49999999999975886
RipVIS-NR-024_01608.jpg,0.49999999999975886,0.0,0.0,0.0,0.0,0.0,0.0,0.9999999999995177,0.49999999999975886
RipVIS-NR-024_01614.jpg,0.49999999999975886,0.0,0.0,0.0,0.0,0.0,0.0,0.9999999999995177,0.49999999999975886
RipVIS-NR-024_01620.jpg,0.49999999999975886,0.0,0.0,0.0,0.0,0.0,0.0,0.9999999999995177,0.49999999999975886
RipVIS-NR-024_01626.jpg,0.49999999999975886,0.0,0.0,0.0,0.0,0.0,0.0,0.9999999999995177,0.49999999999975886
RipVIS-NR-024_01632.jpg,0.49999999999975886,0.0,0.0,0.0,0.0,0.0,0.0,0.9999999999995177,0.49999999999975886
RipVIS-NR-024_01638.jpg,0.49999999999975886,0.0,0.0,0.0,0.0,0.0,0.0,0.9999999999995177,0.49999999999975886
RipVIS-NR-024_01644.jpg,0.49999999999975886,0.0,0.0,0.0,0.0,0.0,0.0,0.9999999999995177,0.49999999999975886
RipVIS-NR-024_01650.jpg,0.49999999999975886,0.0,0.0,0.0,0.0,0.0,0.0,0.9999999999995177,0.49999999999975886
RipVIS-NR-024_01656.jpg,0.49999999999975886,0.0,0.0,0.0,0.0,0.0,0.0,0.9999999999995177,0.49999999999975886
RipVIS-NR-024_01662.jpg,0.49999999999975886,0.0,0.0,0.0,0.0,0.0,0.0,0.9999999999995177,0.49999999999975886
RipVIS-NR-024_01668.jpg,0.49999999999975886,0.0,0.0,0.0,0.0,0.0,0.0,0.9999999999995177,0.49999999999975886
RipVIS-NR-024_01674.jpg,0.49999999999975886,0.0,0.0,0.0,0.0,0.0,0.0,0.9999999999995177,0.49999999999975886
RipVIS-NR-024_01680.jpg,0.49999999999975886,0.0,0.0,0.0,0.0,0.0,0.0,0.9999999999995177,0.49999999999975886
RipVIS-NR-024_01686.jpg,0.49999999999975886,0.0,0.0,0.0,0.0,0.0,0.0,0.9999999999995177,0.49999999999975886
RipVIS-NR-024_01692.jpg,0.49999999999975886,0.0,0.0,0.0,0.0,0.0,0.0,0.9999999999995177,0.49999999999975886
RipVIS-NR-024_01698.jpg,0.49999999999975886,0.0,0.0,0.0,0.0,0.0,0.0,0.9999999999995177,0.49999999999975886
RipVIS-NR-024_01704.jpg,0.49999999999975886,0.0,0.0,0.0,0.0,0.0,0.0,0.9999999999995177,0.49999999999975886
RipVIS-NR-024_01710.jpg,0.49999999999975886,0.0,0.0,0.0,0.0,0.0,0.0,0.9999999999995177,0.49999999999975886
RipVIS-NR-024_01716.jpg,0.49999999999975886,0.0,0.0,0.0,0.0,0.0,0.0,0.9999999999995177,0.49999999999975886
RipVIS-NR-024_01722.jpg,0.49999999999975886,0.0,0.0,0.0,0.0,0.0,0.0,0.9999999999995177,0.49999999999975886
RipVIS-NR-024_01728.jpg,0.49999999999975886,0.0,0.0,0.0,0.0,0.0,0.0,0.9999999999995177,0.49999999999975886
RipVIS-NR-024_01734.jpg,0.49999999999975886,0.0,0.0,0.0,0.0,0.0,0.0,0.9999999999995177,0.49999999999975886
RipVIS-NR-024_01740.jpg,0.49999999999975886,0.0,0.0,0.0,0.0,0.0,0.0,0.9999999999995177,0.49999999999975886
RipVIS-NR-024_01746.jpg,0.49999999999975886,0.0,0.0,0.0,0.0,0.0,0.0,0.9999999999995177,0.49999999999975886
RipVIS-NR-024_01752.jpg,0.49999999999975886,0.0,0.0,0.0,0.0,0.0,0.0,0.9999999999995177,0.49999999999975886
RipVIS-NR-024_01758.jpg,0.49999999999975886,0.0,0.0,0.0,0.0,0.0,0.0,0.9999999999995177,0.49999999999975886
RipVIS-NR-024_01764.jpg,0.49999999999975886,0.0,0.0,0.0,0.0,0.0,0.0,0.9999999999995177,0.49999999999975886
RipVIS-NR-024_01770.jpg,0.49999999999975886,0.0,0.0,0.0,0.0,0.0,0.0,0.9999999999995177,0.49999999999975886
RipVIS-NR-024_01776.jpg,0.49999999999975886,0.0,0.0,0.0,0.0,0.0,0.0,0.9999999999995177,0.49999999999975886
RipVIS-NR-024_01782.jpg,0.49999999999975886,0.0,0.0,0.0,0.0,0.0,0.0,0.9999999999995177,0.49999999999975886
RipVIS-NR-024_01788.jpg,0.49999999999975886,0.0,0.0,0.0,0.0,0.0,0.0,0.9999999999995177,0.49999999999975886
RipVIS-NR-024_01794.jpg,0.49999999999975886,0.0,0.0,0.0,0.0,0.0,0.0,0.9999999999995177,0.49999999999975886
RipVIS-NR-024_01800.jpg,0.49999999999975886,0.0,0.0,0.0,0.0,0.0,0.0,0.9999999999995177,0.49999999999975886
RipVIS-NR-024_01806.jpg,0.49999999999975886,0.0,0.0,0.0,0.0,0.0,0.0,0.9999999999995177,0.49999999999975886
RipVIS-NR-024_01812.jpg,0.49999999999975886,0.0,0.0,0.0,0.0,0.0,0.0,0.9999999999995177,0.49999999999975886
RipVIS-NR-026_00000.jpg,0.49999999999975886,0.0,0.0,0.0,0.0,0.0,0.0,0.9999999999995177,0.49999999999975886
RipVIS-NR-026_00006.jpg,0.49999999999975886,0.0,0.0,0.0,0.0,0.0,0.0,0.9999999999995177,0.49999999999975886
RipVIS-NR-026_00012.jpg,0.49999999999975886,0.0,0.0,0.0,0.0,0.0,0.0,0.9999999999995177,0.49999999999975886
RipVIS-NR-026_00018.jpg,0.49999999999975886,0.0,0.0,0.0,0.0,0.0,0.0,0.9999999999995177,0.49999999999975886
RipVIS-NR-026_00024.jpg,0.49999999999975886,0.0,0.0,0.0,0.0,0.0,0.0,0.9999999999995177,0.49999999999975886
RipVIS-NR-026_00030.jpg,0.49999999999975886,0.0,0.0,0.0,0.0,0.0,0.0,0.9999999999995177,0.49999999999975886
RipVIS-NR-026_00036.jpg,0.49999999999975886,0.0,0.0,0.0,0.0,0.0,0.0,0.9999999999995177,0.49999999999975886
RipVIS-NR-026_00042.jpg,0.49999999999975886,0.0,0.0,0.0,0.0,0.0,0.0,0.9999999999995177,0.49999999999975886
RipVIS-NR-026_00048.jpg,0.49999999999975886,0.0,0.0,0.0,0.0,0.0,0.0,0.9999999999995177,0.49999999999975886
RipVIS-NR-026_00054.jpg,0.49999999999975886,0.0,0.0,0.0,0.0,0.0,0.0,0.9999999999995177,0.49999999999975886
RipVIS-NR-026_00060.jpg,0.49999999999975886,0.0,0.0,0.0,0.0,0.0,0.0,0.9999999999995177,0.49999999999975886
RipVIS-NR-026_00066.jpg,0.49999999999975886,0.0,0.0,0.0,0.0,0.0,0.0,0.9999999999995177,0.49999999999975886
RipVIS-NR-026_00072.jpg,0.49999999999975886,0.0,0.0,0.0,0.0,0.0,0.0,0.9999999999995177,0.49999999999975886
RipVIS-NR-026_00078.jpg,0.49999999999975886,0.0,0.0,0.0,0.0,0.0,0.0,0.9999999999995177,0.49999999999975886
RipVIS-NR-026_00084.jpg,0.49999999999975886,0.0,0.0,0.0,0.0,0.0,0.0,0.9999999999995177,0.49999999999975886
RipVIS-NR-026_00090.jpg,0.49999999999975886,0.0,0.0,0.0,0.0,0.0,0.0,0.9999999999995177,0.49999999999975886
RipVIS-NR-026_00096.jpg,0.49999999999975886,0.0,0.0,0.0,0.0,0.0,0.0,0.9999999999995177,0.49999999999975886
RipVIS-NR-026_00102.jpg,0.49999999999975886,0.0,0.0,0.0,0.0,0.0,0.0,0.9999999999995177,0.49999999999975886
RipVIS-NR-026_00108.jpg,0.49999999999975886,0.0,0.0,0.0,0.0,0.0,0.0,0.9999999999995177,0.49999999999975886
RipVIS-NR-026_00114.jpg,0.49999999999975886,0.0,0.0,0.0,0.0,0.0,0.0,0.9999999999995177,0.49999999999975886
RipVIS-NR-026_00120.jpg,0.49999999999975886,0.0,0.0,0.0,0.0,0.0,0.0,0.9999999999995177,0.49999999999975886
RipVIS-NR-026_00126.jpg,0.49999999999975886,0.0,0.0,0.0,0.0,0.0,0.0,0.9999999999995177,0.49999999999975886
RipVIS-NR-026_00132.jpg,0.49999999999975886,0.0,0.0,0.0,0.0,0.0,0.0,0.9999999999995177,0.49999999999975886
RipVIS-NR-026_00138.jpg,0.49999999999975886,0.0,0.0,0.0,0.0,0.0,0.0,0.9999999999995177,0.49999999999975886
RipVIS-NR-026_00144.jpg,0.49999999999975886,0.0,0.0,0.0,0.0,0.0,0.0,0.9999999999995177,0.49999999999975886
RipVIS-NR-026_00150.jpg,0.49999999999975886,0.0,0.0,0.0,0.0,0.0,0.0,0.9999999999995177,0.49999999999975886
RipVIS-NR-026_00156.jpg,0.49999999999975886,0.0,0.0,0.0,0.0,0.0,0.0,0.9999999999995177,0.49999999999975886
RipVIS-NR-026_00162.jpg,0.49999999999975886,0.0,0.0,0.0,0.0,0.0,0.0,0.9999999999995177,0.49999999999975886
RipVIS-NR-026_00168.jpg,0.49999999999975886,0.0,0.0,0.0,0.0,0.0,0.0,0.9999999999995177,0.49999999999975886
RipVIS-NR-026_00174.jpg,0.49999999999975886,0.0,0.0,0.0,0.0,0.0,0.0,0.9999999999995177,0.49999999999975886
RipVIS-NR-026_00180.jpg,0.49999999999975886,0.0,0.0,0.0,0.0,0.0,0.0,0.9999999999995177,0.49999999999975886
RipVIS-NR-026_00186.jpg,0.49999999999975886,0.0,0.0,0.0,0.0,0.0,0.0,0.9999999999995177,0.49999999999975886
RipVIS-NR-026_00192.jpg,0.49999999999975886,0.0,0.0,0.0,0.0,0.0,0.0,0.9999999999995177,0.49999999999975886
RipVIS-NR-026_00198.jpg,0.49999999999975886,0.0,0.0,0.0,0.0,0.0,0.0,0.9999999999995177,0.49999999999975886
RipVIS-NR-026_00204.jpg,0.49999999999975886,0.0,0.0,0.0,0.0,0.0,0.0,0.9999999999995177,0.49999999999975886
RipVIS-NR-026_00210.jpg,0.49999999999975886,0.0,0.0,0.0,0.0,0.0,0.0,0.9999999999995177,0.49999999999975886
RipVIS-NR-026_00216.jpg,0.49999999999975886,0.0,0.0,0.0,0.0,0.0,0.0,0.9999999999995177,0.49999999999975886
RipVIS-NR-026_00222.jpg,0.49999999999975886,0.0,0.0,0.0,0.0,0.0,0.0,0.9999999999995177,0.49999999999975886
RipVIS-NR-026_00228.jpg,0.49999999999975886,0.0,0.0,0.0,0.0,0.0,0.0,0.9999999999995177,0.49999999999975886
RipVIS-NR-026_00234.jpg,0.49999999999975886,0.0,0.0,0.0,0.0,0.0,0.0,0.9999999999995177,0.49999999999975886
RipVIS-NR-026_00240.jpg,0.49999999999975886,0.0,0.0,0.0,0.0,0.0,0.0,0.9999999999995177,0.49999999999975886
RipVIS-NR-026_00246.jpg,0.49999999999975886,0.0,0.0,0.0,0.0,0.0,0.0,0.9999999999995177,0.49999999999975886
RipVIS-NR-026_00252.jpg,0.49999999999975886,0.0,0.0,0.0,0.0,0.0,0.0,0.9999999999995177,0.49999999999975886
RipVIS-NR-026_00258.jpg,0.49999999999975886,0.0,0.0,0.0,0.0,0.0,0.0,0.9999999999995177,0.49999999999975886
RipVIS-NR-026_00264.jpg,0.49999999999975886,0.0,0.0,0.0,0.0,0.0,0.0,0.9999999999995177,0.49999999999975886
RipVIS-NR-026_00270.jpg,0.49999999999975886,0.0,0.0,0.0,0.0,0.0,0.0,0.9999999999995177,0.49999999999975886
RipVIS-NR-026_00276.jpg,0.49999999999975886,0.0,0.0,0.0,0.0,0.0,0.0,0.9999999999995177,0.49999999999975886
RipVIS-NR-026_00282.jpg,0.49999999999975886,0.0,0.0,0.0,0.0,0.0,0.0,0.9999999999995177,0.49999999999975886
RipVIS-NR-026_00288.jpg,0.49999999999975886,0.0,0.0,0.0,0.0,0.0,0.0,0.9999999999995177,0.49999999999975886
RipVIS-NR-026_00294.jpg,0.49999999999975886,0.0,0.0,0.0,0.0,0.0,0.0,0.9999999999995177,0.49999999999975886
RipVIS-NR-026_00300.jpg,0.49999999999975886,0.0,0.0,0.0,0.0,0.0,0.0,0.9999999999995177,0.49999999999975886
RipVIS-NR-026_00306.jpg,0.49999999999975886,0.0,0.0,0.0,0.0,0.0,0.0,0.9999999999995177,0.49999999999975886
RipVIS-NR-026_00312.jpg,0.49999999999975886,0.0,0.0,0.0,0.0,0.0,0.0,0.9999999999995177,0.49999999999975886
RipVIS-NR-026_00318.jpg,0.49999999999975886,0.0,0.0,0.0,0.0,0.0,0.0,0.9999999999995177,0.49999999999975886
RipVIS-NR-026_00324.jpg,0.49999999999975886,0.0,0.0,0.0,0.0,0.0,0.0,0.9999999999995177,0.49999999999975886
RipVIS-NR-026_00330.jpg,0.49999999999975886,0.0,0.0,0.0,0.0,0.0,0.0,0.9999999999995177,0.49999999999975886
RipVIS-NR-026_00336.jpg,0.49999999999975886,0.0,0.0,0.0,0.0,0.0,0.0,0.9999999999995177,0.49999999999975886
RipVIS-NR-026_00342.jpg,0.49999999999975886,0.0,0.0,0.0,0.0,0.0,0.0,0.9999999999995177,0.49999999999975886
RipVIS-NR-026_00348.jpg,0.49999999999975886,0.0,0.0,0.0,0.0,0.0,0.0,0.9999999999995177,0.49999999999975886
RipVIS-NR-026_00354.jpg,0.49999999999975886,0.0,0.0,0.0,0.0,0.0,0.0,0.9999999999995177,0.49999999999975886
RipVIS-NR-026_00360.jpg,0.49999999999975886,0.0,0.0,0.0,0.0,0.0,0.0,0.9999999999995177,0.49999999999975886
RipVIS-NR-026_00366.jpg,0.49999999999975886,0.0,0.0,0.0,0.0,0.0,0.0,0.9999999999995177,0.49999999999975886
RipVIS-NR-026_00372.jpg,0.49999999999975886,0.0,0.0,0.0,0.0,0.0,0.0,0.9999999999995177,0.49999999999975886
RipVIS-NR-026_00378.jpg,0.49999999999975886,0.0,0.0,0.0,0.0,0.0,0.0,0.9999999999995177,0.49999999999975886
RipVIS-NR-026_00384.jpg,0.49999999999975886,0.0,0.0,0.0,0.0,0.0,0.0,0.9999999999995177,0.49999999999975886
RipVIS-NR-026_00390.jpg,0.49999999999975886,0.0,0.0,0.0,0.0,0.0,0.0,0.9999999999995177,0.49999999999975886
RipVIS-NR-026_00396.jpg,0.49999999999975886,0.0,0.0,0.0,0.0,0.0,0.0,0.9999999999995177,0.49999999999975886
RipVIS-NR-026_00402.jpg,0.49999999999975886,0.0,0.0,0.0,0.0,0.0,0.0,0.9999999999995177,0.49999999999975886
RipVIS-NR-026_00408.jpg,0.49999999999975886,0.0,0.0,0.0,0.0,0.0,0.0,0.9999999999995177,0.49999999999975886
RipVIS-NR-026_00414.jpg,0.49999999999975886,0.0,0.0,0.0,0.0,0.0,0.0,0.9999999999995177,0.49999999999975886
RipVIS-NR-026_00420.jpg,0.49999999999975886,0.0,0.0,0.0,0.0,0.0,0.0,0.9999999999995177,0.49999999999975886
RipVIS-NR-026_00426.jpg,0.49999999999975886,0.0,0.0,0.0,0.0,0.0,0.0,0.9999999999995177,0.49999999999975886
RipVIS-NR-026_00432.jpg,0.49999999999975886,0.0,0.0,0.0,0.0,0.0,0.0,0.9999999999995177,0.49999999999975886
RipVIS-NR-026_00438.jpg,0.49999999999975886,0.0,0.0,0.0,0.0,0.0,0.0,0.9999999999995177,0.49999999999975886
RipVIS-NR-026_00444.jpg,0.49999999999975886,0.0,0.0,0.0,0.0,0.0,0.0,0.9999999999995177,0.49999999999975886
RipVIS-NR-026_00450.jpg,0.49999999999975886,0.0,0.0,0.0,0.0,0.0,0.0,0.9999999999995177,0.49999999999975886
RipVIS-NR-026_00456.jpg,0.49999999999975886,0.0,0.0,0.0,0.0,0.0,0.0,0.9999999999995177,0.49999999999975886
RipVIS-NR-026_00462.jpg,0.49999999999975886,0.0,0.0,0.0,0.0,0.0,0.0,0.9999999999995177,0.49999999999975886
RipVIS-NR-026_00468.jpg,0.49999999999975886,0.0,0.0,0.0,0.0,0.0,0.0,0.9999999999995177,0.49999999999975886
RipVIS-NR-026_00474.jpg,0.49999999999975886,0.0,0.0,0.0,0.0,0.0,0.0,0.9999999999995177,0.49999999999975886
RipVIS-NR-026_00480.jpg,0.49999999999975886,0.0,0.0,0.0,0.0,0.0,0.0,0.9999999999995177,0.49999999999975886
RipVIS-NR-026_00486.jpg,0.49999999999975886,0.0,0.0,0.0,0.0,0.0,0.0,0.9999999999995177,0.49999999999975886
RipVIS-NR-026_00492.jpg,0.49999999999975886,0.0,0.0,0.0,0.0,0.0,0.0,0.9999999999995177,0.49999999999975886
RipVIS-NR-026_00498.jpg,0.49999999999975886,0.0,0.0,0.0,0.0,0.0,0.0,0.9999999999995177,0.49999999999975886
RipVIS-NR-026_00504.jpg,0.49999999999975886,0.0,0.0,0.0,0.0,0.0,0.0,0.9999999999995177,0.49999999999975886
RipVIS-NR-026_00510.jpg,0.49999999999975886,0.0,0.0,0.0,0.0,0.0,0.0,0.9999999999995177,0.49999999999975886
RipVIS-NR-026_00516.jpg,0.49999999999975886,0.0,0.0,0.0,0.0,0.0,0.0,0.9999999999995177,0.49999999999975886
RipVIS-NR-026_00522.jpg,0.49999999999975886,0.0,0.0,0.0,0.0,0.0,0.0,0.9999999999995177,0.49999999999975886
RipVIS-NR-026_00528.jpg,0.49999999999975886,0.0,0.0,0.0,0.0,0.0,0.0,0.9999999999995177,0.49999999999975886
RipVIS-NR-026_00534.jpg,0.49999999999975886,0.0,0.0,0.0,0.0,0.0,0.0,0.9999999999995177,0.49999999999975886
RipVIS-NR-026_00540.jpg,0.49999999999975886,0.0,0.0,0.0,0.0,0.0,0.0,0.9999999999995177,0.49999999999975886
RipVIS-NR-026_00546.jpg,0.49999999999975886,0.0,0.0,0.0,0.0,0.0,0.0,0.9999999999995177,0.49999999999975886
RipVIS-NR-026_00552.jpg,0.49999999999975886,0.0,0.0,0.0,0.0,0.0,0.0,0.9999999999995177,0.49999999999975886
RipVIS-NR-026_00558.jpg,0.49999999999975886,0.0,0.0,0.0,0.0,0.0,0.0,0.9999999999995177,0.49999999999975886
RipVIS-NR-026_00564.jpg,0.49999999999975886,0.0,0.0,0.0,0.0,0.0,0.0,0.9999999999995177,0.49999999999975886
RipVIS-NR-026_00570.jpg,0.49999999999975886,0.0,0.0,0.0,0.0,0.0,0.0,0.9999999999995177,0.49999999999975886
RipVIS-NR-026_00576.jpg,0.49999999999975886,0.0,0.0,0.0,0.0,0.0,0.0,0.9999999999995177,0.49999999999975886
RipVIS-NR-026_00582.jpg,0.49999999999975886,0.0,0.0,0.0,0.0,0.0,0.0,0.9999999999995177,0.49999999999975886
RipVIS-NR-026_00588.jpg,0.49999999999975886,0.0,0.0,0.0,0.0,0.0,0.0,0.9999999999995177,0.49999999999975886
RipVIS-NR-026_00594.jpg,0.49999999999975886,0.0,0.0,0.0,0.0,0.0,0.0,0.9999999999995177,0.49999999999975886
RipVIS-NR-026_00600.jpg,0.49999999999975886,0.0,0.0,0.0,0.0,0.0,0.0,0.9999999999995177,0.49999999999975886
RipVIS-NR-026_00606.jpg,0.49999999999975886,0.0,0.0,0.0,0.0,0.0,0.0,0.9999999999995177,0.49999999999975886
RipVIS-NR-026_00612.jpg,0.49999999999975886,0.0,0.0,0.0,0.0,0.0,0.0,0.9999999999995177,0.49999999999975886
RipVIS-NR-026_00618.jpg,0.49999999999975886,0.0,0.0,0.0,0.0,0.0,0.0,0.9999999999995177,0.49999999999975886
RipVIS-NR-026_00624.jpg,0.49999999999975886,0.0,0.0,0.0,0.0,0.0,0.0,0.9999999999995177,0.49999999999975886
RipVIS-NR-026_00630.jpg,0.49999999999975886,0.0,0.0,0.0,0.0,0.0,0.0,0.9999999999995177,0.49999999999975886
RipVIS-NR-026_00636.jpg,0.49999999999975886,0.0,0.0,0.0,0.0,0.0,0.0,0.9999999999995177,0.49999999999975886
RipVIS-NR-026_00642.jpg,0.49999999999975886,0.0,0.0,0.0,0.0,0.0,0.0,0.9999999999995177,0.49999999999975886
RipVIS-NR-026_00648.jpg,0.49999999999975886,0.0,0.0,0.0,0.0,0.0,0.0,0.9999999999995177,0.49999999999975886
RipVIS-NR-026_00654.jpg,0.49999999999975886,0.0,0.0,0.0,0.0,0.0,0.0,0.9999999999995177,0.49999999999975886
RipVIS-NR-026_00660.jpg,0.49999999999975886,0.0,0.0,0.0,0.0,0.0,0.0,0.9999999999995177,0.49999999999975886
RipVIS-NR-026_00666.jpg,0.49999999999975886,0.0,0.0,0.0,0.0,0.0,0.0,0.9999999999995177,0.49999999999975886
RipVIS-NR-026_00672.jpg,0.49999999999975886,0.0,0.0,0.0,0.0,0.0,0.0,0.9999999999995177,0.49999999999975886
RipVIS-NR-026_00678.jpg,0.49999999999975886,0.0,0.0,0.0,0.0,0.0,0.0,0.9999999999995177,0.49999999999975886
RipVIS-NR-026_00684.jpg,0.49999999999975886,0.0,0.0,0.0,0.0,0.0,0.0,0.9999999999995177,0.49999999999975886
RipVIS-NR-026_00690.jpg,0.49999999999975886,0.0,0.0,0.0,0.0,0.0,0.0,0.9999999999995177,0.49999999999975886
RipVIS-NR-026_00696.jpg,0.49999999999975886,0.0,0.0,0.0,0.0,0.0,0.0,0.9999999999995177,0.49999999999975886
RipVIS-NR-026_00702.jpg,0.49999999999975886,0.0,0.0,0.0,0.0,0.0,0.0,0.9999999999995177,0.49999999999975886
RipVIS-NR-026_00708.jpg,0.49999999999975886,0.0,0.0,0.0,0.0,0.0,0.0,0.9999999999995177,0.49999999999975886
RipVIS-NR-026_00714.jpg,0.49999999999975886,0.0,0.0,0.0,0.0,0.0,0.0,0.9999999999995177,0.49999999999975886
RipVIS-NR-026_00720.jpg,0.49999999999975886,0.0,0.0,0.0,0.0,0.0,0.0,0.9999999999995177,0.49999999999975886
RipVIS-NR-026_00726.jpg,0.49999999999975886,0.0,0.0,0.0,0.0,0.0,0.0,0.9999999999995177,0.49999999999975886
RipVIS-NR-026_00732.jpg,0.49999999999975886,0.0,0.0,0.0,0.0,0.0,0.0,0.9999999999995177,0.49999999999975886
RipVIS-NR-026_00738.jpg,0.49999999999975886,0.0,0.0,0.0,0.0,0.0,0.0,0.9999999999995177,0.49999999999975886
RipVIS-NR-026_00744.jpg,0.49999999999975886,0.0,0.0,0.0,0.0,0.0,0.0,0.9999999999995177,0.49999999999975886
RipVIS-NR-026_00750.jpg,0.49999999999975886,0.0,0.0,0.0,0.0,0.0,0.0,0.9999999999995177,0.49999999999975886
RipVIS-NR-026_00756.jpg,0.49999999999975886,0.0,0.0,0.0,0.0,0.0,0.0,0.9999999999995177,0.49999999999975886
RipVIS-NR-026_00762.jpg,0.49999999999975886,0.0,0.0,0.0,0.0,0.0,0.0,0.9999999999995177,0.49999999999975886
RipVIS-NR-026_00768.jpg,0.49999999999975886,0.0,0.0,0.0,0.0,0.0,0.0,0.9999999999995177,0.49999999999975886
RipVIS-NR-026_00774.jpg,0.49999999999975886,0.0,0.0,0.0,0.0,0.0,0.0,0.9999999999995177,0.49999999999975886
RipVIS-NR-026_00780.jpg,0.49999999999975886,0.0,0.0,0.0,0.0,0.0,0.0,0.9999999999995177,0.49999999999975886
RipVIS-NR-026_00786.jpg,0.49999999999975886,0.0,0.0,0.0,0.0,0.0,0.0,0.9999999999995177,0.49999999999975886
RipVIS-NR-026_00792.jpg,0.49999999999975886,0.0,0.0,0.0,0.0,0.0,0.0,0.9999999999995177,0.49999999999975886
RipVIS-NR-026_00798.jpg,0.49999999999975886,0.0,0.0,0.0,0.0,0.0,0.0,0.9999999999995177,0.49999999999975886
RipVIS-NR-026_00804.jpg,0.49999999999975886,0.0,0.0,0.0,0.0,0.0,0.0,0.9999999999995177,0.49999999999975886
RipVIS-NR-026_00810.jpg,0.49999999999975886,0.0,0.0,0.0,0.0,0.0,0.0,0.9999999999995177,0.49999999999975886
RipVIS-NR-026_00816.jpg,0.49999999999975886,0.0,0.0,0.0,0.0,0.0,0.0,0.9999999999995177,0.49999999999975886
RipVIS-NR-026_00822.jpg,0.49999999999975886,0.0,0.0,0.0,0.0,0.0,0.0,0.9999999999995177,0.49999999999975886
RipVIS-NR-026_00828.jpg,0.49999999999975886,0.0,0.0,0.0,0.0,0.0,0.0,0.9999999999995177,0.49999999999975886
RipVIS-NR-026_00834.jpg,0.49999999999975886,0.0,0.0,0.0,0.0,0.0,0.0,0.9999999999995177,0.49999999999975886
RipVIS-NR-026_00840.jpg,0.49999999999975886,0.0,0.0,0.0,0.0,0.0,0.0,0.9999999999995177,0.49999999999975886
RipVIS-NR-026_00846.jpg,0.49999999999975886,0.0,0.0,0.0,0.0,0.0,0.0,0.9999999999995177,0.49999999999975886
RipVIS-NR-026_00852.jpg,0.49999999999975886,0.0,0.0,0.0,0.0,0.0,0.0,0.9999999999995177,0.49999999999975886
RipVIS-NR-026_00858.jpg,0.49999999999975886,0.0,0.0,0.0,0.0,0.0,0.0,0.9999999999995177,0.49999999999975886
RipVIS-NR-026_00864.jpg,0.49999999999975886,0.0,0.0,0.0,0.0,0.0,0.0,0.9999999999995177,0.49999999999975886
RipVIS-NR-026_00870.jpg,0.49999999999975886,0.0,0.0,0.0,0.0,0.0,0.0,0.9999999999995177,0.49999999999975886
RipVIS-NR-026_00876.jpg,0.49999999999975886,0.0,0.0,0.0,0.0,0.0,0.0,0.9999999999995177,0.49999999999975886
RipVIS-NR-026_00882.jpg,0.49999999999975886,0.0,0.0,0.0,0.0,0.0,0.0,0.9999999999995177,0.49999999999975886
RipVIS-NR-026_00888.jpg,0.49999999999975886,0.0,0.0,0.0,0.0,0.0,0.0,0.9999999999995177,0.49999999999975886
RipVIS-NR-026_00894.jpg,0.49999999999975886,0.0,0.0,0.0,0.0,0.0,0.0,0.9999999999995177,0.49999999999975886
RipVIS-NR-026_00900.jpg,0.49999999999975886,0.0,0.0,0.0,0.0,0.0,0.0,0.9999999999995177,0.49999999999975886
RipVIS-NR-026_00906.jpg,0.49999999999975886,0.0,0.0,0.0,0.0,0.0,0.0,0.9999999999995177,0.49999999999975886
RipVIS-NR-026_00912.jpg,0.49999999999975886,0.0,0.0,0.0,0.0,0.0,0.0,0.9999999999995177,0.49999999999975886
RipVIS-NR-026_00918.jpg,0.49999999999975886,0.0,0.0,0.0,0.0,0.0,0.0,0.9999999999995177,0.49999999999975886
RipVIS-NR-026_00924.jpg,0.49999999999975886,0.0,0.0,0.0,0.0,0.0,0.0,0.9999999999995177,0.49999999999975886
RipVIS-NR-026_00930.jpg,0.49999999999975886,0.0,0.0,0.0,0.0,0.0,0.0,0.9999999999995177,0.49999999999975886
RipVIS-NR-026_00936.jpg,0.49999999999975886,0.0,0.0,0.0,0.0,0.0,0.0,0.9999999999995177,0.49999999999975886
RipVIS-NR-026_00942.jpg,0.49999999999975886,0.0,0.0,0.0,0.0,0.0,0.0,0.9999999999995177,0.49999999999975886
RipVIS-NR-026_00948.jpg,0.49999999999975886,0.0,0.0,0.0,0.0,0.0,0.0,0.9999999999995177,0.49999999999975886
RipVIS-NR-026_00954.jpg,0.49999999999975886,0.0,0.0,0.0,0.0,0.0,0.0,0.9999999999995177,0.49999999999975886
RipVIS-NR-026_00960.jpg,0.49999999999975886,0.0,0.0,0.0,0.0,0.0,0.0,0.9999999999995177,0.49999999999975886
RipVIS-NR-026_00966.jpg,0.49999999999975886,0.0,0.0,0.0,0.0,0.0,0.0,0.9999999999995177,0.49999999999975886
RipVIS-NR-026_00972.jpg,0.49999999999975886,0.0,0.0,0.0,0.0,0.0,0.0,0.9999999999995177,0.49999999999975886
RipVIS-NR-026_00978.jpg,0.49999999999975886,0.0,0.0,0.0,0.0,0.0,0.0,0.9999999999995177,0.49999999999975886
RipVIS-NR-026_00984.jpg,0.49999999999975886,0.0,0.0,0.0,0.0,0.0,0.0,0.9999999999995177,0.49999999999975886
RipVIS-NR-026_00990.jpg,0.49999999999975886,0.0,0.0,0.0,0.0,0.0,0.0,0.9999999999995177,0.49999999999975886
RipVIS-NR-026_00996.jpg,0.49999999999975886,0.0,0.0,0.0,0.0,0.0,0.0,0.9999999999995177,0.49999999999975886
RipVIS-NR-026_01002.jpg,0.49999999999975886,0.0,0.0,0.0,0.0,0.0,0.0,0.9999999999995177,0.49999999999975886
RipVIS-NR-026_01008.jpg,0.49999999999975886,0.0,0.0,0.0,0.0,0.0,0.0,0.9999999999995177,0.49999999999975886
RipVIS-NR-026_01014.jpg,0.49999999999975886,0.0,0.0,0.0,0.0,0.0,0.0,0.9999999999995177,0.49999999999975886
RipVIS-NR-026_01020.jpg,0.49999999999975886,0.0,0.0,0.0,0.0,0.0,0.0,0.9999999999995177,0.49999999999975886
RipVIS-NR-026_01026.jpg,0.49999999999975886,0.0,0.0,0.0,0.0,0.0,0.0,0.9999999999995177,0.49999999999975886
RipVIS-NR-026_01032.jpg,0.49999999999975886,0.0,0.0,0.0,0.0,0.0,0.0,0.9999999999995177,0.49999999999975886
RipVIS-NR-026_01038.jpg,0.49999999999975886,0.0,0.0,0.0,0.0,0.0,0.0,0.9999999999995177,0.49999999999975886
RipVIS-NR-026_01044.jpg,0.49999999999975886,0.0,0.0,0.0,0.0,0.0,0.0,0.9999999999995177,0.49999999999975886
RipVIS-NR-026_01050.jpg,0.49999999999975886,0.0,0.0,0.0,0.0,0.0,0.0,0.9999999999995177,0.49999999999975886
RipVIS-NR-026_01056.jpg,0.49999999999975886,0.0,0.0,0.0,0.0,0.0,0.0,0.9999999999995177,0.49999999999975886
RipVIS-NR-026_01062.jpg,0.49999999999975886,0.0,0.0,0.0,0.0,0.0,0.0,0.9999999999995177,0.49999999999975886
RipVIS-NR-026_01068.jpg,0.49999999999975886,0.0,0.0,0.0,0.0,0.0,0.0,0.9999999999995177,0.49999999999975886
RipVIS-NR-026_01074.jpg,0.49999999999975886,0.0,0.0,0.0,0.0,0.0,0.0,0.9999999999995177,0.49999999999975886
RipVIS-NR-026_01080.jpg,0.49999999999975886,0.0,0.0,0.0,0.0,0.0,0.0,0.9999999999995177,0.49999999999975886
RipVIS-NR-026_01086.jpg,0.49999999999975886,0.0,0.0,0.0,0.0,0.0,0.0,0.9999999999995177,0.49999999999975886
RipVIS-NR-026_01092.jpg,0.49999999999975886,0.0,0.0,0.0,0.0,0.0,0.0,0.9999999999995177,0.49999999999975886
RipVIS-NR-026_01098.jpg,0.49999999999975886,0.0,0.0,0.0,0.0,0.0,0.0,0.9999999999995177,0.49999999999975886
RipVIS-NR-026_01104.jpg,0.49999999999975886,0.0,0.0,0.0,0.0,0.0,0.0,0.9999999999995177,0.49999999999975886
RipVIS-NR-026_01110.jpg,0.49999999999975886,0.0,0.0,0.0,0.0,0.0,0.0,0.9999999999995177,0.49999999999975886
RipVIS-NR-026_01116.jpg,0.49999999999975886,0.0,0.0,0.0,0.0,0.0,0.0,0.9999999999995177,0.49999999999975886
RipVIS-NR-026_01122.jpg,0.49999999999975886,0.0,0.0,0.0,0.0,0.0,0.0,0.9999999999995177,0.49999999999975886
RipVIS-NR-026_01128.jpg,0.49999999999975886,0.0,0.0,0.0,0.0,0.0,0.0,0.9999999999995177,0.49999999999975886
RipVIS-NR-026_01134.jpg,0.49999999999975886,0.0,0.0,0.0,0.0,0.0,0.0,0.9999999999995177,0.49999999999975886
RipVIS-NR-026_01140.jpg,0.49999999999975886,0.0,0.0,0.0,0.0,0.0,0.0,0.9999999999995177,0.49999999999975886
RipVIS-NR-026_01146.jpg,0.49999999999975886,0.0,0.0,0.0,0.0,0.0,0.0,0.9999999999995177,0.49999999999975886
RipVIS-NR-026_01152.jpg,0.49999999999975886,0.0,0.0,0.0,0.0,0.0,0.0,0.9999999999995177,0.49999999999975886
RipVIS-NR-026_01158.jpg,0.49999999999975886,0.0,0.0,0.0,0.0,0.0,0.0,0.9999999999995177,0.49999999999975886
RipVIS-NR-026_01164.jpg,0.49999999999975886,0.0,0.0,0.0,0.0,0.0,0.0,0.9999999999995177,0.49999999999975886
RipVIS-NR-026_01170.jpg,0.49999999999975886,0.0,0.0,0.0,0.0,0.0,0.0,0.9999999999995177,0.49999999999975886
RipVIS-NR-026_01176.jpg,0.49999999999975886,0.0,0.0,0.0,0.0,0.0,0.0,0.9999999999995177,0.49999999999975886
RipVIS-NR-026_01182.jpg,0.49999999999975886,0.0,0.0,0.0,0.0,0.0,0.0,0.9999999999995177,0.49999999999975886
RipVIS-NR-026_01188.jpg,0.49999999999975886,0.0,0.0,0.0,0.0,0.0,0.0,0.9999999999995177,0.49999999999975886
RipVIS-NR-026_01194.jpg,0.49999999999975886,0.0,0.0,0.0,0.0,0.0,0.0,0.9999999999995177,0.49999999999975886
RipVIS-NR-026_01200.jpg,0.49999999999975886,0.0,0.0,0.0,0.0,0.0,0.0,0.9999999999995177,0.49999999999975886
RipVIS-NR-026_01206.jpg,0.49999999999975886,0.0,0.0,0.0,0.0,0.0,0.0,0.9999999999995177,0.49999999999975886
RipVIS-NR-026_01212.jpg,0.49999999999975886,0.0,0.0,0.0,0.0,0.0,0.0,0.9999999999995177,0.49999999999975886
