val_image,nearest_train_image,dhash_dist,phash_dist,combined
RipDetSeg-n1wuzxgee4ox.jpg,RipDetSeg-craonzs9jmej.jpg,0,0,0
RipDetSeg-bwbq9dcrbyjn.jpg,RipDetSeg-18jh1mmmfeos.jpg,0,0,0
RipDetSeg-bwhe0cbvtg76.jpg,RipDetSeg-kuds7iom9sk0.jpg,0,0,0
RipDetSeg-bwhky28mffuu.jpg,RipDetSeg-nf8jdsjk2v45.jpg,0,0,0
RipDetSeg-bwm6hibb6hlw.jpg,RipDetSeg-5f7bwf90u19m.jpg,0,0,0
RipDetSeg-tbk1nf5ffj10.jpg,RipDetSeg-2q0n85lk6xxs.jpg,0,0,0
RipDetSeg-tbh5zav59odp.jpg,RipDetSeg-hskss1jo1yd1.jpg,0,0,0
RipDetSeg-nzy8d2esgam2.jpg,RipDetSeg-12j9xzvtgfxp.jpg,0,0,0
RipDetSeg-bz2au37tvz9w.jpg,RipDetSeg-37p8rs5k0st4.jpg,0,0,0
RipDetSeg-tasldrexlihv.jpg,RipDetSeg-ke4wf2j86id6.jpg,0,0,0
RipDetSeg-c0jnxls3zgyu.jpg,RipDetSeg-3i1zy833ipts.jpg,0,0,0
RipDetSeg-c0o8txbwhcds.jpg,RipDetSeg-471bnabl9wfi.jpg,0,0,0
RipDetSeg-taci93jpivvd.jpg,RipDetSeg-4x4l2s2afjr1.jpg,0,0,0
RipDetSeg-c1086pf2rh1l.jpg,RipDetSeg-1scseymyk40i.jpg,0,0,0
RipDetSeg-ta56bhl5yju6.jpg,RipDetSeg-ks0e5wn5d2w6.jpg,0,0,0
RipDetSeg-bzuvrtd9fou8.jpg,RipDetSeg-qdhszn71tj2b.jpg,0,0,0
RipDetSeg-buu588q0jbh5.jpg,RipDetSeg-8ht5gaq4igr6.jpg,0,0,0
RipDetSeg-kwa8197fegve.jpg,RipDetSeg-33nk6c2of2xx.jpg,0,0,0
RipDetSeg-nzmk3u03b4g4.jpg,RipDetSeg-0krbecl46py1.jpg,0,0,0
RipDetSeg-kxsxihlcihms.jpg,RipDetSeg-nrydrpa30kb8.jpg,0,0,0
RipDetSeg-boga8nmaupvt.jpg,RipDetSeg-tjygsrfbmgnh.jpg,0,0,0
RipDetSeg-thazamdsbju0.jpg,RipDetSeg-urq78li4ij4o.jpg,0,0,0
RipDetSeg-tgqjgfmj3mrf.jpg,RipDetSeg-crnorfaxa1ot.jpg,0,0,0
RipDetSeg-bos98mz4jo13.jpg,RipDetSeg-go6ms1s1jce5.jpg,0,0,0
RipDetSeg-box6ma1h8005.jpg,RipDetSeg-rgajq8a8ul32.jpg,0,0,0
RipDetSeg-boxnt6ihk14x.jpg,RipDetSeg-h4rb2yn66vnj.jpg,0,0,0
RipDetSeg-tg45yb11rufy.jpg,RipDetSeg-lcdrefj5sp2o.jpg,0,0,0
RipDetSeg-bqcovlvkw71q.jpg,RipDetSeg-f37yppfdnigt.jpg,0,0,0
RipDetSeg-tfpuo8zo2mx7.jpg,RipDetSeg-3jug3lggo1x1.jpg,0,0,0
RipDetSeg-kwns8tzew72y.jpg,RipDetSeg-xh6a7i19awi9.jpg,0,0,0
RipDetSeg-terkzuhv7an3.jpg,RipDetSeg-cx6w5nucskf5.jpg,0,0,0
RipDetSeg-bsayyjnwr0yy.jpg,RipDetSeg-4jko4kj0fkg9.jpg,0,0,0
RipDetSeg-bsik3tw6q3rx.jpg,RipDetSeg-3tngohsbnvpx.jpg,0,0,0
RipDetSeg-teg8qs5ksowb.jpg,RipDetSeg-0e88glyi46yi.jpg,0,0,0
RipDetSeg-o1mr8djnggp6.jpg,RipDetSeg-8w5quiikfdpc.jpg,0,0,0
RipDetSeg-bntdueir7qk5.jpg,RipDetSeg-iiwf5mdtps89.jpg,0,0,0
RipDetSeg-ktzruk5h1127.jpg,RipDetSeg-8h46y7zyfk6a.jpg,0,0,0
RipDetSeg-t8i4fq784r75.jpg,RipDetSeg-gbv4mjdnl1nk.jpg,0,0,0
RipDetSeg-t3wakv4ned3z.jpg,RipDetSeg-7npgs85w40gb.jpg,0,0,0
RipDetSeg-t3fign6mwa0p.jpg,RipDetSeg-ary5spi19cba.jpg,0,0,0
RipDetSeg-caf55cfz5mti.jpg,RipDetSeg-1eum56lqhl7w.jpg,0,0,0
RipDetSeg-t2rpn89o2vju.jpg,RipDetSeg-31tzm5dsz74i.jpg,0,0,0
RipDetSeg-t2ib6v83rgm2.jpg,RipDetSeg-ykii0dal5r4e.jpg,0,0,0
RipDetSeg-cc3f625t3li9.jpg,RipDetSeg-cdz1hsf0ox6r.jpg,0,0,0
RipDetSeg-t4cuhvc855x8.jpg,RipDetSeg-0qvdh9xn08jr.jpg,0,0,0
RipDetSeg-ccaq25hfv6rg.jpg,RipDetSeg-5jv6ggz4yzyx.jpg,0,0,0
RipDetSeg-ccujbi2m7ajp.jpg,RipDetSeg-0xk4rsilazck.jpg,0,0,0
RipDetSeg-ksgy8odc4oiz.jpg,RipDetSeg-kubyrzzifuxi.jpg,0,0,0
RipDetSeg-t0ubkt85rvxj.jpg,RipDetSeg-igy8ekkw7m7m.jpg,0,0,0
RipDetSeg-t0aeidwkam97.jpg,RipDetSeg-0mx78qbs0iwq.jpg,0,0,0
RipDetSeg-szwu35vdik92.jpg,RipDetSeg-hikk08ah5cby.jpg,0,0,0
RipDetSeg-szof1crr6li8.jpg,RipDetSeg-wowk3uyouwtv.jpg,0,0,0
RipDetSeg-t2cn6cto415k.jpg,RipDetSeg-84c953grmvr9.jpg,0,0,0
RipDetSeg-t4nh7dc98fub.jpg,RipDetSeg-20aee4p2iq8e.jpg,0,0,0
RipDetSeg-c79pjhm23lrv.jpg,RipDetSeg-9r1gvnfahddk.jpg,0,0,0
RipDetSeg-t538tqog3a9i.jpg,RipDetSeg-407kv9980pvt.jpg,0,0,0
RipDetSeg-o2fsrdmsm89n.jpg,RipDetSeg-0ims9uk0g3t2.jpg,0,0,0
RipDetSeg-t86hdkuwmw14.jpg,RipDetSeg-l2xnh7zqfc4f.jpg,0,0,0
RipDetSeg-t80pbdk9qvvu.jpg,RipDetSeg-9itsqji8lrvg.jpg,0,0,0
RipDetSeg-t7v0f4s79488.jpg,RipDetSeg-afvft5vhcdue.jpg,0,0,0
RipDetSeg-t7md1cw2b3jf.jpg,RipDetSeg-9w8pezz4efgk.jpg,0,0,0
RipDetSeg-c3slsbn2f5nk.jpg,RipDetSeg-36f9zzm4l0sr.jpg,0,0,0
RipDetSeg-t7ekmpfii0ra.jpg,RipDetSeg-7p7et576lpgl.jpg,0,0,0
RipDetSeg-t76lj3sodh8l.jpg,RipDetSeg-cteteocd2oho.jpg,0,0,0
RipDetSeg-ktm2hb15we5e.jpg,RipDetSeg-y433elemnkz1.jpg,0,0,0
RipDetSeg-t6kbqx67llt7.jpg,RipDetSeg-cb65naee7hso.jpg,0,0,0
RipDetSeg-ktfb3k25ad1y.jpg,RipDetSeg-a2f76l9fjan9.jpg,0,0,0
RipDetSeg-c6g7g99925iq.jpg,RipDetSeg-cfl6nikies2k.jpg,0,0,0
RipDetSeg-t5m2e73jcbuw.jpg,RipDetSeg-sg7ln61gf5no.jpg,0,0,0
RipDetSeg-t5ft70u3kmkb.jpg,RipDetSeg-8w5quiikfdpc.jpg,0,0,0
RipDetSeg-t58oqed1elfq.jpg,RipDetSeg-bu20vwqfbvi4.jpg,0,0,0
RipDetSeg-c264x3inhh5q.jpg,RipDetSeg-h0e69a65nz8o.jpg,0,0,0
RipDetSeg-cexdo0rcawce.jpg,RipDetSeg-5sizfz4r35t0.jpg,0,0,0
RipDetSeg-thsvd8gqa1te.jpg,RipDetSeg-bzclptl5aaql.jpg,0,0,0
RipDetSeg-bn97gh69v1h7.jpg,RipDetSeg-32aq1h1c3ksh.jpg,0,0,0
RipDetSeg-b73jl2bploxm.jpg,RipDetSeg-jdz0it6rtkjt.jpg,0,0,0
RipDetSeg-b78i07p99b2x.jpg,RipDetSeg-fijdidoa89gu.jpg,0,0,0
RipDetSeg-nxwydkrneryu.jpg,RipDetSeg-f618ww4ndift.jpg,0,0,0
RipDetSeg-b7z6vtwfqsnc.jpg,RipDetSeg-zyezp33s7i95.jpg,0,0,0
RipDetSeg-b8gtwf27bo1u.jpg,RipDetSeg-0inwaa1ytlze.jpg,0,0,0
RipDetSeg-b9iu3zur5wu4.jpg,RipDetSeg-pu4y4h4wez7f.jpg,0,0,0
RipDetSeg-b715y0plhlk3.jpg,RipDetSeg-sl4sk8rgbwo8.jpg,0,0,0
RipDetSeg-b9jseh72vqio.jpg,RipDetSeg-g8qdaw6zb2zg.jpg,0,0,0
RipDetSeg-tqq3ylqpmn1i.jpg,RipDetSeg-g17sn7bde28y.jpg,0,0,0
RipDetSeg-l27zdico53by.jpg,RipDetSeg-o9yp2w15x8d9.jpg,0,0,0
RipDetSeg-tq6ka0402fml.jpg,RipDetSeg-8qx17jvn6jo0.jpg,0,0,0
RipDetSeg-barqqhi872uh.jpg,RipDetSeg-31eu5fd5z3i3.jpg,0,0,0
RipDetSeg-tpz49q3c1nsr.jpg,RipDetSeg-17su9e0kc2ei.jpg,0,0,0
RipDetSeg-bblejmr5ok9v.jpg,RipDetSeg-imvkfmdevfbv.jpg,0,0,0
RipDetSeg-tqwlymcla4ll.jpg,RipDetSeg-53ru13a8b9iy.jpg,0,0,0
RipDetSeg-ts5o0119lieb.jpg,RipDetSeg-3k7pqi8ogcxm.jpg,0,0,0
RipDetSeg-b6zc83zw7g3k.jpg,RipDetSeg-urz5xq8x9jgz.jpg,0,0,0
RipDetSeg-b6jrwm9strqo.jpg,RipDetSeg-89yfvne6uuke.jpg,0,0,0
RipDetSeg-azukqm3sdfif.jpg,RipDetSeg-159pbq1x2bd9.jpg,0,0,0
RipDetSeg-b06xb8oni0zi.jpg,RipDetSeg-bjlnv3enj1nt.jpg,0,0,0
RipDetSeg-tw1brt1vmns2.jpg,RipDetSeg-4r747oj0pr1l.jpg,0,0,0
RipDetSeg-b11zsza21ksn.jpg,RipDetSeg-4rv9mkhv0krn.jpg,0,0,0
RipDetSeg-tv3psoqy1fb2.jpg,RipDetSeg-cteteocd2oho.jpg,0,0,0
RipDetSeg-l3tk0s6agd8c.jpg,RipDetSeg-91m981yofwsg.jpg,0,0,0
RipDetSeg-b38r8we5af1b.jpg,RipDetSeg-16tqgo7o3el0.jpg,0,0,0
RipDetSeg-nxeffdof744g.jpg,RipDetSeg-2qzi4w51sf7w.jpg,0,0,0
RipDetSeg-l3p2idj7q96p.jpg,RipDetSeg-vbici13xpcg3.jpg,0,0,0
RipDetSeg-l3lz5h1iziu6.jpg,RipDetSeg-52z42b8w86bs.jpg,0,0,0
RipDetSeg-l3dp8jg6lu8z.jpg,RipDetSeg-arw8rz6icdqw.jpg,0,0,0
RipDetSeg-b578ecrxa4r2.jpg,RipDetSeg-2c26tl8amda1.jpg,0,0,0
RipDetSeg-b5cqzmf2w1z1.jpg,RipDetSeg-knvl0vd0z2ik.jpg,0,0,0
RipDetSeg-b5iirj8hcb29.jpg,RipDetSeg-ht3a10guvpwh.jpg,0,0,0
RipDetSeg-b6ej0ns4125q.jpg,RipDetSeg-5i34azkrb6uf.jpg,0,0,0
RipDetSeg-tpr43sjnxam4.jpg,RipDetSeg-7lx6hf5qyvic.jpg,0,0,0
RipDetSeg-ti596qslz738.jpg,RipDetSeg-dsltpysof9iv.jpg,0,0,0
RipDetSeg-tpn6ty9rz0rf.jpg,RipDetSeg-0zjeaupb6up9.jpg,0,0,0
RipDetSeg-toou8zux0sm8.jpg,RipDetSeg-i03dbljyewwg.jpg,0,0,0
RipDetSeg-nzb77wzux2n1.jpg,RipDetSeg-0aicknj16cw3.jpg,0,0,0
RipDetSeg-bhsfagqvmzw0.jpg,RipDetSeg-3w6rqdqz4xti.jpg,0,0,0
RipDetSeg-tk6qjprvxhb8.jpg,RipDetSeg-igkrrlmeu55b.jpg,0,0,0
RipDetSeg-binwcwfpq46b.jpg,RipDetSeg-63w2p322dhut.jpg,0,0,0
RipDetSeg-tjvis8f5jnn5.jpg,RipDetSeg-k8e3jyeffsj8.jpg,0,0,0
RipDetSeg-bjdn3npe5g3z.jpg,RipDetSeg-itx34dnfyhk4.jpg,0,0,0
RipDetSeg-bhda1pn3g88c.jpg,RipDetSeg-5ks3slo77rx4.jpg,0,0,0
RipDetSeg-bkfy3jsl0ljw.jpg,RipDetSeg-c3lf0bigsvrr.jpg,0,0,0
RipDetSeg-bkovw2t0czcq.jpg,RipDetSeg-26j97ortosum.jpg,0,0,0
RipDetSeg-tiwg2sred3rr.jpg,RipDetSeg-hztwbwuoyoqo.jpg,0,0,0
RipDetSeg-blbhvwmqs11e.jpg,RipDetSeg-pwggmjmcq3rp.jpg,0,0,0
RipDetSeg-tipnq0shv6b2.jpg,RipDetSeg-aodrezx8s2yx.jpg,0,0,0
RipDetSeg-tiem1fnjn78x.jpg,RipDetSeg-08907gpj8gdj.jpg,0,0,0
RipDetSeg-bmqj7etjdmd2.jpg,RipDetSeg-007tzvyx9ojc.jpg,0,0,0
RipDetSeg-bkfz9b37gi5k.jpg,RipDetSeg-gfrnjmfgvc2l.jpg,0,0,0
RipDetSeg-kzddsnpoek8o.jpg,RipDetSeg-0fk6dib0apoh.jpg,0,0,0
RipDetSeg-bha91c03m8tu.jpg,RipDetSeg-1k7sgpjgdvn0.jpg,0,0,0
RipDetSeg-bgr4ijsk9zda.jpg,RipDetSeg-f9zvya6d018v.jpg,0,0,0
RipDetSeg-bd82ib5ef8ze.jpg,RipDetSeg-ms3tsl0eylfy.jpg,0,0,0
RipDetSeg-bd8iu1hk7fzd.jpg,RipDetSeg-0z9l1uih8b73.jpg,0,0,0
RipDetSeg-bd9lswj4q063.jpg,RipDetSeg-z42zam5pt3zu.jpg,0,0,0
RipDetSeg-tokg9akyzosn.jpg,RipDetSeg-95u12l6uk0br.jpg,0,0,0
RipDetSeg-bdcq86auv4i8.jpg,RipDetSeg-8ptbqn2swpjg.jpg,0,0,0
RipDetSeg-bdf1qqelruh2.jpg,RipDetSeg-b5axdlxicun5.jpg,0,0,0
RipDetSeg-nyhy5j773x8h.jpg,RipDetSeg-1tp8y74vv2ij.jpg,0,0,0
RipDetSeg-tof50754zvpn.jpg,RipDetSeg-6jw9nqdldz4t.jpg,0,0,0
RipDetSeg-to6nsle936sl.jpg,RipDetSeg-eb50wh4t7i78.jpg,0,0,0
RipDetSeg-bdrdzloh5rr3.jpg,RipDetSeg-h000jange7km.jpg,0,0,0
RipDetSeg-to1wkn9ge4n9.jpg,RipDetSeg-7twlc06oo2vq.jpg,0,0,0
RipDetSeg-betmqf1w80ga.jpg,RipDetSeg-ykii0dal5r4e.jpg,0,0,0
RipDetSeg-bf1xfb35o03v.jpg,RipDetSeg-vzlvqclqsekc.jpg,0,0,0
RipDetSeg-tmpps3xp3iwu.jpg,RipDetSeg-2sppzykrfiqz.jpg,0,0,0
RipDetSeg-bgc9heauorua.jpg,RipDetSeg-38qcjbdj08r5.jpg,0,0,0
RipDetSeg-tow57kf7ta25.jpg,RipDetSeg-y2tkzt9l6shs.jpg,0,0,0
RipDetSeg-twfa9lvqawpa.jpg,RipDetSeg-859eh5n0f2q7.jpg,0,0,0
RipDetSeg-o3f1jqzoqhsm.jpg,RipDetSeg-1s78iw370cr3.jpg,0,0,0
RipDetSeg-szcqf3cwe67l.jpg,RipDetSeg-407kv9980pvt.jpg,0,0,0
RipDetSeg-dcjgkib23ppq.jpg,RipDetSeg-edfa0jn0offq.jpg,0,0,0
RipDetSeg-sdhftft6nwtq.jpg,RipDetSeg-30mcgovy8oy7.jpg,0,0,0
RipDetSeg-o63okaojupm3.jpg,RipDetSeg-791zn5yf1nfk.jpg,0,0,0
RipDetSeg-deexdz1s4xnm.jpg,RipDetSeg-cyucf2a3bd0v.jpg,0,0,0
RipDetSeg-sddwazzxfwok.jpg,RipDetSeg-4zsskpnpca0t.jpg,0,0,0
RipDetSeg-o6a4zineko10.jpg,RipDetSeg-8g0uqbnm31km.jpg,0,0,0
RipDetSeg-dc8n4x5kgvby.jpg,RipDetSeg-1ixt7irnlppe.jpg,0,0,0
RipDetSeg-dfkgiwhwv7b9.jpg,RipDetSeg-9e0tzh2aa5f6.jpg,0,0,0
RipDetSeg-dg6lix6vjrfj.jpg,RipDetSeg-crnorfaxa1ot.jpg,0,0,0
RipDetSeg-dgk6cvx2vedw.jpg,RipDetSeg-g4zznegst6fg.jpg,0,0,0
RipDetSeg-kmwm7pz5b43t.jpg,RipDetSeg-44uznsz643mo.jpg,0,0,0
RipDetSeg-dh5zkh2qr1tc.jpg,RipDetSeg-98zalxbb1658.jpg,0,0,0
RipDetSeg-sctzuy191xtt.jpg,RipDetSeg-f37yppfdnigt.jpg,0,0,0
RipDetSeg-dhha8u51lv4q.jpg,RipDetSeg-sva35sf49s3a.jpg,0,0,0
RipDetSeg-dfoavrtfbr2i.jpg,RipDetSeg-16y3eo6hoe2b.jpg,0,0,0
RipDetSeg-sf0eu4kx3w36.jpg,RipDetSeg-36c7lmlbu1dl.jpg,0,0,0
RipDetSeg-dc2syp9h77xq.jpg,RipDetSeg-4rkkreze53yf.jpg,0,0,0
RipDetSeg-dbydthwemais.jpg,RipDetSeg-ie8e865qw4cq.jpg,0,0,0
RipDetSeg-sj4jw8u9cq7e.jpg,RipDetSeg-6wl4vfbmshil.jpg,0,0,0
RipDetSeg-d6yjcodyy0jr.jpg,RipDetSeg-5hiec456x7do.jpg,0,0,0
RipDetSeg-d7hcyh6zus6u.jpg,RipDetSeg-izu7tfwengwx.jpg,0,0,0
RipDetSeg-d7np9gk9593l.jpg,RipDetSeg-5z07kym54d1u.jpg,0,0,0
RipDetSeg-d8j9gvmzt57a.jpg,RipDetSeg-svs5lbnjn0g0.jpg,0,0,0
RipDetSeg-sib9m714qemk.jpg,RipDetSeg-sgv3swml0fe3.jpg,0,0,0
RipDetSeg-o5yezhi8dgnw.jpg,RipDetSeg-2zejfa35wb96.jpg,0,0,0
RipDetSeg-d9sr6wjl2cy9.jpg,RipDetSeg-uiibr2es1f9d.jpg,0,0,0
RipDetSeg-shm79to841dj.jpg,RipDetSeg-09dv4ubadim3.jpg,0,0,0
RipDetSeg-shfq4a78ispj.jpg,RipDetSeg-0ibqjynxjgn7.jpg,0,0,0
RipDetSeg-dalegp6y4h95.jpg,RipDetSeg-0cuosx0jdogg.jpg,0,0,0
RipDetSeg-sglljakk721q.jpg,RipDetSeg-2jtjw8oni9ot.jpg,0,0,0
RipDetSeg-o62fnx7yy7yx.jpg,RipDetSeg-7jmklzuv46hq.jpg,0,0,0
RipDetSeg-sfu36vyo44f6.jpg,RipDetSeg-0vs0uxvtdppa.jpg,0,0,0
RipDetSeg-dbva02n76573.jpg,RipDetSeg-uv14ettpgh17.jpg,0,0,0
RipDetSeg-dhqvrxqp9y8b.jpg,RipDetSeg-xe12r409t0xb.jpg,0,0,0
RipDetSeg-d6lq4pgklh0h.jpg,RipDetSeg-n8hg0rvtv109.jpg,0,0,0
RipDetSeg-sclkqdr1j5t0.jpg,RipDetSeg-an5wwj5ko2n1.jpg,0,0,0
RipDetSeg-scigsfv2flh6.jpg,RipDetSeg-7l1aeyrfhehb.jpg,0,0,0
RipDetSeg-o6t0bgrk5u51.jpg,RipDetSeg-05kk7dl0e18h.jpg,0,0,0
RipDetSeg-dpstbf1dkj4j.jpg,RipDetSeg-0zqqga03qq2s.jpg,0,0,0
RipDetSeg-s8echs4093ud.jpg,RipDetSeg-1dvmxmcr35vq.jpg,0,0,0
RipDetSeg-s8c517v4ork1.jpg,RipDetSeg-rxw999fx02kv.jpg,0,0,0
RipDetSeg-s7m6e1s687qk.jpg,RipDetSeg-8c0evsxgacql.jpg,0,0,0
RipDetSeg-o6w95tynshii.jpg,RipDetSeg-8fx1dqq9dn9o.jpg,0,0,0
RipDetSeg-dpbj7tfh6np9.jpg,RipDetSeg-64apq2rim9w6.jpg,0,0,0
RipDetSeg-s7efxnpmlhss.jpg,RipDetSeg-3tqvdv15l5el.jpg,0,0,0
RipDetSeg-dr6cwi652jvw.jpg,RipDetSeg-43gdsc1jg49a.jpg,0,0,0
RipDetSeg-driu4g8o18r0.jpg,RipDetSeg-6zffq8t3rb0e.jpg,0,0,0
RipDetSeg-s769ymwo39zj.jpg,RipDetSeg-46rtaaf2egk5.jpg,0,0,0
RipDetSeg-s71iaayikanr.jpg,RipDetSeg-1o9mhhhmfnc1.jpg,0,0,0
RipDetSeg-dshwijs1epln.jpg,RipDetSeg-6xua05vu3uyw.jpg,0,0,0
RipDetSeg-dsp2eer74v1y.jpg,RipDetSeg-86afs8wdh0vl.jpg,0,0,0
RipDetSeg-dqszj7z2qxkp.jpg,RipDetSeg-6o7atlum0vzk.jpg,0,0,0
RipDetSeg-klkb4rc7tur5.jpg,RipDetSeg-0bzodf0w1rhn.jpg,0,0,0
RipDetSeg-s8x4som7z29v.jpg,RipDetSeg-v45qrkf2p9a8.jpg,0,0,0
RipDetSeg-dn5x0f3rskb4.jpg,RipDetSeg-oftz9bci9k7g.jpg,0,0,0
RipDetSeg-kluu8a5nhttf.jpg,RipDetSeg-3hvajpgkkpr2.jpg,0,0,0
RipDetSeg-sc7cdvdc92tz.jpg,RipDetSeg-ajrd50fha8cl.jpg,0,0,0
RipDetSeg-sbmzvcrmr42z.jpg,RipDetSeg-g6n5xy9o5za6.jpg,0,0,0
RipDetSeg-djz8bl0k1jw2.jpg,RipDetSeg-4nj48q0v57cu.jpg,0,0,0
RipDetSeg-dkcnjmg9ym1c.jpg,RipDetSeg-6udv1epc38tw.jpg,0,0,0
RipDetSeg-sb9ttk956wso.jpg,RipDetSeg-dqts7wsgygir.jpg,0,0,0
RipDetSeg-dkificvh93is.jpg,RipDetSeg-0wq7aklodjo2.jpg,0,0,0
RipDetSeg-dkmshfp3a63a.jpg,RipDetSeg-lj9se21orvy4.jpg,0,0,0
RipDetSeg-saw3kfo0893r.jpg,RipDetSeg-50mtu0425ghx.jpg,0,0,0
RipDetSeg-dkqexithcdvf.jpg,RipDetSeg-d92sdwk5oro8.jpg,0,0,0
RipDetSeg-sajzsst5ufys.jpg,RipDetSeg-wm5wg8jlejh3.jpg,0,0,0
RipDetSeg-dlpwg53uig6i.jpg,RipDetSeg-82r08ajsoeeb.jpg,0,0,0
RipDetSeg-sa8g1xjqufq1.jpg,RipDetSeg-5z07kym54d1u.jpg,0,0,0
RipDetSeg-s9lw7d1pp57k.jpg,RipDetSeg-bqp1a6jjt163.jpg,0,0,0
RipDetSeg-dmzbyo8u8dj0.jpg,RipDetSeg-s3rmzcjkn0tm.jpg,0,0,0
RipDetSeg-dhyduz8pai1s.jpg,RipDetSeg-i9yczzog4c4s.jpg,0,0,0
RipDetSeg-o3k6mro5g3no.jpg,RipDetSeg-89cxutc30gvc.jpg,0,0,0
RipDetSeg-d5r41l0d0pyz.jpg,RipDetSeg-h7nyb1kv6n9p.jpg,0,0,0
RipDetSeg-d3yjrriibw0k.jpg,RipDetSeg-3cm88fcatso9.jpg,0,0,0
RipDetSeg-cmoacds2xio0.jpg,RipDetSeg-7o35e0ad5ri4.jpg,0,0,0
RipDetSeg-cmt56oeyf3fk.jpg,RipDetSeg-2jrlfbfm564l.jpg,0,0,0
RipDetSeg-cmyswsy0qapr.jpg,RipDetSeg-2zzcbt5qu0nb.jpg,0,0,0
RipDetSeg-o3mspqbllz95.jpg,RipDetSeg-ln4q7acn6oh4.jpg,0,0,0
RipDetSeg-co0e6aabjrdy.jpg,RipDetSeg-4vn3jaixk6lq.jpg,0,0,0
RipDetSeg-stvl0n45k55w.jpg,RipDetSeg-o4flmladgtgk.jpg,0,0,0
RipDetSeg-cm5rz4330me7.jpg,RipDetSeg-96n1tsjqpy7x.jpg,0,0,0
RipDetSeg-stluh2bp4ua0.jpg,RipDetSeg-crnorfaxa1ot.jpg,0,0,0
RipDetSeg-cq4f97h55rwb.jpg,RipDetSeg-1s0z3ixpz2q8.jpg,0,0,0
RipDetSeg-cqcooto8jxc6.jpg,RipDetSeg-z34hugjf78l5.jpg,0,0,0
RipDetSeg-cqli3cgwog54.jpg,RipDetSeg-2ujxtas4rgex.jpg,0,0,0
RipDetSeg-cqqobsnamdm2.jpg,RipDetSeg-3mr6441lp8ui.jpg,0,0,0
RipDetSeg-st4yamaga24o.jpg,RipDetSeg-3v14jhbebbcw.jpg,0,0,0
RipDetSeg-cr79fnodwk3p.jpg,RipDetSeg-fht8c2igwbid.jpg,0,0,0
RipDetSeg-kpuhvbrv9qo7.jpg,RipDetSeg-ehy6kayn0ro6.jpg,0,0,0
RipDetSeg-kqom25gstn04.jpg,RipDetSeg-6gefdnmomilg.jpg,0,0,0
RipDetSeg-clfyxdd3m3h1.jpg,RipDetSeg-ke7hkclsg87j.jpg,0,0,0
RipDetSeg-kr6jrvyx383n.jpg,RipDetSeg-b4tfk9wakswe.jpg,0,0,0
RipDetSeg-szafjg24g97g.jpg,RipDetSeg-vsd913ioky1a.jpg,0,0,0
RipDetSeg-sya0qn3fgnbg.jpg,RipDetSeg-e7vcsjelquwg.jpg,0,0,0
RipDetSeg-sxu9iwejy738.jpg,RipDetSeg-e7sqganebdeo.jpg,0,0,0
RipDetSeg-cgjho63ncs3x.jpg,RipDetSeg-nwfycydl878o.jpg,0,0,0
RipDetSeg-cgwu5wzvsz3u.jpg,RipDetSeg-dd8csjwe9dfr.jpg,0,0,0
RipDetSeg-ch9isb3ep19d.jpg,RipDetSeg-2gui4qwe104s.jpg,0,0,0
RipDetSeg-cht6rj9gri07.jpg,RipDetSeg-zcnbqijjrip0.jpg,0,0,0
RipDetSeg-cie5yzfrdwhk.jpg,RipDetSeg-03l8b6ow5quy.jpg,0,0,0
RipDetSeg-cizqf2557bhl.jpg,RipDetSeg-39w1nvsqvosy.jpg,0,0,0
RipDetSeg-cj8i16mpljpe.jpg,RipDetSeg-83h08oe0vd1h.jpg,0,0,0
RipDetSeg-cjug4en8k1gc.jpg,RipDetSeg-ejkat10ut9g1.jpg,0,0,0
RipDetSeg-cjxv2ftp4cm1.jpg,RipDetSeg-dc2zu5d3sppl.jpg,0,0,0
RipDetSeg-sw291p1xiax2.jpg,RipDetSeg-2bntg4qgwnl3.jpg,0,0,0
RipDetSeg-ck93zm9hwz32.jpg,RipDetSeg-tvxxqo88tpbe.jpg,0,0,0
RipDetSeg-kr83ygfyvc3u.jpg,RipDetSeg-5hrhnl7ax8pk.jpg,0,0,0
RipDetSeg-ssr0tch9mtll.jpg,RipDetSeg-u0h5dumwzeyn.jpg,0,0,0
RipDetSeg-d5a1rq4h58l8.jpg,RipDetSeg-fiuayy5ezvok.jpg,0,0,0
RipDetSeg-srjj2upt6f2a.jpg,RipDetSeg-iw8lbi7s2b21.jpg,0,0,0
RipDetSeg-sr88v259phbg.jpg,RipDetSeg-ftf77w9bi0tv.jpg,0,0,0
RipDetSeg-soi1owa7pnt5.jpg,RipDetSeg-6n1b8nx706x3.jpg,0,0,0
RipDetSeg-soddq8vkjnr8.jpg,RipDetSeg-dgvpi54gr197.jpg,0,0,0
RipDetSeg-d0mw0n8zhks1.jpg,RipDetSeg-59owx3uyzxep.jpg,0,0,0
RipDetSeg-d0n66dqqvibd.jpg,RipDetSeg-jg06x0u9hcg8.jpg,0,0,0
RipDetSeg-o586uthhxi62.jpg,RipDetSeg-m4fkh5a5rdqv.jpg,0,0,0
RipDetSeg-o5es89svmlg0.jpg,RipDetSeg-3w6rqdqz4xti.jpg,0,0,0
RipDetSeg-czz3iu350gjx.jpg,RipDetSeg-2qfv7dqlb5ry.jpg,0,0,0
RipDetSeg-smmzmywbrg80.jpg,RipDetSeg-6ujm8ughtgco.jpg,0,0,0
RipDetSeg-sm83sq93tvvz.jpg,RipDetSeg-2z8zwwh70hn3.jpg,0,0,0
RipDetSeg-slot6nw00b2p.jpg,RipDetSeg-lcucvfp724nz.jpg,0,0,0
RipDetSeg-slko31wnha9u.jpg,RipDetSeg-h22k1zhdskfv.jpg,0,0,0
RipDetSeg-d2laxwzqzr8l.jpg,RipDetSeg-cwoumk3dml8y.jpg,0,0,0
RipDetSeg-skl3iebjshl3.jpg,RipDetSeg-l6tyhq64hmel.jpg,0,0,0
RipDetSeg-d3xotfjt489g.jpg,RipDetSeg-0txc67u0gvd4.jpg,0,0,0
RipDetSeg-d1osg6k86213.jpg,RipDetSeg-vibdef7vgt8e.jpg,0,0,0
RipDetSeg-soier4v9s0l9.jpg,RipDetSeg-b1wudfqx0jzp.jpg,0,0,0
RipDetSeg-spgajjctf5vn.jpg,RipDetSeg-ejia0qcsez5m.jpg,0,0,0
RipDetSeg-spt6lkhkatgl.jpg,RipDetSeg-7lmwewnej8na.jpg,0,0,0
RipDetSeg-o3vmpex29zq3.jpg,RipDetSeg-prdse51dapea.jpg,0,0,0
RipDetSeg-sqyzth5fg96x.jpg,RipDetSeg-hed7wlh80zpq.jpg,0,0,0
RipDetSeg-cskls67hszhh.jpg,RipDetSeg-dwb3i539i41c.jpg,0,0,0
RipDetSeg-ctdhqaap6kcl.jpg,RipDetSeg-s3h24m40afdq.jpg,0,0,0
RipDetSeg-ctrfjw2vyi75.jpg,RipDetSeg-3pomjv75phzp.jpg,0,0,0
RipDetSeg-ctsfz1ainc9d.jpg,RipDetSeg-9q2cbnxn3me3.jpg,0,0,0
RipDetSeg-cu3ncn8fqlvr.jpg,RipDetSeg-495bbjwrlcjg.jpg,0,0,0
RipDetSeg-sqyafufyf2da.jpg,RipDetSeg-bbhhhlfqmrsp.jpg,0,0,0
RipDetSeg-o3zo0rew06nf.jpg,RipDetSeg-12tgkns2eggn.jpg,0,0,0
RipDetSeg-cv3dg52qqrj1.jpg,RipDetSeg-32xp8u4m60er.jpg,0,0,0
RipDetSeg-sqsiyuineteg.jpg,RipDetSeg-suq89ee5x6kp.jpg,0,0,0
RipDetSeg-cvezr2m8d37u.jpg,RipDetSeg-9lep8beoyfyn.jpg,0,0,0
RipDetSeg-cvxmr9uh6w95.jpg,RipDetSeg-98eqccr5eyox.jpg,0,0,0
RipDetSeg-cz0tak8fvx8j.jpg,RipDetSeg-bkqvd5gccrwj.jpg,0,0,0
RipDetSeg-kons4bsadqxm.jpg,RipDetSeg-9f3lrfadmjdx.jpg,0,0,0
RipDetSeg-crt7ui98q8rf.jpg,RipDetSeg-q8qm5diqh0lx.jpg,0,0,0
RipDetSeg-s5tc486oeo6g.jpg,RipDetSeg-4i9rw100p0za.jpg,0,0,0
RipDetSeg-ayw936weysy4.jpg,RipDetSeg-6izkg04fja51.jpg,0,0,0
RipDetSeg-l4prw5hurm1x.jpg,RipDetSeg-f6pqp8jlnqqs.jpg,0,0,0
RipDetSeg-v50dzhwduiad.jpg,RipDetSeg-4swso6hg8qbu.jpg,0,0,0
RipDetSeg-928ysae093qg.jpg,RipDetSeg-0j4zrn1yjb0n.jpg,0,0,0
RipDetSeg-nsqiv2vii5uy.jpg,RipDetSeg-dh85219p0xt7.jpg,0,0,0
RipDetSeg-nstmzq2xv5wz.jpg,RipDetSeg-v6dcn3prnxy0.jpg,0,0,0
RipDetSeg-93aek9h3xhib.jpg,RipDetSeg-xo8buq7428qq.jpg,0,0,0
RipDetSeg-93k781et3hr4.jpg,RipDetSeg-5c019exryj0b.jpg,0,0,0
RipDetSeg-91fe7z694fms.jpg,RipDetSeg-6cs5dos8fe90.jpg,0,0,0
RipDetSeg-lfiha4eftz95.jpg,RipDetSeg-159pbq1x2bd9.jpg,0,0,0
RipDetSeg-93ogbql0bau6.jpg,RipDetSeg-1zerb80f3mub.jpg,0,0,0
RipDetSeg-94ltdbrfmz0q.jpg,RipDetSeg-7gx6im41az4u.jpg,0,0,0
RipDetSeg-957xfpyeksyf.jpg,RipDetSeg-dj6nrcat7u3n.jpg,0,0,0
RipDetSeg-95l2t7s0sfl5.jpg,RipDetSeg-qgz0r5ode3ee.jpg,0,0,0
RipDetSeg-v2unc6pxrac9.jpg,RipDetSeg-j6k6f4er3a76.jpg,0,0,0
RipDetSeg-v2la47xokuv3.jpg,RipDetSeg-0a3kal20vq3s.jpg,0,0,0
RipDetSeg-lf3c7nwb3lwq.jpg,RipDetSeg-gciiezazck5d.jpg,0,0,0
RipDetSeg-914adi3ejhnr.jpg,RipDetSeg-baxh1gbxfcug.jpg,0,0,0
RipDetSeg-90xtynx71vt4.jpg,RipDetSeg-fbp82ypv2769.jpg,0,0,0
RipDetSeg-90djjoezl19c.jpg,RipDetSeg-oem517h2mynf.jpg,0,0,0
RipDetSeg-8ukqgx4o5wcu.jpg,RipDetSeg-knnffjowea28.jpg,0,0,0
RipDetSeg-8v3zxu61dbfm.jpg,RipDetSeg-4fsh7pt2eemd.jpg,0,0,0
RipDetSeg-v6dpr8ni3rek.jpg,RipDetSeg-bovqq17owxmr.jpg,0,0,0
RipDetSeg-8vhalxhqewzd.jpg,RipDetSeg-7y9tkxzkwfer.jpg,0,0,0
RipDetSeg-8w7l5vorrst2.jpg,RipDetSeg-27r0yeoze0gt.jpg,0,0,0
RipDetSeg-v65w8cq3wdr6.jpg,RipDetSeg-b8l09dm5x3al.jpg,0,0,0
RipDetSeg-v5maidbwhubw.jpg,RipDetSeg-32qurja26vzi.jpg,0,0,0
RipDetSeg-8yffhyivbpxr.jpg,RipDetSeg-5xrqdl7dhqoi.jpg,0,0,0
RipDetSeg-8z00c7r9u0v3.jpg,RipDetSeg-681z18cwsv46.jpg,0,0,0
RipDetSeg-v5auv0xoo8oa.jpg,RipDetSeg-6osjx04bl7lf.jpg,0,0,0
RipDetSeg-8zhgk2logzm6.jpg,RipDetSeg-cpbkfbojqhpq.jpg,0,0,0
RipDetSeg-8zt7i198vybn.jpg,RipDetSeg-73dstmfu19nk.jpg,0,0,0
RipDetSeg-90663tf3wmb1.jpg,RipDetSeg-a8ajhs4e8u0z.jpg,0,0,0
RipDetSeg-909w3eut29hv.jpg,RipDetSeg-0quupoeqzgkv.jpg,0,0,0
RipDetSeg-90chs18amzzc.jpg,RipDetSeg-xq5lexgu7hun.jpg,0,0,0
RipDetSeg-96di3jnviz03.jpg,RipDetSeg-j66z5jiwslaw.jpg,0,0,0
RipDetSeg-v6ql8avy84e1.jpg,RipDetSeg-5bae4axip9g2.jpg,0,0,0
RipDetSeg-96fmeh6nf1ko.jpg,RipDetSeg-zhe7cgfj309n.jpg,0,0,0
RipDetSeg-98cjr771bhpg.jpg,RipDetSeg-08thptwdqin0.jpg,0,0,0
RipDetSeg-nu4edyz244dn.jpg,RipDetSeg-6qrph5ldueyj.jpg,0,0,0
RipDetSeg-9iin946vixxt.jpg,RipDetSeg-9ijgk05uecoi.jpg,0,0,0
RipDetSeg-9it3p7lmtaqo.jpg,RipDetSeg-0qvdh9xn08jr.jpg,0,0,0
RipDetSeg-9it6h5s0unns.jpg,RipDetSeg-1dvbp28ysf8r.jpg,0,0,0
RipDetSeg-lc55p6xzxec6.jpg,RipDetSeg-90yfkd9wgmqx.jpg,0,0,0
RipDetSeg-lbyo774b569i.jpg,RipDetSeg-izyqdujiyjpw.jpg,0,0,0
RipDetSeg-9hamg852vahm.jpg,RipDetSeg-09elp8ebu7gs.jpg,0,0,0
RipDetSeg-9kapvppbrf1r.jpg,RipDetSeg-arw8rz6icdqw.jpg,0,0,0
RipDetSeg-nur1sd7enow2.jpg,RipDetSeg-2qzi4w51sf7w.jpg,0,0,0
RipDetSeg-nusghb3u5xnz.jpg,RipDetSeg-eibghoepwmut.jpg,0,0,0
RipDetSeg-uvhsmqbdzqjf.jpg,RipDetSeg-7eudlcc0ygsj.jpg,0,0,0
RipDetSeg-9lzobg8sxozw.jpg,RipDetSeg-05ymlbocgqhk.jpg,0,0,0
RipDetSeg-9m5j5l03ikk1.jpg,RipDetSeg-t3lrzm92yk6t.jpg,0,0,0
RipDetSeg-9n01t3dgp0j2.jpg,RipDetSeg-3o729n2ambg5.jpg,0,0,0
RipDetSeg-nuj3q945wf5e.jpg,RipDetSeg-bu20vwqfbvi4.jpg,0,0,0
RipDetSeg-nty9i7hcn6zj.jpg,RipDetSeg-mfm3t9ngsphd.jpg,0,0,0
RipDetSeg-le62auvgwcjs.jpg,RipDetSeg-0ruhfuunis7y.jpg,0,0,0
RipDetSeg-le98vdtzs2rl.jpg,RipDetSeg-azo8zzs4zuyv.jpg,0,0,0
RipDetSeg-98mfucauo3r8.jpg,RipDetSeg-0kaoou794l3k.jpg,0,0,0
RipDetSeg-lf3b9ei86ojs.jpg,RipDetSeg-aip15snjrd00.jpg,0,0,0
RipDetSeg-lf0rduzxo82b.jpg,RipDetSeg-vhlt8uy9gxou.jpg,0,0,0
RipDetSeg-99cyxv0p0zjm.jpg,RipDetSeg-14jl4el2rlz1.jpg,0,0,0
RipDetSeg-99u1nxzyi8yz.jpg,RipDetSeg-0st7mgdirws3.jpg,0,0,0
RipDetSeg-9amg2w7woke6.jpg,RipDetSeg-zmgifj15h5i7.jpg,0,0,0
RipDetSeg-9aw0wewiy9hm.jpg,RipDetSeg-3ohuqa71lobm.jpg,0,0,0
RipDetSeg-9b6wksjt0iog.jpg,RipDetSeg-ajkr2vj25je6.jpg,0,0,0
RipDetSeg-nszm5v4p2vlj.jpg,RipDetSeg-0sx1nlh03imt.jpg,0,0,0
RipDetSeg-9bv5nvc7st86.jpg,RipDetSeg-17su9e0kc2ei.jpg,0,0,0
RipDetSeg-9ccmrw1blqii.jpg,RipDetSeg-2s7vrhgu5yxf.jpg,0,0,0
RipDetSeg-9eopvsb5uxdf.jpg,RipDetSeg-2y2i44tybvuc.jpg,0,0,0
RipDetSeg-9eymhq4w4mo9.jpg,RipDetSeg-28xl707uakcr.jpg,0,0,0
RipDetSeg-9fl7h296ur4w.jpg,RipDetSeg-0g9zpbbht2nr.jpg,0,0,0
RipDetSeg-lecoidjgpom2.jpg,RipDetSeg-27w48pbmfukb.jpg,0,0,0
RipDetSeg-97810u3gpejf.jpg,RipDetSeg-g1k2hcufwx5h.jpg,0,0,0
RipDetSeg-las40or050v8.jpg,RipDetSeg-b0jiij2e8605.jpg,0,0,0
RipDetSeg-8uavrrc7g64x.jpg,RipDetSeg-1czrw2aldhf7.jpg,0,0,0
RipDetSeg-8twp7m6ecmdq.jpg,RipDetSeg-crnorfaxa1ot.jpg,0,0,0
RipDetSeg-87v4n9vzi6wl.jpg,RipDetSeg-bmzu6yo6v9n2.jpg,0,0,0
RipDetSeg-89rv9lqeire5.jpg,RipDetSeg-wbcsunbvnjf2.jpg,0,0,0
RipDetSeg-vfk3f6yamrpp.jpg,RipDetSeg-7gkdjor9i342.jpg,0,0,0
RipDetSeg-8aaxnorkuho4.jpg,RipDetSeg-iagu1gwkk07b.jpg,0,0,0
RipDetSeg-8ai105sd0nh9.jpg,RipDetSeg-0f0x2mt0vu0d.jpg,0,0,0
RipDetSeg-8b2auge5586e.jpg,RipDetSeg-27r0yeoze0gt.jpg,0,0,0
RipDetSeg-vg1u6ycnqey4.jpg,RipDetSeg-dzuasaavgyc0.jpg,0,0,0
RipDetSeg-8ckluw81ivrv.jpg,RipDetSeg-1p4qwvhuzg4g.jpg,0,0,0
RipDetSeg-ved4jm3g7qjc.jpg,RipDetSeg-20mvwp44u696.jpg,0,0,0
RipDetSeg-lkbryj3rrcw8.jpg,RipDetSeg-12uhvripwzpn.jpg,0,0,0
RipDetSeg-nrh5x19zu6pw.jpg,RipDetSeg-0lzq9gces69b.jpg,0,0,0
RipDetSeg-ve1uhkect2hk.jpg,RipDetSeg-4pngmrkztx2p.jpg,0,0,0
RipDetSeg-vddnqvnhl5yy.jpg,RipDetSeg-jhfz583ucvy7.jpg,0,0,0
RipDetSeg-8fvxhn2w2hdx.jpg,RipDetSeg-025xi9ax1wnf.jpg,0,0,0
RipDetSeg-8clyd2hwluh2.jpg,RipDetSeg-0ukdsrvi9vwo.jpg,0,0,0
RipDetSeg-vg3c7u0qmgjf.jpg,RipDetSeg-380ozblk7chk.jpg,0,0,0
RipDetSeg-vg51aq3xphrv.jpg,RipDetSeg-ej9lsx2sb0mp.jpg,0,0,0
RipDetSeg-8768ml9bztb0.jpg,RipDetSeg-v7es1hyp5dr9.jpg,0,0,0
RipDetSeg-vjryzl1tq2u6.jpg,RipDetSeg-cteteocd2oho.jpg,0,0,0
RipDetSeg-83vefjfhxxp6.jpg,RipDetSeg-4e4hegu0c7wg.jpg,0,0,0
RipDetSeg-84e4lvgd49wv.jpg,RipDetSeg-phsvwmfcn6qs.jpg,0,0,0
RipDetSeg-84tu62a2szdj.jpg,RipDetSeg-cdp4v4znxhcb.jpg,0,0,0
RipDetSeg-vj3m5iwnkw5a.jpg,RipDetSeg-ihyo3xd1rv6o.jpg,0,0,0
RipDetSeg-855edzhmvsyz.jpg,RipDetSeg-45qp74kcgezg.jpg,0,0,0
RipDetSeg-8565m55smi2n.jpg,RipDetSeg-a5n14rfhg25t.jpg,0,0,0
RipDetSeg-85nsin28sahz.jpg,RipDetSeg-8vur43gus48x.jpg,0,0,0
RipDetSeg-85o0ux5f2r31.jpg,RipDetSeg-bj04zj5adn7h.jpg,0,0,0
RipDetSeg-lkrws2jarkzk.jpg,RipDetSeg-raillglps8xe.jpg,0,0,0
RipDetSeg-vi65etr0vfwa.jpg,RipDetSeg-1227sd11h4mm.jpg,0,0,0
RipDetSeg-vi4acad6a5mv.jpg,RipDetSeg-06jbwcjhorr1.jpg,0,0,0
RipDetSeg-86ln3zptczik.jpg,RipDetSeg-kxc0ru53i677.jpg,0,0,0
RipDetSeg-86uqkpltd6ys.jpg,RipDetSeg-qzebb4dpjmxv.jpg,0,0,0
RipDetSeg-nr9458ryjnft.jpg,RipDetSeg-c9wipkhsddhz.jpg,0,0,0
RipDetSeg-vdcjtsf2pbms.jpg,RipDetSeg-5uk8lcvav2mj.jpg,0,0,0
RipDetSeg-8u5i3hwlcgtu.jpg,RipDetSeg-5acspfa5b7cx.jpg,0,0,0
RipDetSeg-vckrhnkv077k.jpg,RipDetSeg-4w7s3ycnbpj7.jpg,0,0,0
RipDetSeg-8i1sn2dox8cq.jpg,RipDetSeg-xkh8cm9xap61.jpg,0,0,0
RipDetSeg-8o57z80ixulv.jpg,RipDetSeg-0doaibe3viqy.jpg,0,0,0
RipDetSeg-v87acpg9bzc0.jpg,RipDetSeg-jie0o0qzkhuw.jpg,0,0,0
RipDetSeg-8oujb9u3m039.jpg,RipDetSeg-52mnejy4idw1.jpg,0,0,0
RipDetSeg-8pl3yogvkqki.jpg,RipDetSeg-4f73rco459fj.jpg,0,0,0
RipDetSeg-8puijiprk2tw.jpg,RipDetSeg-1928cl09i76g.jpg,0,0,0
RipDetSeg-lhomq9oycuui.jpg,RipDetSeg-yuinswle63w5.jpg,0,0,0
RipDetSeg-8nwwjeacadue.jpg,RipDetSeg-6lpnk3gfjjyr.jpg,0,0,0
RipDetSeg-8q1275vqhia9.jpg,RipDetSeg-88dpcw17dydc.jpg,0,0,0
RipDetSeg-v7qe8oo7x45a.jpg,RipDetSeg-1yz3nt7pje5g.jpg,0,0,0
RipDetSeg-lhn70xjy3cdb.jpg,RipDetSeg-2aa95w3fakfz.jpg,0,0,0
RipDetSeg-lhijgjyiwwd6.jpg,RipDetSeg-6dtfoanbu5k1.jpg,0,0,0
RipDetSeg-8s9fpusxcxtp.jpg,RipDetSeg-as7he834dbpl.jpg,0,0,0
RipDetSeg-8sjaqcd34d7b.jpg,RipDetSeg-89mwzgxiaink.jpg,0,0,0
RipDetSeg-8sltxtosjugy.jpg,RipDetSeg-u9qc8ct8omor.jpg,0,0,0
RipDetSeg-8qdwzzf896qd.jpg,RipDetSeg-7x215otlsiry.jpg,0,0,0
RipDetSeg-8nbzvtlj7oho.jpg,RipDetSeg-c7zralib4amq.jpg,0,0,0
RipDetSeg-8n9sgvmpvjby.jpg,RipDetSeg-ll0mqimd5ha2.jpg,0,0,0
RipDetSeg-v8iq6arnf92z.jpg,RipDetSeg-27m3naj84z1y.jpg,0,0,0
RipDetSeg-8i2abho04l53.jpg,RipDetSeg-ayagbutwrrvs.jpg,0,0,0
RipDetSeg-8igdzzvual1k.jpg,RipDetSeg-16uix8zi2qoz.jpg,0,0,0
RipDetSeg-8iuumcsupfk0.jpg,RipDetSeg-3ssm1nxv3ngi.jpg,0,0,0
RipDetSeg-vbwb1vimu66j.jpg,RipDetSeg-38hzs1luxb0t.jpg,0,0,0
RipDetSeg-8jlbgi01byyp.jpg,RipDetSeg-1gi1u1mpvft4.jpg,0,0,0
RipDetSeg-nrlz10ha8rf8.jpg,RipDetSeg-07jf0cdhv14b.jpg,0,0,0
RipDetSeg-varloqleeuui.jpg,RipDetSeg-76xa7wtyaehs.jpg,0,0,0
RipDetSeg-8kgp07sr8myt.jpg,RipDetSeg-gciiezazck5d.jpg,0,0,0
RipDetSeg-8kh8d35h2dj8.jpg,RipDetSeg-cg7l6jeki5sk.jpg,0,0,0
RipDetSeg-8ky07p7sq8pu.jpg,RipDetSeg-xzosr2rwh53p.jpg,0,0,0
RipDetSeg-v9hwl6fsaiva.jpg,RipDetSeg-2yds24eiwhom.jpg,0,0,0
RipDetSeg-8lltpp03a7vl.jpg,RipDetSeg-4bett1o66lc7.jpg,0,0,0
RipDetSeg-8lvhtpcdae7u.jpg,RipDetSeg-15n4t2kin9d8.jpg,0,0,0
RipDetSeg-v9btz645s2t2.jpg,RipDetSeg-a54paliz3hqb.jpg,0,0,0
RipDetSeg-8ml2z8usq7cg.jpg,RipDetSeg-tjygsrfbmgnh.jpg,0,0,0
RipDetSeg-ljxllacu7cl6.jpg,RipDetSeg-ueu57oelxpf2.jpg,0,0,0
RipDetSeg-ayt2z9yejkfg.jpg,RipDetSeg-c3ww0ljetfpr.jpg,0,0,0
RipDetSeg-9n9fdbwd1npw.jpg,RipDetSeg-mbbbetmvzo5k.jpg,0,0,0
RipDetSeg-uuouymfvtpee.jpg,RipDetSeg-0zqqga03qq2s.jpg,0,0,0
RipDetSeg-l6p3737rezq2.jpg,RipDetSeg-bddj0u4r21nl.jpg,0,0,0
RipDetSeg-u8a67zcb5pd6.jpg,RipDetSeg-h5fklr48ubw4.jpg,0,0,0
RipDetSeg-ak39hg73kaiv.jpg,RipDetSeg-zm8i660ts6zo.jpg,0,0,0
RipDetSeg-u81qaso3r4rn.jpg,RipDetSeg-7bdjhgau91z8.jpg,0,0,0
RipDetSeg-akwm44j6k148.jpg,RipDetSeg-gmj8vtq0ld14.jpg,0,0,0
RipDetSeg-u7vi3t4vvttw.jpg,RipDetSeg-0doaibe3viqy.jpg,0,0,0
RipDetSeg-aimbk7zogczv.jpg,RipDetSeg-6npsiwgmiby4.jpg,0,0,0
RipDetSeg-u7clihc5bmsg.jpg,RipDetSeg-3d9jvc9lsgfb.jpg,0,0,0
RipDetSeg-u6si634vamae.jpg,RipDetSeg-jtiffp8l311n.jpg,0,0,0
RipDetSeg-anydhke88vej.jpg,RipDetSeg-liou5er5w05h.jpg,0,0,0
RipDetSeg-ao0aulnte1p5.jpg,RipDetSeg-h6letibtgqy8.jpg,0,0,0
RipDetSeg-u6gn07ydvsci.jpg,RipDetSeg-i3nlrdigx3vk.jpg,0,0,0
RipDetSeg-l6c1l5ws0790.jpg,RipDetSeg-02w57uvx6jev.jpg,0,0,0
RipDetSeg-ap8tjcc1d887.jpg,RipDetSeg-4knmous2xped.jpg,0,0,0
RipDetSeg-am55g09rymrn.jpg,RipDetSeg-vlbmmnk9x4mf.jpg,0,0,0
RipDetSeg-aiitbo2rn6nd.jpg,RipDetSeg-x9ygheita25b.jpg,0,0,0
RipDetSeg-u9pyqte9eady.jpg,RipDetSeg-7f6t0zlwd3rs.jpg,0,0,0
RipDetSeg-ahwl0ao6uvtz.jpg,RipDetSeg-zdna26pwe1qc.jpg,0,0,0
RipDetSeg-acmxqam1ltgv.jpg,RipDetSeg-cpbkfbojqhpq.jpg,0,0,0
RipDetSeg-aco1kdn0bbwe.jpg,RipDetSeg-hsnzitezh2nc.jpg,0,0,0
RipDetSeg-uc2285avsnhh.jpg,RipDetSeg-aelt27z918hr.jpg,0,0,0
RipDetSeg-ubmbwi7qqo9y.jpg,RipDetSeg-5xnkd1ep6y9b.jpg,0,0,0
RipDetSeg-aeq02shetr3d.jpg,RipDetSeg-fh18q4ssf8v9.jpg,0,0,0
RipDetSeg-ubcbnm7kbt4w.jpg,RipDetSeg-lzym24vono8l.jpg,0,0,0
RipDetSeg-uasol9pe5r6r.jpg,RipDetSeg-1f976ptji971.jpg,0,0,0
RipDetSeg-af6ce0yzotku.jpg,RipDetSeg-c0y3veekrvql.jpg,0,0,0
RipDetSeg-uaaxxidlowqr.jpg,RipDetSeg-fsyjxejn0ffe.jpg,0,0,0
RipDetSeg-afrgya4hdvkc.jpg,RipDetSeg-x2gx69jcinse.jpg,0,0,0
RipDetSeg-afx6yc2qezh3.jpg,RipDetSeg-0hikzo77w7yq.jpg,0,0,0
RipDetSeg-agccrr40e6z1.jpg,RipDetSeg-0xc2srivmmjo.jpg,0,0,0
RipDetSeg-agkc62gqbf17.jpg,RipDetSeg-m5te68t90k1q.jpg,0,0,0
RipDetSeg-agpopd946ctg.jpg,RipDetSeg-cz8cpbhqd3bm.jpg,0,0,0
RipDetSeg-ahl6y1t10338.jpg,RipDetSeg-76mz9fxj01l0.jpg,0,0,0
RipDetSeg-u40twake3vkc.jpg,RipDetSeg-9dzh3j4si40e.jpg,0,0,0
RipDetSeg-abqoaa27ft7d.jpg,RipDetSeg-5bae4axip9g2.jpg,0,0,0
RipDetSeg-u3i1218oa9fc.jpg,RipDetSeg-8h2bxvu5unuf.jpg,0,0,0
RipDetSeg-aqf571pw8uqk.jpg,RipDetSeg-oi40ww911db4.jpg,0,0,0
RipDetSeg-avgxtxulutfh.jpg,RipDetSeg-3lt95jwrdohx.jpg,0,0,0
RipDetSeg-avmw12sca7nj.jpg,RipDetSeg-42w0zek7el2y.jpg,0,0,0
RipDetSeg-avnjnte1b93a.jpg,RipDetSeg-lxvq0ajq0bhi.jpg,0,0,0
RipDetSeg-avsl3g8zd7o7.jpg,RipDetSeg-7sb3i8aumwti.jpg,0,0,0
RipDetSeg-ax1jo4i3q1s6.jpg,RipDetSeg-cdz1hsf0ox6r.jpg,0,0,0
RipDetSeg-u046gx5nivkg.jpg,RipDetSeg-3ch7v48llti0.jpg,0,0,0
RipDetSeg-avgrvlckeere.jpg,RipDetSeg-3e10ufjhy106.jpg,0,0,0
RipDetSeg-l4xbz77s94nz.jpg,RipDetSeg-89213g1lwyg3.jpg,0,0,0
RipDetSeg-tzj4bjwkh8hz.jpg,RipDetSeg-6rb0kcxy9vm0.jpg,0,0,0
RipDetSeg-tz9ix6xpy1h1.jpg,RipDetSeg-svjbvpb7n1ul.jpg,0,0,0
RipDetSeg-ayeqcnmjo16t.jpg,RipDetSeg-1q6lxihzc7i1.jpg,0,0,0
RipDetSeg-ayfjxq8bkmuo.jpg,RipDetSeg-3pq6d36agbg1.jpg,0,0,0
RipDetSeg-nx3eqjkgv24m.jpg,RipDetSeg-ezlpmjfpl47g.jpg,0,0,0
RipDetSeg-ayls6mspw88w.jpg,RipDetSeg-nw2bgui3txxh.jpg,0,0,0
RipDetSeg-axvk9w68nbld.jpg,RipDetSeg-3a1kmrii91l8.jpg,0,0,0
RipDetSeg-u0b3yrl2bli8.jpg,RipDetSeg-rwtu8t5y8i4p.jpg,0,0,0
RipDetSeg-u15n236r2n5h.jpg,RipDetSeg-1074dv2w0cr7.jpg,0,0,0
RipDetSeg-nwxzhsbwj8t7.jpg,RipDetSeg-1jhi6fllq9ib.jpg,0,0,0
RipDetSeg-aqgd8orpcqjz.jpg,RipDetSeg-2codurqdsaaw.jpg,0,0,0
RipDetSeg-aqitwwwkx7g9.jpg,RipDetSeg-7sk4kft4vreu.jpg,0,0,0
RipDetSeg-aqqjtv17qd3z.jpg,RipDetSeg-2h7iwzycfnfi.jpg,0,0,0
RipDetSeg-aqrbb2ip2mbw.jpg,RipDetSeg-ijmegh03bo9i.jpg,0,0,0
RipDetSeg-ar5mzy5lb9xc.jpg,RipDetSeg-auj4sl55hz4o.jpg,0,0,0
RipDetSeg-arr2b7wr29uf.jpg,RipDetSeg-03xwmw6pwihi.jpg,0,0,0
RipDetSeg-asirj909q9og.jpg,RipDetSeg-407kv9980pvt.jpg,0,0,0
RipDetSeg-asthaaapx4nc.jpg,RipDetSeg-1egmh85yrral.jpg,0,0,0
RipDetSeg-u31tqhzbhjul.jpg,RipDetSeg-qcgjh9mbpsuu.jpg,0,0,0
RipDetSeg-l5e5djzksz62.jpg,RipDetSeg-7iv2ljdv8yze.jpg,0,0,0
RipDetSeg-atln9j4x9uol.jpg,RipDetSeg-9jbcroy4gz2l.jpg,0,0,0
RipDetSeg-ato6fnfaoyek.jpg,RipDetSeg-bkq8cnbgt3zk.jpg,0,0,0
RipDetSeg-ats9c9cq8cpx.jpg,RipDetSeg-5l0bqvlvult9.jpg,0,0,0
RipDetSeg-atyqbhzhmsdr.jpg,RipDetSeg-jmu9eaejcian.jpg,0,0,0
RipDetSeg-au79ajqi4mkc.jpg,RipDetSeg-ajrd50fha8cl.jpg,0,0,0
RipDetSeg-u3fd443gqqds.jpg,RipDetSeg-76mz9fxj01l0.jpg,0,0,0
RipDetSeg-9nbwa5wo2aoz.jpg,RipDetSeg-84dm7go4yuod.jpg,0,0,0
RipDetSeg-abfesmmsnxft.jpg,RipDetSeg-98pxz4vzujs2.jpg,0,0,0
RipDetSeg-aaijzrpvftrh.jpg,RipDetSeg-lfmegcdw3lql.jpg,0,0,0
RipDetSeg-uqjg10x84lrr.jpg,RipDetSeg-6o9siiwoygdl.jpg,0,0,0
RipDetSeg-9vcll5tjvwk0.jpg,RipDetSeg-0ckag7nbnj2q.jpg,0,0,0
RipDetSeg-9viv1hugvvw5.jpg,RipDetSeg-nqv74j39u5fm.jpg,0,0,0
RipDetSeg-lac5s5t8dg65.jpg,RipDetSeg-03packmxy5w7.jpg,0,0,0
RipDetSeg-uq2ioysyoa4x.jpg,RipDetSeg-4u4lhdd6qamq.jpg,0,0,0
RipDetSeg-9w877e0xr1si.jpg,RipDetSeg-4bu6jn6bg2gv.jpg,0,0,0
RipDetSeg-9tb8473ynpjt.jpg,RipDetSeg-wrsr8leqj2ps.jpg,0,0,0
RipDetSeg-up5a73xr4y92.jpg,RipDetSeg-j7ttnilvwfv3.jpg,0,0,0
RipDetSeg-nv7w7ughg064.jpg,RipDetSeg-ajy4a0r0o8vc.jpg,0,0,0
RipDetSeg-up1txkb2h4n7.jpg,RipDetSeg-kuds7iom9sk0.jpg,0,0,0
RipDetSeg-9xpabzh2tfrt.jpg,RipDetSeg-1aaxvsetlfvy.jpg,0,0,0
RipDetSeg-uoj14nl5o64f.jpg,RipDetSeg-bs5ygm5w23tq.jpg,0,0,0
RipDetSeg-nv8vwe0sahx7.jpg,RipDetSeg-29f91miszlzx.jpg,0,0,0
RipDetSeg-9zdf2j5ufsnf.jpg,RipDetSeg-37p8rs5k0st4.jpg,0,0,0
RipDetSeg-9wvfcnaiplxp.jpg,RipDetSeg-24wl7mbpvjbn.jpg,0,0,0
RipDetSeg-9t7974kinqc6.jpg,RipDetSeg-a5n14rfhg25t.jpg,0,0,0
RipDetSeg-9sjvd817w0t2.jpg,RipDetSeg-a991f2uojhrv.jpg,0,0,0
RipDetSeg-urk2dckjb7on.jpg,RipDetSeg-8wa65k5cwje8.jpg,0,0,0
RipDetSeg-9nkuwarbtg9x.jpg,RipDetSeg-7zwu6pnd7l9z.jpg,0,0,0
RipDetSeg-uuhdjubompkc.jpg,RipDetSeg-0ruhfuunis7y.jpg,0,0,0
RipDetSeg-9p7gy0d1r65v.jpg,RipDetSeg-btl90l3cdj6u.jpg,0,0,0
RipDetSeg-9pd9hpwuua3h.jpg,RipDetSeg-3kdpbhdgq6d5.jpg,0,0,0
RipDetSeg-9pjflpwt0n0q.jpg,RipDetSeg-t1ni73bsf6je.jpg,0,0,0
RipDetSeg-uuanh7f4ej34.jpg,RipDetSeg-8dc09l9etilz.jpg,0,0,0
RipDetSeg-utz2qc6vada5.jpg,RipDetSeg-38hzs1luxb0t.jpg,0,0,0
RipDetSeg-uty4c60g3vb3.jpg,RipDetSeg-82r08ajsoeeb.jpg,0,0,0
RipDetSeg-9r3gdnx5dpvn.jpg,RipDetSeg-775f9c8gxinv.jpg,0,0,0
RipDetSeg-usyl0ioevy14.jpg,RipDetSeg-ty0h2dbohit9.jpg,0,0,0
RipDetSeg-9r46k4alnw9s.jpg,RipDetSeg-0vobtwo596tr.jpg,0,0,0
RipDetSeg-usevydrbb7oc.jpg,RipDetSeg-2q0n85lk6xxs.jpg,0,0,0
RipDetSeg-9rk4gjgeeory.jpg,RipDetSeg-dqts7wsgygir.jpg,0,0,0
RipDetSeg-urm3p98zsg76.jpg,RipDetSeg-8qzsuqky5n96.jpg,0,0,0
RipDetSeg-9s38yfbn2oxf.jpg,RipDetSeg-kr6qceapq7h6.jpg,0,0,0
RipDetSeg-9zhoncahwgz2.jpg,RipDetSeg-nd3gvzk1mubu.jpg,0,0,0
RipDetSeg-udy5enmhipkx.jpg,RipDetSeg-dsbi5ogvtqbr.jpg,0,0,0
RipDetSeg-9zjuuupggfbi.jpg,RipDetSeg-o84k040f0eoi.jpg,0,0,0
RipDetSeg-9zvqb3ntzo3w.jpg,RipDetSeg-0zjeaupb6up9.jpg,0,0,0
RipDetSeg-a4u7oczsrk2m.jpg,RipDetSeg-aq7sdfszdam8.jpg,0,0,0
RipDetSeg-a53kfm4m9xig.jpg,RipDetSeg-5xcihy9dshoh.jpg,0,0,0
RipDetSeg-a586coqh9hr6.jpg,RipDetSeg-jdz0it6rtkjt.jpg,0,0,0
RipDetSeg-uilom7vd4r25.jpg,RipDetSeg-879nba04uelv.jpg,0,0,0
RipDetSeg-a5ls3jlq81gb.jpg,RipDetSeg-6uanq97gwv9n.jpg,0,0,0
RipDetSeg-uig9bxuoclbq.jpg,RipDetSeg-zulcme85ith8.jpg,0,0,0
RipDetSeg-uiu1swlrb0lr.jpg,RipDetSeg-5ae97ay4oenq.jpg,0,0,0
RipDetSeg-a6boiaz44uta.jpg,RipDetSeg-l58evpwg98c8.jpg,0,0,0
RipDetSeg-a76j8475sl4x.jpg,RipDetSeg-kubyrzzifuxi.jpg,0,0,0
RipDetSeg-a78zxp72d9p4.jpg,RipDetSeg-8h46y7zyfk6a.jpg,0,0,0
RipDetSeg-a8bbztbem7kj.jpg,RipDetSeg-w2c26moc5cfh.jpg,0,0,0
RipDetSeg-ufeezgzr9jrr.jpg,RipDetSeg-3eskp95f01lz.jpg,0,0,0
RipDetSeg-a9b2aia84rks.jpg,RipDetSeg-2lrsraiuekkk.jpg,0,0,0
RipDetSeg-uf7hq9sk6ngv.jpg,RipDetSeg-eh3kih4ltor9.jpg,0,0,0
RipDetSeg-a6k9s0lhh6vt.jpg,RipDetSeg-o27p25dr3yuz.jpg,0,0,0
RipDetSeg-a4dubri6wku1.jpg,RipDetSeg-06eenh58e42v.jpg,0,0,0
RipDetSeg-uj3plk919gpi.jpg,RipDetSeg-seoka07jjnly.jpg,0,0,0
RipDetSeg-ul1zmnpwkc9b.jpg,RipDetSeg-1o8yq4ewfjbx.jpg,0,0,0
RipDetSeg-a0571kcewjqf.jpg,RipDetSeg-ia9z2u0haptg.jpg,0,0,0
RipDetSeg-unaeszoxpni9.jpg,RipDetSeg-7l5h8dbp9v9u.jpg,0,0,0
RipDetSeg-a0a5t8yp0u22.jpg,RipDetSeg-275t13lq3nyw.jpg,0,0,0
RipDetSeg-l9fjvgpr4vf0.jpg,RipDetSeg-04dzzfhm2khb.jpg,0,0,0
RipDetSeg-a0jc6goqyaar.jpg,RipDetSeg-g798m2beqtln.jpg,0,0,0
RipDetSeg-a0umzokr5khh.jpg,RipDetSeg-0oxagxal0h9t.jpg,0,0,0
RipDetSeg-a1q42euoap8c.jpg,RipDetSeg-nx630jx8get7.jpg,0,0,0
RipDetSeg-umgpgk59qdur.jpg,RipDetSeg-7p7et576lpgl.jpg,0,0,0
RipDetSeg-a21wimuiwoe7.jpg,RipDetSeg-1wqho5534zvj.jpg,0,0,0
RipDetSeg-umb3ojj8ycqn.jpg,RipDetSeg-mpv1xdhdwg3x.jpg,0,0,0
RipDetSeg-l90tcmqcnjtj.jpg,RipDetSeg-nculd947uk3u.jpg,0,0,0
RipDetSeg-jrlrht7jl4pw.jpg,RipDetSeg-6s5az7m8xk1n.jpg,0,0,0
RipDetSeg-a311xpidfvkb.jpg,RipDetSeg-axnmi3di7hqr.jpg,0,0,0
RipDetSeg-a3164y9sabri.jpg,RipDetSeg-2dz4rx8lgy57.jpg,0,0,0
RipDetSeg-a3f3dtlw40aq.jpg,RipDetSeg-djkitgc2kfa3.jpg,0,0,0
RipDetSeg-9zs70egyo1xw.jpg,RipDetSeg-6ra9ofw2egci.jpg,0,0,0
RipDetSeg-duntxhkbgb6e.jpg,RipDetSeg-4632mgpo1j9g.jpg,0,0,0
RipDetSeg-duqyi13xryb0.jpg,RipDetSeg-1yz91cegi8jv.jpg,0,0,0
RipDetSeg-dv4aizlu6cd5.jpg,RipDetSeg-0kqvomyudxig.jpg,0,0,0
RipDetSeg-oi7up48ugs9b.jpg,RipDetSeg-ke4wf2j86id6.jpg,0,0,0
RipDetSeg-pso396cjoihh.jpg,RipDetSeg-b9v2n99bt5ft.jpg,0,0,0
RipDetSeg-ht348st6mj8b.jpg,RipDetSeg-dlnrw3qpmnio.jpg,0,0,0
RipDetSeg-psg7y2htc1ap.jpg,RipDetSeg-l58evpwg98c8.jpg,0,0,0
RipDetSeg-pruvnwfwejgm.jpg,RipDetSeg-hpv72bbdpdsr.jpg,0,0,0
RipDetSeg-prq49fzsm5w9.jpg,RipDetSeg-o5y7lqv9g9f4.jpg,0,0,0
RipDetSeg-pu4jhv9wgh1z.jpg,RipDetSeg-u3o16rq70zbo.jpg,0,0,0
RipDetSeg-hum4qn5w4hw5.jpg,RipDetSeg-48z1vm0a8efm.jpg,0,0,0
RipDetSeg-prghnaygou88.jpg,RipDetSeg-9q2cbnxn3me3.jpg,0,0,0
RipDetSeg-hw4f91irya29.jpg,RipDetSeg-ueba1yqx3y3d.jpg,0,0,0
RipDetSeg-oik4xokc3u34.jpg,RipDetSeg-77tupadi4aob.jpg,0,0,0
RipDetSeg-pquijkbr8lv0.jpg,RipDetSeg-8h2bxvu5unuf.jpg,0,0,0
RipDetSeg-pqokasz06ttt.jpg,RipDetSeg-ekxc3inoc8wm.jpg,0,0,0
RipDetSeg-pq9ag7gpuj05.jpg,RipDetSeg-2yf79f6aq72k.jpg,0,0,0
RipDetSeg-hv4nu630e7jd.jpg,RipDetSeg-8ou4g5jcg5x2.jpg,0,0,0
RipDetSeg-hqjhe1f26kcn.jpg,RipDetSeg-0nlxivq9xl0e.jpg,0,0,0
RipDetSeg-hqdhze7tpr85.jpg,RipDetSeg-onvntk6vnkph.jpg,0,0,0
RipDetSeg-hq3zkg5o7q46.jpg,RipDetSeg-5isq1baz2sjf.jpg,0,0,0
RipDetSeg-hlbetj7tgu5j.jpg,RipDetSeg-5z07kym54d1u.jpg,0,0,0
RipDetSeg-hm9kn31n8zh4.jpg,RipDetSeg-7wmhqlfyx3w2.jpg,0,0,0
RipDetSeg-pxx8ged7e7zk.jpg,RipDetSeg-fn1ul1lum4gq.jpg,0,0,0
RipDetSeg-pxvm53y3ck4z.jpg,RipDetSeg-46ru3z9dsuoy.jpg,0,0,0
RipDetSeg-pxov8x5yt61a.jpg,RipDetSeg-iw8lbi7s2b21.jpg,0,0,0
RipDetSeg-pwpmph3knn1o.jpg,RipDetSeg-3f7ndf93tgg5.jpg,0,0,0
RipDetSeg-pwd49zfoa7tz.jpg,RipDetSeg-64s5mm9dpwcn.jpg,0,0,0
RipDetSeg-hoqg2owwmjgr.jpg,RipDetSeg-0kqvomyudxig.jpg,0,0,0
RipDetSeg-hotf75wrpeio.jpg,RipDetSeg-y7egrh6g2sq5.jpg,0,0,0
RipDetSeg-pvs9khfdn7ee.jpg,RipDetSeg-9g3c51rsi4rb.jpg,0,0,0
RipDetSeg-puif2avukl8i.jpg,RipDetSeg-lhocvsuuf4hm.jpg,0,0,0
RipDetSeg-hpfaugxu0qof.jpg,RipDetSeg-f481idox3u0j.jpg,0,0,0
RipDetSeg-hpk66azdmo5r.jpg,RipDetSeg-40i61a95pmiz.jpg,0,0,0
RipDetSeg-pufi8eq6qovi.jpg,RipDetSeg-77tupadi4aob.jpg,0,0,0
RipDetSeg-hpvj1l0xp6qd.jpg,RipDetSeg-3i1ayvms5u7f.jpg,0,0,0
RipDetSeg-oj0axa5pmixd.jpg,RipDetSeg-v3dpdsj45dsv.jpg,0,0,0
RipDetSeg-hl9iftff8qem.jpg,RipDetSeg-8iweg5rt782c.jpg,0,0,0
RipDetSeg-pphc1hqsl36m.jpg,RipDetSeg-0fjgimvy1dk8.jpg,0,0,0
RipDetSeg-k20oofp0wtqr.jpg,RipDetSeg-0acjbh3l2btw.jpg,0,0,0
RipDetSeg-pl2nc2t04kb6.jpg,RipDetSeg-76mx2ns5nf24.jpg,0,0,0
RipDetSeg-pky59wi3bkpj.jpg,RipDetSeg-8ls2sgzx0yn7.jpg,0,0,0
RipDetSeg-i52grf1b0o43.jpg,RipDetSeg-cioxhkihi2pi.jpg,0,0,0
RipDetSeg-pkdnl0bgfeng.jpg,RipDetSeg-3jrsaiybmhgt.jpg,0,0,0
RipDetSeg-phqr0608hxci.jpg,RipDetSeg-13w3ybihmevr.jpg,0,0,0
RipDetSeg-i75u2u1y05dz.jpg,RipDetSeg-82qbmepfwm5n.jpg,0,0,0
RipDetSeg-pl8jisb06pvh.jpg,RipDetSeg-53w2pxg1kp35.jpg,0,0,0
RipDetSeg-i7h2a1ymwsgr.jpg,RipDetSeg-4fj47ca25arg.jpg,0,0,0
RipDetSeg-pgwxr1oclyf7.jpg,RipDetSeg-c55s5skqjpni.jpg,0,0,0
RipDetSeg-i8wuyqnr7z26.jpg,RipDetSeg-6fv9w21u26ut.jpg,0,0,0
RipDetSeg-i97lmg803ucz.jpg,RipDetSeg-su9suewabkmr.jpg,0,0,0
RipDetSeg-i9af0yg9yhds.jpg,RipDetSeg-6ujm8ughtgco.jpg,0,0,0
RipDetSeg-i9dn9ohoz8pz.jpg,RipDetSeg-r13vn5pvayfr.jpg,0,0,0
RipDetSeg-i9qc4yx8euqx.jpg,RipDetSeg-ayzi9me70i91.jpg,0,0,0
RipDetSeg-i7i6znkrm3zm.jpg,RipDetSeg-topdf5rpep2x.jpg,0,0,0
RipDetSeg-plc7zsi01xtq.jpg,RipDetSeg-r8v46zxv03jp.jpg,0,0,0
RipDetSeg-i3cmionf3bbe.jpg,RipDetSeg-deirg746evvd.jpg,0,0,0
RipDetSeg-plv5aoyu973a.jpg,RipDetSeg-0qvdh9xn08jr.jpg,0,0,0
RipDetSeg-hyi9e3dx7kiu.jpg,RipDetSeg-r8lx6u73jjem.jpg,0,0,0
RipDetSeg-hyrp12wb0xx5.jpg,RipDetSeg-uax7cgjlskxx.jpg,0,0,0
RipDetSeg-po97c4jv5w10.jpg,RipDetSeg-cjnwb3phnrbb.jpg,0,0,0
RipDetSeg-pnqewwx5yayn.jpg,RipDetSeg-c6ho2pz7szjp.jpg,0,0,0
RipDetSeg-hyz285w5vhus.jpg,RipDetSeg-krl34mum42tk.jpg,0,0,0
RipDetSeg-pnnjr3rsoqcy.jpg,RipDetSeg-28ct2weegj0i.jpg,0,0,0
RipDetSeg-pnjlt9i3ws7v.jpg,RipDetSeg-mt0zl4sfx4ea.jpg,0,0,0
RipDetSeg-i114rld224uo.jpg,RipDetSeg-g9l4metk3l9j.jpg,0,0,0
RipDetSeg-i1j0slop8m0v.jpg,RipDetSeg-ftnxlk6zpwd2.jpg,0,0,0
RipDetSeg-i1kuy7t6e8h0.jpg,RipDetSeg-02xsm7khbrgb.jpg,0,0,0
RipDetSeg-i1mftgjn7srx.jpg,RipDetSeg-oo1ryqcfkd5r.jpg,0,0,0
RipDetSeg-pmucxpuy28xz.jpg,RipDetSeg-4918aimleqvd.jpg,0,0,0
RipDetSeg-i224ft0bczec.jpg,RipDetSeg-eqjio0wlhwzi.jpg,0,0,0
RipDetSeg-i25km6bdq3o4.jpg,RipDetSeg-2mf1uns2rp3n.jpg,0,0,0
RipDetSeg-i2yln4l068ck.jpg,RipDetSeg-9o4i1l6fwc0u.jpg,0,0,0
RipDetSeg-hy2e2x3gc2qn.jpg,RipDetSeg-w3563lxqfkpf.jpg,0,0,0
RipDetSeg-i9ssexm5rtiw.jpg,RipDetSeg-d0utn893w31h.jpg,0,0,0
RipDetSeg-pzjclo31s0oi.jpg,RipDetSeg-c51z8bpb6d61.jpg,0,0,0
RipDetSeg-hk8pn2kniz9r.jpg,RipDetSeg-h1ovmndownw7.jpg,0,0,0
RipDetSeg-qa1pwz56pjjt.jpg,RipDetSeg-6jw9nqdldz4t.jpg,0,0,0
RipDetSeg-h0q1ipy86hiw.jpg,RipDetSeg-d8hlk1gnkpmd.jpg,0,0,0
RipDetSeg-h0wo7yex41t6.jpg,RipDetSeg-286hvgx4dy4m.jpg,0,0,0
RipDetSeg-q9yyhn30n2bu.jpg,RipDetSeg-3z2708w0eydw.jpg,0,0,0
RipDetSeg-k5d7v1i760s0.jpg,RipDetSeg-j9cvftgvgenf.jpg,0,0,0
RipDetSeg-q9mwcab5lzlx.jpg,RipDetSeg-0cuosx0jdogg.jpg,0,0,0
RipDetSeg-h00l3irupgx7.jpg,RipDetSeg-hrhn16w8wl5m.jpg,0,0,0
RipDetSeg-k5d61uqyvp0p.jpg,RipDetSeg-0txc67u0gvd4.jpg,0,0,0
RipDetSeg-h3ja39slbrnw.jpg,RipDetSeg-hkhalvax54qg.jpg,0,0,0
RipDetSeg-q7muxp9q7kgv.jpg,RipDetSeg-q55kcnzdao2b.jpg,0,0,0
RipDetSeg-q7gvqvy80u43.jpg,RipDetSeg-mbbbetmvzo5k.jpg,0,0,0
RipDetSeg-q6zaplv8lyd6.jpg,RipDetSeg-j76je82qt0jy.jpg,0,0,0
RipDetSeg-h5buytgm28jo.jpg,RipDetSeg-p7oks3q9d2ao.jpg,0,0,0
RipDetSeg-ofq85z70haer.jpg,RipDetSeg-64mqidw9e7hn.jpg,0,0,0
RipDetSeg-h2cmhypi06x8.jpg,RipDetSeg-1y5z4u7dzllo.jpg,0,0,0
RipDetSeg-gzvsj13b1ub3.jpg,RipDetSeg-3wif8av5z9lr.jpg,0,0,0
RipDetSeg-qa3axhjk4aal.jpg,RipDetSeg-0afj16c1shbz.jpg,0,0,0
RipDetSeg-qa6bv56htbxi.jpg,RipDetSeg-1aqbwm8h9zvr.jpg,0,0,0
RipDetSeg-gtih1v49efb8.jpg,RipDetSeg-cigkgdhykz3l.jpg,0,0,0
RipDetSeg-gtjk4dczezqn.jpg,RipDetSeg-4hdcxu6010qb.jpg,0,0,0
RipDetSeg-ofan5nzkz78l.jpg,RipDetSeg-ayqfmgva3oqf.jpg,0,0,0
RipDetSeg-gu9mtcx6v2dy.jpg,RipDetSeg-b6gytbmecqn8.jpg,0,0,0
RipDetSeg-gu9xre2b2eds.jpg,RipDetSeg-5qxw0r43i3kj.jpg,0,0,0
RipDetSeg-qc8lb8z0hkha.jpg,RipDetSeg-0quupoeqzgkv.jpg,0,0,0
RipDetSeg-qbuy1w1j82w2.jpg,RipDetSeg-ab1g8y134rqa.jpg,0,0,0
RipDetSeg-qbmuhv1nal2k.jpg,RipDetSeg-7l26iugq1yb6.jpg,0,0,0
RipDetSeg-gvxzprkif68j.jpg,RipDetSeg-2my38iwudxiv.jpg,0,0,0
RipDetSeg-qb6w10jdy5cm.jpg,RipDetSeg-3su2a6kp611b.jpg,0,0,0
RipDetSeg-qarxxb2z7a6m.jpg,RipDetSeg-p7q6r0b3tue4.jpg,0,0,0
RipDetSeg-gxcoanjn7ddf.jpg,RipDetSeg-10pokhdnb5x3.jpg,0,0,0
RipDetSeg-qaqofro9wzj1.jpg,RipDetSeg-20h8ar3evkms.jpg,0,0,0
RipDetSeg-gyi989g1yzm8.jpg,RipDetSeg-ljfqbfs4q4l6.jpg,0,0,0
RipDetSeg-gys5zmdxoit3.jpg,RipDetSeg-1i0qbnd85si0.jpg,0,0,0
RipDetSeg-h601jhv5uszj.jpg,RipDetSeg-6s1qv3surcwq.jpg,0,0,0
RipDetSeg-pzm2y5yzcjay.jpg,RipDetSeg-5l0bqvlvult9.jpg,0,0,0
RipDetSeg-q5m70cuozl8y.jpg,RipDetSeg-33dyh5vzuxne.jpg,0,0,0
RipDetSeg-q539mn3c4zwf.jpg,RipDetSeg-mzr8jercw35r.jpg,0,0,0
RipDetSeg-hdugji5dma56.jpg,RipDetSeg-3216o1yr4547.jpg,0,0,0
RipDetSeg-hedv0mfmlx2n.jpg,RipDetSeg-gb2wq62xta6l.jpg,0,0,0
RipDetSeg-ohuh94odmrj8.jpg,RipDetSeg-9een71lini1q.jpg,0,0,0
RipDetSeg-q1nmifdj6j2c.jpg,RipDetSeg-2hyttl4ixykd.jpg,0,0,0
RipDetSeg-q1kw1rdwg17c.jpg,RipDetSeg-e7vcsjelquwg.jpg,0,0,0
RipDetSeg-hglv46gqhbd0.jpg,RipDetSeg-dszkzf6wdygt.jpg,0,0,0
RipDetSeg-hdommhlqk0zv.jpg,RipDetSeg-2sppzykrfiqz.jpg,0,0,0
RipDetSeg-q0m52wbl92z5.jpg,RipDetSeg-kjq8cbyn0jtb.jpg,0,0,0
RipDetSeg-q06svtsm1ln1.jpg,RipDetSeg-uig8l4ti1o83.jpg,0,0,0
RipDetSeg-hhh2kvoelzmh.jpg,RipDetSeg-otmt7caxtjfy.jpg,0,0,0
RipDetSeg-hjmlxqk8ks8i.jpg,RipDetSeg-7eudlcc0ygsj.jpg,0,0,0
RipDetSeg-pzz5yb06a8l5.jpg,RipDetSeg-09elp8ebu7gs.jpg,0,0,0
RipDetSeg-pzvaf0fv41g9.jpg,RipDetSeg-8vul7kgep3am.jpg,0,0,0
RipDetSeg-hk59kpwiqrwt.jpg,RipDetSeg-5tzy72xdnxne.jpg,0,0,0
RipDetSeg-hhc9w7tafl74.jpg,RipDetSeg-1gcyz1g96bal.jpg,0,0,0
RipDetSeg-hdgxt70c7bdj.jpg,RipDetSeg-81zbzhme3mvz.jpg,0,0,0
RipDetSeg-q2d13w16nxyb.jpg,RipDetSeg-3m48wwow557b.jpg,0,0,0
RipDetSeg-hce5mon0d7hp.jpg,RipDetSeg-4ddobqlxz2pi.jpg,0,0,0
RipDetSeg-h7ogwma6yytr.jpg,RipDetSeg-b3kdyeali4s7.jpg,0,0,0
RipDetSeg-q41x1q8xvz53.jpg,RipDetSeg-423tv2u5s233.jpg,0,0,0
RipDetSeg-k4y30uzsz0t6.jpg,RipDetSeg-1ok7wcakq0ha.jpg,0,0,0
RipDetSeg-q3kqvooklkge.jpg,RipDetSeg-a69jqio85rd8.jpg,0,0,0
RipDetSeg-h91fcn44nqfn.jpg,RipDetSeg-e100qky70r4u.jpg,0,0,0
RipDetSeg-h97sae8l70ub.jpg,RipDetSeg-13qa636t29e1.jpg,0,0,0
RipDetSeg-h987ahlw1h8m.jpg,RipDetSeg-0f0x2mt0vu0d.jpg,0,0,0
RipDetSeg-q3br1derc889.jpg,RipDetSeg-ztl5l6itzrfp.jpg,0,0,0
RipDetSeg-hab08pbm8iet.jpg,RipDetSeg-1p4qwvhuzg4g.jpg,0,0,0
RipDetSeg-hawsaopmkvbu.jpg,RipDetSeg-44dwxlnwnp70.jpg,0,0,0
RipDetSeg-q2udmfcvroc6.jpg,RipDetSeg-g8sya9w7h4hs.jpg,0,0,0
RipDetSeg-hbezn8qipi7z.jpg,RipDetSeg-86hbo24rkjk7.jpg,0,0,0
RipDetSeg-q2h0nqi71ub2.jpg,RipDetSeg-38vjc3zvnk8n.jpg,0,0,0
RipDetSeg-ogx19tqixhp3.jpg,RipDetSeg-o3jh4fc4yf4c.jpg,0,0,0
RipDetSeg-ohbnoid8okzl.jpg,RipDetSeg-13hce90o49cl.jpg,0,0,0
RipDetSeg-h77l574ktryf.jpg,RipDetSeg-147f0fyce4yb.jpg,0,0,0
RipDetSeg-k6b5t73wu13j.jpg,RipDetSeg-pe9iu4v21ewh.jpg,0,0,0
RipDetSeg-pgu4fxt17i4z.jpg,RipDetSeg-144iem4mhwc1.jpg,0,0,0
RipDetSeg-iapkcwgpeftw.jpg,RipDetSeg-4lfi6vjai0gt.jpg,0,0,0
RipDetSeg-oyfc1u0fkiao.jpg,RipDetSeg-2uh4xdoldlcv.jpg,0,0,0
RipDetSeg-oxn2uf4ck5zb.jpg,RipDetSeg-cwnq8b182z4b.jpg,0,0,0
RipDetSeg-ox5yypf9rpj3.jpg,RipDetSeg-1yz8n1558e35.jpg,0,0,0
RipDetSeg-jactsu4nb212.jpg,RipDetSeg-39w1nvsqvosy.jpg,0,0,0
RipDetSeg-jahmqd6czbr4.jpg,RipDetSeg-bfxsg3hry1q6.jpg,0,0,0
RipDetSeg-jax08pu038zd.jpg,RipDetSeg-2c9vhm2whk15.jpg,0,0,0
RipDetSeg-j8imq4ebg7of.jpg,RipDetSeg-3micwdaw1ybq.jpg,0,0,0
RipDetSeg-jb13gdpik388.jpg,RipDetSeg-bf6buxhrt4mu.jpg,0,0,0
RipDetSeg-jw2n7epd4fsr.jpg,RipDetSeg-ia9z2u0haptg.jpg,0,0,0
RipDetSeg-owwesob8vods.jpg,RipDetSeg-b6l154ppradq.jpg,0,0,0
RipDetSeg-jdkysrags3iw.jpg,RipDetSeg-0st7mgdirws3.jpg,0,0,0
RipDetSeg-op004y24fijx.jpg,RipDetSeg-aajsljczveu1.jpg,0,0,0
RipDetSeg-owps3b7804v9.jpg,RipDetSeg-o48skono2rmd.jpg,0,0,0
RipDetSeg-owjy5s8x1ix8.jpg,RipDetSeg-099v7gtyb0rn.jpg,0,0,0
RipDetSeg-jb9m6z68n8dy.jpg,RipDetSeg-a0wio9sjpk4e.jpg,0,0,0
RipDetSeg-jw7vfsys26gl.jpg,RipDetSeg-cjnwb3phnrbb.jpg,0,0,0
RipDetSeg-oz3qlzduu01r.jpg,RipDetSeg-6ps7v6dqzlyh.jpg,0,0,0
RipDetSeg-onituem5js4h.jpg,RipDetSeg-1mbm9dixzlis.jpg,0,0,0
RipDetSeg-j0xhnp065kbw.jpg,RipDetSeg-845s5i81a61q.jpg,0,0,0
RipDetSeg-j1sa09n5thmx.jpg,RipDetSeg-3tyfnkg7gs6n.jpg,0,0,0
RipDetSeg-p12yds2h877a.jpg,RipDetSeg-ch1xftzpyjkp.jpg,0,0,0
RipDetSeg-p10jc0mb2r5f.jpg,RipDetSeg-6udv1epc38tw.jpg,0,0,0
RipDetSeg-omdswb45r33d.jpg,RipDetSeg-dl8vjk3iszo3.jpg,0,0,0
RipDetSeg-j3kjl0y53iec.jpg,RipDetSeg-c0y3veekrvql.jpg,0,0,0
RipDetSeg-p0kngl5mitew.jpg,RipDetSeg-tvxxqo88tpbe.jpg,0,0,0
RipDetSeg-j4r5cl906ble.jpg,RipDetSeg-4vz2c43h90jq.jpg,0,0,0
RipDetSeg-oncgctb0gzi7.jpg,RipDetSeg-b7zgninq1wsq.jpg,0,0,0
RipDetSeg-j5l4ipvku6b9.jpg,RipDetSeg-lfn2y8qc0tpv.jpg,0,0,0
RipDetSeg-j5l4v8f2r3jz.jpg,RipDetSeg-8vdby9idqceh.jpg,0,0,0
RipDetSeg-j5pd8gzixy8n.jpg,RipDetSeg-c8en26bjhrvo.jpg,0,0,0
RipDetSeg-j6mav5vzw1t1.jpg,RipDetSeg-0f0x2mt0vu0d.jpg,0,0,0
RipDetSeg-j6rd82eiwpsl.jpg,RipDetSeg-0jhlx6ll6zjr.jpg,0,0,0
RipDetSeg-j78vp53x3qwz.jpg,RipDetSeg-hkhalvax54qg.jpg,0,0,0
RipDetSeg-juay5pih6uz7.jpg,RipDetSeg-26o2zoly9fq6.jpg,0,0,0
RipDetSeg-j0jks2sjpn9n.jpg,RipDetSeg-ertfexlcpl53.jpg,0,0,0
RipDetSeg-ju2kr4jpnbx0.jpg,RipDetSeg-6x88x38dg6uf.jpg,0,0,0
RipDetSeg-jezue4xcgpzz.jpg,RipDetSeg-28ct2weegj0i.jpg,0,0,0
RipDetSeg-jmjs363br74n.jpg,RipDetSeg-0akc1edvag88.jpg,0,0,0
RipDetSeg-or6rjq6ree69.jpg,RipDetSeg-qnryv0xxpqnz.jpg,0,0,0
RipDetSeg-or4vd8mjdmug.jpg,RipDetSeg-2my38iwudxiv.jpg,0,0,0
RipDetSeg-jn94tq4dzayu.jpg,RipDetSeg-ag9ec3tisjul.jpg,0,0,0
RipDetSeg-js54nfrj0v37.jpg,RipDetSeg-f0b92i077on9.jpg,0,0,0
RipDetSeg-op7za1yiw0ob.jpg,RipDetSeg-46rwr9vih0mt.jpg,0,0,0
RipDetSeg-ore9bn3l1xb0.jpg,RipDetSeg-p0wpswm43sv8.jpg,0,0,0
RipDetSeg-jnv7qukp6zf0.jpg,RipDetSeg-5my88yyytfeq.jpg,0,0,0
RipDetSeg-opvp38sdey1a.jpg,RipDetSeg-1ixt7irnlppe.jpg,0,0,0
RipDetSeg-opf81jbdg6g4.jpg,RipDetSeg-nqb19ortv65x.jpg,0,0,0
RipDetSeg-opkxrs70xkrm.jpg,RipDetSeg-kzo8hgch5c9u.jpg,0,0,0
RipDetSeg-jqymi32ytn1o.jpg,RipDetSeg-179o1lm1r2zl.jpg,0,0,0
RipDetSeg-jr1qe7l0hwbm.jpg,RipDetSeg-fi1y29cppr6a.jpg,0,0,0
RipDetSeg-jr3zyys3hevd.jpg,RipDetSeg-08pkenddmgcr.jpg,0,0,0
RipDetSeg-jpa6cjl3nsk5.jpg,RipDetSeg-0st7mgdirws3.jpg,0,0,0
RipDetSeg-jlnrb4fpwtn4.jpg,RipDetSeg-nf5yw1hx2qgs.jpg,0,0,0
RipDetSeg-orep1ut3onso.jpg,RipDetSeg-4zsskpnpca0t.jpg,0,0,0
RipDetSeg-oroqjzb9shy8.jpg,RipDetSeg-hczexpbs3c8j.jpg,0,0,0
RipDetSeg-jezui6aj6b61.jpg,RipDetSeg-0hb3o0gip9g8.jpg,0,0,0
RipDetSeg-jf8r8734g51p.jpg,RipDetSeg-0s6luvxjjjg4.jpg,0,0,0
RipDetSeg-oumu096oq41s.jpg,RipDetSeg-18hs6sjfs5w3.jpg,0,0,0
RipDetSeg-jfzj46ehiitm.jpg,RipDetSeg-eiswfdzdbdej.jpg,0,0,0
RipDetSeg-otve3npp12eo.jpg,RipDetSeg-v21ls2ixlruc.jpg,0,0,0
RipDetSeg-jtst0rn9nphe.jpg,RipDetSeg-vdvufoor5jmp.jpg,0,0,0
RipDetSeg-jh158v73yifl.jpg,RipDetSeg-i9vjhfrmqywd.jpg,0,0,0
RipDetSeg-jhlzo2qotnlt.jpg,RipDetSeg-r4qluuchqg8u.jpg,0,0,0
RipDetSeg-jtkqlprqt4k1.jpg,RipDetSeg-24vm7hl0qudg.jpg,0,0,0
RipDetSeg-ostg8a20pxqo.jpg,RipDetSeg-f7v2mr7vipoy.jpg,0,0,0
RipDetSeg-osap8ehtu6rv.jpg,RipDetSeg-0n4qd8t7yaa8.jpg,0,0,0
RipDetSeg-jjftwfa17qgl.jpg,RipDetSeg-5tvmh7grh1hg.jpg,0,0,0
RipDetSeg-js8rc4p3wn6i.jpg,RipDetSeg-8e36m2k4ei4h.jpg,0,0,0
RipDetSeg-jk72a676p4eq.jpg,RipDetSeg-n0njgqnikulq.jpg,0,0,0
RipDetSeg-js5nfh369uf6.jpg,RipDetSeg-apolhlu1cf39.jpg,0,0,0
RipDetSeg-jett1lz29fjw.jpg,RipDetSeg-e365dn5kigb5.jpg,0,0,0
RipDetSeg-pgtabmxyzzb8.jpg,RipDetSeg-1btaqwaj5i3c.jpg,0,0,0
RipDetSeg-j0bxcwf8jkk0.jpg,RipDetSeg-06nbhy6f2brc.jpg,0,0,0
RipDetSeg-iyy5klgjiclu.jpg,RipDetSeg-ntugpik5cqw8.jpg,0,0,0
RipDetSeg-ihe1yyv9hppq.jpg,RipDetSeg-fhco7z5cxu4c.jpg,0,0,0
RipDetSeg-k09fvxroh7lf.jpg,RipDetSeg-7zgu3ug2pp8i.jpg,0,0,0
RipDetSeg-ihxcr3xgj7xd.jpg,RipDetSeg-igepj3f6gp77.jpg,0,0,0
RipDetSeg-pd9k1ycaakbo.jpg,RipDetSeg-1elkmw9e8xy9.jpg,0,0,0
RipDetSeg-iiblz5cd038n.jpg,RipDetSeg-wtcnatoifs5i.jpg,0,0,0
RipDetSeg-pd4a2xo91ct3.jpg,RipDetSeg-2z8zwwh70hn3.jpg,0,0,0
RipDetSeg-k0hld6phqorj.jpg,RipDetSeg-9g214md968rj.jpg,0,0,0
RipDetSeg-ok37p6f3duub.jpg,RipDetSeg-ysamevjx6pqi.jpg,0,0,0
RipDetSeg-jzmmvmecx4ug.jpg,RipDetSeg-e10dg24ysl7q.jpg,0,0,0
RipDetSeg-jzjkk6e3xmwo.jpg,RipDetSeg-bemw8xt2mg6u.jpg,0,0,0
RipDetSeg-pbw6g94vm0jz.jpg,RipDetSeg-fi4tvzhqm2s3.jpg,0,0,0
RipDetSeg-jzh9jy8rpqck.jpg,RipDetSeg-32dxrfwcu1ml.jpg,0,0,0
RipDetSeg-pasaz7n5myox.jpg,RipDetSeg-rzu136fuan7l.jpg,0,0,0
RipDetSeg-im10n03fg7v3.jpg,RipDetSeg-407kv9980pvt.jpg,0,0,0
RipDetSeg-pcknpfe8upms.jpg,RipDetSeg-4ar0ex4bki1g.jpg,0,0,0
RipDetSeg-ifybkfz8uegy.jpg,RipDetSeg-fe30yrkkaxuy.jpg,0,0,0
RipDetSeg-if8ozxxxaad3.jpg,RipDetSeg-v7azf6w51cch.jpg,0,0,0
RipDetSeg-pfew9pzp21wn.jpg,RipDetSeg-kib2q3zqe5xx.jpg,0,0,0
RipDetSeg-ojmkl4exzkgd.jpg,RipDetSeg-3hvsnfptg00k.jpg,0,0,0
RipDetSeg-ok1u5d4jdpst.jpg,RipDetSeg-7h9f92ouqgcm.jpg,0,0,0
RipDetSeg-pfqphq7u69j6.jpg,RipDetSeg-7zppzzufl1r4.jpg,0,0,0
RipDetSeg-k0svwpnv5ung.jpg,RipDetSeg-s3rmzcjkn0tm.jpg,0,0,0
RipDetSeg-ibk7md0uxo5r.jpg,RipDetSeg-5ttfjop3a8tt.jpg,0,0,0
RipDetSeg-ickuy1ce8d9m.jpg,RipDetSeg-0f0x2mt0vu0d.jpg,0,0,0
RipDetSeg-icnk9xfbkwbr.jpg,RipDetSeg-l16kqxwxjyv8.jpg,0,0,0
RipDetSeg-pfpl150x21vv.jpg,RipDetSeg-2gsvao5mhtoi.jpg,0,0,0
RipDetSeg-pfjiibuf9e51.jpg,RipDetSeg-7z1sy7srsrxx.jpg,0,0,0
RipDetSeg-id25a2qiu1mm.jpg,RipDetSeg-3g1a36fb1m4q.jpg,0,0,0
RipDetSeg-ida4nxlyaycj.jpg,RipDetSeg-9kemmpz03lu3.jpg,0,0,0
RipDetSeg-idb0id7t8zye.jpg,RipDetSeg-4x7ysxfyzy3j.jpg,0,0,0
RipDetSeg-idvdi74xt8sl.jpg,RipDetSeg-548gmqh2gkq2.jpg,0,0,0
RipDetSeg-ielhhuo8l661.jpg,RipDetSeg-2guay3p8rhtp.jpg,0,0,0
RipDetSeg-ieptqtft84r6.jpg,RipDetSeg-1tp8y74vv2ij.jpg,0,0,0
RipDetSeg-im41cec83zns.jpg,RipDetSeg-2c9vhm2whk15.jpg,0,0,0
RipDetSeg-p1lcff5c642s.jpg,RipDetSeg-2u10xkbl6e0q.jpg,0,0,0
RipDetSeg-imnmbcob1tqc.jpg,RipDetSeg-069fwgj3163y.jpg,0,0,0
RipDetSeg-pagmeqwl1w1o.jpg,RipDetSeg-p1mqh2poul3f.jpg,0,0,0
RipDetSeg-ito9cxx5xf9o.jpg,RipDetSeg-2drbz8ogpt2w.jpg,0,0,0
RipDetSeg-p5fj1tteah9u.jpg,RipDetSeg-4ju2xu2xstk7.jpg,0,0,0
RipDetSeg-p5fi88a2wu11.jpg,RipDetSeg-38b09prg5gpg.jpg,0,0,0
RipDetSeg-p55uxlc5a7b8.jpg,RipDetSeg-1ev0464m02j5.jpg,0,0,0
RipDetSeg-p49ywjoshon8.jpg,RipDetSeg-57l6id7tijav.jpg,0,0,0
RipDetSeg-ix3lh3sziotg.jpg,RipDetSeg-cdz1hsf0ox6r.jpg,0,0,0
RipDetSeg-jzc9s4u9pofg.jpg,RipDetSeg-rmukcjzg6o0f.jpg,0,0,0
RipDetSeg-jyb1iq2p6i5f.jpg,RipDetSeg-a46fjzr7unnk.jpg,0,0,0
RipDetSeg-iy8mgrcbf6y5.jpg,RipDetSeg-651jonc383ar.jpg,0,0,0
RipDetSeg-iy8yur14tgui.jpg,RipDetSeg-1guy5pvaw30r.jpg,0,0,0
RipDetSeg-p3j9y3khn9od.jpg,RipDetSeg-1htlsj7bqejv.jpg,0,0,0
RipDetSeg-iyh407mnyepp.jpg,RipDetSeg-fpw7yxdne59n.jpg,0,0,0
RipDetSeg-jxehdqwj6cbp.jpg,RipDetSeg-1ib29yz3t6h0.jpg,0,0,0
RipDetSeg-iyp4axyrsid3.jpg,RipDetSeg-144iem4mhwc1.jpg,0,0,0
RipDetSeg-oljrj8lms79t.jpg,RipDetSeg-8rlo76dwbrlb.jpg,0,0,0
RipDetSeg-it09n5kbtpz3.jpg,RipDetSeg-bg2ga93traqv.jpg,0,0,0
RipDetSeg-isv4kfph94c3.jpg,RipDetSeg-hpp9m39syv6f.jpg,0,0,0
RipDetSeg-isti0j1zc9bp.jpg,RipDetSeg-deirg746evvd.jpg,0,0,0
RipDetSeg-p9q6k1gx31ju.jpg,RipDetSeg-7ueiu1u5z7cw.jpg,0,0,0
RipDetSeg-p8l9yr8oussx.jpg,RipDetSeg-t5febxdew1za.jpg,0,0,0
RipDetSeg-in8faejfk2ic.jpg,RipDetSeg-gomi2w5yawn4.jpg,0,0,0
RipDetSeg-inpda1n5hphd.jpg,RipDetSeg-e47pg3vputvq.jpg,0,0,0
RipDetSeg-iogl7iy4lyn5.jpg,RipDetSeg-09o781td0isx.jpg,0,0,0
RipDetSeg-iomrrx639hnx.jpg,RipDetSeg-5rczrxjojta2.jpg,0,0,0
RipDetSeg-ipk6w5l632l9.jpg,RipDetSeg-kuvwij0sd7xi.jpg,0,0,0
RipDetSeg-iplr6w5li4mz.jpg,RipDetSeg-4fmefgz3xxmq.jpg,0,0,0
RipDetSeg-p8hsq5my718j.jpg,RipDetSeg-6q9ylitxamin.jpg,0,0,0
RipDetSeg-okdcwygjyfdw.jpg,RipDetSeg-0fl1jcg6nqpi.jpg,0,0,0
RipDetSeg-p745xiqwzjhs.jpg,RipDetSeg-hz6jbeuct22q.jpg,0,0,0
RipDetSeg-p6ufuqlc5zp9.jpg,RipDetSeg-9b1lvidhlvyy.jpg,0,0,0
RipDetSeg-oklwp23m4jbr.jpg,RipDetSeg-0kqvomyudxig.jpg,0,0,0
RipDetSeg-is4ku33rc1og.jpg,RipDetSeg-kncrmznnbxe7.jpg,0,0,0
RipDetSeg-isfo0319f147.jpg,RipDetSeg-6104saxguxbq.jpg,0,0,0
RipDetSeg-imvy1w5u6450.jpg,RipDetSeg-xk0d7cq96jsq.jpg,0,0,0
RipDetSeg-ofag36ruynwk.jpg,RipDetSeg-iiemv3kbs3o7.jpg,0,0,0
RipDetSeg-gtd9jefrafvb.jpg,RipDetSeg-ipiq72xfj5mh.jpg,0,0,0
RipDetSeg-gsubya7hucra.jpg,RipDetSeg-osogkd4tuoyv.jpg,0,0,0
RipDetSeg-kf5vu24ndn8l.jpg,RipDetSeg-1kqpn19jc769.jpg,0,0,0
RipDetSeg-rl9yk9k23exk.jpg,RipDetSeg-lzlyh4wa4qkz.jpg,0,0,0
RipDetSeg-evishxr2ak2k.jpg,RipDetSeg-810nbpo74g2u.jpg,0,0,0
RipDetSeg-rl4r8hhg1vrz.jpg,RipDetSeg-yh238nvwqaal.jpg,0,0,0
RipDetSeg-keyqemdoa175.jpg,RipDetSeg-7yqgiq7kyzan.jpg,0,0,0
RipDetSeg-rksdiw64v7sb.jpg,RipDetSeg-5wtv5uotgrqd.jpg,0,0,0
RipDetSeg-etpnee2d6by8.jpg,RipDetSeg-30ix59reoa3x.jpg,0,0,0
RipDetSeg-rkjpjmcpruic.jpg,RipDetSeg-lr56py7ojmq1.jpg,0,0,0
RipDetSeg-exzf71k6gioi.jpg,RipDetSeg-9x4hhkqixudq.jpg,0,0,0
RipDetSeg-rjv0l96ijlex.jpg,RipDetSeg-1gjcaiksojzy.jpg,0,0,0
RipDetSeg-rjshrhjsbwb6.jpg,RipDetSeg-07z24yh13r5w.jpg,0,0,0
RipDetSeg-rjhctlqf26ix.jpg,RipDetSeg-7h9f92ouqgcm.jpg,0,0,0
RipDetSeg-ezorigmad9nc.jpg,RipDetSeg-8w5quiikfdpc.jpg,0,0,0
RipDetSeg-f0813qfc1jnd.jpg,RipDetSeg-14jl4el2rlz1.jpg,0,0,0
RipDetSeg-rk0xrm33gca3.jpg,RipDetSeg-rcetcaw0mvmd.jpg,0,0,0
RipDetSeg-rly6t8lt8yua.jpg,RipDetSeg-bqcszii5t0nn.jpg,0,0,0
RipDetSeg-eszqqa1nant3.jpg,RipDetSeg-k8ktocnwcsvu.jpg,0,0,0
RipDetSeg-rm22pzw7n7ud.jpg,RipDetSeg-3l9jb3shz109.jpg,0,0,0
RipDetSeg-rpd07oc2ou24.jpg,RipDetSeg-6h42zd2zoeho.jpg,0,0,0
RipDetSeg-eo95xqtyigvr.jpg,RipDetSeg-1kqpn19jc769.jpg,0,0,0
RipDetSeg-rp4ty6gnftkt.jpg,RipDetSeg-lvv4cjmys7p6.jpg,0,0,0
RipDetSeg-kgenuavcg5c6.jpg,RipDetSeg-isnzqjbgctj1.jpg,0,0,0
RipDetSeg-eopwk7i8dsp4.jpg,RipDetSeg-bm3z90pvg2ok.jpg,0,0,0
RipDetSeg-roir63jy2a7t.jpg,RipDetSeg-675vrakxkpp2.jpg,0,0,0
RipDetSeg-rntsy0lu01dj.jpg,RipDetSeg-ksijxefmgnlj.jpg,0,0,0
RipDetSeg-eq8l5uwmamur.jpg,RipDetSeg-wmtcsepxo4w8.jpg,0,0,0
RipDetSeg-eqmfqmyyjh37.jpg,RipDetSeg-0ta4cngi3hgv.jpg,0,0,0
RipDetSeg-rnrhyhf0y237.jpg,RipDetSeg-2juuxoglqlxz.jpg,0,0,0
RipDetSeg-er0h33vakk9x.jpg,RipDetSeg-5t3vf1o7iwks.jpg,0,0,0
RipDetSeg-era4gy61are1.jpg,RipDetSeg-96trnjffn1z1.jpg,0,0,0
RipDetSeg-kfw9lbhj91yz.jpg,RipDetSeg-q8qm5diqh0lx.jpg,0,0,0
RipDetSeg-es3zy34not5t.jpg,RipDetSeg-7yw7z62a9a1q.jpg,0,0,0
RipDetSeg-rn21fttce2fc.jpg,RipDetSeg-g4p4ssf76h61.jpg,0,0,0
RipDetSeg-riloh9h2c9h9.jpg,RipDetSeg-e0nyn1uxtl88.jpg,0,0,0
RipDetSeg-en55lijln05k.jpg,RipDetSeg-d0jkve7tkoae.jpg,0,0,0
RipDetSeg-ric64c95vdiq.jpg,RipDetSeg-6zffq8t3rb0e.jpg,0,0,0
RipDetSeg-rhyb3u3vs8jy.jpg,RipDetSeg-6nfrlqnf8fh5.jpg,0,0,0
RipDetSeg-o9wyxyegy38f.jpg,RipDetSeg-275t13lq3nyw.jpg,0,0,0
RipDetSeg-re7hl6g92qc1.jpg,RipDetSeg-2ysg339szzhz.jpg,0,0,0
RipDetSeg-re18e5l1rly4.jpg,RipDetSeg-973jp3l4idon.jpg,0,0,0
RipDetSeg-f8gfzakzf9eg.jpg,RipDetSeg-yuinswle63w5.jpg,0,0,0
RipDetSeg-rdc8acb2lgcc.jpg,RipDetSeg-p8lgwbv9q13m.jpg,0,0,0
RipDetSeg-rd43h4vtj228.jpg,RipDetSeg-3l9jb3shz109.jpg,0,0,0
RipDetSeg-f7ozlihro1ne.jpg,RipDetSeg-0kqvomyudxig.jpg,0,0,0
RipDetSeg-fag56k0ucq18.jpg,RipDetSeg-2nsvrz9ombrt.jpg,0,0,0
RipDetSeg-kdt9pfggvspw.jpg,RipDetSeg-2ypazxi4oxa0.jpg,0,0,0
RipDetSeg-fbo97hvrwgl8.jpg,RipDetSeg-s5b3p2ai3lwq.jpg,0,0,0
RipDetSeg-oab95ifr6mgq.jpg,RipDetSeg-10vmkzdmqw6a.jpg,0,0,0
RipDetSeg-fc19xw34rnms.jpg,RipDetSeg-imvm2i8dlsz7.jpg,0,0,0
RipDetSeg-fc1qa7btchv8.jpg,RipDetSeg-f8i1ds3jf6eq.jpg,0,0,0
RipDetSeg-fcd8el3zx1u1.jpg,RipDetSeg-0pujao1j3sp3.jpg,0,0,0
RipDetSeg-fb1208kcilmg.jpg,RipDetSeg-1rweonqlan5t.jpg,0,0,0
RipDetSeg-reo41w47lsfh.jpg,RipDetSeg-32h79vb2owwb.jpg,0,0,0
RipDetSeg-f78s054gu1f3.jpg,RipDetSeg-275t13lq3nyw.jpg,0,0,0
RipDetSeg-rep3zcfw3m8j.jpg,RipDetSeg-0tizz1pxt24h.jpg,0,0,0
RipDetSeg-f2ix12glc8kr.jpg,RipDetSeg-rn5ey3aik13y.jpg,0,0,0
RipDetSeg-f2oe8iuynvyl.jpg,RipDetSeg-67ornskx0e40.jpg,0,0,0
RipDetSeg-f2q7lxqu9z0d.jpg,RipDetSeg-ar4ir9i2rncn.jpg,0,0,0
RipDetSeg-kehbcqjxg6ju.jpg,RipDetSeg-0cjqy1x3sx6j.jpg,0,0,0
RipDetSeg-f2v81shyzlwp.jpg,RipDetSeg-bm5xumxpr7bo.jpg,0,0,0
RipDetSeg-rh7ziapd8o4o.jpg,RipDetSeg-5rjfjvjozeyj.jpg,0,0,0
RipDetSeg-f51ec0td9syr.jpg,RipDetSeg-biiecnrk8pl6.jpg,0,0,0
RipDetSeg-f5cgwdft06d8.jpg,RipDetSeg-bjs616kiaoqt.jpg,0,0,0
RipDetSeg-rh5iuslr8xil.jpg,RipDetSeg-2ypuc501dq0j.jpg,0,0,0
RipDetSeg-f5utso86k7eq.jpg,RipDetSeg-dd8csjwe9dfr.jpg,0,0,0
RipDetSeg-f5yembev8dzo.jpg,RipDetSeg-3eskp95f01lz.jpg,0,0,0
RipDetSeg-rf3jy04ow4az.jpg,RipDetSeg-johx2uiyp5ku.jpg,0,0,0
RipDetSeg-o9p7vgqb069g.jpg,RipDetSeg-lkt51auzf79e.jpg,0,0,0
RipDetSeg-f6nr9m51j1tj.jpg,RipDetSeg-hkfy3hmihfnl.jpg,0,0,0
RipDetSeg-o9t038dr1z7c.jpg,RipDetSeg-q4jlpd97hnqd.jpg,0,0,0
RipDetSeg-ri3zvyq3ll7b.jpg,RipDetSeg-eatqqnuqkcce.jpg,0,0,0
RipDetSeg-fdb360b3i8vm.jpg,RipDetSeg-4m6268wavgcr.jpg,0,0,0
RipDetSeg-kgqg8uy3w2an.jpg,RipDetSeg-8h51jlonit7k.jpg,0,0,0
RipDetSeg-rqxb8odn7si3.jpg,RipDetSeg-9hzofwnq3l1s.jpg,0,0,0
RipDetSeg-e411c7lkqigt.jpg,RipDetSeg-069fwgj3163y.jpg,0,0,0
RipDetSeg-o8ei0awehptl.jpg,RipDetSeg-099v7gtyb0rn.jpg,0,0,0
RipDetSeg-e55zzns7wmgq.jpg,RipDetSeg-tcdzk38sjczd.jpg,0,0,0
RipDetSeg-rz9fw9at5aaz.jpg,RipDetSeg-bwatbpo288sy.jpg,0,0,0
RipDetSeg-rz8rude38jzs.jpg,RipDetSeg-12j9xzvtgfxp.jpg,0,0,0
RipDetSeg-e6n8i86o6v91.jpg,RipDetSeg-4vpab08dkuex.jpg,0,0,0
RipDetSeg-rzw6rxvo2oct.jpg,RipDetSeg-0cuosx0jdogg.jpg,0,0,0
RipDetSeg-rz2kwbip0nft.jpg,RipDetSeg-9fy02iy8s1z7.jpg,0,0,0
RipDetSeg-e86v0xhknzzl.jpg,RipDetSeg-vqa72mpg2cf6.jpg,0,0,0
RipDetSeg-e8g5r9ip11hz.jpg,RipDetSeg-58mkzli8oazo.jpg,0,0,0
RipDetSeg-e8jhtrrkthrh.jpg,RipDetSeg-c5a6ro02krj7.jpg,0,0,0
RipDetSeg-e8tqi5xcq35p.jpg,RipDetSeg-4u4lhdd6qamq.jpg,0,0,0
RipDetSeg-ry686azxv5qv.jpg,RipDetSeg-icnbc6inwc60.jpg,0,0,0
RipDetSeg-rxpzswcbcrpa.jpg,RipDetSeg-6yu8kwcoln2u.jpg,0,0,0
RipDetSeg-ryq8cyn0b9zb.jpg,RipDetSeg-lqi7tkgeha4q.jpg,0,0,0
RipDetSeg-e2u37btf5vsa.jpg,RipDetSeg-j83kb4cgu6h6.jpg,0,0,0
RipDetSeg-e2t7cutly1mt.jpg,RipDetSeg-04lyum528vf8.jpg,0,0,0
RipDetSeg-s0eppjle9bn0.jpg,RipDetSeg-bba9t2rg44fk.jpg,0,0,0
RipDetSeg-s5nviixmaetq.jpg,RipDetSeg-lr56py7ojmq1.jpg,0,0,0
RipDetSeg-dw1ob9dlnnzr.jpg,RipDetSeg-l7lbbuzjyzgw.jpg,0,0,0
RipDetSeg-dw2bj2a3347n.jpg,RipDetSeg-e9iw92bljuax.jpg,0,0,0
RipDetSeg-dw86r5tre2fl.jpg,RipDetSeg-2tscvynmuomq.jpg,0,0,0
RipDetSeg-s595xexnfoir.jpg,RipDetSeg-2a3pma7iblo4.jpg,0,0,0
RipDetSeg-s55p9o58hnfb.jpg,RipDetSeg-4m6268wavgcr.jpg,0,0,0
RipDetSeg-s3w6i3rql2gf.jpg,RipDetSeg-0fl1jcg6nqpi.jpg,0,0,0
RipDetSeg-s2n1c676w0la.jpg,RipDetSeg-855gt95kop76.jpg,0,0,0
RipDetSeg-dzzva6n8csaf.jpg,RipDetSeg-fbuk1gmsg449.jpg,0,0,0
RipDetSeg-s2kzf3vyqhe3.jpg,RipDetSeg-rjlljlajydcm.jpg,0,0,0
RipDetSeg-e0mk0t3u6sqr.jpg,RipDetSeg-ywhtv0xguut0.jpg,0,0,0
RipDetSeg-kk8sfapyl1p6.jpg,RipDetSeg-t3ro74ql1n84.jpg,0,0,0
RipDetSeg-s282ilmos6jm.jpg,RipDetSeg-rhiwv3ehufah.jpg,0,0,0
RipDetSeg-e1h691hg56co.jpg,RipDetSeg-py0t2ye4v5jn.jpg,0,0,0
RipDetSeg-s0yixfuw97tu.jpg,RipDetSeg-bhb8oslw9ykt.jpg,0,0,0
RipDetSeg-rxbfwjg0fl4t.jpg,RipDetSeg-lo9lclbamy9h.jpg,0,0,0
RipDetSeg-rqn88xhlzfsy.jpg,RipDetSeg-batmvq90fdlf.jpg,0,0,0
RipDetSeg-ebpbsm4yrphe.jpg,RipDetSeg-tf49d856ux49.jpg,0,0,0
RipDetSeg-kj792z7or59v.jpg,RipDetSeg-djkitgc2kfa3.jpg,0,0,0
RipDetSeg-rtaa4y3zk9qi.jpg,RipDetSeg-2z8zwwh70hn3.jpg,0,0,0
RipDetSeg-ei1hbtsdnbvs.jpg,RipDetSeg-rwtu8t5y8i4p.jpg,0,0,0
RipDetSeg-ei5wczd1vikc.jpg,RipDetSeg-apolhlu1cf39.jpg,0,0,0
RipDetSeg-ei93fpydqarx.jpg,RipDetSeg-jwdn4dike5yz.jpg,0,0,0
RipDetSeg-rta4owe9sxx3.jpg,RipDetSeg-rpwxcn2whdqh.jpg,0,0,0
RipDetSeg-eiwu9d7rk6qn.jpg,RipDetSeg-rx2x2pkp3qmf.jpg,0,0,0
RipDetSeg-ehux23at4xm6.jpg,RipDetSeg-7da7toaotisw.jpg,0,0,0
RipDetSeg-khv4mnvdg1ik.jpg,RipDetSeg-0n33ikgn1wo8.jpg,0,0,0
RipDetSeg-rrbzcxxfym4e.jpg,RipDetSeg-152irtd0oh40.jpg,0,0,0
RipDetSeg-rr8uz0via2v9.jpg,RipDetSeg-nd3gvzk1mubu.jpg,0,0,0
RipDetSeg-rr78m54lf026.jpg,RipDetSeg-kyk1kkyc5o4z.jpg,0,0,0
RipDetSeg-ekoliud6j9u5.jpg,RipDetSeg-33mbq3edfu91.jpg,0,0,0
RipDetSeg-kh8a6r5l1vn2.jpg,RipDetSeg-csitwbzt7r2u.jpg,0,0,0
RipDetSeg-eld60g3tm8y7.jpg,RipDetSeg-moxfgvu3e2ff.jpg,0,0,0
RipDetSeg-o8rabe12mgio.jpg,RipDetSeg-lyjze98sau4n.jpg,0,0,0
RipDetSeg-rtjh3q7c7wtd.jpg,RipDetSeg-7wmhqlfyx3w2.jpg,0,0,0
RipDetSeg-ehg6do5twu6t.jpg,RipDetSeg-7nmtmhdqzsh2.jpg,0,0,0
RipDetSeg-rtzn4fqj9ctu.jpg,RipDetSeg-ss50sdhazrib.jpg,0,0,0
RipDetSeg-ecm7pz59wc6q.jpg,RipDetSeg-3nm63bjlc02k.jpg,0,0,0
RipDetSeg-kirqpg3e1uj4.jpg,RipDetSeg-pwggmjmcq3rp.jpg,0,0,0
RipDetSeg-ed1s5icb1ndz.jpg,RipDetSeg-bnh8w13jnatx.jpg,0,0,0
RipDetSeg-rw6ytx3c1pte.jpg,RipDetSeg-5ae97ay4oenq.jpg,0,0,0
RipDetSeg-edtwf597da5n.jpg,RipDetSeg-4bww5fq1zrog.jpg,0,0,0
RipDetSeg-ee0p7gtfxnwd.jpg,RipDetSeg-ntsgadsbyucd.jpg,0,0,0
RipDetSeg-rw6whuduy9lz.jpg,RipDetSeg-38qcjbdj08r5.jpg,0,0,0
RipDetSeg-ee63nnebx54s.jpg,RipDetSeg-wx7i33pksuw9.jpg,0,0,0
RipDetSeg-eeq9zjt3fgpp.jpg,RipDetSeg-z3rxjl2ylisg.jpg,0,0,0
RipDetSeg-rvx08soc9zcb.jpg,RipDetSeg-ayzi9me70i91.jpg,0,0,0
RipDetSeg-rvsb0whluytx.jpg,RipDetSeg-0zwc1vwm5de1.jpg,0,0,0
RipDetSeg-rvcshi42pxs8.jpg,RipDetSeg-3ojmfmwbowkf.jpg,0,0,0
RipDetSeg-rv2wfx9xs0vw.jpg,RipDetSeg-d8qsa29rqij3.jpg,0,0,0
RipDetSeg-ruupjbckmd0q.jpg,RipDetSeg-hyyrvofpcogv.jpg,0,0,0
RipDetSeg-rumvg8dfapet.jpg,RipDetSeg-e9zljx5gvcmq.jpg,0,0,0
RipDetSeg-ebrcygvpepx3.jpg,RipDetSeg-8ac96rnsanz3.jpg,0,0,0
RipDetSeg-ffhgci21hps6.jpg,RipDetSeg-5tnecm83gb3f.jpg,0,0,0
RipDetSeg-ffl8m4664x6h.jpg,RipDetSeg-gsvkniguy351.jpg,0,0,0
RipDetSeg-fg254jlnm782.jpg,RipDetSeg-bl9r2glo7dl3.jpg,0,0,0
RipDetSeg-qpvdjwvazcbz.jpg,RipDetSeg-sjifekyvh1yp.jpg,0,0,0
RipDetSeg-qpj3qr53971c.jpg,RipDetSeg-8qjvhd3s66zp.jpg,0,0,0
RipDetSeg-gcsofdgfglfm.jpg,RipDetSeg-3nzzsg9l8p52.jpg,0,0,0
RipDetSeg-gcy9amvi5ibq.jpg,RipDetSeg-j9475i8y45j1.jpg,0,0,0
RipDetSeg-gd7h7dbqpoqo.jpg,RipDetSeg-80hb5t903rce.jpg,0,0,0
RipDetSeg-k821bfoguh8p.jpg,RipDetSeg-7bns0lfkgeea.jpg,0,0,0
RipDetSeg-k82ycfhtyb0a.jpg,RipDetSeg-yfc54nkn4ftd.jpg,0,0,0
RipDetSeg-qniu59ydfkvr.jpg,RipDetSeg-tjz6whaj1xk7.jpg,0,0,0
RipDetSeg-gfeyiagom5du.jpg,RipDetSeg-nlhon73xlzu0.jpg,0,0,0
RipDetSeg-oe7m8dsinxw9.jpg,RipDetSeg-rzvad8zvs5tm.jpg,0,0,0
RipDetSeg-gfnd33dkdg94.jpg,RipDetSeg-agw9hwefhf8o.jpg,0,0,0
RipDetSeg-gfog48ugbrhw.jpg,RipDetSeg-8bek4jnqkvkk.jpg,0,0,0
RipDetSeg-ggbae3qgs011.jpg,RipDetSeg-w9618t51ap6y.jpg,0,0,0
RipDetSeg-ggbn1m0wwzmt.jpg,RipDetSeg-675vrakxkpp2.jpg,0,0,0
RipDetSeg-gfdujbtu9w35.jpg,RipDetSeg-d6l4knjtfzm4.jpg,0,0,0
RipDetSeg-ga8hp0l2a3gy.jpg,RipDetSeg-aaw9hiz3rias.jpg,0,0,0
RipDetSeg-g9xwkljew47v.jpg,RipDetSeg-m0dp0fziaqvh.jpg,0,0,0
RipDetSeg-qqwk8a9b3eri.jpg,RipDetSeg-7rp43g5dpcjs.jpg,0,0,0
RipDetSeg-qt0nun24qaqn.jpg,RipDetSeg-0a3kal20vq3s.jpg,0,0,0
RipDetSeg-oe6czs3d2eyt.jpg,RipDetSeg-4iij8v4vfhvs.jpg,0,0,0
RipDetSeg-g6hyplzvxf50.jpg,RipDetSeg-3z8xyjz5v3xx.jpg,0,0,0
RipDetSeg-k88vh8bspvct.jpg,RipDetSeg-gyps8zq2eqgm.jpg,0,0,0
RipDetSeg-g6renxqif59g.jpg,RipDetSeg-t3xic0wbbqxi.jpg,0,0,0
RipDetSeg-qs6gh4ie23by.jpg,RipDetSeg-025xi9ax1wnf.jpg,0,0,0
RipDetSeg-g846y1wf774j.jpg,RipDetSeg-9jbcroy4gz2l.jpg,0,0,0
RipDetSeg-qre14r6333hp.jpg,RipDetSeg-t3jud6nlzea5.jpg,0,0,0
RipDetSeg-g8g1djrpz9ev.jpg,RipDetSeg-32abfgat76x9.jpg,0,0,0
RipDetSeg-g8kksumd1ivm.jpg,RipDetSeg-r6re5vzk4z0b.jpg,0,0,0
RipDetSeg-g8ucdry87o3g.jpg,RipDetSeg-0fq8n7abk4sm.jpg,0,0,0
RipDetSeg-qrch7ziv2jcf.jpg,RipDetSeg-rcm2v6r3nhgs.jpg,0,0,0
RipDetSeg-g96fs8v13lsa.jpg,RipDetSeg-cfodt9755j3q.jpg,0,0,0
RipDetSeg-g9gjk3oaayn2.jpg,RipDetSeg-otlz4hi84o2x.jpg,0,0,0
RipDetSeg-g9o07gix7re2.jpg,RipDetSeg-03oaonqhr9o2.jpg,0,0,0
RipDetSeg-ggoqkd1men5y.jpg,RipDetSeg-5680ky2llsch.jpg,0,0,0
RipDetSeg-g5g26nbv8779.jpg,RipDetSeg-7zgu3ug2pp8i.jpg,0,0,0
RipDetSeg-ggp6jf54ske4.jpg,RipDetSeg-0f0x2mt0vu0d.jpg,0,0,0
RipDetSeg-qmvzlc75dw2h.jpg,RipDetSeg-0ckag7nbnj2q.jpg,0,0,0
RipDetSeg-qhuxt4tgr1ic.jpg,RipDetSeg-tvxxqo88tpbe.jpg,0,0,0
RipDetSeg-gmhngn2xr670.jpg,RipDetSeg-w9ip5ee62mgx.jpg,0,0,0
RipDetSeg-gmnf9x8k69vv.jpg,RipDetSeg-bkgcgcrdcahl.jpg,0,0,0
RipDetSeg-qhoxzejcgjn8.jpg,RipDetSeg-aw6yndgddn9y.jpg,0,0,0
RipDetSeg-gp0f9je9ynny.jpg,RipDetSeg-7l3z83kyyjj7.jpg,0,0,0
RipDetSeg-gpca7amnfgev.jpg,RipDetSeg-pbx49pxbgdbf.jpg,0,0,0
RipDetSeg-gm02cu4wsurg.jpg,RipDetSeg-28xl707uakcr.jpg,0,0,0
RipDetSeg-qgkkgjkkt4be.jpg,RipDetSeg-84c953grmvr9.jpg,0,0,0
RipDetSeg-gq7dmu8kjfbg.jpg,RipDetSeg-2zs8rnsvpeot.jpg,0,0,0
RipDetSeg-qf9vu0bnsbtg.jpg,RipDetSeg-15g8abtsjv6d.jpg,0,0,0
RipDetSeg-gqsc32b2p91b.jpg,RipDetSeg-12j9xzvtgfxp.jpg,0,0,0
RipDetSeg-gr7vlmizh9ww.jpg,RipDetSeg-3l39vxjgwdct.jpg,0,0,0
RipDetSeg-k741pdfb076v.jpg,RipDetSeg-me6onydxnm7y.jpg,0,0,0
RipDetSeg-qem12zk1lnfk.jpg,RipDetSeg-by3eba4w86xm.jpg,0,0,0
RipDetSeg-gprd03290owj.jpg,RipDetSeg-077z1ed72p7d.jpg,0,0,0
RipDetSeg-glz082z2qg3h.jpg,RipDetSeg-3f7pke8mfuyx.jpg,0,0,0
RipDetSeg-qi5f8ujfwets.jpg,RipDetSeg-swm6vsypdh4n.jpg,0,0,0
RipDetSeg-glkf9r5zuv8s.jpg,RipDetSeg-2c9vhm2whk15.jpg,0,0,0
RipDetSeg-ql63butr3ifo.jpg,RipDetSeg-enbko4i5702p.jpg,0,0,0
RipDetSeg-gihc6emaoglx.jpg,RipDetSeg-h25oqaxwsy4x.jpg,0,0,0
RipDetSeg-givi0h1lnoku.jpg,RipDetSeg-a991f2uojhrv.jpg,0,0,0
RipDetSeg-gjdlcoaqt1mk.jpg,RipDetSeg-27m3naj84z1y.jpg,0,0,0
RipDetSeg-qk4e7ct3zcsc.jpg,RipDetSeg-ab1g8y134rqa.jpg,0,0,0
RipDetSeg-qjn6fajdtjls.jpg,RipDetSeg-49y7gkfuyyob.jpg,0,0,0
RipDetSeg-qjhl4wfl5v03.jpg,RipDetSeg-522uzc88cada.jpg,0,0,0
RipDetSeg-gjpq7s1r8hf0.jpg,RipDetSeg-q4jlpd97hnqd.jpg,0,0,0
RipDetSeg-qje72p052gwp.jpg,RipDetSeg-293lnrqtlb8x.jpg,0,0,0
RipDetSeg-gjyvynpy1gco.jpg,RipDetSeg-4tzkd4lvyvxs.jpg,0,0,0
RipDetSeg-gjzxs9l833og.jpg,RipDetSeg-tvxxqo88tpbe.jpg,0,0,0
RipDetSeg-qj7vwdlv211e.jpg,RipDetSeg-0zbbpks3zoo0.jpg,0,0,0
RipDetSeg-gkie42j8qabi.jpg,RipDetSeg-6gzyxdl5hl0q.jpg,0,0,0
RipDetSeg-gkw4322rw984.jpg,RipDetSeg-1gi1u1mpvft4.jpg,0,0,0
RipDetSeg-qi9wb8e86art.jpg,RipDetSeg-79ixx5xhrchk.jpg,0,0,0
RipDetSeg-ggsseocosasq.jpg,RipDetSeg-0duab0dd4k3n.jpg,0,0,0
RipDetSeg-odqvu3mcejg4.jpg,RipDetSeg-4fa12hrw1b4u.jpg,0,0,0
RipDetSeg-qt9cxqk11qtr.jpg,RipDetSeg-7lx6hf5qyvic.jpg,0,0,0
RipDetSeg-g4bxuxwjmvh1.jpg,RipDetSeg-0akc1edvag88.jpg,0,0,0
RipDetSeg-oax5nuwlebk0.jpg,RipDetSeg-u6r1tdr7wosn.jpg,0,0,0
RipDetSeg-fmujhq3gar2p.jpg,RipDetSeg-i5owa9ykmka0.jpg,0,0,0
RipDetSeg-fmwwi686839f.jpg,RipDetSeg-f61btsxlnhfl.jpg,0,0,0
RipDetSeg-fn8en7msnzjv.jpg,RipDetSeg-7bns0lfkgeea.jpg,0,0,0
RipDetSeg-folrg3s4x0dt.jpg,RipDetSeg-f98u22acjc6x.jpg,0,0,0
RipDetSeg-r3z3zit86otz.jpg,RipDetSeg-bu20vwqfbvi4.jpg,0,0,0
RipDetSeg-kcpz5mep9isb.jpg,RipDetSeg-apy4qvibxcl2.jpg,0,0,0
RipDetSeg-fp2d1gafvd0c.jpg,RipDetSeg-fvuozrjkzui2.jpg,0,0,0
RipDetSeg-fplb4m7pxhvh.jpg,RipDetSeg-8vul7kgep3am.jpg,0,0,0
RipDetSeg-fpvyvl6fvcy3.jpg,RipDetSeg-axwev2x9cl2g.jpg,0,0,0
RipDetSeg-fpwud2mleyhv.jpg,RipDetSeg-dszkzf6wdygt.jpg,0,0,0
RipDetSeg-r2z46ej2lpxn.jpg,RipDetSeg-1sg1shplmuk5.jpg,0,0,0
RipDetSeg-fr2p5q6qoerr.jpg,RipDetSeg-hc4rbygfskks.jpg,0,0,0
RipDetSeg-frt32xgzc3lw.jpg,RipDetSeg-b9v2n99bt5ft.jpg,0,0,0
RipDetSeg-fphwp6agkyat.jpg,RipDetSeg-1htlsj7bqejv.jpg,0,0,0
RipDetSeg-flqr7tvgtqmu.jpg,RipDetSeg-edfa0jn0offq.jpg,0,0,0
RipDetSeg-r7axosbsd5qc.jpg,RipDetSeg-71ztr1y6c2ik.jpg,0,0,0
RipDetSeg-r7bjj6b5usf0.jpg,RipDetSeg-wd9thjs0vip5.jpg,0,0,0
RipDetSeg-kdgjvnlks887.jpg,RipDetSeg-04dzzfhm2khb.jpg,0,0,0
RipDetSeg-rbo62r1a5qqc.jpg,RipDetSeg-arw8rz6icdqw.jpg,0,0,0
RipDetSeg-fh302z4jovym.jpg,RipDetSeg-3nyagrztr07y.jpg,0,0,0
RipDetSeg-rbg6w5fwl5ny.jpg,RipDetSeg-sti08zzrbwbf.jpg,0,0,0
RipDetSeg-fikbip3x9xq0.jpg,RipDetSeg-d260g9htflfd.jpg,0,0,0
RipDetSeg-fip1o58x1sj8.jpg,RipDetSeg-258f82qunp1i.jpg,0,0,0
RipDetSeg-ras9csiqp153.jpg,RipDetSeg-bq167186lriw.jpg,0,0,0
RipDetSeg-kd52jyn39tmu.jpg,RipDetSeg-jexzq8b2b6pr.jpg,0,0,0
RipDetSeg-ra5s6ibhaorm.jpg,RipDetSeg-grrfegf2y2zc.jpg,0,0,0
RipDetSeg-r9gdq2fv7guf.jpg,RipDetSeg-aoy6ks72gkst.jpg,0,0,0
RipDetSeg-fk043wm86oeh.jpg,RipDetSeg-0sqtdeql9ugw.jpg,0,0,0
RipDetSeg-r8j494rcx2mc.jpg,RipDetSeg-wm06rjqbcyl7.jpg,0,0,0
RipDetSeg-r8629uaulzgr.jpg,RipDetSeg-vtguvzasee2j.jpg,0,0,0
RipDetSeg-fkkx6jx7v8op.jpg,RipDetSeg-fwbvchpkt7fh.jpg,0,0,0
RipDetSeg-fkwud58dew22.jpg,RipDetSeg-5ee7ne3msqzm.jpg,0,0,0
RipDetSeg-frtqjt7a2k6o.jpg,RipDetSeg-3u2qzfl2orus.jpg,0,0,0
RipDetSeg-obnc85zaq88c.jpg,RipDetSeg-2gw38iz8jodi.jpg,0,0,0
RipDetSeg-r27ts6nfwvuh.jpg,RipDetSeg-c6vi46tu9elf.jpg,0,0,0
RipDetSeg-fsl1fyhoys5d.jpg,RipDetSeg-n0njgqnikulq.jpg,0,0,0
RipDetSeg-fxvbtggr2mje.jpg,RipDetSeg-7l4hwiwrtr02.jpg,0,0,0
RipDetSeg-qzsnfs3gckmv.jpg,RipDetSeg-efu4jbewg3am.jpg,0,0,0
RipDetSeg-qzg6s3fh9j0c.jpg,RipDetSeg-47kc2as1x1wy.jpg,0,0,0
RipDetSeg-fze6gi2qvbqt.jpg,RipDetSeg-4tzkd4lvyvxs.jpg,0,0,0
RipDetSeg-fzo5svoj702k.jpg,RipDetSeg-izxswdbybxfe.jpg,0,0,0
RipDetSeg-qyhwayyhba42.jpg,RipDetSeg-7zgu3ug2pp8i.jpg,0,0,0
RipDetSeg-qy96n56tdz6j.jpg,RipDetSeg-14389puhvxl5.jpg,0,0,0
RipDetSeg-qxem48bxrtgx.jpg,RipDetSeg-fvrwgmboi5a5.jpg,0,0,0
RipDetSeg-qwebil8ugyds.jpg,RipDetSeg-a8ajhs4e8u0z.jpg,0,0,0
RipDetSeg-qvw8mcqa4to5.jpg,RipDetSeg-fus7nbnnedqu.jpg,0,0,0
RipDetSeg-od6h9t1t5zr8.jpg,RipDetSeg-sti08zzrbwbf.jpg,0,0,0
RipDetSeg-odc9iywpis0d.jpg,RipDetSeg-5cg9rzllnmea.jpg,0,0,0
RipDetSeg-g34bpdrd01b9.jpg,RipDetSeg-c04flgq27fny.jpg,0,0,0
RipDetSeg-qtmhmefma5rm.jpg,RipDetSeg-i5owa9ykmka0.jpg,0,0,0
RipDetSeg-qtl0f43wnb1u.jpg,RipDetSeg-1ixt7irnlppe.jpg,0,0,0
RipDetSeg-fxpby77h4lb9.jpg,RipDetSeg-ta82i44virug.jpg,0,0,0
RipDetSeg-83oz8154md23.jpg,RipDetSeg-86hbo24rkjk7.jpg,0,0,0
RipDetSeg-obrxdym3ci3j.jpg,RipDetSeg-jdz0it6rtkjt.jpg,0,0,0
RipDetSeg-fwvf5ctr92e6.jpg,RipDetSeg-34z85qhubj43.jpg,0,0,0
RipDetSeg-fszzlz0x4qvo.jpg,RipDetSeg-nke6ztoqgb5a.jpg,0,0,0
RipDetSeg-ftazw14sb13m.jpg,RipDetSeg-69i1d54m2pqj.jpg,0,0,0
RipDetSeg-kbydz3vkj7hr.jpg,RipDetSeg-gpwnzdtk4d9r.jpg,0,0,0
RipDetSeg-fthcwtn5njc0.jpg,RipDetSeg-3jz57azlxj2o.jpg,0,0,0
RipDetSeg-r23fqpb5yt5y.jpg,RipDetSeg-ik4m28zzrvxc.jpg,0,0,0
RipDetSeg-obrtxi227e9w.jpg,RipDetSeg-0ruhfuunis7y.jpg,0,0,0
RipDetSeg-fv60s7skh9fy.jpg,RipDetSeg-q8qm5diqh0lx.jpg,0,0,0
RipDetSeg-r1o1eq6wmh9q.jpg,RipDetSeg-ioygxwhp3nbg.jpg,0,0,0
RipDetSeg-r1igxd3uho2j.jpg,RipDetSeg-j6k6f4er3a76.jpg,0,0,0
RipDetSeg-fvcbn4yyrxhn.jpg,RipDetSeg-19kyo0agsujr.jpg,0,0,0
RipDetSeg-r17i0nn371tu.jpg,RipDetSeg-fvqmbltl3ys8.jpg,0,0,0
RipDetSeg-r139x57mmz2y.jpg,RipDetSeg-9oktfcenpwn1.jpg,0,0,0
RipDetSeg-r10bunx5sx08.jpg,RipDetSeg-gfrnjmfgvc2l.jpg,0,0,0
RipDetSeg-r0527g4odcyq.jpg,RipDetSeg-fh65y1o16vca.jpg,0,0,0
RipDetSeg-fwr4kjlixs0c.jpg,RipDetSeg-bqwnqfiewonx.jpg,0,0,0
RipDetSeg-fx3mh2kgkhut.jpg,RipDetSeg-fa0rgi5cexe5.jpg,0,0,0
RipDetSeg-837tx6nwn7c6.jpg,RipDetSeg-32xp8u4m60er.jpg,0,0,0
RipDetSeg-jrmbj2eod16n.jpg,RipDetSeg-2qeobthxkrne.jpg,0,0,0
RipDetSeg-xu8ttybjk4zb.jpg,RipDetSeg-0nbc0qc8uo44.jpg,0,0,0
RipDetSeg-x5n5t73i66x7.jpg,RipDetSeg-103pfa0y6ot6.jpg,0,0,0
RipDetSeg-4wjx1yg4lexu.jpg,RipDetSeg-0ulagx1o4133.jpg,0,0,0
RipDetSeg-1y2hwqo2gtwz.jpg,RipDetSeg-6rp3dw21oe8q.jpg,0,0,0
RipDetSeg-n9exglafm7ta.jpg,RipDetSeg-cifz1h2ch9kc.jpg,0,0,0
RipDetSeg-1zlxzlbsv7mk.jpg,RipDetSeg-9khijpy029zc.jpg,0,0,0
RipDetSeg-20atrtvbey3o.jpg,RipDetSeg-63w2p322dhut.jpg,0,0,0
RipDetSeg-x5xyg8umjgvw.jpg,RipDetSeg-rgajq8a8ul32.jpg,0,0,0
RipDetSeg-4vcgfa9h9tim.jpg,RipDetSeg-h1ovmndownw7.jpg,0,0,0
RipDetSeg-4vao2dswyyqz.jpg,RipDetSeg-48q3dfeg3g53.jpg,0,0,0
RipDetSeg-4v7i8hhwwizj.jpg,RipDetSeg-bemw8xt2mg6u.jpg,0,0,0
RipDetSeg-x619j8rm0bua.jpg,RipDetSeg-86afs8wdh0vl.jpg,0,0,0
RipDetSeg-ywr3vhtkb2vp.jpg,RipDetSeg-8qjhp68vxoky.jpg,0,0,0
RipDetSeg-20hnk9a14i3q.jpg,RipDetSeg-0jm3pkd5rvds.jpg,0,0,0
RipDetSeg-x8vlpr3qo8ne.jpg,RipDetSeg-03gicawip28g.jpg,0,0,0
RipDetSeg-x95e2v9l4mn4.jpg,RipDetSeg-2a3pma7iblo4.jpg,0,0,0
RipDetSeg-4strmrdy8fgj.jpg,RipDetSeg-b3kdyeali4s7.jpg,0,0,0
RipDetSeg-x9bz2r2duv0n.jpg,RipDetSeg-a5s7gtmioyub.jpg,0,0,0
RipDetSeg-21e060zbd8v1.jpg,RipDetSeg-apfspggnn0w3.jpg,0,0,0
RipDetSeg-4sgjs8eukbas.jpg,RipDetSeg-5kiqobk7opyp.jpg,0,0,0
RipDetSeg-4s88blylaecr.jpg,RipDetSeg-jjym15e3jkpo.jpg,0,0,0
RipDetSeg-ngbqfocuyek1.jpg,RipDetSeg-bq52qte9dtaw.jpg,0,0,0
RipDetSeg-yvw00ysd9uaf.jpg,RipDetSeg-0lmt4eriu275.jpg,0,0,0
RipDetSeg-x9lcc13mji60.jpg,RipDetSeg-ayagbutwrrvs.jpg,0,0,0
RipDetSeg-4s004n9owbpc.jpg,RipDetSeg-jl5q1yh0fcif.jpg,0,0,0
RipDetSeg-x724msycrj5o.jpg,RipDetSeg-enrdhv8n2qk0.jpg,0,0,0
RipDetSeg-4rvcjet02pw0.jpg,RipDetSeg-zso1xqg6786a.jpg,0,0,0
RipDetSeg-1xy6v1le2vqf.jpg,RipDetSeg-02w57uvx6jev.jpg,0,0,0
RipDetSeg-x51jp3n159q4.jpg,RipDetSeg-ktagzyzd30y3.jpg,0,0,0
RipDetSeg-x2g7dpys3ygp.jpg,RipDetSeg-ehy6kayn0ro6.jpg,0,0,0
RipDetSeg-51ew8t6w6929.jpg,RipDetSeg-s605e7f00hvt.jpg,0,0,0
RipDetSeg-51ec5f5at7o0.jpg,RipDetSeg-638ut4foekwv.jpg,0,0,0
RipDetSeg-yydw33lzntou.jpg,RipDetSeg-6g5auew8lt9p.jpg,0,0,0
RipDetSeg-50ru520ot9g1.jpg,RipDetSeg-dmfkblwhu2u9.jpg,0,0,0
RipDetSeg-yycopzi97rq3.jpg,RipDetSeg-c9s6brfag67g.jpg,0,0,0
RipDetSeg-x2tgujat0wol.jpg,RipDetSeg-yd538c7bhhic.jpg,0,0,0
RipDetSeg-x30litm1ahnj.jpg,RipDetSeg-wuy7nrli493t.jpg,0,0,0
RipDetSeg-500b1vy8qksl.jpg,RipDetSeg-36cnskay49s0.jpg,0,0,0
RipDetSeg-1vamf28z2ozl.jpg,RipDetSeg-rmukcjzg6o0f.jpg,0,0,0
RipDetSeg-m647wf11sxpi.jpg,RipDetSeg-elzhld60acpr.jpg,0,0,0
RipDetSeg-1xs9652p7jn9.jpg,RipDetSeg-0qvdh9xn08jr.jpg,0,0,0
RipDetSeg-4yw1fez2dahu.jpg,RipDetSeg-5o5zculf4qzz.jpg,0,0,0
RipDetSeg-1vrohsrc8vrl.jpg,RipDetSeg-cwnq8b182z4b.jpg,0,0,0
RipDetSeg-4y54n2t6rwt8.jpg,RipDetSeg-0vqevwsbv13e.jpg,0,0,0
RipDetSeg-1vx6ggb7ukka.jpg,RipDetSeg-i0vs15v9c5nf.jpg,0,0,0
RipDetSeg-4xymm9mb7zn8.jpg,RipDetSeg-bvw4273xfay2.jpg,0,0,0
RipDetSeg-1w91hycruj4u.jpg,RipDetSeg-9cnvzn1raelr.jpg,0,0,0
RipDetSeg-monmrslnzki5.jpg,RipDetSeg-ixepch7eskgl.jpg,0,0,0
RipDetSeg-4xrf990ud9hn.jpg,RipDetSeg-86hbo24rkjk7.jpg,0,0,0
RipDetSeg-1we14kudhlrh.jpg,RipDetSeg-ojy8i57nrp7o.jpg,0,0,0
RipDetSeg-x3yoj2icg6tn.jpg,RipDetSeg-1227sd11h4mm.jpg,0,0,0
RipDetSeg-x4vy162beslk.jpg,RipDetSeg-t17pn3pxa54p.jpg,0,0,0
RipDetSeg-1wognaaln0o2.jpg,RipDetSeg-grrfegf2y2zc.jpg,0,0,0
RipDetSeg-4ycfd6acfj8n.jpg,RipDetSeg-9cd39zfa17et.jpg,0,0,0
RipDetSeg-4rq8wk9lnbun.jpg,RipDetSeg-g8xpy4nn7i7d.jpg,0,0,0
RipDetSeg-4rjmgrv89to8.jpg,RipDetSeg-f9zvya6d018v.jpg,0,0,0
RipDetSeg-22o29il7ym4k.jpg,RipDetSeg-mx3zw119zas2.jpg,0,0,0
RipDetSeg-266esbyxeqm5.jpg,RipDetSeg-3su2a6kp611b.jpg,0,0,0
RipDetSeg-26jeu71a19zf.jpg,RipDetSeg-4t4yl64fh4yx.jpg,0,0,0
RipDetSeg-26k0z7meemb6.jpg,RipDetSeg-x9ygheita25b.jpg,0,0,0
RipDetSeg-4j845h3zk726.jpg,RipDetSeg-g3zo4fzyjgkf.jpg,0,0,0
RipDetSeg-nedmi4zxxgb6.jpg,RipDetSeg-67ornskx0e40.jpg,0,0,0
RipDetSeg-4iz1pcgk2ka1.jpg,RipDetSeg-1jtmc8ytrnm1.jpg,0,0,0
RipDetSeg-272udvyd0muz.jpg,RipDetSeg-1j6r7flxq08u.jpg,0,0,0
RipDetSeg-4i9r30064wil.jpg,RipDetSeg-phsvwmfcn6qs.jpg,0,0,0
RipDetSeg-n9j8ro1qd7jp.jpg,RipDetSeg-067393efyj0w.jpg,0,0,0
RipDetSeg-4hfd31dildsl.jpg,RipDetSeg-o9nwzx230du2.jpg,0,0,0
RipDetSeg-xez0kyqah93p.jpg,RipDetSeg-87j362vgrkt3.jpg,0,0,0
RipDetSeg-nenbtp2029vc.jpg,RipDetSeg-m27tazkie81n.jpg,0,0,0
RipDetSeg-ysqhz5mjaftd.jpg,RipDetSeg-0a3kal20vq3s.jpg,0,0,0
RipDetSeg-xf5uag0hdpmx.jpg,RipDetSeg-4vn3jaixk6lq.jpg,0,0,0
RipDetSeg-ysq99ame7ar4.jpg,RipDetSeg-4h38pnve397y.jpg,0,0,0
RipDetSeg-4fcyc42e0ahz.jpg,RipDetSeg-98eqccr5eyox.jpg,0,0,0
RipDetSeg-m9vddyenxm98.jpg,RipDetSeg-nre173xzh6ro.jpg,0,0,0
RipDetSeg-4en2kt3hciwf.jpg,RipDetSeg-8amvwi48nhbi.jpg,0,0,0
RipDetSeg-28soa290pud1.jpg,RipDetSeg-y6rgtln5uoaa.jpg,0,0,0
RipDetSeg-yrmmznghg2yk.jpg,RipDetSeg-32xp8u4m60er.jpg,0,0,0
RipDetSeg-2971o7ax7hhy.jpg,RipDetSeg-d2ftr84uptto.jpg,0,0,0
RipDetSeg-29g3j4z91ppw.jpg,RipDetSeg-5tqx2hs5svrk.jpg,0,0,0
RipDetSeg-4doa2mzyi2le.jpg,RipDetSeg-bcb2kokjha53.jpg,0,0,0
RipDetSeg-29m0ifguoe0b.jpg,RipDetSeg-42ustk58xq44.jpg,0,0,0
RipDetSeg-27h7vkq4v9ip.jpg,RipDetSeg-68foa6c03lpg.jpg,0,0,0
RipDetSeg-25zzki0q2ow0.jpg,RipDetSeg-9khfc9w6csb5.jpg,0,0,0
RipDetSeg-4lxcizz63qmc.jpg,RipDetSeg-dxnnnxijk7br.jpg,0,0,0
RipDetSeg-4lxt6x77atjk.jpg,RipDetSeg-6fv9w21u26ut.jpg,0,0,0
RipDetSeg-22p1708t79zo.jpg,RipDetSeg-9wv6m2ojc0gv.jpg,0,0,0
RipDetSeg-4r26o6ahxlfo.jpg,RipDetSeg-19ienzvjjq1p.jpg,0,0,0
RipDetSeg-4qvb1ksfcb06.jpg,RipDetSeg-ftanh1k5l63d.jpg,0,0,0
RipDetSeg-4qjsrkea6t7v.jpg,RipDetSeg-mrilf5rpg02q.jpg,0,0,0
RipDetSeg-xanxiib4e5ii.jpg,RipDetSeg-ekieecw5vl63.jpg,0,0,0
RipDetSeg-yv0lrvt31y5a.jpg,RipDetSeg-b1q2cji01eb6.jpg,0,0,0
RipDetSeg-xb3u5z55jtgi.jpg,RipDetSeg-2prznw2mepgz.jpg,0,0,0
RipDetSeg-xb6ow99xnsi6.jpg,RipDetSeg-a5n14rfhg25t.jpg,0,0,0
RipDetSeg-nfmed59g49wf.jpg,RipDetSeg-30v9yttsfn9j.jpg,0,0,0
RipDetSeg-242bxii496jw.jpg,RipDetSeg-b5axdlxicun5.jpg,0,0,0
RipDetSeg-yuu8e0g73d85.jpg,RipDetSeg-tvxxqo88tpbe.jpg,0,0,0
RipDetSeg-250h5fdjia7n.jpg,RipDetSeg-o5y7lqv9g9f4.jpg,0,0,0
RipDetSeg-xcdzo8rik3pv.jpg,RipDetSeg-0efqcelditdm.jpg,0,0,0
RipDetSeg-4oioiqr9socs.jpg,RipDetSeg-xxs8fmv72pba.jpg,0,0,0
RipDetSeg-4ofpkwfp6p4f.jpg,RipDetSeg-194oy382t5bw.jpg,0,0,0
RipDetSeg-xd2y5a921rbo.jpg,RipDetSeg-ghzhni5g4m7t.jpg,0,0,0
RipDetSeg-m8bc0iqoozdx.jpg,RipDetSeg-76869ww5z3k8.jpg,0,0,0
RipDetSeg-2572oniast9y.jpg,RipDetSeg-1pl4s2il8pyn.jpg,0,0,0
RipDetSeg-xd4ohb6clrb2.jpg,RipDetSeg-2s6o2krzvz3o.jpg,0,0,0
RipDetSeg-4mtsvsnyhmxn.jpg,RipDetSeg-vbici13xpcg3.jpg,0,0,0
RipDetSeg-4mgrslxvnvwr.jpg,RipDetSeg-mgamldcbimo1.jpg,0,0,0
RipDetSeg-xd5ljcmglz20.jpg,RipDetSeg-0gzbnbqvfeuz.jpg,0,0,0
RipDetSeg-4mcjqaiosywq.jpg,RipDetSeg-az1x2gs3e7tb.jpg,0,0,0
RipDetSeg-4mb4ng7hkq5u.jpg,RipDetSeg-r6re5vzk4z0b.jpg,0,0,0
RipDetSeg-xddu87gelb4v.jpg,RipDetSeg-6ra9ofw2egci.jpg,0,0,0
RipDetSeg-1uj17ie3t5yn.jpg,RipDetSeg-80qj9cvutdzz.jpg,0,0,0
RipDetSeg-51mk5cgc4epu.jpg,RipDetSeg-0fzngrtovxuo.jpg,0,0,0
RipDetSeg-x21iflb5egg6.jpg,RipDetSeg-8v10ld1rwdac.jpg,0,0,0
RipDetSeg-1tzy9gzfxwgv.jpg,RipDetSeg-4npv92uv235v.jpg,0,0,0
RipDetSeg-1lgybpu39goj.jpg,RipDetSeg-8ht5gaq4igr6.jpg,0,0,0
RipDetSeg-5mmupnpntsro.jpg,RipDetSeg-dnvahywmf5c2.jpg,0,0,0
RipDetSeg-wrkpktyqub5k.jpg,RipDetSeg-v3tt9pqq6l4y.jpg,0,0,0
RipDetSeg-5m90min76rmf.jpg,RipDetSeg-z71pkb8czfca.jpg,0,0,0
RipDetSeg-1li9dha6gj4v.jpg,RipDetSeg-3wcuhum049kh.jpg,0,0,0
RipDetSeg-ws6jfznpppp7.jpg,RipDetSeg-6rp3dw21oe8q.jpg,0,0,0
RipDetSeg-5kzg5rielr4y.jpg,RipDetSeg-t050th5ghbce.jpg,0,0,0
RipDetSeg-5kx776soet5i.jpg,RipDetSeg-5yek0qohwt42.jpg,0,0,0
RipDetSeg-5ku59v71ysa2.jpg,RipDetSeg-4bwkiu27t5cd.jpg,0,0,0
RipDetSeg-wsh829bymjjs.jpg,RipDetSeg-vdvufoor5jmp.jpg,0,0,0
RipDetSeg-5jgb5k2dm213.jpg,RipDetSeg-fpxlzx9foh6k.jpg,0,0,0
RipDetSeg-5mqy2a9xa5ch.jpg,RipDetSeg-axsnoy7cc6oc.jpg,0,0,0
RipDetSeg-5jbpypthw406.jpg,RipDetSeg-b1q2cji01eb6.jpg,0,0,0
RipDetSeg-5j46k42db1aw.jpg,RipDetSeg-3wcuhum049kh.jpg,0,0,0
RipDetSeg-m2cgkwhp1uqc.jpg,RipDetSeg-jevs5hueas9n.jpg,0,0,0
RipDetSeg-5iq7wltnrdvw.jpg,RipDetSeg-wbg23agm50de.jpg,0,0,0
RipDetSeg-m2cq7v8pc97u.jpg,RipDetSeg-159pbq1x2bd9.jpg,0,0,0
RipDetSeg-wt2hyoyyyssp.jpg,RipDetSeg-ihry0fflsb5u.jpg,0,0,0
RipDetSeg-z5mw739nw3ao.jpg,RipDetSeg-0fquaa73c6i9.jpg,0,0,0
RipDetSeg-z5350z6q4uuu.jpg,RipDetSeg-av8vtcqbbjqs.jpg,0,0,0
RipDetSeg-5heb7ascye2w.jpg,RipDetSeg-82hskfipq51x.jpg,0,0,0
RipDetSeg-1n0o60hd4lx6.jpg,RipDetSeg-g9l4metk3l9j.jpg,0,0,0
RipDetSeg-5h0p18tdu4g3.jpg,RipDetSeg-2gui4qwe104s.jpg,0,0,0
RipDetSeg-wthfjzywoigj.jpg,RipDetSeg-c4648d0oogy8.jpg,0,0,0
RipDetSeg-z6rz5oznjmtm.jpg,RipDetSeg-mpkdr7gxk13o.jpg,0,0,0
RipDetSeg-1l5q5aeosr3b.jpg,RipDetSeg-0kqvomyudxig.jpg,0,0,0
RipDetSeg-z79ts1yxdoq1.jpg,RipDetSeg-rhebuvaoz7la.jpg,0,0,0
RipDetSeg-1kpy4xqe2g01.jpg,RipDetSeg-p8lgwbv9q13m.jpg,0,0,0
RipDetSeg-5t8iq4tdazdr.jpg,RipDetSeg-6zffq8t3rb0e.jpg,0,0,0
RipDetSeg-zba4ziadj6fe.jpg,RipDetSeg-urtxe11c8gjr.jpg,0,0,0
RipDetSeg-5sr6slmtimq0.jpg,RipDetSeg-wbipw3b2kokb.jpg,0,0,0
RipDetSeg-nisgslgj2hzp.jpg,RipDetSeg-j4i7a1q4xiie.jpg,0,0,0
RipDetSeg-wogeyw05ot1m.jpg,RipDetSeg-7hr79hbog1tx.jpg,0,0,0
RipDetSeg-1hmhsy8aw2r5.jpg,RipDetSeg-3m48wwow557b.jpg,0,0,0
RipDetSeg-wok2k3hph40f.jpg,RipDetSeg-g1ti6tffdd4v.jpg,0,0,0
RipDetSeg-5quak1sqvq5c.jpg,RipDetSeg-19oohvfndb1o.jpg,0,0,0
RipDetSeg-5q7bds5vqxgl.jpg,RipDetSeg-6kro06ry6gqc.jpg,0,0,0
RipDetSeg-m22i50a0bhji.jpg,RipDetSeg-kbjczefcnint.jpg,0,0,0
RipDetSeg-5q2utu2f7n7g.jpg,RipDetSeg-u2o5mzef2sh1.jpg,0,0,0
RipDetSeg-1iios4h1ogj4.jpg,RipDetSeg-4vu4vdcdxr5r.jpg,0,0,0
RipDetSeg-5px91s5rqe3s.jpg,RipDetSeg-k26nmklqu62j.jpg,0,0,0
RipDetSeg-5pt4b7izthse.jpg,RipDetSeg-px4rx1swf609.jpg,0,0,0
RipDetSeg-z98plnljgx4b.jpg,RipDetSeg-wekhpbeqdgx5.jpg,0,0,0
RipDetSeg-wqji6yzzubfc.jpg,RipDetSeg-ekti7txs8pxy.jpg,0,0,0
RipDetSeg-z968gg6s0f7p.jpg,RipDetSeg-g3oipunxemz1.jpg,0,0,0
RipDetSeg-z8pu0du9r454.jpg,RipDetSeg-7qv73eltjcbb.jpg,0,0,0
RipDetSeg-5p4j10fq2u9y.jpg,RipDetSeg-fripu7ey93bp.jpg,0,0,0
RipDetSeg-1jfjxtoggf69.jpg,RipDetSeg-d9tix1wsho92.jpg,0,0,0
RipDetSeg-1ka5iobroxb1.jpg,RipDetSeg-0jm3pkd5rvds.jpg,0,0,0
RipDetSeg-wr6cuauefwq8.jpg,RipDetSeg-7xdgmsnoxxsu.jpg,0,0,0
RipDetSeg-z82v35shav4h.jpg,RipDetSeg-fjyk1ep7l93m.jpg,0,0,0
RipDetSeg-z7tbs1uaaaak.jpg,RipDetSeg-de6nx72031hi.jpg,0,0,0
RipDetSeg-5mtrc5xajsvm.jpg,RipDetSeg-5rjfjvjozeyj.jpg,0,0,0
RipDetSeg-wtil9cvvggqg.jpg,RipDetSeg-s2or3moshrt4.jpg,0,0,0
RipDetSeg-2aiqgl8bjfk3.jpg,RipDetSeg-xoheluv4pz7t.jpg,0,0,0
RipDetSeg-mrhhg8guflz1.jpg,RipDetSeg-494f800e9a0o.jpg,0,0,0
RipDetSeg-5eh2cfzkz67l.jpg,RipDetSeg-1gwhplypc26w.jpg,0,0,0
RipDetSeg-m3omz1hd6889.jpg,RipDetSeg-3hhspbjtywoy.jpg,0,0,0
RipDetSeg-mpvfgyrhi3v7.jpg,RipDetSeg-40cjw9jqpi8z.jpg,0,0,0
RipDetSeg-56l799xl3tdc.jpg,RipDetSeg-5xrqdl7dhqoi.jpg,0,0,0
RipDetSeg-55y6h0xa8dij.jpg,RipDetSeg-2llo51eqyzef.jpg,0,0,0
RipDetSeg-z13uigzkmtyi.jpg,RipDetSeg-h7wax0o9otsf.jpg,0,0,0
RipDetSeg-55sjjduhgsrb.jpg,RipDetSeg-687hxwpmhh73.jpg,0,0,0
RipDetSeg-1rfcmpu9tusj.jpg,RipDetSeg-6xua05vu3uyw.jpg,0,0,0
RipDetSeg-z0ckp6bqdgxy.jpg,RipDetSeg-5tcrskvgvk12.jpg,0,0,0
RipDetSeg-1rpla2wp2wxr.jpg,RipDetSeg-8xrnoen77d33.jpg,0,0,0
RipDetSeg-55pl9c3qx5qn.jpg,RipDetSeg-3eskp95f01lz.jpg,0,0,0
RipDetSeg-n8x3wb6x0mcg.jpg,RipDetSeg-c1hb96jr5zi2.jpg,0,0,0
RipDetSeg-z1638udswu1o.jpg,RipDetSeg-dqts7wsgygir.jpg,0,0,0
RipDetSeg-1sogx7065z3q.jpg,RipDetSeg-3a8x4eq917of.jpg,0,0,0
RipDetSeg-m4jujc3qr0lt.jpg,RipDetSeg-jkdo8mfv9a0s.jpg,0,0,0
RipDetSeg-1tjzyxisl19i.jpg,RipDetSeg-srsiglvnijql.jpg,0,0,0
RipDetSeg-54eugyx5a4ih.jpg,RipDetSeg-px6dfvtrj60x.jpg,0,0,0
RipDetSeg-x08an8ymhe62.jpg,RipDetSeg-dqjmzz1jojeq.jpg,0,0,0
RipDetSeg-1tqk9hy227t0.jpg,RipDetSeg-76mx2ns5nf24.jpg,0,0,0
RipDetSeg-x09tprg9z8zd.jpg,RipDetSeg-906qbn8n5bfx.jpg,0,0,0
RipDetSeg-1tqvzmo0izab.jpg,RipDetSeg-3m1raz93qsdp.jpg,0,0,0
RipDetSeg-n9bsv72hrxwf.jpg,RipDetSeg-9hx8z380dfvd.jpg,0,0,0
RipDetSeg-x1c7fxaqwbl4.jpg,RipDetSeg-8qntrw43whkc.jpg,0,0,0
RipDetSeg-52azdef1t7lh.jpg,RipDetSeg-5esi7w6xqmgs.jpg,0,0,0
RipDetSeg-1typo2jah13i.jpg,RipDetSeg-4m7ksh7hhc0z.jpg,0,0,0
RipDetSeg-55hb3llyce5c.jpg,RipDetSeg-7cg4f68bgwk4.jpg,0,0,0
RipDetSeg-58e1c7p7dcnk.jpg,RipDetSeg-us3yvsdgd4mh.jpg,0,0,0
RipDetSeg-wxdoildwbc9z.jpg,RipDetSeg-199fcg3ddj3c.jpg,0,0,0
RipDetSeg-z25w276428ja.jpg,RipDetSeg-lnvvna029dsw.jpg,0,0,0
RipDetSeg-5efhweh5gmc4.jpg,RipDetSeg-anx4d3pisrbz.jpg,0,0,0
RipDetSeg-1ns4kffwo0c3.jpg,RipDetSeg-05ctmfjona9y.jpg,0,0,0
RipDetSeg-1nsbxj89u12c.jpg,RipDetSeg-x1o2pey22uej.jpg,0,0,0
RipDetSeg-mrgascecy0tq.jpg,RipDetSeg-2oyw4oautfci.jpg,0,0,0
RipDetSeg-wu4rjhc8r7yb.jpg,RipDetSeg-vqq8px3qy7w0.jpg,0,0,0
RipDetSeg-m32iwqcc4kvo.jpg,RipDetSeg-zwgeftvlooim.jpg,0,0,0
RipDetSeg-5di5ykhh01nl.jpg,RipDetSeg-aewbh15gz9wv.jpg,0,0,0
RipDetSeg-5dfi7u4tsmou.jpg,RipDetSeg-8qzsuqky5n96.jpg,0,0,0
RipDetSeg-n7s29t55ww8y.jpg,RipDetSeg-2afoqkwaxcb9.jpg,0,0,0
RipDetSeg-mir4llf2e933.jpg,RipDetSeg-hc4rbygfskks.jpg,0,0,0
RipDetSeg-5dbp9jh31l3c.jpg,RipDetSeg-pvswhmx0mk22.jpg,0,0,0
RipDetSeg-wvo4632ept3b.jpg,RipDetSeg-nhbpx0h6227y.jpg,0,0,0
RipDetSeg-5dame91x4vjv.jpg,RipDetSeg-keoglzxi1tv7.jpg,0,0,0
RipDetSeg-5d0hg2rfd7ic.jpg,RipDetSeg-qldyp8i9733m.jpg,0,0,0
RipDetSeg-wvox0955nsrw.jpg,RipDetSeg-liclwedxcddc.jpg,0,0,0
RipDetSeg-5cwybqcrvs43.jpg,RipDetSeg-kv6jqg4app3l.jpg,0,0,0
RipDetSeg-mqgcoue4u0an.jpg,RipDetSeg-39mqutix2l0m.jpg,0,0,0
RipDetSeg-1og3irvg8vky.jpg,RipDetSeg-2hht2ghiknqz.jpg,0,0,0
RipDetSeg-1oohg2jhesny.jpg,RipDetSeg-4vy1jp2s2x3j.jpg,0,0,0
RipDetSeg-5c665zrzdjlw.jpg,RipDetSeg-3xkl6d0garfi.jpg,0,0,0
RipDetSeg-m3igdt0b923g.jpg,RipDetSeg-1zckfhd00fnp.jpg,0,0,0
RipDetSeg-1q2qlwy6rvzu.jpg,RipDetSeg-rw37yae919h5.jpg,0,0,0
RipDetSeg-wwoyein9lh3j.jpg,RipDetSeg-0hz4w2seiro6.jpg,0,0,0
RipDetSeg-wwpdwh7kpns0.jpg,RipDetSeg-fzpl4ecdyj91.jpg,0,0,0
RipDetSeg-5bl3cpadeuay.jpg,RipDetSeg-qaytaw2f0eb4.jpg,0,0,0
RipDetSeg-5f4l8ih055gz.jpg,RipDetSeg-sxbui1o6yq9f.jpg,0,0,0
RipDetSeg-4d6zpzl5to8h.jpg,RipDetSeg-iydh9wv8nuut.jpg,0,0,0
RipDetSeg-4d5vlrwwqomk.jpg,RipDetSeg-js7rnbq9gnv4.jpg,0,0,0
RipDetSeg-4cp1sl4928id.jpg,RipDetSeg-wlhplh1wzgyb.jpg,0,0,0
RipDetSeg-2u5yslepfcxr.jpg,RipDetSeg-e1b28du7pwho.jpg,0,0,0
RipDetSeg-yfcqds03aq5t.jpg,RipDetSeg-14ploafz1x3x.jpg,0,0,0
RipDetSeg-3mcbpkydf7ms.jpg,RipDetSeg-8edcgy3ujrvh.jpg,0,0,0
RipDetSeg-y1qtayn7wgvq.jpg,RipDetSeg-k2o1xmpp72ys.jpg,0,0,0
RipDetSeg-3m32ui2dwx06.jpg,RipDetSeg-rb5pmv3yaxa8.jpg,0,0,0
RipDetSeg-yf2xzwejb3cv.jpg,RipDetSeg-rt1upo2nbbva.jpg,0,0,0
RipDetSeg-y1r5jsr62z1x.jpg,RipDetSeg-av8vtcqbbjqs.jpg,0,0,0
RipDetSeg-nblk2w50bt2g.jpg,RipDetSeg-5uto9cumqa69.jpg,0,0,0
RipDetSeg-nd1glcb59y6q.jpg,RipDetSeg-biiecnrk8pl6.jpg,0,0,0
RipDetSeg-3knppcn5vc30.jpg,RipDetSeg-9cd39zfa17et.jpg,0,0,0
RipDetSeg-3kkpe8aw0qjr.jpg,RipDetSeg-woa4igswffyh.jpg,0,0,0
RipDetSeg-mexmpbwb9nso.jpg,RipDetSeg-geo5c5hq7swe.jpg,0,0,0
RipDetSeg-mf2712sebjc0.jpg,RipDetSeg-2zejfa35wb96.jpg,0,0,0
RipDetSeg-2vahmu48251u.jpg,RipDetSeg-2mjxcpbyib97.jpg,0,0,0
RipDetSeg-2vcxvxcrpq94.jpg,RipDetSeg-cfjoqwof1xit.jpg,0,0,0
RipDetSeg-3j4zzdko7nwl.jpg,RipDetSeg-dakyb8wdwja7.jpg,0,0,0
RipDetSeg-3iz7ujy8wy63.jpg,RipDetSeg-2vc5gknsqsdq.jpg,0,0,0
RipDetSeg-2xfl66w9se02.jpg,RipDetSeg-gnhis9alp93b.jpg,0,0,0
RipDetSeg-2xohrls8vt4z.jpg,RipDetSeg-54uoa2do0ffe.jpg,0,0,0
RipDetSeg-y30cdoyequ2y.jpg,RipDetSeg-1egmh85yrral.jpg,0,0,0
RipDetSeg-3i2zs8988hy3.jpg,RipDetSeg-o84k040f0eoi.jpg,0,0,0
RipDetSeg-ncrijk4wuvuf.jpg,RipDetSeg-wsjnf7hr27v4.jpg,0,0,0
RipDetSeg-3gngsq1r0h9c.jpg,RipDetSeg-1yz91cegi8jv.jpg,0,0,0
RipDetSeg-ydew91yfv9yp.jpg,RipDetSeg-5ezga3sxn9i9.jpg,0,0,0
RipDetSeg-2v2k6tqj1byy.jpg,RipDetSeg-8qjhp68vxoky.jpg,0,0,0
RipDetSeg-3mvcjt3ltfj0.jpg,RipDetSeg-2svu8431u4as.jpg,0,0,0
RipDetSeg-2u1r7jujgqcl.jpg,RipDetSeg-7nl1ldd4rgjk.jpg,0,0,0
RipDetSeg-y15v67cuch9w.jpg,RipDetSeg-phsvwmfcn6qs.jpg,0,0,0
RipDetSeg-yiery4yh6mai.jpg,RipDetSeg-1mzmnn5kqpp9.jpg,0,0,0
RipDetSeg-yholi6xakuzn.jpg,RipDetSeg-8n3ibomikf69.jpg,0,0,0
RipDetSeg-3pg9kim3kxrp.jpg,RipDetSeg-1o45j6l8madg.jpg,0,0,0
RipDetSeg-3pf10xd60soo.jpg,RipDetSeg-c4ayo0ps8vzv.jpg,0,0,0
RipDetSeg-me6u97v2twdg.jpg,RipDetSeg-jnzxuqdqbqbz.jpg,0,0,0
RipDetSeg-3p8wxz3u7zh9.jpg,RipDetSeg-2wqwe2jsqv99.jpg,0,0,0
RipDetSeg-yh896rsqkf24.jpg,RipDetSeg-wcrmqad7b4bh.jpg,0,0,0
RipDetSeg-xzwkvz4wvqdx.jpg,RipDetSeg-7l6jns9liycm.jpg,0,0,0
RipDetSeg-3p6g96obal71.jpg,RipDetSeg-9wv6m2ojc0gv.jpg,0,0,0
RipDetSeg-ygjo18bto20q.jpg,RipDetSeg-9ccpnttikngk.jpg,0,0,0
RipDetSeg-mjlldqbd20lq.jpg,RipDetSeg-7fg1qhpp46es.jpg,0,0,0
RipDetSeg-mjd2785h9mhk.jpg,RipDetSeg-8edcgy3ujrvh.jpg,0,0,0
RipDetSeg-2rkhanh50xv3.jpg,RipDetSeg-ka8fvcjcasjf.jpg,0,0,0
RipDetSeg-meexzzbhdtvu.jpg,RipDetSeg-7cdi035juxhc.jpg,0,0,0
RipDetSeg-3o59muhh1050.jpg,RipDetSeg-rlzj444nfs1d.jpg,0,0,0
RipDetSeg-yg2kj7keyw9q.jpg,RipDetSeg-o9u2ucipi3wf.jpg,0,0,0
RipDetSeg-3o3p7l5ugehc.jpg,RipDetSeg-0cuosx0jdogg.jpg,0,0,0
RipDetSeg-yfnmrah7coty.jpg,RipDetSeg-23cwbimyousu.jpg,0,0,0
RipDetSeg-2t613mwb1hz8.jpg,RipDetSeg-8gv00612m5jf.jpg,0,0,0
RipDetSeg-y12ecx8fvenv.jpg,RipDetSeg-5o8h1zyapx6p.jpg,0,0,0
RipDetSeg-3nrj8olqpj3y.jpg,RipDetSeg-0sqtdeql9ugw.jpg,0,0,0
RipDetSeg-2tezqp9z5w4v.jpg,RipDetSeg-7q2vgssb2xlx.jpg,0,0,0
RipDetSeg-y13ga2477cvb.jpg,RipDetSeg-p85skt5iz9lw.jpg,0,0,0
RipDetSeg-yfg178x9ew3r.jpg,RipDetSeg-hx1ev0j1ds6z.jpg,0,0,0
RipDetSeg-3ndm2zv614le.jpg,RipDetSeg-u4wh1rquyg00.jpg,0,0,0
RipDetSeg-y3nwb5iq3lfz.jpg,RipDetSeg-rtlxg5joahlv.jpg,0,0,0
RipDetSeg-2pvjmzzg7x0n.jpg,RipDetSeg-jv3l9l2afesl.jpg,0,0,0
RipDetSeg-ydbk3tqphqac.jpg,RipDetSeg-id6ake4yw8zw.jpg,0,0,0
RipDetSeg-3fni3axytvcl.jpg,RipDetSeg-007tzvyx9ojc.jpg,0,0,0
RipDetSeg-y67wnc9ebx42.jpg,RipDetSeg-7a31r0zoui83.jpg,0,0,0
RipDetSeg-nbvw3tdelz9z.jpg,RipDetSeg-yajnj33hweel.jpg,0,0,0
RipDetSeg-39l9azqb9qaa.jpg,RipDetSeg-431wasn5y6n5.jpg,0,0,0
RipDetSeg-ybm6wph6y2c5.jpg,RipDetSeg-h48j876oksti.jpg,0,0,0
RipDetSeg-y6v1edjokk8z.jpg,RipDetSeg-j3xo0i84fws3.jpg,0,0,0
RipDetSeg-39gkidbdmywc.jpg,RipDetSeg-ioes9nfvnqai.jpg,0,0,0
RipDetSeg-32g0poe0erdx.jpg,RipDetSeg-qgz0r5ode3ee.jpg,0,0,0
RipDetSeg-mhu6inossjqg.jpg,RipDetSeg-4jatg4j97wdt.jpg,0,0,0
RipDetSeg-38nxq9i8zye3.jpg,RipDetSeg-0fl1jcg6nqpi.jpg,0,0,0
RipDetSeg-38ii2o8t87m3.jpg,RipDetSeg-f37yppfdnigt.jpg,0,0,0
RipDetSeg-ybdxpxgebd5z.jpg,RipDetSeg-1928cl09i76g.jpg,0,0,0
RipDetSeg-y5yfdcse5u9r.jpg,RipDetSeg-zpjwhgl6lz11.jpg,0,0,0
RipDetSeg-ybc8smjln72r.jpg,RipDetSeg-ewef9lz8kjzh.jpg,0,0,0
RipDetSeg-33mlotejr31f.jpg,RipDetSeg-o21bypmspo6c.jpg,0,0,0
RipDetSeg-37bto1c0cp2u.jpg,RipDetSeg-yy4hhadt7qct.jpg,0,0,0
RipDetSeg-yafzsi4oq1gu.jpg,RipDetSeg-3m48wwow557b.jpg,0,0,0
RipDetSeg-y8ewzoceqqxv.jpg,RipDetSeg-3kaysmr099ie.jpg,0,0,0
RipDetSeg-ya8crmejvg2s.jpg,RipDetSeg-3jrsaiybmhgt.jpg,0,0,0
RipDetSeg-ya2k3jaecu40.jpg,RipDetSeg-nze9ryqhh59d.jpg,0,0,0
RipDetSeg-y8ins09yiyvs.jpg,RipDetSeg-3st2t1n46sx3.jpg,0,0,0
RipDetSeg-nchi7jnze4y4.jpg,RipDetSeg-2bsjsjvm0x4w.jpg,0,0,0
RipDetSeg-ya2fvjsz2jbw.jpg,RipDetSeg-ezl3cpfxhv3t.jpg,0,0,0
RipDetSeg-3611qq1bwx7k.jpg,RipDetSeg-0aicknj16cw3.jpg,0,0,0
RipDetSeg-35o5qz9aihhv.jpg,RipDetSeg-0uzhbj7x5xw2.jpg,0,0,0
RipDetSeg-yajb2fck8szy.jpg,RipDetSeg-z42zam5pt3zu.jpg,0,0,0
RipDetSeg-y5o3yzr93a6w.jpg,RipDetSeg-jkcs6rddwkud.jpg,0,0,0
RipDetSeg-yccw90gnj2k9.jpg,RipDetSeg-rw37yae919h5.jpg,0,0,0
RipDetSeg-mgjenpr3rw44.jpg,RipDetSeg-8cfml23wmt4n.jpg,0,0,0
RipDetSeg-2ye0wasxfmle.jpg,RipDetSeg-9cd39zfa17et.jpg,0,0,0
RipDetSeg-y452j1rzryec.jpg,RipDetSeg-fh18q4ssf8v9.jpg,0,0,0
RipDetSeg-3ezzvd44ep5u.jpg,RipDetSeg-7sb3i8aumwti.jpg,0,0,0
RipDetSeg-2yecwd77of5u.jpg,RipDetSeg-1m566uokdmhb.jpg,0,0,0
RipDetSeg-3e76cpuvg3kw.jpg,RipDetSeg-5gq34r6lg7qa.jpg,0,0,0
RipDetSeg-3e752u976ije.jpg,RipDetSeg-hx1ev0j1ds6z.jpg,0,0,0
RipDetSeg-y4ywqoif2oei.jpg,RipDetSeg-2cqc3oqkxrdl.jpg,0,0,0
RipDetSeg-2yszp5pi6lcj.jpg,RipDetSeg-c0y3veekrvql.jpg,0,0,0
RipDetSeg-3e3he8vgiawy.jpg,RipDetSeg-54udm3j35c4e.jpg,0,0,0
RipDetSeg-yd9ikatuthfg.jpg,RipDetSeg-4dd94buhghzy.jpg,0,0,0
RipDetSeg-ycvefx1xn9c8.jpg,RipDetSeg-b9v2n99bt5ft.jpg,0,0,0
RipDetSeg-3e1yz1xmu2k3.jpg,RipDetSeg-crnorfaxa1ot.jpg,0,0,0
RipDetSeg-3e0ymmgzm1vu.jpg,RipDetSeg-qfi04w9labz7.jpg,0,0,0
RipDetSeg-3dxm2brqdhra.jpg,RipDetSeg-gvi86kgshoez.jpg,0,0,0
RipDetSeg-2zmjnjghifph.jpg,RipDetSeg-5q9r7eh26sr2.jpg,0,0,0
RipDetSeg-2zn4xg4pknc3.jpg,RipDetSeg-fvuozrjkzui2.jpg,0,0,0
RipDetSeg-3cscx69d7l4q.jpg,RipDetSeg-sk1gpcp6oyj3.jpg,0,0,0
RipDetSeg-3cn5rgim3g21.jpg,RipDetSeg-pl1vfpr6rimy.jpg,0,0,0
RipDetSeg-2zsi4207kx7m.jpg,RipDetSeg-41ryjxyeadke.jpg,0,0,0
RipDetSeg-3bwrn4rrb4mq.jpg,RipDetSeg-mcspxhjnj8h0.jpg,0,0,0
RipDetSeg-3brt8m4slebx.jpg,RipDetSeg-p379y9z3sgnj.jpg,0,0,0
RipDetSeg-ycczgitbzy7a.jpg,RipDetSeg-baxh1gbxfcug.jpg,0,0,0
RipDetSeg-30j0v81bekgr.jpg,RipDetSeg-069fwgj3163y.jpg,0,0,0
RipDetSeg-y5kx41li52e8.jpg,RipDetSeg-ejia0qcsez5m.jpg,0,0,0
RipDetSeg-30ka3d0xnnk3.jpg,RipDetSeg-5ypeepelqz23.jpg,0,0,0
RipDetSeg-y3pj7amb1fgo.jpg,RipDetSeg-76mx2ns5nf24.jpg,0,0,0
RipDetSeg-5tvub487hu0f.jpg,RipDetSeg-2hvqjtsv1i2v.jpg,0,0,0
RipDetSeg-xygpfj0m196m.jpg,RipDetSeg-2yl842bqiq53.jpg,0,0,0
RipDetSeg-xyggosagdqql.jpg,RipDetSeg-4iaeetuzbcpb.jpg,0,0,0
RipDetSeg-xjtdu57jxk7a.jpg,RipDetSeg-6mvyixenjxoi.jpg,0,0,0
RipDetSeg-xklbkifq16en.jpg,RipDetSeg-1k7sgpjgdvn0.jpg,0,0,0
RipDetSeg-xlpeyn6ivdeo.jpg,RipDetSeg-0f0x2mt0vu0d.jpg,0,0,0
RipDetSeg-xluocvy1ekub.jpg,RipDetSeg-adsts14ebxrx.jpg,0,0,0
RipDetSeg-xlwcooxg78yb.jpg,RipDetSeg-io4z48k35u8l.jpg,0,0,0
RipDetSeg-yonw7thxqxlu.jpg,RipDetSeg-c1hb96jr5zi2.jpg,0,0,0
RipDetSeg-2fwn1tmphzq7.jpg,RipDetSeg-48ivxoz55oz4.jpg,0,0,0
RipDetSeg-44jyquindmne.jpg,RipDetSeg-24skjqv25dqb.jpg,0,0,0
RipDetSeg-44gbawq0gz9p.jpg,RipDetSeg-eyd9zpxeuafu.jpg,0,0,0
RipDetSeg-mkz09zpgvxf9.jpg,RipDetSeg-knx8my6duw46.jpg,0,0,0
RipDetSeg-mapre06z5k5m.jpg,RipDetSeg-x1tnrz5691ln.jpg,0,0,0
RipDetSeg-nebib5a48i6j.jpg,RipDetSeg-f8hhcz49jni3.jpg,0,0,0
RipDetSeg-ynngw8jx85ar.jpg,RipDetSeg-ggoc7w8iub9q.jpg,0,0,0
RipDetSeg-mb49r6xq1wu2.jpg,RipDetSeg-cwqhioyjtii8.jpg,0,0,0
RipDetSeg-ymzags2eyxuz.jpg,RipDetSeg-05iysc0v8eik.jpg,0,0,0
RipDetSeg-xnqy1k7gi6u1.jpg,RipDetSeg-53w2pxg1kp35.jpg,0,0,0
RipDetSeg-xnslnrlr5jpy.jpg,RipDetSeg-7k76wo1yhui4.jpg,0,0,0
RipDetSeg-43ue244h0icz.jpg,RipDetSeg-u63yxnz2uabl.jpg,0,0,0
RipDetSeg-xnuyxyw7l5by.jpg,RipDetSeg-wtfd1uk7zbpg.jpg,0,0,0
RipDetSeg-2gfnlt5lcz5l.jpg,RipDetSeg-552uyf4s47ns.jpg,0,0,0
RipDetSeg-xoj51h0v9pip.jpg,RipDetSeg-0hikzo77w7yq.jpg,0,0,0
RipDetSeg-xoq8l8dp3zib.jpg,RipDetSeg-v47m3yibye46.jpg,0,0,0
RipDetSeg-429s9rios5xn.jpg,RipDetSeg-38hzs1luxb0t.jpg,0,0,0
RipDetSeg-ne9k399zwq9n.jpg,RipDetSeg-lhtm6e1krnqd.jpg,0,0,0
RipDetSeg-mar13u3uaf62.jpg,RipDetSeg-1r2yp5yh6fww.jpg,0,0,0
RipDetSeg-yoqcevjaqer1.jpg,RipDetSeg-7xmc7tojdqy3.jpg,0,0,0
RipDetSeg-46bdcmg2jkoy.jpg,RipDetSeg-xe12r409t0xb.jpg,0,0,0
RipDetSeg-46oqcqoql9zs.jpg,RipDetSeg-el5ldzjf8c0i.jpg,0,0,0
RipDetSeg-xh42ayt0z0gd.jpg,RipDetSeg-13anf1qwq3e6.jpg,0,0,0
RipDetSeg-4beifoh9n6xf.jpg,RipDetSeg-cc07jisppy8b.jpg,0,0,0
RipDetSeg-xh8p2vgps7ap.jpg,RipDetSeg-3uuza8iqh562.jpg,0,0,0
RipDetSeg-xhjt5iqdi78w.jpg,RipDetSeg-5esi7w6xqmgs.jpg,0,0,0
RipDetSeg-xhsc36zfeq8v.jpg,RipDetSeg-0zqqga03qq2s.jpg,0,0,0
RipDetSeg-2b9gk0856at9.jpg,RipDetSeg-fh18q4ssf8v9.jpg,0,0,0
RipDetSeg-4aoccn7vo6m2.jpg,RipDetSeg-0quupoeqzgkv.jpg,0,0,0
RipDetSeg-4ao0yl0p2tso.jpg,RipDetSeg-27w48pbmfukb.jpg,0,0,0
RipDetSeg-49pv2xcladd8.jpg,RipDetSeg-bf0j90ijd2eb.jpg,0,0,0
RipDetSeg-49on0vnwcf11.jpg,RipDetSeg-b9j7lwr0jetb.jpg,0,0,0
RipDetSeg-49co2iscz8gm.jpg,RipDetSeg-6w1ahhjade7z.jpg,0,0,0
RipDetSeg-491nqitbdktw.jpg,RipDetSeg-5j86fjv6gp9v.jpg,0,0,0
RipDetSeg-48un2flhfg8k.jpg,RipDetSeg-0f0x2mt0vu0d.jpg,0,0,0
RipDetSeg-48imlcn1tv90.jpg,RipDetSeg-9pojeu6l5bm9.jpg,0,0,0
RipDetSeg-2bofrve0a3np.jpg,RipDetSeg-o7iz934kpow6.jpg,0,0,0
RipDetSeg-xi9ol44ncz6f.jpg,RipDetSeg-u4wh1rquyg00.jpg,0,0,0
RipDetSeg-2bzs2r60mo5n.jpg,RipDetSeg-5k6qqotdze74.jpg,0,0,0
RipDetSeg-yovwqyms0pko.jpg,RipDetSeg-1ac3gcgab4fz.jpg,0,0,0
RipDetSeg-2cqsnitzq6jn.jpg,RipDetSeg-0vqqsi7vo50o.jpg,0,0,0
RipDetSeg-2d3d4yuxuw3i.jpg,RipDetSeg-yfzmg71ux8zk.jpg,0,0,0
RipDetSeg-2dks3kpoij5q.jpg,RipDetSeg-fv0lfraje96f.jpg,0,0,0
RipDetSeg-2dp8fixuysjw.jpg,RipDetSeg-2sppzykrfiqz.jpg,0,0,0
RipDetSeg-xjhtt4oofe89.jpg,RipDetSeg-yaz2ft8k079r.jpg,0,0,0
RipDetSeg-maeob2ic3p6l.jpg,RipDetSeg-6ht7nufgkvfr.jpg,0,0,0
RipDetSeg-4706gzykvcb8.jpg,RipDetSeg-a2035ykhfqc3.jpg,0,0,0
RipDetSeg-42616awthob9.jpg,RipDetSeg-fwob050mf75f.jpg,0,0,0
RipDetSeg-3qlewrzchqap.jpg,RipDetSeg-0zqqga03qq2s.jpg,0,0,0
RipDetSeg-ymydgjzrkif1.jpg,RipDetSeg-wv8kuzv9iz15.jpg,0,0,0
RipDetSeg-41ft019ibfux.jpg,RipDetSeg-b6l154ppradq.jpg,0,0,0
RipDetSeg-yk1ohvzf9l39.jpg,RipDetSeg-k6vo0pdisbsv.jpg,0,0,0
RipDetSeg-yk1gfjp1lb2t.jpg,RipDetSeg-6jw9nqdldz4t.jpg,0,0,0
RipDetSeg-2nxlla8bu4q4.jpg,RipDetSeg-tydy9ge6bykk.jpg,0,0,0
RipDetSeg-2o1hr3p3cxc5.jpg,RipDetSeg-3l9jb3shz109.jpg,0,0,0
RipDetSeg-mka3pscix686.jpg,RipDetSeg-8qzsuqky5n96.jpg,0,0,0
RipDetSeg-xvipovo4u5wg.jpg,RipDetSeg-5dk0pkl6ahdv.jpg,0,0,0
RipDetSeg-3ud48cpkky4t.jpg,RipDetSeg-1zllch4xab56.jpg,0,0,0
RipDetSeg-3u8bcszp09db.jpg,RipDetSeg-1vpj23hsstko.jpg,0,0,0
RipDetSeg-3u68sggkwxbd.jpg,RipDetSeg-8mm7lr4c1luv.jpg,0,0,0
RipDetSeg-2ocpgv27txth.jpg,RipDetSeg-8yj5ykuoiz9p.jpg,0,0,0
RipDetSeg-mdnrpcr1fqx1.jpg,RipDetSeg-i8mck8b8jf11.jpg,0,0,0
RipDetSeg-2mis5pbjrn3p.jpg,RipDetSeg-xpxr7gvuyzmp.jpg,0,0,0
RipDetSeg-yjei0mva7n9y.jpg,RipDetSeg-86hbo24rkjk7.jpg,0,0,0
RipDetSeg-xx1aln0br0bv.jpg,RipDetSeg-6kro06ry6gqc.jpg,0,0,0
RipDetSeg-yiy75g4heu5f.jpg,RipDetSeg-7lx6hf5qyvic.jpg,0,0,0
RipDetSeg-3tnzjypp78ga.jpg,RipDetSeg-323052wjszvi.jpg,0,0,0
RipDetSeg-3ssta9gxlqxn.jpg,RipDetSeg-wjhncbfi1j3y.jpg,0,0,0
RipDetSeg-3sn4ct11x46r.jpg,RipDetSeg-y6rgtln5uoaa.jpg,0,0,0
RipDetSeg-2pec220benxq.jpg,RipDetSeg-dvkv2d6nsqoe.jpg,0,0,0
RipDetSeg-xxm14pbgjuax.jpg,RipDetSeg-2hht2ghiknqz.jpg,0,0,0
RipDetSeg-3r1jzf643nby.jpg,RipDetSeg-jhfz583ucvy7.jpg,0,0,0
RipDetSeg-2plzks6jf1zh.jpg,RipDetSeg-brimbna6lym2.jpg,0,0,0
RipDetSeg-2pqwha14nsg0.jpg,RipDetSeg-5vddrpgfwwi3.jpg,0,0,0
RipDetSeg-mjwkwnmn1k1z.jpg,RipDetSeg-pjil4lzutytc.jpg,0,0,0
RipDetSeg-xwgcjccu7gx1.jpg,RipDetSeg-6he6gx2v1292.jpg,0,0,0
RipDetSeg-3uzxco1j7tb1.jpg,RipDetSeg-bq3x8eb1ifcn.jpg,0,0,0
RipDetSeg-2ljv7cyqsaec.jpg,RipDetSeg-2d0e8yf912x3.jpg,0,0,0
RipDetSeg-2l4mecwr1ljc.jpg,RipDetSeg-lfn2y8qc0tpv.jpg,0,0,0
RipDetSeg-2h97hjjotm3v.jpg,RipDetSeg-eh9d2bhymp1w.jpg,0,0,0
RipDetSeg-xrgswnxktyep.jpg,RipDetSeg-6fngbr8c1iw9.jpg,0,0,0
RipDetSeg-xrm27y05szvb.jpg,RipDetSeg-xqxlh6wjzkmv.jpg,0,0,0
RipDetSeg-40h6wyzp2v41.jpg,RipDetSeg-2mf1uns2rp3n.jpg,0,0,0
RipDetSeg-2hc9kkbnzz6j.jpg,RipDetSeg-9i8d2mukwi5m.jpg,0,0,0
RipDetSeg-2hi9eib4rf3h.jpg,RipDetSeg-ej71qfkjfl8l.jpg,0,0,0
RipDetSeg-ndxqlunrr784.jpg,RipDetSeg-5huf02yswia2.jpg,0,0,0
RipDetSeg-40dd4jrkkh3p.jpg,RipDetSeg-6zffq8t3rb0e.jpg,0,0,0
RipDetSeg-3yw3h8pbgq9r.jpg,RipDetSeg-4y7su9q6ok70.jpg,0,0,0
RipDetSeg-2hmzlayymo4f.jpg,RipDetSeg-55iy6awqb1bk.jpg,0,0,0
RipDetSeg-xsm99029j4ap.jpg,RipDetSeg-hlq1upcg7xq5.jpg,0,0,0
RipDetSeg-2hzpvxx7tz2h.jpg,RipDetSeg-0lozgdikkis6.jpg,0,0,0
RipDetSeg-mciexrdxid0l.jpg,RipDetSeg-687hxwpmhh73.jpg,0,0,0
RipDetSeg-3xnjy0p9qums.jpg,RipDetSeg-aajsljczveu1.jpg,0,0,0
RipDetSeg-xtptank4m3qt.jpg,RipDetSeg-3jz57azlxj2o.jpg,0,0,0
RipDetSeg-ndw53jmuj5dz.jpg,RipDetSeg-1dmz4w49ledw.jpg,0,0,0
RipDetSeg-2izv5cagna0h.jpg,RipDetSeg-fcmvoilby7tf.jpg,0,0,0
RipDetSeg-82cxiw0sw7s2.jpg,RipDetSeg-z6szh75iz7b3.jpg,0,0,0
RipDetSeg-3wh1s3eaem0p.jpg,RipDetSeg-9q2cbnxn3me3.jpg,0,0,0
RipDetSeg-3wdkr78jxal4.jpg,RipDetSeg-gmeqncw50nki.jpg,0,0,0
RipDetSeg-yk2hxdq03r36.jpg,RipDetSeg-4ahv1tv9l4ne.jpg,0,0,0
RipDetSeg-3w1v6vn0o0ne.jpg,RipDetSeg-zulcme85ith8.jpg,0,0,0
RipDetSeg-3vjoxmri9l6q.jpg,RipDetSeg-ehsc4c1ifi10.jpg,0,0,0
RipDetSeg-3vbr81i3oy4u.jpg,RipDetSeg-6u6s8cutv5d5.jpg,0,0,0
RipDetSeg-2kzdsqfkvb3p.jpg,RipDetSeg-ttyc88uj9ohg.jpg,0,0,0
RipDetSeg-2gthxkj24opa.jpg,RipDetSeg-h5xh8fa649ru.jpg,0,0,0
RipDetSeg-wnc2kx7rsx96.jpg,RipDetSeg-8h2bxvu5unuf.jpg,0,0,0
RipDetSeg-nhrvf6lmuf44.jpg,RipDetSeg-857u9f79dzx1.jpg,0,0,0
RipDetSeg-1g04az4a8d9p.jpg,RipDetSeg-n0njgqnikulq.jpg,0,0,0
RipDetSeg-lmisn95vvr5u.jpg,RipDetSeg-unsz59gogxio.jpg,0,0,0
RipDetSeg-6irtq6gmxkp3.jpg,RipDetSeg-0zqqga03qq2s.jpg,0,0,0
RipDetSeg-lweu3c319gkv.jpg,RipDetSeg-9uirtgxy3q4n.jpg,0,0,0
RipDetSeg-7o55e8dbme7r.jpg,RipDetSeg-0nbc0qc8uo44.jpg,0,0,0
RipDetSeg-vu1qvhg4m8i6.jpg,RipDetSeg-bm5xumxpr7bo.jpg,0,0,0
RipDetSeg-6i8qlsg3cpa9.jpg,RipDetSeg-1em8om6r0cia.jpg,0,0,0
RipDetSeg-zwyzvqbxy8lw.jpg,RipDetSeg-4cg4tz5zd44c.jpg,0,0,0
RipDetSeg-w8bq76jnsbhq.jpg,RipDetSeg-0zqqga03qq2s.jpg,0,0,0
RipDetSeg-7ohpnaht9l8d.jpg,RipDetSeg-02vuakk67j41.jpg,0,0,0
RipDetSeg-6hnsjnqz0r5v.jpg,RipDetSeg-30v9yttsfn9j.jpg,0,0,0
RipDetSeg-72bzv2lxzobq.jpg,RipDetSeg-yy4hhadt7qct.jpg,0,0,0
RipDetSeg-zsg19onz2fee.jpg,RipDetSeg-0a3kal20vq3s.jpg,0,0,0
RipDetSeg-0fm1z79o2gms.jpg,RipDetSeg-1elkmw9e8xy9.jpg,0,0,0
RipDetSeg-6hk6j0tvop8b.jpg,RipDetSeg-8h8eij2fno38.jpg,0,0,0
RipDetSeg-6h57gyk52hyo.jpg,RipDetSeg-82r08ajsoeeb.jpg,0,0,0
RipDetSeg-w7i8tcj4zbav.jpg,RipDetSeg-845s5i81a61q.jpg,0,0,0
RipDetSeg-nmb5m7flxhpa.jpg,RipDetSeg-1btaqwaj5i3c.jpg,0,0,0
RipDetSeg-7nzfzq8swuv8.jpg,RipDetSeg-7wz7qa68v4w8.jpg,0,0,0
RipDetSeg-6k4ripg7cm1e.jpg,RipDetSeg-49y7gkfuyyob.jpg,0,0,0
RipDetSeg-lvs9i4albjiq.jpg,RipDetSeg-3jyobh0do7vj.jpg,0,0,0
RipDetSeg-71rwj5e4xe5u.jpg,RipDetSeg-7e48xji5o36k.jpg,0,0,0
RipDetSeg-6o14ptzpy954.jpg,RipDetSeg-dsbi5ogvtqbr.jpg,0,0,0
RipDetSeg-728g9wg48913.jpg,RipDetSeg-19ienzvjjq1p.jpg,0,0,0
RipDetSeg-zwwa1je6gknr.jpg,RipDetSeg-fstdnurntdpp.jpg,0,0,0
RipDetSeg-6mxx2hg9bihe.jpg,RipDetSeg-95n8srjid5wz.jpg,0,0,0
RipDetSeg-lnz0ai74gcxm.jpg,RipDetSeg-xqip204veh0g.jpg,0,0,0
RipDetSeg-7pdg8alv9exd.jpg,RipDetSeg-7dp6zciutgxt.jpg,0,0,0
RipDetSeg-0nzzfmhibw0n.jpg,RipDetSeg-wvhsifgqzjm7.jpg,0,0,0
RipDetSeg-08lhp65rlbom.jpg,RipDetSeg-hrzbigitsmpo.jpg,0,0,0
RipDetSeg-7nnaay1yr9fg.jpg,RipDetSeg-b5m8ehhdfl3c.jpg,0,0,0
RipDetSeg-w6qdqs2wcwh3.jpg,RipDetSeg-7lmwewnej8na.jpg,0,0,0
RipDetSeg-7emkz3war5s8.jpg,RipDetSeg-0ukdsrvi9vwo.jpg,0,0,0
RipDetSeg-6kiy84o8ij3v.jpg,RipDetSeg-jxryvqy33vfj.jpg,0,0,0
RipDetSeg-w7cm14t9dqcy.jpg,RipDetSeg-vs84qrby0s9l.jpg,0,0,0
RipDetSeg-zof1qcdlveai.jpg,RipDetSeg-x3pukjpdpcst.jpg,0,0,0
RipDetSeg-6lnxqp3no5h8.jpg,RipDetSeg-8i05ygqltlti.jpg,0,0,0
RipDetSeg-0my7nbxd9sv6.jpg,RipDetSeg-96clp68gonfc.jpg,0,0,0
RipDetSeg-733jf2bcjujx.jpg,RipDetSeg-gyps8zq2eqgm.jpg,0,0,0
RipDetSeg-07djtff5g3lw.jpg,RipDetSeg-a67dh1gvh0q4.jpg,0,0,0
RipDetSeg-7df1zguh8rj5.jpg,RipDetSeg-0ocj7lk01zby.jpg,0,0,0
RipDetSeg-0fvjeaexw6sh.jpg,RipDetSeg-5xcihy9dshoh.jpg,0,0,0
RipDetSeg-6dkacgwq1lr9.jpg,RipDetSeg-3tsan8xa4crg.jpg,0,0,0
RipDetSeg-123a5r590333.jpg,RipDetSeg-8xrnoen77d33.jpg,0,0,0
RipDetSeg-zik3c0x6qlpm.jpg,RipDetSeg-yljyjiqdprhv.jpg,0,0,0
RipDetSeg-12f7pc6e0mpt.jpg,RipDetSeg-176c8zw6rp1i.jpg,0,0,0
RipDetSeg-7rgj2947u5yq.jpg,RipDetSeg-0quupoeqzgkv.jpg,0,0,0
RipDetSeg-6dxe8jfhxckd.jpg,RipDetSeg-nvmqahw95g9d.jpg,0,0,0
RipDetSeg-n5cammmczitz.jpg,RipDetSeg-9cd39zfa17et.jpg,0,0,0
RipDetSeg-mwhqhvo5hde3.jpg,RipDetSeg-0ytya9jl4uaa.jpg,0,0,0
RipDetSeg-7hmafg3s934r.jpg,RipDetSeg-hrhn16w8wl5m.jpg,0,0,0
RipDetSeg-zsfor1h15ngi.jpg,RipDetSeg-fpsvxwmojtoo.jpg,0,0,0
RipDetSeg-12ruhei40i31.jpg,RipDetSeg-c4648d0oogy8.jpg,0,0,0
RipDetSeg-lmfs49g2snah.jpg,RipDetSeg-hbl2eqct34q0.jpg,0,0,0
RipDetSeg-7ryg79f8zazd.jpg,RipDetSeg-jgvh0fgsh4uo.jpg,0,0,0
RipDetSeg-zgg1gssc0lce.jpg,RipDetSeg-dulo9z3thwbl.jpg,0,0,0
RipDetSeg-wbfz5sjo5jfs.jpg,RipDetSeg-bzclptl5aaql.jpg,0,0,0
RipDetSeg-zk897jolb03n.jpg,RipDetSeg-26o2zoly9fq6.jpg,0,0,0
RipDetSeg-06dtvnjky7ll.jpg,RipDetSeg-3f0qad9lq33u.jpg,0,0,0
RipDetSeg-11kr368b52zj.jpg,RipDetSeg-7zgu3ug2pp8i.jpg,0,0,0
RipDetSeg-w96ef9ijo8kt.jpg,RipDetSeg-8aatdgq8nshw.jpg,0,0,0
RipDetSeg-nm9xkle25q5v.jpg,RipDetSeg-21atj7cdizcf.jpg,0,0,0
RipDetSeg-1056hdeexj3f.jpg,RipDetSeg-f524x8a6zdsw.jpg,0,0,0
RipDetSeg-nm4qq08ohq63.jpg,RipDetSeg-m1c6bmc8ku15.jpg,0,0,0
RipDetSeg-737p1dxj7v4u.jpg,RipDetSeg-9gc9el6h1noh.jpg,0,0,0
RipDetSeg-7e16l0ahd84b.jpg,RipDetSeg-3uqn5w00379h.jpg,0,0,0
RipDetSeg-6fgzz6i7ji9o.jpg,RipDetSeg-34pqvjfamldj.jpg,0,0,0
RipDetSeg-zx0c7zx2fzuf.jpg,RipDetSeg-rhjifef7v04h.jpg,0,0,0
RipDetSeg-6ffrx43r2anm.jpg,RipDetSeg-3k7pqi8ogcxm.jpg,0,0,0
RipDetSeg-7qvrrub9i48e.jpg,RipDetSeg-fxqi8uv8b8nb.jpg,0,0,0
RipDetSeg-zizuhswijss2.jpg,RipDetSeg-jnggb3jb5x1s.jpg,0,0,0
RipDetSeg-7r2y2wp5aqvu.jpg,RipDetSeg-0ynhb2rhyy00.jpg,0,0,0
RipDetSeg-zof5rsgpsyvt.jpg,RipDetSeg-8trcpk42dwml.jpg,0,0,0
RipDetSeg-73vzbvyc6fet.jpg,RipDetSeg-zxw5ca6y2kzb.jpg,0,0,0
RipDetSeg-0fv4yg1ode4n.jpg,RipDetSeg-3tcqcmgp3iyp.jpg,0,0,0
RipDetSeg-118ddl0bvhcs.jpg,RipDetSeg-0dcw0y1gqgb6.jpg,0,0,0
RipDetSeg-waicyvxok37m.jpg,RipDetSeg-ydg6v6sjr2uf.jpg,0,0,0
RipDetSeg-0617h2obadxa.jpg,RipDetSeg-077z1ed72p7d.jpg,0,0,0
RipDetSeg-zvswji362mif.jpg,RipDetSeg-3vwpjxt73ikb.jpg,0,0,0
RipDetSeg-mzcng1682mix.jpg,RipDetSeg-6p2ctk3yqllo.jpg,0,0,0
RipDetSeg-w0vxwr6v2kno.jpg,RipDetSeg-bq3x8eb1ifcn.jpg,0,0,0
RipDetSeg-vs0acqqohp1w.jpg,RipDetSeg-75vpk4xb61nb.jpg,0,0,0
RipDetSeg-nn7vd2nr65el.jpg,RipDetSeg-b0hfzn5fr174.jpg,0,0,0
RipDetSeg-0si685msuwse.jpg,RipDetSeg-kxdgkh2ath0x.jpg,0,0,0
RipDetSeg-zskp2qwd59n7.jpg,RipDetSeg-3tqvdv15l5el.jpg,0,0,0
RipDetSeg-zntu3psrkrwb.jpg,RipDetSeg-0ckag7nbnj2q.jpg,0,0,0
RipDetSeg-vqkh6w20egiw.jpg,RipDetSeg-bx42oyy991b4.jpg,0,0,0
RipDetSeg-6vr5gretnaov.jpg,RipDetSeg-p8gnisg4n3mq.jpg,0,0,0
RipDetSeg-znek93pnwvxr.jpg,RipDetSeg-fpw7yxdne59n.jpg,0,0,0
RipDetSeg-lpavoh7a246r.jpg,RipDetSeg-0quupoeqzgkv.jpg,0,0,0
RipDetSeg-6zzghdnyjsn8.jpg,RipDetSeg-b5axdlxicun5.jpg,0,0,0
RipDetSeg-mwdwl05ea518.jpg,RipDetSeg-rky4upwp1awo.jpg,0,0,0
RipDetSeg-luwnlgozqfth.jpg,RipDetSeg-5t3vf1o7iwks.jpg,0,0,0
RipDetSeg-0bemu58ckk6v.jpg,RipDetSeg-sg7ln61gf5no.jpg,0,0,0
RipDetSeg-6vboh264qyl9.jpg,RipDetSeg-30mcgovy8oy7.jpg,0,0,0
RipDetSeg-6w7t2iq8e8lc.jpg,RipDetSeg-ayzi9me70i91.jpg,0,0,0
RipDetSeg-0refskz6oqeq.jpg,RipDetSeg-3su2a6kp611b.jpg,0,0,0
RipDetSeg-0bvm5nerlk1h.jpg,RipDetSeg-7np1n0f8tx42.jpg,0,0,0
RipDetSeg-6wjlu3ee5dkr.jpg,RipDetSeg-8veqzx0n9h6a.jpg,0,0,0
RipDetSeg-lpc0feybcbrs.jpg,RipDetSeg-oo1ryqcfkd5r.jpg,0,0,0
RipDetSeg-0do2v0csra2y.jpg,RipDetSeg-wczy6swkgokn.jpg,0,0,0
RipDetSeg-6yl3pgnv0q9c.jpg,RipDetSeg-38hzs1luxb0t.jpg,0,0,0
RipDetSeg-vr1uradx2eri.jpg,RipDetSeg-js7rnbq9gnv4.jpg,0,0,0
RipDetSeg-7ip6ed58r61c.jpg,RipDetSeg-d4vgyaoodd7n.jpg,0,0,0
RipDetSeg-7iq4ek8ahbnx.jpg,RipDetSeg-p7l1sj7uayug.jpg,0,0,0
RipDetSeg-znv5s7bg5wjh.jpg,RipDetSeg-95n8srjid5wz.jpg,0,0,0
RipDetSeg-0u7u8591sklx.jpg,RipDetSeg-qqm6f1wbxnz7.jpg,0,0,0
RipDetSeg-0qajy2w2nv02.jpg,RipDetSeg-6k4sdfakg30x.jpg,0,0,0
RipDetSeg-6xffrm4z21h3.jpg,RipDetSeg-0aicknj16cw3.jpg,0,0,0
RipDetSeg-7hd6fxd7riai.jpg,RipDetSeg-0kqvomyudxig.jpg,0,0,0
RipDetSeg-npvrx89k79db.jpg,RipDetSeg-uo1dgdfbtc5v.jpg,0,0,0
RipDetSeg-6wxpu6r77pna.jpg,RipDetSeg-8h8eij2fno38.jpg,0,0,0
RipDetSeg-0r06wftdn71y.jpg,RipDetSeg-57luuymfdi37.jpg,0,0,0
RipDetSeg-0r80n6ydcq5r.jpg,RipDetSeg-g3scyta5es9e.jpg,0,0,0
RipDetSeg-zsubcidosxez.jpg,RipDetSeg-oonbsono2p1r.jpg,0,0,0
RipDetSeg-n37a593sxe4v.jpg,RipDetSeg-bluajmh71yxm.jpg,0,0,0
RipDetSeg-zn5ai9uhcv2a.jpg,RipDetSeg-3i8b78epffs6.jpg,0,0,0
RipDetSeg-6tzwj7uogsab.jpg,RipDetSeg-2b3ctfirn7xb.jpg,0,0,0
RipDetSeg-6tw18i0qmql6.jpg,RipDetSeg-t8tw5l6c90t6.jpg,0,0,0
RipDetSeg-n32zfx3gqi70.jpg,RipDetSeg-55jit847fxxt.jpg,0,0,0
RipDetSeg-7msnl4z1zg44.jpg,RipDetSeg-b5noggm1yok2.jpg,0,0,0
RipDetSeg-znyuu49e75ht.jpg,RipDetSeg-i68mm3vfups3.jpg,0,0,0
RipDetSeg-6r65a3f9j8tl.jpg,RipDetSeg-60ldrt0sj0ba.jpg,0,0,0
RipDetSeg-6r5rgmau8yo3.jpg,RipDetSeg-ab1g8y134rqa.jpg,0,0,0
RipDetSeg-zo1e9ny1qd46.jpg,RipDetSeg-80zl7at99nih.jpg,0,0,0
RipDetSeg-6qs808fascrw.jpg,RipDetSeg-300hzqf4lcua.jpg,0,0,0
RipDetSeg-6rlgs37ht9ms.jpg,RipDetSeg-199fcg3ddj3c.jpg,0,0,0
RipDetSeg-7n6z5ufk56a1.jpg,RipDetSeg-69noeosvymlj.jpg,0,0,0
RipDetSeg-w3wr34p3fq0b.jpg,RipDetSeg-286hvgx4dy4m.jpg,0,0,0
RipDetSeg-0y9xclzwmeee.jpg,RipDetSeg-pupfw7x2ynts.jpg,0,0,0
RipDetSeg-vyp8f1cou3af.jpg,RipDetSeg-p8rkuylzbjrr.jpg,0,0,0
RipDetSeg-zkewdl0h2190.jpg,RipDetSeg-azgne0ro8ul9.jpg,0,0,0
RipDetSeg-mw3btfdkrbza.jpg,RipDetSeg-a2kbrd9h5ic2.jpg,0,0,0
RipDetSeg-6ow7e476lwvc.jpg,RipDetSeg-a5n14rfhg25t.jpg,0,0,0
RipDetSeg-6ok6dmuvhay3.jpg,RipDetSeg-gs9w9oih0hs8.jpg,0,0,0
RipDetSeg-vz74mc39a9jq.jpg,RipDetSeg-1em8om6r0cia.jpg,0,0,0
RipDetSeg-w4ra080rts7t.jpg,RipDetSeg-7xai2p7no39c.jpg,0,0,0
RipDetSeg-w3bl70hzabzh.jpg,RipDetSeg-4mcgwaikb19i.jpg,0,0,0
RipDetSeg-zuaapjmdksne.jpg,RipDetSeg-ganxjzsj3z8e.jpg,0,0,0
RipDetSeg-0veerv1w2cgg.jpg,RipDetSeg-aefxxzxvjcto.jpg,0,0,0
RipDetSeg-0eywkolnpnt1.jpg,RipDetSeg-4bu6jn6bg2gv.jpg,0,0,0
RipDetSeg-7loksz1fq68u.jpg,RipDetSeg-6dtfoanbu5k1.jpg,0,0,0
RipDetSeg-zmxtz6y1p3w3.jpg,RipDetSeg-7k76wo1yhui4.jpg,0,0,0
RipDetSeg-mwbmx1hwjdjm.jpg,RipDetSeg-258f82qunp1i.jpg,0,0,0
RipDetSeg-lvkjsfao1vnh.jpg,RipDetSeg-9kemmpz03lu3.jpg,0,0,0
RipDetSeg-6spdxt6e34nd.jpg,RipDetSeg-5tq7whju1oal.jpg,0,0,0
RipDetSeg-n43i39skwh06.jpg,RipDetSeg-ifs2wg5v2nnv.jpg,0,0,0
RipDetSeg-zmgtsnolwmh6.jpg,RipDetSeg-853krtker4or.jpg,0,0,0
RipDetSeg-6saprosza5af.jpg,RipDetSeg-1ejo6e3wbjr6.jpg,0,0,0
RipDetSeg-ztf16kvbhud7.jpg,RipDetSeg-lvv4cjmys7p6.jpg,0,0,0
RipDetSeg-w2wpqm0ktx8n.jpg,RipDetSeg-4dfh8bsv5q5b.jpg,0,0,0
RipDetSeg-70ui5yv624ov.jpg,RipDetSeg-xofjdofq07kz.jpg,0,0,0
RipDetSeg-0wujhsjspjhh.jpg,RipDetSeg-otmt7caxtjfy.jpg,0,0,0
RipDetSeg-0x8pmqtfb7qz.jpg,RipDetSeg-32xp8u4m60er.jpg,0,0,0
RipDetSeg-0acdos9jmvjd.jpg,RipDetSeg-1uc0p9044y9i.jpg,0,0,0
RipDetSeg-0wsspb4jj32q.jpg,RipDetSeg-0st7mgdirws3.jpg,0,0,0
RipDetSeg-141h95m1lsu6.jpg,RipDetSeg-3kdpbhdgq6d5.jpg,0,0,0
RipDetSeg-6cv0j72rna4n.jpg,RipDetSeg-3bfktntdsdfu.jpg,0,0,0
RipDetSeg-0lo8x5xr5b4j.jpg,RipDetSeg-548gmqh2gkq2.jpg,0,0,0
RipDetSeg-02nqt3rs8lg9.jpg,RipDetSeg-8w30ezowsxqc.jpg,0,0,0
RipDetSeg-vlaqqcagfo7w.jpg,RipDetSeg-8e36m2k4ei4h.jpg,0,0,0
RipDetSeg-wlsoto49qv6m.jpg,RipDetSeg-jp7vq3ev1u7w.jpg,0,0,0
RipDetSeg-vl18h0g9xjew.jpg,RipDetSeg-5r4ksjmeclhj.jpg,0,0,0
RipDetSeg-1cm3eqhh1zs1.jpg,RipDetSeg-n6rbmjobavpb.jpg,0,0,0
RipDetSeg-7ym7uawg68gb.jpg,RipDetSeg-997sbdtrtneo.jpg,0,0,0
RipDetSeg-n4ybrthef84u.jpg,RipDetSeg-9vgsgqctcpzu.jpg,0,0,0
RipDetSeg-n4q71slm2onn.jpg,RipDetSeg-kbcm21ytfl6j.jpg,0,0,0
RipDetSeg-wm58a84lftga.jpg,RipDetSeg-oi8hpx7qv49c.jpg,0,0,0
RipDetSeg-1ct5eyrkq66k.jpg,RipDetSeg-4m61fp0yil51.jpg,0,0,0
RipDetSeg-615lfhthb4qx.jpg,RipDetSeg-ojy8i57nrp7o.jpg,0,0,0
RipDetSeg-60t6ohg0pj3t.jpg,RipDetSeg-u9lqjf1bjq5f.jpg,0,0,0
RipDetSeg-60sld8cgttce.jpg,RipDetSeg-199fcg3ddj3c.jpg,0,0,0
RipDetSeg-zdrx7r2x25vm.jpg,RipDetSeg-ra1xf358svxh.jpg,0,0,0
RipDetSeg-5zs2x6540y8x.jpg,RipDetSeg-6kkxb1i9w52d.jpg,0,0,0
RipDetSeg-7yas2wiup4ka.jpg,RipDetSeg-hk1majpi422e.jpg,0,0,0
RipDetSeg-vtuo0oofho28.jpg,RipDetSeg-1cf5qie8z3rl.jpg,0,0,0
RipDetSeg-ze16vo7fnqii.jpg,RipDetSeg-kq2p7zeoutvr.jpg,0,0,0
RipDetSeg-0ikxiomqw0az.jpg,RipDetSeg-jty9zv2z169k.jpg,0,0,0
RipDetSeg-78fambf8uhgr.jpg,RipDetSeg-0st7mgdirws3.jpg,0,0,0
RipDetSeg-whx1cvqgx1gx.jpg,RipDetSeg-509zlnsysobp.jpg,0,0,0
RipDetSeg-ls7hggb4fyhv.jpg,RipDetSeg-9ssyxvbq7tzv.jpg,0,0,0
RipDetSeg-noj6yjan6hdf.jpg,RipDetSeg-0st7mgdirws3.jpg,0,0,0
RipDetSeg-lyxikqq2rm9o.jpg,RipDetSeg-6huikbig4ai0.jpg,0,0,0
RipDetSeg-64dx4ph55uf3.jpg,RipDetSeg-1mlshjz0pigs.jpg,0,0,0
RipDetSeg-7xixjmz0vo8b.jpg,RipDetSeg-yy4hhadt7qct.jpg,0,0,0
RipDetSeg-19ta8jv50oxx.jpg,RipDetSeg-1r7ta329eb2z.jpg,0,0,0
RipDetSeg-7xn389x2ow68.jpg,RipDetSeg-6wl4vfbmshil.jpg,0,0,0
RipDetSeg-vn35pipj95lb.jpg,RipDetSeg-335vp5ex9le4.jpg,0,0,0
RipDetSeg-n43v7ovrmktj.jpg,RipDetSeg-76mx2ns5nf24.jpg,0,0,0
RipDetSeg-78lfrb7qlk3w.jpg,RipDetSeg-8w3ndxahmexk.jpg,0,0,0
RipDetSeg-78pzn0si9v88.jpg,RipDetSeg-7ifuqiovrwda.jpg,0,0,0
RipDetSeg-lyyb1umbhv4v.jpg,RipDetSeg-8qjhp68vxoky.jpg,0,0,0
RipDetSeg-wk3id3diek58.jpg,RipDetSeg-p8gnisg4n3mq.jpg,0,0,0
RipDetSeg-vldm732cbrd7.jpg,RipDetSeg-02d8xsy31mus.jpg,0,0,0
RipDetSeg-5zojmkud9mgh.jpg,RipDetSeg-m8i7058d83l7.jpg,0,0,0
RipDetSeg-5zimdoz52m2q.jpg,RipDetSeg-2wqwe2jsqv99.jpg,0,0,0
RipDetSeg-n79uwmmwqdam.jpg,RipDetSeg-3gmfuhcmf0av.jpg,0,0,0
RipDetSeg-5wq090rz8zug.jpg,RipDetSeg-c96d5pd9ml3r.jpg,0,0,0
RipDetSeg-80sm2k1qdcqm.jpg,RipDetSeg-2jtjw8oni9ot.jpg,0,0,0
RipDetSeg-5wcknmfebiyd.jpg,RipDetSeg-2o1q6nbrag0r.jpg,0,0,0
RipDetSeg-812oume5pr3f.jpg,RipDetSeg-0zqqga03qq2s.jpg,0,0,0
RipDetSeg-vk18i970vnbe.jpg,RipDetSeg-6uapfcm9h2zh.jpg,0,0,0
RipDetSeg-1f588iucdr9a.jpg,RipDetSeg-2oyw4oautfci.jpg,0,0,0
RipDetSeg-01lkvy0fxcd4.jpg,RipDetSeg-rlzj444nfs1d.jpg,0,0,0
RipDetSeg-nopklbuamx33.jpg,RipDetSeg-qp8nux90e9zw.jpg,0,0,0
RipDetSeg-5vzspx63pav8.jpg,RipDetSeg-mo5soajxhrdx.jpg,0,0,0
RipDetSeg-n2bg9cfdry7v.jpg,RipDetSeg-5lkjdoqhyiux.jpg,0,0,0
RipDetSeg-1fvivhg4bj51.jpg,RipDetSeg-4cwtgmrgdp4w.jpg,0,0,0
RipDetSeg-827hu4xsb89z.jpg,RipDetSeg-k0iiq8c9nzbl.jpg,0,0,0
RipDetSeg-wn3q8o6d9hx9.jpg,RipDetSeg-javx5yzhb8b0.jpg,0,0,0
RipDetSeg-wna87niai3eq.jpg,RipDetSeg-3n8qmooiorl8.jpg,0,0,0
RipDetSeg-vuahw6dmzrmn.jpg,RipDetSeg-ckgxlyoh1a0a.jpg,0,0,0
RipDetSeg-ll5c88mpuzce.jpg,RipDetSeg-1e48ginsw0nv.jpg,0,0,0
RipDetSeg-ll81cqrpsbe7.jpg,RipDetSeg-maskc21dhatd.jpg,0,0,0
RipDetSeg-01xl8w2kznaj.jpg,RipDetSeg-wey2sx6rfw5w.jpg,0,0,0
RipDetSeg-79qb28y0ygvc.jpg,RipDetSeg-0slapyhj0lfq.jpg,0,0,0
RipDetSeg-nr5l1udkxt9m.jpg,RipDetSeg-wh1epfrydb1y.jpg,0,0,0
RipDetSeg-1dxtn1gvmug9.jpg,RipDetSeg-h9f2q9ztp2xu.jpg,0,0,0
RipDetSeg-02l79kr1m70f.jpg,RipDetSeg-d36czt78euw9.jpg,0,0,0
RipDetSeg-zci2ft11hfu1.jpg,RipDetSeg-16p9vjljav8t.jpg,0,0,0
RipDetSeg-n0cxirfoe9hl.jpg,RipDetSeg-0idqhpxbxzen.jpg,0,0,0
RipDetSeg-1ecosckpwoej.jpg,RipDetSeg-0kqvomyudxig.jpg,0,0,0
RipDetSeg-nizhrl0gpx6o.jpg,RipDetSeg-qg19kn5nkfqt.jpg,0,0,0
RipDetSeg-lll62evxvf4u.jpg,RipDetSeg-52j0xsw8230a.jpg,0,0,0
RipDetSeg-wmtoyfo4vdum.jpg,RipDetSeg-seehc26avw8v.jpg,0,0,0
RipDetSeg-m0ppuv2cy82g.jpg,RipDetSeg-3pq8ds62ietj.jpg,0,0,0
RipDetSeg-1es2z5t9f6yo.jpg,RipDetSeg-cdolv7u36227.jpg,0,0,0
RipDetSeg-5y55iqnj2o9b.jpg,RipDetSeg-4iapjt57zib3.jpg,0,0,0
RipDetSeg-79ohmia5tc6e.jpg,RipDetSeg-0qvdh9xn08jr.jpg,0,0,0
RipDetSeg-5xuvv36tqmv5.jpg,RipDetSeg-8vdby9idqceh.jpg,0,0,0
RipDetSeg-02b1qt3plelp.jpg,RipDetSeg-8m409dsjg9qw.jpg,0,0,0
RipDetSeg-zcbk5qvv1voz.jpg,RipDetSeg-0ims9uk0g3t2.jpg,0,0,0
RipDetSeg-vkuhgcba9zed.jpg,RipDetSeg-mbv7xszzb09t.jpg,0,0,0
RipDetSeg-7wx5g5vh7kli.jpg,RipDetSeg-liru1r8q2fox.jpg,0,0,0
RipDetSeg-035hugjni2kk.jpg,RipDetSeg-3nncebxipc4k.jpg,0,0,0
RipDetSeg-whmsmplovs2u.jpg,RipDetSeg-ezl3cpfxhv3t.jpg,0,0,0
RipDetSeg-wcvye9foymzx.jpg,RipDetSeg-n9ma3u1sz8cp.jpg,0,0,0
RipDetSeg-1638s2k9pfds.jpg,RipDetSeg-d6dn53r2i3qn.jpg,0,0,0
RipDetSeg-163cxct254ym.jpg,RipDetSeg-7mf3bqmel4gc.jpg,0,0,0
RipDetSeg-6b0uhxeozb18.jpg,RipDetSeg-b6l154ppradq.jpg,0,0,0
RipDetSeg-6aoo0rskkzfu.jpg,RipDetSeg-2jpk0xtxydsi.jpg,0,0,0
RipDetSeg-7t7130obgi2o.jpg,RipDetSeg-yyj0t1l2fwcj.jpg,0,0,0
RipDetSeg-nlyjzps1v8yx.jpg,RipDetSeg-1btaqwaj5i3c.jpg,0,0,0
RipDetSeg-7stnvl2xjbed.jpg,RipDetSeg-j7v7ajierlyl.jpg,0,0,0
RipDetSeg-05g8qpie2fyu.jpg,RipDetSeg-zap1rstmfcmn.jpg,0,0,0
RipDetSeg-1663pzsihcmx.jpg,RipDetSeg-jkdo8mfv9a0s.jpg,0,0,0
RipDetSeg-zeurjb2ozg86.jpg,RipDetSeg-cu62obmqkbnm.jpg,0,0,0
RipDetSeg-ltq5vljqcac1.jpg,RipDetSeg-mraa7ak6k7fx.jpg,0,0,0
RipDetSeg-noasqulduswc.jpg,RipDetSeg-9jelt5mdakdk.jpg,0,0,0
RipDetSeg-nlu8q0jyb6am.jpg,RipDetSeg-vam9re0lrhno.jpg,0,0,0
RipDetSeg-69drlvlpl4zd.jpg,RipDetSeg-979vyvv9wg88.jpg,0,0,0
RipDetSeg-7thzd267bje6.jpg,RipDetSeg-0kqvomyudxig.jpg,0,0,0
RipDetSeg-zpftm5flahkv.jpg,RipDetSeg-89yfvne6uuke.jpg,0,0,0
RipDetSeg-696z0gx5q0yh.jpg,RipDetSeg-9r1459kwldbv.jpg,0,0,0
RipDetSeg-wcudb1x9daxk.jpg,RipDetSeg-miudu90b9yul.jpg,0,0,0
RipDetSeg-6bdsmh2aj221.jpg,RipDetSeg-03c2tvrq5242.jpg,0,0,0
RipDetSeg-7579bb0rnnrk.jpg,RipDetSeg-v45qrkf2p9a8.jpg,0,0,0
RipDetSeg-6by936lhu7tp.jpg,RipDetSeg-nhtygu772ku1.jpg,0,0,0
RipDetSeg-149sj12kqik6.jpg,RipDetSeg-56gzjh279jnj.jpg,0,0,0
RipDetSeg-0g3krfmjjccc.jpg,RipDetSeg-pnk7zuojsf35.jpg,0,0,0
RipDetSeg-14bcetoac3xj.jpg,RipDetSeg-kbcm21ytfl6j.jpg,0,0,0
RipDetSeg-768actrukj6c.jpg,RipDetSeg-twtfwhy3y75l.jpg,0,0,0
RipDetSeg-76tnsdk347gb.jpg,RipDetSeg-89cxutc30gvc.jpg,0,0,0
RipDetSeg-n6mrmvopzikn.jpg,RipDetSeg-36cnskay49s0.jpg,0,0,0
RipDetSeg-vnwziug9y8fi.jpg,RipDetSeg-239gbd6pxuq0.jpg,0,0,0
RipDetSeg-15e3wvzjl4gx.jpg,RipDetSeg-ewef9lz8kjzh.jpg,0,0,0
RipDetSeg-15g5gunwrv54.jpg,RipDetSeg-rj6fz5d94cvn.jpg,0,0,0
RipDetSeg-0gds6pv9ku9x.jpg,RipDetSeg-ab5gh6d6v6gh.jpg,0,0,0
RipDetSeg-zrvpyp0f2coq.jpg,RipDetSeg-wddrb0mzocia.jpg,0,0,0
RipDetSeg-vnu1sxorf8xu.jpg,RipDetSeg-fgtrlwb684x9.jpg,0,0,0
RipDetSeg-6bjybaynp9kd.jpg,RipDetSeg-8ou0yblhfinj.jpg,0,0,0
RipDetSeg-6bg3mzp5hk2w.jpg,RipDetSeg-z9t1nbqxbeal.jpg,0,0,0
RipDetSeg-14ey0nhh2ekk.jpg,RipDetSeg-0h0wryxbc45p.jpg,0,0,0
RipDetSeg-wdt9cblqj3zs.jpg,RipDetSeg-9blx5pbpcg7z.jpg,0,0,0
RipDetSeg-6z7783aiy4cb.jpg,RipDetSeg-3jrsaiybmhgt.jpg,0,0,0
RipDetSeg-zrm3irnpaj38.jpg,RipDetSeg-159pbq1x2bd9.jpg,0,0,0
RipDetSeg-69133dkfc1ez.jpg,RipDetSeg-gs997ece69l9.jpg,0,0,0
RipDetSeg-wfx2ny5frt64.jpg,RipDetSeg-uj74ct86z4kh.jpg,0,0,0
RipDetSeg-17qsu667soo4.jpg,RipDetSeg-jhs7biy0ajbv.jpg,0,0,0
RipDetSeg-7c4xbpw1hxdt.jpg,RipDetSeg-ffpczuchfpw8.jpg,0,0,0
RipDetSeg-lsulud7teb3o.jpg,RipDetSeg-0ynhb2rhyy00.jpg,0,0,0
RipDetSeg-wf3igu9i7iii.jpg,RipDetSeg-7xarg80eeamj.jpg,0,0,0
RipDetSeg-04evrd7xm9d8.jpg,RipDetSeg-6fngbr8c1iw9.jpg,0,0,0
RipDetSeg-03qbl22pm8b7.jpg,RipDetSeg-56nm9phm0tw1.jpg,0,0,0
RipDetSeg-7wuc5w1lsrx8.jpg,RipDetSeg-lj0n8vyobd4s.jpg,0,0,0
RipDetSeg-vw4crxdztegg.jpg,RipDetSeg-87i6qrd3lsoy.jpg,0,0,0
RipDetSeg-whj4irrqzmmt.jpg,RipDetSeg-02xsm7khbrgb.jpg,0,0,0
RipDetSeg-zfju6rzqwkhp.jpg,RipDetSeg-a8ipn6a0sx5i.jpg,0,0,0
RipDetSeg-nofgw028uwvv.jpg,RipDetSeg-eo30ktqcp7i7.jpg,0,0,0
RipDetSeg-78cnw4suk8zx.jpg,RipDetSeg-21atj7cdizcf.jpg,0,0,0
RipDetSeg-7w29fo87j7kg.jpg,RipDetSeg-3jagdyyr6mht.jpg,0,0,0
RipDetSeg-7ujhsw0hbhha.jpg,RipDetSeg-7s2jh1eoe7oz.jpg,0,0,0
RipDetSeg-zevae0lmg5oh.jpg,RipDetSeg-opg5hinshk14.jpg,0,0,0
RipDetSeg-67g2qa07axib.jpg,RipDetSeg-56y15p6ymjqz.jpg,0,0,0
RipDetSeg-lrpbemkwvr4k.jpg,RipDetSeg-af2rq64m8d34.jpg,0,0,0
RipDetSeg-04nwlgkuwrx8.jpg,RipDetSeg-iu0rpmah2yje.jpg,0,0,0
RipDetSeg-nl873g0j9kc9.jpg,RipDetSeg-aoxwc4ub6wzo.jpg,0,0,0
RipDetSeg-0j7x0pjv1ffb.jpg,RipDetSeg-9yd3r7l1g5e4.jpg,0,0,0
RipDetSeg-68r0nzliehua.jpg,RipDetSeg-akb5zhmvje7b.jpg,0,0,0
RipDetSeg-mzpg4f10jebr.jpg,RipDetSeg-zjz32ou0nvb7.jpg,0,0,0
RipDetSeg-0kkbkutijhry.jpg,RipDetSeg-h8ncqmrnoki8.jpg,0,0,0
RipDetSeg-16l2795f53q3.jpg,RipDetSeg-00x3s3uuwch3.jpg,0,0,0
RipDetSeg-p0g2f5slvd3b.jpg,RipDetSeg-cu62obmqkbnm.jpg,1,0,1
RipDetSeg-g1k6yhxl26l9.jpg,RipDetSeg-a0yadtr94upm.jpg,1,0,1
RipDetSeg-2iee78m6j72a.jpg,RipDetSeg-2dtazk5yw0eu.jpg,1,0,1
RipDetSeg-g65f87fm9564.jpg,RipDetSeg-k43tfcnlebc2.jpg,1,0,1
RipDetSeg-2i18s8b4cph4.jpg,RipDetSeg-m9t5m56prgih.jpg,1,0,1
RipDetSeg-g12mswlm4080.jpg,RipDetSeg-1ol50zwf327c.jpg,1,0,1
RipDetSeg-j49j03lqknfi.jpg,RipDetSeg-k344yv5fvzs4.jpg,1,0,1
RipDetSeg-yiqub189aawh.jpg,RipDetSeg-55b5mk97bhhg.jpg,1,0,1
RipDetSeg-j2tm5lui8huy.jpg,RipDetSeg-8qpr27xeumb6.jpg,1,0,1
RipDetSeg-2izawno4d1xf.jpg,RipDetSeg-ir81w5iqbckj.jpg,1,0,1
RipDetSeg-g8kjov1tc1p4.jpg,RipDetSeg-pfvp1neqf6q8.jpg,1,0,1
RipDetSeg-2jqn9358jv6j.jpg,RipDetSeg-3vwpjxt73ikb.jpg,1,0,1
RipDetSeg-k8d5k0bwl11g.jpg,RipDetSeg-7kz806mxlw09.jpg,1,0,1
RipDetSeg-g29zk2xd9h8v.jpg,RipDetSeg-a7lv2b0y5trl.jpg,1,0,1
RipDetSeg-my9u6dcm84zy.jpg,RipDetSeg-fmuj2eruobu6.jpg,1,0,1
RipDetSeg-kb99g2xc06oz.jpg,RipDetSeg-d8hjqwoyo50w.jpg,1,0,1
RipDetSeg-ompvxrgw00k6.jpg,RipDetSeg-1h7jhjctf18t.jpg,1,0,1
RipDetSeg-p09ljjqo1ci8.jpg,RipDetSeg-vui3epaagmn9.jpg,1,0,1
RipDetSeg-g1v7gfbfynuz.jpg,RipDetSeg-6svkiem4i2y7.jpg,1,0,1
RipDetSeg-2lblsuczsfk2.jpg,RipDetSeg-7l3z83kyyjj7.jpg,1,0,1
RipDetSeg-ozs196k579it.jpg,RipDetSeg-4yvvc6f889zf.jpg,1,0,1
RipDetSeg-quiuh1e25p6w.jpg,RipDetSeg-4aonlqixj17z.jpg,1,0,1
RipDetSeg-g84s2f2v8syh.jpg,RipDetSeg-07z622xzk9gu.jpg,1,0,1
RipDetSeg-k9eelg4bh67r.jpg,RipDetSeg-wmjynu32tyj5.jpg,1,0,1
RipDetSeg-oooteod5lyjl.jpg,RipDetSeg-0hikzo77w7yq.jpg,1,0,1
RipDetSeg-mxpj0dx0uly9.jpg,RipDetSeg-5q58jp2df0wk.jpg,1,0,1
RipDetSeg-p05fa40rcoel.jpg,RipDetSeg-0q8qbj8h3g37.jpg,1,0,1
RipDetSeg-ylsze8iqfvlm.jpg,RipDetSeg-rrl31u6cfs6x.jpg,1,0,1
RipDetSeg-yjxeo8qmkmrv.jpg,RipDetSeg-3o6kj2b2zdkd.jpg,1,0,1
RipDetSeg-n2sap1zzmj2u.jpg,RipDetSeg-2swmn4upiygb.jpg,1,0,1
RipDetSeg-oya1tl8r21uu.jpg,RipDetSeg-pozfjtgvciei.jpg,1,0,1
RipDetSeg-yco8cgzkpmcp.jpg,RipDetSeg-1p15pwmo96ww.jpg,1,0,1
RipDetSeg-2zn70kcwad2r.jpg,RipDetSeg-3j6a0ywa84fv.jpg,1,0,1
RipDetSeg-or8rt4r45flz.jpg,RipDetSeg-12dvyclwv6hu.jpg,1,0,1
RipDetSeg-03wxensm76jw.jpg,RipDetSeg-rpalb3czq95k.jpg,1,0,1
RipDetSeg-n2p9itby7aou.jpg,RipDetSeg-9e0tzh2aa5f6.jpg,1,0,1
RipDetSeg-2zbndqcg0699.jpg,RipDetSeg-qsuay0noys71.jpg,1,0,1
RipDetSeg-jl7i0ond5idp.jpg,RipDetSeg-hlsgrd9ksre3.jpg,1,0,1
RipDetSeg-r6y244kinp48.jpg,RipDetSeg-nscuytdftebf.jpg,1,0,1
RipDetSeg-floqi5fgkg85.jpg,RipDetSeg-3i1zy833ipts.jpg,1,0,1
RipDetSeg-oaofs5jfnots.jpg,RipDetSeg-kyulzci8onvk.jpg,1,0,1
RipDetSeg-flp8mypdwqdu.jpg,RipDetSeg-13anf1qwq3e6.jpg,1,0,1
RipDetSeg-flvggpur6387.jpg,RipDetSeg-9cnk0fee5p6g.jpg,1,0,1
RipDetSeg-jk1i7q9ihu9o.jpg,RipDetSeg-90ngwdni6hwp.jpg,1,0,1
RipDetSeg-jjwzeddzjgfd.jpg,RipDetSeg-9je6s0k1x5vp.jpg,1,0,1
RipDetSeg-r4jj5rrqra93.jpg,RipDetSeg-nxp1oe2o4o6y.jpg,1,0,1
RipDetSeg-jsqs136ravjf.jpg,RipDetSeg-rauo0nmq3365.jpg,1,0,1
RipDetSeg-fmbfr1wmva9z.jpg,RipDetSeg-3pa14n1zvor1.jpg,1,0,1
RipDetSeg-05ku7bwul2en.jpg,RipDetSeg-br93vhbk3adn.jpg,1,0,1
RipDetSeg-nbuczqzdbium.jpg,RipDetSeg-y6rgtln5uoaa.jpg,1,0,1
RipDetSeg-zx3z5ouew7of.jpg,RipDetSeg-59owjlmbuumy.jpg,1,0,1
RipDetSeg-058otdhlhflu.jpg,RipDetSeg-5kiqobk7opyp.jpg,1,0,1
RipDetSeg-03otiw6y3b1a.jpg,RipDetSeg-8wapslheaflv.jpg,1,0,1
RipDetSeg-jmyzvk6ts19o.jpg,RipDetSeg-f8hhcz49jni3.jpg,1,0,1
RipDetSeg-fjoxxdfuuj4j.jpg,RipDetSeg-h1fggkif0ksn.jpg,1,0,1
RipDetSeg-zyzas6vzebp3.jpg,RipDetSeg-2k3jkctgl9g4.jpg,1,0,1
RipDetSeg-y9y4ma3w6y3f.jpg,RipDetSeg-1hevxx4mj1n3.jpg,1,0,1
RipDetSeg-faip9mhqs6xt.jpg,RipDetSeg-nwfycydl878o.jpg,1,0,1
RipDetSeg-ke1uxbr7iz0l.jpg,RipDetSeg-7wz7qa68v4w8.jpg,1,0,1
RipDetSeg-jq9xeux9gse5.jpg,RipDetSeg-kx928k1py5ec.jpg,1,0,1
RipDetSeg-jpt1cgwyg0o6.jpg,RipDetSeg-nv0bnlez7ioc.jpg,1,0,1
RipDetSeg-fc9b8j84cbcn.jpg,RipDetSeg-2kujkxzop8x7.jpg,1,0,1
RipDetSeg-rc8fpo1z831i.jpg,RipDetSeg-61qx15ijpafn.jpg,1,0,1
RipDetSeg-rbs0xkvk3xeq.jpg,RipDetSeg-pnzuqe22b9do.jpg,1,0,1
RipDetSeg-ybiwifz3gypy.jpg,RipDetSeg-rsm6lyzjgxm4.jpg,1,0,1
RipDetSeg-32sujwqm7fs8.jpg,RipDetSeg-ujl5c58wycwy.jpg,1,0,1
RipDetSeg-ffvuo0wqyrjf.jpg,RipDetSeg-v5ogm3swio8g.jpg,1,0,1
RipDetSeg-yc59mf7wvfs2.jpg,RipDetSeg-sp7mb95dqxn0.jpg,1,0,1
RipDetSeg-oq9ggli3y5ae.jpg,RipDetSeg-frd0ox7vz336.jpg,1,0,1
RipDetSeg-034m6tli6zj9.jpg,RipDetSeg-509zlnsysobp.jpg,1,0,1
RipDetSeg-jnos70u2v2ne.jpg,RipDetSeg-y01ma5l8gr72.jpg,1,0,1
RipDetSeg-rbhtd4ztawqz.jpg,RipDetSeg-372sbh0us535.jpg,1,0,1
RipDetSeg-yc6ja5kx7i3y.jpg,RipDetSeg-o0mjkd8ob8tn.jpg,1,0,1
RipDetSeg-03iqiuxzzg07.jpg,RipDetSeg-8pqzg8inhwfu.jpg,1,0,1
RipDetSeg-zxpsusxehymn.jpg,RipDetSeg-sirl8i7y5ljt.jpg,1,0,1
RipDetSeg-oakpc587tj80.jpg,RipDetSeg-4pasflsa3tk0.jpg,1,0,1
RipDetSeg-op3yb0z442hk.jpg,RipDetSeg-ei79lislpht4.jpg,1,0,1
RipDetSeg-0erwj8xkv5tw.jpg,RipDetSeg-4hdcxu6010qb.jpg,1,0,1
RipDetSeg-fob9ucq0k49i.jpg,RipDetSeg-kflinky1h8om.jpg,1,0,1
RipDetSeg-06dh5ixkbp8i.jpg,RipDetSeg-8u4601zfq8rn.jpg,1,0,1
RipDetSeg-fvcx1icipfln.jpg,RipDetSeg-3tsan8xa4crg.jpg,1,0,1
RipDetSeg-zv6jo41r4dak.jpg,RipDetSeg-38x8wsa42o57.jpg,1,0,1
RipDetSeg-fvpez3o2gx02.jpg,RipDetSeg-aajsljczveu1.jpg,1,0,1
RipDetSeg-2riiuqclrh2v.jpg,RipDetSeg-6i7q623qpqii.jpg,1,0,1
RipDetSeg-oozjvvzel0l8.jpg,RipDetSeg-54udm3j35c4e.jpg,1,0,1
RipDetSeg-ygsrex1zz2sl.jpg,RipDetSeg-719k4mtltlks.jpg,1,0,1
RipDetSeg-fwwn08fy8gob.jpg,RipDetSeg-cymbsvffs5ic.jpg,1,0,1
RipDetSeg-yh3m9eg6hdcg.jpg,RipDetSeg-17q307k4qd9y.jpg,1,0,1
RipDetSeg-fxegmjlff6pf.jpg,RipDetSeg-11d3lr3xcp7l.jpg,1,0,1
RipDetSeg-jemacf2jjshk.jpg,RipDetSeg-zafuic6t2u6r.jpg,1,0,1
RipDetSeg-zt94gqw4fveu.jpg,RipDetSeg-1e4tflz7obrl.jpg,1,0,1
RipDetSeg-jami0tyhdtea.jpg,RipDetSeg-1ehe2m7nq7x6.jpg,1,0,1
RipDetSeg-jaj3dtj6oug8.jpg,RipDetSeg-culhhs48m959.jpg,1,0,1
RipDetSeg-2pzoxz1ey4rk.jpg,RipDetSeg-5u5nj754qfdg.jpg,1,0,1
RipDetSeg-qzqh7r4o2re9.jpg,RipDetSeg-3tsan8xa4crg.jpg,1,0,1
RipDetSeg-qzktfn18zd9v.jpg,RipDetSeg-3iyyjdl8m7qr.jpg,1,0,1
RipDetSeg-qyuo5ib4cwaz.jpg,RipDetSeg-5dp9f089j8gw.jpg,1,0,1
RipDetSeg-fzce2u6efbhf.jpg,RipDetSeg-fmkyqldhms9a.jpg,1,0,1
RipDetSeg-j9x7ths5dlco.jpg,RipDetSeg-gacrugacpz7u.jpg,1,0,1
RipDetSeg-ox9vild2loav.jpg,RipDetSeg-aa216caegdea.jpg,1,0,1
RipDetSeg-zsvrfri80px7.jpg,RipDetSeg-0vqqsi7vo50o.jpg,1,0,1
RipDetSeg-zvfoxh7qao4v.jpg,RipDetSeg-9aac1c3n05ui.jpg,1,0,1
RipDetSeg-2t2ou905jyeb.jpg,RipDetSeg-cwehvisgqhxp.jpg,1,0,1
RipDetSeg-ovptzg6egtcb.jpg,RipDetSeg-bs8n66ly9ry4.jpg,1,0,1
RipDetSeg-2x54gfua6qje.jpg,RipDetSeg-l7h3wod92aqs.jpg,1,0,1
RipDetSeg-2x0zx657y61g.jpg,RipDetSeg-yos59ezi07be.jpg,1,0,1
RipDetSeg-2vqnbxy9bhue.jpg,RipDetSeg-45qp74kcgezg.jpg,1,0,1
RipDetSeg-ye14pk38w2an.jpg,RipDetSeg-2u0jr636lsco.jpg,1,0,1
RipDetSeg-06t904e1v3d6.jpg,RipDetSeg-0tpv17rwa08n.jpg,1,0,1
RipDetSeg-jgkpphdr6guk.jpg,RipDetSeg-r06znt7fw2ns.jpg,1,0,1
RipDetSeg-fqhog2cat82g.jpg,RipDetSeg-2kkhum7a40uq.jpg,1,0,1
RipDetSeg-fqr0qac1hi07.jpg,RipDetSeg-jjwek56x9f2l.jpg,1,0,1
RipDetSeg-ots63ks1v9hp.jpg,RipDetSeg-1cf5qie8z3rl.jpg,1,0,1
RipDetSeg-2v0xy2vazzmq.jpg,RipDetSeg-f58qrhmbud12.jpg,1,0,1
RipDetSeg-r2arnj4m46ou.jpg,RipDetSeg-cevw9ex6bl45.jpg,1,0,1
RipDetSeg-yezq6pe44dok.jpg,RipDetSeg-cz1yldxfciw6.jpg,1,0,1
RipDetSeg-07ywslh72nbr.jpg,RipDetSeg-qfklc962oqep.jpg,1,0,1
RipDetSeg-2uhsifm1ko9l.jpg,RipDetSeg-2dtazk5yw0eu.jpg,1,0,1
RipDetSeg-fsi0bh5n9px1.jpg,RipDetSeg-4arddqjmos97.jpg,1,0,1
RipDetSeg-oufv9cvzaw8l.jpg,RipDetSeg-c6vi46tu9elf.jpg,1,0,1
RipDetSeg-jf8319j5vee9.jpg,RipDetSeg-mbzxkhkxqm69.jpg,1,0,1
RipDetSeg-mjb3mruy623s.jpg,RipDetSeg-s5uqqsrinzem.jpg,1,0,1
RipDetSeg-op2bty1sm1es.jpg,RipDetSeg-ijjc2m3zgy8r.jpg,1,0,1
RipDetSeg-r27e1kbfikyx.jpg,RipDetSeg-mpowql19bgdk.jpg,1,0,1
RipDetSeg-yfiaedqj5lkw.jpg,RipDetSeg-0apbf5lxtk15.jpg,1,0,1
RipDetSeg-ot0dooxd3qmn.jpg,RipDetSeg-vagqcy4pypqx.jpg,1,0,1
RipDetSeg-qr8bzpgzn622.jpg,RipDetSeg-194oy382t5bw.jpg,1,0,1
RipDetSeg-0pb209rsfgt6.jpg,RipDetSeg-4ksc68qqxvdp.jpg,1,0,1
RipDetSeg-j2s67z5r8f5n.jpg,RipDetSeg-ntzs134hw5lo.jpg,1,0,1
RipDetSeg-q48een2hgyma.jpg,RipDetSeg-e8aqo262hrhn.jpg,1,0,1
RipDetSeg-h8b18ji06jp2.jpg,RipDetSeg-c55s5skqjpni.jpg,1,0,1
RipDetSeg-1tgt65peut93.jpg,RipDetSeg-6ueuvap445gq.jpg,1,0,1
RipDetSeg-h8h0dwubh38h.jpg,RipDetSeg-0bguxc9tn0sc.jpg,1,0,1
RipDetSeg-yzb9xjtkrh1y.jpg,RipDetSeg-3lmhxnwr62q1.jpg,1,0,1
RipDetSeg-ofyv66ztuin7.jpg,RipDetSeg-0jvy7ayxq2yu.jpg,1,0,1
RipDetSeg-15hkqf0eg7j9.jpg,RipDetSeg-4yvvc6f889zf.jpg,1,0,1
RipDetSeg-h9zj0lx5t6zg.jpg,RipDetSeg-lmg4eavu4mja.jpg,1,0,1
RipDetSeg-i8bm8bnfprk5.jpg,RipDetSeg-1dtulfyfsizt.jpg,1,0,1
RipDetSeg-1r8rlestp454.jpg,RipDetSeg-r13vn5pvayfr.jpg,1,0,1
RipDetSeg-phcewatgupyt.jpg,RipDetSeg-cospx12kiesi.jpg,1,0,1
RipDetSeg-hc84rsgfoot3.jpg,RipDetSeg-c8x8hhxtktez.jpg,1,0,1
RipDetSeg-1qtzd497exdj.jpg,RipDetSeg-cup96p2xeuhh.jpg,1,0,1
RipDetSeg-z173gq00ba49.jpg,RipDetSeg-3qy9rjc6nxcb.jpg,1,0,1
RipDetSeg-q1wi857r6slr.jpg,RipDetSeg-actcdhh5mpol.jpg,1,0,1
RipDetSeg-i6z7bhs8vqfy.jpg,RipDetSeg-qyjwaots963q.jpg,1,0,1
RipDetSeg-hdbyio4d80hu.jpg,RipDetSeg-0ahe2ka0gy2k.jpg,1,0,1
RipDetSeg-pi05tx31gmlf.jpg,RipDetSeg-d0hpc7v2zodx.jpg,1,0,1
RipDetSeg-k13k300de1t2.jpg,RipDetSeg-jyxptp782s4r.jpg,1,0,1
RipDetSeg-i6fzsne927hk.jpg,RipDetSeg-zyogwtod8k1v.jpg,1,0,1
RipDetSeg-k1a2bawpqo20.jpg,RipDetSeg-q69wtu7bm2rf.jpg,1,0,1
RipDetSeg-zfvcl3w1muza.jpg,RipDetSeg-55lwxp6va2q2.jpg,1,0,1
RipDetSeg-helq2kssb91t.jpg,RipDetSeg-0rueyhzyczsa.jpg,1,0,1
RipDetSeg-n8lkfcwxlaak.jpg,RipDetSeg-4ibuv8abwzjz.jpg,1,0,1
RipDetSeg-k3j2de9hjj69.jpg,RipDetSeg-9oimi22upfk5.jpg,1,0,1
RipDetSeg-zg70bw7iy2p4.jpg,RipDetSeg-1brnf9b0retc.jpg,1,0,1
RipDetSeg-17h82607jhep.jpg,RipDetSeg-1qj5i2e9v98g.jpg,1,0,1
RipDetSeg-q4ern88sngrt.jpg,RipDetSeg-8pqzg8inhwfu.jpg,1,0,1
RipDetSeg-13mwlvjwu1cj.jpg,RipDetSeg-5o5zculf4qzz.jpg,1,0,1
RipDetSeg-n9et7jqbroba.jpg,RipDetSeg-3vwpjxt73ikb.jpg,1,0,1
RipDetSeg-ifaag1pa4xmr.jpg,RipDetSeg-321ijh8mio55.jpg,1,0,1
RipDetSeg-1wkorciuu6pe.jpg,RipDetSeg-0pz4y3zcm3eg.jpg,1,0,1
RipDetSeg-h13vs4g2oy0v.jpg,RipDetSeg-ccso22nac5o2.jpg,1,0,1
RipDetSeg-0zw2l3co3dpi.jpg,RipDetSeg-1ivw98ommdqb.jpg,1,0,1
RipDetSeg-q975wfmh3qf7.jpg,RipDetSeg-6uanq97gwv9n.jpg,1,0,1
RipDetSeg-zjp17ym7w1pt.jpg,RipDetSeg-1xoc05d2n6g2.jpg,1,0,1
RipDetSeg-q8zr277icibb.jpg,RipDetSeg-2cehzdd4botb.jpg,1,0,1
RipDetSeg-zjnsqsdl1gnl.jpg,RipDetSeg-0ek23266r919.jpg,1,0,1
RipDetSeg-idrt0hmacy2w.jpg,RipDetSeg-qvcmd5znx96r.jpg,1,0,1
RipDetSeg-h2klozylwmsl.jpg,RipDetSeg-phfjcvfa9z9w.jpg,1,0,1
RipDetSeg-h3e77bavn3aq.jpg,RipDetSeg-9m8lqhgp2oq8.jpg,1,0,1
RipDetSeg-idq5sopen3ro.jpg,RipDetSeg-9j01yqya67a5.jpg,1,0,1
RipDetSeg-idcjjc0aus51.jpg,RipDetSeg-a806l45tskns.jpg,1,0,1
RipDetSeg-11ud5wjz9bj6.jpg,RipDetSeg-bhfk6evptlcb.jpg,1,0,1
RipDetSeg-1uy9eb10q99p.jpg,RipDetSeg-828ry8jovt5z.jpg,1,0,1
RipDetSeg-h5022b7k2mxf.jpg,RipDetSeg-4tzkd4lvyvxs.jpg,1,0,1
RipDetSeg-1207z6mk5d4i.jpg,RipDetSeg-f9uzv8n6ja5t.jpg,1,0,1
RipDetSeg-q6wlf2hcb9io.jpg,RipDetSeg-6h263xjaq9sa.jpg,1,0,1
RipDetSeg-zi3xlwhdlp50.jpg,RipDetSeg-5f6uyng6fo7h.jpg,1,0,1
RipDetSeg-q6sgcpk2f3qo.jpg,RipDetSeg-6q3jwp1s5gq4.jpg,1,0,1
RipDetSeg-h5o2ej8dxmwj.jpg,RipDetSeg-v1vbgrkmwpyk.jpg,1,0,1
RipDetSeg-q5x1jdw9qlxf.jpg,RipDetSeg-2vn6g5ivh6yd.jpg,1,0,1
RipDetSeg-zgklegzuqox5.jpg,RipDetSeg-4tlkami5jwta.jpg,1,0,1
RipDetSeg-yyyq4tiz5nyj.jpg,RipDetSeg-1pm0ubaxch2k.jpg,1,0,1
RipDetSeg-q4n6awc9r3wb.jpg,RipDetSeg-gjbil5t2run1.jpg,1,0,1
RipDetSeg-ifj1drfujko3.jpg,RipDetSeg-obuhlgepg02c.jpg,1,0,1
RipDetSeg-i4l6sl4nwaoa.jpg,RipDetSeg-qi78zpvgd5mf.jpg,1,0,1
RipDetSeg-zfcfq6fl8vcw.jpg,RipDetSeg-55lwxp6va2q2.jpg,1,0,1
RipDetSeg-i09bh9qmo3mp.jpg,RipDetSeg-4yf5ejocwggu.jpg,1,0,1
RipDetSeg-hz2le19fd1qz.jpg,RipDetSeg-85rkfdlvdijt.jpg,1,0,1
RipDetSeg-n73wu6uww4an.jpg,RipDetSeg-98x3lus9mdh0.jpg,1,0,1
RipDetSeg-1douse40615s.jpg,RipDetSeg-mexzjutldlnw.jpg,1,0,1
RipDetSeg-pvajroqrrvu2.jpg,RipDetSeg-hu877n8wyuar.jpg,1,0,1
RipDetSeg-z8lpv7iyawj7.jpg,RipDetSeg-o0mjkd8ob8tn.jpg,1,0,1
RipDetSeg-hxryz5kieuy2.jpg,RipDetSeg-7zppzzufl1r4.jpg,1,0,1
RipDetSeg-hq70wox3rqz2.jpg,RipDetSeg-l58pk7c4mxui.jpg,1,0,1
RipDetSeg-k260eqec8pcs.jpg,RipDetSeg-0zalrlqbghoy.jpg,1,0,1
RipDetSeg-pq9eflap5mzg.jpg,RipDetSeg-3ucmt7tiqiek.jpg,1,0,1
RipDetSeg-hwu5vw0507y3.jpg,RipDetSeg-ino24fks62th.jpg,1,0,1
RipDetSeg-n7bh0qolczes.jpg,RipDetSeg-89cxutc30gvc.jpg,1,0,1
RipDetSeg-1iao8r7f6783.jpg,RipDetSeg-3xmatwmx99ku.jpg,1,0,1
RipDetSeg-ptzjh0ni6xos.jpg,RipDetSeg-k3y3nqm8evlt.jpg,1,0,1
RipDetSeg-hrnzsd6yko3p.jpg,RipDetSeg-ycb1mo8tc0ka.jpg,1,0,1
RipDetSeg-ptc0vghqyqho.jpg,RipDetSeg-6oo9khjfzvzo.jpg,1,0,1
RipDetSeg-hs4kwffdiog9.jpg,RipDetSeg-58tokn6028tq.jpg,1,0,1
RipDetSeg-1hryjp6vyaea.jpg,RipDetSeg-736ih700cqjx.jpg,1,0,1
RipDetSeg-hsep655wcxls.jpg,RipDetSeg-5wtv5uotgrqd.jpg,1,0,1
RipDetSeg-mt4g3dshzhc6.jpg,RipDetSeg-0lmt4eriu275.jpg,1,0,1
RipDetSeg-msrd759jff4a.jpg,RipDetSeg-7koqpemmeu21.jpg,1,0,1
RipDetSeg-ht34tvcel7sb.jpg,RipDetSeg-0rnhdt4kiy92.jpg,1,0,1
RipDetSeg-za1ofbhlbnim.jpg,RipDetSeg-rl9u96ht79ww.jpg,1,0,1
RipDetSeg-1g9lhi0r4e0k.jpg,RipDetSeg-5n36ryo9fp9y.jpg,1,0,1
RipDetSeg-1g7o0hmv2kks.jpg,RipDetSeg-jh5h9rc18tpk.jpg,1,0,1
RipDetSeg-i0apmt1yvgfj.jpg,RipDetSeg-3posk5i6pid6.jpg,1,0,1
RipDetSeg-mulvv7cpp9ne.jpg,RipDetSeg-8ac96rnsanz3.jpg,1,0,1
RipDetSeg-hmvswqz08r97.jpg,RipDetSeg-q58mzqgfqg4m.jpg,1,0,1
RipDetSeg-pxypnlun98s4.jpg,RipDetSeg-swo7lc9hg15x.jpg,1,0,1
RipDetSeg-ohytwrfm78vp.jpg,RipDetSeg-13nz26ak5v55.jpg,1,0,1
RipDetSeg-q0wmg287txtj.jpg,RipDetSeg-8fx1dqq9dn9o.jpg,1,0,1
RipDetSeg-z3ta90dbqsh9.jpg,RipDetSeg-d7slavagqowb.jpg,1,0,1
RipDetSeg-194rncuwa05t.jpg,RipDetSeg-rjhidpeeg80r.jpg,1,0,1
RipDetSeg-hhdzyevvp0vv.jpg,RipDetSeg-1a218g7zmsx2.jpg,1,0,1
RipDetSeg-1novoxrwos5l.jpg,RipDetSeg-z15sfjen9d5g.jpg,1,0,1
RipDetSeg-pm1seypb9wom.jpg,RipDetSeg-06kxydgc1u6f.jpg,1,0,1
RipDetSeg-hhol5aza7zbs.jpg,RipDetSeg-qkn1u6olzaov.jpg,1,0,1
RipDetSeg-k2pfuca6eca3.jpg,RipDetSeg-64apq2rim9w6.jpg,1,0,1
RipDetSeg-hijnxy8vtf8f.jpg,RipDetSeg-wgmfwzck73m1.jpg,1,0,1
RipDetSeg-z3vznzoimdn3.jpg,RipDetSeg-yq3zyjsvpl06.jpg,1,0,1
RipDetSeg-hjmnbybygcsb.jpg,RipDetSeg-baq81l07vt9p.jpg,1,0,1
RipDetSeg-hjsjx1okr848.jpg,RipDetSeg-cafzzlq4wobz.jpg,1,0,1
RipDetSeg-n7k8mv0s0ic8.jpg,RipDetSeg-89yfvne6uuke.jpg,1,0,1
RipDetSeg-1af6fkvth2yx.jpg,RipDetSeg-kyk1kkyc5o4z.jpg,1,0,1
RipDetSeg-pzn5i88qbjmg.jpg,RipDetSeg-6evohjrxsxg7.jpg,1,0,1
RipDetSeg-mrzoex2uewco.jpg,RipDetSeg-e7pc36rxqg2j.jpg,1,0,1
RipDetSeg-zer3x6uhxl6f.jpg,RipDetSeg-08dwvpyd06nq.jpg,1,0,1
RipDetSeg-zendfhr2866a.jpg,RipDetSeg-e3erttgetn7l.jpg,1,0,1
RipDetSeg-z629rp8299j4.jpg,RipDetSeg-tcdzk38sjczd.jpg,1,0,1
RipDetSeg-1ltaaback8dx.jpg,RipDetSeg-ae2xe94aa77p.jpg,1,0,1
RipDetSeg-i1k7jm0umsbt.jpg,RipDetSeg-048ejv8b4m4b.jpg,1,0,1
RipDetSeg-ze69d69jsg2b.jpg,RipDetSeg-a67dh1gvh0q4.jpg,1,0,1
RipDetSeg-k1qfjr6xxzge.jpg,RipDetSeg-1sdw98yjogny.jpg,1,0,1
RipDetSeg-n6z9nwv4p3f0.jpg,RipDetSeg-x0qlde26xvi9.jpg,1,0,1
RipDetSeg-1lo72g8zh3zw.jpg,RipDetSeg-8jsbbqngd65s.jpg,1,0,1
RipDetSeg-ifriu31y3b8z.jpg,RipDetSeg-c2k3ymm25f2q.jpg,1,0,1
RipDetSeg-zjukey0tgxq0.jpg,RipDetSeg-tihq99sv8af4.jpg,1,0,1
RipDetSeg-qa3cai9gfi4h.jpg,RipDetSeg-gazvt488d1ym.jpg,1,0,1
RipDetSeg-gfhpludtip3h.jpg,RipDetSeg-05xhnvppmgpo.jpg,1,0,1
RipDetSeg-gfkacdkihcrs.jpg,RipDetSeg-0gpddspmmwba.jpg,1,0,1
RipDetSeg-p4xl8vzxyl5r.jpg,RipDetSeg-lj8wdmi8e9q6.jpg,1,0,1
RipDetSeg-qmxme3qafxyp.jpg,RipDetSeg-hxc14vji938p.jpg,1,0,1
RipDetSeg-nb6d7yi0hycz.jpg,RipDetSeg-i8119hzllvvw.jpg,1,0,1
RipDetSeg-0n21avqy00q7.jpg,RipDetSeg-hnij4n8my87p.jpg,1,0,1
RipDetSeg-jyubagi82awd.jpg,RipDetSeg-eebjorwuyfqb.jpg,1,0,1
RipDetSeg-okr3jsgcedu0.jpg,RipDetSeg-vrpq7ge8jqh6.jpg,1,0,1
RipDetSeg-zocajkpfibwq.jpg,RipDetSeg-98eqccr5eyox.jpg,1,0,1
RipDetSeg-qmigibdlbyor.jpg,RipDetSeg-0mnkqihy2hcj.jpg,1,0,1
RipDetSeg-k7khlyk9lo6k.jpg,RipDetSeg-5z07kym54d1u.jpg,1,0,1
RipDetSeg-ghijzk5m9cgj.jpg,RipDetSeg-32dxrfwcu1ml.jpg,1,0,1
RipDetSeg-0p6wtsvkgx3i.jpg,RipDetSeg-6dm0tykaa2zw.jpg,1,0,1
RipDetSeg-2bacu70mf67m.jpg,RipDetSeg-1qj5i2e9v98g.jpg,1,0,1
RipDetSeg-qkvulj42afid.jpg,RipDetSeg-qzblwgt8r9bt.jpg,1,0,1
RipDetSeg-p5w3cgh994iz.jpg,RipDetSeg-cl2redzq974o.jpg,1,0,1
RipDetSeg-2axxciygbbq3.jpg,RipDetSeg-xs1757pegvv3.jpg,1,0,1
RipDetSeg-k7dizjvsvspn.jpg,RipDetSeg-1x9gjkwmv0ct.jpg,1,0,1
RipDetSeg-gizfonnps3ct.jpg,RipDetSeg-1jbrs29j3bb9.jpg,1,0,1
RipDetSeg-gjcb8bgso86f.jpg,RipDetSeg-1mkv1v3icohw.jpg,1,0,1
RipDetSeg-isircdx4h5b8.jpg,RipDetSeg-clv2zkoxjoc2.jpg,1,0,1
RipDetSeg-qki3qffnaue4.jpg,RipDetSeg-9m7b2w130s9e.jpg,1,0,1
RipDetSeg-2axd91ye4aer.jpg,RipDetSeg-6svkiem4i2y7.jpg,1,0,1
RipDetSeg-0p9s7ecdqd7g.jpg,RipDetSeg-72jbh3f1vjyi.jpg,1,0,1
RipDetSeg-zbwydt6l1yp2.jpg,RipDetSeg-35uwvjkcij1q.jpg,1,0,1
RipDetSeg-iwtijdd3ezxt.jpg,RipDetSeg-2oyw4oautfci.jpg,1,0,1
RipDetSeg-gjg3rei0klfr.jpg,RipDetSeg-asii341aythq.jpg,1,0,1
RipDetSeg-mljgsgqxhz7q.jpg,RipDetSeg-a61xd7r799d4.jpg,1,0,1
RipDetSeg-okraz9nr27db.jpg,RipDetSeg-3nk8w8fo5o0k.jpg,1,0,1
RipDetSeg-j2i9vcxb1527.jpg,RipDetSeg-3tul8jb1mqr4.jpg,1,0,1
RipDetSeg-qr5oajx5pyiw.jpg,RipDetSeg-4svonwp4ajh9.jpg,1,0,1
RipDetSeg-mxfpjiyagma6.jpg,RipDetSeg-6xdvb65a4fgl.jpg,1,0,1
RipDetSeg-j17bq6ihnqtv.jpg,RipDetSeg-3lu11i7mtu1s.jpg,1,0,1
RipDetSeg-qqbc1j0uzm34.jpg,RipDetSeg-5tenoc1ppfjb.jpg,1,0,1
RipDetSeg-ga5haje95tok.jpg,RipDetSeg-wztotcp8lg83.jpg,1,0,1
RipDetSeg-jxbi8wm6fam4.jpg,RipDetSeg-y6rgtln5uoaa.jpg,1,0,1
RipDetSeg-gb0ojsj4xtf3.jpg,RipDetSeg-k8cw1a1mkaq3.jpg,1,0,1
RipDetSeg-j05fh8rvtzsk.jpg,RipDetSeg-hynikzqnfb15.jpg,1,0,1
RipDetSeg-qpubzd2om226.jpg,RipDetSeg-94umo80dqwji.jpg,1,0,1
RipDetSeg-qpp2xhslm2ef.jpg,RipDetSeg-idvff113wu2f.jpg,1,0,1
RipDetSeg-gbz3kr8xpycp.jpg,RipDetSeg-ep9s815u1nww.jpg,1,0,1
RipDetSeg-gcbrcbjp3322.jpg,RipDetSeg-xerr3hv8ujkc.jpg,1,0,1
RipDetSeg-zqargkp96h7g.jpg,RipDetSeg-iuovpwn3bzfd.jpg,1,0,1
RipDetSeg-mwxid1jah5n4.jpg,RipDetSeg-1p15pwmo96ww.jpg,1,0,1
RipDetSeg-iylbrkz9gr18.jpg,RipDetSeg-9nojfxu2xbs8.jpg,1,0,1
RipDetSeg-gcwzab9qcel7.jpg,RipDetSeg-ip5nbt7pzje3.jpg,1,0,1
RipDetSeg-qow1s59sl6eb.jpg,RipDetSeg-283ho21y4gyc.jpg,1,0,1
RipDetSeg-iyfip3m4r6nr.jpg,RipDetSeg-z9f0gde85kwj.jpg,1,0,1
RipDetSeg-0lbjizgrtrw6.jpg,RipDetSeg-3wcuhum049kh.jpg,1,0,1
RipDetSeg-qovczidieyke.jpg,RipDetSeg-6zhsatvv6heo.jpg,1,0,1
RipDetSeg-0lnoiuscy2u3.jpg,RipDetSeg-76qwr0hd8jbp.jpg,1,0,1
RipDetSeg-ge33sczs5581.jpg,RipDetSeg-sh2arjltqgsu.jpg,1,0,1
RipDetSeg-gfd86mq7xgd3.jpg,RipDetSeg-698bh4e0xxgz.jpg,1,0,1
RipDetSeg-0lpqpd1tchxm.jpg,RipDetSeg-ew0ntoit0i6k.jpg,1,0,1
RipDetSeg-yoox2kciu4gq.jpg,RipDetSeg-25gcwti8erqu.jpg,1,0,1
RipDetSeg-yp14dv1p0r18.jpg,RipDetSeg-sjflzjeaqggf.jpg,1,0,1
RipDetSeg-is0tz7fu67i7.jpg,RipDetSeg-1gd7biwykhzq.jpg,1,0,1
RipDetSeg-yp9mkco75z8l.jpg,RipDetSeg-vfdaziw1ozko.jpg,1,0,1
RipDetSeg-gt18vqjs52z1.jpg,RipDetSeg-m79ykbgpsgu0.jpg,1,0,1
RipDetSeg-mnl8i7y9fr2z.jpg,RipDetSeg-zgi6e65yr5n1.jpg,1,0,1
RipDetSeg-zm4nrsuqs7mf.jpg,RipDetSeg-r2gtfuvv0gla.jpg,1,0,1
RipDetSeg-23x8bv8o670r.jpg,RipDetSeg-pt4cq65eruj1.jpg,1,0,1
RipDetSeg-pck6ab6maeqo.jpg,RipDetSeg-4yf5ejocwggu.jpg,1,0,1
RipDetSeg-zlzc7stao3og.jpg,RipDetSeg-40kwc70jawuy.jpg,1,0,1
RipDetSeg-mnws6f72xmmq.jpg,RipDetSeg-2as2zrk4j818.jpg,1,0,1
RipDetSeg-gtsmwyjoiyca.jpg,RipDetSeg-958nygv0xxit.jpg,1,0,1
RipDetSeg-mw62fq23okn1.jpg,RipDetSeg-c3ww0ljetfpr.jpg,1,0,1
RipDetSeg-pedpy8pveppk.jpg,RipDetSeg-3ssm1nxv3ngi.jpg,1,0,1
RipDetSeg-yvsmrm8ju3g2.jpg,RipDetSeg-2ep741cca215.jpg,1,0,1
RipDetSeg-gv0p7zc6ga9d.jpg,RipDetSeg-z149j1yldjq4.jpg,1,0,1
RipDetSeg-gv8t0l5054p3.jpg,RipDetSeg-1egmh85yrral.jpg,1,0,1
RipDetSeg-0zbszffhbtzd.jpg,RipDetSeg-qxjbikvs4l41.jpg,1,0,1
RipDetSeg-mvw0d2hp5mb2.jpg,RipDetSeg-su33mtd3qcuo.jpg,1,0,1
RipDetSeg-gvm0bg8y2bjq.jpg,RipDetSeg-1ib29yz3t6h0.jpg,1,0,1
RipDetSeg-0zjpbpspqypi.jpg,RipDetSeg-qqsmvmv79k94.jpg,1,0,1
RipDetSeg-peqbdvz5cfwv.jpg,RipDetSeg-ayagbutwrrvs.jpg,1,0,1
RipDetSeg-mnyfpmifctpi.jpg,RipDetSeg-ilnj64o46p9t.jpg,1,0,1
RipDetSeg-pf1ieel6klyo.jpg,RipDetSeg-3ctnjlyquhm0.jpg,1,0,1
RipDetSeg-pf65iiqk28f6.jpg,RipDetSeg-08y3mxqwmwx9.jpg,1,0,1
RipDetSeg-mnyrv7libc7i.jpg,RipDetSeg-7i3t6xltjow8.jpg,1,0,1
RipDetSeg-ok2evanweblp.jpg,RipDetSeg-8781f7mrl6ml.jpg,1,0,1
RipDetSeg-1z4c76khm11q.jpg,RipDetSeg-4bkdo39vexiu.jpg,1,0,1
RipDetSeg-1ylge0mwlxrc.jpg,RipDetSeg-jslm68zhcphr.jpg,1,0,1
RipDetSeg-pca52a7o3jl4.jpg,RipDetSeg-ej71qfkjfl8l.jpg,1,0,1
RipDetSeg-gsm73zz1yn71.jpg,RipDetSeg-hg7ml2xl1ug8.jpg,1,0,1
RipDetSeg-of6qugfubwbz.jpg,RipDetSeg-hdrr0j9e4pb4.jpg,1,0,1
RipDetSeg-2520mxwdctvn.jpg,RipDetSeg-5ikxy6tucl6v.jpg,1,0,1
RipDetSeg-yqre7fp8xj1h.jpg,RipDetSeg-321ijh8mio55.jpg,1,0,1
RipDetSeg-0plbnsrl9mlg.jpg,RipDetSeg-r5ccmymd279u.jpg,1,0,1
RipDetSeg-irlzjnq1hrri.jpg,RipDetSeg-iukqz30lyetd.jpg,1,0,1
RipDetSeg-0pzcfdwecoyv.jpg,RipDetSeg-dp1u2e1n45b3.jpg,1,0,1
RipDetSeg-oe9ciipci2lq.jpg,RipDetSeg-ld35z13t7w46.jpg,1,0,1
RipDetSeg-0qnlrvxmwjoi.jpg,RipDetSeg-4dmgj45jmnnj.jpg,1,0,1
RipDetSeg-ysmrgk87se7x.jpg,RipDetSeg-z6v3hpevh2iu.jpg,1,0,1
RipDetSeg-glb72x50g0bs.jpg,RipDetSeg-6cjbtxvlun2w.jpg,1,0,1
RipDetSeg-ip06qfiw7uva.jpg,RipDetSeg-0lgfwyu9dtd0.jpg,1,0,1
RipDetSeg-27eeyxsy07fd.jpg,RipDetSeg-g2ot0pi10nev.jpg,1,0,1
RipDetSeg-0shfahe2dg5s.jpg,RipDetSeg-f9vzq53u0xw9.jpg,1,0,1
RipDetSeg-gmdye1670srh.jpg,RipDetSeg-e2a03htj6exz.jpg,1,0,1
RipDetSeg-2hw5kil0efq6.jpg,RipDetSeg-6o9siiwoygdl.jpg,1,0,1
RipDetSeg-inwbm4nrdsye.jpg,RipDetSeg-o7h8ncd7f6i7.jpg,1,0,1
RipDetSeg-n9fechisow1v.jpg,RipDetSeg-ietpmscu6sqk.jpg,1,0,1
RipDetSeg-gnf1kkbqpxbh.jpg,RipDetSeg-5gq34r6lg7qa.jpg,1,0,1
RipDetSeg-gnonqie3pdwg.jpg,RipDetSeg-0x3lj32ris2r.jpg,1,0,1
RipDetSeg-oery6778vd9z.jpg,RipDetSeg-6kpcww18d7sb.jpg,1,0,1
RipDetSeg-26be3agted17.jpg,RipDetSeg-vji2t2brsw2k.jpg,1,0,1
RipDetSeg-gpkuvt8aufgj.jpg,RipDetSeg-4f3nwjehojl2.jpg,1,0,1
RipDetSeg-qgd7sgmh0nnl.jpg,RipDetSeg-12j9xzvtgfxp.jpg,1,0,1
RipDetSeg-25qndf3ynjlw.jpg,RipDetSeg-49r4x8sp4499.jpg,1,0,1
RipDetSeg-yteh0ygg69va.jpg,RipDetSeg-44uznsz643mo.jpg,1,0,1
RipDetSeg-mnht92pmen9o.jpg,RipDetSeg-zpec6nklufty.jpg,1,0,1
RipDetSeg-grqt2k9cljgx.jpg,RipDetSeg-xd1c4cey1c4e.jpg,1,0,1
RipDetSeg-pbmrfqvkrw5s.jpg,RipDetSeg-2242lbl3fktb.jpg,1,0,1
RipDetSeg-injre4l7b8o7.jpg,RipDetSeg-n11sacqvgkx1.jpg,1,0,1
RipDetSeg-rd1o4cts8qva.jpg,RipDetSeg-knev2jnd1wuu.jpg,1,0,1
RipDetSeg-lkuo524k9bkc.jpg,RipDetSeg-5nrzkn4tqym2.jpg,1,0,1
RipDetSeg-y9i4zw6dojd9.jpg,RipDetSeg-hmdo68fz95ck.jpg,1,0,1
RipDetSeg-alx5a1efzggp.jpg,RipDetSeg-dzt74i33y9b1.jpg,1,0,1
RipDetSeg-alvyuj2vbxkj.jpg,RipDetSeg-7npgs85w40gb.jpg,1,0,1
RipDetSeg-aljr9y7mhuuv.jpg,RipDetSeg-cafzzlq4wobz.jpg,1,0,1
RipDetSeg-u7ocewhhlzi8.jpg,RipDetSeg-h5vautxin08h.jpg,1,0,1
RipDetSeg-al4t30vwjd7v.jpg,RipDetSeg-5tiofa8gr1sp.jpg,1,0,1
RipDetSeg-677wh7gvxlkn.jpg,RipDetSeg-0st6rw390ica.jpg,1,0,1
RipDetSeg-u85rduvmtn1o.jpg,RipDetSeg-jo4x5azjunu7.jpg,1,0,1
RipDetSeg-ajciazqxzh9f.jpg,RipDetSeg-6s2tqjhqpij1.jpg,1,0,1
RipDetSeg-aiswshfuhap9.jpg,RipDetSeg-199omz4a8wo7.jpg,1,0,1
RipDetSeg-u9i8ap6l3a1a.jpg,RipDetSeg-4rt5xu6jvyz3.jpg,1,0,1
RipDetSeg-nwbfywlezfiq.jpg,RipDetSeg-23rs1mh2fh95.jpg,1,0,1
RipDetSeg-l7f040lbg3hm.jpg,RipDetSeg-b1wudfqx0jzp.jpg,1,0,1
RipDetSeg-69unu0ffrrao.jpg,RipDetSeg-cyv82wet9tqq.jpg,1,0,1
RipDetSeg-wd0bgffil5ro.jpg,RipDetSeg-a9lc0kzmi2ci.jpg,1,0,1
RipDetSeg-ua05oz1lyf45.jpg,RipDetSeg-25z0k2tqtksb.jpg,1,0,1
RipDetSeg-nk18xnrb8cij.jpg,RipDetSeg-qvc9p54t5d4t.jpg,1,0,1
RipDetSeg-an4ytg7pt6vo.jpg,RipDetSeg-hc4rbygfskks.jpg,1,0,1
RipDetSeg-ao5kc5rv6v48.jpg,RipDetSeg-4klch454jtz3.jpg,1,0,1
RipDetSeg-aojodxoqngi8.jpg,RipDetSeg-wbrml6ihekxe.jpg,1,0,1
RipDetSeg-au9pvew3177j.jpg,RipDetSeg-372sbh0us535.jpg,1,0,1
RipDetSeg-5z0xbvde80kr.jpg,RipDetSeg-m79ykbgpsgu0.jpg,1,0,1
RipDetSeg-u1rs0nh0x277.jpg,RipDetSeg-k3jrrgyhf0c4.jpg,1,0,1
RipDetSeg-m0hc54src49b.jpg,RipDetSeg-7t5bwlu5k4o8.jpg,1,0,1
RipDetSeg-u33fxjix4jgd.jpg,RipDetSeg-dvv0sv8wqf8z.jpg,1,0,1
RipDetSeg-61m8d5ifkcue.jpg,RipDetSeg-86195y3lhndy.jpg,1,0,1
RipDetSeg-620xm4esqi2x.jpg,RipDetSeg-m43a267emxdv.jpg,1,0,1
RipDetSeg-uarv9d31tqxo.jpg,RipDetSeg-bzk3e8yu79h6.jpg,1,0,1
RipDetSeg-aqwx81fmft54.jpg,RipDetSeg-cgyq7ausy960.jpg,1,0,1
RipDetSeg-63dzaa94mlrc.jpg,RipDetSeg-03l8b6ow5quy.jpg,1,0,1
RipDetSeg-lzvowyo9l1rr.jpg,RipDetSeg-fi1habwebogz.jpg,1,0,1
RipDetSeg-aqemcnotpxc9.jpg,RipDetSeg-15p0uqq11jf9.jpg,1,0,1
RipDetSeg-u3utut4xstjv.jpg,RipDetSeg-9fewuzt8x1ey.jpg,1,0,1
RipDetSeg-u3vrpcoxa05a.jpg,RipDetSeg-1zfa3he46xam.jpg,1,0,1
RipDetSeg-wiirdtxr58z1.jpg,RipDetSeg-2o0x4svsrxth.jpg,1,0,1
RipDetSeg-l5hprnq40dfi.jpg,RipDetSeg-5ydslxggkwbw.jpg,1,0,1
RipDetSeg-wl8f27k1e9cx.jpg,RipDetSeg-sbbree16s3qt.jpg,1,0,1
RipDetSeg-ae3tqosjf9xd.jpg,RipDetSeg-qofiaemn28r5.jpg,1,0,1
RipDetSeg-6blwf8qq1y8f.jpg,RipDetSeg-m4lkw71auzco.jpg,1,0,1
RipDetSeg-ubvrqbmbjpee.jpg,RipDetSeg-49y7gkfuyyob.jpg,1,0,1
RipDetSeg-a5ikmybu6ijo.jpg,RipDetSeg-ene8ey31qpa7.jpg,1,0,1
RipDetSeg-a53lwllqsm62.jpg,RipDetSeg-k3qfi1vxwksb.jpg,1,0,1
RipDetSeg-6gko9lcnpi4m.jpg,RipDetSeg-hx8o6q2tu08i.jpg,1,0,1
RipDetSeg-a4ejza4ptme1.jpg,RipDetSeg-aiyki3md6d4q.jpg,1,0,1
RipDetSeg-l8t0mi1rwlzp.jpg,RipDetSeg-2jats2dbvh6m.jpg,1,0,1
RipDetSeg-w8kilwz6w7lv.jpg,RipDetSeg-d7slavagqowb.jpg,1,0,1
RipDetSeg-a31xh8i5yn7h.jpg,RipDetSeg-3nk8w8fo5o0k.jpg,1,0,1
RipDetSeg-warxobdqi8yf.jpg,RipDetSeg-130jnwbnjc2x.jpg,1,0,1
RipDetSeg-lw8b7sdpjo1c.jpg,RipDetSeg-1441g0y02zje.jpg,1,0,1
RipDetSeg-w6rx9g9jn8s8.jpg,RipDetSeg-2n8385x4vbr5.jpg,1,0,1
RipDetSeg-a060hmue3k95.jpg,RipDetSeg-izu00obpvuf8.jpg,1,0,1
RipDetSeg-w6n0qrv8ska0.jpg,RipDetSeg-ltg803oa00vm.jpg,1,0,1
RipDetSeg-6mop8muldh8f.jpg,RipDetSeg-4bkdo39vexiu.jpg,1,0,1
RipDetSeg-w65caacx27ez.jpg,RipDetSeg-dgjomd1zvm6r.jpg,1,0,1
RipDetSeg-unljzj7rcwfv.jpg,RipDetSeg-g5jrytnvjsfu.jpg,1,0,1
RipDetSeg-9xwrz6d4kehv.jpg,RipDetSeg-sjjd07c1wzds.jpg,1,0,1
RipDetSeg-un3mbf36apuk.jpg,RipDetSeg-9rien1qfix6i.jpg,1,0,1
RipDetSeg-auf51tewclak.jpg,RipDetSeg-j3n5qwk6xejw.jpg,1,0,1
RipDetSeg-ui4opzr6kjwb.jpg,RipDetSeg-e9g0lm4xz2l4.jpg,1,0,1
RipDetSeg-uhqcaha2iefi.jpg,RipDetSeg-5epj8kiicpxd.jpg,1,0,1
RipDetSeg-adhlid2y7do5.jpg,RipDetSeg-7lx6hf5qyvic.jpg,1,0,1
RipDetSeg-wcih8irbucpw.jpg,RipDetSeg-su2has03l4zr.jpg,1,0,1
RipDetSeg-ad3m2st00w1w.jpg,RipDetSeg-ihth1z0x1g7u.jpg,1,0,1
RipDetSeg-l7j2tgzyeey4.jpg,RipDetSeg-p7l1sj7uayug.jpg,1,0,1
RipDetSeg-nlzqof5c3zrv.jpg,RipDetSeg-p7g4x1yos15o.jpg,1,0,1
RipDetSeg-nwakfqvx30ar.jpg,RipDetSeg-2nj80v5bpl8v.jpg,1,0,1
RipDetSeg-acgjp0vvsewb.jpg,RipDetSeg-4ukxoqoe6f0a.jpg,1,0,1
RipDetSeg-6eujnax78i7a.jpg,RipDetSeg-6dmzmoljoivv.jpg,1,0,1
RipDetSeg-6csp3qs3mz4j.jpg,RipDetSeg-67cse0v2o1eh.jpg,1,0,1
RipDetSeg-l8cz1hdwnz87.jpg,RipDetSeg-ssr7xjn535pq.jpg,1,0,1
RipDetSeg-ueld4wje6now.jpg,RipDetSeg-4y5145a2hkrz.jpg,1,0,1
RipDetSeg-6dauxdenkg4n.jpg,RipDetSeg-af3r5ndv682m.jpg,1,0,1
RipDetSeg-wb3lmcu9ay70.jpg,RipDetSeg-h4zxggarboh0.jpg,1,0,1
RipDetSeg-l8qv42pxkx4b.jpg,RipDetSeg-649al5sc170x.jpg,1,0,1
RipDetSeg-waykq8r06ogs.jpg,RipDetSeg-0szzq069rof8.jpg,1,0,1
RipDetSeg-wawpklnp1e76.jpg,RipDetSeg-j8gnj6ky44gz.jpg,1,0,1
RipDetSeg-6cspooyz6kzb.jpg,RipDetSeg-p2eaeb1cs6l3.jpg,1,0,1
RipDetSeg-auq9tqpi1w6o.jpg,RipDetSeg-7bfcwyaz6cpe.jpg,1,0,1
RipDetSeg-u1n0dosgddvd.jpg,RipDetSeg-0fquaa73c6i9.jpg,1,0,1
RipDetSeg-wmzjmz4zvhkw.jpg,RipDetSeg-0kuctobizxbs.jpg,1,0,1
RipDetSeg-wtoehukt5idg.jpg,RipDetSeg-a4giiq8f7c4f.jpg,1,0,1
RipDetSeg-tk0vcvqoff6c.jpg,RipDetSeg-c60x285fz8xw.jpg,1,0,1
RipDetSeg-5ftuuyg9p8ll.jpg,RipDetSeg-2zejfa35wb96.jpg,1,0,1
RipDetSeg-5g252e8onw2w.jpg,RipDetSeg-q58mzqgfqg4m.jpg,1,0,1
RipDetSeg-wtf8xmmc21kg.jpg,RipDetSeg-7gjsd4tx93j2.jpg,1,0,1
RipDetSeg-kzfxw38xhxb0.jpg,RipDetSeg-13anf1qwq3e6.jpg,1,0,1
RipDetSeg-bffdkfkhilvp.jpg,RipDetSeg-80t3lijfhjnk.jpg,1,0,1
RipDetSeg-kypsygve8iqm.jpg,RipDetSeg-0ek23266r919.jpg,1,0,1
RipDetSeg-5hsutqne1enq.jpg,RipDetSeg-5wlvn46ewjbb.jpg,1,0,1
RipDetSeg-l1wxh9tpnnxy.jpg,RipDetSeg-3j6r9ag9vvy3.jpg,1,0,1
RipDetSeg-5ic9r4c1oh24.jpg,RipDetSeg-8378unmkf5qy.jpg,1,0,1
RipDetSeg-wsue7tcc41i7.jpg,RipDetSeg-7vcxf5n9ix4l.jpg,1,0,1
RipDetSeg-wsiix4l4k3kq.jpg,RipDetSeg-4sfeiunkvsby.jpg,1,0,1
RipDetSeg-5ju8fsaj99u5.jpg,RipDetSeg-0ecdgg05gvch.jpg,1,0,1
RipDetSeg-5kk9uyzo4pf7.jpg,RipDetSeg-82lk1xelzu5t.jpg,1,0,1
RipDetSeg-wsahh24h77lb.jpg,RipDetSeg-qp0l4wwgr416.jpg,1,0,1
RipDetSeg-be4yabjeyn1s.jpg,RipDetSeg-65v5379od6dg.jpg,1,0,1
RipDetSeg-wrmp84q95fox.jpg,RipDetSeg-719k4mtltlks.jpg,1,0,1
RipDetSeg-bjkbz7y7f8xn.jpg,RipDetSeg-20rrb16dzk91.jpg,1,0,1
RipDetSeg-bjsn03fsvvv9.jpg,RipDetSeg-d99q8ui5n60m.jpg,1,0,1
RipDetSeg-m452lmgdqboe.jpg,RipDetSeg-3nlmz8aadd0e.jpg,1,0,1
RipDetSeg-tert4y43alu0.jpg,RipDetSeg-7aihjqoqksjl.jpg,1,0,1
RipDetSeg-kx04tzl8r3jy.jpg,RipDetSeg-fch81cn2svwn.jpg,1,0,1
RipDetSeg-wx2teuou8c7i.jpg,RipDetSeg-yrbe95m8g639.jpg,1,0,1
RipDetSeg-5bd3fjyk7zad.jpg,RipDetSeg-8jinapviovy9.jpg,1,0,1
RipDetSeg-bpxarc08p11s.jpg,RipDetSeg-ii4x194t00h8.jpg,1,0,1
RipDetSeg-nzge1exc3oiq.jpg,RipDetSeg-6e9jati84nc3.jpg,1,0,1
RipDetSeg-354q85nge6mq.jpg,RipDetSeg-aci4xou52hlg.jpg,1,0,1
RipDetSeg-boqznrejsor5.jpg,RipDetSeg-xrvf5jtk01iq.jpg,1,0,1
RipDetSeg-bnucp4i8p9q9.jpg,RipDetSeg-pwugg9h7got7.jpg,1,0,1
RipDetSeg-nhq4q4borr3c.jpg,RipDetSeg-9jbiil72vdg2.jpg,1,0,1
RipDetSeg-ky3djm7usnaj.jpg,RipDetSeg-gykcajyqksvb.jpg,1,0,1
RipDetSeg-bl5cd4jzjtkx.jpg,RipDetSeg-6f71bpgjcm9y.jpg,1,0,1
RipDetSeg-bl1ozh1mwbfk.jpg,RipDetSeg-2qb9k1dk5988.jpg,1,0,1
RipDetSeg-n25bn133sje2.jpg,RipDetSeg-80oixtsfl5qx.jpg,1,0,1
RipDetSeg-tj4xvdw7oxcq.jpg,RipDetSeg-0phmmekopyrt.jpg,1,0,1
RipDetSeg-wvq23g9oxbg8.jpg,RipDetSeg-1jxr5zcfdxb9.jpg,1,0,1
RipDetSeg-6p1qpaf76j0s.jpg,RipDetSeg-id6ake4yw8zw.jpg,1,0,1
RipDetSeg-wr9b1h4hvlwx.jpg,RipDetSeg-k2o1xmpp72ys.jpg,1,0,1
RipDetSeg-b96hexs6ogdu.jpg,RipDetSeg-6ig9zdirwpe9.jpg,1,0,1
RipDetSeg-b0wqxhca1j38.jpg,RipDetSeg-zoudkgqmw43n.jpg,1,0,1
RipDetSeg-wnuwrpuhx2fi.jpg,RipDetSeg-3hzzcg6b1mr0.jpg,1,0,1
RipDetSeg-5sx7kiafoyt4.jpg,RipDetSeg-gjuy6dwqxmrp.jpg,1,0,1
RipDetSeg-azdhr5xo9h45.jpg,RipDetSeg-u6dnbb3jgetq.jpg,1,0,1
RipDetSeg-m1l70kpdyryy.jpg,RipDetSeg-kd1829vbxp79.jpg,1,0,1
RipDetSeg-nx6hgfuk20kr.jpg,RipDetSeg-3q7z9i5xrdm0.jpg,1,0,1
RipDetSeg-5ukqu1agtqjs.jpg,RipDetSeg-58aapnpwagzv.jpg,1,0,1
RipDetSeg-b1ilrn605y6g.jpg,RipDetSeg-enrdhv8n2qk0.jpg,1,0,1
RipDetSeg-wnayvbp553gi.jpg,RipDetSeg-8h2vm688jyls.jpg,1,0,1
RipDetSeg-tzrbizk8ybeb.jpg,RipDetSeg-rgt21ughbp4j.jpg,1,0,1
RipDetSeg-5w4wmt9wmybq.jpg,RipDetSeg-1hudvhobvdlb.jpg,1,0,1
RipDetSeg-awcv10bavai1.jpg,RipDetSeg-0a91w24fybzw.jpg,1,0,1
RipDetSeg-aw916ruq5i63.jpg,RipDetSeg-2u9z32yvat02.jpg,1,0,1
RipDetSeg-5xfm0o95kgq2.jpg,RipDetSeg-ni1ev8r7tvnn.jpg,1,0,1
RipDetSeg-avq1o5cunwig.jpg,RipDetSeg-hqojqvaxc9e0.jpg,1,0,1
RipDetSeg-5ygw9rrtqs9z.jpg,RipDetSeg-kyqfpu5b2wd9.jpg,1,0,1
RipDetSeg-5vupxucqo2vw.jpg,RipDetSeg-saue635bo5gi.jpg,1,0,1
RipDetSeg-l28akesubvlo.jpg,RipDetSeg-54z21e0l04p3.jpg,1,0,1
RipDetSeg-tvgxl8ln0jrh.jpg,RipDetSeg-dnncymf0y9jv.jpg,1,0,1
RipDetSeg-5rqwyya0cj8g.jpg,RipDetSeg-fnqni61xspmn.jpg,1,0,1
RipDetSeg-l2gmlpuzkm0g.jpg,RipDetSeg-52hkcsudjx2d.jpg,1,0,1
RipDetSeg-b84lelkky2hw.jpg,RipDetSeg-87mzx1x995zc.jpg,1,0,1
RipDetSeg-wql5wc3tpn1s.jpg,RipDetSeg-96trnjffn1z1.jpg,1,0,1
RipDetSeg-b7rxi7jy2lut.jpg,RipDetSeg-5wzhumr5rhkk.jpg,1,0,1
RipDetSeg-b7n6wrswnm86.jpg,RipDetSeg-e6bogiy949bk.jpg,1,0,1
RipDetSeg-m289w85znkqr.jpg,RipDetSeg-wez2xim6l0e9.jpg,1,0,1
RipDetSeg-5pcns0proug7.jpg,RipDetSeg-958nygv0xxit.jpg,1,0,1
RipDetSeg-5rz0laq5x3op.jpg,RipDetSeg-ptxvxcgxnlg4.jpg,1,0,1
RipDetSeg-5pl8v8lpeudw.jpg,RipDetSeg-cjcv8yo1kbzq.jpg,1,0,1
RipDetSeg-b6j698fx21ic.jpg,RipDetSeg-jn9mm3e75f4s.jpg,1,0,1
RipDetSeg-b5xc95f04a9l.jpg,RipDetSeg-7fnqwgauwqjw.jpg,1,0,1
RipDetSeg-5qa9lhh54wtj.jpg,RipDetSeg-tyol9r89vihy.jpg,1,0,1
RipDetSeg-wq9j87lktcld.jpg,RipDetSeg-8j8jlgbndwxq.jpg,1,0,1
RipDetSeg-tthllohicb9y.jpg,RipDetSeg-culhhs48m959.jpg,1,0,1
RipDetSeg-5ra575bryybx.jpg,RipDetSeg-hut9wmk19bq8.jpg,1,0,1
RipDetSeg-b2abhes71iev.jpg,RipDetSeg-v1in8ilalonb.jpg,1,0,1
RipDetSeg-l33183famxic.jpg,RipDetSeg-smy3r7ldrxvw.jpg,1,0,1
RipDetSeg-la0vh5jh4y9v.jpg,RipDetSeg-30d5nhuaa3jf.jpg,1,0,1
RipDetSeg-9xa4qzsx3y8i.jpg,RipDetSeg-sp7mb95dqxn0.jpg,1,0,1
RipDetSeg-w43oxhm3wqon.jpg,RipDetSeg-1e48ginsw0nv.jpg,1,0,1
RipDetSeg-8pe2ypcbvukd.jpg,RipDetSeg-6cjbtxvlun2w.jpg,1,0,1
RipDetSeg-vpodwno3k8p8.jpg,RipDetSeg-o4frery1cst4.jpg,1,0,1
RipDetSeg-8o3nrn566cdo.jpg,RipDetSeg-18wsiv4rb425.jpg,1,0,1
RipDetSeg-8nluws8myyjc.jpg,RipDetSeg-74sjswrmsuhm.jpg,1,0,1
RipDetSeg-8nj0d6vvzriz.jpg,RipDetSeg-2rymybzv49sl.jpg,1,0,1
RipDetSeg-8nezwuyew2e0.jpg,RipDetSeg-8e1qq2btbt7j.jpg,1,0,1
RipDetSeg-7n8hqidzwdq7.jpg,RipDetSeg-89mwzgxiaink.jpg,1,0,1
RipDetSeg-v83sedathu0u.jpg,RipDetSeg-l29fsiv7hqjy.jpg,1,0,1
RipDetSeg-8nb8zomq7798.jpg,RipDetSeg-9gbusnnmu8mv.jpg,1,0,1
RipDetSeg-v8oca36uibdg.jpg,RipDetSeg-hx1ev0j1ds6z.jpg,1,0,1
RipDetSeg-lhuzk5aqy12a.jpg,RipDetSeg-3epiu9y0ibuj.jpg,1,0,1
RipDetSeg-7no3pm5tfzyr.jpg,RipDetSeg-7bfcwyaz6cpe.jpg,1,0,1
RipDetSeg-lignumxrdlf9.jpg,RipDetSeg-1hctdspxmvbm.jpg,1,0,1
RipDetSeg-va5pfbkxp91y.jpg,RipDetSeg-0zy1sdh1oco7.jpg,1,0,1
RipDetSeg-7pmqcdz0xjhw.jpg,RipDetSeg-8peoseq4u660.jpg,1,0,1
RipDetSeg-nqzhwp2kkrln.jpg,RipDetSeg-gjipn0njhnoa.jpg,1,0,1
RipDetSeg-7nk278mouo1d.jpg,RipDetSeg-guzmrexbnmnq.jpg,1,0,1
RipDetSeg-vb9ez4k4qwiz.jpg,RipDetSeg-af8bblzl2gyt.jpg,1,0,1
RipDetSeg-8pq2rihbtvew.jpg,RipDetSeg-51glvsfhk6ab.jpg,1,0,1
RipDetSeg-7lfl6jv9fyyw.jpg,RipDetSeg-l8olrmyk4rug.jpg,1,0,1
RipDetSeg-8vw99qt34dng.jpg,RipDetSeg-swwfv89hncwn.jpg,1,0,1
RipDetSeg-7fpe15i9oev2.jpg,RipDetSeg-7eurtzy35xl3.jpg,1,0,1
RipDetSeg-7fr61v6hf3us.jpg,RipDetSeg-2qg2cxayyjyh.jpg,1,0,1
RipDetSeg-v6l3hum8qf1y.jpg,RipDetSeg-0gzbnbqvfeuz.jpg,1,0,1
RipDetSeg-8vdnqsnmfnef.jpg,RipDetSeg-8f5ox6fuemr2.jpg,1,0,1
RipDetSeg-v6ok8o3e4a0f.jpg,RipDetSeg-0p0le5g3b9ai.jpg,1,0,1
RipDetSeg-vrvp11bmx08j.jpg,RipDetSeg-0dcw0y1gqgb6.jpg,1,0,1
RipDetSeg-8prhclvldgv3.jpg,RipDetSeg-bca4ny2e4lut.jpg,1,0,1
RipDetSeg-8tewpdtijwqi.jpg,RipDetSeg-ne26lq6h2lei.jpg,1,0,1
RipDetSeg-v71oodka4gzj.jpg,RipDetSeg-6v243mbs69hq.jpg,1,0,1
RipDetSeg-lhm2iv6l884o.jpg,RipDetSeg-9te9pn6gtu8z.jpg,1,0,1
RipDetSeg-7iryd67tz1l4.jpg,RipDetSeg-8kq5k2ccl9rr.jpg,1,0,1
RipDetSeg-vqqge8n61szv.jpg,RipDetSeg-ae0yol558q6n.jpg,1,0,1
RipDetSeg-8qml1izdlr1y.jpg,RipDetSeg-isjk4oicdzi4.jpg,1,0,1
RipDetSeg-8qekbg34txgd.jpg,RipDetSeg-8bvkf5yfasyl.jpg,1,0,1
RipDetSeg-loen8qp5ccrq.jpg,RipDetSeg-335vp5ex9le4.jpg,1,0,1
RipDetSeg-7hqrvzja0o67.jpg,RipDetSeg-43fdmvghvseh.jpg,1,0,1
RipDetSeg-8wm8natx6yny.jpg,RipDetSeg-dq1oroozgpzg.jpg,1,0,1
RipDetSeg-8jav1ievcj45.jpg,RipDetSeg-56fhudq2bv56.jpg,1,0,1
RipDetSeg-7r6i30sxfju0.jpg,RipDetSeg-78ft60f0foqj.jpg,1,0,1
RipDetSeg-89ni5z8caeid.jpg,RipDetSeg-fddeaorrj3lj.jpg,1,0,1
RipDetSeg-88j7jo4pp01s.jpg,RipDetSeg-4o1grc2fxdnd.jpg,1,0,1
RipDetSeg-7xehbe8rs92e.jpg,RipDetSeg-skegqqyp6o2l.jpg,1,0,1
RipDetSeg-87anqsuz0s2o.jpg,RipDetSeg-amat6fw7y8mx.jpg,1,0,1
RipDetSeg-7xw57f3qw7q5.jpg,RipDetSeg-gzu0btj00e43.jpg,1,0,1
RipDetSeg-vgbbbg7skpax.jpg,RipDetSeg-4pplzdyrj2s5.jpg,1,0,1
RipDetSeg-vi3ozch8k0vp.jpg,RipDetSeg-gzomp44aze0g.jpg,1,0,1
RipDetSeg-vewn3shhux22.jpg,RipDetSeg-1xngouy1rpq6.jpg,1,0,1
RipDetSeg-vit2rcstwoql.jpg,RipDetSeg-6k3jyn4r9ooa.jpg,1,0,1
RipDetSeg-vj362em0naml.jpg,RipDetSeg-zsmyrk7eddod.jpg,1,0,1
RipDetSeg-85c9t7dd0w7n.jpg,RipDetSeg-l6tacq7i203q.jpg,1,0,1
RipDetSeg-80y3ysy3uhhn.jpg,RipDetSeg-9783o3of83sn.jpg,1,0,1
RipDetSeg-81erni98uyi9.jpg,RipDetSeg-corkd5w5zwsf.jpg,1,0,1
RipDetSeg-826120tda70j.jpg,RipDetSeg-5yzat21ukx93.jpg,1,0,1
RipDetSeg-83n698h3rtwj.jpg,RipDetSeg-31p60vve1j6m.jpg,1,0,1
RipDetSeg-82gx1v22o5ym.jpg,RipDetSeg-0szzq069rof8.jpg,1,0,1
RipDetSeg-7zzmijrqosiw.jpg,RipDetSeg-4x43vznvnwen.jpg,1,0,1
RipDetSeg-ljhk3zq0qp3a.jpg,RipDetSeg-69z0b37fw706.jpg,1,0,1
RipDetSeg-vnlv73w5vfwb.jpg,RipDetSeg-k2o1xmpp72ys.jpg,1,0,1
RipDetSeg-7wqjgbrc6z0z.jpg,RipDetSeg-8e6zbawj8gik.jpg,1,0,1
RipDetSeg-vo3uq5t7nt8i.jpg,RipDetSeg-17q307k4qd9y.jpg,1,0,1
RipDetSeg-8icnd79a34sl.jpg,RipDetSeg-c71u40dkk9mk.jpg,1,0,1
RipDetSeg-8hyjoz3oxmey.jpg,RipDetSeg-6e19l1ww50zp.jpg,1,0,1
RipDetSeg-vbxw8ly3syl0.jpg,RipDetSeg-3w12a1fjhn47.jpg,1,0,1
RipDetSeg-vcb0ytcmj9x6.jpg,RipDetSeg-0vs0uxvtdppa.jpg,1,0,1
RipDetSeg-7s3xyru8ifx0.jpg,RipDetSeg-texnjcebtsbn.jpg,1,0,1
RipDetSeg-lk1nmjel51tq.jpg,RipDetSeg-4yf5ejocwggu.jpg,1,0,1
RipDetSeg-8auqq6vu5fzi.jpg,RipDetSeg-82qbmepfwm5n.jpg,1,0,1
RipDetSeg-8gr6dqji4t64.jpg,RipDetSeg-1hctdspxmvbm.jpg,1,0,1
RipDetSeg-8fd5xnlclpg6.jpg,RipDetSeg-cphj8190v0hq.jpg,1,0,1
RipDetSeg-vdxoltrrn33j.jpg,RipDetSeg-huv1qblxdl6a.jpg,1,0,1
RipDetSeg-7tjc3s465fes.jpg,RipDetSeg-44qm5vchvuro.jpg,1,0,1
RipDetSeg-7tzluyduwhye.jpg,RipDetSeg-03c2tvrq5242.jpg,1,0,1
RipDetSeg-lkf056c1r4zx.jpg,RipDetSeg-3qvvmzaec7qh.jpg,1,0,1
RipDetSeg-8bneaifaexvp.jpg,RipDetSeg-2994aci94jmu.jpg,1,0,1
RipDetSeg-ves02rlplt1v.jpg,RipDetSeg-aq3pdwpgdje8.jpg,1,0,1
RipDetSeg-lk7cuv838sj0.jpg,RipDetSeg-xzzzlp4qz3hq.jpg,1,0,1
RipDetSeg-nha43zedv1dg.jpg,RipDetSeg-1v9lwsrcfsei.jpg,1,0,1
RipDetSeg-8y7m5bi11hmg.jpg,RipDetSeg-56g71bfrh53v.jpg,1,0,1
RipDetSeg-8zh7126fn647.jpg,RipDetSeg-e1uupj1mwgja.jpg,1,0,1
RipDetSeg-w0kw8flm9d2u.jpg,RipDetSeg-x4g9hmwvuwq1.jpg,1,0,1
RipDetSeg-uuiye1w4qkg2.jpg,RipDetSeg-9hzofwnq3l1s.jpg,1,0,1
RipDetSeg-9onkv2is000p.jpg,RipDetSeg-gqhw1x3918z9.jpg,1,0,1
RipDetSeg-6wkwlxygx7zy.jpg,RipDetSeg-930xx9mu29l7.jpg,1,0,1
RipDetSeg-6xgzjkgjr18u.jpg,RipDetSeg-ro8y5grspg3g.jpg,1,0,1
RipDetSeg-w0gijcm4i3rn.jpg,RipDetSeg-6uvjov3cxaj0.jpg,1,0,1
RipDetSeg-lawuiwe2uws7.jpg,RipDetSeg-jv503ghgay0t.jpg,1,0,1
RipDetSeg-9pfmz0wav2gl.jpg,RipDetSeg-knihla361z8v.jpg,1,0,1
RipDetSeg-9mgq4gb62ym1.jpg,RipDetSeg-y1kh4wg1jiem.jpg,1,0,1
RipDetSeg-w0574simihgd.jpg,RipDetSeg-n9o12qz8ebgh.jpg,1,0,1
RipDetSeg-6yrvwhy81upe.jpg,RipDetSeg-qt6bfuykbdwz.jpg,1,0,1
RipDetSeg-9liajyhqwdrv.jpg,RipDetSeg-gg98ba9e2ock.jpg,1,0,1
RipDetSeg-lbgit6uy00dr.jpg,RipDetSeg-crak8bpjufzu.jpg,1,0,1
RipDetSeg-9kcdt8zzhpzy.jpg,RipDetSeg-fyj1k8tlu1u6.jpg,1,0,1
RipDetSeg-9k6k8dsn9cfc.jpg,RipDetSeg-0h9zi6xij6ue.jpg,1,0,1
RipDetSeg-uwphdfjxrrbi.jpg,RipDetSeg-t42conftot0g.jpg,1,0,1
RipDetSeg-9md9ac2d7yqh.jpg,RipDetSeg-j9hfte78pls3.jpg,1,0,1
RipDetSeg-uwrecdqas673.jpg,RipDetSeg-03uuc6r74x2f.jpg,1,0,1
RipDetSeg-6vu340t2mfsy.jpg,RipDetSeg-5mx3fnnlzrg1.jpg,1,0,1
RipDetSeg-9pz9rlghloci.jpg,RipDetSeg-bf6buxhrt4mu.jpg,1,0,1
RipDetSeg-6q94lnjrclrg.jpg,RipDetSeg-2tyjgb3g7pnu.jpg,1,0,1
RipDetSeg-up72qby62y4w.jpg,RipDetSeg-0mzn9gb3ktjo.jpg,1,0,1
RipDetSeg-nuwn7o5c9yhj.jpg,RipDetSeg-abp5a6tgx4px.jpg,1,0,1
RipDetSeg-9v7pxrd5gbbo.jpg,RipDetSeg-37jc3hygk44y.jpg,1,0,1
RipDetSeg-uqivulf8s6d9.jpg,RipDetSeg-u3shnv1mqnoi.jpg,1,0,1
RipDetSeg-6s3cfyg391ug.jpg,RipDetSeg-p8ouq3r7h905.jpg,1,0,1
RipDetSeg-uqzek3zwbee2.jpg,RipDetSeg-4w09w68h3lyx.jpg,1,0,1
RipDetSeg-9py3cyl2to5l.jpg,RipDetSeg-tbc1k6462564.jpg,1,0,1
RipDetSeg-9t6rqjfpexv7.jpg,RipDetSeg-6cdyh1yx27p6.jpg,1,0,1
RipDetSeg-w1yon9il51d3.jpg,RipDetSeg-00x3s3uuwch3.jpg,1,0,1
RipDetSeg-9rplee8iobm3.jpg,RipDetSeg-7bzyp7nc2bt8.jpg,1,0,1
RipDetSeg-6tll8pfoxl7x.jpg,RipDetSeg-j6dmwt4442s6.jpg,1,0,1
RipDetSeg-9rak2ch2lll4.jpg,RipDetSeg-e41ivr0tten4.jpg,1,0,1
RipDetSeg-w1kli71mbf11.jpg,RipDetSeg-bn9d56r4pisf.jpg,1,0,1
RipDetSeg-w11mipuou2ok.jpg,RipDetSeg-54gqusja3b0x.jpg,1,0,1
RipDetSeg-laio197nra4r.jpg,RipDetSeg-b6vtlpa46hoy.jpg,1,0,1
RipDetSeg-9svlwbbatx8a.jpg,RipDetSeg-76qwr0hd8jbp.jpg,1,0,1
RipDetSeg-vsdfdlxazx8r.jpg,RipDetSeg-87j362vgrkt3.jpg,1,0,1
RipDetSeg-9j88qapj9jfl.jpg,RipDetSeg-db2te01uz9o2.jpg,1,0,1
RipDetSeg-uxj6tbrs77b4.jpg,RipDetSeg-h7biuaiypzct.jpg,1,0,1
RipDetSeg-vv9m53ew8wan.jpg,RipDetSeg-8087heddb5gr.jpg,1,0,1
RipDetSeg-9453wiafegcw.jpg,RipDetSeg-17ktjxbg5571.jpg,1,0,1
RipDetSeg-lslvfqnakpl1.jpg,RipDetSeg-v3rizpywy4f3.jpg,1,0,1
RipDetSeg-vujoljc1niaj.jpg,RipDetSeg-dcqkvpwj2p13.jpg,1,0,1
RipDetSeg-7a3mms1h590e.jpg,RipDetSeg-3fulxpz18smi.jpg,1,0,1
RipDetSeg-92ikgce48lsa.jpg,RipDetSeg-w82rt2500anb.jpg,1,0,1
RipDetSeg-7ajl5elhjr4n.jpg,RipDetSeg-1uoeznvojkt2.jpg,1,0,1
RipDetSeg-v3x13lfbgg88.jpg,RipDetSeg-2rozgjozes3g.jpg,1,0,1
RipDetSeg-91tu0rtjmfej.jpg,RipDetSeg-3tqvdv15l5el.jpg,1,0,1
RipDetSeg-7b8ig6tdg8k9.jpg,RipDetSeg-5ezga3sxn9i9.jpg,1,0,1
RipDetSeg-90wtpaaswqbq.jpg,RipDetSeg-sp7mb95dqxn0.jpg,1,0,1
RipDetSeg-7cp5wgnfcmq7.jpg,RipDetSeg-7fnqwgauwqjw.jpg,1,0,1
RipDetSeg-8zxx0puk42xb.jpg,RipDetSeg-f61btsxlnhfl.jpg,1,0,1
RipDetSeg-7cqabo7oe51x.jpg,RipDetSeg-18mblnqzpc4g.jpg,1,0,1
RipDetSeg-8zqeufizy0ln.jpg,RipDetSeg-04lyum528vf8.jpg,1,0,1
RipDetSeg-np0o1o3x8yr1.jpg,RipDetSeg-8c0evsxgacql.jpg,1,0,1
RipDetSeg-v53kp509m190.jpg,RipDetSeg-ku4jplvkf0ei.jpg,1,0,1
RipDetSeg-uxdji7alfd4x.jpg,RipDetSeg-zgjr0a5k6y2h.jpg,1,0,1
RipDetSeg-v3rvjtwe7lr5.jpg,RipDetSeg-3soeluxuwf9k.jpg,1,0,1
RipDetSeg-vvquh5cnutlh.jpg,RipDetSeg-5acspfa5b7cx.jpg,1,0,1
RipDetSeg-9i1xuts7m27f.jpg,RipDetSeg-1ol1i8jpmxb0.jpg,1,0,1
RipDetSeg-uxm8y3xz0def.jpg,RipDetSeg-0b93cfjkqpzt.jpg,1,0,1
RipDetSeg-9hamq8z0ackn.jpg,RipDetSeg-bj6hnq2m7hax.jpg,1,0,1
RipDetSeg-nnelljy0ecwp.jpg,RipDetSeg-6q9ylitxamin.jpg,1,0,1
RipDetSeg-73j7wcef7r3l.jpg,RipDetSeg-xtzctvv9zqbv.jpg,1,0,1
RipDetSeg-73s4tye9lt4h.jpg,RipDetSeg-40kwc70jawuy.jpg,1,0,1
RipDetSeg-74xk09i4pvm8.jpg,RipDetSeg-luwo0wjew0oi.jpg,1,0,1
RipDetSeg-968tq9krswhp.jpg,RipDetSeg-0jn1v7qfauc8.jpg,1,0,1
RipDetSeg-lecq9ndxj149.jpg,RipDetSeg-80zl7at99nih.jpg,1,0,1
RipDetSeg-75z112vusqhy.jpg,RipDetSeg-jkdo8mfv9a0s.jpg,1,0,1
RipDetSeg-9atwv8dz5l6i.jpg,RipDetSeg-y66i7p1ftsbn.jpg,1,0,1
RipDetSeg-vxwd6wqxoc43.jpg,RipDetSeg-87lv5jmcas90.jpg,1,0,1
RipDetSeg-v1o29p943pdx.jpg,RipDetSeg-zhmikrz2ulq7.jpg,1,0,1
RipDetSeg-ltaduu3s0edi.jpg,RipDetSeg-km48pld2e5sq.jpg,1,0,1
RipDetSeg-78183hhg0xrh.jpg,RipDetSeg-w1t6dcv9sch7.jpg,1,0,1
RipDetSeg-97ogp2by9ksw.jpg,RipDetSeg-t42conftot0g.jpg,1,0,1
RipDetSeg-vy1ir785h936.jpg,RipDetSeg-chyzzix9if04.jpg,1,0,1
RipDetSeg-btmavt2p5lzz.jpg,RipDetSeg-n4o1agttclw9.jpg,1,0,1
RipDetSeg-kynnndpchytg.jpg,RipDetSeg-hrfbstg53yrr.jpg,1,0,1
RipDetSeg-nzubssqiklp1.jpg,RipDetSeg-4yemyhaku0el.jpg,1,0,1
RipDetSeg-e30l1to3glyk.jpg,RipDetSeg-3z6ohy5ml2l2.jpg,1,0,1
RipDetSeg-e309979ghsdv.jpg,RipDetSeg-0ukdsrvi9vwo.jpg,1,0,1
RipDetSeg-e304uocy42w5.jpg,RipDetSeg-narfctha10vz.jpg,1,0,1
RipDetSeg-e2ovjri9oixp.jpg,RipDetSeg-ip5nbt7pzje3.jpg,1,0,1
RipDetSeg-s1a7ncwsn8rf.jpg,RipDetSeg-sbmkuh6ku7bh.jpg,1,0,1
RipDetSeg-e09pc3ytxgjh.jpg,RipDetSeg-33lt9pj5g9u8.jpg,1,0,1
RipDetSeg-3ujvwqc06e2p.jpg,RipDetSeg-78ft60f0foqj.jpg,1,0,1
RipDetSeg-s09oy0z5zc7h.jpg,RipDetSeg-7a31r0zoui83.jpg,1,0,1
RipDetSeg-xvig6iamz2r6.jpg,RipDetSeg-us8v0k263gik.jpg,1,0,1
RipDetSeg-dzca5ydoe8ha.jpg,RipDetSeg-3uv873ptro7e.jpg,1,0,1
RipDetSeg-dz87a6nqmxmr.jpg,RipDetSeg-d6dn53r2i3qn.jpg,1,0,1
RipDetSeg-s4s460djr8gl.jpg,RipDetSeg-bxlhog961ony.jpg,1,0,1
RipDetSeg-dz428zg17mag.jpg,RipDetSeg-tbv0cg7934gu.jpg,1,0,1
RipDetSeg-s57igla4tzil.jpg,RipDetSeg-9hl6ivxhvpvk.jpg,1,0,1
RipDetSeg-dyck43emdooo.jpg,RipDetSeg-mvhpf4uesfqw.jpg,1,0,1
RipDetSeg-dxieo1yhzgco.jpg,RipDetSeg-9uzjf4menigl.jpg,1,0,1
RipDetSeg-xvi8p3evvxcb.jpg,RipDetSeg-vho1o08ophn1.jpg,1,0,1
RipDetSeg-xuozsjxl208r.jpg,RipDetSeg-b796nx92yfqq.jpg,1,0,1
RipDetSeg-3sdbgqwg73qz.jpg,RipDetSeg-52hkcsudjx2d.jpg,1,0,1
RipDetSeg-3qqjfe611ab9.jpg,RipDetSeg-ogbcvs5upq9a.jpg,1,0,1
RipDetSeg-3oym5l0kxgjw.jpg,RipDetSeg-6jrym20068r5.jpg,1,0,1
RipDetSeg-kip1508rq1sl.jpg,RipDetSeg-387cv78e82a1.jpg,1,0,1
RipDetSeg-y0gza6jawrxd.jpg,RipDetSeg-ro4zfxb4hnvk.jpg,1,0,1
RipDetSeg-ecpkhgkrfk8w.jpg,RipDetSeg-2rozgjozes3g.jpg,1,0,1
RipDetSeg-ec5h9iox9o5n.jpg,RipDetSeg-fi0io82o0txi.jpg,1,0,1
RipDetSeg-ebzw030ab7mk.jpg,RipDetSeg-m9t5m56prgih.jpg,1,0,1
RipDetSeg-ebz241d0dmiz.jpg,RipDetSeg-1mkqq1d4iruz.jpg,1,0,1
RipDetSeg-xxs345c78e58.jpg,RipDetSeg-s76d5npeu42j.jpg,1,0,1
RipDetSeg-easwmzp4gpjn.jpg,RipDetSeg-btnrly7rky4k.jpg,1,0,1
RipDetSeg-kj8jxj2gua4q.jpg,RipDetSeg-owm7yq6pkf7d.jpg,1,0,1
RipDetSeg-3pkww0m0erup.jpg,RipDetSeg-su6fhroxt45n.jpg,1,0,1
RipDetSeg-kjbvfo16byst.jpg,RipDetSeg-botyntkrjin1.jpg,1,0,1
RipDetSeg-xypha157hom2.jpg,RipDetSeg-li8iyny6ld01.jpg,1,0,1
RipDetSeg-e8h9ynifcbe2.jpg,RipDetSeg-j9hfte78pls3.jpg,1,0,1
RipDetSeg-ryd0nqglklh4.jpg,RipDetSeg-ln4bqdwvhkqf.jpg,1,0,1
RipDetSeg-xy9rkdf5lfxy.jpg,RipDetSeg-2si4yn1vo9kg.jpg,1,0,1
RipDetSeg-xzp9rvcb4xbm.jpg,RipDetSeg-4ovxigu77hb2.jpg,1,0,1
RipDetSeg-dx8cdza4r9n8.jpg,RipDetSeg-hbl2eqct34q0.jpg,1,0,1
RipDetSeg-dx6b7bpz4mhw.jpg,RipDetSeg-kunzei3dryvt.jpg,1,0,1
RipDetSeg-kkan38nmw1dj.jpg,RipDetSeg-4s16wrccih8k.jpg,1,0,1
RipDetSeg-btwuo5exrk90.jpg,RipDetSeg-276jj6y76klu.jpg,1,0,1
RipDetSeg-42jk1huuc63y.jpg,RipDetSeg-g5iwzt97l2l1.jpg,1,0,1
RipDetSeg-s9nsev838zo2.jpg,RipDetSeg-b85jbw4fza8g.jpg,1,0,1
RipDetSeg-dlo6pg2ud54t.jpg,RipDetSeg-p7l1sj7uayug.jpg,1,0,1
RipDetSeg-mbcgmr6y8ikg.jpg,RipDetSeg-1imxowp6pm71.jpg,1,0,1
RipDetSeg-mb9byq5oqzyv.jpg,RipDetSeg-yn6bducs1i2f.jpg,1,0,1
RipDetSeg-dk31bf1ol6qo.jpg,RipDetSeg-cgt1jh1a5qwa.jpg,1,0,1
RipDetSeg-xqsv7io4nc14.jpg,RipDetSeg-53ru13a8b9iy.jpg,1,0,1
RipDetSeg-sbcbpaewtak1.jpg,RipDetSeg-6hb4nctw9nhq.jpg,1,0,1
RipDetSeg-dj1j5nrpj84e.jpg,RipDetSeg-dwl55cavi1fx.jpg,1,0,1
RipDetSeg-xm9l51su3vxs.jpg,RipDetSeg-3fsb81uhgy5a.jpg,1,0,1
RipDetSeg-dibfoh5lxkdt.jpg,RipDetSeg-6lwelrl94lw9.jpg,1,0,1
RipDetSeg-scoqb5ju1cnb.jpg,RipDetSeg-6dm0tykaa2zw.jpg,1,0,1
RipDetSeg-maowiuom6zp6.jpg,RipDetSeg-l5tt0uyp3n1r.jpg,1,0,1
RipDetSeg-461mzktlv9lb.jpg,RipDetSeg-0b3k8r3cdcqw.jpg,1,0,1
RipDetSeg-463ptsljnxp9.jpg,RipDetSeg-7fnqwgauwqjw.jpg,1,0,1
RipDetSeg-dj3rcsr9i82x.jpg,RipDetSeg-br1ltgkda87u.jpg,1,0,1
RipDetSeg-dpb20f04rjk5.jpg,RipDetSeg-2hht2ghiknqz.jpg,1,0,1
RipDetSeg-xr4zosbvhpqp.jpg,RipDetSeg-c8x8d25uf28b.jpg,1,0,1
RipDetSeg-s8f716v3u1f2.jpg,RipDetSeg-lljulig37k16.jpg,1,0,1
RipDetSeg-dvqt2ilpd54v.jpg,RipDetSeg-97pm1ix639q8.jpg,1,0,1
RipDetSeg-dusw524ngbjn.jpg,RipDetSeg-444tl6f6zmwo.jpg,1,0,1
RipDetSeg-duqk10zidhuc.jpg,RipDetSeg-766rehg44gra.jpg,1,0,1
RipDetSeg-dtv6zbuca9x9.jpg,RipDetSeg-ep7f2es33dwt.jpg,1,0,1
RipDetSeg-mcpdhigwhufr.jpg,RipDetSeg-c95l1tyc4f6c.jpg,1,0,1
RipDetSeg-dskulfih2hd0.jpg,RipDetSeg-um83a5o4dkaf.jpg,1,0,1
RipDetSeg-xtetrisrilge.jpg,RipDetSeg-c409l72txxd7.jpg,1,0,1
RipDetSeg-dsa1k4pwonvv.jpg,RipDetSeg-k55pef9p6ddb.jpg,1,0,1
RipDetSeg-ds7x21m712i5.jpg,RipDetSeg-bhfk6evptlcb.jpg,1,0,1
RipDetSeg-s7aji3g7fqxa.jpg,RipDetSeg-407kv9980pvt.jpg,1,0,1
RipDetSeg-dri1jzcwnp21.jpg,RipDetSeg-35uwvjkcij1q.jpg,1,0,1
RipDetSeg-3yg1m0ubyvek.jpg,RipDetSeg-wyd7d5g5day0.jpg,1,0,1
RipDetSeg-dqy2taf8e7re.jpg,RipDetSeg-e0nyn1uxtl88.jpg,1,0,1
RipDetSeg-mc9y6aoil4la.jpg,RipDetSeg-yfq7wyw4ndg6.jpg,1,0,1
RipDetSeg-kl4xvtrtz45j.jpg,RipDetSeg-0wcmevv8fogb.jpg,1,0,1
RipDetSeg-dqgxntm9lio8.jpg,RipDetSeg-2ffcg1p645wu.jpg,1,0,1
RipDetSeg-dqevkxf5jn5h.jpg,RipDetSeg-bbx069xdp2sm.jpg,1,0,1
RipDetSeg-edkt9sqn84on.jpg,RipDetSeg-pnexhy4c6m7m.jpg,1,0,1
RipDetSeg-dfsgzxaklair.jpg,RipDetSeg-mpkdr7gxk13o.jpg,1,0,1
RipDetSeg-edte22vb43m3.jpg,RipDetSeg-kgsz97k67e5n.jpg,1,0,1
RipDetSeg-3o6kjuzfoa6y.jpg,RipDetSeg-1p15pwmo96ww.jpg,1,0,1
RipDetSeg-f1fjrh71r9yp.jpg,RipDetSeg-o7qrwpfr043n.jpg,1,0,1
RipDetSeg-ken48fykqhnd.jpg,RipDetSeg-6iruotcj34lp.jpg,1,0,1
RipDetSeg-rj517cbvptn9.jpg,RipDetSeg-hbljsejj6oai.jpg,1,0,1
RipDetSeg-rj51ix9ul2wm.jpg,RipDetSeg-vgqoe7cizozr.jpg,1,0,1
RipDetSeg-keu2lrgb8mst.jpg,RipDetSeg-9ii8qs6m47ot.jpg,1,0,1
RipDetSeg-3bagat89611t.jpg,RipDetSeg-dz6xc720lt3j.jpg,1,0,1
RipDetSeg-y55cib90o6j1.jpg,RipDetSeg-89mwzgxiaink.jpg,1,0,1
RipDetSeg-f27qixjapzdb.jpg,RipDetSeg-3f7ndf93tgg5.jpg,1,0,1
RipDetSeg-eybyj3nrnwo6.jpg,RipDetSeg-0mlf3l88r2zr.jpg,1,0,1
RipDetSeg-3dd52xuh95dj.jpg,RipDetSeg-76mf87r94ie2.jpg,1,0,1
RipDetSeg-ncl9fpyacwnc.jpg,RipDetSeg-t8m2znbj0z5j.jpg,1,0,1
RipDetSeg-y4z707sakimo.jpg,RipDetSeg-6d6f9rgmof2t.jpg,1,0,1
RipDetSeg-evtmn6y191j2.jpg,RipDetSeg-5wozjve2qtbz.jpg,1,0,1
RipDetSeg-evrz784aqe1k.jpg,RipDetSeg-0vs0uxvtdppa.jpg,1,0,1
RipDetSeg-eulyc5dp2kyt.jpg,RipDetSeg-3qy9rjc6nxcb.jpg,1,0,1
RipDetSeg-rlgppbew8exk.jpg,RipDetSeg-2w7p7pd58sw2.jpg,1,0,1
RipDetSeg-exyzw1lasrxk.jpg,RipDetSeg-cphj8190v0hq.jpg,1,0,1
RipDetSeg-rlo4tzjp3ylg.jpg,RipDetSeg-1ybmuhmc1z1r.jpg,1,0,1
RipDetSeg-f2dvlo7gpobk.jpg,RipDetSeg-p7g4x1yos15o.jpg,1,0,1
RipDetSeg-y72ox2sxcejx.jpg,RipDetSeg-164es9i6yitk.jpg,1,0,1
RipDetSeg-f80rdh7c3idp.jpg,RipDetSeg-ietpmscu6sqk.jpg,1,0,1
RipDetSeg-362ov5rdpzsz.jpg,RipDetSeg-2si4yn1vo9kg.jpg,1,0,1
RipDetSeg-365ybc140ln3.jpg,RipDetSeg-49y7gkfuyyob.jpg,1,0,1
RipDetSeg-f78dl5scvvry.jpg,RipDetSeg-cpcgl9fj404n.jpg,1,0,1
RipDetSeg-y8fpq0mek78q.jpg,RipDetSeg-7stqavlx0pi8.jpg,1,0,1
RipDetSeg-rf07p4xibjvd.jpg,RipDetSeg-0doaibe3viqy.jpg,1,0,1
RipDetSeg-37fitxsfps3p.jpg,RipDetSeg-i0y5niuopfz6.jpg,1,0,1
RipDetSeg-y6k2pglkirdg.jpg,RipDetSeg-htz00jfcap4q.jpg,1,0,1
RipDetSeg-mhxugbrptww8.jpg,RipDetSeg-wdtcr65ww09m.jpg,1,0,1
RipDetSeg-kecekh3se2l0.jpg,RipDetSeg-w3ajta8f3ybk.jpg,1,0,1
RipDetSeg-38iayywqi0xl.jpg,RipDetSeg-66ohnwh42fs5.jpg,1,0,1
RipDetSeg-f5v6gg0o1aug.jpg,RipDetSeg-5zqbq07uvrr4.jpg,1,0,1
RipDetSeg-y7a3btl8zmhn.jpg,RipDetSeg-txcgfdtichzv.jpg,1,0,1
RipDetSeg-mhgop61bopvw.jpg,RipDetSeg-5wozjve2qtbz.jpg,1,0,1
RipDetSeg-rh9bs362qxli.jpg,RipDetSeg-kkc7w1mx0xpl.jpg,1,0,1
RipDetSeg-39bs8akvmw10.jpg,RipDetSeg-9o668pvxwjte.jpg,1,0,1
RipDetSeg-f69zyerrj3bt.jpg,RipDetSeg-g3dt4z264t37.jpg,1,0,1
RipDetSeg-3e5hk5itrogy.jpg,RipDetSeg-7e1avbha62pu.jpg,1,0,1
RipDetSeg-esr3ru7mor8k.jpg,RipDetSeg-1lyko1gm0m57.jpg,1,0,1
RipDetSeg-rm88ocio7abm.jpg,RipDetSeg-p8bu4totc840.jpg,1,0,1
RipDetSeg-ndjl1gvla3tx.jpg,RipDetSeg-3kaysmr099ie.jpg,1,0,1
RipDetSeg-rsupc92b695r.jpg,RipDetSeg-zieoa7t7iqc4.jpg,1,0,1
RipDetSeg-3lqzoub32bdc.jpg,RipDetSeg-avw0v5fj4q76.jpg,1,0,1
RipDetSeg-eidtyvfrj03a.jpg,RipDetSeg-phwzy3q0lsz3.jpg,1,0,1
RipDetSeg-ei15o5rbe5wg.jpg,RipDetSeg-g7gq2sat9fws.jpg,1,0,1
RipDetSeg-ei0aiuz3vzqr.jpg,RipDetSeg-z20ezqgy0fc7.jpg,1,0,1
RipDetSeg-ehoxx0hlah7s.jpg,RipDetSeg-3m1raz93qsdp.jpg,1,0,1
RipDetSeg-eju0ou9y8g8j.jpg,RipDetSeg-im2faygz4dhd.jpg,1,0,1
RipDetSeg-mep3e3648ep0.jpg,RipDetSeg-8p0uppuvr2ma.jpg,1,0,1
RipDetSeg-eg4siphcgzu0.jpg,RipDetSeg-mpowql19bgdk.jpg,1,0,1
RipDetSeg-efkp1at7iefk.jpg,RipDetSeg-nx630jx8get7.jpg,1,0,1
RipDetSeg-ndlxa9en3qn3.jpg,RipDetSeg-rmz4hotmy1l3.jpg,1,0,1
RipDetSeg-eey85sddn7w1.jpg,RipDetSeg-x84x8hwomcuo.jpg,1,0,1
RipDetSeg-y0v2h1edal48.jpg,RipDetSeg-8v5zted68rhz.jpg,1,0,1
RipDetSeg-eelkuwqnbwfs.jpg,RipDetSeg-ihyo3xd1rv6o.jpg,1,0,1
RipDetSeg-rw1cquxcwjyl.jpg,RipDetSeg-0tpv17rwa08n.jpg,1,0,1
RipDetSeg-3nfkb6q9znnr.jpg,RipDetSeg-3lmhxnwr62q1.jpg,1,0,1
RipDetSeg-rrugr1a2nwik.jpg,RipDetSeg-i9fcxniw2lte.jpg,1,0,1
RipDetSeg-khu02g35j1p0.jpg,RipDetSeg-15g8abtsjv6d.jpg,1,0,1
RipDetSeg-3k6y74uro514.jpg,RipDetSeg-ni1ev8r7tvnn.jpg,1,0,1
RipDetSeg-kfc6cgcri196.jpg,RipDetSeg-fjyk1ep7l93m.jpg,1,0,1
RipDetSeg-y4p7ojlf8sn6.jpg,RipDetSeg-c2vaw4lb0edn.jpg,1,0,1
RipDetSeg-ergz5nol9s14.jpg,RipDetSeg-7wkbv2zkb1rt.jpg,1,0,1
RipDetSeg-rno2ablzi1ag.jpg,RipDetSeg-0vkexoppk0w3.jpg,1,0,1
RipDetSeg-3g2j6hambwri.jpg,RipDetSeg-1s78iw370cr3.jpg,1,0,1
RipDetSeg-kfzejb9x6q33.jpg,RipDetSeg-esaimcvxqzax.jpg,1,0,1
RipDetSeg-nclpc8n9c1ld.jpg,RipDetSeg-3micwdaw1ybq.jpg,1,0,1
RipDetSeg-rnzi1e4zruly.jpg,RipDetSeg-uq8rfi8tt0yo.jpg,1,0,1
RipDetSeg-epjy4f771p8d.jpg,RipDetSeg-16jpvy9wzrxx.jpg,1,0,1
RipDetSeg-3ikty37zveiq.jpg,RipDetSeg-bdzobr9jkaxd.jpg,1,0,1
RipDetSeg-rpbf4ipcwmji.jpg,RipDetSeg-ykdmnoeoxknq.jpg,1,0,1
RipDetSeg-y2qi7ccbn7nl.jpg,RipDetSeg-xde7wfdm003v.jpg,1,0,1
RipDetSeg-en2nhhqo3ybq.jpg,RipDetSeg-9wv6m2ojc0gv.jpg,1,0,1
RipDetSeg-ncs3bp2xyewv.jpg,RipDetSeg-8b7gybcs9sub.jpg,1,0,1
RipDetSeg-3jeb5g97h3w1.jpg,RipDetSeg-68fei46bfecu.jpg,1,0,1
RipDetSeg-3jpkgz8s2c76.jpg,RipDetSeg-02qeclbp0ypc.jpg,1,0,1
RipDetSeg-3jx3hr6mxdz7.jpg,RipDetSeg-1mk3xnzzjjrc.jpg,1,0,1
RipDetSeg-3oo1753uk5xq.jpg,RipDetSeg-5o5zculf4qzz.jpg,1,0,1
RipDetSeg-46a7pfwhvxum.jpg,RipDetSeg-0akc1edvag88.jpg,1,0,1
RipDetSeg-ul5ztwn8f9hy.jpg,RipDetSeg-d1sz6ao1m3is.jpg,1,0,1
RipDetSeg-dec8tothx0t0.jpg,RipDetSeg-knx8my6duw46.jpg,1,0,1
RipDetSeg-dek51py45r0t.jpg,RipDetSeg-4cmuo53tsl64.jpg,1,0,1
RipDetSeg-xa1c6czg77dc.jpg,RipDetSeg-7hudokkja7kv.jpg,1,0,1
RipDetSeg-xaa95evuvnvp.jpg,RipDetSeg-owm7yq6pkf7d.jpg,1,0,1
RipDetSeg-50xiqxl5s7r7.jpg,RipDetSeg-a7uukyore82k.jpg,1,0,1
RipDetSeg-coe9rmbd5u0i.jpg,RipDetSeg-2n78zj67d85b.jpg,1,0,1
RipDetSeg-col9gym32zqj.jpg,RipDetSeg-0zbbpks3zoo0.jpg,1,0,1
RipDetSeg-coq3ex419cd3.jpg,RipDetSeg-c54p9up2di0t.jpg,1,0,1
RipDetSeg-4p0zyzevz98y.jpg,RipDetSeg-8c3iay3jouth.jpg,1,0,1
RipDetSeg-stnudfnhbky7.jpg,RipDetSeg-5t1yftxbsk4t.jpg,1,0,1
RipDetSeg-4op7vzeap8r9.jpg,RipDetSeg-a7mpuvz8mg0c.jpg,1,0,1
RipDetSeg-4on86qrnn520.jpg,RipDetSeg-8378unmkf5qy.jpg,1,0,1
RipDetSeg-xcp0mbutmp4a.jpg,RipDetSeg-g16tkvorm955.jpg,1,0,1
RipDetSeg-4nk6fkz9jalx.jpg,RipDetSeg-e74fdthyh8xo.jpg,1,0,1
RipDetSeg-x9zl7i3odwg0.jpg,RipDetSeg-np2ijk8fhnmi.jpg,1,0,1
RipDetSeg-ss2ok8bxqbhl.jpg,RipDetSeg-dnvfjyb403rd.jpg,1,0,1
RipDetSeg-ctig1exergyv.jpg,RipDetSeg-0zbbpks3zoo0.jpg,1,0,1
RipDetSeg-4m7y0kkjfiez.jpg,RipDetSeg-mob9qpa84a6d.jpg,1,0,1
RipDetSeg-518wreb5p36l.jpg,RipDetSeg-1r7ta329eb2z.jpg,1,0,1
RipDetSeg-x23rh6dothoy.jpg,RipDetSeg-5rjfjvjozeyj.jpg,1,0,1
RipDetSeg-xdp8lgii9ilm.jpg,RipDetSeg-9bxfz1v9hzj4.jpg,1,0,1
RipDetSeg-51qj1sr4xicg.jpg,RipDetSeg-hoprz38825lc.jpg,1,0,1
RipDetSeg-t97c2151g2t7.jpg,RipDetSeg-wdtcr65ww09m.jpg,1,0,1
RipDetSeg-t9t02sxky6wi.jpg,RipDetSeg-n5ivfqaawsty.jpg,1,0,1
RipDetSeg-4ku052zwneo7.jpg,RipDetSeg-a991f2uojhrv.jpg,1,0,1
RipDetSeg-t3ngl3karkmn.jpg,RipDetSeg-39sq9ocjcfxx.jpg,1,0,1
RipDetSeg-4krqlzrtnihb.jpg,RipDetSeg-hvpt0qxawf83.jpg,1,0,1
RipDetSeg-ngvqhhvbcvgq.jpg,RipDetSeg-auj4sl55hz4o.jpg,1,0,1
RipDetSeg-cxhqwvxjjb2o.jpg,RipDetSeg-jy9vk3cn2noh.jpg,1,0,1
RipDetSeg-4mn0k3tjzdl9.jpg,RipDetSeg-1nqdcml5rvni.jpg,1,0,1
RipDetSeg-o3l89l94oh3g.jpg,RipDetSeg-yfq7wyw4ndg6.jpg,1,0,1
RipDetSeg-c3py8vr2qtuw.jpg,RipDetSeg-7ajfn5iimeqo.jpg,1,0,1
RipDetSeg-swzzo4pfdcna.jpg,RipDetSeg-hdx1byyogrxu.jpg,1,0,1
RipDetSeg-t3e0in13yp6n.jpg,RipDetSeg-1gwhplypc26w.jpg,1,0,1
RipDetSeg-c9z5xgvhnmhd.jpg,RipDetSeg-399e6a7rkcqe.jpg,1,0,1
RipDetSeg-4xtida2hbq7x.jpg,RipDetSeg-1lmpydzoxk06.jpg,1,0,1
RipDetSeg-c8yb48umvpi8.jpg,RipDetSeg-a80jp6xn1z91.jpg,1,0,1
RipDetSeg-o2qqtfem9sgh.jpg,RipDetSeg-7vcxf5n9ix4l.jpg,1,0,1
RipDetSeg-o2qa79f41owh.jpg,RipDetSeg-x0g0wusjlig2.jpg,1,0,1
RipDetSeg-c79pvjblm26b.jpg,RipDetSeg-hsi9cv1pedq4.jpg,1,0,1
RipDetSeg-x3ozbvfeilml.jpg,RipDetSeg-3vhi1kd2z1u4.jpg,1,0,1
RipDetSeg-t2ke6mqagx7i.jpg,RipDetSeg-ggdx8faft2um.jpg,1,0,1
RipDetSeg-cb5zp7yeqrvu.jpg,RipDetSeg-g4dqlgwuv00j.jpg,1,0,1
RipDetSeg-4x1t3947ege3.jpg,RipDetSeg-h5n5fcjlidy1.jpg,1,0,1
RipDetSeg-cc2c7txkwpa9.jpg,RipDetSeg-0e1m8foyiyyc.jpg,1,0,1
RipDetSeg-4w1ndspvlgv4.jpg,RipDetSeg-ac0pcowtsysg.jpg,1,0,1
RipDetSeg-ccu05grlazdc.jpg,RipDetSeg-fcurmem2ztgn.jpg,1,0,1
RipDetSeg-4zb703nhp37a.jpg,RipDetSeg-v8lvay39otff.jpg,1,0,1
RipDetSeg-x5q1zdoki1d3.jpg,RipDetSeg-yaxmzwb9hgf8.jpg,1,0,1
RipDetSeg-cd0imeiw0l8x.jpg,RipDetSeg-380k47gsjldj.jpg,1,0,1
RipDetSeg-ksmr58r1p5nd.jpg,RipDetSeg-7kylog3vynnt.jpg,1,0,1
RipDetSeg-4vi5gn4li5ou.jpg,RipDetSeg-c2x945a8d8u2.jpg,1,0,1
RipDetSeg-szvkiinwht94.jpg,RipDetSeg-670zs0a1nwsh.jpg,1,0,1
RipDetSeg-cfd83hse40gl.jpg,RipDetSeg-1uc0p9044y9i.jpg,1,0,1
RipDetSeg-x8g1wj2dyrjv.jpg,RipDetSeg-35uwvjkcij1q.jpg,1,0,1
RipDetSeg-cgmzysgkow2y.jpg,RipDetSeg-3t0esp3xne0p.jpg,1,0,1
RipDetSeg-x31896kuvkbz.jpg,RipDetSeg-7kes2045pg3l.jpg,1,0,1
RipDetSeg-t7allnpu74gq.jpg,RipDetSeg-7b5b25whg2rs.jpg,1,0,1
RipDetSeg-sxd4wdw23wsj.jpg,RipDetSeg-3z2708w0eydw.jpg,1,0,1
RipDetSeg-50n6uica009a.jpg,RipDetSeg-6g7lafyq5s6d.jpg,1,0,1
RipDetSeg-chl0rddlzspb.jpg,RipDetSeg-4a36p4saumt3.jpg,1,0,1
RipDetSeg-sx2rgg0qjy1j.jpg,RipDetSeg-kanbxeffquyv.jpg,1,0,1
RipDetSeg-sqibeaqe2qpj.jpg,RipDetSeg-48q3dfeg3g53.jpg,1,0,1
RipDetSeg-c0v6kz82tupq.jpg,RipDetSeg-3ka1fxsz4z28.jpg,1,0,1
RipDetSeg-kud7mlo3wjpt.jpg,RipDetSeg-42mljzy0vacp.jpg,1,0,1
RipDetSeg-4kivy3rusggp.jpg,RipDetSeg-c95l1tyc4f6c.jpg,1,0,1
RipDetSeg-d4ieh8cirtb2.jpg,RipDetSeg-0uzhbj7x5xw2.jpg,1,0,1
RipDetSeg-535do630r9in.jpg,RipDetSeg-daipiags49v9.jpg,1,0,1
RipDetSeg-d5oaho703zq5.jpg,RipDetSeg-93swp95k3nxi.jpg,1,0,1
RipDetSeg-4d5ybn7orca1.jpg,RipDetSeg-x83kn1g6zfun.jpg,1,0,1
RipDetSeg-4cdlwd0xm0oe.jpg,RipDetSeg-lflaactk0dvm.jpg,1,0,1
RipDetSeg-sj07fwc3eos4.jpg,RipDetSeg-wugwmjg1ru26.jpg,1,0,1
RipDetSeg-wzy8glkxwysm.jpg,RipDetSeg-0b93cfjkqpzt.jpg,1,0,1
RipDetSeg-sij2i4wuskb1.jpg,RipDetSeg-2dfzk0g8e7my.jpg,1,0,1
RipDetSeg-d85cdc878z4p.jpg,RipDetSeg-74jxgjkb307j.jpg,1,0,1
RipDetSeg-d8fglticqvd5.jpg,RipDetSeg-4ki5g7qiifcp.jpg,1,0,1
RipDetSeg-d8jbu4j9r14x.jpg,RipDetSeg-16wk8m1cynun.jpg,1,0,1
RipDetSeg-558vtgxh2hw5.jpg,RipDetSeg-j09z8c7j42y4.jpg,1,0,1
RipDetSeg-shu7auh6klzn.jpg,RipDetSeg-5uh4p8o4wm8u.jpg,1,0,1
RipDetSeg-d9jhybassvu2.jpg,RipDetSeg-28703x2x01pk.jpg,1,0,1
RipDetSeg-o09h6l1np9vr.jpg,RipDetSeg-5qp7drxs7jl0.jpg,1,0,1
RipDetSeg-4asgcwdfgjha.jpg,RipDetSeg-brimbna6lym2.jpg,1,0,1
RipDetSeg-49rqxmntajrq.jpg,RipDetSeg-2w7p7pd58sw2.jpg,1,0,1
RipDetSeg-sgt9d1xjl43m.jpg,RipDetSeg-gxe7a86blzeo.jpg,1,0,1
RipDetSeg-knrvmd0fbx64.jpg,RipDetSeg-3u0aqacpp06q.jpg,1,0,1
RipDetSeg-tc9xfx8ylce6.jpg,RipDetSeg-4ar0ex4bki1g.jpg,1,0,1
RipDetSeg-dc2yu3vmppbx.jpg,RipDetSeg-wfq5a8xqa4x0.jpg,1,0,1
RipDetSeg-48fk10rvjpll.jpg,RipDetSeg-3jagdyyr6mht.jpg,1,0,1
RipDetSeg-xicla3qqk341.jpg,RipDetSeg-imjzfo6ia30z.jpg,1,0,1
RipDetSeg-buzfeo3vrc6q.jpg,RipDetSeg-yxnxi7tt7gqi.jpg,1,0,1
RipDetSeg-senw9a783jiu.jpg,RipDetSeg-ai46447300wn.jpg,1,0,1
RipDetSeg-se2q3k6f3x8x.jpg,RipDetSeg-4ww0cxzejral.jpg,1,0,1
RipDetSeg-kv8aw6wv7eao.jpg,RipDetSeg-6yxvprjvr7tw.jpg,1,0,1
RipDetSeg-ma5nnx8eqvz9.jpg,RipDetSeg-dp1u2e1n45b3.jpg,1,0,1
RipDetSeg-ddltlqp0ye2q.jpg,RipDetSeg-yaxmzwb9hgf8.jpg,1,0,1
RipDetSeg-ddm7u0yt54kb.jpg,RipDetSeg-9bjbyj3t7bar.jpg,1,0,1
RipDetSeg-tc2e28hvr6ax.jpg,RipDetSeg-7shu2419f8zf.jpg,1,0,1
RipDetSeg-sk3wcb4m2wgq.jpg,RipDetSeg-0n2di7udj9ux.jpg,1,0,1
RipDetSeg-sjtp2agf7bkn.jpg,RipDetSeg-2nr1d3mxrhjn.jpg,1,0,1
RipDetSeg-4gyv7nnhg7qp.jpg,RipDetSeg-ciwnhk7c6n5x.jpg,1,0,1
RipDetSeg-53aon7kimmqu.jpg,RipDetSeg-ek7utntlxorn.jpg,1,0,1
RipDetSeg-m8x2y8v5ib3q.jpg,RipDetSeg-e8u4iljtb75k.jpg,1,0,1
RipDetSeg-sptlv5ceggnf.jpg,RipDetSeg-0n9j8nx08ssj.jpg,1,0,1
RipDetSeg-4j81x8jq4bbu.jpg,RipDetSeg-2u6zh6c86g9v.jpg,1,0,1
RipDetSeg-xeajpsft0eu7.jpg,RipDetSeg-c4s52kw47moa.jpg,1,0,1
RipDetSeg-snx6njb14rpw.jpg,RipDetSeg-h01t5d40z45m.jpg,1,0,1
RipDetSeg-m94m6mouj8vs.jpg,RipDetSeg-xo8buq7428qq.jpg,1,0,1
RipDetSeg-4h5q4x4699tx.jpg,RipDetSeg-54p6mwjd42ep.jpg,1,0,1
RipDetSeg-tb6qrtocaefw.jpg,RipDetSeg-zmgifj15h5i7.jpg,1,0,1
RipDetSeg-tbeucn8ua2hu.jpg,RipDetSeg-3qy9rjc6nxcb.jpg,1,0,1
RipDetSeg-54sk400yulk4.jpg,RipDetSeg-aj863n61xnoy.jpg,1,0,1
RipDetSeg-bxcqswjq7ed3.jpg,RipDetSeg-tq8esjqec5dh.jpg,1,0,1
RipDetSeg-x04wfpkypmof.jpg,RipDetSeg-8imzxohxqg6g.jpg,1,0,1
RipDetSeg-o5uqrev8f90q.jpg,RipDetSeg-44uznsz643mo.jpg,1,0,1
RipDetSeg-d2ecv9bl28xx.jpg,RipDetSeg-5vddrpgfwwi3.jpg,1,0,1
RipDetSeg-kt035oj68ibz.jpg,RipDetSeg-4a73bug2ytcj.jpg,1,0,1
RipDetSeg-d32qtu7dkdz4.jpg,RipDetSeg-3pomjv75phzp.jpg,1,0,1
RipDetSeg-d2fdk5320o7o.jpg,RipDetSeg-svxkyo7bmvkw.jpg,1,0,1
RipDetSeg-ko2e4lfbih1w.jpg,RipDetSeg-3m1raz93qsdp.jpg,1,0,1
RipDetSeg-xgaktjsi8cfm.jpg,RipDetSeg-vdg2dkzticbt.jpg,1,0,1
RipDetSeg-xguufbdktfdb.jpg,RipDetSeg-6jw9nqdldz4t.jpg,1,0,1
RipDetSeg-skkg0omaveqh.jpg,RipDetSeg-8cl38helcx8f.jpg,1,0,1
RipDetSeg-d3jmiwdxo2ze.jpg,RipDetSeg-0fquaa73c6i9.jpg,1,0,1
RipDetSeg-o2isaidvxrg4.jpg,RipDetSeg-sxbui1o6yq9f.jpg,2,2,2
RipDetSeg-nrivrj90m5yq.jpg,RipDetSeg-c43bsjdbuik7.jpg,2,0,2
RipDetSeg-n7f9892man68.jpg,RipDetSeg-nc5ou0qjrsyl.jpg,1,2,2
RipDetSeg-o0nhvs6pjqvs.jpg,RipDetSeg-fbcgerrx728u.jpg,0,2,2
RipDetSeg-nh5m1vj4ytim.jpg,RipDetSeg-0ndfqbudxcq8.jpg,0,2,2
RipDetSeg-nr38ade280eg.jpg,RipDetSeg-spdd7g4zyrc7.jpg,2,0,2
RipDetSeg-n2ukxwedewo7.jpg,RipDetSeg-vmgcwshnmulf.jpg,1,2,2
RipDetSeg-nys5rhjuotmu.jpg,RipDetSeg-d4x8oqojkx04.jpg,0,2,2
RipDetSeg-ogsfkkf3tt33.jpg,RipDetSeg-dsfu755n0d38.jpg,2,0,2
RipDetSeg-oarv5951pf5e.jpg,RipDetSeg-g7jcfvr3xhz1.jpg,0,2,2
RipDetSeg-n8usgcy4355i.jpg,RipDetSeg-0ytsz1l3lnvu.jpg,2,0,2
RipDetSeg-nz4cheyxdjg0.jpg,RipDetSeg-loravw7hhb03.jpg,2,0,2
RipDetSeg-ninf0bg93b8n.jpg,RipDetSeg-d91009vh6pmg.jpg,2,0,2
RipDetSeg-oi5vvyd0kiwx.jpg,RipDetSeg-2bea5iik5qsd.jpg,1,2,2
RipDetSeg-ni4rdhaws4t3.jpg,RipDetSeg-1k7sgpjgdvn0.jpg,1,2,2
RipDetSeg-oabih3luamjb.jpg,RipDetSeg-q9ofxfugi60n.jpg,1,2,2
RipDetSeg-nyikc1qcsq6n.jpg,RipDetSeg-1dmz4w49ledw.jpg,1,2,2
RipDetSeg-op3321cq0n16.jpg,RipDetSeg-zbvqgrlsb3dh.jpg,0,2,2
RipDetSeg-nzd5m585kxyj.jpg,RipDetSeg-s218765p9dwz.jpg,2,2,2
RipDetSeg-nrvdtrlrxkej.jpg,RipDetSeg-3moxti2etdwo.jpg,2,0,2
RipDetSeg-nhf47mjx52ud.jpg,RipDetSeg-7e1avbha62pu.jpg,1,2,2
RipDetSeg-ofewyk6qazd6.jpg,RipDetSeg-81y0bnyzxe34.jpg,1,2,2
RipDetSeg-nsnm9bangtzq.jpg,RipDetSeg-3naguu1njuvh.jpg,2,2,2
RipDetSeg-oceckn5tzhc4.jpg,RipDetSeg-et7gh1emnwte.jpg,2,0,2
RipDetSeg-nji5hozxo2co.jpg,RipDetSeg-c1w3fcsdf5dc.jpg,1,2,2
RipDetSeg-o4vlnec4cnlh.jpg,RipDetSeg-g1k3h64t34pv.jpg,2,0,2
RipDetSeg-ndq9j8z7xcf8.jpg,RipDetSeg-o7f04yy35owp.jpg,1,2,2
RipDetSeg-o7k8kdlpexbd.jpg,RipDetSeg-nyzai193fcfp.jpg,2,2,2
RipDetSeg-ndsnyqzu99qy.jpg,RipDetSeg-6p2ctk3yqllo.jpg,1,2,2
RipDetSeg-n6wzit3noteq.jpg,RipDetSeg-ahetlybg3p9i.jpg,1,2,2
RipDetSeg-oe3x41pgi8o2.jpg,RipDetSeg-df86c1sl9vm1.jpg,2,0,2
RipDetSeg-njjduzlkvpoz.jpg,RipDetSeg-alzb14q2yej7.jpg,2,0,2
RipDetSeg-nn5lt22irw0t.jpg,RipDetSeg-jnggb3jb5x1s.jpg,2,0,2
RipDetSeg-ojlufzhrwpgx.jpg,RipDetSeg-1elkmw9e8xy9.jpg,0,2,2
RipDetSeg-nnk1gow724x8.jpg,RipDetSeg-y0znpwakx64z.jpg,2,0,2
RipDetSeg-necr63jslmtz.jpg,RipDetSeg-axyw536vff9m.jpg,1,2,2
RipDetSeg-nmkzbc0c07vq.jpg,RipDetSeg-5sozffajoite.jpg,0,2,2
RipDetSeg-nbgu39o82jze.jpg,RipDetSeg-3dqzwjpzoo4w.jpg,2,2,2
RipDetSeg-nan24lw8pp2a.jpg,RipDetSeg-m8x59cg12z7q.jpg,2,2,2
RipDetSeg-nbbfdh0dlqrw.jpg,RipDetSeg-54p6mwjd42ep.jpg,0,2,2
RipDetSeg-ok44xwsvwm4z.jpg,RipDetSeg-r1gi2q1ycn7v.jpg,0,2,2
RipDetSeg-o6kpmpkovq14.jpg,RipDetSeg-4ukxoqoe6f0a.jpg,2,2,2
RipDetSeg-nw931hhwe2u0.jpg,RipDetSeg-gayb29ggyky1.jpg,1,2,2
RipDetSeg-nw4bvbpmitr7.jpg,RipDetSeg-l4ontr8o5aij.jpg,0,2,2
RipDetSeg-nvp9vwlrp98a.jpg,RipDetSeg-d2c8hmdxzcre.jpg,1,2,2
RipDetSeg-o6ak3957x2kp.jpg,RipDetSeg-ipgk59w0j9ij.jpg,0,2,2
RipDetSeg-nv8wowoi01h2.jpg,RipDetSeg-s7p8tjsowhj4.jpg,0,2,2
RipDetSeg-nk57baa07g9q.jpg,RipDetSeg-pnexhy4c6m7m.jpg,0,2,2
RipDetSeg-ob8gaekie9xo.jpg,RipDetSeg-hdi66obu4p10.jpg,1,2,2
RipDetSeg-ntkqjow3kv81.jpg,RipDetSeg-0jlnp46el7xx.jpg,2,0,2
RipDetSeg-oluqdkjbeacv.jpg,RipDetSeg-abju9r1rcsyq.jpg,2,2,2
RipDetSeg-nxyfac4wwt6q.jpg,RipDetSeg-3eiooun5j3p0.jpg,2,0,2
RipDetSeg-nquftm8d5qno.jpg,RipDetSeg-dk6uuluefjo9.jpg,2,2,2
RipDetSeg-o9ba5vb0t6es.jpg,RipDetSeg-ma7vtgy0u78p.jpg,0,2,2
RipDetSeg-o8z5epirzske.jpg,RipDetSeg-10ti3e2l3mix.jpg,2,2,2
RipDetSeg-o8wonee2utbh.jpg,RipDetSeg-8h187pcu8o4k.jpg,2,2,2
RipDetSeg-obblz0xxlzbu.jpg,RipDetSeg-5itfsv4ekyr0.jpg,1,2,2
RipDetSeg-obj1ytbxn1g8.jpg,RipDetSeg-eibghoepwmut.jpg,0,2,2
RipDetSeg-n3hh9poow9rr.jpg,RipDetSeg-zfejuk7hqi2w.jpg,1,2,2
RipDetSeg-ngene1i6wnoj.jpg,RipDetSeg-3wo6sjv6qsjm.jpg,2,0,2
RipDetSeg-ofmnixxfhpol.jpg,RipDetSeg-0klfvd85eb58.jpg,2,2,2
RipDetSeg-npr2oiwwafip.jpg,RipDetSeg-6i3agzo0bghc.jpg,1,2,2
RipDetSeg-nwg2a2stxgev.jpg,RipDetSeg-ewlkri0gscea.jpg,0,2,2
RipDetSeg-o8l58xt7x2kf.jpg,RipDetSeg-4shdn3bmrlz0.jpg,0,2,2
RipDetSeg-nso4e0gfjgxd.jpg,RipDetSeg-2dp6379lu1ou.jpg,2,0,2
RipDetSeg-oiemwdxqklqf.jpg,RipDetSeg-bfn4zontdn7m.jpg,1,2,2
RipDetSeg-nov592dkt9og.jpg,RipDetSeg-r9q3cf1gscdi.jpg,2,0,2
RipDetSeg-n7bf6z7aylum.jpg,RipDetSeg-e7to4kildsk1.jpg,1,2,2
RipDetSeg-nfwrujguaizq.jpg,RipDetSeg-736ih700cqjx.jpg,1,2,2
RipDetSeg-n4emal7403nr.jpg,RipDetSeg-e8cce6ffa77k.jpg,0,2,2
RipDetSeg-nfts57091vku.jpg,RipDetSeg-4l1oq8olqic5.jpg,0,2,2
RipDetSeg-o3nwb529u17d.jpg,RipDetSeg-aigt8s0ihe00.jpg,1,2,2
RipDetSeg-olwxmlzvdapp.jpg,RipDetSeg-wori0qveaj8e.jpg,1,2,2
RipDetSeg-n54qkd3x2m7h.jpg,RipDetSeg-bbkkgcoocg2z.jpg,0,2,2
RipDetSeg-nf498a5qnbbf.jpg,RipDetSeg-4irzb04xt49r.jpg,2,0,2
RipDetSeg-np3116xu8tkp.jpg,RipDetSeg-0nzpxa332uix.jpg,2,0,2
RipDetSeg-o6m91k45ag8x.jpg,RipDetSeg-bq37790qak3f.jpg,2,2,2
RipDetSeg-00ltvhv9jjtq.jpg,RipDetSeg-p55ful4wt01g.jpg,2,0,2
RipDetSeg-oq9o1kzm9y2g.jpg,RipDetSeg-99ap3rhuyk2v.jpg,2,0,2
RipDetSeg-wdlwg8tcixsd.jpg,RipDetSeg-qog18yhmvesz.jpg,0,2,2
RipDetSeg-wd23sw40i8ga.jpg,RipDetSeg-ka8fvcjcasjf.jpg,0,2,2
RipDetSeg-wbivjhjw2s86.jpg,RipDetSeg-q1bf4li0guai.jpg,1,2,2
RipDetSeg-wa4hp712axqp.jpg,RipDetSeg-67dbkdyn4483.jpg,2,2,2
RipDetSeg-w9rlz5awxzu1.jpg,RipDetSeg-p8lgwbv9q13m.jpg,0,2,2
RipDetSeg-w81ta58m905s.jpg,RipDetSeg-lckvq6gvkaxd.jpg,1,2,2
RipDetSeg-w7ly0o0mwxzv.jpg,RipDetSeg-3uqn5w00379h.jpg,0,2,2
RipDetSeg-w7ghz10mjn56.jpg,RipDetSeg-8e4o3x91f19u.jpg,1,2,2
RipDetSeg-w5bcdhy08uck.jpg,RipDetSeg-7vcxf5n9ix4l.jpg,2,2,2
RipDetSeg-w2ic0lt4kfnd.jpg,RipDetSeg-kj4v9jj8hdpd.jpg,2,2,2
RipDetSeg-w15osikz9all.jpg,RipDetSeg-boh325tl1qzm.jpg,1,2,2
RipDetSeg-w0cefudt09rm.jpg,RipDetSeg-hcjaoxvzd9ht.jpg,1,2,2
RipDetSeg-wehbfexb2u2e.jpg,RipDetSeg-ixor82c4dvxo.jpg,2,0,2
RipDetSeg-vzjieglrd73a.jpg,RipDetSeg-9uirtgxy3q4n.jpg,0,2,2
RipDetSeg-vy5fgsjn279r.jpg,RipDetSeg-tws8cmudit2y.jpg,0,2,2
RipDetSeg-vy1rs5ww70zk.jpg,RipDetSeg-i2cx5lq511a5.jpg,0,2,2
RipDetSeg-vxnoh71svr24.jpg,RipDetSeg-8oisc5096vou.jpg,0,2,2
RipDetSeg-vxl02lb7da5s.jpg,RipDetSeg-286hvgx4dy4m.jpg,2,0,2
RipDetSeg-vwpmu3kucaqb.jpg,RipDetSeg-9q4xfbysaa93.jpg,1,2,2
RipDetSeg-vwowwvdaste2.jpg,RipDetSeg-hsku3whkl2ah.jpg,0,2,2
RipDetSeg-vwjt4mmb3o1t.jpg,RipDetSeg-8onpyk1ealf6.jpg,0,2,2
RipDetSeg-vvc23zgfpv9p.jpg,RipDetSeg-xjoykqwe7k6k.jpg,1,2,2
RipDetSeg-vukjyqmsqccj.jpg,RipDetSeg-okgythcmuxnn.jpg,2,0,2
RipDetSeg-vuck2gqaazgs.jpg,RipDetSeg-a8fjhnausgi8.jpg,2,2,2
RipDetSeg-vt2y7pkh2l1j.jpg,RipDetSeg-gv87ndx12kaj.jpg,0,2,2
RipDetSeg-vspjfn75n8iu.jpg,RipDetSeg-yq7k0rdq0lpj.jpg,2,2,2
RipDetSeg-vz93urkj1r4r.jpg,RipDetSeg-7ymbwdvslfif.jpg,1,2,2
RipDetSeg-wezpmmybhpow.jpg,RipDetSeg-02l7oewatoj9.jpg,0,2,2
RipDetSeg-wgcilc4j1p0c.jpg,RipDetSeg-cvdof60gay0f.jpg,0,2,2
RipDetSeg-wh6jrwkkfs3f.jpg,RipDetSeg-63o96fvptzl7.jpg,1,2,2
RipDetSeg-x3btf4wmkh0v.jpg,RipDetSeg-c0x15msyujon.jpg,0,2,2
RipDetSeg-x1vex94hgdwb.jpg,RipDetSeg-7l2ef7szhz70.jpg,0,2,2
RipDetSeg-x0ngfm87x13v.jpg,RipDetSeg-wguxov37fwwq.jpg,1,2,2
RipDetSeg-wzvzzqe2v72y.jpg,RipDetSeg-62sjxkyjjx3v.jpg,0,2,2
RipDetSeg-wyasyy3s6h3d.jpg,RipDetSeg-b85zz7vayphl.jpg,1,2,2
RipDetSeg-wy8yg00gmyhl.jpg,RipDetSeg-1imvyx9fahcj.jpg,2,0,2
RipDetSeg-wxvb65ztab9i.jpg,RipDetSeg-59sob2ijn3o6.jpg,2,2,2
RipDetSeg-wwhy50lwej7j.jpg,RipDetSeg-abdn0w1vbpt8.jpg,1,2,2
RipDetSeg-ww4t0jr6gemy.jpg,RipDetSeg-j7uhl5zebdsj.jpg,1,2,2
RipDetSeg-wvhxe9fx0zvb.jpg,RipDetSeg-gzw48i1fpsj1.jpg,1,2,2
RipDetSeg-wuyro0a30k4a.jpg,RipDetSeg-e27be3anurty.jpg,1,2,2
RipDetSeg-wudrofglcwya.jpg,RipDetSeg-8cj2bxi6q9z1.jpg,2,0,2
RipDetSeg-wti7zvxjw589.jpg,RipDetSeg-bqt28sowcnsa.jpg,1,2,2
RipDetSeg-wtd2t0wc5hmh.jpg,RipDetSeg-471bnabl9wfi.jpg,2,0,2
RipDetSeg-wszv8a1mrsxl.jpg,RipDetSeg-0slapyhj0lfq.jpg,0,2,2
RipDetSeg-wst5fh6d3h1x.jpg,RipDetSeg-e7n3v9hw044k.jpg,2,0,2
RipDetSeg-wqkigjnjaz5u.jpg,RipDetSeg-fyn9pkcrymm2.jpg,2,2,2
RipDetSeg-wqaouailewdc.jpg,RipDetSeg-72m43d572n37.jpg,0,2,2
RipDetSeg-wodkj7u9mxi0.jpg,RipDetSeg-t0uuh2yz8tdd.jpg,0,2,2
RipDetSeg-wnu3n10c98av.jpg,RipDetSeg-5mbqr92otzsz.jpg,2,2,2
RipDetSeg-wn1yljga54h5.jpg,RipDetSeg-fh65y1o16vca.jpg,2,0,2
RipDetSeg-wmi2zfsifs8w.jpg,RipDetSeg-mejvahkxw03f.jpg,2,2,2
RipDetSeg-wmeoa77fzaqn.jpg,RipDetSeg-se7xjnc48wm6.jpg,1,2,2
RipDetSeg-wlqaxuzrrhtd.jpg,RipDetSeg-pwecvvd5oep9.jpg,1,2,2
RipDetSeg-wl2xsam87qfn.jpg,RipDetSeg-h6v2x4l5vy00.jpg,0,2,2
RipDetSeg-wjnvqdi4fl7j.jpg,RipDetSeg-d93r6xsogd03.jpg,2,2,2
RipDetSeg-wi5c9hxb4rjn.jpg,RipDetSeg-37nnnaqc3gdx.jpg,0,2,2
RipDetSeg-vsngm6tojdg2.jpg,RipDetSeg-6gj35fzobaii.jpg,2,0,2
RipDetSeg-x5rdf8lhohzq.jpg,RipDetSeg-24k3syj6k9qu.jpg,0,2,2
RipDetSeg-vsmpu8treew7.jpg,RipDetSeg-a04r6rzruehv.jpg,1,2,2
RipDetSeg-vsceyf18ubqm.jpg,RipDetSeg-wwa911d52dec.jpg,1,2,2
RipDetSeg-v7l8yirmhuvf.jpg,RipDetSeg-cvdof60gay0f.jpg,0,2,2
RipDetSeg-v7i3woi3y0ij.jpg,RipDetSeg-0e8r7afcyapq.jpg,1,2,2
RipDetSeg-v6sfmg9kx3tw.jpg,RipDetSeg-q22okvmyp3op.jpg,2,0,2
RipDetSeg-v57rpmja60gb.jpg,RipDetSeg-ut51qkzkxg9m.jpg,0,2,2
RipDetSeg-v4n1mkuh57n0.jpg,RipDetSeg-ig9zhqy6oftp.jpg,2,0,2
RipDetSeg-v4j9fw9acoce.jpg,RipDetSeg-t4me69mz7xnp.jpg,0,2,2
RipDetSeg-v453hutxu9j6.jpg,RipDetSeg-5eizemxs1i9g.jpg,0,2,2
RipDetSeg-v43ryn85xdkt.jpg,RipDetSeg-878limal5i12.jpg,2,2,2
RipDetSeg-v2673p4ruw3w.jpg,RipDetSeg-tfebjzaoggb5.jpg,2,0,2
RipDetSeg-v1qjbr4m2fts.jpg,RipDetSeg-43fdmvghvseh.jpg,2,0,2
RipDetSeg-v1nwd3hy3ler.jpg,RipDetSeg-uyqno3kqjm0e.jpg,2,0,2
RipDetSeg-v1com54mf332.jpg,RipDetSeg-5ty28ecu1krl.jpg,2,0,2
RipDetSeg-v830fknfu9ea.jpg,RipDetSeg-2t4elnihae94.jpg,2,0,2
RipDetSeg-v007tznsde8k.jpg,RipDetSeg-ue3ktmc6e6vp.jpg,2,2,2
RipDetSeg-uz6saepblqc2.jpg,RipDetSeg-5hzvr7v66xds.jpg,0,2,2
RipDetSeg-uz5o0iktomzr.jpg,RipDetSeg-t8m2znbj0z5j.jpg,2,0,2
RipDetSeg-uyl15oxh2cvp.jpg,RipDetSeg-sjag27xnpuvh.jpg,1,2,2
RipDetSeg-uy0hhu37uaul.jpg,RipDetSeg-2yzq65kr1iye.jpg,2,0,2
RipDetSeg-ux7snecalmf1.jpg,RipDetSeg-sajannswv5k5.jpg,2,2,2
RipDetSeg-uwa9jfy4epfy.jpg,RipDetSeg-aoxwc4ub6wzo.jpg,1,2,2
RipDetSeg-uw0otryp4qh0.jpg,RipDetSeg-4mb7hcpe5ufs.jpg,0,2,2
RipDetSeg-uvuaud2iq34s.jpg,RipDetSeg-bzjeonsvuwht.jpg,0,2,2
RipDetSeg-uvnjw7ipqj5o.jpg,RipDetSeg-xjgciod4bp7b.jpg,0,2,2
RipDetSeg-uviq9zzyema6.jpg,RipDetSeg-7fc7xh2mto10.jpg,2,0,2
RipDetSeg-uv9mwobe07ar.jpg,RipDetSeg-hsln3h2bdgub.jpg,2,2,2
RipDetSeg-uv6llyrmhj5y.jpg,RipDetSeg-xljsojjmwwva.jpg,1,2,2
RipDetSeg-uzakqo0wgjgr.jpg,RipDetSeg-481e5m1l4b7s.jpg,2,0,2
RipDetSeg-v8dxpqrsoplb.jpg,RipDetSeg-4fmefgz3xxmq.jpg,1,2,2
RipDetSeg-v984wzhriftf.jpg,RipDetSeg-o14k7aj3m321.jpg,1,2,2
RipDetSeg-v9kmfkzfdav5.jpg,RipDetSeg-yp4rl5mp5rz1.jpg,2,0,2
RipDetSeg-vryv0rz56uel.jpg,RipDetSeg-12cxfs267ozn.jpg,2,2,2
RipDetSeg-vr904s2s924o.jpg,RipDetSeg-98xm1zsffidu.jpg,1,2,2
RipDetSeg-vqjjgyvuexlf.jpg,RipDetSeg-4nnb2df1jh8o.jpg,2,2,2
RipDetSeg-vq5zoebs2hs8.jpg,RipDetSeg-g5iwzt97l2l1.jpg,2,0,2
RipDetSeg-vq5tae6b9h59.jpg,RipDetSeg-eztdjanz0kfn.jpg,0,2,2
RipDetSeg-voqmle8qok7w.jpg,RipDetSeg-dindqqqlt4qn.jpg,2,0,2
RipDetSeg-vomdpgrlqt97.jpg,RipDetSeg-7l2ef7szhz70.jpg,1,2,2
RipDetSeg-voh7me1sl6q9.jpg,RipDetSeg-d260g9htflfd.jpg,1,2,2
RipDetSeg-vnxas76oxsq6.jpg,RipDetSeg-6dzu2s88r65w.jpg,1,2,2
RipDetSeg-vnm6unv6vd9h.jpg,RipDetSeg-6gefdnmomilg.jpg,1,2,2
RipDetSeg-vn9utuskqzov.jpg,RipDetSeg-o14k7aj3m321.jpg,2,0,2
RipDetSeg-vkvb4dvxrx2x.jpg,RipDetSeg-am26taq5e5ki.jpg,1,2,2
RipDetSeg-vkgc3pmcsuqt.jpg,RipDetSeg-96vwi2s16h9c.jpg,1,2,2
RipDetSeg-vkbtdd73h5jc.jpg,RipDetSeg-25gs5mtzi9bx.jpg,0,2,2
RipDetSeg-vjtj6hdhbig1.jpg,RipDetSeg-4jasvjxf0uud.jpg,1,2,2
RipDetSeg-vibgh28pfwyf.jpg,RipDetSeg-6pd5rh125jdx.jpg,1,2,2
RipDetSeg-vhdpcnw9i0im.jpg,RipDetSeg-mdprxcq6rpfp.jpg,2,2,2
RipDetSeg-vebt6bsywyih.jpg,RipDetSeg-s1o138jb5788.jpg,0,2,2
RipDetSeg-ve7ucnicd5fs.jpg,RipDetSeg-ace0cgosfynv.jpg,1,2,2
RipDetSeg-ve3khafw4yaz.jpg,RipDetSeg-pwansl5npwfj.jpg,0,2,2
RipDetSeg-vczjm642d665.jpg,RipDetSeg-ylqmkxxak0vn.jpg,2,0,2
RipDetSeg-vcja5ytajacy.jpg,RipDetSeg-ihth1z0x1g7u.jpg,2,0,2
RipDetSeg-vcb259nn81vq.jpg,RipDetSeg-pn6une43d7tz.jpg,2,2,2
RipDetSeg-vbxr3l79n86t.jpg,RipDetSeg-5b7pcw2o9ugi.jpg,0,2,2
RipDetSeg-vbv2oxxjvq0u.jpg,RipDetSeg-9n4lwfynnnj4.jpg,0,2,2
RipDetSeg-vbds50m71fvy.jpg,RipDetSeg-414i42kfejtt.jpg,2,2,2
RipDetSeg-va1pr0qm1q5g.jpg,RipDetSeg-mp39uasb72hm.jpg,1,2,2
RipDetSeg-vsh2y0b97rxk.jpg,RipDetSeg-nnalfewk1lzv.jpg,2,0,2
RipDetSeg-uua9w1f0mpr7.jpg,RipDetSeg-fx9mr34h791z.jpg,2,2,2
RipDetSeg-x9edn9t6wl17.jpg,RipDetSeg-lzjg0hdgwguf.jpg,1,2,2
RipDetSeg-xaxs0zubbtyd.jpg,RipDetSeg-khn2wgiw3q2h.jpg,1,2,2
RipDetSeg-zdmn1phss57i.jpg,RipDetSeg-rd6k4jwsjqcn.jpg,2,2,2
RipDetSeg-zdi49djyw6n2.jpg,RipDetSeg-85bx33kcsfad.jpg,2,2,2
RipDetSeg-zc5b6kf7u8jj.jpg,RipDetSeg-lyo2bt87glxd.jpg,0,2,2
RipDetSeg-zbmeer7cuoiy.jpg,RipDetSeg-xmlliny896yx.jpg,1,2,2
RipDetSeg-z9qg5lk0quc1.jpg,RipDetSeg-uxgf4l7b1ojy.jpg,2,0,2
RipDetSeg-z9k7hh3tx6rw.jpg,RipDetSeg-7jta8wfubo8d.jpg,0,2,2
RipDetSeg-z6t59mdtfbkn.jpg,RipDetSeg-95s7mscjvbvc.jpg,2,0,2
RipDetSeg-z57wjidzr8ar.jpg,RipDetSeg-6ffq83x06gk6.jpg,0,2,2
RipDetSeg-z47o5iwonhca.jpg,RipDetSeg-i90unpqp1heq.jpg,2,0,2
RipDetSeg-z3vfsha6yfci.jpg,RipDetSeg-rpyxtfnfyow0.jpg,2,0,2
RipDetSeg-z34ug8lgp5ao.jpg,RipDetSeg-he4iuxcn7xkv.jpg,0,2,2
RipDetSeg-z2su5f5osbt1.jpg,RipDetSeg-cx0p5e2pngj4.jpg,0,2,2
RipDetSeg-ze0n8x3rbpp2.jpg,RipDetSeg-1lwxi6k9hg1c.jpg,0,2,2
RipDetSeg-z2iizna2us6h.jpg,RipDetSeg-bz4yvs1yoo67.jpg,2,2,2
RipDetSeg-z154l7wm2w5r.jpg,RipDetSeg-6dmzmoljoivv.jpg,1,2,2
RipDetSeg-yzr7s3uezh7e.jpg,RipDetSeg-jstz1a95n4o8.jpg,2,0,2
RipDetSeg-yzmennopnkyp.jpg,RipDetSeg-zyo41u52pj88.jpg,2,0,2
RipDetSeg-yz4ytijyclik.jpg,RipDetSeg-o8zi1wgo77s8.jpg,0,2,2
RipDetSeg-yxiuof25zwq5.jpg,RipDetSeg-ejgtsp7je1zq.jpg,1,2,2
RipDetSeg-yxinb5ofs3dk.jpg,RipDetSeg-cxej5miy6xn5.jpg,0,2,2
RipDetSeg-ywmudgkpe98o.jpg,RipDetSeg-5o5zculf4qzz.jpg,1,2,2
RipDetSeg-ywikmfka1xib.jpg,RipDetSeg-b6j9p38c6997.jpg,2,0,2
RipDetSeg-ywd5h22ogqk9.jpg,RipDetSeg-5tcrskvgvk12.jpg,0,2,2
RipDetSeg-yv1es48kfuyo.jpg,RipDetSeg-19b7tvexdrz7.jpg,0,2,2
RipDetSeg-yuydb7gsy6wh.jpg,RipDetSeg-zguat0pq3m2q.jpg,2,0,2
RipDetSeg-ytkf7p3rkn47.jpg,RipDetSeg-eji39o9fujcg.jpg,2,2,2
RipDetSeg-z270j8wykpu0.jpg,RipDetSeg-tplfakfbqhuh.jpg,1,2,2
RipDetSeg-ze7x8ax2n3tx.jpg,RipDetSeg-58aqzdqb734l.jpg,1,2,2
RipDetSeg-zfjba4udsrnx.jpg,RipDetSeg-bj04zj5adn7h.jpg,1,2,2
RipDetSeg-zfwn9ajqxxzt.jpg,RipDetSeg-ahfaiib2malg.jpg,0,2,2
RipDetSeg-zy2c54bqfu54.jpg,RipDetSeg-4ddobqlxz2pi.jpg,0,2,2
RipDetSeg-zxt10y4vn21e.jpg,RipDetSeg-9hyo7gdj4kqz.jpg,2,0,2
RipDetSeg-zxcaj3qe8sf3.jpg,RipDetSeg-vkjkinpxkx3m.jpg,1,2,2
RipDetSeg-zxaxw4xwsdbt.jpg,RipDetSeg-cxej5miy6xn5.jpg,0,2,2
RipDetSeg-zwyx9uk6n4rd.jpg,RipDetSeg-zmgyio35ap1c.jpg,2,0,2
RipDetSeg-zwqgvabzakyr.jpg,RipDetSeg-e9g0lm4xz2l4.jpg,0,2,2
RipDetSeg-zvm2o0lw9452.jpg,RipDetSeg-cfhommn3xn17.jpg,1,2,2
RipDetSeg-zumte2fkfcx8.jpg,RipDetSeg-ii4x194t00h8.jpg,1,2,2
RipDetSeg-zsnl9fqqkp6e.jpg,RipDetSeg-5s9vl0bkreax.jpg,1,2,2
RipDetSeg-zsmsmqpod3zk.jpg,RipDetSeg-1cb5cvistcgr.jpg,1,2,2
RipDetSeg-zsgq7v2ccqw2.jpg,RipDetSeg-unx25or1f3zf.jpg,2,0,2
RipDetSeg-zsg39701lfie.jpg,RipDetSeg-k9x910lobnn2.jpg,1,2,2
RipDetSeg-zrin9m9gcd0h.jpg,RipDetSeg-08ptjvocxtiv.jpg,2,0,2
RipDetSeg-zrilqwv0wfvj.jpg,RipDetSeg-2yf79f6aq72k.jpg,0,2,2
RipDetSeg-zr7y8r5of3e7.jpg,RipDetSeg-b8ov9jceb0pw.jpg,0,2,2
RipDetSeg-zqj00khhwrph.jpg,RipDetSeg-7wtrfoxbgd25.jpg,2,0,2
RipDetSeg-zqfkjzofenbb.jpg,RipDetSeg-lknf9y5fbbuj.jpg,1,2,2
RipDetSeg-zqct5hqru7hv.jpg,RipDetSeg-0k7ovnlbsl3l.jpg,1,2,2
RipDetSeg-zq6de6jnnb3k.jpg,RipDetSeg-2lwponiuyjic.jpg,1,2,2
RipDetSeg-zpd80sq2tqi6.jpg,RipDetSeg-g0rasc4tdf4i.jpg,0,2,2
RipDetSeg-zp6vyfv7cn8k.jpg,RipDetSeg-o7k4iklce0i1.jpg,2,2,2
RipDetSeg-zndz9rwtkmlw.jpg,RipDetSeg-oljwge02geb0.jpg,0,2,2
RipDetSeg-zmq5bjismcbk.jpg,RipDetSeg-zhu5wd5yn15n.jpg,2,2,2
RipDetSeg-zlytfhchnpde.jpg,RipDetSeg-4m1qb71rtl9o.jpg,1,2,2
RipDetSeg-zk9ajbhjjpsb.jpg,RipDetSeg-bzjeonsvuwht.jpg,0,2,2
RipDetSeg-zjvnfbzgieil.jpg,RipDetSeg-wd01795w74ox.jpg,0,2,2
RipDetSeg-zhtprwzfl92x.jpg,RipDetSeg-my2sg346wxp2.jpg,1,2,2
RipDetSeg-yt4afg5lgbtu.jpg,RipDetSeg-lzu6ad5dh9kz.jpg,0,2,2
RipDetSeg-xak1pelgbq2x.jpg,RipDetSeg-3yrptf7v8epw.jpg,1,2,2
RipDetSeg-ysxes5oy7vwz.jpg,RipDetSeg-56gzjh279jnj.jpg,2,0,2
RipDetSeg-yosr1t1m0kb9.jpg,RipDetSeg-zzuoz1grliw4.jpg,2,2,2
RipDetSeg-xw38pytllp6r.jpg,RipDetSeg-44ima1yw1sy9.jpg,1,2,2
RipDetSeg-xvs8i1jdtbnh.jpg,RipDetSeg-8lsvq2wo87dz.jpg,2,0,2
RipDetSeg-xu03ej84daq6.jpg,RipDetSeg-rymbrb7qhor1.jpg,0,2,2
RipDetSeg-xts6e29wa9fc.jpg,RipDetSeg-tb8ceuxcn3ht.jpg,1,2,2
RipDetSeg-xt9xjy78us3j.jpg,RipDetSeg-xz6srw82wdc8.jpg,2,0,2
RipDetSeg-xsgs4mt6jrij.jpg,RipDetSeg-9hxqqxqgtyej.jpg,1,2,2
RipDetSeg-xrv6znbbmyhl.jpg,RipDetSeg-1oefusouf6s4.jpg,2,2,2
RipDetSeg-xpredp1fzvxm.jpg,RipDetSeg-nrd4d65b7ob7.jpg,1,2,2
RipDetSeg-xnyjbnzjvzyr.jpg,RipDetSeg-90lww8btk7v0.jpg,0,2,2
RipDetSeg-xnqhvq914s5q.jpg,RipDetSeg-624zezvgvzpf.jpg,2,0,2
RipDetSeg-xnn4gjnu2q53.jpg,RipDetSeg-odm5shd5kk7i.jpg,0,2,2
RipDetSeg-xnl2szfj0hcf.jpg,RipDetSeg-2w44x4vb2v3w.jpg,0,2,2
RipDetSeg-xw395us3d3sn.jpg,RipDetSeg-5b51ymp4gav3.jpg,0,2,2
RipDetSeg-xmuurksrtdmx.jpg,RipDetSeg-9hp6vha64m16.jpg,0,2,2
RipDetSeg-xjriynkkqqgm.jpg,RipDetSeg-96n1tsjqpy7x.jpg,0,2,2
RipDetSeg-xjj4u3glqejb.jpg,RipDetSeg-069moi4963zo.jpg,0,2,2
RipDetSeg-xim2ebske5b2.jpg,RipDetSeg-btpxlmo0kay2.jpg,2,0,2
RipDetSeg-xfiu6gso82xc.jpg,RipDetSeg-fevpj7rkxcvg.jpg,2,0,2
RipDetSeg-xf1yq9zqnt3b.jpg,RipDetSeg-0rgd097k62sg.jpg,2,2,2
RipDetSeg-xecdu4vytjcm.jpg,RipDetSeg-bfsq8hvrj1ct.jpg,1,2,2
RipDetSeg-xea1yf5lg7pr.jpg,RipDetSeg-70ztd2rw28oc.jpg,1,2,2
RipDetSeg-xe7xw8tf0b7l.jpg,RipDetSeg-0m5jyuxu21rq.jpg,1,2,2
RipDetSeg-xdtqqybgidjs.jpg,RipDetSeg-i7vwoa2yfk8x.jpg,2,0,2
RipDetSeg-xdiyozim30ou.jpg,RipDetSeg-2fco95dd3dog.jpg,0,2,2
RipDetSeg-xd3lwbdh7dp3.jpg,RipDetSeg-ebakj3n765hm.jpg,2,2,2
RipDetSeg-xbjhechxncpx.jpg,RipDetSeg-90yfkd9wgmqx.jpg,0,2,2
RipDetSeg-xlfk862bftlq.jpg,RipDetSeg-dyv5z6lz5eb6.jpg,2,0,2
RipDetSeg-xztmdgurff03.jpg,RipDetSeg-4m9o5dmy6rl6.jpg,2,0,2
RipDetSeg-y0mwusau8rg8.jpg,RipDetSeg-wowk3uyouwtv.jpg,0,2,2
RipDetSeg-y0xgdvybj56e.jpg,RipDetSeg-qyqe98emj4kg.jpg,2,0,2
RipDetSeg-yopzfs30akt5.jpg,RipDetSeg-422z4a1dm0b8.jpg,2,0,2
RipDetSeg-yomodd7ecssn.jpg,RipDetSeg-2wuwetu4dk2u.jpg,0,2,2
RipDetSeg-ymfnbhk8daij.jpg,RipDetSeg-3ov8s37hhz0e.jpg,2,2,2
RipDetSeg-ym65qqsoml0q.jpg,RipDetSeg-hsku3whkl2ah.jpg,0,2,2
RipDetSeg-yjfdrietd4gw.jpg,RipDetSeg-54udm3j35c4e.jpg,1,2,2
RipDetSeg-yiomwakmuddn.jpg,RipDetSeg-7fbylsx561mx.jpg,2,0,2
RipDetSeg-yghphrgd617e.jpg,RipDetSeg-lflaactk0dvm.jpg,2,2,2
RipDetSeg-ygcppioasvdb.jpg,RipDetSeg-wj1kfi6zoj0j.jpg,2,2,2
RipDetSeg-yfdm75ktgo7d.jpg,RipDetSeg-hkh2qszcfq5r.jpg,2,0,2
RipDetSeg-ye54wvd4kn4u.jpg,RipDetSeg-6drlqam1m454.jpg,0,2,2
RipDetSeg-ydfjqdnvfylb.jpg,RipDetSeg-ag5g5jz9io98.jpg,0,2,2
RipDetSeg-ybrqdmdel60u.jpg,RipDetSeg-773n8cvnisru.jpg,2,0,2
RipDetSeg-y9ly76iqii5m.jpg,RipDetSeg-fddeaorrj3lj.jpg,1,2,2
RipDetSeg-y92vtu5su3s6.jpg,RipDetSeg-3soeluxuwf9k.jpg,2,0,2
RipDetSeg-y7v7sg117sbw.jpg,RipDetSeg-06jhvyrb0e2a.jpg,0,2,2
RipDetSeg-y7dt8r67h5wa.jpg,RipDetSeg-6m0ymy5mkxa0.jpg,2,0,2
RipDetSeg-y76eugls4nmb.jpg,RipDetSeg-r5f93r9rr5l9.jpg,1,2,2
RipDetSeg-y5nk3cdmrmcc.jpg,RipDetSeg-12sjotr5liym.jpg,1,2,2
RipDetSeg-y4zp0k6qiz6q.jpg,RipDetSeg-6pjsmp8h71o3.jpg,2,2,2
RipDetSeg-y39opeshf7bj.jpg,RipDetSeg-bibmdbytbq3l.jpg,2,2,2
RipDetSeg-y321kct3rlx2.jpg,RipDetSeg-h7biuaiypzct.jpg,0,2,2
RipDetSeg-y2o4mtdggaht.jpg,RipDetSeg-qbcf1bnwg4a6.jpg,0,2,2
RipDetSeg-y2m1cyoxhh8j.jpg,RipDetSeg-bfn4zontdn7m.jpg,0,2,2
RipDetSeg-y2ieahn13gcz.jpg,RipDetSeg-apcfa77biy1v.jpg,2,2,2
RipDetSeg-y20u0qv4iqtb.jpg,RipDetSeg-3ml8kp0yn9pa.jpg,1,2,2
RipDetSeg-y1l006eruf5x.jpg,RipDetSeg-hfvhpgiodm0u.jpg,2,0,2
RipDetSeg-y1a48ioz9a1x.jpg,RipDetSeg-u9i2m87w6d59.jpg,0,2,2
RipDetSeg-ypoxl2q5az2t.jpg,RipDetSeg-nrvs0z28l5tf.jpg,0,2,2
RipDetSeg-uqacmm0hlh4f.jpg,RipDetSeg-bkq8cnbgt3zk.jpg,0,2,2
RipDetSeg-uq8h648xfte9.jpg,RipDetSeg-z2p2xlopru17.jpg,2,0,2
RipDetSeg-up3nrc38kh2s.jpg,RipDetSeg-3xxcs5ila8ap.jpg,0,2,2
RipDetSeg-qttta8edynv1.jpg,RipDetSeg-7l0jpdmgsipe.jpg,0,2,2
RipDetSeg-qt86lakiok69.jpg,RipDetSeg-0468420onwsc.jpg,1,2,2
RipDetSeg-qt841uljmlmu.jpg,RipDetSeg-8uq0j7727nay.jpg,0,2,2
RipDetSeg-qt7vhruie8kw.jpg,RipDetSeg-3s4c75vhxv68.jpg,2,2,2
RipDetSeg-qsxa1al6wroy.jpg,RipDetSeg-0doaibe3viqy.jpg,2,2,2
RipDetSeg-qsqyqfbko5s7.jpg,RipDetSeg-cn7vbqbv8k5m.jpg,2,2,2
RipDetSeg-qsnht0phndrw.jpg,RipDetSeg-k8t467x72obc.jpg,1,2,2
RipDetSeg-qq4mem6ztyer.jpg,RipDetSeg-7n5uzymvedks.jpg,2,0,2
RipDetSeg-qoaz0fnoygai.jpg,RipDetSeg-1o9mhhhmfnc1.jpg,0,2,2
RipDetSeg-qn8p5bz81jtq.jpg,RipDetSeg-cbetqjs0b1yg.jpg,2,0,2
RipDetSeg-qm8b3rvvuvvb.jpg,RipDetSeg-2glx2rpjgank.jpg,1,2,2
RipDetSeg-qkrep95jw3lo.jpg,RipDetSeg-68zotb39nlt2.jpg,2,2,2
RipDetSeg-quq6at4ywe34.jpg,RipDetSeg-64pz616367ty.jpg,2,0,2
RipDetSeg-qiwolrjgox3s.jpg,RipDetSeg-vwvwexfv83fs.jpg,2,2,2
RipDetSeg-qf6qq3nt1gri.jpg,RipDetSeg-hxtojcmfognr.jpg,2,0,2
RipDetSeg-qeqg2iqjvo7w.jpg,RipDetSeg-cjzzfk1qv2ao.jpg,0,2,2
RipDetSeg-qef0meyw39vb.jpg,RipDetSeg-4t7b0uen0d61.jpg,2,0,2
RipDetSeg-qdcswrq8ra3n.jpg,RipDetSeg-0jhlx6ll6zjr.jpg,1,2,2
RipDetSeg-qd9brrc1u4ut.jpg,RipDetSeg-8uq0j7727nay.jpg,0,2,2
RipDetSeg-qd34j1sk54l3.jpg,RipDetSeg-pr57cz60bcl1.jpg,1,2,2
RipDetSeg-qbtrvx39z7uj.jpg,RipDetSeg-og0pmpzvqfza.jpg,2,0,2
RipDetSeg-q9wbdc7hsin3.jpg,RipDetSeg-hdbmbu98d254.jpg,1,2,2
RipDetSeg-q81aa35mf8wz.jpg,RipDetSeg-0bc2q5aeq2fx.jpg,2,2,2
RipDetSeg-q61i7i2kur81.jpg,RipDetSeg-ej71qfkjfl8l.jpg,2,0,2
RipDetSeg-q41lvn07cfdf.jpg,RipDetSeg-06z1njvrw8d2.jpg,1,2,2
RipDetSeg-q3g55k9t0bq5.jpg,RipDetSeg-lzd0vy31b5cr.jpg,1,2,2
RipDetSeg-qhgz6yrwa7gc.jpg,RipDetSeg-3s4c75vhxv68.jpg,2,0,2
RipDetSeg-quz6d115g3tk.jpg,RipDetSeg-p7w663lc3db0.jpg,2,0,2
RipDetSeg-qwhlz5w6dzge.jpg,RipDetSeg-rgdtkaikq4tr.jpg,0,2,2
RipDetSeg-qzyaxfxsfaaz.jpg,RipDetSeg-5nzpqy1krdfi.jpg,1,2,2
RipDetSeg-rmlibevqtbom.jpg,RipDetSeg-d4wpuflkadq1.jpg,0,2,2
RipDetSeg-rld08dfb7m82.jpg,RipDetSeg-0n4qd8t7yaa8.jpg,0,2,2
RipDetSeg-rl2zcuelonwn.jpg,RipDetSeg-isbw6ld4hxm6.jpg,0,2,2
RipDetSeg-rjace70zzndc.jpg,RipDetSeg-26bxq2a8or40.jpg,0,2,2
RipDetSeg-rivcewp2x2pa.jpg,RipDetSeg-9u66djlnuaah.jpg,1,2,2
RipDetSeg-rhm6hi4hc97p.jpg,RipDetSeg-lj0n8vyobd4s.jpg,0,2,2
RipDetSeg-rg9ssyg9g0mn.jpg,RipDetSeg-z6a8v23oevxl.jpg,1,2,2
RipDetSeg-rf2l9gql6cpm.jpg,RipDetSeg-84qp3rhd1n75.jpg,0,2,2
RipDetSeg-rf06ohm1padv.jpg,RipDetSeg-ay5ex5f6r42h.jpg,0,2,2
RipDetSeg-refdrvfzodp0.jpg,RipDetSeg-lu8knyesdw3z.jpg,1,2,2
RipDetSeg-rcqytnsmomcp.jpg,RipDetSeg-rsjmivmvqsvx.jpg,0,2,2
RipDetSeg-rclhec20zgcc.jpg,RipDetSeg-eo30ktqcp7i7.jpg,1,2,2
RipDetSeg-rcj15vc4tv32.jpg,RipDetSeg-b0prwq1hmppy.jpg,1,2,2
RipDetSeg-rbt1tjx02gyz.jpg,RipDetSeg-wguxov37fwwq.jpg,1,2,2
RipDetSeg-rbrp68aiu62g.jpg,RipDetSeg-8jr4qf209fxz.jpg,0,2,2
RipDetSeg-ranv6gtnk1jr.jpg,RipDetSeg-t721xalo7n7s.jpg,1,2,2
RipDetSeg-ral21p2remm2.jpg,RipDetSeg-ejdmbpzcr0dr.jpg,1,2,2
RipDetSeg-r9y4gk18jo4a.jpg,RipDetSeg-9p9ue5z9oa0p.jpg,1,2,2
RipDetSeg-r8oau3k4b2qn.jpg,RipDetSeg-xg2ofsk2njkz.jpg,1,2,2
RipDetSeg-r54as62x8qqj.jpg,RipDetSeg-1yste6piacfr.jpg,0,2,2
RipDetSeg-r50i66yis7n3.jpg,RipDetSeg-0v80ticxj1hu.jpg,1,2,2
RipDetSeg-r400ja12v3eu.jpg,RipDetSeg-3m1raz93qsdp.jpg,0,2,2
RipDetSeg-r3y38sjajim0.jpg,RipDetSeg-1k7sgpjgdvn0.jpg,1,2,2
RipDetSeg-r2gumlyviapn.jpg,RipDetSeg-mntij093uipf.jpg,1,2,2
RipDetSeg-r2aazx408568.jpg,RipDetSeg-242t7enjnr3d.jpg,0,2,2
RipDetSeg-r27sjbkl1hb2.jpg,RipDetSeg-5680ky2llsch.jpg,0,2,2
RipDetSeg-r1omiiz6mk0d.jpg,RipDetSeg-stfejuxqoguh.jpg,2,0,2
RipDetSeg-q2qluikoiu5o.jpg,RipDetSeg-36has863xx1f.jpg,2,0,2
RipDetSeg-rnavc0t1vezk.jpg,RipDetSeg-oy14zhcfn9tv.jpg,2,2,2
RipDetSeg-q2gvurotkhl6.jpg,RipDetSeg-b7njadpmsz1c.jpg,1,2,2
RipDetSeg-q1tthdwlfwxn.jpg,RipDetSeg-poaqoznfinl1.jpg,2,2,2
RipDetSeg-p429e0yaw7fm.jpg,RipDetSeg-4uja4skhvcp3.jpg,1,2,2
RipDetSeg-p3us1w6gtkcp.jpg,RipDetSeg-3t7o5nkku8wd.jpg,0,2,2
RipDetSeg-p3t6tfurwsvf.jpg,RipDetSeg-1ok7wcakq0ha.jpg,2,2,2
RipDetSeg-p39m6p3ruzpc.jpg,RipDetSeg-puvvopqtwp7k.jpg,2,2,2
RipDetSeg-p24g3y8eylpj.jpg,RipDetSeg-u6rw31sql7s1.jpg,2,2,2
RipDetSeg-p15ep7f0cdib.jpg,RipDetSeg-bocfnon9dxfe.jpg,2,0,2
RipDetSeg-p0np0x6ikjvl.jpg,RipDetSeg-ew31au3x1u9d.jpg,0,2,2
RipDetSeg-p0ndyfdh6zud.jpg,RipDetSeg-cdk1w5ydflmo.jpg,1,2,2
RipDetSeg-p0djx8qnnzi6.jpg,RipDetSeg-hsymq4xbqdwj.jpg,2,2,2
RipDetSeg-ozb7hfh8cres.jpg,RipDetSeg-ajy4a0r0o8vc.jpg,0,2,2
RipDetSeg-oyttw58i6ti6.jpg,RipDetSeg-aoxwc4ub6wzo.jpg,0,2,2
RipDetSeg-oyiezc81ze50.jpg,RipDetSeg-bh6541g3q3nl.jpg,1,2,2
RipDetSeg-p43k2aoe10x3.jpg,RipDetSeg-299q39bmt469.jpg,0,2,2
RipDetSeg-owzpjq1f8pau.jpg,RipDetSeg-0nmsst91huld.jpg,2,0,2
RipDetSeg-owvpjxzt2ecf.jpg,RipDetSeg-3ggaghclz8m2.jpg,0,2,2
RipDetSeg-ovyueo1ctm25.jpg,RipDetSeg-fnfk5aiq4w6q.jpg,1,2,2
RipDetSeg-ovr8astvk3qr.jpg,RipDetSeg-npuiwabf6taa.jpg,2,2,2
RipDetSeg-ovdxkqybjzxf.jpg,RipDetSeg-rt1upo2nbbva.jpg,2,0,2
RipDetSeg-oucyy8g8gdo5.jpg,RipDetSeg-q01uu3ag71gw.jpg,1,2,2
RipDetSeg-otko7jrcwjyn.jpg,RipDetSeg-k2sqwypxuueh.jpg,2,0,2
RipDetSeg-ot0q9f31gma5.jpg,RipDetSeg-buggbikh0yio.jpg,0,2,2
RipDetSeg-osq5cvhetdnz.jpg,RipDetSeg-4npv92uv235v.jpg,1,2,2
RipDetSeg-os0rhplg3zpi.jpg,RipDetSeg-7xo2d90bm1lr.jpg,0,2,2
RipDetSeg-orrind9tdaf1.jpg,RipDetSeg-phnpvbg497gn.jpg,2,0,2
RipDetSeg-orq03weg8q9i.jpg,RipDetSeg-j1v846w8fof2.jpg,0,2,2
RipDetSeg-oqnb4fvem9nm.jpg,RipDetSeg-62sjxkyjjx3v.jpg,0,2,2
RipDetSeg-owy9dq0f31i8.jpg,RipDetSeg-b2uzalotx3nr.jpg,2,2,2
RipDetSeg-p5fjkvbzhl8c.jpg,RipDetSeg-isbw6ld4hxm6.jpg,0,2,2
RipDetSeg-p5m782owccja.jpg,RipDetSeg-it7cj86ourk1.jpg,1,2,2
RipDetSeg-p5p0746pqmdg.jpg,RipDetSeg-zfoi2kub33a3.jpg,2,2,2
RipDetSeg-q1tr0nlbpx8x.jpg,RipDetSeg-wvowqh14nnf0.jpg,2,2,2
RipDetSeg-q1c9qjfucs2q.jpg,RipDetSeg-c2tsscdbt419.jpg,1,2,2
RipDetSeg-q05s5u7id78w.jpg,RipDetSeg-o3n23lh9vszx.jpg,1,2,2
RipDetSeg-pyetfip8ho4g.jpg,RipDetSeg-7ig5rt0s2zrw.jpg,1,2,2
RipDetSeg-ptax7jwroq86.jpg,RipDetSeg-956pgj1hyl9g.jpg,2,2,2
RipDetSeg-psjcrje5jlri.jpg,RipDetSeg-e7ddjtuipn7i.jpg,2,2,2
RipDetSeg-pqzrz5srtqxa.jpg,RipDetSeg-1a6lcqakvhmd.jpg,2,0,2
RipDetSeg-ppw4aqar02et.jpg,RipDetSeg-23uqhzjap6c8.jpg,0,2,2
RipDetSeg-pprysvljqn1b.jpg,RipDetSeg-2r2pd9uks4a3.jpg,2,0,2
RipDetSeg-poygaf86xmhs.jpg,RipDetSeg-vji2t2brsw2k.jpg,2,0,2
RipDetSeg-pn4d2stngqrk.jpg,RipDetSeg-c1hb96jr5zi2.jpg,0,2,2
RipDetSeg-ploc03dmtjcy.jpg,RipDetSeg-ddnwbvb9vk13.jpg,1,2,2
RipDetSeg-pjbgwwv9pzhq.jpg,RipDetSeg-nysb32so9ngn.jpg,2,0,2
RipDetSeg-piov2s0ccwea.jpg,RipDetSeg-j864iu2ym9pq.jpg,0,2,2
RipDetSeg-pgrruyvyuqv6.jpg,RipDetSeg-8fcdxg6by2an.jpg,2,2,2
RipDetSeg-pg15mfomcq5j.jpg,RipDetSeg-cz99xwhvr8vu.jpg,1,2,2
RipDetSeg-pfpy6sz57dk8.jpg,RipDetSeg-7czxke3vdiwr.jpg,2,0,2
RipDetSeg-pfc4m8l25kki.jpg,RipDetSeg-0fq8n7abk4sm.jpg,0,2,2
RipDetSeg-pekbfem7jh73.jpg,RipDetSeg-5eizemxs1i9g.jpg,0,2,2
RipDetSeg-pei30vf85owv.jpg,RipDetSeg-9g6uhru7q4g0.jpg,0,2,2
RipDetSeg-pcxuphkgtf57.jpg,RipDetSeg-sunw87f7cfxn.jpg,2,2,2
RipDetSeg-pcovcyjha0ai.jpg,RipDetSeg-kqv6ahohdsw7.jpg,2,0,2
RipDetSeg-pcd4ivacj6eb.jpg,RipDetSeg-wjof40j99dr7.jpg,0,2,2
RipDetSeg-pc9qehdg149w.jpg,RipDetSeg-775quxyri20b.jpg,2,2,2
RipDetSeg-pawyt2jf6j3a.jpg,RipDetSeg-vauc4pkbe852.jpg,0,2,2
RipDetSeg-p8ak5r3bz7qn.jpg,RipDetSeg-2hht2ghiknqz.jpg,1,2,2
RipDetSeg-p6mgy1pq96f9.jpg,RipDetSeg-qtsopr9ylwh5.jpg,2,0,2
RipDetSeg-q2fkgq1tacel.jpg,RipDetSeg-h01t5d40z45m.jpg,0,2,2
RipDetSeg-rnthxo0s8cvx.jpg,RipDetSeg-ymvnko85hlfw.jpg,2,0,2
RipDetSeg-rp2ioobcxore.jpg,RipDetSeg-o2x5mjdx6fq5.jpg,2,2,2
RipDetSeg-rpnsirac1641.jpg,RipDetSeg-6mxapcextmvc.jpg,0,2,2
RipDetSeg-ts2pgmgj1e63.jpg,RipDetSeg-hgyw160drpca.jpg,1,2,2
RipDetSeg-trywbgul21gw.jpg,RipDetSeg-4fbr9uvkg0on.jpg,1,2,2
RipDetSeg-tru3xvk0tq48.jpg,RipDetSeg-jajvcop7vs5j.jpg,0,2,2
RipDetSeg-tqzeg6rzaj4i.jpg,RipDetSeg-jrldn5yewpke.jpg,1,2,2
RipDetSeg-tqgwk1y1ihae.jpg,RipDetSeg-qfcbgbea5s1l.jpg,1,2,2
RipDetSeg-togdrefffzl3.jpg,RipDetSeg-2tczg5n7k2xm.jpg,1,2,2
RipDetSeg-tnsn12pw9cs7.jpg,RipDetSeg-yksluwpr64yb.jpg,2,2,2
RipDetSeg-tnryhg2lwg2i.jpg,RipDetSeg-1i0qbnd85si0.jpg,1,2,2
RipDetSeg-tno963um5aln.jpg,RipDetSeg-pyza9ug2klss.jpg,0,2,2
RipDetSeg-tms4lz6hkima.jpg,RipDetSeg-m7qy3v0toni2.jpg,2,0,2
RipDetSeg-tls6slfku4nd.jpg,RipDetSeg-kteqq7ds1amo.jpg,1,2,2
RipDetSeg-tl006wz1cw87.jpg,RipDetSeg-d93r6xsogd03.jpg,1,2,2
RipDetSeg-tsa8wzf5h9cp.jpg,RipDetSeg-58rckdoevuwj.jpg,2,0,2
RipDetSeg-tkq20x3okmmw.jpg,RipDetSeg-0jo2ce5wst97.jpg,0,2,2
RipDetSeg-tjgzug9z2ahe.jpg,RipDetSeg-46td9skg7eko.jpg,0,2,2
RipDetSeg-tiwe5z5pih06.jpg,RipDetSeg-6qwltjgnbra4.jpg,0,2,2
RipDetSeg-thqqr5bg1zhy.jpg,RipDetSeg-6s3pohp9zt5v.jpg,2,0,2
RipDetSeg-thmjx7fh10y8.jpg,RipDetSeg-82eygmyoqmld.jpg,2,0,2
RipDetSeg-tgpiv0bazpiu.jpg,RipDetSeg-2yl842bqiq53.jpg,0,2,2
RipDetSeg-tf18n3q7t4aw.jpg,RipDetSeg-t8c1qb4edp3q.jpg,2,2,2
RipDetSeg-tet5r9vum9m1.jpg,RipDetSeg-1oeohfwdzwgm.jpg,2,2,2
RipDetSeg-tedbapddxteq.jpg,RipDetSeg-3crhgzaxnuui.jpg,2,2,2
RipDetSeg-te2278kovh6m.jpg,RipDetSeg-jp79jjaobjrh.jpg,0,2,2
RipDetSeg-td75pgjq4i6t.jpg,RipDetSeg-jfiw9fdn628i.jpg,1,2,2
RipDetSeg-tcdroc5bzrxu.jpg,RipDetSeg-25qtr5rnbfuy.jpg,2,0,2
RipDetSeg-tc00fzcp5acj.jpg,RipDetSeg-557vo64u09lm.jpg,0,2,2
RipDetSeg-tjtfaqfvqljb.jpg,RipDetSeg-09odb2gjvr3i.jpg,2,0,2
RipDetSeg-tsd0racb2s6i.jpg,RipDetSeg-m2vhb81lmsnk.jpg,2,2,2
RipDetSeg-tsd20u6wq78p.jpg,RipDetSeg-musnrmb9mct0.jpg,0,2,2
RipDetSeg-tt09ojb8irjr.jpg,RipDetSeg-c17cyuffksl8.jpg,1,2,2
RipDetSeg-up2wlfpgupa0.jpg,RipDetSeg-7bzyp7nc2bt8.jpg,0,2,2
RipDetSeg-unwndkyghdbz.jpg,RipDetSeg-4l0ac2v6tg39.jpg,0,2,2
RipDetSeg-un78pnsokoy2.jpg,RipDetSeg-m58lr10fp8m2.jpg,1,2,2
RipDetSeg-ulc5k7oy1u3c.jpg,RipDetSeg-auo1zg6tchny.jpg,0,2,2
RipDetSeg-ujvfzlsw6y9d.jpg,RipDetSeg-29dxnuca8yac.jpg,1,2,2
RipDetSeg-uhk4s378cpya.jpg,RipDetSeg-hmr9h799jdjt.jpg,1,2,2
RipDetSeg-ugbkgdb9viof.jpg,RipDetSeg-0e19z4y2882a.jpg,2,0,2
RipDetSeg-uf03loile5v0.jpg,RipDetSeg-ok9b1hhvmn1q.jpg,1,2,2
RipDetSeg-uekqm4q1g214.jpg,RipDetSeg-wx7i33pksuw9.jpg,2,0,2
RipDetSeg-ue7pt1kgq2zc.jpg,RipDetSeg-0g40h20j2tlz.jpg,2,2,2
RipDetSeg-udk5eut1nhax.jpg,RipDetSeg-d448wsiem7iz.jpg,1,2,2
RipDetSeg-udh32a45efa8.jpg,RipDetSeg-9omw8qvx4aes.jpg,2,2,2
RipDetSeg-udduwc7lugte.jpg,RipDetSeg-c6n7tsla4oen.jpg,1,2,2
RipDetSeg-u9xhtwi02yhu.jpg,RipDetSeg-9nojfxu2xbs8.jpg,2,0,2
RipDetSeg-u9vbt0zam2jt.jpg,RipDetSeg-uhqti8y17b02.jpg,2,2,2
RipDetSeg-u8sjae43gr2u.jpg,RipDetSeg-zrsldw7ae86r.jpg,0,2,2
RipDetSeg-u5qcp46jva5f.jpg,RipDetSeg-5z75e4duodhz.jpg,0,2,2
RipDetSeg-u5gl6kohybb7.jpg,RipDetSeg-ku9zlkl142ha.jpg,1,2,2
RipDetSeg-u3edxvwpkqfr.jpg,RipDetSeg-zaqrgkxrnvg2.jpg,0,2,2
RipDetSeg-u2ddda90g5tv.jpg,RipDetSeg-k1pru07ab4wz.jpg,1,2,2
RipDetSeg-u1ms80g7bxvl.jpg,RipDetSeg-0tvadtz8dbz4.jpg,0,2,2
RipDetSeg-u036cuorxjml.jpg,RipDetSeg-x53v9owhpqp8.jpg,2,0,2
RipDetSeg-tz8lguapep1b.jpg,RipDetSeg-iv5v0mwm40rf.jpg,2,2,2
RipDetSeg-ty7gt21jsinr.jpg,RipDetSeg-ag5g5jz9io98.jpg,0,2,2
RipDetSeg-twzavxeneomy.jpg,RipDetSeg-bzjeonsvuwht.jpg,0,2,2
RipDetSeg-tugahmefwtsa.jpg,RipDetSeg-cvdozjquyp6t.jpg,2,2,2
RipDetSeg-ttwoup4633gd.jpg,RipDetSeg-68l7udnki2ij.jpg,0,2,2
RipDetSeg-tbz1x00if3it.jpg,RipDetSeg-j408dshgn25e.jpg,1,2,2
RipDetSeg-tb5t2ohfvdyp.jpg,RipDetSeg-u5l8dbim60li.jpg,0,2,2
RipDetSeg-ta2jehznv3gi.jpg,RipDetSeg-64apq2rim9w6.jpg,1,2,2
RipDetSeg-t91z887937f4.jpg,RipDetSeg-3a1kmrii91l8.jpg,2,0,2
RipDetSeg-sdbxtl4evxa6.jpg,RipDetSeg-jk0bm1wjoxcd.jpg,1,2,2
RipDetSeg-sd4zk59yznqo.jpg,RipDetSeg-b6wdc7hbbtqd.jpg,1,2,2
RipDetSeg-sciyvqb4pcrm.jpg,RipDetSeg-6o46knkxy9mu.jpg,2,0,2
RipDetSeg-scccn3dee8gn.jpg,RipDetSeg-rzir7m64yz1k.jpg,2,0,2
RipDetSeg-s9he0wo3u7cb.jpg,RipDetSeg-q6acbr48puag.jpg,0,2,2
RipDetSeg-s8po7dcv4bh5.jpg,RipDetSeg-1afej2bo82e3.jpg,1,2,2
RipDetSeg-s8kdzhr2yycu.jpg,RipDetSeg-p3hak07wx124.jpg,0,2,2
RipDetSeg-s8h6jypmane5.jpg,RipDetSeg-7bfq90u9po0u.jpg,2,0,2
RipDetSeg-s7xiqgciqch5.jpg,RipDetSeg-rr2yq5or7tmq.jpg,0,2,2
RipDetSeg-s7lm936acgat.jpg,RipDetSeg-dr5po3cur9vm.jpg,1,2,2
RipDetSeg-s5e27qap70b2.jpg,RipDetSeg-ijo5mfhrl3t8.jpg,1,2,2
RipDetSeg-s2fwip6r3jv9.jpg,RipDetSeg-4c9gd76dnbps.jpg,0,2,2
RipDetSeg-s23iiwhwbcf6.jpg,RipDetSeg-5agunvcokg69.jpg,2,2,2
RipDetSeg-rzrzjfbnbio9.jpg,RipDetSeg-18qu6lqf2xn3.jpg,1,2,2
RipDetSeg-ry8ieubruh0z.jpg,RipDetSeg-a8ipn6a0sx5i.jpg,0,2,2
RipDetSeg-ry0digf08n30.jpg,RipDetSeg-nwb5bwr6775b.jpg,0,2,2
RipDetSeg-rx7nuf34z4fp.jpg,RipDetSeg-ct7fhzu7tyht.jpg,1,2,2
RipDetSeg-rwqqgszcapix.jpg,RipDetSeg-03l8b6ow5quy.jpg,1,2,2
RipDetSeg-rwozlrvduq7e.jpg,RipDetSeg-9ylya9hcd5zj.jpg,1,2,2
RipDetSeg-ruhbsgceywtc.jpg,RipDetSeg-4xa9v69gyfuc.jpg,1,2,2
RipDetSeg-rsm9yb2no3rx.jpg,RipDetSeg-b8l09dm5x3al.jpg,0,2,2
RipDetSeg-rriil21scmuv.jpg,RipDetSeg-wm06rjqbcyl7.jpg,2,2,2
RipDetSeg-rrewhkp25kkn.jpg,RipDetSeg-vc40kdoe2j36.jpg,2,0,2
RipDetSeg-rr3ga1mnxiy5.jpg,RipDetSeg-8ac96rnsanz3.jpg,2,0,2
RipDetSeg-rqk8oywfyw77.jpg,RipDetSeg-i4cplwllncvi.jpg,0,2,2
RipDetSeg-rqja820wqsfr.jpg,RipDetSeg-bzov8rrg2qu0.jpg,0,2,2
RipDetSeg-rptda80fm8dy.jpg,RipDetSeg-9tdg0qm85ukp.jpg,0,2,2
RipDetSeg-sdfy425w1m2d.jpg,RipDetSeg-v6cgyjfpd9o8.jpg,2,2,2
RipDetSeg-opselsomdyjd.jpg,RipDetSeg-qb87skfkuwti.jpg,0,2,2
RipDetSeg-sgayejmiqihw.jpg,RipDetSeg-1383jcyut22w.jpg,2,2,2
RipDetSeg-si20f3n6uvn0.jpg,RipDetSeg-hvloxhi72e8s.jpg,0,2,2
RipDetSeg-t8iweyjv0c7j.jpg,RipDetSeg-0pz4y3zcm3eg.jpg,2,0,2
RipDetSeg-t8a1e3spbbwo.jpg,RipDetSeg-5s0qkjjlis1l.jpg,1,2,2
RipDetSeg-t6t9exykmdl1.jpg,RipDetSeg-2o4fhwy5r8t9.jpg,0,2,2
RipDetSeg-t67ufza1jlfb.jpg,RipDetSeg-0p0le5g3b9ai.jpg,2,2,2
RipDetSeg-t60hqhtexkkt.jpg,RipDetSeg-0mk574eibd08.jpg,1,2,2
RipDetSeg-t4ui8yauydcl.jpg,RipDetSeg-3nyagrztr07y.jpg,2,0,2
RipDetSeg-t47al2s4ydyl.jpg,RipDetSeg-t95xbb4cmqpy.jpg,2,0,2
RipDetSeg-t2rzi3t6m0nz.jpg,RipDetSeg-2hnqpld6s2hz.jpg,2,0,2
RipDetSeg-t2b485idhohw.jpg,RipDetSeg-9o5b6y4i2by7.jpg,2,0,2
RipDetSeg-t257kqxadex1.jpg,RipDetSeg-d1jm9up5ednn.jpg,1,2,2
RipDetSeg-sznvs7wo42wd.jpg,RipDetSeg-0jo2ce5wst97.jpg,1,2,2
RipDetSeg-szlez9kivcn1.jpg,RipDetSeg-5jr8n6l40jjt.jpg,0,2,2
RipDetSeg-swl1m07lq2rt.jpg,RipDetSeg-42n42i3uexa6.jpg,0,2,2
RipDetSeg-svq6mzb92fef.jpg,RipDetSeg-f618ww4ndift.jpg,0,2,2
RipDetSeg-svdcvi2bwhu2.jpg,RipDetSeg-j2kond7mn5hc.jpg,2,2,2
RipDetSeg-suoru1c45t63.jpg,RipDetSeg-4mhq6d5mer37.jpg,0,2,2
RipDetSeg-su737af98qzf.jpg,RipDetSeg-lqe24hdtps7v.jpg,2,0,2
RipDetSeg-sty5h8z2vcee.jpg,RipDetSeg-c1hb96jr5zi2.jpg,0,2,2
RipDetSeg-stj5xtvmp2s7.jpg,RipDetSeg-7ddgiv0u3c3h.jpg,2,2,2
RipDetSeg-sr3gxgenq460.jpg,RipDetSeg-5r4ksjmeclhj.jpg,2,0,2
RipDetSeg-sqwwj5fggtq5.jpg,RipDetSeg-5ftmfev89i94.jpg,0,2,2
RipDetSeg-spvg2qxgxaz5.jpg,RipDetSeg-75av7t0soki1.jpg,0,2,2
RipDetSeg-sptwx3gk91xm.jpg,RipDetSeg-6np7ht9oo8y6.jpg,2,0,2
RipDetSeg-sn9tl7zuoh9g.jpg,RipDetSeg-gmtgefa7bbkg.jpg,1,2,2
RipDetSeg-sn45tetmoirp.jpg,RipDetSeg-nrvs0z28l5tf.jpg,1,2,2
RipDetSeg-sm51h4okne1z.jpg,RipDetSeg-3kgojspyjrj9.jpg,0,2,2
RipDetSeg-sl3ex4swrko6.jpg,RipDetSeg-fx9mr34h791z.jpg,2,2,2
RipDetSeg-sgkbdrvy7rxi.jpg,RipDetSeg-el4nhbahxyp9.jpg,2,0,2
RipDetSeg-tizjjnn7h3br.jpg,RipDetSeg-2swmn4upiygb.jpg,0,2,2
RipDetSeg-zzvpbkxkv7x6.jpg,RipDetSeg-m8wl8cma3m24.jpg,2,2,2
RipDetSeg-ayt2revlkz64.jpg,RipDetSeg-52elyp1qdoc5.jpg,0,2,2
RipDetSeg-fq4vmb7l1x9h.jpg,RipDetSeg-dq5k835jhc5j.jpg,2,0,2
RipDetSeg-6b4srhc02dc9.jpg,RipDetSeg-4xa9v69gyfuc.jpg,1,2,2
RipDetSeg-6b90s01bn0ou.jpg,RipDetSeg-5bflfwajmtkj.jpg,1,2,2
RipDetSeg-6ca95ek0ltyd.jpg,RipDetSeg-r03odlqhzx5r.jpg,2,0,2
RipDetSeg-fni8dyhwwo7p.jpg,RipDetSeg-te6bzv2ge7lo.jpg,1,2,2
RipDetSeg-fma8r4gtmnvo.jpg,RipDetSeg-k55staax5paq.jpg,2,0,2
RipDetSeg-fm27r4c2laak.jpg,RipDetSeg-q53gt6rddk8h.jpg,1,2,2
RipDetSeg-flyrd4gp7rz1.jpg,RipDetSeg-sk0ib1c0uyi8.jpg,2,2,2
RipDetSeg-6cvg280ylwwp.jpg,RipDetSeg-wguxov37fwwq.jpg,1,2,2
RipDetSeg-6ehd59g88k01.jpg,RipDetSeg-3xgzq7mo1625.jpg,2,0,2
RipDetSeg-6febs9gzq1tw.jpg,RipDetSeg-3ws0hcf63phv.jpg,2,2,2
RipDetSeg-6fom64byhj4m.jpg,RipDetSeg-r4jbezb03q21.jpg,0,2,2
RipDetSeg-flmwh84o8c69.jpg,RipDetSeg-nzddr3eqvndd.jpg,1,2,2
RipDetSeg-6b1ivwbarua8.jpg,RipDetSeg-6tfzwqsp9ao7.jpg,1,2,2
RipDetSeg-flk0aqa3mggx.jpg,RipDetSeg-80ldofcmzuwc.jpg,1,2,2
RipDetSeg-ae1mwq55zku5.jpg,RipDetSeg-8eaivg9jkamt.jpg,1,2,2
RipDetSeg-6i4dl2xnkvoe.jpg,RipDetSeg-2hvqjtsv1i2v.jpg,1,2,2
RipDetSeg-fkerl4lb5er8.jpg,RipDetSeg-1lyko1gm0m57.jpg,2,0,2
RipDetSeg-fk847gva3zt9.jpg,RipDetSeg-n8hg0rvtv109.jpg,1,2,2
RipDetSeg-6iel1d24oqe4.jpg,RipDetSeg-trgiqvt2duli.jpg,1,2,2
RipDetSeg-6iwrc3xyzn03.jpg,RipDetSeg-991fhwd7h4p2.jpg,1,2,2
RipDetSeg-fjxs81nhgvnp.jpg,RipDetSeg-06kxydgc1u6f.jpg,0,2,2
RipDetSeg-6j2rhljo2jdk.jpg,RipDetSeg-odm5shd5kk7i.jpg,0,2,2
RipDetSeg-6jr3u4jz37dd.jpg,RipDetSeg-5pqoxzu37tii.jpg,1,2,2
RipDetSeg-6k911y0c8wik.jpg,RipDetSeg-4wstxxoc0d7p.jpg,1,2,2
RipDetSeg-fjm4yoev9d3k.jpg,RipDetSeg-bx5cvbgzc2e3.jpg,2,2,2
RipDetSeg-fjea5mrf3d2q.jpg,RipDetSeg-5kyii2mc7ixx.jpg,1,2,2
RipDetSeg-fj1h185wbtju.jpg,RipDetSeg-y87tui6ontr3.jpg,0,2,2
RipDetSeg-fl1aupp1rdtq.jpg,RipDetSeg-683k1c5uosm9.jpg,2,0,2
RipDetSeg-6kgwsmzbbyiy.jpg,RipDetSeg-7a2fb3wxlwbj.jpg,0,2,2
RipDetSeg-69sm3r4iacf1.jpg,RipDetSeg-077z1ed72p7d.jpg,0,2,2
RipDetSeg-69gdv81gsjzj.jpg,RipDetSeg-bg2ga93traqv.jpg,0,2,2
RipDetSeg-63j5ltwy70v2.jpg,RipDetSeg-32qq9rqlnfvm.jpg,1,2,2
RipDetSeg-g1xr2612qslg.jpg,RipDetSeg-d2ftr84uptto.jpg,0,2,2
RipDetSeg-g1tzachpq8t3.jpg,RipDetSeg-zuc8den2umba.jpg,2,0,2
RipDetSeg-63ozsfy3w0v9.jpg,RipDetSeg-r03odlqhzx5r.jpg,2,2,2
RipDetSeg-63r26ei3ytc9.jpg,RipDetSeg-100ir22mmulk.jpg,0,2,2
RipDetSeg-bm06jwkkeuu8.jpg,RipDetSeg-grkpo6cx8wpa.jpg,2,2,2
RipDetSeg-af02p4gsjf2h.jpg,RipDetSeg-242t7enjnr3d.jpg,0,2,2
RipDetSeg-64f9r5jhau0p.jpg,RipDetSeg-qvvgxskadn8w.jpg,0,2,2
RipDetSeg-65np6qx3mkm3.jpg,RipDetSeg-1bc192ao2o55.jpg,1,2,2
RipDetSeg-g015rsu8xz0o.jpg,RipDetSeg-grb8ci170sin.jpg,2,2,2
RipDetSeg-fzw87st7bbhx.jpg,RipDetSeg-rdya79em6f5j.jpg,2,2,2
RipDetSeg-bne6uobc0mr1.jpg,RipDetSeg-5qyvnga2kkxr.jpg,1,2,2
RipDetSeg-fynxe2kqfl5n.jpg,RipDetSeg-gomb9b3ibg0d.jpg,0,2,2
RipDetSeg-fr4kqaqe1nbp.jpg,RipDetSeg-a86s4c905jbo.jpg,2,0,2
RipDetSeg-fydukeypx8ri.jpg,RipDetSeg-fgxfd7aj6tjl.jpg,0,2,2
RipDetSeg-65v73628ku9q.jpg,RipDetSeg-ppliuwv5dbdv.jpg,0,2,2
RipDetSeg-fxkfuovztvtw.jpg,RipDetSeg-74jxgjkb307j.jpg,2,0,2
RipDetSeg-bne7usotmwz4.jpg,RipDetSeg-aknutf78dtzd.jpg,0,2,2
RipDetSeg-fw95xie4knd4.jpg,RipDetSeg-ki0d6p15uhqn.jpg,1,2,2
RipDetSeg-fw7fu5l7knz2.jpg,RipDetSeg-e5s0yf5ir1aj.jpg,2,2,2
RipDetSeg-bnyg0f7hd13s.jpg,RipDetSeg-dg1p1jy45ow5.jpg,2,2,2
RipDetSeg-fvawr1a1g1yb.jpg,RipDetSeg-tws8cmudit2y.jpg,0,2,2
RipDetSeg-fv7g14lc3bt8.jpg,RipDetSeg-16tqgo7o3el0.jpg,1,2,2
RipDetSeg-fumjgd2tnfez.jpg,RipDetSeg-h2lcr8ym5sqh.jpg,1,2,2
RipDetSeg-bo642ijbt9pa.jpg,RipDetSeg-s0om64kchre2.jpg,1,2,2
RipDetSeg-67u0s7o4g150.jpg,RipDetSeg-h79xq5dcee4f.jpg,1,2,2
RipDetSeg-689xpe0rohnm.jpg,RipDetSeg-6ujm8ughtgco.jpg,1,2,2
RipDetSeg-692lwvbs15k0.jpg,RipDetSeg-ggdx8faft2um.jpg,1,2,2
RipDetSeg-fy5m00hzlqmu.jpg,RipDetSeg-43cgc9doamb1.jpg,2,2,2
RipDetSeg-fhvm7e4b2o0i.jpg,RipDetSeg-jqkjkpuaggo7.jpg,1,2,2
RipDetSeg-fgme81oclv27.jpg,RipDetSeg-gscwdpa31cjr.jpg,1,2,2
RipDetSeg-fgehpdx86hz1.jpg,RipDetSeg-g401t5amxxxn.jpg,1,2,2
RipDetSeg-bq17j4ni9s4r.jpg,RipDetSeg-ak3i7814ueph.jpg,0,2,2
RipDetSeg-f07obszx5010.jpg,RipDetSeg-l6zo0dnbnyo6.jpg,0,2,2
RipDetSeg-775vaqfd0o27.jpg,RipDetSeg-ajrnctw9cd6d.jpg,1,2,2
RipDetSeg-ezk42sxvl8eo.jpg,RipDetSeg-dq9i12ftv05y.jpg,2,2,2
RipDetSeg-77avywt3xmwc.jpg,RipDetSeg-4dk8aow2rhgt.jpg,2,2,2
RipDetSeg-77bsgk71ab7w.jpg,RipDetSeg-321ijh8mio55.jpg,1,2,2
RipDetSeg-ey8incbgei4b.jpg,RipDetSeg-mi6hed1nkn82.jpg,0,2,2
RipDetSeg-exghu8rwl0ta.jpg,RipDetSeg-lu8knyesdw3z.jpg,1,2,2
RipDetSeg-77hrz3kssepe.jpg,RipDetSeg-3o6kj2b2zdkd.jpg,1,2,2
RipDetSeg-77yqhaiigxm6.jpg,RipDetSeg-cwqhioyjtii8.jpg,1,2,2
RipDetSeg-ewv2jjcowlxz.jpg,RipDetSeg-36nh51sqb6nb.jpg,1,2,2
RipDetSeg-ewtwsa156sbw.jpg,RipDetSeg-cg81xm2ghsg6.jpg,2,2,2
RipDetSeg-ewhf4j3aymw9.jpg,RipDetSeg-bg60qxkdanea.jpg,0,2,2
RipDetSeg-7523ro3n1xtq.jpg,RipDetSeg-vigqwzskv6ue.jpg,0,2,2
RipDetSeg-ewcxmokjjok7.jpg,RipDetSeg-cxej5miy6xn5.jpg,1,2,2
RipDetSeg-eut3dl8ya332.jpg,RipDetSeg-v3dpdsj45dsv.jpg,0,2,2
RipDetSeg-79k3kuxd5bk3.jpg,RipDetSeg-du51auljgi0b.jpg,0,2,2
RipDetSeg-eu8fetozzxyy.jpg,RipDetSeg-0phmmekopyrt.jpg,2,0,2
RipDetSeg-79taxtmszzcc.jpg,RipDetSeg-0oxagxal0h9t.jpg,0,2,2
RipDetSeg-bqdqo1bni1au.jpg,RipDetSeg-31u213gd2zwu.jpg,0,2,2
RipDetSeg-7a02kxvn4ad2.jpg,RipDetSeg-b21vjth1lgrs.jpg,0,2,2
RipDetSeg-7amw1yh9pjwy.jpg,RipDetSeg-01f1e5d8t0w9.jpg,0,2,2
RipDetSeg-escorxl53c5y.jpg,RipDetSeg-o78jtbhqiq83.jpg,0,2,2
RipDetSeg-bqogssjph9rs.jpg,RipDetSeg-665o86juf2e0.jpg,1,2,2
RipDetSeg-es62ejitt8yl.jpg,RipDetSeg-rauo0nmq3365.jpg,0,2,2
RipDetSeg-br1nnpfm5txu.jpg,RipDetSeg-s218765p9dwz.jpg,1,2,2
RipDetSeg-es4a9ft1ir72.jpg,RipDetSeg-50pz0dswd5na.jpg,2,0,2
RipDetSeg-erul2f7vsq1i.jpg,RipDetSeg-q27hczdwi48o.jpg,0,2,2
RipDetSeg-784uc2ga3jgb.jpg,RipDetSeg-i1g5ucvedvls.jpg,2,2,2
RipDetSeg-72qw7b2ymq64.jpg,RipDetSeg-0g9j2xaflisq.jpg,1,2,2
RipDetSeg-71m6yq6p1dgp.jpg,RipDetSeg-130yte93dfmw.jpg,0,2,2
RipDetSeg-f232ii8dt5hg.jpg,RipDetSeg-o7cdjd3lz5nr.jpg,2,2,2
RipDetSeg-6la896xlwq97.jpg,RipDetSeg-2jrlfbfm564l.jpg,0,2,2
RipDetSeg-fcum36lm3ud3.jpg,RipDetSeg-cje15pj9yiav.jpg,1,2,2
RipDetSeg-fclmb4muijp3.jpg,RipDetSeg-bnukl57u3glw.jpg,2,2,2
RipDetSeg-fbtrisv1cktj.jpg,RipDetSeg-t27qls4u1gdd.jpg,1,2,2
RipDetSeg-fbdwrwlg75vz.jpg,RipDetSeg-39qhhn7d7v0d.jpg,0,2,2
RipDetSeg-6nhz48zc6j62.jpg,RipDetSeg-38ps86txqaa6.jpg,0,2,2
RipDetSeg-bon5q0m3k0dp.jpg,RipDetSeg-6dtfoanbu5k1.jpg,1,2,2
RipDetSeg-6o31i3h266td.jpg,RipDetSeg-7c02heaepzqe.jpg,2,0,2
RipDetSeg-f9tylno1pgh5.jpg,RipDetSeg-kd24b401y500.jpg,2,0,2
RipDetSeg-6ofh0y64pzi4.jpg,RipDetSeg-90yfkd9wgmqx.jpg,0,2,2
RipDetSeg-6vc4s60jqi2x.jpg,RipDetSeg-1pta8zbpmjz6.jpg,2,0,2
RipDetSeg-f8erc5qrhg6a.jpg,RipDetSeg-f2qoxe4kjsgu.jpg,1,2,2
RipDetSeg-f8eq25tk65tt.jpg,RipDetSeg-jh5h9rc18tpk.jpg,1,2,2
RipDetSeg-6vwmhts48ta6.jpg,RipDetSeg-1eip6zyh5j3n.jpg,0,2,2
RipDetSeg-f7j7kf5y84yw.jpg,RipDetSeg-ld35z13t7w46.jpg,0,2,2
RipDetSeg-6w8oxjqba7sv.jpg,RipDetSeg-lgoty3l4y2hm.jpg,2,0,2
RipDetSeg-f72fjlwmqi8h.jpg,RipDetSeg-237xv5y91dtk.jpg,2,0,2
RipDetSeg-f6ygix0qzv55.jpg,RipDetSeg-lbtubyj80zks.jpg,1,2,2
RipDetSeg-boo7mgowkt64.jpg,RipDetSeg-ldcjm340giqf.jpg,2,0,2
RipDetSeg-ad80wearmr1t.jpg,RipDetSeg-s5dypgx2fq52.jpg,2,2,2
RipDetSeg-f5ykg94ed30h.jpg,RipDetSeg-acmdjky663oe.jpg,0,2,2
RipDetSeg-6y7jv8hg68jf.jpg,RipDetSeg-7uo580ptt6ej.jpg,2,0,2
RipDetSeg-f5id8th73bv3.jpg,RipDetSeg-nmdkdumxizfl.jpg,1,2,2
RipDetSeg-6yas1gwq62fs.jpg,RipDetSeg-cu62obmqkbnm.jpg,0,2,2
RipDetSeg-f4cn4urrblll.jpg,RipDetSeg-5911l1p18uu3.jpg,2,0,2
RipDetSeg-6ypfimnhlw7v.jpg,RipDetSeg-5uprexo21z0o.jpg,2,0,2
RipDetSeg-f2qi2enosek5.jpg,RipDetSeg-0mmq6mldpbu3.jpg,1,2,2
RipDetSeg-701dfbv3edob.jpg,RipDetSeg-lwt4xp89n1w4.jpg,2,0,2
RipDetSeg-f23qftpicuhh.jpg,RipDetSeg-aj863n61xnoy.jpg,2,0,2
RipDetSeg-62c5malz7jn6.jpg,RipDetSeg-ijksiouk3w0z.jpg,1,2,2
RipDetSeg-7cng5l8vts6r.jpg,RipDetSeg-6gpibxnufr1z.jpg,2,2,2
RipDetSeg-60btf0qhwjyw.jpg,RipDetSeg-4e4hegu0c7wg.jpg,0,2,2
RipDetSeg-bln1ynsv3sjs.jpg,RipDetSeg-0rueyhzyczsa.jpg,1,2,2
RipDetSeg-4xkpt19fv0c8.jpg,RipDetSeg-cn7vbqbv8k5m.jpg,1,2,2
RipDetSeg-h4emgapcn2uc.jpg,RipDetSeg-cvdozjquyp6t.jpg,1,2,2
RipDetSeg-4y6za48a38iu.jpg,RipDetSeg-mjzh2tq1kms5.jpg,0,2,2
RipDetSeg-4zcqufxw0gzw.jpg,RipDetSeg-k1f0i1gzd20n.jpg,1,2,2
RipDetSeg-500tqnncx9xq.jpg,RipDetSeg-43ftncs9kjjv.jpg,0,2,2
RipDetSeg-h1xmp15sl1bl.jpg,RipDetSeg-zzuf7fj36nad.jpg,2,0,2
RipDetSeg-50mc10boggqd.jpg,RipDetSeg-23uuz8fxz2nh.jpg,2,0,2
RipDetSeg-ah9xih8v9wgv.jpg,RipDetSeg-8ad69q1rd3tl.jpg,2,2,2
RipDetSeg-h1q4jelvydsp.jpg,RipDetSeg-dsfu755n0d38.jpg,2,2,2
RipDetSeg-51h3hl6okcaz.jpg,RipDetSeg-87i6qrd3lsoy.jpg,0,2,2
RipDetSeg-51y1ycx98chd.jpg,RipDetSeg-8knen71e7nf2.jpg,2,2,2
RipDetSeg-h19yjj8882lo.jpg,RipDetSeg-j8qbfv2y86iv.jpg,0,2,2
RipDetSeg-51ymgxyfd8ty.jpg,RipDetSeg-0sye6v7urwbc.jpg,1,2,2
RipDetSeg-4xkmfkx6oxvm.jpg,RipDetSeg-uirdubbdpb3q.jpg,0,2,2
RipDetSeg-h0576lk1z395.jpg,RipDetSeg-2ir8dyias0yo.jpg,2,0,2
RipDetSeg-ah4mkoqewgq8.jpg,RipDetSeg-i2v2oosgq6sp.jpg,0,2,2
RipDetSeg-affa5vjzwsas.jpg,RipDetSeg-e4b97q0gd5gm.jpg,2,0,2
RipDetSeg-gyhz8pn0emfb.jpg,RipDetSeg-7c037jj1d3tz.jpg,0,2,2
RipDetSeg-54hr0hcm9p1p.jpg,RipDetSeg-0krbecl46py1.jpg,1,2,2
RipDetSeg-54vttmmfata6.jpg,RipDetSeg-7qx6rjyv02c1.jpg,0,2,2
RipDetSeg-55behxh2q2gm.jpg,RipDetSeg-6i0bdj9eao30.jpg,2,0,2
RipDetSeg-bhmg0zmidw1s.jpg,RipDetSeg-9ebb2i1l047t.jpg,1,2,2
RipDetSeg-gvbw93uy1flb.jpg,RipDetSeg-1csrv10p7k27.jpg,0,2,2
RipDetSeg-56otmngtpj11.jpg,RipDetSeg-m6gldc6980er.jpg,2,2,2
RipDetSeg-gudht3dt4mou.jpg,RipDetSeg-l4ontr8o5aij.jpg,0,2,2
RipDetSeg-bi23vtjlhnst.jpg,RipDetSeg-8b8eyuggzlln.jpg,2,2,2
RipDetSeg-58ssf66p1s7f.jpg,RipDetSeg-9mmdzj7x30t8.jpg,2,2,2
RipDetSeg-59umx8z3ee2x.jpg,RipDetSeg-ik0u2wum8ze9.jpg,2,2,2
RipDetSeg-52g7hsnq39a7.jpg,RipDetSeg-wwxotezwvqy1.jpg,1,2,2
RipDetSeg-gtwhgs2yg2zu.jpg,RipDetSeg-ii4x194t00h8.jpg,2,2,2
RipDetSeg-h557ipg96nxb.jpg,RipDetSeg-vtdy0zqtlq2s.jpg,1,2,2
RipDetSeg-h5ma6k95j7tu.jpg,RipDetSeg-n9na9gx80hhw.jpg,0,2,2
RipDetSeg-hghgltnvrpla.jpg,RipDetSeg-d8hjqwoyo50w.jpg,2,2,2
RipDetSeg-c1gpu7eqk1h0.jpg,RipDetSeg-1dvbp28ysf8r.jpg,2,0,2
RipDetSeg-hezk9346ikxf.jpg,RipDetSeg-2ruf7r7ohbvx.jpg,2,0,2
RipDetSeg-4q4f92mlbo06.jpg,RipDetSeg-263xrc3z8qd6.jpg,0,2,2
RipDetSeg-hd39jux16cbb.jpg,RipDetSeg-lngikrvpd7cz.jpg,0,2,2
RipDetSeg-hcsc3h46uob1.jpg,RipDetSeg-0lzq9gces69b.jpg,0,2,2
RipDetSeg-hc2xlzsnnkc5.jpg,RipDetSeg-e4oxukcryyfr.jpg,2,0,2
RipDetSeg-hbuo6945mzw1.jpg,RipDetSeg-lopstzdxqppc.jpg,0,2,2
RipDetSeg-hbqveo33fktb.jpg,RipDetSeg-qba6c5xbc4ih.jpg,2,0,2
RipDetSeg-hb9r36upjon5.jpg,RipDetSeg-60vjd73to2xr.jpg,0,2,2
RipDetSeg-ha0tcz2amb6o.jpg,RipDetSeg-aytxlmpy8j3t.jpg,1,2,2
RipDetSeg-4r4n0e0voyf2.jpg,RipDetSeg-132t6c5o0bzl.jpg,2,0,2
RipDetSeg-h8uivsdusx30.jpg,RipDetSeg-8jinapviovy9.jpg,1,2,2
RipDetSeg-4xenf4joubjn.jpg,RipDetSeg-el45t8rdiwj5.jpg,2,0,2
RipDetSeg-4s0eazrttc4q.jpg,RipDetSeg-tvnrzj3almjb.jpg,0,2,2
RipDetSeg-4t9pa7qcok6l.jpg,RipDetSeg-cehzbkjrd36w.jpg,2,0,2
RipDetSeg-4tgdhsayd3ld.jpg,RipDetSeg-sjqc84o5v2bd.jpg,1,2,2
RipDetSeg-h7n9i9nytdgd.jpg,RipDetSeg-11d3lr3xcp7l.jpg,2,2,2
RipDetSeg-h7bj3ko5990p.jpg,RipDetSeg-uox2l4injsvf.jpg,0,2,2
RipDetSeg-h790egdo8e2s.jpg,RipDetSeg-5e3aax1o76zf.jpg,0,2,2
RipDetSeg-4tzt1kggvxsk.jpg,RipDetSeg-6jhbqo8bpnmy.jpg,2,0,2
RipDetSeg-4ubfuk7z9a56.jpg,RipDetSeg-uhqifgldfqys.jpg,2,2,2
RipDetSeg-4veawclcp1ek.jpg,RipDetSeg-frqx9anaxqzu.jpg,2,2,2
RipDetSeg-4vlb536mu139.jpg,RipDetSeg-2l2av4j71p1p.jpg,2,2,2
RipDetSeg-4vlznbyygqa0.jpg,RipDetSeg-jdk6zqgwty9j.jpg,2,2,2
RipDetSeg-h6k6kwzqazlf.jpg,RipDetSeg-lr7t26xi8wh6.jpg,1,2,2
RipDetSeg-h5njyyiq9bzl.jpg,RipDetSeg-7e1avbha62pu.jpg,2,2,2
RipDetSeg-aickg4cexb8l.jpg,RipDetSeg-gs8o41n8mzbi.jpg,1,2,2
RipDetSeg-4t0hhy2x3oyc.jpg,RipDetSeg-gji82kfjebfp.jpg,0,2,2
RipDetSeg-5bsbkkqqe62c.jpg,RipDetSeg-545g70q8ooqa.jpg,2,2,2
RipDetSeg-gti45606c7j6.jpg,RipDetSeg-6nj9anhp0nsj.jpg,1,2,2
RipDetSeg-5bszuaiflthr.jpg,RipDetSeg-yfc54nkn4ftd.jpg,1,2,2
RipDetSeg-bk4trn0z8jqv.jpg,RipDetSeg-7ymbwdvslfif.jpg,1,2,2
RipDetSeg-5p3bx196lnel.jpg,RipDetSeg-zrgr85d5l51l.jpg,2,2,2
RipDetSeg-gfg4kn4c29ky.jpg,RipDetSeg-1ffojsr8ia3f.jpg,2,2,2
RipDetSeg-ge019if8szqc.jpg,RipDetSeg-kexrbivhzp7d.jpg,1,2,2
RipDetSeg-bk9yy8ublmh4.jpg,RipDetSeg-q4zo144aw96m.jpg,0,2,2
RipDetSeg-5qpxq9ya5iah.jpg,RipDetSeg-jugkx2haau4x.jpg,0,2,2
RipDetSeg-5rjd9bglyyxc.jpg,RipDetSeg-4s16wrccih8k.jpg,0,2,2
RipDetSeg-gcg5m9f6xuq3.jpg,RipDetSeg-3v5hgr0ar68j.jpg,0,2,2
RipDetSeg-gbuwna5gek9g.jpg,RipDetSeg-3vwpjxt73ikb.jpg,0,2,2
RipDetSeg-5se114l4zfot.jpg,RipDetSeg-ems2ykgol4gc.jpg,1,2,2
RipDetSeg-5sgmszgag2jl.jpg,RipDetSeg-7dxv9ze8mf0g.jpg,1,2,2
RipDetSeg-gb13zoyml030.jpg,RipDetSeg-uizd12n6yuwj.jpg,2,2,2
RipDetSeg-af2potgwugdw.jpg,RipDetSeg-53qieoyrikzk.jpg,1,2,2
RipDetSeg-ggtasnycx1ld.jpg,RipDetSeg-xy31pqp1x1gp.jpg,1,2,2
RipDetSeg-5tbdfx0jhzyo.jpg,RipDetSeg-gvms88corpym.jpg,1,2,2
RipDetSeg-5unnf8bwivsg.jpg,RipDetSeg-j3n5qwk6xejw.jpg,2,0,2
RipDetSeg-5vco82cgjoro.jpg,RipDetSeg-fz2r6xzq52ez.jpg,1,2,2
RipDetSeg-g89x2m7427jd.jpg,RipDetSeg-cxwiyzvdkrp9.jpg,2,0,2
RipDetSeg-g6w5bdtl059v.jpg,RipDetSeg-1xl7d5j39jlf.jpg,2,0,2
RipDetSeg-5vfo6atolx0o.jpg,RipDetSeg-53it23y4w1ec.jpg,1,2,2
RipDetSeg-g6cyg4slfv4h.jpg,RipDetSeg-4oj5x63dkfr5.jpg,2,2,2
RipDetSeg-g5ykewp6tufi.jpg,RipDetSeg-r147krapn753.jpg,2,2,2
RipDetSeg-g5p16wu5p8si.jpg,RipDetSeg-06z1njvrw8d2.jpg,1,2,2
RipDetSeg-g5iekki5qbql.jpg,RipDetSeg-7fc7xh2mto10.jpg,2,0,2
RipDetSeg-g55hsynwy7gn.jpg,RipDetSeg-3tul8jb1mqr4.jpg,2,0,2
RipDetSeg-5ymth0lgsoz8.jpg,RipDetSeg-l2qm0ieilec7.jpg,2,2,2
RipDetSeg-g4dkvoul6s13.jpg,RipDetSeg-prc3yzqis5l1.jpg,2,2,2
RipDetSeg-5yu50ag372rv.jpg,RipDetSeg-fvsg8uvyhdxn.jpg,0,2,2
RipDetSeg-5txhwj4zhk8z.jpg,RipDetSeg-61h7i2kfk17v.jpg,1,2,2
RipDetSeg-bjklw0fl5tf7.jpg,RipDetSeg-4wxhp91legef.jpg,2,0,2
RipDetSeg-gh84v0jmk7h5.jpg,RipDetSeg-c31jk3u5odji.jpg,1,2,2
RipDetSeg-5mkgtm1orwjr.jpg,RipDetSeg-jlgmyx4mkvat.jpg,0,2,2
RipDetSeg-gth8wcvjivcy.jpg,RipDetSeg-0d8rl1vi9yxp.jpg,2,0,2
RipDetSeg-5busvarbttj5.jpg,RipDetSeg-3i1zy833ipts.jpg,1,2,2
RipDetSeg-biers7de8ggt.jpg,RipDetSeg-53vn7pbttfxm.jpg,0,2,2
RipDetSeg-grqxupt4pz1b.jpg,RipDetSeg-lu8knyesdw3z.jpg,1,2,2
RipDetSeg-gqof4zcyp7hr.jpg,RipDetSeg-0gq5sjbg8hvx.jpg,2,2,2
RipDetSeg-5byqi0chwarv.jpg,RipDetSeg-tbc1k6462564.jpg,1,2,2
RipDetSeg-5cy99wxt276s.jpg,RipDetSeg-k2jmmlx9dvnc.jpg,2,0,2
RipDetSeg-gpp4y1j00kiz.jpg,RipDetSeg-0ta4cngi3hgv.jpg,2,0,2
RipDetSeg-5dckqnkjk5bv.jpg,RipDetSeg-7n44jstqagka.jpg,0,2,2
RipDetSeg-5dez4tjp5prn.jpg,RipDetSeg-y0znpwakx64z.jpg,2,0,2
RipDetSeg-5dwie6zfkpvx.jpg,RipDetSeg-0takswui5fdi.jpg,1,2,2
RipDetSeg-gmpkoqytkt1b.jpg,RipDetSeg-xqxlh6wjzkmv.jpg,2,0,2
RipDetSeg-af92wzm4pxd5.jpg,RipDetSeg-t0rp95yggguy.jpg,0,2,2
RipDetSeg-5fzfwzynjcfj.jpg,RipDetSeg-v2q71huy9oa5.jpg,0,2,2
RipDetSeg-glxp33vbbtwv.jpg,RipDetSeg-wuq3zxusy3tt.jpg,2,2,2
RipDetSeg-gl124wfkbe86.jpg,RipDetSeg-2fibsy1keuww.jpg,1,2,2
RipDetSeg-5gdv2zvfnjlo.jpg,RipDetSeg-jcfb9p64osl8.jpg,1,2,2
RipDetSeg-gkelq2r8kc2n.jpg,RipDetSeg-ij0y8b81xs27.jpg,0,2,2
RipDetSeg-5gf9w3hv0nmw.jpg,RipDetSeg-ahty3trz9079.jpg,1,2,2
RipDetSeg-gjo5v1nbyfeq.jpg,RipDetSeg-lfwz0h4nohbz.jpg,2,2,2
RipDetSeg-5goupu9003u5.jpg,RipDetSeg-c1oa48g7wk82.jpg,0,2,2
RipDetSeg-5i7d5xk1lblp.jpg,RipDetSeg-achfp7cd71im.jpg,0,2,2
RipDetSeg-5imnqqh1hrve.jpg,RipDetSeg-1l9i6eu26r25.jpg,2,0,2
RipDetSeg-gjcfhc7h9veb.jpg,RipDetSeg-wgb8v8jxfrwv.jpg,2,2,2
RipDetSeg-giygpdifs1j8.jpg,RipDetSeg-j3n5qwk6xejw.jpg,1,2,2
RipDetSeg-gi5ennujnraz.jpg,RipDetSeg-qd20y7k3woip.jpg,0,2,2
RipDetSeg-5k5b23zcm6k0.jpg,RipDetSeg-4nbi7aqpf2kz.jpg,0,2,2
RipDetSeg-bjerwgye92zg.jpg,RipDetSeg-ey0xjzu9ggm4.jpg,2,0,2
RipDetSeg-5lx3cfmqdfw1.jpg,RipDetSeg-9s9uzoj8qv0k.jpg,0,2,2
RipDetSeg-5z0dxfagai4y.jpg,RipDetSeg-1mwfv1f5ym0s.jpg,2,2,2
RipDetSeg-7df1f6z63git.jpg,RipDetSeg-emoto2ym4i5x.jpg,1,2,2
RipDetSeg-eqva0ya92udo.jpg,RipDetSeg-zuzlj3mko5ig.jpg,2,2,2
RipDetSeg-eqlrqggh7jll.jpg,RipDetSeg-e46vsk1l3qkm.jpg,0,2,2
RipDetSeg-bzfc59ln5dxa.jpg,RipDetSeg-lboqac5uvzbi.jpg,0,2,2
RipDetSeg-d0ar83xhm50m.jpg,RipDetSeg-zmgyio35ap1c.jpg,2,0,2
RipDetSeg-d06ygp7e6p3k.jpg,RipDetSeg-bjoxjhq4yuts.jpg,2,2,2
RipDetSeg-czr9mc8aq7nr.jpg,RipDetSeg-a82ntx1dozep.jpg,0,2,2
RipDetSeg-93ocx1ov7s7f.jpg,RipDetSeg-3uutjjdfybpd.jpg,0,2,2
RipDetSeg-94q18t3z49z1.jpg,RipDetSeg-g0rasc4tdf4i.jpg,1,2,2
RipDetSeg-95u4xqrwus7w.jpg,RipDetSeg-5ftmfev89i94.jpg,0,2,2
RipDetSeg-czhd2b5qm6zt.jpg,RipDetSeg-5fr2w5ti5bmo.jpg,0,2,2
RipDetSeg-czf8axv6cu0p.jpg,RipDetSeg-5xg2rlwz96w8.jpg,2,0,2
RipDetSeg-cz68d7twxz37.jpg,RipDetSeg-42tkn7wmlxzl.jpg,1,2,2
RipDetSeg-cyihl821bnh7.jpg,RipDetSeg-9cd39zfa17et.jpg,0,2,2
RipDetSeg-965nx0a9yx7l.jpg,RipDetSeg-w9ip5ee62mgx.jpg,2,2,2
RipDetSeg-cxyxtl8xw964.jpg,RipDetSeg-lyo2bt87glxd.jpg,0,2,2
RipDetSeg-d0g1aq810q97.jpg,RipDetSeg-xlk606xfquw2.jpg,0,2,2
RipDetSeg-966vpyvwfa6l.jpg,RipDetSeg-nx6m8fg6jcvn.jpg,2,0,2
RipDetSeg-9a2iv1abzwl6.jpg,RipDetSeg-gv87ndx12kaj.jpg,0,2,2
RipDetSeg-9bkdrld7h09a.jpg,RipDetSeg-rkzjalk1nync.jpg,1,2,2
RipDetSeg-cs9cxctlr4ko.jpg,RipDetSeg-63o96fvptzl7.jpg,2,2,2
RipDetSeg-9e9ugp2al9tg.jpg,RipDetSeg-8pqzg8inhwfu.jpg,0,2,2
RipDetSeg-crwfrk47907s.jpg,RipDetSeg-zsoecbcjjltb.jpg,1,2,2
RipDetSeg-crr09tny90y3.jpg,RipDetSeg-04att8jfxcig.jpg,2,0,2
RipDetSeg-9eiy4xxd1fr3.jpg,RipDetSeg-0nbc0qc8uo44.jpg,0,2,2
RipDetSeg-cr4us1s9d8c0.jpg,RipDetSeg-6slzhjtocdx6.jpg,2,0,2
RipDetSeg-9fqu3ghl2tar.jpg,RipDetSeg-9q2ie4cqjkax.jpg,2,2,2
RipDetSeg-cprq7nss584e.jpg,RipDetSeg-wlbokh3vyp20.jpg,0,2,2
RipDetSeg-cp1qbz8a47cc.jpg,RipDetSeg-19obxox08hr1.jpg,2,0,2
RipDetSeg-coyhdj8b2m3s.jpg,RipDetSeg-fx9mr34h791z.jpg,1,2,2
RipDetSeg-codcyc0bslf4.jpg,RipDetSeg-9qrz990mjh4v.jpg,2,2,2
RipDetSeg-991bbp9iudri.jpg,RipDetSeg-3hhspbjtywoy.jpg,2,2,2
RipDetSeg-cn7lg0j04cfx.jpg,RipDetSeg-ppliuwv5dbdv.jpg,1,2,2
RipDetSeg-92rqihxz6uif.jpg,RipDetSeg-ccdhqftzlzr4.jpg,2,2,2
RipDetSeg-d16apvpvpg2j.jpg,RipDetSeg-1sg1shplmuk5.jpg,2,0,2
RipDetSeg-dbchczu7alu4.jpg,RipDetSeg-b796nx92yfqq.jpg,1,2,2
RipDetSeg-db2p9p8g4xt5.jpg,RipDetSeg-qzqlgkai1p1q.jpg,1,2,2
RipDetSeg-dasel8x1ddtt.jpg,RipDetSeg-876x1kohu4ul.jpg,2,0,2
RipDetSeg-8n11vw1y1vus.jpg,RipDetSeg-ozbdpmkafehj.jpg,2,2,2
RipDetSeg-dae5xszrhz1k.jpg,RipDetSeg-3ui4tx0j2wps.jpg,2,0,2
RipDetSeg-d90elciupcsk.jpg,RipDetSeg-12i6fclofoup.jpg,1,2,2
RipDetSeg-8o8a44vtiwgc.jpg,RipDetSeg-nsvth126oiof.jpg,0,2,2
RipDetSeg-d8qfnofc9oh7.jpg,RipDetSeg-om7iw9fdiy22.jpg,2,0,2
RipDetSeg-8pi9ymqal47v.jpg,RipDetSeg-h9da0x7axf4u.jpg,1,2,2
RipDetSeg-d8oyjphu7hds.jpg,RipDetSeg-4vy1jp2s2x3j.jpg,1,2,2
RipDetSeg-8pw5kmy1dwi9.jpg,RipDetSeg-m2yemw3u5brz.jpg,2,2,2
RipDetSeg-d7sltq4wvo14.jpg,RipDetSeg-myeyuzkvou52.jpg,2,2,2
RipDetSeg-d7mkd6drxm33.jpg,RipDetSeg-4fmefgz3xxmq.jpg,2,2,2
RipDetSeg-d11truohq1t7.jpg,RipDetSeg-rkqu9reumhwb.jpg,1,2,2
RipDetSeg-bwirld31g8jo.jpg,RipDetSeg-8ul47h6pny3w.jpg,2,0,2
RipDetSeg-d4q6hyqw9e0j.jpg,RipDetSeg-29toccrz3rr0.jpg,1,2,2
RipDetSeg-d4eqpiic6dur.jpg,RipDetSeg-j8u8osbpoc1v.jpg,0,2,2
RipDetSeg-a9lqu4kb5ci9.jpg,RipDetSeg-buy68qg7j01r.jpg,1,2,2
RipDetSeg-8vgsv7eit8zl.jpg,RipDetSeg-ugwyi3iobrbf.jpg,1,2,2
RipDetSeg-d3jl7irudv7v.jpg,RipDetSeg-613wu4naqoqs.jpg,0,2,2
RipDetSeg-bxh820a9f14h.jpg,RipDetSeg-l7pbqsn0qe07.jpg,1,2,2
RipDetSeg-a8krt2l9vpby.jpg,RipDetSeg-n7t3yuilsgyg.jpg,0,2,2
RipDetSeg-d29cevdn6ha6.jpg,RipDetSeg-epywqg38wrvi.jpg,2,0,2
RipDetSeg-d288w8rv132u.jpg,RipDetSeg-19obxox08hr1.jpg,2,2,2
RipDetSeg-8zfgniwnowhs.jpg,RipDetSeg-3jwhx3xq98zt.jpg,0,2,2
RipDetSeg-d1ze2kt1hl31.jpg,RipDetSeg-409f30m50mxj.jpg,2,0,2
RipDetSeg-91vrbw6ph2y8.jpg,RipDetSeg-aoatx4u7ex53.jpg,0,2,2
RipDetSeg-92kfjrqw1tfr.jpg,RipDetSeg-eroa2p0vfb70.jpg,2,0,2
RipDetSeg-8s1frvuiqjdk.jpg,RipDetSeg-cp5uicvj1ghl.jpg,1,2,2
RipDetSeg-cljqe873m8ui.jpg,RipDetSeg-lqu7i5tbvlzs.jpg,1,2,2
RipDetSeg-cl061j8jqygo.jpg,RipDetSeg-0ialaeizzraj.jpg,2,0,2
RipDetSeg-cklqqci5pdoi.jpg,RipDetSeg-fdkluiu15fc8.jpg,2,2,2
RipDetSeg-a5jh0lv8eiba.jpg,RipDetSeg-73mhza2vi4ma.jpg,1,2,2
RipDetSeg-9r3rt5ttw1fv.jpg,RipDetSeg-wjzofyrvyabt.jpg,2,0,2
RipDetSeg-9sem49rx884e.jpg,RipDetSeg-autt2jlg97l0.jpg,1,2,2
RipDetSeg-c8shd8q5w2ox.jpg,RipDetSeg-gz59a06l3sfu.jpg,2,2,2
RipDetSeg-a4ksmxfk3j2o.jpg,RipDetSeg-5o5zculf4qzz.jpg,0,2,2
RipDetSeg-c7fnx6nmul33.jpg,RipDetSeg-7eja8aaq213t.jpg,1,2,2
RipDetSeg-9up0ghqcreme.jpg,RipDetSeg-mgh5nkv5dwht.jpg,2,2,2
RipDetSeg-c718thi2id4e.jpg,RipDetSeg-8j08vinzqcwz.jpg,1,2,2
RipDetSeg-9usy193aku1s.jpg,RipDetSeg-mjyadjbvkr6y.jpg,0,2,2
RipDetSeg-c6s3m76htnmp.jpg,RipDetSeg-rtcjpi27dz3u.jpg,1,2,2
RipDetSeg-9voa1v1c236a.jpg,RipDetSeg-xvmtj8hnp93t.jpg,0,2,2
RipDetSeg-c67f7ey0cit4.jpg,RipDetSeg-8x50uu2oeylr.jpg,2,2,2
RipDetSeg-9w418t0u7msx.jpg,RipDetSeg-0zujwuw1ixq4.jpg,2,2,2
RipDetSeg-c179pefh2tr6.jpg,RipDetSeg-nb7srol9mgb1.jpg,1,2,2
RipDetSeg-9wamn4ag4htm.jpg,RipDetSeg-h01t5d40z45m.jpg,0,2,2
RipDetSeg-c53r82xyhowl.jpg,RipDetSeg-gzu0btj00e43.jpg,1,2,2
RipDetSeg-9xajyw3l2iru.jpg,RipDetSeg-2uvi0gvpt4qz.jpg,2,2,2
RipDetSeg-c4wiemk5ndfu.jpg,RipDetSeg-1cn5p3lsga1x.jpg,2,0,2
RipDetSeg-9xrl18qjhvom.jpg,RipDetSeg-1mkqq1d4iruz.jpg,2,0,2
RipDetSeg-a059tbr3nrzz.jpg,RipDetSeg-hp9u0a0cle6w.jpg,1,2,2
RipDetSeg-a4bir6wnrtmc.jpg,RipDetSeg-5d6kmh8ae46m.jpg,0,2,2
RipDetSeg-c38lz7c5zqp6.jpg,RipDetSeg-macfvz4qw9ts.jpg,0,2,2
RipDetSeg-a19def6i4pgd.jpg,RipDetSeg-cwtgr5z0jdqo.jpg,0,2,2
RipDetSeg-a1t769jy6mer.jpg,RipDetSeg-b985wpx9uxa4.jpg,1,2,2
RipDetSeg-a3yb3gug7n51.jpg,RipDetSeg-oy14zhcfn9tv.jpg,2,2,2
RipDetSeg-c2rji8iy8lbz.jpg,RipDetSeg-cbnzjmbab9m6.jpg,0,2,2
RipDetSeg-c2eis0yx49h2.jpg,RipDetSeg-iesnnf5bbklc.jpg,1,2,2
RipDetSeg-c2818xae2rhg.jpg,RipDetSeg-josmmanibcxl.jpg,2,0,2
RipDetSeg-9wyl2z69otll.jpg,RipDetSeg-b2wo48q15fhu.jpg,2,2,2
RipDetSeg-c94ni6wph7ge.jpg,RipDetSeg-plk74b8lfwoa.jpg,0,2,2
RipDetSeg-c988324vclw9.jpg,RipDetSeg-m27tazkie81n.jpg,0,2,2
RipDetSeg-9pq108vwrkhm.jpg,RipDetSeg-8ag0n6d69fr2.jpg,2,0,2
RipDetSeg-ck3vit2srhhi.jpg,RipDetSeg-0mlf3l88r2zr.jpg,2,2,2
RipDetSeg-9gd20wc073n6.jpg,RipDetSeg-isbw6ld4hxm6.jpg,1,2,2
RipDetSeg-ciwflomvlm5t.jpg,RipDetSeg-bjg5l83s6f5m.jpg,0,2,2
RipDetSeg-9gfr75lgzu1v.jpg,RipDetSeg-t5a4jikc5s4u.jpg,0,2,2
RipDetSeg-9gjodf3ozq22.jpg,RipDetSeg-ncztprjdm9em.jpg,2,2,2
RipDetSeg-chvp64na0gy5.jpg,RipDetSeg-1cuyw41rtmjh.jpg,0,2,2
RipDetSeg-9htc87z1kkds.jpg,RipDetSeg-0efqcelditdm.jpg,0,2,2
RipDetSeg-9i75hk4j0j3z.jpg,RipDetSeg-s5riw0vj3z9n.jpg,2,2,2
RipDetSeg-cg6j6r78mci2.jpg,RipDetSeg-2wf8ds80w520.jpg,1,2,2
RipDetSeg-9iavj2zpz5y3.jpg,RipDetSeg-2aems66avdtx.jpg,2,2,2
RipDetSeg-a75f1mpr5bla.jpg,RipDetSeg-0t0w72282h1k.jpg,0,2,2
RipDetSeg-cg0ggns3qy79.jpg,RipDetSeg-6fpo5ipjinbq.jpg,2,0,2
RipDetSeg-9jfc3wersd4x.jpg,RipDetSeg-958g2mckny80.jpg,1,2,2
RipDetSeg-cfb0xp2uni5y.jpg,RipDetSeg-t2x1tedzure8.jpg,1,2,2
RipDetSeg-cex68j5m7jo7.jpg,RipDetSeg-sott0xrpi2qi.jpg,2,0,2
RipDetSeg-9jp0yb59o822.jpg,RipDetSeg-gs95mur1pecf.jpg,2,2,2
RipDetSeg-9jtf56i996ca.jpg,RipDetSeg-tsq7vnclropd.jpg,2,0,2
RipDetSeg-9kwqiw7ksqqf.jpg,RipDetSeg-eibghoepwmut.jpg,0,2,2
RipDetSeg-9l8bzswejxgd.jpg,RipDetSeg-8hrxn5expaix.jpg,1,2,2
RipDetSeg-9lcj8g0chfbu.jpg,RipDetSeg-xhul5ed22ur5.jpg,2,2,2
RipDetSeg-9lvi11zxfhoy.jpg,RipDetSeg-11ed020449rs.jpg,1,2,2
RipDetSeg-9ml9c9golb8q.jpg,RipDetSeg-dpvvzjk9jfjm.jpg,1,2,2
RipDetSeg-cd0o3cax15ta.jpg,RipDetSeg-6bgxa78riw8b.jpg,1,2,2
RipDetSeg-9n3q1e3qwye9.jpg,RipDetSeg-0sqtdeql9ugw.jpg,2,0,2
RipDetSeg-9nfz0q8gtre5.jpg,RipDetSeg-9ebb2i1l047t.jpg,2,0,2
RipDetSeg-9p3k6hvva9sd.jpg,RipDetSeg-05ek7i6fdn4y.jpg,2,0,2
RipDetSeg-caknl99dmdiw.jpg,RipDetSeg-rme0p8m2sav7.jpg,0,2,2
RipDetSeg-cah0z2tuw8uw.jpg,RipDetSeg-p3ns3wllszmu.jpg,1,2,2
RipDetSeg-9p6pemznn103.jpg,RipDetSeg-7wb62o1l5bt7.jpg,1,2,2
RipDetSeg-8mnz98a387hd.jpg,RipDetSeg-a5gqpxu4a26j.jpg,2,2,2
RipDetSeg-dbo9utl3dk02.jpg,RipDetSeg-859eh5n0f2q7.jpg,2,0,2
RipDetSeg-dc7dhc67mkw4.jpg,RipDetSeg-vz8md16ap4ly.jpg,2,0,2
RipDetSeg-dcoyvn6hr53a.jpg,RipDetSeg-bqt28sowcnsa.jpg,1,2,2
RipDetSeg-ef7fifl6mrv6.jpg,RipDetSeg-efesvz9tts5a.jpg,1,2,2
RipDetSeg-7o3p2i9ycefl.jpg,RipDetSeg-73mhza2vi4ma.jpg,2,2,2
RipDetSeg-7rcdc8vznxbt.jpg,RipDetSeg-1dpb47n4v65t.jpg,2,2,2
RipDetSeg-7rj1bzxqd3ci.jpg,RipDetSeg-0jhrq9mahrx0.jpg,0,2,2
RipDetSeg-eegy60dy8obh.jpg,RipDetSeg-ao84riv1li3t.jpg,2,2,2
RipDetSeg-ee3u50yw98a2.jpg,RipDetSeg-k72gsa07jy0o.jpg,1,2,2
RipDetSeg-ediwevur8teo.jpg,RipDetSeg-f6vgxwwhs6xk.jpg,0,2,2
RipDetSeg-7sbfga20bpzd.jpg,RipDetSeg-n4y2b9vds3yr.jpg,1,2,2
RipDetSeg-7skrzew07lad.jpg,RipDetSeg-255jxj27ykfp.jpg,2,2,2
RipDetSeg-ed55byccs4oq.jpg,RipDetSeg-38ps86txqaa6.jpg,0,2,2
RipDetSeg-ect017dr1owt.jpg,RipDetSeg-0s6luvxjjjg4.jpg,1,2,2
RipDetSeg-7w9mw57uibhz.jpg,RipDetSeg-00pypphisupi.jpg,0,2,2
RipDetSeg-eazib7v0elmr.jpg,RipDetSeg-2e6stl8tpb74.jpg,0,2,2
RipDetSeg-eff8qtuqgp8y.jpg,RipDetSeg-3ousbqo8tfzn.jpg,2,0,2
RipDetSeg-eal28masgq56.jpg,RipDetSeg-nxc0682j7q7t.jpg,1,2,2
RipDetSeg-7xsywlllopmw.jpg,RipDetSeg-sblmvcs3wuam.jpg,1,2,2
RipDetSeg-e9w3ec5v76ap.jpg,RipDetSeg-01nq12wwbhst.jpg,0,2,2
RipDetSeg-7y7246qq0uda.jpg,RipDetSeg-16kqy6h4wgmh.jpg,0,2,2
RipDetSeg-e8gv49nwlimy.jpg,RipDetSeg-jze2l1nq0f7b.jpg,2,0,2
RipDetSeg-7yjb5xqdfip4.jpg,RipDetSeg-jmucy3rk9jbo.jpg,1,2,2
RipDetSeg-7yuuo1qqg88g.jpg,RipDetSeg-6d421madbhvj.jpg,1,2,2
RipDetSeg-e65m56igdxtf.jpg,RipDetSeg-m27tazkie81n.jpg,1,2,2
RipDetSeg-e5jo247wyd78.jpg,RipDetSeg-qzths8irsws2.jpg,2,0,2
RipDetSeg-804klw58o5fj.jpg,RipDetSeg-rbdm4pzaj3i5.jpg,2,2,2
RipDetSeg-e3s8fsjb7pc4.jpg,RipDetSeg-47t3kqdu54j5.jpg,0,2,2
RipDetSeg-80n3w1fi6n4u.jpg,RipDetSeg-hkh2qszcfq5r.jpg,0,2,2
RipDetSeg-e36ubixbi3g4.jpg,RipDetSeg-0lrj4lfqzi7x.jpg,1,2,2
RipDetSeg-e2lkbylz7leo.jpg,RipDetSeg-53w2pxg1kp35.jpg,0,2,2
RipDetSeg-7wv3uod2obnx.jpg,RipDetSeg-z6v3hpevh2iu.jpg,2,0,2
RipDetSeg-egd22lo0p1wu.jpg,RipDetSeg-b8gfq5z1938m.jpg,2,0,2
RipDetSeg-7nkz8iwpm517.jpg,RipDetSeg-bt1kcbg24pa4.jpg,1,2,2
RipDetSeg-bu66f7xtiftd.jpg,RipDetSeg-qnuyb3n8nre9.jpg,1,2,2
RipDetSeg-7dzr42dnda6c.jpg,RipDetSeg-cwyawztt7hmj.jpg,2,0,2
RipDetSeg-eq50yxvnd9ji.jpg,RipDetSeg-zi0854k4sa05.jpg,2,2,2
RipDetSeg-eox3wj5qvm95.jpg,RipDetSeg-zsjt08qu88j0.jpg,0,2,2
RipDetSeg-7e15n13wkdn2.jpg,RipDetSeg-7wkbv2zkb1rt.jpg,1,2,2
RipDetSeg-7gau3e79b9n7.jpg,RipDetSeg-nnqoxtzg2nnn.jpg,0,2,2
RipDetSeg-7hjt6oc04imm.jpg,RipDetSeg-1le6t5ee31ox.jpg,2,2,2
RipDetSeg-7ho9xy799hgk.jpg,RipDetSeg-7a4ibpoh002z.jpg,1,2,2
RipDetSeg-emll3fred2hk.jpg,RipDetSeg-3te9m52flr86.jpg,1,2,2
RipDetSeg-em3quvkyp0na.jpg,RipDetSeg-r7vxhonpbt9j.jpg,1,2,2
RipDetSeg-ackmr4dezqhh.jpg,RipDetSeg-0jhlx6ll6zjr.jpg,0,2,2
RipDetSeg-elxlhh74yg08.jpg,RipDetSeg-nly7tfgp7ow9.jpg,0,2,2
RipDetSeg-7kc6qqox89tv.jpg,RipDetSeg-homxl89psrrd.jpg,2,0,2
RipDetSeg-bremcemwwclh.jpg,RipDetSeg-mcspxhjnj8h0.jpg,0,2,2
RipDetSeg-eljyle0v7brd.jpg,RipDetSeg-53w2pxg1kp35.jpg,0,2,2
RipDetSeg-el1dhpev4xuq.jpg,RipDetSeg-1n7hnlhoiin7.jpg,1,2,2
RipDetSeg-bskyo8hsw8sb.jpg,RipDetSeg-0rgd097k62sg.jpg,1,2,2
RipDetSeg-ekhu3q9gtokk.jpg,RipDetSeg-lgmz1z03xbw1.jpg,1,2,2
RipDetSeg-btjft9mb6kep.jpg,RipDetSeg-hbxp5jiokpo9.jpg,1,2,2
RipDetSeg-bts47cyammpd.jpg,RipDetSeg-0pssi37x7tzm.jpg,1,2,2
RipDetSeg-ek5nzwf2b8ml.jpg,RipDetSeg-g5iwzt97l2l1.jpg,2,0,2
RipDetSeg-ek0x4n1yt5ak.jpg,RipDetSeg-ipetxaeg81wt.jpg,1,2,2
RipDetSeg-ejvssq5t7z0l.jpg,RipDetSeg-ejva2np5ghm1.jpg,0,2,2
RipDetSeg-ejip40xg872x.jpg,RipDetSeg-4fmefgz3xxmq.jpg,0,2,2
RipDetSeg-eivg8ua596fr.jpg,RipDetSeg-jh3oy2qxo8df.jpg,1,2,2
RipDetSeg-7ldgtiy5ionf.jpg,RipDetSeg-4199fajg0t25.jpg,0,2,2
RipDetSeg-7lx24m0ndyfa.jpg,RipDetSeg-1kge8l2bjbj3.jpg,0,2,2
RipDetSeg-7m6agoijk0ed.jpg,RipDetSeg-gbmpza7wgnax.jpg,2,2,2
RipDetSeg-eho5c8djsdz7.jpg,RipDetSeg-es4h5wpshvua.jpg,0,2,2
RipDetSeg-egy9irsteo65.jpg,RipDetSeg-nrd4d65b7ob7.jpg,2,2,2
RipDetSeg-e2duchnzq6cz.jpg,RipDetSeg-3ha4rdbyaxxa.jpg,2,0,2
RipDetSeg-4pkx60k3sv6z.jpg,RipDetSeg-4klch454jtz3.jpg,1,2,2
RipDetSeg-e28woek9zizk.jpg,RipDetSeg-f27pf0xkfiy3.jpg,2,0,2
RipDetSeg-81e3l705e8bn.jpg,RipDetSeg-ftqwzp2lokrn.jpg,1,2,2
RipDetSeg-8gffw1q5gam6.jpg,RipDetSeg-u6rs18mckq1b.jpg,0,2,2
RipDetSeg-8gyehrtm6cvh.jpg,RipDetSeg-8rs618dzva30.jpg,1,2,2
RipDetSeg-dn31uf4pl0zx.jpg,RipDetSeg-6drlqam1m454.jpg,1,2,2
RipDetSeg-dms8z22r4uf5.jpg,RipDetSeg-es8opyjtmwdf.jpg,0,2,2
RipDetSeg-8h61yiyx8bqv.jpg,RipDetSeg-jskhcnpzb8is.jpg,2,2,2
RipDetSeg-8hdpobpuj2c4.jpg,RipDetSeg-ao741yb9oqho.jpg,0,2,2
RipDetSeg-8hhm9ejkx87o.jpg,RipDetSeg-2o6a648mrh18.jpg,1,2,2
RipDetSeg-a9wxun9umgs4.jpg,RipDetSeg-r77l9ia0z03f.jpg,2,0,2
RipDetSeg-dko5e19k500g.jpg,RipDetSeg-pp9m4y1ym23g.jpg,1,2,2
RipDetSeg-8j24nzlvewn3.jpg,RipDetSeg-qltneja8puvw.jpg,1,2,2
RipDetSeg-dke14duccvcy.jpg,RipDetSeg-8e1bqttqwyvw.jpg,2,0,2
RipDetSeg-8ju0xcn7vqw5.jpg,RipDetSeg-v77segv0de4k.jpg,0,2,2
RipDetSeg-djbv6n2x6jkb.jpg,RipDetSeg-2nsvrz9ombrt.jpg,0,2,2
RipDetSeg-8fuc2h0een5a.jpg,RipDetSeg-38x8wsa42o57.jpg,2,0,2
RipDetSeg-8k2kxlbuunzc.jpg,RipDetSeg-trmi9yohq7rm.jpg,1,2,2
RipDetSeg-diqv1fzcijdy.jpg,RipDetSeg-1383jcyut22w.jpg,0,2,2
RipDetSeg-bvpvxqi2w9il.jpg,RipDetSeg-gs16x6nx4cf9.jpg,0,2,2
RipDetSeg-di9mo4rj0vlo.jpg,RipDetSeg-tw5it2e0vwis.jpg,2,0,2
RipDetSeg-dhrz8maprz9u.jpg,RipDetSeg-t4me69mz7xnp.jpg,0,2,2
RipDetSeg-8lc52tvzs5lk.jpg,RipDetSeg-c3vurmaqwzwp.jpg,1,2,2
RipDetSeg-dhfaq7hxj398.jpg,RipDetSeg-3ker07cvhfyj.jpg,0,2,2
RipDetSeg-dgrla8m4460k.jpg,RipDetSeg-8orjd4tdhobc.jpg,2,2,2
RipDetSeg-dfda3ed6f2e3.jpg,RipDetSeg-j7udhpbnpkvp.jpg,0,2,2
RipDetSeg-8lwx0uy4lb7a.jpg,RipDetSeg-i2xw9oonajyh.jpg,2,0,2
RipDetSeg-ddu6erdf95nr.jpg,RipDetSeg-82ukpupinud9.jpg,2,2,2
RipDetSeg-dd76fx543f7x.jpg,RipDetSeg-dlp0pp7ntmhb.jpg,1,2,2
RipDetSeg-dcrlzqi9yfco.jpg,RipDetSeg-fw7i1jex8i06.jpg,2,2,2
RipDetSeg-8m3i9d1ev8zx.jpg,RipDetSeg-7op90fnn6xdx.jpg,0,2,2
RipDetSeg-8krj788ivtor.jpg,RipDetSeg-3xmjn32szd7r.jpg,2,0,2
RipDetSeg-8eu1l4mt4yw5.jpg,RipDetSeg-t3jud6nlzea5.jpg,0,2,2
RipDetSeg-8etfnpeozbxg.jpg,RipDetSeg-5vcb51ygzvtv.jpg,2,0,2
RipDetSeg-dpobmb2o92gw.jpg,RipDetSeg-8rxunj6gs5xz.jpg,0,2,2
RipDetSeg-e1t2qbpxmss2.jpg,RipDetSeg-dsq7ikg64rg0.jpg,0,2,2
RipDetSeg-e19e6o9n4nm8.jpg,RipDetSeg-r77l9ia0z03f.jpg,2,0,2
RipDetSeg-82dh26fbxbjo.jpg,RipDetSeg-5tcrskvgvk12.jpg,0,2,2
RipDetSeg-83p46eyagtdf.jpg,RipDetSeg-wp1y7shffknz.jpg,0,2,2
RipDetSeg-e05ry69254xt.jpg,RipDetSeg-ewi3sshzri2i.jpg,0,2,2
RipDetSeg-buq37tv74pu3.jpg,RipDetSeg-yncgc0os2zgt.jpg,1,2,2
RipDetSeg-85wmcquw4uvl.jpg,RipDetSeg-ghr502ifra8k.jpg,2,2,2
RipDetSeg-dz4m70n6rp5h.jpg,RipDetSeg-ewi3sshzri2i.jpg,0,2,2
RipDetSeg-8692q7s28ubo.jpg,RipDetSeg-ufynpkk2kvhe.jpg,1,2,2
RipDetSeg-86rifb7zup2c.jpg,RipDetSeg-zm9a6l76k1cq.jpg,0,2,2
RipDetSeg-86yqqt0lovxe.jpg,RipDetSeg-afkej1nowup7.jpg,2,0,2
RipDetSeg-86z5wcv6vv57.jpg,RipDetSeg-h589uki2ebj5.jpg,0,2,2
RipDetSeg-87s9essff7lo.jpg,RipDetSeg-5qebqjiwm1f1.jpg,0,2,2
RipDetSeg-87v3thqkbrua.jpg,RipDetSeg-8ji6x6cdjh77.jpg,2,0,2
RipDetSeg-dvh5mlxdh3qc.jpg,RipDetSeg-urr8pusvw697.jpg,1,2,2
RipDetSeg-8aao7lr68pja.jpg,RipDetSeg-c4egxd1j1edf.jpg,1,2,2
RipDetSeg-8bkw5vh2ugjm.jpg,RipDetSeg-2yl842bqiq53.jpg,0,2,2
RipDetSeg-8dbapyhcp1td.jpg,RipDetSeg-mraintwnkwah.jpg,0,2,2
RipDetSeg-8dsbu3v2aqe2.jpg,RipDetSeg-wpb71vgy60lw.jpg,0,2,2
RipDetSeg-dsg5glj0w56d.jpg,RipDetSeg-zbvqgrlsb3dh.jpg,0,2,2
RipDetSeg-dsd5npnk2y54.jpg,RipDetSeg-6fv9w21u26ut.jpg,1,2,2
RipDetSeg-8ek9g1u3xdyi.jpg,RipDetSeg-svjbvpb7n1ul.jpg,1,2,2
RipDetSeg-dqrv1mnzbng8.jpg,RipDetSeg-3i6kfgkj9kn0.jpg,0,2,2
RipDetSeg-dqpyyxhkfxzc.jpg,RipDetSeg-997sbdtrtneo.jpg,0,2,2
RipDetSeg-dqjxdxv5k5xq.jpg,RipDetSeg-hcxthfkji89l.jpg,0,2,2
RipDetSeg-dqjwn53ab7z1.jpg,RipDetSeg-iu9cixevv2ny.jpg,2,2,2
RipDetSeg-dq56vo5kw7ps.jpg,RipDetSeg-0gl4osjgy6d4.jpg,1,2,2
RipDetSeg-dq1755psjin5.jpg,RipDetSeg-u3lcg3s9mpx6.jpg,1,2,2
RipDetSeg-dpt1ctnsw2pd.jpg,RipDetSeg-2a34s21exdwe.jpg,2,2,2
RipDetSeg-aa9zz11y3lvk.jpg,RipDetSeg-j7v7ajierlyl.jpg,0,2,2
RipDetSeg-4pe1brw9kgok.jpg,RipDetSeg-58tokn6028tq.jpg,1,2,2
RipDetSeg-hfs8p99l98e2.jpg,RipDetSeg-8ffuxco818my.jpg,0,2,2
RipDetSeg-ajr43dtsmuaw.jpg,RipDetSeg-f3gf2rjvl2mp.jpg,1,2,2
RipDetSeg-1iezwdom1qdu.jpg,RipDetSeg-bx42oyy991b4.jpg,0,2,2
RipDetSeg-l23pqookuhwa.jpg,RipDetSeg-007tzvyx9ojc.jpg,2,0,2
RipDetSeg-1j0nn6aodbpr.jpg,RipDetSeg-d76854miq4r8.jpg,2,0,2
RipDetSeg-l0xi3kq19w8i.jpg,RipDetSeg-33jshi0n2qf1.jpg,0,2,2
RipDetSeg-kznovppp0o87.jpg,RipDetSeg-1wcaw6rsj8ma.jpg,0,2,2
RipDetSeg-kyxtvba5y0m8.jpg,RipDetSeg-0vkexoppk0w3.jpg,2,0,2
RipDetSeg-kxtdj1acfdv9.jpg,RipDetSeg-29v4ue7qo7og.jpg,1,2,2
RipDetSeg-1jeumokk6662.jpg,RipDetSeg-9hxqqxqgtyej.jpg,2,2,2
RipDetSeg-kwhufgf5rmfv.jpg,RipDetSeg-l2qm0ieilec7.jpg,2,2,2
RipDetSeg-kvkriabw26oq.jpg,RipDetSeg-n3nh2xq4ijol.jpg,2,0,2
RipDetSeg-kuzmigc3y0jx.jpg,RipDetSeg-32y42yax9n8n.jpg,0,2,2
RipDetSeg-b8dpz7o62yx4.jpg,RipDetSeg-5wcplvd1yhzz.jpg,0,2,2
RipDetSeg-1kf3tzw5whmg.jpg,RipDetSeg-enmw25vpca58.jpg,0,2,2
RipDetSeg-l2q1u8k6z8ks.jpg,RipDetSeg-0fzngrtovxuo.jpg,0,2,2
RipDetSeg-ku4qfarukgnu.jpg,RipDetSeg-ovyjv4syzmid.jpg,1,2,2
RipDetSeg-1ku94ksd358d.jpg,RipDetSeg-wkhb25bcypt9.jpg,2,2,2
RipDetSeg-1lq9jnyxn0bu.jpg,RipDetSeg-jk0bm1wjoxcd.jpg,0,2,2
RipDetSeg-kt9f0h3ru4ex.jpg,RipDetSeg-71x498jtkqjo.jpg,0,2,2
RipDetSeg-kt4n1swomsx2.jpg,RipDetSeg-1wbkgimxdtk8.jpg,0,2,2
RipDetSeg-aqap3f6wr3xu.jpg,RipDetSeg-vs62ry0upmsn.jpg,1,2,2
RipDetSeg-ks8c2o5d6x8d.jpg,RipDetSeg-0itesx3ee6hf.jpg,2,0,2
RipDetSeg-1mxmnqtz3z9r.jpg,RipDetSeg-bnmf7ghkxqcc.jpg,1,2,2
RipDetSeg-kra82zdmryv9.jpg,RipDetSeg-npdb9n1b1rua.jpg,1,2,2
RipDetSeg-kqjkwp076xdz.jpg,RipDetSeg-8qjhp68vxoky.jpg,0,2,2
RipDetSeg-kpxppu952cjl.jpg,RipDetSeg-kmhzpdu51k9m.jpg,1,2,2
RipDetSeg-1mzhox0icea0.jpg,RipDetSeg-4eys4lk3teds.jpg,2,2,2
RipDetSeg-1npvh6uwh9em.jpg,RipDetSeg-6f9wk25a33u5.jpg,1,2,2
RipDetSeg-kpmiq6cgyvu0.jpg,RipDetSeg-d1jm9up5ednn.jpg,0,2,2
RipDetSeg-1kn8pu2f3ypq.jpg,RipDetSeg-255jxj27ykfp.jpg,1,2,2
RipDetSeg-1nt48qsd4cui.jpg,RipDetSeg-1oeohfwdzwgm.jpg,2,2,2
RipDetSeg-l3qjxwcfhef8.jpg,RipDetSeg-cbnzjmbab9m6.jpg,2,2,2
RipDetSeg-1gpi13sbh1nh.jpg,RipDetSeg-1s1olbo7x0qj.jpg,2,2,2
RipDetSeg-19pjxc60huia.jpg,RipDetSeg-3sioni0kw4vb.jpg,0,2,2
RipDetSeg-lhufzk61qcj8.jpg,RipDetSeg-bick4o02do23.jpg,1,2,2
RipDetSeg-lhfq73g5nlbi.jpg,RipDetSeg-jk4eq2bj479i.jpg,2,0,2
RipDetSeg-lha9agnl2heb.jpg,RipDetSeg-pr3jxs3zz9gq.jpg,0,2,2
RipDetSeg-1ah2844xgmqc.jpg,RipDetSeg-el1wpojv5vqq.jpg,2,0,2
RipDetSeg-leoykg352fow.jpg,RipDetSeg-inmj3a6724vw.jpg,0,2,2
RipDetSeg-lem5nz3f774h.jpg,RipDetSeg-b7w8f7tf1hsn.jpg,0,2,2
RipDetSeg-ld2y1l4elo0c.jpg,RipDetSeg-96n1tsjqpy7x.jpg,1,2,2
RipDetSeg-1avm1yh0o6uh.jpg,RipDetSeg-4199fajg0t25.jpg,0,2,2
RipDetSeg-lco0l0do4l3v.jpg,RipDetSeg-fgyl0jm4jp00.jpg,0,2,2
RipDetSeg-lbxbh8ypqm80.jpg,RipDetSeg-ucbvewctpu8s.jpg,0,2,2
RipDetSeg-b4lilzxn1de4.jpg,RipDetSeg-353crpkrnry5.jpg,0,2,2
RipDetSeg-1bz7m5gr1uy8.jpg,RipDetSeg-04mi6vicjmeg.jpg,1,2,2
RipDetSeg-b7twlecnbocb.jpg,RipDetSeg-d1r39piahuen.jpg,1,2,2
RipDetSeg-laf1gfqsbo09.jpg,RipDetSeg-phn7nrwlsgc1.jpg,0,2,2
RipDetSeg-1cz7l1vt8l34.jpg,RipDetSeg-1e9gt36pueh6.jpg,2,0,2
RipDetSeg-l8ptqpbdvkdd.jpg,RipDetSeg-dxc61wke7e3f.jpg,1,2,2
RipDetSeg-1czxsnucsraw.jpg,RipDetSeg-08907gpj8gdj.jpg,0,2,2
RipDetSeg-1evj6vwb8376.jpg,RipDetSeg-u9i2m87w6d59.jpg,2,2,2
RipDetSeg-1fo8vjde4uao.jpg,RipDetSeg-n0ahft1panr4.jpg,0,2,2
RipDetSeg-1g657vcieeil.jpg,RipDetSeg-a652y779csnh.jpg,0,2,2
RipDetSeg-l86129bh0jnp.jpg,RipDetSeg-kw1krvozph9s.jpg,0,2,2
RipDetSeg-l83evvbyk0zk.jpg,RipDetSeg-hw1mfos2gsia.jpg,1,2,2
RipDetSeg-asqzn7oa2p55.jpg,RipDetSeg-xqjhq4x5p95k.jpg,2,0,2
RipDetSeg-b6x0blm8kxoe.jpg,RipDetSeg-z33wsw1x25ox.jpg,1,2,2
RipDetSeg-1gn1dtu0hkrg.jpg,RipDetSeg-h7nyb1kv6n9p.jpg,0,2,2
RipDetSeg-l5g05hubj8km.jpg,RipDetSeg-1e4tflz7obrl.jpg,1,2,2
RipDetSeg-b6zh0ohphkrz.jpg,RipDetSeg-409f30m50mxj.jpg,2,2,2
RipDetSeg-la8ptgy5vo3l.jpg,RipDetSeg-jjwek56x9f2l.jpg,2,2,2
RipDetSeg-1nuhe3oyn5uj.jpg,RipDetSeg-1pbi0szszxhb.jpg,0,2,2
RipDetSeg-kpdbqajtxaxp.jpg,RipDetSeg-nxf45r6vie69.jpg,1,2,2
RipDetSeg-1nw87lc65uk4.jpg,RipDetSeg-827rl4w27tg3.jpg,0,2,2
RipDetSeg-kcfz532qpsb9.jpg,RipDetSeg-rpalb3czq95k.jpg,1,2,2
RipDetSeg-kcav2og6lhql.jpg,RipDetSeg-qp3m5xzxi1ay.jpg,2,0,2
RipDetSeg-kc67u4j45h8b.jpg,RipDetSeg-gppey435iqw5.jpg,1,2,2
RipDetSeg-kc534o7cny3b.jpg,RipDetSeg-944nmu0rf4qs.jpg,2,0,2
RipDetSeg-aq7eyteay1te.jpg,RipDetSeg-03l8b6ow5quy.jpg,0,2,2
RipDetSeg-kbwb016rygrf.jpg,RipDetSeg-bde6y0ix36mn.jpg,2,0,2
RipDetSeg-kboajbrdo9j3.jpg,RipDetSeg-dulo9z3thwbl.jpg,2,2,2
RipDetSeg-kbilp5lpogkv.jpg,RipDetSeg-c0hjw1jx7q7f.jpg,0,2,2
RipDetSeg-aq72vvy5lrb7.jpg,RipDetSeg-le0cunjl42om.jpg,0,2,2
RipDetSeg-kb8j2ba4567u.jpg,RipDetSeg-5qzojgfvs3dw.jpg,0,2,2
RipDetSeg-258p84qqhryi.jpg,RipDetSeg-rly91jybvpgv.jpg,0,2,2
RipDetSeg-ka18iin3sya5.jpg,RipDetSeg-3m5u2tkg5roi.jpg,2,0,2
RipDetSeg-25l9xn5c6syp.jpg,RipDetSeg-dym2xf9q8a2b.jpg,0,2,2
RipDetSeg-2474mb6tpd4u.jpg,RipDetSeg-3ofevrr5bzzw.jpg,0,2,2
RipDetSeg-26megan6bhj2.jpg,RipDetSeg-e100qky70r4u.jpg,0,2,2
RipDetSeg-2754n6bse3jn.jpg,RipDetSeg-dbufth44on53.jpg,2,0,2
RipDetSeg-k7az3kzbnx54.jpg,RipDetSeg-i2jgimrkazy1.jpg,2,0,2
RipDetSeg-k6cqihod192t.jpg,RipDetSeg-i04bgoynzmr9.jpg,2,2,2
RipDetSeg-k6bnxrolwfkk.jpg,RipDetSeg-239ji6nzckr8.jpg,1,2,2
RipDetSeg-k60ort16mw2v.jpg,RipDetSeg-1e8hdx8pgb6n.jpg,2,0,2
RipDetSeg-k5sjo2ris7af.jpg,RipDetSeg-m1zm49ip3xit.jpg,0,2,2
RipDetSeg-27ct8ixg9n6x.jpg,RipDetSeg-39egblle1za3.jpg,1,2,2
RipDetSeg-k5rutq64p6gx.jpg,RipDetSeg-d2c8hmdxzcre.jpg,2,0,2
RipDetSeg-ba9rsd75106v.jpg,RipDetSeg-tvm6wqh4nwhr.jpg,1,2,2
RipDetSeg-backpeowwxgf.jpg,RipDetSeg-d92sdwk5oro8.jpg,2,2,2
RipDetSeg-290dzmnxe6w6.jpg,RipDetSeg-v9v833mobdmf.jpg,0,2,2
RipDetSeg-bao7j07wiwkc.jpg,RipDetSeg-qxzbfygks7ri.jpg,1,2,2
RipDetSeg-2cdpd2o3t4c9.jpg,RipDetSeg-1ljl8wajn1ak.jpg,0,2,2
RipDetSeg-k7pbbwa4cbpx.jpg,RipDetSeg-23uqhzjap6c8.jpg,2,0,2
RipDetSeg-kcqzidck1415.jpg,RipDetSeg-130584rm9z1n.jpg,0,2,2
RipDetSeg-23u9gq6zxwss.jpg,RipDetSeg-4gcf6n6k2je6.jpg,0,2,2
RipDetSeg-kcze9nn5pxb7.jpg,RipDetSeg-qxrvcgxmwss6.jpg,1,2,2
RipDetSeg-1o947o5j4fs9.jpg,RipDetSeg-2xu5vbien9gg.jpg,0,2,2
RipDetSeg-1q57p8ljik09.jpg,RipDetSeg-lopstzdxqppc.jpg,1,2,2
RipDetSeg-1r2vi2rehbdj.jpg,RipDetSeg-1i0qbnd85si0.jpg,2,0,2
RipDetSeg-knw9ccqftkb0.jpg,RipDetSeg-wwma93bi5vcv.jpg,2,2,2
RipDetSeg-1r8xhra3g8em.jpg,RipDetSeg-mv5joryy003c.jpg,1,2,2
RipDetSeg-b9fouhc9s87i.jpg,RipDetSeg-wf7apuixh91e.jpg,1,2,2
RipDetSeg-kmwxpsgf9hen.jpg,RipDetSeg-qx6ocwp3h1u5.jpg,2,2,2
RipDetSeg-kmfdrwtzjb10.jpg,RipDetSeg-88lwwjc2rig9.jpg,2,2,2
RipDetSeg-1rfco1ehl3am.jpg,RipDetSeg-aip15snjrd00.jpg,0,2,2
RipDetSeg-kltat6jndvel.jpg,RipDetSeg-0ue0m8gzaott.jpg,2,0,2
RipDetSeg-klaobh14txud.jpg,RipDetSeg-31jqrc9l707r.jpg,2,2,2
RipDetSeg-1rtmctk9br40.jpg,RipDetSeg-8fs78ahnne33.jpg,0,2,2
RipDetSeg-1shnyznm1ihy.jpg,RipDetSeg-l3dajyjbxqqo.jpg,2,2,2
RipDetSeg-1t4n16z1fhtf.jpg,RipDetSeg-38207o14jy1z.jpg,1,2,2
RipDetSeg-1ts5v8i8yq3g.jpg,RipDetSeg-o3t5pwt73nb5.jpg,1,2,2
RipDetSeg-kjbwpxeeykcv.jpg,RipDetSeg-mfm3t9ngsphd.jpg,0,2,2
RipDetSeg-ki4okerv631n.jpg,RipDetSeg-1omt2idoge2n.jpg,0,2,2
RipDetSeg-1uuifnkwsfu2.jpg,RipDetSeg-a8axcarxiou7.jpg,2,2,2
RipDetSeg-khbde1t27xme.jpg,RipDetSeg-7xfkoxn6zy0a.jpg,2,2,2
RipDetSeg-1v55hgbezrcy.jpg,RipDetSeg-b2uzalotx3nr.jpg,1,2,2
RipDetSeg-1wc93zm0vxjz.jpg,RipDetSeg-18qu6lqf2xn3.jpg,0,2,2
RipDetSeg-kgzrpdbv8ibf.jpg,RipDetSeg-lj5o7xsoir7l.jpg,1,2,2
RipDetSeg-1xj8um8nx2vj.jpg,RipDetSeg-bkobnw4li6t6.jpg,2,2,2
RipDetSeg-21aud486yvgp.jpg,RipDetSeg-4bwkiu27t5cd.jpg,0,2,2
RipDetSeg-224u6cm8ci9g.jpg,RipDetSeg-w6dho96vrn63.jpg,2,2,2
RipDetSeg-22cupchb0zng.jpg,RipDetSeg-0mvy0x3k4iza.jpg,1,2,2
RipDetSeg-ke4d7o3e8od4.jpg,RipDetSeg-09m2sn4sff2w.jpg,1,2,2
RipDetSeg-kdo0fw5upro4.jpg,RipDetSeg-b83h7ynhk84z.jpg,2,2,2
RipDetSeg-23afkbdj9cam.jpg,RipDetSeg-hz59hfae1y6o.jpg,1,2,2
RipDetSeg-18yl0smkenwt.jpg,RipDetSeg-3jrsaiybmhgt.jpg,0,2,2
RipDetSeg-liaewp9dwhrh.jpg,RipDetSeg-5msdvlbvnk36.jpg,2,2,2
RipDetSeg-b3l4hrf9p96r.jpg,RipDetSeg-qjxp67f8cwhk.jpg,1,2,2
RipDetSeg-ljqy3hfz7rrl.jpg,RipDetSeg-2r5y89vr12ce.jpg,1,2,2
RipDetSeg-0fjf97mpqce0.jpg,RipDetSeg-10gi1pbgpqgx.jpg,2,0,2
RipDetSeg-0g0baxa349xw.jpg,RipDetSeg-3x14px4wub91.jpg,0,2,2
RipDetSeg-0ggvdll24px8.jpg,RipDetSeg-hgegrq0q9opu.jpg,1,2,2
RipDetSeg-0gjggam6pn4m.jpg,RipDetSeg-f6vgxwwhs6xk.jpg,2,2,2
RipDetSeg-b1pc42qt459o.jpg,RipDetSeg-4vavg7bylarw.jpg,1,2,2
RipDetSeg-0h0qs496sgk5.jpg,RipDetSeg-1x8agbqdfxue.jpg,0,2,2
RipDetSeg-mml3t4hhhegt.jpg,RipDetSeg-gs16x6nx4cf9.jpg,0,2,2
RipDetSeg-mm62y9cmh9hv.jpg,RipDetSeg-g1vknhg8z68z.jpg,0,2,2
RipDetSeg-mm0uhs46q0qq.jpg,RipDetSeg-h404n4rznot2.jpg,1,2,2
RipDetSeg-0hyih5vzt3pp.jpg,RipDetSeg-aiyki3md6d4q.jpg,1,2,2
RipDetSeg-0i4p8ztf7xd8.jpg,RipDetSeg-jxw3l9819yxc.jpg,0,2,2
RipDetSeg-mlvkcm6n3cc4.jpg,RipDetSeg-l2xnh7zqfc4f.jpg,1,2,2
RipDetSeg-mkvi803a02eo.jpg,RipDetSeg-wesuzlmd04vu.jpg,2,2,2
RipDetSeg-mprd7c167mou.jpg,RipDetSeg-wwxotezwvqy1.jpg,1,2,2
RipDetSeg-mkkk69c3tgwz.jpg,RipDetSeg-up3uo5y113xm.jpg,1,2,2
RipDetSeg-miwkzcjh6pa0.jpg,RipDetSeg-baw9wpksy79h.jpg,1,2,2
RipDetSeg-0ifpligx14u1.jpg,RipDetSeg-0r1889abi181.jpg,1,2,2
RipDetSeg-miw8z7e5ec98.jpg,RipDetSeg-0norcou3j2t3.jpg,2,2,2
RipDetSeg-mitfvfmqrsm3.jpg,RipDetSeg-1vbaufb04x40.jpg,1,2,2
RipDetSeg-mie4afbqau6m.jpg,RipDetSeg-cbnzjmbab9m6.jpg,1,2,2
RipDetSeg-mfz8h1kh44nv.jpg,RipDetSeg-9rlvb0ss3oxw.jpg,2,0,2
RipDetSeg-mfx6gjuq3ym8.jpg,RipDetSeg-8378unmkf5qy.jpg,2,0,2
RipDetSeg-mfk97gm4u41b.jpg,RipDetSeg-5680ky2llsch.jpg,0,2,2
RipDetSeg-mfhdfhcgwbly.jpg,RipDetSeg-3fakxqa6qkfg.jpg,0,2,2
RipDetSeg-0jy9nzeud3sj.jpg,RipDetSeg-17kwp2b76ig4.jpg,1,2,2
RipDetSeg-0kojjqqt6ovu.jpg,RipDetSeg-4zsskpnpca0t.jpg,0,2,2
RipDetSeg-av2petmw33xc.jpg,RipDetSeg-vbtbev3p33wm.jpg,2,2,2
RipDetSeg-meh2qydyi5p4.jpg,RipDetSeg-ln4bqdwvhkqf.jpg,2,0,2
RipDetSeg-0ibwwd5wsm1u.jpg,RipDetSeg-b0qr70ubsbd3.jpg,2,2,2
RipDetSeg-0ew45aul61y8.jpg,RipDetSeg-qkv2namef7rt.jpg,0,2,2
RipDetSeg-0d8cnlp9xrtb.jpg,RipDetSeg-hgqlypzo0ils.jpg,2,0,2
RipDetSeg-mqze98l07cm6.jpg,RipDetSeg-xyarwjq0nqqm.jpg,0,2,2
RipDetSeg-n00e13gxo8ez.jpg,RipDetSeg-6q0w4xk0um0k.jpg,2,0,2
RipDetSeg-02dsd58b8ekf.jpg,RipDetSeg-igepj3f6gp77.jpg,0,2,2
RipDetSeg-mzemgkh65pyi.jpg,RipDetSeg-5harnwhj9rex.jpg,2,2,2
RipDetSeg-03mkkrvcklox.jpg,RipDetSeg-h7lptzbomdqz.jpg,1,2,2
RipDetSeg-mzaypna89b4c.jpg,RipDetSeg-6v09h49i2woq.jpg,2,0,2
RipDetSeg-04pzcq9mvlzt.jpg,RipDetSeg-0sasgks9mvc1.jpg,0,2,2
RipDetSeg-mye99paz5nln.jpg,RipDetSeg-251hxv5zslxe.jpg,2,0,2
RipDetSeg-myca9v2wqxjs.jpg,RipDetSeg-r8wqy47i9daa.jpg,2,0,2
RipDetSeg-06g5hst4r3f9.jpg,RipDetSeg-xmbdwxiottd8.jpg,2,0,2
RipDetSeg-mxw20suqdbgd.jpg,RipDetSeg-cwqhioyjtii8.jpg,0,2,2
RipDetSeg-08gbmvggn9s3.jpg,RipDetSeg-j202o942s2df.jpg,1,2,2
RipDetSeg-mxmiogx0nyrr.jpg,RipDetSeg-zg19yk4425el.jpg,1,2,2
RipDetSeg-ayivfh9hb1pm.jpg,RipDetSeg-xvv3k5xrghgx.jpg,2,2,2
RipDetSeg-09pmxr3a1j0s.jpg,RipDetSeg-0fsd3llppxd8.jpg,2,0,2
RipDetSeg-mwzoguszmkfv.jpg,RipDetSeg-xjgciod4bp7b.jpg,0,2,2
RipDetSeg-axv71bh64kor.jpg,RipDetSeg-ajy4a0r0o8vc.jpg,0,2,2
RipDetSeg-mvnjdgcphjbs.jpg,RipDetSeg-9i8d2mukwi5m.jpg,1,2,2
RipDetSeg-09w6l8kbkfzg.jpg,RipDetSeg-7kz806mxlw09.jpg,1,2,2
RipDetSeg-axkp8fecr84m.jpg,RipDetSeg-oafubfef8c5m.jpg,0,2,2
RipDetSeg-0a2740wd7njn.jpg,RipDetSeg-h5o5owq1msoo.jpg,1,2,2
RipDetSeg-0a6z24uaw657.jpg,RipDetSeg-e9wxyboz8i54.jpg,0,2,2
RipDetSeg-mu9frmeqsmai.jpg,RipDetSeg-ydtxql4y58he.jpg,1,2,2
RipDetSeg-mtsio9cug07m.jpg,RipDetSeg-158v8lh6648q.jpg,0,2,2
RipDetSeg-0a995ubx49mn.jpg,RipDetSeg-ywrky9o05789.jpg,1,2,2
RipDetSeg-0ab5qw60ntiv.jpg,RipDetSeg-58tokn6028tq.jpg,2,2,2
RipDetSeg-mt0vt7icny1m.jpg,RipDetSeg-huhswl21ha3p.jpg,1,2,2
RipDetSeg-b1jzbcx17vqm.jpg,RipDetSeg-04mi6vicjmeg.jpg,2,2,2
RipDetSeg-ms1lhm3jyuf5.jpg,RipDetSeg-g5ojq2cdlafr.jpg,1,2,2
RipDetSeg-mropa5tio03d.jpg,RipDetSeg-ggoc7w8iub9q.jpg,2,0,2
RipDetSeg-0occvgkwperk.jpg,RipDetSeg-7vi24qzx3hvi.jpg,2,2,2
RipDetSeg-hgvgv6oucdba.jpg,RipDetSeg-29v4ue7qo7og.jpg,2,2,2
RipDetSeg-mcymgocpuhop.jpg,RipDetSeg-jajvcop7vs5j.jpg,0,2,2
RipDetSeg-mbkg2io13ca2.jpg,RipDetSeg-xzr0oiaucrlz.jpg,1,2,2
RipDetSeg-lw5kjauemncw.jpg,RipDetSeg-5dchkf87epbi.jpg,1,2,2
RipDetSeg-lvei0k71p5nt.jpg,RipDetSeg-bw5t2vou4fyu.jpg,1,2,2
RipDetSeg-atft29ee0ap9.jpg,RipDetSeg-w8opfnq5ma84.jpg,2,0,2
RipDetSeg-1117r9iki6jv.jpg,RipDetSeg-68fei46bfecu.jpg,1,2,2
RipDetSeg-lv7sfifl3qut.jpg,RipDetSeg-6w6nxjhi84dq.jpg,0,2,2
RipDetSeg-111g7ndrqxmn.jpg,RipDetSeg-2mlpa8vhnkmc.jpg,0,2,2
RipDetSeg-12cnu34veu0u.jpg,RipDetSeg-w1t6dcv9sch7.jpg,2,0,2
RipDetSeg-lundeprcht2s.jpg,RipDetSeg-5hrdd7n8d5wz.jpg,1,2,2
RipDetSeg-12gy2qpnit3h.jpg,RipDetSeg-613wu4naqoqs.jpg,0,2,2
RipDetSeg-lu4j614iq7ig.jpg,RipDetSeg-mib761prurpr.jpg,1,2,2
RipDetSeg-ltb7sp6hhg62.jpg,RipDetSeg-0f6lemtaseox.jpg,0,2,2
RipDetSeg-lt9inw5spclo.jpg,RipDetSeg-6g7lafyq5s6d.jpg,2,0,2
RipDetSeg-12xf7psoq02h.jpg,RipDetSeg-lu18u5e3t7v7.jpg,0,2,2
RipDetSeg-lwv1x0rnf5kb.jpg,RipDetSeg-3tf76k3t6sl7.jpg,2,2,2
RipDetSeg-lseff35uz1ho.jpg,RipDetSeg-ilnj64o46p9t.jpg,1,2,2
RipDetSeg-lr6sflxt07i3.jpg,RipDetSeg-6he6gx2v1292.jpg,0,2,2
RipDetSeg-lqoqs32rrkgs.jpg,RipDetSeg-d6p9yfdzbdox.jpg,2,2,2
RipDetSeg-lqhjekoswkqx.jpg,RipDetSeg-1omt2idoge2n.jpg,2,2,2
RipDetSeg-lpsnxhpjxnho.jpg,RipDetSeg-r7bllwg6a10r.jpg,2,0,2
RipDetSeg-146cenv34l1t.jpg,RipDetSeg-9yr2dmgv6hkf.jpg,0,2,2
RipDetSeg-15w2fo8bfe7s.jpg,RipDetSeg-l0fth4yflgl6.jpg,2,2,2
RipDetSeg-16qj5mmf420m.jpg,RipDetSeg-4x5dgufhylca.jpg,2,0,2
RipDetSeg-16rysc0mbdo7.jpg,RipDetSeg-nbus1pqmdzov.jpg,1,2,2
RipDetSeg-lmfxo25slsin.jpg,RipDetSeg-6fevnr156sdi.jpg,0,2,2
RipDetSeg-llwlopa2zrq4.jpg,RipDetSeg-ob9hszz0zhke.jpg,1,2,2
RipDetSeg-lligu54f90kz.jpg,RipDetSeg-3w7p30kupkzt.jpg,0,2,2
RipDetSeg-lkk8dumrc9g2.jpg,RipDetSeg-9h4omtu3fedg.jpg,1,2,2
RipDetSeg-lkakufq18mhk.jpg,RipDetSeg-20oaelxpk1y8.jpg,0,2,2
RipDetSeg-13xwa48x7vtm.jpg,RipDetSeg-7egs6siibov7.jpg,2,0,2
RipDetSeg-0zm01ietk2z7.jpg,RipDetSeg-b4krvkgdc9wd.jpg,2,0,2
RipDetSeg-lx0xwtl1ep4x.jpg,RipDetSeg-a38mv0zzpe69.jpg,0,2,2
RipDetSeg-0zgohrum2oep.jpg,RipDetSeg-8781f7mrl6ml.jpg,1,2,2
RipDetSeg-maopvx3yf3ec.jpg,RipDetSeg-6vc9z9d6h5m5.jpg,0,2,2
RipDetSeg-0p4rfj4xb3hi.jpg,RipDetSeg-5b51ymp4gav3.jpg,2,0,2
RipDetSeg-m93sswxp840o.jpg,RipDetSeg-6dm0tykaa2zw.jpg,0,2,2
RipDetSeg-0q4kgeqvge47.jpg,RipDetSeg-i3u6tnc6kkdl.jpg,0,2,2
RipDetSeg-0sn75cknl0dy.jpg,RipDetSeg-tqp2gvraiiky.jpg,0,2,2
RipDetSeg-m8pravjevxvc.jpg,RipDetSeg-03jas9ravw0y.jpg,1,2,2
RipDetSeg-m850za2ctr3t.jpg,RipDetSeg-8onpyk1ealf6.jpg,0,2,2
RipDetSeg-m7tykt3kh9rh.jpg,RipDetSeg-pk66lua42bks.jpg,0,2,2
RipDetSeg-0t7l2s9g85tw.jpg,RipDetSeg-0f10qc8gbfdc.jpg,2,0,2
RipDetSeg-m7954zopeevd.jpg,RipDetSeg-61h7i2kfk17v.jpg,1,2,2
RipDetSeg-0thco50bfxoz.jpg,RipDetSeg-c6b5uz41xmsp.jpg,0,2,2
RipDetSeg-m5jza58az3aw.jpg,RipDetSeg-0ta4cngi3hgv.jpg,2,0,2
RipDetSeg-m50dq2ktzc6k.jpg,RipDetSeg-o5tb9kqxpm9q.jpg,0,2,2
RipDetSeg-m4eaz2ad8nka.jpg,RipDetSeg-0bguxc9tn0sc.jpg,0,2,2
RipDetSeg-0w55kxtz36ty.jpg,RipDetSeg-96vwi2s16h9c.jpg,1,2,2
RipDetSeg-b3iwqncw576u.jpg,RipDetSeg-bp1oudpyo0nb.jpg,0,2,2
RipDetSeg-0wg1950ou32v.jpg,RipDetSeg-959ng99plnkn.jpg,2,0,2
RipDetSeg-aut73je7a5y2.jpg,RipDetSeg-9e0tzh2aa5f6.jpg,2,0,2
RipDetSeg-0ygs545eqdnq.jpg,RipDetSeg-8aahp3xfb7go.jpg,2,2,2
RipDetSeg-m2ru6j6wikdt.jpg,RipDetSeg-ms3tsl0eylfy.jpg,0,2,2
RipDetSeg-m1stsk5lis01.jpg,RipDetSeg-0xblrv4iqlwb.jpg,2,0,2
RipDetSeg-0ysfrmugs4sw.jpg,RipDetSeg-wgb8v8jxfrwv.jpg,2,0,2
RipDetSeg-m0k5nnqeupod.jpg,RipDetSeg-rihq1zfsbcxn.jpg,2,0,2
RipDetSeg-m0a80f8utrc1.jpg,RipDetSeg-z9jylffikj2x.jpg,2,2,2
RipDetSeg-lyjhgnuaodeg.jpg,RipDetSeg-hbl2eqct34q0.jpg,1,2,2
RipDetSeg-ly4p24ba99x7.jpg,RipDetSeg-5miv1w7ldbyc.jpg,2,0,2
RipDetSeg-0z6hurwvhged.jpg,RipDetSeg-jazcid6q9o0q.jpg,2,2,2
RipDetSeg-lxmf9o7meglj.jpg,RipDetSeg-q5gzzfunj3xk.jpg,2,0,2
RipDetSeg-lxcf90u7ini0.jpg,RipDetSeg-e3espcoglxyr.jpg,2,0,2
RipDetSeg-mc52zjlbko6h.jpg,RipDetSeg-bdj3bynms9ad.jpg,1,2,2
RipDetSeg-2fibic9z739h.jpg,RipDetSeg-0r1889abi181.jpg,0,2,2
RipDetSeg-2doli9l9rz7u.jpg,RipDetSeg-6zrgdqyvrbin.jpg,0,2,2
RipDetSeg-k4boptkfiy6d.jpg,RipDetSeg-29v4ue7qo7og.jpg,1,2,2
RipDetSeg-ii8cqs2ryx5q.jpg,RipDetSeg-0k7ovnlbsl3l.jpg,0,2,2
RipDetSeg-3qmyvmuxxwyz.jpg,RipDetSeg-mfuiclcts4jq.jpg,1,2,2
RipDetSeg-3qo7mb663pzx.jpg,RipDetSeg-0n4qd8t7yaa8.jpg,1,2,2
RipDetSeg-3raqp1sh938r.jpg,RipDetSeg-4tlx0c9x5pi1.jpg,2,0,2
RipDetSeg-igyrer9jysz4.jpg,RipDetSeg-achfp7cd71im.jpg,0,2,2
RipDetSeg-3tr86uw3runf.jpg,RipDetSeg-5tcrskvgvk12.jpg,0,2,2
RipDetSeg-igfrthq31wjr.jpg,RipDetSeg-fdkluiu15fc8.jpg,1,2,2
RipDetSeg-ig5ejha58vpd.jpg,RipDetSeg-oxu3w33jlccl.jpg,0,2,2
RipDetSeg-ietogg7b9wzj.jpg,RipDetSeg-wpb71vgy60lw.jpg,0,2,2
RipDetSeg-3trzw2wktyrl.jpg,RipDetSeg-6nj9anhp0nsj.jpg,0,2,2
RipDetSeg-ictvywhqrbj9.jpg,RipDetSeg-yzlwgbmeln3o.jpg,0,2,2
RipDetSeg-3ty40lai1i6s.jpg,RipDetSeg-0alwgdb6qkxx.jpg,2,2,2
RipDetSeg-iawr1nws6nqp.jpg,RipDetSeg-d9a9kdnrtebs.jpg,1,2,2
RipDetSeg-3q1mnk4pw159.jpg,RipDetSeg-canwcasie3nf.jpg,2,2,2
RipDetSeg-3ugmpx6xzpnj.jpg,RipDetSeg-7uu6uvyd691l.jpg,2,0,2
RipDetSeg-zzporqnv1rrm.jpg,RipDetSeg-ilfdjm57lq82.jpg,1,2,2
RipDetSeg-iacz1zi1e84k.jpg,RipDetSeg-mrt5y3d6vge4.jpg,2,2,2
RipDetSeg-i9z13darewm5.jpg,RipDetSeg-clltj7qj760f.jpg,1,2,2
RipDetSeg-anp0t5z1dzty.jpg,RipDetSeg-my41bfgitumi.jpg,2,0,2
RipDetSeg-3v0h70dghznf.jpg,RipDetSeg-k93ln2i6uchf.jpg,0,2,2
RipDetSeg-3wlz187ulr6a.jpg,RipDetSeg-0ain4i488kw7.jpg,2,2,2
RipDetSeg-i7al38b6ey1x.jpg,RipDetSeg-g3dt4z264t37.jpg,0,2,2
RipDetSeg-i6rlzunkdv7q.jpg,RipDetSeg-ltuzpjya1gqz.jpg,1,2,2
RipDetSeg-i6n5yq0oru0f.jpg,RipDetSeg-k1f0i1gzd20n.jpg,2,2,2
RipDetSeg-i6gyzkwdnbv5.jpg,RipDetSeg-rycv7tlxek9k.jpg,2,2,2
RipDetSeg-3xh6jjfmbmlr.jpg,RipDetSeg-u6rw31sql7s1.jpg,2,0,2
RipDetSeg-be0j9qxgpssn.jpg,RipDetSeg-6uvjov3cxaj0.jpg,2,0,2
RipDetSeg-3yf8bmmx187d.jpg,RipDetSeg-c2bmwlrqyapz.jpg,0,2,2
RipDetSeg-3uz0if828rgi.jpg,RipDetSeg-0ceuwxraatsr.jpg,1,2,2
RipDetSeg-am1nonan09wv.jpg,RipDetSeg-1to7h0ncaxvj.jpg,1,2,2
RipDetSeg-iih66a0ayg6e.jpg,RipDetSeg-cxr0kur4ar84.jpg,2,2,2
RipDetSeg-ij958oc7lz3u.jpg,RipDetSeg-knms0dsdsep4.jpg,1,2,2
RipDetSeg-iv1i219rwl7u.jpg,RipDetSeg-qs3nsauclnpl.jpg,1,2,2
RipDetSeg-k4g4wsfshbx3.jpg,RipDetSeg-y2o3e42ci21f.jpg,1,2,2
RipDetSeg-iuppg31l0kx1.jpg,RipDetSeg-06m338a24z2k.jpg,1,2,2
RipDetSeg-iumtg156fsra.jpg,RipDetSeg-zaqrgkxrnvg2.jpg,0,2,2
RipDetSeg-3inz4w9xt6s2.jpg,RipDetSeg-38ap3hsg7av9.jpg,0,2,2
RipDetSeg-islrbhymq0td.jpg,RipDetSeg-rczr2m51arlh.jpg,2,0,2
RipDetSeg-3jb57bsqwuzs.jpg,RipDetSeg-0t0w72282h1k.jpg,1,2,2
RipDetSeg-iropzu7sjhhu.jpg,RipDetSeg-x5lyp0n1ugjs.jpg,0,2,2
RipDetSeg-ir4pdo6yhwma.jpg,RipDetSeg-s8gzyla5h8gb.jpg,0,2,2
RipDetSeg-iqlw5w4107p3.jpg,RipDetSeg-mqw2ubkndzlv.jpg,2,2,2
RipDetSeg-3jw13aggp0ip.jpg,RipDetSeg-uzqomvyvx7vs.jpg,2,0,2
RipDetSeg-3lhmx8bfr6y5.jpg,RipDetSeg-l8fu0f93oz1q.jpg,0,2,2
RipDetSeg-3ljs2s6x6ywn.jpg,RipDetSeg-af6kwt8y8he6.jpg,2,2,2
RipDetSeg-ij65ol1uupxf.jpg,RipDetSeg-6q5fhwqkpncf.jpg,2,0,2
RipDetSeg-3lpqsh53gqtw.jpg,RipDetSeg-898n1t1ov4r0.jpg,1,2,2
RipDetSeg-in2ttxn6tapr.jpg,RipDetSeg-5ahbwywpu1w7.jpg,0,2,2
RipDetSeg-3mqlmpb6ex7q.jpg,RipDetSeg-s0riqfuhk58q.jpg,0,2,2
RipDetSeg-3nfulabpxwtn.jpg,RipDetSeg-dyv5z6lz5eb6.jpg,2,2,2
RipDetSeg-3nv6hpnvtr00.jpg,RipDetSeg-lcekbgsjdt7f.jpg,0,2,2
RipDetSeg-3nwg047k06jc.jpg,RipDetSeg-yo4socvod55a.jpg,0,2,2
RipDetSeg-3ozs7uhfix3n.jpg,RipDetSeg-wz9cb2mph2gl.jpg,1,2,2
RipDetSeg-3pab4jggwmyz.jpg,RipDetSeg-3ihapuf0jb1v.jpg,1,2,2
RipDetSeg-ikm8yo1g67t6.jpg,RipDetSeg-ygws7xek845f.jpg,0,2,2
RipDetSeg-ikgmlprh249z.jpg,RipDetSeg-pytlp3x8twdf.jpg,1,2,2
RipDetSeg-ik8e7ege7gzl.jpg,RipDetSeg-2ihi979nvvow.jpg,1,2,2
RipDetSeg-ik7rz11a4ed3.jpg,RipDetSeg-rf2ung4f3aju.jpg,2,0,2
RipDetSeg-ik1n7137vyhm.jpg,RipDetSeg-ahetlybg3p9i.jpg,0,2,2
RipDetSeg-3pk0pv8684a1.jpg,RipDetSeg-dxc61wke7e3f.jpg,0,2,2
RipDetSeg-3m7zctrbby6g.jpg,RipDetSeg-8cl38helcx8f.jpg,2,0,2
RipDetSeg-3hlsrs6oiamh.jpg,RipDetSeg-lu3h27rceph5.jpg,1,2,2
RipDetSeg-i3whtmv6hawu.jpg,RipDetSeg-j8o9b9x76ysu.jpg,0,2,2
RipDetSeg-akwf62d9lqms.jpg,RipDetSeg-5ahbwywpu1w7.jpg,1,2,2
RipDetSeg-hsb6haxo04mp.jpg,RipDetSeg-bfxsg3hry1q6.jpg,2,2,2
RipDetSeg-hro4lqvrp90v.jpg,RipDetSeg-xg2gbu0ytiaa.jpg,2,0,2
RipDetSeg-4bd12lgd2874.jpg,RipDetSeg-e7to4kildsk1.jpg,1,2,2
RipDetSeg-hrfo5fmd2ehj.jpg,RipDetSeg-isswvv1rmw4s.jpg,2,2,2
RipDetSeg-4bdbsqnjwbsz.jpg,RipDetSeg-bbo37bm5oy9l.jpg,1,2,2
RipDetSeg-hpbgqw3s3mv9.jpg,RipDetSeg-m7c724i9drrv.jpg,2,0,2
RipDetSeg-4dmyqtv1u808.jpg,RipDetSeg-9xwfzabmj9ez.jpg,2,2,2
RipDetSeg-hp5mc2c68kjw.jpg,RipDetSeg-fx9mr34h791z.jpg,0,2,2
RipDetSeg-hp4g6lugamvu.jpg,RipDetSeg-pojchubdtud6.jpg,2,0,2
RipDetSeg-4e8hmickabe4.jpg,RipDetSeg-g4pmiluaopt5.jpg,1,2,2
RipDetSeg-4gi30wdid6ws.jpg,RipDetSeg-obuhlgepg02c.jpg,1,2,2
RipDetSeg-hokf0ic4bzs7.jpg,RipDetSeg-lp381qqzpbrx.jpg,2,0,2
RipDetSeg-4gpfkwt87i7s.jpg,RipDetSeg-51wwkxgc266c.jpg,2,0,2
RipDetSeg-47xhs296c6r9.jpg,RipDetSeg-2juuxoglqlxz.jpg,2,0,2
RipDetSeg-4hlkbuc7h6h3.jpg,RipDetSeg-bt40ppriejs8.jpg,2,2,2
RipDetSeg-4iq4vdjgx6xv.jpg,RipDetSeg-kjxgr9l2p36e.jpg,2,0,2
RipDetSeg-hlxxfif5v5pl.jpg,RipDetSeg-23l3fjpeka2b.jpg,2,0,2
RipDetSeg-4j7u297i4tf9.jpg,RipDetSeg-i828hej666a2.jpg,1,2,2
RipDetSeg-4kz97fob2bsh.jpg,RipDetSeg-m2x8nuustx58.jpg,0,2,2
RipDetSeg-hl32gw8t61uc.jpg,RipDetSeg-d9v3rog35d85.jpg,0,2,2
RipDetSeg-4l31z7jif3sb.jpg,RipDetSeg-5ahbwywpu1w7.jpg,1,2,2
RipDetSeg-4l92rscees4k.jpg,RipDetSeg-8cj2bxi6q9z1.jpg,2,0,2
RipDetSeg-4lyobrirbcfb.jpg,RipDetSeg-mnz29cbrm2rp.jpg,2,0,2
RipDetSeg-hjztwuw0mrhu.jpg,RipDetSeg-6gefdnmomilg.jpg,1,2,2
RipDetSeg-hjoldx9mfne8.jpg,RipDetSeg-vjhj2t8pu21o.jpg,0,2,2
RipDetSeg-hhxdy8wtj01k.jpg,RipDetSeg-y66i7p1ftsbn.jpg,1,2,2
RipDetSeg-4nofmafk3449.jpg,RipDetSeg-bk3snm9h8o92.jpg,1,2,2
RipDetSeg-4o44c440jrvt.jpg,RipDetSeg-959ng99plnkn.jpg,2,0,2
RipDetSeg-ho2ng33997an.jpg,RipDetSeg-6nmlzlpre4hq.jpg,2,0,2
RipDetSeg-40u9x8mlmcpm.jpg,RipDetSeg-tvm6wqh4nwhr.jpg,1,2,2
RipDetSeg-ht8vppjd2hhn.jpg,RipDetSeg-wowk3uyouwtv.jpg,0,2,2
RipDetSeg-460jv2dcpzkd.jpg,RipDetSeg-thmzi7f3f0ix.jpg,2,2,2
RipDetSeg-41msb00qbs2e.jpg,RipDetSeg-mm29c8udn224.jpg,2,2,2
RipDetSeg-i3c1z86tv1i9.jpg,RipDetSeg-gm9k8dmsyh2o.jpg,0,2,2
RipDetSeg-i2xgru2sxz0y.jpg,RipDetSeg-x89cdsf0cmqy.jpg,2,2,2
RipDetSeg-ajt0ra9yivwv.jpg,RipDetSeg-zuzlj3mko5ig.jpg,2,2,2
RipDetSeg-42rxryzr1n0y.jpg,RipDetSeg-4ms5bvmhdkyv.jpg,1,2,2
RipDetSeg-43ijn3vjfac7.jpg,RipDetSeg-2d9moacspfrk.jpg,0,2,2
RipDetSeg-43jum3exnoha.jpg,RipDetSeg-16y3eo6hoe2b.jpg,0,2,2
RipDetSeg-i0o30jipbndx.jpg,RipDetSeg-pcetr6fk5rdp.jpg,1,2,2
RipDetSeg-i0lf5xl6uyp6.jpg,RipDetSeg-859eh5n0f2q7.jpg,2,0,2
RipDetSeg-43wifj6hlqdt.jpg,RipDetSeg-mfuiclcts4jq.jpg,1,2,2
RipDetSeg-i0cbnyqu1ujl.jpg,RipDetSeg-c7xpx7spj5a0.jpg,1,2,2
RipDetSeg-hyw9led2fuf5.jpg,RipDetSeg-hca7zjvh8803.jpg,2,2,2
RipDetSeg-hyrufti7ybv4.jpg,RipDetSeg-1bw8lg0t5n6j.jpg,0,2,2
RipDetSeg-htoolq4y609a.jpg,RipDetSeg-19b7tvexdrz7.jpg,0,2,2
RipDetSeg-hycagborwjh9.jpg,RipDetSeg-l29fsiv7hqjy.jpg,2,2,2
RipDetSeg-443qus01i7x1.jpg,RipDetSeg-ccoipw2k8tun.jpg,0,2,2
RipDetSeg-445tx9qotils.jpg,RipDetSeg-dfu77uf214o7.jpg,0,2,2
RipDetSeg-44fhmjma1x24.jpg,RipDetSeg-9fqtol208hzj.jpg,0,2,2
RipDetSeg-hxaods2luqmt.jpg,RipDetSeg-lwig3jb4aa4q.jpg,0,2,2
RipDetSeg-hwup9pk935fi.jpg,RipDetSeg-gyrre8t4yszw.jpg,2,2,2
RipDetSeg-44nzmorzswgi.jpg,RipDetSeg-ozp2vw4e9bcl.jpg,2,0,2
RipDetSeg-44qtl4wlh6g2.jpg,RipDetSeg-n4y2b9vds3yr.jpg,0,2,2
RipDetSeg-hwm5dw1hsa0g.jpg,RipDetSeg-ixor82c4dvxo.jpg,2,0,2
RipDetSeg-453z79d603ey.jpg,RipDetSeg-fylggqbt8cbq.jpg,0,2,2
RipDetSeg-hvjfrzu3irts.jpg,RipDetSeg-1a6a6dptfwvv.jpg,0,2,2
RipDetSeg-45ku2zyg9b9c.jpg,RipDetSeg-yolmi4mfxx50.jpg,1,2,2
RipDetSeg-htw73s8wksdi.jpg,RipDetSeg-aluxsthji7xp.jpg,2,0,2
RipDetSeg-45rkfruq3cq0.jpg,RipDetSeg-j05lyv8hkpw9.jpg,0,2,2
RipDetSeg-44156ajb4yuz.jpg,RipDetSeg-b3kdyeali4s7.jpg,1,2,2
RipDetSeg-iwocxa38ncxy.jpg,RipDetSeg-goil4v30ddf0.jpg,0,2,2
RipDetSeg-3if4i5i27081.jpg,RipDetSeg-fpi6gprzvmij.jpg,0,2,2
RipDetSeg-3gf9asgbi472.jpg,RipDetSeg-apcfa77biy1v.jpg,0,2,2
RipDetSeg-ap6gkbwnc2ou.jpg,RipDetSeg-3vh4qqrjfmer.jpg,0,2,2
RipDetSeg-2r197p0o7io0.jpg,RipDetSeg-w3ajta8f3ybk.jpg,1,2,2
RipDetSeg-2t9wtz5kb6jn.jpg,RipDetSeg-ik0u2wum8ze9.jpg,2,2,2
RipDetSeg-bby1gzvq48g3.jpg,RipDetSeg-cvwsc9l2stw5.jpg,0,2,2
RipDetSeg-2uj53srdtusu.jpg,RipDetSeg-ijihl54shwkh.jpg,1,2,2
RipDetSeg-2uw2oo4100us.jpg,RipDetSeg-47ugtftchys6.jpg,2,0,2
RipDetSeg-2uxca13vdjop.jpg,RipDetSeg-amf96mohzzi5.jpg,0,2,2
RipDetSeg-jt3lfyyn8ae3.jpg,RipDetSeg-f7fqt7sszns0.jpg,0,2,2
RipDetSeg-2ve1h6exlkf5.jpg,RipDetSeg-a5s7gtmioyub.jpg,0,2,2
RipDetSeg-2xvf5j5x2w9m.jpg,RipDetSeg-aevycboh5zdc.jpg,0,2,2
RipDetSeg-jpsdfmevaxut.jpg,RipDetSeg-63o96fvptzl7.jpg,1,2,2
RipDetSeg-2y5sqwwzeuiw.jpg,RipDetSeg-fyo8zbi8jdc2.jpg,2,2,2
RipDetSeg-jpcaxj7zv5oc.jpg,RipDetSeg-cnluko4ws5j3.jpg,1,2,2
RipDetSeg-2q5lt5s1btqb.jpg,RipDetSeg-41ewgucdtnaq.jpg,0,2,2
RipDetSeg-2y6ahydu5fiv.jpg,RipDetSeg-c3vurmaqwzwp.jpg,2,0,2
RipDetSeg-jnss7s5smxb5.jpg,RipDetSeg-0cw49nom3362.jpg,0,2,2
RipDetSeg-jnjw20z7wwwt.jpg,RipDetSeg-k94qsosq60on.jpg,2,0,2
RipDetSeg-2ytsbltzgvfj.jpg,RipDetSeg-av9etuspxqmn.jpg,1,2,2
RipDetSeg-2zqix0s0zpca.jpg,RipDetSeg-zzntlzr3leok.jpg,2,2,2
RipDetSeg-jn6q7vhcizal.jpg,RipDetSeg-narfctha10vz.jpg,0,2,2
RipDetSeg-jmlfyjo0sd4j.jpg,RipDetSeg-x0ehxozj11ii.jpg,0,2,2
RipDetSeg-jmijutu3zrf8.jpg,RipDetSeg-bbo37bm5oy9l.jpg,2,2,2
RipDetSeg-jmg7wj5fq0bo.jpg,RipDetSeg-2sn066nnxyt5.jpg,1,2,2
RipDetSeg-31lphudgxt1i.jpg,RipDetSeg-xs3f0ni2vdio.jpg,1,2,2
RipDetSeg-31ust5tkac3g.jpg,RipDetSeg-830lyuo69mrb.jpg,0,2,2
RipDetSeg-jkj4ngesrzvo.jpg,RipDetSeg-dfuzrmsptsw4.jpg,1,2,2
RipDetSeg-323dpmdtkm7e.jpg,RipDetSeg-yo4socvod55a.jpg,0,2,2
RipDetSeg-iwsnmxq4yp9u.jpg,RipDetSeg-jgt3p3g69bgh.jpg,2,2,2
RipDetSeg-jnt6d2qhydp0.jpg,RipDetSeg-2jtjw8oni9ot.jpg,0,2,2
RipDetSeg-2pzut1udfgvg.jpg,RipDetSeg-mexzjutldlnw.jpg,0,2,2
RipDetSeg-2pt6urywmf2v.jpg,RipDetSeg-4gols693dyma.jpg,2,0,2
RipDetSeg-2p758ejhkdxd.jpg,RipDetSeg-ei201buvdyzg.jpg,2,0,2
RipDetSeg-k4a8rqa2bnna.jpg,RipDetSeg-3vh4qqrjfmer.jpg,2,2,2
RipDetSeg-batzlry6r1gm.jpg,RipDetSeg-93w5p2v6d0is.jpg,0,2,2
RipDetSeg-k49tly0hhekg.jpg,RipDetSeg-2ydqhz7g26zq.jpg,1,2,2
RipDetSeg-k2whls23pf25.jpg,RipDetSeg-ehltk7g1yhtr.jpg,2,2,2
RipDetSeg-k2o31ggtp5k3.jpg,RipDetSeg-hpzr4hbh5vrn.jpg,2,2,2
RipDetSeg-2g17comrayhw.jpg,RipDetSeg-s3wyoqd7sqlq.jpg,1,2,2
RipDetSeg-2g9bxhk19fdf.jpg,RipDetSeg-7cpdeje81app.jpg,2,0,2
RipDetSeg-2glzkuvl2wc6.jpg,RipDetSeg-9nojfxu2xbs8.jpg,2,0,2
RipDetSeg-k2904ky1s5cm.jpg,RipDetSeg-fljxyy9zg3w6.jpg,0,2,2
RipDetSeg-k20tp0zqyl40.jpg,RipDetSeg-h7cwvduvoao1.jpg,2,0,2
RipDetSeg-2hd6gapv1ase.jpg,RipDetSeg-b4tlrunrxq2f.jpg,2,0,2
RipDetSeg-apjzyfff7uld.jpg,RipDetSeg-7ykskvktk5o6.jpg,2,0,2
RipDetSeg-k1c6c6qo4ulu.jpg,RipDetSeg-1928cl09i76g.jpg,0,2,2
RipDetSeg-k0zsjjv034uv.jpg,RipDetSeg-afqng8qenv8d.jpg,2,2,2
RipDetSeg-2iedtbxrqzoa.jpg,RipDetSeg-kxnamhv7m6us.jpg,2,2,2
RipDetSeg-k0vcd82d3574.jpg,RipDetSeg-t3nqgqbmbjz0.jpg,0,2,2
RipDetSeg-k0mmin8l7hb9.jpg,RipDetSeg-1bbe5bvqe73w.jpg,1,2,2
RipDetSeg-2ioikvgpcsgl.jpg,RipDetSeg-klnpit7qaojk.jpg,2,0,2
RipDetSeg-jzszaehu1yz3.jpg,RipDetSeg-ypfth83fpuwc.jpg,2,2,2
RipDetSeg-jzencbpwm0yb.jpg,RipDetSeg-k5232pew0cl8.jpg,0,2,2
RipDetSeg-2ky754u9zsyu.jpg,RipDetSeg-fupfu10ybw9f.jpg,2,0,2
RipDetSeg-jywlxpajx1ew.jpg,RipDetSeg-jxb5vfudmjgr.jpg,2,0,2
RipDetSeg-jydyfxp2gmxa.jpg,RipDetSeg-t27qls4u1gdd.jpg,1,2,2
RipDetSeg-jy98r74jxivy.jpg,RipDetSeg-xrvf5jtk01iq.jpg,1,2,2
RipDetSeg-apjxncwaka22.jpg,RipDetSeg-2bea5iik5qsd.jpg,1,2,2
RipDetSeg-jxsinirdmb6q.jpg,RipDetSeg-1jhi6fllq9ib.jpg,0,2,2
RipDetSeg-jxn26sw5lnp2.jpg,RipDetSeg-jf4w4znqocdu.jpg,2,2,2
RipDetSeg-2oyswkz4f96p.jpg,RipDetSeg-cbnzjmbab9m6.jpg,1,2,2
RipDetSeg-jwpaing7k8cl.jpg,RipDetSeg-1zlapms5iad4.jpg,1,2,2
RipDetSeg-jixwjvz0cvo6.jpg,RipDetSeg-hijkr9cbeilt.jpg,0,2,2
RipDetSeg-32dr8zv9iy23.jpg,RipDetSeg-jxm36e228uxk.jpg,0,2,2
RipDetSeg-jjgguobe0z64.jpg,RipDetSeg-idmnnsw7henn.jpg,2,2,2
RipDetSeg-32szq1orh74x.jpg,RipDetSeg-ttuwzkeznesx.jpg,2,0,2
RipDetSeg-j7hom6bpxr0s.jpg,RipDetSeg-pplt4qi2csuz.jpg,0,2,2
RipDetSeg-j7ez51ifk2yg.jpg,RipDetSeg-383foqar52l0.jpg,0,2,2
RipDetSeg-37ber4stvm51.jpg,RipDetSeg-wkmxd1np5abg.jpg,0,2,2
RipDetSeg-399t0jsaup1i.jpg,RipDetSeg-s0iw2jfp53st.jpg,2,2,2
RipDetSeg-j6wy0cyi86c0.jpg,RipDetSeg-5c7jwhpcfmky.jpg,1,2,2
RipDetSeg-39amgugd9exw.jpg,RipDetSeg-fa8xmo4k77lm.jpg,0,2,2
RipDetSeg-39hm9heaqu3e.jpg,RipDetSeg-gazvt488d1ym.jpg,2,0,2
RipDetSeg-39l8jm2ra5xb.jpg,RipDetSeg-7rycvw4zqw0j.jpg,1,2,2
RipDetSeg-j4rp90k1knuz.jpg,RipDetSeg-w8uzfx1o2fwx.jpg,1,2,2
RipDetSeg-3a4ib47p5i2h.jpg,RipDetSeg-dyw3y26q710h.jpg,1,2,2
RipDetSeg-j4ift3nvr3de.jpg,RipDetSeg-1uih2uorm6av.jpg,0,2,2
RipDetSeg-3adsjdfbsk3r.jpg,RipDetSeg-158v8lh6648q.jpg,1,2,2
RipDetSeg-j3c2llt7xho9.jpg,RipDetSeg-ky5nk86e0bqf.jpg,2,2,2
RipDetSeg-j3bmyssau7mo.jpg,RipDetSeg-j3n5qwk6xejw.jpg,1,2,2
RipDetSeg-j2nhzfw8y64e.jpg,RipDetSeg-112xjdk24yyk.jpg,1,2,2
RipDetSeg-bdh2tyb6gf7t.jpg,RipDetSeg-z7uqqnhrqone.jpg,0,2,2
RipDetSeg-j130ofi5w8ww.jpg,RipDetSeg-ny3t1gwynfqv.jpg,1,2,2
RipDetSeg-3akx8yefc9xl.jpg,RipDetSeg-lr67mj3gfa5o.jpg,2,2,2
RipDetSeg-iyl1c3g45b8o.jpg,RipDetSeg-8kxmaxfqczwe.jpg,1,2,2
RipDetSeg-3akzdykea88b.jpg,RipDetSeg-ktwqkzy1b3j9.jpg,0,2,2
RipDetSeg-3arkxl5gt4cn.jpg,RipDetSeg-10ti3e2l3mix.jpg,2,2,2
RipDetSeg-3duzb8j8aq2l.jpg,RipDetSeg-3epiu9y0ibuj.jpg,2,0,2
RipDetSeg-iydosovdljq9.jpg,RipDetSeg-dgmwas19218b.jpg,0,2,2
RipDetSeg-iyd1sid36obf.jpg,RipDetSeg-2rozgjozes3g.jpg,1,2,2
RipDetSeg-3e5qzkrkg2bb.jpg,RipDetSeg-uwyabe4q95df.jpg,0,2,2
RipDetSeg-iy4002bq23hw.jpg,RipDetSeg-8erre6j3w3i4.jpg,0,2,2
RipDetSeg-3fxua6x97gjm.jpg,RipDetSeg-rmy0phr2pf1e.jpg,0,2,2
RipDetSeg-ix4kbpw70xzx.jpg,RipDetSeg-mjxiipa5wm5u.jpg,0,2,2
RipDetSeg-3gd4ehya8fou.jpg,RipDetSeg-ko8qq8wo5x4f.jpg,2,2,2
RipDetSeg-jiq35vskuxi6.jpg,RipDetSeg-31jqrc9l707r.jpg,2,2,2
RipDetSeg-j7ninqsa7tow.jpg,RipDetSeg-d00supao5he5.jpg,0,2,2
RipDetSeg-j7kchhwdsd3o.jpg,RipDetSeg-myeyuzkvou52.jpg,2,2,2
RipDetSeg-36vmvt4ajhop.jpg,RipDetSeg-rt1upo2nbbva.jpg,2,0,2
RipDetSeg-332ql4s3zfld.jpg,RipDetSeg-24k3syj6k9qu.jpg,0,2,2
RipDetSeg-jgwyrp39t53d.jpg,RipDetSeg-bubt8ucn0sut.jpg,1,2,2
RipDetSeg-jg88459d5oiu.jpg,RipDetSeg-z847imp35ki1.jpg,0,2,2
RipDetSeg-332u0sgjtfln.jpg,RipDetSeg-5huf02yswia2.jpg,0,2,2
RipDetSeg-bd51rdju2sdu.jpg,RipDetSeg-dt9ynpsr3rmh.jpg,0,2,2
RipDetSeg-jg031h86i8lu.jpg,RipDetSeg-bt7ptf3vwo3s.jpg,2,0,2
RipDetSeg-jfrvf8sl1fwu.jpg,RipDetSeg-bgmg8lde8frt.jpg,1,2,2
RipDetSeg-3331x390lnkx.jpg,RipDetSeg-s0riqfuhk58q.jpg,2,2,2
RipDetSeg-341pxzcrblks.jpg,RipDetSeg-b796nx92yfqq.jpg,1,2,2
RipDetSeg-jf7rwfbs0mws.jpg,RipDetSeg-7s2jh1eoe7oz.jpg,0,2,2
RipDetSeg-j8sbotbbqf6t.jpg,RipDetSeg-der67c8i9ox2.jpg,0,2,2
RipDetSeg-344ob70emnu8.jpg,RipDetSeg-ke3flyr5r8xd.jpg,0,2,2
RipDetSeg-jerstrwlzncy.jpg,RipDetSeg-h2zmm4jsubxf.jpg,0,2,2
RipDetSeg-34e9rav3nv47.jpg,RipDetSeg-dpe5cgoatdmd.jpg,1,2,2
RipDetSeg-a45mnn5nu05d.jpg,RipDetSeg-k0iiq8c9nzbl.jpg,1,2,2
RipDetSeg-35sb7c9856q4.jpg,RipDetSeg-aevycboh5zdc.jpg,1,2,2
RipDetSeg-34ugccpgce7u.jpg,RipDetSeg-t2x1tedzure8.jpg,1,2,2
RipDetSeg-jenorky4vm0w.jpg,RipDetSeg-bxnbdgz91w2u.jpg,1,2,2
RipDetSeg-je9tyuouzl1m.jpg,RipDetSeg-3zhpoblau4ut.jpg,0,2,2
RipDetSeg-jdyu8b5bh3an.jpg,RipDetSeg-jgvo7f8wxdwe.jpg,0,2,2
RipDetSeg-jd450h948b6j.jpg,RipDetSeg-nkpk4d2fxyme.jpg,2,0,2
RipDetSeg-jcih8s6wl987.jpg,RipDetSeg-1tp8y74vv2ij.jpg,0,2,2
RipDetSeg-j8wzu056jwed.jpg,RipDetSeg-e46vsk1l3qkm.jpg,1,2,2
RipDetSeg-j99gx3k8210j.jpg,RipDetSeg-59wo308y7mcz.jpg,1,2,2
RipDetSeg-35n7x9beuc2w.jpg,RipDetSeg-rib05wl5inwe.jpg,0,2,2
RipDetSeg-jenrn9tbwytf.jpg,RipDetSeg-a57u037z5654.jpg,0,2,2
RipDetSeg-36rc3adijc61.jpg,RipDetSeg-u8bij7czlryq.jpg,0,2,2
RipDetSeg-autdz5ygaktx.jpg,RipDetSeg-fpi2n9umkfz8.jpg,3,0,3
RipDetSeg-u6xdbu6az82x.jpg,RipDetSeg-bp8u9e1p8hti.jpg,3,2,3
RipDetSeg-a6agskiiwwp8.jpg,RipDetSeg-fiez8msjgpca.jpg,3,2,3
RipDetSeg-u8ja2253lzxl.jpg,RipDetSeg-ylgg3nr65suo.jpg,3,0,3
RipDetSeg-ap08imuawwos.jpg,RipDetSeg-q7hm8btgrshl.jpg,3,2,3
RipDetSeg-a9p3qhpagjr2.jpg,RipDetSeg-kr8mio5fpfm1.jpg,3,2,3
RipDetSeg-aimgl8ik2n0i.jpg,RipDetSeg-a9b9nvyrxaze.jpg,3,2,3
RipDetSeg-uh3lp4us9kc9.jpg,RipDetSeg-hfdwgrbrn4m0.jpg,3,2,3
RipDetSeg-admhhdszfcqd.jpg,RipDetSeg-kua9uqvli533.jpg,3,2,3
RipDetSeg-n1fotm3xws4i.jpg,RipDetSeg-b8gfq5z1938m.jpg,3,0,3
RipDetSeg-a0gucxwpciit.jpg,RipDetSeg-cxr0kur4ar84.jpg,3,2,3
RipDetSeg-2fsg8f05vm38.jpg,RipDetSeg-wm0vpp3rwfbx.jpg,3,2,3
RipDetSeg-ymd226sdj7fb.jpg,RipDetSeg-knw62yq2rvjl.jpg,3,2,3
RipDetSeg-2ne81bw5u7ue.jpg,RipDetSeg-o9vsuey1t8wk.jpg,3,2,3
RipDetSeg-yhm8lkwb925o.jpg,RipDetSeg-br1yz9ajkj5n.jpg,3,2,3
RipDetSeg-2tgoqor1b4h6.jpg,RipDetSeg-jl529l64aln6.jpg,3,2,3
RipDetSeg-yb3c68rwr7dr.jpg,RipDetSeg-3crhgzaxnuui.jpg,3,2,3
RipDetSeg-36x3888gr69t.jpg,RipDetSeg-23l3fjpeka2b.jpg,3,2,3
RipDetSeg-y5p2j4tsi70o.jpg,RipDetSeg-0ocj7lk01zby.jpg,3,2,3
RipDetSeg-xus7xw378ljo.jpg,RipDetSeg-44nm8ahy4e4h.jpg,3,2,3
RipDetSeg-2aq72frtw3j7.jpg,RipDetSeg-0xlj209uj12b.jpg,3,2,3
RipDetSeg-3wqjnxf7ke34.jpg,RipDetSeg-tm5dwxrr7awp.jpg,3,0,3
RipDetSeg-4006so9z9nfv.jpg,RipDetSeg-xhfecpwyg89e.jpg,3,0,3
RipDetSeg-xr0gs3qr95k3.jpg,RipDetSeg-36on9p49erih.jpg,3,2,3
RipDetSeg-xprw330kuzxx.jpg,RipDetSeg-71dbvaxd5r8f.jpg,3,0,3
RipDetSeg-xczccafqzxtz.jpg,RipDetSeg-vho1o08ophn1.jpg,3,0,3
RipDetSeg-4qhr0lc2wxck.jpg,RipDetSeg-6duclxe5l5x5.jpg,3,2,3
RipDetSeg-xa2gcwsqcz2j.jpg,RipDetSeg-jbu1xc64dkdt.jpg,3,2,3
RipDetSeg-4wmomxuogrv2.jpg,RipDetSeg-0z05eq32v567.jpg,3,0,3
RipDetSeg-x2d8z4z05ay2.jpg,RipDetSeg-glljhtll5tvn.jpg,3,2,3
RipDetSeg-ayoyla6xyyup.jpg,RipDetSeg-h7aj7kgqgtcl.jpg,3,2,3
RipDetSeg-3xwpx4bme8q7.jpg,RipDetSeg-ebnah3y8nkh0.jpg,3,2,3
RipDetSeg-53ryg0r3azgn.jpg,RipDetSeg-fg6ktxjx4dzt.jpg,3,2,3
RipDetSeg-28rc37t7wt1v.jpg,RipDetSeg-cvenmvto5uj8.jpg,3,2,3
RipDetSeg-yu7sefpfrgri.jpg,RipDetSeg-6qpujxye5h2f.jpg,3,2,3
RipDetSeg-zw13r87b1i15.jpg,RipDetSeg-0lz5ldl0ynwz.jpg,3,2,3
RipDetSeg-zvrfsffvgr4h.jpg,RipDetSeg-qjtfxjrwvr37.jpg,3,2,3
RipDetSeg-zvij7uv5syh7.jpg,RipDetSeg-lm3nrzzwn8fj.jpg,3,2,3
RipDetSeg-0bs4ibecw7rx.jpg,RipDetSeg-abju9r1rcsyq.jpg,3,2,3
RipDetSeg-0gjloo1io99u.jpg,RipDetSeg-387cv78e82a1.jpg,3,0,3
RipDetSeg-0nc63lez32p3.jpg,RipDetSeg-7zwivuprtkdt.jpg,3,2,3
RipDetSeg-zo1ejybgo2xp.jpg,RipDetSeg-3ff1fxgtbuwo.jpg,3,0,3
RipDetSeg-zmm4ohbqnd7d.jpg,RipDetSeg-21sxfniju97r.jpg,3,0,3
RipDetSeg-0xfkaghd3i4g.jpg,RipDetSeg-anc36dmu5r0u.jpg,3,0,3
RipDetSeg-27u9zw9i6srz.jpg,RipDetSeg-u3lcg3s9mpx6.jpg,3,0,3
RipDetSeg-10bjqmkhvz31.jpg,RipDetSeg-cn52f377yegl.jpg,3,2,3
RipDetSeg-1beyobzdwr7s.jpg,RipDetSeg-ach78bl2m53u.jpg,3,2,3
RipDetSeg-zbuvbnve3xd7.jpg,RipDetSeg-5nzpqy1krdfi.jpg,3,2,3
RipDetSeg-1gjxxmlnwdjq.jpg,RipDetSeg-xq0dyzepeqae.jpg,3,2,3
RipDetSeg-za24korhfb8p.jpg,RipDetSeg-3ppuhvjigkzt.jpg,3,2,3
RipDetSeg-1hlbsct3evvi.jpg,RipDetSeg-05zm98bxixsd.jpg,3,2,3
RipDetSeg-1k7hendyqjla.jpg,RipDetSeg-eii9ysuyf6md.jpg,3,2,3
RipDetSeg-z59vuza5t82p.jpg,RipDetSeg-uw6lmji3v1p3.jpg,3,2,3
RipDetSeg-z11xglb31j9l.jpg,RipDetSeg-4nnb2df1jh8o.jpg,3,2,3
RipDetSeg-24yfdnncgpdk.jpg,RipDetSeg-e0hsvgyq4vie.jpg,3,2,3
RipDetSeg-17x2qa6inwkv.jpg,RipDetSeg-6yo3yjcyw8ns.jpg,3,2,3
RipDetSeg-uk2kgx6uodnu.jpg,RipDetSeg-20kmkponh2wa.jpg,3,0,3
RipDetSeg-wyzy1iudpz7u.jpg,RipDetSeg-5a0db183uo37.jpg,3,2,3
RipDetSeg-wwfdd7g3jgw2.jpg,RipDetSeg-g2ymubb3saa5.jpg,3,0,3
RipDetSeg-7ldfv4xytzdu.jpg,RipDetSeg-6jgtufn2c6n8.jpg,3,2,3
RipDetSeg-vqi46ctacpp4.jpg,RipDetSeg-s3q0e90880xz.jpg,3,0,3
RipDetSeg-vq9lxx5w7i4m.jpg,RipDetSeg-yq3zyjsvpl06.jpg,3,0,3
RipDetSeg-vosbt8kgo4q0.jpg,RipDetSeg-3b4t24z07m7b.jpg,3,2,3
RipDetSeg-vkffradt09y3.jpg,RipDetSeg-dbd7vhjh5mbd.jpg,3,2,3
RipDetSeg-viulfwbvk92q.jpg,RipDetSeg-z6btr5apfyil.jpg,3,0,3
RipDetSeg-8igb5xhh0d7u.jpg,RipDetSeg-nwx4d2no3czg.jpg,3,0,3
RipDetSeg-8kz2zp0u25l8.jpg,RipDetSeg-jldatutbfzo1.jpg,3,2,3
RipDetSeg-v8gpulz65c1d.jpg,RipDetSeg-thw3wpzsscf8.jpg,3,0,3
RipDetSeg-7l7yfzkl14aj.jpg,RipDetSeg-999m2mj1awtm.jpg,3,2,3
RipDetSeg-8r1bd4972g0d.jpg,RipDetSeg-dmlnfnxm1gzn.jpg,3,2,3
RipDetSeg-8wr1t4fz0h1s.jpg,RipDetSeg-qpawz9ns4s2h.jpg,3,0,3
RipDetSeg-v5cdi3foj040.jpg,RipDetSeg-418gq7c9zy3a.jpg,3,0,3
RipDetSeg-93ljaj9hsuy6.jpg,RipDetSeg-qv1c0diz43b2.jpg,3,2,3
RipDetSeg-v15pm5f1guug.jpg,RipDetSeg-jsnf37mh2n64.jpg,3,2,3
RipDetSeg-uxcnp9mmh5s8.jpg,RipDetSeg-7nmrnrsl7vy2.jpg,3,2,3
RipDetSeg-9jl8kobmo8md.jpg,RipDetSeg-16s62peh7xjl.jpg,3,2,3
RipDetSeg-9q7l3eqeunem.jpg,RipDetSeg-airbpzsvhhre.jpg,3,2,3
RipDetSeg-9qhbj4ovuv6v.jpg,RipDetSeg-heke3gacq0vt.jpg,3,2,3
RipDetSeg-9tq671xj1u1t.jpg,RipDetSeg-tx3j7swa1q2g.jpg,3,0,3
RipDetSeg-8vewl7h93jmr.jpg,RipDetSeg-dkhl3ivb7qse.jpg,3,2,3
RipDetSeg-5817z8xgmhsi.jpg,RipDetSeg-h9s63c2ue6yy.jpg,3,2,3
RipDetSeg-7i5h0cu3h5fe.jpg,RipDetSeg-qyxe1d1t89cn.jpg,3,0,3
RipDetSeg-7az5nue8drs3.jpg,RipDetSeg-guj0fcas2hx8.jpg,3,2,3
RipDetSeg-wu66ibzzlzmt.jpg,RipDetSeg-imvm2i8dlsz7.jpg,3,0,3
RipDetSeg-5lk5r9pow59f.jpg,RipDetSeg-2ihi979nvvow.jpg,3,2,3
RipDetSeg-5mo6dwkyhsli.jpg,RipDetSeg-fcfvdcki2max.jpg,3,0,3
RipDetSeg-5ogiz12gyenk.jpg,RipDetSeg-5mbqr92otzsz.jpg,3,2,3
RipDetSeg-5ppyfm2u5zh1.jpg,RipDetSeg-b0r95iblsgn5.jpg,3,0,3
RipDetSeg-5siqmzj3e57m.jpg,RipDetSeg-k3rhm71hga0w.jpg,3,2,3
RipDetSeg-5yuoxdk5q4cd.jpg,RipDetSeg-dc7480db6191.jpg,3,2,3
RipDetSeg-wj7fv525bxf9.jpg,RipDetSeg-lmsw4rgbek0t.jpg,3,0,3
RipDetSeg-wimfbf9nzr2z.jpg,RipDetSeg-3ucmt7tiqiek.jpg,3,2,3
RipDetSeg-7bhw8jgzd9bj.jpg,RipDetSeg-smy3r7ldrxvw.jpg,3,0,3
RipDetSeg-65pmhtx3nmvn.jpg,RipDetSeg-rr76m439rqjm.jpg,3,2,3
RipDetSeg-wfhl74gi4khf.jpg,RipDetSeg-51wwkxgc266c.jpg,3,0,3
RipDetSeg-wf3xvndpo2wf.jpg,RipDetSeg-7jce40n6firx.jpg,3,0,3
RipDetSeg-w985mbvzsi9c.jpg,RipDetSeg-2hbsk8h7hy5e.jpg,3,0,3
RipDetSeg-w6029qvoo2z4.jpg,RipDetSeg-cb5xicrtsjbv.jpg,3,2,3
RipDetSeg-6u3rgngt369v.jpg,RipDetSeg-9rien1qfix6i.jpg,3,2,3
RipDetSeg-w0hq0gjamcb0.jpg,RipDetSeg-5bs0ki361yy6.jpg,3,2,3
RipDetSeg-w0gwkzhei2wh.jpg,RipDetSeg-nlbzskcaey3t.jpg,3,2,3
RipDetSeg-770yvvks6s74.jpg,RipDetSeg-7cpdeje81app.jpg,3,2,3
RipDetSeg-vufi09nr0a10.jpg,RipDetSeg-cjkx0hzm0vox.jpg,3,2,3
RipDetSeg-wftfssxqmo10.jpg,RipDetSeg-xtu36u84j48h.jpg,3,2,3
RipDetSeg-53k3zpu5jks9.jpg,RipDetSeg-3qvvmzaec7qh.jpg,3,2,3
RipDetSeg-iasdja4t2cxq.jpg,RipDetSeg-gs1o70u16nh3.jpg,3,2,3
RipDetSeg-g0tgm7ghfuw9.jpg,RipDetSeg-02ddy2ja1p2n.jpg,3,2,3
RipDetSeg-m9meyen43c22.jpg,RipDetSeg-bfxsg3hry1q6.jpg,3,2,3
RipDetSeg-m8vi743kovy7.jpg,RipDetSeg-zmgmhwcq397o.jpg,3,2,3
RipDetSeg-nepp92mctffc.jpg,RipDetSeg-lf1e2ftri6cc.jpg,3,2,3
RipDetSeg-rkhx29e79uz0.jpg,RipDetSeg-bqwufzhp9aed.jpg,3,0,3
RipDetSeg-eyjv56cwxnmy.jpg,RipDetSeg-4se4mhly2tkv.jpg,3,2,3
RipDetSeg-m7j44lgdi6bb.jpg,RipDetSeg-hdzysa1hk034.jpg,3,0,3
RipDetSeg-f0o209i5rmid.jpg,RipDetSeg-huhswl21ha3p.jpg,3,2,3
RipDetSeg-rj1jl9te3hnx.jpg,RipDetSeg-l9oputrdom58.jpg,3,0,3
RipDetSeg-f1qve7ssc8gt.jpg,RipDetSeg-bx9pd0sgcilv.jpg,3,0,3
RipDetSeg-f2hlja4e440u.jpg,RipDetSeg-7j4b4gnjy18i.jpg,3,2,3
RipDetSeg-m3kuvrdspuct.jpg,RipDetSeg-6mjqo0jputby.jpg,3,0,3
RipDetSeg-f7zbznp4wgi2.jpg,RipDetSeg-l9f0nkf98r7z.jpg,3,2,3
RipDetSeg-nhnknrbjybl6.jpg,RipDetSeg-ayllxcyt1sad.jpg,3,2,3
RipDetSeg-esetk3immjb2.jpg,RipDetSeg-6k3jyn4r9ooa.jpg,3,2,3
RipDetSeg-f8klph94y7bs.jpg,RipDetSeg-k9kucjusvxhd.jpg,3,2,3
RipDetSeg-feblh00k9w41.jpg,RipDetSeg-z2y6smzpma9t.jpg,3,2,3
RipDetSeg-fjx7wme7oimc.jpg,RipDetSeg-an9xwfey3hq8.jpg,3,2,3
RipDetSeg-fwkgck0e7w7n.jpg,RipDetSeg-7jteu3s4bgcb.jpg,3,2,3
RipDetSeg-qy2j7cx4d594.jpg,RipDetSeg-74jxgjkb307j.jpg,3,0,3
RipDetSeg-g0emdxf0p928.jpg,RipDetSeg-1i2wf0qodmb7.jpg,3,2,3
RipDetSeg-kgv717sc68zo.jpg,RipDetSeg-0wnjmmhnx0ww.jpg,3,2,3
RipDetSeg-g2bxdfacx3al.jpg,RipDetSeg-efqpd1m9ph24.jpg,3,2,3
RipDetSeg-nnd408h2w1pd.jpg,RipDetSeg-663ynxhznp56.jpg,3,2,3
RipDetSeg-g3tladmtkr23.jpg,RipDetSeg-0dzlyp9tllq6.jpg,3,0,3
RipDetSeg-g50f3fo5zsqg.jpg,RipDetSeg-igoyoqm7j0ky.jpg,3,0,3
RipDetSeg-gdo3felg3pxa.jpg,RipDetSeg-m4dsrcwxylxf.jpg,3,2,3
RipDetSeg-ls5h7dh47pmh.jpg,RipDetSeg-x5xewmy8hdbh.jpg,3,2,3
RipDetSeg-gh2hkidmyafw.jpg,RipDetSeg-gic27t0986c7.jpg,3,2,3
RipDetSeg-m3dnveobm11x.jpg,RipDetSeg-gsjssymtwz5z.jpg,3,2,3
RipDetSeg-rmmbjlgfsmb7.jpg,RipDetSeg-0e19z4y2882a.jpg,3,0,3
RipDetSeg-eohmfx1ob1nk.jpg,RipDetSeg-0jlnp46el7xx.jpg,3,2,3
RipDetSeg-md63ijig4h63.jpg,RipDetSeg-sgg8o3tn5phc.jpg,3,2,3
RipDetSeg-crgwx4j7zrpl.jpg,RipDetSeg-0zujwuw1ixq4.jpg,3,2,3
RipDetSeg-crjdtmff0tkj.jpg,RipDetSeg-d952u5djgo84.jpg,3,0,3
RipDetSeg-cuvzt2aa4ex1.jpg,RipDetSeg-7ddgiv0u3c3h.jpg,3,2,3
RipDetSeg-cvb8xne68wmq.jpg,RipDetSeg-izcuaz3t6gks.jpg,3,2,3
RipDetSeg-sq745ovrce5a.jpg,RipDetSeg-05ahshwv13o2.jpg,3,0,3
RipDetSeg-d1hs3k2yrue5.jpg,RipDetSeg-ymhj89jjyfj1.jpg,3,0,3
RipDetSeg-d1wx5xlucd6v.jpg,RipDetSeg-b41rc46kpdw2.jpg,3,0,3
RipDetSeg-sltr6tbc1d3z.jpg,RipDetSeg-jj2nevcxawlj.jpg,3,2,3
RipDetSeg-n8v4gxgji6ir.jpg,RipDetSeg-j6m22d2kh7jq.jpg,3,0,3
RipDetSeg-d6vwbpml0h22.jpg,RipDetSeg-zlfu03wk1kjy.jpg,3,2,3
RipDetSeg-dbk7uem310dn.jpg,RipDetSeg-9zjmjv9eehvp.jpg,3,0,3
RipDetSeg-moqr49w2vmes.jpg,RipDetSeg-2b7g2rcf4n1k.jpg,3,2,3
RipDetSeg-djhv0ssglgfl.jpg,RipDetSeg-kjx2irh8lgt6.jpg,3,2,3
RipDetSeg-saxz3qjaej64.jpg,RipDetSeg-jidl0ntbvrie.jpg,3,2,3
RipDetSeg-s944ch9sc1fb.jpg,RipDetSeg-swi6zy43j02p.jpg,3,2,3
RipDetSeg-nbktbutsd2f2.jpg,RipDetSeg-3k8mwexznbmj.jpg,3,0,3
RipDetSeg-s69ahzmwlpth.jpg,RipDetSeg-tob0n54om8d1.jpg,3,0,3
RipDetSeg-dtomygz0i9wr.jpg,RipDetSeg-yteb9w419uj7.jpg,3,0,3
RipDetSeg-s5q1nznn44d8.jpg,RipDetSeg-io3803rlirog.jpg,3,2,3
RipDetSeg-dyekg5llxiuh.jpg,RipDetSeg-6u01p9ffermm.jpg,3,0,3
RipDetSeg-s2cvgdjihc7x.jpg,RipDetSeg-0nu9shfhnajx.jpg,3,0,3
RipDetSeg-e4c18sq8ayxt.jpg,RipDetSeg-1n8vnvtdst5o.jpg,3,2,3
RipDetSeg-mezlkbe6ddeu.jpg,RipDetSeg-cr67boczfqgn.jpg,3,0,3
RipDetSeg-rxy7hj98bzzo.jpg,RipDetSeg-kpa0ap6mirua.jpg,3,2,3
RipDetSeg-rwh7xcu1tqq9.jpg,RipDetSeg-6q0w4xk0um0k.jpg,3,0,3
RipDetSeg-eer0ro5uksbd.jpg,RipDetSeg-b1ztcz3cqh7b.jpg,3,2,3
RipDetSeg-eghecl1i3wrn.jpg,RipDetSeg-o0nk4waezfih.jpg,3,0,3
RipDetSeg-rt3069n1a16k.jpg,RipDetSeg-rmbrzqvdojsg.jpg,3,2,3
RipDetSeg-elvqrjm7u39g.jpg,RipDetSeg-7zwivuprtkdt.jpg,3,0,3
RipDetSeg-nq4lmktbrp6i.jpg,RipDetSeg-oesufv28cgu9.jpg,3,2,3
RipDetSeg-syjctyes2afu.jpg,RipDetSeg-13ek7ebasnbr.jpg,3,0,3
RipDetSeg-qkaxnmo9i6d6.jpg,RipDetSeg-g8addutqtsqo.jpg,3,2,3
RipDetSeg-gjwv9x3n3h1p.jpg,RipDetSeg-uougg1wz3b2i.jpg,3,2,3
RipDetSeg-ktmo751kw2r8.jpg,RipDetSeg-g85wwte41zzw.jpg,3,2,3
RipDetSeg-papi54x4pbdx.jpg,RipDetSeg-v7jq8kv11i9p.jpg,3,2,3
RipDetSeg-imyzv9f54pnw.jpg,RipDetSeg-2udfwlk97zh7.jpg,3,0,3
RipDetSeg-in3z4a49t1et.jpg,RipDetSeg-mccuoy1bs04s.jpg,3,0,3
RipDetSeg-iwu6o401kkvz.jpg,RipDetSeg-739pj7c63wkw.jpg,3,2,3
RipDetSeg-ixm1l0rn6sev.jpg,RipDetSeg-mooxr68qotwu.jpg,3,2,3
RipDetSeg-j4bo6vqbkqll.jpg,RipDetSeg-6p12159jdcis.jpg,3,2,3
RipDetSeg-ksoodsmhekhm.jpg,RipDetSeg-0j1x4zzctsd7.jpg,3,2,3
RipDetSeg-ozpgmil5mpm3.jpg,RipDetSeg-i2jgimrkazy1.jpg,3,2,3
RipDetSeg-kraf9o3062n1.jpg,RipDetSeg-s2bjh8bc6ci1.jpg,3,0,3
RipDetSeg-ovuk4qfd44oa.jpg,RipDetSeg-lqpg8authsuq.jpg,3,0,3
RipDetSeg-jlkabfwsvv13.jpg,RipDetSeg-k0a9vj63qku8.jpg,3,0,3
RipDetSeg-jpr0nyl526dl.jpg,RipDetSeg-j02wtn9uofe4.jpg,3,0,3
RipDetSeg-o2f55tzusu40.jpg,RipDetSeg-6h263xjaq9sa.jpg,3,0,3
RipDetSeg-jrquwtxzc2z9.jpg,RipDetSeg-pm4e2gf51i7o.jpg,3,2,3
RipDetSeg-knlq02tkykmy.jpg,RipDetSeg-3pnqtg3y7rx5.jpg,3,0,3
RipDetSeg-jzcrmr8rmbvm.jpg,RipDetSeg-rr76m439rqjm.jpg,3,0,3
RipDetSeg-kjyqxa9ya5hd.jpg,RipDetSeg-106kg0quwr7e.jpg,3,2,3
RipDetSeg-o7p1ypxunmly.jpg,RipDetSeg-9yhbrjq1v3so.jpg,3,2,3
RipDetSeg-ohsibhnewawu.jpg,RipDetSeg-gzmdb6rdnoys.jpg,3,2,3
RipDetSeg-ogl1razpeyi1.jpg,RipDetSeg-1sus0nzwneoz.jpg,3,0,3
RipDetSeg-o8c0bd3gh8ir.jpg,RipDetSeg-g9zawsf7sjvy.jpg,3,2,3
RipDetSeg-k4snv2sudkbw.jpg,RipDetSeg-mrv6892lhsd8.jpg,3,2,3
RipDetSeg-o8ofmzu9a0kp.jpg,RipDetSeg-0ylqab0yzde4.jpg,3,0,3
RipDetSeg-k7cl9706nfmu.jpg,RipDetSeg-a0zsfiihn1fg.jpg,3,0,3
RipDetSeg-kajcz4ydle5f.jpg,RipDetSeg-o84fw1toado6.jpg,3,0,3
RipDetSeg-kcwrhl763x6k.jpg,RipDetSeg-wn2rd5kcaudh.jpg,3,2,3
RipDetSeg-o9rq69gwwb2s.jpg,RipDetSeg-166v28smq2w8.jpg,3,0,3
RipDetSeg-jvinegxfx0ux.jpg,RipDetSeg-ig4offlg0ibw.jpg,3,2,3
RipDetSeg-ih8kj1vix15f.jpg,RipDetSeg-fh65y1o16vca.jpg,3,0,3
RipDetSeg-ib59420qca6p.jpg,RipDetSeg-gr4dok08ah1w.jpg,3,2,3
RipDetSeg-i3lspoksrzan.jpg,RipDetSeg-mkcvfvb3m0ln.jpg,3,0,3
RipDetSeg-gm4eazp1a7ti.jpg,RipDetSeg-8eek77dkqve3.jpg,3,0,3
RipDetSeg-qfxq312i91k8.jpg,RipDetSeg-jpnlo47wibdb.jpg,3,0,3
RipDetSeg-nsco8kh49e5b.jpg,RipDetSeg-qky7nsronyaq.jpg,3,0,3
RipDetSeg-qcj77q6c8xfa.jpg,RipDetSeg-jskhcnpzb8is.jpg,3,0,3
RipDetSeg-qc5aqc0kohy7.jpg,RipDetSeg-odw24w9dk7km.jpg,3,2,3
RipDetSeg-gvcbpjoo5uv6.jpg,RipDetSeg-9kigs1do1x5t.jpg,3,0,3
RipDetSeg-q9w0nrfwu2eu.jpg,RipDetSeg-trgwixksbvtj.jpg,3,0,3
RipDetSeg-lbft3oim5xuh.jpg,RipDetSeg-6h263xjaq9sa.jpg,3,0,3
RipDetSeg-h1s7u8ojj520.jpg,RipDetSeg-lj0n8vyobd4s.jpg,3,2,3
RipDetSeg-q8q774xavxzd.jpg,RipDetSeg-0u28ch6had1t.jpg,3,2,3
RipDetSeg-h1zniov41b4z.jpg,RipDetSeg-4c44o1va36c3.jpg,3,0,3
RipDetSeg-h4ssvbhwnq1x.jpg,RipDetSeg-xz6bd9pydv6l.jpg,3,2,3
RipDetSeg-nvcv1oqzoa1u.jpg,RipDetSeg-6q0w4xk0um0k.jpg,3,0,3
RipDetSeg-q5hkgw5oqm8q.jpg,RipDetSeg-6xefru331971.jpg,3,0,3
RipDetSeg-q54kr1jr9zdq.jpg,RipDetSeg-40jl8h2tjsd8.jpg,3,2,3
RipDetSeg-q3mila5h1g5i.jpg,RipDetSeg-6yd5or8doiw8.jpg,3,2,3
RipDetSeg-h8yp6ulpthhn.jpg,RipDetSeg-efxyqe5br3z2.jpg,3,0,3
RipDetSeg-hcbcyn25n2sa.jpg,RipDetSeg-h9i08qwt8i6v.jpg,3,0,3
RipDetSeg-l8omhviqo1nh.jpg,RipDetSeg-myt6hw8lyvz2.jpg,3,0,3
RipDetSeg-q11x9pillaz4.jpg,RipDetSeg-ayllxcyt1sad.jpg,3,2,3
RipDetSeg-hhb7piswvd6s.jpg,RipDetSeg-5f38fycetngq.jpg,3,2,3
RipDetSeg-hmybgk3xx3d3.jpg,RipDetSeg-tk54vlhz4fzb.jpg,3,0,3
RipDetSeg-hoaqy5kr8f8b.jpg,RipDetSeg-rtkm33bjz2xg.jpg,3,2,3
RipDetSeg-hrian8e4mctr.jpg,RipDetSeg-6781fzrn1l1d.jpg,3,0,3
RipDetSeg-ps4piueof7uf.jpg,RipDetSeg-0ide4ics1bsk.jpg,3,0,3
RipDetSeg-hubs6j7frpvi.jpg,RipDetSeg-imn83z7upqd9.jpg,3,2,3
RipDetSeg-hwjtu12tbrbr.jpg,RipDetSeg-7uu6uvyd691l.jpg,3,0,3
RipDetSeg-pqmgcoen4cqm.jpg,RipDetSeg-95ah97c49kzn.jpg,3,2,3
RipDetSeg-ppg9qew2x4ur.jpg,RipDetSeg-2he22uglao2i.jpg,3,2,3
RipDetSeg-gjjlnhbkx50v.jpg,RipDetSeg-g9pj9tzwzliq.jpg,3,2,3
RipDetSeg-cfi8lj2bcgtt.jpg,RipDetSeg-1ov4vad6nlbt.jpg,3,2,3
RipDetSeg-o8xd8a9mpih2.jpg,RipDetSeg-3ucmt7tiqiek.jpg,3,2,3
RipDetSeg-tcokz8m7qt8c.jpg,RipDetSeg-66ekq3fn7lhi.jpg,3,2,3
RipDetSeg-tndi5c5hre7o.jpg,RipDetSeg-n3nh2xq4ijol.jpg,3,0,3
RipDetSeg-n42pnnep6w3y.jpg,RipDetSeg-wephcsw7qsci.jpg,3,2,3
RipDetSeg-b9prz961wxkp.jpg,RipDetSeg-a57u037z5654.jpg,3,2,3
RipDetSeg-b0zutjcb100f.jpg,RipDetSeg-yy1ler78d2y2.jpg,3,0,3
RipDetSeg-t3wvvtgqalbi.jpg,RipDetSeg-ihb33lyli0p0.jpg,3,2,3
RipDetSeg-cbfkc6z6q27s.jpg,RipDetSeg-ifdqn3pvkb39.jpg,3,0,3
RipDetSeg-cdec1mjewiwq.jpg,RipDetSeg-17qkg330l3xf.jpg,3,0,3
RipDetSeg-c2t9mcwcr74z.jpg,RipDetSeg-jqkjkpuaggo7.jpg,3,2,3
RipDetSeg-bbm2uz2jvz1t.jpg,RipDetSeg-74d41zi2biy0.jpg,3,2,3
RipDetSeg-c9jr0qd0uu35.jpg,RipDetSeg-kih9eszwnygv.jpg,3,0,3
RipDetSeg-bkv6zs9y0vwf.jpg,RipDetSeg-b1pigm49u3w1.jpg,3,2,3
RipDetSeg-mt869yp6lr05.jpg,RipDetSeg-znprr7mvb13h.jpg,3,0,3
RipDetSeg-c6wkjttyh28c.jpg,RipDetSeg-3fuyascso040.jpg,3,0,3
RipDetSeg-bpdaxsuku5es.jpg,RipDetSeg-dbi2db0m5t6z.jpg,3,2,3
RipDetSeg-mxslg2h2kzrx.jpg,RipDetSeg-ue63lr6m9e3z.jpg,3,2,3
RipDetSeg-n6cp1txi1qp9.jpg,RipDetSeg-ej8bmgp5lmoq.jpg,3,0,3
RipDetSeg-thcc19gqd7aq.jpg,RipDetSeg-kv7wn0aesmuz.jpg,3,2,3
RipDetSeg-t4agcg8tgrjx.jpg,RipDetSeg-tk8nhsft0q65.jpg,3,0,3
RipDetSeg-cdz1a3uobf5b.jpg,RipDetSeg-kuu6r7kw92a6.jpg,3,2,3
RipDetSeg-tlsk7q9cc2k6.jpg,RipDetSeg-340v66sijkjj.jpg,3,2,3
RipDetSeg-bhb92hz5il88.jpg,RipDetSeg-3vayfmku10xo.jpg,3,2,3
RipDetSeg-cdihjsbcosvc.jpg,RipDetSeg-fde3xkm22cmc.jpg,3,0,3
RipDetSeg-msj78e2iyx86.jpg,RipDetSeg-9rjvw76i44td.jpg,3,0,3
RipDetSeg-n2zxrr68g8yf.jpg,RipDetSeg-2o0w1z0ltnjt.jpg,3,0,3
RipDetSeg-bvr8d6rt5bwk.jpg,RipDetSeg-a1tv3s9nz0px.jpg,3,0,3
RipDetSeg-azt1cca3dm50.jpg,RipDetSeg-0ccue278x2ls.jpg,3,0,3
RipDetSeg-4bb987mbrq0d.jpg,RipDetSeg-9u66djlnuaah.jpg,4,4,4
RipDetSeg-l554uro21wlg.jpg,RipDetSeg-4cvc73app2ys.jpg,4,0,4
RipDetSeg-hscnqn71xnqr.jpg,RipDetSeg-xs3f0ni2vdio.jpg,1,4,4
RipDetSeg-u8sd0747jfae.jpg,RipDetSeg-7qlp581zhmit.jpg,3,4,4
RipDetSeg-47wuifah5rmr.jpg,RipDetSeg-l9b5prktmn99.jpg,3,4,4
RipDetSeg-q0f9pobxd44t.jpg,RipDetSeg-11pr1uge3e07.jpg,3,4,4
RipDetSeg-psdttzqm896o.jpg,RipDetSeg-8zgcy37yfti8.jpg,4,2,4
RipDetSeg-l6tiy5zbnny3.jpg,RipDetSeg-ksp2ktc8tq6n.jpg,0,4,4
RipDetSeg-hpsg1mqqq855.jpg,RipDetSeg-49uil5nq64vl.jpg,4,0,4
RipDetSeg-nwdnjmvklivf.jpg,RipDetSeg-3f1sn8rtxndj.jpg,4,0,4
RipDetSeg-4jrut2uhlv11.jpg,RipDetSeg-bmlj0hoy0sv0.jpg,2,4,4
RipDetSeg-4cmz6ikvnpw3.jpg,RipDetSeg-2jubki03ity1.jpg,1,4,4
RipDetSeg-4mefeeah10j4.jpg,RipDetSeg-olg4br67mqh0.jpg,4,2,4
RipDetSeg-put5xkyf72tf.jpg,RipDetSeg-1erd5fbsy03v.jpg,2,4,4
RipDetSeg-hop28shwklpa.jpg,RipDetSeg-hv18paxa3166.jpg,3,4,4
RipDetSeg-pzu1n5lhu8uu.jpg,RipDetSeg-3v5hgr0ar68j.jpg,0,4,4
RipDetSeg-hk61rkkx7e9l.jpg,RipDetSeg-a0awm4o0h6vb.jpg,4,2,4
RipDetSeg-tmyjbia6tg2s.jpg,RipDetSeg-p4bws628vsli.jpg,1,4,4
RipDetSeg-hkzxj435jbou.jpg,RipDetSeg-27dr5q7iya3q.jpg,3,4,4
RipDetSeg-xekq6ntgdbv9.jpg,RipDetSeg-xmbdwxiottd8.jpg,4,2,4
RipDetSeg-pxqz0bymv8aj.jpg,RipDetSeg-ak6vl7lj0ggb.jpg,4,0,4
RipDetSeg-xh5fpl6eotg0.jpg,RipDetSeg-2jrf348ts207.jpg,2,4,4
RipDetSeg-pwjvxpfli62w.jpg,RipDetSeg-g4l0pcg30euo.jpg,3,4,4
RipDetSeg-4516s3byevy0.jpg,RipDetSeg-2w4qux6sy7j9.jpg,3,4,4
RipDetSeg-xl1rysd3ippd.jpg,RipDetSeg-6ujm8ughtgco.jpg,1,4,4
RipDetSeg-ph0653ad7mm8.jpg,RipDetSeg-xy31pqp1x1gp.jpg,0,4,4
RipDetSeg-xtvhvv1xn4hd.jpg,RipDetSeg-wh1po1xp8z4c.jpg,1,4,4
RipDetSeg-3ws7d2fs6bye.jpg,RipDetSeg-veej7lv2uih8.jpg,3,4,4
RipDetSeg-i5oio7z3qbyl.jpg,RipDetSeg-v3i03ngscmyh.jpg,4,2,4
RipDetSeg-3xjvkzsdrate.jpg,RipDetSeg-m4dsrcwxylxf.jpg,3,4,4
RipDetSeg-xt5i9qryzbcf.jpg,RipDetSeg-u2jrd5ipd5el.jpg,2,4,4
RipDetSeg-i4cfmw9exlji.jpg,RipDetSeg-wdakt0fm3ajj.jpg,1,4,4
RipDetSeg-xs8myg0y1exy.jpg,RipDetSeg-04rcsxrh3wje.jpg,4,4,4
RipDetSeg-40ysfbjz1f5v.jpg,RipDetSeg-aw01lkqky3ni.jpg,1,4,4
RipDetSeg-416x34op8xlg.jpg,RipDetSeg-3yqem3pxftng.jpg,4,2,4
RipDetSeg-be28p8eorm75.jpg,RipDetSeg-d7be7jra8s9u.jpg,1,4,4
RipDetSeg-l1fpgl8z2khr.jpg,RipDetSeg-el78e98ps4ux.jpg,1,4,4
RipDetSeg-xpw1deb9h6vh.jpg,RipDetSeg-krptlg8eacek.jpg,4,0,4
RipDetSeg-pmd17226avtk.jpg,RipDetSeg-ww7w20282saq.jpg,4,2,4
RipDetSeg-bfi61nemth3r.jpg,RipDetSeg-mhz4my5h9i7f.jpg,4,4,4
RipDetSeg-l2n1acm2r5ri.jpg,RipDetSeg-thlhixygruh8.jpg,4,2,4
RipDetSeg-i1xqnunic6wn.jpg,RipDetSeg-rjooeusotl9b.jpg,4,2,4
RipDetSeg-xopc6q7qbykb.jpg,RipDetSeg-g847l79c2i3d.jpg,0,4,4
RipDetSeg-xo3a3asb11bz.jpg,RipDetSeg-68l7udnki2ij.jpg,0,4,4
RipDetSeg-pmw7i7ju44gx.jpg,RipDetSeg-l9yov79f2vry.jpg,0,4,4
RipDetSeg-pmye55im2n0j.jpg,RipDetSeg-0vq7kgbqw6tb.jpg,3,4,4
RipDetSeg-pnjohgn1yojh.jpg,RipDetSeg-5zce63kkzz53.jpg,2,4,4
RipDetSeg-alfdvufq815e.jpg,RipDetSeg-1zfja4k4jacm.jpg,4,4,4
RipDetSeg-hxt2qy286taa.jpg,RipDetSeg-a9be1bok2vxp.jpg,0,4,4
RipDetSeg-hxhz3zkcj07j.jpg,RipDetSeg-h1y16etyhula.jpg,4,0,4
RipDetSeg-445vh2rq7dj5.jpg,RipDetSeg-k7ze2fgiq9bi.jpg,0,4,4
RipDetSeg-albr121p3znd.jpg,RipDetSeg-w9tvekbdkguq.jpg,0,4,4
RipDetSeg-ajh2oynelzeh.jpg,RipDetSeg-iwlu78p4ifo2.jpg,4,4,4
RipDetSeg-bel57q6ozmq8.jpg,RipDetSeg-w2g2lyw0v4pi.jpg,0,4,4
RipDetSeg-l4udqu0gdywh.jpg,RipDetSeg-98ujh8bkw6zx.jpg,1,4,4
RipDetSeg-xpn9k11h0va9.jpg,RipDetSeg-a9b9nvyrxaze.jpg,4,2,4
RipDetSeg-4ok35fer5l7j.jpg,RipDetSeg-4b3qant7n9hd.jpg,1,4,4
RipDetSeg-4rbvllrymbvv.jpg,RipDetSeg-0f6lemtaseox.jpg,0,4,4
RipDetSeg-xc24bjlgx0yf.jpg,RipDetSeg-wh5e81tl1qhj.jpg,1,4,4
RipDetSeg-zenrpue1vdxo.jpg,RipDetSeg-3te9m52flr86.jpg,1,4,4
RipDetSeg-wzb3sw8ju5ff.jpg,RipDetSeg-lwq7uklzgtc0.jpg,4,2,4
RipDetSeg-bra8mu46jbiy.jpg,RipDetSeg-o8lidb5bw9ey.jpg,3,4,4
RipDetSeg-55uyfwi2jd7k.jpg,RipDetSeg-l7pbqsn0qe07.jpg,1,4,4
RipDetSeg-ab9vmamez7f5.jpg,RipDetSeg-olubj9joxquu.jpg,4,2,4
RipDetSeg-lgamaik3de9h.jpg,RipDetSeg-tfw86nfz5jyb.jpg,4,2,4
RipDetSeg-gu2oyzdliw4v.jpg,RipDetSeg-8v38pa8l3gzy.jpg,0,4,4
RipDetSeg-wwsniclfn3mt.jpg,RipDetSeg-nfmiilrsgjq6.jpg,3,4,4
RipDetSeg-ceg9g8a9z3l0.jpg,RipDetSeg-m0ii8a2nzj8s.jpg,4,0,4
RipDetSeg-nrvvkh85em73.jpg,RipDetSeg-3x59tvy8797c.jpg,3,4,4
RipDetSeg-gs3fo156n05y.jpg,RipDetSeg-01jwk0h8qss6.jpg,4,0,4
RipDetSeg-08mr6jkv2n9w.jpg,RipDetSeg-d8dltc2w2cfx.jpg,1,4,4
RipDetSeg-5ci5qoygmpv8.jpg,RipDetSeg-8zl2lu8cku4i.jpg,3,4,4
RipDetSeg-5davyp56o99t.jpg,RipDetSeg-2gpg65ol76ur.jpg,3,4,4
RipDetSeg-qh3vuzjmo5ng.jpg,RipDetSeg-6cnl4j6duis8.jpg,2,4,4
RipDetSeg-wv9rv8xjc4fh.jpg,RipDetSeg-aitqu3wmk68u.jpg,0,4,4
RipDetSeg-qhc7tetg6awf.jpg,RipDetSeg-pt99qdpnnixk.jpg,4,0,4
RipDetSeg-locdkb0kuyrz.jpg,RipDetSeg-353crpkrnry5.jpg,0,4,4
RipDetSeg-nqpy3v04r2ak.jpg,RipDetSeg-ilytu4wwp2lj.jpg,1,4,4
RipDetSeg-5fuvoub93hzj.jpg,RipDetSeg-4foyc0ocje1n.jpg,4,0,4
RipDetSeg-qi49wqtwgxwh.jpg,RipDetSeg-az3licmtc3fb.jpg,4,2,4
RipDetSeg-gko6wxcvhpo3.jpg,RipDetSeg-1zbqzthvb72t.jpg,2,4,4
RipDetSeg-bwwa0ih95g8n.jpg,RipDetSeg-cgblai7rj6xr.jpg,4,2,4
RipDetSeg-5itzr10czhig.jpg,RipDetSeg-3e9qacyj5u9k.jpg,0,4,4
RipDetSeg-5jboz17dhkbz.jpg,RipDetSeg-qg4wezd8jork.jpg,4,2,4
RipDetSeg-qkx6tx0gvn62.jpg,RipDetSeg-3cr1svivsjoy.jpg,4,2,4
RipDetSeg-5ku7a6egky0k.jpg,RipDetSeg-satdvfwmlpnv.jpg,0,4,4
RipDetSeg-gi0mjvssv59g.jpg,RipDetSeg-criu23oj43nz.jpg,1,4,4
RipDetSeg-qlr9r8ag8zgj.jpg,RipDetSeg-3zqyremi07d2.jpg,1,4,4
RipDetSeg-gwgg275yyt7r.jpg,RipDetSeg-eztdjanz0kfn.jpg,4,4,4
RipDetSeg-gzc5mwzug9ht.jpg,RipDetSeg-yzrrdkg1nviy.jpg,1,4,4
RipDetSeg-gznxi0a2e6qb.jpg,RipDetSeg-pi0frw9o684m.jpg,3,4,4
RipDetSeg-x15l8bkjx413.jpg,RipDetSeg-es4h5wpshvua.jpg,0,4,4
RipDetSeg-hgo67q9p94mv.jpg,RipDetSeg-68l7udnki2ij.jpg,0,4,4
RipDetSeg-n33aw2ot6p44.jpg,RipDetSeg-hoycoc89l4dd.jpg,3,4,4
RipDetSeg-heptaipudr3q.jpg,RipDetSeg-80xk6insthno.jpg,2,4,4
RipDetSeg-q32wyqqywbam.jpg,RipDetSeg-ddnwbvb9vk13.jpg,4,2,4
RipDetSeg-05ubupzp73p3.jpg,RipDetSeg-zo4x0ud68ezj.jpg,4,4,4
RipDetSeg-xufefufa7ze5.jpg,RipDetSeg-qmpicu5zzyl4.jpg,4,2,4
RipDetSeg-x9mm3ungw4ir.jpg,RipDetSeg-udfyvlycm35y.jpg,2,4,4
RipDetSeg-4s2h7rccmxp2.jpg,RipDetSeg-8zgcy37yfti8.jpg,3,4,4
RipDetSeg-1eajqkzhdjyc.jpg,RipDetSeg-tggr48rf8oa4.jpg,4,2,4
RipDetSeg-h8gtvw6t9vnz.jpg,RipDetSeg-0s0g0pau7ylf.jpg,4,0,4
RipDetSeg-h8ffw26m19nc.jpg,RipDetSeg-c1w3fcsdf5dc.jpg,1,4,4
RipDetSeg-h7u4hex36hbu.jpg,RipDetSeg-54kfer0psc6r.jpg,1,4,4
RipDetSeg-biqese9mwmmh.jpg,RipDetSeg-2jt6til6cl92.jpg,3,4,4
RipDetSeg-x7028o29464s.jpg,RipDetSeg-45vx0ydp7r5s.jpg,2,4,4
RipDetSeg-4os6x2b6prw2.jpg,RipDetSeg-906s9dd6qv73.jpg,2,4,4
RipDetSeg-af6bc5z9u815.jpg,RipDetSeg-fa0rgi5cexe5.jpg,0,4,4
RipDetSeg-q5wnxtufebv6.jpg,RipDetSeg-bnc4fe3fn0ip.jpg,4,2,4
RipDetSeg-zdn5bfhj38u9.jpg,RipDetSeg-czrct8ug0qiq.jpg,1,4,4
RipDetSeg-l9iliuxhmov9.jpg,RipDetSeg-a6y8fawsl5ld.jpg,4,0,4
RipDetSeg-h57bboqhworo.jpg,RipDetSeg-jg8gbgycdwsd.jpg,2,4,4
RipDetSeg-q74akcnca5d1.jpg,RipDetSeg-nv1bxczycezn.jpg,0,4,4
RipDetSeg-1cl50mm3f8zu.jpg,RipDetSeg-dv5ga18ze8fu.jpg,3,4,4
RipDetSeg-1c7kxel0pvg1.jpg,RipDetSeg-cr419h1mj3wc.jpg,0,4,4
RipDetSeg-ze269jbs2aqk.jpg,RipDetSeg-ilgi0adxryd5.jpg,3,4,4
RipDetSeg-4z69e8o4f80d.jpg,RipDetSeg-el592awh5pxv.jpg,4,0,4
RipDetSeg-bmq4h4f9telp.jpg,RipDetSeg-aw2ge7f112q9.jpg,4,2,4
RipDetSeg-tgrpk0ngz16z.jpg,RipDetSeg-1wcy76s3ntwm.jpg,2,4,4
RipDetSeg-51f2ti3psfow.jpg,RipDetSeg-7gyd8e29bkiw.jpg,4,4,4
RipDetSeg-lbt302gzszvy.jpg,RipDetSeg-nau1021nz7uy.jpg,4,0,4
RipDetSeg-gzsx78phx47f.jpg,RipDetSeg-bobg65apoh40.jpg,4,2,4
RipDetSeg-h6w4r4hs94wc.jpg,RipDetSeg-qltneja8puvw.jpg,4,0,4
RipDetSeg-xufnkoj17tpj.jpg,RipDetSeg-c502wjt8qrb9.jpg,0,4,4
RipDetSeg-o2aajqgpuiit.jpg,RipDetSeg-j34bqhhds9wx.jpg,4,0,4
RipDetSeg-i7y3s4zbkq67.jpg,RipDetSeg-e5gab1qkdjjf.jpg,2,4,4
RipDetSeg-klubpjjaql5a.jpg,RipDetSeg-duyno1a51729.jpg,2,4,4
RipDetSeg-atpuwqbdz9vt.jpg,RipDetSeg-74ou801g5adt.jpg,3,4,4
RipDetSeg-olr8ieo0ux7z.jpg,RipDetSeg-c3vdkacccmt8.jpg,3,4,4
RipDetSeg-u23eefu0ykv8.jpg,RipDetSeg-92qjsojzc35u.jpg,2,4,4
RipDetSeg-1r7qoeeka06r.jpg,RipDetSeg-bzjeonsvuwht.jpg,1,4,4
RipDetSeg-2o2aqmhtwu3i.jpg,RipDetSeg-74e7ceuvrjr5.jpg,0,4,4
RipDetSeg-o5xiyg42tz9h.jpg,RipDetSeg-49rqpy1gnku5.jpg,1,4,4
RipDetSeg-on9vf92dqcf7.jpg,RipDetSeg-2hqykvrzsnea.jpg,4,4,4
RipDetSeg-jwk03ac3pdoh.jpg,RipDetSeg-u2jrd5ipd5el.jpg,3,4,4
RipDetSeg-jwctzbax44wg.jpg,RipDetSeg-m0ii8a2nzj8s.jpg,4,0,4
RipDetSeg-yi2o57nmp0ya.jpg,RipDetSeg-5hw2iu3ddweg.jpg,4,2,4
RipDetSeg-yi26rro4y3hw.jpg,RipDetSeg-876x1kohu4ul.jpg,4,2,4
RipDetSeg-ontr0q1s4b2l.jpg,RipDetSeg-7rrotx8x3dhr.jpg,0,4,4
RipDetSeg-ko2eln9oitns.jpg,RipDetSeg-5qgg918bvfel.jpg,3,4,4
RipDetSeg-k04ofhylsldp.jpg,RipDetSeg-inmj3a6724vw.jpg,0,4,4
RipDetSeg-2qu90cwb0c4d.jpg,RipDetSeg-wm0vpp3rwfbx.jpg,4,0,4
RipDetSeg-yh5z3djyjged.jpg,RipDetSeg-lwq7uklzgtc0.jpg,3,4,4
RipDetSeg-ko57kxbcdy5c.jpg,RipDetSeg-sd1q6bzfknd7.jpg,1,4,4
RipDetSeg-o4veby30wdtt.jpg,RipDetSeg-4ioap8d85veh.jpg,4,4,4
RipDetSeg-2rbe4mhijjrk.jpg,RipDetSeg-q5z4lr7uvl4h.jpg,1,4,4
RipDetSeg-z2tdo3jps0fw.jpg,RipDetSeg-udj4hqbh7io0.jpg,2,4,4
RipDetSeg-jvlmxv71hes1.jpg,RipDetSeg-q4g8xaq0n3qs.jpg,4,2,4
RipDetSeg-u2cht8t7pai7.jpg,RipDetSeg-gpot2bb3d8s7.jpg,4,0,4
RipDetSeg-2u0l9d049u57.jpg,RipDetSeg-hq22i7mq3suw.jpg,1,4,4
RipDetSeg-jttcag1u5rxs.jpg,RipDetSeg-f32vcxcyrn5k.jpg,2,4,4
RipDetSeg-yec9lk3cvbp3.jpg,RipDetSeg-qltneja8puvw.jpg,4,0,4
RipDetSeg-jtsz3wcc046c.jpg,RipDetSeg-42tkn7wmlxzl.jpg,4,2,4
RipDetSeg-js3rmhkmkr7z.jpg,RipDetSeg-hvdzppe24i4y.jpg,3,4,4
RipDetSeg-atinggtrpb7s.jpg,RipDetSeg-2vthw98cq4gl.jpg,4,0,4
RipDetSeg-tt0ecw1xlcvl.jpg,RipDetSeg-u3aj8aklp5hn.jpg,2,4,4
RipDetSeg-yh82q6d3aaa9.jpg,RipDetSeg-zafuic6t2u6r.jpg,2,4,4
RipDetSeg-oq8aov6i5wge.jpg,RipDetSeg-f9dzg5ooex4o.jpg,0,4,4
RipDetSeg-kkrcevmlr5pu.jpg,RipDetSeg-6q5fhwqkpncf.jpg,2,4,4
RipDetSeg-oj88z7x22rwh.jpg,RipDetSeg-3xamrt8aslzk.jpg,4,2,4
RipDetSeg-1z69gpyz5ifx.jpg,RipDetSeg-ms2sgh25qsuu.jpg,1,4,4
RipDetSeg-20f8cv9g77ji.jpg,RipDetSeg-q9puyn5kv4dk.jpg,3,4,4
RipDetSeg-keabrhbmdz8g.jpg,RipDetSeg-yrjtfzpt2yt9.jpg,2,4,4
RipDetSeg-yw8dg5m8yn66.jpg,RipDetSeg-nrumrw5hki0g.jpg,3,4,4
RipDetSeg-tyykzrqrjjsp.jpg,RipDetSeg-8bhud73pixkk.jpg,4,4,4
RipDetSeg-ke899ehdcysm.jpg,RipDetSeg-acgl3bogdz39.jpg,4,0,4
RipDetSeg-kdib3ilhrp8x.jpg,RipDetSeg-0k7ovnlbsl3l.jpg,3,4,4
RipDetSeg-obpeohwkc8v7.jpg,RipDetSeg-r01swgacv4ec.jpg,4,2,4
RipDetSeg-ocyjbkyig2ck.jpg,RipDetSeg-v0l8l8vvrwfq.jpg,4,2,4
RipDetSeg-00uc30mws56c.jpg,RipDetSeg-4uhf3h3ldxdn.jpg,2,4,4
RipDetSeg-k9fegjtfqx5i.jpg,RipDetSeg-io3p9g11jwmr.jpg,3,4,4
RipDetSeg-k90nx0rdaizo.jpg,RipDetSeg-cj6frjaw63z1.jpg,0,4,4
RipDetSeg-ay9gxvqol9h8.jpg,RipDetSeg-jldjbloik9gx.jpg,0,4,4
RipDetSeg-k4zwebsnkrsm.jpg,RipDetSeg-9ebb2i1l047t.jpg,3,4,4
RipDetSeg-ojewtcdruv5r.jpg,RipDetSeg-s6r9d1ein292.jpg,2,4,4
RipDetSeg-twbwqksxjoa4.jpg,RipDetSeg-7109znhalor1.jpg,4,2,4
RipDetSeg-yrs6l5pgzu1m.jpg,RipDetSeg-4hm7e7bu4aqj.jpg,2,4,4
RipDetSeg-ofwlvjsgb9gl.jpg,RipDetSeg-0k7ovnlbsl3l.jpg,4,4,4
RipDetSeg-29wy0qh9iq8l.jpg,RipDetSeg-fa0rgi5cexe5.jpg,1,4,4
RipDetSeg-2afkf3rgmjf0.jpg,RipDetSeg-aitqu3wmk68u.jpg,0,4,4
RipDetSeg-2aogp8e89zw9.jpg,RipDetSeg-ipetxaeg81wt.jpg,3,4,4
RipDetSeg-axu2wyio0cjy.jpg,RipDetSeg-alayglwysjm2.jpg,2,4,4
RipDetSeg-2e63v6mkqqm0.jpg,RipDetSeg-m0lej2vr3r9t.jpg,2,4,4
RipDetSeg-av4i2yc8ii40.jpg,RipDetSeg-4e4hegu0c7wg.jpg,1,4,4
RipDetSeg-tv0a0wq37f08.jpg,RipDetSeg-x58z2uqyjq82.jpg,4,0,4
RipDetSeg-b1rafuni3iop.jpg,RipDetSeg-5sql48bilh3o.jpg,2,4,4
RipDetSeg-k2n4csgjgyml.jpg,RipDetSeg-of0r9b85j91s.jpg,2,4,4
RipDetSeg-oidibytto2t7.jpg,RipDetSeg-olubj9joxquu.jpg,4,2,4
RipDetSeg-k2d83qtxkigk.jpg,RipDetSeg-x5ofxbu9heop.jpg,2,4,4
RipDetSeg-ymtyogjtqah4.jpg,RipDetSeg-83wpn4l02f0y.jpg,2,4,4
RipDetSeg-ysgabbfo4mrx.jpg,RipDetSeg-kua9uqvli533.jpg,2,4,4
RipDetSeg-oqsiqxmjaju4.jpg,RipDetSeg-k8op2fhv5y4n.jpg,3,4,4
RipDetSeg-oqsxnwbq5xk6.jpg,RipDetSeg-6m00kpr1nms4.jpg,2,4,4
RipDetSeg-309ymx0n88i7.jpg,RipDetSeg-cep3bqwof4za.jpg,4,4,4
RipDetSeg-3f2vb3l1dxj4.jpg,RipDetSeg-lxmnp2wjwqdq.jpg,2,4,4
RipDetSeg-z5zpq6bq22a6.jpg,RipDetSeg-odko5x8palj2.jpg,4,0,4
RipDetSeg-1m4vt64ovnls.jpg,RipDetSeg-dg7t4d9be1y6.jpg,0,4,4
RipDetSeg-u49cj5p48ufn.jpg,RipDetSeg-romz9dg8rmwx.jpg,1,4,4
RipDetSeg-z6i8yooocuzn.jpg,RipDetSeg-4eys4lk3teds.jpg,3,4,4
RipDetSeg-ivmrli2wa6ma.jpg,RipDetSeg-72hsjo8m9s9z.jpg,4,0,4
RipDetSeg-iusldfln2mhx.jpg,RipDetSeg-bj7qbinbhvi5.jpg,3,4,4
RipDetSeg-y2ueanwbt1u6.jpg,RipDetSeg-je1z2ph487jo.jpg,2,4,4
RipDetSeg-itnq35zc30cx.jpg,RipDetSeg-o97bkr3wcj0a.jpg,2,4,4
RipDetSeg-p6alc1xwmt0j.jpg,RipDetSeg-qp3qrv2614dg.jpg,4,2,4
RipDetSeg-iqjqtzcbq70p.jpg,RipDetSeg-ylf193lot0w4.jpg,0,4,4
RipDetSeg-ipuw4ukuyqen.jpg,RipDetSeg-hfdn2ye661i8.jpg,4,4,4
RipDetSeg-bbvi2lfqgou3.jpg,RipDetSeg-ksx13jlebb6u.jpg,4,0,4
RipDetSeg-3my37j91j25e.jpg,RipDetSeg-vy01tczs6r32.jpg,3,4,4
RipDetSeg-y4izm1u5n8sc.jpg,RipDetSeg-0vhgfuwnpabd.jpg,2,4,4
RipDetSeg-3na2rsw45xqv.jpg,RipDetSeg-853krtker4or.jpg,0,4,4
RipDetSeg-3o0fezvktnd0.jpg,RipDetSeg-n9na9gx80hhw.jpg,0,4,4
RipDetSeg-pb290bn7cu70.jpg,RipDetSeg-qjfmlxd2dqj6.jpg,0,4,4
RipDetSeg-3pucuc408kj2.jpg,RipDetSeg-inmj3a6724vw.jpg,1,4,4
RipDetSeg-iic52i7rxm9w.jpg,RipDetSeg-36mf0uh1yoiz.jpg,4,2,4
RipDetSeg-ii1lyy6by8b7.jpg,RipDetSeg-i4kcoq9uemou.jpg,4,0,4
RipDetSeg-ihogyek5n09r.jpg,RipDetSeg-6h263xjaq9sa.jpg,4,0,4
RipDetSeg-bdkvlq7e7hdj.jpg,RipDetSeg-7yy1tumuednu.jpg,2,4,4
RipDetSeg-xxgo6le8bmvs.jpg,RipDetSeg-9yhbrjq1v3so.jpg,4,4,4
RipDetSeg-igsipsa7gx8m.jpg,RipDetSeg-wh1po1xp8z4c.jpg,0,4,4
RipDetSeg-qm870c2e9yv9.jpg,RipDetSeg-kb81d4ey0qtb.jpg,4,4,4
RipDetSeg-3u2y2yzm2r12.jpg,RipDetSeg-mqw2ubkndzlv.jpg,4,2,4
RipDetSeg-iauw045ju2jp.jpg,RipDetSeg-5k5azuglbezw.jpg,0,4,4
RipDetSeg-kuvd4g3691sl.jpg,RipDetSeg-92qjsojzc35u.jpg,3,4,4
RipDetSeg-pgbm61pnmyaa.jpg,RipDetSeg-z6fut6i6tosa.jpg,4,4,4
RipDetSeg-pas0n3yhs24d.jpg,RipDetSeg-cznc1zuqjmev.jpg,4,0,4
RipDetSeg-3eewjz5pnla9.jpg,RipDetSeg-sigy0xmfwy58.jpg,3,4,4
RipDetSeg-p3pcnjoidcw1.jpg,RipDetSeg-7qlp581zhmit.jpg,2,4,4
RipDetSeg-1m9vldvjde7l.jpg,RipDetSeg-fwuqlpxwo5oh.jpg,0,4,4
RipDetSeg-b4p23hks4hrm.jpg,RipDetSeg-8r6ob2yxflrm.jpg,2,4,4
RipDetSeg-o4p9z3ed46fz.jpg,RipDetSeg-ik0u2wum8ze9.jpg,4,4,4
RipDetSeg-z39fo5mgrqoc.jpg,RipDetSeg-kfip3cmqticy.jpg,4,0,4
RipDetSeg-321i8yqml05v.jpg,RipDetSeg-t81ojjssfjb3.jpg,4,2,4
RipDetSeg-o3xhkl71sxi6.jpg,RipDetSeg-65ojzuvp4sbn.jpg,4,2,4
RipDetSeg-jiszws74e32o.jpg,RipDetSeg-a6y8fawsl5ld.jpg,4,2,4
RipDetSeg-jic8tz6d057q.jpg,RipDetSeg-fa0rgi5cexe5.jpg,1,4,4
RipDetSeg-otutc3706ozb.jpg,RipDetSeg-qitbparroeke.jpg,3,4,4
RipDetSeg-1n2qexvcgj84.jpg,RipDetSeg-6wniuqcvgqiw.jpg,4,0,4
RipDetSeg-kpmpk07j4odf.jpg,RipDetSeg-ekkw1n05ll09.jpg,4,0,4
RipDetSeg-jfkfvvu6pda4.jpg,RipDetSeg-20neh9ykt5ol.jpg,4,4,4
RipDetSeg-341cdu3ztdun.jpg,RipDetSeg-43hh1fw9dh58.jpg,4,2,4
RipDetSeg-ovaob6qpmuto.jpg,RipDetSeg-9ue1e0dhninf.jpg,2,4,4
RipDetSeg-askni6db8p3e.jpg,RipDetSeg-ahdtw1lwzzxt.jpg,2,4,4
RipDetSeg-y9t3zpubtryh.jpg,RipDetSeg-0x0ljmulahag.jpg,4,2,4
RipDetSeg-jbpxk5mxsz1n.jpg,RipDetSeg-igepj3f6gp77.jpg,2,4,4
RipDetSeg-ox0dqjc8bu8z.jpg,RipDetSeg-wvs4np7bzw7z.jpg,4,4,4
RipDetSeg-3bnfkvvxyvxz.jpg,RipDetSeg-c0hjw1jx7q7f.jpg,1,4,4
RipDetSeg-p2rn96yljldk.jpg,RipDetSeg-bx5cvbgzc2e3.jpg,1,4,4
RipDetSeg-p2kqdmt5kn5b.jpg,RipDetSeg-v1tri9h8a0c5.jpg,0,4,4
RipDetSeg-izywawc8o6t1.jpg,RipDetSeg-7dh2zouj50xi.jpg,3,4,4
RipDetSeg-j4ru7jndz66r.jpg,RipDetSeg-ehp9mukxlvc1.jpg,3,4,4
RipDetSeg-j6i09txpyfxx.jpg,RipDetSeg-ilk1y46vzak7.jpg,4,4,4
RipDetSeg-pgzzr01k39hj.jpg,RipDetSeg-5mvc074p61tp.jpg,4,4,4
RipDetSeg-j6wpbr2es67s.jpg,RipDetSeg-bx42oyy991b4.jpg,0,4,4
RipDetSeg-ozqizksz5tbk.jpg,RipDetSeg-romz9dg8rmwx.jpg,2,4,4
RipDetSeg-y7d26z0bbep1.jpg,RipDetSeg-aqwr0hdp7c9b.jpg,4,0,4
RipDetSeg-388n2zotgd2l.jpg,RipDetSeg-f396n5gr02u7.jpg,3,4,4
RipDetSeg-1mv345qsiflf.jpg,RipDetSeg-rzir7m64yz1k.jpg,3,4,4
RipDetSeg-j8vaf0v31k04.jpg,RipDetSeg-06jhvyrb0e2a.jpg,0,4,4
RipDetSeg-j9d9xc4yic6t.jpg,RipDetSeg-t5ewwexgr53m.jpg,4,2,4
RipDetSeg-tqt8vwzdlhlo.jpg,RipDetSeg-n7h1f0g61bla.jpg,4,2,4
RipDetSeg-bz6ngry553a1.jpg,RipDetSeg-9oimi22upfk5.jpg,4,2,4
RipDetSeg-cerm2yqpcnwt.jpg,RipDetSeg-twpj02xaqz0d.jpg,2,4,4
RipDetSeg-53h5u6wnivj8.jpg,RipDetSeg-j2d205ge1wrs.jpg,4,2,4
RipDetSeg-ezks2344njmg.jpg,RipDetSeg-jpfy7h8uvln6.jpg,3,4,4
RipDetSeg-umscwxxpw60t.jpg,RipDetSeg-qqtrlc3ihr5w.jpg,3,4,4
RipDetSeg-vxa1tv2s0hzl.jpg,RipDetSeg-ai46447300wn.jpg,3,4,4
RipDetSeg-rk6g04ohk4ui.jpg,RipDetSeg-h1b33jorrf9l.jpg,4,2,4
RipDetSeg-c3ttzgiljx2g.jpg,RipDetSeg-xm5jb5h8iu98.jpg,0,4,4
RipDetSeg-se4s4pja58v6.jpg,RipDetSeg-d7nyhl6y6oui.jpg,3,4,4
RipDetSeg-78fwgihz50ez.jpg,RipDetSeg-1aa9b1nwlljl.jpg,3,4,4
RipDetSeg-dehpr6j9ezug.jpg,RipDetSeg-88lwwjc2rig9.jpg,4,0,4
RipDetSeg-v9hszcp7ftpg.jpg,RipDetSeg-mu7rtm97irau.jpg,1,4,4
RipDetSeg-dhot5xdy60qb.jpg,RipDetSeg-23uuz8fxz2nh.jpg,0,4,4
RipDetSeg-vut1lmt2m52h.jpg,RipDetSeg-03hstc2q5sua.jpg,0,4,4
RipDetSeg-v9ixlhfic4w4.jpg,RipDetSeg-cr419h1mj3wc.jpg,2,4,4
RipDetSeg-n963kfx5igcc.jpg,RipDetSeg-r3a0jzi1ognl.jpg,4,4,4
RipDetSeg-dip38ziwvpzu.jpg,RipDetSeg-fk7ugrzjik6j.jpg,4,0,4
RipDetSeg-et0hqvjwswbe.jpg,RipDetSeg-2mz9bpvurt8y.jpg,1,4,4
RipDetSeg-rlz2gjygtbtx.jpg,RipDetSeg-86duo15vehzn.jpg,2,4,4
RipDetSeg-7ahodmpi3e5o.jpg,RipDetSeg-06m338a24z2k.jpg,1,4,4
RipDetSeg-sc2bvx6yuigk.jpg,RipDetSeg-sd8mr5xxvhn1.jpg,1,4,4
RipDetSeg-t76sev1862a5.jpg,RipDetSeg-lqazingo966w.jpg,3,4,4
RipDetSeg-rmd82e08dieb.jpg,RipDetSeg-9ez2wvqcsobt.jpg,3,4,4
RipDetSeg-uu1cbbe8zoff.jpg,RipDetSeg-gg5bkjjfz59x.jpg,2,4,4
RipDetSeg-9xhdq2o5kh9g.jpg,RipDetSeg-z9f0gde85kwj.jpg,2,4,4
RipDetSeg-rngnobcv5zgn.jpg,RipDetSeg-tay2ld5xzzub.jpg,0,4,4
RipDetSeg-n690f1dizvkk.jpg,RipDetSeg-4pt8licy90wp.jpg,2,4,4
RipDetSeg-da9a0a4pqkuk.jpg,RipDetSeg-0fh3m6hyifbt.jpg,3,4,4
RipDetSeg-m6y14oxr4hnd.jpg,RipDetSeg-6mjqo0jputby.jpg,1,4,4
RipDetSeg-umjq1n6se0ax.jpg,RipDetSeg-cfeqh8jjo0r9.jpg,0,4,4
RipDetSeg-6s4j6l611wxb.jpg,RipDetSeg-bj0nzu66cd70.jpg,3,4,4
RipDetSeg-6sv8u4mthyqw.jpg,RipDetSeg-9jly0160skf1.jpg,3,4,4
RipDetSeg-8s395g5rr6ot.jpg,RipDetSeg-y9bz0rha5xwm.jpg,4,4,4
RipDetSeg-6tc6u9a7ae4u.jpg,RipDetSeg-r9q3cf1gscdi.jpg,1,4,4
RipDetSeg-8r9y5ur4tg0a.jpg,RipDetSeg-xu5hria39i17.jpg,4,4,4
RipDetSeg-rde9k3stmwrx.jpg,RipDetSeg-fd1y1crn4639.jpg,2,4,4
RipDetSeg-s4wdzug4cblf.jpg,RipDetSeg-wxvq9k3ag73p.jpg,4,2,4
RipDetSeg-6vh2diedcd7z.jpg,RipDetSeg-78wsu9ov5xrm.jpg,4,2,4
RipDetSeg-uue460w7zaig.jpg,RipDetSeg-t7kiq5lzpxbz.jpg,4,2,4
RipDetSeg-a2mfn39radhw.jpg,RipDetSeg-e7wb35y2qyh2.jpg,2,4,4
RipDetSeg-f6j1h5uoxegk.jpg,RipDetSeg-gnmxavrktq1r.jpg,4,2,4
RipDetSeg-c92hok0l3mgj.jpg,RipDetSeg-avw0v5fj4q76.jpg,4,4,4
RipDetSeg-a2js8rkni41p.jpg,RipDetSeg-yn6d8jbhgzek.jpg,3,4,4
RipDetSeg-rgdr5t2db9bu.jpg,RipDetSeg-i1ko4o4as1ei.jpg,2,4,4
RipDetSeg-f4hbo5bb5u5i.jpg,RipDetSeg-oe0pb2ck8aa0.jpg,3,4,4
RipDetSeg-rhg6b06tbhm2.jpg,RipDetSeg-hfdn2ye661i8.jpg,2,4,4
RipDetSeg-si4zsp4istuj.jpg,RipDetSeg-bhkux1q20c1g.jpg,1,4,4
RipDetSeg-0vwehpiy83yf.jpg,RipDetSeg-ttyogzzdneoe.jpg,3,4,4
RipDetSeg-vzb8lfbr6jpa.jpg,RipDetSeg-knmwfupiwyqj.jpg,1,4,4
RipDetSeg-a2drpnjwxigc.jpg,RipDetSeg-33gjwtdk3e7t.jpg,2,4,4
RipDetSeg-71hi17nzozdb.jpg,RipDetSeg-g6o4hifvivad.jpg,4,2,4
RipDetSeg-8obqr2jhfonh.jpg,RipDetSeg-6dpd4xk9ayvt.jpg,0,4,4
RipDetSeg-zn6kj6q8dv33.jpg,RipDetSeg-oqal7aw464ec.jpg,3,4,4
RipDetSeg-shzf63d331u2.jpg,RipDetSeg-rl977jagbpv3.jpg,0,4,4
RipDetSeg-siftbc5y8ym3.jpg,RipDetSeg-1r7lbxpmejyn.jpg,4,0,4
RipDetSeg-c52sf2cwxnd7.jpg,RipDetSeg-99122px5ih9u.jpg,1,4,4
RipDetSeg-a86iczdmp38p.jpg,RipDetSeg-6ujm8ughtgco.jpg,1,4,4
RipDetSeg-eoalpns4201b.jpg,RipDetSeg-5yt8m57okkiz.jpg,4,2,4
RipDetSeg-eburcymcjflb.jpg,RipDetSeg-iiwrcw50tumd.jpg,4,4,4
RipDetSeg-9rcf7pl2qoe0.jpg,RipDetSeg-1v89uzgtjuo4.jpg,0,4,4
RipDetSeg-7xacux2wbwmh.jpg,RipDetSeg-vxca87gyyjgk.jpg,4,2,4
RipDetSeg-eaa9obty6njb.jpg,RipDetSeg-c9fbe7dgj54d.jpg,3,4,4
RipDetSeg-vmxra65njonp.jpg,RipDetSeg-j34bqhhds9wx.jpg,4,0,4
RipDetSeg-nbnw5sadg6ih.jpg,RipDetSeg-vm6mngnv7qcb.jpg,2,4,4
RipDetSeg-0mck82suym2r.jpg,RipDetSeg-mf2xin6b8wc1.jpg,1,4,4
RipDetSeg-7ylhqmy78lkg.jpg,RipDetSeg-ej8bmgp5lmoq.jpg,4,2,4
RipDetSeg-e7ccjb8fnw47.jpg,RipDetSeg-l063bxm8x6km.jpg,3,4,4
RipDetSeg-t4ysyv0u5d2u.jpg,RipDetSeg-ybniyifxh2q9.jpg,1,4,4
RipDetSeg-0m703v1t5h3u.jpg,RipDetSeg-afpe31uf0cji.jpg,0,4,4
RipDetSeg-9vp9q3i26y9z.jpg,RipDetSeg-2yf79f6aq72k.jpg,0,4,4
RipDetSeg-zqcm99v24l83.jpg,RipDetSeg-pcc1lorqm01y.jpg,4,2,4
RipDetSeg-87qry499e5ec.jpg,RipDetSeg-d821ts41lyec.jpg,2,4,4
RipDetSeg-mf03uz1t2442.jpg,RipDetSeg-ezgvqugmfopv.jpg,1,4,4
RipDetSeg-80qxp2v3p6lb.jpg,RipDetSeg-i81347nhmcsk.jpg,1,4,4
RipDetSeg-dxcmpjhkx5ro.jpg,RipDetSeg-89wfidk435tl.jpg,1,4,4
RipDetSeg-c91frb9vvauv.jpg,RipDetSeg-3ydct554emc9.jpg,4,4,4
RipDetSeg-vjvqhnv3p08p.jpg,RipDetSeg-4pnbcascxfz0.jpg,3,4,4
RipDetSeg-vju5whauprws.jpg,RipDetSeg-fixeiko3dnuk.jpg,3,4,4
RipDetSeg-ncsg2an4tdrm.jpg,RipDetSeg-w9jzmn3ime3f.jpg,1,4,4
RipDetSeg-e0tzphlxjsdz.jpg,RipDetSeg-q5ylmt49tac9.jpg,0,4,4
RipDetSeg-853zi8shifp1.jpg,RipDetSeg-i6kpwt6blxgt.jpg,3,4,4
RipDetSeg-85d3vvge37qm.jpg,RipDetSeg-iucazg0o8i38.jpg,4,2,4
RipDetSeg-dwz0hmw7g2q5.jpg,RipDetSeg-351rcltx0hti.jpg,0,4,4
RipDetSeg-w39adxlxrlmm.jpg,RipDetSeg-pcc1lorqm01y.jpg,4,2,4
RipDetSeg-vnwea7lxx7l8.jpg,RipDetSeg-hhel1qew6g9k.jpg,4,2,4
RipDetSeg-8cy8atdfpg17.jpg,RipDetSeg-7u96zlvkqsvp.jpg,0,4,4
RipDetSeg-zqyghu3rt3rg.jpg,RipDetSeg-cj6frjaw63z1.jpg,2,4,4
RipDetSeg-eo0czlcr9rds.jpg,RipDetSeg-o8zi1wgo77s8.jpg,1,4,4
RipDetSeg-vrc2pxwsu7to.jpg,RipDetSeg-2hrdjwl03gdy.jpg,4,2,4
RipDetSeg-eny5g0pg8vyn.jpg,RipDetSeg-4kq7mdsnw7f5.jpg,3,4,4
RipDetSeg-t6fexk6ps2vg.jpg,RipDetSeg-cjkx0hzm0vox.jpg,1,4,4
RipDetSeg-t6cgivnqz8gh.jpg,RipDetSeg-kltww18rll23.jpg,4,0,4
RipDetSeg-ekmw4j6g1mtp.jpg,RipDetSeg-wcqzzw6i1426.jpg,1,4,4
RipDetSeg-dm6eq2eyg2cg.jpg,RipDetSeg-re1as2y8gsg9.jpg,3,4,4
RipDetSeg-dmkeyxkvomb0.jpg,RipDetSeg-9xwfzabmj9ez.jpg,4,4,4
RipDetSeg-8gt8qwtdyfoz.jpg,RipDetSeg-efliys40ltst.jpg,4,4,4
RipDetSeg-9qkvr97tafc0.jpg,RipDetSeg-12jvu15mps3p.jpg,4,0,4
RipDetSeg-rwa1h07oco83.jpg,RipDetSeg-2t2r5l0bq2lx.jpg,4,0,4
RipDetSeg-dnrijg7vo3hu.jpg,RipDetSeg-mdky7xsdj8w2.jpg,2,4,4
RipDetSeg-vdpxrl8iz2r2.jpg,RipDetSeg-44kqjof9klp4.jpg,2,4,4
RipDetSeg-eips4hycdk8h.jpg,RipDetSeg-vaob8upono8a.jpg,4,4,4
RipDetSeg-ehyltfij5zgd.jpg,RipDetSeg-dcxoi5b5opam.jpg,2,4,4
RipDetSeg-eglm94w7l9et.jpg,RipDetSeg-wsp3jl7wmyqd.jpg,4,4,4
RipDetSeg-dovuxblg0sqn.jpg,RipDetSeg-xea7vvms35ip.jpg,1,4,4
RipDetSeg-zuitybyjdotb.jpg,RipDetSeg-2is0zwumzlm8.jpg,4,0,4
RipDetSeg-usrn714bj30k.jpg,RipDetSeg-m8x59cg12z7q.jpg,0,4,4
RipDetSeg-s695llqahjue.jpg,RipDetSeg-7uyt7ueg1jq9.jpg,0,4,4
RipDetSeg-7q6n5wu3l3vv.jpg,RipDetSeg-notbt91ejeix.jpg,4,4,4
RipDetSeg-voat78go4kp8.jpg,RipDetSeg-z9jylffikj2x.jpg,2,4,4
RipDetSeg-rvv5d4l98yyg.jpg,RipDetSeg-f6vgxwwhs6xk.jpg,0,4,4
RipDetSeg-up637p3i3qyg.jpg,RipDetSeg-q1ddtwj0q5iw.jpg,3,4,4
RipDetSeg-6ryekqul0qnc.jpg,RipDetSeg-c015jxujnpf2.jpg,2,4,4
RipDetSeg-rdyng15rvcvt.jpg,RipDetSeg-2sh3shljfez2.jpg,0,4,4
RipDetSeg-fyp4d0qfw5sc.jpg,RipDetSeg-9h460ncoorz0.jpg,2,4,4
RipDetSeg-n4th19007b4j.jpg,RipDetSeg-c6r9wl9tkqrp.jpg,1,4,4
RipDetSeg-62b6qn6ah98u.jpg,RipDetSeg-8kw3lveegdb7.jpg,2,4,4
RipDetSeg-c0x2tu4je1gf.jpg,RipDetSeg-8yw61dc37kif.jpg,4,4,4
RipDetSeg-g22x55bgunhg.jpg,RipDetSeg-3oyw9adxnec2.jpg,1,4,4
RipDetSeg-swkij777t2l1.jpg,RipDetSeg-5dmozx12ov4h.jpg,0,4,4
RipDetSeg-wkti93kfiwd6.jpg,RipDetSeg-g8ti0mec91gy.jpg,2,4,4
RipDetSeg-wjucceyo8it7.jpg,RipDetSeg-n4rs7lvizmpt.jpg,3,4,4
RipDetSeg-t1x5quemk4wi.jpg,RipDetSeg-7qrqzkg62fb9.jpg,1,4,4
RipDetSeg-qwf1bghziulv.jpg,RipDetSeg-2o0w1z0ltnjt.jpg,4,2,4
RipDetSeg-mww3t1vopyqr.jpg,RipDetSeg-x58z2uqyjq82.jpg,4,2,4
RipDetSeg-n878qw9gyfld.jpg,RipDetSeg-301egx9siij3.jpg,2,4,4
RipDetSeg-wm0g3hizytk2.jpg,RipDetSeg-j8o9b9x76ysu.jpg,0,4,4
RipDetSeg-csjq5aeuexgd.jpg,RipDetSeg-cr419h1mj3wc.jpg,4,2,4
RipDetSeg-qxzd035rlhg7.jpg,RipDetSeg-hn0nbc7s228c.jpg,3,4,4
RipDetSeg-wi1prikt821b.jpg,RipDetSeg-viufu22ov209.jpg,3,4,4
RipDetSeg-cu6p2dkjisik.jpg,RipDetSeg-r147krapn753.jpg,3,4,4
RipDetSeg-64zehqgo3mwo.jpg,RipDetSeg-0pwh1od90duo.jpg,2,4,4
RipDetSeg-65f7bh84k4ad.jpg,RipDetSeg-ahfaiib2malg.jpg,4,2,4
RipDetSeg-c1c3119v6a2k.jpg,RipDetSeg-x4l874l3g0qd.jpg,1,4,4
RipDetSeg-t80qult9zgdh.jpg,RipDetSeg-c26rpz3vsgj6.jpg,4,2,4
RipDetSeg-zjir556qz29w.jpg,RipDetSeg-8esb2ne4j0vh.jpg,4,2,4
RipDetSeg-66aqzpjix3wr.jpg,RipDetSeg-8gooietucdbg.jpg,2,4,4
RipDetSeg-c1c56qedpznb.jpg,RipDetSeg-8cv030oq3zbg.jpg,1,4,4
RipDetSeg-99a8t5q9zni1.jpg,RipDetSeg-9f8abgzluikh.jpg,0,4,4
RipDetSeg-63unbwdisbmk.jpg,RipDetSeg-7ontx8v42t95.jpg,2,4,4
RipDetSeg-ful3cl3k5rxf.jpg,RipDetSeg-25pjz15ra7d8.jpg,2,4,4
RipDetSeg-6165ibqwfa0e.jpg,RipDetSeg-rodcav49ot69.jpg,0,4,4
RipDetSeg-g2ecb3y19s1d.jpg,RipDetSeg-0rgd097k62sg.jpg,3,4,4
RipDetSeg-gflc0qkq0jdc.jpg,RipDetSeg-y3acx4j4wd7l.jpg,0,4,4
RipDetSeg-5p04i028xhps.jpg,RipDetSeg-z2y6smzpma9t.jpg,4,2,4
RipDetSeg-ugktg7a8qn67.jpg,RipDetSeg-0sye6v7urwbc.jpg,3,4,4
RipDetSeg-cfkvtetmvls2.jpg,RipDetSeg-apgxpenzaxtz.jpg,4,2,4
RipDetSeg-0bwbltf7bryw.jpg,RipDetSeg-mj77g12638m1.jpg,1,4,4
RipDetSeg-lsmcku0j50vn.jpg,RipDetSeg-rqgrn2740lam.jpg,4,2,4
RipDetSeg-sxr3t0phonnd.jpg,RipDetSeg-7q3roguf00o7.jpg,2,4,4
RipDetSeg-zh35s4xfvjol.jpg,RipDetSeg-q7a7sovrv4ve.jpg,0,4,4
RipDetSeg-cgqcnuuqcdkk.jpg,RipDetSeg-fa0rgi5cexe5.jpg,1,4,4
RipDetSeg-wolhzpwpbjci.jpg,RipDetSeg-csk4rloqui8h.jpg,4,2,4
RipDetSeg-12k0ljfdhe97.jpg,RipDetSeg-cyctrsaeeyir.jpg,3,4,4
RipDetSeg-qu7ni35upxqo.jpg,RipDetSeg-bdlsa04dh1ph.jpg,2,4,4
RipDetSeg-9homlailurkf.jpg,RipDetSeg-ochznekxb32i.jpg,1,4,4
RipDetSeg-ga596bik93vg.jpg,RipDetSeg-690oml2w5xbi.jpg,1,4,4
RipDetSeg-uy1u8s2ht741.jpg,RipDetSeg-b497pcqe72e0.jpg,4,0,4
RipDetSeg-uy2rzrdhd06x.jpg,RipDetSeg-dal5y87fsj7y.jpg,1,4,4
RipDetSeg-ci6y559ib4kn.jpg,RipDetSeg-yqea8iwg19cm.jpg,4,2,4
RipDetSeg-g9m9rh822b8z.jpg,RipDetSeg-1omt2idoge2n.jpg,2,4,4
RipDetSeg-g93w01ohl27u.jpg,RipDetSeg-7ddgiv0u3c3h.jpg,4,2,4
RipDetSeg-zi8kzpmo87o4.jpg,RipDetSeg-0zeonyd9e91z.jpg,2,4,4
RipDetSeg-g6k5s8lbifkl.jpg,RipDetSeg-ebdcf4f3di9i.jpg,4,4,4
RipDetSeg-mx9ds8fw60xr.jpg,RipDetSeg-2k42ltjyk7a5.jpg,2,4,4
RipDetSeg-c03r5yonzbee.jpg,RipDetSeg-gyrotcsjo8j7.jpg,1,4,4
RipDetSeg-g3oxhz556z6n.jpg,RipDetSeg-c8bpppmxxtip.jpg,4,2,4
RipDetSeg-gbi2h1zq7xwe.jpg,RipDetSeg-zgv9ah3glyy7.jpg,2,4,4
RipDetSeg-66u5vsokz09f.jpg,RipDetSeg-1i0iyawhhjkq.jpg,1,4,4
RipDetSeg-85x92nsp41f8.jpg,RipDetSeg-0hfe35x3qero.jpg,2,4,4
RipDetSeg-0bk33swojxg1.jpg,RipDetSeg-l7e389sq0cwn.jpg,1,4,4
RipDetSeg-r5wvpx0md4m3.jpg,RipDetSeg-q2ie5bo1buwe.jpg,1,4,4
RipDetSeg-fb9lec2k8k95.jpg,RipDetSeg-dnahwkb2ffud.jpg,4,0,4
RipDetSeg-0ystn2ejglkm.jpg,RipDetSeg-vy01tczs6r32.jpg,1,4,4
RipDetSeg-sobqjfx7q59p.jpg,RipDetSeg-s5kc2b3d9eym.jpg,1,4,4
RipDetSeg-snqpo2mbc2v0.jpg,RipDetSeg-m7lztuoo3pw5.jpg,1,4,4
RipDetSeg-0y0rsz8v43db.jpg,RipDetSeg-c4o0k7d57i7w.jpg,2,4,4
RipDetSeg-6ghgo1ix5rde.jpg,RipDetSeg-i6a6fw87sl4i.jpg,3,4,4
RipDetSeg-r7zzzmaah688.jpg,RipDetSeg-h1y16etyhula.jpg,4,4,4
RipDetSeg-rcqyekaafb47.jpg,RipDetSeg-je1z2ph487jo.jpg,3,4,4
RipDetSeg-6gj5r1diwmfk.jpg,RipDetSeg-67ck7l5aqvmw.jpg,3,4,4
RipDetSeg-0anan2hnzxg5.jpg,RipDetSeg-t6cmkzcuidyg.jpg,4,2,4
RipDetSeg-0f1xvswrondc.jpg,RipDetSeg-jl529l64aln6.jpg,4,4,4
RipDetSeg-6hnlag3nb0md.jpg,RipDetSeg-cf965p50mo4c.jpg,0,4,4
RipDetSeg-v4v67vlsfgzx.jpg,RipDetSeg-gbs091lbbgo6.jpg,2,4,4
RipDetSeg-r81oqgaas9jz.jpg,RipDetSeg-nlgr41o968rj.jpg,4,2,4
RipDetSeg-m37lnvj6d13d.jpg,RipDetSeg-8v8p7ojrh5gr.jpg,4,2,4
RipDetSeg-fi8lqh0oa79q.jpg,RipDetSeg-e8i0fb9etlnk.jpg,4,2,4
RipDetSeg-fk3f8guqxdml.jpg,RipDetSeg-8v89mki8s0lc.jpg,1,4,4
RipDetSeg-w81gwgf9wkyp.jpg,RipDetSeg-9sxlktlbp8e0.jpg,1,4,4
RipDetSeg-d3aqhc3bx2kw.jpg,RipDetSeg-5ltuo01ndtoh.jpg,4,2,4
RipDetSeg-fjwp6zztqff6.jpg,RipDetSeg-a84s3cadr9uj.jpg,4,2,4
RipDetSeg-8z1w1hisr5nr.jpg,RipDetSeg-wv8kuzv9iz15.jpg,4,2,4
RipDetSeg-lxwxg3bb7blp.jpg,RipDetSeg-s7vbqr9u6nr8.jpg,3,4,4
RipDetSeg-6dxb8isjxhfk.jpg,RipDetSeg-wrr446krtlg5.jpg,1,4,4
RipDetSeg-skdoneycxel4.jpg,RipDetSeg-vtc8fh813e4b.jpg,2,4,4
RipDetSeg-ftcyvubcv59l.jpg,RipDetSeg-e9wxyboz8i54.jpg,4,4,4
RipDetSeg-t27chgy14q7m.jpg,RipDetSeg-5hkbd6ybmolf.jpg,4,4,4
RipDetSeg-spoq9bgb7kfk.jpg,RipDetSeg-wp49yaeddwtd.jpg,0,4,4
RipDetSeg-fquobphe8ivw.jpg,RipDetSeg-jpfy7h8uvln6.jpg,2,4,4
RipDetSeg-r2hpwi9eng2t.jpg,RipDetSeg-bwgzapnflwyv.jpg,4,2,4
RipDetSeg-6pbeg4tqi9az.jpg,RipDetSeg-8cssui50kshc.jpg,1,4,4
RipDetSeg-0fc9np03ukm0.jpg,RipDetSeg-to6rwjv286vi.jpg,1,4,4
RipDetSeg-r3fbdeodtmqw.jpg,RipDetSeg-2zvzw95bj93x.jpg,2,4,4
RipDetSeg-8uunbsy2rcgd.jpg,RipDetSeg-o5uo6t4f0z3j.jpg,2,4,4
RipDetSeg-d3t5d7kz5ls5.jpg,RipDetSeg-y8fh8w2eluac.jpg,4,4,4
RipDetSeg-nmyj6etqqzvn.jpg,RipDetSeg-taeipuylex4x.jpg,2,4,4
RipDetSeg-fplzm2p3995p.jpg,RipDetSeg-spuavgxi51vb.jpg,2,4,4
RipDetSeg-c1jo77z2x51w.jpg,RipDetSeg-dcxoi5b5opam.jpg,2,4,4
RipDetSeg-lx0ep99spenh.jpg,RipDetSeg-4ftxdsw22owp.jpg,0,4,4
RipDetSeg-wcfro11dz4vo.jpg,RipDetSeg-muc2s6u5il3f.jpg,2,4,4
RipDetSeg-lx41cprj2zg5.jpg,RipDetSeg-54ufg26um2pp.jpg,3,4,4
RipDetSeg-uk25fonpfp48.jpg,RipDetSeg-ehp9mukxlvc1.jpg,3,4,4
RipDetSeg-soizfsm9szx0.jpg,RipDetSeg-30v2rpbye1wt.jpg,1,4,4
RipDetSeg-czqurc61jwx3.jpg,RipDetSeg-h545ktr8ke9d.jpg,1,4,4
RipDetSeg-t8rimh7xhhid.jpg,RipDetSeg-4c3mpx9auucl.jpg,0,4,4
RipDetSeg-1xyfz20kbskg.jpg,RipDetSeg-c0ujinu0761q.jpg,5,2,5
RipDetSeg-jex3zf4rrdk4.jpg,RipDetSeg-w9yi0pdj3c42.jpg,5,2,5
RipDetSeg-v82daax6z4ee.jpg,RipDetSeg-rzpbt6uk8iex.jpg,5,4,5
RipDetSeg-skmdcvkhzxe9.jpg,RipDetSeg-hpmmdireki5m.jpg,5,4,5
RipDetSeg-b8uv4smdc5ec.jpg,RipDetSeg-g8ti0mec91gy.jpg,5,4,5
RipDetSeg-ogicqh9bpfzd.jpg,RipDetSeg-8ka0pv0bzsf4.jpg,5,0,5
RipDetSeg-9rk96vmnxgf2.jpg,RipDetSeg-75jvdfa3wd8d.jpg,5,2,5
RipDetSeg-2uawu25p5xiv.jpg,RipDetSeg-b70g9f4hp1ty.jpg,5,2,5
RipDetSeg-mobyzz3rufvz.jpg,RipDetSeg-dhbsi6haz3fd.jpg,5,4,5
RipDetSeg-op041rsc9159.jpg,RipDetSeg-ghb3swwz2m4k.jpg,5,2,5
RipDetSeg-2qvwcwq176d1.jpg,RipDetSeg-rd0mntapyfdl.jpg,5,2,5
RipDetSeg-sajw3wm62ged.jpg,RipDetSeg-2g4wwk5e2f55.jpg,5,2,5
RipDetSeg-ofsy9gwqxv6r.jpg,RipDetSeg-ugnegazqzum1.jpg,5,0,5
RipDetSeg-ye5w72vcc3ps.jpg,RipDetSeg-lnze2hf5nscg.jpg,5,2,5
RipDetSeg-s98wwvfmumgj.jpg,RipDetSeg-ht2e2mv4gi3u.jpg,5,0,5
RipDetSeg-yht6z2gs7i8t.jpg,RipDetSeg-uk99ysyqicq6.jpg,5,2,5
RipDetSeg-2z3qu500wand.jpg,RipDetSeg-4hbycf9hzsin.jpg,5,2,5
RipDetSeg-cpzjj9ss1rs9.jpg,RipDetSeg-x5xewmy8hdbh.jpg,5,4,5
RipDetSeg-drveazycwm0b.jpg,RipDetSeg-7cpdeje81app.jpg,5,0,5
RipDetSeg-2sud10vbckrf.jpg,RipDetSeg-ir5eaw1v49qd.jpg,5,2,5
RipDetSeg-swnkb9mshmje.jpg,RipDetSeg-rfwjaokw268v.jpg,5,2,5
RipDetSeg-cazpq38ksi0t.jpg,RipDetSeg-esdmr09jobtt.jpg,5,2,5
RipDetSeg-yyc9wt56ocbc.jpg,RipDetSeg-13utx6cvlxl8.jpg,5,0,5
RipDetSeg-jx8jrym975qi.jpg,RipDetSeg-sr1k65n0lmmd.jpg,5,0,5
RipDetSeg-1neqmw0ed7gv.jpg,RipDetSeg-2g4wwk5e2f55.jpg,5,2,5
RipDetSeg-8s98zrvix9ry.jpg,RipDetSeg-mye86lyw83kp.jpg,5,4,5
RipDetSeg-wr7i803hxtnp.jpg,RipDetSeg-2o0w1z0ltnjt.jpg,5,2,5
RipDetSeg-0v606l6sx2tk.jpg,RipDetSeg-n1qoox0zlm81.jpg,5,2,5
RipDetSeg-pyub6f79vdt3.jpg,RipDetSeg-ymu4jk48jiw3.jpg,5,2,5
RipDetSeg-hla64v9aaflh.jpg,RipDetSeg-jtmrj6jmn9fx.jpg,5,2,5
RipDetSeg-faa2ph03exj7.jpg,RipDetSeg-ee0z01799qds.jpg,5,4,5
RipDetSeg-zbbqvz5pgid0.jpg,RipDetSeg-em7qhvtpeton.jpg,5,0,5
RipDetSeg-w46xuk3wplz8.jpg,RipDetSeg-setoeu27td44.jpg,5,0,5
RipDetSeg-u8dfgnd3gyfh.jpg,RipDetSeg-qwp6gti3x2nn.jpg,5,2,5
RipDetSeg-47bu00hd44om.jpg,RipDetSeg-sryzjzqhlzby.jpg,5,2,5
RipDetSeg-f731viaagprv.jpg,RipDetSeg-d952u5djgo84.jpg,5,0,5
RipDetSeg-xlcc5jtysh3m.jpg,RipDetSeg-gby7v87yedwf.jpg,5,2,5
RipDetSeg-hwmwq50aados.jpg,RipDetSeg-207td3twvzd9.jpg,5,2,5
RipDetSeg-hxer5gihh6br.jpg,RipDetSeg-ez1yiz62brza.jpg,5,4,5
RipDetSeg-dznolnac8grb.jpg,RipDetSeg-y9bz0rha5xwm.jpg,5,4,5
RipDetSeg-f0rpx1je0ztb.jpg,RipDetSeg-x52dbvn6u28j.jpg,5,0,5
RipDetSeg-mv9p1agqcrbc.jpg,RipDetSeg-kyi2zgr3mn8l.jpg,5,4,5
RipDetSeg-euzrgpme7gb7.jpg,RipDetSeg-97uo9ly6qe4r.jpg,5,2,5
RipDetSeg-9zakefy1hv32.jpg,RipDetSeg-xxg03vgkph3y.jpg,5,2,5
RipDetSeg-i3mxzco18x8n.jpg,RipDetSeg-dcf2no01l466.jpg,5,4,5
RipDetSeg-ragpl4hevqow.jpg,RipDetSeg-c9i6ii1xsrhm.jpg,5,0,5
RipDetSeg-r8s3x3pzcjks.jpg,RipDetSeg-8rpn5cshnbe3.jpg,5,2,5
RipDetSeg-xbu1ppqcwty8.jpg,RipDetSeg-tnulpeofdtfk.jpg,5,2,5
RipDetSeg-l8odncw6yb9m.jpg,RipDetSeg-g8ti0mec91gy.jpg,5,2,5
RipDetSeg-bzp56bevu377.jpg,RipDetSeg-8xbdmfv7sujj.jpg,5,4,5
RipDetSeg-5q6opakrmtl2.jpg,RipDetSeg-t8ir9v5xw2ng.jpg,5,0,5
RipDetSeg-ufctapscxrmi.jpg,RipDetSeg-68exbkd9bs57.jpg,5,2,5
RipDetSeg-gjl7ir3hr84h.jpg,RipDetSeg-q3xfk0nlkohx.jpg,5,4,5
RipDetSeg-gbsga71zfxu5.jpg,RipDetSeg-t1jb8sqk6ucl.jpg,5,0,5
RipDetSeg-5e1xpdhnwtfx.jpg,RipDetSeg-g2ymubb3saa5.jpg,5,2,5
RipDetSeg-191zzfuzsfxw.jpg,RipDetSeg-83spi6hcxnwt.jpg,5,2,5
RipDetSeg-wyur2jns162q.jpg,RipDetSeg-3q7z9i5xrdm0.jpg,5,0,5
RipDetSeg-1j8suloipw4n.jpg,RipDetSeg-odw24w9dk7km.jpg,5,4,5
RipDetSeg-uinseyxgq85s.jpg,RipDetSeg-t31nv2sebiqu.jpg,5,0,5
RipDetSeg-h1hutb8vhfey.jpg,RipDetSeg-27dr5q7iya3q.jpg,5,4,5
RipDetSeg-087de52p6jhg.jpg,RipDetSeg-odko5x8palj2.jpg,5,2,5
RipDetSeg-fw2xoopthvfe.jpg,RipDetSeg-712q04uh8eap.jpg,5,2,5
RipDetSeg-fs0my14o14lk.jpg,RipDetSeg-wvmh5dby997f.jpg,5,2,5
RipDetSeg-frwo6zhvw5lw.jpg,RipDetSeg-oojnoo4o87wk.jpg,5,0,5
RipDetSeg-fonzpb1zs1n2.jpg,RipDetSeg-8vxoj77su6mr.jpg,5,2,5
RipDetSeg-nivp9c5o2aey.jpg,RipDetSeg-dindqqqlt4qn.jpg,5,2,5
RipDetSeg-nvf5mrb215dc.jpg,RipDetSeg-lvdmgo5xd5z4.jpg,5,4,5
RipDetSeg-twwqihj65022.jpg,RipDetSeg-45vx0ydp7r5s.jpg,5,0,5
RipDetSeg-vuml4uknea5w.jpg,RipDetSeg-98c1e3354rkm.jpg,5,0,5
RipDetSeg-7ef6dowv35fz.jpg,RipDetSeg-4wbu9vw0rd0k.jpg,5,2,5
RipDetSeg-eu8xlgvo16hz.jpg,RipDetSeg-3fuyascso040.jpg,5,2,5
RipDetSeg-3oi54a2esqe0.jpg,RipDetSeg-rrzg0nehgxfh.jpg,5,2,5
RipDetSeg-ekhjjyd142j7.jpg,RipDetSeg-ptruhvcd9nao.jpg,5,0,5
RipDetSeg-i4qdyokw81r0.jpg,RipDetSeg-3k8mwexznbmj.jpg,5,2,5
RipDetSeg-u5o1n68trq1d.jpg,RipDetSeg-8ati7wlge7t6.jpg,5,2,5
RipDetSeg-p93pea2d15fh.jpg,RipDetSeg-4se4mhly2tkv.jpg,5,0,5
RipDetSeg-ef0zt2pzjtu5.jpg,RipDetSeg-2c0ln451j7iy.jpg,5,2,5
RipDetSeg-p7h2wj0mtlls.jpg,RipDetSeg-1urgntoz6n1s.jpg,5,0,5
RipDetSeg-9vww8itb6pmj.jpg,RipDetSeg-02z7dbjhq546.jpg,5,2,5
RipDetSeg-c6ks7fqqgbwe.jpg,RipDetSeg-ybq0lzyv0kue.jpg,5,2,5
RipDetSeg-tpd1jv1xchcs.jpg,RipDetSeg-4g03j0niucwh.jpg,5,2,5
RipDetSeg-vm0nfiv4t93r.jpg,RipDetSeg-38ekbcp0oprz.jpg,5,0,5
RipDetSeg-p30zy1dlvuhi.jpg,RipDetSeg-tr6e76wz7krg.jpg,5,4,5
RipDetSeg-p13unxrtgm2h.jpg,RipDetSeg-92r6nr60lbiw.jpg,5,2,5
RipDetSeg-apz1obe56wea.jpg,RipDetSeg-fd1y1crn4639.jpg,5,2,5
RipDetSeg-p0hyh05uosns.jpg,RipDetSeg-jgajiepg29bu.jpg,5,2,5
RipDetSeg-39giohacomp5.jpg,RipDetSeg-5yjru3c44uy8.jpg,5,2,5
RipDetSeg-0kksgko03nhn.jpg,RipDetSeg-kltww18rll23.jpg,5,2,5
RipDetSeg-t4qv122590fw.jpg,RipDetSeg-xjizgxj11les.jpg,5,2,5
RipDetSeg-38uda6cypyq2.jpg,RipDetSeg-xb0oxji4mavp.jpg,5,4,5
RipDetSeg-zpvaiufdrb1k.jpg,RipDetSeg-2lq5ciyv17e6.jpg,5,2,5
RipDetSeg-e7xcjon6glko.jpg,RipDetSeg-xrnkn6fhw2kz.jpg,5,4,5
RipDetSeg-1lmnmcx1eg24.jpg,RipDetSeg-4gznpp5mhvkx.jpg,5,4,5
RipDetSeg-ilwiiohi2hv5.jpg,RipDetSeg-4a4ljxnb0ivs.jpg,5,0,5
RipDetSeg-bdbml8mokr3v.jpg,RipDetSeg-djh1t5wz1585.jpg,5,2,5
RipDetSeg-rrad0hq6c3cw.jpg,RipDetSeg-0ylqab0yzde4.jpg,5,2,5
RipDetSeg-7gmvcvk7id9w.jpg,RipDetSeg-7u6c8twk39vw.jpg,5,0,5
RipDetSeg-icxkb849xsqd.jpg,RipDetSeg-91cipqhkprkh.jpg,5,0,5
RipDetSeg-kuxwbqhtu92y.jpg,RipDetSeg-m50i54gy1cg0.jpg,5,2,5
RipDetSeg-pibx2sa57ibg.jpg,RipDetSeg-k4uy6rl9hrh2.jpg,5,4,5
RipDetSeg-3qtv6015p98m.jpg,RipDetSeg-t2q51wtiuw0n.jpg,5,4,5
RipDetSeg-7bb9202fdevo.jpg,RipDetSeg-3f1i3aoebfiq.jpg,5,4,5
RipDetSeg-elrrr2os0o1h.jpg,RipDetSeg-j2moiym2iw6c.jpg,5,2,5
RipDetSeg-1qbvwd1aw8ho.jpg,RipDetSeg-5ds15swo0ves.jpg,2,6,6
RipDetSeg-mtcvfbc5wb18.jpg,RipDetSeg-lqpg8authsuq.jpg,6,0,6
RipDetSeg-09awxkjthcnz.jpg,RipDetSeg-jv0spghkbif3.jpg,2,6,6
RipDetSeg-nqpvm7dx569z.jpg,RipDetSeg-ojendns4qf39.jpg,5,6,6
RipDetSeg-lj2i4im9dvgn.jpg,RipDetSeg-bika4f6qbcgq.jpg,3,6,6
RipDetSeg-mov3pppd6y42.jpg,RipDetSeg-42yfvdxl6sj1.jpg,6,2,6
RipDetSeg-l3zcc4l10g1e.jpg,RipDetSeg-4cgogb0wl8kh.jpg,6,6,6
RipDetSeg-kxdjzegpdug4.jpg,RipDetSeg-3st2t1n46sx3.jpg,2,6,6
RipDetSeg-nnabty3gmmrc.jpg,RipDetSeg-a5joswtykdnh.jpg,3,6,6
RipDetSeg-0cc8ujo4pe3m.jpg,RipDetSeg-6z2444h27o2s.jpg,6,0,6
RipDetSeg-ntz6sk9qkt71.jpg,RipDetSeg-rcsynvrgz0sh.jpg,6,4,6
RipDetSeg-ko3s1vko0vs9.jpg,RipDetSeg-ioj7uggjo2tf.jpg,6,4,6
RipDetSeg-mo96187xrugw.jpg,RipDetSeg-pp9m4y1ym23g.jpg,2,6,6
RipDetSeg-nnifdgslj6a3.jpg,RipDetSeg-us8vd1hd95a1.jpg,6,4,6
RipDetSeg-0odzosjig8oi.jpg,RipDetSeg-zuvd4xa5kd83.jpg,2,6,6
RipDetSeg-nb5890jm529q.jpg,RipDetSeg-0biu5bono6oj.jpg,3,6,6
RipDetSeg-00w4hix6ca8w.jpg,RipDetSeg-3uuza8iqh562.jpg,0,6,6
RipDetSeg-n63mmu571blo.jpg,RipDetSeg-6zwrj5e66r1l.jpg,3,6,6
RipDetSeg-nb659ojwg5ys.jpg,RipDetSeg-voff47p77tu6.jpg,2,6,6
RipDetSeg-nwep22jc802k.jpg,RipDetSeg-e1ys47ees01k.jpg,4,6,6
RipDetSeg-mqpuvsantrop.jpg,RipDetSeg-5hw2iu3ddweg.jpg,6,0,6
RipDetSeg-047kvt69kzpr.jpg,RipDetSeg-ia8kie52xmh3.jpg,6,6,6
RipDetSeg-kh4vafybyae4.jpg,RipDetSeg-814tscyb5h9w.jpg,6,4,6
RipDetSeg-1trvk2qlw1km.jpg,RipDetSeg-txho246fgpuw.jpg,6,6,6
RipDetSeg-m2y60gjtzdqt.jpg,RipDetSeg-npmlkcbm85ou.jpg,5,6,6
RipDetSeg-mzkbl95fqgba.jpg,RipDetSeg-5xr4v83ejh9u.jpg,5,6,6
RipDetSeg-1d6c9r84snm3.jpg,RipDetSeg-pi0frw9o684m.jpg,2,6,6
RipDetSeg-knqly5qzd8if.jpg,RipDetSeg-qbrwqo5zh7jn.jpg,6,0,6
RipDetSeg-lvcsizr3rsv5.jpg,RipDetSeg-5sabkncqgsmc.jpg,6,6,6
RipDetSeg-mcu7meczcud5.jpg,RipDetSeg-a0nxztwcw1hk.jpg,5,6,6
RipDetSeg-za3f7bsujf6t.jpg,RipDetSeg-nq8xhikl47pe.jpg,5,6,6
RipDetSeg-0kjiv8zg4he3.jpg,RipDetSeg-q8p9yscl6ex0.jpg,3,6,6
RipDetSeg-tymt6sa97win.jpg,RipDetSeg-0pujao1j3sp3.jpg,1,6,6
RipDetSeg-offft3l2bccd.jpg,RipDetSeg-tp32jdfia24l.jpg,2,6,6
RipDetSeg-794ziry4nvi5.jpg,RipDetSeg-tcdzk38sjczd.jpg,1,6,6
RipDetSeg-rlry1omqsl35.jpg,RipDetSeg-uul5fvi8hr7z.jpg,6,2,6
RipDetSeg-er2fsy49o5gi.jpg,RipDetSeg-tv20mml9cpu0.jpg,4,6,6
RipDetSeg-eq5ka9xghrn2.jpg,RipDetSeg-mcrhw1cg8rqm.jpg,4,6,6
RipDetSeg-rpywbc02ycx0.jpg,RipDetSeg-9i1jyk3v0po2.jpg,4,6,6
RipDetSeg-e9p8cpm8h8r9.jpg,RipDetSeg-sdunaiz0cx93.jpg,6,4,6
RipDetSeg-vl327oacn4i6.jpg,RipDetSeg-63lzy3ptxk50.jpg,6,4,6
RipDetSeg-784stfrabgh7.jpg,RipDetSeg-rib05wl5inwe.jpg,0,6,6
RipDetSeg-s052u7ubr5hp.jpg,RipDetSeg-2hrdjwl03gdy.jpg,6,0,6
RipDetSeg-s1u83l4mvm2n.jpg,RipDetSeg-7q3roguf00o7.jpg,3,6,6
RipDetSeg-dzxk2dsg440w.jpg,RipDetSeg-f9hucpb4a7ls.jpg,3,6,6
RipDetSeg-85vyockw935v.jpg,RipDetSeg-q8xe9k3r2al7.jpg,6,2,6
RipDetSeg-dyyef5bixku8.jpg,RipDetSeg-2tjt1zx4ssgg.jpg,1,6,6
RipDetSeg-s5lbfxk4kiu4.jpg,RipDetSeg-e67ffa77l54s.jpg,6,4,6
RipDetSeg-89srjgue1p42.jpg,RipDetSeg-ioc8fq6t35ys.jpg,4,6,6
RipDetSeg-dp56hss8anih.jpg,RipDetSeg-q8sqsbykivc0.jpg,3,6,6
RipDetSeg-s1u1le3ehp4x.jpg,RipDetSeg-reth6lqkh8d0.jpg,4,6,6
RipDetSeg-8giykw48mfqy.jpg,RipDetSeg-uyv5yifmxhgx.jpg,3,6,6
RipDetSeg-rjq7le97en4o.jpg,RipDetSeg-3esbistvigq9.jpg,2,6,6
RipDetSeg-vydjuf1trnw8.jpg,RipDetSeg-qlar5v35jf91.jpg,3,6,6
RipDetSeg-fy2kmtyh9dzd.jpg,RipDetSeg-fgsb0a50osbg.jpg,5,6,6
RipDetSeg-fuevyv0xld5r.jpg,RipDetSeg-7h9awlu4soqc.jpg,3,6,6
RipDetSeg-wcv16qua851r.jpg,RipDetSeg-jntb7zbevm02.jpg,5,6,6
RipDetSeg-6bxmwdfxmzga.jpg,RipDetSeg-32g3ki63gd5f.jpg,6,2,6
RipDetSeg-wbtm691bsz0z.jpg,RipDetSeg-0ls1w34eod66.jpg,6,6,6
RipDetSeg-r56ojuqdipkr.jpg,RipDetSeg-qqa7cq7ylf2e.jpg,1,6,6
RipDetSeg-6eqw5efugc42.jpg,RipDetSeg-sfju97vu77jl.jpg,6,4,6
RipDetSeg-754ly6f63vg3.jpg,RipDetSeg-c33ht1tvoyl2.jpg,0,6,6
RipDetSeg-6ezj7gns2tna.jpg,RipDetSeg-89mu6sg3zvr1.jpg,6,6,6
RipDetSeg-r6qxw5bwd55o.jpg,RipDetSeg-il4xg1996781.jpg,2,6,6
RipDetSeg-6l8dle0zrl9k.jpg,RipDetSeg-ar62c7ieqjrw.jpg,3,6,6
RipDetSeg-w4ux4nsooqs7.jpg,RipDetSeg-i2jgimrkazy1.jpg,6,4,6
RipDetSeg-6q3u0zdag42u.jpg,RipDetSeg-02ddy2ja1p2n.jpg,6,4,6
RipDetSeg-f6fk1kr46z52.jpg,RipDetSeg-suatrr58ukdt.jpg,1,6,6
RipDetSeg-6zrin0e1ez0y.jpg,RipDetSeg-nat879guf2qq.jpg,3,6,6
RipDetSeg-vz180n6zp0vr.jpg,RipDetSeg-7dt7jcrh3i2x.jpg,6,2,6
RipDetSeg-r65z7c5nvgbu.jpg,RipDetSeg-35ei62f1mhyg.jpg,3,6,6
RipDetSeg-g1l4ai17x0bn.jpg,RipDetSeg-je1z2ph487jo.jpg,0,6,6
RipDetSeg-dl1wsa3bldpk.jpg,RipDetSeg-wl5bcvza28g8.jpg,6,4,6
RipDetSeg-vax6ble34a9c.jpg,RipDetSeg-cx1icvlwzlcg.jpg,4,6,6
RipDetSeg-uk1xs8lggfgw.jpg,RipDetSeg-cu7nitsw5098.jpg,3,6,6
RipDetSeg-c17lziyfzr2w.jpg,RipDetSeg-71zqhxh5bkmz.jpg,6,0,6
RipDetSeg-a6dhkecs060v.jpg,RipDetSeg-sfsfp5o7li6a.jpg,6,2,6
RipDetSeg-a7vc6cnntndw.jpg,RipDetSeg-5713fdhsk6qh.jpg,5,6,6
RipDetSeg-a9wuk2g36lwe.jpg,RipDetSeg-9fy0ybtw0gac.jpg,4,6,6
RipDetSeg-bvmcx1m6bi2p.jpg,RipDetSeg-17tbdjo3jrv9.jpg,3,6,6
RipDetSeg-abot4wh02n20.jpg,RipDetSeg-xwt6ej4rv9fs.jpg,4,6,6
RipDetSeg-umr371pdgtux.jpg,RipDetSeg-h8cm3gw89uia.jpg,6,4,6
RipDetSeg-acyn4hs3f4v9.jpg,RipDetSeg-ptcnlr6m5mp3.jpg,3,6,6
RipDetSeg-bgkco57zvydd.jpg,RipDetSeg-gv7ou0751p85.jpg,6,0,6
RipDetSeg-bg0eimjrznsd.jpg,RipDetSeg-kltww18rll23.jpg,6,2,6
RipDetSeg-bfkjlijv1jas.jpg,RipDetSeg-4of9mutjwbbq.jpg,1,6,6
RipDetSeg-bdqqmh8ezqo5.jpg,RipDetSeg-ppxdwcxl03jt.jpg,6,2,6
RipDetSeg-u4bi95a5zn7z.jpg,RipDetSeg-5jb4lvl6l81p.jpg,2,6,6
RipDetSeg-b3kjdd6ssqmx.jpg,RipDetSeg-0zeonyd9e91z.jpg,2,6,6
RipDetSeg-ayd20sc7m2sr.jpg,RipDetSeg-ofwgsdsw9drv.jpg,1,6,6
RipDetSeg-uaqcuhoikvrx.jpg,RipDetSeg-klw2w5hbiyb1.jpg,6,6,6
RipDetSeg-8ixj42oc8x9e.jpg,RipDetSeg-60b08ndz05st.jpg,2,6,6
RipDetSeg-n1tebtkz5ogx.jpg,RipDetSeg-069moi4963zo.jpg,6,4,6
RipDetSeg-9ygwbx0ziol8.jpg,RipDetSeg-7r117msazivo.jpg,3,6,6
RipDetSeg-8k8i3qm5ce17.jpg,RipDetSeg-89cjh1ism0eq.jpg,1,6,6
RipDetSeg-ditru1qly1pj.jpg,RipDetSeg-rzfyo9o4oyol.jpg,0,6,6
RipDetSeg-8l51yhvdolfy.jpg,RipDetSeg-fm2x4s4lu7d7.jpg,6,4,6
RipDetSeg-shbkeravsyfw.jpg,RipDetSeg-hhel1qew6g9k.jpg,6,2,6
RipDetSeg-sj6ky7arnkv5.jpg,RipDetSeg-b56vn4jaakl3.jpg,4,6,6
RipDetSeg-8uicw6htvdvu.jpg,RipDetSeg-j7qeb5hykjpl.jpg,5,6,6
RipDetSeg-8ybr6mgfsx10.jpg,RipDetSeg-zgv9ah3glyy7.jpg,2,6,6
RipDetSeg-c4saf8cdur5e.jpg,RipDetSeg-ko3761kug66h.jpg,6,4,6
RipDetSeg-91fs3skeus7s.jpg,RipDetSeg-z9eqagzbtak4.jpg,3,6,6
RipDetSeg-v0f32imtc5bv.jpg,RipDetSeg-2rm8gzqu6479.jpg,5,6,6
RipDetSeg-cg4k3uzj63k0.jpg,RipDetSeg-gjqmxnl7e2lh.jpg,0,6,6
RipDetSeg-uvu597p5ya0l.jpg,RipDetSeg-3eiqzq832g5q.jpg,6,4,6
RipDetSeg-9lr4d50ot5ue.jpg,RipDetSeg-ikr9jlexw84l.jpg,4,6,6
RipDetSeg-ccplyvq8riqr.jpg,RipDetSeg-9t33fezwr38r.jpg,2,6,6
RipDetSeg-c9p1fbn42e0n.jpg,RipDetSeg-7q3roguf00o7.jpg,4,6,6
RipDetSeg-c5ccnukta81k.jpg,RipDetSeg-ugusrtl6if3t.jpg,6,6,6
RipDetSeg-sr521no2qn3b.jpg,RipDetSeg-jxc09e2wsh5j.jpg,5,6,6
RipDetSeg-kcjmp8npvmma.jpg,RipDetSeg-bejnpqpt0d5g.jpg,6,4,6
RipDetSeg-622to6xgp7qn.jpg,RipDetSeg-a5j6ba1veza3.jpg,1,6,6
RipDetSeg-g9ucoqyqh9oq.jpg,RipDetSeg-ubxypk8d3c7m.jpg,6,0,6
RipDetSeg-jhxexfy26svr.jpg,RipDetSeg-m1yhq9jxpdov.jpg,4,6,6
RipDetSeg-yb7gulqi1dt2.jpg,RipDetSeg-0f3s5fzo5j6n.jpg,6,0,6
RipDetSeg-jg6nv0uqhsay.jpg,RipDetSeg-oesufv28cgu9.jpg,6,2,6
RipDetSeg-ovyzxfm19gr7.jpg,RipDetSeg-o5l3s9flnx3m.jpg,2,6,6
RipDetSeg-ozie2hxpyu05.jpg,RipDetSeg-iu11nb75y1z3.jpg,3,6,6
RipDetSeg-y79ow4l7n8h2.jpg,RipDetSeg-k0mjws576e1d.jpg,5,6,6
RipDetSeg-3du4buns850d.jpg,RipDetSeg-17tbdjo3jrv9.jpg,4,6,6
RipDetSeg-jk43az5900xi.jpg,RipDetSeg-cl0q8k3o2nm7.jpg,6,4,6
RipDetSeg-y3x1m7k3ngdg.jpg,RipDetSeg-pou0bch3ie91.jpg,0,6,6
RipDetSeg-p46hqpod1v2l.jpg,RipDetSeg-wybnxntdsj0t.jpg,2,6,6
RipDetSeg-ilfk2a0zj4hc.jpg,RipDetSeg-8rpn5cshnbe3.jpg,5,6,6
RipDetSeg-3p751kfj8o8l.jpg,RipDetSeg-2ydpn1156lu2.jpg,1,6,6
RipDetSeg-ijn9mw21euvr.jpg,RipDetSeg-u2jrd5ipd5el.jpg,6,2,6
RipDetSeg-3tvujnklu11y.jpg,RipDetSeg-emz6byc0vxx7.jpg,2,6,6
RipDetSeg-3umm3z6rahbd.jpg,RipDetSeg-4dk8aow2rhgt.jpg,6,2,6
RipDetSeg-xunt2krpmwjm.jpg,RipDetSeg-3pnqtg3y7rx5.jpg,6,4,6
RipDetSeg-y3sy24nyqnfb.jpg,RipDetSeg-gsijgbuzm9ml.jpg,2,6,6
RipDetSeg-i596iajafi52.jpg,RipDetSeg-bg29qq3y7s44.jpg,6,0,6
RipDetSeg-jl23qme9y8w9.jpg,RipDetSeg-qr2zgqpvmnch.jpg,3,6,6
RipDetSeg-2s8kqmxarlc2.jpg,RipDetSeg-rd6k4jwsjqcn.jpg,2,6,6
RipDetSeg-ysgoiwqlmc7m.jpg,RipDetSeg-oo0647pirwvd.jpg,6,4,6
RipDetSeg-og60j49bgf88.jpg,RipDetSeg-k0mjws576e1d.jpg,6,6,6
RipDetSeg-2du0nwt536bj.jpg,RipDetSeg-lgkbrp8ewkq7.jpg,2,6,6
RipDetSeg-2fzd7ncofxlq.jpg,RipDetSeg-4usoc9gbaksf.jpg,6,2,6
RipDetSeg-ymvuwom57mcg.jpg,RipDetSeg-vpr449f91rel.jpg,2,6,6
RipDetSeg-ojr6mqepw1cm.jpg,RipDetSeg-bsdsygegffvn.jpg,3,6,6
RipDetSeg-yk52kroq3f2l.jpg,RipDetSeg-cyctrsaeeyir.jpg,3,6,6
RipDetSeg-yc982qkg0jg7.jpg,RipDetSeg-4yvgfzf91u5m.jpg,6,2,6
RipDetSeg-2nf41dzp1xam.jpg,RipDetSeg-ilk1y46vzak7.jpg,6,6,6
RipDetSeg-yjo7mxsi8vmg.jpg,RipDetSeg-recn7kg8m1x9.jpg,6,2,6
RipDetSeg-2oxtzmmg6sst.jpg,RipDetSeg-0jhrq9mahrx0.jpg,0,6,6
RipDetSeg-yhrqmoaboae6.jpg,RipDetSeg-5k5azuglbezw.jpg,0,6,6
RipDetSeg-ooi1twvvmuk0.jpg,RipDetSeg-3wse4nyf1y0r.jpg,6,4,6
RipDetSeg-jw5z7772rjhj.jpg,RipDetSeg-vb5epjbwy7xm.jpg,6,6,6
RipDetSeg-2r19v6rh460s.jpg,RipDetSeg-0hpcrzxria82.jpg,6,6,6
RipDetSeg-2r22z06x10tt.jpg,RipDetSeg-jv0spghkbif3.jpg,6,2,6
RipDetSeg-2nvbv2x3ktfr.jpg,RipDetSeg-vrt6ssh0s3t3.jpg,6,2,6
RipDetSeg-g8uqeoa8o68f.jpg,RipDetSeg-eq7h8wvky0sg.jpg,0,6,6
RipDetSeg-40dw95m7v6be.jpg,RipDetSeg-5pz1hzv2auh4.jpg,6,0,6
RipDetSeg-427fx2vbv8xk.jpg,RipDetSeg-gb1bg1bn7h07.jpg,1,6,6
RipDetSeg-q9zyrc1mluzd.jpg,RipDetSeg-h9da0x7axf4u.jpg,6,2,6
RipDetSeg-gw18rlsd0r06.jpg,RipDetSeg-ck9l35mipxh5.jpg,6,4,6
RipDetSeg-gvrxepx957xq.jpg,RipDetSeg-bdqrudq0e21s.jpg,5,6,6
RipDetSeg-qd1qa15h9tch.jpg,RipDetSeg-d6sxuars2fzx.jpg,6,6,6
RipDetSeg-qdc2qxxmqptp.jpg,RipDetSeg-br2i5scvs67z.jpg,6,2,6
RipDetSeg-qdjqi1ovc6wl.jpg,RipDetSeg-rqgrn2740lam.jpg,5,6,6
RipDetSeg-gssqxm9cusan.jpg,RipDetSeg-400jt3vyz0nn.jpg,5,6,6
RipDetSeg-q9dspsj1ab39.jpg,RipDetSeg-9mmdzj7x30t8.jpg,3,6,6
RipDetSeg-gq6ohg9othrr.jpg,RipDetSeg-58xeg9utf3tt.jpg,6,4,6
RipDetSeg-5enpgjt0hpbb.jpg,RipDetSeg-xnyxvnayip89.jpg,1,6,6
RipDetSeg-5iy7cbz8v9d4.jpg,RipDetSeg-814tscyb5h9w.jpg,4,6,6
RipDetSeg-wrh6ukijosmc.jpg,RipDetSeg-nu5hdkp0jyoc.jpg,4,6,6
RipDetSeg-qn6v5ls4la7y.jpg,RipDetSeg-u0khdggiei71.jpg,6,2,6
RipDetSeg-gdjm04pbk9at.jpg,RipDetSeg-1v89uzgtjuo4.jpg,0,6,6
RipDetSeg-wpvn969tj3a1.jpg,RipDetSeg-djk5ok4snxm4.jpg,6,2,6
RipDetSeg-gdfkccvd47v5.jpg,RipDetSeg-wzt1rrscbwk8.jpg,6,0,6
RipDetSeg-gom75izei0z0.jpg,RipDetSeg-8598opm440cr.jpg,6,4,6
RipDetSeg-plr9p88qc1hb.jpg,RipDetSeg-bbhhhlfqmrsp.jpg,1,6,6
RipDetSeg-q7wo2hwxgzwn.jpg,RipDetSeg-ct8anpz2aphq.jpg,6,2,6
RipDetSeg-x4tmd88yxovo.jpg,RipDetSeg-h875i12ytpnl.jpg,4,6,6
RipDetSeg-42xir96xzypb.jpg,RipDetSeg-0bw96y3jbbkl.jpg,6,4,6
RipDetSeg-458g9jwkm6dr.jpg,RipDetSeg-2u0jr636lsco.jpg,6,4,6
RipDetSeg-47ywezsuhfve.jpg,RipDetSeg-025l19jpws26.jpg,1,6,6
RipDetSeg-48ft9egw610f.jpg,RipDetSeg-686q6e8exsl0.jpg,5,6,6
RipDetSeg-4eqr1t2yhxuz.jpg,RipDetSeg-64mklqy6s0pd.jpg,2,6,6
RipDetSeg-4hd71n0r9ieq.jpg,RipDetSeg-ig9zhqy6oftp.jpg,6,0,6
RipDetSeg-4nc2dulxjnx8.jpg,RipDetSeg-p23a1fhnjhes.jpg,0,6,6
RipDetSeg-x46t9cuehzat.jpg,RipDetSeg-2o0w1z0ltnjt.jpg,5,6,6
RipDetSeg-hhf5jzdhep6w.jpg,RipDetSeg-0g9d51jul8r8.jpg,6,6,6
RipDetSeg-4q2zq1lm9g7u.jpg,RipDetSeg-ivj7r5eidkye.jpg,1,6,6
RipDetSeg-4q49qnstgyvq.jpg,RipDetSeg-afqng8qenv8d.jpg,6,6,6
RipDetSeg-4snadm18rn04.jpg,RipDetSeg-ydfah1hfixbd.jpg,2,6,6
RipDetSeg-q5bviufeqkol.jpg,RipDetSeg-8yw61dc37kif.jpg,5,6,6
RipDetSeg-x5s98t9liarw.jpg,RipDetSeg-hv748exyjl2g.jpg,6,2,6
RipDetSeg-q62855vortpu.jpg,RipDetSeg-25pjz15ra7d8.jpg,2,6,6
RipDetSeg-x5ajrlgoyxny.jpg,RipDetSeg-n1qoox0zlm81.jpg,6,0,6
RipDetSeg-4put99np7n2u.jpg,RipDetSeg-fts9s6lv060d.jpg,6,4,6
RipDetSeg-c2vie6upwe4w.jpg,RipDetSeg-rhlz4ytqw003.jpg,2,6,6
